2025-06-24 17:24:21,657 - tadGANs - INFO - Using device: cuda
2025-06-24 17:24:21,658 - tadGANs - INFO - Found 1 Excel files: ['oil_1day.xlsx']
2025-06-24 17:24:21,844 - tadGANs - WARNING - No recognizable signal column found in oil_1day.xlsx. Using first column.
2025-06-24 17:24:21,851 - tadGANs - INFO - Converted oil_1day.xlsx to csv_data/oil_1day.csv
2025-06-24 17:24:21,851 - tadGANs - INFO - Processing csv_data/oil_1day.csv
2025-06-24 17:24:21,867 - tadGANs - INFO - Training new models
2025-06-24 17:24:22,864 - tadGANs - INFO - Starting training
2025-06-24 17:24:26,545 - tadGANs - INFO - Epoch 1/1000 - Time: 3.41s - Loss: critic_x=-0.0108, critic_z=5.1952, encoder=1.1005, decoder=1.1019
2025-06-24 17:24:29,522 - tadGANs - INFO - Epoch 2/1000 - Time: 2.98s - Loss: critic_x=-0.1497, critic_z=4.9479, encoder=1.0874, decoder=1.1025
2025-06-24 17:24:32,465 - tadGANs - INFO - Epoch 3/1000 - Time: 2.94s - Loss: critic_x=-0.2314, critic_z=4.6852, encoder=1.0698, decoder=1.1015
2025-06-24 17:24:35,471 - tadGANs - INFO - Epoch 4/1000 - Time: 3.01s - Loss: critic_x=-0.3126, critic_z=4.4147, encoder=1.0546, decoder=1.1047
2025-06-24 17:24:38,396 - tadGANs - INFO - Epoch 5/1000 - Time: 2.92s - Loss: critic_x=-0.3952, critic_z=4.1350, encoder=1.0353, decoder=1.1063
2025-06-24 17:24:41,315 - tadGANs - INFO - Epoch 6/1000 - Time: 2.92s - Loss: critic_x=-0.4758, critic_z=3.8620, encoder=1.0101, decoder=1.1056
2025-06-24 17:24:44,209 - tadGANs - INFO - Epoch 7/1000 - Time: 2.89s - Loss: critic_x=-0.5523, critic_z=3.5685, encoder=0.9863, decoder=1.1101
2025-06-24 17:24:47,200 - tadGANs - INFO - Epoch 8/1000 - Time: 2.99s - Loss: critic_x=-0.6260, critic_z=3.2866, encoder=0.9497, decoder=1.1071
2025-06-24 17:24:50,237 - tadGANs - INFO - Epoch 9/1000 - Time: 3.04s - Loss: critic_x=-0.6909, critic_z=2.9749, encoder=0.9083, decoder=1.1067
2025-06-24 17:24:53,305 - tadGANs - INFO - Epoch 10/1000 - Time: 3.07s - Loss: critic_x=-0.7503, critic_z=2.6554, encoder=0.8620, decoder=1.1108
2025-06-24 17:24:53,321 - tadGANs - INFO - Models saved at epoch 10
2025-06-24 17:24:56,439 - tadGANs - INFO - Epoch 11/1000 - Time: 3.12s - Loss: critic_x=-0.8020, critic_z=2.3606, encoder=0.8013, decoder=1.1092
2025-06-24 17:24:59,445 - tadGANs - INFO - Epoch 12/1000 - Time: 3.01s - Loss: critic_x=-0.8413, critic_z=2.0261, encoder=0.7310, decoder=1.1077
2025-06-24 17:25:02,441 - tadGANs - INFO - Epoch 13/1000 - Time: 3.00s - Loss: critic_x=-0.8734, critic_z=1.7149, encoder=0.6534, decoder=1.1131
2025-06-24 17:25:05,514 - tadGANs - INFO - Epoch 14/1000 - Time: 3.07s - Loss: critic_x=-0.9001, critic_z=1.3836, encoder=0.5525, decoder=1.1066
2025-06-24 17:25:08,575 - tadGANs - INFO - Epoch 15/1000 - Time: 3.06s - Loss: critic_x=-0.9198, critic_z=1.0802, encoder=0.4425, decoder=1.1082
2025-06-24 17:25:11,640 - tadGANs - INFO - Epoch 16/1000 - Time: 3.06s - Loss: critic_x=-0.9381, critic_z=0.7390, encoder=0.3145, decoder=1.1098
2025-06-24 17:25:14,606 - tadGANs - INFO - Epoch 17/1000 - Time: 2.97s - Loss: critic_x=-0.9498, critic_z=0.4006, encoder=0.1672, decoder=1.1098
2025-06-24 17:25:17,591 - tadGANs - INFO - Epoch 18/1000 - Time: 2.98s - Loss: critic_x=-0.9578, critic_z=0.0677, encoder=0.0032, decoder=1.1125
2025-06-24 17:25:20,617 - tadGANs - INFO - Epoch 19/1000 - Time: 3.03s - Loss: critic_x=-0.9639, critic_z=-0.2803, encoder=-0.1840, decoder=1.1112
2025-06-24 17:25:23,665 - tadGANs - INFO - Epoch 20/1000 - Time: 3.05s - Loss: critic_x=-0.9690, critic_z=-0.6231, encoder=-0.3929, decoder=1.1080
2025-06-24 17:25:23,681 - tadGANs - INFO - Models saved at epoch 20
2025-06-24 17:25:26,728 - tadGANs - INFO - Epoch 21/1000 - Time: 3.05s - Loss: critic_x=-0.9721, critic_z=-0.9880, encoder=-0.6211, decoder=1.1079
2025-06-24 17:25:29,802 - tadGANs - INFO - Epoch 22/1000 - Time: 3.07s - Loss: critic_x=-0.9745, critic_z=-1.3493, encoder=-0.8654, decoder=1.1080
2025-06-24 17:25:32,805 - tadGANs - INFO - Epoch 23/1000 - Time: 3.00s - Loss: critic_x=-0.9760, critic_z=-1.6865, encoder=-1.1341, decoder=1.1032
2025-06-24 17:25:35,845 - tadGANs - INFO - Epoch 24/1000 - Time: 3.04s - Loss: critic_x=-0.9748, critic_z=-2.0623, encoder=-1.4192, decoder=1.1080
2025-06-24 17:25:38,895 - tadGANs - INFO - Epoch 25/1000 - Time: 3.05s - Loss: critic_x=-0.9759, critic_z=-2.4367, encoder=-1.7254, decoder=1.1076
2025-06-24 17:25:41,926 - tadGANs - INFO - Epoch 26/1000 - Time: 3.03s - Loss: critic_x=-0.9766, critic_z=-2.7870, encoder=-2.0562, decoder=1.1069
2025-06-24 17:25:44,977 - tadGANs - INFO - Epoch 27/1000 - Time: 3.05s - Loss: critic_x=-0.9750, critic_z=-3.1615, encoder=-2.4016, decoder=1.1021
2025-06-24 17:25:47,945 - tadGANs - INFO - Epoch 28/1000 - Time: 2.97s - Loss: critic_x=-0.9742, critic_z=-3.5278, encoder=-2.7642, decoder=1.1046
2025-06-24 17:25:50,987 - tadGANs - INFO - Epoch 29/1000 - Time: 3.04s - Loss: critic_x=-0.9751, critic_z=-3.9071, encoder=-3.1448, decoder=1.1005
2025-06-24 17:25:53,993 - tadGANs - INFO - Epoch 30/1000 - Time: 3.01s - Loss: critic_x=-0.9721, critic_z=-4.2575, encoder=-3.5513, decoder=1.0974
2025-06-24 17:25:54,006 - tadGANs - INFO - Models saved at epoch 30
2025-06-24 17:25:57,053 - tadGANs - INFO - Epoch 31/1000 - Time: 3.05s - Loss: critic_x=-0.9717, critic_z=-4.6697, encoder=-3.9595, decoder=1.0906
2025-06-24 17:26:00,041 - tadGANs - INFO - Epoch 32/1000 - Time: 2.99s - Loss: critic_x=-0.9694, critic_z=-5.0563, encoder=-4.3961, decoder=1.0927
2025-06-24 17:26:03,030 - tadGANs - INFO - Epoch 33/1000 - Time: 2.99s - Loss: critic_x=-0.9605, critic_z=-5.4544, encoder=-4.8340, decoder=1.0836
2025-06-24 17:26:06,096 - tadGANs - INFO - Epoch 34/1000 - Time: 3.07s - Loss: critic_x=-0.9583, critic_z=-5.8546, encoder=-5.3045, decoder=1.0788
2025-06-24 17:26:09,145 - tadGANs - INFO - Epoch 35/1000 - Time: 3.05s - Loss: critic_x=-0.9476, critic_z=-6.2530, encoder=-5.7823, decoder=1.0669
2025-06-24 17:26:12,173 - tadGANs - INFO - Epoch 36/1000 - Time: 3.03s - Loss: critic_x=-0.9375, critic_z=-6.6633, encoder=-6.2683, decoder=1.0610
2025-06-24 17:26:15,223 - tadGANs - INFO - Epoch 37/1000 - Time: 3.05s - Loss: critic_x=-0.9259, critic_z=-7.0430, encoder=-6.7459, decoder=1.0460
2025-06-24 17:26:18,292 - tadGANs - INFO - Epoch 38/1000 - Time: 3.07s - Loss: critic_x=-0.9144, critic_z=-7.4767, encoder=-7.2995, decoder=1.0488
2025-06-24 17:26:21,282 - tadGANs - INFO - Epoch 39/1000 - Time: 2.99s - Loss: critic_x=-0.9038, critic_z=-7.8937, encoder=-7.8042, decoder=1.0305
2025-06-24 17:26:24,352 - tadGANs - INFO - Epoch 40/1000 - Time: 3.07s - Loss: critic_x=-0.8919, critic_z=-8.2981, encoder=-8.3254, decoder=1.0276
2025-06-24 17:26:24,364 - tadGANs - INFO - Models saved at epoch 40
2025-06-24 17:26:27,240 - tadGANs - INFO - Epoch 41/1000 - Time: 2.88s - Loss: critic_x=-0.8781, critic_z=-8.7051, encoder=-8.9035, decoder=1.0209
2025-06-24 17:26:30,184 - tadGANs - INFO - Epoch 42/1000 - Time: 2.94s - Loss: critic_x=-0.8650, critic_z=-9.1158, encoder=-9.4182, decoder=1.0059
2025-06-24 17:26:33,142 - tadGANs - INFO - Epoch 43/1000 - Time: 2.96s - Loss: critic_x=-0.8522, critic_z=-9.5530, encoder=-9.9965, decoder=0.9984
2025-06-24 17:26:36,163 - tadGANs - INFO - Epoch 44/1000 - Time: 3.02s - Loss: critic_x=-0.8399, critic_z=-10.0096, encoder=-10.5708, decoder=0.9931
2025-06-24 17:26:39,082 - tadGANs - INFO - Epoch 45/1000 - Time: 2.92s - Loss: critic_x=-0.8277, critic_z=-10.4124, encoder=-11.1302, decoder=0.9955
2025-06-24 17:26:42,143 - tadGANs - INFO - Epoch 46/1000 - Time: 3.06s - Loss: critic_x=-0.8162, critic_z=-10.8477, encoder=-11.7459, decoder=1.0005
2025-06-24 17:26:45,187 - tadGANs - INFO - Epoch 47/1000 - Time: 3.04s - Loss: critic_x=-0.8084, critic_z=-11.3129, encoder=-12.3064, decoder=1.0005
2025-06-24 17:26:48,353 - tadGANs - INFO - Epoch 48/1000 - Time: 3.17s - Loss: critic_x=-0.7998, critic_z=-11.7474, encoder=-12.9397, decoder=1.0078
2025-06-24 17:26:51,981 - tadGANs - INFO - Epoch 49/1000 - Time: 3.63s - Loss: critic_x=-0.7873, critic_z=-12.1646, encoder=-13.4779, decoder=1.0155
2025-06-24 17:26:55,648 - tadGANs - INFO - Epoch 50/1000 - Time: 3.67s - Loss: critic_x=-0.7816, critic_z=-12.6350, encoder=-14.1209, decoder=1.0316
2025-06-24 17:26:55,682 - tadGANs - INFO - Models saved at epoch 50
2025-06-24 17:26:59,459 - tadGANs - INFO - Epoch 51/1000 - Time: 3.78s - Loss: critic_x=-0.7754, critic_z=-13.0866, encoder=-14.7437, decoder=1.0485
2025-06-24 17:27:03,240 - tadGANs - INFO - Epoch 52/1000 - Time: 3.78s - Loss: critic_x=-0.7699, critic_z=-13.5244, encoder=-15.3733, decoder=1.0629
2025-06-24 17:27:07,002 - tadGANs - INFO - Epoch 53/1000 - Time: 3.76s - Loss: critic_x=-0.7657, critic_z=-14.0437, encoder=-15.9963, decoder=1.0764
2025-06-24 17:27:10,835 - tadGANs - INFO - Epoch 54/1000 - Time: 3.83s - Loss: critic_x=-0.7629, critic_z=-14.4904, encoder=-16.6801, decoder=1.0971
2025-06-24 17:27:14,565 - tadGANs - INFO - Epoch 55/1000 - Time: 3.73s - Loss: critic_x=-0.7583, critic_z=-14.9044, encoder=-17.2694, decoder=1.1062
2025-06-24 17:27:18,295 - tadGANs - INFO - Epoch 56/1000 - Time: 3.73s - Loss: critic_x=-0.7553, critic_z=-15.3944, encoder=-17.8971, decoder=1.1161
2025-06-24 17:27:22,086 - tadGANs - INFO - Epoch 57/1000 - Time: 3.79s - Loss: critic_x=-0.7537, critic_z=-15.8785, encoder=-18.6079, decoder=1.1299
2025-06-24 17:27:25,861 - tadGANs - INFO - Epoch 58/1000 - Time: 3.77s - Loss: critic_x=-0.7521, critic_z=-16.3415, encoder=-19.2835, decoder=1.1483
2025-06-24 17:27:29,668 - tadGANs - INFO - Epoch 59/1000 - Time: 3.81s - Loss: critic_x=-0.7524, critic_z=-16.8092, encoder=-19.9540, decoder=1.1603
2025-06-24 17:27:33,571 - tadGANs - INFO - Epoch 60/1000 - Time: 3.90s - Loss: critic_x=-0.7508, critic_z=-17.2584, encoder=-20.5915, decoder=1.1604
2025-06-24 17:27:33,583 - tadGANs - INFO - Models saved at epoch 60
2025-06-24 17:27:37,338 - tadGANs - INFO - Epoch 61/1000 - Time: 3.75s - Loss: critic_x=-0.7510, critic_z=-17.7639, encoder=-21.3062, decoder=1.1716
2025-06-24 17:27:41,070 - tadGANs - INFO - Epoch 62/1000 - Time: 3.73s - Loss: critic_x=-0.7509, critic_z=-18.2461, encoder=-21.9499, decoder=1.1658
2025-06-24 17:27:44,848 - tadGANs - INFO - Epoch 63/1000 - Time: 3.78s - Loss: critic_x=-0.7531, critic_z=-18.7446, encoder=-22.7027, decoder=1.1716
2025-06-24 17:27:48,596 - tadGANs - INFO - Epoch 64/1000 - Time: 3.75s - Loss: critic_x=-0.7528, critic_z=-19.2251, encoder=-23.3789, decoder=1.1767
2025-06-24 17:27:52,332 - tadGANs - INFO - Epoch 65/1000 - Time: 3.74s - Loss: critic_x=-0.7543, critic_z=-19.7222, encoder=-24.1054, decoder=1.1801
2025-06-24 17:27:56,289 - tadGANs - INFO - Epoch 66/1000 - Time: 3.96s - Loss: critic_x=-0.7572, critic_z=-20.2405, encoder=-24.8565, decoder=1.1781
2025-06-24 17:28:00,150 - tadGANs - INFO - Epoch 67/1000 - Time: 3.86s - Loss: critic_x=-0.7605, critic_z=-20.7680, encoder=-25.5630, decoder=1.1734
2025-06-24 17:28:04,000 - tadGANs - INFO - Epoch 68/1000 - Time: 3.85s - Loss: critic_x=-0.7629, critic_z=-21.2127, encoder=-26.3123, decoder=1.1800
2025-06-24 17:28:07,754 - tadGANs - INFO - Epoch 69/1000 - Time: 3.75s - Loss: critic_x=-0.7647, critic_z=-21.7153, encoder=-26.9611, decoder=1.1736
2025-06-24 17:28:11,433 - tadGANs - INFO - Epoch 70/1000 - Time: 3.68s - Loss: critic_x=-0.7693, critic_z=-22.2364, encoder=-27.7194, decoder=1.1817
2025-06-24 17:28:11,447 - tadGANs - INFO - Models saved at epoch 70
2025-06-24 17:28:15,250 - tadGANs - INFO - Epoch 71/1000 - Time: 3.80s - Loss: critic_x=-0.7713, critic_z=-22.7327, encoder=-28.5093, decoder=1.1907
2025-06-24 17:28:19,004 - tadGANs - INFO - Epoch 72/1000 - Time: 3.75s - Loss: critic_x=-0.7772, critic_z=-23.2823, encoder=-29.1892, decoder=1.1799
2025-06-24 17:28:22,787 - tadGANs - INFO - Epoch 73/1000 - Time: 3.78s - Loss: critic_x=-0.7819, critic_z=-23.7598, encoder=-29.9340, decoder=1.1850
2025-06-24 17:28:26,447 - tadGANs - INFO - Epoch 74/1000 - Time: 3.66s - Loss: critic_x=-0.7866, critic_z=-24.3107, encoder=-30.7288, decoder=1.1975
2025-06-24 17:28:30,208 - tadGANs - INFO - Epoch 75/1000 - Time: 3.76s - Loss: critic_x=-0.7930, critic_z=-24.7833, encoder=-31.4879, decoder=1.1970
2025-06-24 17:28:34,030 - tadGANs - INFO - Epoch 76/1000 - Time: 3.82s - Loss: critic_x=-0.7978, critic_z=-25.3358, encoder=-32.2849, decoder=1.2035
2025-06-24 17:28:37,673 - tadGANs - INFO - Epoch 77/1000 - Time: 3.64s - Loss: critic_x=-0.8019, critic_z=-25.8576, encoder=-33.0614, decoder=1.2052
2025-06-24 17:28:41,318 - tadGANs - INFO - Epoch 78/1000 - Time: 3.65s - Loss: critic_x=-0.8048, critic_z=-26.3719, encoder=-33.7624, decoder=1.2185
2025-06-24 17:28:44,972 - tadGANs - INFO - Epoch 79/1000 - Time: 3.65s - Loss: critic_x=-0.8121, critic_z=-26.9342, encoder=-34.6271, decoder=1.2177
2025-06-24 17:28:48,735 - tadGANs - INFO - Epoch 80/1000 - Time: 3.76s - Loss: critic_x=-0.8163, critic_z=-27.4200, encoder=-35.4231, decoder=1.2128
2025-06-24 17:28:48,756 - tadGANs - INFO - Models saved at epoch 80
2025-06-24 17:28:52,569 - tadGANs - INFO - Epoch 81/1000 - Time: 3.81s - Loss: critic_x=-0.8221, critic_z=-27.9363, encoder=-36.1737, decoder=1.2064
2025-06-24 17:28:56,565 - tadGANs - INFO - Epoch 82/1000 - Time: 4.00s - Loss: critic_x=-0.8295, critic_z=-28.5728, encoder=-37.0057, decoder=1.2116
2025-06-24 17:29:00,479 - tadGANs - INFO - Epoch 83/1000 - Time: 3.91s - Loss: critic_x=-0.8349, critic_z=-29.0909, encoder=-37.8994, decoder=1.2117
2025-06-24 17:29:04,366 - tadGANs - INFO - Epoch 84/1000 - Time: 3.89s - Loss: critic_x=-0.8414, critic_z=-29.6429, encoder=-38.7634, decoder=1.2138
2025-06-24 17:29:08,214 - tadGANs - INFO - Epoch 85/1000 - Time: 3.85s - Loss: critic_x=-0.8438, critic_z=-30.1359, encoder=-39.4919, decoder=1.2084
2025-06-24 17:29:12,130 - tadGANs - INFO - Epoch 86/1000 - Time: 3.92s - Loss: critic_x=-0.8513, critic_z=-30.7501, encoder=-40.4202, decoder=1.2012
2025-06-24 17:29:15,970 - tadGANs - INFO - Epoch 87/1000 - Time: 3.84s - Loss: critic_x=-0.8560, critic_z=-31.3396, encoder=-41.2171, decoder=1.1998
2025-06-24 17:29:19,786 - tadGANs - INFO - Epoch 88/1000 - Time: 3.82s - Loss: critic_x=-0.8564, critic_z=-31.9259, encoder=-42.0023, decoder=1.1837
2025-06-24 17:29:23,622 - tadGANs - INFO - Epoch 89/1000 - Time: 3.84s - Loss: critic_x=-0.8614, critic_z=-32.5423, encoder=-42.9880, decoder=1.1820
2025-06-24 17:29:27,535 - tadGANs - INFO - Epoch 90/1000 - Time: 3.91s - Loss: critic_x=-0.8612, critic_z=-32.9741, encoder=-43.7998, decoder=1.1684
2025-06-24 17:29:27,550 - tadGANs - INFO - Models saved at epoch 90
2025-06-24 17:29:31,407 - tadGANs - INFO - Epoch 91/1000 - Time: 3.86s - Loss: critic_x=-0.8604, critic_z=-33.5499, encoder=-44.6089, decoder=1.1629
2025-06-24 17:29:35,276 - tadGANs - INFO - Epoch 92/1000 - Time: 3.87s - Loss: critic_x=-0.8600, critic_z=-34.0917, encoder=-45.4987, decoder=1.1611
2025-06-24 17:29:39,389 - tadGANs - INFO - Epoch 93/1000 - Time: 4.11s - Loss: critic_x=-0.8637, critic_z=-34.7124, encoder=-46.3774, decoder=1.1518
2025-06-24 17:29:43,299 - tadGANs - INFO - Epoch 94/1000 - Time: 3.91s - Loss: critic_x=-0.8674, critic_z=-35.3045, encoder=-47.2449, decoder=1.1488
2025-06-24 17:29:47,077 - tadGANs - INFO - Epoch 95/1000 - Time: 3.78s - Loss: critic_x=-0.8699, critic_z=-35.8655, encoder=-48.1623, decoder=1.1404
2025-06-24 17:29:50,906 - tadGANs - INFO - Epoch 96/1000 - Time: 3.83s - Loss: critic_x=-0.8672, critic_z=-36.3747, encoder=-49.0225, decoder=1.1353
2025-06-24 17:29:54,831 - tadGANs - INFO - Epoch 97/1000 - Time: 3.92s - Loss: critic_x=-0.8709, critic_z=-36.9666, encoder=-49.8930, decoder=1.1146
2025-06-24 17:29:58,576 - tadGANs - INFO - Epoch 98/1000 - Time: 3.75s - Loss: critic_x=-0.8696, critic_z=-37.6397, encoder=-50.8184, decoder=1.1082
2025-06-24 17:30:02,285 - tadGANs - INFO - Epoch 99/1000 - Time: 3.71s - Loss: critic_x=-0.8716, critic_z=-38.3223, encoder=-51.8047, decoder=1.1038
2025-06-24 17:30:05,962 - tadGANs - INFO - Epoch 100/1000 - Time: 3.68s - Loss: critic_x=-0.8711, critic_z=-38.7493, encoder=-52.6934, decoder=1.0948
2025-06-24 17:30:05,978 - tadGANs - INFO - Models saved at epoch 100
2025-06-24 17:30:09,654 - tadGANs - INFO - Epoch 101/1000 - Time: 3.68s - Loss: critic_x=-0.8684, critic_z=-39.4439, encoder=-53.5807, decoder=1.0864
2025-06-24 17:30:13,360 - tadGANs - INFO - Epoch 102/1000 - Time: 3.71s - Loss: critic_x=-0.8683, critic_z=-40.0214, encoder=-54.6102, decoder=1.0776
2025-06-24 17:30:17,049 - tadGANs - INFO - Epoch 103/1000 - Time: 3.69s - Loss: critic_x=-0.8659, critic_z=-40.6523, encoder=-55.5877, decoder=1.0815
2025-06-24 17:30:20,770 - tadGANs - INFO - Epoch 104/1000 - Time: 3.72s - Loss: critic_x=-0.8645, critic_z=-41.3072, encoder=-56.4525, decoder=1.0788
2025-06-24 17:30:24,454 - tadGANs - INFO - Epoch 105/1000 - Time: 3.68s - Loss: critic_x=-0.8587, critic_z=-41.9518, encoder=-57.5445, decoder=1.0561
2025-06-24 17:30:28,091 - tadGANs - INFO - Epoch 106/1000 - Time: 3.64s - Loss: critic_x=-0.8566, critic_z=-42.4370, encoder=-58.4228, decoder=1.0717
2025-06-24 17:30:31,810 - tadGANs - INFO - Epoch 107/1000 - Time: 3.72s - Loss: critic_x=-0.8517, critic_z=-43.0454, encoder=-59.4204, decoder=1.0652
2025-06-24 17:30:35,603 - tadGANs - INFO - Epoch 108/1000 - Time: 3.79s - Loss: critic_x=-0.8493, critic_z=-43.7811, encoder=-60.4324, decoder=1.0538
2025-06-24 17:30:39,341 - tadGANs - INFO - Epoch 109/1000 - Time: 3.74s - Loss: critic_x=-0.8416, critic_z=-44.3896, encoder=-61.4356, decoder=1.0566
2025-06-24 17:30:43,150 - tadGANs - INFO - Epoch 110/1000 - Time: 3.81s - Loss: critic_x=-0.8451, critic_z=-45.0415, encoder=-62.4250, decoder=1.0406
2025-06-24 17:30:43,166 - tadGANs - INFO - Models saved at epoch 110
2025-06-24 17:30:46,908 - tadGANs - INFO - Epoch 111/1000 - Time: 3.74s - Loss: critic_x=-0.8413, critic_z=-45.6386, encoder=-63.5015, decoder=1.0574
2025-06-24 17:30:50,739 - tadGANs - INFO - Epoch 112/1000 - Time: 3.83s - Loss: critic_x=-0.8346, critic_z=-46.2501, encoder=-64.4618, decoder=1.0394
2025-06-24 17:30:54,424 - tadGANs - INFO - Epoch 113/1000 - Time: 3.68s - Loss: critic_x=-0.8287, critic_z=-46.9418, encoder=-65.4735, decoder=1.0446
2025-06-24 17:30:58,308 - tadGANs - INFO - Epoch 114/1000 - Time: 3.88s - Loss: critic_x=-0.8238, critic_z=-47.5870, encoder=-66.5033, decoder=1.0384
2025-06-24 17:31:02,015 - tadGANs - INFO - Epoch 115/1000 - Time: 3.71s - Loss: critic_x=-0.8145, critic_z=-48.1713, encoder=-67.4805, decoder=1.0369
2025-06-24 17:31:06,009 - tadGANs - INFO - Epoch 116/1000 - Time: 3.99s - Loss: critic_x=-0.8143, critic_z=-48.8624, encoder=-68.5038, decoder=1.0428
2025-06-24 17:31:09,764 - tadGANs - INFO - Epoch 117/1000 - Time: 3.75s - Loss: critic_x=-0.8140, critic_z=-49.4827, encoder=-69.5632, decoder=1.0322
2025-06-24 17:31:13,535 - tadGANs - INFO - Epoch 118/1000 - Time: 3.77s - Loss: critic_x=-0.8175, critic_z=-50.1895, encoder=-70.6360, decoder=1.0200
2025-06-24 17:31:17,255 - tadGANs - INFO - Epoch 119/1000 - Time: 3.72s - Loss: critic_x=-0.8159, critic_z=-50.8590, encoder=-71.6673, decoder=1.0247
2025-06-24 17:31:21,244 - tadGANs - INFO - Epoch 120/1000 - Time: 3.99s - Loss: critic_x=-0.8136, critic_z=-51.4171, encoder=-72.6248, decoder=1.0140
2025-06-24 17:31:21,257 - tadGANs - INFO - Models saved at epoch 120
2025-06-24 17:31:24,992 - tadGANs - INFO - Epoch 121/1000 - Time: 3.74s - Loss: critic_x=-0.8085, critic_z=-52.0815, encoder=-73.7255, decoder=1.0173
2025-06-24 17:31:28,630 - tadGANs - INFO - Epoch 122/1000 - Time: 3.64s - Loss: critic_x=-0.8005, critic_z=-52.7690, encoder=-74.7160, decoder=1.0214
2025-06-24 17:31:32,484 - tadGANs - INFO - Epoch 123/1000 - Time: 3.85s - Loss: critic_x=-0.7960, critic_z=-53.5009, encoder=-75.9368, decoder=0.9971
2025-06-24 17:31:36,252 - tadGANs - INFO - Epoch 124/1000 - Time: 3.77s - Loss: critic_x=-0.7905, critic_z=-54.0539, encoder=-76.9205, decoder=1.0070
2025-06-24 17:31:40,090 - tadGANs - INFO - Epoch 125/1000 - Time: 3.84s - Loss: critic_x=-0.7954, critic_z=-54.6897, encoder=-77.9549, decoder=0.9996
2025-06-24 17:31:43,822 - tadGANs - INFO - Epoch 126/1000 - Time: 3.73s - Loss: critic_x=-0.7866, critic_z=-55.5163, encoder=-79.0972, decoder=0.9878
2025-06-24 17:31:47,674 - tadGANs - INFO - Epoch 127/1000 - Time: 3.85s - Loss: critic_x=-0.7837, critic_z=-56.1704, encoder=-80.2057, decoder=0.9773
2025-06-24 17:31:51,384 - tadGANs - INFO - Epoch 128/1000 - Time: 3.71s - Loss: critic_x=-0.7809, critic_z=-56.7461, encoder=-81.2654, decoder=0.9850
2025-06-24 17:31:55,237 - tadGANs - INFO - Epoch 129/1000 - Time: 3.85s - Loss: critic_x=-0.7776, critic_z=-57.3724, encoder=-82.4185, decoder=0.9846
2025-06-24 17:31:58,925 - tadGANs - INFO - Epoch 130/1000 - Time: 3.69s - Loss: critic_x=-0.7685, critic_z=-58.1998, encoder=-83.5622, decoder=0.9732
2025-06-24 17:31:58,946 - tadGANs - INFO - Models saved at epoch 130
2025-06-24 17:32:02,816 - tadGANs - INFO - Epoch 131/1000 - Time: 3.87s - Loss: critic_x=-0.7632, critic_z=-58.7161, encoder=-84.5985, decoder=0.9769
2025-06-24 17:32:06,548 - tadGANs - INFO - Epoch 132/1000 - Time: 3.73s - Loss: critic_x=-0.7628, critic_z=-59.5601, encoder=-85.7243, decoder=0.9708
2025-06-24 17:32:10,316 - tadGANs - INFO - Epoch 133/1000 - Time: 3.77s - Loss: critic_x=-0.7596, critic_z=-60.2796, encoder=-86.8357, decoder=0.9559
2025-06-24 17:32:14,007 - tadGANs - INFO - Epoch 134/1000 - Time: 3.69s - Loss: critic_x=-0.7553, critic_z=-60.7933, encoder=-88.0195, decoder=0.9738
2025-06-24 17:32:17,703 - tadGANs - INFO - Epoch 135/1000 - Time: 3.70s - Loss: critic_x=-0.7458, critic_z=-61.5246, encoder=-89.0768, decoder=0.9640
2025-06-24 17:32:21,457 - tadGANs - INFO - Epoch 136/1000 - Time: 3.75s - Loss: critic_x=-0.7407, critic_z=-62.2444, encoder=-90.3212, decoder=0.9525
2025-06-24 17:32:25,196 - tadGANs - INFO - Epoch 137/1000 - Time: 3.74s - Loss: critic_x=-0.7456, critic_z=-63.0584, encoder=-91.3784, decoder=0.9482
2025-06-24 17:32:28,864 - tadGANs - INFO - Epoch 138/1000 - Time: 3.67s - Loss: critic_x=-0.7357, critic_z=-63.7578, encoder=-92.4373, decoder=0.9293
2025-06-24 17:32:32,601 - tadGANs - INFO - Epoch 139/1000 - Time: 3.74s - Loss: critic_x=-0.7301, critic_z=-64.3928, encoder=-93.6630, decoder=0.9057
2025-06-24 17:32:36,285 - tadGANs - INFO - Epoch 140/1000 - Time: 3.68s - Loss: critic_x=-0.7149, critic_z=-65.0073, encoder=-94.8166, decoder=0.9173
2025-06-24 17:32:36,297 - tadGANs - INFO - Models saved at epoch 140
2025-06-24 17:32:39,932 - tadGANs - INFO - Epoch 141/1000 - Time: 3.63s - Loss: critic_x=-0.7250, critic_z=-65.7344, encoder=-96.0384, decoder=0.9348
2025-06-24 17:32:43,669 - tadGANs - INFO - Epoch 142/1000 - Time: 3.74s - Loss: critic_x=-0.7202, critic_z=-66.4159, encoder=-97.2244, decoder=0.9248
2025-06-24 17:32:47,339 - tadGANs - INFO - Epoch 143/1000 - Time: 3.67s - Loss: critic_x=-0.7105, critic_z=-67.2245, encoder=-98.2972, decoder=0.9021
2025-06-24 17:32:50,997 - tadGANs - INFO - Epoch 144/1000 - Time: 3.66s - Loss: critic_x=-0.7111, critic_z=-67.9657, encoder=-99.4787, decoder=0.9179
2025-06-24 17:32:54,770 - tadGANs - INFO - Epoch 145/1000 - Time: 3.77s - Loss: critic_x=-0.7035, critic_z=-68.7116, encoder=-100.9310, decoder=0.9392
2025-06-24 17:32:58,544 - tadGANs - INFO - Epoch 146/1000 - Time: 3.77s - Loss: critic_x=-0.6961, critic_z=-69.5419, encoder=-101.9888, decoder=0.9019
2025-06-24 17:33:02,250 - tadGANs - INFO - Epoch 147/1000 - Time: 3.71s - Loss: critic_x=-0.6959, critic_z=-70.1273, encoder=-103.2692, decoder=0.9161
2025-06-24 17:33:05,985 - tadGANs - INFO - Epoch 148/1000 - Time: 3.73s - Loss: critic_x=-0.6882, critic_z=-70.7237, encoder=-104.1793, decoder=0.9096
2025-06-24 17:33:09,862 - tadGANs - INFO - Epoch 149/1000 - Time: 3.88s - Loss: critic_x=-0.6765, critic_z=-71.5178, encoder=-105.4806, decoder=0.9008
2025-06-24 17:33:13,620 - tadGANs - INFO - Epoch 150/1000 - Time: 3.76s - Loss: critic_x=-0.6740, critic_z=-72.3319, encoder=-106.7338, decoder=0.9221
2025-06-24 17:33:13,634 - tadGANs - INFO - Models saved at epoch 150
2025-06-24 17:33:17,377 - tadGANs - INFO - Epoch 151/1000 - Time: 3.74s - Loss: critic_x=-0.6651, critic_z=-73.0737, encoder=-108.0180, decoder=0.9038
2025-06-24 17:33:21,165 - tadGANs - INFO - Epoch 152/1000 - Time: 3.79s - Loss: critic_x=-0.6654, critic_z=-73.6737, encoder=-109.3246, decoder=0.9206
2025-06-24 17:33:24,975 - tadGANs - INFO - Epoch 153/1000 - Time: 3.81s - Loss: critic_x=-0.6640, critic_z=-74.6025, encoder=-110.5661, decoder=0.9203
2025-06-24 17:33:28,709 - tadGANs - INFO - Epoch 154/1000 - Time: 3.73s - Loss: critic_x=-0.6600, critic_z=-75.2518, encoder=-111.7343, decoder=0.9179
2025-06-24 17:33:32,568 - tadGANs - INFO - Epoch 155/1000 - Time: 3.86s - Loss: critic_x=-0.6551, critic_z=-76.0213, encoder=-113.0824, decoder=0.8902
2025-06-24 17:33:36,495 - tadGANs - INFO - Epoch 156/1000 - Time: 3.93s - Loss: critic_x=-0.6463, critic_z=-76.7699, encoder=-114.3374, decoder=0.8785
2025-06-24 17:33:40,353 - tadGANs - INFO - Epoch 157/1000 - Time: 3.86s - Loss: critic_x=-0.6475, critic_z=-77.4248, encoder=-115.4302, decoder=0.8937
2025-06-24 17:33:44,244 - tadGANs - INFO - Epoch 158/1000 - Time: 3.89s - Loss: critic_x=-0.6395, critic_z=-78.3370, encoder=-116.6237, decoder=0.8694
2025-06-24 17:33:48,108 - tadGANs - INFO - Epoch 159/1000 - Time: 3.86s - Loss: critic_x=-0.6360, critic_z=-79.0500, encoder=-118.0502, decoder=0.8804
2025-06-24 17:33:51,862 - tadGANs - INFO - Epoch 160/1000 - Time: 3.75s - Loss: critic_x=-0.6281, critic_z=-79.7928, encoder=-119.0912, decoder=0.8657
2025-06-24 17:33:51,877 - tadGANs - INFO - Models saved at epoch 160
2025-06-24 17:33:55,744 - tadGANs - INFO - Epoch 161/1000 - Time: 3.87s - Loss: critic_x=-0.6156, critic_z=-80.6584, encoder=-120.6026, decoder=0.8816
2025-06-24 17:33:59,462 - tadGANs - INFO - Epoch 162/1000 - Time: 3.72s - Loss: critic_x=-0.6190, critic_z=-81.3136, encoder=-121.7458, decoder=0.8720
2025-06-24 17:34:03,400 - tadGANs - INFO - Epoch 163/1000 - Time: 3.94s - Loss: critic_x=-0.6121, critic_z=-82.0413, encoder=-123.1105, decoder=0.8539
2025-06-24 17:34:07,120 - tadGANs - INFO - Epoch 164/1000 - Time: 3.72s - Loss: critic_x=-0.6071, critic_z=-82.6469, encoder=-124.4775, decoder=0.8391
2025-06-24 17:34:10,900 - tadGANs - INFO - Epoch 165/1000 - Time: 3.78s - Loss: critic_x=-0.6043, critic_z=-83.5034, encoder=-125.7160, decoder=0.8630
2025-06-24 17:34:14,651 - tadGANs - INFO - Epoch 166/1000 - Time: 3.75s - Loss: critic_x=-0.6021, critic_z=-84.3597, encoder=-126.8306, decoder=0.8619
2025-06-24 17:34:18,416 - tadGANs - INFO - Epoch 167/1000 - Time: 3.76s - Loss: critic_x=-0.5957, critic_z=-85.1132, encoder=-128.3399, decoder=0.8685
2025-06-24 17:34:22,325 - tadGANs - INFO - Epoch 168/1000 - Time: 3.91s - Loss: critic_x=-0.5876, critic_z=-85.9169, encoder=-129.5747, decoder=0.8822
2025-06-24 17:34:26,252 - tadGANs - INFO - Epoch 169/1000 - Time: 3.93s - Loss: critic_x=-0.5853, critic_z=-86.7316, encoder=-130.8891, decoder=0.8631
2025-06-24 17:34:30,078 - tadGANs - INFO - Epoch 170/1000 - Time: 3.83s - Loss: critic_x=-0.5763, critic_z=-87.4512, encoder=-132.0913, decoder=0.8441
2025-06-24 17:34:30,092 - tadGANs - INFO - Models saved at epoch 170
2025-06-24 17:34:33,953 - tadGANs - INFO - Epoch 171/1000 - Time: 3.86s - Loss: critic_x=-0.5627, critic_z=-88.3285, encoder=-133.6216, decoder=0.8632
2025-06-24 17:34:37,619 - tadGANs - INFO - Epoch 172/1000 - Time: 3.67s - Loss: critic_x=-0.5677, critic_z=-89.0197, encoder=-134.8095, decoder=0.8280
2025-06-24 17:34:41,463 - tadGANs - INFO - Epoch 173/1000 - Time: 3.84s - Loss: critic_x=-0.5596, critic_z=-89.7260, encoder=-136.0140, decoder=0.8366
2025-06-24 17:34:45,390 - tadGANs - INFO - Epoch 174/1000 - Time: 3.93s - Loss: critic_x=-0.5494, critic_z=-90.6162, encoder=-137.3385, decoder=0.8246
2025-06-24 17:34:49,067 - tadGANs - INFO - Epoch 175/1000 - Time: 3.68s - Loss: critic_x=-0.5431, critic_z=-91.3924, encoder=-138.7929, decoder=0.8081
2025-06-24 17:34:52,829 - tadGANs - INFO - Epoch 176/1000 - Time: 3.76s - Loss: critic_x=-0.5373, critic_z=-92.3525, encoder=-140.3651, decoder=0.8188
2025-06-24 17:34:56,524 - tadGANs - INFO - Epoch 177/1000 - Time: 3.70s - Loss: critic_x=-0.5269, critic_z=-93.0163, encoder=-141.4359, decoder=0.8196
2025-06-24 17:35:00,222 - tadGANs - INFO - Epoch 178/1000 - Time: 3.70s - Loss: critic_x=-0.5272, critic_z=-93.8428, encoder=-142.7955, decoder=0.8143
2025-06-24 17:35:04,063 - tadGANs - INFO - Epoch 179/1000 - Time: 3.84s - Loss: critic_x=-0.5239, critic_z=-94.4336, encoder=-144.0123, decoder=0.8183
2025-06-24 17:35:08,016 - tadGANs - INFO - Epoch 180/1000 - Time: 3.95s - Loss: critic_x=-0.5103, critic_z=-95.5566, encoder=-145.7874, decoder=0.8269
2025-06-24 17:35:08,030 - tadGANs - INFO - Models saved at epoch 180
2025-06-24 17:35:11,772 - tadGANs - INFO - Epoch 181/1000 - Time: 3.74s - Loss: critic_x=-0.4933, critic_z=-96.2441, encoder=-146.8344, decoder=0.8070
2025-06-24 17:35:15,790 - tadGANs - INFO - Epoch 182/1000 - Time: 4.02s - Loss: critic_x=-0.4969, critic_z=-96.9583, encoder=-148.0564, decoder=0.8115
2025-06-24 17:35:19,473 - tadGANs - INFO - Epoch 183/1000 - Time: 3.68s - Loss: critic_x=-0.4924, critic_z=-97.9144, encoder=-149.6810, decoder=0.7983
2025-06-24 17:35:23,192 - tadGANs - INFO - Epoch 184/1000 - Time: 3.72s - Loss: critic_x=-0.4854, critic_z=-98.8139, encoder=-151.2167, decoder=0.7875
2025-06-24 17:35:26,827 - tadGANs - INFO - Epoch 185/1000 - Time: 3.64s - Loss: critic_x=-0.4786, critic_z=-99.4504, encoder=-152.7169, decoder=0.8067
2025-06-24 17:35:30,650 - tadGANs - INFO - Epoch 186/1000 - Time: 3.82s - Loss: critic_x=-0.4594, critic_z=-100.4178, encoder=-153.7968, decoder=0.7985
2025-06-24 17:35:34,364 - tadGANs - INFO - Epoch 187/1000 - Time: 3.71s - Loss: critic_x=-0.4620, critic_z=-101.0766, encoder=-155.3676, decoder=0.7723
2025-06-24 17:35:38,131 - tadGANs - INFO - Epoch 188/1000 - Time: 3.77s - Loss: critic_x=-0.4472, critic_z=-101.9573, encoder=-156.6144, decoder=0.7877
2025-06-24 17:35:41,843 - tadGANs - INFO - Epoch 189/1000 - Time: 3.71s - Loss: critic_x=-0.4432, critic_z=-102.8166, encoder=-158.0932, decoder=0.7688
2025-06-24 17:35:45,808 - tadGANs - INFO - Epoch 190/1000 - Time: 3.96s - Loss: critic_x=-0.4372, critic_z=-103.7378, encoder=-159.4757, decoder=0.7275
2025-06-24 17:35:45,821 - tadGANs - INFO - Models saved at epoch 190
2025-06-24 17:35:49,627 - tadGANs - INFO - Epoch 191/1000 - Time: 3.81s - Loss: critic_x=-0.4319, critic_z=-104.4755, encoder=-161.0983, decoder=0.7370
2025-06-24 17:35:53,365 - tadGANs - INFO - Epoch 192/1000 - Time: 3.74s - Loss: critic_x=-0.4234, critic_z=-105.3315, encoder=-162.5198, decoder=0.7672
2025-06-24 17:35:57,060 - tadGANs - INFO - Epoch 193/1000 - Time: 3.70s - Loss: critic_x=-0.4124, critic_z=-106.1415, encoder=-163.8014, decoder=0.7529
2025-06-24 17:36:00,838 - tadGANs - INFO - Epoch 194/1000 - Time: 3.78s - Loss: critic_x=-0.4033, critic_z=-107.0745, encoder=-165.1894, decoder=0.7370
2025-06-24 17:36:04,559 - tadGANs - INFO - Epoch 195/1000 - Time: 3.72s - Loss: critic_x=-0.3965, critic_z=-107.9868, encoder=-166.5762, decoder=0.7191
2025-06-24 17:36:08,372 - tadGANs - INFO - Epoch 196/1000 - Time: 3.81s - Loss: critic_x=-0.3932, critic_z=-108.8650, encoder=-168.0831, decoder=0.7286
2025-06-24 17:36:12,243 - tadGANs - INFO - Epoch 197/1000 - Time: 3.87s - Loss: critic_x=-0.3662, critic_z=-109.5314, encoder=-169.6450, decoder=0.7033
2025-06-24 17:36:16,097 - tadGANs - INFO - Epoch 198/1000 - Time: 3.85s - Loss: critic_x=-0.3656, critic_z=-110.2614, encoder=-171.0831, decoder=0.7196
2025-06-24 17:36:19,959 - tadGANs - INFO - Epoch 199/1000 - Time: 3.86s - Loss: critic_x=-0.3472, critic_z=-111.2138, encoder=-172.6233, decoder=0.7101
2025-06-24 17:36:23,876 - tadGANs - INFO - Epoch 200/1000 - Time: 3.92s - Loss: critic_x=-0.3437, critic_z=-112.0506, encoder=-173.9060, decoder=0.6836
2025-06-24 17:36:23,892 - tadGANs - INFO - Models saved at epoch 200
2025-06-24 17:36:27,726 - tadGANs - INFO - Epoch 201/1000 - Time: 3.83s - Loss: critic_x=-0.3251, critic_z=-112.9521, encoder=-175.4347, decoder=0.6752
2025-06-24 17:36:31,442 - tadGANs - INFO - Epoch 202/1000 - Time: 3.72s - Loss: critic_x=-0.3138, critic_z=-113.8908, encoder=-177.1561, decoder=0.6747
2025-06-24 17:36:35,385 - tadGANs - INFO - Epoch 203/1000 - Time: 3.94s - Loss: critic_x=-0.3125, critic_z=-114.6302, encoder=-178.5600, decoder=0.6772
2025-06-24 17:36:39,191 - tadGANs - INFO - Epoch 204/1000 - Time: 3.81s - Loss: critic_x=-0.3006, critic_z=-115.7013, encoder=-179.9962, decoder=0.6790
2025-06-24 17:36:43,162 - tadGANs - INFO - Epoch 205/1000 - Time: 3.97s - Loss: critic_x=-0.2851, critic_z=-116.3229, encoder=-181.7153, decoder=0.6834
2025-06-24 17:36:47,051 - tadGANs - INFO - Epoch 206/1000 - Time: 3.89s - Loss: critic_x=-0.2785, critic_z=-117.1556, encoder=-182.9656, decoder=0.6818
2025-06-24 17:36:50,966 - tadGANs - INFO - Epoch 207/1000 - Time: 3.91s - Loss: critic_x=-0.2753, critic_z=-118.0550, encoder=-184.3064, decoder=0.6964
2025-06-24 17:36:54,831 - tadGANs - INFO - Epoch 208/1000 - Time: 3.86s - Loss: critic_x=-0.2557, critic_z=-118.9959, encoder=-185.7724, decoder=0.6812
2025-06-24 17:36:58,705 - tadGANs - INFO - Epoch 209/1000 - Time: 3.87s - Loss: critic_x=-0.2492, critic_z=-120.1451, encoder=-187.5741, decoder=0.7070
2025-06-24 17:37:02,523 - tadGANs - INFO - Epoch 210/1000 - Time: 3.82s - Loss: critic_x=-0.2362, critic_z=-120.7379, encoder=-188.9987, decoder=0.7139
2025-06-24 17:37:02,538 - tadGANs - INFO - Models saved at epoch 210
2025-06-24 17:37:06,406 - tadGANs - INFO - Epoch 211/1000 - Time: 3.87s - Loss: critic_x=-0.2386, critic_z=-121.7377, encoder=-190.8110, decoder=0.7271
2025-06-24 17:37:10,500 - tadGANs - INFO - Epoch 212/1000 - Time: 4.09s - Loss: critic_x=-0.2234, critic_z=-122.5140, encoder=-192.0291, decoder=0.7384
2025-06-24 17:37:14,413 - tadGANs - INFO - Epoch 213/1000 - Time: 3.91s - Loss: critic_x=-0.2249, critic_z=-123.5121, encoder=-193.3942, decoder=0.7258
2025-06-24 17:37:18,369 - tadGANs - INFO - Epoch 214/1000 - Time: 3.96s - Loss: critic_x=-0.2108, critic_z=-124.2479, encoder=-195.0012, decoder=0.7473
2025-06-24 17:37:22,105 - tadGANs - INFO - Epoch 215/1000 - Time: 3.74s - Loss: critic_x=-0.2138, critic_z=-125.1535, encoder=-196.4173, decoder=0.7722
2025-06-24 17:37:25,943 - tadGANs - INFO - Epoch 216/1000 - Time: 3.84s - Loss: critic_x=-0.2113, critic_z=-126.0640, encoder=-198.1224, decoder=0.7878
2025-06-24 17:37:29,816 - tadGANs - INFO - Epoch 217/1000 - Time: 3.87s - Loss: critic_x=-0.2149, critic_z=-127.0507, encoder=-199.8947, decoder=0.8361
2025-06-24 17:37:33,755 - tadGANs - INFO - Epoch 218/1000 - Time: 3.94s - Loss: critic_x=-0.2209, critic_z=-127.7926, encoder=-201.2839, decoder=0.8587
2025-06-24 17:37:37,585 - tadGANs - INFO - Epoch 219/1000 - Time: 3.83s - Loss: critic_x=-0.2190, critic_z=-128.8698, encoder=-202.8102, decoder=0.8786
2025-06-24 17:37:41,386 - tadGANs - INFO - Epoch 220/1000 - Time: 3.80s - Loss: critic_x=-0.2281, critic_z=-129.7255, encoder=-204.7338, decoder=0.9176
2025-06-24 17:37:41,439 - tadGANs - INFO - Models saved at epoch 220
2025-06-24 17:37:45,233 - tadGANs - INFO - Epoch 221/1000 - Time: 3.79s - Loss: critic_x=-0.2355, critic_z=-130.5668, encoder=-206.0929, decoder=0.9603
2025-06-24 17:37:49,081 - tadGANs - INFO - Epoch 222/1000 - Time: 3.85s - Loss: critic_x=-0.2432, critic_z=-131.5786, encoder=-207.6587, decoder=0.9994
2025-06-24 17:37:52,924 - tadGANs - INFO - Epoch 223/1000 - Time: 3.84s - Loss: critic_x=-0.2560, critic_z=-132.4720, encoder=-209.5216, decoder=1.0257
2025-06-24 17:37:56,931 - tadGANs - INFO - Epoch 224/1000 - Time: 4.01s - Loss: critic_x=-0.2578, critic_z=-133.4003, encoder=-211.2126, decoder=1.0440
2025-06-24 17:38:01,050 - tadGANs - INFO - Epoch 225/1000 - Time: 4.12s - Loss: critic_x=-0.2587, critic_z=-134.2519, encoder=-212.6427, decoder=1.0476
2025-06-24 17:38:04,805 - tadGANs - INFO - Epoch 226/1000 - Time: 3.75s - Loss: critic_x=-0.2582, critic_z=-135.1499, encoder=-214.0701, decoder=1.0599
2025-06-24 17:38:08,679 - tadGANs - INFO - Epoch 227/1000 - Time: 3.87s - Loss: critic_x=-0.2586, critic_z=-136.0357, encoder=-215.4479, decoder=1.0545
2025-06-24 17:38:12,592 - tadGANs - INFO - Epoch 228/1000 - Time: 3.91s - Loss: critic_x=-0.2584, critic_z=-137.2010, encoder=-217.4329, decoder=1.0630
2025-06-24 17:38:16,494 - tadGANs - INFO - Epoch 229/1000 - Time: 3.90s - Loss: critic_x=-0.2563, critic_z=-137.8927, encoder=-218.7239, decoder=1.0619
2025-06-24 17:38:20,315 - tadGANs - INFO - Epoch 230/1000 - Time: 3.82s - Loss: critic_x=-0.2559, critic_z=-138.8954, encoder=-220.3234, decoder=1.0737
2025-06-24 17:38:20,330 - tadGANs - INFO - Models saved at epoch 230
2025-06-24 17:38:24,232 - tadGANs - INFO - Epoch 231/1000 - Time: 3.90s - Loss: critic_x=-0.2546, critic_z=-139.8388, encoder=-222.1802, decoder=1.0842
2025-06-24 17:38:28,094 - tadGANs - INFO - Epoch 232/1000 - Time: 3.86s - Loss: critic_x=-0.2514, critic_z=-140.7668, encoder=-223.7608, decoder=1.0978
2025-06-24 17:38:31,843 - tadGANs - INFO - Epoch 233/1000 - Time: 3.75s - Loss: critic_x=-0.2505, critic_z=-141.5825, encoder=-225.1917, decoder=1.0984
2025-06-24 17:38:35,796 - tadGANs - INFO - Epoch 234/1000 - Time: 3.95s - Loss: critic_x=-0.2488, critic_z=-142.5873, encoder=-227.0890, decoder=1.0974
2025-06-24 17:38:39,772 - tadGANs - INFO - Epoch 235/1000 - Time: 3.98s - Loss: critic_x=-0.2483, critic_z=-143.5197, encoder=-228.5210, decoder=1.0965
2025-06-24 17:38:43,667 - tadGANs - INFO - Epoch 236/1000 - Time: 3.89s - Loss: critic_x=-0.2432, critic_z=-144.4235, encoder=-230.0819, decoder=1.0931
2025-06-24 17:38:47,691 - tadGANs - INFO - Epoch 237/1000 - Time: 4.02s - Loss: critic_x=-0.2410, critic_z=-145.4741, encoder=-231.5953, decoder=1.0888
2025-06-24 17:38:51,616 - tadGANs - INFO - Epoch 238/1000 - Time: 3.92s - Loss: critic_x=-0.2415, critic_z=-146.3053, encoder=-233.4922, decoder=1.0912
2025-06-24 17:38:55,656 - tadGANs - INFO - Epoch 239/1000 - Time: 4.04s - Loss: critic_x=-0.2399, critic_z=-147.4828, encoder=-235.1722, decoder=1.0911
2025-06-24 17:38:59,740 - tadGANs - INFO - Epoch 240/1000 - Time: 4.08s - Loss: critic_x=-0.2395, critic_z=-148.4906, encoder=-237.1001, decoder=1.0731
2025-06-24 17:38:59,757 - tadGANs - INFO - Models saved at epoch 240
2025-06-24 17:39:03,746 - tadGANs - INFO - Epoch 241/1000 - Time: 3.99s - Loss: critic_x=-0.2381, critic_z=-149.1064, encoder=-238.9337, decoder=1.0673
2025-06-24 17:39:07,614 - tadGANs - INFO - Epoch 242/1000 - Time: 3.87s - Loss: critic_x=-0.2333, critic_z=-150.1507, encoder=-240.1523, decoder=1.0941
2025-06-24 17:39:11,528 - tadGANs - INFO - Epoch 243/1000 - Time: 3.91s - Loss: critic_x=-0.2317, critic_z=-151.1697, encoder=-242.1775, decoder=1.1067
2025-06-24 17:39:15,360 - tadGANs - INFO - Epoch 244/1000 - Time: 3.83s - Loss: critic_x=-0.2304, critic_z=-152.1237, encoder=-243.3318, decoder=1.0956
2025-06-24 17:39:19,257 - tadGANs - INFO - Epoch 245/1000 - Time: 3.90s - Loss: critic_x=-0.2299, critic_z=-153.2143, encoder=-245.3798, decoder=1.0987
2025-06-24 17:39:23,112 - tadGANs - INFO - Epoch 246/1000 - Time: 3.85s - Loss: critic_x=-0.2266, critic_z=-154.1845, encoder=-247.4647, decoder=1.0906
2025-06-24 17:39:26,977 - tadGANs - INFO - Epoch 247/1000 - Time: 3.87s - Loss: critic_x=-0.2232, critic_z=-155.3291, encoder=-248.7557, decoder=1.0750
2025-06-24 17:39:30,805 - tadGANs - INFO - Epoch 248/1000 - Time: 3.83s - Loss: critic_x=-0.2214, critic_z=-156.0009, encoder=-250.8435, decoder=1.0697
2025-06-24 17:39:34,745 - tadGANs - INFO - Epoch 249/1000 - Time: 3.94s - Loss: critic_x=-0.2196, critic_z=-156.9341, encoder=-252.0908, decoder=1.0620
2025-06-24 17:39:38,500 - tadGANs - INFO - Epoch 250/1000 - Time: 3.76s - Loss: critic_x=-0.2186, critic_z=-157.8611, encoder=-253.6602, decoder=1.0582
2025-06-24 17:39:38,516 - tadGANs - INFO - Models saved at epoch 250
2025-06-24 17:39:42,414 - tadGANs - INFO - Epoch 251/1000 - Time: 3.90s - Loss: critic_x=-0.2170, critic_z=-158.8496, encoder=-255.6246, decoder=1.0493
2025-06-24 17:39:46,401 - tadGANs - INFO - Epoch 252/1000 - Time: 3.99s - Loss: critic_x=-0.2154, critic_z=-159.8381, encoder=-257.3972, decoder=1.0439
2025-06-24 17:39:50,185 - tadGANs - INFO - Epoch 253/1000 - Time: 3.78s - Loss: critic_x=-0.2127, critic_z=-160.8629, encoder=-259.1383, decoder=1.0519
2025-06-24 17:39:53,981 - tadGANs - INFO - Epoch 254/1000 - Time: 3.80s - Loss: critic_x=-0.2113, critic_z=-161.9071, encoder=-260.8310, decoder=1.0704
2025-06-24 17:39:57,792 - tadGANs - INFO - Epoch 255/1000 - Time: 3.81s - Loss: critic_x=-0.2104, critic_z=-163.0262, encoder=-263.0100, decoder=1.0767
2025-06-24 17:40:01,575 - tadGANs - INFO - Epoch 256/1000 - Time: 3.78s - Loss: critic_x=-0.2125, critic_z=-163.8802, encoder=-264.2896, decoder=1.0695
2025-06-24 17:40:05,505 - tadGANs - INFO - Epoch 257/1000 - Time: 3.93s - Loss: critic_x=-0.2092, critic_z=-164.8993, encoder=-266.3354, decoder=1.0785
2025-06-24 17:40:09,295 - tadGANs - INFO - Epoch 258/1000 - Time: 3.79s - Loss: critic_x=-0.2074, critic_z=-166.0450, encoder=-268.2307, decoder=1.0806
2025-06-24 17:40:13,093 - tadGANs - INFO - Epoch 259/1000 - Time: 3.80s - Loss: critic_x=-0.2068, critic_z=-166.8379, encoder=-269.4810, decoder=1.0716
2025-06-24 17:40:16,940 - tadGANs - INFO - Epoch 260/1000 - Time: 3.85s - Loss: critic_x=-0.2054, critic_z=-167.9166, encoder=-271.2729, decoder=1.0693
2025-06-24 17:40:16,953 - tadGANs - INFO - Models saved at epoch 260
2025-06-24 17:40:20,841 - tadGANs - INFO - Epoch 261/1000 - Time: 3.89s - Loss: critic_x=-0.2043, critic_z=-168.6982, encoder=-273.0997, decoder=1.0771
2025-06-24 17:40:24,788 - tadGANs - INFO - Epoch 262/1000 - Time: 3.95s - Loss: critic_x=-0.2041, critic_z=-170.2942, encoder=-275.0067, decoder=1.0791
2025-06-24 17:40:28,495 - tadGANs - INFO - Epoch 263/1000 - Time: 3.71s - Loss: critic_x=-0.2020, critic_z=-170.8540, encoder=-276.8495, decoder=1.0530
2025-06-24 17:40:32,377 - tadGANs - INFO - Epoch 264/1000 - Time: 3.88s - Loss: critic_x=-0.1982, critic_z=-171.8993, encoder=-278.6304, decoder=1.0585
2025-06-24 17:40:36,257 - tadGANs - INFO - Epoch 265/1000 - Time: 3.88s - Loss: critic_x=-0.2010, critic_z=-172.9371, encoder=-280.3378, decoder=1.0483
2025-06-24 17:40:40,052 - tadGANs - INFO - Epoch 266/1000 - Time: 3.79s - Loss: critic_x=-0.1998, critic_z=-174.1231, encoder=-282.1747, decoder=1.0519
2025-06-24 17:40:43,916 - tadGANs - INFO - Epoch 267/1000 - Time: 3.86s - Loss: critic_x=-0.1977, critic_z=-174.9346, encoder=-283.8821, decoder=1.0683
2025-06-24 17:40:47,744 - tadGANs - INFO - Epoch 268/1000 - Time: 3.83s - Loss: critic_x=-0.1986, critic_z=-176.1751, encoder=-285.9189, decoder=1.0698
2025-06-24 17:40:51,572 - tadGANs - INFO - Epoch 269/1000 - Time: 3.83s - Loss: critic_x=-0.1993, critic_z=-177.3485, encoder=-287.6752, decoder=1.0831
2025-06-24 17:40:55,403 - tadGANs - INFO - Epoch 270/1000 - Time: 3.83s - Loss: critic_x=-0.1991, critic_z=-178.0786, encoder=-289.7253, decoder=1.0934
2025-06-24 17:40:55,416 - tadGANs - INFO - Models saved at epoch 270
2025-06-24 17:40:59,144 - tadGANs - INFO - Epoch 271/1000 - Time: 3.73s - Loss: critic_x=-0.2006, critic_z=-179.0108, encoder=-291.2670, decoder=1.1017
2025-06-24 17:41:02,923 - tadGANs - INFO - Epoch 272/1000 - Time: 3.78s - Loss: critic_x=-0.2018, critic_z=-180.1898, encoder=-293.2116, decoder=1.1042
2025-06-24 17:41:06,730 - tadGANs - INFO - Epoch 273/1000 - Time: 3.81s - Loss: critic_x=-0.2035, critic_z=-181.2130, encoder=-295.1171, decoder=1.1160
2025-06-24 17:41:10,473 - tadGANs - INFO - Epoch 274/1000 - Time: 3.74s - Loss: critic_x=-0.2048, critic_z=-182.3103, encoder=-296.9963, decoder=1.1099
2025-06-24 17:41:14,498 - tadGANs - INFO - Epoch 275/1000 - Time: 4.02s - Loss: critic_x=-0.2068, critic_z=-183.3708, encoder=-298.9503, decoder=1.1022
2025-06-24 17:41:18,411 - tadGANs - INFO - Epoch 276/1000 - Time: 3.91s - Loss: critic_x=-0.2112, critic_z=-184.4699, encoder=-300.8188, decoder=1.0955
2025-06-24 17:41:22,358 - tadGANs - INFO - Epoch 277/1000 - Time: 3.95s - Loss: critic_x=-0.2099, critic_z=-185.4954, encoder=-302.6174, decoder=1.1099
2025-06-24 17:41:26,288 - tadGANs - INFO - Epoch 278/1000 - Time: 3.93s - Loss: critic_x=-0.2141, critic_z=-186.3614, encoder=-304.2605, decoder=1.1101
2025-06-24 17:41:30,212 - tadGANs - INFO - Epoch 279/1000 - Time: 3.92s - Loss: critic_x=-0.2138, critic_z=-187.5633, encoder=-306.4446, decoder=1.1006
2025-06-24 17:41:34,177 - tadGANs - INFO - Epoch 280/1000 - Time: 3.96s - Loss: critic_x=-0.2119, critic_z=-188.4468, encoder=-307.8881, decoder=1.1040
2025-06-24 17:41:34,195 - tadGANs - INFO - Models saved at epoch 280
2025-06-24 17:41:38,184 - tadGANs - INFO - Epoch 281/1000 - Time: 3.99s - Loss: critic_x=-0.2145, critic_z=-189.6535, encoder=-309.8502, decoder=1.0950
2025-06-24 17:41:42,112 - tadGANs - INFO - Epoch 282/1000 - Time: 3.93s - Loss: critic_x=-0.2158, critic_z=-190.6648, encoder=-312.1813, decoder=1.1034
2025-06-24 17:41:46,101 - tadGANs - INFO - Epoch 283/1000 - Time: 3.99s - Loss: critic_x=-0.2123, critic_z=-191.7742, encoder=-314.1248, decoder=1.1203
2025-06-24 17:41:49,997 - tadGANs - INFO - Epoch 284/1000 - Time: 3.90s - Loss: critic_x=-0.2125, critic_z=-192.9241, encoder=-315.8177, decoder=1.1169
2025-06-24 17:41:53,836 - tadGANs - INFO - Epoch 285/1000 - Time: 3.84s - Loss: critic_x=-0.2127, critic_z=-193.7992, encoder=-317.8839, decoder=1.1172
2025-06-24 17:41:57,846 - tadGANs - INFO - Epoch 286/1000 - Time: 4.01s - Loss: critic_x=-0.2142, critic_z=-194.9117, encoder=-319.1739, decoder=1.1085
2025-06-24 17:42:01,778 - tadGANs - INFO - Epoch 287/1000 - Time: 3.93s - Loss: critic_x=-0.2134, critic_z=-195.9383, encoder=-321.5508, decoder=1.0885
2025-06-24 17:42:05,730 - tadGANs - INFO - Epoch 288/1000 - Time: 3.95s - Loss: critic_x=-0.2123, critic_z=-197.1133, encoder=-323.6146, decoder=1.1025
2025-06-24 17:42:09,704 - tadGANs - INFO - Epoch 289/1000 - Time: 3.97s - Loss: critic_x=-0.2108, critic_z=-198.1307, encoder=-324.9114, decoder=1.1099
2025-06-24 17:42:13,687 - tadGANs - INFO - Epoch 290/1000 - Time: 3.98s - Loss: critic_x=-0.2131, critic_z=-199.3344, encoder=-326.9818, decoder=1.1071
2025-06-24 17:42:13,700 - tadGANs - INFO - Models saved at epoch 290
2025-06-24 17:42:17,601 - tadGANs - INFO - Epoch 291/1000 - Time: 3.90s - Loss: critic_x=-0.2137, critic_z=-200.1218, encoder=-328.8430, decoder=1.1048
2025-06-24 17:42:21,594 - tadGANs - INFO - Epoch 292/1000 - Time: 3.99s - Loss: critic_x=-0.2140, critic_z=-201.5205, encoder=-331.3107, decoder=1.1067
2025-06-24 17:42:25,539 - tadGANs - INFO - Epoch 293/1000 - Time: 3.95s - Loss: critic_x=-0.2126, critic_z=-202.5671, encoder=-333.1926, decoder=1.0856
2025-06-24 17:42:29,496 - tadGANs - INFO - Epoch 294/1000 - Time: 3.96s - Loss: critic_x=-0.2120, critic_z=-203.6588, encoder=-334.8353, decoder=1.0827
2025-06-24 17:42:33,519 - tadGANs - INFO - Epoch 295/1000 - Time: 4.02s - Loss: critic_x=-0.2140, critic_z=-204.7172, encoder=-336.9348, decoder=1.0752
2025-06-24 17:42:37,426 - tadGANs - INFO - Epoch 296/1000 - Time: 3.91s - Loss: critic_x=-0.2111, critic_z=-205.5734, encoder=-338.4951, decoder=1.0624
2025-06-24 17:42:40,940 - tadGANs - INFO - Epoch 297/1000 - Time: 3.51s - Loss: critic_x=-0.2130, critic_z=-206.8125, encoder=-341.0306, decoder=1.0676
2025-06-24 17:42:44,358 - tadGANs - INFO - Epoch 298/1000 - Time: 3.42s - Loss: critic_x=-0.2089, critic_z=-208.2272, encoder=-343.0015, decoder=1.0712
2025-06-24 17:42:47,926 - tadGANs - INFO - Epoch 299/1000 - Time: 3.57s - Loss: critic_x=-0.2071, critic_z=-208.8769, encoder=-344.5641, decoder=1.0897
2025-06-24 17:42:51,310 - tadGANs - INFO - Epoch 300/1000 - Time: 3.38s - Loss: critic_x=-0.2100, critic_z=-210.1902, encoder=-346.8922, decoder=1.1038
2025-06-24 17:42:51,323 - tadGANs - INFO - Models saved at epoch 300
2025-06-24 17:42:54,776 - tadGANs - INFO - Epoch 301/1000 - Time: 3.45s - Loss: critic_x=-0.2089, critic_z=-211.3650, encoder=-348.3983, decoder=1.1194
2025-06-24 17:42:58,075 - tadGANs - INFO - Epoch 302/1000 - Time: 3.30s - Loss: critic_x=-0.2105, critic_z=-212.4269, encoder=-350.3114, decoder=1.1315
2025-06-24 17:43:01,593 - tadGANs - INFO - Epoch 303/1000 - Time: 3.52s - Loss: critic_x=-0.2128, critic_z=-213.2924, encoder=-352.4157, decoder=1.1494
2025-06-24 17:43:04,930 - tadGANs - INFO - Epoch 304/1000 - Time: 3.34s - Loss: critic_x=-0.2099, critic_z=-214.7524, encoder=-354.6906, decoder=1.1529
2025-06-24 17:43:08,125 - tadGANs - INFO - Epoch 305/1000 - Time: 3.20s - Loss: critic_x=-0.2153, critic_z=-215.6161, encoder=-356.5481, decoder=1.1425
2025-06-24 17:43:11,753 - tadGANs - INFO - Epoch 306/1000 - Time: 3.63s - Loss: critic_x=-0.2131, critic_z=-216.5970, encoder=-358.6388, decoder=1.1286
2025-06-24 17:43:15,060 - tadGANs - INFO - Epoch 307/1000 - Time: 3.31s - Loss: critic_x=-0.2178, critic_z=-218.2605, encoder=-360.5795, decoder=1.1014
2025-06-24 17:43:18,350 - tadGANs - INFO - Epoch 308/1000 - Time: 3.29s - Loss: critic_x=-0.2227, critic_z=-218.9157, encoder=-362.7573, decoder=1.0730
2025-06-24 17:43:21,807 - tadGANs - INFO - Epoch 309/1000 - Time: 3.46s - Loss: critic_x=-0.2232, critic_z=-220.1511, encoder=-364.5876, decoder=1.0543
2025-06-24 17:43:25,027 - tadGANs - INFO - Epoch 310/1000 - Time: 3.22s - Loss: critic_x=-0.2236, critic_z=-221.6379, encoder=-366.8282, decoder=1.0519
2025-06-24 17:43:25,042 - tadGANs - INFO - Models saved at epoch 310
2025-06-24 17:43:28,148 - tadGANs - INFO - Epoch 311/1000 - Time: 3.11s - Loss: critic_x=-0.2262, critic_z=-222.2566, encoder=-368.6640, decoder=1.0427
2025-06-24 17:43:31,490 - tadGANs - INFO - Epoch 312/1000 - Time: 3.34s - Loss: critic_x=-0.2225, critic_z=-223.6288, encoder=-370.8252, decoder=1.0499
2025-06-24 17:43:34,642 - tadGANs - INFO - Epoch 313/1000 - Time: 3.15s - Loss: critic_x=-0.2247, critic_z=-224.8813, encoder=-373.1669, decoder=1.0984
2025-06-24 17:43:38,029 - tadGANs - INFO - Epoch 314/1000 - Time: 3.39s - Loss: critic_x=-0.2276, critic_z=-225.8883, encoder=-374.5373, decoder=1.0990
2025-06-24 17:43:41,257 - tadGANs - INFO - Epoch 315/1000 - Time: 3.23s - Loss: critic_x=-0.2265, critic_z=-226.6157, encoder=-376.7195, decoder=1.0966
2025-06-24 17:43:44,397 - tadGANs - INFO - Epoch 316/1000 - Time: 3.14s - Loss: critic_x=-0.2241, critic_z=-228.2671, encoder=-378.9028, decoder=1.1123
2025-06-24 17:43:47,675 - tadGANs - INFO - Epoch 317/1000 - Time: 3.28s - Loss: critic_x=-0.2251, critic_z=-229.5182, encoder=-381.2036, decoder=1.1364
2025-06-24 17:43:50,764 - tadGANs - INFO - Epoch 318/1000 - Time: 3.09s - Loss: critic_x=-0.2232, critic_z=-230.3549, encoder=-383.2610, decoder=1.1184
2025-06-24 17:43:54,079 - tadGANs - INFO - Epoch 319/1000 - Time: 3.32s - Loss: critic_x=-0.2224, critic_z=-231.8958, encoder=-385.1921, decoder=1.1068
2025-06-24 17:43:57,264 - tadGANs - INFO - Epoch 320/1000 - Time: 3.18s - Loss: critic_x=-0.2240, critic_z=-232.7843, encoder=-387.3626, decoder=1.0879
2025-06-24 17:43:57,281 - tadGANs - INFO - Models saved at epoch 320
2025-06-24 17:44:00,413 - tadGANs - INFO - Epoch 321/1000 - Time: 3.13s - Loss: critic_x=-0.2239, critic_z=-234.1457, encoder=-389.5832, decoder=1.0889
2025-06-24 17:44:03,738 - tadGANs - INFO - Epoch 322/1000 - Time: 3.32s - Loss: critic_x=-0.2240, critic_z=-235.3098, encoder=-391.8716, decoder=1.0972
2025-06-24 17:44:07,135 - tadGANs - INFO - Epoch 323/1000 - Time: 3.40s - Loss: critic_x=-0.2254, critic_z=-236.1171, encoder=-394.0620, decoder=1.0819
2025-06-24 17:44:10,635 - tadGANs - INFO - Epoch 324/1000 - Time: 3.50s - Loss: critic_x=-0.2238, critic_z=-237.4751, encoder=-395.4506, decoder=1.0757
2025-06-24 17:44:13,902 - tadGANs - INFO - Epoch 325/1000 - Time: 3.27s - Loss: critic_x=-0.2229, critic_z=-238.6244, encoder=-397.7602, decoder=1.0868
2025-06-24 17:44:17,198 - tadGANs - INFO - Epoch 326/1000 - Time: 3.30s - Loss: critic_x=-0.2227, critic_z=-239.8546, encoder=-400.0676, decoder=1.1080
2025-06-24 17:44:20,458 - tadGANs - INFO - Epoch 327/1000 - Time: 3.26s - Loss: critic_x=-0.2214, critic_z=-241.1032, encoder=-401.6331, decoder=1.1120
2025-06-24 17:44:23,604 - tadGANs - INFO - Epoch 328/1000 - Time: 3.15s - Loss: critic_x=-0.2214, critic_z=-241.9634, encoder=-404.5189, decoder=1.1284
2025-06-24 17:44:26,739 - tadGANs - INFO - Epoch 329/1000 - Time: 3.14s - Loss: critic_x=-0.2210, critic_z=-243.3543, encoder=-406.1487, decoder=1.1003
2025-06-24 17:44:29,821 - tadGANs - INFO - Epoch 330/1000 - Time: 3.08s - Loss: critic_x=-0.2207, critic_z=-244.4745, encoder=-408.0641, decoder=1.1015
2025-06-24 17:44:29,832 - tadGANs - INFO - Models saved at epoch 330
2025-06-24 17:44:33,063 - tadGANs - INFO - Epoch 331/1000 - Time: 3.23s - Loss: critic_x=-0.2211, critic_z=-245.6404, encoder=-410.0566, decoder=1.0968
2025-06-24 17:44:36,297 - tadGANs - INFO - Epoch 332/1000 - Time: 3.23s - Loss: critic_x=-0.2211, critic_z=-247.0346, encoder=-412.8068, decoder=1.0914
2025-06-24 17:44:39,513 - tadGANs - INFO - Epoch 333/1000 - Time: 3.22s - Loss: critic_x=-0.2191, critic_z=-247.9281, encoder=-414.4062, decoder=1.0881
2025-06-24 17:44:42,760 - tadGANs - INFO - Epoch 334/1000 - Time: 3.25s - Loss: critic_x=-0.2207, critic_z=-249.0423, encoder=-416.7494, decoder=1.1022
2025-06-24 17:44:46,122 - tadGANs - INFO - Epoch 335/1000 - Time: 3.36s - Loss: critic_x=-0.2202, critic_z=-250.2336, encoder=-418.7642, decoder=1.0909
2025-06-24 17:44:49,376 - tadGANs - INFO - Epoch 336/1000 - Time: 3.25s - Loss: critic_x=-0.2205, critic_z=-251.5509, encoder=-421.0731, decoder=1.0805
2025-06-24 17:44:52,484 - tadGANs - INFO - Epoch 337/1000 - Time: 3.11s - Loss: critic_x=-0.2204, critic_z=-252.5862, encoder=-422.8741, decoder=1.0883
2025-06-24 17:44:55,549 - tadGANs - INFO - Epoch 338/1000 - Time: 3.06s - Loss: critic_x=-0.2211, critic_z=-254.0306, encoder=-424.9654, decoder=1.0733
2025-06-24 17:44:58,744 - tadGANs - INFO - Epoch 339/1000 - Time: 3.19s - Loss: critic_x=-0.2192, critic_z=-255.2741, encoder=-428.3544, decoder=1.0944
2025-06-24 17:45:01,926 - tadGANs - INFO - Epoch 340/1000 - Time: 3.18s - Loss: critic_x=-0.2209, critic_z=-256.3905, encoder=-429.9764, decoder=1.0868
2025-06-24 17:45:01,977 - tadGANs - INFO - Models saved at epoch 340
2025-06-24 17:45:05,178 - tadGANs - INFO - Epoch 341/1000 - Time: 3.20s - Loss: critic_x=-0.2180, critic_z=-257.6802, encoder=-432.1190, decoder=1.0855
2025-06-24 17:45:08,344 - tadGANs - INFO - Epoch 342/1000 - Time: 3.17s - Loss: critic_x=-0.2177, critic_z=-258.6680, encoder=-434.2464, decoder=1.0892
2025-06-24 17:45:11,542 - tadGANs - INFO - Epoch 343/1000 - Time: 3.20s - Loss: critic_x=-0.2166, critic_z=-259.8298, encoder=-436.6699, decoder=1.1025
2025-06-24 17:45:14,833 - tadGANs - INFO - Epoch 344/1000 - Time: 3.29s - Loss: critic_x=-0.2158, critic_z=-261.4010, encoder=-438.8367, decoder=1.1036
2025-06-24 17:45:18,027 - tadGANs - INFO - Epoch 345/1000 - Time: 3.19s - Loss: critic_x=-0.2133, critic_z=-262.5099, encoder=-441.1311, decoder=1.0978
2025-06-24 17:45:21,264 - tadGANs - INFO - Epoch 346/1000 - Time: 3.24s - Loss: critic_x=-0.2098, critic_z=-263.4605, encoder=-442.5183, decoder=1.0825
2025-06-24 17:45:24,376 - tadGANs - INFO - Epoch 347/1000 - Time: 3.11s - Loss: critic_x=-0.2097, critic_z=-264.7926, encoder=-444.9691, decoder=1.0772
2025-06-24 17:45:27,695 - tadGANs - INFO - Epoch 348/1000 - Time: 3.32s - Loss: critic_x=-0.2067, critic_z=-265.9905, encoder=-447.3945, decoder=1.0590
2025-06-24 17:45:30,990 - tadGANs - INFO - Epoch 349/1000 - Time: 3.29s - Loss: critic_x=-0.2050, critic_z=-267.3279, encoder=-449.8452, decoder=1.0484
2025-06-24 17:45:33,999 - tadGANs - INFO - Epoch 350/1000 - Time: 3.01s - Loss: critic_x=-0.2046, critic_z=-268.4604, encoder=-451.6256, decoder=1.0331
2025-06-24 17:45:34,016 - tadGANs - INFO - Models saved at epoch 350
2025-06-24 17:45:37,304 - tadGANs - INFO - Epoch 351/1000 - Time: 3.29s - Loss: critic_x=-0.2015, critic_z=-270.0598, encoder=-454.3919, decoder=1.0284
2025-06-24 17:45:40,505 - tadGANs - INFO - Epoch 352/1000 - Time: 3.20s - Loss: critic_x=-0.2008, critic_z=-271.1335, encoder=-456.1938, decoder=1.0153
2025-06-24 17:45:43,542 - tadGANs - INFO - Epoch 353/1000 - Time: 3.04s - Loss: critic_x=-0.1964, critic_z=-272.1251, encoder=-458.5069, decoder=1.0275
2025-06-24 17:45:46,633 - tadGANs - INFO - Epoch 354/1000 - Time: 3.09s - Loss: critic_x=-0.1939, critic_z=-273.2873, encoder=-460.7409, decoder=1.0447
2025-06-24 17:45:49,780 - tadGANs - INFO - Epoch 355/1000 - Time: 3.15s - Loss: critic_x=-0.1920, critic_z=-274.7353, encoder=-463.3024, decoder=1.0534
2025-06-24 17:45:52,911 - tadGANs - INFO - Epoch 356/1000 - Time: 3.13s - Loss: critic_x=-0.1881, critic_z=-276.2545, encoder=-465.6131, decoder=1.0519
2025-06-24 17:45:56,208 - tadGANs - INFO - Epoch 357/1000 - Time: 3.30s - Loss: critic_x=-0.1847, critic_z=-276.9335, encoder=-467.8697, decoder=1.0358
2025-06-24 17:45:59,318 - tadGANs - INFO - Epoch 358/1000 - Time: 3.11s - Loss: critic_x=-0.1796, critic_z=-278.3951, encoder=-469.7531, decoder=1.0306
2025-06-24 17:46:02,465 - tadGANs - INFO - Epoch 359/1000 - Time: 3.15s - Loss: critic_x=-0.1776, critic_z=-279.5886, encoder=-471.7463, decoder=1.0261
2025-06-24 17:46:05,523 - tadGANs - INFO - Epoch 360/1000 - Time: 3.06s - Loss: critic_x=-0.1724, critic_z=-280.8987, encoder=-475.2094, decoder=1.0163
2025-06-24 17:46:05,533 - tadGANs - INFO - Models saved at epoch 360
2025-06-24 17:46:08,632 - tadGANs - INFO - Epoch 361/1000 - Time: 3.10s - Loss: critic_x=-0.1682, critic_z=-282.2222, encoder=-476.5309, decoder=0.9927
2025-06-24 17:46:11,703 - tadGANs - INFO - Epoch 362/1000 - Time: 3.07s - Loss: critic_x=-0.1670, critic_z=-283.4734, encoder=-479.0080, decoder=0.9869
2025-06-24 17:46:14,839 - tadGANs - INFO - Epoch 363/1000 - Time: 3.14s - Loss: critic_x=-0.1590, critic_z=-284.7307, encoder=-481.1408, decoder=1.0114
2025-06-24 17:46:17,991 - tadGANs - INFO - Epoch 364/1000 - Time: 3.15s - Loss: critic_x=-0.1583, critic_z=-286.0288, encoder=-484.0577, decoder=1.0189
2025-06-24 17:46:21,178 - tadGANs - INFO - Epoch 365/1000 - Time: 3.19s - Loss: critic_x=-0.1541, critic_z=-287.1589, encoder=-485.7068, decoder=1.0275
2025-06-24 17:46:24,327 - tadGANs - INFO - Epoch 366/1000 - Time: 3.15s - Loss: critic_x=-0.1495, critic_z=-288.3185, encoder=-487.9615, decoder=1.0362
2025-06-24 17:46:27,400 - tadGANs - INFO - Epoch 367/1000 - Time: 3.07s - Loss: critic_x=-0.1465, critic_z=-289.8976, encoder=-490.6008, decoder=1.0258
2025-06-24 17:46:30,551 - tadGANs - INFO - Epoch 368/1000 - Time: 3.15s - Loss: critic_x=-0.1397, critic_z=-290.8621, encoder=-492.6625, decoder=1.0156
2025-06-24 17:46:33,676 - tadGANs - INFO - Epoch 369/1000 - Time: 3.12s - Loss: critic_x=-0.1388, critic_z=-292.2541, encoder=-495.6201, decoder=1.0216
2025-06-24 17:46:36,801 - tadGANs - INFO - Epoch 370/1000 - Time: 3.13s - Loss: critic_x=-0.1337, critic_z=-293.7133, encoder=-497.2444, decoder=1.0191
2025-06-24 17:46:36,813 - tadGANs - INFO - Models saved at epoch 370
2025-06-24 17:46:39,921 - tadGANs - INFO - Epoch 371/1000 - Time: 3.11s - Loss: critic_x=-0.1297, critic_z=-294.8034, encoder=-499.7818, decoder=0.9937
2025-06-24 17:46:42,983 - tadGANs - INFO - Epoch 372/1000 - Time: 3.06s - Loss: critic_x=-0.1269, critic_z=-296.3678, encoder=-502.5267, decoder=1.0024
2025-06-24 17:46:46,058 - tadGANs - INFO - Epoch 373/1000 - Time: 3.07s - Loss: critic_x=-0.1222, critic_z=-297.5620, encoder=-504.6675, decoder=0.9943
2025-06-24 17:46:49,149 - tadGANs - INFO - Epoch 374/1000 - Time: 3.09s - Loss: critic_x=-0.1170, critic_z=-299.1176, encoder=-507.0813, decoder=0.9748
2025-06-24 17:46:52,123 - tadGANs - INFO - Epoch 375/1000 - Time: 2.97s - Loss: critic_x=-0.1157, critic_z=-300.2664, encoder=-509.6349, decoder=0.9769
2025-06-24 17:46:55,185 - tadGANs - INFO - Epoch 376/1000 - Time: 3.06s - Loss: critic_x=-0.1098, critic_z=-301.4612, encoder=-511.6035, decoder=0.9710
2025-06-24 17:46:58,360 - tadGANs - INFO - Epoch 377/1000 - Time: 3.17s - Loss: critic_x=-0.1081, critic_z=-302.7310, encoder=-513.6240, decoder=0.9727
2025-06-24 17:47:01,489 - tadGANs - INFO - Epoch 378/1000 - Time: 3.13s - Loss: critic_x=-0.1040, critic_z=-304.3449, encoder=-516.4979, decoder=0.9691
2025-06-24 17:47:04,710 - tadGANs - INFO - Epoch 379/1000 - Time: 3.22s - Loss: critic_x=-0.1042, critic_z=-305.2863, encoder=-519.2162, decoder=0.9806
2025-06-24 17:47:07,785 - tadGANs - INFO - Epoch 380/1000 - Time: 3.07s - Loss: critic_x=-0.1003, critic_z=-306.7569, encoder=-521.1345, decoder=0.9949
2025-06-24 17:47:07,796 - tadGANs - INFO - Models saved at epoch 380
2025-06-24 17:47:10,931 - tadGANs - INFO - Epoch 381/1000 - Time: 3.13s - Loss: critic_x=-0.1027, critic_z=-308.1910, encoder=-523.7683, decoder=1.0064
2025-06-24 17:47:14,091 - tadGANs - INFO - Epoch 382/1000 - Time: 3.16s - Loss: critic_x=-0.0989, critic_z=-309.1850, encoder=-526.5495, decoder=1.0179
2025-06-24 17:47:17,137 - tadGANs - INFO - Epoch 383/1000 - Time: 3.05s - Loss: critic_x=-0.0989, critic_z=-310.5769, encoder=-528.8055, decoder=1.0106
2025-06-24 17:47:20,138 - tadGANs - INFO - Epoch 384/1000 - Time: 3.00s - Loss: critic_x=-0.0951, critic_z=-312.1367, encoder=-530.6828, decoder=1.0011
2025-06-24 17:47:23,326 - tadGANs - INFO - Epoch 385/1000 - Time: 3.19s - Loss: critic_x=-0.0954, critic_z=-313.1195, encoder=-532.8779, decoder=1.0159
2025-06-24 17:47:26,424 - tadGANs - INFO - Epoch 386/1000 - Time: 3.10s - Loss: critic_x=-0.0917, critic_z=-314.5247, encoder=-535.9645, decoder=0.9943
2025-06-24 17:47:29,652 - tadGANs - INFO - Epoch 387/1000 - Time: 3.23s - Loss: critic_x=-0.0887, critic_z=-316.1209, encoder=-538.7008, decoder=0.9904
2025-06-24 17:47:32,924 - tadGANs - INFO - Epoch 388/1000 - Time: 3.27s - Loss: critic_x=-0.0905, critic_z=-317.3065, encoder=-540.7505, decoder=0.9529
2025-06-24 17:47:36,034 - tadGANs - INFO - Epoch 389/1000 - Time: 3.11s - Loss: critic_x=-0.0860, critic_z=-318.2360, encoder=-543.8086, decoder=0.9597
2025-06-24 17:47:39,284 - tadGANs - INFO - Epoch 390/1000 - Time: 3.25s - Loss: critic_x=-0.0843, critic_z=-319.8582, encoder=-545.4440, decoder=0.9737
2025-06-24 17:47:39,295 - tadGANs - INFO - Models saved at epoch 390
2025-06-24 17:47:42,517 - tadGANs - INFO - Epoch 391/1000 - Time: 3.22s - Loss: critic_x=-0.0820, critic_z=-321.1330, encoder=-547.9787, decoder=0.9782
2025-06-24 17:47:45,740 - tadGANs - INFO - Epoch 392/1000 - Time: 3.22s - Loss: critic_x=-0.0825, critic_z=-322.6621, encoder=-550.8055, decoder=0.9804
2025-06-24 17:47:48,970 - tadGANs - INFO - Epoch 393/1000 - Time: 3.23s - Loss: critic_x=-0.0815, critic_z=-323.7912, encoder=-553.1676, decoder=0.9949
2025-06-24 17:47:52,123 - tadGANs - INFO - Epoch 394/1000 - Time: 3.15s - Loss: critic_x=-0.0813, critic_z=-324.9446, encoder=-554.7892, decoder=0.9946
2025-06-24 17:47:55,418 - tadGANs - INFO - Epoch 395/1000 - Time: 3.29s - Loss: critic_x=-0.0803, critic_z=-326.6636, encoder=-557.2463, decoder=1.0009
2025-06-24 17:47:58,596 - tadGANs - INFO - Epoch 396/1000 - Time: 3.18s - Loss: critic_x=-0.0796, critic_z=-327.6614, encoder=-559.7527, decoder=0.9778
2025-06-24 17:48:01,723 - tadGANs - INFO - Epoch 397/1000 - Time: 3.13s - Loss: critic_x=-0.0798, critic_z=-329.2221, encoder=-562.5703, decoder=0.9859
2025-06-24 17:48:04,954 - tadGANs - INFO - Epoch 398/1000 - Time: 3.23s - Loss: critic_x=-0.0800, critic_z=-330.3878, encoder=-564.8743, decoder=0.9997
2025-06-24 17:48:08,101 - tadGANs - INFO - Epoch 399/1000 - Time: 3.15s - Loss: critic_x=-0.0825, critic_z=-331.8452, encoder=-567.4666, decoder=0.9961
2025-06-24 17:48:11,282 - tadGANs - INFO - Epoch 400/1000 - Time: 3.18s - Loss: critic_x=-0.0846, critic_z=-333.0516, encoder=-569.5515, decoder=1.0081
2025-06-24 17:48:11,293 - tadGANs - INFO - Models saved at epoch 400
2025-06-24 17:48:14,482 - tadGANs - INFO - Epoch 401/1000 - Time: 3.19s - Loss: critic_x=-0.0843, critic_z=-334.4354, encoder=-572.2711, decoder=0.9981
2025-06-24 17:48:17,609 - tadGANs - INFO - Epoch 402/1000 - Time: 3.13s - Loss: critic_x=-0.0856, critic_z=-336.2306, encoder=-575.0683, decoder=0.9929
2025-06-24 17:48:20,731 - tadGANs - INFO - Epoch 403/1000 - Time: 3.12s - Loss: critic_x=-0.0847, critic_z=-337.3599, encoder=-577.3857, decoder=0.9915
2025-06-24 17:48:23,711 - tadGANs - INFO - Epoch 404/1000 - Time: 2.98s - Loss: critic_x=-0.0843, critic_z=-338.5133, encoder=-579.9324, decoder=0.9928
2025-06-24 17:48:26,877 - tadGANs - INFO - Epoch 405/1000 - Time: 3.17s - Loss: critic_x=-0.0858, critic_z=-340.0277, encoder=-582.1401, decoder=0.9929
2025-06-24 17:48:29,982 - tadGANs - INFO - Epoch 406/1000 - Time: 3.10s - Loss: critic_x=-0.0864, critic_z=-341.2010, encoder=-584.7077, decoder=1.0031
2025-06-24 17:48:33,188 - tadGANs - INFO - Epoch 407/1000 - Time: 3.21s - Loss: critic_x=-0.0878, critic_z=-342.9215, encoder=-587.0079, decoder=1.0082
2025-06-24 17:48:36,293 - tadGANs - INFO - Epoch 408/1000 - Time: 3.10s - Loss: critic_x=-0.0917, critic_z=-344.2941, encoder=-590.1869, decoder=1.0083
2025-06-24 17:48:39,430 - tadGANs - INFO - Epoch 409/1000 - Time: 3.14s - Loss: critic_x=-0.0947, critic_z=-345.8240, encoder=-593.1975, decoder=0.9903
2025-06-24 17:48:42,558 - tadGANs - INFO - Epoch 410/1000 - Time: 3.13s - Loss: critic_x=-0.0933, critic_z=-346.9580, encoder=-595.2282, decoder=0.9797
2025-06-24 17:48:42,575 - tadGANs - INFO - Models saved at epoch 410
2025-06-24 17:48:45,674 - tadGANs - INFO - Epoch 411/1000 - Time: 3.10s - Loss: critic_x=-0.0915, critic_z=-348.2728, encoder=-598.1649, decoder=0.9979
2025-06-24 17:48:48,864 - tadGANs - INFO - Epoch 412/1000 - Time: 3.19s - Loss: critic_x=-0.0891, critic_z=-349.6892, encoder=-600.0413, decoder=1.0114
2025-06-24 17:48:52,096 - tadGANs - INFO - Epoch 413/1000 - Time: 3.23s - Loss: critic_x=-0.0919, critic_z=-351.0675, encoder=-602.3518, decoder=1.0588
2025-06-24 17:48:55,182 - tadGANs - INFO - Epoch 414/1000 - Time: 3.09s - Loss: critic_x=-0.0908, critic_z=-352.3479, encoder=-605.1036, decoder=1.0643
2025-06-24 17:48:58,266 - tadGANs - INFO - Epoch 415/1000 - Time: 3.08s - Loss: critic_x=-0.0918, critic_z=-354.3924, encoder=-608.2141, decoder=1.0682
2025-06-24 17:49:01,284 - tadGANs - INFO - Epoch 416/1000 - Time: 3.02s - Loss: critic_x=-0.0900, critic_z=-355.4354, encoder=-610.8587, decoder=1.0378
2025-06-24 17:49:04,293 - tadGANs - INFO - Epoch 417/1000 - Time: 3.01s - Loss: critic_x=-0.0928, critic_z=-356.3893, encoder=-612.3531, decoder=1.0171
2025-06-24 17:49:07,374 - tadGANs - INFO - Epoch 418/1000 - Time: 3.08s - Loss: critic_x=-0.0974, critic_z=-357.9054, encoder=-615.4296, decoder=1.0083
2025-06-24 17:49:10,304 - tadGANs - INFO - Epoch 419/1000 - Time: 2.93s - Loss: critic_x=-0.1007, critic_z=-359.5464, encoder=-618.1398, decoder=0.9868
2025-06-24 17:49:13,405 - tadGANs - INFO - Epoch 420/1000 - Time: 3.10s - Loss: critic_x=-0.1061, critic_z=-361.2062, encoder=-620.9989, decoder=0.9825
2025-06-24 17:49:13,416 - tadGANs - INFO - Models saved at epoch 420
2025-06-24 17:49:16,576 - tadGANs - INFO - Epoch 421/1000 - Time: 3.16s - Loss: critic_x=-0.1044, critic_z=-362.1324, encoder=-623.4185, decoder=0.9871
2025-06-24 17:49:19,742 - tadGANs - INFO - Epoch 422/1000 - Time: 3.17s - Loss: critic_x=-0.1085, critic_z=-363.8012, encoder=-626.1890, decoder=0.9837
2025-06-24 17:49:22,820 - tadGANs - INFO - Epoch 423/1000 - Time: 3.08s - Loss: critic_x=-0.1107, critic_z=-365.0466, encoder=-628.6763, decoder=0.9809
2025-06-24 17:49:26,023 - tadGANs - INFO - Epoch 424/1000 - Time: 3.20s - Loss: critic_x=-0.1088, critic_z=-366.4975, encoder=-631.0758, decoder=0.9957
2025-06-24 17:49:29,024 - tadGANs - INFO - Epoch 425/1000 - Time: 3.00s - Loss: critic_x=-0.1098, critic_z=-368.1620, encoder=-633.6613, decoder=1.0074
2025-06-24 17:49:32,105 - tadGANs - INFO - Epoch 426/1000 - Time: 3.08s - Loss: critic_x=-0.1088, critic_z=-369.2980, encoder=-636.3217, decoder=1.0041
2025-06-24 17:49:35,077 - tadGANs - INFO - Epoch 427/1000 - Time: 2.97s - Loss: critic_x=-0.1117, critic_z=-370.5072, encoder=-639.0127, decoder=1.0065
2025-06-24 17:49:38,156 - tadGANs - INFO - Epoch 428/1000 - Time: 3.08s - Loss: critic_x=-0.1113, critic_z=-372.1685, encoder=-641.4078, decoder=1.0144
2025-06-24 17:49:41,166 - tadGANs - INFO - Epoch 429/1000 - Time: 3.01s - Loss: critic_x=-0.1128, critic_z=-373.3470, encoder=-644.2023, decoder=1.0151
2025-06-24 17:49:44,365 - tadGANs - INFO - Epoch 430/1000 - Time: 3.20s - Loss: critic_x=-0.1129, critic_z=-374.6250, encoder=-646.4011, decoder=1.0165
2025-06-24 17:49:44,376 - tadGANs - INFO - Models saved at epoch 430
2025-06-24 17:49:47,491 - tadGANs - INFO - Epoch 431/1000 - Time: 3.11s - Loss: critic_x=-0.1144, critic_z=-376.3060, encoder=-649.1074, decoder=1.0111
2025-06-24 17:49:50,566 - tadGANs - INFO - Epoch 432/1000 - Time: 3.08s - Loss: critic_x=-0.1141, critic_z=-377.5855, encoder=-651.8062, decoder=1.0214
2025-06-24 17:49:53,822 - tadGANs - INFO - Epoch 433/1000 - Time: 3.26s - Loss: critic_x=-0.1146, critic_z=-379.3669, encoder=-654.4051, decoder=1.0283
2025-06-24 17:49:56,896 - tadGANs - INFO - Epoch 434/1000 - Time: 3.07s - Loss: critic_x=-0.1168, critic_z=-380.5559, encoder=-657.1086, decoder=1.0353
2025-06-24 17:50:00,097 - tadGANs - INFO - Epoch 435/1000 - Time: 3.20s - Loss: critic_x=-0.1172, critic_z=-382.0874, encoder=-659.3797, decoder=1.0231
2025-06-24 17:50:03,203 - tadGANs - INFO - Epoch 436/1000 - Time: 3.11s - Loss: critic_x=-0.1188, critic_z=-383.8288, encoder=-662.8145, decoder=1.0226
2025-06-24 17:50:06,369 - tadGANs - INFO - Epoch 437/1000 - Time: 3.17s - Loss: critic_x=-0.1178, critic_z=-385.5787, encoder=-665.8764, decoder=1.0361
2025-06-24 17:50:09,440 - tadGANs - INFO - Epoch 438/1000 - Time: 3.07s - Loss: critic_x=-0.1176, critic_z=-386.5320, encoder=-668.0114, decoder=1.0231
2025-06-24 17:50:12,675 - tadGANs - INFO - Epoch 439/1000 - Time: 3.23s - Loss: critic_x=-0.1150, critic_z=-388.1477, encoder=-670.8101, decoder=1.0070
2025-06-24 17:50:15,803 - tadGANs - INFO - Epoch 440/1000 - Time: 3.13s - Loss: critic_x=-0.1213, critic_z=-389.4630, encoder=-673.3428, decoder=0.9987
2025-06-24 17:50:15,814 - tadGANs - INFO - Models saved at epoch 440
2025-06-24 17:50:18,989 - tadGANs - INFO - Epoch 441/1000 - Time: 3.17s - Loss: critic_x=-0.1268, critic_z=-390.7695, encoder=-676.2844, decoder=1.0071
2025-06-24 17:50:22,134 - tadGANs - INFO - Epoch 442/1000 - Time: 3.15s - Loss: critic_x=-0.1276, critic_z=-392.3433, encoder=-678.4405, decoder=0.9827
2025-06-24 17:50:25,299 - tadGANs - INFO - Epoch 443/1000 - Time: 3.16s - Loss: critic_x=-0.1281, critic_z=-393.9530, encoder=-681.5399, decoder=0.9801
2025-06-24 17:50:28,401 - tadGANs - INFO - Epoch 444/1000 - Time: 3.10s - Loss: critic_x=-0.1312, critic_z=-395.3967, encoder=-684.0132, decoder=0.9552
2025-06-24 17:50:31,594 - tadGANs - INFO - Epoch 445/1000 - Time: 3.19s - Loss: critic_x=-0.1300, critic_z=-396.6466, encoder=-687.3713, decoder=0.9646
2025-06-24 17:50:34,690 - tadGANs - INFO - Epoch 446/1000 - Time: 3.10s - Loss: critic_x=-0.1321, critic_z=-398.2034, encoder=-690.0677, decoder=0.9756
2025-06-24 17:50:37,803 - tadGANs - INFO - Epoch 447/1000 - Time: 3.11s - Loss: critic_x=-0.1349, critic_z=-399.4053, encoder=-692.4274, decoder=0.9594
2025-06-24 17:50:40,990 - tadGANs - INFO - Epoch 448/1000 - Time: 3.19s - Loss: critic_x=-0.1371, critic_z=-401.4291, encoder=-695.5297, decoder=0.9704
2025-06-24 17:50:44,036 - tadGANs - INFO - Epoch 449/1000 - Time: 3.05s - Loss: critic_x=-0.1377, critic_z=-402.4144, encoder=-697.3002, decoder=0.9794
2025-06-24 17:50:47,239 - tadGANs - INFO - Epoch 450/1000 - Time: 3.20s - Loss: critic_x=-0.1399, critic_z=-403.9264, encoder=-700.4160, decoder=0.9578
2025-06-24 17:50:47,250 - tadGANs - INFO - Models saved at epoch 450
2025-06-24 17:50:50,347 - tadGANs - INFO - Epoch 451/1000 - Time: 3.10s - Loss: critic_x=-0.1433, critic_z=-405.5405, encoder=-703.1386, decoder=0.9429
2025-06-24 17:50:53,447 - tadGANs - INFO - Epoch 452/1000 - Time: 3.10s - Loss: critic_x=-0.1464, critic_z=-406.9554, encoder=-705.9257, decoder=0.9304
2025-06-24 17:50:56,471 - tadGANs - INFO - Epoch 453/1000 - Time: 3.02s - Loss: critic_x=-0.1474, critic_z=-408.5336, encoder=-708.3898, decoder=0.9324
2025-06-24 17:50:59,563 - tadGANs - INFO - Epoch 454/1000 - Time: 3.09s - Loss: critic_x=-0.1487, critic_z=-410.0313, encoder=-711.1440, decoder=0.9292
2025-06-24 17:51:02,701 - tadGANs - INFO - Epoch 455/1000 - Time: 3.14s - Loss: critic_x=-0.1490, critic_z=-411.3885, encoder=-714.3896, decoder=0.9386
2025-06-24 17:51:05,710 - tadGANs - INFO - Epoch 456/1000 - Time: 3.01s - Loss: critic_x=-0.1482, critic_z=-412.9849, encoder=-716.9375, decoder=0.9465
2025-06-24 17:51:08,766 - tadGANs - INFO - Epoch 457/1000 - Time: 3.06s - Loss: critic_x=-0.1484, critic_z=-414.4838, encoder=-719.7104, decoder=0.9516
2025-06-24 17:51:11,917 - tadGANs - INFO - Epoch 458/1000 - Time: 3.15s - Loss: critic_x=-0.1481, critic_z=-416.5160, encoder=-722.6212, decoder=0.9233
2025-06-24 17:51:15,067 - tadGANs - INFO - Epoch 459/1000 - Time: 3.15s - Loss: critic_x=-0.1463, critic_z=-417.2316, encoder=-724.7591, decoder=0.9228
2025-06-24 17:51:18,245 - tadGANs - INFO - Epoch 460/1000 - Time: 3.18s - Loss: critic_x=-0.1459, critic_z=-419.0488, encoder=-728.0275, decoder=0.9209
2025-06-24 17:51:18,256 - tadGANs - INFO - Models saved at epoch 460
2025-06-24 17:51:21,278 - tadGANs - INFO - Epoch 461/1000 - Time: 3.02s - Loss: critic_x=-0.1428, critic_z=-420.4995, encoder=-730.1721, decoder=0.9289
2025-06-24 17:51:24,263 - tadGANs - INFO - Epoch 462/1000 - Time: 2.98s - Loss: critic_x=-0.1413, critic_z=-422.4466, encoder=-734.4044, decoder=0.9529
2025-06-24 17:51:27,372 - tadGANs - INFO - Epoch 463/1000 - Time: 3.11s - Loss: critic_x=-0.1405, critic_z=-423.8703, encoder=-736.7582, decoder=0.9475
2025-06-24 17:51:30,454 - tadGANs - INFO - Epoch 464/1000 - Time: 3.08s - Loss: critic_x=-0.1404, critic_z=-425.0454, encoder=-739.5151, decoder=0.9341
2025-06-24 17:51:33,445 - tadGANs - INFO - Epoch 465/1000 - Time: 2.99s - Loss: critic_x=-0.1386, critic_z=-426.8085, encoder=-742.4941, decoder=0.9469
2025-06-24 17:51:36,550 - tadGANs - INFO - Epoch 466/1000 - Time: 3.11s - Loss: critic_x=-0.1383, critic_z=-428.3083, encoder=-744.8450, decoder=0.9598
2025-06-24 17:51:39,648 - tadGANs - INFO - Epoch 467/1000 - Time: 3.10s - Loss: critic_x=-0.1375, critic_z=-429.6294, encoder=-748.0023, decoder=0.9723
2025-06-24 17:51:42,674 - tadGANs - INFO - Epoch 468/1000 - Time: 3.03s - Loss: critic_x=-0.1355, critic_z=-431.3335, encoder=-750.9488, decoder=0.9791
2025-06-24 17:51:45,706 - tadGANs - INFO - Epoch 469/1000 - Time: 3.03s - Loss: critic_x=-0.1387, critic_z=-432.8153, encoder=-753.2411, decoder=0.9745
2025-06-24 17:51:48,935 - tadGANs - INFO - Epoch 470/1000 - Time: 3.23s - Loss: critic_x=-0.1378, critic_z=-434.0979, encoder=-756.1040, decoder=0.9711
2025-06-24 17:51:48,951 - tadGANs - INFO - Models saved at epoch 470
2025-06-24 17:51:52,323 - tadGANs - INFO - Epoch 471/1000 - Time: 3.37s - Loss: critic_x=-0.1372, critic_z=-435.8111, encoder=-759.3424, decoder=0.9732
2025-06-24 17:51:55,630 - tadGANs - INFO - Epoch 472/1000 - Time: 3.31s - Loss: critic_x=-0.1366, critic_z=-437.3081, encoder=-762.1870, decoder=0.9621
2025-06-24 17:51:58,829 - tadGANs - INFO - Epoch 473/1000 - Time: 3.20s - Loss: critic_x=-0.1361, critic_z=-439.0897, encoder=-764.6149, decoder=0.9526
2025-06-24 17:52:01,975 - tadGANs - INFO - Epoch 474/1000 - Time: 3.15s - Loss: critic_x=-0.1337, critic_z=-440.5782, encoder=-767.5347, decoder=0.9484
2025-06-24 17:52:05,077 - tadGANs - INFO - Epoch 475/1000 - Time: 3.10s - Loss: critic_x=-0.1351, critic_z=-441.8299, encoder=-770.2227, decoder=0.9544
2025-06-24 17:52:08,174 - tadGANs - INFO - Epoch 476/1000 - Time: 3.10s - Loss: critic_x=-0.1337, critic_z=-443.6182, encoder=-773.5619, decoder=0.9629
2025-06-24 17:52:11,264 - tadGANs - INFO - Epoch 477/1000 - Time: 3.09s - Loss: critic_x=-0.1359, critic_z=-444.8053, encoder=-776.1921, decoder=0.9606
2025-06-24 17:52:14,552 - tadGANs - INFO - Epoch 478/1000 - Time: 3.29s - Loss: critic_x=-0.1377, critic_z=-446.4136, encoder=-778.4227, decoder=0.9640
2025-06-24 17:52:17,666 - tadGANs - INFO - Epoch 479/1000 - Time: 3.11s - Loss: critic_x=-0.1377, critic_z=-448.1832, encoder=-782.1739, decoder=0.9852
2025-06-24 17:52:20,804 - tadGANs - INFO - Epoch 480/1000 - Time: 3.14s - Loss: critic_x=-0.1355, critic_z=-449.7806, encoder=-784.7136, decoder=0.9633
2025-06-24 17:52:20,829 - tadGANs - INFO - Models saved at epoch 480
2025-06-24 17:52:24,006 - tadGANs - INFO - Epoch 481/1000 - Time: 3.18s - Loss: critic_x=-0.1357, critic_z=-451.2966, encoder=-787.9244, decoder=0.9552
2025-06-24 17:52:27,269 - tadGANs - INFO - Epoch 482/1000 - Time: 3.26s - Loss: critic_x=-0.1374, critic_z=-452.8896, encoder=-790.8775, decoder=0.9163
2025-06-24 17:52:30,369 - tadGANs - INFO - Epoch 483/1000 - Time: 3.10s - Loss: critic_x=-0.1371, critic_z=-454.6176, encoder=-794.1803, decoder=0.9070
2025-06-24 17:52:33,519 - tadGANs - INFO - Epoch 484/1000 - Time: 3.15s - Loss: critic_x=-0.1379, critic_z=-456.2241, encoder=-796.4948, decoder=0.9081
2025-06-24 17:52:36,613 - tadGANs - INFO - Epoch 485/1000 - Time: 3.09s - Loss: critic_x=-0.1368, critic_z=-457.5089, encoder=-800.0020, decoder=0.9183
2025-06-24 17:52:39,878 - tadGANs - INFO - Epoch 486/1000 - Time: 3.26s - Loss: critic_x=-0.1384, critic_z=-459.3920, encoder=-803.1615, decoder=0.9442
2025-06-24 17:52:42,973 - tadGANs - INFO - Epoch 487/1000 - Time: 3.09s - Loss: critic_x=-0.1384, critic_z=-460.5482, encoder=-805.3286, decoder=0.9451
2025-06-24 17:52:46,129 - tadGANs - INFO - Epoch 488/1000 - Time: 3.16s - Loss: critic_x=-0.1393, critic_z=-462.0478, encoder=-807.6941, decoder=0.9455
2025-06-24 17:52:49,245 - tadGANs - INFO - Epoch 489/1000 - Time: 3.12s - Loss: critic_x=-0.1374, critic_z=-463.6789, encoder=-810.8807, decoder=0.9418
2025-06-24 17:52:52,394 - tadGANs - INFO - Epoch 490/1000 - Time: 3.15s - Loss: critic_x=-0.1388, critic_z=-465.9832, encoder=-814.2449, decoder=0.9631
2025-06-24 17:52:52,453 - tadGANs - INFO - Models saved at epoch 490
2025-06-24 17:52:55,648 - tadGANs - INFO - Epoch 491/1000 - Time: 3.19s - Loss: critic_x=-0.1385, critic_z=-467.0017, encoder=-817.2257, decoder=0.9587
2025-06-24 17:52:58,738 - tadGANs - INFO - Epoch 492/1000 - Time: 3.09s - Loss: critic_x=-0.1386, critic_z=-468.2876, encoder=-819.5489, decoder=0.9611
2025-06-24 17:53:01,945 - tadGANs - INFO - Epoch 493/1000 - Time: 3.20s - Loss: critic_x=-0.1360, critic_z=-469.8931, encoder=-822.7396, decoder=0.9596
2025-06-24 17:53:05,275 - tadGANs - INFO - Epoch 494/1000 - Time: 3.33s - Loss: critic_x=-0.1377, critic_z=-471.7591, encoder=-826.2269, decoder=0.9492
2025-06-24 17:53:08,555 - tadGANs - INFO - Epoch 495/1000 - Time: 3.28s - Loss: critic_x=-0.1378, critic_z=-473.1895, encoder=-828.9769, decoder=0.9384
2025-06-24 17:53:11,822 - tadGANs - INFO - Epoch 496/1000 - Time: 3.27s - Loss: critic_x=-0.1377, critic_z=-475.1914, encoder=-832.5111, decoder=0.9388
2025-06-24 17:53:15,032 - tadGANs - INFO - Epoch 497/1000 - Time: 3.21s - Loss: critic_x=-0.1381, critic_z=-476.8189, encoder=-834.4926, decoder=0.9274
2025-06-24 17:53:18,245 - tadGANs - INFO - Epoch 498/1000 - Time: 3.21s - Loss: critic_x=-0.1362, critic_z=-478.6021, encoder=-839.3272, decoder=0.9405
2025-06-24 17:53:21,333 - tadGANs - INFO - Epoch 499/1000 - Time: 3.09s - Loss: critic_x=-0.1375, critic_z=-479.8020, encoder=-840.7461, decoder=0.9303
2025-06-24 17:53:24,438 - tadGANs - INFO - Epoch 500/1000 - Time: 3.10s - Loss: critic_x=-0.1371, critic_z=-480.8766, encoder=-843.2602, decoder=0.9371
2025-06-24 17:53:24,451 - tadGANs - INFO - Models saved at epoch 500
2025-06-24 17:53:27,564 - tadGANs - INFO - Epoch 501/1000 - Time: 3.11s - Loss: critic_x=-0.1355, critic_z=-483.1749, encoder=-846.6465, decoder=0.9377
2025-06-24 17:53:30,672 - tadGANs - INFO - Epoch 502/1000 - Time: 3.11s - Loss: critic_x=-0.1368, critic_z=-485.1402, encoder=-850.4747, decoder=0.9414
2025-06-24 17:53:33,804 - tadGANs - INFO - Epoch 503/1000 - Time: 3.13s - Loss: critic_x=-0.1366, critic_z=-486.1034, encoder=-852.9955, decoder=0.9454
2025-06-24 17:53:36,990 - tadGANs - INFO - Epoch 504/1000 - Time: 3.19s - Loss: critic_x=-0.1384, critic_z=-487.9992, encoder=-855.6366, decoder=0.9568
2025-06-24 17:53:40,401 - tadGANs - INFO - Epoch 505/1000 - Time: 3.41s - Loss: critic_x=-0.1369, critic_z=-489.2885, encoder=-858.8696, decoder=0.9460
2025-06-24 17:53:43,567 - tadGANs - INFO - Epoch 506/1000 - Time: 3.17s - Loss: critic_x=-0.1363, critic_z=-491.0709, encoder=-861.3668, decoder=0.9262
2025-06-24 17:53:46,877 - tadGANs - INFO - Epoch 507/1000 - Time: 3.31s - Loss: critic_x=-0.1362, critic_z=-492.5625, encoder=-864.4237, decoder=0.9212
2025-06-24 17:53:50,197 - tadGANs - INFO - Epoch 508/1000 - Time: 3.32s - Loss: critic_x=-0.1361, critic_z=-494.8769, encoder=-868.4397, decoder=0.9201
2025-06-24 17:53:53,496 - tadGANs - INFO - Epoch 509/1000 - Time: 3.30s - Loss: critic_x=-0.1369, critic_z=-495.7511, encoder=-870.8821, decoder=0.9035
2025-06-24 17:53:56,795 - tadGANs - INFO - Epoch 510/1000 - Time: 3.30s - Loss: critic_x=-0.1369, critic_z=-497.7269, encoder=-873.6999, decoder=0.9055
2025-06-24 17:53:56,809 - tadGANs - INFO - Models saved at epoch 510
2025-06-24 17:54:00,033 - tadGANs - INFO - Epoch 511/1000 - Time: 3.22s - Loss: critic_x=-0.1342, critic_z=-499.2418, encoder=-876.9852, decoder=0.9015
2025-06-24 17:54:03,309 - tadGANs - INFO - Epoch 512/1000 - Time: 3.28s - Loss: critic_x=-0.1365, critic_z=-500.5559, encoder=-879.5233, decoder=0.8963
2025-06-24 17:54:06,520 - tadGANs - INFO - Epoch 513/1000 - Time: 3.21s - Loss: critic_x=-0.1339, critic_z=-502.6344, encoder=-883.6037, decoder=0.8964
2025-06-24 17:54:09,730 - tadGANs - INFO - Epoch 514/1000 - Time: 3.21s - Loss: critic_x=-0.1338, critic_z=-503.7991, encoder=-885.5489, decoder=0.8983
2025-06-24 17:54:12,860 - tadGANs - INFO - Epoch 515/1000 - Time: 3.13s - Loss: critic_x=-0.1347, critic_z=-505.5491, encoder=-888.7846, decoder=0.9075
2025-06-24 17:54:15,965 - tadGANs - INFO - Epoch 516/1000 - Time: 3.10s - Loss: critic_x=-0.1321, critic_z=-507.3111, encoder=-891.6627, decoder=0.9005
2025-06-24 17:54:19,148 - tadGANs - INFO - Epoch 517/1000 - Time: 3.18s - Loss: critic_x=-0.1335, critic_z=-508.6416, encoder=-894.9667, decoder=0.9043
2025-06-24 17:54:22,320 - tadGANs - INFO - Epoch 518/1000 - Time: 3.17s - Loss: critic_x=-0.1308, critic_z=-510.6881, encoder=-897.8259, decoder=0.9047
2025-06-24 17:54:25,582 - tadGANs - INFO - Epoch 519/1000 - Time: 3.26s - Loss: critic_x=-0.1335, critic_z=-512.2576, encoder=-901.3620, decoder=0.8955
2025-06-24 17:54:28,628 - tadGANs - INFO - Epoch 520/1000 - Time: 3.05s - Loss: critic_x=-0.1309, critic_z=-513.7165, encoder=-904.9241, decoder=0.8983
2025-06-24 17:54:28,641 - tadGANs - INFO - Models saved at epoch 520
2025-06-24 17:54:31,857 - tadGANs - INFO - Epoch 521/1000 - Time: 3.22s - Loss: critic_x=-0.1306, critic_z=-515.8965, encoder=-908.7758, decoder=0.8947
2025-06-24 17:54:34,932 - tadGANs - INFO - Epoch 522/1000 - Time: 3.08s - Loss: critic_x=-0.1305, critic_z=-517.2099, encoder=-910.4612, decoder=0.9160
2025-06-24 17:54:37,973 - tadGANs - INFO - Epoch 523/1000 - Time: 3.04s - Loss: critic_x=-0.1297, critic_z=-518.9191, encoder=-913.8034, decoder=0.9237
2025-06-24 17:54:41,002 - tadGANs - INFO - Epoch 524/1000 - Time: 3.03s - Loss: critic_x=-0.1303, critic_z=-520.2702, encoder=-917.3328, decoder=0.9284
2025-06-24 17:54:44,177 - tadGANs - INFO - Epoch 525/1000 - Time: 3.17s - Loss: critic_x=-0.1298, critic_z=-523.0004, encoder=-920.7457, decoder=0.9228
2025-06-24 17:54:47,167 - tadGANs - INFO - Epoch 526/1000 - Time: 2.99s - Loss: critic_x=-0.1298, critic_z=-523.5827, encoder=-923.5853, decoder=0.9197
2025-06-24 17:54:50,376 - tadGANs - INFO - Epoch 527/1000 - Time: 3.21s - Loss: critic_x=-0.1291, critic_z=-525.9507, encoder=-926.1168, decoder=0.8941
2025-06-24 17:54:53,641 - tadGANs - INFO - Epoch 528/1000 - Time: 3.26s - Loss: critic_x=-0.1294, critic_z=-527.4040, encoder=-929.9047, decoder=0.8851
2025-06-24 17:54:56,821 - tadGANs - INFO - Epoch 529/1000 - Time: 3.18s - Loss: critic_x=-0.1288, critic_z=-529.1000, encoder=-932.9666, decoder=0.8752
2025-06-24 17:55:00,161 - tadGANs - INFO - Epoch 530/1000 - Time: 3.34s - Loss: critic_x=-0.1255, critic_z=-530.9238, encoder=-935.7627, decoder=0.8693
2025-06-24 17:55:00,175 - tadGANs - INFO - Models saved at epoch 530
2025-06-24 17:55:03,310 - tadGANs - INFO - Epoch 531/1000 - Time: 3.14s - Loss: critic_x=-0.1270, critic_z=-532.2353, encoder=-939.3956, decoder=0.8983
2025-06-24 17:55:06,534 - tadGANs - INFO - Epoch 532/1000 - Time: 3.22s - Loss: critic_x=-0.1286, critic_z=-534.1740, encoder=-942.2147, decoder=0.8851
2025-06-24 17:55:09,748 - tadGANs - INFO - Epoch 533/1000 - Time: 3.21s - Loss: critic_x=-0.1286, critic_z=-536.1656, encoder=-945.9718, decoder=0.8933
2025-06-24 17:55:13,073 - tadGANs - INFO - Epoch 534/1000 - Time: 3.32s - Loss: critic_x=-0.1275, critic_z=-537.4494, encoder=-948.0843, decoder=0.8772
2025-06-24 17:55:16,203 - tadGANs - INFO - Epoch 535/1000 - Time: 3.13s - Loss: critic_x=-0.1280, critic_z=-538.9638, encoder=-951.9990, decoder=0.8746
2025-06-24 17:55:19,339 - tadGANs - INFO - Epoch 536/1000 - Time: 3.14s - Loss: critic_x=-0.1286, critic_z=-540.8441, encoder=-954.7992, decoder=0.8756
2025-06-24 17:55:22,405 - tadGANs - INFO - Epoch 537/1000 - Time: 3.07s - Loss: critic_x=-0.1275, critic_z=-542.3512, encoder=-957.7780, decoder=0.8708
2025-06-24 17:55:25,522 - tadGANs - INFO - Epoch 538/1000 - Time: 3.12s - Loss: critic_x=-0.1275, critic_z=-544.8477, encoder=-961.2588, decoder=0.8739
2025-06-24 17:55:28,666 - tadGANs - INFO - Epoch 539/1000 - Time: 3.14s - Loss: critic_x=-0.1273, critic_z=-545.7912, encoder=-964.4388, decoder=0.8936
2025-06-24 17:55:32,019 - tadGANs - INFO - Epoch 540/1000 - Time: 3.35s - Loss: critic_x=-0.1271, critic_z=-547.7621, encoder=-967.5752, decoder=0.8727
2025-06-24 17:55:32,030 - tadGANs - INFO - Models saved at epoch 540
2025-06-24 17:55:35,189 - tadGANs - INFO - Epoch 541/1000 - Time: 3.16s - Loss: critic_x=-0.1267, critic_z=-549.9406, encoder=-971.2858, decoder=0.8735
2025-06-24 17:55:38,344 - tadGANs - INFO - Epoch 542/1000 - Time: 3.15s - Loss: critic_x=-0.1282, critic_z=-551.5676, encoder=-975.0411, decoder=0.8593
2025-06-24 17:55:41,401 - tadGANs - INFO - Epoch 543/1000 - Time: 3.06s - Loss: critic_x=-0.1284, critic_z=-552.3699, encoder=-977.2144, decoder=0.8523
2025-06-24 17:55:44,626 - tadGANs - INFO - Epoch 544/1000 - Time: 3.22s - Loss: critic_x=-0.1274, critic_z=-554.8568, encoder=-981.3398, decoder=0.8354
2025-06-24 17:55:47,841 - tadGANs - INFO - Epoch 545/1000 - Time: 3.21s - Loss: critic_x=-0.1263, critic_z=-555.7560, encoder=-983.4403, decoder=0.8346
2025-06-24 17:55:51,054 - tadGANs - INFO - Epoch 546/1000 - Time: 3.21s - Loss: critic_x=-0.1264, critic_z=-558.4339, encoder=-987.3525, decoder=0.8395
2025-06-24 17:55:54,065 - tadGANs - INFO - Epoch 547/1000 - Time: 3.01s - Loss: critic_x=-0.1268, critic_z=-559.9961, encoder=-990.5288, decoder=0.8588
2025-06-24 17:55:57,140 - tadGANs - INFO - Epoch 548/1000 - Time: 3.08s - Loss: critic_x=-0.1290, critic_z=-561.1004, encoder=-992.7520, decoder=0.8645
2025-06-24 17:56:00,245 - tadGANs - INFO - Epoch 549/1000 - Time: 3.10s - Loss: critic_x=-0.1294, critic_z=-563.4084, encoder=-997.1093, decoder=0.8693
2025-06-24 17:56:03,327 - tadGANs - INFO - Epoch 550/1000 - Time: 3.08s - Loss: critic_x=-0.1286, critic_z=-565.0690, encoder=-999.6960, decoder=0.8698
2025-06-24 17:56:03,339 - tadGANs - INFO - Models saved at epoch 550
2025-06-24 17:56:06,430 - tadGANs - INFO - Epoch 551/1000 - Time: 3.09s - Loss: critic_x=-0.1283, critic_z=-566.7434, encoder=-1003.3927, decoder=0.8477
2025-06-24 17:56:09,504 - tadGANs - INFO - Epoch 552/1000 - Time: 3.07s - Loss: critic_x=-0.1271, critic_z=-568.4621, encoder=-1006.2233, decoder=0.8721
2025-06-24 17:56:12,688 - tadGANs - INFO - Epoch 553/1000 - Time: 3.18s - Loss: critic_x=-0.1266, critic_z=-569.6606, encoder=-1009.6773, decoder=0.8591
2025-06-24 17:56:15,847 - tadGANs - INFO - Epoch 554/1000 - Time: 3.16s - Loss: critic_x=-0.1256, critic_z=-571.7198, encoder=-1012.6696, decoder=0.8492
2025-06-24 17:56:18,990 - tadGANs - INFO - Epoch 555/1000 - Time: 3.14s - Loss: critic_x=-0.1256, critic_z=-573.6596, encoder=-1016.0916, decoder=0.8486
2025-06-24 17:56:22,034 - tadGANs - INFO - Epoch 556/1000 - Time: 3.04s - Loss: critic_x=-0.1278, critic_z=-575.4258, encoder=-1019.2351, decoder=0.8376
2025-06-24 17:56:25,495 - tadGANs - INFO - Epoch 557/1000 - Time: 3.46s - Loss: critic_x=-0.1267, critic_z=-576.7202, encoder=-1022.4828, decoder=0.8339
2025-06-24 17:56:28,669 - tadGANs - INFO - Epoch 558/1000 - Time: 3.17s - Loss: critic_x=-0.1244, critic_z=-578.8182, encoder=-1025.2206, decoder=0.8389
2025-06-24 17:56:31,838 - tadGANs - INFO - Epoch 559/1000 - Time: 3.17s - Loss: critic_x=-0.1236, critic_z=-580.4745, encoder=-1030.3356, decoder=0.8526
2025-06-24 17:56:34,891 - tadGANs - INFO - Epoch 560/1000 - Time: 3.05s - Loss: critic_x=-0.1240, critic_z=-583.0964, encoder=-1033.2342, decoder=0.8630
2025-06-24 17:56:34,909 - tadGANs - INFO - Models saved at epoch 560
2025-06-24 17:56:37,993 - tadGANs - INFO - Epoch 561/1000 - Time: 3.08s - Loss: critic_x=-0.1238, critic_z=-584.0123, encoder=-1036.3255, decoder=0.8603
2025-06-24 17:56:41,248 - tadGANs - INFO - Epoch 562/1000 - Time: 3.25s - Loss: critic_x=-0.1216, critic_z=-585.8775, encoder=-1039.4308, decoder=0.8558
2025-06-24 17:56:44,433 - tadGANs - INFO - Epoch 563/1000 - Time: 3.18s - Loss: critic_x=-0.1237, critic_z=-587.6524, encoder=-1042.1893, decoder=0.8725
2025-06-24 17:56:47,676 - tadGANs - INFO - Epoch 564/1000 - Time: 3.24s - Loss: critic_x=-0.1211, critic_z=-589.7590, encoder=-1046.2136, decoder=0.8700
2025-06-24 17:56:50,849 - tadGANs - INFO - Epoch 565/1000 - Time: 3.17s - Loss: critic_x=-0.1206, critic_z=-591.3141, encoder=-1049.2783, decoder=0.8569
2025-06-24 17:56:54,251 - tadGANs - INFO - Epoch 566/1000 - Time: 3.40s - Loss: critic_x=-0.1183, critic_z=-593.0694, encoder=-1052.1884, decoder=0.8334
2025-06-24 17:56:57,430 - tadGANs - INFO - Epoch 567/1000 - Time: 3.18s - Loss: critic_x=-0.1209, critic_z=-595.1905, encoder=-1056.2760, decoder=0.8179
2025-06-24 17:57:00,748 - tadGANs - INFO - Epoch 568/1000 - Time: 3.32s - Loss: critic_x=-0.1184, critic_z=-597.1309, encoder=-1059.7512, decoder=0.8086
2025-06-24 17:57:03,876 - tadGANs - INFO - Epoch 569/1000 - Time: 3.13s - Loss: critic_x=-0.1171, critic_z=-598.6841, encoder=-1062.7323, decoder=0.8099
2025-06-24 17:57:07,069 - tadGANs - INFO - Epoch 570/1000 - Time: 3.19s - Loss: critic_x=-0.1134, critic_z=-600.1057, encoder=-1065.8596, decoder=0.8258
2025-06-24 17:57:07,082 - tadGANs - INFO - Models saved at epoch 570
2025-06-24 17:57:10,063 - tadGANs - INFO - Epoch 571/1000 - Time: 2.98s - Loss: critic_x=-0.1156, critic_z=-601.8570, encoder=-1069.2779, decoder=0.8616
2025-06-24 17:57:13,267 - tadGANs - INFO - Epoch 572/1000 - Time: 3.20s - Loss: critic_x=-0.1105, critic_z=-603.7671, encoder=-1072.9960, decoder=0.8610
2025-06-24 17:57:16,414 - tadGANs - INFO - Epoch 573/1000 - Time: 3.15s - Loss: critic_x=-0.1107, critic_z=-605.5776, encoder=-1075.2863, decoder=0.8541
2025-06-24 17:57:19,401 - tadGANs - INFO - Epoch 574/1000 - Time: 2.99s - Loss: critic_x=-0.1079, critic_z=-607.3967, encoder=-1079.2307, decoder=0.8349
2025-06-24 17:57:22,402 - tadGANs - INFO - Epoch 575/1000 - Time: 3.00s - Loss: critic_x=-0.1070, critic_z=-609.2072, encoder=-1083.1632, decoder=0.8236
2025-06-24 17:57:25,404 - tadGANs - INFO - Epoch 576/1000 - Time: 3.00s - Loss: critic_x=-0.1073, critic_z=-610.8293, encoder=-1085.8252, decoder=0.8004
2025-06-24 17:57:28,616 - tadGANs - INFO - Epoch 577/1000 - Time: 3.21s - Loss: critic_x=-0.1021, critic_z=-612.6082, encoder=-1089.3922, decoder=0.8067
2025-06-24 17:57:31,865 - tadGANs - INFO - Epoch 578/1000 - Time: 3.25s - Loss: critic_x=-0.1004, critic_z=-614.2080, encoder=-1092.8587, decoder=0.8153
2025-06-24 17:57:35,028 - tadGANs - INFO - Epoch 579/1000 - Time: 3.16s - Loss: critic_x=-0.0981, critic_z=-616.3616, encoder=-1096.0597, decoder=0.8347
2025-06-24 17:57:38,094 - tadGANs - INFO - Epoch 580/1000 - Time: 3.07s - Loss: critic_x=-0.0993, critic_z=-618.0753, encoder=-1099.8723, decoder=0.8318
2025-06-24 17:57:38,105 - tadGANs - INFO - Models saved at epoch 580
2025-06-24 17:57:41,167 - tadGANs - INFO - Epoch 581/1000 - Time: 3.06s - Loss: critic_x=-0.0961, critic_z=-619.4072, encoder=-1102.8089, decoder=0.8111
2025-06-24 17:57:44,253 - tadGANs - INFO - Epoch 582/1000 - Time: 3.09s - Loss: critic_x=-0.0941, critic_z=-622.4340, encoder=-1107.2347, decoder=0.8169
2025-06-24 17:57:47,463 - tadGANs - INFO - Epoch 583/1000 - Time: 3.21s - Loss: critic_x=-0.0901, critic_z=-623.2917, encoder=-1110.0807, decoder=0.8116
2025-06-24 17:57:50,615 - tadGANs - INFO - Epoch 584/1000 - Time: 3.15s - Loss: critic_x=-0.0887, critic_z=-625.3381, encoder=-1113.2170, decoder=0.8045
2025-06-24 17:57:53,730 - tadGANs - INFO - Epoch 585/1000 - Time: 3.11s - Loss: critic_x=-0.0866, critic_z=-627.3139, encoder=-1116.8860, decoder=0.8210
2025-06-24 17:57:56,745 - tadGANs - INFO - Epoch 586/1000 - Time: 3.01s - Loss: critic_x=-0.0814, critic_z=-629.2938, encoder=-1119.9838, decoder=0.7943
2025-06-24 17:58:00,121 - tadGANs - INFO - Epoch 587/1000 - Time: 3.38s - Loss: critic_x=-0.0839, critic_z=-631.0115, encoder=-1124.1491, decoder=0.8011
2025-06-24 17:58:03,302 - tadGANs - INFO - Epoch 588/1000 - Time: 3.18s - Loss: critic_x=-0.0781, critic_z=-632.5888, encoder=-1127.0289, decoder=0.7976
2025-06-24 17:58:06,435 - tadGANs - INFO - Epoch 589/1000 - Time: 3.13s - Loss: critic_x=-0.0768, critic_z=-634.5062, encoder=-1130.7649, decoder=0.8064
2025-06-24 17:58:09,635 - tadGANs - INFO - Epoch 590/1000 - Time: 3.20s - Loss: critic_x=-0.0772, critic_z=-636.3944, encoder=-1133.5824, decoder=0.8055
2025-06-24 17:58:09,649 - tadGANs - INFO - Models saved at epoch 590
2025-06-24 17:58:12,791 - tadGANs - INFO - Epoch 591/1000 - Time: 3.14s - Loss: critic_x=-0.0755, critic_z=-638.2061, encoder=-1137.6096, decoder=0.8093
2025-06-24 17:58:15,869 - tadGANs - INFO - Epoch 592/1000 - Time: 3.08s - Loss: critic_x=-0.0715, critic_z=-639.4726, encoder=-1140.5513, decoder=0.8088
2025-06-24 17:58:18,954 - tadGANs - INFO - Epoch 593/1000 - Time: 3.08s - Loss: critic_x=-0.0689, critic_z=-642.1064, encoder=-1144.5304, decoder=0.8293
2025-06-24 17:58:22,116 - tadGANs - INFO - Epoch 594/1000 - Time: 3.16s - Loss: critic_x=-0.0682, critic_z=-643.9639, encoder=-1147.5583, decoder=0.8410
2025-06-24 17:58:25,208 - tadGANs - INFO - Epoch 595/1000 - Time: 3.09s - Loss: critic_x=-0.0697, critic_z=-645.5042, encoder=-1151.4938, decoder=0.8485
2025-06-24 17:58:28,377 - tadGANs - INFO - Epoch 596/1000 - Time: 3.17s - Loss: critic_x=-0.0691, critic_z=-648.1592, encoder=-1155.4711, decoder=0.8435
2025-06-24 17:58:31,541 - tadGANs - INFO - Epoch 597/1000 - Time: 3.16s - Loss: critic_x=-0.0665, critic_z=-648.8691, encoder=-1157.4963, decoder=0.8241
2025-06-24 17:58:34,616 - tadGANs - INFO - Epoch 598/1000 - Time: 3.08s - Loss: critic_x=-0.0663, critic_z=-651.4853, encoder=-1162.0685, decoder=0.8078
2025-06-24 17:58:37,659 - tadGANs - INFO - Epoch 599/1000 - Time: 3.04s - Loss: critic_x=-0.0644, critic_z=-653.5177, encoder=-1165.2664, decoder=0.8291
2025-06-24 17:58:41,011 - tadGANs - INFO - Epoch 600/1000 - Time: 3.35s - Loss: critic_x=-0.0648, critic_z=-654.9235, encoder=-1168.4100, decoder=0.8290
2025-06-24 17:58:41,025 - tadGANs - INFO - Models saved at epoch 600
2025-06-24 17:58:44,038 - tadGANs - INFO - Epoch 601/1000 - Time: 3.01s - Loss: critic_x=-0.0666, critic_z=-656.8483, encoder=-1172.6552, decoder=0.8491
2025-06-24 17:58:47,163 - tadGANs - INFO - Epoch 602/1000 - Time: 3.12s - Loss: critic_x=-0.0630, critic_z=-659.2504, encoder=-1175.8028, decoder=0.8183
2025-06-24 17:58:50,294 - tadGANs - INFO - Epoch 603/1000 - Time: 3.13s - Loss: critic_x=-0.0611, critic_z=-660.5456, encoder=-1179.9018, decoder=0.8180
2025-06-24 17:58:53,395 - tadGANs - INFO - Epoch 604/1000 - Time: 3.10s - Loss: critic_x=-0.0599, critic_z=-661.9016, encoder=-1182.2089, decoder=0.8099
2025-06-24 17:58:56,510 - tadGANs - INFO - Epoch 605/1000 - Time: 3.12s - Loss: critic_x=-0.0609, critic_z=-664.7177, encoder=-1186.8913, decoder=0.8092
2025-06-24 17:58:59,544 - tadGANs - INFO - Epoch 606/1000 - Time: 3.03s - Loss: critic_x=-0.0581, critic_z=-665.9528, encoder=-1189.8960, decoder=0.7991
2025-06-24 17:59:02,597 - tadGANs - INFO - Epoch 607/1000 - Time: 3.05s - Loss: critic_x=-0.0550, critic_z=-668.1984, encoder=-1193.1103, decoder=0.8170
2025-06-24 17:59:05,633 - tadGANs - INFO - Epoch 608/1000 - Time: 3.04s - Loss: critic_x=-0.0575, critic_z=-670.4553, encoder=-1198.0004, decoder=0.8232
2025-06-24 17:59:08,698 - tadGANs - INFO - Epoch 609/1000 - Time: 3.06s - Loss: critic_x=-0.0576, critic_z=-671.9835, encoder=-1201.5570, decoder=0.8101
2025-06-24 17:59:11,745 - tadGANs - INFO - Epoch 610/1000 - Time: 3.05s - Loss: critic_x=-0.0557, critic_z=-673.5657, encoder=-1203.9746, decoder=0.8228
2025-06-24 17:59:11,757 - tadGANs - INFO - Models saved at epoch 610
2025-06-24 17:59:14,772 - tadGANs - INFO - Epoch 611/1000 - Time: 3.01s - Loss: critic_x=-0.0594, critic_z=-675.1717, encoder=-1207.1517, decoder=0.8272
2025-06-24 17:59:17,728 - tadGANs - INFO - Epoch 612/1000 - Time: 2.96s - Loss: critic_x=-0.0583, critic_z=-677.7314, encoder=-1211.3755, decoder=0.8351
2025-06-24 17:59:20,742 - tadGANs - INFO - Epoch 613/1000 - Time: 3.01s - Loss: critic_x=-0.0587, critic_z=-679.4237, encoder=-1214.7257, decoder=0.8348
2025-06-24 17:59:23,737 - tadGANs - INFO - Epoch 614/1000 - Time: 3.00s - Loss: critic_x=-0.0593, critic_z=-682.3256, encoder=-1219.6987, decoder=0.8339
2025-06-24 17:59:26,840 - tadGANs - INFO - Epoch 615/1000 - Time: 3.10s - Loss: critic_x=-0.0615, critic_z=-683.5863, encoder=-1222.4030, decoder=0.8043
2025-06-24 17:59:29,879 - tadGANs - INFO - Epoch 616/1000 - Time: 3.04s - Loss: critic_x=-0.0645, critic_z=-684.3874, encoder=-1225.1316, decoder=0.7905
2025-06-24 17:59:33,177 - tadGANs - INFO - Epoch 617/1000 - Time: 3.30s - Loss: critic_x=-0.0618, critic_z=-686.9635, encoder=-1228.7057, decoder=0.7971
2025-06-24 17:59:36,200 - tadGANs - INFO - Epoch 618/1000 - Time: 3.02s - Loss: critic_x=-0.0628, critic_z=-688.4512, encoder=-1232.6116, decoder=0.8128
2025-06-24 17:59:39,297 - tadGANs - INFO - Epoch 619/1000 - Time: 3.10s - Loss: critic_x=-0.0644, critic_z=-690.7601, encoder=-1236.7338, decoder=0.8648
2025-06-24 17:59:42,271 - tadGANs - INFO - Epoch 620/1000 - Time: 2.97s - Loss: critic_x=-0.0654, critic_z=-692.9943, encoder=-1240.0620, decoder=0.8694
2025-06-24 17:59:42,284 - tadGANs - INFO - Models saved at epoch 620
2025-06-24 17:59:45,429 - tadGANs - INFO - Epoch 621/1000 - Time: 3.14s - Loss: critic_x=-0.0659, critic_z=-694.3082, encoder=-1243.2128, decoder=0.8619
2025-06-24 17:59:48,426 - tadGANs - INFO - Epoch 622/1000 - Time: 3.00s - Loss: critic_x=-0.0693, critic_z=-696.4380, encoder=-1246.9724, decoder=0.8777
2025-06-24 17:59:51,578 - tadGANs - INFO - Epoch 623/1000 - Time: 3.15s - Loss: critic_x=-0.0695, critic_z=-698.7741, encoder=-1251.1462, decoder=0.8939
2025-06-24 17:59:54,609 - tadGANs - INFO - Epoch 624/1000 - Time: 3.03s - Loss: critic_x=-0.0722, critic_z=-700.7659, encoder=-1254.9600, decoder=0.8702
2025-06-24 17:59:57,698 - tadGANs - INFO - Epoch 625/1000 - Time: 3.09s - Loss: critic_x=-0.0769, critic_z=-702.8193, encoder=-1258.0401, decoder=0.8614
2025-06-24 18:00:00,738 - tadGANs - INFO - Epoch 626/1000 - Time: 3.04s - Loss: critic_x=-0.0776, critic_z=-704.3648, encoder=-1262.0046, decoder=0.8643
2025-06-24 18:00:03,842 - tadGANs - INFO - Epoch 627/1000 - Time: 3.10s - Loss: critic_x=-0.0778, critic_z=-706.7969, encoder=-1266.5589, decoder=0.8723
2025-06-24 18:00:06,889 - tadGANs - INFO - Epoch 628/1000 - Time: 3.05s - Loss: critic_x=-0.0798, critic_z=-707.8033, encoder=-1269.0009, decoder=0.8660
2025-06-24 18:00:09,965 - tadGANs - INFO - Epoch 629/1000 - Time: 3.08s - Loss: critic_x=-0.0777, critic_z=-710.8332, encoder=-1273.1227, decoder=0.8797
2025-06-24 18:00:13,070 - tadGANs - INFO - Epoch 630/1000 - Time: 3.10s - Loss: critic_x=-0.0830, critic_z=-712.1801, encoder=-1277.3673, decoder=0.8886
2025-06-24 18:00:13,084 - tadGANs - INFO - Models saved at epoch 630
2025-06-24 18:00:16,247 - tadGANs - INFO - Epoch 631/1000 - Time: 3.16s - Loss: critic_x=-0.0864, critic_z=-713.9327, encoder=-1280.4972, decoder=0.8837
2025-06-24 18:00:19,343 - tadGANs - INFO - Epoch 632/1000 - Time: 3.10s - Loss: critic_x=-0.0875, critic_z=-716.8289, encoder=-1284.6440, decoder=0.8865
2025-06-24 18:00:22,386 - tadGANs - INFO - Epoch 633/1000 - Time: 3.04s - Loss: critic_x=-0.0882, critic_z=-718.1618, encoder=-1287.6728, decoder=0.8794
2025-06-24 18:00:25,524 - tadGANs - INFO - Epoch 634/1000 - Time: 3.14s - Loss: critic_x=-0.0871, critic_z=-719.9480, encoder=-1291.6579, decoder=0.8644
2025-06-24 18:00:28,611 - tadGANs - INFO - Epoch 635/1000 - Time: 3.09s - Loss: critic_x=-0.0898, critic_z=-721.9492, encoder=-1294.5818, decoder=0.8670
2025-06-24 18:00:31,679 - tadGANs - INFO - Epoch 636/1000 - Time: 3.07s - Loss: critic_x=-0.0913, critic_z=-724.0270, encoder=-1298.6584, decoder=0.8628
2025-06-24 18:00:35,054 - tadGANs - INFO - Epoch 637/1000 - Time: 3.37s - Loss: critic_x=-0.0918, critic_z=-725.6441, encoder=-1302.5688, decoder=0.8523
2025-06-24 18:00:38,199 - tadGANs - INFO - Epoch 638/1000 - Time: 3.14s - Loss: critic_x=-0.0905, critic_z=-728.0915, encoder=-1305.8684, decoder=0.8532
2025-06-24 18:00:41,341 - tadGANs - INFO - Epoch 639/1000 - Time: 3.14s - Loss: critic_x=-0.0894, critic_z=-729.6832, encoder=-1310.4239, decoder=0.8655
2025-06-24 18:00:44,605 - tadGANs - INFO - Epoch 640/1000 - Time: 3.26s - Loss: critic_x=-0.0901, critic_z=-731.3053, encoder=-1313.3100, decoder=0.8597
2025-06-24 18:00:44,633 - tadGANs - INFO - Models saved at epoch 640
2025-06-24 18:00:47,860 - tadGANs - INFO - Epoch 641/1000 - Time: 3.23s - Loss: critic_x=-0.0875, critic_z=-733.5802, encoder=-1316.9264, decoder=0.8432
2025-06-24 18:00:51,091 - tadGANs - INFO - Epoch 642/1000 - Time: 3.23s - Loss: critic_x=-0.0884, critic_z=-735.8947, encoder=-1320.9016, decoder=0.8489
2025-06-24 18:00:54,306 - tadGANs - INFO - Epoch 643/1000 - Time: 3.22s - Loss: critic_x=-0.0903, critic_z=-737.2959, encoder=-1324.2648, decoder=0.8775
2025-06-24 18:00:57,377 - tadGANs - INFO - Epoch 644/1000 - Time: 3.07s - Loss: critic_x=-0.0867, critic_z=-739.2887, encoder=-1327.9206, decoder=0.8804
2025-06-24 18:01:00,578 - tadGANs - INFO - Epoch 645/1000 - Time: 3.20s - Loss: critic_x=-0.0838, critic_z=-741.5830, encoder=-1332.2021, decoder=0.8617
2025-06-24 18:01:03,629 - tadGANs - INFO - Epoch 646/1000 - Time: 3.05s - Loss: critic_x=-0.0812, critic_z=-743.0191, encoder=-1334.3930, decoder=0.8365
2025-06-24 18:01:06,908 - tadGANs - INFO - Epoch 647/1000 - Time: 3.28s - Loss: critic_x=-0.0818, critic_z=-745.2417, encoder=-1338.6336, decoder=0.8350
2025-06-24 18:01:10,469 - tadGANs - INFO - Epoch 648/1000 - Time: 3.56s - Loss: critic_x=-0.0775, critic_z=-747.5883, encoder=-1343.2218, decoder=0.8203
2025-06-24 18:01:13,505 - tadGANs - INFO - Epoch 649/1000 - Time: 3.04s - Loss: critic_x=-0.0765, critic_z=-749.4334, encoder=-1347.4769, decoder=0.8131
2025-06-24 18:01:16,662 - tadGANs - INFO - Epoch 650/1000 - Time: 3.16s - Loss: critic_x=-0.0740, critic_z=-751.0359, encoder=-1351.1310, decoder=0.8304
2025-06-24 18:01:16,674 - tadGANs - INFO - Models saved at epoch 650
2025-06-24 18:01:19,757 - tadGANs - INFO - Epoch 651/1000 - Time: 3.08s - Loss: critic_x=-0.0751, critic_z=-753.6232, encoder=-1353.4440, decoder=0.8237
2025-06-24 18:01:22,824 - tadGANs - INFO - Epoch 652/1000 - Time: 3.07s - Loss: critic_x=-0.0724, critic_z=-755.6346, encoder=-1358.0057, decoder=0.8343
2025-06-24 18:01:25,907 - tadGANs - INFO - Epoch 653/1000 - Time: 3.08s - Loss: critic_x=-0.0712, critic_z=-757.3114, encoder=-1362.9895, decoder=0.8415
2025-06-24 18:01:28,962 - tadGANs - INFO - Epoch 654/1000 - Time: 3.05s - Loss: critic_x=-0.0696, critic_z=-759.3501, encoder=-1366.2370, decoder=0.8477
2025-06-24 18:01:32,226 - tadGANs - INFO - Epoch 655/1000 - Time: 3.26s - Loss: critic_x=-0.0680, critic_z=-761.0957, encoder=-1369.3918, decoder=0.8469
2025-06-24 18:01:35,286 - tadGANs - INFO - Epoch 656/1000 - Time: 3.06s - Loss: critic_x=-0.0679, critic_z=-763.5500, encoder=-1373.2267, decoder=0.8592
2025-06-24 18:01:38,508 - tadGANs - INFO - Epoch 657/1000 - Time: 3.22s - Loss: critic_x=-0.0671, critic_z=-765.7711, encoder=-1377.5650, decoder=0.8575
2025-06-24 18:01:41,678 - tadGANs - INFO - Epoch 658/1000 - Time: 3.17s - Loss: critic_x=-0.0678, critic_z=-767.8444, encoder=-1381.8922, decoder=0.8518
2025-06-24 18:01:44,919 - tadGANs - INFO - Epoch 659/1000 - Time: 3.24s - Loss: critic_x=-0.0673, critic_z=-769.3901, encoder=-1384.7098, decoder=0.8311
2025-06-24 18:01:48,006 - tadGANs - INFO - Epoch 660/1000 - Time: 3.09s - Loss: critic_x=-0.0661, critic_z=-771.2200, encoder=-1389.0259, decoder=0.8214
2025-06-24 18:01:48,020 - tadGANs - INFO - Models saved at epoch 660
2025-06-24 18:01:51,081 - tadGANs - INFO - Epoch 661/1000 - Time: 3.06s - Loss: critic_x=-0.0675, critic_z=-773.5845, encoder=-1392.6330, decoder=0.8015
2025-06-24 18:01:54,110 - tadGANs - INFO - Epoch 662/1000 - Time: 3.03s - Loss: critic_x=-0.0634, critic_z=-775.5767, encoder=-1396.2988, decoder=0.7989
2025-06-24 18:01:57,115 - tadGANs - INFO - Epoch 663/1000 - Time: 3.00s - Loss: critic_x=-0.0632, critic_z=-777.8845, encoder=-1400.4778, decoder=0.7941
2025-06-24 18:02:00,103 - tadGANs - INFO - Epoch 664/1000 - Time: 2.99s - Loss: critic_x=-0.0656, critic_z=-779.9018, encoder=-1404.4047, decoder=0.8057
2025-06-24 18:02:03,124 - tadGANs - INFO - Epoch 665/1000 - Time: 3.02s - Loss: critic_x=-0.0655, critic_z=-781.4255, encoder=-1407.8153, decoder=0.8218
2025-06-24 18:02:06,188 - tadGANs - INFO - Epoch 666/1000 - Time: 3.06s - Loss: critic_x=-0.0632, critic_z=-783.0886, encoder=-1410.6493, decoder=0.8095
2025-06-24 18:02:09,222 - tadGANs - INFO - Epoch 667/1000 - Time: 3.03s - Loss: critic_x=-0.0623, critic_z=-785.6301, encoder=-1415.7943, decoder=0.8369
2025-06-24 18:02:12,248 - tadGANs - INFO - Epoch 668/1000 - Time: 3.03s - Loss: critic_x=-0.0638, critic_z=-788.7004, encoder=-1420.9668, decoder=0.8426
2025-06-24 18:02:15,383 - tadGANs - INFO - Epoch 669/1000 - Time: 3.13s - Loss: critic_x=-0.0635, critic_z=-789.7838, encoder=-1423.4331, decoder=0.8435
2025-06-24 18:02:18,355 - tadGANs - INFO - Epoch 670/1000 - Time: 2.97s - Loss: critic_x=-0.0637, critic_z=-792.3715, encoder=-1427.7967, decoder=0.8277
2025-06-24 18:02:18,367 - tadGANs - INFO - Models saved at epoch 670
2025-06-24 18:02:21,338 - tadGANs - INFO - Epoch 671/1000 - Time: 2.97s - Loss: critic_x=-0.0618, critic_z=-793.5607, encoder=-1431.5350, decoder=0.8295
2025-06-24 18:02:24,353 - tadGANs - INFO - Epoch 672/1000 - Time: 3.01s - Loss: critic_x=-0.0615, critic_z=-796.1363, encoder=-1435.0213, decoder=0.8224
2025-06-24 18:02:27,456 - tadGANs - INFO - Epoch 673/1000 - Time: 3.10s - Loss: critic_x=-0.0609, critic_z=-798.2910, encoder=-1439.1574, decoder=0.8318
2025-06-24 18:02:30,548 - tadGANs - INFO - Epoch 674/1000 - Time: 3.09s - Loss: critic_x=-0.0598, critic_z=-801.1169, encoder=-1444.3391, decoder=0.8357
2025-06-24 18:02:33,919 - tadGANs - INFO - Epoch 675/1000 - Time: 3.37s - Loss: critic_x=-0.0613, critic_z=-801.9573, encoder=-1447.0720, decoder=0.8255
2025-06-24 18:02:36,965 - tadGANs - INFO - Epoch 676/1000 - Time: 3.05s - Loss: critic_x=-0.0605, critic_z=-803.9482, encoder=-1450.2469, decoder=0.8233
2025-06-24 18:02:39,954 - tadGANs - INFO - Epoch 677/1000 - Time: 2.99s - Loss: critic_x=-0.0602, critic_z=-806.0000, encoder=-1454.7392, decoder=0.8095
2025-06-24 18:02:43,060 - tadGANs - INFO - Epoch 678/1000 - Time: 3.11s - Loss: critic_x=-0.0567, critic_z=-808.0756, encoder=-1458.2203, decoder=0.8286
2025-06-24 18:02:46,051 - tadGANs - INFO - Epoch 679/1000 - Time: 2.99s - Loss: critic_x=-0.0587, critic_z=-810.4053, encoder=-1462.1299, decoder=0.8246
2025-06-24 18:02:49,171 - tadGANs - INFO - Epoch 680/1000 - Time: 3.12s - Loss: critic_x=-0.0578, critic_z=-812.7636, encoder=-1466.2394, decoder=0.8104
2025-06-24 18:02:49,186 - tadGANs - INFO - Models saved at epoch 680
2025-06-24 18:02:52,257 - tadGANs - INFO - Epoch 681/1000 - Time: 3.07s - Loss: critic_x=-0.0574, critic_z=-814.1529, encoder=-1470.7661, decoder=0.8070
2025-06-24 18:02:55,397 - tadGANs - INFO - Epoch 682/1000 - Time: 3.14s - Loss: critic_x=-0.0581, critic_z=-816.6350, encoder=-1473.2829, decoder=0.7921
2025-06-24 18:02:58,517 - tadGANs - INFO - Epoch 683/1000 - Time: 3.12s - Loss: critic_x=-0.0588, critic_z=-819.1762, encoder=-1478.1957, decoder=0.7927
2025-06-24 18:03:01,537 - tadGANs - INFO - Epoch 684/1000 - Time: 3.02s - Loss: critic_x=-0.0633, critic_z=-820.3403, encoder=-1482.3524, decoder=0.7964
2025-06-24 18:03:04,652 - tadGANs - INFO - Epoch 685/1000 - Time: 3.11s - Loss: critic_x=-0.0615, critic_z=-822.6045, encoder=-1484.9193, decoder=0.7921
2025-06-24 18:03:07,769 - tadGANs - INFO - Epoch 686/1000 - Time: 3.12s - Loss: critic_x=-0.0644, critic_z=-824.9763, encoder=-1488.8581, decoder=0.7770
2025-06-24 18:03:10,764 - tadGANs - INFO - Epoch 687/1000 - Time: 2.99s - Loss: critic_x=-0.0636, critic_z=-827.0846, encoder=-1493.8377, decoder=0.7938
2025-06-24 18:03:13,857 - tadGANs - INFO - Epoch 688/1000 - Time: 3.09s - Loss: critic_x=-0.0652, critic_z=-829.0237, encoder=-1498.7382, decoder=0.7898
2025-06-24 18:03:16,972 - tadGANs - INFO - Epoch 689/1000 - Time: 3.11s - Loss: critic_x=-0.0687, critic_z=-831.1229, encoder=-1502.1022, decoder=0.7907
2025-06-24 18:03:20,237 - tadGANs - INFO - Epoch 690/1000 - Time: 3.26s - Loss: critic_x=-0.0686, critic_z=-832.7648, encoder=-1505.2856, decoder=0.7680
2025-06-24 18:03:20,253 - tadGANs - INFO - Models saved at epoch 690
2025-06-24 18:03:23,461 - tadGANs - INFO - Epoch 691/1000 - Time: 3.21s - Loss: critic_x=-0.0675, critic_z=-835.4239, encoder=-1509.2744, decoder=0.7771
2025-06-24 18:03:26,652 - tadGANs - INFO - Epoch 692/1000 - Time: 3.19s - Loss: critic_x=-0.0674, critic_z=-837.7250, encoder=-1514.4549, decoder=0.7808
2025-06-24 18:03:29,772 - tadGANs - INFO - Epoch 693/1000 - Time: 3.12s - Loss: critic_x=-0.0706, critic_z=-839.9515, encoder=-1516.7610, decoder=0.7825
2025-06-24 18:03:32,943 - tadGANs - INFO - Epoch 694/1000 - Time: 3.17s - Loss: critic_x=-0.0717, critic_z=-842.3408, encoder=-1523.4327, decoder=0.8121
2025-06-24 18:03:36,074 - tadGANs - INFO - Epoch 695/1000 - Time: 3.13s - Loss: critic_x=-0.0710, critic_z=-843.4737, encoder=-1526.3069, decoder=0.8136
2025-06-24 18:03:39,202 - tadGANs - INFO - Epoch 696/1000 - Time: 3.13s - Loss: critic_x=-0.0699, critic_z=-845.6589, encoder=-1529.8467, decoder=0.8122
2025-06-24 18:03:42,325 - tadGANs - INFO - Epoch 697/1000 - Time: 3.12s - Loss: critic_x=-0.0697, critic_z=-848.7004, encoder=-1533.6475, decoder=0.8037
2025-06-24 18:03:45,524 - tadGANs - INFO - Epoch 698/1000 - Time: 3.20s - Loss: critic_x=-0.0718, critic_z=-849.9378, encoder=-1538.0087, decoder=0.8065
2025-06-24 18:03:48,593 - tadGANs - INFO - Epoch 699/1000 - Time: 3.07s - Loss: critic_x=-0.0698, critic_z=-852.5727, encoder=-1542.5694, decoder=0.7993
2025-06-24 18:03:51,671 - tadGANs - INFO - Epoch 700/1000 - Time: 3.08s - Loss: critic_x=-0.0711, critic_z=-854.8428, encoder=-1547.2663, decoder=0.8048
2025-06-24 18:03:51,684 - tadGANs - INFO - Models saved at epoch 700
2025-06-24 18:03:54,792 - tadGANs - INFO - Epoch 701/1000 - Time: 3.11s - Loss: critic_x=-0.0708, critic_z=-856.6846, encoder=-1549.5451, decoder=0.7770
2025-06-24 18:03:57,985 - tadGANs - INFO - Epoch 702/1000 - Time: 3.19s - Loss: critic_x=-0.0714, critic_z=-858.8440, encoder=-1553.5510, decoder=0.7971
2025-06-24 18:04:01,119 - tadGANs - INFO - Epoch 703/1000 - Time: 3.13s - Loss: critic_x=-0.0704, critic_z=-861.1534, encoder=-1558.5886, decoder=0.7958
2025-06-24 18:04:04,371 - tadGANs - INFO - Epoch 704/1000 - Time: 3.25s - Loss: critic_x=-0.0702, critic_z=-863.1200, encoder=-1563.2034, decoder=0.7945
2025-06-24 18:04:07,394 - tadGANs - INFO - Epoch 705/1000 - Time: 3.02s - Loss: critic_x=-0.0706, critic_z=-865.4526, encoder=-1566.6151, decoder=0.7996
2025-06-24 18:04:10,446 - tadGANs - INFO - Epoch 706/1000 - Time: 3.05s - Loss: critic_x=-0.0711, critic_z=-867.4178, encoder=-1571.5830, decoder=0.7841
2025-06-24 18:04:13,488 - tadGANs - INFO - Epoch 707/1000 - Time: 3.04s - Loss: critic_x=-0.0724, critic_z=-869.2877, encoder=-1573.5874, decoder=0.7501
2025-06-24 18:04:16,544 - tadGANs - INFO - Epoch 708/1000 - Time: 3.06s - Loss: critic_x=-0.0696, critic_z=-871.8267, encoder=-1577.6871, decoder=0.7452
2025-06-24 18:04:19,573 - tadGANs - INFO - Epoch 709/1000 - Time: 3.03s - Loss: critic_x=-0.0728, critic_z=-873.8865, encoder=-1583.2149, decoder=0.7520
2025-06-24 18:04:22,627 - tadGANs - INFO - Epoch 710/1000 - Time: 3.05s - Loss: critic_x=-0.0725, critic_z=-875.9558, encoder=-1586.8202, decoder=0.7505
2025-06-24 18:04:22,661 - tadGANs - INFO - Models saved at epoch 710
2025-06-24 18:04:25,744 - tadGANs - INFO - Epoch 711/1000 - Time: 3.08s - Loss: critic_x=-0.0744, critic_z=-878.5459, encoder=-1591.1850, decoder=0.7517
2025-06-24 18:04:28,883 - tadGANs - INFO - Epoch 712/1000 - Time: 3.14s - Loss: critic_x=-0.0741, critic_z=-880.7800, encoder=-1594.7266, decoder=0.7425
2025-06-24 18:04:32,097 - tadGANs - INFO - Epoch 713/1000 - Time: 3.21s - Loss: critic_x=-0.0752, critic_z=-882.2163, encoder=-1598.5978, decoder=0.7244
2025-06-24 18:04:35,091 - tadGANs - INFO - Epoch 714/1000 - Time: 2.99s - Loss: critic_x=-0.0769, critic_z=-885.3261, encoder=-1602.8047, decoder=0.7364
2025-06-24 18:04:38,184 - tadGANs - INFO - Epoch 715/1000 - Time: 3.09s - Loss: critic_x=-0.0734, critic_z=-887.3107, encoder=-1608.8506, decoder=0.7403
2025-06-24 18:04:41,311 - tadGANs - INFO - Epoch 716/1000 - Time: 3.13s - Loss: critic_x=-0.0746, critic_z=-888.9543, encoder=-1611.0811, decoder=0.7539
2025-06-24 18:04:44,489 - tadGANs - INFO - Epoch 717/1000 - Time: 3.18s - Loss: critic_x=-0.0773, critic_z=-891.0875, encoder=-1614.9266, decoder=0.7599
2025-06-24 18:04:47,618 - tadGANs - INFO - Epoch 718/1000 - Time: 3.13s - Loss: critic_x=-0.0753, critic_z=-893.6862, encoder=-1619.3539, decoder=0.7632
2025-06-24 18:04:50,624 - tadGANs - INFO - Epoch 719/1000 - Time: 3.01s - Loss: critic_x=-0.0770, critic_z=-895.9857, encoder=-1624.2009, decoder=0.7872
2025-06-24 18:04:53,782 - tadGANs - INFO - Epoch 720/1000 - Time: 3.16s - Loss: critic_x=-0.0766, critic_z=-897.6652, encoder=-1628.3948, decoder=0.7856
2025-06-24 18:04:53,795 - tadGANs - INFO - Models saved at epoch 720
2025-06-24 18:04:56,931 - tadGANs - INFO - Epoch 721/1000 - Time: 3.14s - Loss: critic_x=-0.0746, critic_z=-899.1047, encoder=-1632.6239, decoder=0.7706
2025-06-24 18:05:00,021 - tadGANs - INFO - Epoch 722/1000 - Time: 3.09s - Loss: critic_x=-0.0725, critic_z=-901.8135, encoder=-1637.1278, decoder=0.7876
2025-06-24 18:05:03,160 - tadGANs - INFO - Epoch 723/1000 - Time: 3.14s - Loss: critic_x=-0.0724, critic_z=-904.1677, encoder=-1640.4428, decoder=0.7716
2025-06-24 18:05:06,207 - tadGANs - INFO - Epoch 724/1000 - Time: 3.05s - Loss: critic_x=-0.0735, critic_z=-905.9372, encoder=-1643.7735, decoder=0.7732
2025-06-24 18:05:09,226 - tadGANs - INFO - Epoch 725/1000 - Time: 3.02s - Loss: critic_x=-0.0720, critic_z=-908.3806, encoder=-1647.9281, decoder=0.7706
2025-06-24 18:05:12,268 - tadGANs - INFO - Epoch 726/1000 - Time: 3.04s - Loss: critic_x=-0.0713, critic_z=-910.1280, encoder=-1651.8809, decoder=0.7584
2025-06-24 18:05:15,306 - tadGANs - INFO - Epoch 727/1000 - Time: 3.04s - Loss: critic_x=-0.0727, critic_z=-913.5131, encoder=-1657.3445, decoder=0.7642
2025-06-24 18:05:18,298 - tadGANs - INFO - Epoch 728/1000 - Time: 2.99s - Loss: critic_x=-0.0685, critic_z=-915.7214, encoder=-1661.2702, decoder=0.7542
2025-06-24 18:05:21,345 - tadGANs - INFO - Epoch 729/1000 - Time: 3.05s - Loss: critic_x=-0.0718, critic_z=-917.0567, encoder=-1664.9754, decoder=0.7274
2025-06-24 18:05:24,393 - tadGANs - INFO - Epoch 730/1000 - Time: 3.05s - Loss: critic_x=-0.0677, critic_z=-919.5627, encoder=-1669.8192, decoder=0.7160
2025-06-24 18:05:24,405 - tadGANs - INFO - Models saved at epoch 730
2025-06-24 18:05:27,560 - tadGANs - INFO - Epoch 731/1000 - Time: 3.15s - Loss: critic_x=-0.0686, critic_z=-921.2737, encoder=-1673.1385, decoder=0.7070
2025-06-24 18:05:30,565 - tadGANs - INFO - Epoch 732/1000 - Time: 3.00s - Loss: critic_x=-0.0681, critic_z=-923.9972, encoder=-1677.9840, decoder=0.7130
2025-06-24 18:05:33,612 - tadGANs - INFO - Epoch 733/1000 - Time: 3.05s - Loss: critic_x=-0.0679, critic_z=-926.0870, encoder=-1682.1564, decoder=0.7322
2025-06-24 18:05:36,723 - tadGANs - INFO - Epoch 734/1000 - Time: 3.11s - Loss: critic_x=-0.0700, critic_z=-928.5334, encoder=-1686.6856, decoder=0.7382
2025-06-24 18:05:39,926 - tadGANs - INFO - Epoch 735/1000 - Time: 3.20s - Loss: critic_x=-0.0678, critic_z=-931.1036, encoder=-1690.7099, decoder=0.7207
2025-06-24 18:05:43,072 - tadGANs - INFO - Epoch 736/1000 - Time: 3.15s - Loss: critic_x=-0.0660, critic_z=-932.6321, encoder=-1694.6656, decoder=0.7211
2025-06-24 18:05:46,200 - tadGANs - INFO - Epoch 737/1000 - Time: 3.13s - Loss: critic_x=-0.0658, critic_z=-935.2390, encoder=-1698.5057, decoder=0.7162
2025-06-24 18:05:49,297 - tadGANs - INFO - Epoch 738/1000 - Time: 3.10s - Loss: critic_x=-0.0683, critic_z=-937.7785, encoder=-1703.0172, decoder=0.6992
2025-06-24 18:05:52,504 - tadGANs - INFO - Epoch 739/1000 - Time: 3.21s - Loss: critic_x=-0.0658, critic_z=-939.2814, encoder=-1706.6654, decoder=0.7081
2025-06-24 18:05:55,836 - tadGANs - INFO - Epoch 740/1000 - Time: 3.33s - Loss: critic_x=-0.0665, critic_z=-941.7746, encoder=-1712.6672, decoder=0.7270
2025-06-24 18:05:55,848 - tadGANs - INFO - Models saved at epoch 740
2025-06-24 18:05:58,907 - tadGANs - INFO - Epoch 741/1000 - Time: 3.06s - Loss: critic_x=-0.0669, critic_z=-944.4647, encoder=-1715.7121, decoder=0.7124
2025-06-24 18:06:02,061 - tadGANs - INFO - Epoch 742/1000 - Time: 3.15s - Loss: critic_x=-0.0674, critic_z=-946.1981, encoder=-1719.8252, decoder=0.7078
2025-06-24 18:06:05,056 - tadGANs - INFO - Epoch 743/1000 - Time: 3.00s - Loss: critic_x=-0.0660, critic_z=-948.6933, encoder=-1724.4160, decoder=0.7134
2025-06-24 18:06:08,118 - tadGANs - INFO - Epoch 744/1000 - Time: 3.06s - Loss: critic_x=-0.0659, critic_z=-951.0182, encoder=-1728.2545, decoder=0.7285
2025-06-24 18:06:11,149 - tadGANs - INFO - Epoch 745/1000 - Time: 3.03s - Loss: critic_x=-0.0669, critic_z=-952.7252, encoder=-1732.3110, decoder=0.7342
2025-06-24 18:06:14,371 - tadGANs - INFO - Epoch 746/1000 - Time: 3.22s - Loss: critic_x=-0.0690, critic_z=-955.5577, encoder=-1737.4526, decoder=0.7440
2025-06-24 18:06:17,656 - tadGANs - INFO - Epoch 747/1000 - Time: 3.29s - Loss: critic_x=-0.0713, critic_z=-957.5675, encoder=-1742.1889, decoder=0.7682
2025-06-24 18:06:20,848 - tadGANs - INFO - Epoch 748/1000 - Time: 3.19s - Loss: critic_x=-0.0708, critic_z=-959.8184, encoder=-1745.1935, decoder=0.7590
2025-06-24 18:06:23,945 - tadGANs - INFO - Epoch 749/1000 - Time: 3.10s - Loss: critic_x=-0.0715, critic_z=-962.7984, encoder=-1750.5094, decoder=0.7489
2025-06-24 18:06:26,971 - tadGANs - INFO - Epoch 750/1000 - Time: 3.03s - Loss: critic_x=-0.0774, critic_z=-964.7079, encoder=-1755.2300, decoder=0.7218
2025-06-24 18:06:26,985 - tadGANs - INFO - Models saved at epoch 750
2025-06-24 18:06:30,083 - tadGANs - INFO - Epoch 751/1000 - Time: 3.10s - Loss: critic_x=-0.0801, critic_z=-966.9710, encoder=-1759.1984, decoder=0.7061
2025-06-24 18:06:33,097 - tadGANs - INFO - Epoch 752/1000 - Time: 3.01s - Loss: critic_x=-0.0774, critic_z=-968.7208, encoder=-1762.8723, decoder=0.7165
2025-06-24 18:06:36,128 - tadGANs - INFO - Epoch 753/1000 - Time: 3.03s - Loss: critic_x=-0.0794, critic_z=-972.0137, encoder=-1767.9445, decoder=0.7039
2025-06-24 18:06:39,150 - tadGANs - INFO - Epoch 754/1000 - Time: 3.02s - Loss: critic_x=-0.0791, critic_z=-973.4796, encoder=-1771.1353, decoder=0.7168
2025-06-24 18:06:42,214 - tadGANs - INFO - Epoch 755/1000 - Time: 3.06s - Loss: critic_x=-0.0793, critic_z=-976.1703, encoder=-1775.9992, decoder=0.7060
2025-06-24 18:06:45,227 - tadGANs - INFO - Epoch 756/1000 - Time: 3.01s - Loss: critic_x=-0.0819, critic_z=-977.9299, encoder=-1781.2264, decoder=0.7160
2025-06-24 18:06:48,505 - tadGANs - INFO - Epoch 757/1000 - Time: 3.28s - Loss: critic_x=-0.0793, critic_z=-980.1700, encoder=-1784.9222, decoder=0.6936
2025-06-24 18:06:51,658 - tadGANs - INFO - Epoch 758/1000 - Time: 3.15s - Loss: critic_x=-0.0799, critic_z=-982.4841, encoder=-1788.5282, decoder=0.6978
2025-06-24 18:06:55,072 - tadGANs - INFO - Epoch 759/1000 - Time: 3.41s - Loss: critic_x=-0.0790, critic_z=-984.6973, encoder=-1793.4834, decoder=0.6959
2025-06-24 18:06:58,802 - tadGANs - INFO - Epoch 760/1000 - Time: 3.73s - Loss: critic_x=-0.0798, critic_z=-986.9319, encoder=-1797.2823, decoder=0.6638
2025-06-24 18:06:58,823 - tadGANs - INFO - Models saved at epoch 760
2025-06-24 18:07:02,366 - tadGANs - INFO - Epoch 761/1000 - Time: 3.54s - Loss: critic_x=-0.0777, critic_z=-988.8190, encoder=-1801.3234, decoder=0.6708
2025-06-24 18:07:05,863 - tadGANs - INFO - Epoch 762/1000 - Time: 3.50s - Loss: critic_x=-0.0774, critic_z=-991.6316, encoder=-1806.4319, decoder=0.6712
2025-06-24 18:07:09,096 - tadGANs - INFO - Epoch 763/1000 - Time: 3.23s - Loss: critic_x=-0.0774, critic_z=-994.0765, encoder=-1810.8182, decoder=0.6795
2025-06-24 18:07:12,365 - tadGANs - INFO - Epoch 764/1000 - Time: 3.27s - Loss: critic_x=-0.0753, critic_z=-996.1218, encoder=-1814.4412, decoder=0.6949
2025-06-24 18:07:15,530 - tadGANs - INFO - Epoch 765/1000 - Time: 3.16s - Loss: critic_x=-0.0765, critic_z=-998.7728, encoder=-1820.6956, decoder=0.7086
2025-06-24 18:07:18,720 - tadGANs - INFO - Epoch 766/1000 - Time: 3.19s - Loss: critic_x=-0.0765, critic_z=-1001.4935, encoder=-1824.3006, decoder=0.7010
2025-06-24 18:07:21,961 - tadGANs - INFO - Epoch 767/1000 - Time: 3.24s - Loss: critic_x=-0.0732, critic_z=-1003.3260, encoder=-1829.2136, decoder=0.7021
2025-06-24 18:07:25,150 - tadGANs - INFO - Epoch 768/1000 - Time: 3.19s - Loss: critic_x=-0.0753, critic_z=-1005.5376, encoder=-1833.8205, decoder=0.7128
2025-06-24 18:07:28,352 - tadGANs - INFO - Epoch 769/1000 - Time: 3.20s - Loss: critic_x=-0.0752, critic_z=-1007.6611, encoder=-1837.6568, decoder=0.7288
2025-06-24 18:07:31,499 - tadGANs - INFO - Epoch 770/1000 - Time: 3.15s - Loss: critic_x=-0.0764, critic_z=-1009.7094, encoder=-1841.0211, decoder=0.7135
2025-06-24 18:07:31,511 - tadGANs - INFO - Models saved at epoch 770
2025-06-24 18:07:34,840 - tadGANs - INFO - Epoch 771/1000 - Time: 3.33s - Loss: critic_x=-0.0728, critic_z=-1012.5938, encoder=-1846.3230, decoder=0.7258
2025-06-24 18:07:38,100 - tadGANs - INFO - Epoch 772/1000 - Time: 3.26s - Loss: critic_x=-0.0724, critic_z=-1014.6281, encoder=-1850.6071, decoder=0.7353
2025-06-24 18:07:41,262 - tadGANs - INFO - Epoch 773/1000 - Time: 3.16s - Loss: critic_x=-0.0692, critic_z=-1017.2339, encoder=-1856.2517, decoder=0.7158
2025-06-24 18:07:44,456 - tadGANs - INFO - Epoch 774/1000 - Time: 3.19s - Loss: critic_x=-0.0696, critic_z=-1019.8969, encoder=-1859.5533, decoder=0.7120
2025-06-24 18:07:47,626 - tadGANs - INFO - Epoch 775/1000 - Time: 3.17s - Loss: critic_x=-0.0674, critic_z=-1021.7434, encoder=-1864.1247, decoder=0.7139
2025-06-24 18:07:50,802 - tadGANs - INFO - Epoch 776/1000 - Time: 3.18s - Loss: critic_x=-0.0662, critic_z=-1024.0162, encoder=-1867.9105, decoder=0.6960
2025-06-24 18:07:53,920 - tadGANs - INFO - Epoch 777/1000 - Time: 3.12s - Loss: critic_x=-0.0647, critic_z=-1026.3059, encoder=-1873.2980, decoder=0.7016
2025-06-24 18:07:57,059 - tadGANs - INFO - Epoch 778/1000 - Time: 3.14s - Loss: critic_x=-0.0633, critic_z=-1029.1852, encoder=-1877.6706, decoder=0.6797
2025-06-24 18:08:00,120 - tadGANs - INFO - Epoch 779/1000 - Time: 3.06s - Loss: critic_x=-0.0634, critic_z=-1030.8048, encoder=-1881.9664, decoder=0.6827
2025-06-24 18:08:03,597 - tadGANs - INFO - Epoch 780/1000 - Time: 3.48s - Loss: critic_x=-0.0614, critic_z=-1033.4981, encoder=-1885.9750, decoder=0.6742
2025-06-24 18:08:03,610 - tadGANs - INFO - Models saved at epoch 780
2025-06-24 18:08:06,729 - tadGANs - INFO - Epoch 781/1000 - Time: 3.12s - Loss: critic_x=-0.0595, critic_z=-1035.5056, encoder=-1890.8672, decoder=0.6716
2025-06-24 18:08:09,784 - tadGANs - INFO - Epoch 782/1000 - Time: 3.06s - Loss: critic_x=-0.0599, critic_z=-1038.1571, encoder=-1894.8448, decoder=0.6728
2025-06-24 18:08:12,876 - tadGANs - INFO - Epoch 783/1000 - Time: 3.09s - Loss: critic_x=-0.0575, critic_z=-1040.4358, encoder=-1899.4346, decoder=0.6765
2025-06-24 18:08:15,951 - tadGANs - INFO - Epoch 784/1000 - Time: 3.07s - Loss: critic_x=-0.0574, critic_z=-1042.7400, encoder=-1903.6018, decoder=0.6549
2025-06-24 18:08:19,203 - tadGANs - INFO - Epoch 785/1000 - Time: 3.25s - Loss: critic_x=-0.0555, critic_z=-1044.9148, encoder=-1909.0717, decoder=0.6761
2025-06-24 18:08:22,241 - tadGANs - INFO - Epoch 786/1000 - Time: 3.04s - Loss: critic_x=-0.0570, critic_z=-1047.7001, encoder=-1913.1743, decoder=0.6805
2025-06-24 18:08:25,453 - tadGANs - INFO - Epoch 787/1000 - Time: 3.21s - Loss: critic_x=-0.0550, critic_z=-1050.1386, encoder=-1918.0939, decoder=0.6826
2025-06-24 18:08:28,932 - tadGANs - INFO - Epoch 788/1000 - Time: 3.48s - Loss: critic_x=-0.0529, critic_z=-1052.8507, encoder=-1922.0760, decoder=0.6869
2025-06-24 18:08:32,151 - tadGANs - INFO - Epoch 789/1000 - Time: 3.22s - Loss: critic_x=-0.0527, critic_z=-1054.9631, encoder=-1928.0388, decoder=0.7023
2025-06-24 18:08:35,282 - tadGANs - INFO - Epoch 790/1000 - Time: 3.13s - Loss: critic_x=-0.0532, critic_z=-1057.5684, encoder=-1932.2177, decoder=0.6895
2025-06-24 18:08:35,293 - tadGANs - INFO - Models saved at epoch 790
2025-06-24 18:08:38,577 - tadGANs - INFO - Epoch 791/1000 - Time: 3.28s - Loss: critic_x=-0.0511, critic_z=-1059.8214, encoder=-1935.7848, decoder=0.7012
2025-06-24 18:08:41,751 - tadGANs - INFO - Epoch 792/1000 - Time: 3.17s - Loss: critic_x=-0.0498, critic_z=-1061.4858, encoder=-1939.6604, decoder=0.7020
2025-06-24 18:08:44,933 - tadGANs - INFO - Epoch 793/1000 - Time: 3.18s - Loss: critic_x=-0.0532, critic_z=-1064.7046, encoder=-1945.7452, decoder=0.6994
2025-06-24 18:08:48,188 - tadGANs - INFO - Epoch 794/1000 - Time: 3.26s - Loss: critic_x=-0.0500, critic_z=-1066.3402, encoder=-1949.5895, decoder=0.7067
2025-06-24 18:08:51,333 - tadGANs - INFO - Epoch 795/1000 - Time: 3.14s - Loss: critic_x=-0.0511, critic_z=-1068.7652, encoder=-1954.5430, decoder=0.7179
2025-06-24 18:08:54,552 - tadGANs - INFO - Epoch 796/1000 - Time: 3.22s - Loss: critic_x=-0.0500, critic_z=-1071.3376, encoder=-1959.4052, decoder=0.6957
2025-06-24 18:08:57,689 - tadGANs - INFO - Epoch 797/1000 - Time: 3.14s - Loss: critic_x=-0.0523, critic_z=-1074.2470, encoder=-1962.7858, decoder=0.6952
2025-06-24 18:09:00,859 - tadGANs - INFO - Epoch 798/1000 - Time: 3.17s - Loss: critic_x=-0.0537, critic_z=-1077.4186, encoder=-1969.1253, decoder=0.6881
2025-06-24 18:09:03,915 - tadGANs - INFO - Epoch 799/1000 - Time: 3.06s - Loss: critic_x=-0.0548, critic_z=-1078.5735, encoder=-1972.3295, decoder=0.6791
2025-06-24 18:09:07,002 - tadGANs - INFO - Epoch 800/1000 - Time: 3.09s - Loss: critic_x=-0.0560, critic_z=-1081.3933, encoder=-1978.5361, decoder=0.6837
2025-06-24 18:09:07,017 - tadGANs - INFO - Models saved at epoch 800
2025-06-24 18:09:10,119 - tadGANs - INFO - Epoch 801/1000 - Time: 3.10s - Loss: critic_x=-0.0583, critic_z=-1084.3223, encoder=-1981.7217, decoder=0.6666
2025-06-24 18:09:13,165 - tadGANs - INFO - Epoch 802/1000 - Time: 3.05s - Loss: critic_x=-0.0558, critic_z=-1085.0420, encoder=-1985.6523, decoder=0.6512
2025-06-24 18:09:16,208 - tadGANs - INFO - Epoch 803/1000 - Time: 3.04s - Loss: critic_x=-0.0568, critic_z=-1088.1394, encoder=-1990.0177, decoder=0.6369
2025-06-24 18:09:19,297 - tadGANs - INFO - Epoch 804/1000 - Time: 3.09s - Loss: critic_x=-0.0575, critic_z=-1090.7328, encoder=-1995.1828, decoder=0.6279
2025-06-24 18:09:22,326 - tadGANs - INFO - Epoch 805/1000 - Time: 3.03s - Loss: critic_x=-0.0575, critic_z=-1092.7734, encoder=-1999.5704, decoder=0.6125
2025-06-24 18:09:25,428 - tadGANs - INFO - Epoch 806/1000 - Time: 3.10s - Loss: critic_x=-0.0556, critic_z=-1095.5851, encoder=-2004.8655, decoder=0.6255
2025-06-24 18:09:28,437 - tadGANs - INFO - Epoch 807/1000 - Time: 3.01s - Loss: critic_x=-0.0576, critic_z=-1098.3625, encoder=-2009.0028, decoder=0.6193
2025-06-24 18:09:31,487 - tadGANs - INFO - Epoch 808/1000 - Time: 3.05s - Loss: critic_x=-0.0555, critic_z=-1100.8948, encoder=-2013.7539, decoder=0.6276
2025-06-24 18:09:34,579 - tadGANs - INFO - Epoch 809/1000 - Time: 3.09s - Loss: critic_x=-0.0586, critic_z=-1103.4150, encoder=-2019.8597, decoder=0.6278
2025-06-24 18:09:37,637 - tadGANs - INFO - Epoch 810/1000 - Time: 3.06s - Loss: critic_x=-0.0587, critic_z=-1105.1686, encoder=-2023.1430, decoder=0.6374
2025-06-24 18:09:37,651 - tadGANs - INFO - Models saved at epoch 810
2025-06-24 18:09:40,760 - tadGANs - INFO - Epoch 811/1000 - Time: 3.11s - Loss: critic_x=-0.0578, critic_z=-1107.3262, encoder=-2027.6940, decoder=0.6266
2025-06-24 18:09:43,849 - tadGANs - INFO - Epoch 812/1000 - Time: 3.09s - Loss: critic_x=-0.0573, critic_z=-1109.5568, encoder=-2031.5012, decoder=0.6221
2025-06-24 18:09:46,920 - tadGANs - INFO - Epoch 813/1000 - Time: 3.07s - Loss: critic_x=-0.0584, critic_z=-1112.9746, encoder=-2037.1834, decoder=0.6274
2025-06-24 18:09:50,000 - tadGANs - INFO - Epoch 814/1000 - Time: 3.08s - Loss: critic_x=-0.0568, critic_z=-1114.8719, encoder=-2041.3595, decoder=0.6353
2025-06-24 18:09:53,472 - tadGANs - INFO - Epoch 815/1000 - Time: 3.47s - Loss: critic_x=-0.0585, critic_z=-1117.1694, encoder=-2045.9235, decoder=0.6457
2025-06-24 18:09:56,759 - tadGANs - INFO - Epoch 816/1000 - Time: 3.29s - Loss: critic_x=-0.0563, critic_z=-1120.1782, encoder=-2050.1975, decoder=0.6625
2025-06-24 18:09:59,975 - tadGANs - INFO - Epoch 817/1000 - Time: 3.22s - Loss: critic_x=-0.0596, critic_z=-1122.2840, encoder=-2055.2514, decoder=0.6611
2025-06-24 18:10:03,126 - tadGANs - INFO - Epoch 818/1000 - Time: 3.15s - Loss: critic_x=-0.0598, critic_z=-1124.9672, encoder=-2060.0630, decoder=0.6631
2025-06-24 18:10:06,274 - tadGANs - INFO - Epoch 819/1000 - Time: 3.15s - Loss: critic_x=-0.0608, critic_z=-1126.5823, encoder=-2064.6956, decoder=0.6780
2025-06-24 18:10:09,535 - tadGANs - INFO - Epoch 820/1000 - Time: 3.26s - Loss: critic_x=-0.0567, critic_z=-1129.2543, encoder=-2070.1831, decoder=0.6582
2025-06-24 18:10:09,547 - tadGANs - INFO - Models saved at epoch 820
2025-06-24 18:10:12,749 - tadGANs - INFO - Epoch 821/1000 - Time: 3.20s - Loss: critic_x=-0.0580, critic_z=-1132.1525, encoder=-2074.2032, decoder=0.6469
2025-06-24 18:10:15,964 - tadGANs - INFO - Epoch 822/1000 - Time: 3.21s - Loss: critic_x=-0.0574, critic_z=-1134.0099, encoder=-2078.9892, decoder=0.6501
2025-06-24 18:10:19,160 - tadGANs - INFO - Epoch 823/1000 - Time: 3.20s - Loss: critic_x=-0.0544, critic_z=-1136.9680, encoder=-2083.6960, decoder=0.6501
2025-06-24 18:10:22,432 - tadGANs - INFO - Epoch 824/1000 - Time: 3.27s - Loss: critic_x=-0.0584, critic_z=-1140.3511, encoder=-2089.0613, decoder=0.6281
2025-06-24 18:10:25,644 - tadGANs - INFO - Epoch 825/1000 - Time: 3.21s - Loss: critic_x=-0.0585, critic_z=-1142.3702, encoder=-2093.5616, decoder=0.6377
2025-06-24 18:10:28,856 - tadGANs - INFO - Epoch 826/1000 - Time: 3.21s - Loss: critic_x=-0.0557, critic_z=-1144.1043, encoder=-2098.2840, decoder=0.6447
2025-06-24 18:10:31,980 - tadGANs - INFO - Epoch 827/1000 - Time: 3.12s - Loss: critic_x=-0.0575, critic_z=-1146.6140, encoder=-2101.3900, decoder=0.6389
2025-06-24 18:10:35,118 - tadGANs - INFO - Epoch 828/1000 - Time: 3.14s - Loss: critic_x=-0.0584, critic_z=-1149.0295, encoder=-2107.4182, decoder=0.6567
2025-06-24 18:10:38,265 - tadGANs - INFO - Epoch 829/1000 - Time: 3.15s - Loss: critic_x=-0.0590, critic_z=-1151.4082, encoder=-2110.6420, decoder=0.6539
2025-06-24 18:10:41,563 - tadGANs - INFO - Epoch 830/1000 - Time: 3.30s - Loss: critic_x=-0.0623, critic_z=-1154.6028, encoder=-2117.7340, decoder=0.6319
2025-06-24 18:10:41,575 - tadGANs - INFO - Models saved at epoch 830
2025-06-24 18:10:44,744 - tadGANs - INFO - Epoch 831/1000 - Time: 3.17s - Loss: critic_x=-0.0622, critic_z=-1156.3679, encoder=-2120.4661, decoder=0.6359
2025-06-24 18:10:47,861 - tadGANs - INFO - Epoch 832/1000 - Time: 3.12s - Loss: critic_x=-0.0618, critic_z=-1159.2002, encoder=-2126.0320, decoder=0.6656
2025-06-24 18:10:51,111 - tadGANs - INFO - Epoch 833/1000 - Time: 3.25s - Loss: critic_x=-0.0634, critic_z=-1161.3819, encoder=-2130.5836, decoder=0.6634
2025-06-24 18:10:54,303 - tadGANs - INFO - Epoch 834/1000 - Time: 3.19s - Loss: critic_x=-0.0644, critic_z=-1164.7295, encoder=-2137.6031, decoder=0.6420
2025-06-24 18:10:57,380 - tadGANs - INFO - Epoch 835/1000 - Time: 3.08s - Loss: critic_x=-0.0657, critic_z=-1166.8024, encoder=-2141.7077, decoder=0.6381
2025-06-24 18:11:00,580 - tadGANs - INFO - Epoch 836/1000 - Time: 3.20s - Loss: critic_x=-0.0674, critic_z=-1169.5148, encoder=-2144.8606, decoder=0.6601
2025-06-24 18:11:03,668 - tadGANs - INFO - Epoch 837/1000 - Time: 3.09s - Loss: critic_x=-0.0692, critic_z=-1171.9993, encoder=-2150.6554, decoder=0.6672
2025-06-24 18:11:06,873 - tadGANs - INFO - Epoch 838/1000 - Time: 3.20s - Loss: critic_x=-0.0707, critic_z=-1174.1638, encoder=-2154.6123, decoder=0.6688
2025-06-24 18:11:09,884 - tadGANs - INFO - Epoch 839/1000 - Time: 3.01s - Loss: critic_x=-0.0725, critic_z=-1176.9571, encoder=-2159.8228, decoder=0.6740
2025-06-24 18:11:13,084 - tadGANs - INFO - Epoch 840/1000 - Time: 3.20s - Loss: critic_x=-0.0725, critic_z=-1179.9115, encoder=-2165.6088, decoder=0.6841
2025-06-24 18:11:13,097 - tadGANs - INFO - Models saved at epoch 840
2025-06-24 18:11:16,248 - tadGANs - INFO - Epoch 841/1000 - Time: 3.15s - Loss: critic_x=-0.0763, critic_z=-1182.0811, encoder=-2169.7371, decoder=0.6860
2025-06-24 18:11:19,340 - tadGANs - INFO - Epoch 842/1000 - Time: 3.09s - Loss: critic_x=-0.0756, critic_z=-1185.1587, encoder=-2175.7165, decoder=0.6873
2025-06-24 18:11:22,390 - tadGANs - INFO - Epoch 843/1000 - Time: 3.05s - Loss: critic_x=-0.0769, critic_z=-1187.6795, encoder=-2179.7033, decoder=0.6908
2025-06-24 18:11:25,573 - tadGANs - INFO - Epoch 844/1000 - Time: 3.18s - Loss: critic_x=-0.0770, critic_z=-1188.8439, encoder=-2184.0276, decoder=0.6809
2025-06-24 18:11:28,653 - tadGANs - INFO - Epoch 845/1000 - Time: 3.08s - Loss: critic_x=-0.0756, critic_z=-1192.1903, encoder=-2188.7153, decoder=0.6779
2025-06-24 18:11:31,688 - tadGANs - INFO - Epoch 846/1000 - Time: 3.03s - Loss: critic_x=-0.0777, critic_z=-1193.7953, encoder=-2192.3752, decoder=0.6794
2025-06-24 18:11:34,779 - tadGANs - INFO - Epoch 847/1000 - Time: 3.09s - Loss: critic_x=-0.0751, critic_z=-1196.4944, encoder=-2197.9819, decoder=0.6761
2025-06-24 18:11:37,821 - tadGANs - INFO - Epoch 848/1000 - Time: 3.04s - Loss: critic_x=-0.0752, critic_z=-1199.9011, encoder=-2203.7967, decoder=0.6682
2025-06-24 18:11:40,881 - tadGANs - INFO - Epoch 849/1000 - Time: 3.06s - Loss: critic_x=-0.0769, critic_z=-1202.3572, encoder=-2208.0043, decoder=0.6718
2025-06-24 18:11:44,004 - tadGANs - INFO - Epoch 850/1000 - Time: 3.12s - Loss: critic_x=-0.0736, critic_z=-1204.5245, encoder=-2213.2975, decoder=0.6614
2025-06-24 18:11:44,016 - tadGANs - INFO - Models saved at epoch 850
2025-06-24 18:11:47,146 - tadGANs - INFO - Epoch 851/1000 - Time: 3.13s - Loss: critic_x=-0.0712, critic_z=-1207.0495, encoder=-2218.6555, decoder=0.6656
2025-06-24 18:11:50,165 - tadGANs - INFO - Epoch 852/1000 - Time: 3.02s - Loss: critic_x=-0.0723, critic_z=-1209.1820, encoder=-2221.9874, decoder=0.6705
2025-06-24 18:11:53,371 - tadGANs - INFO - Epoch 853/1000 - Time: 3.21s - Loss: critic_x=-0.0720, critic_z=-1212.8379, encoder=-2227.7017, decoder=0.6914
2025-06-24 18:11:56,468 - tadGANs - INFO - Epoch 854/1000 - Time: 3.10s - Loss: critic_x=-0.0696, critic_z=-1214.5664, encoder=-2231.5592, decoder=0.6937
2025-06-24 18:11:59,615 - tadGANs - INFO - Epoch 855/1000 - Time: 3.15s - Loss: critic_x=-0.0699, critic_z=-1217.5873, encoder=-2236.4915, decoder=0.6858
2025-06-24 18:12:02,662 - tadGANs - INFO - Epoch 856/1000 - Time: 3.05s - Loss: critic_x=-0.0692, critic_z=-1219.7779, encoder=-2241.9948, decoder=0.6816
2025-06-24 18:12:05,789 - tadGANs - INFO - Epoch 857/1000 - Time: 3.13s - Loss: critic_x=-0.0679, critic_z=-1222.5700, encoder=-2247.7669, decoder=0.6771
2025-06-24 18:12:08,926 - tadGANs - INFO - Epoch 858/1000 - Time: 3.14s - Loss: critic_x=-0.0652, critic_z=-1225.3908, encoder=-2252.7468, decoder=0.6696
2025-06-24 18:12:12,022 - tadGANs - INFO - Epoch 859/1000 - Time: 3.10s - Loss: critic_x=-0.0659, critic_z=-1226.7980, encoder=-2256.0523, decoder=0.6787
2025-06-24 18:12:15,090 - tadGANs - INFO - Epoch 860/1000 - Time: 3.07s - Loss: critic_x=-0.0656, critic_z=-1229.9524, encoder=-2262.0051, decoder=0.6821
2025-06-24 18:12:15,104 - tadGANs - INFO - Models saved at epoch 860
2025-06-24 18:12:18,105 - tadGANs - INFO - Epoch 861/1000 - Time: 3.00s - Loss: critic_x=-0.0653, critic_z=-1232.1233, encoder=-2266.3890, decoder=0.6747
2025-06-24 18:12:21,285 - tadGANs - INFO - Epoch 862/1000 - Time: 3.18s - Loss: critic_x=-0.0649, critic_z=-1235.7601, encoder=-2272.2532, decoder=0.6749
2025-06-24 18:12:24,326 - tadGANs - INFO - Epoch 863/1000 - Time: 3.04s - Loss: critic_x=-0.0631, critic_z=-1237.6437, encoder=-2276.7659, decoder=0.6906
2025-06-24 18:12:27,383 - tadGANs - INFO - Epoch 864/1000 - Time: 3.06s - Loss: critic_x=-0.0616, critic_z=-1240.0846, encoder=-2281.8553, decoder=0.6906
2025-06-24 18:12:30,469 - tadGANs - INFO - Epoch 865/1000 - Time: 3.09s - Loss: critic_x=-0.0612, critic_z=-1242.6905, encoder=-2286.0947, decoder=0.7063
2025-06-24 18:12:33,643 - tadGANs - INFO - Epoch 866/1000 - Time: 3.17s - Loss: critic_x=-0.0629, critic_z=-1245.2659, encoder=-2292.0017, decoder=0.6961
2025-06-24 18:12:36,750 - tadGANs - INFO - Epoch 867/1000 - Time: 3.11s - Loss: critic_x=-0.0606, critic_z=-1247.9245, encoder=-2296.4073, decoder=0.6976
2025-06-24 18:12:39,842 - tadGANs - INFO - Epoch 868/1000 - Time: 3.09s - Loss: critic_x=-0.0618, critic_z=-1251.3412, encoder=-2301.5660, decoder=0.6898
2025-06-24 18:12:43,004 - tadGANs - INFO - Epoch 869/1000 - Time: 3.16s - Loss: critic_x=-0.0617, critic_z=-1253.5649, encoder=-2305.6017, decoder=0.6816
2025-06-24 18:12:46,153 - tadGANs - INFO - Epoch 870/1000 - Time: 3.15s - Loss: critic_x=-0.0599, critic_z=-1255.6434, encoder=-2311.4719, decoder=0.6688
2025-06-24 18:12:46,181 - tadGANs - INFO - Models saved at epoch 870
2025-06-24 18:12:49,311 - tadGANs - INFO - Epoch 871/1000 - Time: 3.13s - Loss: critic_x=-0.0617, critic_z=-1258.5866, encoder=-2316.2963, decoder=0.6640
2025-06-24 18:12:52,445 - tadGANs - INFO - Epoch 872/1000 - Time: 3.13s - Loss: critic_x=-0.0612, critic_z=-1260.2888, encoder=-2320.7042, decoder=0.6648
2025-06-24 18:12:55,548 - tadGANs - INFO - Epoch 873/1000 - Time: 3.10s - Loss: critic_x=-0.0643, critic_z=-1263.8023, encoder=-2325.5553, decoder=0.6786
2025-06-24 18:12:58,890 - tadGANs - INFO - Epoch 874/1000 - Time: 3.34s - Loss: critic_x=-0.0652, critic_z=-1266.1379, encoder=-2330.0682, decoder=0.6533
2025-06-24 18:13:02,067 - tadGANs - INFO - Epoch 875/1000 - Time: 3.18s - Loss: critic_x=-0.0632, critic_z=-1268.9118, encoder=-2335.9443, decoder=0.6797
2025-06-24 18:13:05,223 - tadGANs - INFO - Epoch 876/1000 - Time: 3.16s - Loss: critic_x=-0.0646, critic_z=-1270.7255, encoder=-2340.6860, decoder=0.6703
2025-06-24 18:13:08,377 - tadGANs - INFO - Epoch 877/1000 - Time: 3.15s - Loss: critic_x=-0.0662, critic_z=-1274.2916, encoder=-2346.5551, decoder=0.6669
2025-06-24 18:13:11,343 - tadGANs - INFO - Epoch 878/1000 - Time: 2.97s - Loss: critic_x=-0.0604, critic_z=-1276.5947, encoder=-2351.6535, decoder=0.6758
2025-06-24 18:13:14,402 - tadGANs - INFO - Epoch 879/1000 - Time: 3.06s - Loss: critic_x=-0.0642, critic_z=-1279.2147, encoder=-2355.6111, decoder=0.6860
2025-06-24 18:13:17,491 - tadGANs - INFO - Epoch 880/1000 - Time: 3.09s - Loss: critic_x=-0.0634, critic_z=-1282.0075, encoder=-2361.3637, decoder=0.6856
2025-06-24 18:13:17,504 - tadGANs - INFO - Models saved at epoch 880
2025-06-24 18:13:20,664 - tadGANs - INFO - Epoch 881/1000 - Time: 3.16s - Loss: critic_x=-0.0620, critic_z=-1285.1937, encoder=-2366.5627, decoder=0.6903
2025-06-24 18:13:23,734 - tadGANs - INFO - Epoch 882/1000 - Time: 3.07s - Loss: critic_x=-0.0643, critic_z=-1287.0271, encoder=-2371.3282, decoder=0.7023
2025-06-24 18:13:26,911 - tadGANs - INFO - Epoch 883/1000 - Time: 3.18s - Loss: critic_x=-0.0637, critic_z=-1289.2377, encoder=-2375.4306, decoder=0.6959
2025-06-24 18:13:30,040 - tadGANs - INFO - Epoch 884/1000 - Time: 3.13s - Loss: critic_x=-0.0666, critic_z=-1292.3211, encoder=-2380.3383, decoder=0.6873
2025-06-24 18:13:33,169 - tadGANs - INFO - Epoch 885/1000 - Time: 3.13s - Loss: critic_x=-0.0646, critic_z=-1295.2801, encoder=-2385.6065, decoder=0.6883
2025-06-24 18:13:36,248 - tadGANs - INFO - Epoch 886/1000 - Time: 3.08s - Loss: critic_x=-0.0628, critic_z=-1298.3425, encoder=-2391.8743, decoder=0.6923
2025-06-24 18:13:39,281 - tadGANs - INFO - Epoch 887/1000 - Time: 3.03s - Loss: critic_x=-0.0641, critic_z=-1300.2166, encoder=-2396.2358, decoder=0.6948
2025-06-24 18:13:42,449 - tadGANs - INFO - Epoch 888/1000 - Time: 3.17s - Loss: critic_x=-0.0627, critic_z=-1303.7841, encoder=-2401.1598, decoder=0.6984
2025-06-24 18:13:45,482 - tadGANs - INFO - Epoch 889/1000 - Time: 3.03s - Loss: critic_x=-0.0638, critic_z=-1305.2374, encoder=-2406.6935, decoder=0.6827
2025-06-24 18:13:48,567 - tadGANs - INFO - Epoch 890/1000 - Time: 3.09s - Loss: critic_x=-0.0625, critic_z=-1308.0873, encoder=-2410.8024, decoder=0.6792
2025-06-24 18:13:48,579 - tadGANs - INFO - Models saved at epoch 890
2025-06-24 18:13:51,796 - tadGANs - INFO - Epoch 891/1000 - Time: 3.22s - Loss: critic_x=-0.0621, critic_z=-1311.6909, encoder=-2416.9173, decoder=0.6903
2025-06-24 18:13:54,995 - tadGANs - INFO - Epoch 892/1000 - Time: 3.20s - Loss: critic_x=-0.0608, critic_z=-1314.0717, encoder=-2423.0405, decoder=0.6782
2025-06-24 18:13:58,146 - tadGANs - INFO - Epoch 893/1000 - Time: 3.15s - Loss: critic_x=-0.0589, critic_z=-1317.3033, encoder=-2428.9231, decoder=0.6688
2025-06-24 18:14:01,416 - tadGANs - INFO - Epoch 894/1000 - Time: 3.27s - Loss: critic_x=-0.0576, critic_z=-1319.0194, encoder=-2432.9708, decoder=0.6782
2025-06-24 18:14:04,625 - tadGANs - INFO - Epoch 895/1000 - Time: 3.21s - Loss: critic_x=-0.0594, critic_z=-1321.9185, encoder=-2438.3983, decoder=0.6767
2025-06-24 18:14:07,836 - tadGANs - INFO - Epoch 896/1000 - Time: 3.21s - Loss: critic_x=-0.0581, critic_z=-1323.9457, encoder=-2442.6211, decoder=0.6742
2025-06-24 18:14:11,010 - tadGANs - INFO - Epoch 897/1000 - Time: 3.17s - Loss: critic_x=-0.0559, critic_z=-1327.9730, encoder=-2448.4100, decoder=0.6558
2025-06-24 18:14:14,162 - tadGANs - INFO - Epoch 898/1000 - Time: 3.15s - Loss: critic_x=-0.0584, critic_z=-1330.1831, encoder=-2453.8039, decoder=0.6557
2025-06-24 18:14:17,294 - tadGANs - INFO - Epoch 899/1000 - Time: 3.13s - Loss: critic_x=-0.0559, critic_z=-1331.9588, encoder=-2458.9238, decoder=0.6508
2025-06-24 18:14:20,407 - tadGANs - INFO - Epoch 900/1000 - Time: 3.11s - Loss: critic_x=-0.0548, critic_z=-1334.4257, encoder=-2461.8613, decoder=0.6553
2025-06-24 18:14:20,420 - tadGANs - INFO - Models saved at epoch 900
2025-06-24 18:14:23,603 - tadGANs - INFO - Epoch 901/1000 - Time: 3.18s - Loss: critic_x=-0.0586, critic_z=-1338.3274, encoder=-2469.8169, decoder=0.6574
2025-06-24 18:14:26,871 - tadGANs - INFO - Epoch 902/1000 - Time: 3.27s - Loss: critic_x=-0.0593, critic_z=-1340.0443, encoder=-2473.1429, decoder=0.6374
2025-06-24 18:14:30,027 - tadGANs - INFO - Epoch 903/1000 - Time: 3.16s - Loss: critic_x=-0.0579, critic_z=-1343.3519, encoder=-2478.4468, decoder=0.6507
2025-06-24 18:14:33,299 - tadGANs - INFO - Epoch 904/1000 - Time: 3.27s - Loss: critic_x=-0.0538, critic_z=-1345.6386, encoder=-2483.4263, decoder=0.6520
2025-06-24 18:14:36,487 - tadGANs - INFO - Epoch 905/1000 - Time: 3.19s - Loss: critic_x=-0.0580, critic_z=-1348.2914, encoder=-2488.8246, decoder=0.6729
2025-06-24 18:14:39,735 - tadGANs - INFO - Epoch 906/1000 - Time: 3.25s - Loss: critic_x=-0.0607, critic_z=-1350.5275, encoder=-2493.3039, decoder=0.6793
2025-06-24 18:14:42,963 - tadGANs - INFO - Epoch 907/1000 - Time: 3.23s - Loss: critic_x=-0.0584, critic_z=-1353.8769, encoder=-2499.1061, decoder=0.6974
2025-06-24 18:14:46,142 - tadGANs - INFO - Epoch 908/1000 - Time: 3.18s - Loss: critic_x=-0.0571, critic_z=-1356.7861, encoder=-2504.2687, decoder=0.7159
2025-06-24 18:14:49,514 - tadGANs - INFO - Epoch 909/1000 - Time: 3.37s - Loss: critic_x=-0.0555, critic_z=-1358.8418, encoder=-2510.7940, decoder=0.7087
2025-06-24 18:14:52,772 - tadGANs - INFO - Epoch 910/1000 - Time: 3.26s - Loss: critic_x=-0.0567, critic_z=-1361.4781, encoder=-2513.6581, decoder=0.7133
2025-06-24 18:14:52,790 - tadGANs - INFO - Models saved at epoch 910
2025-06-24 18:14:56,142 - tadGANs - INFO - Epoch 911/1000 - Time: 3.35s - Loss: critic_x=-0.0569, critic_z=-1364.3955, encoder=-2518.6013, decoder=0.7183
2025-06-24 18:14:59,509 - tadGANs - INFO - Epoch 912/1000 - Time: 3.37s - Loss: critic_x=-0.0590, critic_z=-1368.4889, encoder=-2526.0848, decoder=0.7047
2025-06-24 18:15:02,863 - tadGANs - INFO - Epoch 913/1000 - Time: 3.35s - Loss: critic_x=-0.0565, critic_z=-1369.7330, encoder=-2529.3601, decoder=0.6934
2025-06-24 18:15:06,103 - tadGANs - INFO - Epoch 914/1000 - Time: 3.24s - Loss: critic_x=-0.0571, critic_z=-1372.3359, encoder=-2534.9362, decoder=0.6859
2025-06-24 18:15:09,416 - tadGANs - INFO - Epoch 915/1000 - Time: 3.31s - Loss: critic_x=-0.0561, critic_z=-1376.0650, encoder=-2541.1125, decoder=0.6856
2025-06-24 18:15:12,591 - tadGANs - INFO - Epoch 916/1000 - Time: 3.17s - Loss: critic_x=-0.0569, critic_z=-1378.4690, encoder=-2546.5556, decoder=0.6887
2025-06-24 18:15:15,730 - tadGANs - INFO - Epoch 917/1000 - Time: 3.14s - Loss: critic_x=-0.0576, critic_z=-1381.3637, encoder=-2550.3766, decoder=0.6807
2025-06-24 18:15:19,018 - tadGANs - INFO - Epoch 918/1000 - Time: 3.29s - Loss: critic_x=-0.0583, critic_z=-1384.7190, encoder=-2557.9203, decoder=0.6712
2025-06-24 18:15:22,172 - tadGANs - INFO - Epoch 919/1000 - Time: 3.15s - Loss: critic_x=-0.0564, critic_z=-1386.6385, encoder=-2561.3322, decoder=0.6692
2025-06-24 18:15:25,254 - tadGANs - INFO - Epoch 920/1000 - Time: 3.08s - Loss: critic_x=-0.0576, critic_z=-1389.4456, encoder=-2567.6550, decoder=0.6757
2025-06-24 18:15:25,267 - tadGANs - INFO - Models saved at epoch 920
2025-06-24 18:15:28,459 - tadGANs - INFO - Epoch 921/1000 - Time: 3.19s - Loss: critic_x=-0.0607, critic_z=-1391.8772, encoder=-2571.6325, decoder=0.6746
2025-06-24 18:15:31,585 - tadGANs - INFO - Epoch 922/1000 - Time: 3.13s - Loss: critic_x=-0.0608, critic_z=-1394.5934, encoder=-2578.3752, decoder=0.6875
2025-06-24 18:15:34,690 - tadGANs - INFO - Epoch 923/1000 - Time: 3.11s - Loss: critic_x=-0.0608, critic_z=-1397.1111, encoder=-2582.7413, decoder=0.6822
2025-06-24 18:15:37,784 - tadGANs - INFO - Epoch 924/1000 - Time: 3.09s - Loss: critic_x=-0.0629, critic_z=-1400.2052, encoder=-2587.3840, decoder=0.6870
2025-06-24 18:15:40,969 - tadGANs - INFO - Epoch 925/1000 - Time: 3.18s - Loss: critic_x=-0.0610, critic_z=-1402.9029, encoder=-2592.8384, decoder=0.6833
2025-06-24 18:15:44,017 - tadGANs - INFO - Epoch 926/1000 - Time: 3.05s - Loss: critic_x=-0.0614, critic_z=-1405.6877, encoder=-2597.6079, decoder=0.6912
2025-06-24 18:15:47,035 - tadGANs - INFO - Epoch 927/1000 - Time: 3.02s - Loss: critic_x=-0.0611, critic_z=-1408.6906, encoder=-2603.9839, decoder=0.6796
2025-06-24 18:15:50,148 - tadGANs - INFO - Epoch 928/1000 - Time: 3.11s - Loss: critic_x=-0.0638, critic_z=-1411.8061, encoder=-2610.1534, decoder=0.6790
2025-06-24 18:15:53,399 - tadGANs - INFO - Epoch 929/1000 - Time: 3.25s - Loss: critic_x=-0.0653, critic_z=-1414.9301, encoder=-2616.1861, decoder=0.6637
2025-06-24 18:15:56,574 - tadGANs - INFO - Epoch 930/1000 - Time: 3.18s - Loss: critic_x=-0.0659, critic_z=-1416.6518, encoder=-2620.2478, decoder=0.6638
2025-06-24 18:15:56,588 - tadGANs - INFO - Models saved at epoch 930
2025-06-24 18:15:59,737 - tadGANs - INFO - Epoch 931/1000 - Time: 3.15s - Loss: critic_x=-0.0630, critic_z=-1419.8073, encoder=-2625.1290, decoder=0.6619
2025-06-24 18:16:02,834 - tadGANs - INFO - Epoch 932/1000 - Time: 3.10s - Loss: critic_x=-0.0638, critic_z=-1422.6515, encoder=-2630.4369, decoder=0.6561
2025-06-24 18:16:05,986 - tadGANs - INFO - Epoch 933/1000 - Time: 3.15s - Loss: critic_x=-0.0633, critic_z=-1425.3748, encoder=-2637.0057, decoder=0.6725
2025-06-24 18:16:09,164 - tadGANs - INFO - Epoch 934/1000 - Time: 3.18s - Loss: critic_x=-0.0621, critic_z=-1427.6377, encoder=-2640.3495, decoder=0.6746
2025-06-24 18:16:12,334 - tadGANs - INFO - Epoch 935/1000 - Time: 3.17s - Loss: critic_x=-0.0628, critic_z=-1430.5522, encoder=-2645.8771, decoder=0.6727
2025-06-24 18:16:15,549 - tadGANs - INFO - Epoch 936/1000 - Time: 3.22s - Loss: critic_x=-0.0616, critic_z=-1434.1313, encoder=-2652.1313, decoder=0.6722
2025-06-24 18:16:18,738 - tadGANs - INFO - Epoch 937/1000 - Time: 3.19s - Loss: critic_x=-0.0638, critic_z=-1436.1880, encoder=-2656.1930, decoder=0.6760
2025-06-24 18:16:21,776 - tadGANs - INFO - Epoch 938/1000 - Time: 3.04s - Loss: critic_x=-0.0625, critic_z=-1438.6781, encoder=-2662.4898, decoder=0.6710
2025-06-24 18:16:24,944 - tadGANs - INFO - Epoch 939/1000 - Time: 3.17s - Loss: critic_x=-0.0637, critic_z=-1441.4998, encoder=-2668.0150, decoder=0.6765
2025-06-24 18:16:28,121 - tadGANs - INFO - Epoch 940/1000 - Time: 3.18s - Loss: critic_x=-0.0623, critic_z=-1444.9587, encoder=-2673.8181, decoder=0.6772
2025-06-24 18:16:28,146 - tadGANs - INFO - Models saved at epoch 940
2025-06-24 18:16:31,267 - tadGANs - INFO - Epoch 941/1000 - Time: 3.12s - Loss: critic_x=-0.0614, critic_z=-1447.2222, encoder=-2678.0586, decoder=0.6605
2025-06-24 18:16:34,419 - tadGANs - INFO - Epoch 942/1000 - Time: 3.15s - Loss: critic_x=-0.0600, critic_z=-1449.5345, encoder=-2684.1738, decoder=0.6770
2025-06-24 18:16:37,604 - tadGANs - INFO - Epoch 943/1000 - Time: 3.18s - Loss: critic_x=-0.0607, critic_z=-1452.5389, encoder=-2687.8052, decoder=0.6914
2025-06-24 18:16:40,776 - tadGANs - INFO - Epoch 944/1000 - Time: 3.17s - Loss: critic_x=-0.0619, critic_z=-1455.6317, encoder=-2694.0518, decoder=0.7102
2025-06-24 18:16:43,861 - tadGANs - INFO - Epoch 945/1000 - Time: 3.09s - Loss: critic_x=-0.0600, critic_z=-1458.6360, encoder=-2700.2529, decoder=0.7056
2025-06-24 18:16:47,064 - tadGANs - INFO - Epoch 946/1000 - Time: 3.20s - Loss: critic_x=-0.0637, critic_z=-1461.3307, encoder=-2705.3395, decoder=0.7027
2025-06-24 18:16:50,252 - tadGANs - INFO - Epoch 947/1000 - Time: 3.19s - Loss: critic_x=-0.0631, critic_z=-1464.3533, encoder=-2709.4770, decoder=0.7067
2025-06-24 18:16:53,422 - tadGANs - INFO - Epoch 948/1000 - Time: 3.17s - Loss: critic_x=-0.0637, critic_z=-1468.1026, encoder=-2716.4625, decoder=0.6979
2025-06-24 18:16:56,588 - tadGANs - INFO - Epoch 949/1000 - Time: 3.17s - Loss: critic_x=-0.0638, critic_z=-1469.6968, encoder=-2722.5275, decoder=0.7161
2025-06-24 18:16:59,670 - tadGANs - INFO - Epoch 950/1000 - Time: 3.08s - Loss: critic_x=-0.0647, critic_z=-1472.7097, encoder=-2728.2247, decoder=0.7171
2025-06-24 18:16:59,683 - tadGANs - INFO - Models saved at epoch 950
2025-06-24 18:17:02,726 - tadGANs - INFO - Epoch 951/1000 - Time: 3.04s - Loss: critic_x=-0.0641, critic_z=-1476.9005, encoder=-2733.4420, decoder=0.7041
2025-06-24 18:17:05,798 - tadGANs - INFO - Epoch 952/1000 - Time: 3.07s - Loss: critic_x=-0.0664, critic_z=-1478.4998, encoder=-2738.8963, decoder=0.6975
2025-06-24 18:17:08,886 - tadGANs - INFO - Epoch 953/1000 - Time: 3.09s - Loss: critic_x=-0.0659, critic_z=-1481.6892, encoder=-2744.0551, decoder=0.6738
2025-06-24 18:17:12,077 - tadGANs - INFO - Epoch 954/1000 - Time: 3.19s - Loss: critic_x=-0.0658, critic_z=-1483.2222, encoder=-2747.8889, decoder=0.6735
2025-06-24 18:17:15,238 - tadGANs - INFO - Epoch 955/1000 - Time: 3.16s - Loss: critic_x=-0.0669, critic_z=-1486.3274, encoder=-2753.4952, decoder=0.6639
2025-06-24 18:17:18,362 - tadGANs - INFO - Epoch 956/1000 - Time: 3.12s - Loss: critic_x=-0.0655, critic_z=-1490.3673, encoder=-2759.3854, decoder=0.6479
2025-06-24 18:17:21,477 - tadGANs - INFO - Epoch 957/1000 - Time: 3.11s - Loss: critic_x=-0.0653, critic_z=-1492.4031, encoder=-2765.4128, decoder=0.6538
2025-06-24 18:17:24,562 - tadGANs - INFO - Epoch 958/1000 - Time: 3.09s - Loss: critic_x=-0.0637, critic_z=-1494.8994, encoder=-2770.2258, decoder=0.6577
2025-06-24 18:17:27,695 - tadGANs - INFO - Epoch 959/1000 - Time: 3.13s - Loss: critic_x=-0.0645, critic_z=-1497.7479, encoder=-2775.8165, decoder=0.6612
2025-06-24 18:17:30,827 - tadGANs - INFO - Epoch 960/1000 - Time: 3.13s - Loss: critic_x=-0.0618, critic_z=-1501.1644, encoder=-2780.8055, decoder=0.6752
2025-06-24 18:17:30,839 - tadGANs - INFO - Models saved at epoch 960
2025-06-24 18:17:33,988 - tadGANs - INFO - Epoch 961/1000 - Time: 3.15s - Loss: critic_x=-0.0634, critic_z=-1503.5495, encoder=-2786.0211, decoder=0.6652
2025-06-24 18:17:37,101 - tadGANs - INFO - Epoch 962/1000 - Time: 3.11s - Loss: critic_x=-0.0630, critic_z=-1506.9848, encoder=-2791.9104, decoder=0.6637
2025-06-24 18:17:40,189 - tadGANs - INFO - Epoch 963/1000 - Time: 3.09s - Loss: critic_x=-0.0640, critic_z=-1509.9988, encoder=-2798.2254, decoder=0.6584
2025-06-24 18:17:43,264 - tadGANs - INFO - Epoch 964/1000 - Time: 3.08s - Loss: critic_x=-0.0636, critic_z=-1511.7783, encoder=-2803.8329, decoder=0.6840
2025-06-24 18:17:46,396 - tadGANs - INFO - Epoch 965/1000 - Time: 3.13s - Loss: critic_x=-0.0637, critic_z=-1515.6030, encoder=-2809.0314, decoder=0.6947
2025-06-24 18:17:49,473 - tadGANs - INFO - Epoch 966/1000 - Time: 3.08s - Loss: critic_x=-0.0636, critic_z=-1518.7534, encoder=-2815.1694, decoder=0.7033
2025-06-24 18:17:52,755 - tadGANs - INFO - Epoch 967/1000 - Time: 3.28s - Loss: critic_x=-0.0630, critic_z=-1520.8522, encoder=-2820.1722, decoder=0.6947
2025-06-24 18:17:55,918 - tadGANs - INFO - Epoch 968/1000 - Time: 3.16s - Loss: critic_x=-0.0634, critic_z=-1524.8581, encoder=-2825.1869, decoder=0.6922
2025-06-24 18:17:58,983 - tadGANs - INFO - Epoch 969/1000 - Time: 3.06s - Loss: critic_x=-0.0625, critic_z=-1527.2986, encoder=-2831.0507, decoder=0.7097
2025-06-24 18:18:02,182 - tadGANs - INFO - Epoch 970/1000 - Time: 3.20s - Loss: critic_x=-0.0643, critic_z=-1529.4631, encoder=-2835.3546, decoder=0.6864
2025-06-24 18:18:02,196 - tadGANs - INFO - Models saved at epoch 970
2025-06-24 18:18:05,305 - tadGANs - INFO - Epoch 971/1000 - Time: 3.11s - Loss: critic_x=-0.0653, critic_z=-1532.5843, encoder=-2841.8246, decoder=0.6839
2025-06-24 18:18:08,527 - tadGANs - INFO - Epoch 972/1000 - Time: 3.22s - Loss: critic_x=-0.0641, critic_z=-1535.2582, encoder=-2847.6586, decoder=0.6891
2025-06-24 18:18:11,711 - tadGANs - INFO - Epoch 973/1000 - Time: 3.18s - Loss: critic_x=-0.0641, critic_z=-1538.7122, encoder=-2853.3993, decoder=0.6843
2025-06-24 18:18:14,912 - tadGANs - INFO - Epoch 974/1000 - Time: 3.20s - Loss: critic_x=-0.0624, critic_z=-1541.3743, encoder=-2859.6083, decoder=0.6797
2025-06-24 18:18:18,066 - tadGANs - INFO - Epoch 975/1000 - Time: 3.15s - Loss: critic_x=-0.0616, critic_z=-1544.8327, encoder=-2865.9449, decoder=0.6605
2025-06-24 18:18:21,287 - tadGANs - INFO - Epoch 976/1000 - Time: 3.22s - Loss: critic_x=-0.0585, critic_z=-1546.7114, encoder=-2870.0826, decoder=0.6566
2025-06-24 18:18:24,487 - tadGANs - INFO - Epoch 977/1000 - Time: 3.20s - Loss: critic_x=-0.0568, critic_z=-1549.7879, encoder=-2874.5748, decoder=0.6509
2025-06-24 18:18:27,720 - tadGANs - INFO - Epoch 978/1000 - Time: 3.23s - Loss: critic_x=-0.0550, critic_z=-1553.4306, encoder=-2882.6314, decoder=0.6605
2025-06-24 18:18:30,893 - tadGANs - INFO - Epoch 979/1000 - Time: 3.17s - Loss: critic_x=-0.0547, critic_z=-1556.2643, encoder=-2887.5738, decoder=0.6722
2025-06-24 18:18:34,031 - tadGANs - INFO - Epoch 980/1000 - Time: 3.14s - Loss: critic_x=-0.0553, critic_z=-1559.0295, encoder=-2893.0508, decoder=0.6758
2025-06-24 18:18:34,071 - tadGANs - INFO - Models saved at epoch 980
2025-06-24 18:18:37,183 - tadGANs - INFO - Epoch 981/1000 - Time: 3.11s - Loss: critic_x=-0.0543, critic_z=-1562.4891, encoder=-2898.4603, decoder=0.6881
2025-06-24 18:18:40,300 - tadGANs - INFO - Epoch 982/1000 - Time: 3.12s - Loss: critic_x=-0.0585, critic_z=-1564.4806, encoder=-2903.8617, decoder=0.6966
2025-06-24 18:18:43,596 - tadGANs - INFO - Epoch 983/1000 - Time: 3.30s - Loss: critic_x=-0.0655, critic_z=-1566.7158, encoder=-2908.3316, decoder=0.6910
2025-06-24 18:18:46,823 - tadGANs - INFO - Epoch 984/1000 - Time: 3.23s - Loss: critic_x=-0.0677, critic_z=-1570.3296, encoder=-2913.6904, decoder=0.6928
2025-06-24 18:18:49,996 - tadGANs - INFO - Epoch 985/1000 - Time: 3.17s - Loss: critic_x=-0.0683, critic_z=-1573.7477, encoder=-2920.0671, decoder=0.6827
2025-06-24 18:18:53,207 - tadGANs - INFO - Epoch 986/1000 - Time: 3.21s - Loss: critic_x=-0.0695, critic_z=-1576.5714, encoder=-2927.4298, decoder=0.6908
2025-06-24 18:18:56,496 - tadGANs - INFO - Epoch 987/1000 - Time: 3.29s - Loss: critic_x=-0.0669, critic_z=-1578.7808, encoder=-2931.4010, decoder=0.7005
2025-06-24 18:18:59,628 - tadGANs - INFO - Epoch 988/1000 - Time: 3.13s - Loss: critic_x=-0.0646, critic_z=-1582.3494, encoder=-2936.1874, decoder=0.6924
2025-06-24 18:19:02,880 - tadGANs - INFO - Epoch 989/1000 - Time: 3.25s - Loss: critic_x=-0.0633, critic_z=-1584.7648, encoder=-2943.0197, decoder=0.6639
2025-06-24 18:19:06,186 - tadGANs - INFO - Epoch 990/1000 - Time: 3.31s - Loss: critic_x=-0.0627, critic_z=-1588.5881, encoder=-2949.2552, decoder=0.6526
2025-06-24 18:19:06,203 - tadGANs - INFO - Models saved at epoch 990
2025-06-24 18:19:09,489 - tadGANs - INFO - Epoch 991/1000 - Time: 3.29s - Loss: critic_x=-0.0592, critic_z=-1591.0512, encoder=-2953.5867, decoder=0.6586
2025-06-24 18:19:12,745 - tadGANs - INFO - Epoch 992/1000 - Time: 3.26s - Loss: critic_x=-0.0596, critic_z=-1594.2215, encoder=-2960.1038, decoder=0.6421
2025-06-24 18:19:15,942 - tadGANs - INFO - Epoch 993/1000 - Time: 3.20s - Loss: critic_x=-0.0584, critic_z=-1596.7378, encoder=-2966.6243, decoder=0.6502
2025-06-24 18:19:19,078 - tadGANs - INFO - Epoch 994/1000 - Time: 3.14s - Loss: critic_x=-0.0567, critic_z=-1599.4877, encoder=-2971.2390, decoder=0.6360
2025-06-24 18:19:22,308 - tadGANs - INFO - Epoch 995/1000 - Time: 3.23s - Loss: critic_x=-0.0550, critic_z=-1602.2566, encoder=-2977.0994, decoder=0.6516
2025-06-24 18:19:25,622 - tadGANs - INFO - Epoch 996/1000 - Time: 3.31s - Loss: critic_x=-0.0546, critic_z=-1605.5065, encoder=-2982.3142, decoder=0.6509
2025-06-24 18:19:28,755 - tadGANs - INFO - Epoch 997/1000 - Time: 3.13s - Loss: critic_x=-0.0525, critic_z=-1607.9067, encoder=-2988.1433, decoder=0.6465
2025-06-24 18:19:31,917 - tadGANs - INFO - Epoch 998/1000 - Time: 3.16s - Loss: critic_x=-0.0547, critic_z=-1610.8027, encoder=-2993.5400, decoder=0.6496
2025-06-24 18:19:35,010 - tadGANs - INFO - Epoch 999/1000 - Time: 3.09s - Loss: critic_x=-0.0520, critic_z=-1614.6907, encoder=-2999.9037, decoder=0.6509
2025-06-24 18:19:38,055 - tadGANs - INFO - Epoch 1000/1000 - Time: 3.04s - Loss: critic_x=-0.0496, critic_z=-1617.5663, encoder=-3006.9584, decoder=0.6714
2025-06-24 18:19:38,069 - tadGANs - INFO - Models saved at epoch 1000
2025-06-24 18:19:38,081 - tadGANs - INFO - Training completed in 3314.94s
2025-06-24 18:19:38,084 - tadGANs - INFO - Calculating anomaly scores
2025-06-24 18:21:08,072 - tadGANs - INFO - Using statistical threshold: 2.6528
2025-06-24 18:21:08,072 - tadGANs - INFO - Pruning false positives
2025-06-24 18:21:09,093 - tadGANs - INFO - Plot saved to results/oil_1day_results_plot.png
2025-06-24 18:21:09,100 - tadGANs - INFO - Results saved to results/oil_1day_results.csv
2025-06-24 18:21:09,470 - tadGANs - INFO - Results exported to Excel: results/oil_1day_results.xlsx
2025-06-24 18:21:09,471 - tadGANs - INFO - Successfully processed csv_data/oil_1day.csv
