[START] stage=all | base=D:\tadgan_gaf\f_anogan\market_crash-main
[PREP] US3M: wrote D:\tadgan_gaf\f_anogan\market_crash-main\excel\US3M_BOND_COVID200_daily_final2.xlsx | rows=1128 | test=200 | crash_windows=52
[PREP] US1Y: wrote D:\tadgan_gaf\f_anogan\market_crash-main\excel\US1Y_BOND_COVID200_daily_final2.xlsx | rows=1128 | test=200 | crash_windows=52
[PREP] US5Y: wrote D:\tadgan_gaf\f_anogan\market_crash-main\excel\US5Y_BOND_COVID200_daily_final2.xlsx | rows=1128 | test=200 | crash_windows=52
[PREP] US10Y: wrote D:\tadgan_gaf\f_anogan\market_crash-main\excel\US10Y_BOND_COVID200_daily_final2.xlsx | rows=1128 | test=200 | crash_windows=52
[PREP] US20Y: wrote D:\tadgan_gaf\f_anogan\market_crash-main\excel\US20Y_BOND_COVID200_daily_final2.xlsx | rows=1128 | test=200 | crash_windows=52
[PREP] US3M: wrote D:\tadgan_gaf\f_anogan\market_crash-main\excel\US3M_BOND_COVID200_daily_final2.xlsx | rows=1128 | test=200 | crash_windows=52
[PREP] US1Y: wrote D:\tadgan_gaf\f_anogan\market_crash-main\excel\US1Y_BOND_COVID200_daily_final2.xlsx | rows=1128 | test=200 | crash_windows=52
[PREP] US5Y: wrote D:\tadgan_gaf\f_anogan\market_crash-main\excel\US5Y_BOND_COVID200_daily_final2.xlsx | rows=1128 | test=200 | crash_windows=52
[PREP] US10Y: wrote D:\tadgan_gaf\f_anogan\market_crash-main\excel\US10Y_BOND_COVID200_daily_final2.xlsx | rows=1128 | test=200 | crash_windows=52
[PREP] US20Y: wrote D:\tadgan_gaf\f_anogan\market_crash-main\excel\US20Y_BOND_COVID200_daily_final2.xlsx | rows=1128 | test=200 | crash_windows=52
[CNN] device=cuda | output=D:\tadgan_gaf\f_anogan\market_crash-main\bond_3m_1y_5y_10y_20y_compare_e20_daily\cnn_autoencoder
[CNN] run US3M -> D:\tadgan_gaf\f_anogan\market_crash-main\excel\US3M_BOND_COVID200_daily_final2.xlsx
[CNN] US3M_BOND_COVID200_daily_CNN_AE | cosine
[CNN] US3M_BOND_COVID200_daily_CNN_AE | exponential
[CNN] US3M_BOND_COVID200_daily_CNN_AE | arctan
[CNN] US3M_BOND_COVID200_daily_CNN_AE | arccosh
[CNN] run US1Y -> D:\tadgan_gaf\f_anogan\market_crash-main\excel\US1Y_BOND_COVID200_daily_final2.xlsx
[CNN] US1Y_BOND_COVID200_daily_CNN_AE | cosine
[CNN] US1Y_BOND_COVID200_daily_CNN_AE | exponential
[CNN] US1Y_BOND_COVID200_daily_CNN_AE | arctan
[CNN] US1Y_BOND_COVID200_daily_CNN_AE | arccosh
[CNN] run US5Y -> D:\tadgan_gaf\f_anogan\market_crash-main\excel\US5Y_BOND_COVID200_daily_final2.xlsx
[CNN] US5Y_BOND_COVID200_daily_CNN_AE | cosine
[CNN] US5Y_BOND_COVID200_daily_CNN_AE | exponential
[CNN] US5Y_BOND_COVID200_daily_CNN_AE | arctan
[CNN] US5Y_BOND_COVID200_daily_CNN_AE | arccosh
[CNN] run US10Y -> D:\tadgan_gaf\f_anogan\market_crash-main\excel\US10Y_BOND_COVID200_daily_final2.xlsx
[CNN] US10Y_BOND_COVID200_daily_CNN_AE | cosine
[CNN] US10Y_BOND_COVID200_daily_CNN_AE | exponential
[CNN] US10Y_BOND_COVID200_daily_CNN_AE | arctan
[CNN] US10Y_BOND_COVID200_daily_CNN_AE | arccosh
[CNN] run US20Y -> D:\tadgan_gaf\f_anogan\market_crash-main\excel\US20Y_BOND_COVID200_daily_final2.xlsx
[CNN] US20Y_BOND_COVID200_daily_CNN_AE | cosine
[CNN] US20Y_BOND_COVID200_daily_CNN_AE | exponential
[CNN] US20Y_BOND_COVID200_daily_CNN_AE | arctan
[CNN] US20Y_BOND_COVID200_daily_CNN_AE | arccosh
[PREP] US3M: wrote D:\tadgan_gaf\f_anogan\market_crash-main\excel\US3M_BOND_COVID200_daily_final2.xlsx | rows=1128 | test=200 | crash_windows=52
[PREP] US1Y: wrote D:\tadgan_gaf\f_anogan\market_crash-main\excel\US1Y_BOND_COVID200_daily_final2.xlsx | rows=1128 | test=200 | crash_windows=52
[PREP] US5Y: wrote D:\tadgan_gaf\f_anogan\market_crash-main\excel\US5Y_BOND_COVID200_daily_final2.xlsx | rows=1128 | test=200 | crash_windows=52
[PREP] US10Y: wrote D:\tadgan_gaf\f_anogan\market_crash-main\excel\US10Y_BOND_COVID200_daily_final2.xlsx | rows=1128 | test=200 | crash_windows=52
[PREP] US20Y: wrote D:\tadgan_gaf\f_anogan\market_crash-main\excel\US20Y_BOND_COVID200_daily_final2.xlsx | rows=1128 | test=200 | crash_windows=52
[INFO] Device: cuda
[FANOGAN] device/module loaded | output=D:\tadgan_gaf\f_anogan\market_crash-main\bond_3m_1y_5y_10y_20y_compare_e20_daily\standalone_fanogan
[FANOGAN] run US3M -> D:\tadgan_gaf\f_anogan\market_crash-main\excel\US3M_BOND_COVID200_daily_final2.xlsx

==========================================================================================
[STOCK] US3M_BOND_COVID200_daily | file=D:\tadgan_gaf\f_anogan\market_crash-main\excel\US3M_BOND_COVID200_daily_final2.xlsx | n_prices=1128
==========================================================================================

[RUN] US3M_BOND_COVID200_daily | method=cosine
    [DATA] windows total=1097 | train_normal=897 | test=200 | crash_in_test=52 | normal_in_test=148
    [SPLIT] train_end=2019-12-30 | test_start=2020-01-02 | test_end=2020-10-27
    [PREP] EXPORT_SAMPLE_GAF=0 so input GAF JPG export is skipped.
    [RUN] Starting f-AnoGAN training ...
    [GAN] epoch 001/20 D=-2.8755 G=2.5256
    [GAN] epoch 002/20 D=-14.8521 G=10.6496
    [GAN] epoch 003/20 D=-13.7570 G=10.7830
    [GAN] epoch 004/20 D=-14.3963 G=9.3080
    [GAN] epoch 005/20 D=-13.3466 G=6.3352
    [GAN] epoch 006/20 D=-11.4672 G=6.1665
    [GAN] epoch 007/20 D=-7.3361 G=2.9913
    [GAN] epoch 008/20 D=-1.4639 G=10.0422
    [GAN] epoch 009/20 D=-0.4532 G=9.9586
    [GAN] epoch 010/20 D=-0.0816 G=7.1376
    [GAN] epoch 011/20 D=0.0576 G=3.5222
    [GAN] epoch 012/20 D=0.3658 G=-0.1455
    [GAN] epoch 013/20 D=0.1973 G=3.3950
    [GAN] epoch 014/20 D=0.0463 G=0.5708
    [GAN] epoch 015/20 D=0.3327 G=-3.0449
    [GAN] epoch 016/20 D=0.2672 G=-2.3936
    [GAN] epoch 017/20 D=-0.0544 G=-0.9333
    [GAN] epoch 018/20 D=-0.1988 G=-3.0345
    [GAN] epoch 019/20 D=-0.3179 G=-2.2235
    [GAN] epoch 020/20 D=-0.3027 G=-0.8658
    [ENC] epoch 001/20 loss=0.162145
    [ENC] epoch 002/20 loss=0.114697
    [ENC] epoch 003/20 loss=0.101956
    [ENC] epoch 004/20 loss=0.093636
    [ENC] epoch 005/20 loss=0.089127
    [ENC] epoch 006/20 loss=0.085225
    [ENC] epoch 007/20 loss=0.084054
    [ENC] epoch 008/20 loss=0.082413
    [ENC] epoch 009/20 loss=0.079839
    [ENC] epoch 010/20 loss=0.078374
    [ENC] epoch 011/20 loss=0.079455
    [ENC] epoch 012/20 loss=0.079305
    [ENC] epoch 013/20 loss=0.075439
    [ENC] epoch 014/20 loss=0.076382
    [ENC] epoch 015/20 loss=0.075315
    [ENC] epoch 016/20 loss=0.073431
    [ENC] epoch 017/20 loss=0.073469
    [ENC] epoch 018/20 loss=0.072581
    [ENC] epoch 019/20 loss=0.073118
    [ENC] epoch 020/20 loss=0.072379
    [RESULT] acc=0.7350 precision=0.4800 recall=0.2308 f1=0.3117 auc=0.5630
    [TIME] cosine took 0.56 min

[RUN] US3M_BOND_COVID200_daily | method=exponential
    [DATA] windows total=1097 | train_normal=897 | test=200 | crash_in_test=52 | normal_in_test=148
    [SPLIT] train_end=2019-12-30 | test_start=2020-01-02 | test_end=2020-10-27
    [PREP] EXPORT_SAMPLE_GAF=0 so input GAF JPG export is skipped.
    [RUN] Starting f-AnoGAN training ...
    [GAN] epoch 001/20 D=-5.0786 G=2.0546
    [GAN] epoch 002/20 D=-13.8370 G=9.0443
    [GAN] epoch 003/20 D=-11.6336 G=9.2780
    [GAN] epoch 004/20 D=-11.6687 G=5.6180
    [GAN] epoch 005/20 D=-11.4530 G=4.1766
    [GAN] epoch 006/20 D=-10.0699 G=3.5519
    [GAN] epoch 007/20 D=-9.8871 G=3.0047
    [GAN] epoch 008/20 D=-9.9124 G=2.4221
    [GAN] epoch 009/20 D=-9.7202 G=1.9533
    [GAN] epoch 010/20 D=-7.3582 G=2.4186
    [GAN] epoch 011/20 D=-7.3167 G=2.2021
    [GAN] epoch 012/20 D=-7.3527 G=2.2046
    [GAN] epoch 013/20 D=-7.3772 G=2.1791
    [GAN] epoch 014/20 D=-7.2808 G=2.3680
    [GAN] epoch 015/20 D=-7.3151 G=2.4846
    [GAN] epoch 016/20 D=-7.2385 G=2.8213
    [GAN] epoch 017/20 D=-7.2621 G=2.6671
    [GAN] epoch 018/20 D=-7.2259 G=2.7181
    [GAN] epoch 019/20 D=-7.1794 G=3.2106
    [GAN] epoch 020/20 D=-7.2100 G=3.2187
    [ENC] epoch 001/20 loss=0.293853
    [ENC] epoch 002/20 loss=0.211294
    [ENC] epoch 003/20 loss=0.192745
    [ENC] epoch 004/20 loss=0.184344
    [ENC] epoch 005/20 loss=0.175912
    [ENC] epoch 006/20 loss=0.168620
    [ENC] epoch 007/20 loss=0.164961
    [ENC] epoch 008/20 loss=0.162881
    [ENC] epoch 009/20 loss=0.158873
    [ENC] epoch 010/20 loss=0.158980
    [ENC] epoch 011/20 loss=0.155666
    [ENC] epoch 012/20 loss=0.156104
    [ENC] epoch 013/20 loss=0.156508
    [ENC] epoch 014/20 loss=0.154984
    [ENC] epoch 015/20 loss=0.151064
    [ENC] epoch 016/20 loss=0.150984
    [ENC] epoch 017/20 loss=0.150845
    [ENC] epoch 018/20 loss=0.149608
    [ENC] epoch 019/20 loss=0.149584
    [ENC] epoch 020/20 loss=0.149862
    [RESULT] acc=0.7350 precision=0.4878 recall=0.3846 f1=0.4301 auc=0.6484
    [TIME] exponential took 1.00 min

[RUN] US3M_BOND_COVID200_daily | method=arctan
    [DATA] windows total=1097 | train_normal=897 | test=200 | crash_in_test=52 | normal_in_test=148
    [SPLIT] train_end=2019-12-30 | test_start=2020-01-02 | test_end=2020-10-27
    [PREP] EXPORT_SAMPLE_GAF=0 so input GAF JPG export is skipped.
    [RUN] Starting f-AnoGAN training ...
    [GAN] epoch 001/20 D=-0.9607 G=1.3694
    [GAN] epoch 002/20 D=-13.6073 G=17.0629
    [GAN] epoch 003/20 D=-13.9294 G=15.1026
    [GAN] epoch 004/20 D=-14.0221 G=12.6105
    [GAN] epoch 005/20 D=-13.7843 G=8.3865
    [GAN] epoch 006/20 D=-13.4636 G=9.2740
    [GAN] epoch 007/20 D=-12.8297 G=8.4785
    [GAN] epoch 008/20 D=-6.4793 G=4.1965
    [GAN] epoch 009/20 D=-3.0031 G=9.7829
    [GAN] epoch 010/20 D=-2.9627 G=14.6983
    [GAN] epoch 011/20 D=-1.3547 G=10.9215
    [GAN] epoch 012/20 D=-0.6120 G=9.1177
    [GAN] epoch 013/20 D=-0.2329 G=9.7678
    [GAN] epoch 014/20 D=-0.1906 G=8.7474
    [GAN] epoch 015/20 D=-0.1418 G=10.6718
    [GAN] epoch 016/20 D=-0.2116 G=11.9553
    [GAN] epoch 017/20 D=-0.3053 G=13.1937
    [GAN] epoch 018/20 D=-0.2551 G=13.0228
    [GAN] epoch 019/20 D=-0.2304 G=12.4027
    [GAN] epoch 020/20 D=-0.1617 G=12.7309
    [ENC] epoch 001/20 loss=0.039250
    [ENC] epoch 002/20 loss=0.028253
    [ENC] epoch 003/20 loss=0.024470
    [ENC] epoch 004/20 loss=0.018428
    [ENC] epoch 005/20 loss=0.019998
    [ENC] epoch 006/20 loss=0.015893
    [ENC] epoch 007/20 loss=0.016057
    [ENC] epoch 008/20 loss=0.016034
    [ENC] epoch 009/20 loss=0.014770
    [ENC] epoch 010/20 loss=0.013987
    [ENC] epoch 011/20 loss=0.013999
    [ENC] epoch 012/20 loss=0.013295
    [ENC] epoch 013/20 loss=0.014239
    [ENC] epoch 014/20 loss=0.014222
    [ENC] epoch 015/20 loss=0.013313
    [ENC] epoch 016/20 loss=0.013308
    [ENC] epoch 017/20 loss=0.013158
    [ENC] epoch 018/20 loss=0.013129
    [ENC] epoch 019/20 loss=0.012677
    [ENC] epoch 020/20 loss=0.012679
    [RESULT] acc=0.7500 precision=0.5385 recall=0.2692 f1=0.3590 auc=0.5986
    [TIME] arctan took 1.03 min

[RUN] US3M_BOND_COVID200_daily | method=arccosh
    [DATA] windows total=1097 | train_normal=897 | test=200 | crash_in_test=52 | normal_in_test=148
    [SPLIT] train_end=2019-12-30 | test_start=2020-01-02 | test_end=2020-10-27
    [PREP] EXPORT_SAMPLE_GAF=0 so input GAF JPG export is skipped.
    [RUN] Starting f-AnoGAN training ...
    [GAN] epoch 001/20 D=1.0363 G=2.3924
    [GAN] epoch 002/20 D=-11.9730 G=13.9573
    [GAN] epoch 003/20 D=-8.3985 G=14.5651
    [GAN] epoch 004/20 D=-7.7209 G=7.3657
    [GAN] epoch 005/20 D=-3.6937 G=-0.3926
    [GAN] epoch 006/20 D=-1.2323 G=2.6869
    [GAN] epoch 007/20 D=-0.9209 G=0.6146
    [GAN] epoch 008/20 D=-0.5238 G=0.2274
    [GAN] epoch 009/20 D=-0.4894 G=1.2808
    [GAN] epoch 010/20 D=-0.6651 G=1.9938
    [GAN] epoch 011/20 D=-0.5632 G=-0.2838
    [GAN] epoch 012/20 D=-0.6150 G=0.1667
    [GAN] epoch 013/20 D=-0.7224 G=0.5817
    [GAN] epoch 014/20 D=-0.5759 G=-0.4364
    [GAN] epoch 015/20 D=-0.6294 G=0.2837
    [GAN] epoch 016/20 D=-0.5448 G=0.9006
    [GAN] epoch 017/20 D=-0.6450 G=-0.5938
    [GAN] epoch 018/20 D=-0.7432 G=0.3586
    [GAN] epoch 019/20 D=-0.5734 G=-0.5472
    [GAN] epoch 020/20 D=-0.7462 G=-1.5007
    [ENC] epoch 001/20 loss=0.093300
    [ENC] epoch 002/20 loss=0.058202
    [ENC] epoch 003/20 loss=0.047101
    [ENC] epoch 004/20 loss=0.043604
    [ENC] epoch 005/20 loss=0.039611
    [ENC] epoch 006/20 loss=0.036144
    [ENC] epoch 007/20 loss=0.035365
    [ENC] epoch 008/20 loss=0.038070
    [ENC] epoch 009/20 loss=0.033587
    [ENC] epoch 010/20 loss=0.032146
    [ENC] epoch 011/20 loss=0.031181
    [ENC] epoch 012/20 loss=0.030809
    [ENC] epoch 013/20 loss=0.030841
    [ENC] epoch 014/20 loss=0.029553
    [ENC] epoch 015/20 loss=0.029825
    [ENC] epoch 016/20 loss=0.030671
    [ENC] epoch 017/20 loss=0.029200
    [ENC] epoch 018/20 loss=0.029716
    [ENC] epoch 019/20 loss=0.028842
    [ENC] epoch 020/20 loss=0.029045
    [RESULT] acc=0.7300 precision=0.4286 recall=0.1154 f1=0.1818 auc=0.4262
    [TIME] arccosh took 1.03 min
[FANOGAN] run US1Y -> D:\tadgan_gaf\f_anogan\market_crash-main\excel\US1Y_BOND_COVID200_daily_final2.xlsx

==========================================================================================
[STOCK] US1Y_BOND_COVID200_daily | file=D:\tadgan_gaf\f_anogan\market_crash-main\excel\US1Y_BOND_COVID200_daily_final2.xlsx | n_prices=1128
==========================================================================================

[RUN] US1Y_BOND_COVID200_daily | method=cosine
    [DATA] windows total=1097 | train_normal=897 | test=200 | crash_in_test=52 | normal_in_test=148
    [SPLIT] train_end=2019-12-30 | test_start=2020-01-02 | test_end=2020-10-27
    [PREP] EXPORT_SAMPLE_GAF=0 so input GAF JPG export is skipped.
    [RUN] Starting f-AnoGAN training ...
    [GAN] epoch 001/20 D=2.1034 G=0.0997
    [GAN] epoch 002/20 D=-10.9614 G=8.2890
    [GAN] epoch 003/20 D=-5.5251 G=8.9074
    [GAN] epoch 004/20 D=-5.5121 G=4.4091
    [GAN] epoch 005/20 D=-5.7948 G=2.0694
    [GAN] epoch 006/20 D=-5.6345 G=2.3957
    [GAN] epoch 007/20 D=-5.6730 G=2.5099
    [GAN] epoch 008/20 D=-5.6389 G=2.7478
    [GAN] epoch 009/20 D=-5.6485 G=3.1064
    [GAN] epoch 010/20 D=-5.7215 G=2.9889
    [GAN] epoch 011/20 D=-5.6769 G=2.4083
    [GAN] epoch 012/20 D=-5.7105 G=1.7410
    [GAN] epoch 013/20 D=-5.6833 G=1.9760
    [GAN] epoch 014/20 D=-5.6636 G=2.1767
    [GAN] epoch 015/20 D=-5.1727 G=1.4503
    [GAN] epoch 016/20 D=-0.2132 G=0.2943
    [GAN] epoch 017/20 D=0.4123 G=1.0498
    [GAN] epoch 018/20 D=0.0440 G=-0.8954
    [GAN] epoch 019/20 D=0.1793 G=-4.9502
    [GAN] epoch 020/20 D=-0.0402 G=-1.7682
    [ENC] epoch 001/20 loss=0.157114
    [ENC] epoch 002/20 loss=0.098730
    [ENC] epoch 003/20 loss=0.084668
    [ENC] epoch 004/20 loss=0.082556
    [ENC] epoch 005/20 loss=0.085189
    [ENC] epoch 006/20 loss=0.076066
    [ENC] epoch 007/20 loss=0.072668
    [ENC] epoch 008/20 loss=0.072210
    [ENC] epoch 009/20 loss=0.071811
    [ENC] epoch 010/20 loss=0.068279
    [ENC] epoch 011/20 loss=0.067880
    [ENC] epoch 012/20 loss=0.069495
    [ENC] epoch 013/20 loss=0.067344
    [ENC] epoch 014/20 loss=0.066431
    [ENC] epoch 015/20 loss=0.066101
    [ENC] epoch 016/20 loss=0.065687
    [ENC] epoch 017/20 loss=0.064655
    [ENC] epoch 018/20 loss=0.064449
    [ENC] epoch 019/20 loss=0.064384
    [ENC] epoch 020/20 loss=0.064276
    [RESULT] acc=0.8000 precision=1.0000 recall=0.2308 f1=0.3750 auc=0.5820
    [TIME] cosine took 1.02 min

[RUN] US1Y_BOND_COVID200_daily | method=exponential
    [DATA] windows total=1097 | train_normal=897 | test=200 | crash_in_test=52 | normal_in_test=148
    [SPLIT] train_end=2019-12-30 | test_start=2020-01-02 | test_end=2020-10-27
    [PREP] EXPORT_SAMPLE_GAF=0 so input GAF JPG export is skipped.
    [RUN] Starting f-AnoGAN training ...
    [GAN] epoch 001/20 D=-4.5864 G=4.7688
    [GAN] epoch 002/20 D=-14.1302 G=13.2004
    [GAN] epoch 003/20 D=-11.2321 G=14.6761
    [GAN] epoch 004/20 D=-10.1335 G=9.4343
    [GAN] epoch 005/20 D=-9.2458 G=8.3229
    [GAN] epoch 006/20 D=-8.6876 G=8.4777
    [GAN] epoch 007/20 D=-7.4899 G=7.4774
    [GAN] epoch 008/20 D=-7.4013 G=6.5595
    [GAN] epoch 009/20 D=-7.3862 G=5.7409
    [GAN] epoch 010/20 D=-7.4303 G=5.3829
    [GAN] epoch 011/20 D=-7.5280 G=5.8989
    [GAN] epoch 012/20 D=-6.8447 G=5.0790
    [GAN] epoch 013/20 D=-5.9129 G=5.5688
    [GAN] epoch 014/20 D=-5.9787 G=4.0551
    [GAN] epoch 015/20 D=-5.8757 G=4.6553
    [GAN] epoch 016/20 D=-5.8841 G=4.4512
    [GAN] epoch 017/20 D=-5.8716 G=4.2119
    [GAN] epoch 018/20 D=-5.8533 G=4.1867
    [GAN] epoch 019/20 D=-5.9078 G=4.2608
    [GAN] epoch 020/20 D=-5.9143 G=4.1592
    [ENC] epoch 001/20 loss=0.280090
    [ENC] epoch 002/20 loss=0.202975
    [ENC] epoch 003/20 loss=0.177242
    [ENC] epoch 004/20 loss=0.166541
    [ENC] epoch 005/20 loss=0.166702
    [ENC] epoch 006/20 loss=0.155395
    [ENC] epoch 007/20 loss=0.155127
    [ENC] epoch 008/20 loss=0.148111
    [ENC] epoch 009/20 loss=0.144384
    [ENC] epoch 010/20 loss=0.143742
    [ENC] epoch 011/20 loss=0.144217
    [ENC] epoch 012/20 loss=0.140553
    [ENC] epoch 013/20 loss=0.139098
    [ENC] epoch 014/20 loss=0.139637
    [ENC] epoch 015/20 loss=0.140945
    [ENC] epoch 016/20 loss=0.137640
    [ENC] epoch 017/20 loss=0.135679
    [ENC] epoch 018/20 loss=0.133605
    [ENC] epoch 019/20 loss=0.134995
    [ENC] epoch 020/20 loss=0.135903
    [RESULT] acc=0.8200 precision=1.0000 recall=0.3077 f1=0.4706 auc=0.7379
    [TIME] exponential took 1.04 min

[RUN] US1Y_BOND_COVID200_daily | method=arctan
    [DATA] windows total=1097 | train_normal=897 | test=200 | crash_in_test=52 | normal_in_test=148
    [SPLIT] train_end=2019-12-30 | test_start=2020-01-02 | test_end=2020-10-27
    [PREP] EXPORT_SAMPLE_GAF=0 so input GAF JPG export is skipped.
    [RUN] Starting f-AnoGAN training ...
    [GAN] epoch 001/20 D=-11.8090 G=7.9620
    [GAN] epoch 002/20 D=-27.7228 G=24.6212
    [GAN] epoch 003/20 D=-23.7794 G=22.8332
    [GAN] epoch 004/20 D=-22.4596 G=19.2751
    [GAN] epoch 005/20 D=-15.1275 G=8.8749
    [GAN] epoch 006/20 D=-6.0687 G=5.3979
    [GAN] epoch 007/20 D=-4.6892 G=11.2266
    [GAN] epoch 008/20 D=-3.8574 G=8.1664
    [GAN] epoch 009/20 D=-3.4510 G=4.1086
    [GAN] epoch 010/20 D=-3.1492 G=3.0265
    [GAN] epoch 011/20 D=-2.9004 G=1.4698
    [GAN] epoch 012/20 D=-2.6134 G=-0.7753
    [GAN] epoch 013/20 D=-2.4134 G=-2.1092
    [GAN] epoch 014/20 D=-1.5640 G=-5.1159
    [GAN] epoch 015/20 D=-0.6492 G=-5.5187
    [GAN] epoch 016/20 D=-0.4268 G=-7.1470
    [GAN] epoch 017/20 D=-0.2833 G=-8.5596
    [GAN] epoch 018/20 D=-0.1806 G=-8.1773
    [GAN] epoch 019/20 D=-0.1020 G=-11.3415
    [GAN] epoch 020/20 D=-0.0753 G=-12.6689
    [ENC] epoch 001/20 loss=0.058258
    [ENC] epoch 002/20 loss=0.031672
    [ENC] epoch 003/20 loss=0.024936
    [ENC] epoch 004/20 loss=0.022138
    [ENC] epoch 005/20 loss=0.020303
    [ENC] epoch 006/20 loss=0.019859
    [ENC] epoch 007/20 loss=0.020631
    [ENC] epoch 008/20 loss=0.019375
    [ENC] epoch 009/20 loss=0.017741
    [ENC] epoch 010/20 loss=0.017899
    [ENC] epoch 011/20 loss=0.017685
    [ENC] epoch 012/20 loss=0.017105
    [ENC] epoch 013/20 loss=0.017459
    [ENC] epoch 014/20 loss=0.017766
    [ENC] epoch 015/20 loss=0.016158
    [ENC] epoch 016/20 loss=0.016314
    [ENC] epoch 017/20 loss=0.016375
    [ENC] epoch 018/20 loss=0.016179
    [ENC] epoch 019/20 loss=0.016654
    [ENC] epoch 020/20 loss=0.016188
    [RESULT] acc=0.8050 precision=1.0000 recall=0.2500 f1=0.4000 auc=0.6966
    [TIME] arctan took 1.02 min

[RUN] US1Y_BOND_COVID200_daily | method=arccosh
    [DATA] windows total=1097 | train_normal=897 | test=200 | crash_in_test=52 | normal_in_test=148
    [SPLIT] train_end=2019-12-30 | test_start=2020-01-02 | test_end=2020-10-27
    [PREP] EXPORT_SAMPLE_GAF=0 so input GAF JPG export is skipped.
    [RUN] Starting f-AnoGAN training ...
    [GAN] epoch 001/20 D=5.2626 G=-0.2532
    [GAN] epoch 002/20 D=-13.5462 G=10.8070
    [GAN] epoch 003/20 D=-8.8740 G=18.1649
    [GAN] epoch 004/20 D=-3.2824 G=4.5002
    [GAN] epoch 005/20 D=-2.3521 G=-1.9335
    [GAN] epoch 006/20 D=-1.5771 G=-2.8418
    [GAN] epoch 007/20 D=-1.4438 G=-2.1471
    [GAN] epoch 008/20 D=-1.0307 G=-2.6279
    [GAN] epoch 009/20 D=-0.8923 G=-3.9100
    [GAN] epoch 010/20 D=-0.7420 G=-4.2460
    [GAN] epoch 011/20 D=-0.7461 G=-3.2252
    [GAN] epoch 012/20 D=-0.8201 G=-2.6246
    [GAN] epoch 013/20 D=-0.7146 G=-2.7771
    [GAN] epoch 014/20 D=-0.7625 G=-2.9513
    [GAN] epoch 015/20 D=-0.7999 G=-1.9478
    [GAN] epoch 016/20 D=-0.7120 G=-2.1231
    [GAN] epoch 017/20 D=-0.8869 G=-2.3486
    [GAN] epoch 018/20 D=-0.8836 G=-1.5026
    [GAN] epoch 019/20 D=-0.8444 G=-2.8696
    [GAN] epoch 020/20 D=-0.6459 G=-1.7014
    [ENC] epoch 001/20 loss=0.118246
    [ENC] epoch 002/20 loss=0.068477
    [ENC] epoch 003/20 loss=0.054917
    [ENC] epoch 004/20 loss=0.053227
    [ENC] epoch 005/20 loss=0.048592
    [ENC] epoch 006/20 loss=0.044616
    [ENC] epoch 007/20 loss=0.044329
    [ENC] epoch 008/20 loss=0.041618
    [ENC] epoch 009/20 loss=0.042279
    [ENC] epoch 010/20 loss=0.040348
    [ENC] epoch 011/20 loss=0.039747
    [ENC] epoch 012/20 loss=0.037185
    [ENC] epoch 013/20 loss=0.037353
    [ENC] epoch 014/20 loss=0.036374
    [ENC] epoch 015/20 loss=0.036769
    [ENC] epoch 016/20 loss=0.036099
    [ENC] epoch 017/20 loss=0.035893
    [ENC] epoch 018/20 loss=0.035754
    [ENC] epoch 019/20 loss=0.035579
    [ENC] epoch 020/20 loss=0.035555
    [RESULT] acc=0.7550 precision=1.0000 recall=0.0577 f1=0.1091 auc=0.5995
    [TIME] arccosh took 1.03 min
[FANOGAN] run US5Y -> D:\tadgan_gaf\f_anogan\market_crash-main\excel\US5Y_BOND_COVID200_daily_final2.xlsx

==========================================================================================
[STOCK] US5Y_BOND_COVID200_daily | file=D:\tadgan_gaf\f_anogan\market_crash-main\excel\US5Y_BOND_COVID200_daily_final2.xlsx | n_prices=1128
==========================================================================================

[RUN] US5Y_BOND_COVID200_daily | method=cosine
    [DATA] windows total=1097 | train_normal=897 | test=200 | crash_in_test=52 | normal_in_test=148
    [SPLIT] train_end=2019-12-30 | test_start=2020-01-02 | test_end=2020-10-27
    [PREP] EXPORT_SAMPLE_GAF=0 so input GAF JPG export is skipped.
    [RUN] Starting f-AnoGAN training ...
    [GAN] epoch 001/20 D=1.6173 G=-1.2497
    [GAN] epoch 002/20 D=-8.8058 G=7.7493
    [GAN] epoch 003/20 D=-9.2747 G=7.0585
    [GAN] epoch 004/20 D=-9.2008 G=4.9550
    [GAN] epoch 005/20 D=-9.1696 G=3.4632
    [GAN] epoch 006/20 D=-6.6939 G=3.3178
    [GAN] epoch 007/20 D=-6.2548 G=3.6606
    [GAN] epoch 008/20 D=-6.1944 G=3.3834
    [GAN] epoch 009/20 D=-6.1290 G=3.2145
    [GAN] epoch 010/20 D=-6.1808 G=3.2771
    [GAN] epoch 011/20 D=-6.1492 G=3.4855
    [GAN] epoch 012/20 D=-6.1533 G=3.1589
    [GAN] epoch 013/20 D=-6.1511 G=3.1854
    [GAN] epoch 014/20 D=-6.1498 G=3.0678
    [GAN] epoch 015/20 D=-6.1310 G=3.1193
    [GAN] epoch 016/20 D=-6.1306 G=3.0536
    [GAN] epoch 017/20 D=-6.1022 G=3.1908
    [GAN] epoch 018/20 D=-6.1254 G=3.2921
    [GAN] epoch 019/20 D=-6.1266 G=3.2774
    [GAN] epoch 020/20 D=-6.1009 G=3.1963
    [ENC] epoch 001/20 loss=0.220564
    [ENC] epoch 002/20 loss=0.177299
    [ENC] epoch 003/20 loss=0.166905
    [ENC] epoch 004/20 loss=0.160733
    [ENC] epoch 005/20 loss=0.158177
    [ENC] epoch 006/20 loss=0.155443
    [ENC] epoch 007/20 loss=0.152784
    [ENC] epoch 008/20 loss=0.153267
    [ENC] epoch 009/20 loss=0.149909
    [ENC] epoch 010/20 loss=0.148593
    [ENC] epoch 011/20 loss=0.148353
    [ENC] epoch 012/20 loss=0.147136
    [ENC] epoch 013/20 loss=0.146250
    [ENC] epoch 014/20 loss=0.146690
    [ENC] epoch 015/20 loss=0.145777
    [ENC] epoch 016/20 loss=0.145977
    [ENC] epoch 017/20 loss=0.144293
    [ENC] epoch 018/20 loss=0.144316
    [ENC] epoch 019/20 loss=0.144801
    [ENC] epoch 020/20 loss=0.144761
    [RESULT] acc=0.7000 precision=0.0000 recall=0.0000 f1=0.0000 auc=0.3078
    [TIME] cosine took 1.03 min

[RUN] US5Y_BOND_COVID200_daily | method=exponential
    [DATA] windows total=1097 | train_normal=897 | test=200 | crash_in_test=52 | normal_in_test=148
    [SPLIT] train_end=2019-12-30 | test_start=2020-01-02 | test_end=2020-10-27
    [PREP] EXPORT_SAMPLE_GAF=0 so input GAF JPG export is skipped.
    [RUN] Starting f-AnoGAN training ...
    [GAN] epoch 001/20 D=-0.4190 G=1.8956
    [GAN] epoch 002/20 D=-10.0153 G=10.4856
    [GAN] epoch 003/20 D=-9.3904 G=10.0071
    [GAN] epoch 004/20 D=-9.4609 G=4.4561
    [GAN] epoch 005/20 D=-7.1751 G=3.3978
    [GAN] epoch 006/20 D=-6.2847 G=3.4881
    [GAN] epoch 007/20 D=-6.2632 G=2.2128
    [GAN] epoch 008/20 D=-6.2055 G=2.3300
    [GAN] epoch 009/20 D=-6.2234 G=2.8608
    [GAN] epoch 010/20 D=-6.2747 G=1.5864
    [GAN] epoch 011/20 D=-6.2005 G=2.1630
    [GAN] epoch 012/20 D=-6.2005 G=2.0956
    [GAN] epoch 013/20 D=-6.1744 G=2.9332
    [GAN] epoch 014/20 D=-6.2098 G=2.6736
    [GAN] epoch 015/20 D=-6.1897 G=3.2529
    [GAN] epoch 016/20 D=-6.1938 G=2.6019
    [GAN] epoch 017/20 D=-6.1395 G=2.9240
    [GAN] epoch 018/20 D=-6.2142 G=2.7931
    [GAN] epoch 019/20 D=-6.2103 G=2.8071
    [GAN] epoch 020/20 D=-6.1791 G=3.0025
    [ENC] epoch 001/20 loss=0.307801
    [ENC] epoch 002/20 loss=0.237982
    [ENC] epoch 003/20 loss=0.215673
    [ENC] epoch 004/20 loss=0.206266
    [ENC] epoch 005/20 loss=0.200632
    [ENC] epoch 006/20 loss=0.194655
    [ENC] epoch 007/20 loss=0.190025
    [ENC] epoch 008/20 loss=0.187585
    [ENC] epoch 009/20 loss=0.184610
    [ENC] epoch 010/20 loss=0.183750
    [ENC] epoch 011/20 loss=0.181814
    [ENC] epoch 012/20 loss=0.181771
    [ENC] epoch 013/20 loss=0.180448
    [ENC] epoch 014/20 loss=0.178685
    [ENC] epoch 015/20 loss=0.177716
    [ENC] epoch 016/20 loss=0.177034
    [ENC] epoch 017/20 loss=0.177796
    [ENC] epoch 018/20 loss=0.177568
    [ENC] epoch 019/20 loss=0.177028
    [ENC] epoch 020/20 loss=0.175372
    [RESULT] acc=0.5750 precision=0.0000 recall=0.0000 f1=0.0000 auc=0.2761
    [TIME] exponential took 1.02 min

[RUN] US5Y_BOND_COVID200_daily | method=arctan
    [DATA] windows total=1097 | train_normal=897 | test=200 | crash_in_test=52 | normal_in_test=148
    [SPLIT] train_end=2019-12-30 | test_start=2020-01-02 | test_end=2020-10-27
    [PREP] EXPORT_SAMPLE_GAF=0 so input GAF JPG export is skipped.
    [RUN] Starting f-AnoGAN training ...
    [GAN] epoch 001/20 D=-5.8451 G=7.1701
    [GAN] epoch 002/20 D=-19.3699 G=19.7138
    [GAN] epoch 003/20 D=-18.1896 G=18.2345
    [GAN] epoch 004/20 D=-17.6175 G=16.0732
    [GAN] epoch 005/20 D=-16.7374 G=15.0714
    [GAN] epoch 006/20 D=-16.0432 G=14.6811
    [GAN] epoch 007/20 D=-15.4250 G=11.2888
    [GAN] epoch 008/20 D=-8.1838 G=5.8178
    [GAN] epoch 009/20 D=-2.7515 G=8.6226
    [GAN] epoch 010/20 D=-1.2755 G=13.0765
    [GAN] epoch 011/20 D=-0.7470 G=14.5950
    [GAN] epoch 012/20 D=-0.6139 G=16.0455
    [GAN] epoch 013/20 D=-0.2088 G=12.0020
    [GAN] epoch 014/20 D=0.0282 G=12.9953
    [GAN] epoch 015/20 D=-0.0455 G=13.1605
    [GAN] epoch 016/20 D=-0.1382 G=14.1815
    [GAN] epoch 017/20 D=-0.2111 G=15.8772
    [GAN] epoch 018/20 D=-0.5073 G=18.2058
    [GAN] epoch 019/20 D=-0.6060 G=18.3496
    [GAN] epoch 020/20 D=-0.4532 G=16.8578
    [ENC] epoch 001/20 loss=0.051921
    [ENC] epoch 002/20 loss=0.035318
    [ENC] epoch 003/20 loss=0.030952
    [ENC] epoch 004/20 loss=0.029405
    [ENC] epoch 005/20 loss=0.027334
    [ENC] epoch 006/20 loss=0.026788
    [ENC] epoch 007/20 loss=0.026659
    [ENC] epoch 008/20 loss=0.026415
    [ENC] epoch 009/20 loss=0.025121
    [ENC] epoch 010/20 loss=0.025230
    [ENC] epoch 011/20 loss=0.024415
    [ENC] epoch 012/20 loss=0.025990
    [ENC] epoch 013/20 loss=0.024019
    [ENC] epoch 014/20 loss=0.023807
    [ENC] epoch 015/20 loss=0.023771
    [ENC] epoch 016/20 loss=0.023304
    [ENC] epoch 017/20 loss=0.023840
    [ENC] epoch 018/20 loss=0.023428
    [ENC] epoch 019/20 loss=0.023158
    [ENC] epoch 020/20 loss=0.022841
    [RESULT] acc=0.6700 precision=0.0000 recall=0.0000 f1=0.0000 auc=0.2957
    [TIME] arctan took 1.05 min

[RUN] US5Y_BOND_COVID200_daily | method=arccosh
    [DATA] windows total=1097 | train_normal=897 | test=200 | crash_in_test=52 | normal_in_test=148
    [SPLIT] train_end=2019-12-30 | test_start=2020-01-02 | test_end=2020-10-27
    [PREP] EXPORT_SAMPLE_GAF=0 so input GAF JPG export is skipped.
    [RUN] Starting f-AnoGAN training ...
    [GAN] epoch 001/20 D=-8.3692 G=11.5883
    [GAN] epoch 002/20 D=-22.2590 G=26.2236
    [GAN] epoch 003/20 D=-17.8239 G=17.6719
    [GAN] epoch 004/20 D=-6.4496 G=9.5505
    [GAN] epoch 005/20 D=-3.5146 G=11.1570
    [GAN] epoch 006/20 D=-3.5672 G=8.1564
    [GAN] epoch 007/20 D=-3.6499 G=4.0079
    [GAN] epoch 008/20 D=-2.9286 G=3.1593
    [GAN] epoch 009/20 D=-2.3480 G=2.7745
    [GAN] epoch 010/20 D=-1.5360 G=5.9730
    [GAN] epoch 011/20 D=-1.1028 G=5.2433
    [GAN] epoch 012/20 D=-0.8687 G=6.6583
    [GAN] epoch 013/20 D=-0.8194 G=6.6055
    [GAN] epoch 014/20 D=-0.8327 G=6.8602
    [GAN] epoch 015/20 D=-0.6887 G=6.0182
    [GAN] epoch 016/20 D=-0.8498 G=6.3029
    [GAN] epoch 017/20 D=-0.7957 G=6.0036
    [GAN] epoch 018/20 D=-0.7738 G=5.8555
    [GAN] epoch 019/20 D=-0.9164 G=4.5925
    [GAN] epoch 020/20 D=-0.9583 G=4.8913
    [ENC] epoch 001/20 loss=0.155517
    [ENC] epoch 002/20 loss=0.112678
    [ENC] epoch 003/20 loss=0.097333
    [ENC] epoch 004/20 loss=0.091554
    [ENC] epoch 005/20 loss=0.085562
    [ENC] epoch 006/20 loss=0.077986
    [ENC] epoch 007/20 loss=0.079694
    [ENC] epoch 008/20 loss=0.078020
    [ENC] epoch 009/20 loss=0.074176
    [ENC] epoch 010/20 loss=0.072214
    [ENC] epoch 011/20 loss=0.072622
    [ENC] epoch 012/20 loss=0.070140
    [ENC] epoch 013/20 loss=0.071356
    [ENC] epoch 014/20 loss=0.070025
    [ENC] epoch 015/20 loss=0.068542
    [ENC] epoch 016/20 loss=0.068823
    [ENC] epoch 017/20 loss=0.068737
    [ENC] epoch 018/20 loss=0.067066
    [ENC] epoch 019/20 loss=0.066350
    [ENC] epoch 020/20 loss=0.067004
    [RESULT] acc=0.7100 precision=0.0000 recall=0.0000 f1=0.0000 auc=0.3287
    [TIME] arccosh took 1.05 min
[FANOGAN] run US10Y -> D:\tadgan_gaf\f_anogan\market_crash-main\excel\US10Y_BOND_COVID200_daily_final2.xlsx

==========================================================================================
[STOCK] US10Y_BOND_COVID200_daily | file=D:\tadgan_gaf\f_anogan\market_crash-main\excel\US10Y_BOND_COVID200_daily_final2.xlsx | n_prices=1128
==========================================================================================

[RUN] US10Y_BOND_COVID200_daily | method=cosine
    [DATA] windows total=1097 | train_normal=897 | test=200 | crash_in_test=52 | normal_in_test=148
    [SPLIT] train_end=2019-12-30 | test_start=2020-01-02 | test_end=2020-10-27
    [PREP] EXPORT_SAMPLE_GAF=0 so input GAF JPG export is skipped.
    [RUN] Starting f-AnoGAN training ...
    [GAN] epoch 001/20 D=-7.1236 G=6.1143
    [GAN] epoch 002/20 D=-19.6509 G=13.4718
    [GAN] epoch 003/20 D=-12.4783 G=4.3864
    [GAN] epoch 004/20 D=-6.4542 G=1.5003
    [GAN] epoch 005/20 D=-6.1945 G=1.2235
    [GAN] epoch 006/20 D=-1.9845 G=-6.0439
    [GAN] epoch 007/20 D=-0.8800 G=-0.9452
    [GAN] epoch 008/20 D=-0.5538 G=-2.4868
    [GAN] epoch 009/20 D=-1.0500 G=-2.4806
    [GAN] epoch 010/20 D=-0.5644 G=-3.9631
    [GAN] epoch 011/20 D=-0.6841 G=-2.4726
    [GAN] epoch 012/20 D=-1.0465 G=-5.7816
    [GAN] epoch 013/20 D=-0.9159 G=-4.5788
    [GAN] epoch 014/20 D=-0.7235 G=-4.5845
    [GAN] epoch 015/20 D=-0.5174 G=-2.6436
    [GAN] epoch 016/20 D=-0.6194 G=-5.1893
    [GAN] epoch 017/20 D=-0.7032 G=-5.3439
    [GAN] epoch 018/20 D=-0.6659 G=-4.2516
    [GAN] epoch 019/20 D=-0.8117 G=-3.8308
    [GAN] epoch 020/20 D=-0.8374 G=-3.4162
    [ENC] epoch 001/20 loss=0.208224
    [ENC] epoch 002/20 loss=0.143165
    [ENC] epoch 003/20 loss=0.126425
    [ENC] epoch 004/20 loss=0.118344
    [ENC] epoch 005/20 loss=0.113004
    [ENC] epoch 006/20 loss=0.109951
    [ENC] epoch 007/20 loss=0.107118
    [ENC] epoch 008/20 loss=0.104724
    [ENC] epoch 009/20 loss=0.101445
    [ENC] epoch 010/20 loss=0.103877
    [ENC] epoch 011/20 loss=0.100781
    [ENC] epoch 012/20 loss=0.098822
    [ENC] epoch 013/20 loss=0.099886
    [ENC] epoch 014/20 loss=0.098176
    [ENC] epoch 015/20 loss=0.097075
    [ENC] epoch 016/20 loss=0.096846
    [ENC] epoch 017/20 loss=0.096537
    [ENC] epoch 018/20 loss=0.095603
    [ENC] epoch 019/20 loss=0.095189
    [ENC] epoch 020/20 loss=0.095292
    [RESULT] acc=0.6450 precision=0.0000 recall=0.0000 f1=0.0000 auc=0.3007
    [TIME] cosine took 1.05 min

[RUN] US10Y_BOND_COVID200_daily | method=exponential
    [DATA] windows total=1097 | train_normal=897 | test=200 | crash_in_test=52 | normal_in_test=148
    [SPLIT] train_end=2019-12-30 | test_start=2020-01-02 | test_end=2020-10-27
    [PREP] EXPORT_SAMPLE_GAF=0 so input GAF JPG export is skipped.
    [RUN] Starting f-AnoGAN training ...
    [GAN] epoch 001/20 D=-6.2043 G=3.7448
    [GAN] epoch 002/20 D=-13.8844 G=5.7525
    [GAN] epoch 003/20 D=-10.2980 G=10.2295
    [GAN] epoch 004/20 D=-9.4588 G=8.1604
    [GAN] epoch 005/20 D=-8.9630 G=5.5238
    [GAN] epoch 006/20 D=-8.8038 G=4.8877
    [GAN] epoch 007/20 D=-8.8187 G=5.0952
    [GAN] epoch 008/20 D=-8.7592 G=5.7325
    [GAN] epoch 009/20 D=-8.6388 G=6.0637
    [GAN] epoch 010/20 D=-8.6064 G=6.0494
    [GAN] epoch 011/20 D=-8.5413 G=6.0310
    [GAN] epoch 012/20 D=-8.6360 G=6.1267
    [GAN] epoch 013/20 D=-8.5223 G=6.4740
    [GAN] epoch 014/20 D=-8.5527 G=6.1603
    [GAN] epoch 015/20 D=-8.5009 G=6.1974
    [GAN] epoch 016/20 D=-8.5050 G=6.3578
    [GAN] epoch 017/20 D=-8.4779 G=6.3798
    [GAN] epoch 018/20 D=-8.5031 G=6.4488
    [GAN] epoch 019/20 D=-8.4512 G=6.4738
    [GAN] epoch 020/20 D=-8.4380 G=6.5127
    [ENC] epoch 001/20 loss=0.370332
    [ENC] epoch 002/20 loss=0.284910
    [ENC] epoch 003/20 loss=0.257689
    [ENC] epoch 004/20 loss=0.249693
    [ENC] epoch 005/20 loss=0.242022
    [ENC] epoch 006/20 loss=0.237552
    [ENC] epoch 007/20 loss=0.235021
    [ENC] epoch 008/20 loss=0.232591
    [ENC] epoch 009/20 loss=0.232701
    [ENC] epoch 010/20 loss=0.227775
    [ENC] epoch 011/20 loss=0.227672
    [ENC] epoch 012/20 loss=0.224839
    [ENC] epoch 013/20 loss=0.223464
    [ENC] epoch 014/20 loss=0.223210
    [ENC] epoch 015/20 loss=0.223107
    [ENC] epoch 016/20 loss=0.223551
    [ENC] epoch 017/20 loss=0.222142
    [ENC] epoch 018/20 loss=0.221213
    [ENC] epoch 019/20 loss=0.220157
    [ENC] epoch 020/20 loss=0.219778
    [RESULT] acc=0.6550 precision=0.0000 recall=0.0000 f1=0.0000 auc=0.3768
    [TIME] exponential took 1.05 min

[RUN] US10Y_BOND_COVID200_daily | method=arctan
    [DATA] windows total=1097 | train_normal=897 | test=200 | crash_in_test=52 | normal_in_test=148
    [SPLIT] train_end=2019-12-30 | test_start=2020-01-02 | test_end=2020-10-27
    [PREP] EXPORT_SAMPLE_GAF=0 so input GAF JPG export is skipped.
    [RUN] Starting f-AnoGAN training ...
    [GAN] epoch 001/20 D=-14.9710 G=14.7957
    [GAN] epoch 002/20 D=-35.3915 G=34.3250
    [GAN] epoch 003/20 D=-33.0933 G=30.9640
    [GAN] epoch 004/20 D=-30.1540 G=26.1801
    [GAN] epoch 005/20 D=-30.0787 G=24.5166
    [GAN] epoch 006/20 D=-27.0422 G=18.4295
    [GAN] epoch 007/20 D=-11.0774 G=2.1751
    [GAN] epoch 008/20 D=-6.4190 G=2.2161
    [GAN] epoch 009/20 D=-5.5050 G=6.8473
    [GAN] epoch 010/20 D=-4.8974 G=7.0177
    [GAN] epoch 011/20 D=-4.3127 G=6.3140
    [GAN] epoch 012/20 D=-3.9483 G=6.4801
    [GAN] epoch 013/20 D=-3.5075 G=7.0935
    [GAN] epoch 014/20 D=-3.1431 G=7.8245
    [GAN] epoch 015/20 D=-3.1170 G=6.3472
    [GAN] epoch 016/20 D=-2.5642 G=3.3459
    [GAN] epoch 017/20 D=-1.0837 G=0.8734
    [GAN] epoch 018/20 D=-0.2721 G=7.3665
    [GAN] epoch 019/20 D=-0.1991 G=9.5598
    [GAN] epoch 020/20 D=-0.5451 G=10.6587
    [ENC] epoch 001/20 loss=0.054425
    [ENC] epoch 002/20 loss=0.033266
    [ENC] epoch 003/20 loss=0.030643
    [ENC] epoch 004/20 loss=0.028645
    [ENC] epoch 005/20 loss=0.027540
    [ENC] epoch 006/20 loss=0.027367
    [ENC] epoch 007/20 loss=0.027340
    [ENC] epoch 008/20 loss=0.025598
    [ENC] epoch 009/20 loss=0.026112
    [ENC] epoch 010/20 loss=0.025444
    [ENC] epoch 011/20 loss=0.024442
    [ENC] epoch 012/20 loss=0.025331
    [ENC] epoch 013/20 loss=0.024472
    [ENC] epoch 014/20 loss=0.024408
    [ENC] epoch 015/20 loss=0.024470
    [ENC] epoch 016/20 loss=0.023980
    [ENC] epoch 017/20 loss=0.024078
    [ENC] epoch 018/20 loss=0.023821
    [ENC] epoch 019/20 loss=0.024261
    [ENC] epoch 020/20 loss=0.023510
    [RESULT] acc=0.7000 precision=0.0000 recall=0.0000 f1=0.0000 auc=0.2798
    [TIME] arctan took 1.01 min

[RUN] US10Y_BOND_COVID200_daily | method=arccosh
    [DATA] windows total=1097 | train_normal=897 | test=200 | crash_in_test=52 | normal_in_test=148
    [SPLIT] train_end=2019-12-30 | test_start=2020-01-02 | test_end=2020-10-27
    [PREP] EXPORT_SAMPLE_GAF=0 so input GAF JPG export is skipped.
    [RUN] Starting f-AnoGAN training ...
    [GAN] epoch 001/20 D=-0.3424 G=4.5567
    [GAN] epoch 002/20 D=-13.6675 G=17.3123
    [GAN] epoch 003/20 D=-5.6000 G=3.6257
    [GAN] epoch 004/20 D=-3.0523 G=3.1412
    [GAN] epoch 005/20 D=-2.4002 G=1.3269
    [GAN] epoch 006/20 D=-1.4602 G=-3.4185
    [GAN] epoch 007/20 D=-1.3145 G=-1.5315
    [GAN] epoch 008/20 D=-1.5419 G=-0.1834
    [GAN] epoch 009/20 D=-1.3850 G=0.7241
    [GAN] epoch 010/20 D=-1.3444 G=1.2917
    [GAN] epoch 011/20 D=-1.1151 G=1.8929
    [GAN] epoch 012/20 D=-1.0925 G=1.5738
    [GAN] epoch 013/20 D=-1.1025 G=2.3038
    [GAN] epoch 014/20 D=-1.0850 G=2.2230
    [GAN] epoch 015/20 D=-1.1150 G=1.9727
    [GAN] epoch 016/20 D=-1.1496 G=1.2796
    [GAN] epoch 017/20 D=-1.0353 G=0.9969
    [GAN] epoch 018/20 D=-1.1048 G=0.0913
    [GAN] epoch 019/20 D=-1.0362 G=1.1327
    [GAN] epoch 020/20 D=-1.1149 G=0.0043
    [ENC] epoch 001/20 loss=0.149867
    [ENC] epoch 002/20 loss=0.083148
    [ENC] epoch 003/20 loss=0.071435
    [ENC] epoch 004/20 loss=0.063185
    [ENC] epoch 005/20 loss=0.056395
    [ENC] epoch 006/20 loss=0.055036
    [ENC] epoch 007/20 loss=0.052948
    [ENC] epoch 008/20 loss=0.050954
    [ENC] epoch 009/20 loss=0.046631
    [ENC] epoch 010/20 loss=0.047274
    [ENC] epoch 011/20 loss=0.048783
    [ENC] epoch 012/20 loss=0.045181
    [ENC] epoch 013/20 loss=0.045478
    [ENC] epoch 014/20 loss=0.045228
    [ENC] epoch 015/20 loss=0.042983
    [ENC] epoch 016/20 loss=0.043502
    [ENC] epoch 017/20 loss=0.043435
    [ENC] epoch 018/20 loss=0.043263
    [ENC] epoch 019/20 loss=0.041401
    [ENC] epoch 020/20 loss=0.042027
    [RESULT] acc=0.5850 precision=0.0303 recall=0.0192 f1=0.0235 auc=0.3012
    [TIME] arccosh took 1.04 min
[FANOGAN] run US20Y -> D:\tadgan_gaf\f_anogan\market_crash-main\excel\US20Y_BOND_COVID200_daily_final2.xlsx

==========================================================================================
[STOCK] US20Y_BOND_COVID200_daily | file=D:\tadgan_gaf\f_anogan\market_crash-main\excel\US20Y_BOND_COVID200_daily_final2.xlsx | n_prices=1128
==========================================================================================

[RUN] US20Y_BOND_COVID200_daily | method=cosine
    [DATA] windows total=1097 | train_normal=897 | test=200 | crash_in_test=52 | normal_in_test=148
    [SPLIT] train_end=2019-12-30 | test_start=2020-01-02 | test_end=2020-10-27
    [PREP] EXPORT_SAMPLE_GAF=0 so input GAF JPG export is skipped.
    [RUN] Starting f-AnoGAN training ...
    [GAN] epoch 001/20 D=-5.4897 G=3.7503
    [GAN] epoch 002/20 D=-15.6402 G=5.9845
    [GAN] epoch 003/20 D=-15.0097 G=5.8753
    [GAN] epoch 004/20 D=-12.2626 G=3.2081
    [GAN] epoch 005/20 D=-12.1277 G=4.1891
    [GAN] epoch 006/20 D=-11.9500 G=4.1436
    [GAN] epoch 007/20 D=-8.7884 G=-0.0163
    [GAN] epoch 008/20 D=-2.7408 G=0.4937
    [GAN] epoch 009/20 D=-2.2987 G=3.3838
    [GAN] epoch 010/20 D=-0.9586 G=-0.0786
    [GAN] epoch 011/20 D=-0.1407 G=-1.8427
    [GAN] epoch 012/20 D=-0.3641 G=0.5348
    [GAN] epoch 013/20 D=-0.3713 G=-2.8659
    [GAN] epoch 014/20 D=-0.2115 G=-0.9440
    [GAN] epoch 015/20 D=-0.3822 G=-1.5123
    [GAN] epoch 016/20 D=-0.3132 G=-1.1413
    [GAN] epoch 017/20 D=-0.3073 G=-1.8787
    [GAN] epoch 018/20 D=-0.2120 G=-1.0105
    [GAN] epoch 019/20 D=-0.4364 G=-1.1634
    [GAN] epoch 020/20 D=-0.5717 G=-2.2650
    [ENC] epoch 001/20 loss=0.191775
    [ENC] epoch 002/20 loss=0.139243
    [ENC] epoch 003/20 loss=0.123866
    [ENC] epoch 004/20 loss=0.120294
    [ENC] epoch 005/20 loss=0.112988
    [ENC] epoch 006/20 loss=0.110300
    [ENC] epoch 007/20 loss=0.108023
    [ENC] epoch 008/20 loss=0.105249
    [ENC] epoch 009/20 loss=0.103192
    [ENC] epoch 010/20 loss=0.103240
    [ENC] epoch 011/20 loss=0.100921
    [ENC] epoch 012/20 loss=0.100351
    [ENC] epoch 013/20 loss=0.098785
    [ENC] epoch 014/20 loss=0.098319
    [ENC] epoch 015/20 loss=0.097343
    [ENC] epoch 016/20 loss=0.097368
    [ENC] epoch 017/20 loss=0.096470
    [ENC] epoch 018/20 loss=0.096453
    [ENC] epoch 019/20 loss=0.096445
    [ENC] epoch 020/20 loss=0.095981
    [RESULT] acc=0.7150 precision=0.0000 recall=0.0000 f1=0.0000 auc=0.3412
    [TIME] cosine took 1.05 min

[RUN] US20Y_BOND_COVID200_daily | method=exponential
    [DATA] windows total=1097 | train_normal=897 | test=200 | crash_in_test=52 | normal_in_test=148
    [SPLIT] train_end=2019-12-30 | test_start=2020-01-02 | test_end=2020-10-27
    [PREP] EXPORT_SAMPLE_GAF=0 so input GAF JPG export is skipped.
    [RUN] Starting f-AnoGAN training ...
    [GAN] epoch 001/20 D=-5.8266 G=3.0031
    [GAN] epoch 002/20 D=-16.1606 G=10.2563
    [GAN] epoch 003/20 D=-13.4287 G=13.1104
    [GAN] epoch 004/20 D=-12.6429 G=11.5717
    [GAN] epoch 005/20 D=-12.6851 G=11.7030
    [GAN] epoch 006/20 D=-12.5843 G=11.9683
    [GAN] epoch 007/20 D=-12.7320 G=11.9241
    [GAN] epoch 008/20 D=-12.7554 G=11.7834
    [GAN] epoch 009/20 D=-12.7789 G=12.4571
    [GAN] epoch 010/20 D=-12.6244 G=11.9183
    [GAN] epoch 011/20 D=-12.6563 G=12.5029
    [GAN] epoch 012/20 D=-11.1228 G=12.0909
    [GAN] epoch 013/20 D=-10.1207 G=11.9024
    [GAN] epoch 014/20 D=-10.2085 G=12.0570
    [GAN] epoch 015/20 D=-10.2586 G=11.2275
    [GAN] epoch 016/20 D=-10.1536 G=11.2572
    [GAN] epoch 017/20 D=-10.1498 G=11.5319
    [GAN] epoch 018/20 D=-10.1522 G=11.2391
    [GAN] epoch 019/20 D=-10.1594 G=11.0740
    [GAN] epoch 020/20 D=-10.0931 G=11.2957
    [ENC] epoch 001/20 loss=0.411856
    [ENC] epoch 002/20 loss=0.318206
    [ENC] epoch 003/20 loss=0.300563
    [ENC] epoch 004/20 loss=0.291305
    [ENC] epoch 005/20 loss=0.279656
    [ENC] epoch 006/20 loss=0.274500
    [ENC] epoch 007/20 loss=0.275158
    [ENC] epoch 008/20 loss=0.270415
    [ENC] epoch 009/20 loss=0.265243
    [ENC] epoch 010/20 loss=0.265203
    [ENC] epoch 011/20 loss=0.262751
    [ENC] epoch 012/20 loss=0.263798
    [ENC] epoch 013/20 loss=0.261589
    [ENC] epoch 014/20 loss=0.262171
    [ENC] epoch 015/20 loss=0.258994
    [ENC] epoch 016/20 loss=0.256754
    [ENC] epoch 017/20 loss=0.256211
    [ENC] epoch 018/20 loss=0.257998
    [ENC] epoch 019/20 loss=0.256771
    [ENC] epoch 020/20 loss=0.254600
    [RESULT] acc=0.6750 precision=0.0000 recall=0.0000 f1=0.0000 auc=0.4016
    [TIME] exponential took 1.02 min

[RUN] US20Y_BOND_COVID200_daily | method=arctan
    [DATA] windows total=1097 | train_normal=897 | test=200 | crash_in_test=52 | normal_in_test=148
    [SPLIT] train_end=2019-12-30 | test_start=2020-01-02 | test_end=2020-10-27
    [PREP] EXPORT_SAMPLE_GAF=0 so input GAF JPG export is skipped.
    [RUN] Starting f-AnoGAN training ...
    [GAN] epoch 001/20 D=-10.5378 G=9.7958
    [GAN] epoch 002/20 D=-25.7256 G=26.0156
    [GAN] epoch 003/20 D=-24.5140 G=23.3721
    [GAN] epoch 004/20 D=-23.1468 G=20.1925
    [GAN] epoch 005/20 D=-16.8524 G=13.5958
    [GAN] epoch 006/20 D=-7.8452 G=4.0795
    [GAN] epoch 007/20 D=-4.7714 G=5.0852
    [GAN] epoch 008/20 D=-3.9294 G=6.9491
    [GAN] epoch 009/20 D=-3.5917 G=8.1125
    [GAN] epoch 010/20 D=-3.5562 G=7.4579
    [GAN] epoch 011/20 D=-3.2172 G=7.7768
    [GAN] epoch 012/20 D=-3.2986 G=6.7118
    [GAN] epoch 013/20 D=-3.2918 G=6.5155
    [GAN] epoch 014/20 D=-3.2209 G=7.1079
    [GAN] epoch 015/20 D=-3.1375 G=8.0588
    [GAN] epoch 016/20 D=-3.1141 G=8.3635
    [GAN] epoch 017/20 D=-2.7738 G=6.2250
    [GAN] epoch 018/20 D=-2.1850 G=4.2583
    [GAN] epoch 019/20 D=-1.7149 G=4.6159
    [GAN] epoch 020/20 D=-1.3348 G=3.0768
    [ENC] epoch 001/20 loss=0.061992
    [ENC] epoch 002/20 loss=0.035907
    [ENC] epoch 003/20 loss=0.031511
    [ENC] epoch 004/20 loss=0.026750
    [ENC] epoch 005/20 loss=0.025987
    [ENC] epoch 006/20 loss=0.026344
    [ENC] epoch 007/20 loss=0.023322
    [ENC] epoch 008/20 loss=0.022835
    [ENC] epoch 009/20 loss=0.022268
    [ENC] epoch 010/20 loss=0.022219
    [ENC] epoch 011/20 loss=0.022050
    [ENC] epoch 012/20 loss=0.021770
    [ENC] epoch 013/20 loss=0.021435
    [ENC] epoch 014/20 loss=0.021308
    [ENC] epoch 015/20 loss=0.020722
    [ENC] epoch 016/20 loss=0.021352
    [ENC] epoch 017/20 loss=0.021282
    [ENC] epoch 018/20 loss=0.020087
    [ENC] epoch 019/20 loss=0.019563
    [ENC] epoch 020/20 loss=0.019963
    [RESULT] acc=0.7250 precision=0.0000 recall=0.0000 f1=0.0000 auc=0.4449
    [TIME] arctan took 1.03 min

[RUN] US20Y_BOND_COVID200_daily | method=arccosh
    [DATA] windows total=1097 | train_normal=897 | test=200 | crash_in_test=52 | normal_in_test=148
    [SPLIT] train_end=2019-12-30 | test_start=2020-01-02 | test_end=2020-10-27
    [PREP] EXPORT_SAMPLE_GAF=0 so input GAF JPG export is skipped.
    [RUN] Starting f-AnoGAN training ...
    [GAN] epoch 001/20 D=-6.8273 G=10.6621
    [GAN] epoch 002/20 D=-23.4223 G=24.5648
    [GAN] epoch 003/20 D=-13.9358 G=18.6829
    [GAN] epoch 004/20 D=-6.4599 G=14.3127
    [GAN] epoch 005/20 D=-3.4908 G=13.8609
    [GAN] epoch 006/20 D=-2.7900 G=11.8491
    [GAN] epoch 007/20 D=-1.6523 G=9.9551
    [GAN] epoch 008/20 D=-0.8855 G=11.1447
    [GAN] epoch 009/20 D=-0.6806 G=11.3047
    [GAN] epoch 010/20 D=-0.6070 G=10.9687
    [GAN] epoch 011/20 D=-0.4326 G=11.1518
    [GAN] epoch 012/20 D=-0.4923 G=10.7340
    [GAN] epoch 013/20 D=-0.5835 G=11.0387
    [GAN] epoch 014/20 D=-0.6942 G=9.3560
    [GAN] epoch 015/20 D=-0.5159 G=8.3461
    [GAN] epoch 016/20 D=-0.5483 G=7.6253
    [GAN] epoch 017/20 D=-0.7335 G=7.2691
    [GAN] epoch 018/20 D=-0.6479 G=6.8366
    [GAN] epoch 019/20 D=-0.8199 G=7.4912
    [GAN] epoch 020/20 D=-0.8456 G=5.8742
    [ENC] epoch 001/20 loss=0.136594
    [ENC] epoch 002/20 loss=0.082264
    [ENC] epoch 003/20 loss=0.071914
    [ENC] epoch 004/20 loss=0.062270
    [ENC] epoch 005/20 loss=0.059519
    [ENC] epoch 006/20 loss=0.056264
    [ENC] epoch 007/20 loss=0.052493
    [ENC] epoch 008/20 loss=0.054179
    [ENC] epoch 009/20 loss=0.051078
    [ENC] epoch 010/20 loss=0.051332
    [ENC] epoch 011/20 loss=0.048609
    [ENC] epoch 012/20 loss=0.048422
    [ENC] epoch 013/20 loss=0.047334
    [ENC] epoch 014/20 loss=0.047529
    [ENC] epoch 015/20 loss=0.046654
    [ENC] epoch 016/20 loss=0.045857
    [ENC] epoch 017/20 loss=0.044640
    [ENC] epoch 018/20 loss=0.044926
    [ENC] epoch 019/20 loss=0.045026
    [ENC] epoch 020/20 loss=0.044685
    [RESULT] acc=0.7000 precision=0.0000 recall=0.0000 f1=0.0000 auc=0.2607
    [TIME] arccosh took 1.03 min
[PREP] US3M: wrote D:\tadgan_gaf\f_anogan\market_crash-main\excel\US3M_BOND_COVID200_daily_final2.xlsx | rows=1128 | test=200 | crash_windows=52
[PREP] US1Y: wrote D:\tadgan_gaf\f_anogan\market_crash-main\excel\US1Y_BOND_COVID200_daily_final2.xlsx | rows=1128 | test=200 | crash_windows=52
[PREP] US5Y: wrote D:\tadgan_gaf\f_anogan\market_crash-main\excel\US5Y_BOND_COVID200_daily_final2.xlsx | rows=1128 | test=200 | crash_windows=52
[PREP] US10Y: wrote D:\tadgan_gaf\f_anogan\market_crash-main\excel\US10Y_BOND_COVID200_daily_final2.xlsx | rows=1128 | test=200 | crash_windows=52
[PREP] US20Y: wrote D:\tadgan_gaf\f_anogan\market_crash-main\excel\US20Y_BOND_COVID200_daily_final2.xlsx | rows=1128 | test=200 | crash_windows=52
[INFO] device=cuda
[INFO] QUICK=0 | FORECAST_DAYS=200 | WINDOW_SIZE=32 | N_EPOCHS_GAN=20 | N_EPOCHS_ENC=20 | FC_EPOCHS=50 | TADGAN_EPOCHS=20
[HYBRID] batch run -> input=D:\tadgan_gaf\f_anogan\market_crash-main\eurusd_1day\excel_hybrid_bond_5maturities | output=D:\tadgan_gaf\f_anogan\market_crash-main\bond_3m_1y_5y_10y_20y_compare_e20_daily\hybrid
[MAIN] OUT_ROOT=D:\tadgan_gaf\f_anogan\market_crash-main\bond_3m_1y_5y_10y_20y_compare_e20_daily\hybrid | n_stocks=5 | EXCEL_DIR=D:\tadgan_gaf\f_anogan\market_crash-main\eurusd_1day\excel_hybrid_bond_5maturities | BATCH_SUFFIX=_final2.xlsx
  [1/5] D:\tadgan_gaf\f_anogan\market_crash-main\eurusd_1day\excel_hybrid_bond_5maturities\US10Y_BOND_COVID200_daily_final2.xlsx
  [2/5] D:\tadgan_gaf\f_anogan\market_crash-main\eurusd_1day\excel_hybrid_bond_5maturities\US1Y_BOND_COVID200_daily_final2.xlsx
  [3/5] D:\tadgan_gaf\f_anogan\market_crash-main\eurusd_1day\excel_hybrid_bond_5maturities\US20Y_BOND_COVID200_daily_final2.xlsx
  [4/5] D:\tadgan_gaf\f_anogan\market_crash-main\eurusd_1day\excel_hybrid_bond_5maturities\US3M_BOND_COVID200_daily_final2.xlsx
  [5/5] D:\tadgan_gaf\f_anogan\market_crash-main\eurusd_1day\excel_hybrid_bond_5maturities\US5Y_BOND_COVID200_daily_final2.xlsx

==================== STOCK: US10Y_BOND_COVID200_daily ====================
[STOCK] excel=D:\tadgan_gaf\f_anogan\market_crash-main\eurusd_1day\excel_hybrid_bond_5maturities\US10Y_BOND_COVID200_daily_final2.xlsx -> D:\tadgan_gaf\f_anogan\market_crash-main\bond_3m_1y_5y_10y_20y_compare_e20_daily\hybrid\US10Y_BOND_COVID200_daily
[DATA] prices=1128 | first=2015-05-06T00:00:00.000000000 | last=2020-12-14T00:00:00.000000000
  [TADGAN] preparing scores (1128 raw prices)
  [TADGAN] scores=1029 | anomaly_windows=41 | normal_windows=988
  [FC] epoch 001/50 train=0.66789 val=2.55718
  [FC] epoch 002/50 train=0.25352 val=0.25464
  [FC] epoch 003/50 train=0.08341 val=0.06595
  [FC] epoch 004/50 train=0.05020 val=0.18142
  [FC] epoch 005/50 train=0.04082 val=0.10486
  [FC] epoch 006/50 train=0.03036 val=0.03397
  [FC] epoch 007/50 train=0.02640 val=0.25713
  [FC] epoch 008/50 train=0.02225 val=0.08996
  [FC] epoch 009/50 train=0.01902 val=0.04942
  [FC] epoch 010/50 train=0.01706 val=0.07324
  [FC] epoch 011/50 train=0.01529 val=0.08891
  [FC] epoch 012/50 train=0.01603 val=0.04202
  [FC] epoch 013/50 train=0.01451 val=0.08394
  [FC] epoch 014/50 train=0.01399 val=0.06546
  [FC] epoch 015/50 train=0.01360 val=0.03360
  [FC] epoch 016/50 train=0.01254 val=0.07004
  [FC] epoch 017/50 train=0.01261 val=0.04185
  [FC] epoch 018/50 train=0.01222 val=0.02573
  [FC] epoch 019/50 train=0.01285 val=0.02422
  [FC] epoch 020/50 train=0.01100 val=0.05795
  [FC] epoch 021/50 train=0.01225 val=0.06562
  [FC] epoch 022/50 train=0.01243 val=0.02004
  [FC] epoch 023/50 train=0.01095 val=0.01868
  [FC] epoch 024/50 train=0.01094 val=0.01971
  [FC] epoch 025/50 train=0.01107 val=0.03520
  [FC] epoch 026/50 train=0.01073 val=0.01827
  [FC] epoch 027/50 train=0.01269 val=0.01448
  [FC] epoch 028/50 train=0.01121 val=0.02555
  [FC] epoch 029/50 train=0.01062 val=0.03309
  [FC] epoch 030/50 train=0.01007 val=0.01498
  [FC] epoch 031/50 train=0.01005 val=0.02297
  [FC] epoch 032/50 train=0.01052 val=0.04165
  [FC] epoch 033/50 train=0.01105 val=0.01422
  [FC] epoch 034/50 train=0.00910 val=0.01535
  [FC] epoch 035/50 train=0.00931 val=0.01549
  [FC] epoch 036/50 train=0.00906 val=0.01270
  [FC] epoch 037/50 train=0.00809 val=0.01734
  [FC] epoch 038/50 train=0.00864 val=0.01311
  [FC] epoch 039/50 train=0.00925 val=0.03493
  [FC] epoch 040/50 train=0.00862 val=0.01286
  [FC] epoch 041/50 train=0.00943 val=0.01718
  [FC] epoch 042/50 train=0.00910 val=0.02201
  [FC] epoch 043/50 train=0.00982 val=0.01241
  [FC] epoch 044/50 train=0.00926 val=0.01160
  [FC] epoch 045/50 train=0.00955 val=0.01079
  [FC] epoch 046/50 train=0.00829 val=0.01290
  [FC] epoch 047/50 train=0.00758 val=0.02938
  [FC] epoch 048/50 train=0.00768 val=0.01400
  [FC] epoch 049/50 train=0.00755 val=0.01041
  [FC] epoch 050/50 train=0.00769 val=0.01702
  [METHOD] cosine
    [SPLIT] train=798 | backtest=200 | backtest_anomalies=28
    [DATA] train_total=798 | normal_used=798 | backtest_windows=200
    [GAN] epoch 001/20 D=-2.1200 G=1.7969
    [GAN] epoch 002/20 D=-14.8974 G=10.8515
    [GAN] epoch 003/20 D=-15.0221 G=6.6249
    [GAN] epoch 004/20 D=-13.6170 G=5.2411
    [GAN] epoch 005/20 D=-12.9065 G=3.7538
    [GAN] epoch 006/20 D=-12.8471 G=3.7946
    [GAN] epoch 007/20 D=-11.4269 G=2.5458
    [GAN] epoch 008/20 D=-9.9476 G=2.7427
    [GAN] epoch 009/20 D=-6.8854 G=-1.5050
    [GAN] epoch 010/20 D=-0.4814 G=-8.5121
    [GAN] epoch 011/20 D=1.1173 G=-2.3999
    [GAN] epoch 012/20 D=2.5550 G=1.6604
    [GAN] epoch 013/20 D=3.1800 G=-2.8207
    [GAN] epoch 014/20 D=2.0563 G=-4.5721
    [GAN] epoch 015/20 D=1.2296 G=-3.8819
    [GAN] epoch 016/20 D=0.9331 G=-0.7678
    [GAN] epoch 017/20 D=0.5984 G=-1.8282
    [GAN] epoch 018/20 D=0.4760 G=-2.5128
    [GAN] epoch 019/20 D=0.2626 G=-1.2671
    [GAN] epoch 020/20 D=0.0904 G=-1.0750
    [ENC] epoch 001/20 loss=0.198182
    [ENC] epoch 002/20 loss=0.149967
    [ENC] epoch 003/20 loss=0.136406
    [ENC] epoch 004/20 loss=0.128134
    [ENC] epoch 005/20 loss=0.123850
    [ENC] epoch 006/20 loss=0.120938
    [ENC] epoch 007/20 loss=0.118296
    [ENC] epoch 008/20 loss=0.119377
    [ENC] epoch 009/20 loss=0.116424
    [ENC] epoch 010/20 loss=0.113684
    [ENC] epoch 011/20 loss=0.113712
    [ENC] epoch 012/20 loss=0.112366
    [ENC] epoch 013/20 loss=0.112349
    [ENC] epoch 014/20 loss=0.111186
    [ENC] epoch 015/20 loss=0.111712
    [ENC] epoch 016/20 loss=0.111342
    [ENC] epoch 017/20 loss=0.111042
    [ENC] epoch 018/20 loss=0.109732
    [ENC] epoch 019/20 loss=0.110896
    [ENC] epoch 020/20 loss=0.109292
  [METHOD] exponential
    [SPLIT] train=798 | backtest=200 | backtest_anomalies=28
    [DATA] train_total=798 | normal_used=798 | backtest_windows=200
    [GAN] epoch 001/20 D=3.6973 G=-0.2429
    [GAN] epoch 002/20 D=-11.3795 G=9.2107
    [GAN] epoch 003/20 D=-6.4947 G=6.6121
    [GAN] epoch 004/20 D=-5.4576 G=3.8933
    [GAN] epoch 005/20 D=-2.2031 G=-4.0523
    [GAN] epoch 006/20 D=-1.2990 G=-3.4527
    [GAN] epoch 007/20 D=-1.0661 G=-6.3218
    [GAN] epoch 008/20 D=-0.6033 G=-3.5044
    [GAN] epoch 009/20 D=-0.5191 G=-4.0350
    [GAN] epoch 010/20 D=-0.3569 G=-4.2914
    [GAN] epoch 011/20 D=-0.2044 G=-3.1665
    [GAN] epoch 012/20 D=-0.2270 G=-3.4304
    [GAN] epoch 013/20 D=-0.4735 G=-3.8039
    [GAN] epoch 014/20 D=-0.1715 G=-1.2792
    [GAN] epoch 015/20 D=-0.2223 G=-3.5930
    [GAN] epoch 016/20 D=-0.3513 G=-2.3225
    [GAN] epoch 017/20 D=-0.4115 G=-1.7837
    [GAN] epoch 018/20 D=-0.3938 G=-2.3411
    [GAN] epoch 019/20 D=-0.4058 G=-2.2370
    [GAN] epoch 020/20 D=-0.3441 G=-2.8895
    [ENC] epoch 001/20 loss=0.194839
    [ENC] epoch 002/20 loss=0.119579
    [ENC] epoch 003/20 loss=0.099437
    [ENC] epoch 004/20 loss=0.087094
    [ENC] epoch 005/20 loss=0.082506
    [ENC] epoch 006/20 loss=0.079398
    [ENC] epoch 007/20 loss=0.072493
    [ENC] epoch 008/20 loss=0.073847
    [ENC] epoch 009/20 loss=0.066460
    [ENC] epoch 010/20 loss=0.063364
    [ENC] epoch 011/20 loss=0.077697
    [ENC] epoch 012/20 loss=0.064270
    [ENC] epoch 013/20 loss=0.061542
    [ENC] epoch 014/20 loss=0.063526
    [ENC] epoch 015/20 loss=0.063317
    [ENC] epoch 016/20 loss=0.059688
    [ENC] epoch 017/20 loss=0.059484
    [ENC] epoch 018/20 loss=0.058797
    [ENC] epoch 019/20 loss=0.057130
    [ENC] epoch 020/20 loss=0.057058
  [METHOD] arctan
    [SPLIT] train=798 | backtest=200 | backtest_anomalies=28
    [DATA] train_total=798 | normal_used=798 | backtest_windows=200
    [GAN] epoch 001/20 D=-5.8625 G=0.4620
    [GAN] epoch 002/20 D=-24.8941 G=17.1623
    [GAN] epoch 003/20 D=-26.9553 G=20.8517
    [GAN] epoch 004/20 D=-26.2442 G=18.6347
    [GAN] epoch 005/20 D=-22.9853 G=15.2841
    [GAN] epoch 006/20 D=-18.6556 G=10.8610
    [GAN] epoch 007/20 D=-10.8779 G=0.6888
    [GAN] epoch 008/20 D=0.0685 G=-10.6106
    [GAN] epoch 009/20 D=0.6009 G=6.0745
    [GAN] epoch 010/20 D=0.3513 G=4.1071
    [GAN] epoch 011/20 D=0.4310 G=3.5667
    [GAN] epoch 012/20 D=0.4907 G=3.8969
    [GAN] epoch 013/20 D=0.5111 G=2.6540
    [GAN] epoch 014/20 D=0.7296 G=4.5530
    [GAN] epoch 015/20 D=3.7111 G=-0.1393
    [GAN] epoch 016/20 D=1.9926 G=-3.5335
    [GAN] epoch 017/20 D=1.3633 G=-3.8908
    [GAN] epoch 018/20 D=0.9566 G=-3.1048
    [GAN] epoch 019/20 D=1.0227 G=-2.3617
    [GAN] epoch 020/20 D=0.8645 G=-2.0574
    [ENC] epoch 001/20 loss=0.071884
    [ENC] epoch 002/20 loss=0.045616
    [ENC] epoch 003/20 loss=0.042824
    [ENC] epoch 004/20 loss=0.041995
    [ENC] epoch 005/20 loss=0.041099
    [ENC] epoch 006/20 loss=0.040631
    [ENC] epoch 007/20 loss=0.039791
    [ENC] epoch 008/20 loss=0.040807
    [ENC] epoch 009/20 loss=0.039127
    [ENC] epoch 010/20 loss=0.040144
    [ENC] epoch 011/20 loss=0.038434
    [ENC] epoch 012/20 loss=0.038714
    [ENC] epoch 013/20 loss=0.038364
    [ENC] epoch 014/20 loss=0.038467
    [ENC] epoch 015/20 loss=0.038466
    [ENC] epoch 016/20 loss=0.037734
    [ENC] epoch 017/20 loss=0.038450
    [ENC] epoch 018/20 loss=0.037965
    [ENC] epoch 019/20 loss=0.037568
    [ENC] epoch 020/20 loss=0.037382
  [METHOD] arccosh
    [SPLIT] train=798 | backtest=200 | backtest_anomalies=28
    [DATA] train_total=798 | normal_used=798 | backtest_windows=200
    [GAN] epoch 001/20 D=-1.8916 G=6.6014
    [GAN] epoch 002/20 D=-17.4493 G=21.1286
    [GAN] epoch 003/20 D=-14.8313 G=15.7468
    [GAN] epoch 004/20 D=-8.2443 G=3.5516
    [GAN] epoch 005/20 D=-3.7500 G=11.6821
    [GAN] epoch 006/20 D=-3.2915 G=10.0308
    [GAN] epoch 007/20 D=-2.8080 G=9.0417
    [GAN] epoch 008/20 D=-3.2706 G=8.8436
    [GAN] epoch 009/20 D=-2.3557 G=6.0365
    [GAN] epoch 010/20 D=-1.1597 G=6.1312
    [GAN] epoch 011/20 D=-0.7894 G=3.2476
    [GAN] epoch 012/20 D=-0.6638 G=4.1283
    [GAN] epoch 013/20 D=-0.4656 G=5.3871
    [GAN] epoch 014/20 D=-0.3908 G=4.7123
    [GAN] epoch 015/20 D=-0.3172 G=3.5497
    [GAN] epoch 016/20 D=-0.4578 G=3.8699
    [GAN] epoch 017/20 D=-0.5197 G=4.3595
    [GAN] epoch 018/20 D=-0.3697 G=3.1265
    [GAN] epoch 019/20 D=-0.6188 G=2.8527
    [GAN] epoch 020/20 D=-0.6011 G=2.5269
    [ENC] epoch 001/20 loss=0.146667
    [ENC] epoch 002/20 loss=0.089534
    [ENC] epoch 003/20 loss=0.074607
    [ENC] epoch 004/20 loss=0.069782
    [ENC] epoch 005/20 loss=0.061249
    [ENC] epoch 006/20 loss=0.060453
    [ENC] epoch 007/20 loss=0.059519
    [ENC] epoch 008/20 loss=0.054956
    [ENC] epoch 009/20 loss=0.053294
    [ENC] epoch 010/20 loss=0.053426
    [ENC] epoch 011/20 loss=0.054181
    [ENC] epoch 012/20 loss=0.053058
    [ENC] epoch 013/20 loss=0.050743
    [ENC] epoch 014/20 loss=0.051933
    [ENC] epoch 015/20 loss=0.050109
    [ENC] epoch 016/20 loss=0.049403
    [ENC] epoch 017/20 loss=0.048304
    [ENC] epoch 018/20 loss=0.048498
    [ENC] epoch 019/20 loss=0.047546
    [ENC] epoch 020/20 loss=0.048438

---- SUMMARY [US10Y_BOND_COVID200_daily] (backtest, label 0=crash, 1=not_crash) ----
     method |         acc |     prec(0) |      rec(0) |       f1(0) |      auc(0) |          TP |          FP |          TN |          FN |  fut_crash%
     cosine |       0.800 |       0.000 |       0.000 |       0.000 |       0.457 |           0 |          12 |         160 |          28 |       0.015
exponential |       0.825 |       0.000 |       0.000 |       0.000 |       0.418 |           0 |           7 |         165 |          28 |       0.020
     arctan |       0.860 |       0.000 |       0.000 |       0.000 |       0.407 |           0 |           0 |         172 |          28 |       0.010
    arccosh |       0.770 |       0.000 |       0.000 |       0.000 |       0.378 |           0 |          18 |         154 |          28 |       0.010
   ensemble |       0.815 |       0.000 |       0.000 |       0.000 |       0.392 |           0 |           9 |         163 |          28 |       0.040
[STOCK] US10Y_BOND_COVID200_daily done -> D:\tadgan_gaf\f_anogan\market_crash-main\bond_3m_1y_5y_10y_20y_compare_e20_daily\hybrid\US10Y_BOND_COVID200_daily\hybrid_four_gaf_report.xlsx

==================== STOCK: US1Y_BOND_COVID200_daily ====================
[STOCK] excel=D:\tadgan_gaf\f_anogan\market_crash-main\eurusd_1day\excel_hybrid_bond_5maturities\US1Y_BOND_COVID200_daily_final2.xlsx -> D:\tadgan_gaf\f_anogan\market_crash-main\bond_3m_1y_5y_10y_20y_compare_e20_daily\hybrid\US1Y_BOND_COVID200_daily
[DATA] prices=1128 | first=2015-05-06T00:00:00.000000000 | last=2020-12-14T00:00:00.000000000
  [TADGAN] preparing scores (1128 raw prices)
  [TADGAN] scores=1029 | anomaly_windows=97 | normal_windows=932
  [FC] epoch 001/50 train=0.16724 val=8.92246
  [FC] epoch 002/50 train=0.10402 val=7.07155
  [FC] epoch 003/50 train=0.06076 val=4.48657
  [FC] epoch 004/50 train=0.01644 val=0.90039
  [FC] epoch 005/50 train=0.00378 val=1.19872
  [FC] epoch 006/50 train=0.00274 val=1.01757
  [FC] epoch 007/50 train=0.00182 val=1.19088
  [FC] epoch 008/50 train=0.00163 val=0.97448
  [FC] epoch 009/50 train=0.00148 val=0.92690
  [FC] epoch 010/50 train=0.00130 val=0.88638
  [FC] epoch 011/50 train=0.00128 val=0.77541
  [FC] epoch 012/50 train=0.00122 val=0.82088
  [FC] epoch 013/50 train=0.00120 val=0.77449
  [FC] epoch 014/50 train=0.00117 val=0.69985
  [FC] epoch 015/50 train=0.00114 val=0.73482
  [FC] epoch 016/50 train=0.00102 val=0.69335
  [FC] epoch 017/50 train=0.00103 val=0.68242
  [FC] epoch 018/50 train=0.00099 val=0.62576
  [FC] epoch 019/50 train=0.00087 val=0.63213
  [FC] epoch 020/50 train=0.00077 val=0.63786
  [FC] epoch 021/50 train=0.00074 val=0.64211
  [FC] epoch 022/50 train=0.00067 val=0.64335
  [FC] epoch 023/50 train=0.00064 val=0.60601
  [FC] epoch 024/50 train=0.00066 val=0.63990
  [FC] epoch 025/50 train=0.00054 val=0.61465
  [FC] epoch 026/50 train=0.00056 val=0.62669
  [FC] epoch 027/50 train=0.00053 val=0.58645
  [FC] epoch 028/50 train=0.00055 val=0.56742
  [FC] epoch 029/50 train=0.00056 val=0.57313
  [FC] epoch 030/50 train=0.00055 val=0.59848
  [FC] epoch 031/50 train=0.00049 val=0.59620
  [FC] epoch 032/50 train=0.00052 val=0.60011
  [FC] epoch 033/50 train=0.00047 val=0.62099
  [FC] epoch 034/50 train=0.00059 val=0.62700
  [FC] epoch 035/50 train=0.00059 val=0.61490
  [FC] epoch 036/50 train=0.00051 val=0.58576
  [FC] epoch 037/50 train=0.00051 val=0.58086
  [FC] epoch 038/50 train=0.00053 val=0.56117
  [FC] epoch 039/50 train=0.00054 val=0.54012
  [FC] epoch 040/50 train=0.00074 val=0.58610
  [FC] epoch 041/50 train=0.00081 val=0.59653
  [FC] epoch 042/50 train=0.00056 val=0.60288
  [FC] epoch 043/50 train=0.00043 val=0.59190
  [FC] epoch 044/50 train=0.00048 val=0.59672
  [FC] epoch 045/50 train=0.00047 val=0.69589
  [FC] epoch 046/50 train=0.00057 val=0.71113
  [FC] epoch 047/50 train=0.00054 val=0.67045
  [FC] epoch 048/50 train=0.00052 val=0.70269
  [FC] epoch 049/50 train=0.00047 val=0.72407
  [FC] epoch 050/50 train=0.00051 val=0.64672
  [METHOD] cosine
    [SPLIT] train=798 | backtest=200 | backtest_anomalies=81
    [DATA] train_total=798 | normal_used=798 | backtest_windows=200
    [GAN] epoch 001/20 D=-2.3369 G=3.2380
    [GAN] epoch 002/20 D=-17.2984 G=14.3373
    [GAN] epoch 003/20 D=-16.6180 G=8.3275
    [GAN] epoch 004/20 D=-14.6010 G=7.4642
    [GAN] epoch 005/20 D=-11.8760 G=5.3858
    [GAN] epoch 006/20 D=-10.3929 G=5.1193
    [GAN] epoch 007/20 D=-9.3299 G=3.3183
    [GAN] epoch 008/20 D=-2.9691 G=1.4780
    [GAN] epoch 009/20 D=-2.3776 G=17.6964
    [GAN] epoch 010/20 D=-1.9092 G=9.2709
    [GAN] epoch 011/20 D=-0.4412 G=9.0753
    [GAN] epoch 012/20 D=-0.4353 G=6.8967
    [GAN] epoch 013/20 D=-0.3722 G=5.9725
    [GAN] epoch 014/20 D=-0.3729 G=6.6907
    [GAN] epoch 015/20 D=-0.4202 G=3.5779
    [GAN] epoch 016/20 D=-0.3940 G=6.0525
    [GAN] epoch 017/20 D=-0.5496 G=4.9785
    [GAN] epoch 018/20 D=-0.6575 G=5.8669
    [GAN] epoch 019/20 D=-0.6168 G=5.3771
    [GAN] epoch 020/20 D=-0.7984 G=1.8534
    [ENC] epoch 001/20 loss=0.153461
    [ENC] epoch 002/20 loss=0.107513
    [ENC] epoch 003/20 loss=0.098930
    [ENC] epoch 004/20 loss=0.095326
    [ENC] epoch 005/20 loss=0.085941
    [ENC] epoch 006/20 loss=0.089334
    [ENC] epoch 007/20 loss=0.084197
    [ENC] epoch 008/20 loss=0.081135
    [ENC] epoch 009/20 loss=0.080667
    [ENC] epoch 010/20 loss=0.079687
    [ENC] epoch 011/20 loss=0.078750
    [ENC] epoch 012/20 loss=0.077413
    [ENC] epoch 013/20 loss=0.075971
    [ENC] epoch 014/20 loss=0.074388
    [ENC] epoch 015/20 loss=0.076179
    [ENC] epoch 016/20 loss=0.074620
    [ENC] epoch 017/20 loss=0.074946
    [ENC] epoch 018/20 loss=0.073420
    [ENC] epoch 019/20 loss=0.074728
    [ENC] epoch 020/20 loss=0.072451
  [METHOD] exponential
    [SPLIT] train=798 | backtest=200 | backtest_anomalies=81
    [DATA] train_total=798 | normal_used=798 | backtest_windows=200
    [GAN] epoch 001/20 D=-5.0268 G=6.3226
    [GAN] epoch 002/20 D=-17.6763 G=15.4084
    [GAN] epoch 003/20 D=-9.4151 G=13.9828
    [GAN] epoch 004/20 D=-7.6535 G=6.2115
    [GAN] epoch 005/20 D=-6.8484 G=3.4793
    [GAN] epoch 006/20 D=-4.2251 G=1.7947
    [GAN] epoch 007/20 D=-1.1826 G=4.4772
    [GAN] epoch 008/20 D=-0.8078 G=3.0245
    [GAN] epoch 009/20 D=-0.8635 G=-0.1349
    [GAN] epoch 010/20 D=-0.8354 G=0.2596
    [GAN] epoch 011/20 D=-0.4003 G=-0.0355
    [GAN] epoch 012/20 D=-0.4960 G=2.1053
    [GAN] epoch 013/20 D=-0.3748 G=1.5464
    [GAN] epoch 014/20 D=-0.2415 G=1.3176
    [GAN] epoch 015/20 D=-0.3172 G=1.1435
    [GAN] epoch 016/20 D=-0.2565 G=1.8502
    [GAN] epoch 017/20 D=-0.3758 G=2.2125
    [GAN] epoch 018/20 D=-0.5814 G=1.5279
    [GAN] epoch 019/20 D=-0.2888 G=1.8575
    [GAN] epoch 020/20 D=-0.5448 G=1.4098
    [ENC] epoch 001/20 loss=0.167932
    [ENC] epoch 002/20 loss=0.127148
    [ENC] epoch 003/20 loss=0.097316
    [ENC] epoch 004/20 loss=0.091650
    [ENC] epoch 005/20 loss=0.073772
    [ENC] epoch 006/20 loss=0.070275
    [ENC] epoch 007/20 loss=0.067946
    [ENC] epoch 008/20 loss=0.061386
    [ENC] epoch 009/20 loss=0.061370
    [ENC] epoch 010/20 loss=0.054576
    [ENC] epoch 011/20 loss=0.056623
    [ENC] epoch 012/20 loss=0.058198
    [ENC] epoch 013/20 loss=0.050996
    [ENC] epoch 014/20 loss=0.052753
    [ENC] epoch 015/20 loss=0.055906
    [ENC] epoch 016/20 loss=0.056520
    [ENC] epoch 017/20 loss=0.049176
    [ENC] epoch 018/20 loss=0.050615
    [ENC] epoch 019/20 loss=0.047942
    [ENC] epoch 020/20 loss=0.049691
  [METHOD] arctan
    [SPLIT] train=798 | backtest=200 | backtest_anomalies=81
    [DATA] train_total=798 | normal_used=798 | backtest_windows=200
    [GAN] epoch 001/20 D=-7.0810 G=5.1970
    [GAN] epoch 002/20 D=-22.1789 G=22.1519
    [GAN] epoch 003/20 D=-20.8124 G=21.9762
    [GAN] epoch 004/20 D=-20.3822 G=19.7814
    [GAN] epoch 005/20 D=-18.6314 G=17.5678
    [GAN] epoch 006/20 D=-11.6964 G=7.0977
    [GAN] epoch 007/20 D=-3.7200 G=3.8974
    [GAN] epoch 008/20 D=-2.0122 G=6.9379
    [GAN] epoch 009/20 D=-0.5304 G=5.3872
    [GAN] epoch 010/20 D=0.2079 G=2.6806
    [GAN] epoch 011/20 D=0.4012 G=4.7856
    [GAN] epoch 012/20 D=0.3829 G=4.9442
    [GAN] epoch 013/20 D=0.4730 G=5.0509
    [GAN] epoch 014/20 D=0.2403 G=4.1307
    [GAN] epoch 015/20 D=0.2549 G=3.2834
    [GAN] epoch 016/20 D=0.1956 G=3.2129
    [GAN] epoch 017/20 D=0.0644 G=3.5292
    [GAN] epoch 018/20 D=0.2931 G=-2.5547
    [GAN] epoch 019/20 D=2.7901 G=-0.4255
    [GAN] epoch 020/20 D=2.7344 G=-3.6072
    [ENC] epoch 001/20 loss=0.075080
    [ENC] epoch 002/20 loss=0.062936
    [ENC] epoch 003/20 loss=0.061769
    [ENC] epoch 004/20 loss=0.060354
    [ENC] epoch 005/20 loss=0.060262
    [ENC] epoch 006/20 loss=0.059804
    [ENC] epoch 007/20 loss=0.059514
    [ENC] epoch 008/20 loss=0.059134
    [ENC] epoch 009/20 loss=0.059000
    [ENC] epoch 010/20 loss=0.058983
    [ENC] epoch 011/20 loss=0.058884
    [ENC] epoch 012/20 loss=0.058753
    [ENC] epoch 013/20 loss=0.058574
    [ENC] epoch 014/20 loss=0.058397
    [ENC] epoch 015/20 loss=0.058326
    [ENC] epoch 016/20 loss=0.058182
    [ENC] epoch 017/20 loss=0.058391
    [ENC] epoch 018/20 loss=0.058162
    [ENC] epoch 019/20 loss=0.058225
    [ENC] epoch 020/20 loss=0.058197
  [METHOD] arccosh
    [SPLIT] train=798 | backtest=200 | backtest_anomalies=81
    [DATA] train_total=798 | normal_used=798 | backtest_windows=200
    [GAN] epoch 001/20 D=-1.9151 G=5.6676
    [GAN] epoch 002/20 D=-15.4585 G=14.9822
    [GAN] epoch 003/20 D=-13.8954 G=11.7924
    [GAN] epoch 004/20 D=-11.1343 G=6.1045
    [GAN] epoch 005/20 D=-7.8380 G=2.9648
    [GAN] epoch 006/20 D=-5.1427 G=6.1411
    [GAN] epoch 007/20 D=-3.0353 G=5.2086
    [GAN] epoch 008/20 D=-1.6594 G=1.7562
    [GAN] epoch 009/20 D=-1.1514 G=-1.4886
    [GAN] epoch 010/20 D=-1.2225 G=-2.1537
    [GAN] epoch 011/20 D=-1.0535 G=-2.1141
    [GAN] epoch 012/20 D=-0.9867 G=-1.6114
    [GAN] epoch 013/20 D=-0.9593 G=-1.7380
    [GAN] epoch 014/20 D=-0.8768 G=-1.0822
    [GAN] epoch 015/20 D=-0.8632 G=-0.3731
    [GAN] epoch 016/20 D=-0.6857 G=-0.7996
    [GAN] epoch 017/20 D=-0.7547 G=-1.2187
    [GAN] epoch 018/20 D=-0.7657 G=0.1658
    [GAN] epoch 019/20 D=-0.8314 G=0.6769
    [GAN] epoch 020/20 D=-0.9829 G=0.6317
    [ENC] epoch 001/20 loss=0.102330
    [ENC] epoch 002/20 loss=0.061658
    [ENC] epoch 003/20 loss=0.046414
    [ENC] epoch 004/20 loss=0.045043
    [ENC] epoch 005/20 loss=0.042980
    [ENC] epoch 006/20 loss=0.037611
    [ENC] epoch 007/20 loss=0.038049
    [ENC] epoch 008/20 loss=0.037783
    [ENC] epoch 009/20 loss=0.034890
    [ENC] epoch 010/20 loss=0.033802
    [ENC] epoch 011/20 loss=0.034004
    [ENC] epoch 012/20 loss=0.033176
    [ENC] epoch 013/20 loss=0.031240
    [ENC] epoch 014/20 loss=0.031041
    [ENC] epoch 015/20 loss=0.030194
    [ENC] epoch 016/20 loss=0.031338
    [ENC] epoch 017/20 loss=0.030515
    [ENC] epoch 018/20 loss=0.029999
    [ENC] epoch 019/20 loss=0.031959
    [ENC] epoch 020/20 loss=0.030484

---- SUMMARY [US1Y_BOND_COVID200_daily] (backtest, label 0=crash, 1=not_crash) ----
     method |         acc |     prec(0) |      rec(0) |       f1(0) |      auc(0) |          TP |          FP |          TN |          FN |  fut_crash%
     cosine |       0.595 |       0.000 |       0.000 |       0.000 |       0.714 |           0 |           0 |         119 |          81 |       0.625
exponential |       0.595 |       0.000 |       0.000 |       0.000 |       0.854 |           0 |           0 |         119 |          81 |       0.010
     arctan |       0.550 |       0.345 |       0.123 |       0.182 |       0.652 |          10 |          19 |         100 |          71 |       0.980
    arccosh |       0.595 |       0.000 |       0.000 |       0.000 |       0.668 |           0 |           0 |         119 |          81 |       0.465
   ensemble |       0.635 |       0.700 |       0.173 |       0.277 |       0.736 |          14 |           6 |         113 |          67 |       0.010
[STOCK] US1Y_BOND_COVID200_daily done -> D:\tadgan_gaf\f_anogan\market_crash-main\bond_3m_1y_5y_10y_20y_compare_e20_daily\hybrid\US1Y_BOND_COVID200_daily\hybrid_four_gaf_report.xlsx

==================== STOCK: US20Y_BOND_COVID200_daily ====================
[STOCK] excel=D:\tadgan_gaf\f_anogan\market_crash-main\eurusd_1day\excel_hybrid_bond_5maturities\US20Y_BOND_COVID200_daily_final2.xlsx -> D:\tadgan_gaf\f_anogan\market_crash-main\bond_3m_1y_5y_10y_20y_compare_e20_daily\hybrid\US20Y_BOND_COVID200_daily
[DATA] prices=1128 | first=2015-05-06T00:00:00.000000000 | last=2020-12-14T00:00:00.000000000
  [TADGAN] preparing scores (1128 raw prices)
  [TADGAN] scores=1029 | anomaly_windows=8 | normal_windows=1021
  [FC] epoch 001/50 train=0.95629 val=0.33200
  [FC] epoch 002/50 train=0.31631 val=0.27236
  [FC] epoch 003/50 train=0.06555 val=0.02700
  [FC] epoch 004/50 train=0.04003 val=0.04358
  [FC] epoch 005/50 train=0.03090 val=0.05756
  [FC] epoch 006/50 train=0.02409 val=0.02737
  [FC] epoch 007/50 train=0.01950 val=0.02024
  [FC] epoch 008/50 train=0.01706 val=0.01402
  [FC] epoch 009/50 train=0.01481 val=0.01775
  [FC] epoch 010/50 train=0.01361 val=0.01204
  [FC] epoch 011/50 train=0.01197 val=0.01226
  [FC] epoch 012/50 train=0.01118 val=0.01605
  [FC] epoch 013/50 train=0.01148 val=0.00916
  [FC] epoch 014/50 train=0.00997 val=0.01106
  [FC] epoch 015/50 train=0.01024 val=0.00946
  [FC] epoch 016/50 train=0.00901 val=0.01293
  [FC] epoch 017/50 train=0.00837 val=0.01137
  [FC] epoch 018/50 train=0.00882 val=0.01058
  [FC] epoch 019/50 train=0.00865 val=0.01207
  [FC] epoch 020/50 train=0.00796 val=0.01124
  [FC] epoch 021/50 train=0.00731 val=0.01248
  [FC] epoch 022/50 train=0.00817 val=0.01095
  [FC] epoch 023/50 train=0.00806 val=0.01143
  [FC] epoch 024/50 train=0.00976 val=0.01348
  [FC] epoch 025/50 train=0.01027 val=0.00966
  [FC] epoch 026/50 train=0.00802 val=0.01160
  [FC] epoch 027/50 train=0.00749 val=0.01130
  [FC] epoch 028/50 train=0.00809 val=0.01585
  [FC] epoch 029/50 train=0.00757 val=0.01047
  [FC] epoch 030/50 train=0.00777 val=0.01297
  [FC] epoch 031/50 train=0.00795 val=0.01072
  [FC] epoch 032/50 train=0.00725 val=0.01364
  [FC] epoch 033/50 train=0.00755 val=0.01280
  [FC] epoch 034/50 train=0.00749 val=0.01190
  [FC] epoch 035/50 train=0.00738 val=0.01006
  [FC] epoch 036/50 train=0.00688 val=0.00963
  [FC] epoch 037/50 train=0.00688 val=0.01023
  [FC] epoch 038/50 train=0.00654 val=0.01099
  [FC] epoch 039/50 train=0.00687 val=0.00951
  [FC] epoch 040/50 train=0.00660 val=0.00973
  [FC] epoch 041/50 train=0.00690 val=0.01093
  [FC] epoch 042/50 train=0.00659 val=0.01073
  [FC] epoch 043/50 train=0.00643 val=0.01009
  [FC] epoch 044/50 train=0.00729 val=0.00933
  [FC] epoch 045/50 train=0.00653 val=0.01125
  [FC] epoch 046/50 train=0.00660 val=0.01130
  [FC] epoch 047/50 train=0.00710 val=0.00964
  [FC] epoch 048/50 train=0.00629 val=0.00907
  [FC] epoch 049/50 train=0.00611 val=0.00920
  [FC] epoch 050/50 train=0.00625 val=0.01418
  [METHOD] cosine
    [SPLIT] train=798 | backtest=200 | backtest_anomalies=0
    [DATA] train_total=798 | normal_used=798 | backtest_windows=200
    [GAN] epoch 001/20 D=-1.1134 G=3.0762
    [GAN] epoch 002/20 D=-13.1554 G=13.5231
    [GAN] epoch 003/20 D=-12.5283 G=10.0834
    [GAN] epoch 004/20 D=-11.3043 G=7.5454
    [GAN] epoch 005/20 D=-10.2411 G=5.6726
    [GAN] epoch 006/20 D=-6.8173 G=1.7500
    [GAN] epoch 007/20 D=-1.8840 G=2.4802
    [GAN] epoch 008/20 D=0.6419 G=5.7440
    [GAN] epoch 009/20 D=0.6136 G=8.0240
    [GAN] epoch 010/20 D=0.1488 G=4.9634
    [GAN] epoch 011/20 D=0.0401 G=2.2516
    [GAN] epoch 012/20 D=-0.1297 G=-0.4104
    [GAN] epoch 013/20 D=-0.0322 G=2.2855
    [GAN] epoch 014/20 D=-0.1543 G=0.1942
    [GAN] epoch 015/20 D=-0.3824 G=1.9210
    [GAN] epoch 016/20 D=-0.4492 G=1.2884
    [GAN] epoch 017/20 D=-0.4788 G=-0.3162
    [GAN] epoch 018/20 D=-0.5090 G=0.3043
    [GAN] epoch 019/20 D=-0.5821 G=-0.3739
    [GAN] epoch 020/20 D=-0.6203 G=-0.7446
    [ENC] epoch 001/20 loss=0.142753
    [ENC] epoch 002/20 loss=0.092121
    [ENC] epoch 003/20 loss=0.085352
    [ENC] epoch 004/20 loss=0.079828
    [ENC] epoch 005/20 loss=0.074208
    [ENC] epoch 006/20 loss=0.070746
    [ENC] epoch 007/20 loss=0.069523
    [ENC] epoch 008/20 loss=0.068990
    [ENC] epoch 009/20 loss=0.065767
    [ENC] epoch 010/20 loss=0.063703
    [ENC] epoch 011/20 loss=0.063090
    [ENC] epoch 012/20 loss=0.064451
    [ENC] epoch 013/20 loss=0.064187
    [ENC] epoch 014/20 loss=0.063996
    [ENC] epoch 015/20 loss=0.062135
    [ENC] epoch 016/20 loss=0.062498
    [ENC] epoch 017/20 loss=0.060848
    [ENC] epoch 018/20 loss=0.060656
    [ENC] epoch 019/20 loss=0.061197
    [ENC] epoch 020/20 loss=0.060944
  [METHOD] exponential
    [SPLIT] train=798 | backtest=200 | backtest_anomalies=0
    [DATA] train_total=798 | normal_used=798 | backtest_windows=200
    [GAN] epoch 001/20 D=-0.5738 G=2.4932
    [GAN] epoch 002/20 D=-17.8636 G=15.1489
    [GAN] epoch 003/20 D=-12.5229 G=11.4369
    [GAN] epoch 004/20 D=-9.7520 G=5.4489
    [GAN] epoch 005/20 D=-5.9683 G=2.8367
    [GAN] epoch 006/20 D=-3.1429 G=1.7051
    [GAN] epoch 007/20 D=-2.2072 G=1.6555
    [GAN] epoch 008/20 D=-1.2870 G=-0.2635
    [GAN] epoch 009/20 D=-1.4442 G=-0.5613
    [GAN] epoch 010/20 D=-1.1228 G=-2.6890
    [GAN] epoch 011/20 D=-0.9736 G=-4.0881
    [GAN] epoch 012/20 D=-0.6558 G=-5.5663
    [GAN] epoch 013/20 D=-0.6445 G=-7.6297
    [GAN] epoch 014/20 D=-0.3723 G=-5.6762
    [GAN] epoch 015/20 D=-0.4068 G=-4.2996
    [GAN] epoch 016/20 D=-0.2528 G=-5.2320
    [GAN] epoch 017/20 D=-0.1878 G=-4.9231
    [GAN] epoch 018/20 D=-0.2070 G=-4.7604
    [GAN] epoch 019/20 D=-0.2161 G=-4.3560
    [GAN] epoch 020/20 D=-0.3001 G=-5.4101
    [ENC] epoch 001/20 loss=0.193540
    [ENC] epoch 002/20 loss=0.097645
    [ENC] epoch 003/20 loss=0.081350
    [ENC] epoch 004/20 loss=0.081790
    [ENC] epoch 005/20 loss=0.070370
    [ENC] epoch 006/20 loss=0.054179
    [ENC] epoch 007/20 loss=0.052093
    [ENC] epoch 008/20 loss=0.055307
    [ENC] epoch 009/20 loss=0.053578
    [ENC] epoch 010/20 loss=0.052844
    [ENC] epoch 011/20 loss=0.053411
    [ENC] epoch 012/20 loss=0.056614
    [ENC] epoch 013/20 loss=0.045788
    [ENC] epoch 014/20 loss=0.043372
    [ENC] epoch 015/20 loss=0.044324
    [ENC] epoch 016/20 loss=0.042564
    [ENC] epoch 017/20 loss=0.042608
    [ENC] epoch 018/20 loss=0.041855
    [ENC] epoch 019/20 loss=0.043330
    [ENC] epoch 020/20 loss=0.039317
  [METHOD] arctan
    [SPLIT] train=798 | backtest=200 | backtest_anomalies=0
    [DATA] train_total=798 | normal_used=798 | backtest_windows=200
    [GAN] epoch 001/20 D=-0.5976 G=-2.2000
    [GAN] epoch 002/20 D=-11.1766 G=9.2020
    [GAN] epoch 003/20 D=-11.6586 G=10.6361
    [GAN] epoch 004/20 D=-11.8500 G=9.5473
    [GAN] epoch 005/20 D=-11.9281 G=8.7100
    [GAN] epoch 006/20 D=-11.8751 G=7.1154
    [GAN] epoch 007/20 D=-11.8557 G=6.0815
    [GAN] epoch 008/20 D=-11.8719 G=5.6354
    [GAN] epoch 009/20 D=-11.8751 G=5.7297
    [GAN] epoch 010/20 D=-11.8839 G=5.3358
    [GAN] epoch 011/20 D=-8.1244 G=-0.8191
    [GAN] epoch 012/20 D=0.4473 G=-9.7877
    [GAN] epoch 013/20 D=-0.1931 G=3.4880
    [GAN] epoch 014/20 D=0.4982 G=-1.9092
    [GAN] epoch 015/20 D=1.2225 G=-0.3298
    [GAN] epoch 016/20 D=1.8376 G=4.3539
    [GAN] epoch 017/20 D=1.6321 G=-1.0366
    [GAN] epoch 018/20 D=0.8970 G=-0.7292
    [GAN] epoch 019/20 D=0.7242 G=0.3212
    [GAN] epoch 020/20 D=0.5551 G=1.1681
    [ENC] epoch 001/20 loss=0.051567
    [ENC] epoch 002/20 loss=0.029941
    [ENC] epoch 003/20 loss=0.025717
    [ENC] epoch 004/20 loss=0.025241
    [ENC] epoch 005/20 loss=0.023486
    [ENC] epoch 006/20 loss=0.023719
    [ENC] epoch 007/20 loss=0.022562
    [ENC] epoch 008/20 loss=0.023206
    [ENC] epoch 009/20 loss=0.022941
    [ENC] epoch 010/20 loss=0.022463
    [ENC] epoch 011/20 loss=0.021896
    [ENC] epoch 012/20 loss=0.021506
    [ENC] epoch 013/20 loss=0.021728
    [ENC] epoch 014/20 loss=0.021299
    [ENC] epoch 015/20 loss=0.021416
    [ENC] epoch 016/20 loss=0.021172
    [ENC] epoch 017/20 loss=0.021034
    [ENC] epoch 018/20 loss=0.021052
    [ENC] epoch 019/20 loss=0.020532
    [ENC] epoch 020/20 loss=0.020661
  [METHOD] arccosh
    [SPLIT] train=798 | backtest=200 | backtest_anomalies=0
    [DATA] train_total=798 | normal_used=798 | backtest_windows=200
    [GAN] epoch 001/20 D=-0.0973 G=4.7880
    [GAN] epoch 002/20 D=-17.0476 G=18.3489
    [GAN] epoch 003/20 D=-11.8429 G=14.5493
    [GAN] epoch 004/20 D=-10.2229 G=9.8483
    [GAN] epoch 005/20 D=-9.1935 G=7.9692
    [GAN] epoch 006/20 D=-8.7993 G=6.3647
    [GAN] epoch 007/20 D=-7.8693 G=4.9079
    [GAN] epoch 008/20 D=-6.2872 G=4.6679
    [GAN] epoch 009/20 D=-3.5229 G=2.1949
    [GAN] epoch 010/20 D=-1.2469 G=1.4689
    [GAN] epoch 011/20 D=-0.7375 G=-0.4021
    [GAN] epoch 012/20 D=-0.4518 G=-1.5014
    [GAN] epoch 013/20 D=-0.3271 G=-1.0848
    [GAN] epoch 014/20 D=-0.1282 G=-2.5494
    [GAN] epoch 015/20 D=-0.1311 G=-0.8992
    [GAN] epoch 016/20 D=-0.1665 G=-1.7580
    [GAN] epoch 017/20 D=-0.2265 G=-1.2046
    [GAN] epoch 018/20 D=-0.1723 G=0.7484
    [GAN] epoch 019/20 D=-0.2954 G=0.8507
    [GAN] epoch 020/20 D=-0.2584 G=1.2390
    [ENC] epoch 001/20 loss=0.080719
    [ENC] epoch 002/20 loss=0.051534
    [ENC] epoch 003/20 loss=0.047100
    [ENC] epoch 004/20 loss=0.039276
    [ENC] epoch 005/20 loss=0.044371
    [ENC] epoch 006/20 loss=0.036640
    [ENC] epoch 007/20 loss=0.035303
    [ENC] epoch 008/20 loss=0.031602
    [ENC] epoch 009/20 loss=0.035849
    [ENC] epoch 010/20 loss=0.031402
    [ENC] epoch 011/20 loss=0.032248
    [ENC] epoch 012/20 loss=0.029475
    [ENC] epoch 013/20 loss=0.030240
    [ENC] epoch 014/20 loss=0.031720
    [ENC] epoch 015/20 loss=0.029349
    [ENC] epoch 016/20 loss=0.028096
    [ENC] epoch 017/20 loss=0.030321
    [ENC] epoch 018/20 loss=0.028459
    [ENC] epoch 019/20 loss=0.027368
    [ENC] epoch 020/20 loss=0.029666

---- SUMMARY [US20Y_BOND_COVID200_daily] (backtest, label 0=crash, 1=not_crash) ----
     method |         acc |     prec(0) |      rec(0) |       f1(0) |      auc(0) |          TP |          FP |          TN |          FN |  fut_crash%
     cosine |       0.685 |       0.000 |       0.000 |       0.000 |         nan |           0 |          63 |         137 |           0 |       0.000
exponential |       0.620 |       0.000 |       0.000 |       0.000 |         nan |           0 |          76 |         124 |           0 |       0.105
     arctan |       0.820 |       0.000 |       0.000 |       0.000 |         nan |           0 |          36 |         164 |           0 |       0.015
    arccosh |       0.530 |       0.000 |       0.000 |       0.000 |         nan |           0 |          94 |         106 |           0 |       0.095
   ensemble |       0.950 |       0.000 |       0.000 |       0.000 |         nan |           0 |          10 |         190 |           0 |       0.115
[STOCK] US20Y_BOND_COVID200_daily done -> D:\tadgan_gaf\f_anogan\market_crash-main\bond_3m_1y_5y_10y_20y_compare_e20_daily\hybrid\US20Y_BOND_COVID200_daily\hybrid_four_gaf_report.xlsx

==================== STOCK: US3M_BOND_COVID200_daily ====================
[STOCK] excel=D:\tadgan_gaf\f_anogan\market_crash-main\eurusd_1day\excel_hybrid_bond_5maturities\US3M_BOND_COVID200_daily_final2.xlsx -> D:\tadgan_gaf\f_anogan\market_crash-main\bond_3m_1y_5y_10y_20y_compare_e20_daily\hybrid\US3M_BOND_COVID200_daily
[DATA] prices=1128 | first=2015-05-06T00:00:00.000000000 | last=2020-12-14T00:00:00.000000000
  [TADGAN] preparing scores (1128 raw prices)
  [TADGAN] scores=1029 | anomaly_windows=89 | normal_windows=940
  [FC] epoch 001/50 train=0.09375 val=9.28082
  [FC] epoch 002/50 train=0.06073 val=7.76655
  [FC] epoch 003/50 train=0.03031 val=5.94566
  [FC] epoch 004/50 train=0.01534 val=4.01277
  [FC] epoch 005/50 train=0.00562 val=1.05488
  [FC] epoch 006/50 train=0.00348 val=1.12761
  [FC] epoch 007/50 train=0.00264 val=1.38396
  [FC] epoch 008/50 train=0.00223 val=1.11710
  [FC] epoch 009/50 train=0.00222 val=1.17949
  [FC] epoch 010/50 train=0.00195 val=1.23054
  [FC] epoch 011/50 train=0.00173 val=1.14659
  [FC] epoch 012/50 train=0.00161 val=1.16951
  [FC] epoch 013/50 train=0.00171 val=1.21299
  [FC] epoch 014/50 train=0.00167 val=1.17320
  [FC] epoch 015/50 train=0.00163 val=1.16316
  [FC] epoch 016/50 train=0.00152 val=1.13558
  [FC] epoch 017/50 train=0.00135 val=1.25097
  [FC] epoch 018/50 train=0.00148 val=1.17633
  [FC] epoch 019/50 train=0.00132 val=1.26116
  [FC] epoch 020/50 train=0.00132 val=1.14027
  [FC] epoch 021/50 train=0.00134 val=1.11907
  [FC] epoch 022/50 train=0.00125 val=1.17550
  [FC] epoch 023/50 train=0.00136 val=1.10713
  [FC] epoch 024/50 train=0.00122 val=1.16040
  [FC] epoch 025/50 train=0.00135 val=1.15642
  [FC] epoch 026/50 train=0.00129 val=1.14418
  [FC] epoch 027/50 train=0.00117 val=1.16995
  [FC] epoch 028/50 train=0.00116 val=1.17858
  [FC] epoch 029/50 train=0.00138 val=1.18042
  [FC] epoch 030/50 train=0.00142 val=1.18971
  [FC] epoch 031/50 train=0.00115 val=1.13093
  [FC] epoch 032/50 train=0.00113 val=1.21037
  [FC] epoch 033/50 train=0.00115 val=1.23612
  [FC] epoch 034/50 train=0.00117 val=1.02818
  [FC] epoch 035/50 train=0.00107 val=1.19570
  [FC] epoch 036/50 train=0.00104 val=1.07033
  [FC] epoch 037/50 train=0.00097 val=1.06838
  [FC] epoch 038/50 train=0.00101 val=1.05259
  [FC] epoch 039/50 train=0.00105 val=1.08655
  [FC] epoch 040/50 train=0.00108 val=1.03947
  [FC] epoch 041/50 train=0.00105 val=1.14865
  [FC] epoch 042/50 train=0.00111 val=1.17493
  [FC] epoch 043/50 train=0.00104 val=1.14726
  [FC] epoch 044/50 train=0.00098 val=1.07941
  [FC] epoch 045/50 train=0.00096 val=1.02934
  [FC] epoch 046/50 train=0.00089 val=1.11567
  [FC] epoch 047/50 train=0.00106 val=0.99119
  [FC] epoch 048/50 train=0.00097 val=1.07642
  [FC] epoch 049/50 train=0.00090 val=1.05100
  [FC] epoch 050/50 train=0.00097 val=0.94437
  [METHOD] cosine
    [SPLIT] train=798 | backtest=200 | backtest_anomalies=73
    [DATA] train_total=798 | normal_used=798 | backtest_windows=200
    [GAN] epoch 001/20 D=-4.3757 G=2.4770
    [GAN] epoch 002/20 D=-16.3921 G=7.8814
    [GAN] epoch 003/20 D=-16.8332 G=8.3694
    [GAN] epoch 004/20 D=-14.6703 G=7.3576
    [GAN] epoch 005/20 D=-14.8102 G=7.2690
    [GAN] epoch 006/20 D=-14.8630 G=6.7742
    [GAN] epoch 007/20 D=-13.2663 G=5.5111
    [GAN] epoch 008/20 D=-10.2120 G=1.2645
    [GAN] epoch 009/20 D=-4.4256 G=-2.7110
    [GAN] epoch 010/20 D=-1.1912 G=2.2268
    [GAN] epoch 011/20 D=-0.2152 G=-0.3568
    [GAN] epoch 012/20 D=0.1746 G=-0.0561
    [GAN] epoch 013/20 D=0.0131 G=-2.1778
    [GAN] epoch 014/20 D=-0.2023 G=1.7979
    [GAN] epoch 015/20 D=-0.0590 G=2.7651
    [GAN] epoch 016/20 D=-0.1750 G=2.4658
    [GAN] epoch 017/20 D=-0.4329 G=2.1206
    [GAN] epoch 018/20 D=-0.5100 G=1.2486
    [GAN] epoch 019/20 D=-0.4811 G=0.4154
    [GAN] epoch 020/20 D=-0.3627 G=1.1285
    [ENC] epoch 001/20 loss=0.156369
    [ENC] epoch 002/20 loss=0.106017
    [ENC] epoch 003/20 loss=0.096447
    [ENC] epoch 004/20 loss=0.091480
    [ENC] epoch 005/20 loss=0.083924
    [ENC] epoch 006/20 loss=0.081573
    [ENC] epoch 007/20 loss=0.079497
    [ENC] epoch 008/20 loss=0.080301
    [ENC] epoch 009/20 loss=0.075617
    [ENC] epoch 010/20 loss=0.075592
    [ENC] epoch 011/20 loss=0.076642
    [ENC] epoch 012/20 loss=0.074657
    [ENC] epoch 013/20 loss=0.073253
    [ENC] epoch 014/20 loss=0.072173
    [ENC] epoch 015/20 loss=0.070751
    [ENC] epoch 016/20 loss=0.071537
    [ENC] epoch 017/20 loss=0.071704
    [ENC] epoch 018/20 loss=0.071832
    [ENC] epoch 019/20 loss=0.070404
    [ENC] epoch 020/20 loss=0.069586
  [METHOD] exponential
    [SPLIT] train=798 | backtest=200 | backtest_anomalies=73
    [DATA] train_total=798 | normal_used=798 | backtest_windows=200
    [GAN] epoch 001/20 D=-5.4517 G=8.6579
    [GAN] epoch 002/20 D=-19.6627 G=20.7361
    [GAN] epoch 003/20 D=-11.3911 G=12.8871
    [GAN] epoch 004/20 D=-6.5181 G=5.7099
    [GAN] epoch 005/20 D=-3.1773 G=5.0933
    [GAN] epoch 006/20 D=-2.4064 G=2.8686
    [GAN] epoch 007/20 D=-1.3328 G=2.5492
    [GAN] epoch 008/20 D=-0.9836 G=-0.1613
    [GAN] epoch 009/20 D=-0.5660 G=-2.9437
    [GAN] epoch 010/20 D=-0.3597 G=-3.2860
    [GAN] epoch 011/20 D=-0.3965 G=-3.6315
    [GAN] epoch 012/20 D=-0.4122 G=-4.1301
    [GAN] epoch 013/20 D=-0.4883 G=-4.0017
    [GAN] epoch 014/20 D=-0.2604 G=-4.3086
    [GAN] epoch 015/20 D=-0.2197 G=-4.3367
    [GAN] epoch 016/20 D=-0.2844 G=-5.1785
    [GAN] epoch 017/20 D=-0.4488 G=-5.6222
    [GAN] epoch 018/20 D=-0.2639 G=-4.9534
    [GAN] epoch 019/20 D=-0.4010 G=-4.4268
    [GAN] epoch 020/20 D=-0.2989 G=-5.1551
    [ENC] epoch 001/20 loss=0.166974
    [ENC] epoch 002/20 loss=0.099812
    [ENC] epoch 003/20 loss=0.083515
    [ENC] epoch 004/20 loss=0.074799
    [ENC] epoch 005/20 loss=0.056032
    [ENC] epoch 006/20 loss=0.054964
    [ENC] epoch 007/20 loss=0.056286
    [ENC] epoch 008/20 loss=0.054441
    [ENC] epoch 009/20 loss=0.046077
    [ENC] epoch 010/20 loss=0.046392
    [ENC] epoch 011/20 loss=0.046075
    [ENC] epoch 012/20 loss=0.041576
    [ENC] epoch 013/20 loss=0.043284
    [ENC] epoch 014/20 loss=0.041660
    [ENC] epoch 015/20 loss=0.043119
    [ENC] epoch 016/20 loss=0.040834
    [ENC] epoch 017/20 loss=0.041426
    [ENC] epoch 018/20 loss=0.039639
    [ENC] epoch 019/20 loss=0.040206
    [ENC] epoch 020/20 loss=0.038189
  [METHOD] arctan
    [SPLIT] train=798 | backtest=200 | backtest_anomalies=73
    [DATA] train_total=798 | normal_used=798 | backtest_windows=200
    [GAN] epoch 001/20 D=-14.9773 G=12.0830
    [GAN] epoch 002/20 D=-39.6597 G=34.5698
    [GAN] epoch 003/20 D=-37.5210 G=32.9078
    [GAN] epoch 004/20 D=-27.3954 G=23.6551
    [GAN] epoch 005/20 D=-17.0118 G=11.5697
    [GAN] epoch 006/20 D=-8.8892 G=5.0177
    [GAN] epoch 007/20 D=-5.4955 G=5.5783
    [GAN] epoch 008/20 D=-3.5980 G=6.3946
    [GAN] epoch 009/20 D=-2.7119 G=8.2361
    [GAN] epoch 010/20 D=-2.2822 G=7.7128
    [GAN] epoch 011/20 D=-1.5935 G=4.7503
    [GAN] epoch 012/20 D=-0.7558 G=2.2643
    [GAN] epoch 013/20 D=-0.0918 G=-0.1023
    [GAN] epoch 014/20 D=-0.3072 G=0.6681
    [GAN] epoch 015/20 D=-0.3845 G=-0.2963
    [GAN] epoch 016/20 D=-0.1861 G=-0.2647
    [GAN] epoch 017/20 D=-0.0490 G=1.2145
    [GAN] epoch 018/20 D=-0.0050 G=1.6834
    [GAN] epoch 019/20 D=-0.0132 G=1.5036
    [GAN] epoch 020/20 D=-0.0360 G=2.2170
    [ENC] epoch 001/20 loss=0.050048
    [ENC] epoch 002/20 loss=0.033325
    [ENC] epoch 003/20 loss=0.026212
    [ENC] epoch 004/20 loss=0.025116
    [ENC] epoch 005/20 loss=0.025187
    [ENC] epoch 006/20 loss=0.024543
    [ENC] epoch 007/20 loss=0.022767
    [ENC] epoch 008/20 loss=0.023154
    [ENC] epoch 009/20 loss=0.022210
    [ENC] epoch 010/20 loss=0.022257
    [ENC] epoch 011/20 loss=0.022157
    [ENC] epoch 012/20 loss=0.021386
    [ENC] epoch 013/20 loss=0.021497
    [ENC] epoch 014/20 loss=0.021160
    [ENC] epoch 015/20 loss=0.020765
    [ENC] epoch 016/20 loss=0.021019
    [ENC] epoch 017/20 loss=0.020344
    [ENC] epoch 018/20 loss=0.020199
    [ENC] epoch 019/20 loss=0.020258
    [ENC] epoch 020/20 loss=0.020122
  [METHOD] arccosh
    [SPLIT] train=798 | backtest=200 | backtest_anomalies=73
    [DATA] train_total=798 | normal_used=798 | backtest_windows=200
    [GAN] epoch 001/20 D=-0.7624 G=4.1394
    [GAN] epoch 002/20 D=-14.8173 G=16.7141
    [GAN] epoch 003/20 D=-13.0421 G=15.4931
    [GAN] epoch 004/20 D=-11.1426 G=9.6244
    [GAN] epoch 005/20 D=-5.6112 G=6.7553
    [GAN] epoch 006/20 D=-2.6868 G=6.1661
    [GAN] epoch 007/20 D=-1.3437 G=4.9484
    [GAN] epoch 008/20 D=-1.1033 G=1.0532
    [GAN] epoch 009/20 D=-1.0941 G=1.8888
    [GAN] epoch 010/20 D=-0.6293 G=0.2531
    [GAN] epoch 011/20 D=-0.6394 G=0.5495
    [GAN] epoch 012/20 D=-0.4185 G=1.8352
    [GAN] epoch 013/20 D=-0.4172 G=2.2169
    [GAN] epoch 014/20 D=-0.3320 G=2.0026
    [GAN] epoch 015/20 D=-0.1800 G=2.7499
    [GAN] epoch 016/20 D=-0.3689 G=1.8573
    [GAN] epoch 017/20 D=-0.2828 G=2.1725
    [GAN] epoch 018/20 D=-0.3206 G=2.7512
    [GAN] epoch 019/20 D=-0.4925 G=2.8605
    [GAN] epoch 020/20 D=-0.3979 G=3.6988
    [ENC] epoch 001/20 loss=0.126960
    [ENC] epoch 002/20 loss=0.068416
    [ENC] epoch 003/20 loss=0.063191
    [ENC] epoch 004/20 loss=0.048547
    [ENC] epoch 005/20 loss=0.047279
    [ENC] epoch 006/20 loss=0.044195
    [ENC] epoch 007/20 loss=0.042259
    [ENC] epoch 008/20 loss=0.041017
    [ENC] epoch 009/20 loss=0.039577
    [ENC] epoch 010/20 loss=0.037551
    [ENC] epoch 011/20 loss=0.037898
    [ENC] epoch 012/20 loss=0.037208
    [ENC] epoch 013/20 loss=0.036589
    [ENC] epoch 014/20 loss=0.036686
    [ENC] epoch 015/20 loss=0.034248
    [ENC] epoch 016/20 loss=0.033413
    [ENC] epoch 017/20 loss=0.034197
    [ENC] epoch 018/20 loss=0.034523
    [ENC] epoch 019/20 loss=0.036071
    [ENC] epoch 020/20 loss=0.035147

---- SUMMARY [US3M_BOND_COVID200_daily] (backtest, label 0=crash, 1=not_crash) ----
     method |         acc |     prec(0) |      rec(0) |       f1(0) |      auc(0) |          TP |          FP |          TN |          FN |  fut_crash%
     cosine |       0.605 |       0.000 |       0.000 |       0.000 |       0.373 |           0 |           6 |         121 |          73 |       1.000
exponential |       0.510 |       0.000 |       0.000 |       0.000 |       0.504 |           0 |          25 |         102 |          73 |       0.030
     arctan |       0.635 |       0.000 |       0.000 |       0.000 |       0.263 |           0 |           0 |         127 |          73 |       0.960
    arccosh |       0.600 |       0.000 |       0.000 |       0.000 |       0.182 |           0 |           7 |         120 |          73 |       0.630
   ensemble |       0.600 |       0.000 |       0.000 |       0.000 |       0.291 |           0 |           7 |         120 |          73 |       0.000
[STOCK] US3M_BOND_COVID200_daily done -> D:\tadgan_gaf\f_anogan\market_crash-main\bond_3m_1y_5y_10y_20y_compare_e20_daily\hybrid\US3M_BOND_COVID200_daily\hybrid_four_gaf_report.xlsx

==================== STOCK: US5Y_BOND_COVID200_daily ====================
[STOCK] excel=D:\tadgan_gaf\f_anogan\market_crash-main\eurusd_1day\excel_hybrid_bond_5maturities\US5Y_BOND_COVID200_daily_final2.xlsx -> D:\tadgan_gaf\f_anogan\market_crash-main\bond_3m_1y_5y_10y_20y_compare_e20_daily\hybrid\US5Y_BOND_COVID200_daily
[DATA] prices=1128 | first=2015-05-06T00:00:00.000000000 | last=2020-12-14T00:00:00.000000000
  [TADGAN] preparing scores (1128 raw prices)
  [TADGAN] scores=1029 | anomaly_windows=79 | normal_windows=950
  [FC] epoch 001/50 train=0.38017 val=6.25810
  [FC] epoch 002/50 train=0.19121 val=3.58875
  [FC] epoch 003/50 train=0.05106 val=1.56099
  [FC] epoch 004/50 train=0.02086 val=0.41074
  [FC] epoch 005/50 train=0.00889 val=0.11940
  [FC] epoch 006/50 train=0.00674 val=0.04041
  [FC] epoch 007/50 train=0.00555 val=0.05688
  [FC] epoch 008/50 train=0.00499 val=0.04064
  [FC] epoch 009/50 train=0.00475 val=0.03248
  [FC] epoch 010/50 train=0.00443 val=0.04498
  [FC] epoch 011/50 train=0.00439 val=0.03600
  [FC] epoch 012/50 train=0.00383 val=0.03023
  [FC] epoch 013/50 train=0.00379 val=0.02927
  [FC] epoch 014/50 train=0.00348 val=0.02968
  [FC] epoch 015/50 train=0.00348 val=0.03160
  [FC] epoch 016/50 train=0.00331 val=0.02624
  [FC] epoch 017/50 train=0.00321 val=0.02983
  [FC] epoch 018/50 train=0.00299 val=0.02724
  [FC] epoch 019/50 train=0.00280 val=0.02662
  [FC] epoch 020/50 train=0.00345 val=0.02934
  [FC] epoch 021/50 train=0.00295 val=0.03595
  [FC] epoch 022/50 train=0.00258 val=0.02842
  [FC] epoch 023/50 train=0.00252 val=0.03934
  [FC] epoch 024/50 train=0.00234 val=0.03097
  [FC] epoch 025/50 train=0.00222 val=0.02560
  [FC] epoch 026/50 train=0.00230 val=0.03891
  [FC] epoch 027/50 train=0.00250 val=0.03196
  [FC] epoch 028/50 train=0.00248 val=0.03746
  [FC] epoch 029/50 train=0.00240 val=0.03206
  [FC] epoch 030/50 train=0.00230 val=0.02806
  [FC] epoch 031/50 train=0.00208 val=0.02585
  [FC] epoch 032/50 train=0.00229 val=0.04220
  [FC] epoch 033/50 train=0.00222 val=0.03959
  [FC] epoch 034/50 train=0.00208 val=0.02644
  [FC] epoch 035/50 train=0.00224 val=0.04078
  [FC] epoch 036/50 train=0.00198 val=0.02538
  [FC] epoch 037/50 train=0.00223 val=0.03323
  [FC] epoch 038/50 train=0.00201 val=0.04059
  [FC] epoch 039/50 train=0.00233 val=0.04850
  [FC] epoch 040/50 train=0.00261 val=0.04388
  [FC] epoch 041/50 train=0.00227 val=0.02957
  [FC] epoch 042/50 train=0.00218 val=0.03572
  [FC] epoch 043/50 train=0.00212 val=0.02300
  [FC] epoch 044/50 train=0.00208 val=0.02314
  [FC] epoch 045/50 train=0.00238 val=0.02100
  [FC] epoch 046/50 train=0.00233 val=0.02551
  [FC] epoch 047/50 train=0.00243 val=0.04201
  [FC] epoch 048/50 train=0.00268 val=0.04911
  [FC] epoch 049/50 train=0.00236 val=0.02774
  [FC] epoch 050/50 train=0.00205 val=0.03488
  [METHOD] cosine
    [SPLIT] train=798 | backtest=200 | backtest_anomalies=63
    [DATA] train_total=798 | normal_used=798 | backtest_windows=200
    [GAN] epoch 001/20 D=-5.5736 G=4.2534
    [GAN] epoch 002/20 D=-17.7164 G=10.5030
    [GAN] epoch 003/20 D=-14.3689 G=9.0964
    [GAN] epoch 004/20 D=-12.4268 G=7.2838
    [GAN] epoch 005/20 D=-11.7361 G=6.3446
    [GAN] epoch 006/20 D=-8.2227 G=1.5553
    [GAN] epoch 007/20 D=-1.0167 G=-5.9745
    [GAN] epoch 008/20 D=0.5195 G=0.2085
    [GAN] epoch 009/20 D=0.7000 G=3.3157
    [GAN] epoch 010/20 D=0.9328 G=-1.6515
    [GAN] epoch 011/20 D=0.1114 G=2.1800
    [GAN] epoch 012/20 D=0.3063 G=-2.8973
    [GAN] epoch 013/20 D=0.5437 G=-2.3345
    [GAN] epoch 014/20 D=0.4557 G=-3.7053
    [GAN] epoch 015/20 D=0.2551 G=-2.9357
    [GAN] epoch 016/20 D=-0.0882 G=-5.2673
    [GAN] epoch 017/20 D=-0.2136 G=-5.7865
    [GAN] epoch 018/20 D=-0.1844 G=-7.3273
    [GAN] epoch 019/20 D=0.0396 G=-7.2762
    [GAN] epoch 020/20 D=-0.0269 G=-6.0684
    [ENC] epoch 001/20 loss=0.152387
    [ENC] epoch 002/20 loss=0.099117
    [ENC] epoch 003/20 loss=0.089944
    [ENC] epoch 004/20 loss=0.087288
    [ENC] epoch 005/20 loss=0.081568
    [ENC] epoch 006/20 loss=0.080376
    [ENC] epoch 007/20 loss=0.079632
    [ENC] epoch 008/20 loss=0.075698
    [ENC] epoch 009/20 loss=0.076307
    [ENC] epoch 010/20 loss=0.075803
    [ENC] epoch 011/20 loss=0.076046
    [ENC] epoch 012/20 loss=0.074336
    [ENC] epoch 013/20 loss=0.072503
    [ENC] epoch 014/20 loss=0.073056
    [ENC] epoch 015/20 loss=0.074096
    [ENC] epoch 016/20 loss=0.073465
    [ENC] epoch 017/20 loss=0.071794
    [ENC] epoch 018/20 loss=0.072060
    [ENC] epoch 019/20 loss=0.070504
    [ENC] epoch 020/20 loss=0.070862
  [METHOD] exponential
    [SPLIT] train=798 | backtest=200 | backtest_anomalies=63
    [DATA] train_total=798 | normal_used=798 | backtest_windows=200
    [GAN] epoch 001/20 D=-4.6471 G=6.9209
    [GAN] epoch 002/20 D=-15.2484 G=16.1060
    [GAN] epoch 003/20 D=-9.3708 G=15.8717
    [GAN] epoch 004/20 D=-8.0162 G=7.3055
    [GAN] epoch 005/20 D=-2.3293 G=5.1960
    [GAN] epoch 006/20 D=-0.4256 G=7.2588
    [GAN] epoch 007/20 D=-0.7748 G=7.5554
    [GAN] epoch 008/20 D=-0.2469 G=5.8820
    [GAN] epoch 009/20 D=-0.3781 G=4.6717
    [GAN] epoch 010/20 D=-0.1008 G=3.5662
    [GAN] epoch 011/20 D=-0.1911 G=1.4623
    [GAN] epoch 012/20 D=0.0543 G=1.1195
    [GAN] epoch 013/20 D=-0.0677 G=1.3892
    [GAN] epoch 014/20 D=-0.0038 G=2.4989
    [GAN] epoch 015/20 D=-0.0757 G=2.8016
    [GAN] epoch 016/20 D=0.0026 G=0.2051
    [GAN] epoch 017/20 D=-0.1594 G=1.6232
    [GAN] epoch 018/20 D=-0.1268 G=2.0429
    [GAN] epoch 019/20 D=-0.0685 G=2.2154
    [GAN] epoch 020/20 D=-0.1663 G=0.1643
    [ENC] epoch 001/20 loss=0.172303
    [ENC] epoch 002/20 loss=0.122046
    [ENC] epoch 003/20 loss=0.093771
    [ENC] epoch 004/20 loss=0.088647
    [ENC] epoch 005/20 loss=0.071664
    [ENC] epoch 006/20 loss=0.071861
    [ENC] epoch 007/20 loss=0.068469
    [ENC] epoch 008/20 loss=0.064692
    [ENC] epoch 009/20 loss=0.059856
    [ENC] epoch 010/20 loss=0.058674
    [ENC] epoch 011/20 loss=0.056581
    [ENC] epoch 012/20 loss=0.052359
    [ENC] epoch 013/20 loss=0.055557
    [ENC] epoch 014/20 loss=0.051036
    [ENC] epoch 015/20 loss=0.052379
    [ENC] epoch 016/20 loss=0.051334
    [ENC] epoch 017/20 loss=0.047563
    [ENC] epoch 018/20 loss=0.046459
    [ENC] epoch 019/20 loss=0.046995
    [ENC] epoch 020/20 loss=0.047326
  [METHOD] arctan
    [SPLIT] train=798 | backtest=200 | backtest_anomalies=63
    [DATA] train_total=798 | normal_used=798 | backtest_windows=200
    [GAN] epoch 001/20 D=-3.8039 G=0.7165
    [GAN] epoch 002/20 D=-14.1366 G=9.6610
    [GAN] epoch 003/20 D=-14.4501 G=10.7607
    [GAN] epoch 004/20 D=-14.4463 G=10.7073
    [GAN] epoch 005/20 D=-14.3294 G=10.1075
    [GAN] epoch 006/20 D=-12.7348 G=8.2816
    [GAN] epoch 007/20 D=-10.0837 G=5.9516
    [GAN] epoch 008/20 D=-6.6154 G=3.5853
    [GAN] epoch 009/20 D=-1.7271 G=0.8392
    [GAN] epoch 010/20 D=-0.6013 G=6.3701
    [GAN] epoch 011/20 D=0.7139 G=1.4320
    [GAN] epoch 012/20 D=0.9056 G=3.0575
    [GAN] epoch 013/20 D=1.2216 G=-0.3484
    [GAN] epoch 014/20 D=3.8990 G=-0.1104
    [GAN] epoch 015/20 D=1.4931 G=-1.4867
    [GAN] epoch 016/20 D=0.9490 G=-1.6609
    [GAN] epoch 017/20 D=0.8498 G=-2.1261
    [GAN] epoch 018/20 D=0.7503 G=-1.6545
    [GAN] epoch 019/20 D=0.6104 G=-1.4269
    [GAN] epoch 020/20 D=0.5502 G=-1.6449
    [ENC] epoch 001/20 loss=0.052249
    [ENC] epoch 002/20 loss=0.038935
    [ENC] epoch 003/20 loss=0.035025
    [ENC] epoch 004/20 loss=0.032730
    [ENC] epoch 005/20 loss=0.031905
    [ENC] epoch 006/20 loss=0.029369
    [ENC] epoch 007/20 loss=0.029380
    [ENC] epoch 008/20 loss=0.029195
    [ENC] epoch 009/20 loss=0.028259
    [ENC] epoch 010/20 loss=0.027884
    [ENC] epoch 011/20 loss=0.027713
    [ENC] epoch 012/20 loss=0.027206
    [ENC] epoch 013/20 loss=0.027510
    [ENC] epoch 014/20 loss=0.027135
    [ENC] epoch 015/20 loss=0.026679
    [ENC] epoch 016/20 loss=0.026944
    [ENC] epoch 017/20 loss=0.026429
    [ENC] epoch 018/20 loss=0.026771
    [ENC] epoch 019/20 loss=0.026218
    [ENC] epoch 020/20 loss=0.026573
  [METHOD] arccosh
    [SPLIT] train=798 | backtest=200 | backtest_anomalies=63
    [DATA] train_total=798 | normal_used=798 | backtest_windows=200
    [GAN] epoch 001/20 D=-0.7850 G=5.1990
    [GAN] epoch 002/20 D=-17.8534 G=20.4580
    [GAN] epoch 003/20 D=-14.5885 G=19.0882
    [GAN] epoch 004/20 D=-8.8932 G=8.9161
    [GAN] epoch 005/20 D=-4.8442 G=2.3223
    [GAN] epoch 006/20 D=-3.9976 G=0.5074
    [GAN] epoch 007/20 D=-3.2207 G=0.6620
    [GAN] epoch 008/20 D=-2.2265 G=1.3664
    [GAN] epoch 009/20 D=-1.6179 G=0.1982
    [GAN] epoch 010/20 D=-1.0407 G=-0.6898
    [GAN] epoch 011/20 D=-0.8880 G=-2.1681
    [GAN] epoch 012/20 D=-0.6604 G=-1.8578
    [GAN] epoch 013/20 D=-0.5486 G=-1.3425
    [GAN] epoch 014/20 D=-0.6022 G=-1.7274
    [GAN] epoch 015/20 D=-0.5315 G=-1.1331
    [GAN] epoch 016/20 D=-0.6338 G=0.0590
    [GAN] epoch 017/20 D=-0.6443 G=-1.4995
    [GAN] epoch 018/20 D=-0.5990 G=0.6204
    [GAN] epoch 019/20 D=-0.6186 G=0.5110
    [GAN] epoch 020/20 D=-0.6059 G=-0.5134
    [ENC] epoch 001/20 loss=0.098084
    [ENC] epoch 002/20 loss=0.063873
    [ENC] epoch 003/20 loss=0.050423
    [ENC] epoch 004/20 loss=0.045099
    [ENC] epoch 005/20 loss=0.041025
    [ENC] epoch 006/20 loss=0.042269
    [ENC] epoch 007/20 loss=0.037110
    [ENC] epoch 008/20 loss=0.036828
    [ENC] epoch 009/20 loss=0.034592
    [ENC] epoch 010/20 loss=0.033835
    [ENC] epoch 011/20 loss=0.034274
    [ENC] epoch 012/20 loss=0.034435
    [ENC] epoch 013/20 loss=0.031661
    [ENC] epoch 014/20 loss=0.033377
    [ENC] epoch 015/20 loss=0.032837
    [ENC] epoch 016/20 loss=0.031275
    [ENC] epoch 017/20 loss=0.029472
    [ENC] epoch 018/20 loss=0.031634
    [ENC] epoch 019/20 loss=0.029219
    [ENC] epoch 020/20 loss=0.028472

---- SUMMARY [US5Y_BOND_COVID200_daily] (backtest, label 0=crash, 1=not_crash) ----
     method |         acc |     prec(0) |      rec(0) |       f1(0) |      auc(0) |          TP |          FP |          TN |          FN |  fut_crash%
     cosine |       0.725 |       0.786 |       0.175 |       0.286 |       0.853 |          11 |           3 |         134 |          52 |       0.580
exponential |       0.685 |       0.000 |       0.000 |       0.000 |       0.850 |           0 |           0 |         137 |          63 |       0.030
     arctan |       0.725 |       1.000 |       0.127 |       0.225 |       0.839 |           8 |           0 |         137 |          55 |       0.895
    arccosh |       0.730 |       0.909 |       0.159 |       0.270 |       0.871 |          10 |           1 |         136 |          53 |       0.435
   ensemble |       0.705 |       0.611 |       0.175 |       0.272 |       0.874 |          11 |           7 |         130 |          52 |       0.000
[STOCK] US5Y_BOND_COVID200_daily done -> D:\tadgan_gaf\f_anogan\market_crash-main\bond_3m_1y_5y_10y_20y_compare_e20_daily\hybrid\US5Y_BOND_COVID200_daily\hybrid_four_gaf_report.xlsx

[ALL] summary saved -> D:\tadgan_gaf\f_anogan\market_crash-main\bond_3m_1y_5y_10y_20y_compare_e20_daily\hybrid\all_stocks_summary.csv
[ALL] done. success=5 skipped=0
[SUMMARY] wrote D:\tadgan_gaf\f_anogan\market_crash-main\bond_3m_1y_5y_10y_20y_compare_e20_daily\bond_3m_1y_5y_10y_20y_cnn_fanogan_hybrid_summary_latest.xlsx

===== PERFORMANCE (F1/AUC/precision) =====
                  pipeline dataset      method  accuracy  precision  recall     f1    auc  n_test_total  n_test_crash  n_test_normal
           CNN autoencoder   US10Y     arccosh    0.6250     0.0000  0.0000 0.0000 0.3950           200            52            148
           CNN autoencoder   US10Y      arctan    0.6300     0.0000  0.0000 0.0000 0.3239           200            52            148
           CNN autoencoder   US10Y      cosine    0.7000     0.0000  0.0000 0.0000 0.4697           200            52            148
           CNN autoencoder   US10Y exponential    0.6800     0.0000  0.0000 0.0000 0.3953           200            52            148
           CNN autoencoder    US1Y     arccosh    0.7350     0.0000  0.0000 0.0000 0.3940           200            52            148
           CNN autoencoder    US1Y      arctan    0.7550     1.0000  0.0577 0.1091 0.5342           200            52            148
           CNN autoencoder    US1Y      cosine    0.7550     0.8000  0.0769 0.1404 0.4792           200            52            148
           CNN autoencoder    US1Y exponential    0.7950     1.0000  0.2115 0.3492 0.5560           200            52            148
           CNN autoencoder   US20Y     arccosh    0.6600     0.0000  0.0000 0.0000 0.2486           200            52            148
           CNN autoencoder   US20Y      arctan    0.7000     0.1000  0.0192 0.0323 0.2457           200            52            148
           CNN autoencoder   US20Y      cosine    0.7050     0.0000  0.0000 0.0000 0.2791           200            52            148
           CNN autoencoder   US20Y exponential    0.7150     0.0000  0.0000 0.0000 0.2264           200            52            148
           CNN autoencoder    US3M     arccosh    0.7000     0.0000  0.0000 0.0000 0.2800           200            52            148
           CNN autoencoder    US3M      arctan    0.7400     0.5000  0.1154 0.1875 0.5169           200            52            148
           CNN autoencoder    US3M      cosine    0.7100     0.3500  0.1346 0.1944 0.4549           200            52            148
           CNN autoencoder    US3M exponential    0.6950     0.3333  0.1731 0.2278 0.4961           200            52            148
           CNN autoencoder    US5Y     arccosh    0.7400     0.0000  0.0000 0.0000 0.3819           200            52            148
           CNN autoencoder    US5Y      arctan    0.7050     0.0000  0.0000 0.0000 0.2765           200            52            148
           CNN autoencoder    US5Y      cosine    0.7050     0.0000  0.0000 0.0000 0.2981           200            52            148
           CNN autoencoder    US5Y exponential    0.6700     0.0000  0.0000 0.0000 0.3155           200            52            148
Hybrid TadGAN-GAF-f-AnoGAN   US10Y     arccosh    0.7700     0.0000  0.0000 0.0000 0.3783           200            28            172
Hybrid TadGAN-GAF-f-AnoGAN   US10Y      arctan    0.8600     0.0000  0.0000 0.0000 0.4066           200            28            172
Hybrid TadGAN-GAF-f-AnoGAN   US10Y      cosine    0.8000     0.0000  0.0000 0.0000 0.4574           200            28            172
Hybrid TadGAN-GAF-f-AnoGAN   US10Y    ensemble    0.8150     0.0000  0.0000 0.0000 0.3924           200            28            172
Hybrid TadGAN-GAF-f-AnoGAN   US10Y exponential    0.8250     0.0000  0.0000 0.0000 0.4176           200            28            172
Hybrid TadGAN-GAF-f-AnoGAN    US1Y     arccosh    0.5950     0.0000  0.0000 0.0000 0.6678           200            81            119
Hybrid TadGAN-GAF-f-AnoGAN    US1Y      arctan    0.5500     0.3448  0.1235 0.1818 0.6519           200            81            119
Hybrid TadGAN-GAF-f-AnoGAN    US1Y      cosine    0.5950     0.0000  0.0000 0.0000 0.7143           200            81            119
Hybrid TadGAN-GAF-f-AnoGAN    US1Y    ensemble    0.6350     0.7000  0.1728 0.2772 0.7356           200            81            119
Hybrid TadGAN-GAF-f-AnoGAN    US1Y exponential    0.5950     0.0000  0.0000 0.0000 0.8543           200            81            119
Hybrid TadGAN-GAF-f-AnoGAN   US20Y     arccosh    0.5300     0.0000  0.0000 0.0000    NaN           200             0            200
Hybrid TadGAN-GAF-f-AnoGAN   US20Y      arctan    0.8200     0.0000  0.0000 0.0000    NaN           200             0            200
Hybrid TadGAN-GAF-f-AnoGAN   US20Y      cosine    0.6850     0.0000  0.0000 0.0000    NaN           200             0            200
Hybrid TadGAN-GAF-f-AnoGAN   US20Y    ensemble    0.9500     0.0000  0.0000 0.0000    NaN           200             0            200
Hybrid TadGAN-GAF-f-AnoGAN   US20Y exponential    0.6200     0.0000  0.0000 0.0000    NaN           200             0            200
Hybrid TadGAN-GAF-f-AnoGAN    US3M     arccosh    0.6000     0.0000  0.0000 0.0000 0.1821           200            73            127
Hybrid TadGAN-GAF-f-AnoGAN    US3M      arctan    0.6350     0.0000  0.0000 0.0000 0.2632           200            73            127
Hybrid TadGAN-GAF-f-AnoGAN    US3M      cosine    0.6050     0.0000  0.0000 0.0000 0.3733           200            73            127
Hybrid TadGAN-GAF-f-AnoGAN    US3M    ensemble    0.6000     0.0000  0.0000 0.0000 0.2910           200            73            127
Hybrid TadGAN-GAF-f-AnoGAN    US3M exponential    0.5100     0.0000  0.0000 0.0000 0.5035           200            73            127
Hybrid TadGAN-GAF-f-AnoGAN    US5Y     arccosh    0.7300     0.9091  0.1587 0.2703 0.8707           200            63            137
Hybrid TadGAN-GAF-f-AnoGAN    US5Y      arctan    0.7250     1.0000  0.1270 0.2254 0.8387           200            63            137
Hybrid TadGAN-GAF-f-AnoGAN    US5Y      cosine    0.7250     0.7857  0.1746 0.2857 0.8527           200            63            137
Hybrid TadGAN-GAF-f-AnoGAN    US5Y    ensemble    0.7050     0.6111  0.1746 0.2716 0.8741           200            63            137
Hybrid TadGAN-GAF-f-AnoGAN    US5Y exponential    0.6850     0.0000  0.0000 0.0000 0.8503           200            63            137
       f-AnoGAN standalone   US10Y     arccosh    0.5850     0.0303  0.0192 0.0235 0.3012           200            52            148
       f-AnoGAN standalone   US10Y      arctan    0.7000     0.0000  0.0000 0.0000 0.2798           200            52            148
       f-AnoGAN standalone   US10Y      cosine    0.6450     0.0000  0.0000 0.0000 0.3007           200            52            148
       f-AnoGAN standalone   US10Y exponential    0.6550     0.0000  0.0000 0.0000 0.3768           200            52            148
       f-AnoGAN standalone    US1Y     arccosh    0.7550     1.0000  0.0577 0.1091 0.5995           200            52            148
       f-AnoGAN standalone    US1Y      arctan    0.8050     1.0000  0.2500 0.4000 0.6966           200            52            148
       f-AnoGAN standalone    US1Y      cosine    0.8000     1.0000  0.2308 0.3750 0.5820           200            52            148
       f-AnoGAN standalone    US1Y exponential    0.8200     1.0000  0.3077 0.4706 0.7379           200            52            148
       f-AnoGAN standalone   US20Y     arccosh    0.7000     0.0000  0.0000 0.0000 0.2607           200            52            148
       f-AnoGAN standalone   US20Y      arctan    0.7250     0.0000  0.0000 0.0000 0.4449           200            52            148
       f-AnoGAN standalone   US20Y      cosine    0.7150     0.0000  0.0000 0.0000 0.3412           200            52            148
       f-AnoGAN standalone   US20Y exponential    0.6750     0.0000  0.0000 0.0000 0.4016           200            52            148
       f-AnoGAN standalone    US3M     arccosh    0.7300     0.4286  0.1154 0.1818 0.4262           200            52            148
       f-AnoGAN standalone    US3M      arctan    0.7500     0.5385  0.2692 0.3590 0.5986           200            52            148
       f-AnoGAN standalone    US3M      cosine    0.7350     0.4800  0.2308 0.3117 0.5630           200            52            148
       f-AnoGAN standalone    US3M exponential    0.7350     0.4878  0.3846 0.4301 0.6484           200            52            148
       f-AnoGAN standalone    US5Y     arccosh    0.7100     0.0000  0.0000 0.0000 0.3287           200            52            148
       f-AnoGAN standalone    US5Y      arctan    0.6700     0.0000  0.0000 0.0000 0.2957           200            52            148
       f-AnoGAN standalone    US5Y      cosine    0.7000     0.0000  0.0000 0.0000 0.3078           200            52            148
       f-AnoGAN standalone    US5Y exponential    0.5750     0.0000  0.0000 0.0000 0.2761           200            52            148

===== AVERAGE ACROSS US3M + US1Y + US5Y + US10Y + US20Y =====
                  pipeline      method  accuracy_mean  precision_mean  recall_mean  f1_mean  auc_mean  n_rows
           CNN autoencoder exponential         0.7110          0.2667       0.0769   0.1154    0.3978       5
           CNN autoencoder      cosine         0.7150          0.2300       0.0423   0.0670    0.3962       5
           CNN autoencoder      arctan         0.7060          0.3200       0.0385   0.0658    0.3794       5
           CNN autoencoder     arccosh         0.6920          0.0000       0.0000   0.0000    0.3399       5
Hybrid TadGAN-GAF-f-AnoGAN      arctan         0.7180          0.2690       0.0501   0.0814    0.5401       5
Hybrid TadGAN-GAF-f-AnoGAN      cosine         0.6820          0.1571       0.0349   0.0571    0.5994       5
Hybrid TadGAN-GAF-f-AnoGAN     arccosh         0.6450          0.1818       0.0317   0.0541    0.5247       5
Hybrid TadGAN-GAF-f-AnoGAN exponential         0.6470          0.0000       0.0000   0.0000    0.6564       5
       f-AnoGAN standalone exponential         0.6920          0.2976       0.1385   0.1801    0.4882       5
       f-AnoGAN standalone      arctan         0.7300          0.3077       0.1038   0.1518    0.4631       5
       f-AnoGAN standalone      cosine         0.7190          0.2960       0.0923   0.1373    0.4189       5
       f-AnoGAN standalone     arccosh         0.6960          0.2918       0.0385   0.0629    0.3833       5

===== DM TEST (ranked anomaly score Brier loss; positive DM = exponential better) =====
                  pipeline dataset             comparison  baseline_rank_brier_loss  exponential_rank_brier_loss  loss_diff_baseline_minus_exp  dm_stat_positive_exp_better  p_one_sided_exp_better  exp_lower_loss  significant_5pct
           CNN autoencoder   US10Y exponential vs arccosh                    0.3727                       0.3726                        0.0001                       0.0068                  0.4973            True             False
           CNN autoencoder   US10Y  exponential vs arctan                    0.3999                       0.3726                        0.0273                       2.7592                  0.0029            True              True
           CNN autoencoder   US10Y  exponential vs cosine                    0.3441                       0.3726                       -0.0285                      -2.4249                  0.9923           False             False
           CNN autoencoder    US1Y exponential vs arccosh                    0.3731                       0.3111                        0.0620                       4.6466                  0.0000            True              True
           CNN autoencoder    US1Y  exponential vs arctan                    0.3194                       0.3111                        0.0084                       0.9099                  0.1814            True             False
           CNN autoencoder    US1Y  exponential vs cosine                    0.3405                       0.3111                        0.0294                       3.1065                  0.0009            True              True
           CNN autoencoder   US20Y exponential vs arccosh                    0.4288                       0.4373                       -0.0085                      -0.4845                  0.6860           False             False
           CNN autoencoder   US20Y  exponential vs arctan                    0.4299                       0.4373                       -0.0074                      -0.8351                  0.7982           False             False
           CNN autoencoder   US20Y  exponential vs cosine                    0.4171                       0.4373                       -0.0202                      -1.5039                  0.9337           False             False
           CNN autoencoder    US3M exponential vs arccosh                    0.4167                       0.3340                        0.0827                       5.3103                  0.0000            True              True
           CNN autoencoder    US3M  exponential vs arctan                    0.3260                       0.3340                       -0.0080                      -0.9335                  0.8247           False             False
           CNN autoencoder    US3M  exponential vs cosine                    0.3498                       0.3340                        0.0158                       1.8895                  0.0294            True              True
           CNN autoencoder    US5Y exponential vs arccosh                    0.3777                       0.4032                       -0.0254                      -1.6949                  0.9550           False             False
           CNN autoencoder    US5Y  exponential vs arctan                    0.4181                       0.4032                        0.0149                       1.6473                  0.0497            True              True
           CNN autoencoder    US5Y  exponential vs cosine                    0.4098                       0.4032                        0.0067                       0.6786                  0.2487            True             False
Hybrid TadGAN-GAF-f-AnoGAN   US10Y exponential vs arccosh                    0.3617                       0.3523                        0.0094                       0.6492                  0.2581            True             False
Hybrid TadGAN-GAF-f-AnoGAN   US10Y  exponential vs arctan                    0.3549                       0.3523                        0.0026                       0.1207                  0.4519            True             False
Hybrid TadGAN-GAF-f-AnoGAN   US10Y  exponential vs cosine                    0.3427                       0.3523                       -0.0096                      -0.6055                  0.7276           False             False
Hybrid TadGAN-GAF-f-AnoGAN    US1Y exponential vs arccosh                    0.2520                       0.1626                        0.0895                       5.9529                  0.0000            True              True
Hybrid TadGAN-GAF-f-AnoGAN    US1Y  exponential vs arctan                    0.2596                       0.1626                        0.0971                       5.3684                  0.0000            True              True
Hybrid TadGAN-GAF-f-AnoGAN    US1Y  exponential vs cosine                    0.2297                       0.1626                        0.0672                       4.9278                  0.0000            True              True
Hybrid TadGAN-GAF-f-AnoGAN   US20Y exponential vs arccosh                    0.3325                       0.3325                       -0.0000                      -0.0000                  0.5000           False             False
Hybrid TadGAN-GAF-f-AnoGAN   US20Y  exponential vs arctan                    0.3325                       0.3325                        0.0000                       0.0000                  0.5000           False             False
Hybrid TadGAN-GAF-f-AnoGAN   US20Y  exponential vs cosine                    0.3325                       0.3325                        0.0000                       0.0000                  0.5000           False             False
Hybrid TadGAN-GAF-f-AnoGAN    US3M exponential vs arccosh                    0.4791                       0.3309                        0.1483                       7.9149                  0.0000            True              True
Hybrid TadGAN-GAF-f-AnoGAN    US3M  exponential vs arctan                    0.4417                       0.3309                        0.1108                       7.4041                  0.0000            True              True
Hybrid TadGAN-GAF-f-AnoGAN    US3M  exponential vs cosine                    0.3909                       0.3309                        0.0600                       4.6784                  0.0000            True              True
Hybrid TadGAN-GAF-f-AnoGAN    US5Y exponential vs arccosh                    0.1733                       0.1821                       -0.0088                      -0.8331                  0.7976           False             False
Hybrid TadGAN-GAF-f-AnoGAN    US5Y  exponential vs arctan                    0.1871                       0.1821                        0.0050                       0.4864                  0.3133            True             False
Hybrid TadGAN-GAF-f-AnoGAN    US5Y  exponential vs cosine                    0.1810                       0.1821                       -0.0010                      -0.1242                  0.5494           False             False
       f-AnoGAN standalone   US10Y exponential vs arccosh                    0.4086                       0.3797                        0.0290                       1.4009                  0.0806            True             False
       f-AnoGAN standalone   US10Y  exponential vs arctan                    0.4168                       0.3797                        0.0372                       2.7448                  0.0030            True              True
       f-AnoGAN standalone   US10Y  exponential vs cosine                    0.4088                       0.3797                        0.0292                       1.4172                  0.0782            True             False
       f-AnoGAN standalone    US1Y exponential vs arccosh                    0.2944                       0.2414                        0.0530                       3.1113                  0.0009            True              True
       f-AnoGAN standalone    US1Y  exponential vs arctan                    0.2572                       0.2414                        0.0158                       1.2752                  0.1011            True             False
       f-AnoGAN standalone    US1Y  exponential vs cosine                    0.3011                       0.2414                        0.0597                       3.7994                  0.0001            True              True
       f-AnoGAN standalone   US20Y exponential vs arccosh                    0.4241                       0.3702                        0.0540                       2.5520                  0.0054            True              True
       f-AnoGAN standalone   US20Y  exponential vs arctan                    0.3536                       0.3702                       -0.0166                      -0.9599                  0.8314           False             False
       f-AnoGAN standalone   US20Y  exponential vs cosine                    0.3933                       0.3702                        0.0231                       1.0275                  0.1521            True             False
       f-AnoGAN standalone    US3M exponential vs arccosh                    0.3608                       0.2757                        0.0851                       5.6785                  0.0000            True              True
       f-AnoGAN standalone    US3M  exponential vs arctan                    0.2947                       0.2757                        0.0191                       1.5528                  0.0602            True             False
       f-AnoGAN standalone    US3M  exponential vs cosine                    0.3084                       0.2757                        0.0327                       2.1989                  0.0139            True              True
       f-AnoGAN standalone    US5Y exponential vs arccosh                    0.3981                       0.4182                       -0.0201                      -1.0890                  0.8619           False             False
       f-AnoGAN standalone    US5Y  exponential vs arctan                    0.4107                       0.4182                       -0.0075                      -0.4719                  0.6815           False             False
       f-AnoGAN standalone    US5Y  exponential vs cosine                    0.4061                       0.4182                       -0.0121                      -0.8217                  0.7944           False             False

===== DOES EXPONENTIAL OUTPERFORM? =====
                  pipeline dataset  exp_f1 best_f1_method  best_f1  exp_auc best_auc_method  best_auc  dm_lower_loss_wins_vs_3  dm_significant_5pct_wins_vs_3              outperform_summary
           CNN autoencoder   US10Y  0.0000         cosine   0.0000   0.3953          cosine    0.4697                        2                              1 mixed; exponential not dominant
           CNN autoencoder    US1Y  0.3492    exponential   0.3492   0.5560     exponential    0.5560                        3                              2  exponential leads by F1 and DM
           CNN autoencoder   US20Y  0.0000         arctan   0.0323   0.2264          cosine    0.2791                        0                              0 mixed; exponential not dominant
           CNN autoencoder    US3M  0.2278    exponential   0.2278   0.4961          arctan    0.5169                        2                              2  exponential leads by F1 and DM
           CNN autoencoder    US5Y  0.0000        arccosh   0.0000   0.3155         arccosh    0.3819                        2                              1 mixed; exponential not dominant
Hybrid TadGAN-GAF-f-AnoGAN   US10Y  0.0000         cosine   0.0000   0.4176          cosine    0.4574                        2                              0 mixed; exponential not dominant
Hybrid TadGAN-GAF-f-AnoGAN    US1Y  0.0000         arctan   0.1818   0.8543     exponential    0.8543                        3                              3 mixed; exponential not dominant
Hybrid TadGAN-GAF-f-AnoGAN   US20Y  0.0000         arctan   0.0000      NaN          arctan       NaN                        0                              0 mixed; exponential not dominant
Hybrid TadGAN-GAF-f-AnoGAN    US3M  0.0000    exponential   0.0000   0.5035     exponential    0.5035                        3                              3  exponential leads by F1 and DM
Hybrid TadGAN-GAF-f-AnoGAN    US5Y  0.0000         cosine   0.2857   0.8503         arccosh    0.8707                        1                              0 mixed; exponential not dominant
       f-AnoGAN standalone   US10Y  0.0000        arccosh   0.0235   0.3768     exponential    0.3768                        3                              1 mixed; exponential not dominant
       f-AnoGAN standalone    US1Y  0.4706    exponential   0.4706   0.7379     exponential    0.7379                        3                              2  exponential leads by F1 and DM
       f-AnoGAN standalone   US20Y  0.0000         arctan   0.0000   0.4016          arctan    0.4449                        2                              1 mixed; exponential not dominant
       f-AnoGAN standalone    US3M  0.4301    exponential   0.4301   0.6484     exponential    0.6484                        3                              2  exponential leads by F1 and DM
       f-AnoGAN standalone    US5Y  0.0000        arccosh   0.0000   0.2761         arccosh    0.3287                        0                              0 mixed; exponential not dominant
[DONE] elapsed_min=55.53
