signal,anomaly_score,is_anomaly
-1.7816563924931,0.01695121420553094,0
-1.8634836690218288,0.014543678119001754,0
-2.070642091357175,0.012467181122923858,0
-2.143147618199212,0.009706475577819312,0
-2.154541394647389,0.0075749652323428,0
-2.335805014190817,0.004853597297910553,0
-2.4362767779012597,0.0030409009203126065,0
-2.43213371218662,0.001481427268593159,0
-2.3575565537064285,0.00038563355699862574,0
-2.5419276207070856,-0.0002678627882123006,0
-2.6413637661601186,-0.00037591628101882644,0
-2.8392000436854405,4.905194552994174e-05,0
-2.5305338442589083,0.0011822444322076347,0
-2.2550133559195,0.002575997703311485,0
-2.4466347385303604,0.004202301942512887,0
-2.3316617509145106,0.006536856937233101,0
-2.2436195794713214,0.008978563767131367,0
-2.1483264997329297,0.012006124994485681,0
-2.106895052339859,0.015512579323826922,0
-2.3140532771135387,0.01904129723791626,0
-2.4942812783995567,0.02382046788165361,0
-2.2456912111094742,0.02935183262994096,0
-2.303695514046105,0.033654041346246666,0
-2.389666251412806,0.04008187110639565,0
-2.513961186277014,0.0472691585392204,0
-2.695224805820441,0.05519274952681908,0
-2.745978595585202,0.06483633531974174,0
-2.874416991287383,0.07458972643358129,0
-2.5398559890689323,0.08535050406006146,0
-2.581287634023669,0.09489900327189114,0
-2.413489422566572,0.10461663499287935,0
-2.4020956461183944,0.11304920888560419,0
-2.519140265372397,0.12370871155706241,0
-2.3285545010189463,0.13423286433792825,0
-2.288158474321621,0.1435881066384164,0
-2.259156224072472,0.1541437144063289,0
-2.163863539457413,0.16444617602822084,0
-2.193901605525637,0.1731075827662691,0
-2.0934296442535287,0.18278336594498545,0
-2.0261029989452077,0.19222030189468073,0
-1.99917257789588,0.2008599583540081,0
-2.008494722705904,0.20944275674832083,0
-1.8686629456788788,0.21646651408922188,0
-1.663575759858352,0.224999574392113,0
-1.8085868135424283,0.22766067158416337,0
-1.6231799307226944,0.23261523751254032,0
-1.6697906547728132,0.23431952139595683,0
-1.6014283912070824,0.23785738458303343,0
-1.738152918338544,0.2406697818019824,0
-1.825159471524323,0.2470282330952625,0
-1.605571654483389,0.25471844877954963,0
-1.4253436531973716,0.2606290751103045,0
-1.5040640749538703,0.26202265833621835,0
-1.455381719265597,0.26610299280046545,0
-1.2958696392377804,0.2715853495432982,0
-1.467811113971185,0.27286367158911196,0
-1.5019924433157157,0.2782872766275609,0
-1.5092429564875869,0.285089366622711,0
-1.6242159441034365,0.2926170039771934,0
-1.6200726808271302,0.3028553112120324,0
-1.6180010491889767,0.3143416951120546,0
-1.7785487474742037,0.32414498234587863,0
-1.8914501034519,0.33585046934235396,0
-1.871770195574442,0.3483039773620184,0
-1.679112799582837,0.36064864097866095,0
-1.7298667869092637,0.3694297912383804,0
-1.4750616271430552,0.38029037922515924,0
-1.4087709952154772,0.38860010026878355,0
-1.2212928758809227,0.39594857092162855,0
-1.2637603366547352,0.39706563061938555,0
-1.2906907577040634,0.40190274007041377,0
-1.4087709952154772,0.40574868333681896,0
-1.468847127351927,0.40956310673037766,0
-1.334193836735286,0.4183835245624554,0
-1.1736461384500605,0.42514219355832295,0
-1.1166776513325063,0.4312439557689675,0
-1.0597091642149528,0.4334171206208715,0
-1.1726105201926498,0.4333283454663632,0
-1.0275994665085748,0.43681812826432015,0
-0.8939821892726759,0.4374110309304779,0
-0.8214770575539709,0.4355924136154821,0
-0.8328708340021491,0.43414071009922145,0
-0.9509510715135622,0.4346572533668686,0
-1.0679952956442325,0.43638693213132823,0
-1.054530282681235,0.43620847797722495,0
-0.9985974138210924,0.4379603514631679,0
-0.9633804662191504,0.4401052484851334,0
-1.0897472302831788,0.44251812522557155,0
-0.9633804662191504,0.4489831610432582,0
-0.8007611362957704,0.45544729844576143,0
-0.7520787806074973,0.4582857645860827,0
-0.8028327679339231,0.45851721419981634,0
-0.6464279378016716,0.4642362358855884,0
-0.5853161874078098,0.4665237303989048,0
-0.5977459772367322,0.4666916844648526,0
-0.6008532271322949,0.4691800475125978,0
-0.6433206879061075,0.4710687303902618,0
-0.6091393585615753,0.4726232817351984,0
-0.5532068848247647,0.4756490685842912,0
-0.4558421734482186,0.4769672526089516,0
-0.4641287000008333,0.4789901062670729,0
-0.479665344601984,0.4781988794483442,0
-0.5034889108790832,0.4778808978645531,0
-0.5128110556891063,0.47650416459401745,0
-0.496238397707212,0.4788958429444373,0
-0.5532068848247647,0.4803045014436817,0
-0.4423771604852228,0.4799116531020643,0
-0.3729788835387477,0.4779428800091381,0
-0.2828650804574056,0.4763623231434025,0
-0.3522629622805456,0.46893735090200933,0
-0.5065961607746459,0.46340153903479453,0
-0.5262760686521043,0.4573576505310861,0
-0.5666718977877627,0.4552971053244691,0
-0.6163902668567793,0.4499655770992762,0
-0.8028327679339231,0.4429028722472986,0
-0.6194975167523428,0.4419014360196173,0
-0.4755224764490099,0.436171566761477,0
-0.5293837136710015,0.43036351234858045,0
-0.5003812658601862,0.4270459051182779,0
-0.3988736863306659,0.420077852983868,0
-0.6547144643542849,0.414715736576515,0
-0.7904029781050029,0.41140087718123775,0
-0.6329629248386743,0.41301975743912833,0
-0.4226968574844314,0.41327985638561604,0
-0.5832445557696571,0.4106938947230468,0
-0.5148822922039262,0.4081570716301568,0
-0.7624369387982656,0.4047957038820764,0
-0.6764660038698961,0.40511624598450674,0
-0.9136624922734672,0.40239530380766186,0
-0.8856960578433956,0.4067169134384619,0
-0.9530227031517164,0.41150747985099273,0
-0.7417210175400635,0.41983717980952256,0
-0.9540583214091264,0.425119412922702,0
-0.8577296234133238,0.43093807635926296,0
-0.8297631889832521,0.43568742918013853,0
-0.9033043340826998,0.43852260324606573,0
-0.9644160844765596,0.4459107013314291,0
-0.9343784135316692,0.4540131553951356,0
-0.9540583214091264,0.4621961981131711,0
-1.012062821907424,0.4701483104767602,0
-1.1218565328662238,0.4780880600861965,0
-1.143608467505168,0.48911333679655217,0
-1.2471876786728409,0.49934003024486434,0
-1.327979336944159,0.5132213778860674,0
-1.2803329946366304,0.5269093642955469,0
-1.4398446795411115,0.5419139244771277,0
-1.4968135617819995,0.560897525544498,0
-1.3600886395272045,0.6024291587648336,0
-1.2461516652920974,0.6278743291597285,0
-1.2596170733784282,0.6362406673064667,0
-1.1332503093144006,0.6525333246372537,0
-1.1591451121063188,0.6667709686945151,0
-1.2689392181884516,0.6792586330188628,0
-1.0845679536261277,0.6961606977601559,0
-0.9809887424584546,0.7116502909559694,0
-0.8515147284988633,0.7189182764659283,0
-0.7645081753130847,0.7281809321619828,0
-0.7427566357974742,0.7353827298421761,0
-0.5946383322178351,0.7473074073391925,0
-0.5635646478921993,0.7491210462953272,0
-0.7158262147481452,0.7563467378160942,0
-0.6070681220467561,0.7596767526371881,0
-0.7448282674356269,0.7635237368557014,0
-0.6868237669373299,0.7704584920834191,0
-0.6547144643542849,0.7760146901092645,0
-0.7230767279200156,0.7840689717269334,0
-0.7883317415901838,0.7911304429199019,0
-0.9592372029428432,0.8002516803823189,0
-1.1187492829706598,0.8137552766413485,0
-0.9861680191155058,0.8305930795654616,0
-0.9457717948565124,0.8456615632288952,0
-0.8763739130333716,0.86310646213697,0
-0.6567860959924376,0.8733264763696066,0
-0.8370137021551233,0.8848514497914882,0
-0.7945462413813107,0.8993708575401251,0
-0.9385212816846412,0.9106974180819198,0
-1.0752458088161037,0.9272473750495671,0
-1.041064874594905,0.9403260538593355,0
-1.13221469105699,0.9589738183866379,0
-1.104248256626919,0.9764330782460257,0
-1.0897472302831788,0.9942999147048035,0
-0.892946571015266,1.0101795105443252,0
-0.7914389914857465,1.0216373676936497,0
-0.982024755839198,1.0288313024210378,0
-0.8318348206214056,1.0538964049239619,0
-0.9623448479617404,1.0648751991648624,0
-0.7158262147481452,1.0981902849855523,0
-0.6350341613534936,1.1086499627465332,0
-0.592566700579681,1.1171378940430658,0
-0.5335265818239733,1.125022421279916,0
-0.5459563716528957,1.1370080669915623,0
-0.4278757390181475,1.1429576491745161,0
-0.364692752109468,1.1474917094937156,0
-0.4299473706563003,1.1518185196160904,0
-0.3284397911267823,1.1560724160600342,0
-0.3916231731587955,1.1552421409941511,0
-0.364692752109468,1.1567739130022352,0
-0.3740148969194919,1.1524210069896352,0
-0.4164823576933045,1.1484521541008512,0
-0.3802293967106188,1.1490332966748622,0
-0.2445408829599007,1.1446222584435866,0
-0.3657283703668773,1.139192801831869,0
-0.3222252913356555,1.135884897084208,0
-0.3564062255568533,1.1306267767615052,0
-0.4144107260551495,1.1272524512715478,0
-0.4952023843264684,1.1273311581458403,0
-0.4392695154663257,1.1287979189241732,0
-0.5449203582721515,1.1281352631561476,0
-0.735506122625603,1.1259331035851787,0
-0.7551864256263944,1.1285984583929596,0
-0.892946571015266,1.1368381046065803,0
-0.9633804662191504,1.1505004337626212,0
-1.0244922166130106,1.163852043232985,0
-0.9395572950653855,1.1765256357551193,0
-0.9302351502553616,1.188067197149323,0
-0.9001970841871364,1.2038189956880556,0
-0.9633804662191504,1.2179673471737575,0
-1.1021766249887657,1.2343063866241928,0
-0.8442642153269921,1.2570779443045617,0
-0.8691233998615012,1.271220983066716,0
-0.8846604395859856,1.2858618152408046,0
-0.8566940051559147,1.3032668325822037,0
-0.6702511089554356,1.3189336331501864,0
-0.6143186352186251,1.3296252138587352,0
-0.6215691483904955,1.3327759777986337,0
-0.8183694125350739,1.3380700562313712,0
-0.7127185697292482,1.3455397568629266,0
-0.9043403474634434,1.3511998315375429,0
-0.468271963277141,1.3614114245078488,0
-0.3004733566967091,1.3589459583982435,0
-0.236254356407286,1.357711924951123,0
-0.2248605799591093,1.3552988881842478,0
-0.3139387647830408,1.3513044189398489,0
-0.434090633932608,1.345414075949351,0
-0.3232609095930647,1.3445782505528157,0
-0.2548986460273338,1.3324773302152704,0
-0.1171381055151287,1.3240020033407323,0
-0.1016014609139779,1.3076808610254906,0
-0.3025449883348641,1.2939379182536674,0
-0.3170460146786035,1.2906566359132872,0
-0.2134668035109305,1.2886809296225261,0
-0.1906796457379093,1.2830494553204939,0
-0.1792858692897326,1.276964496393976,0
-0.1523550531170708,1.2724826934805293,0
-0.1047087108095413,1.262428927440362,0
-0.0974581976376709,1.2567377249129943,0
-0.0063083811755845,1.2559353690335817,0
0.0102642768063097,1.2483236194014926,0
-0.0197737892619162,1.2397010088055964,0
-0.0249526707956338,1.2304519078957485,0
-0.1689277110989651,1.2184967123909893,0
-0.0725994082264962,1.2141907183124794,0
-0.0208098026426597,1.209410120489064,0
0.0030137636344385,1.2014070907024264,0
-0.2072523037198036,1.188390950486112,0
-0.3253325412312182,1.179759275205017,0
-0.1772142376515791,1.1765105943926903,0
-0.0984942110184145,1.169376139818974,0
-0.164784842945991,1.1553209086270673,0
-0.1533910664978144,1.1443078028439453,0
-0.2984017250585564,1.1348406036526693,0
-0.268364054113664,1.1294283126272118,0
-0.1596059614122749,1.1228388136080998,0
-0.1254246320677426,1.111091561945193,0
-0.0808855396557766,1.094919250841594,0
-0.1254246320677426,1.0774542925146655,0
-0.0187381710045055,1.061992611065617,0
-0.0819215530365201,1.0430437315841332,0
-0.1378540267733307,1.0299278991797287,0
-0.1192097371532814,1.0137483483148713,0
-0.0083800128137395,1.0007923095311428,0
-0.0435969604156817,0.9811670819616378,0
-0.0135588943474557,0.9677615568236485,0
-0.0984942110184145,0.9512272451559126,0
-0.1855007642041931,0.9360932793795538,0
-0.1678920928415552,0.9288135221085672,0
-0.0995298292758244,0.9188178563056282,0
-0.0104516444518923,0.9050003335533657,0
-0.1067803424476948,0.8894732905602942,0
-0.0788139080176231,0.8750348732057472,0
-0.088136052827647,0.8605257727195363,0
-0.0622412500357288,0.8479485550536066,0
-0.058097986759421,0.8346845185305322,0
0.0102642768063097,0.8236760931008859,0
-0.038418078881964,0.808526559892247,0
0.050660105941968,0.7965884986994234,0
0.0030137636344385,0.7688538502975666,0
0.0092282634255654,0.7582076306682484,0
0.0050850001492584,0.7455778064435616,0
-0.0135588943474557,0.7262185055560387,0
-0.1399256584114835,0.7027388948700506,0
-0.0653484999312922,0.6947442811079922,0
-0.0788139080176231,0.686816311157791,0
-0.0850288029320836,0.6810393484874606,0
-0.3812654100913609,0.6739114054886406,0
-0.4848446212590339,0.6723147398975313,0
-0.5666718977877627,0.6721220763558188,0
-0.5759940425977859,0.6737540491508062,0
-0.6464279378016716,0.6753852483350341,0
-0.5283477002902571,0.6780960960898371,0
-0.5397414767384345,0.6788791329686918,0
-0.5366342268428703,0.6800874886605727,0
-0.5946383322178351,0.6792126073814373,0
-0.68578814867992,0.6806293728493388,0
-0.613282621837883,0.6796678383206085,0
-0.6484995694398245,0.6790874144019535,0
-0.6205331350097534,0.6783726412229423,0
-0.645392319544261,0.6769039599198942,0
-0.5791016876166829,0.6752609964959402,0
-0.4610214501052698,0.6774309337690674,0
-0.3740148969194919,0.6777364958985096,0
-0.3481200941275737,0.6697048295349216,0
-0.385408278244335,0.6651891930838033,0
-0.3035810017156062,0.6597758321347698,0
-0.2911512118866852,0.6560916907008105,0
-0.2341827247691325,0.6500209092773623,0
-0.1782498559089891,0.6437112774079737,0
-0.0912433027232104,0.6361188890773152,0
-0.058097986759421,0.6269845300683212,0
-0.088136052827647,0.6155595946148535,0
-0.0808855396557766,0.6074131523881977,0
-0.1357823951351758,0.602112073411616,0
-0.1606415796696848,0.5954123637669803,0
-0.364692752109468,0.5868014504626768,0
-0.3823010283487716,0.5828351335343205,0
-0.4496276736570917,0.5802250420994817,0
-0.4900235027927515,0.5794051815826454,0
-0.4558421734482186,0.5809500758778584,0
-0.4496276736570917,0.5812189570759696,0
-0.5169539238420805,0.5812782798791705,0
-0.479665344601984,0.581838601137036,0
-0.5304193319284106,0.5806860443499741,0
-0.6526428327161314,0.5836924794229138,0
-0.6360701747342371,0.5870752313276001,0
-0.8743022813952182,0.5896387306679757,0
-0.8017967545531811,0.6002367813856175,0
-0.7800452150375691,0.607613171848982,0
-0.8370137021551233,0.6139714591738772,0
-0.6868237669373299,0.6180878413155535,0
-0.6350341613534936,0.6198678874470094,0
-0.6339985430960836,0.6213833103285484,0
-0.5293837136710015,0.6231460745808912,0
-0.5490636215484584,0.6242794823294234,0
-0.5065961607746459,0.6267222039075012,0
-0.4775941080871649,0.62691000986574,0
-0.3760861334343111,0.6284721701664107,0
-0.3346546860412421,0.6267892342114109,0
-0.258005895922898,0.6254349634265551,0
-0.2693996723710747,0.6243677872465649,0
-0.5242044370139494,0.6240936262882092,0
-0.4309833840370446,0.6278546353642399,0
-0.4454844103807854,0.6291075436642465,0
-0.5842805691504006,0.6278676205886512,0
-0.5801373058740936,0.6315942561417468,0
-0.6526428327161314,0.6341369968417698,0
-0.6795732537654589,0.6414612351709529,0
-0.5977459772367322,0.6471060915136891,0
-0.8535863601370176,0.652168292851638,0
-0.8618728866896308,0.6911972337337201,0
-0.8421925836888394,0.7131854591631231,0
-0.8162977808969212,0.7303322082849609,0
-0.776937965142005,0.7416682686653014,0
-0.95612995304728,0.7562011511692349,0
-0.9840963874773508,0.7681537236686833,0
-0.9550939396665364,0.7822150292915094,0
-1.0110268085266798,0.7961081045123926,0
-1.1114987697987893,0.8104577646650952,0
-1.1840042966408264,0.8266367681657363,0
-1.1622523620018823,0.8447685527893674,0
-1.134286322695144,0.8612856100797731,0
-1.0959617300743056,0.879056206776433,0
-1.0068835452503728,0.8984207841315398,0
-0.9550939396665364,0.9176186326041419,0
-0.9354140317890786,0.9314483074082754,0
-0.8204410441732289,0.9465482293965697,0
-0.7137545831099917,0.9624116768187042,0
-0.914698110530878,0.9703955068802089,0
-0.8743022813952182,0.9841251318387199,0
-1.0079195586311165,0.9959877562528038,0
-0.9903108872684776,1.012917653058236,0
-0.9240202553409018,1.0292882236162522,0
-0.8774095312907816,1.0447928952050454,0
-0.8162977808969212,1.058996242983203,0
-0.7686514385893924,1.0740058327052375,0
-0.8225126758113817,1.0846686852176401,0
-0.7831524649331317,1.0985368527910941,0
-0.7085757015762741,1.110062070363627,0
-0.7427566357974742,1.1183597192087114,0
-0.8484074786032999,1.1307561930897327,0
-0.789367359847593,1.1428838509292174,0
-0.6288196615623667,1.1594791953647368,0
-0.5397414767384345,1.1648344526279135,0
-0.5097034106702101,1.174510340442173,0
-0.4403055288470678,1.1819819947740169,0
-0.3926591865395391,1.1888127391616419,0
-0.4972740159646219,1.1924301143447493,0
-0.4527349235526559,1.2017154672004415,0
-0.5107394240509521,1.2060619061296434,0
-0.4537705418100658,1.2127816681575874,0
-0.4734508448108572,1.2157899770206964,0
-0.496238397707212,1.2189660031355407,0
-0.4558421734482186,1.2214996880441167,0
-0.5563141347203289,1.2242911339913258,0
-0.5324909635665641,1.229261916383861,0
-0.6598933458880019,1.2338774476831975,0
-0.6640366091643088,1.2441404137607814,0
-0.7437926491782163,1.247938477834076,0
-0.7116829514718382,1.2477360594229752,0
-0.5646006612729428,1.2485592825704854,0
-0.6826808987843559,1.249224628514164,0
-0.6547144643542849,1.2422025740202323,0
-0.5749584243403767,1.2387938643115695,0
-0.6764660038698961,1.2327473603232502,0
-0.6308912932005194,1.230015052858318,0
-0.7655441886938282,1.222834062777036,0
-0.7790095967801599,1.216045329928167,0
-0.8287275707258414,1.2100062959765518,0
-0.6971819251280974,1.197685460858006,0
-0.6909670302136377,1.1932531924452012,0
-0.5490636215484584,1.1778093267902803,0
-0.4972740159646219,1.1644243559061014,0
-0.5045245291364924,1.1517102593086317,0
-0.6712871223361792,1.1369691307596546,0
-0.6101753719423189,1.1197915112723276,0
-0.5936027139604245,1.1111926603024918,0
-0.4827729896208811,1.0963283056583442,0
-0.4216612392270207,1.0844442714996028,0
-0.4216612392270207,1.0706275233400515,0
-0.4195896075888672,1.064392093140541,0
-0.4641287000008333,1.0603003735304797,0
-0.3678000020050307,1.054553551924492,0
-0.3532989756612899,1.0501077148258815,0
-0.3419051992131125,1.0364339759178975,0
-0.1803214875471433,1.027930007706953,0
-0.2155384351490854,1.0137616169907684,0
-0.1886080140997565,1.0027047920234688,0
-0.2486837511128726,0.9899972867567906,0
-0.2372903697880296,0.9778318127772159,0
-0.3501913306423929,0.9671098150114683,0
-0.3667643837476208,0.9517335174695433,0
-0.4123390944169968,0.937602961192324,0
-0.3284397911267823,0.9250445960866336,0
-0.4838086078782918,0.9158872603661429,0
-0.4537705418100658,0.9052813193100377,0
-0.3149747781637843,0.8912808317159726,0
-0.2756145672855352,0.8772931202910061,0
-0.3481200941275737,0.8656688704231903,0
-0.2600775275610508,0.8550016157262276,0
-0.2165744485298275,0.8417952621713928,0
-0.2155384351490854,0.8301882398127894,0
-0.1989657771671911,0.819880346859098,0
-0.2766501855429458,0.8124655388706373,0
-0.258005895922898,0.8044754444921841,0
-0.2134668035109305,0.7937362694923513,0
-0.154426684755225,0.7840885190304497,0
-0.1844647508234495,0.7702345048813931,0
-0.1368184085159201,0.7538870684262535,0
-0.0063083811755845,0.7406204466306779,0
0.0195864216163336,0.7238600871218818,0
0.0434095927700969,0.7088306989789667,0
0.0351230662174836,0.6924662982078468,0
0.0599822507519912,0.6756537662095432,0
0.1739192249870988,0.6549342604412856,0
0.3510395812542187,0.6446305830757517,0
0.3355029366530687,0.6370110230739102,0
0.2951071075174103,0.6280920645542829,0
0.3323952916341716,0.6180970874232196,0
0.2878565943455392,0.6098181214195736,0
0.2899278308603591,0.6016552965035618,0
0.1801341199015592,0.5901691244344688,0
0.1418099224040536,0.5744979081601502,0
0.1221296194032623,0.5606349821310519,0
0.2681762913447478,0.5258024378554708,0
0.2205299490372183,0.5153293016825331,0
0.2971787391555631,0.5021305300448546,0
0.4204378582006938,0.49001471552814085,0
0.5167665561964964,0.4765672827973135,0
0.4297600030107177,0.46330699079018206,0
0.4173306083051304,0.45084058342115535,0
0.3458606997205025,0.4396260423956806,0
0.3562188579112708,0.42546165290907195,0
0.455654805802636,0.41301511932685714,0
0.3634693710831397,0.39986022501006535,0
0.3790060156842919,0.38707630881606464,0
0.2070645409508882,0.37815367994723037,0
0.2826773176884879,0.36321585473746376,0
0.352075594634963,0.34818279246775374,0
0.4173306083051304,0.3354402913027551,0
0.3292880417386082,0.3246252441589974,0
0.273355172878464,0.3152365141026188,0
0.3189302786711736,0.30236490737932975,0
0.3458606997205025,0.2893497774788179,0
0.3313596733767617,0.2766372706380351,0
0.3624333577023976,0.26504032076262213,0
0.4276883713725642,0.25451918971698306,0
0.455654805802636,0.24211407260702333,0
0.4670485822508126,0.22957924540462382,0
0.6224173990023221,0.21881935409482525,0
0.5882360696577906,0.20812096952556836,0
0.608951990915992,0.19743752461605027,0
0.6690277279291088,0.18873542565862278,0
0.6638488463953925,0.1815519975401719,0
0.7943588737357259,0.1752525632759262,0
0.8337186894906421,0.17145938892268617,0
0.7746785707349345,0.1671935963641475,0
0.8047166368031604,0.1621902218512189,0
0.9321190191245988,0.1593278594258911,0
0.995302401156612,0.15865999012899074,0
1.0191255723103767,0.1580053436465129,0
1.0709155730175468,0.15962973084743823,0
1.0118750591385064,0.15826580603437806,0
1.036734243673014,0.15664800381201913,0
1.0346626120348612,0.15595454779604484,0
0.9745864798984116,0.15432949331843296,0
0.9870162697273316,0.15153554500966318,0
1.0885238492568512,0.14912595456610714,0
1.206604086768265,0.1470224333100491,0
1.1962463237008312,0.14633141838359157,0
1.2615009422476648,0.14588269365882983,0
1.2014248101112144,0.14478445297791773,0
1.0916310991524143,0.14475385541914462,0
1.115454665429513,0.14084151083539317,0
1.2262843897690563,0.1387923832860025,0
1.190031033663037,0.1343063251397272,0
1.0553785332930623,0.12990522266708135,0
0.9766581115365642,0.12422380042765115,0
0.8109315317176202,0.11717133492478478,0
0.7446408997900443,0.1107328360113877,0
0.5426613589884146,0.10329049802445665,0
0.5519835037984377,0.09571698949267997,0
0.5416253456076703,0.08847931124886235,0
0.6876720175491559,0.08133459452858025,0
0.7643208076675014,0.07491531088336528,0
0.7995377552694435,0.07183352921207062,0
0.8223253081657991,0.06745296230351597,0
0.7995377552694435,0.0633307824437744,0
0.9124391112471404,0.060073631816731025,0
0.9932307695184586,0.05792260616503749,0
1.0305193487585542,0.055193873400925735,0
0.9372979006583152,0.05222109882767158,0
0.7953944919931365,0.04872955855553601,0
0.7280682418081493,0.04638234531390233,0
0.7549986628574775,0.0440811212498855,0
0.8917231899889391,0.04125600801848826,0
0.8948304398845017,0.03844113353870254,0
0.7446408997900443,0.03634760794672372,0
0.6379540436034743,0.034062852537727235,0
0.8368263345095385,0.03111369977373838,0
0.7663924393056549,0.02885211912621984,0
0.6990657939973347,0.026610108478688346,0
0.724960596789253,0.024042523012691084,0
0.7487837679430163,0.02227139779663458,0
0.8679000188351743,0.02045153026228939,0
0.8388979661476934,0.018641787340475786,0
0.9776941249173086,0.01738972560514802,0
1.1610289809755554,0.01628242246792236,0
1.0709155730175468,0.015327110527413229,0
1.234570126075003,0.014480961514512737,0
1.2003895869771382,0.01485080740359113,0
1.1693155075281694,0.01465991285445781,0
1.0792013093234936,0.014787838418567392,0
1.137206204945124,0.013868637288298444,0
0.9372979006583152,0.013236460511967266,0
0.9890875062421516,0.012527758620895562,0
0.9745864798984116,0.011762935442511991,0
0.9921951512610478,0.010664069915772423,0
0.8388979661476934,0.009916016684156974,0
0.9797653614321276,0.008362187788443788,0
1.1962463237008312,0.007426611443360868,0
1.3319348374515492,0.006826922878746841,0
1.3578296402434673,0.006278173392937971,0
1.390974956207256,0.006302499394342669,0
1.2697874688002788,0.0062152052569777435,0
1.3008607580025804,0.005557522551750393,0
1.502840693927543,0.005390752226118727,0
1.484196404307495,0.005622124432830532,0
1.4935181539941855,0.005444459596854631,0
1.520448970166847,0.0052333195861822045,0
1.4230842587903012,0.004974089208310946,0
1.4593376148963204,0.004759441580648181,0
1.4738386412400613,0.005163946054905305,0
1.4645161013067038,0.004953185633495083,0
1.5131984569949768,0.004801468583785508,0
1.3764739298635151,0.004695856281371059,0
1.4469078250673997,0.004401673313438294,0
1.498697430651236,0.0036712002733785758,0
1.6323147078871345,0.0033267574282495973,0
1.7369299324355507,0.0033214395314125405,0
1.5639520491980698,0.003200657181393661,0
1.7793969980860296,0.002642508399273609,0
1.8021845509823844,0.0020646601372808914,0
1.73382189229332,0.0017132449130366377,0
1.7607527084659818,0.0009386908167821844,0
1.797005274325334,0.0006643134113893229,0
1.8156495639453816,0.0005799055933204385,0
1.8156495639453816,0.0003346252273230161,0
1.7938980244297704,0.00025026380023484657,0
1.8933339723211364,7.175245652697788e-05,0
1.8819401958729591,7.923561163125344e-06,0
1.8519021298047336,0.0001011491385826521,0
1.7348579056740636,9.62807162752489e-06,0
1.441728548410349,-0.0001309344202138184,0
1.322613087764859,-0.00011972496141154457,0
1.4759098777548811,-0.00021453893461452196,0
1.354722390347904,-0.00038242971982995513,0
1.2273196129031327,-0.00045386686213123346,0
1.1175259019443329,-0.0005191847538871143,0
1.1972815468349074,-0.0006176691944119763,0
1.115454665429513,-0.0005395699663821079,0
1.2418206392468736,-0.0008365158710083647,0
1.2200690997312622,-0.0009504238890328299,0
1.257357678971358,-0.000827735409428124,0
1.2842884951440197,-0.0008323471727356143,0
1.3132905478315011,-0.0009554013229132953,0
1.3391853506234197,-0.0009184643853306678,0
1.149635204527378,-0.0008285991089059056,0
1.2314628761794395,-0.0005418368322775074,0
1.1506712179081215,-0.00041738841448818307,0
1.2697874688002788,-3.633020211434468e-05,0
1.1993535735963945,0.0003269475999452724,0
1.5142344703757205,0.0010202207005120408,0
1.462444864791884,0.0023514239599188125,0
1.7162136160540158,0.003629540026097915,0
1.94719560466646,0.005175813025175436,0
2.018664723004421,0.007855740651456175,0
2.091170644969792,0.010493097182957501,0
2.069419105454181,0.014674564965115785,0
2.090134631589049,0.02184284712685809,0
1.965839894286508,0.02804972947667008,0
2.05491807911044,0.03358391291610979,0
2.060096565520823,0.03982641515616663,0
2.087027381693485,0.04796443617916215,0
1.7006765763295313,0.05556513227688643,0
1.695498089919148,0.06225060902610349,0
1.7659319851230324,0.06904243075951887,0
1.4603728380303969,0.07613265807234401,0
1.462444864791884,0.08108199778322499,0
1.5328787599957685,0.08850166481895053,0
1.6053838917144725,0.09613717544447534,0
1.7089631028821453,0.10392415972653206,0
1.4427645617910925,0.11301251259484872,0
1.5080191803379264,0.12071647360815446,0
1.5888116288559118,0.1299465533234358,0
1.6209209314389568,0.13761707976959991,0
1.5256282468238975,0.14673866156943477,0
1.6747817735376131,0.1554625131120213,0
1.5328787599957685,0.16646057628133695,0
1.4189417857606614,0.17619430316193332,0
1.553594286130636,0.1843946171380762,0
1.5049119304423628,0.19216659888436818,0
1.5587735627876864,0.20376198526133094,0
1.5753458256462471,0.21276311614787483,0
1.34436462728047,0.22502779424472483,0
1.3308988240708055,0.2363886063947019,0
1.415833745618431,0.24531643080922375,0
1.3712946532064647,0.25567684508296656,0
1.354722390347904,0.2643338827131455,0
1.144456718116995,0.27688435221202806,0
1.1910670470437803,0.28361603420177367,0
1.2376781662172338,0.29468390283435425,0
1.2915390083158902,0.3038266406955111,0
1.386831692930949,0.31358008980746827,0
1.4396573118955291,0.3257732285008137,0
1.4365500619999656,0.34029386532790945,0
1.5287354967194613,0.35337573304431513,0
1.5442725364439456,0.3694716224218605,0
1.5090551937186698,0.38354299804986297,0
1.610563168371523,0.3953581526149006,0
1.687211563366534,0.4109501445250813,0
1.6406012344397485,0.4349765597538968,0
1.6478517476116186,0.45097745702113273,0
1.5287354967194613,0.46989841920389214,0
1.4303347719621715,0.5010473148346934,0
1.4282635354473516,0.5148143387609139,0
1.4065119959317405,0.5336388249449746,0
1.5836323521988611,0.5487473678861575,0
1.699641353195455,0.574175143679108,0
1.515269693509797,0.5922365101595303,0
1.556701536026199,0.6206486195642774,0
1.5484157997202526,0.6391816400831022,0
1.6457797208501317,0.6594667293291672,0
1.7773257615712097,0.6793852839338118,0
1.744180445607421,0.7044214442301023,0
1.742108418845934,0.7301850537668584,0
1.876761709462576,0.7509193254135575,0
1.8974772355974436,0.7831586290572313,0
1.823936090497996,0.8077286893781697,0
1.880904972738883,0.8314965249358676,0
1.997949196869553,0.8595276242010484,0
2.210286895861949,0.8849279685844679,0
2.203036382690079,0.9210916647842831,0
2.3252598834778,0.948673888166854,0
2.10981493458984,0.9837708710998815,0
2.1108501577239163,1.0137218966391197,0
2.105671671313533,1.0491232458843371,0
2.175069553136673,1.0906167014544976,0
1.989662670316939,1.1262827480217648,0
1.7617887218467254,1.1573328489596109,0
1.8001125242208973,1.1864457704907563,0
1.845687630013607,1.211047976648969,0
1.860188656357348,1.2392702138642926,0
1.6354219577826976,1.2615903232599035,0
1.5214849835475908,1.2807972019450387,0
1.570167339235864,1.3067213533144164,0
1.5753458256462471,1.3252698467835933,0
1.2915390083158902,1.3345435481366519,0
1.3319348374515492,1.3495019431210724,0
1.384760456416129,1.3424593275851908,0
1.4116904823421237,1.3597206491795415,0
1.354722390347904,1.3629887931492386,0
1.2656442055239718,1.3752645637539356,0
1.1755300073192962,1.3751327647688274,0
1.0077317958621987,1.3835207489916896,0
0.950763308744646,1.3804562282756572,0
0.9466200454683382,1.3776880380423269,0
0.8544346107488442,1.3681226582739028,0
0.7985017418886999,1.3648040008591102,0
0.694922530721027,1.3557899569872656,0
0.6452045567753433,1.3491726788423248,0
0.6182741357260159,1.3328919522302518,0
0.1790981065208149,1.3220543664128113,0
0.2371026070191126,1.3097967713639591,0
0.2588541465347246,1.2938362959577967,0
0.2588541465347246,1.2814925768453174,0
0.2899278308603591,1.2703578998661396,0
-0.0549907368638583,1.2578591768054055,0
0.0693043955620151,1.2458734831212994,0
-0.3667643837476208,1.2099795148527401,0
-0.2414332379410037,1.1901842911887155,0
-0.2486837511128726,1.177708928554597,0
-0.3802293967106188,1.159935269613535,0
-0.2600775275610508,1.1550653317214612,0
-0.3139387647830408,1.1322304691647294,0
-0.1047087108095413,1.1294806413332608,0
-0.0736350264839062,1.1103901424844536,0
-0.2559342642847438,1.1070911958192322,0
-0.1399256584114835,1.0906743119746514,0
-0.3066882516111703,1.0831728416606086,0
-0.2393616063028487,1.0671680161384716,0
-0.2911512118866852,1.0687007498345629,0
-0.1430329083070469,1.0535161121402974,0
-0.285972330352969,1.044232592871907,0
-0.4226968574844314,1.0323086404863948,0
-0.7997251229150268,1.0306587602151904,0
-0.7002891750236608,1.021330898227823,0
-0.8370137021551233,1.010134083731398,0
-0.8670517682233477,0.9997833509154644,0
-1.1840042966408264,0.998943425732895,0
-0.8017967545531811,0.9978665760906574,0
-0.9685593477528672,0.9881557652389085,0
-0.8939821892726759,0.9817093999847024,0
-0.8856960578433956,0.980708200272153,0
-0.7686514385893924,0.9744641916973482,0
-0.7116829514718382,0.9682234329103837,0
-0.6215691483904955,0.9608822790094566,0
-0.5635646478921993,0.9583395863291284,0
-0.4330550156751974,0.9609189500630159,0
-0.1658204612034017,0.9628516879306647,0
-0.141997290049637,0.9645693248847426,0
-0.2455765012173099,0.9625160924153846,0
-0.3574422389375969,0.962765269571969,0
-0.19171526399532,0.9647386885079291,0
-0.1709993427371179,0.965464229459675,0
-0.1958585272716269,0.9630529199836962,0
-0.0166665393663528,0.9605569523104511,0
-0.1440689216877905,0.9596643482251186,0
-0.1388900401540728,0.9649653630036613,0
-0.0860644211894942,0.9628935178272658,0
-0.0280603158145309,0.9655329290370266,0
-0.2041446587009073,0.9637516528699823,0
-0.0674201315694449,0.9540316010692999,0
0.0278725530456132,0.9465395925747584,0
-0.0177021576237634,0.9392005891491514,0
0.1345590141088496,0.9334589195008771,0
0.0620538823901462,0.9254767948736513,0
-0.0311675657100936,0.911441190754887,0
0.0050850001492584,0.9060504009214493,0
-0.1368184085159201,0.8989531817939534,0
-0.1285318819633068,0.8962938726347784,0
-0.1606415796696848,0.8938742398054963,0
-0.0891720662083913,0.8880714366724471,0
-0.0063083811755845,0.8837036156473913,0
0.046516842665661,0.8777078961486442,0
0.1687403434533818,0.8586111810887311,0
0.2205299490372183,0.8508558731972976,0
0.3065004888422534,0.8469627840522613,0
0.3106437521185611,0.8446897166706826,0
0.3417174364441955,0.8418173272340073,0
0.1573465670052044,0.842211204112868,0
0.1594181986433579,0.8501297980504565,0
0.3085721204804061,0.8521757601317989,0
0.3375745682912214,0.8542617620324934,0
0.1904918829689931,0.8527759434150448,0
0.2723195546210548,0.8535837082161317,0
0.2692123047254921,0.8552677185629822,0
0.2339953571235485,0.8543517213886145,0
0.2795700677929252,0.8516465553654017,0
0.2184583173990648,0.8427293576239685,0
0.2930354758792554,0.8335412032485642,0
0.3013216073085372,0.836388594652535,0
0.4452966476118685,0.8420582937815111,0
0.4815496085945542,0.8616299207205662,0
0.4722274637845303,0.869066255499006,0
0.5312675825402372,0.8799830661637575,0
0.5250526876257775,0.891500282965854,0
0.607916372658582,0.8943663945851478,0
0.6234530172597328,0.9043393534154971,0
0.5260887010065196,0.9050588659069799,0
0.5033011481101655,0.913169343281446,0
0.619309753983425,0.9194297205965396,0
0.5644128985040259,0.9301856953820327,0
0.5530191220558485,0.9349332913886212,0
0.6400256752416271,0.9398551989673323,0
0.7902156104594196,0.9449667388141705,0
0.8927592033696826,0.9585088468987089,0
0.8803294135407624,0.9710928376787189,0
0.8430408343006653,0.9835698454817617,0
0.9445488089535192,1.0012172883489125,0
1.0812733360849809,1.021052997288803,0
1.0377698619304243,1.0347732550956796,0
1.103024875600592,1.0427740723392054,0
0.9963384145373556,1.059181438347325,0
1.0284477171204007,1.0713727097801011,0
0.9776941249173086,1.0889106777970747,0
1.045020770225629,1.1079060421214175,0
1.0149823090340695,1.1198786663593352,0
1.039841493568578,1.1318180465273828,0
1.2159258364549552,1.1480080359999443,0
1.2780739953528928,1.1704895154429609,0
1.2356061394557467,1.1903672970152275,0
1.1651722442518624,1.1995375338699696,0
0.9673359667265404,1.2070741917795105,0
0.9880518879847416,1.219039929432929,0
1.0305193487585542,1.2269121811357484,0
0.9984096510521748,1.2394463775336113,0
0.8130031633557752,1.2523988001971327,0
0.826468176318771,1.2599517452896039,0
0.8585778740251504,1.2765550496030076,0
0.7705357025819626,1.291160417977996,0
0.8451124659388203,1.3051021370234759,0
0.801609386907597,1.3141623000525657,0
0.79746612363129,1.3313960531522335,0
0.7332471233418655,1.3452613669943567,0
0.8098955183368781,1.3599872617727045,0
0.8347547028713856,1.3751186464381937,0
0.922796874314575,1.38863816005234,0
0.9114030978663968,1.4048202415509399,0
0.9466200454683382,1.4232474633722116,0
0.9352266641434952,1.4422137416326772,0
0.7726069390967817,1.4610305364686735,0
0.4090440817525164,1.4796157991038255,0
0.483621240232707,1.4810223970514578,0
0.5364464640739541,1.4852663901648515,0
0.5022655298527563,1.4955882727553202,0
0.2723195546210548,1.506654874566898,0
-0.0477402236919879,1.4989144085117416,0
-0.0736350264839062,1.491468583429914,0
-0.0498118553301414,1.4927717299272096,0
-0.236254356407286,1.4836335140896,0
-0.141997290049637,1.4769645816845511,0
0.0030137636344385,1.479930286559428,0
-0.0725994082264962,1.4746759030449743,0
-0.0715633948457527,1.480458232327405,0
-0.2921872252674295,1.4782801627312148,0
-0.174106987756015,1.472064289747304,0
-0.1502838166022509,1.470548858294978,0
-0.2103595536153678,1.4607331565379889,0
-0.0063083811755845,1.4625443491137495,0
-0.0208098026426597,1.4559191006755934,0
0.278534449535516,1.4495801690150572,0
0.3593261078068334,1.4511814056817187,0
0.4080084634951072,1.4544289969794344,0
0.4007579503232361,1.4584589174837888,0
0.5613056486084617,1.4577159706842184,0
0.5664845301421794,1.4637996732627783,0
0.4670485822508126,1.4710597461048378,0
0.5312675825402372,1.4800267241229046,0
0.2371026070191126,1.4862609166972105,0
0.3500039629968095,1.4820909110803782,0
0.3676122392361138,1.4786022320582441,0
0.3831492789605982,1.4745663949884105,0
0.4007579503232361,1.4748078724687324,0
0.6700637413098524,1.4749255950577718,0
0.6462405701560876,1.4871467878975961,0
0.6472761884134982,1.494730168625055,0
0.5820215698666638,1.5041403565423104,0
0.3790060156842919,1.5140610874594806,0
0.2919994624985133,1.5107925895645122,0
0.1387022773851566,1.4984734106277426,0
0.1728836067296881,1.4916794752473124,0
0.2339953571235485,1.4894490274528738,0
0.2909638442411026,1.4865783668798127,0
0.1987784095216063,1.4729504546594736,0
0.2132794358653479,1.4588402290844598,0
0.2319237254853957,1.4564666352794382,0
0.3013216073085372,1.450566302443085,0
0.4235451080962573,1.4411387919335001,0
0.4784423586989908,1.4330659413893196,0
-0.0011294996418684,1.424815587460618,0
0.1759908566252523,1.412997678637068,0
0.075518895353142,1.4000455107656171,0
-0.0342748156056578,1.3867525200047768,0
-0.2973661068011464,1.3669754898931048,0
-0.1471761715833546,1.3562930053142581,0
0.055838987475685,1.345339281541113,0
0.100378079887651,1.3326014058544535,0
0.3251447784623005,1.3154999957991664,0
0.1314517642132862,1.3054967012762186,0
0.0527317375801208,1.289378613069202,0
0.0941631849731913,1.2799790188567992,0
0.2329593437428064,1.2727971152875661,0
0.2464247518291366,1.2667344199189499,0
0.1780624882634058,1.2604768888584004,0
0.1438811589188728,1.2549724138069687,0
0.0216576581311527,1.254531613013509,0
-0.0332391973482471,1.2466593679325948,0
0.100378079887651,1.2354740119711363,0
0.1884202513308403,1.230883945634779,0
0.2847489493266429,1.226488977146144,0
0.1179863561269545,1.2318846772444114,0
-0.0021655130226126,1.2354888198991036,0
0.2381382252765226,1.2350652754401665,0
0.2422814885528296,1.2401518519161732,0
0.2650690414491844,1.243588289898279,0
0.4028291868380552,1.2458528304526901,0
0.3562188579112708,1.2495733629542551,0
0.1853130014352761,1.2559639290075768,0
0.1169507378695454,1.2609446952684966,0
0.0920915533350363,1.2587801703052415,0
0.925904519333472,1.2548688832885095,0
0.5571623853321555,1.269576873263551,0
0.4297600030107177,1.2790819266945568,0
0.4318316346488705,1.282188467175828,0
0.4276883713725642,1.2896185262507291,0
0.4846568584901177,1.2991675964499214,0
0.3448250814630919,1.3038953149257457,0
0.261961791553621,1.3092164066603293,0
0.253675265001007,1.3097183618686055,0
0.2018856594171705,1.311943833183987,0
0.0112998950637189,1.3076296550655344,0
-0.0353108289863998,1.3068648030123013,0
-0.1368184085159201,1.3043465194060158,0
-0.1564983163933778,1.3069482225875517,0
-0.1192097371532814,1.302345409004367,0
-0.1254246320677426,1.3004341190771609,0
-0.1378540267733307,1.2969240456491586,0
-0.141997290049637,1.295016138762078,0
-0.042561342158271,1.287193505618751,0
0.0765549087338863,1.2794637626052399,0
-0.038418078881964,1.2673917836303679,0
-0.1192097371532814,1.2488519433108476,0
-0.0622412500357288,1.2316404098889195,0
-0.0032011312800219,1.2167943194754784,0
-0.0187381710045055,1.1891541171033349,0
-0.0674201315694449,1.1691260861131303,0
0.0206220398737428,1.1391791634970474,0
0.2081005543316302,1.113395455407952,0
0.2350309753809591,1.074016261785185,0
0.2795700677929252,1.0357416721031831,0
0.1915278963497374,0.9882690610716779,0
0.1635614619196642,0.9418636523520042,0
0.1138434879739827,0.90341519037245,0
0.0226936715118963,0.866823688696032,0
0.2319237254853957,0.8226265130337767,0
0.2671406730873372,0.7767787689669295,0
0.3386101865486321,0.7315519861639634,0
0.2474603700865457,0.6887913101678875,0
0.3303240551193525,0.6488365371645631,0
0.3396461999293756,0.6040138225156213,0
0.3002859890511266,0.5760458218267744,0
0.2940710941366661,0.5370007623131902,0
0.3272164101004555,0.5007781996895806,0
0.2909638442411026,0.47019088606362947,0
0.3893641738750579,0.43762147096024145,0
0.3199658969285843,0.39967421312405144,0
0.1293801325751334,0.3650071275404666,0
0.3261807918430447,0.3292498991584415,0
0.4784423586989908,0.2950625323936855,0
0.3945430554087756,0.2590282475317612,0
0.4194018448199503,0.17361683992909213,0
0.4608336873363529,0.15523170299846906,0
0.4297600030107177,0.12649610893888935,0
0.1252368692988257,0.09448525766886351,0
0.2070645409508882,0.07242672336281648,0
0.2215655672946275,0.043776397100780406,0
0.4629053189745064,0.02241772702677607,0
0.4629053189745064,0.002709960090674197,0
0.5426613589884146,-0.013159930154157541,0
0.5240170693683668,-0.026769928963903164,0
0.5468046222647216,-0.03871721781962223,0
0.497086253195705,-0.04476039027747288,0
0.5405897273502611,-0.05424124229618773,0
0.6327751620697567,-0.06105626503336791,0
0.6472761884134982,-0.06588815429018705,0
0.722888965151098,-0.06756072717618229,0
0.7218533468936889,-0.07186572097932684,0
0.7518914129619133,-0.07433118592797319,0
0.6710993595672615,-0.07272943566688844,0
0.6793858861198763,-0.08079379696176003,0
0.7404976365137367,-0.07041831212223111,0
0.7995377552694435,-0.06572194003222133,0
0.8036810185457498,-0.05582081308149435,0
0.7995377552694435,-0.04708704286492099,0
0.7353187549800204,-0.04839476892778226,0
0.7477481496856071,-0.03701680036583107,0
0.941441163934622,-0.030423544587388232,0
0.9642287168309768,-0.020195606693616728,0
0.90518859807527,-0.005438397148740199,0
0.5851288197622272,-0.0021312542929529817,0
0.579949938228511,0.002458058246277182,0
0.5260887010065196,0.005100256270774663,0
0.4266527531151543,0.019446324755153194,0
0.4421893977163051,0.01574804512486065,0
0.3986863186850833,0.04021160532953,0
0.4722274637845303,0.04193430345149555,0
0.474299095422683,0.05336022874928143,0
0.4535831741644825,0.05892592907143645,0
0.2878565943455392,0.06542185042754632,0
0.1687403434533818,0.0761247369611086,0
0.0237292897693055,0.08264960747476652,0
-0.0850288029320836,0.12093117100699463,0
-0.0498118553301414,0.1315381762335507,0
-0.0653484999312922,0.1317828864455962,0
-0.1886080140997565,0.15082436322951742,0
-0.2486837511128726,0.15469663664556466,0
-0.3988736863306659,0.16777568381152935,0
-0.4506632919145024,0.18027561109316687,0
-0.3325830544030886,0.20339159085759886,0
-0.3118671331448873,0.2261927257312173,0
-0.3771221468150547,0.22299908601213345,0
-0.4548065551908093,0.2533344418936899,0
-0.4164823576933045,0.25246094280570264,0
-0.2890799753718661,0.2836790942893417,0
-0.2631851725799478,0.29879227905850864,0
-0.1979301589097804,0.3246436533426115,0
-0.1979301589097804,0.32612343631236307,0
-0.0694917632075999,0.33780033968758505,0
-0.0187381710045055,0.3567603343020877,0
-0.060169618397576,0.3824676426981156,0
-0.2621491591992043,0.40321510014674555,0
-0.4206252258462764,0.43411506396815036,0
-0.541813108376588,0.4510050257383407,0
-0.7116829514718382,0.48011903539700407,0
-0.9530227031517164,0.48332750255432966,0
-0.7468998990737804,0.48545315635118896,0
-0.7023608066618143,0.49794825605780413,0
-0.7437926491782163,0.5085879651781847,0
-0.8349420705169682,0.5504986715772723,0
-1.3134783106004175,0.5373298690669664,0
-2.3648072644399654,0.5544222000899607,0
-2.030246262221515,0.5588959908266055,0
-2.173185684267437,0.5500757997676563,0
-2.326482869380793,0.5416187556906749,0
-2.302659698227028,0.5327808526271024,0
-2.616504581625611,0.5231666307708993,0
-2.797768201169039,0.5253620455605665,0
-3.4793194027498595,0.4996374502198382,0
-2.97696038663598,0.47701158155603246,0
-3.2659462830617203,0.42640233599015215,0
-3.169617585065918,0.43297991483363174,0
-3.102291137319263,0.41372253899266115,0
-3.052573163373581,0.38868211211057097,0
-3.2483378092607484,0.39083242743835467,0
-3.361239165238446,0.3578211203437152,0
-3.508321652999008,0.3283716797266976,0
-3.467925823863349,0.31748960624245764,0
-3.48553429766432,0.29542016654940123,0
-2.966602426006878,0.28103955936276503,0
-2.6537931608657064,0.2743345241751124,0
-2.887882201812048,0.24552998451948918,0
-3.141651348197513,0.22017280270682849,0
-2.9904255971606437,0.2114417031126571,0
-3.231765151278854,0.20103022368833093,0
-3.2680179146998736,0.18065743748964666,0
-3.5062500213608545,0.16338797826312465,0
-3.531109008333696,0.1511655938791077,0
-3.531109008333696,0.130060768446586,0
-3.696835785714306,0.12551540098070307,0
-9.486913848036556,0.11174659213061938,0
-4.552400093666685,0.07235682980525027,0
-4.161906518930591,0.05753639164076693,0
-3.880171036895888,0.04640123535792685,0
-3.834596128664845,0.03691430382236486,0
-4.2654857300982645,0.02781877966666265,0
-4.311060539548474,0.019182422931625014,0
-4.02932505751377,0.012429767580485893,0
-3.6377956669586,0.007421634154079492,0
-3.5404311531437203,0.003351993504862121,0
-3.477247968673373,0.00013938473742680592,0
-3.0453226502017103,-0.0017401375586400837,0
-3.1043627689574174,-0.0027133844412978543,0
-3.1499376771884595,-0.003085883235903669,0
-3.0266783605816627,-0.003307097530302158,0
-3.088825926794599,-0.0031762336168638253,0
-2.918955886137682,-0.0023350587475044282,0
-2.9697096759024424,-0.0016415660079244878,0
-2.734585016698692,-0.00032634268506563825,0
-2.5408918048880094,0.0012276736718782734,0
-2.2933375534170044,0.0026910718531408737,0
-2.22290365821312,0.004156324371500235,0
-2.120360065302857,0.00562564321845529,0
-2.075821368014225,0.0066446693730492935,0
-2.145219249837365,0.008041931015869508,0
-2.0312822756022597,0.009825774839725505,0
-2.1907939605067406,0.011170606145895596,0
-2.0975729075298357,0.012800228053744202,0
-1.9132016429675112,0.014393186730146829,0
-1.9183809196245625,0.01599226386112265,0
-1.7764771158360488,0.017152981136329928,0
-1.7267591418903674,0.018187790804925687,0
-1.7143297471847792,0.019124732943152457,0
-1.4926702985056923,0.019621157681759586,0
-1.633538088913462,0.019909307884597993,0
-1.555853680537707,0.019551406139610625,0
-1.4874914169719762,0.019301683980807186,0
-1.825159471524323,0.01827845965047323,0
-1.8334459980769369,0.018391597976625772,0
-1.7443678132530036,0.019124574932485785,0
-1.6138577859126704,0.01948265448112835,0
-1.6573612600672252,0.019628355223665104,0
-1.5662114436051402,0.019508338904249207,0
-1.4719543772474912,0.01989950312123271,0
-1.3984132321480427,0.020494156729873477,0
-1.4077353769580665,0.02084405589901247,0
-1.6521823785335088,0.020975463948505413,0
-1.5786408383107282,0.02166615036943817,0
-1.6024640094644922,0.022648384776376332,0
-1.477133258781208,0.02377807268743553,0
-1.5216723511931742,0.024032721860265945,0
-1.4647038640756207,0.02468723760905729,0
-1.3787329291472512,0.025448748719296022,0
-1.3808045607854065,0.026320848757812182,0
-1.3818405741661484,0.027550479112971506,0
-1.352838126355333,0.029206170448112218,0
-1.4854197853338214,0.0308059537593522,0
-1.3890910873380196,0.03282566210721871,0
-1.4357018113881397,0.03354315125825036,0
-1.4160215083873484,0.035327116865339334,0
-1.3217644420296986,0.037109869034892176,0
-1.3683751660798182,0.03895133897931432,0
-1.3849478240617126,0.04071505461657253,0
-1.3621602711653569,0.04222347325039829,0
-1.2430444153965332,0.043824147264559014,0
-1.24925891518766,0.0460865254478635,0
-1.3352298501160296,0.0478013448330397,0
-1.3124422972196754,0.04929507295821342,0
-1.2803329946366304,0.05214320077629723,0
-1.3383371000115938,0.054218064067793274,0
-1.3145139288578285,0.056877343770139255,0
-1.4543461010081868,0.05973321030315525,0
-1.4180931400255012,0.06254620260458489,0
-1.34144474503049,0.06577528016269901,0
-1.269974836445862,0.06873383271689587,0
-1.21922124424277,0.0719068915654834,0
-1.244080033653944,0.07370161827612674,0
-1.319692810391546,0.0757649358222142,0
-1.2451160470346885,0.07907705217790797,0
-1.279296981255886,0.08145443815092929,0
-1.1695032702970862,0.08414975757675747,0
-1.2140419675857186,0.08777672434561368,0
-1.237865533862817,0.09202966008930405,0
-1.1467157174007314,0.09601874818600425,0
-1.1467157174007314,0.1004892256361528,0
-1.1425724541244244,0.10380207477616629,0
-1.1788250199837766,0.10807662098051936,0
-1.2036842045182847,0.11313416683345734,0
-1.1746821518308024,0.12382100515862665,0
-1.0990693750932026,0.1286111272197501,0
-1.094926111816895,0.13351762573706744,0
-1.1311786776762478,0.1383905256596321,0
-1.138429190848118,0.14327962704342145,0
-1.175717770088213,0.15016556820761687,0
-1.1601811254870624,0.1569951105761511,0
-1.2896551394466536,0.16266126170892603,0
-1.3041561657903935,0.17200309562660324,0
-1.4698827456093375,0.17922743374192265,0
-1.7816563924931,0.18794003366835813,0
-1.6480391152572018,0.2029991704912272,0
-1.725723523632957,0.23898229233629736,0
-1.7226158786140595,0.2520397998663137,0
-1.7298667869092637,0.26645278885655066,0
-1.6242159441034365,0.2777588438377354,0
-1.4294869164736783,0.2914527989523172,0
-1.345587613183464,0.30220749723947066,0
-1.3310865868397226,0.31252224007849067,0
-1.5175290879168664,0.32535555917450143,0
-1.4874914169719762,0.33830050037066467,0
-1.4533100876274434,0.35033912628890396,0
-1.4139498767491934,0.36449067066417434,0
-1.4201647716636547,0.37503842748728666,0
-1.3839122058043034,0.38754889291191946,0
-1.5196007195550214,0.40069626385958435,0
-1.4232720215592187,0.41452222407998235,0
-1.5786408383107282,0.42579618998436586,0
-1.7516183264248748,0.4374137177698721,0
-1.5268512327268915,0.45402020157290796,0
-1.3766616926324322,0.47026240047676626,0
-1.45123845598929,0.4823301955523363,0
-1.3228004554104429,0.4952180130643136,0
-1.3839122058043034,0.5051740911408784,0
-1.50509969321128,0.51714961218585,0
-1.4253436531973716,0.5333641320807638,0
-1.3383371000115938,0.5460546304721613,0
-1.3466236265642062,0.5556399372790782,0
-1.354909757993488,0.5674052474402193,0
-1.3600886395272045,0.5833960283640927,0
-1.2948340209803697,0.6029941851871267,0
-1.4429523245600089,0.6149553796227555,0
-1.3797689425279955,0.6300087861613806,0
-1.461596614180058,0.6433634849257123,0
-1.5952134962926212,0.6646512337919837,0
-1.490598666867539,0.686728797256135,0
-1.7164013788229326,0.7100241365803402,0
-1.8427681428869604,0.7298219605154735,0
-1.8821279586418769,0.7524886802760015,0
-1.7764771158360488,0.7771273491374421,0
-1.688434944392861,0.800657250451481,0
-1.5341017458987607,0.8220716723597599,0
-1.571390325138858,0.8423108200461218,0
-1.742296181614851,0.8604948158270508,0
-1.4160215083873484,0.8906148521175502,0
-1.3051917840478042,0.9059571997397297,0
-1.2958696392377804,0.9171837344960512,0
-1.330050968582312,0.9285938392063698,0
-1.4325941663692427,0.9401625645725377,0
-1.3072634156859575,0.9498455987135254,0
-1.297941270875934,0.9590797007060119,0
-1.2575454417402747,0.9668964745425436,0
-1.265831573169555,0.9586477110018505,0
-1.223364112395742,0.9618185589985151,0
-1.1291070460380928,0.9551930946897313,0
-0.937485663427232,0.9562580051559816,0
-0.8546223735177596,0.9564581235991564,0
-0.8732666631378074,0.9629687103399625,0
-0.892946571015266,0.9624986610367102,0
-0.9747742426673276,0.9674690955540541,0
-0.8991614659297257,0.965350412951933,0
-0.8618728866896308,0.9585503070147183,0
-0.797653886400207,0.9521634563852859,0
-0.8494434919840435,0.9420618700682829,0
-0.8660161499659386,0.9370668928516445,0
-0.8743022813952182,0.9183011795523306,0
-0.7437926491782163,0.9065587915136488,0
-0.7655441886938282,0.8982753812704788,0
-0.7220407145392721,0.8794979627720101,0
-0.6567860959924376,0.8644934557828121,0
-0.6360701747342371,0.85356885383656,0
-0.5801373058740936,0.8393530226915821,0
-0.5034889108790832,0.8286407436598051,0
-0.6443563061635175,0.8119487663859399,0
-0.7189334646437087,0.7925948717783673,0
-0.6049964904086012,0.7734490945992423,0
-0.5936027139604245,0.7578948306834604,0
-0.6567860959924376,0.7509336454229952,0
-0.6174258851141893,0.7374205683590531,0
-0.5759940425977859,0.7253446858588808,0
-0.5635646478921993,0.7138085347093047,0
-0.6567860959924376,0.690860403558838,0
-0.4175179759507137,0.6757535651133133,0
-0.3450124491086767,0.6576683338535833,0
-0.3242965278504746,0.638610298717423,0
-0.1782498559089891,0.618314609649361,0
-0.1772142376515791,0.5962179993886167,0
-0.0777782897602124,0.5752284424606179,0
-0.1088519740858483,0.5577200055303254,0
-0.0404897105201175,0.5344021994744251,0
-0.1658204612034017,0.5180939844446156,0
-0.1016014609139779,0.49413773797487864,0
-0.0746706447413161,0.47186959435614945,0
-0.0860644211894942,0.456653250131084,0
-0.1751426060134256,0.43378645673660676,0
-0.1233530004295891,0.41484690015774317,0
-0.1399256584114835,0.3955767378280782,0
-0.1150668690003095,0.3760113595217248,0
-0.1678920928415552,0.35530983865173266,0
-0.182393119185296,0.33900383913060034,0
-0.042561342158271,0.32177114403952123,0
0.0827694085250131,0.3068610146516712,0
0.1790981065208149,0.2684188512326057,0
0.2350309753809591,0.25158035114652316,0
0.2992499756703822,0.23595865219005216,0
0.4152589766669762,0.22384988968974856,0
0.455654805802636,0.20782252571302914,0
0.4888001217664247,0.19608310707628981,0
0.4432254110970486,0.18551535734844152,0
0.5706277934184856,0.17342298245144908,0
0.6307035304316032,0.16465174400339896,0
0.7436048864093001,0.1532966735903101,0
0.6793858861198763,0.14443911954049843,0
0.5468046222647216,0.13582535313389202,0
0.7798578473919857,0.1264567761357406,0
0.7985017418886999,0.11954465884537657,0
0.9590498352972592,0.11432013313906005,0
0.9911591378803056,0.1137214143059505,0
0.7808934656493957,0.11032901102426615,0
0.6918152808254636,0.10456249238699687,0
0.599629846105968,0.09845018953203379,0
0.7581059127530416,0.09301681134634299,0
1.022233217329274,0.08681799523468754,0
1.2563216655906144,0.08208387381114363,0
1.1485999813933017,0.07939256671072076,0
1.0408775069493217,0.0744354569251783,0
1.0854165993612876,0.0697061725180512,0
1.249071152418744,0.0673572737163597,0
1.206604086768265,0.06300296510440727,0
1.1838165338719102,0.06209059714101602,0
1.1227051786013833,0.05934072799638315,0
1.1019888622198484,0.057666057615442724,0
0.6255246488978863,0.05676596042949594,0
0.7726069390967817,0.05229096033896382,0
0.7860723471831126,0.049557987159044074,0
0.393507042028032,0.04640352118036733,0
0.7477481496856071,0.042213082826043656,0
0.476370727060838,0.03916764077284977,0
0.7259966101699951,0.036593046550401194,0
0.7871083605638569,0.035444318881331364,0
0.6824931360154397,0.03515871244107745,0
0.5385180957121076,0.03509283830554593,0
0.7757145841156787,0.03322306334761419,0
0.4856928718708619,0.030918042863471724,0
0.5561267670747455,0.02804262016240088,0
0.6017014777441215,0.025488201683814413,0
0.5840928063814829,0.02260085160141472,0
0.555090753694002,0.02020282884397687,0
0.5944509645722511,0.018006229866847478,0
0.6441689385179341,0.015212535679165213,0
0.9517993221253904,0.01300859277750398,0
0.9839086247084352,0.011674050420398974,0
0.9497276904872352,0.01009242723781701,0
0.9756224932791536,0.00932329243693244,0
0.8782577819026075,0.008776530161619018,0
0.7653564259249106,0.00763386312323199,0
0.7736429524775252,0.006429863324732914,0
0.847184097576973,0.0049471918815606345,0
0.8233609264232082,0.0032183133746490253,0
0.930047387486444,0.002016128677388094,0
1.0253404672248372,0.001145000269641317,0
1.144456718116995,0.0006027643834693202,0
0.9963384145373556,0.0005739093141900087,0
1.090595085771671,0.00011678483859452155,0
1.214890613320879,-0.00043195806092446743,0
1.208675323283085,-0.0008220205405733679,0
1.113382638668026,-0.0011119358544832716,0
1.1330629416688172,-0.0011551544177922021,0
1.135134178183637,-0.0011470503182240258,0
1.1724227574237327,-0.0010086737096326904,0
1.255286442456538,-0.0006502872323496807,0
1.0211972039485302,5.0202905926810736e-06,0
1.1817452973570903,0.0012100560764365862,0
1.274965955210662,0.002498372564309695,0
1.194174296939344,0.003984146367632288,0
0.9735508616410008,0.005672751822951506,0
0.8378619527669491,0.00835835963543728,0
0.9963384145373556,0.011665251974585851,0
1.2521791925609749,0.01485577728397015,0
1.2542504290757943,0.018502909534956057,0
1.2687514554195354,0.022692641830445438,0
1.3350420873471125,0.027338292100000817,0
1.280145231867713,0.03237410334109034,0
1.4251562855517883,0.03805905976068654,0
1.5401292731676386,0.0428631839514583,0
1.5380572464061515,0.04872554418893157,0
1.6219569448197004,0.05413961754320297,0
1.5815611156840412,0.06078661971034748,0
1.6664960372316664,0.06677905089922358,0
1.6571734972983088,0.0725345722018988,0
1.691354826642841,0.07855794463695617,0
1.7555742220555983,0.08512561160770139,0
1.7524661819133678,0.0921494020991161,0
1.880904972738883,0.0985240362014515,0
1.8840122226344465,0.10286651227523515,0
1.7690392350185955,0.10776871717874822,0
1.831186603669866,0.11429361036017512,0
2.040417052766699,0.11966373681024164,0
1.9782688938687616,0.12257993554126198,0
1.9803409206302487,0.12826170204421428,0
2.0031284735266035,0.13376328522825298,0
2.080812881902358,0.13963871952644594,0
1.9627326443909443,0.14466413438324124,0
1.9699831575628148,0.147290128578635,0
2.020736749765908,0.15242190474604658,0
2.203036382690079,0.1544741820983125,0
2.1957858695182084,0.15662111980880844,0
2.010378986698474,0.1594690769298272,0
1.8891907090448292,0.16158688773150745,0
1.965839894286508,0.15817549896566396,0
2.133637710620271,0.1577500682954246,0
2.0859913683127416,0.15317314713949554,0
2.205107619204899,0.14813364094214015,0
1.985519407040632,0.14175179490112272,0
1.8322226170506095,0.13759145361094388,0
1.8487948799091705,0.13583641784442746,0
1.2905029949351463,0.13739892323981642,0
1.3940822061028195,0.14196064317772872,0
1.6923908400235843,0.14418943564218878,0
1.8591534332232715,0.1432378499036442,0
1.8757256960818325,0.1434668515209303,0
1.8591534332232715,0.14429085717047124,0
1.8322226170506095,0.14448609078680302,0
1.908871012045621,0.14594700134177563,0
2.036273789490392,0.1439673345548144,0
2.0704543285882573,0.1416032972054666,0
1.7918267879149503,0.13923863080194077,0
1.7193208659495791,0.1404868061400566,0
1.4696953779637545,0.14217837310110107,0
1.5670592990936332,0.14795249085389187,0
1.4831603909267517,0.15433459245338846,0
1.2967182849729406,0.16171036626312685,0
1.484196404307495,0.17018361320498715,0
1.5836323521988611,0.17398490628421923,0
1.5670592990936332,0.17861396980639938,0
1.4997334440319796,0.18214251953261482,0
1.380617193139822,0.18824551214745422,0
1.3081112711744507,0.1965522282280204,0
1.1910670470437803,0.20798782688870254,0
1.0077317958621987,0.2168340174376554,0
0.8658283871970208,0.23332818335564035,0
1.2097113366638284,0.2525041513340206,0
1.4065119959317405,0.26619079617679087,0
1.4914469174793656,0.2835031543855358,0
1.3940822061028195,0.2992679063604307,0
1.5308067332342812,0.3180501291854761,0
1.579489088922554,0.33724649222260283,0
1.5059479438231065,0.35023962126015273,0
1.515269693509797,0.36599468775405514,0
1.6602807471938723,0.38694322864826514,0
1.587775615475168,0.4082545326904032,0
1.490410904098622,0.42642278568355974,0
1.5888116288559118,0.44644576208561026,0
1.4686593645830108,0.4677356103168887,0
1.6323147078871345,0.49343134052821636,0
1.7079270895014018,0.5148945548575784,0
1.7089631028821453,0.5390293383355923,0
1.931658564941976,0.5637261630659834,0
1.931658564941976,0.5904935553151224,0
1.8653679330143984,0.6171749163820655,0
1.691354826642841,0.6389867087008471,0
1.7193208659495791,0.6688325698683155,0
1.89229874918706,0.7014524900788883,0
2.0031284735266035,0.7295835078406337,0
2.073562368730488,0.7562426871355264,0
2.2258231453397666,0.7978474746265625,0
2.209250882481206,0.8220486454552701,0
2.1616045401736765,0.8493253700194541,0
2.182320066308544,0.873548705533351,0
2.2703622377517325,0.8929505599979742,0
2.450590634161084,0.9299178054871532,0
2.586279147911802,0.942414347550627,0
2.4309103311602924,0.9646526849674604,0
2.5210245293649685,1.004012355706247,0
2.6297822269430244,1.0575002968913603,0
2.750969714350002,1.1080038183116212,0
2.7633995041789228,1.17224945583304,0
2.742683978044055,1.2462846831568104,0
2.8327973860020634,1.3313128950480766,0
2.933269347274173,1.385765437501044,0
2.949842400379401,1.4368896976696985,0
3.003703242478057,1.4979013864253388,0
3.09796070395904,1.5486481914084134,0
2.956056900170528,1.5685032222780613,0
3.0865669275108627,1.589282077721914,0
3.0865669275108627,1.644275539271716,0
3.178752362230358,1.7068086784713827,0
2.972629953275756,1.7643949344153107,0
2.988166202753573,1.8195440912111047,0
3.0668866245100714,1.8916151268219576,0
3.116604993579088,1.9698725060658953,0
3.102103967235347,2.04645179436009,0
2.7861870570752774,2.0911493913188908,0
2.573849358082881,2.144217767170782,0
2.8286541227257564,2.2302460767792347,0
2.897016781414821,2.3035115719134738,0
3.1269627566465217,2.3382680447597703,0
2.8359046358976268,2.3945927827464577,0
2.861799438689545,2.475159534571175,0
2.778936543903407,2.5188962593564788,0
2.788258293590097,2.550885032711704,0
2.775829294007844,2.5869377384770718,0
2.527239029156095,2.641288505432926,0
2.594565674464416,2.746708704938983,0
2.2931497906480875,2.817282147276002,0
2.3604764359564085,2.8812415105502884,0
2.541740055499836,2.963213839238201,0
2.5303462790516584,3.072047637234827,0
1.4696953779637545,3.1566636932966503,0
1.656137483917565,3.260048858956331,0
1.2656442055239718,3.3713879016996837,0
1.202460823491958,3.476657674441351,0
1.2987895214877605,3.609595777076356,0
1.2739307320765858,3.7238523119871463,0
1.6084911416100358,3.868296266090633,0
1.8736544595670124,3.985245461172343,0
1.9057637621500572,4.093935912315142,0
1.758681471951162,4.172510900576434,0
1.8342938535654296,4.323137626273573,0
1.794934037810514,4.482331932232558,0
1.7369299324355507,4.64695631084319,1
1.7514309587792916,4.765190459736834,1
1.9078349986648773,4.907933902465507,1
1.750394945398548,5.01814926019005,1
1.4779819045163682,5.1525102146423905,1
1.7773257615712097,5.320434254264313,1
1.94719560466646,5.4734128118774015,1
2.053882065729697,5.672015151525386,1
2.2382529351686875,5.828017742452436,1
2.280720791065834,5.9530531792082035,1
2.340796132955617,6.105162014544395,1
2.385335225367583,6.282612278264688,1
2.200964355928592,6.431557597651811,1
2.2910785541332674,6.568872292989336,1
2.385335225367583,6.744132234176521,1
2.474413410191515,6.968588228677124,1
2.641176003391202,7.130787887239418,1
2.583171898016239,7.287521950601769,1
2.5137740161930977,7.458538185805343,1
2.823475636315373,7.691367762878285,1
2.9705579265142688,7.885025382771696,1
2.9166970844156124,8.085799881589567,1
3.0927814273019893,8.276358107721258,1
3.2595440205016764,8.44995577263032,1
3.4180200871487494,8.642496291583583,1
3.4118055873576223,8.800137346272377,1
3.229505954433451,8.937143627631864,1
3.0399558083374094,9.113224075330702,1
3.2771522967409807,9.304678398017133,1
3.4584159162844084,9.421352283348586,1
3.381767521289397,9.583344059736294,1
3.4035190608050083,9.673330451053715,1
3.5412796013172136,9.760568156612095,1
3.5464580877275966,9.868885499405732,1
3.552673377765391,9.986380219798306,1
3.760867023234813,10.159158370266196,1
3.972168708846466,10.271178587712475,1
3.869625511059537,10.37863783823285,1
3.6666103520004976,10.450401188848645,1
3.6976844314494666,10.503413556042087,1
3.720471194099154,10.547352337255308,1
4.053996380498528,10.594766076040438,1
4.29844338207397,10.629886301114658,1
3.947309919435291,10.653177312840864,1
4.112001276120158,10.72659053166549,1
3.915200616852246,10.791390800927132,1
3.843730708267618,10.799596438985562,1
3.976311972122773,10.764390486816392,1
3.950417169330855,10.849573903047549,1
4.023958314430303,10.938677167246942,1
3.8975915503662746,10.993109073418642,1
4.325374198246631,11.053725527419614,1
5.121898585004972,11.085591490754545,1
5.866632575932805,11.048804289083185,1
5.563145455601655,10.930491607724772,1
6.392815158323785,10.847397130712116,1
6.778129950306994,10.74227611134789,1
7.223520084179988,10.671976755158408,1
5.669831916664894,10.505586164222304,1
5.392239599125662,10.38472525509734,1
5.7350873254583945,10.285151590012159,1
5.08046674248857,10.159014024512052,1
4.399951356726822,10.055603221719757,1
4.254940303042747,10.038974080021099,1
5.077359492593003,10.06307855841389,1
5.2555150719942025,9.985263200932252,1
6.024073419445799,9.954486387557065,1
5.986784840205709,9.839624920032549,1
6.31513074994803,9.733677376336031,1
6.046860182095486,9.59797774208709,1
6.208444288884793,9.43222923219713,1
5.38602509933454,9.317753482116718,1
5.207868729686668,9.26450336375084,1
5.578682495326139,9.206119441358181,1
4.79769514829229,9.11259981880252,1
4.69307992374387,9.073833025665799,1
5.108432781795308,9.045995837828901,1
4.971708254663848,8.967192992399568,1
4.378199817211211,8.950371791598883,1
4.357483500829677,8.935675018019547,1
4.588465489442121,8.921370575876042,1
4.177255894666992,8.870981915486034,1
4.830840464256075,8.841522829643834,1
5.208904743067415,8.762378560287019,1
5.488568297121466,8.625287751765214,1
5.619078324461804,8.515846456288815,1
5.03385562331512,8.417414424739096,1
5.053535926315905,8.359073761472144,1
5.1612584007598805,8.291992133894889,1
4.983102031112019,8.20091429528456,1
4.617467542129602,8.106460923333097,1
4.944777438491183,8.047310680282372,1
4.97792275445497,7.955348862436398,1
5.32387773068327,7.863395410708017,1
5.254479848860118,7.7565322146819256,1
5.304197427682472,7.659345922333652,1
5.0183193738373,7.524408353173338,1
5.577646481945402,7.391439950570209,1
5.624257601118853,7.197591483123271,1
5.780661641004436,7.104060917476376,1
5.088752478794511,6.994662244871525,1
4.74383430619363,6.914268613435173,1
5.360130296542621,6.847609952465539,1
5.403633375573842,6.7208453525789364,1
5.855238799484624,6.647322200823498,1
6.239517578087095,6.530416526717615,1
6.0530754721332825,6.421655782020594,1
5.762017351384385,6.317613368424095,1
6.033395169132496,6.199309557067574,1
6.139046407061652,6.089164198201292,1
5.834523273349755,5.972574069670049,1
5.780661641004436,5.842834803834665,1
5.838666536626068,5.751095203010585,1
6.2281238016389135,5.62277255346904,1
6.329631776291768,5.506502233481647,1
6.288199933775365,5.397593831707873,1
6.349312079292564,5.3032001078791176,1
6.516074672492245,5.166073602721081,1
6.723233094827591,5.022129003424126,1
6.6849085022067545,4.862404302341154,1
6.77916596368774,4.7485993552241235,1
7.058829517741792,4.639921327402489,1
6.996682149090519,4.495166811058081,0
6.909675200781403,4.391306248465948,0
6.936606016954068,4.287656820332567,0
6.729447594618722,4.161576179249697,0
6.35449056570295,4.069560621384552,0
6.590651040725769,3.972311599499361,0
5.758910101488831,3.8723959330137014,0
5.871811852589855,3.7991504451026876,0
5.409848665611628,3.706840005216864,0
5.210975979582234,3.6374111601842545,0
5.55796696919127,3.581188136262664,0
5.759946114869567,3.532763955197127,0
5.986784840205709,3.45001724181682,0
5.781697654385182,3.350564975478604,0
5.365309573199671,3.266485614038048,0
5.641865877358156,3.177850363876005,0
4.716903490020968,3.0879929974451907,0
4.616431528748858,3.00524819207487,0
5.051464689801086,2.954661563499935,0
5.264837611927554,2.874738562513693,0
5.192331689962184,2.7845636086146555,0
4.337803197828885,2.713474063498033,0
4.385450330383081,2.6633050009474872,0
4.331588698037758,2.6164438836178276,0
4.5190668173723125,2.5683947332291774,0
5.037998886591421,2.5023278456624256,0
5.205797493171849,2.417082096815728,0
5.002782334112816,2.3433475829269246,0
4.390628816793465,2.2658568667885275,0
4.219722960317471,2.1937478807557325,0
4.426881382652817,2.1504053831393217,0
4.24872580325162,2.1055680749651815,0
4.484886278274447,2.0616883630500262,0
4.397879329965336,2.0005017460195704,0
4.625754068682216,1.9456231492981721,0
4.135824052150589,1.9016558943523298,0
4.19072090762999,1.8515792383205236,0
3.80126364261714,1.8040725900620065,0
3.5816754304528726,1.7777767244072815,0
3.6303577861411456,1.7607283552930797,0
3.811621405684573,1.738279046080944,0
3.784690589511912,1.6969359445100693,0
3.932808893091551,1.656390223417177,0
4.182434381077376,1.6296908919288104,0
3.9493811559501113,1.5877492719462185,0
3.671789628657548,1.5480007146319863,0
3.373480994736783,1.5119186061637286,0
3.5371363380409067,1.4909391748602223,0
3.784690589511912,1.4618540583400113,0
3.8126566288186496,1.4300151954341418,0
3.7567245502051736,1.404927336859781,0
4.120287012426105,1.3892745342629418,0
4.239403263318263,1.3642053350035157,0
3.993920248362077,1.3231319905590828,0
4.049853117222221,1.2945283301305581,0
4.458991475482529,1.27938021764562,0
3.902770827023325,1.2552481883263653,0
3.686290655001289,1.2301670019797222,0
3.381767521289397,1.2030821265403404,0
3.408698337462059,1.1916845682701727,0
3.4097335605961354,1.1760321802990734,0
2.8980527947955643,1.1589424964047128,0
3.063779374614508,1.149702631934302,0
3.400411810909445,1.1433675141303647,0
3.5029550086963743,1.1266537878472591,0
3.4542726530081014,1.1058885219644403,0
3.575460930661745,1.0815724767908195,0
3.225362691157144,1.0620339409953288,0
3.226398704537888,1.0482623847744998,0
3.290618099950645,1.0335080238508814,0
3.158036045848823,1.022400065315899,0
3.0016320059632373,1.0158694208832317,0
3.058600097957457,1.0105314153794778,0
2.566598844911011,0.9977534511892286,0
2.3563331726801016,0.9929356553096322,0
2.541740055499836,0.9910098255694247,0
2.919804334311176,0.9908581166427562,0
2.8245116496961167,0.9732416501598936,0
2.644283253286765,0.9625359826803567,0
3.073101124301198,0.9592021911913868,0
3.37244498135604,0.9488932583626267,0
3.500883772181554,0.9321946389582872,0
3.572352890519515,0.9056124771028072,0
4.006350038190998,0.8925700915557435,0
3.849945208058745,0.877489379423322,0
3.6655743386197535,0.8651973976597033,0
3.4501293897317944,0.8355738663273322,0
3.64071554920858,0.8137369773200145,0
3.278188310121724,0.7932196436371243,0
3.26265127039724,0.7806068709634035,0
2.9892022161343164,0.7598158046213324,0
3.2719738103305973,0.7380718516904624,0
3.3165129027425637,0.7078851425020719,0
3.2201842047467606,0.6821430165707373,0
3.171501849058488,0.6569022683595267,0
3.248150244053499,0.6318828094964377,0
3.516420811906039,0.6115569762671027,0
3.637608299313016,0.5898956900919076,0
3.5153847985252957,0.5607808722095632,0
3.373480994736783,0.5406038246056878,0
3.564067154213568,0.5218590935998237,0
3.732900983928075,0.4980395544970745,0
3.5433508378320333,0.47904599217021754,0
4.0032427882954345,0.46361619983172575,0
3.9183078667478095,0.443663805196899,0
3.620000023073712,0.42888279232030324,0
3.300975863018079,0.4199856676157291,0
3.3672664949456563,0.4138785540825029,0
3.625178509484095,0.4071359303880728,0
3.305119126294386,0.3983772385843446,0
3.4138768238724424,0.39355422557099456,0
3.276116283360237,0.3889019699764978,0
2.866978715346596,0.3872752647825072,0
2.7053953988039594,0.3895762450402301,0
2.6691428329446074,0.39005451655833134,0
2.795508806761968,0.38959090611991026,0
2.483735950124873,0.3847870235645789,0
2.311794080268135,0.3843858982831737,0
2.411230028159501,0.38506808115629465,0
2.510665976050867,0.388647872650421,0
2.7540777544922324,0.3895746779039745,0
2.823475636315373,0.384071604107455,0
2.6950376357365258,0.3768298407543295,0
2.379120725576456,0.3713284411343246,0
2.101528408037226,0.36669460740764365,0
1.8695111962907052,0.3629195203999638,0
1.8125423140498185,0.3582518041318148,0
1.7669672082571086,0.35419304173678295,0
1.989662670316939,0.35712385948380476,0
2.21960864554864,0.35794989758519524,0
2.415373291435808,0.3599074365903289,0
2.294185804028831,0.3537628582922221,0
2.105671671313533,0.34709209123964085,0
2.198893119413772,0.3464799388514732,0
2.292113777267344,0.34191635914342333,0
2.519988515984225,0.33669780874867633,0
2.4371248309514195,0.33185367254763926,0
2.651533766458636,0.3251767753215199,0
2.6484265165630725,0.316558142854617,0
2.589386397807365,0.309788639207186,0
2.531382292432402,0.30247145554396887,0
2.7240396884240075,0.2961099172364168,0
2.379120725576456,0.2912247197869817,0
1.9554813409724068,0.2875290513438919,0
2.041452275900776,0.2798114974041422,0
2.051810038968209,0.27543509829959156,0
2.1408882237921416,0.2774197106876066,0
2.191642606241901,0.2749963287297427,0
2.4288390946454728,0.2701687911028155,0
2.5303462790516584,0.26490220093386035,0
2.682607845907605,0.25885669362112945,0
2.715753161871393,0.2513722749206842,0
2.643248030152689,0.2401523254952682,0
2.7312902015958778,0.22994878862628673,0
2.8327973860020634,0.22202463385645757,0
2.864907478831776,0.2114314103104181,0
2.710573885214343,0.2008646637737483,0
2.7126459119758297,0.19717050988239046,0
2.801724096799762,0.19093416630741947,0
2.6639635562875568,0.18195765719917126,0
2.479592686848566,0.1716169880708782,0
2.580064648120675,0.1637190884218247,0
2.3252598834778,0.15757234474095191,0
2.2703622377517325,0.15101521104913201,0
2.012450223213294,0.15009912992379854,0
2.087027381693485,0.14735635081882617,0
2.4008722650920675,0.14543763671695634,0
2.5386328056042724,0.1391550582735116,0
2.4961649497071265,0.13633167637630453,0
2.668106819563864,0.1313993908656546,0
2.7116098985950865,0.12724874507383171,0
2.5997441608747995,0.12298966546698985,0
2.551061805186526,0.12104572468955532,0
2.5407040421190925,0.11939841139561623,0
2.3180085800592622,0.11852183238985123,0
2.2993650806858814,0.11755884572953716,0
2.0704543285882573,0.11666389093302587,0
2.21960864554864,0.11802692282352267,0
2.315937343544442,0.11580036238396253,0
2.249646711616865,0.11509299422508984,0
2.391550515405377,0.11689663489829541,0
2.4578411473329544,0.11937980465047685,0
2.5065235030212274,0.12050147440910847,0
2.6639635562875568,0.1206041686411282,0
2.7447552145588747,0.12084368821342384,0
2.446447370884777,0.12118369577770491,0
2.351154686269718,0.12389590861891235,0
2.253789974893172,0.127129953587336,0
2.353225922784538,0.12911602240695666,0
2.1584972902781128,0.13287542989433387,0
1.799077301086821,0.13703358740498778,0
1.4137625091036108,0.14342663284698773,0
1.490410904098622,0.15424647842376593,0
1.3236483108989352,0.16399755441573896,0
1.4168697589991743,0.17549153499378606,0
1.591918878751475,0.1867769202964242,0
1.7545382086748549,0.1953269926642007,0
1.6571734972983088,0.20494320382967138,0
1.5846683655796048,0.21358923731446422,0
1.9523740910768437,0.22166723559284565,0
1.9927699202125024,0.2273469548707824,0
1.9689471441820716,0.2310391925217343,0
2.113958197866147,0.23583185771813683,0
2.2486106982361216,0.24008693720527421,0
2.740611951282568,0.24204637534576054,0
2.770650017350793,0.24141158245168223,0
2.7602922542833594,0.23954285743730283,0
2.7696140039700494,0.2409592847133966,0
2.670178056078684,0.24326641992257714,0
2.8555849388984185,0.24781330579724808,0
3.034777321927026,0.2521033159531196,0
2.92084034769192,0.25408135403042104,0
2.958128136685348,0.256288583359869,0
2.783079807179714,0.25879392215054675,0
2.7861870570752774,0.2668347486779313,0
2.6101027141889004,0.2745706813825504,0
2.416409304816552,0.2860426628299811,0
2.476485436953002,0.29784879776903284,0
2.5686708716724977,0.3117176898636359,0
2.3936217519201968,0.32587355900983206,0
2.1067076846942765,0.3416566237607242,0
2.154354027001806,0.35413905323303146,0
2.363583685851972,0.36709753296743874,0
2.247575475102045,0.38210872142372715,0
1.8332586304313527,0.39661743217923623,0
1.5163057068905403,0.41594249913167236,0
1.5121624436142334,0.4438244838649382,0
1.8001125242208973,0.47315316861723467,0
1.9886274471828629,0.5012616857596742,0
2.0455955391770826,0.5211291520836899,0
1.926479288284925,0.539332112418118,0
1.7514309587792916,0.5643577113066032,0
1.6654600238509227,0.5799103699518334,0
1.7762897481904665,0.594218027403195,0
1.750394945398548,0.6141103089526095,0
1.9544461178383303,0.6404767451545886,0
1.8539741565662209,0.6602398015017881,0
1.821864853983176,0.6792854600159907,0
1.8674391695292183,0.6966632517960277,0
1.9627326443909443,0.7200894358921424,0
2.1108501577239163,0.7409634312058744,0
1.8508669066706576,0.7576621412449516,0
1.9378730647331024,0.7857288956284268,0
1.6053838917144725,0.8136208102427805,0
1.4634800879259602,0.8458050140698152,0
1.6716745236420496,0.8736711259164435,0
1.8415443667373,0.8946764164484211,0
1.8840122226344465,0.9179988422386403,0
1.8415443667373,0.9378958036630805,0
1.9233720383893615,0.963697159445786,0
1.794934037810514,0.9793909549618609,0
1.67892503681392,1.0039294941588914,0
1.363008916900518,1.0282031390951136,0
1.6012406284381655,1.0604709522109514,0
1.482124377546008,1.081314757323723,0
1.7255361559873732,1.101729803426474,0
1.845687630013607,1.116046442792326,0
1.7131063661584522,1.1220686032642975,0
1.9233720383893615,1.1296132351416526,0
1.610563168371523,1.138707348090294,0
1.574310602512171,1.1525535651640544,0
1.596062142027782,1.1689378265753008,0
1.4230842587903012,1.1828404053302626,0
1.6157416547819063,1.1922518805796471,0
1.6468157342308751,1.211747332013027,0
1.727607392502193,1.2231045198318762,0
1.6395652210590046,1.2326333956092976,0
1.8467236433943504,1.2447263441683394,0
1.847759656775094,1.2564302421400662,0
2.061132578901567,1.265954509136323,0
1.9710183806968915,1.2715644612751202,0
2.1616045401736765,1.282140114056999,0
2.256897224788736,1.2828239685526535,0
2.374977462300149,1.2785970716554815,0
2.2227158954442032,1.2691988533175642,0
2.091170644969792,1.2634837768314962,0
2.256897224788736,1.2572643413240379,0
2.215465382272333,1.2451844145393485,0
2.2444674349598146,1.2376656596084425,0
2.3936217519201968,1.2334881214098536,0
2.566598844911011,1.2195595811246187,0
2.658784279630506,1.199400990548579,0
2.570742108187318,1.1846302249368053,0
2.706430621938036,1.1707415692190786,0
2.757185004387796,1.1570431382007906,0
2.883551768451824,1.1423127428053732,0
2.8390126760398577,1.130338212392421,0
2.644283253286765,1.118709223583651,0
2.8576569656599053,1.1084598864708874,0
2.9892022161343164,1.0972467870270737,0
2.8980527947955643,1.078327130438199,0
2.9995599792017504,1.0562316634461757,0
3.15285755943844,1.0345462131320238,0
2.9892022161343164,1.0189389714000172,0
3.027526808755156,1.0049064465938502,0
2.957092913551272,0.9862759915123259,0
2.7996520700382748,0.9701870089384412,0
2.632889476838588,0.9501130512617711,0
2.7375047013870044,0.9351019680882461,0
2.826582886210937,0.9166376011952515,0
2.7716860307315367,0.8987366259022826,0
2.733361438110697,0.8894783419725928,0
2.582135884635495,0.878601907087643,0
2.598708937740723,0.8657513837766606,0
2.679500596012041,0.8555969994173789,0
2.7074666353187795,0.8397083560529849,0
2.8172611365242464,0.8361599456232893,0
2.865942701965852,0.822369523732506,0
3.073101124301198,0.8129056329581925,0
3.2719738103305973,0.8021289239986708,0
3.390054047842011,0.7935969083208217,0
3.4780962192852,0.7737355896312854,0
3.408698337462059,0.7586211619936356,0
3.4749889693896363,0.7436153613384562,0
3.4522014164932813,0.7185467766147441,0
3.612748719655174,0.6942381326375422,0
3.5796034036913853,0.6679323698952105,0
3.749474037033303,0.6487620782635345,0
3.8126566288186496,0.6280057008707108,0
3.886198564164765,0.6064273841301061,0
3.857195721230616,0.5821142582676583,0
3.7619030366155566,0.5594054639735546,0
3.694576391307236,0.545615097608996,0
3.736008233823639,0.5269471011051925,0
3.6997556679642862,0.5101363371179523,0
3.7732968130637343,0.4963108253810464,0
4.114072512634978,0.477269172422716,0
3.910021340195196,0.46005347524324397,0
3.814728655580137,0.44738583325268977,0
3.6106774831403534,0.4293791206544904,0
3.6531453390375006,0.417781884062135,0
3.134213269818392,0.4034669239540235,0
2.9363765971697364,0.3971397538767934,0
2.986094966238753,0.39207978402851384,0
3.3579439550122987,0.3892032564744598,0
3.31547688936182,0.38171920772012685,0
3.058600097957457,0.3722611497467983,0
2.998524756067674,0.36252499915929104,0
3.493633259009684,0.35692286733904827,0
3.386946797946448,0.3473853282659196,0
3.386946797946448,0.3374361034437862,0
3.5588878775565176,0.327273531109758,0
3.667646365381241,0.3179374580557822,0
3.603426969968484,0.30968797832358513,0
3.265758520292803,0.30294637984631395,0
3.0844949007493754,0.30002844352748576,0
3.2554007572253694,0.3005629436319487,0
3.029598045269976,0.29854366872906735,0
3.2709377969498536,0.29628498447220003,0
2.9363765971697364,0.2906734979359336,0
2.802759319933838,0.2907790043866167,0
2.742683978044055,0.2894996758128027,0
2.9519136368942207,0.29088423956844467,0
2.7499344912159254,0.2939327998370974,0
2.7820437937989704,0.2957598012283321,0
2.4246958313691658,0.30212267108755086,0
2.213394145757513,0.30962148168384807,0
2.255861211407992,0.31968083676701115,0
2.403979514987631,0.33207692173615494,0
2.516881266088661,0.3389511688720918,0
2.516881266088661,0.34647267848829644,0
2.351154686269718,0.35458939318083543,0
1.9616966310102009,0.3627226555126868,0
2.271398251132476,0.37689263819852037,0
2.448518607399597,0.38544122988939844,0
2.466126883638901,0.3933184010251302,0
2.3967290018157605,0.40018473387299197,0
2.235145685273124,0.4094022901182122,0
2.16471179006924,0.41974091003277164,0
2.3252598834778,0.4318550975240456,0
2.475449423572259,0.4439826636929582,0
2.2786487643043465,0.44865048269734176,0
2.0828841184171782,0.45815577271790137,0
1.9761976573539417,0.4718495044048652,0
1.9016204988737504,0.4814073794520261,0
1.5970973651618583,0.4905807194395704,0
1.5929541018855515,0.501470102500197,0
1.7887195380193872,0.5130785847961525,0
1.7980412877060774,0.5219961201329963,0
1.5173417202712838,0.5339025519740372,0
1.606419905095216,0.5478978610349196,0
1.8249721038787392,0.5597673718768404,0
1.809435064154255,0.570821162302181,0
1.917157538598235,0.5791423584757818,0
2.017629499870345,0.5897808662844125,0
2.0984211581416625,0.5980868160098386,0
2.06423982879713,0.6037138473634982,0
2.030058499452598,0.6113202523811295,0
2.2382529351686875,0.6216920940685562,0
2.087027381693485,0.6279209278556536,0
1.8446516166328637,0.6329922474220695,0
1.8322226170506095,0.6448223016765615,0
1.7006765763295313,0.6525542139807197,0
1.940980314628666,0.6636546727184232,0
1.8881554859107528,0.6765507506442643,0
2.055953302244516,0.6856204136436976,0
1.7410724054651905,0.6906708929457067,0
1.8933339723211364,0.7015567016824612,0
1.803220564363128,0.7020213095409125,0
1.8705464194247816,0.7053044208199151,0
1.938909078113846,0.7069355450111159,0
1.9099070254263644,0.7083838499543078,0
1.926479288284925,0.7120587320372523,0
2.083920131797921,0.7230176413386161,0
2.014522249974781,0.7292096693364669,0
2.198893119413772,0.7384890834766918,0
2.113958197866147,0.7435260669624103,0
2.188534566099671,0.7478908781819523,0
2.423659817988422,0.7575208543195378,0
2.490986463296743,0.7671949509742412,0
2.363583685851972,0.7739734598125676,0
2.471306160295952,0.7804763679468092,0
2.267254987856169,0.78619291555325,0
2.05698931562526,0.7917281892024811,0
1.8974772355974436,0.8022923755597428,0
1.94926684118128,0.8177709886417655,0
2.00416369666068,0.83269147786211,0
2.061132578901567,0.8511976225981328,0
2.3055795804770085,0.8668362205859047,0
2.3697981856430985,0.8797365008920817,0
2.3780847121957125,0.8875799952896684,0
2.476485436953002,0.896386947391755,0
2.349082659508231,0.902444120157798,0
2.4930576998115628,0.9110772945590732,0
2.613209964084464,0.9182137103347437,0
2.5085947395360475,0.9230817914137857,0
2.480628700229309,0.9265154608904868,0
2.553133831948013,0.9305082181827458,0
2.3335456197837465,0.9377858711753965,0
2.446447370884777,0.9495309145860102,0
2.580064648120675,0.9555743218204944,0
2.545883318776143,0.9579075293249072,0
2.516881266088661,0.9581400919969892,0
2.694001622355782,0.9600929906320158,0
2.566598844911011,0.9580927222734202,0
2.505487489640484,0.953625205623849,0
2.60699467404667,0.950210218104669,0
2.586279147911802,0.9412951269384499,0
2.490986463296743,0.9400665768339641,0
2.482699936744129,0.9360776086128565,0
2.44437534412329,0.9264018735283601,0
2.668106819563864,0.9207790856362139,0
2.82761889959168,0.9094958852246712,0
2.8048313466953254,0.900393880863448,0
2.9788444530668827,0.8922700966109264,0
3.0565288614426374,0.8789872772025407,0
2.8711219786229027,0.8718081262452057,0
2.8079385965908887,0.864106488200025,0
2.762363490798179,0.8612434089073873,0
2.8990880179296408,0.8543552381888712,0
2.864907478831776,0.8447493040913021,0
2.8369406492783704,0.8341043008981657,0
3.025454781993669,0.8245702785253943,0
3.081387650853812,0.8072882125202336,0
3.2305419678141947,0.7920006261734839,0
3.2595440205016764,0.7785820154731162,0
3.37969549452791,0.7620096178692817,0
3.412841600738366,0.7415958232064002,0
3.3631232316693493,0.7193481024464562,0
3.2388284943668086,0.7043953520868538,0
3.3403356787729943,0.6874569171248264,0
3.21707616460453,0.6614270093885436,0
3.2833675867787746,0.6424385772814256,0
3.257472783986856,0.6218449536523287,0
3.252293507329806,0.5965749634945456,0
2.9757372031713194,0.571822778687002,0
2.9798804664476264,0.545785900749545,0
3.022347532098105,0.5285931498028907,0
2.99230946602988,0.5110453823204957,0
3.04513508499446,0.49536512089191687,0
2.988166202753573,0.47953638617308003,0
3.0668866245100714,0.46703188546996866,0
3.0958886771975527,0.45475361974227585,0
2.969521913133525,0.44025647171657456,0
2.897016781414821,0.4290188707482064,0
2.5935296610836724,0.41357159783639763,0
2.588350384426622,0.40493889603484234,0
2.5013442263641767,0.3949783722266263,0
2.539668818985016,0.38248813810554966,0
2.529310265670915,0.3711483667413761,0
2.592493647702929,0.36118846745504,0
2.6204604772563345,0.35323195801451984,0
2.516881266088661,0.34276776882330057,0
2.6059594509125934,0.33907162454386824,0
2.49202168643082,0.33423937796489006,0
2.555205068462833,0.33359824740902627,0
2.6173532273607707,0.3281559402712732,0
2.7033233720424725,0.3211247613569819,0
2.6763933461164777,0.3171351546883036,0
2.6204604772563345,0.31329338732979006,0
2.445411357504033,0.30513711309156094,0
2.372906225785329,0.29736170035911974,0
2.4609483972285178,0.2930758707968525,0
2.679500596012041,0.2871749349948731,0
2.6173532273607707,0.27645504855229075,0
2.480628700229309,0.2682718683348896,0
2.385335225367583,0.26347427367097215,0
2.0984211581416625,0.2604284508622521,0
1.997949196869553,0.25672464130482625,0
2.0828841184171782,0.2512108480512577,0
2.236181698653868,0.24545322948041748,0
2.2341096718923805,0.23865250862295478,0
2.463019633743338,0.23126779854755322,0
2.479592686848566,0.22339415679133476,0
2.541740055499836,0.2176058343782596,0
2.554169845328757,0.2106928426474265,0
2.536560778842785,0.20567597345886351,0
2.7312902015958778,0.20085383034103813,0
2.859728202174725,0.19329331532233043,0
2.921875570825996,0.18470343311470955,0
2.7727220441122804,0.1738220353443289,0
2.865942701965852,0.16273447822073533,0
2.783079807179714,0.15409624672876474,0
2.7903303203515843,0.1469610704848299,0
2.8773364784140294,0.13813127505098027,0
2.8566209522791617,0.12777146972567838,0
3.04720632150928,0.11993500307504146,0
2.988166202753573,0.11296505784151344,0
3.0989959270931164,0.10558825893414958,0
3.0244195588595923,0.09776076274417435,0
2.938448623931224,0.08962916517810814,0
2.8431559393161647,0.08257076935398287,0
2.914625057654125,0.0757386015393096,0
2.9684866899994486,0.06974692951891476,0
2.926018834102303,0.062925612665593,0
2.894945544900001,0.05683138104837846,0
2.775829294007844,0.05072081188998514,0
2.99230946602988,0.04530960387421405,0
2.9892022161343164,0.03965797901614896,0
2.710573885214343,0.03507218461449643,0
2.674321319354991,0.031433308362224854,0
2.3822279754720195,0.029155689143819302,0
2.447482594018853,0.026958767327366656,0
2.518952502603481,0.02535995104454155,0
2.4029442918535544,0.023323483307045426,0
2.263111724579862,0.02069462795004055,0
2.1512467771062425,0.01943265838689658,0
2.480628700229309,0.01773043381836418,0
2.314901330163699,0.015460452142449017,0
2.025915236176291,0.013910843044197926,0
1.965839894286508,0.012906187400326773,0
1.9927699202125024,0.012111503606075543,0
2.203036382690079,0.012039859693258255,0
2.302472330581445,0.011299396550191234,0
2.3697981856430985,0.010207638129058687,0
2.7033233720424725,0.009235518210066724,0
2.5262030157753514,0.008473144621918236,0
2.384300002233507,0.0078600236702745,0
2.5065235030212274,0.007350563553241541,0
2.3501186728889745,0.006307974679409677,0
2.113958197866147,0.0059369445620386825,0
2.0797768685216145,0.006248662890127269,0
1.8612246697380916,0.006949555994206064,0
1.9730904074583784,0.007785488908166211,0
2.1616045401736765,0.008961907821647196,0
2.429874317779549,0.009598649686120415,0
2.2341096718923805,0.010064511779447734,0
2.129494447343964,0.010226752631847887,0
2.2734702778939635,0.010266490551203256,0
2.029023276318522,0.010320955441093356,0
1.6965333130532243,0.010427325076021027,0
1.5784530755418107,0.010508589229593824,0
1.5732745891314273,0.011489345512199638,0
1.4199770088947377,0.01219372331557013,0
1.5276994833387176,0.01314525802924192,0
1.221105113112006,0.013875139581945348,0
1.382688429654642,0.01569275092530359,0
1.5546302995113794,0.01708626802312127,0
1.5214849835475908,0.017668779263357262,0
1.6706385102613062,0.018305268133169354,0
1.7845762747430802,0.018351404217094098,0
1.7555742220555983,0.018323518971005436,0
1.8632959062529115,0.018727641699215602,0
1.860188656357348,0.01855881385548003,0
1.699641353195455,0.018162947203827724,0
1.822900077117252,0.018431944493024956,0
1.6292074579915707,0.019232922259789287,0
1.4199770088947377,0.019718220017966387,0
1.4728026278593178,0.021110047005135982,0
1.4717666144785742,0.02170936847119861,0
1.6437084843353116,0.02244556672069934,0
1.6716745236420496,0.02203664477038797,0
2.0455955391770826,0.021919800981446635,0
2.1149934210002237,0.02105831642743079,0
2.4008722650920675,0.019786714061240763,0
2.031094512833341,0.01746790146565242,0
1.9969131834888092,0.016135087324529812,0
2.267254987856169,0.014839629216580396,0
2.237216921787944,0.012864670179498758,0
2.0580253290060035,0.01096035046048168,0
1.7213928927110662,0.009623851205399525,0
1.701712589710275,0.008774658272969768,0
1.7307146423977566,0.008244787997446181,0
1.5805251023032978,0.007825282262515446,0
1.7193208659495791,0.007535199964883154,0
1.877796932596652,0.00691443347227165,0
1.7410724054651905,0.006087750717160842,0
1.6809970635754072,0.005539553429973729,0
1.845687630013607,0.005220522637011587,0
1.3899389428265123,0.004748060990190481,0
1.372330666587208,0.005081971721718751,0
1.5173417202712838,0.0052526379684470605,0
1.5846683655796048,0.005505427672326627,0
1.6084911416100358,0.0056324856809843865,0
1.813578327430562,0.005708916334598631,0
1.8674391695292183,0.005831110322121928,0
1.8363658803269167,0.005673503415228269,0
1.9057637621500572,0.005599580174566807,0
1.7006765763295313,0.004651681666086752,0
1.458301601515577,0.0035703897102453246,0
1.466588128068191,0.00266148191279,0
1.498697430651236,0.0018141691440005064,0
1.5266634699579742,0.0012303319740416905,0
1.3526503635864169,0.0005120748665302847,0
1.574310602512171,0.00012308488419753163,0
1.598133378542602,-0.0003725884786183103,0
1.5442725364439456,-0.0008282852004721287,0
1.6716745236420496,-0.0011420477686733745,0
1.7897547611534634,-0.0012791662334506579,0
1.551523049615816,-0.0014819366443812507,0
1.5339139831298445,-0.001571903467786612,0
1.5287354967194613,-0.001697934728027956,0
1.45415833823927,-0.0017036262765990527,0
1.4645161013067038,-0.0017591450542917134,0
1.655102260783489,-0.0016765129133274217,0
1.5100912070994137,-0.0011852077414332485,0
1.4852324176882388,-0.0005199984118097645,0
1.3712946532064647,0.00010720358571145774,0
1.492482930860109,0.0009940094836461202,0
1.515269693509797,0.0006928056626173515,0
1.691354826642841,0.0012883731382611148,0
1.6633879970894356,0.0025684578087735266,0
1.794934037810514,0.004001527324542066,0
1.7348579056740636,0.00581500153875055,0
1.66960328712723,0.0076129735065693285,0
1.7213928927110662,0.008931809737133879,0
1.6519950108879256,0.011091434066670026,0
1.6053838917144725,0.012967900382656269,0
1.5825963388181177,0.014258840605273023,0
1.6716745236420496,0.016306585483668062,0
1.6219569448197004,0.018317351490954342,0
1.723464129225886,0.02097969638104115,0
1.7638599583615453,0.022969353565788574,0
1.83947313022248,0.02581976433535652,0
1.985519407040632,0.028552993549781865,0
2.0714903419690005,0.031964035415484364,0
2.030058499452598,0.03648955621420191,0
2.101528408037226,0.04176684025193509,0
2.005199710041424,0.04581543205221785,0
2.067347078692693,0.05005047523158921,0
2.3418321463363605,0.05522473868605963,0
2.574885371463625,0.06017075845056045,0
2.438160844332163,0.06705297978775908,0
2.7012521355276524,0.07304556922929113,0
2.560384345119884,0.08127162376175638,0
2.4775206600870785,0.08737285008141697,0
2.271398251132476,0.09299964258059075,0
2.22478792220569,0.09510460215585159,0
2.139853000658065,0.09685508422418611,0
2.143996263934372,0.09838467915516369,0
1.989662670316939,0.09856832819549033,0
2.051810038968209,0.09765225245540694,0
1.9326945783227192,0.10151067219397722,0
1.9440883547708967,0.1057115346460332,0
1.9233720383893615,0.10882213096414825,0
1.9886274471828629,0.111221176850271,0
1.940980314628666,0.11562184155715502,0
1.7680032216378525,0.12173091501144849,0
1.7245001426066298,0.12583473648938892,0
1.7648959717422887,0.127853372099442,0
1.9016204988737504,0.13225792138418546,0
2.005199710041424,0.13754006233180918,0
1.803220564363128,0.14224556275507608,0
1.794934037810514,0.14379697507039246,0
1.737965155569627,0.14540060183920844,0
1.8529381431854772,0.14875610972410003,0
1.89436998570188,0.1512806711807217,0
1.9275153016656688,0.15776026006509428,0
1.7027486030910184,0.16131983991843166,0
1.73382189229332,0.1631412910166012,0
1.5504870362350724,0.1654990355597495,0
1.5183777336520274,0.1642521116596838,0
1.697569326433968,0.16245777404690329,0
1.6364579711634413,0.16435692919948253,0
1.492482930860109,0.16835078740493792,0
1.4810891544119318,0.16963668370320248,0
1.2791092184869692,0.17025353190673684,0
1.2842884951440197,0.17284059351411954,0
1.354722390347904,0.1738227695653825,0
1.2501071657994876,0.17565489690193936,0
1.2728947186958424,0.17354267639535453,0
1.421013022275481,0.17368843060979972,0
1.3039687981448111,0.17612070652764988,0
1.3692234166916448,0.176607034587425,0
1.4106552592080477,0.17719624209408494,0
1.3402213640041631,0.17884177727139178,0
1.367152180176825,0.1814039255996687,0
1.4810891544119318,0.18168356028612656,0
1.4831603909267517,0.1853788397409635,0
1.5691313258551205,0.19092945579778506,0
1.557737549406943,0.19599392438921934,0
1.6250641947152638,0.20129704381356742,0
1.6530302340220018,0.2017863231023721,0
1.5950261286470386,0.20490412790431362,0
1.8146143408113051,0.2101209625371396,0
1.7856114978771565,0.21626400912405325,0
1.8384371168417368,0.21884289537428195,0
1.3453998504145463,0.2246772013153454,0
0.8316474529758222,0.23036822925837874,0
0.6980301757399241,0.22976331026786728,0
0.5820215698666638,0.22909906795941926,0
0.8689356370925836,0.2248245815374699,0
0.6327751620697567,0.22046044271854146,0
0.7808934656493957,0.2181115856531012,0
0.7840007155449599,0.2148245760618854,0
0.7632851894100915,0.21487409680410913,0
0.8813654269215045,0.21431882308841388,0
1.1102753887724623,0.21488159435334123,0
0.9445488089535192,0.21073455486705664,0
1.0719507961516233,0.21103027767215654,0
0.8606495056633039,0.2127360725271198,0
0.9145107428852932,0.21080852033540137,0
0.9383339140390586,0.21092165932853915,0
0.8378619527669491,0.20844506238479932,0
0.6690277279291088,0.20778372452839747,0
0.4401177660781523,0.20763922688800943,0
0.5468046222647216,0.2035752091950351,0
0.4484042926307648,0.1990976911448954,0
0.3282524234811975,0.19402537001609638,0
0.5312675825402372,0.18869024036795304,0
0.4256167397344108,0.18470559627849983,0
0.6162025040878624,0.18003926731310935,0
0.7311754917037128,0.18016281246878763,0
0.8275041896995152,0.1778548293304262,0
1.005660164224046,0.17905355279464674,0
0.9517993221253904,0.18111044332211507,0
0.7933228603549838,0.18126138537751915,0
0.8834370585596587,0.18135722552367844,0
0.9041525846945256,0.18042780908200673,0
0.8906875717315299,0.18143408946751222,0
0.7881439788212661,0.18184537315655963,0
0.7498197813237606,0.18436431686093144,0
0.7840007155449599,0.18555908023551132,0
0.7177100836173819,0.18775858289497888,0
0.8161104132513378,0.19158105313858997,0
0.722888965151098,0.19495997094697157,0
0.7073523205499472,0.20081774787930184,0
0.8865443084552221,0.20155702325928096,0
0.9787297431747176,0.20317974151393586,0
0.92072524267642,0.2064356710472345,0
0.9745864798984116,0.208890622947851,0
1.0999176257050285,0.2078175729059277,0
1.1734587708044764,0.2128068434689933,0
1.1413494682214311,0.21520965858326244,0
1.4696953779637545,0.21954548494937323,0
1.458301601515577,0.22422039011401482,0
1.9699831575628148,0.23017677345701093,0
1.8446516166328637,0.23988622783364727,0
2.1626397633077525,0.2508976508245515,0
2.193713842756721,0.26531889669447994,0
2.17196230324111,0.2783540806230141,0
1.50698395720385,0.29417193544187725,0
1.0781660861894171,0.3017651418779914,0
1.135134178183637,0.30641700982821485,0
1.1682794941474255,0.31071757696816754,0
1.1972815468349074,0.3170088940103913,0
1.1548144811844283,0.3229912554893398,0
1.190031033663037,0.3297530857227789,0
1.3971894559983828,0.337386065865833,0
1.350579127071597,0.34804732262767224,0
1.2987895214877605,0.35623952381342505,0
1.4469078250673997,0.3625688115366093,0
1.488339667583802,0.37246442628637033,0
1.4935181539941855,0.38285733911583847,0
1.3060400346596308,0.3937482075837139,0
1.5007686671660558,0.40126751483836764,0
1.3485078905567771,0.4116941450341041,0
1.3008607580025804,0.4202398122880133,0
1.2863597316588395,0.42972692403767426,0
1.4065119959317405,0.4371812975856781,0
1.3857956795502056,0.44626311166004673,0
1.3712946532064647,0.4575058814806414,0
1.2687514554195354,0.47013031894901175,0
1.1693155075281694,0.4797387199996098,0
1.2501071657994876,0.4900469605388663,0
1.159993757841479,0.5014350335217705,0
1.3205410610033717,0.5281530137994493,0
1.579489088922554,0.5393888347838984,0
1.6613167605746155,0.5552269793084734,0
1.5846683655796048,0.5726188581421645,0
1.384760456416129,0.5861391200034789,0
1.2770379819721491,0.5985089419241888,0
1.159993757841479,0.6098286837549385,0
1.0760940594279302,0.6220070075359219,0
1.02741209886299,0.6337875916285272,0
1.02741209886299,0.6420957756094898,0
1.035698230292272,0.6454734120837691,0
0.9538705586402094,0.6543542262789569,0
0.9000097165415538,0.661425475064277,0
1.035698230292272,0.6706169274242681,0
0.9155463611427038,0.6807868008344349,0
0.9797653614321276,0.6893358460641464,0
0.8689356370925836,0.6947106873943797,0
0.9580138219165172,0.6998362476800273,0
0.9901235196228952,0.7018287856627935,0
1.004624545966636,0.7072343925253542,0
1.1227051786013833,0.7147774716177575,0
0.9621570851928234,0.7215336097781596,0
1.0553785332930623,0.7269734141500714,0
1.1019888622198484,0.7306261224004386,0
1.0408775069493217,0.7407696207387943,0
1.204532060006778,0.7463232487804768,0
1.036734243673014,0.7548218994558258,0
0.985980256346588,0.7556973560215459,0
0.819217663146902,0.7586813195310574,0
0.8596134922825603,0.7542370592933146,0
0.8979380849033989,0.75100594267432,0
1.005660164224046,0.7522539565198847,0
0.8710072687307385,0.7531194041693587,0
0.9041525846945256,0.7483334824338304,0
0.9673359667265404,0.7469943898851686,0
1.0937023356672344,0.748800747852098,0
1.045020770225629,0.751953326196792,0
0.995302401156612,0.752429852361319,0
0.9031169664371164,0.7508170704286223,0
0.8989737031608095,0.7503941387391381,0
0.9787297431747176,0.7508846576229625,0
1.1423846913555076,0.7533992602613944,0
1.1413494682214311,0.748959181195425,0
1.2179978632164423,0.7460595198092845,0
0.9828730064510248,0.7460347866150219,0
0.8710072687307385,0.7437001426635608,0
0.8098955183368781,0.740086784049794,0
0.6752426228435693,0.7352414339429452,0
0.7166744653599711,0.7280369588764906,0
0.8005733735268528,0.720538611608903,0
0.8047166368031604,0.7053491065066569,0
0.8896515583507856,0.6844344560271507,0
0.7819290839068056,0.6680438275537982,0
0.5115876746627802,0.6401284041250016,0
0.5726994250566398,0.5963670336746787,0
0.4908717534045781,0.5521584189922583,0
0.4463326609926121,0.5278103131748751,0
0.3624333577023976,0.48943410280987504,0
0.3707198842550101,0.4383370629627295,0
0.3686482526168573,0.3922677295579554,0
0.3997219369424925,0.36167477373039486,0
0.4701558321463768,0.320540703308199,0
0.8109315317176202,0.2830433915711837,0
0.7808934656493957,0.2534357711247025,0
0.7612135577719387,0.22328429914851633,0
0.6410616886223715,0.2152571769807609,0
0.6752426228435693,0.18709488177117978,0
0.6845647676535932,0.1597231769201411,0
0.7270322284274058,0.1344239830099521,0
0.7342827415992762,0.11432941153525697,0
0.6835291493961839,0.08835631180193385,0
0.5840928063814829,0.06424119988799198,0
0.5664845301421794,0.05086360011201553,0
0.599629846105968,0.0334349918304259,0
0.6389900569842164,0.018887813105147113,0
0.7332471233418655,0.008325592858286653,0
0.4691202138889669,0.002725347664652997,0
0.4898357400238338,-0.0010658268844591539,0
0.6348467937079102,-0.0008687398083152101,0
0.6162025040878624,0.0017598595202941757,0
0.7021734390162311,0.005226797691757577,0
0.5675201483995885,0.009808643798739093,0
0.5364464640739541,0.016872654351755983,0
0.4245811214770015,0.022736389963315336,0
0.505372779748319,0.03267825455571482,0
0.4131873450288234,0.042853911470079775,0
0.4856928718708619,0.055052515499699736,0
0.4753347136800938,0.07276432720173273,0
0.555090753694002,0.09023082978690435,0
0.4846568584901177,0.11070822440454672,0
0.5167665561964964,0.13380457779835706,0
0.5913433195533541,0.16463022019945864,0
0.6338111754505003,0.19626370406203766,0
0.5095160430246253,0.2257794633354583,0
0.4442610293544586,0.27817720630212583,0
0.4660125688700706,0.3214733815294457,0
0.376934384046137,0.3683887302644499,0
0.3603617260642426,0.40928469735773554,0
0.2961427257748196,0.4525674735214414,0
0.1355950274895932,0.5089115180028176,0
0.2049929093127332,0.588293014713781,0
0.2267448439516795,0.6373118428863295,0
0.2795700677929252,0.7043343787502252,0
0.4194018448199503,0.7807392716177644,0
0.4577264374407888,0.8855051833610073,0
0.4546187924218917,0.9645828643505163,0
0.2878565943455392,1.0198730097051556,0
0.4266527531151543,1.100868928858603,0
0.4131873450288234,1.181041189918352,0
0.3582900944260899,1.2532975435243257,0
0.347932331358656,1.29563223512056,0
0.451511542526329,1.3589285328001055,0
0.3282524234811975,1.428250086225784,0
0.2101721859697845,1.508656217236692,0
0.393507042028032,1.5682954235314133,0
0.5343748324358014,1.676046211656306,0
0.5737350433140498,1.7849372761164082,0
0.7446408997900443,1.8681672259041275,0
0.8347547028713856,1.9480895192981853,0
0.5416253456076703,1.9876548614723315,0
0.5675201483995885,2.0764114995976657,0
0.6607415964998284,2.16354523025863,0
0.6897436491873108,2.2263698924157236,0
0.559234016970309,2.287423735227734,0
0.7363543732374297,2.314701245652728,0
0.6907796625680529,2.371509351083677,0
0.8730789003688912,2.4102397256980175,0
0.9580138219165172,2.456429921313468,0
1.1869237837674735,2.4496219824883685,0
1.1651722442518624,2.4579567613737834,0
0.847184097576973,2.4971297941157506,0
0.9580138219165172,2.539820109648279,0
1.157921731079992,2.5832549210696865,0
0.9663003484691296,2.5692942404874595,0
0.9932307695184586,2.5898401349066034,0
1.0771300728086737,2.569645433862517,0
1.035698230292272,2.633853567680269,0
1.105096112115412,2.6532561252525935,0
0.9196896244190108,2.6880226285931927,0
0.9248685059527276,2.730453995530965,0
