2025-06-24 15:01:14,097 - tadGANs - INFO - Using device: cuda
2025-06-24 15:01:14,098 - tadGANs - INFO - Found 1 Excel files: ['de30_1day.xlsx']
2025-06-24 15:01:14,184 - tadGANs - WARNING - No recognizable signal column found in de30_1day.xlsx. Using first column.
2025-06-24 15:01:14,244 - tadGANs - INFO - Converted de30_1day.xlsx to csv_data/de30_1day.csv
2025-06-24 15:01:14,245 - tadGANs - INFO - Processing csv_data/de30_1day.csv
2025-06-24 15:01:14,260 - tadGANs - INFO - Training new models
2025-06-24 15:01:15,142 - tadGANs - INFO - Starting training
2025-06-24 15:01:18,120 - tadGANs - INFO - Epoch 1/1000 - Time: 2.71s - Loss: critic_x=0.2276, critic_z=6.0409, encoder=0.7929, decoder=0.8518
2025-06-24 15:01:20,415 - tadGANs - INFO - Epoch 2/1000 - Time: 2.29s - Loss: critic_x=-0.0015, critic_z=5.8323, encoder=0.7878, decoder=0.8581
2025-06-24 15:01:22,585 - tadGANs - INFO - Epoch 3/1000 - Time: 2.17s - Loss: critic_x=-0.0710, critic_z=5.5925, encoder=0.7685, decoder=0.8522
2025-06-24 15:01:25,010 - tadGANs - INFO - Epoch 4/1000 - Time: 2.42s - Loss: critic_x=-0.1229, critic_z=5.3378, encoder=0.7516, decoder=0.8516
2025-06-24 15:01:27,383 - tadGANs - INFO - Epoch 5/1000 - Time: 2.37s - Loss: critic_x=-0.1786, critic_z=5.0843, encoder=0.7356, decoder=0.8548
2025-06-24 15:01:29,696 - tadGANs - INFO - Epoch 6/1000 - Time: 2.31s - Loss: critic_x=-0.2369, critic_z=4.8001, encoder=0.7202, decoder=0.8612
2025-06-24 15:01:32,035 - tadGANs - INFO - Epoch 7/1000 - Time: 2.34s - Loss: critic_x=-0.2983, critic_z=4.5204, encoder=0.6867, decoder=0.8511
2025-06-24 15:01:34,376 - tadGANs - INFO - Epoch 8/1000 - Time: 2.34s - Loss: critic_x=-0.3612, critic_z=4.2275, encoder=0.6658, decoder=0.8590
2025-06-24 15:01:36,661 - tadGANs - INFO - Epoch 9/1000 - Time: 2.29s - Loss: critic_x=-0.4235, critic_z=3.9181, encoder=0.6292, decoder=0.8573
2025-06-24 15:01:39,010 - tadGANs - INFO - Epoch 10/1000 - Time: 2.35s - Loss: critic_x=-0.4849, critic_z=3.5924, encoder=0.5879, decoder=0.8579
2025-06-24 15:01:39,025 - tadGANs - INFO - Models saved at epoch 10
2025-06-24 15:01:41,272 - tadGANs - INFO - Epoch 11/1000 - Time: 2.25s - Loss: critic_x=-0.5364, critic_z=3.2575, encoder=0.5315, decoder=0.8561
2025-06-24 15:01:43,572 - tadGANs - INFO - Epoch 12/1000 - Time: 2.30s - Loss: critic_x=-0.5878, critic_z=2.8912, encoder=0.4592, decoder=0.8472
2025-06-24 15:01:45,938 - tadGANs - INFO - Epoch 13/1000 - Time: 2.37s - Loss: critic_x=-0.6330, critic_z=2.5532, encoder=0.3862, decoder=0.8527
2025-06-24 15:01:48,344 - tadGANs - INFO - Epoch 14/1000 - Time: 2.41s - Loss: critic_x=-0.6734, critic_z=2.1837, encoder=0.2949, decoder=0.8552
2025-06-24 15:01:50,734 - tadGANs - INFO - Epoch 15/1000 - Time: 2.39s - Loss: critic_x=-0.7080, critic_z=1.8190, encoder=0.1837, decoder=0.8474
2025-06-24 15:01:53,029 - tadGANs - INFO - Epoch 16/1000 - Time: 2.29s - Loss: critic_x=-0.7394, critic_z=1.4532, encoder=0.0645, decoder=0.8520
2025-06-24 15:01:55,445 - tadGANs - INFO - Epoch 17/1000 - Time: 2.42s - Loss: critic_x=-0.7639, critic_z=1.0787, encoder=-0.0744, decoder=0.8501
2025-06-24 15:01:57,704 - tadGANs - INFO - Epoch 18/1000 - Time: 2.26s - Loss: critic_x=-0.7848, critic_z=0.7305, encoder=-0.2278, decoder=0.8521
2025-06-24 15:01:59,971 - tadGANs - INFO - Epoch 19/1000 - Time: 2.27s - Loss: critic_x=-0.8021, critic_z=0.3640, encoder=-0.4004, decoder=0.8573
2025-06-24 15:02:02,210 - tadGANs - INFO - Epoch 20/1000 - Time: 2.24s - Loss: critic_x=-0.8143, critic_z=-0.0106, encoder=-0.6025, decoder=0.8412
2025-06-24 15:02:02,224 - tadGANs - INFO - Models saved at epoch 20
2025-06-24 15:02:04,495 - tadGANs - INFO - Epoch 21/1000 - Time: 2.27s - Loss: critic_x=-0.8255, critic_z=-0.3589, encoder=-0.8059, decoder=0.8514
2025-06-24 15:02:06,713 - tadGANs - INFO - Epoch 22/1000 - Time: 2.22s - Loss: critic_x=-0.8332, critic_z=-0.7239, encoder=-1.0457, decoder=0.8406
2025-06-24 15:02:09,006 - tadGANs - INFO - Epoch 23/1000 - Time: 2.29s - Loss: critic_x=-0.8412, critic_z=-1.1005, encoder=-1.2783, decoder=0.8392
2025-06-24 15:02:11,242 - tadGANs - INFO - Epoch 24/1000 - Time: 2.24s - Loss: critic_x=-0.8447, critic_z=-1.4316, encoder=-1.5513, decoder=0.8438
2025-06-24 15:02:13,572 - tadGANs - INFO - Epoch 25/1000 - Time: 2.33s - Loss: critic_x=-0.8470, critic_z=-1.8121, encoder=-1.8422, decoder=0.8373
2025-06-24 15:02:15,926 - tadGANs - INFO - Epoch 26/1000 - Time: 2.35s - Loss: critic_x=-0.8514, critic_z=-2.1929, encoder=-2.1476, decoder=0.8263
2025-06-24 15:02:18,215 - tadGANs - INFO - Epoch 27/1000 - Time: 2.29s - Loss: critic_x=-0.8530, critic_z=-2.5627, encoder=-2.4741, decoder=0.8315
2025-06-24 15:02:20,538 - tadGANs - INFO - Epoch 28/1000 - Time: 2.32s - Loss: critic_x=-0.8473, critic_z=-2.9088, encoder=-2.8016, decoder=0.8175
2025-06-24 15:02:22,775 - tadGANs - INFO - Epoch 29/1000 - Time: 2.24s - Loss: critic_x=-0.8466, critic_z=-3.2882, encoder=-3.1420, decoder=0.8042
2025-06-24 15:02:25,010 - tadGANs - INFO - Epoch 30/1000 - Time: 2.23s - Loss: critic_x=-0.8410, critic_z=-3.6614, encoder=-3.5124, decoder=0.8139
2025-06-24 15:02:25,022 - tadGANs - INFO - Models saved at epoch 30
2025-06-24 15:02:27,251 - tadGANs - INFO - Epoch 31/1000 - Time: 2.23s - Loss: critic_x=-0.8355, critic_z=-4.0186, encoder=-3.8894, decoder=0.8068
2025-06-24 15:02:29,576 - tadGANs - INFO - Epoch 32/1000 - Time: 2.33s - Loss: critic_x=-0.8317, critic_z=-4.4174, encoder=-4.2922, decoder=0.7924
2025-06-24 15:02:31,825 - tadGANs - INFO - Epoch 33/1000 - Time: 2.25s - Loss: critic_x=-0.8230, critic_z=-4.7686, encoder=-4.6863, decoder=0.7850
2025-06-24 15:02:34,072 - tadGANs - INFO - Epoch 34/1000 - Time: 2.25s - Loss: critic_x=-0.8161, critic_z=-5.1406, encoder=-5.1327, decoder=0.7768
2025-06-24 15:02:36,392 - tadGANs - INFO - Epoch 35/1000 - Time: 2.32s - Loss: critic_x=-0.8011, critic_z=-5.4787, encoder=-5.5669, decoder=0.7798
2025-06-24 15:02:38,714 - tadGANs - INFO - Epoch 36/1000 - Time: 2.32s - Loss: critic_x=-0.7936, critic_z=-5.8785, encoder=-6.0192, decoder=0.7649
2025-06-24 15:02:40,874 - tadGANs - INFO - Epoch 37/1000 - Time: 2.16s - Loss: critic_x=-0.7845, critic_z=-6.2412, encoder=-6.4840, decoder=0.7527
2025-06-24 15:02:43,097 - tadGANs - INFO - Epoch 38/1000 - Time: 2.22s - Loss: critic_x=-0.7723, critic_z=-6.6546, encoder=-6.9295, decoder=0.7437
2025-06-24 15:02:45,254 - tadGANs - INFO - Epoch 39/1000 - Time: 2.16s - Loss: critic_x=-0.7587, critic_z=-6.9867, encoder=-7.3800, decoder=0.7275
2025-06-24 15:02:47,533 - tadGANs - INFO - Epoch 40/1000 - Time: 2.28s - Loss: critic_x=-0.7482, critic_z=-7.3598, encoder=-7.8278, decoder=0.7155
2025-06-24 15:02:47,545 - tadGANs - INFO - Models saved at epoch 40
2025-06-24 15:02:49,746 - tadGANs - INFO - Epoch 41/1000 - Time: 2.20s - Loss: critic_x=-0.7319, critic_z=-7.7256, encoder=-8.3222, decoder=0.7107
2025-06-24 15:02:52,068 - tadGANs - INFO - Epoch 42/1000 - Time: 2.32s - Loss: critic_x=-0.7183, critic_z=-8.1309, encoder=-8.8211, decoder=0.6848
2025-06-24 15:02:54,261 - tadGANs - INFO - Epoch 43/1000 - Time: 2.19s - Loss: critic_x=-0.7021, critic_z=-8.4918, encoder=-9.3067, decoder=0.6938
2025-06-24 15:02:56,597 - tadGANs - INFO - Epoch 44/1000 - Time: 2.34s - Loss: critic_x=-0.6923, critic_z=-8.8765, encoder=-9.7885, decoder=0.6779
2025-06-24 15:02:58,848 - tadGANs - INFO - Epoch 45/1000 - Time: 2.25s - Loss: critic_x=-0.6716, critic_z=-9.2130, encoder=-10.2666, decoder=0.6732
2025-06-24 15:03:01,093 - tadGANs - INFO - Epoch 46/1000 - Time: 2.24s - Loss: critic_x=-0.6569, critic_z=-9.6048, encoder=-10.7683, decoder=0.6626
2025-06-24 15:03:03,395 - tadGANs - INFO - Epoch 47/1000 - Time: 2.30s - Loss: critic_x=-0.6405, critic_z=-9.9760, encoder=-11.3146, decoder=0.6737
2025-06-24 15:03:05,600 - tadGANs - INFO - Epoch 48/1000 - Time: 2.21s - Loss: critic_x=-0.6281, critic_z=-10.3909, encoder=-11.8236, decoder=0.6630
2025-06-24 15:03:07,862 - tadGANs - INFO - Epoch 49/1000 - Time: 2.26s - Loss: critic_x=-0.6069, critic_z=-10.6916, encoder=-12.3189, decoder=0.6719
2025-06-24 15:03:10,167 - tadGANs - INFO - Epoch 50/1000 - Time: 2.30s - Loss: critic_x=-0.5985, critic_z=-11.1297, encoder=-12.7929, decoder=0.6791
2025-06-24 15:03:10,179 - tadGANs - INFO - Models saved at epoch 50
2025-06-24 15:03:12,446 - tadGANs - INFO - Epoch 51/1000 - Time: 2.27s - Loss: critic_x=-0.5910, critic_z=-11.5322, encoder=-13.3151, decoder=0.7024
2025-06-24 15:03:14,665 - tadGANs - INFO - Epoch 52/1000 - Time: 2.22s - Loss: critic_x=-0.5840, critic_z=-11.8945, encoder=-13.7564, decoder=0.7167
2025-06-24 15:03:16,934 - tadGANs - INFO - Epoch 53/1000 - Time: 2.27s - Loss: critic_x=-0.5786, critic_z=-12.2834, encoder=-14.4316, decoder=0.7444
2025-06-24 15:03:19,112 - tadGANs - INFO - Epoch 54/1000 - Time: 2.18s - Loss: critic_x=-0.5734, critic_z=-12.6839, encoder=-14.8783, decoder=0.7781
2025-06-24 15:03:21,450 - tadGANs - INFO - Epoch 55/1000 - Time: 2.34s - Loss: critic_x=-0.5688, critic_z=-13.0973, encoder=-15.4745, decoder=0.8116
2025-06-24 15:03:23,736 - tadGANs - INFO - Epoch 56/1000 - Time: 2.29s - Loss: critic_x=-0.5649, critic_z=-13.4335, encoder=-15.9808, decoder=0.8306
2025-06-24 15:03:26,069 - tadGANs - INFO - Epoch 57/1000 - Time: 2.33s - Loss: critic_x=-0.5621, critic_z=-13.7889, encoder=-16.5367, decoder=0.8612
2025-06-24 15:03:28,330 - tadGANs - INFO - Epoch 58/1000 - Time: 2.26s - Loss: critic_x=-0.5629, critic_z=-14.1868, encoder=-17.0097, decoder=0.8856
2025-06-24 15:03:30,680 - tadGANs - INFO - Epoch 59/1000 - Time: 2.35s - Loss: critic_x=-0.5599, critic_z=-14.5714, encoder=-17.5554, decoder=0.9163
2025-06-24 15:03:32,941 - tadGANs - INFO - Epoch 60/1000 - Time: 2.26s - Loss: critic_x=-0.5544, critic_z=-14.9849, encoder=-18.1357, decoder=0.9565
2025-06-24 15:03:32,952 - tadGANs - INFO - Models saved at epoch 60
2025-06-24 15:03:35,240 - tadGANs - INFO - Epoch 61/1000 - Time: 2.29s - Loss: critic_x=-0.5664, critic_z=-15.3847, encoder=-18.6156, decoder=0.9807
2025-06-24 15:03:37,431 - tadGANs - INFO - Epoch 62/1000 - Time: 2.19s - Loss: critic_x=-0.5776, critic_z=-15.7236, encoder=-19.2188, decoder=1.0015
2025-06-24 15:03:39,734 - tadGANs - INFO - Epoch 63/1000 - Time: 2.30s - Loss: critic_x=-0.5829, critic_z=-16.1772, encoder=-19.7515, decoder=1.0227
2025-06-24 15:03:42,020 - tadGANs - INFO - Epoch 64/1000 - Time: 2.29s - Loss: critic_x=-0.5954, critic_z=-16.5551, encoder=-20.2816, decoder=1.0293
2025-06-24 15:03:44,321 - tadGANs - INFO - Epoch 65/1000 - Time: 2.30s - Loss: critic_x=-0.6085, critic_z=-16.9966, encoder=-20.8945, decoder=1.0436
2025-06-24 15:03:46,620 - tadGANs - INFO - Epoch 66/1000 - Time: 2.30s - Loss: critic_x=-0.6097, critic_z=-17.3615, encoder=-21.5124, decoder=1.0432
2025-06-24 15:03:48,851 - tadGANs - INFO - Epoch 67/1000 - Time: 2.23s - Loss: critic_x=-0.6166, critic_z=-17.7167, encoder=-22.0229, decoder=1.0400
2025-06-24 15:03:51,144 - tadGANs - INFO - Epoch 68/1000 - Time: 2.29s - Loss: critic_x=-0.6237, critic_z=-18.1456, encoder=-22.6200, decoder=1.0344
2025-06-24 15:03:53,325 - tadGANs - INFO - Epoch 69/1000 - Time: 2.18s - Loss: critic_x=-0.6220, critic_z=-18.4704, encoder=-23.1100, decoder=1.0310
2025-06-24 15:03:55,579 - tadGANs - INFO - Epoch 70/1000 - Time: 2.25s - Loss: critic_x=-0.6284, critic_z=-18.9659, encoder=-23.8038, decoder=1.0410
2025-06-24 15:03:55,592 - tadGANs - INFO - Models saved at epoch 70
2025-06-24 15:03:57,908 - tadGANs - INFO - Epoch 71/1000 - Time: 2.32s - Loss: critic_x=-0.6323, critic_z=-19.3544, encoder=-24.2339, decoder=1.0278
2025-06-24 15:04:00,587 - tadGANs - INFO - Epoch 72/1000 - Time: 2.68s - Loss: critic_x=-0.6362, critic_z=-19.7804, encoder=-24.8821, decoder=1.0362
2025-06-24 15:04:02,854 - tadGANs - INFO - Epoch 73/1000 - Time: 2.27s - Loss: critic_x=-0.6382, critic_z=-20.1272, encoder=-25.4157, decoder=1.0291
2025-06-24 15:04:05,232 - tadGANs - INFO - Epoch 74/1000 - Time: 2.38s - Loss: critic_x=-0.6403, critic_z=-20.5782, encoder=-26.0644, decoder=1.0255
2025-06-24 15:04:07,524 - tadGANs - INFO - Epoch 75/1000 - Time: 2.29s - Loss: critic_x=-0.6384, critic_z=-20.9641, encoder=-26.6460, decoder=1.0085
2025-06-24 15:04:09,883 - tadGANs - INFO - Epoch 76/1000 - Time: 2.36s - Loss: critic_x=-0.6434, critic_z=-21.3656, encoder=-27.1795, decoder=1.0051
2025-06-24 15:04:12,128 - tadGANs - INFO - Epoch 77/1000 - Time: 2.24s - Loss: critic_x=-0.6447, critic_z=-21.7945, encoder=-27.9361, decoder=0.9990
2025-06-24 15:04:14,456 - tadGANs - INFO - Epoch 78/1000 - Time: 2.33s - Loss: critic_x=-0.6445, critic_z=-22.2675, encoder=-28.4341, decoder=0.9940
2025-06-24 15:04:16,804 - tadGANs - INFO - Epoch 79/1000 - Time: 2.35s - Loss: critic_x=-0.6476, critic_z=-22.5948, encoder=-29.0469, decoder=0.9820
2025-06-24 15:04:19,080 - tadGANs - INFO - Epoch 80/1000 - Time: 2.28s - Loss: critic_x=-0.6552, critic_z=-23.0690, encoder=-29.6778, decoder=0.9828
2025-06-24 15:04:19,091 - tadGANs - INFO - Models saved at epoch 80
2025-06-24 15:04:21,404 - tadGANs - INFO - Epoch 81/1000 - Time: 2.31s - Loss: critic_x=-0.6596, critic_z=-23.4933, encoder=-30.3186, decoder=0.9766
2025-06-24 15:04:23,681 - tadGANs - INFO - Epoch 82/1000 - Time: 2.28s - Loss: critic_x=-0.6611, critic_z=-23.8351, encoder=-30.7418, decoder=0.9654
2025-06-24 15:04:25,970 - tadGANs - INFO - Epoch 83/1000 - Time: 2.29s - Loss: critic_x=-0.6676, critic_z=-24.3280, encoder=-31.5926, decoder=0.9700
2025-06-24 15:04:28,307 - tadGANs - INFO - Epoch 84/1000 - Time: 2.34s - Loss: critic_x=-0.6723, critic_z=-24.7810, encoder=-32.0639, decoder=0.9509
2025-06-24 15:04:30,531 - tadGANs - INFO - Epoch 85/1000 - Time: 2.22s - Loss: critic_x=-0.6701, critic_z=-25.2736, encoder=-32.8450, decoder=0.9510
2025-06-24 15:04:32,764 - tadGANs - INFO - Epoch 86/1000 - Time: 2.23s - Loss: critic_x=-0.6727, critic_z=-25.5996, encoder=-33.5788, decoder=0.9465
2025-06-24 15:04:35,028 - tadGANs - INFO - Epoch 87/1000 - Time: 2.26s - Loss: critic_x=-0.6810, critic_z=-26.0211, encoder=-34.1047, decoder=0.9368
2025-06-24 15:04:37,237 - tadGANs - INFO - Epoch 88/1000 - Time: 2.21s - Loss: critic_x=-0.6778, critic_z=-26.4470, encoder=-34.6399, decoder=0.9289
2025-06-24 15:04:39,464 - tadGANs - INFO - Epoch 89/1000 - Time: 2.23s - Loss: critic_x=-0.6779, critic_z=-26.8932, encoder=-35.3793, decoder=0.9328
2025-06-24 15:04:41,697 - tadGANs - INFO - Epoch 90/1000 - Time: 2.23s - Loss: critic_x=-0.6794, critic_z=-27.2758, encoder=-36.0097, decoder=0.9275
2025-06-24 15:04:41,712 - tadGANs - INFO - Models saved at epoch 90
2025-06-24 15:04:44,042 - tadGANs - INFO - Epoch 91/1000 - Time: 2.33s - Loss: critic_x=-0.6776, critic_z=-27.7585, encoder=-36.5628, decoder=0.9237
2025-06-24 15:04:46,357 - tadGANs - INFO - Epoch 92/1000 - Time: 2.32s - Loss: critic_x=-0.6820, critic_z=-28.2538, encoder=-37.3488, decoder=0.9263
2025-06-24 15:04:48,732 - tadGANs - INFO - Epoch 93/1000 - Time: 2.37s - Loss: critic_x=-0.6812, critic_z=-28.6640, encoder=-37.8685, decoder=0.9160
2025-06-24 15:04:50,963 - tadGANs - INFO - Epoch 94/1000 - Time: 2.23s - Loss: critic_x=-0.6787, critic_z=-29.1038, encoder=-38.5767, decoder=0.9072
2025-06-24 15:04:53,212 - tadGANs - INFO - Epoch 95/1000 - Time: 2.25s - Loss: critic_x=-0.6779, critic_z=-29.4834, encoder=-39.2523, decoder=0.9086
2025-06-24 15:04:55,436 - tadGANs - INFO - Epoch 96/1000 - Time: 2.22s - Loss: critic_x=-0.6766, critic_z=-29.9831, encoder=-39.9557, decoder=0.9057
2025-06-24 15:04:57,829 - tadGANs - INFO - Epoch 97/1000 - Time: 2.39s - Loss: critic_x=-0.6797, critic_z=-30.3987, encoder=-40.6071, decoder=0.9044
2025-06-24 15:05:00,046 - tadGANs - INFO - Epoch 98/1000 - Time: 2.22s - Loss: critic_x=-0.6749, critic_z=-30.9543, encoder=-41.4653, decoder=0.9049
2025-06-24 15:05:02,376 - tadGANs - INFO - Epoch 99/1000 - Time: 2.33s - Loss: critic_x=-0.6790, critic_z=-31.3871, encoder=-42.0201, decoder=0.9109
2025-06-24 15:05:04,631 - tadGANs - INFO - Epoch 100/1000 - Time: 2.26s - Loss: critic_x=-0.6817, critic_z=-31.8128, encoder=-42.7877, decoder=0.9207
2025-06-24 15:05:04,643 - tadGANs - INFO - Models saved at epoch 100
2025-06-24 15:05:06,945 - tadGANs - INFO - Epoch 101/1000 - Time: 2.30s - Loss: critic_x=-0.6793, critic_z=-32.2887, encoder=-43.3710, decoder=0.9125
2025-06-24 15:05:09,325 - tadGANs - INFO - Epoch 102/1000 - Time: 2.38s - Loss: critic_x=-0.6778, critic_z=-32.8061, encoder=-44.2741, decoder=0.9240
2025-06-24 15:05:11,624 - tadGANs - INFO - Epoch 103/1000 - Time: 2.30s - Loss: critic_x=-0.6781, critic_z=-33.2622, encoder=-44.7258, decoder=0.9282
2025-06-24 15:05:13,881 - tadGANs - INFO - Epoch 104/1000 - Time: 2.26s - Loss: critic_x=-0.6742, critic_z=-33.6870, encoder=-45.3869, decoder=0.9189
2025-06-24 15:05:16,133 - tadGANs - INFO - Epoch 105/1000 - Time: 2.25s - Loss: critic_x=-0.6713, critic_z=-34.0945, encoder=-46.2381, decoder=0.9349
2025-06-24 15:05:18,488 - tadGANs - INFO - Epoch 106/1000 - Time: 2.35s - Loss: critic_x=-0.6692, critic_z=-34.6360, encoder=-47.0093, decoder=0.9350
2025-06-24 15:05:20,828 - tadGANs - INFO - Epoch 107/1000 - Time: 2.34s - Loss: critic_x=-0.6679, critic_z=-35.0372, encoder=-47.4369, decoder=0.9341
2025-06-24 15:05:23,132 - tadGANs - INFO - Epoch 108/1000 - Time: 2.30s - Loss: critic_x=-0.6667, critic_z=-35.5826, encoder=-48.4383, decoder=0.9376
2025-06-24 15:05:25,429 - tadGANs - INFO - Epoch 109/1000 - Time: 2.30s - Loss: critic_x=-0.6655, critic_z=-36.0751, encoder=-48.9937, decoder=0.9357
2025-06-24 15:05:27,768 - tadGANs - INFO - Epoch 110/1000 - Time: 2.34s - Loss: critic_x=-0.6662, critic_z=-36.3856, encoder=-49.7382, decoder=0.9354
2025-06-24 15:05:27,780 - tadGANs - INFO - Models saved at epoch 110
2025-06-24 15:05:30,043 - tadGANs - INFO - Epoch 111/1000 - Time: 2.26s - Loss: critic_x=-0.6612, critic_z=-37.0355, encoder=-50.5165, decoder=0.9264
2025-06-24 15:05:32,291 - tadGANs - INFO - Epoch 112/1000 - Time: 2.25s - Loss: critic_x=-0.6667, critic_z=-37.4895, encoder=-51.2961, decoder=0.9334
2025-06-24 15:05:34,560 - tadGANs - INFO - Epoch 113/1000 - Time: 2.27s - Loss: critic_x=-0.6700, critic_z=-37.9640, encoder=-51.8903, decoder=0.9250
2025-06-24 15:05:36,823 - tadGANs - INFO - Epoch 114/1000 - Time: 2.26s - Loss: critic_x=-0.6688, critic_z=-38.3779, encoder=-52.7406, decoder=0.9174
2025-06-24 15:05:39,118 - tadGANs - INFO - Epoch 115/1000 - Time: 2.30s - Loss: critic_x=-0.6668, critic_z=-38.8852, encoder=-53.6693, decoder=0.9026
2025-06-24 15:05:41,398 - tadGANs - INFO - Epoch 116/1000 - Time: 2.28s - Loss: critic_x=-0.6657, critic_z=-39.4784, encoder=-54.1845, decoder=0.8897
2025-06-24 15:05:43,587 - tadGANs - INFO - Epoch 117/1000 - Time: 2.19s - Loss: critic_x=-0.6633, critic_z=-40.0176, encoder=-55.1483, decoder=0.8870
2025-06-24 15:05:45,901 - tadGANs - INFO - Epoch 118/1000 - Time: 2.31s - Loss: critic_x=-0.6639, critic_z=-40.3867, encoder=-55.8324, decoder=0.8785
2025-06-24 15:05:48,105 - tadGANs - INFO - Epoch 119/1000 - Time: 2.20s - Loss: critic_x=-0.6638, critic_z=-40.8750, encoder=-56.7277, decoder=0.8750
2025-06-24 15:05:50,365 - tadGANs - INFO - Epoch 120/1000 - Time: 2.26s - Loss: critic_x=-0.6618, critic_z=-41.3880, encoder=-57.1575, decoder=0.8597
2025-06-24 15:05:50,378 - tadGANs - INFO - Models saved at epoch 120
2025-06-24 15:05:52,651 - tadGANs - INFO - Epoch 121/1000 - Time: 2.27s - Loss: critic_x=-0.6624, critic_z=-42.0228, encoder=-58.1892, decoder=0.8628
2025-06-24 15:05:54,906 - tadGANs - INFO - Epoch 122/1000 - Time: 2.25s - Loss: critic_x=-0.6643, critic_z=-42.4679, encoder=-58.9486, decoder=0.8508
2025-06-24 15:05:57,148 - tadGANs - INFO - Epoch 123/1000 - Time: 2.24s - Loss: critic_x=-0.6649, critic_z=-42.9216, encoder=-59.8548, decoder=0.8621
2025-06-24 15:05:59,420 - tadGANs - INFO - Epoch 124/1000 - Time: 2.27s - Loss: critic_x=-0.6649, critic_z=-43.3447, encoder=-60.4985, decoder=0.8515
2025-06-24 15:06:01,724 - tadGANs - INFO - Epoch 125/1000 - Time: 2.30s - Loss: critic_x=-0.6638, critic_z=-43.8899, encoder=-61.0730, decoder=0.8411
2025-06-24 15:06:04,079 - tadGANs - INFO - Epoch 126/1000 - Time: 2.35s - Loss: critic_x=-0.6642, critic_z=-44.3603, encoder=-61.9989, decoder=0.8520
2025-06-24 15:06:06,791 - tadGANs - INFO - Epoch 127/1000 - Time: 2.71s - Loss: critic_x=-0.6622, critic_z=-45.0293, encoder=-62.7647, decoder=0.8417
2025-06-24 15:06:09,175 - tadGANs - INFO - Epoch 128/1000 - Time: 2.38s - Loss: critic_x=-0.6597, critic_z=-45.5197, encoder=-63.8143, decoder=0.8390
2025-06-24 15:06:11,444 - tadGANs - INFO - Epoch 129/1000 - Time: 2.27s - Loss: critic_x=-0.6599, critic_z=-46.0573, encoder=-64.4167, decoder=0.8406
2025-06-24 15:06:13,728 - tadGANs - INFO - Epoch 130/1000 - Time: 2.28s - Loss: critic_x=-0.6533, critic_z=-46.4655, encoder=-65.4129, decoder=0.8398
2025-06-24 15:06:13,739 - tadGANs - INFO - Models saved at epoch 130
2025-06-24 15:06:16,318 - tadGANs - INFO - Epoch 131/1000 - Time: 2.58s - Loss: critic_x=-0.6533, critic_z=-46.9894, encoder=-66.1380, decoder=0.8305
2025-06-24 15:06:18,659 - tadGANs - INFO - Epoch 132/1000 - Time: 2.34s - Loss: critic_x=-0.6484, critic_z=-47.5700, encoder=-67.1695, decoder=0.8281
2025-06-24 15:06:21,248 - tadGANs - INFO - Epoch 133/1000 - Time: 2.59s - Loss: critic_x=-0.6521, critic_z=-48.0055, encoder=-67.7290, decoder=0.8259
2025-06-24 15:06:23,593 - tadGANs - INFO - Epoch 134/1000 - Time: 2.34s - Loss: critic_x=-0.6420, critic_z=-48.7385, encoder=-68.5540, decoder=0.8129
2025-06-24 15:06:26,119 - tadGANs - INFO - Epoch 135/1000 - Time: 2.53s - Loss: critic_x=-0.6372, critic_z=-49.0334, encoder=-69.3727, decoder=0.8039
2025-06-24 15:06:28,345 - tadGANs - INFO - Epoch 136/1000 - Time: 2.23s - Loss: critic_x=-0.6316, critic_z=-49.6963, encoder=-70.3618, decoder=0.7898
2025-06-24 15:06:30,612 - tadGANs - INFO - Epoch 137/1000 - Time: 2.27s - Loss: critic_x=-0.6270, critic_z=-50.2406, encoder=-71.1367, decoder=0.7816
2025-06-24 15:06:33,003 - tadGANs - INFO - Epoch 138/1000 - Time: 2.39s - Loss: critic_x=-0.6253, critic_z=-50.6742, encoder=-72.2035, decoder=0.7771
2025-06-24 15:06:35,352 - tadGANs - INFO - Epoch 139/1000 - Time: 2.35s - Loss: critic_x=-0.6165, critic_z=-51.1994, encoder=-72.7090, decoder=0.7712
2025-06-24 15:06:37,811 - tadGANs - INFO - Epoch 140/1000 - Time: 2.46s - Loss: critic_x=-0.6156, critic_z=-51.7755, encoder=-73.9934, decoder=0.7814
2025-06-24 15:06:37,823 - tadGANs - INFO - Models saved at epoch 140
2025-06-24 15:06:40,158 - tadGANs - INFO - Epoch 141/1000 - Time: 2.33s - Loss: critic_x=-0.6052, critic_z=-52.3158, encoder=-74.5807, decoder=0.7560
2025-06-24 15:06:42,848 - tadGANs - INFO - Epoch 142/1000 - Time: 2.69s - Loss: critic_x=-0.6021, critic_z=-52.8304, encoder=-75.5144, decoder=0.7736
2025-06-24 15:06:45,259 - tadGANs - INFO - Epoch 143/1000 - Time: 2.41s - Loss: critic_x=-0.5999, critic_z=-53.3733, encoder=-76.2149, decoder=0.7824
2025-06-24 15:06:47,595 - tadGANs - INFO - Epoch 144/1000 - Time: 2.34s - Loss: critic_x=-0.6006, critic_z=-54.0417, encoder=-77.2312, decoder=0.7766
2025-06-24 15:06:49,842 - tadGANs - INFO - Epoch 145/1000 - Time: 2.25s - Loss: critic_x=-0.5963, critic_z=-54.4854, encoder=-78.1595, decoder=0.7784
2025-06-24 15:06:52,170 - tadGANs - INFO - Epoch 146/1000 - Time: 2.33s - Loss: critic_x=-0.5901, critic_z=-54.9093, encoder=-79.1006, decoder=0.7585
2025-06-24 15:06:54,514 - tadGANs - INFO - Epoch 147/1000 - Time: 2.34s - Loss: critic_x=-0.5841, critic_z=-55.4820, encoder=-79.7008, decoder=0.7643
2025-06-24 15:06:56,802 - tadGANs - INFO - Epoch 148/1000 - Time: 2.29s - Loss: critic_x=-0.5864, critic_z=-56.0907, encoder=-80.9911, decoder=0.7724
2025-06-24 15:06:59,163 - tadGANs - INFO - Epoch 149/1000 - Time: 2.36s - Loss: critic_x=-0.5811, critic_z=-56.6146, encoder=-81.3790, decoder=0.7563
2025-06-24 15:07:01,641 - tadGANs - INFO - Epoch 150/1000 - Time: 2.48s - Loss: critic_x=-0.5771, critic_z=-57.0673, encoder=-82.4402, decoder=0.7568
2025-06-24 15:07:01,654 - tadGANs - INFO - Models saved at epoch 150
2025-06-24 15:07:04,106 - tadGANs - INFO - Epoch 151/1000 - Time: 2.45s - Loss: critic_x=-0.5792, critic_z=-57.7985, encoder=-83.4413, decoder=0.7599
2025-06-24 15:07:06,498 - tadGANs - INFO - Epoch 152/1000 - Time: 2.39s - Loss: critic_x=-0.5809, critic_z=-58.4118, encoder=-84.5932, decoder=0.7538
2025-06-24 15:07:08,726 - tadGANs - INFO - Epoch 153/1000 - Time: 2.23s - Loss: critic_x=-0.5735, critic_z=-58.7983, encoder=-85.4511, decoder=0.7529
2025-06-24 15:07:11,026 - tadGANs - INFO - Epoch 154/1000 - Time: 2.30s - Loss: critic_x=-0.5628, critic_z=-59.4041, encoder=-86.2728, decoder=0.7463
2025-06-24 15:07:13,348 - tadGANs - INFO - Epoch 155/1000 - Time: 2.32s - Loss: critic_x=-0.5576, critic_z=-60.0614, encoder=-87.3217, decoder=0.7260
2025-06-24 15:07:15,617 - tadGANs - INFO - Epoch 156/1000 - Time: 2.27s - Loss: critic_x=-0.5515, critic_z=-60.6436, encoder=-87.9368, decoder=0.7375
2025-06-24 15:07:17,946 - tadGANs - INFO - Epoch 157/1000 - Time: 2.33s - Loss: critic_x=-0.5560, critic_z=-61.1709, encoder=-88.9871, decoder=0.7334
2025-06-24 15:07:20,290 - tadGANs - INFO - Epoch 158/1000 - Time: 2.34s - Loss: critic_x=-0.5451, critic_z=-61.9225, encoder=-90.0978, decoder=0.7143
2025-06-24 15:07:22,500 - tadGANs - INFO - Epoch 159/1000 - Time: 2.21s - Loss: critic_x=-0.5472, critic_z=-62.3711, encoder=-90.7950, decoder=0.7308
2025-06-24 15:07:24,737 - tadGANs - INFO - Epoch 160/1000 - Time: 2.24s - Loss: critic_x=-0.5363, critic_z=-62.8699, encoder=-91.8719, decoder=0.7349
2025-06-24 15:07:24,750 - tadGANs - INFO - Models saved at epoch 160
2025-06-24 15:07:27,094 - tadGANs - INFO - Epoch 161/1000 - Time: 2.34s - Loss: critic_x=-0.5357, critic_z=-63.6311, encoder=-92.3834, decoder=0.7311
2025-06-24 15:07:29,310 - tadGANs - INFO - Epoch 162/1000 - Time: 2.22s - Loss: critic_x=-0.5276, critic_z=-64.0681, encoder=-93.5605, decoder=0.7340
2025-06-24 15:07:31,591 - tadGANs - INFO - Epoch 163/1000 - Time: 2.28s - Loss: critic_x=-0.5199, critic_z=-64.6543, encoder=-94.6393, decoder=0.7362
2025-06-24 15:07:33,788 - tadGANs - INFO - Epoch 164/1000 - Time: 2.20s - Loss: critic_x=-0.5251, critic_z=-65.3276, encoder=-95.6599, decoder=0.7350
2025-06-24 15:07:35,974 - tadGANs - INFO - Epoch 165/1000 - Time: 2.19s - Loss: critic_x=-0.5113, critic_z=-65.7532, encoder=-96.8497, decoder=0.7347
2025-06-24 15:07:38,155 - tadGANs - INFO - Epoch 166/1000 - Time: 2.18s - Loss: critic_x=-0.5142, critic_z=-66.4308, encoder=-97.2227, decoder=0.7480
2025-06-24 15:07:40,347 - tadGANs - INFO - Epoch 167/1000 - Time: 2.19s - Loss: critic_x=-0.5103, critic_z=-67.0701, encoder=-98.5751, decoder=0.7391
2025-06-24 15:07:42,564 - tadGANs - INFO - Epoch 168/1000 - Time: 2.22s - Loss: critic_x=-0.4982, critic_z=-67.8143, encoder=-99.8367, decoder=0.7342
2025-06-24 15:07:44,795 - tadGANs - INFO - Epoch 169/1000 - Time: 2.23s - Loss: critic_x=-0.4977, critic_z=-68.3669, encoder=-100.4135, decoder=0.7344
2025-06-24 15:07:47,067 - tadGANs - INFO - Epoch 170/1000 - Time: 2.27s - Loss: critic_x=-0.4946, critic_z=-68.8285, encoder=-101.4559, decoder=0.7219
2025-06-24 15:07:47,078 - tadGANs - INFO - Models saved at epoch 170
2025-06-24 15:07:49,283 - tadGANs - INFO - Epoch 171/1000 - Time: 2.21s - Loss: critic_x=-0.4996, critic_z=-69.5011, encoder=-102.6775, decoder=0.7573
2025-06-24 15:07:51,566 - tadGANs - INFO - Epoch 172/1000 - Time: 2.28s - Loss: critic_x=-0.4858, critic_z=-70.0011, encoder=-103.4842, decoder=0.7458
2025-06-24 15:07:53,831 - tadGANs - INFO - Epoch 173/1000 - Time: 2.26s - Loss: critic_x=-0.4786, critic_z=-70.6229, encoder=-104.2350, decoder=0.7456
2025-06-24 15:07:56,053 - tadGANs - INFO - Epoch 174/1000 - Time: 2.22s - Loss: critic_x=-0.4818, critic_z=-71.1640, encoder=-105.2183, decoder=0.7327
2025-06-24 15:07:58,188 - tadGANs - INFO - Epoch 175/1000 - Time: 2.14s - Loss: critic_x=-0.4735, critic_z=-72.0173, encoder=-106.3273, decoder=0.7391
2025-06-24 15:08:00,380 - tadGANs - INFO - Epoch 176/1000 - Time: 2.19s - Loss: critic_x=-0.4668, critic_z=-72.3417, encoder=-107.2747, decoder=0.7275
2025-06-24 15:08:02,538 - tadGANs - INFO - Epoch 177/1000 - Time: 2.16s - Loss: critic_x=-0.4567, critic_z=-72.8865, encoder=-108.3176, decoder=0.7139
2025-06-24 15:08:04,726 - tadGANs - INFO - Epoch 178/1000 - Time: 2.19s - Loss: critic_x=-0.4540, critic_z=-73.7151, encoder=-109.1708, decoder=0.7126
2025-06-24 15:08:06,835 - tadGANs - INFO - Epoch 179/1000 - Time: 2.11s - Loss: critic_x=-0.4584, critic_z=-74.2504, encoder=-110.8166, decoder=0.7179
2025-06-24 15:08:09,087 - tadGANs - INFO - Epoch 180/1000 - Time: 2.25s - Loss: critic_x=-0.4451, critic_z=-75.0342, encoder=-111.5437, decoder=0.7109
2025-06-24 15:08:09,099 - tadGANs - INFO - Models saved at epoch 180
2025-06-24 15:08:11,317 - tadGANs - INFO - Epoch 181/1000 - Time: 2.22s - Loss: critic_x=-0.4466, critic_z=-75.4634, encoder=-112.2348, decoder=0.7153
2025-06-24 15:08:13,529 - tadGANs - INFO - Epoch 182/1000 - Time: 2.21s - Loss: critic_x=-0.4395, critic_z=-76.3338, encoder=-114.0227, decoder=0.7069
2025-06-24 15:08:15,953 - tadGANs - INFO - Epoch 183/1000 - Time: 2.42s - Loss: critic_x=-0.4330, critic_z=-76.8947, encoder=-114.6646, decoder=0.7040
2025-06-24 15:08:18,287 - tadGANs - INFO - Epoch 184/1000 - Time: 2.33s - Loss: critic_x=-0.4255, critic_z=-77.2257, encoder=-115.6064, decoder=0.7009
2025-06-24 15:08:20,774 - tadGANs - INFO - Epoch 185/1000 - Time: 2.49s - Loss: critic_x=-0.4180, critic_z=-78.0087, encoder=-116.8756, decoder=0.7114
2025-06-24 15:08:23,206 - tadGANs - INFO - Epoch 186/1000 - Time: 2.43s - Loss: critic_x=-0.4166, critic_z=-78.6394, encoder=-117.5328, decoder=0.7109
2025-06-24 15:08:25,601 - tadGANs - INFO - Epoch 187/1000 - Time: 2.39s - Loss: critic_x=-0.4052, critic_z=-79.3382, encoder=-118.7449, decoder=0.6968
2025-06-24 15:08:27,982 - tadGANs - INFO - Epoch 188/1000 - Time: 2.38s - Loss: critic_x=-0.4000, critic_z=-79.8363, encoder=-119.7386, decoder=0.7033
2025-06-24 15:08:30,333 - tadGANs - INFO - Epoch 189/1000 - Time: 2.35s - Loss: critic_x=-0.3930, critic_z=-80.5867, encoder=-120.8956, decoder=0.6975
2025-06-24 15:08:32,763 - tadGANs - INFO - Epoch 190/1000 - Time: 2.43s - Loss: critic_x=-0.3954, critic_z=-81.4375, encoder=-122.0433, decoder=0.7039
2025-06-24 15:08:32,777 - tadGANs - INFO - Models saved at epoch 190
2025-06-24 15:08:35,204 - tadGANs - INFO - Epoch 191/1000 - Time: 2.43s - Loss: critic_x=-0.3842, critic_z=-81.7884, encoder=-123.2158, decoder=0.7114
2025-06-24 15:08:37,577 - tadGANs - INFO - Epoch 192/1000 - Time: 2.37s - Loss: critic_x=-0.3765, critic_z=-82.7285, encoder=-124.6089, decoder=0.7039
2025-06-24 15:08:40,007 - tadGANs - INFO - Epoch 193/1000 - Time: 2.43s - Loss: critic_x=-0.3763, critic_z=-83.5442, encoder=-125.2900, decoder=0.7102
2025-06-24 15:08:42,347 - tadGANs - INFO - Epoch 194/1000 - Time: 2.34s - Loss: critic_x=-0.3705, critic_z=-84.0520, encoder=-126.9684, decoder=0.7045
2025-06-24 15:08:44,773 - tadGANs - INFO - Epoch 195/1000 - Time: 2.42s - Loss: critic_x=-0.3631, critic_z=-84.2225, encoder=-127.1644, decoder=0.6991
2025-06-24 15:08:47,159 - tadGANs - INFO - Epoch 196/1000 - Time: 2.39s - Loss: critic_x=-0.3600, critic_z=-85.1890, encoder=-128.6733, decoder=0.6992
2025-06-24 15:08:49,504 - tadGANs - INFO - Epoch 197/1000 - Time: 2.34s - Loss: critic_x=-0.3523, critic_z=-86.0227, encoder=-130.1654, decoder=0.7192
2025-06-24 15:08:51,703 - tadGANs - INFO - Epoch 198/1000 - Time: 2.20s - Loss: critic_x=-0.3411, critic_z=-86.4832, encoder=-130.8769, decoder=0.6864
2025-06-24 15:08:53,988 - tadGANs - INFO - Epoch 199/1000 - Time: 2.28s - Loss: critic_x=-0.3363, critic_z=-87.3108, encoder=-132.3687, decoder=0.6904
2025-06-24 15:08:56,390 - tadGANs - INFO - Epoch 200/1000 - Time: 2.40s - Loss: critic_x=-0.3251, critic_z=-87.8303, encoder=-132.9910, decoder=0.6763
2025-06-24 15:08:56,402 - tadGANs - INFO - Models saved at epoch 200
2025-06-24 15:08:58,709 - tadGANs - INFO - Epoch 201/1000 - Time: 2.31s - Loss: critic_x=-0.3169, critic_z=-88.4984, encoder=-133.9953, decoder=0.6698
2025-06-24 15:09:01,147 - tadGANs - INFO - Epoch 202/1000 - Time: 2.44s - Loss: critic_x=-0.3111, critic_z=-89.2220, encoder=-135.3556, decoder=0.6749
2025-06-24 15:09:03,454 - tadGANs - INFO - Epoch 203/1000 - Time: 2.31s - Loss: critic_x=-0.3012, critic_z=-90.0966, encoder=-136.3935, decoder=0.6714
2025-06-24 15:09:05,782 - tadGANs - INFO - Epoch 204/1000 - Time: 2.33s - Loss: critic_x=-0.2912, critic_z=-90.6322, encoder=-137.8062, decoder=0.6608
2025-06-24 15:09:08,020 - tadGANs - INFO - Epoch 205/1000 - Time: 2.24s - Loss: critic_x=-0.2893, critic_z=-91.1936, encoder=-138.6408, decoder=0.6596
2025-06-24 15:09:10,243 - tadGANs - INFO - Epoch 206/1000 - Time: 2.22s - Loss: critic_x=-0.2735, critic_z=-92.1846, encoder=-140.3136, decoder=0.6434
2025-06-24 15:09:12,442 - tadGANs - INFO - Epoch 207/1000 - Time: 2.20s - Loss: critic_x=-0.2757, critic_z=-92.8627, encoder=-141.2687, decoder=0.6579
2025-06-24 15:09:14,692 - tadGANs - INFO - Epoch 208/1000 - Time: 2.25s - Loss: critic_x=-0.2555, critic_z=-93.6085, encoder=-142.4203, decoder=0.6340
2025-06-24 15:09:16,945 - tadGANs - INFO - Epoch 209/1000 - Time: 2.25s - Loss: critic_x=-0.2572, critic_z=-93.8344, encoder=-142.7537, decoder=0.6729
2025-06-24 15:09:19,233 - tadGANs - INFO - Epoch 210/1000 - Time: 2.29s - Loss: critic_x=-0.2543, critic_z=-94.6843, encoder=-144.2260, decoder=0.6542
2025-06-24 15:09:19,246 - tadGANs - INFO - Models saved at epoch 210
2025-06-24 15:09:22,796 - tadGANs - INFO - Epoch 211/1000 - Time: 3.55s - Loss: critic_x=-0.2418, critic_z=-95.2798, encoder=-145.9514, decoder=0.6433
2025-06-24 15:09:25,046 - tadGANs - INFO - Epoch 212/1000 - Time: 2.25s - Loss: critic_x=-0.2257, critic_z=-96.0352, encoder=-147.1890, decoder=0.6531
2025-06-24 15:09:27,305 - tadGANs - INFO - Epoch 213/1000 - Time: 2.26s - Loss: critic_x=-0.2217, critic_z=-96.9561, encoder=-148.6300, decoder=0.6411
2025-06-24 15:09:29,502 - tadGANs - INFO - Epoch 214/1000 - Time: 2.20s - Loss: critic_x=-0.1960, critic_z=-97.3684, encoder=-149.5932, decoder=0.6515
2025-06-24 15:09:31,673 - tadGANs - INFO - Epoch 215/1000 - Time: 2.17s - Loss: critic_x=-0.1905, critic_z=-98.1526, encoder=-150.5953, decoder=0.5867
2025-06-24 15:09:33,831 - tadGANs - INFO - Epoch 216/1000 - Time: 2.16s - Loss: critic_x=-0.1771, critic_z=-99.2507, encoder=-151.4614, decoder=0.5851
2025-06-24 15:09:36,054 - tadGANs - INFO - Epoch 217/1000 - Time: 2.22s - Loss: critic_x=-0.1584, critic_z=-99.5416, encoder=-152.8219, decoder=0.6041
2025-06-24 15:09:38,262 - tadGANs - INFO - Epoch 218/1000 - Time: 2.21s - Loss: critic_x=-0.1647, critic_z=-100.1749, encoder=-153.8435, decoder=0.5777
2025-06-24 15:09:40,523 - tadGANs - INFO - Epoch 219/1000 - Time: 2.26s - Loss: critic_x=-0.1463, critic_z=-101.3387, encoder=-155.7240, decoder=0.5765
2025-06-24 15:09:42,708 - tadGANs - INFO - Epoch 220/1000 - Time: 2.19s - Loss: critic_x=-0.1354, critic_z=-101.5944, encoder=-156.1101, decoder=0.6083
2025-06-24 15:09:42,719 - tadGANs - INFO - Models saved at epoch 220
2025-06-24 15:09:44,898 - tadGANs - INFO - Epoch 221/1000 - Time: 2.18s - Loss: critic_x=-0.1251, critic_z=-102.2663, encoder=-157.4648, decoder=0.5796
2025-06-24 15:09:47,069 - tadGANs - INFO - Epoch 222/1000 - Time: 2.17s - Loss: critic_x=-0.1234, critic_z=-103.2079, encoder=-158.8982, decoder=0.6100
2025-06-24 15:09:49,286 - tadGANs - INFO - Epoch 223/1000 - Time: 2.22s - Loss: critic_x=-0.0981, critic_z=-103.7833, encoder=-159.9503, decoder=0.5915
2025-06-24 15:09:51,421 - tadGANs - INFO - Epoch 224/1000 - Time: 2.13s - Loss: critic_x=-0.1048, critic_z=-104.5599, encoder=-161.5184, decoder=0.5971
2025-06-24 15:09:53,543 - tadGANs - INFO - Epoch 225/1000 - Time: 2.12s - Loss: critic_x=-0.0969, critic_z=-105.4851, encoder=-162.9556, decoder=0.6277
2025-06-24 15:09:55,742 - tadGANs - INFO - Epoch 226/1000 - Time: 2.20s - Loss: critic_x=-0.0753, critic_z=-105.8549, encoder=-164.1200, decoder=0.6317
2025-06-24 15:09:57,983 - tadGANs - INFO - Epoch 227/1000 - Time: 2.24s - Loss: critic_x=-0.0722, critic_z=-106.6700, encoder=-165.3324, decoder=0.6660
2025-06-24 15:10:00,296 - tadGANs - INFO - Epoch 228/1000 - Time: 2.31s - Loss: critic_x=-0.0767, critic_z=-107.6147, encoder=-166.6698, decoder=0.6900
2025-06-24 15:10:02,504 - tadGANs - INFO - Epoch 229/1000 - Time: 2.21s - Loss: critic_x=-0.0834, critic_z=-108.5220, encoder=-167.6746, decoder=0.6964
2025-06-24 15:10:04,832 - tadGANs - INFO - Epoch 230/1000 - Time: 2.33s - Loss: critic_x=-0.0808, critic_z=-108.9646, encoder=-169.4340, decoder=0.7361
2025-06-24 15:10:04,844 - tadGANs - INFO - Models saved at epoch 230
2025-06-24 15:10:07,071 - tadGANs - INFO - Epoch 231/1000 - Time: 2.23s - Loss: critic_x=-0.0847, critic_z=-109.7120, encoder=-170.7064, decoder=0.7700
2025-06-24 15:10:09,274 - tadGANs - INFO - Epoch 232/1000 - Time: 2.20s - Loss: critic_x=-0.0853, critic_z=-110.5597, encoder=-171.9877, decoder=0.8042
2025-06-24 15:10:11,521 - tadGANs - INFO - Epoch 233/1000 - Time: 2.25s - Loss: critic_x=-0.0920, critic_z=-111.2668, encoder=-173.0155, decoder=0.8226
2025-06-24 15:10:13,762 - tadGANs - INFO - Epoch 234/1000 - Time: 2.24s - Loss: critic_x=-0.0983, critic_z=-112.0885, encoder=-173.6414, decoder=0.8597
2025-06-24 15:10:15,999 - tadGANs - INFO - Epoch 235/1000 - Time: 2.24s - Loss: critic_x=-0.1040, critic_z=-112.8764, encoder=-175.7819, decoder=0.9020
2025-06-24 15:10:18,242 - tadGANs - INFO - Epoch 236/1000 - Time: 2.24s - Loss: critic_x=-0.1075, critic_z=-113.3331, encoder=-176.5628, decoder=0.9324
2025-06-24 15:10:20,517 - tadGANs - INFO - Epoch 237/1000 - Time: 2.27s - Loss: critic_x=-0.1168, critic_z=-114.1131, encoder=-177.6998, decoder=0.9514
2025-06-24 15:10:22,723 - tadGANs - INFO - Epoch 238/1000 - Time: 2.21s - Loss: critic_x=-0.1201, critic_z=-114.7840, encoder=-179.3389, decoder=0.9717
2025-06-24 15:10:24,944 - tadGANs - INFO - Epoch 239/1000 - Time: 2.22s - Loss: critic_x=-0.1243, critic_z=-115.6492, encoder=-179.7967, decoder=1.0213
2025-06-24 15:10:27,082 - tadGANs - INFO - Epoch 240/1000 - Time: 2.14s - Loss: critic_x=-0.1282, critic_z=-116.3805, encoder=-181.8751, decoder=1.0582
2025-06-24 15:10:27,093 - tadGANs - INFO - Models saved at epoch 240
2025-06-24 15:10:29,388 - tadGANs - INFO - Epoch 241/1000 - Time: 2.29s - Loss: critic_x=-0.1336, critic_z=-117.1250, encoder=-182.3819, decoder=1.0865
2025-06-24 15:10:31,121 - tadGANs - INFO - Using device: cuda
2025-06-24 15:10:31,121 - tadGANs - INFO - Found 1 Excel files: ['de30_1day.xlsx']
2025-06-24 15:10:31,395 - tadGANs - WARNING - No recognizable signal column found in de30_1day.xlsx. Using first column.
2025-06-24 15:10:31,485 - tadGANs - INFO - Converted de30_1day.xlsx to csv_data/de30_1day.csv
2025-06-24 15:10:31,486 - tadGANs - INFO - Processing csv_data/de30_1day.csv
2025-06-24 15:10:31,501 - tadGANs - INFO - Training new models
2025-06-24 15:10:31,838 - tadGANs - INFO - Epoch 242/1000 - Time: 2.45s - Loss: critic_x=-0.1318, critic_z=-118.0963, encoder=-184.8077, decoder=1.1031
2025-06-24 15:10:32,536 - tadGANs - INFO - Starting training
2025-06-24 15:10:34,413 - tadGANs - INFO - Epoch 243/1000 - Time: 2.57s - Loss: critic_x=-0.1338, critic_z=-118.5072, encoder=-185.6342, decoder=1.1214
2025-06-24 15:10:36,235 - tadGANs - INFO - Epoch 1/1000 - Time: 3.44s - Loss: critic_x=0.1444, critic_z=5.0635, encoder=0.9435, decoder=0.8391
2025-06-24 15:10:37,328 - tadGANs - INFO - Epoch 244/1000 - Time: 2.92s - Loss: critic_x=-0.1300, critic_z=-119.2697, encoder=-186.7519, decoder=1.1336
2025-06-24 15:10:39,229 - tadGANs - INFO - Epoch 2/1000 - Time: 2.99s - Loss: critic_x=-0.0696, critic_z=4.8040, encoder=0.9200, decoder=0.8265
2025-06-24 15:10:40,150 - tadGANs - INFO - Epoch 245/1000 - Time: 2.82s - Loss: critic_x=-0.1313, critic_z=-120.6533, encoder=-188.5082, decoder=1.1336
2025-06-24 15:10:42,132 - tadGANs - INFO - Epoch 3/1000 - Time: 2.90s - Loss: critic_x=-0.1537, critic_z=4.5691, encoder=0.9195, decoder=0.8382
2025-06-24 15:10:43,085 - tadGANs - INFO - Epoch 246/1000 - Time: 2.94s - Loss: critic_x=-0.1199, critic_z=-120.9578, encoder=-189.7837, decoder=1.1428
2025-06-24 15:10:45,053 - tadGANs - INFO - Epoch 4/1000 - Time: 2.92s - Loss: critic_x=-0.2111, critic_z=4.3164, encoder=0.9015, decoder=0.8331
2025-06-24 15:10:45,910 - tadGANs - INFO - Epoch 247/1000 - Time: 2.82s - Loss: critic_x=-0.1128, critic_z=-122.0420, encoder=-192.2412, decoder=1.1371
2025-06-24 15:10:48,026 - tadGANs - INFO - Epoch 5/1000 - Time: 2.97s - Loss: critic_x=-0.2657, critic_z=4.0818, encoder=0.8908, decoder=0.8359
2025-06-24 15:10:48,833 - tadGANs - INFO - Epoch 248/1000 - Time: 2.92s - Loss: critic_x=-0.1179, critic_z=-122.5999, encoder=-192.4861, decoder=1.1328
2025-06-24 15:10:50,945 - tadGANs - INFO - Epoch 6/1000 - Time: 2.92s - Loss: critic_x=-0.3204, critic_z=3.8164, encoder=0.8772, decoder=0.8362
2025-06-24 15:10:51,746 - tadGANs - INFO - Epoch 249/1000 - Time: 2.91s - Loss: critic_x=-0.1083, critic_z=-123.4415, encoder=-193.9077, decoder=1.1417
2025-06-24 15:10:53,955 - tadGANs - INFO - Epoch 7/1000 - Time: 3.01s - Loss: critic_x=-0.3778, critic_z=3.5771, encoder=0.8637, decoder=0.8389
2025-06-24 15:10:54,701 - tadGANs - INFO - Epoch 250/1000 - Time: 2.95s - Loss: critic_x=-0.1068, critic_z=-124.3153, encoder=-195.2180, decoder=1.1238
2025-06-24 15:10:54,715 - tadGANs - INFO - Models saved at epoch 250
2025-06-24 15:10:56,877 - tadGANs - INFO - Epoch 8/1000 - Time: 2.92s - Loss: critic_x=-0.4351, critic_z=3.3234, encoder=0.8388, decoder=0.8321
2025-06-24 15:10:57,626 - tadGANs - INFO - Epoch 251/1000 - Time: 2.91s - Loss: critic_x=-0.1029, critic_z=-125.0534, encoder=-196.6134, decoder=1.1146
2025-06-24 15:10:59,897 - tadGANs - INFO - Epoch 9/1000 - Time: 3.02s - Loss: critic_x=-0.4905, critic_z=3.0644, encoder=0.8220, decoder=0.8364
2025-06-24 15:11:00,513 - tadGANs - INFO - Epoch 252/1000 - Time: 2.89s - Loss: critic_x=-0.1019, critic_z=-125.9386, encoder=-197.9153, decoder=1.0870
2025-06-24 15:11:02,905 - tadGANs - INFO - Epoch 10/1000 - Time: 3.01s - Loss: critic_x=-0.5411, critic_z=2.8313, encoder=0.7985, decoder=0.8357
2025-06-24 15:11:02,925 - tadGANs - INFO - Models saved at epoch 10
2025-06-24 15:11:03,339 - tadGANs - INFO - Epoch 253/1000 - Time: 2.83s - Loss: critic_x=-0.0956, critic_z=-126.3557, encoder=-199.6759, decoder=1.0976
2025-06-24 15:11:05,867 - tadGANs - INFO - Epoch 11/1000 - Time: 2.94s - Loss: critic_x=-0.5857, critic_z=2.5792, encoder=0.7712, decoder=0.8352
2025-06-24 15:11:06,230 - tadGANs - INFO - Epoch 254/1000 - Time: 2.89s - Loss: critic_x=-0.0965, critic_z=-127.2707, encoder=-201.3188, decoder=1.0765
2025-06-24 15:11:08,857 - tadGANs - INFO - Epoch 12/1000 - Time: 2.99s - Loss: critic_x=-0.6266, critic_z=2.3745, encoder=0.7442, decoder=0.8402
2025-06-24 15:11:09,137 - tadGANs - INFO - Epoch 255/1000 - Time: 2.91s - Loss: critic_x=-0.0958, critic_z=-128.2512, encoder=-202.5246, decoder=1.0723
2025-06-24 15:11:11,895 - tadGANs - INFO - Epoch 13/1000 - Time: 3.04s - Loss: critic_x=-0.6597, critic_z=2.1094, encoder=0.7043, decoder=0.8377
2025-06-24 15:11:12,016 - tadGANs - INFO - Epoch 256/1000 - Time: 2.88s - Loss: critic_x=-0.0953, critic_z=-128.7983, encoder=-203.3999, decoder=1.0560
2025-06-24 15:11:14,835 - tadGANs - INFO - Epoch 14/1000 - Time: 2.94s - Loss: critic_x=-0.6888, critic_z=1.8725, encoder=0.6636, decoder=0.8432
2025-06-24 15:11:14,911 - tadGANs - INFO - Epoch 257/1000 - Time: 2.89s - Loss: critic_x=-0.0957, critic_z=-129.7079, encoder=-205.0629, decoder=1.0261
2025-06-24 15:11:17,766 - tadGANs - INFO - Epoch 15/1000 - Time: 2.93s - Loss: critic_x=-0.7131, critic_z=1.6242, encoder=0.6102, decoder=0.8448
2025-06-24 15:11:17,832 - tadGANs - INFO - Epoch 258/1000 - Time: 2.92s - Loss: critic_x=-0.0973, critic_z=-130.1897, encoder=-206.1096, decoder=1.0144
2025-06-24 15:11:20,690 - tadGANs - INFO - Epoch 16/1000 - Time: 2.92s - Loss: critic_x=-0.7334, critic_z=1.3499, encoder=0.5341, decoder=0.8324
2025-06-24 15:11:20,752 - tadGANs - INFO - Epoch 259/1000 - Time: 2.92s - Loss: critic_x=-0.1001, critic_z=-131.3459, encoder=-207.4712, decoder=0.9986
2025-06-24 15:11:23,652 - tadGANs - INFO - Epoch 17/1000 - Time: 2.96s - Loss: critic_x=-0.7556, critic_z=1.0929, encoder=0.4608, decoder=0.8400
2025-06-24 15:11:23,656 - tadGANs - INFO - Epoch 260/1000 - Time: 2.90s - Loss: critic_x=-0.1029, critic_z=-132.1872, encoder=-209.3595, decoder=0.9883
2025-06-24 15:11:23,669 - tadGANs - INFO - Models saved at epoch 260
2025-06-24 15:11:26,524 - tadGANs - INFO - Epoch 18/1000 - Time: 2.87s - Loss: critic_x=-0.7681, critic_z=0.8188, encoder=0.3589, decoder=0.8278
2025-06-24 15:11:26,613 - tadGANs - INFO - Epoch 261/1000 - Time: 2.94s - Loss: critic_x=-0.1062, critic_z=-133.0209, encoder=-210.1646, decoder=0.9646
2025-06-24 15:11:29,474 - tadGANs - INFO - Epoch 19/1000 - Time: 2.95s - Loss: critic_x=-0.7841, critic_z=0.5531, encoder=0.2606, decoder=0.8381
2025-06-24 15:11:29,519 - tadGANs - INFO - Epoch 262/1000 - Time: 2.91s - Loss: critic_x=-0.1100, critic_z=-133.9166, encoder=-211.4753, decoder=0.9392
2025-06-24 15:11:32,433 - tadGANs - INFO - Epoch 20/1000 - Time: 2.96s - Loss: critic_x=-0.7928, critic_z=0.2911, encoder=0.1411, decoder=0.8360
2025-06-24 15:11:32,451 - tadGANs - INFO - Models saved at epoch 20
2025-06-24 15:11:32,500 - tadGANs - INFO - Epoch 263/1000 - Time: 2.98s - Loss: critic_x=-0.1134, critic_z=-134.5109, encoder=-213.1867, decoder=0.9161
2025-06-24 15:11:35,313 - tadGANs - INFO - Epoch 21/1000 - Time: 2.86s - Loss: critic_x=-0.8013, critic_z=0.0040, encoder=0.0108, decoder=0.8350
2025-06-24 15:11:35,575 - tadGANs - INFO - Epoch 264/1000 - Time: 3.08s - Loss: critic_x=-0.1163, critic_z=-135.2593, encoder=-214.7725, decoder=0.8956
2025-06-24 15:11:38,211 - tadGANs - INFO - Epoch 22/1000 - Time: 2.90s - Loss: critic_x=-0.8086, critic_z=-0.2446, encoder=-0.1328, decoder=0.8356
2025-06-24 15:11:38,526 - tadGANs - INFO - Epoch 265/1000 - Time: 2.95s - Loss: critic_x=-0.1174, critic_z=-135.9466, encoder=-215.7736, decoder=0.8743
2025-06-24 15:11:41,138 - tadGANs - INFO - Epoch 23/1000 - Time: 2.93s - Loss: critic_x=-0.8166, critic_z=-0.5228, encoder=-0.2976, decoder=0.8269
2025-06-24 15:11:41,407 - tadGANs - INFO - Epoch 266/1000 - Time: 2.88s - Loss: critic_x=-0.1212, critic_z=-137.0178, encoder=-217.8481, decoder=0.8513
2025-06-24 15:11:44,011 - tadGANs - INFO - Epoch 24/1000 - Time: 2.87s - Loss: critic_x=-0.8220, critic_z=-0.7972, encoder=-0.4698, decoder=0.8246
2025-06-24 15:11:44,316 - tadGANs - INFO - Epoch 267/1000 - Time: 2.91s - Loss: critic_x=-0.1204, critic_z=-137.4622, encoder=-218.2273, decoder=0.8283
2025-06-24 15:11:46,955 - tadGANs - INFO - Epoch 25/1000 - Time: 2.94s - Loss: critic_x=-0.8288, critic_z=-1.0811, encoder=-0.6618, decoder=0.8322
2025-06-24 15:11:47,230 - tadGANs - INFO - Epoch 268/1000 - Time: 2.91s - Loss: critic_x=-0.1231, critic_z=-138.5664, encoder=-219.9201, decoder=0.8242
2025-06-24 15:11:49,978 - tadGANs - INFO - Epoch 26/1000 - Time: 3.02s - Loss: critic_x=-0.8339, critic_z=-1.3819, encoder=-0.8643, decoder=0.8236
2025-06-24 15:11:50,086 - tadGANs - INFO - Epoch 269/1000 - Time: 2.86s - Loss: critic_x=-0.1198, critic_z=-139.5039, encoder=-221.5825, decoder=0.8172
2025-06-24 15:11:52,998 - tadGANs - INFO - Epoch 27/1000 - Time: 3.02s - Loss: critic_x=-0.8371, critic_z=-1.6621, encoder=-1.0924, decoder=0.8275
2025-06-24 15:11:53,006 - tadGANs - INFO - Epoch 270/1000 - Time: 2.92s - Loss: critic_x=-0.1188, critic_z=-139.9951, encoder=-222.4383, decoder=0.7995
2025-06-24 15:11:53,018 - tadGANs - INFO - Models saved at epoch 270
2025-06-24 15:11:55,884 - tadGANs - INFO - Epoch 28/1000 - Time: 2.89s - Loss: critic_x=-0.8392, critic_z=-1.9873, encoder=-1.3238, decoder=0.8230
2025-06-24 15:11:55,919 - tadGANs - INFO - Epoch 271/1000 - Time: 2.90s - Loss: critic_x=-0.1186, critic_z=-141.1829, encoder=-225.0172, decoder=0.7862
2025-06-24 15:11:58,803 - tadGANs - INFO - Epoch 29/1000 - Time: 2.92s - Loss: critic_x=-0.8412, critic_z=-2.2933, encoder=-1.5699, decoder=0.8193
2025-06-24 15:11:58,902 - tadGANs - INFO - Epoch 272/1000 - Time: 2.98s - Loss: critic_x=-0.1139, critic_z=-142.0427, encoder=-226.4457, decoder=0.7757
2025-06-24 15:12:01,896 - tadGANs - INFO - Epoch 30/1000 - Time: 3.09s - Loss: critic_x=-0.8375, critic_z=-2.5817, encoder=-1.8475, decoder=0.8141
2025-06-24 15:12:01,916 - tadGANs - INFO - Models saved at epoch 30
2025-06-24 15:12:02,044 - tadGANs - INFO - Epoch 273/1000 - Time: 3.14s - Loss: critic_x=-0.1158, critic_z=-142.8127, encoder=-227.4175, decoder=0.7901
2025-06-24 15:12:04,838 - tadGANs - INFO - Epoch 31/1000 - Time: 2.92s - Loss: critic_x=-0.8395, critic_z=-2.9165, encoder=-2.1236, decoder=0.8142
2025-06-24 15:12:05,128 - tadGANs - INFO - Epoch 274/1000 - Time: 3.08s - Loss: critic_x=-0.1101, critic_z=-143.1123, encoder=-228.2523, decoder=0.7766
2025-06-24 15:12:07,708 - tadGANs - INFO - Epoch 32/1000 - Time: 2.87s - Loss: critic_x=-0.8416, critic_z=-3.2255, encoder=-2.4086, decoder=0.8036
2025-06-24 15:12:07,956 - tadGANs - INFO - Epoch 275/1000 - Time: 2.83s - Loss: critic_x=-0.1117, critic_z=-144.5322, encoder=-229.8757, decoder=0.7791
2025-06-24 15:12:10,725 - tadGANs - INFO - Epoch 33/1000 - Time: 3.02s - Loss: critic_x=-0.8419, critic_z=-3.5728, encoder=-2.7140, decoder=0.8026
2025-06-24 15:12:11,062 - tadGANs - INFO - Epoch 276/1000 - Time: 3.11s - Loss: critic_x=-0.1080, critic_z=-145.3053, encoder=-231.2943, decoder=0.7956
2025-06-24 15:12:13,545 - tadGANs - INFO - Epoch 34/1000 - Time: 2.82s - Loss: critic_x=-0.8391, critic_z=-3.9186, encoder=-3.0356, decoder=0.8074
2025-06-24 15:12:13,913 - tadGANs - INFO - Epoch 277/1000 - Time: 2.85s - Loss: critic_x=-0.1040, critic_z=-145.9651, encoder=-232.9864, decoder=0.7913
2025-06-24 15:12:16,509 - tadGANs - INFO - Epoch 35/1000 - Time: 2.96s - Loss: critic_x=-0.8422, critic_z=-4.2379, encoder=-3.3714, decoder=0.8017
2025-06-24 15:12:16,870 - tadGANs - INFO - Epoch 278/1000 - Time: 2.96s - Loss: critic_x=-0.1075, critic_z=-147.1818, encoder=-234.3750, decoder=0.7984
2025-06-24 15:12:19,369 - tadGANs - INFO - Epoch 36/1000 - Time: 2.86s - Loss: critic_x=-0.8419, critic_z=-4.5838, encoder=-3.7180, decoder=0.8085
2025-06-24 15:12:19,781 - tadGANs - INFO - Epoch 279/1000 - Time: 2.91s - Loss: critic_x=-0.1046, critic_z=-147.7215, encoder=-236.3185, decoder=0.8197
2025-06-24 15:12:22,334 - tadGANs - INFO - Epoch 37/1000 - Time: 2.97s - Loss: critic_x=-0.8462, critic_z=-4.9216, encoder=-4.0865, decoder=0.8087
2025-06-24 15:12:22,773 - tadGANs - INFO - Epoch 280/1000 - Time: 2.99s - Loss: critic_x=-0.1042, critic_z=-148.6029, encoder=-237.2639, decoder=0.8166
2025-06-24 15:12:22,786 - tadGANs - INFO - Models saved at epoch 280
2025-06-24 15:12:25,295 - tadGANs - INFO - Epoch 38/1000 - Time: 2.96s - Loss: critic_x=-0.8521, critic_z=-5.2497, encoder=-4.4667, decoder=0.8169
2025-06-24 15:12:25,720 - tadGANs - INFO - Epoch 281/1000 - Time: 2.93s - Loss: critic_x=-0.1072, critic_z=-149.5252, encoder=-239.1100, decoder=0.8435
2025-06-24 15:12:28,245 - tadGANs - INFO - Epoch 39/1000 - Time: 2.95s - Loss: critic_x=-0.8520, critic_z=-5.6056, encoder=-4.8296, decoder=0.8186
2025-06-24 15:12:28,767 - tadGANs - INFO - Epoch 282/1000 - Time: 3.05s - Loss: critic_x=-0.1094, critic_z=-150.2205, encoder=-240.6189, decoder=0.8577
2025-06-24 15:12:31,176 - tadGANs - INFO - Epoch 40/1000 - Time: 2.93s - Loss: critic_x=-0.8569, critic_z=-5.9926, encoder=-5.2395, decoder=0.8214
2025-06-24 15:12:31,214 - tadGANs - INFO - Models saved at epoch 40
2025-06-24 15:12:31,682 - tadGANs - INFO - Epoch 283/1000 - Time: 2.92s - Loss: critic_x=-0.1124, critic_z=-151.3018, encoder=-242.9833, decoder=0.8791
2025-06-24 15:12:34,228 - tadGANs - INFO - Epoch 41/1000 - Time: 3.01s - Loss: critic_x=-0.8575, critic_z=-6.3325, encoder=-5.6753, decoder=0.8337
2025-06-24 15:12:34,606 - tadGANs - INFO - Epoch 284/1000 - Time: 2.92s - Loss: critic_x=-0.1202, critic_z=-152.2695, encoder=-243.4449, decoder=0.9178
2025-06-24 15:12:37,179 - tadGANs - INFO - Epoch 42/1000 - Time: 2.95s - Loss: critic_x=-0.8595, critic_z=-6.7180, encoder=-6.0920, decoder=0.8333
2025-06-24 15:12:37,550 - tadGANs - INFO - Epoch 285/1000 - Time: 2.94s - Loss: critic_x=-0.1264, critic_z=-153.2377, encoder=-245.4219, decoder=0.9481
2025-06-24 15:12:40,094 - tadGANs - INFO - Epoch 43/1000 - Time: 2.91s - Loss: critic_x=-0.8566, critic_z=-7.1023, encoder=-6.5133, decoder=0.8308
2025-06-24 15:12:40,431 - tadGANs - INFO - Epoch 286/1000 - Time: 2.88s - Loss: critic_x=-0.1332, critic_z=-153.6994, encoder=-247.0445, decoder=0.9745
2025-06-24 15:12:42,836 - tadGANs - INFO - Epoch 44/1000 - Time: 2.74s - Loss: critic_x=-0.8508, critic_z=-7.4391, encoder=-6.9395, decoder=0.8231
2025-06-24 15:12:43,129 - tadGANs - INFO - Epoch 287/1000 - Time: 2.70s - Loss: critic_x=-0.1366, critic_z=-154.8337, encoder=-248.2744, decoder=1.0112
2025-06-24 15:12:45,543 - tadGANs - INFO - Epoch 45/1000 - Time: 2.71s - Loss: critic_x=-0.8512, critic_z=-7.8291, encoder=-7.3945, decoder=0.8203
2025-06-24 15:12:45,900 - tadGANs - INFO - Epoch 288/1000 - Time: 2.77s - Loss: critic_x=-0.1414, critic_z=-155.7114, encoder=-250.2127, decoder=1.0377
2025-06-24 15:12:48,349 - tadGANs - INFO - Epoch 46/1000 - Time: 2.81s - Loss: critic_x=-0.8527, critic_z=-8.2051, encoder=-7.8814, decoder=0.8251
2025-06-24 15:12:48,702 - tadGANs - INFO - Epoch 289/1000 - Time: 2.80s - Loss: critic_x=-0.1433, critic_z=-156.8174, encoder=-251.3855, decoder=1.0603
2025-06-24 15:12:51,129 - tadGANs - INFO - Epoch 47/1000 - Time: 2.78s - Loss: critic_x=-0.8522, critic_z=-8.5807, encoder=-8.3547, decoder=0.8124
2025-06-24 15:12:51,473 - tadGANs - INFO - Epoch 290/1000 - Time: 2.77s - Loss: critic_x=-0.1463, critic_z=-157.2627, encoder=-253.4361, decoder=1.0940
2025-06-24 15:12:51,494 - tadGANs - INFO - Models saved at epoch 290
2025-06-24 15:12:53,998 - tadGANs - INFO - Epoch 48/1000 - Time: 2.87s - Loss: critic_x=-0.8460, critic_z=-8.9428, encoder=-8.7825, decoder=0.7956
2025-06-24 15:12:54,343 - tadGANs - INFO - Epoch 291/1000 - Time: 2.85s - Loss: critic_x=-0.1480, critic_z=-158.5137, encoder=-254.6907, decoder=1.1008
2025-06-24 15:12:56,974 - tadGANs - INFO - Epoch 49/1000 - Time: 2.98s - Loss: critic_x=-0.8379, critic_z=-9.3400, encoder=-9.2592, decoder=0.8105
2025-06-24 15:12:57,231 - tadGANs - INFO - Epoch 292/1000 - Time: 2.89s - Loss: critic_x=-0.1494, critic_z=-159.2211, encoder=-255.7121, decoder=1.0906
2025-06-24 15:12:59,944 - tadGANs - INFO - Epoch 50/1000 - Time: 2.97s - Loss: critic_x=-0.8291, critic_z=-9.7206, encoder=-9.7706, decoder=0.8021
2025-06-24 15:12:59,957 - tadGANs - INFO - Models saved at epoch 50
2025-06-24 15:13:00,108 - tadGANs - INFO - Epoch 293/1000 - Time: 2.88s - Loss: critic_x=-0.1529, critic_z=-160.0398, encoder=-257.7045, decoder=1.1106
2025-06-24 15:13:02,798 - tadGANs - INFO - Epoch 51/1000 - Time: 2.84s - Loss: critic_x=-0.8198, critic_z=-10.1087, encoder=-10.2834, decoder=0.7985
2025-06-24 15:13:03,084 - tadGANs - INFO - Epoch 294/1000 - Time: 2.98s - Loss: critic_x=-0.1538, critic_z=-161.1924, encoder=-258.9253, decoder=1.1035
2025-06-24 15:13:05,655 - tadGANs - INFO - Epoch 52/1000 - Time: 2.86s - Loss: critic_x=-0.8115, critic_z=-10.4700, encoder=-10.7365, decoder=0.7749
2025-06-24 15:13:06,019 - tadGANs - INFO - Epoch 295/1000 - Time: 2.94s - Loss: critic_x=-0.1525, critic_z=-161.8352, encoder=-260.9994, decoder=1.0875
2025-06-24 15:13:09,791 - tadGANs - INFO - Epoch 53/1000 - Time: 4.14s - Loss: critic_x=-0.8061, critic_z=-10.8828, encoder=-11.2562, decoder=0.7817
2025-06-24 15:13:10,238 - tadGANs - INFO - Epoch 296/1000 - Time: 4.22s - Loss: critic_x=-0.1525, critic_z=-162.2520, encoder=-261.7658, decoder=1.0880
2025-06-24 15:13:12,839 - tadGANs - INFO - Epoch 54/1000 - Time: 3.05s - Loss: critic_x=-0.7974, critic_z=-11.2939, encoder=-11.8151, decoder=0.7827
2025-06-24 15:13:13,293 - tadGANs - INFO - Epoch 297/1000 - Time: 3.06s - Loss: critic_x=-0.1544, critic_z=-163.8164, encoder=-263.2358, decoder=1.0704
2025-06-24 15:13:15,684 - tadGANs - INFO - Epoch 55/1000 - Time: 2.84s - Loss: critic_x=-0.7898, critic_z=-11.6786, encoder=-12.3459, decoder=0.7773
2025-06-24 15:13:16,305 - tadGANs - INFO - Epoch 298/1000 - Time: 3.01s - Loss: critic_x=-0.1497, critic_z=-164.6611, encoder=-264.9026, decoder=1.0679
2025-06-24 15:13:18,543 - tadGANs - INFO - Epoch 56/1000 - Time: 2.86s - Loss: critic_x=-0.7798, critic_z=-12.1057, encoder=-12.8771, decoder=0.7700
2025-06-24 15:13:19,247 - tadGANs - INFO - Epoch 299/1000 - Time: 2.94s - Loss: critic_x=-0.1486, critic_z=-165.0937, encoder=-266.3275, decoder=1.0562
2025-06-24 15:13:21,443 - tadGANs - INFO - Epoch 57/1000 - Time: 2.90s - Loss: critic_x=-0.7694, critic_z=-12.4971, encoder=-13.3835, decoder=0.7660
2025-06-24 15:13:22,304 - tadGANs - INFO - Epoch 300/1000 - Time: 3.06s - Loss: critic_x=-0.1502, critic_z=-166.4836, encoder=-268.4079, decoder=1.0463
2025-06-24 15:13:22,317 - tadGANs - INFO - Models saved at epoch 300
2025-06-24 15:13:24,286 - tadGANs - INFO - Epoch 58/1000 - Time: 2.84s - Loss: critic_x=-0.7655, critic_z=-12.8732, encoder=-13.9454, decoder=0.7684
2025-06-24 15:13:25,201 - tadGANs - INFO - Epoch 301/1000 - Time: 2.88s - Loss: critic_x=-0.1493, critic_z=-167.2017, encoder=-270.3526, decoder=1.0260
2025-06-24 15:13:27,166 - tadGANs - INFO - Epoch 59/1000 - Time: 2.88s - Loss: critic_x=-0.7563, critic_z=-13.3415, encoder=-14.5061, decoder=0.7680
2025-06-24 15:13:28,209 - tadGANs - INFO - Epoch 302/1000 - Time: 3.01s - Loss: critic_x=-0.1514, critic_z=-168.0285, encoder=-271.5532, decoder=1.0115
2025-06-24 15:13:29,999 - tadGANs - INFO - Epoch 60/1000 - Time: 2.83s - Loss: critic_x=-0.7515, critic_z=-13.7012, encoder=-15.0748, decoder=0.7728
2025-06-24 15:13:30,011 - tadGANs - INFO - Models saved at epoch 60
2025-06-24 15:13:31,125 - tadGANs - INFO - Epoch 303/1000 - Time: 2.92s - Loss: critic_x=-0.1530, critic_z=-168.9791, encoder=-273.2188, decoder=0.9959
2025-06-24 15:13:32,912 - tadGANs - INFO - Epoch 61/1000 - Time: 2.90s - Loss: critic_x=-0.7408, critic_z=-14.1087, encoder=-15.5854, decoder=0.7654
2025-06-24 15:13:34,024 - tadGANs - INFO - Epoch 304/1000 - Time: 2.90s - Loss: critic_x=-0.1550, critic_z=-169.9624, encoder=-274.9175, decoder=0.9603
2025-06-24 15:13:35,822 - tadGANs - INFO - Epoch 62/1000 - Time: 2.91s - Loss: critic_x=-0.7322, critic_z=-14.5479, encoder=-16.2333, decoder=0.7711
2025-06-24 15:13:36,914 - tadGANs - INFO - Epoch 305/1000 - Time: 2.89s - Loss: critic_x=-0.1563, critic_z=-171.3003, encoder=-277.2805, decoder=0.9549
2025-06-24 15:13:38,687 - tadGANs - INFO - Epoch 63/1000 - Time: 2.86s - Loss: critic_x=-0.7238, critic_z=-14.9592, encoder=-16.6945, decoder=0.7762
2025-06-24 15:13:39,952 - tadGANs - INFO - Epoch 306/1000 - Time: 3.04s - Loss: critic_x=-0.1568, critic_z=-171.8054, encoder=-278.8051, decoder=0.9351
2025-06-24 15:13:41,543 - tadGANs - INFO - Epoch 64/1000 - Time: 2.86s - Loss: critic_x=-0.7160, critic_z=-15.3662, encoder=-17.3336, decoder=0.7807
2025-06-24 15:13:42,819 - tadGANs - INFO - Epoch 307/1000 - Time: 2.87s - Loss: critic_x=-0.1590, critic_z=-172.6960, encoder=-280.0797, decoder=0.9182
2025-06-24 15:13:44,435 - tadGANs - INFO - Epoch 65/1000 - Time: 2.89s - Loss: critic_x=-0.7082, critic_z=-15.7825, encoder=-17.9182, decoder=0.7765
2025-06-24 15:13:45,631 - tadGANs - INFO - Epoch 308/1000 - Time: 2.81s - Loss: critic_x=-0.1617, critic_z=-173.7066, encoder=-281.9307, decoder=0.8934
2025-06-24 15:13:47,051 - tadGANs - INFO - Epoch 66/1000 - Time: 2.62s - Loss: critic_x=-0.6955, critic_z=-16.2244, encoder=-18.5542, decoder=0.7865
2025-06-24 15:13:48,331 - tadGANs - INFO - Epoch 309/1000 - Time: 2.70s - Loss: critic_x=-0.1601, critic_z=-175.0248, encoder=-283.5336, decoder=0.8770
2025-06-24 15:13:49,726 - tadGANs - INFO - Epoch 67/1000 - Time: 2.67s - Loss: critic_x=-0.6791, critic_z=-16.6265, encoder=-19.0860, decoder=0.7766
2025-06-24 15:13:51,173 - tadGANs - INFO - Epoch 310/1000 - Time: 2.84s - Loss: critic_x=-0.1618, critic_z=-175.5642, encoder=-284.7958, decoder=0.8684
2025-06-24 15:13:51,188 - tadGANs - INFO - Models saved at epoch 310
2025-06-24 15:13:52,356 - tadGANs - INFO - Epoch 68/1000 - Time: 2.63s - Loss: critic_x=-0.6682, critic_z=-17.0009, encoder=-19.7157, decoder=0.7821
2025-06-24 15:13:54,043 - tadGANs - INFO - Epoch 311/1000 - Time: 2.85s - Loss: critic_x=-0.1604, critic_z=-176.5954, encoder=-287.3298, decoder=0.8689
2025-06-24 15:13:55,079 - tadGANs - INFO - Epoch 69/1000 - Time: 2.72s - Loss: critic_x=-0.6633, critic_z=-17.4177, encoder=-20.2122, decoder=0.7610
2025-06-24 15:13:56,687 - tadGANs - INFO - Epoch 312/1000 - Time: 2.64s - Loss: critic_x=-0.1618, critic_z=-177.1544, encoder=-288.7612, decoder=0.8642
2025-06-24 15:13:57,810 - tadGANs - INFO - Epoch 70/1000 - Time: 2.73s - Loss: critic_x=-0.6566, critic_z=-17.8693, encoder=-20.8981, decoder=0.7732
2025-06-24 15:13:57,822 - tadGANs - INFO - Models saved at epoch 70
2025-06-24 15:13:59,534 - tadGANs - INFO - Epoch 313/1000 - Time: 2.85s - Loss: critic_x=-0.1640, critic_z=-178.5275, encoder=-289.6362, decoder=0.8503
2025-06-24 15:14:00,767 - tadGANs - INFO - Epoch 71/1000 - Time: 2.94s - Loss: critic_x=-0.6490, critic_z=-18.2502, encoder=-21.5147, decoder=0.7715
2025-06-24 15:14:02,839 - tadGANs - INFO - Epoch 314/1000 - Time: 3.30s - Loss: critic_x=-0.1635, critic_z=-179.4438, encoder=-292.5465, decoder=0.8279
2025-06-24 15:14:03,716 - tadGANs - INFO - Epoch 72/1000 - Time: 2.95s - Loss: critic_x=-0.6454, critic_z=-18.7626, encoder=-22.0533, decoder=0.7700
2025-06-24 15:14:05,886 - tadGANs - INFO - Epoch 315/1000 - Time: 3.05s - Loss: critic_x=-0.1625, critic_z=-180.7175, encoder=-293.7312, decoder=0.8409
2025-06-24 15:14:06,763 - tadGANs - INFO - Epoch 73/1000 - Time: 3.05s - Loss: critic_x=-0.6413, critic_z=-19.1638, encoder=-22.6462, decoder=0.7704
2025-06-24 15:14:08,931 - tadGANs - INFO - Epoch 316/1000 - Time: 3.04s - Loss: critic_x=-0.1620, critic_z=-181.0222, encoder=-294.7902, decoder=0.8450
2025-06-24 15:14:09,773 - tadGANs - INFO - Epoch 74/1000 - Time: 3.01s - Loss: critic_x=-0.6338, critic_z=-19.6185, encoder=-23.4186, decoder=0.7707
2025-06-24 15:14:11,955 - tadGANs - INFO - Epoch 317/1000 - Time: 3.02s - Loss: critic_x=-0.1605, critic_z=-182.2418, encoder=-296.8478, decoder=0.8379
2025-06-24 15:14:12,743 - tadGANs - INFO - Epoch 75/1000 - Time: 2.97s - Loss: critic_x=-0.6290, critic_z=-19.9933, encoder=-23.9976, decoder=0.7805
2025-06-24 15:14:14,951 - tadGANs - INFO - Epoch 318/1000 - Time: 3.00s - Loss: critic_x=-0.1627, critic_z=-182.7755, encoder=-298.2040, decoder=0.8371
2025-06-24 15:14:15,774 - tadGANs - INFO - Epoch 76/1000 - Time: 3.03s - Loss: critic_x=-0.6215, critic_z=-20.4025, encoder=-24.4559, decoder=0.7840
2025-06-24 15:14:17,959 - tadGANs - INFO - Epoch 319/1000 - Time: 3.01s - Loss: critic_x=-0.1621, critic_z=-184.0504, encoder=-299.8236, decoder=0.8305
2025-06-24 15:14:18,592 - tadGANs - INFO - Epoch 77/1000 - Time: 2.82s - Loss: critic_x=-0.6146, critic_z=-20.8297, encoder=-25.1867, decoder=0.8066
2025-06-24 15:14:20,898 - tadGANs - INFO - Epoch 320/1000 - Time: 2.94s - Loss: critic_x=-0.1619, critic_z=-184.8268, encoder=-302.1117, decoder=0.8310
2025-06-24 15:14:20,910 - tadGANs - INFO - Models saved at epoch 320
2025-06-24 15:14:21,567 - tadGANs - INFO - Epoch 78/1000 - Time: 2.97s - Loss: critic_x=-0.6043, critic_z=-21.2859, encoder=-25.7667, decoder=0.7974
2025-06-24 15:14:23,956 - tadGANs - INFO - Epoch 321/1000 - Time: 3.05s - Loss: critic_x=-0.1619, critic_z=-185.8918, encoder=-303.2164, decoder=0.8302
2025-06-24 15:14:24,451 - tadGANs - INFO - Epoch 79/1000 - Time: 2.88s - Loss: critic_x=-0.5993, critic_z=-21.7052, encoder=-26.4600, decoder=0.8037
2025-06-24 15:14:26,896 - tadGANs - INFO - Epoch 322/1000 - Time: 2.94s - Loss: critic_x=-0.1625, critic_z=-186.5921, encoder=-305.1382, decoder=0.8487
2025-06-24 15:14:27,412 - tadGANs - INFO - Epoch 80/1000 - Time: 2.96s - Loss: critic_x=-0.5985, critic_z=-22.1714, encoder=-27.1301, decoder=0.8088
2025-06-24 15:14:27,424 - tadGANs - INFO - Models saved at epoch 80
2025-06-24 15:14:29,932 - tadGANs - INFO - Epoch 323/1000 - Time: 3.04s - Loss: critic_x=-0.1632, critic_z=-187.8100, encoder=-305.7865, decoder=0.8363
2025-06-24 15:14:30,292 - tadGANs - INFO - Epoch 81/1000 - Time: 2.87s - Loss: critic_x=-0.5939, critic_z=-22.5831, encoder=-27.8080, decoder=0.8156
2025-06-24 15:14:32,925 - tadGANs - INFO - Epoch 324/1000 - Time: 2.99s - Loss: critic_x=-0.1608, critic_z=-188.3814, encoder=-309.4598, decoder=0.8494
2025-06-24 15:14:33,116 - tadGANs - INFO - Epoch 82/1000 - Time: 2.82s - Loss: critic_x=-0.5888, critic_z=-23.0608, encoder=-28.3795, decoder=0.8253
2025-06-24 15:14:35,929 - tadGANs - INFO - Epoch 325/1000 - Time: 3.00s - Loss: critic_x=-0.1631, critic_z=-189.5313, encoder=-310.0041, decoder=0.8327
2025-06-24 15:14:36,038 - tadGANs - INFO - Epoch 83/1000 - Time: 2.92s - Loss: critic_x=-0.5931, critic_z=-23.5509, encoder=-29.0229, decoder=0.8183
2025-06-24 15:14:38,862 - tadGANs - INFO - Epoch 326/1000 - Time: 2.93s - Loss: critic_x=-0.1636, critic_z=-190.8344, encoder=-311.7971, decoder=0.8363
2025-06-24 15:14:38,943 - tadGANs - INFO - Epoch 84/1000 - Time: 2.91s - Loss: critic_x=-0.5926, critic_z=-23.9149, encoder=-29.6361, decoder=0.8336
2025-06-24 15:14:41,954 - tadGANs - INFO - Epoch 85/1000 - Time: 3.01s - Loss: critic_x=-0.5916, critic_z=-24.3397, encoder=-30.0895, decoder=0.8280
2025-06-24 15:14:41,971 - tadGANs - INFO - Epoch 327/1000 - Time: 3.11s - Loss: critic_x=-0.1653, critic_z=-191.7798, encoder=-313.5808, decoder=0.8362
2025-06-24 15:14:44,825 - tadGANs - INFO - Epoch 86/1000 - Time: 2.87s - Loss: critic_x=-0.5904, critic_z=-24.7628, encoder=-30.9914, decoder=0.8493
2025-06-24 15:14:44,953 - tadGANs - INFO - Epoch 328/1000 - Time: 2.98s - Loss: critic_x=-0.1637, critic_z=-192.8201, encoder=-316.0976, decoder=0.8591
2025-06-24 15:14:49,308 - tadGANs - INFO - Epoch 87/1000 - Time: 4.48s - Loss: critic_x=-0.5904, critic_z=-25.1432, encoder=-31.6340, decoder=0.8417
2025-06-24 15:14:49,431 - tadGANs - INFO - Epoch 329/1000 - Time: 4.48s - Loss: critic_x=-0.1654, critic_z=-193.3588, encoder=-317.7227, decoder=0.8766
2025-06-24 15:14:52,185 - tadGANs - INFO - Epoch 88/1000 - Time: 2.88s - Loss: critic_x=-0.5938, critic_z=-25.6856, encoder=-32.0700, decoder=0.8533
2025-06-24 15:14:52,616 - tadGANs - INFO - Epoch 330/1000 - Time: 3.18s - Loss: critic_x=-0.1636, critic_z=-194.7544, encoder=-319.2134, decoder=0.8783
2025-06-24 15:14:52,630 - tadGANs - INFO - Models saved at epoch 330
2025-06-24 15:14:55,157 - tadGANs - INFO - Epoch 89/1000 - Time: 2.97s - Loss: critic_x=-0.5919, critic_z=-26.1747, encoder=-32.9254, decoder=0.8648
2025-06-24 15:14:55,633 - tadGANs - INFO - Epoch 331/1000 - Time: 3.00s - Loss: critic_x=-0.1645, critic_z=-195.4472, encoder=-320.3078, decoder=0.8787
2025-06-24 15:14:58,018 - tadGANs - INFO - Epoch 90/1000 - Time: 2.86s - Loss: critic_x=-0.5922, critic_z=-26.6537, encoder=-33.5806, decoder=0.8855
2025-06-24 15:14:58,031 - tadGANs - INFO - Models saved at epoch 90
2025-06-24 15:14:58,455 - tadGANs - INFO - Epoch 332/1000 - Time: 2.82s - Loss: critic_x=-0.1647, critic_z=-196.9806, encoder=-322.3386, decoder=0.8695
2025-06-24 15:15:00,789 - tadGANs - INFO - Epoch 91/1000 - Time: 2.76s - Loss: critic_x=-0.6058, critic_z=-27.0469, encoder=-34.3214, decoder=0.8974
2025-06-24 15:15:01,145 - tadGANs - INFO - Epoch 333/1000 - Time: 2.69s - Loss: critic_x=-0.1636, critic_z=-197.2132, encoder=-323.7112, decoder=0.8762
2025-06-24 15:15:03,396 - tadGANs - INFO - Epoch 92/1000 - Time: 2.61s - Loss: critic_x=-0.6037, critic_z=-27.5010, encoder=-34.9842, decoder=0.9063
2025-06-24 15:15:03,809 - tadGANs - INFO - Epoch 334/1000 - Time: 2.66s - Loss: critic_x=-0.1635, critic_z=-198.5701, encoder=-327.1551, decoder=0.8904
2025-06-24 15:15:06,039 - tadGANs - INFO - Epoch 93/1000 - Time: 2.64s - Loss: critic_x=-0.6090, critic_z=-28.0089, encoder=-35.5879, decoder=0.9143
2025-06-24 15:15:06,569 - tadGANs - INFO - Epoch 335/1000 - Time: 2.76s - Loss: critic_x=-0.1632, critic_z=-199.4720, encoder=-327.3351, decoder=0.8771
2025-06-24 15:15:08,719 - tadGANs - INFO - Epoch 94/1000 - Time: 2.68s - Loss: critic_x=-0.6113, critic_z=-28.4957, encoder=-36.1859, decoder=0.9010
2025-06-24 15:15:09,306 - tadGANs - INFO - Epoch 336/1000 - Time: 2.74s - Loss: critic_x=-0.1628, critic_z=-200.8939, encoder=-330.2900, decoder=0.8679
2025-06-24 15:15:11,666 - tadGANs - INFO - Epoch 95/1000 - Time: 2.95s - Loss: critic_x=-0.6196, critic_z=-28.8767, encoder=-36.9413, decoder=0.8984
2025-06-24 15:15:12,232 - tadGANs - INFO - Epoch 337/1000 - Time: 2.93s - Loss: critic_x=-0.1607, critic_z=-201.4751, encoder=-331.0718, decoder=0.8681
2025-06-24 15:15:14,513 - tadGANs - INFO - Epoch 96/1000 - Time: 2.85s - Loss: critic_x=-0.6262, critic_z=-29.3558, encoder=-37.7593, decoder=0.8905
2025-06-24 15:15:15,053 - tadGANs - INFO - Epoch 338/1000 - Time: 2.82s - Loss: critic_x=-0.1638, critic_z=-202.0054, encoder=-332.5308, decoder=0.8753
2025-06-24 15:15:17,430 - tadGANs - INFO - Epoch 97/1000 - Time: 2.92s - Loss: critic_x=-0.6295, critic_z=-29.8131, encoder=-38.2885, decoder=0.8942
2025-06-24 15:15:17,915 - tadGANs - INFO - Epoch 339/1000 - Time: 2.86s - Loss: critic_x=-0.1607, critic_z=-203.3667, encoder=-334.5506, decoder=0.8804
2025-06-24 15:15:21,974 - tadGANs - INFO - Epoch 98/1000 - Time: 4.54s - Loss: critic_x=-0.6232, critic_z=-30.2664, encoder=-39.0318, decoder=0.8940
2025-06-24 15:15:22,319 - tadGANs - INFO - Epoch 340/1000 - Time: 4.40s - Loss: critic_x=-0.1568, critic_z=-204.2709, encoder=-337.0712, decoder=0.8536
2025-06-24 15:15:22,333 - tadGANs - INFO - Models saved at epoch 340
2025-06-24 15:15:25,008 - tadGANs - INFO - Epoch 99/1000 - Time: 3.03s - Loss: critic_x=-0.6298, critic_z=-30.7642, encoder=-39.8940, decoder=0.8936
2025-06-24 15:15:25,261 - tadGANs - INFO - Epoch 341/1000 - Time: 2.93s - Loss: critic_x=-0.1600, critic_z=-205.4425, encoder=-338.3134, decoder=0.8402
2025-06-24 15:15:28,017 - tadGANs - INFO - Epoch 100/1000 - Time: 3.01s - Loss: critic_x=-0.6244, critic_z=-31.1669, encoder=-40.4816, decoder=0.8822
2025-06-24 15:15:28,029 - tadGANs - INFO - Models saved at epoch 100
2025-06-24 15:15:28,180 - tadGANs - INFO - Epoch 342/1000 - Time: 2.92s - Loss: critic_x=-0.1575, critic_z=-206.4893, encoder=-340.9800, decoder=0.8331
2025-06-24 15:15:31,020 - tadGANs - INFO - Epoch 101/1000 - Time: 2.99s - Loss: critic_x=-0.6240, critic_z=-31.7800, encoder=-41.4310, decoder=0.8787
2025-06-24 15:15:31,063 - tadGANs - INFO - Epoch 343/1000 - Time: 2.88s - Loss: critic_x=-0.1593, critic_z=-207.4733, encoder=-342.4499, decoder=0.8201
2025-06-24 15:15:33,749 - tadGANs - INFO - Epoch 344/1000 - Time: 2.69s - Loss: critic_x=-0.1556, critic_z=-208.5624, encoder=-342.4671, decoder=0.8133
2025-06-24 15:15:33,876 - tadGANs - INFO - Epoch 102/1000 - Time: 2.86s - Loss: critic_x=-0.6282, critic_z=-32.1638, encoder=-41.9681, decoder=0.8595
2025-06-24 15:15:36,415 - tadGANs - INFO - Epoch 345/1000 - Time: 2.66s - Loss: critic_x=-0.1548, critic_z=-209.5788, encoder=-345.3883, decoder=0.8097
2025-06-24 15:15:36,688 - tadGANs - INFO - Epoch 103/1000 - Time: 2.81s - Loss: critic_x=-0.6274, critic_z=-32.5641, encoder=-42.7287, decoder=0.8773
2025-06-24 15:15:39,049 - tadGANs - INFO - Epoch 346/1000 - Time: 2.63s - Loss: critic_x=-0.1541, critic_z=-210.4269, encoder=-347.8945, decoder=0.7988
2025-06-24 15:15:39,491 - tadGANs - INFO - Epoch 104/1000 - Time: 2.80s - Loss: critic_x=-0.6343, critic_z=-33.0566, encoder=-43.2526, decoder=0.8653
2025-06-24 15:15:41,732 - tadGANs - INFO - Epoch 347/1000 - Time: 2.68s - Loss: critic_x=-0.1542, critic_z=-211.4485, encoder=-349.1179, decoder=0.7950
2025-06-24 15:15:42,262 - tadGANs - INFO - Epoch 105/1000 - Time: 2.77s - Loss: critic_x=-0.6378, critic_z=-33.5983, encoder=-44.0971, decoder=0.8702
2025-06-24 15:15:44,345 - tadGANs - INFO - Epoch 348/1000 - Time: 2.61s - Loss: critic_x=-0.1540, critic_z=-213.0532, encoder=-350.9618, decoder=0.7815
2025-06-24 15:15:45,032 - tadGANs - INFO - Epoch 106/1000 - Time: 2.77s - Loss: critic_x=-0.6417, critic_z=-34.0087, encoder=-44.8863, decoder=0.8758
2025-06-24 15:15:47,110 - tadGANs - INFO - Epoch 349/1000 - Time: 2.76s - Loss: critic_x=-0.1518, critic_z=-213.7961, encoder=-352.6901, decoder=0.7728
2025-06-24 15:15:47,855 - tadGANs - INFO - Epoch 107/1000 - Time: 2.82s - Loss: critic_x=-0.6430, critic_z=-34.4199, encoder=-45.8156, decoder=0.8718
2025-06-24 15:15:49,908 - tadGANs - INFO - Epoch 350/1000 - Time: 2.80s - Loss: critic_x=-0.1500, critic_z=-214.6341, encoder=-354.5659, decoder=0.7760
2025-06-24 15:15:49,922 - tadGANs - INFO - Models saved at epoch 350
2025-06-24 15:15:50,589 - tadGANs - INFO - Epoch 108/1000 - Time: 2.73s - Loss: critic_x=-0.6481, critic_z=-35.0954, encoder=-46.3145, decoder=0.8657
2025-06-24 15:15:52,705 - tadGANs - INFO - Epoch 351/1000 - Time: 2.78s - Loss: critic_x=-0.1500, critic_z=-215.6399, encoder=-355.7391, decoder=0.7826
2025-06-24 15:15:53,394 - tadGANs - INFO - Epoch 109/1000 - Time: 2.81s - Loss: critic_x=-0.6510, critic_z=-35.5322, encoder=-47.0630, decoder=0.8574
2025-06-24 15:15:57,350 - tadGANs - INFO - Epoch 352/1000 - Time: 4.65s - Loss: critic_x=-0.1486, critic_z=-216.3367, encoder=-358.2750, decoder=0.7647
2025-06-24 15:15:58,099 - tadGANs - INFO - Epoch 110/1000 - Time: 4.70s - Loss: critic_x=-0.6499, critic_z=-35.9318, encoder=-47.9631, decoder=0.8749
2025-06-24 15:15:58,110 - tadGANs - INFO - Models saved at epoch 110
2025-06-24 15:16:00,086 - tadGANs - INFO - Epoch 353/1000 - Time: 2.73s - Loss: critic_x=-0.1477, critic_z=-217.9294, encoder=-359.9755, decoder=0.7804
2025-06-24 15:16:00,884 - tadGANs - INFO - Epoch 111/1000 - Time: 2.77s - Loss: critic_x=-0.6515, critic_z=-36.5093, encoder=-48.8085, decoder=0.8676
2025-06-24 15:16:02,794 - tadGANs - INFO - Epoch 354/1000 - Time: 2.71s - Loss: critic_x=-0.1484, critic_z=-218.8300, encoder=-362.1244, decoder=0.7671
2025-06-24 15:16:03,698 - tadGANs - INFO - Epoch 112/1000 - Time: 2.81s - Loss: critic_x=-0.6586, critic_z=-37.0013, encoder=-49.4843, decoder=0.8588
2025-06-24 15:16:05,539 - tadGANs - INFO - Epoch 355/1000 - Time: 2.74s - Loss: critic_x=-0.1475, critic_z=-219.0933, encoder=-363.2620, decoder=0.7747
2025-06-24 15:16:06,426 - tadGANs - INFO - Epoch 113/1000 - Time: 2.73s - Loss: critic_x=-0.6640, critic_z=-37.4509, encoder=-50.0230, decoder=0.8602
2025-06-24 15:16:08,320 - tadGANs - INFO - Epoch 356/1000 - Time: 2.78s - Loss: critic_x=-0.1451, critic_z=-221.0989, encoder=-365.5032, decoder=0.7708
2025-06-24 15:16:09,136 - tadGANs - INFO - Epoch 114/1000 - Time: 2.71s - Loss: critic_x=-0.6639, critic_z=-38.0841, encoder=-50.9482, decoder=0.8514
2025-06-24 15:16:11,051 - tadGANs - INFO - Epoch 357/1000 - Time: 2.73s - Loss: critic_x=-0.1451, critic_z=-221.9383, encoder=-368.5160, decoder=0.7751
2025-06-24 15:16:11,824 - tadGANs - INFO - Epoch 115/1000 - Time: 2.69s - Loss: critic_x=-0.6671, critic_z=-38.5251, encoder=-51.8402, decoder=0.8614
2025-06-24 15:16:13,789 - tadGANs - INFO - Epoch 358/1000 - Time: 2.74s - Loss: critic_x=-0.1450, critic_z=-223.2996, encoder=-368.7050, decoder=0.7595
2025-06-24 15:16:14,554 - tadGANs - INFO - Epoch 116/1000 - Time: 2.73s - Loss: critic_x=-0.6750, critic_z=-39.0829, encoder=-52.5520, decoder=0.8531
2025-06-24 15:16:16,536 - tadGANs - INFO - Epoch 359/1000 - Time: 2.75s - Loss: critic_x=-0.1438, critic_z=-223.8805, encoder=-371.8714, decoder=0.7626
2025-06-24 15:16:17,312 - tadGANs - INFO - Epoch 117/1000 - Time: 2.76s - Loss: critic_x=-0.6722, critic_z=-39.6323, encoder=-53.2843, decoder=0.8526
2025-06-24 15:16:19,430 - tadGANs - INFO - Epoch 360/1000 - Time: 2.89s - Loss: critic_x=-0.1419, critic_z=-224.7196, encoder=-372.9382, decoder=0.7766
2025-06-24 15:16:19,442 - tadGANs - INFO - Models saved at epoch 360
2025-06-24 15:16:20,333 - tadGANs - INFO - Epoch 118/1000 - Time: 3.02s - Loss: critic_x=-0.6773, critic_z=-40.1375, encoder=-54.3885, decoder=0.8519
2025-06-24 15:16:22,362 - tadGANs - INFO - Epoch 361/1000 - Time: 2.92s - Loss: critic_x=-0.1450, critic_z=-226.5430, encoder=-375.4930, decoder=0.7577
2025-06-24 15:16:23,325 - tadGANs - INFO - Epoch 119/1000 - Time: 2.99s - Loss: critic_x=-0.6741, critic_z=-40.5775, encoder=-55.1832, decoder=0.8382
2025-06-24 15:16:25,288 - tadGANs - INFO - Epoch 362/1000 - Time: 2.93s - Loss: critic_x=-0.1425, critic_z=-226.8429, encoder=-376.9301, decoder=0.7568
2025-06-24 15:16:26,306 - tadGANs - INFO - Epoch 120/1000 - Time: 2.98s - Loss: critic_x=-0.6752, critic_z=-41.0514, encoder=-55.8017, decoder=0.8315
2025-06-24 15:16:26,322 - tadGANs - INFO - Models saved at epoch 120
2025-06-24 15:16:28,221 - tadGANs - INFO - Epoch 363/1000 - Time: 2.93s - Loss: critic_x=-0.1400, critic_z=-228.0646, encoder=-379.3994, decoder=0.7599
2025-06-24 15:16:31,149 - tadGANs - INFO - Epoch 121/1000 - Time: 4.83s - Loss: critic_x=-0.6770, critic_z=-41.4826, encoder=-56.6927, decoder=0.8374
2025-06-24 15:16:32,842 - tadGANs - INFO - Epoch 364/1000 - Time: 4.62s - Loss: critic_x=-0.1401, critic_z=-229.6817, encoder=-382.1306, decoder=0.7467
2025-06-24 15:16:33,861 - tadGANs - INFO - Epoch 122/1000 - Time: 2.71s - Loss: critic_x=-0.6769, critic_z=-42.0519, encoder=-57.4650, decoder=0.8400
2025-06-24 15:16:35,660 - tadGANs - INFO - Epoch 365/1000 - Time: 2.82s - Loss: critic_x=-0.1379, critic_z=-229.7354, encoder=-383.0969, decoder=0.7501
2025-06-24 15:16:36,695 - tadGANs - INFO - Epoch 123/1000 - Time: 2.83s - Loss: critic_x=-0.6791, critic_z=-42.6247, encoder=-58.4098, decoder=0.8246
2025-06-24 15:16:38,778 - tadGANs - INFO - Epoch 366/1000 - Time: 3.12s - Loss: critic_x=-0.1373, critic_z=-230.8475, encoder=-383.7128, decoder=0.7395
2025-06-24 15:16:39,644 - tadGANs - INFO - Epoch 124/1000 - Time: 2.95s - Loss: critic_x=-0.6806, critic_z=-43.1456, encoder=-59.1298, decoder=0.8195
2025-06-24 15:16:41,625 - tadGANs - INFO - Epoch 367/1000 - Time: 2.85s - Loss: critic_x=-0.1363, critic_z=-232.5021, encoder=-386.5684, decoder=0.7401
2025-06-24 15:16:42,367 - tadGANs - INFO - Epoch 125/1000 - Time: 2.72s - Loss: critic_x=-0.6840, critic_z=-43.5217, encoder=-60.0497, decoder=0.8304
2025-06-24 15:16:44,668 - tadGANs - INFO - Epoch 368/1000 - Time: 3.04s - Loss: critic_x=-0.1368, critic_z=-233.4348, encoder=-388.7232, decoder=0.7300
2025-06-24 15:16:45,357 - tadGANs - INFO - Epoch 126/1000 - Time: 2.99s - Loss: critic_x=-0.6831, critic_z=-44.0927, encoder=-60.6921, decoder=0.8266
2025-06-24 15:16:47,569 - tadGANs - INFO - Epoch 369/1000 - Time: 2.90s - Loss: critic_x=-0.1349, critic_z=-234.4704, encoder=-391.0434, decoder=0.7268
2025-06-24 15:16:48,226 - tadGANs - INFO - Epoch 127/1000 - Time: 2.87s - Loss: critic_x=-0.6843, critic_z=-44.5875, encoder=-61.3283, decoder=0.8167
2025-06-24 15:16:50,374 - tadGANs - INFO - Epoch 370/1000 - Time: 2.81s - Loss: critic_x=-0.1354, critic_z=-235.2485, encoder=-392.0130, decoder=0.7232
2025-06-24 15:16:50,386 - tadGANs - INFO - Models saved at epoch 370
2025-06-24 15:16:51,128 - tadGANs - INFO - Epoch 128/1000 - Time: 2.90s - Loss: critic_x=-0.6808, critic_z=-45.2376, encoder=-62.3906, decoder=0.8118
2025-06-24 15:16:53,128 - tadGANs - INFO - Epoch 371/1000 - Time: 2.74s - Loss: critic_x=-0.1315, critic_z=-236.8470, encoder=-395.5086, decoder=0.7233
2025-06-24 15:16:54,098 - tadGANs - INFO - Epoch 129/1000 - Time: 2.97s - Loss: critic_x=-0.6796, critic_z=-45.5607, encoder=-63.4006, decoder=0.8163
2025-06-24 15:16:56,069 - tadGANs - INFO - Epoch 372/1000 - Time: 2.94s - Loss: critic_x=-0.1347, critic_z=-237.7464, encoder=-395.5779, decoder=0.7120
2025-06-24 15:16:56,990 - tadGANs - INFO - Epoch 130/1000 - Time: 2.89s - Loss: critic_x=-0.6831, critic_z=-46.2176, encoder=-64.0765, decoder=0.8147
2025-06-24 15:16:57,002 - tadGANs - INFO - Models saved at epoch 130
2025-06-24 15:16:58,904 - tadGANs - INFO - Epoch 373/1000 - Time: 2.83s - Loss: critic_x=-0.1338, critic_z=-239.0037, encoder=-398.6299, decoder=0.6941
2025-06-24 15:16:59,875 - tadGANs - INFO - Epoch 131/1000 - Time: 2.87s - Loss: critic_x=-0.6788, critic_z=-46.7710, encoder=-65.1480, decoder=0.8091
2025-06-24 15:17:01,708 - tadGANs - INFO - Epoch 374/1000 - Time: 2.80s - Loss: critic_x=-0.1334, critic_z=-240.0158, encoder=-400.2766, decoder=0.6846
2025-06-24 15:17:02,846 - tadGANs - INFO - Epoch 132/1000 - Time: 2.97s - Loss: critic_x=-0.6787, critic_z=-47.2863, encoder=-65.4980, decoder=0.7918
2025-06-24 15:17:06,179 - tadGANs - INFO - Epoch 375/1000 - Time: 4.47s - Loss: critic_x=-0.1327, critic_z=-240.8535, encoder=-401.9281, decoder=0.6957
2025-06-24 15:17:07,481 - tadGANs - INFO - Epoch 133/1000 - Time: 4.63s - Loss: critic_x=-0.6742, critic_z=-47.8267, encoder=-66.5975, decoder=0.8054
2025-06-24 15:17:09,044 - tadGANs - INFO - Epoch 376/1000 - Time: 2.86s - Loss: critic_x=-0.1313, critic_z=-241.4455, encoder=-403.1223, decoder=0.7021
2025-06-24 15:17:10,410 - tadGANs - INFO - Epoch 134/1000 - Time: 2.93s - Loss: critic_x=-0.6749, critic_z=-48.4232, encoder=-67.5763, decoder=0.7962
2025-06-24 15:17:11,979 - tadGANs - INFO - Epoch 377/1000 - Time: 2.93s - Loss: critic_x=-0.1319, critic_z=-242.8537, encoder=-405.3354, decoder=0.7025
2025-06-24 15:17:13,328 - tadGANs - INFO - Epoch 135/1000 - Time: 2.92s - Loss: critic_x=-0.6738, critic_z=-48.9485, encoder=-68.1814, decoder=0.7933
2025-06-24 15:17:14,724 - tadGANs - INFO - Epoch 378/1000 - Time: 2.74s - Loss: critic_x=-0.1309, critic_z=-244.2079, encoder=-408.2084, decoder=0.6882
2025-06-24 15:17:15,981 - tadGANs - INFO - Epoch 136/1000 - Time: 2.65s - Loss: critic_x=-0.6709, critic_z=-49.4851, encoder=-68.9141, decoder=0.7805
2025-06-24 15:17:17,396 - tadGANs - INFO - Epoch 379/1000 - Time: 2.67s - Loss: critic_x=-0.1285, critic_z=-245.0636, encoder=-409.3508, decoder=0.6842
2025-06-24 15:17:18,694 - tadGANs - INFO - Epoch 137/1000 - Time: 2.71s - Loss: critic_x=-0.6693, critic_z=-49.9729, encoder=-70.0747, decoder=0.7858
2025-06-24 15:17:20,273 - tadGANs - INFO - Epoch 380/1000 - Time: 2.88s - Loss: critic_x=-0.1248, critic_z=-247.0039, encoder=-411.9047, decoder=0.6669
2025-06-24 15:17:20,308 - tadGANs - INFO - Models saved at epoch 380
2025-06-24 15:17:21,598 - tadGANs - INFO - Epoch 138/1000 - Time: 2.90s - Loss: critic_x=-0.6656, critic_z=-50.4421, encoder=-70.5781, decoder=0.7685
2025-06-24 15:17:23,102 - tadGANs - INFO - Epoch 381/1000 - Time: 2.79s - Loss: critic_x=-0.1279, critic_z=-247.6935, encoder=-413.4068, decoder=0.6484
2025-06-24 15:17:24,291 - tadGANs - INFO - Epoch 139/1000 - Time: 2.69s - Loss: critic_x=-0.6608, critic_z=-51.0162, encoder=-71.6381, decoder=0.7636
2025-06-24 15:17:25,922 - tadGANs - INFO - Epoch 382/1000 - Time: 2.82s - Loss: critic_x=-0.1275, critic_z=-248.1879, encoder=-416.0372, decoder=0.6523
2025-06-24 15:17:27,146 - tadGANs - INFO - Epoch 140/1000 - Time: 2.86s - Loss: critic_x=-0.6584, critic_z=-51.4368, encoder=-72.8686, decoder=0.7621
2025-06-24 15:17:27,211 - tadGANs - INFO - Models saved at epoch 140
2025-06-24 15:17:28,917 - tadGANs - INFO - Epoch 383/1000 - Time: 2.99s - Loss: critic_x=-0.1260, critic_z=-249.7954, encoder=-417.7484, decoder=0.6410
2025-06-24 15:17:30,153 - tadGANs - INFO - Epoch 141/1000 - Time: 2.94s - Loss: critic_x=-0.6540, critic_z=-52.1524, encoder=-73.4990, decoder=0.7516
2025-06-24 15:17:31,740 - tadGANs - INFO - Epoch 384/1000 - Time: 2.82s - Loss: critic_x=-0.1246, critic_z=-250.8705, encoder=-419.2152, decoder=0.6408
2025-06-24 15:17:32,863 - tadGANs - INFO - Epoch 142/1000 - Time: 2.71s - Loss: critic_x=-0.6496, critic_z=-52.6426, encoder=-74.1209, decoder=0.7506
2025-06-24 15:17:34,584 - tadGANs - INFO - Epoch 385/1000 - Time: 2.84s - Loss: critic_x=-0.1267, critic_z=-252.1788, encoder=-422.2678, decoder=0.6388
2025-06-24 15:17:35,851 - tadGANs - INFO - Epoch 143/1000 - Time: 2.99s - Loss: critic_x=-0.6432, critic_z=-53.1936, encoder=-75.0037, decoder=0.7530
2025-06-24 15:17:39,047 - tadGANs - INFO - Epoch 386/1000 - Time: 4.46s - Loss: critic_x=-0.1226, critic_z=-253.4904, encoder=-424.1118, decoder=0.6340
2025-06-24 15:17:40,182 - tadGANs - INFO - Epoch 144/1000 - Time: 4.33s - Loss: critic_x=-0.6432, critic_z=-53.7037, encoder=-75.7517, decoder=0.7573
2025-06-24 15:17:41,840 - tadGANs - INFO - Epoch 387/1000 - Time: 2.79s - Loss: critic_x=-0.1232, critic_z=-254.3782, encoder=-425.3464, decoder=0.6568
2025-06-24 15:17:43,033 - tadGANs - INFO - Epoch 145/1000 - Time: 2.85s - Loss: critic_x=-0.6379, critic_z=-54.3467, encoder=-76.7851, decoder=0.7541
2025-06-24 15:17:44,619 - tadGANs - INFO - Epoch 388/1000 - Time: 2.78s - Loss: critic_x=-0.1229, critic_z=-255.6675, encoder=-428.2762, decoder=0.6502
2025-06-24 15:17:45,946 - tadGANs - INFO - Epoch 146/1000 - Time: 2.91s - Loss: critic_x=-0.6330, critic_z=-54.8717, encoder=-78.1574, decoder=0.7561
2025-06-24 15:17:47,366 - tadGANs - INFO - Epoch 389/1000 - Time: 2.75s - Loss: critic_x=-0.1206, critic_z=-256.3657, encoder=-430.2607, decoder=0.6608
2025-06-24 15:17:48,665 - tadGANs - INFO - Epoch 147/1000 - Time: 2.72s - Loss: critic_x=-0.6265, critic_z=-55.4793, encoder=-78.8726, decoder=0.7568
2025-06-24 15:17:50,059 - tadGANs - INFO - Epoch 390/1000 - Time: 2.69s - Loss: critic_x=-0.1210, critic_z=-257.7991, encoder=-431.3518, decoder=0.6672
2025-06-24 15:17:50,071 - tadGANs - INFO - Models saved at epoch 390
2025-06-24 15:17:51,415 - tadGANs - INFO - Epoch 148/1000 - Time: 2.75s - Loss: critic_x=-0.6293, critic_z=-55.9832, encoder=-79.7840, decoder=0.7544
2025-06-24 15:17:52,795 - tadGANs - INFO - Epoch 391/1000 - Time: 2.72s - Loss: critic_x=-0.1224, critic_z=-258.8495, encoder=-434.6649, decoder=0.6597
2025-06-24 15:17:54,319 - tadGANs - INFO - Epoch 149/1000 - Time: 2.90s - Loss: critic_x=-0.6286, critic_z=-56.6064, encoder=-80.2294, decoder=0.7450
2025-06-24 15:17:55,673 - tadGANs - INFO - Epoch 392/1000 - Time: 2.88s - Loss: critic_x=-0.1226, critic_z=-259.6057, encoder=-437.1911, decoder=0.6575
2025-06-24 15:17:57,260 - tadGANs - INFO - Epoch 150/1000 - Time: 2.94s - Loss: critic_x=-0.6196, critic_z=-57.3095, encoder=-81.4614, decoder=0.7372
2025-06-24 15:17:57,272 - tadGANs - INFO - Models saved at epoch 150
2025-06-24 15:17:58,357 - tadGANs - INFO - Epoch 393/1000 - Time: 2.68s - Loss: critic_x=-0.1241, critic_z=-260.7386, encoder=-437.2573, decoder=0.6340
2025-06-24 15:18:00,013 - tadGANs - INFO - Epoch 151/1000 - Time: 2.74s - Loss: critic_x=-0.6194, critic_z=-57.6204, encoder=-82.6587, decoder=0.7495
2025-06-24 15:18:01,392 - tadGANs - INFO - Epoch 394/1000 - Time: 3.04s - Loss: critic_x=-0.1188, critic_z=-262.3644, encoder=-440.9816, decoder=0.6516
2025-06-24 15:18:02,889 - tadGANs - INFO - Epoch 152/1000 - Time: 2.88s - Loss: critic_x=-0.6136, critic_z=-58.1987, encoder=-83.1794, decoder=0.7368
2025-06-24 15:18:04,196 - tadGANs - INFO - Epoch 395/1000 - Time: 2.80s - Loss: critic_x=-0.1203, critic_z=-263.3417, encoder=-442.3695, decoder=0.6382
2025-06-24 15:18:05,646 - tadGANs - INFO - Epoch 153/1000 - Time: 2.76s - Loss: critic_x=-0.6075, critic_z=-58.7975, encoder=-84.3434, decoder=0.7253
2025-06-24 15:18:06,988 - tadGANs - INFO - Epoch 396/1000 - Time: 2.79s - Loss: critic_x=-0.1198, critic_z=-264.3314, encoder=-443.9782, decoder=0.6295
2025-06-24 15:18:08,561 - tadGANs - INFO - Epoch 154/1000 - Time: 2.92s - Loss: critic_x=-0.6041, critic_z=-59.2459, encoder=-85.0166, decoder=0.7249
2025-06-24 15:18:09,852 - tadGANs - INFO - Epoch 397/1000 - Time: 2.86s - Loss: critic_x=-0.1183, critic_z=-265.3668, encoder=-444.8050, decoder=0.6401
2025-06-24 15:18:13,239 - tadGANs - INFO - Epoch 155/1000 - Time: 4.68s - Loss: critic_x=-0.5942, critic_z=-59.9241, encoder=-86.3551, decoder=0.7130
2025-06-24 15:18:14,326 - tadGANs - INFO - Epoch 398/1000 - Time: 4.47s - Loss: critic_x=-0.1146, critic_z=-266.3980, encoder=-448.9610, decoder=0.6437
2025-06-24 15:18:16,079 - tadGANs - INFO - Epoch 156/1000 - Time: 2.84s - Loss: critic_x=-0.5895, critic_z=-60.4151, encoder=-86.8032, decoder=0.7132
2025-06-24 15:18:17,172 - tadGANs - INFO - Epoch 399/1000 - Time: 2.85s - Loss: critic_x=-0.1188, critic_z=-267.7377, encoder=-450.4178, decoder=0.6471
2025-06-24 15:18:19,122 - tadGANs - INFO - Epoch 157/1000 - Time: 3.04s - Loss: critic_x=-0.5900, critic_z=-60.9976, encoder=-87.7957, decoder=0.6995
2025-06-24 15:18:20,039 - tadGANs - INFO - Epoch 400/1000 - Time: 2.87s - Loss: critic_x=-0.1172, critic_z=-268.6746, encoder=-452.4921, decoder=0.6402
2025-06-24 15:18:20,050 - tadGANs - INFO - Models saved at epoch 400
2025-06-24 15:18:21,955 - tadGANs - INFO - Epoch 158/1000 - Time: 2.83s - Loss: critic_x=-0.5866, critic_z=-61.4841, encoder=-88.9573, decoder=0.6980
2025-06-24 15:18:22,754 - tadGANs - INFO - Epoch 401/1000 - Time: 2.70s - Loss: critic_x=-0.1192, critic_z=-269.6843, encoder=-454.2585, decoder=0.6295
2025-06-24 15:18:24,598 - tadGANs - INFO - Epoch 159/1000 - Time: 2.64s - Loss: critic_x=-0.5842, critic_z=-62.0478, encoder=-90.0531, decoder=0.6935
2025-06-24 15:18:25,472 - tadGANs - INFO - Epoch 402/1000 - Time: 2.72s - Loss: critic_x=-0.1179, critic_z=-271.3763, encoder=-457.6069, decoder=0.6335
2025-06-24 15:18:27,399 - tadGANs - INFO - Epoch 160/1000 - Time: 2.80s - Loss: critic_x=-0.5848, critic_z=-62.7262, encoder=-90.9977, decoder=0.6975
2025-06-24 15:18:27,414 - tadGANs - INFO - Models saved at epoch 160
2025-06-24 15:18:28,253 - tadGANs - INFO - Epoch 403/1000 - Time: 2.78s - Loss: critic_x=-0.1208, critic_z=-272.1472, encoder=-457.7230, decoder=0.6179
2025-06-24 15:18:30,164 - tadGANs - INFO - Epoch 161/1000 - Time: 2.75s - Loss: critic_x=-0.5767, critic_z=-63.1894, encoder=-91.5153, decoder=0.6901
2025-06-24 15:18:30,942 - tadGANs - INFO - Epoch 404/1000 - Time: 2.69s - Loss: critic_x=-0.1146, critic_z=-273.5824, encoder=-461.4657, decoder=0.6206
2025-06-24 15:18:32,958 - tadGANs - INFO - Epoch 162/1000 - Time: 2.79s - Loss: critic_x=-0.5787, critic_z=-63.9438, encoder=-92.2711, decoder=0.6769
2025-06-24 15:18:33,742 - tadGANs - INFO - Epoch 405/1000 - Time: 2.80s - Loss: critic_x=-0.1164, critic_z=-274.5595, encoder=-462.3444, decoder=0.6136
2025-06-24 15:18:35,933 - tadGANs - INFO - Epoch 163/1000 - Time: 2.97s - Loss: critic_x=-0.5746, critic_z=-64.5500, encoder=-94.0989, decoder=0.6777
2025-06-24 15:18:36,596 - tadGANs - INFO - Epoch 406/1000 - Time: 2.85s - Loss: critic_x=-0.1192, critic_z=-275.7464, encoder=-464.2843, decoder=0.6099
2025-06-24 15:18:38,684 - tadGANs - INFO - Epoch 164/1000 - Time: 2.75s - Loss: critic_x=-0.5733, critic_z=-64.9884, encoder=-94.2139, decoder=0.6544
2025-06-24 15:18:39,320 - tadGANs - INFO - Epoch 407/1000 - Time: 2.72s - Loss: critic_x=-0.1172, critic_z=-277.1112, encoder=-467.5080, decoder=0.5977
2025-06-24 15:18:41,553 - tadGANs - INFO - Epoch 165/1000 - Time: 2.87s - Loss: critic_x=-0.5634, critic_z=-65.5914, encoder=-95.4564, decoder=0.6495
2025-06-24 15:18:42,120 - tadGANs - INFO - Epoch 408/1000 - Time: 2.80s - Loss: critic_x=-0.1218, critic_z=-277.9575, encoder=-469.0887, decoder=0.5821
2025-06-24 15:18:44,446 - tadGANs - INFO - Epoch 166/1000 - Time: 2.89s - Loss: critic_x=-0.5669, critic_z=-66.1976, encoder=-96.7115, decoder=0.6391
2025-06-24 15:18:44,975 - tadGANs - INFO - Epoch 409/1000 - Time: 2.85s - Loss: critic_x=-0.1208, critic_z=-279.2494, encoder=-472.0908, decoder=0.5940
2025-06-24 15:18:49,041 - tadGANs - INFO - Epoch 167/1000 - Time: 4.60s - Loss: critic_x=-0.5612, critic_z=-66.7382, encoder=-97.3187, decoder=0.6338
2025-06-24 15:18:49,748 - tadGANs - INFO - Epoch 410/1000 - Time: 4.77s - Loss: critic_x=-0.1227, critic_z=-280.1944, encoder=-473.6169, decoder=0.6041
2025-06-24 15:18:49,762 - tadGANs - INFO - Models saved at epoch 410
2025-06-24 15:18:52,022 - tadGANs - INFO - Epoch 168/1000 - Time: 2.98s - Loss: critic_x=-0.5638, critic_z=-67.4594, encoder=-97.9924, decoder=0.6322
2025-06-24 15:18:52,780 - tadGANs - INFO - Epoch 411/1000 - Time: 3.02s - Loss: critic_x=-0.1266, critic_z=-281.5789, encoder=-475.3008, decoder=0.5851
2025-06-24 15:18:55,053 - tadGANs - INFO - Epoch 169/1000 - Time: 3.03s - Loss: critic_x=-0.5575, critic_z=-67.9115, encoder=-99.2160, decoder=0.6190
2025-06-24 15:18:55,676 - tadGANs - INFO - Epoch 412/1000 - Time: 2.90s - Loss: critic_x=-0.1268, critic_z=-283.3995, encoder=-477.5039, decoder=0.5907
2025-06-24 15:18:57,913 - tadGANs - INFO - Epoch 170/1000 - Time: 2.86s - Loss: critic_x=-0.5598, critic_z=-68.5404, encoder=-100.0338, decoder=0.6094
2025-06-24 15:18:57,930 - tadGANs - INFO - Models saved at epoch 170
2025-06-24 15:18:58,544 - tadGANs - INFO - Epoch 413/1000 - Time: 2.87s - Loss: critic_x=-0.1257, critic_z=-283.5139, encoder=-478.8178, decoder=0.5843
2025-06-24 15:19:00,796 - tadGANs - INFO - Epoch 171/1000 - Time: 2.87s - Loss: critic_x=-0.5572, critic_z=-69.2885, encoder=-100.8519, decoder=0.6018
2025-06-24 15:19:01,352 - tadGANs - INFO - Epoch 414/1000 - Time: 2.81s - Loss: critic_x=-0.1242, critic_z=-285.0507, encoder=-481.2682, decoder=0.5965
2025-06-24 15:19:03,568 - tadGANs - INFO - Epoch 172/1000 - Time: 2.77s - Loss: critic_x=-0.5521, critic_z=-69.9323, encoder=-102.1951, decoder=0.5938
2025-06-24 15:19:04,131 - tadGANs - INFO - Epoch 415/1000 - Time: 2.78s - Loss: critic_x=-0.1253, critic_z=-286.3018, encoder=-483.7687, decoder=0.6198
2025-06-24 15:19:06,314 - tadGANs - INFO - Epoch 173/1000 - Time: 2.75s - Loss: critic_x=-0.5521, critic_z=-70.4514, encoder=-103.1075, decoder=0.6013
2025-06-24 15:19:06,955 - tadGANs - INFO - Epoch 416/1000 - Time: 2.82s - Loss: critic_x=-0.1203, critic_z=-287.1100, encoder=-485.2688, decoder=0.6182
2025-06-24 15:19:09,429 - tadGANs - INFO - Epoch 174/1000 - Time: 3.12s - Loss: critic_x=-0.5465, critic_z=-70.8416, encoder=-104.3870, decoder=0.6046
2025-06-24 15:19:09,880 - tadGANs - INFO - Epoch 417/1000 - Time: 2.93s - Loss: critic_x=-0.1202, critic_z=-288.5902, encoder=-487.8801, decoder=0.6226
2025-06-24 15:19:12,209 - tadGANs - INFO - Epoch 175/1000 - Time: 2.78s - Loss: critic_x=-0.5385, critic_z=-71.8654, encoder=-104.9146, decoder=0.6027
2025-06-24 15:19:12,571 - tadGANs - INFO - Epoch 418/1000 - Time: 2.69s - Loss: critic_x=-0.1228, critic_z=-289.8493, encoder=-490.5175, decoder=0.6384
2025-06-24 15:19:15,171 - tadGANs - INFO - Epoch 176/1000 - Time: 2.96s - Loss: critic_x=-0.5398, critic_z=-72.0641, encoder=-105.8498, decoder=0.6072
2025-06-24 15:19:15,340 - tadGANs - INFO - Epoch 419/1000 - Time: 2.77s - Loss: critic_x=-0.1189, critic_z=-290.9981, encoder=-494.0021, decoder=0.6454
2025-06-24 15:19:18,139 - tadGANs - INFO - Epoch 177/1000 - Time: 2.97s - Loss: critic_x=-0.5319, critic_z=-72.6177, encoder=-107.1971, decoder=0.6174
2025-06-24 15:19:18,235 - tadGANs - INFO - Epoch 420/1000 - Time: 2.90s - Loss: critic_x=-0.1163, critic_z=-291.8742, encoder=-494.1621, decoder=0.6350
2025-06-24 15:19:18,247 - tadGANs - INFO - Models saved at epoch 420
2025-06-24 15:19:22,649 - tadGANs - INFO - Epoch 178/1000 - Time: 4.51s - Loss: critic_x=-0.5299, critic_z=-73.5699, encoder=-108.1771, decoder=0.6196
2025-06-24 15:19:22,686 - tadGANs - INFO - Epoch 421/1000 - Time: 4.44s - Loss: critic_x=-0.1188, critic_z=-293.3780, encoder=-498.3341, decoder=0.6366
2025-06-24 15:19:25,606 - tadGANs - INFO - Epoch 179/1000 - Time: 2.96s - Loss: critic_x=-0.5283, critic_z=-74.1164, encoder=-109.4544, decoder=0.6205
2025-06-24 15:19:25,644 - tadGANs - INFO - Epoch 422/1000 - Time: 2.96s - Loss: critic_x=-0.1159, critic_z=-294.5045, encoder=-499.1035, decoder=0.6282
2025-06-24 15:19:28,497 - tadGANs - INFO - Epoch 180/1000 - Time: 2.89s - Loss: critic_x=-0.5250, critic_z=-74.7713, encoder=-110.0038, decoder=0.6230
2025-06-24 15:19:28,505 - tadGANs - INFO - Epoch 423/1000 - Time: 2.86s - Loss: critic_x=-0.1147, critic_z=-295.5931, encoder=-501.6699, decoder=0.6235
2025-06-24 15:19:28,508 - tadGANs - INFO - Models saved at epoch 180
2025-06-24 15:19:31,153 - tadGANs - INFO - Epoch 424/1000 - Time: 2.65s - Loss: critic_x=-0.1186, critic_z=-297.4676, encoder=-503.1709, decoder=0.6195
2025-06-24 15:19:31,257 - tadGANs - INFO - Epoch 181/1000 - Time: 2.75s - Loss: critic_x=-0.5227, critic_z=-75.2321, encoder=-111.3465, decoder=0.6444
2025-06-24 15:19:33,896 - tadGANs - INFO - Epoch 425/1000 - Time: 2.74s - Loss: critic_x=-0.1143, critic_z=-298.6784, encoder=-505.6748, decoder=0.5918
2025-06-24 15:19:34,005 - tadGANs - INFO - Epoch 182/1000 - Time: 2.75s - Loss: critic_x=-0.5249, critic_z=-76.1265, encoder=-112.1829, decoder=0.6340
2025-06-24 15:19:36,594 - tadGANs - INFO - Epoch 426/1000 - Time: 2.70s - Loss: critic_x=-0.1131, critic_z=-299.4749, encoder=-507.2484, decoder=0.5752
2025-06-24 15:19:36,677 - tadGANs - INFO - Epoch 183/1000 - Time: 2.67s - Loss: critic_x=-0.5190, critic_z=-76.6639, encoder=-112.8248, decoder=0.6314
2025-06-24 15:19:39,301 - tadGANs - INFO - Epoch 427/1000 - Time: 2.71s - Loss: critic_x=-0.1181, critic_z=-300.0605, encoder=-510.5674, decoder=0.5807
2025-06-24 15:19:39,478 - tadGANs - INFO - Epoch 184/1000 - Time: 2.80s - Loss: critic_x=-0.5110, critic_z=-77.3044, encoder=-114.4367, decoder=0.6298
2025-06-24 15:19:42,084 - tadGANs - INFO - Epoch 428/1000 - Time: 2.78s - Loss: critic_x=-0.1187, critic_z=-301.3071, encoder=-512.1270, decoder=0.5852
2025-06-24 15:19:42,334 - tadGANs - INFO - Epoch 185/1000 - Time: 2.86s - Loss: critic_x=-0.5118, critic_z=-77.7308, encoder=-115.0874, decoder=0.6169
2025-06-24 15:19:44,892 - tadGANs - INFO - Epoch 429/1000 - Time: 2.81s - Loss: critic_x=-0.1203, critic_z=-303.5350, encoder=-514.8912, decoder=0.5467
2025-06-24 15:19:45,106 - tadGANs - INFO - Epoch 186/1000 - Time: 2.77s - Loss: critic_x=-0.5110, critic_z=-78.5357, encoder=-116.4640, decoder=0.6438
2025-06-24 15:19:47,753 - tadGANs - INFO - Epoch 430/1000 - Time: 2.86s - Loss: critic_x=-0.1217, critic_z=-304.1657, encoder=-517.2583, decoder=0.5734
2025-06-24 15:19:47,773 - tadGANs - INFO - Models saved at epoch 430
2025-06-24 15:19:47,809 - tadGANs - INFO - Epoch 187/1000 - Time: 2.70s - Loss: critic_x=-0.5075, critic_z=-78.8910, encoder=-117.8016, decoder=0.6446
2025-06-24 15:19:50,894 - tadGANs - INFO - Epoch 188/1000 - Time: 3.09s - Loss: critic_x=-0.5039, critic_z=-79.6903, encoder=-118.4993, decoder=0.6325
2025-06-24 15:19:50,895 - tadGANs - INFO - Epoch 431/1000 - Time: 3.12s - Loss: critic_x=-0.1191, critic_z=-305.7943, encoder=-519.8975, decoder=0.5547
2025-06-24 15:19:55,503 - tadGANs - INFO - Epoch 189/1000 - Time: 4.61s - Loss: critic_x=-0.5005, critic_z=-80.4842, encoder=-119.6774, decoder=0.6290
2025-06-24 15:19:55,535 - tadGANs - INFO - Epoch 432/1000 - Time: 4.64s - Loss: critic_x=-0.1192, critic_z=-306.7038, encoder=-521.5801, decoder=0.5433
2025-06-24 15:19:58,462 - tadGANs - INFO - Epoch 190/1000 - Time: 2.96s - Loss: critic_x=-0.4926, critic_z=-80.9840, encoder=-120.7262, decoder=0.6139
2025-06-24 15:19:58,478 - tadGANs - INFO - Models saved at epoch 190
2025-06-24 15:19:58,494 - tadGANs - INFO - Epoch 433/1000 - Time: 2.96s - Loss: critic_x=-0.1192, critic_z=-308.0602, encoder=-524.3593, decoder=0.5332
2025-06-24 15:20:01,339 - tadGANs - INFO - Epoch 434/1000 - Time: 2.85s - Loss: critic_x=-0.1198, critic_z=-308.9968, encoder=-526.6911, decoder=0.5464
2025-06-24 15:20:01,431 - tadGANs - INFO - Epoch 191/1000 - Time: 2.95s - Loss: critic_x=-0.4838, critic_z=-81.6178, encoder=-121.6304, decoder=0.5969
2025-06-24 15:20:04,025 - tadGANs - INFO - Epoch 435/1000 - Time: 2.69s - Loss: critic_x=-0.1178, critic_z=-309.9798, encoder=-527.8555, decoder=0.5567
2025-06-24 15:20:04,195 - tadGANs - INFO - Epoch 192/1000 - Time: 2.76s - Loss: critic_x=-0.4815, critic_z=-82.2100, encoder=-122.6788, decoder=0.6089
2025-06-24 15:20:06,704 - tadGANs - INFO - Epoch 436/1000 - Time: 2.68s - Loss: critic_x=-0.1184, critic_z=-311.5172, encoder=-531.1083, decoder=0.5620
2025-06-24 15:20:06,840 - tadGANs - INFO - Epoch 193/1000 - Time: 2.64s - Loss: critic_x=-0.4778, critic_z=-83.0409, encoder=-123.7365, decoder=0.6042
2025-06-24 15:20:09,404 - tadGANs - INFO - Epoch 437/1000 - Time: 2.70s - Loss: critic_x=-0.1165, critic_z=-313.1974, encoder=-532.3161, decoder=0.5585
2025-06-24 15:20:09,674 - tadGANs - INFO - Epoch 194/1000 - Time: 2.83s - Loss: critic_x=-0.4717, critic_z=-83.8299, encoder=-125.3822, decoder=0.6149
2025-06-24 15:20:12,107 - tadGANs - INFO - Epoch 438/1000 - Time: 2.70s - Loss: critic_x=-0.1192, critic_z=-313.6178, encoder=-535.9215, decoder=0.5717
2025-06-24 15:20:12,458 - tadGANs - INFO - Epoch 195/1000 - Time: 2.78s - Loss: critic_x=-0.4676, critic_z=-84.3039, encoder=-126.7847, decoder=0.6038
2025-06-24 15:20:14,858 - tadGANs - INFO - Epoch 439/1000 - Time: 2.75s - Loss: critic_x=-0.1155, critic_z=-315.2913, encoder=-537.0268, decoder=0.5776
2025-06-24 15:20:15,322 - tadGANs - INFO - Epoch 196/1000 - Time: 2.86s - Loss: critic_x=-0.4689, critic_z=-84.7420, encoder=-127.3723, decoder=0.5837
2025-06-24 15:20:17,801 - tadGANs - INFO - Epoch 440/1000 - Time: 2.94s - Loss: critic_x=-0.1178, critic_z=-316.6791, encoder=-540.1673, decoder=0.5792
2025-06-24 15:20:17,812 - tadGANs - INFO - Models saved at epoch 440
2025-06-24 15:20:18,285 - tadGANs - INFO - Epoch 197/1000 - Time: 2.96s - Loss: critic_x=-0.4595, critic_z=-85.7095, encoder=-128.0579, decoder=0.6027
2025-06-24 15:20:20,662 - tadGANs - INFO - Epoch 441/1000 - Time: 2.85s - Loss: critic_x=-0.1163, critic_z=-317.5034, encoder=-542.2045, decoder=0.5713
2025-06-24 15:20:21,040 - tadGANs - INFO - Epoch 198/1000 - Time: 2.75s - Loss: critic_x=-0.4498, critic_z=-86.4347, encoder=-129.7183, decoder=0.5910
2025-06-24 15:20:23,715 - tadGANs - INFO - Epoch 442/1000 - Time: 3.05s - Loss: critic_x=-0.1177, critic_z=-319.3329, encoder=-544.5216, decoder=0.5777
2025-06-24 15:20:24,022 - tadGANs - INFO - Epoch 199/1000 - Time: 2.98s - Loss: critic_x=-0.4445, critic_z=-86.8109, encoder=-130.7675, decoder=0.6091
2025-06-24 15:20:26,632 - tadGANs - INFO - Epoch 443/1000 - Time: 2.92s - Loss: critic_x=-0.1187, critic_z=-320.5460, encoder=-545.4852, decoder=0.5737
2025-06-24 15:20:26,906 - tadGANs - INFO - Epoch 200/1000 - Time: 2.88s - Loss: critic_x=-0.4431, critic_z=-87.5070, encoder=-131.7726, decoder=0.5971
2025-06-24 15:20:26,919 - tadGANs - INFO - Models saved at epoch 200
2025-06-24 15:20:31,342 - tadGANs - INFO - Epoch 444/1000 - Time: 4.71s - Loss: critic_x=-0.1188, critic_z=-322.0126, encoder=-548.5840, decoder=0.5739
2025-06-24 15:20:31,635 - tadGANs - INFO - Epoch 201/1000 - Time: 4.72s - Loss: critic_x=-0.4425, critic_z=-88.3051, encoder=-133.0083, decoder=0.5906
2025-06-24 15:20:34,436 - tadGANs - INFO - Epoch 445/1000 - Time: 3.09s - Loss: critic_x=-0.1150, critic_z=-322.6555, encoder=-551.1369, decoder=0.5645
2025-06-24 15:20:34,625 - tadGANs - INFO - Epoch 202/1000 - Time: 2.99s - Loss: critic_x=-0.4362, critic_z=-88.8031, encoder=-133.6907, decoder=0.5702
2025-06-24 15:20:37,132 - tadGANs - INFO - Epoch 446/1000 - Time: 2.70s - Loss: critic_x=-0.1193, critic_z=-324.8862, encoder=-553.4057, decoder=0.5495
2025-06-24 15:20:37,426 - tadGANs - INFO - Epoch 203/1000 - Time: 2.80s - Loss: critic_x=-0.4327, critic_z=-89.7052, encoder=-134.9408, decoder=0.6027
2025-06-24 15:20:39,812 - tadGANs - INFO - Epoch 447/1000 - Time: 2.68s - Loss: critic_x=-0.1169, critic_z=-325.2589, encoder=-556.0450, decoder=0.5642
2025-06-24 15:20:40,233 - tadGANs - INFO - Epoch 204/1000 - Time: 2.81s - Loss: critic_x=-0.4243, critic_z=-90.3957, encoder=-136.1141, decoder=0.5950
2025-06-24 15:20:42,598 - tadGANs - INFO - Epoch 448/1000 - Time: 2.79s - Loss: critic_x=-0.1187, critic_z=-326.5352, encoder=-557.8981, decoder=0.5582
2025-06-24 15:20:43,063 - tadGANs - INFO - Epoch 205/1000 - Time: 2.83s - Loss: critic_x=-0.4124, critic_z=-90.8913, encoder=-137.9001, decoder=0.5991
2025-06-24 15:20:45,361 - tadGANs - INFO - Epoch 449/1000 - Time: 2.76s - Loss: critic_x=-0.1170, critic_z=-327.6247, encoder=-561.2905, decoder=0.5690
2025-06-24 15:20:45,829 - tadGANs - INFO - Epoch 206/1000 - Time: 2.77s - Loss: critic_x=-0.4137, critic_z=-91.8541, encoder=-138.4678, decoder=0.6092
2025-06-24 15:20:48,109 - tadGANs - INFO - Epoch 450/1000 - Time: 2.75s - Loss: critic_x=-0.1204, critic_z=-328.8834, encoder=-561.7084, decoder=0.5386
2025-06-24 15:20:48,122 - tadGANs - INFO - Models saved at epoch 450
2025-06-24 15:20:48,705 - tadGANs - INFO - Epoch 207/1000 - Time: 2.88s - Loss: critic_x=-0.4077, critic_z=-92.2399, encoder=-139.7107, decoder=0.6208
2025-06-24 15:20:51,192 - tadGANs - INFO - Epoch 451/1000 - Time: 3.07s - Loss: critic_x=-0.1223, critic_z=-330.3009, encoder=-564.2370, decoder=0.5600
2025-06-24 15:20:51,639 - tadGANs - INFO - Epoch 208/1000 - Time: 2.93s - Loss: critic_x=-0.4023, critic_z=-92.8195, encoder=-141.3369, decoder=0.6266
2025-06-24 15:20:54,018 - tadGANs - INFO - Epoch 452/1000 - Time: 2.83s - Loss: critic_x=-0.1167, critic_z=-331.3212, encoder=-566.1684, decoder=0.5530
2025-06-24 15:20:54,332 - tadGANs - INFO - Epoch 209/1000 - Time: 2.69s - Loss: critic_x=-0.3974, critic_z=-93.8125, encoder=-142.2169, decoder=0.6185
2025-06-24 15:20:56,909 - tadGANs - INFO - Epoch 453/1000 - Time: 2.89s - Loss: critic_x=-0.1198, critic_z=-332.6441, encoder=-569.2861, decoder=0.5554
2025-06-24 15:20:57,354 - tadGANs - INFO - Epoch 210/1000 - Time: 3.02s - Loss: critic_x=-0.3946, critic_z=-94.4991, encoder=-143.1961, decoder=0.6089
2025-06-24 15:20:57,365 - tadGANs - INFO - Models saved at epoch 210
2025-06-24 15:20:59,726 - tadGANs - INFO - Epoch 454/1000 - Time: 2.82s - Loss: critic_x=-0.1189, critic_z=-334.2750, encoder=-572.1544, decoder=0.5464
2025-06-24 15:21:00,290 - tadGANs - INFO - Epoch 211/1000 - Time: 2.92s - Loss: critic_x=-0.3857, critic_z=-95.2418, encoder=-144.3480, decoder=0.6032
2025-06-24 15:21:04,357 - tadGANs - INFO - Epoch 455/1000 - Time: 4.63s - Loss: critic_x=-0.1183, critic_z=-335.6934, encoder=-574.1472, decoder=0.5421
2025-06-24 15:21:05,052 - tadGANs - INFO - Epoch 212/1000 - Time: 4.76s - Loss: critic_x=-0.3887, critic_z=-95.6566, encoder=-144.9337, decoder=0.6006
2025-06-24 15:21:07,257 - tadGANs - INFO - Epoch 456/1000 - Time: 2.90s - Loss: critic_x=-0.1180, critic_z=-336.7661, encoder=-577.3629, decoder=0.5439
2025-06-24 15:21:08,075 - tadGANs - INFO - Epoch 213/1000 - Time: 3.02s - Loss: critic_x=-0.3713, critic_z=-96.2504, encoder=-146.4959, decoder=0.5948
2025-06-24 15:21:10,091 - tadGANs - INFO - Epoch 457/1000 - Time: 2.83s - Loss: critic_x=-0.1174, critic_z=-337.9860, encoder=-580.0131, decoder=0.5249
2025-06-24 15:21:10,905 - tadGANs - INFO - Epoch 214/1000 - Time: 2.83s - Loss: critic_x=-0.3654, critic_z=-97.0113, encoder=-147.5141, decoder=0.5818
2025-06-24 15:21:12,761 - tadGANs - INFO - Epoch 458/1000 - Time: 2.67s - Loss: critic_x=-0.1170, critic_z=-339.0141, encoder=-581.0650, decoder=0.5201
2025-06-24 15:21:13,610 - tadGANs - INFO - Epoch 215/1000 - Time: 2.71s - Loss: critic_x=-0.3599, critic_z=-97.9297, encoder=-148.7792, decoder=0.5737
2025-06-24 15:21:15,419 - tadGANs - INFO - Epoch 459/1000 - Time: 2.66s - Loss: critic_x=-0.1183, critic_z=-340.9231, encoder=-584.3945, decoder=0.5329
2025-06-24 15:21:16,427 - tadGANs - INFO - Epoch 216/1000 - Time: 2.82s - Loss: critic_x=-0.3530, critic_z=-98.5268, encoder=-149.7958, decoder=0.5546
2025-06-24 15:21:18,144 - tadGANs - INFO - Epoch 460/1000 - Time: 2.72s - Loss: critic_x=-0.1139, critic_z=-341.6146, encoder=-585.4911, decoder=0.5174
2025-06-24 15:21:18,158 - tadGANs - INFO - Models saved at epoch 460
2025-06-24 15:21:19,225 - tadGANs - INFO - Epoch 217/1000 - Time: 2.80s - Loss: critic_x=-0.3504, critic_z=-99.1867, encoder=-151.1113, decoder=0.5648
2025-06-24 15:21:20,766 - tadGANs - INFO - Epoch 461/1000 - Time: 2.61s - Loss: critic_x=-0.1175, critic_z=-343.7228, encoder=-588.5055, decoder=0.5099
2025-06-24 15:21:21,933 - tadGANs - INFO - Epoch 218/1000 - Time: 2.71s - Loss: critic_x=-0.3432, critic_z=-99.7338, encoder=-152.8106, decoder=0.5650
2025-06-24 15:21:23,494 - tadGANs - INFO - Epoch 462/1000 - Time: 2.73s - Loss: critic_x=-0.1166, critic_z=-344.7686, encoder=-592.4510, decoder=0.5258
2025-06-24 15:21:24,733 - tadGANs - INFO - Epoch 219/1000 - Time: 2.80s - Loss: critic_x=-0.3314, critic_z=-100.5906, encoder=-153.8247, decoder=0.5361
2025-06-24 15:21:26,170 - tadGANs - INFO - Epoch 463/1000 - Time: 2.68s - Loss: critic_x=-0.1173, critic_z=-346.7883, encoder=-593.0531, decoder=0.5132
2025-06-24 15:21:27,457 - tadGANs - INFO - Epoch 220/1000 - Time: 2.72s - Loss: critic_x=-0.3281, critic_z=-101.1904, encoder=-154.9900, decoder=0.5372
2025-06-24 15:21:27,474 - tadGANs - INFO - Models saved at epoch 220
2025-06-24 15:21:28,863 - tadGANs - INFO - Epoch 464/1000 - Time: 2.69s - Loss: critic_x=-0.1184, critic_z=-347.0813, encoder=-595.6389, decoder=0.4940
2025-06-24 15:21:30,230 - tadGANs - INFO - Epoch 221/1000 - Time: 2.76s - Loss: critic_x=-0.3114, critic_z=-102.2162, encoder=-156.4844, decoder=0.5512
2025-06-24 15:21:31,735 - tadGANs - INFO - Epoch 465/1000 - Time: 2.87s - Loss: critic_x=-0.1169, critic_z=-348.8751, encoder=-598.2039, decoder=0.5019
2025-06-24 15:21:33,139 - tadGANs - INFO - Epoch 222/1000 - Time: 2.91s - Loss: critic_x=-0.3103, critic_z=-102.5238, encoder=-156.8155, decoder=0.5223
2025-06-24 15:21:34,591 - tadGANs - INFO - Epoch 466/1000 - Time: 2.86s - Loss: critic_x=-0.1186, critic_z=-350.2611, encoder=-601.0291, decoder=0.4906
2025-06-24 15:21:35,824 - tadGANs - INFO - Epoch 223/1000 - Time: 2.69s - Loss: critic_x=-0.3041, critic_z=-103.3045, encoder=-158.9262, decoder=0.5283
2025-06-24 15:21:39,325 - tadGANs - INFO - Epoch 467/1000 - Time: 4.73s - Loss: critic_x=-0.1183, critic_z=-350.9044, encoder=-603.2543, decoder=0.5023
2025-06-24 15:21:40,694 - tadGANs - INFO - Epoch 224/1000 - Time: 4.87s - Loss: critic_x=-0.3015, critic_z=-104.0916, encoder=-160.1973, decoder=0.5306
2025-06-24 15:21:42,231 - tadGANs - INFO - Epoch 468/1000 - Time: 2.91s - Loss: critic_x=-0.1120, critic_z=-352.6144, encoder=-605.2804, decoder=0.4880
2025-06-24 15:21:43,549 - tadGANs - INFO - Epoch 225/1000 - Time: 2.86s - Loss: critic_x=-0.2863, critic_z=-105.0450, encoder=-160.8029, decoder=0.5195
2025-06-24 15:21:44,885 - tadGANs - INFO - Epoch 469/1000 - Time: 2.65s - Loss: critic_x=-0.1114, critic_z=-354.2547, encoder=-607.9854, decoder=0.4911
2025-06-24 15:21:46,422 - tadGANs - INFO - Epoch 226/1000 - Time: 2.87s - Loss: critic_x=-0.2812, critic_z=-105.7417, encoder=-162.5459, decoder=0.5205
2025-06-24 15:21:47,598 - tadGANs - INFO - Epoch 470/1000 - Time: 2.71s - Loss: critic_x=-0.1145, critic_z=-354.5477, encoder=-609.1473, decoder=0.5024
2025-06-24 15:21:47,611 - tadGANs - INFO - Models saved at epoch 470
2025-06-24 15:21:49,126 - tadGANs - INFO - Epoch 227/1000 - Time: 2.70s - Loss: critic_x=-0.2700, critic_z=-106.4994, encoder=-163.8360, decoder=0.5011
2025-06-24 15:21:50,325 - tadGANs - INFO - Epoch 471/1000 - Time: 2.71s - Loss: critic_x=-0.1141, critic_z=-356.2545, encoder=-612.3511, decoder=0.5064
2025-06-24 15:21:51,763 - tadGANs - INFO - Epoch 228/1000 - Time: 2.64s - Loss: critic_x=-0.2603, critic_z=-107.2347, encoder=-164.3721, decoder=0.5058
2025-06-24 15:21:53,066 - tadGANs - INFO - Epoch 472/1000 - Time: 2.74s - Loss: critic_x=-0.1154, critic_z=-358.2191, encoder=-614.7311, decoder=0.4997
2025-06-24 15:21:54,440 - tadGANs - INFO - Epoch 229/1000 - Time: 2.68s - Loss: critic_x=-0.2568, critic_z=-107.7530, encoder=-165.9743, decoder=0.5036
2025-06-24 15:21:55,801 - tadGANs - INFO - Epoch 473/1000 - Time: 2.73s - Loss: critic_x=-0.1146, critic_z=-359.0059, encoder=-616.8813, decoder=0.5045
2025-06-24 15:21:57,115 - tadGANs - INFO - Epoch 230/1000 - Time: 2.67s - Loss: critic_x=-0.2439, critic_z=-108.6345, encoder=-166.9202, decoder=0.5044
2025-06-24 15:21:57,126 - tadGANs - INFO - Models saved at epoch 230
2025-06-24 15:21:58,533 - tadGANs - INFO - Epoch 474/1000 - Time: 2.73s - Loss: critic_x=-0.1141, critic_z=-360.3756, encoder=-619.9524, decoder=0.5316
2025-06-24 15:21:59,889 - tadGANs - INFO - Epoch 231/1000 - Time: 2.76s - Loss: critic_x=-0.2241, critic_z=-109.2328, encoder=-168.4253, decoder=0.4922
2025-06-24 15:22:01,303 - tadGANs - INFO - Epoch 475/1000 - Time: 2.77s - Loss: critic_x=-0.1101, critic_z=-361.3621, encoder=-622.5142, decoder=0.5398
2025-06-24 15:22:02,706 - tadGANs - INFO - Epoch 232/1000 - Time: 2.82s - Loss: critic_x=-0.2316, critic_z=-110.0872, encoder=-169.8367, decoder=0.4849
2025-06-24 15:22:04,198 - tadGANs - INFO - Epoch 476/1000 - Time: 2.90s - Loss: critic_x=-0.1074, critic_z=-362.8416, encoder=-624.7362, decoder=0.5390
2025-06-24 15:22:05,529 - tadGANs - INFO - Epoch 233/1000 - Time: 2.82s - Loss: critic_x=-0.2288, critic_z=-110.4424, encoder=-171.3083, decoder=0.5009
2025-06-24 15:22:07,099 - tadGANs - INFO - Epoch 477/1000 - Time: 2.90s - Loss: critic_x=-0.1106, critic_z=-364.3502, encoder=-626.1274, decoder=0.5547
2025-06-24 15:22:08,398 - tadGANs - INFO - Epoch 234/1000 - Time: 2.87s - Loss: critic_x=-0.2046, critic_z=-111.5528, encoder=-172.1396, decoder=0.4783
2025-06-24 15:22:10,016 - tadGANs - INFO - Epoch 478/1000 - Time: 2.92s - Loss: critic_x=-0.1085, critic_z=-365.1708, encoder=-630.7436, decoder=0.5520
2025-06-24 15:22:13,110 - tadGANs - INFO - Epoch 235/1000 - Time: 4.71s - Loss: critic_x=-0.1984, critic_z=-112.1090, encoder=-173.3517, decoder=0.4740
2025-06-24 15:22:14,903 - tadGANs - INFO - Epoch 479/1000 - Time: 4.89s - Loss: critic_x=-0.1113, critic_z=-367.7960, encoder=-632.8357, decoder=0.5590
2025-06-24 15:22:16,020 - tadGANs - INFO - Epoch 236/1000 - Time: 2.91s - Loss: critic_x=-0.1886, critic_z=-113.0323, encoder=-174.8162, decoder=0.4746
2025-06-24 15:22:17,820 - tadGANs - INFO - Epoch 480/1000 - Time: 2.92s - Loss: critic_x=-0.1099, critic_z=-368.4260, encoder=-632.8649, decoder=0.5526
2025-06-24 15:22:17,832 - tadGANs - INFO - Models saved at epoch 480
2025-06-24 15:22:18,680 - tadGANs - INFO - Epoch 237/1000 - Time: 2.66s - Loss: critic_x=-0.1755, critic_z=-113.5337, encoder=-175.7086, decoder=0.4641
2025-06-24 15:22:20,574 - tadGANs - INFO - Epoch 481/1000 - Time: 2.74s - Loss: critic_x=-0.1098, critic_z=-370.3166, encoder=-635.8837, decoder=0.5469
2025-06-24 15:22:21,385 - tadGANs - INFO - Epoch 238/1000 - Time: 2.70s - Loss: critic_x=-0.1671, critic_z=-114.3567, encoder=-176.8121, decoder=0.4618
2025-06-24 15:22:23,415 - tadGANs - INFO - Epoch 482/1000 - Time: 2.84s - Loss: critic_x=-0.1091, critic_z=-370.6821, encoder=-639.7306, decoder=0.5549
2025-06-24 15:22:24,140 - tadGANs - INFO - Epoch 239/1000 - Time: 2.75s - Loss: critic_x=-0.1574, critic_z=-115.1485, encoder=-178.7392, decoder=0.4528
2025-06-24 15:22:26,172 - tadGANs - INFO - Epoch 483/1000 - Time: 2.76s - Loss: critic_x=-0.1112, critic_z=-372.0629, encoder=-640.6672, decoder=0.5523
2025-06-24 15:22:26,846 - tadGANs - INFO - Epoch 240/1000 - Time: 2.71s - Loss: critic_x=-0.1453, critic_z=-116.1729, encoder=-180.0689, decoder=0.4424
2025-06-24 15:22:26,858 - tadGANs - INFO - Models saved at epoch 240
2025-06-24 15:22:28,981 - tadGANs - INFO - Epoch 484/1000 - Time: 2.81s - Loss: critic_x=-0.1114, critic_z=-373.5935, encoder=-643.3180, decoder=0.5317
2025-06-24 15:22:29,492 - tadGANs - INFO - Epoch 241/1000 - Time: 2.63s - Loss: critic_x=-0.1363, critic_z=-116.6521, encoder=-180.9765, decoder=0.4295
2025-06-24 15:22:31,804 - tadGANs - INFO - Epoch 485/1000 - Time: 2.82s - Loss: critic_x=-0.1108, critic_z=-374.9167, encoder=-645.4305, decoder=0.5419
2025-06-24 15:22:32,230 - tadGANs - INFO - Epoch 242/1000 - Time: 2.74s - Loss: critic_x=-0.1250, critic_z=-117.5392, encoder=-182.3164, decoder=0.4461
2025-06-24 15:22:34,724 - tadGANs - INFO - Epoch 486/1000 - Time: 2.92s - Loss: critic_x=-0.1154, critic_z=-377.4363, encoder=-649.8002, decoder=0.5330
2025-06-24 15:22:35,012 - tadGANs - INFO - Epoch 243/1000 - Time: 2.78s - Loss: critic_x=-0.1226, critic_z=-118.3736, encoder=-184.3487, decoder=0.4618
2025-06-24 15:22:37,638 - tadGANs - INFO - Epoch 487/1000 - Time: 2.91s - Loss: critic_x=-0.1115, critic_z=-377.5163, encoder=-650.7758, decoder=0.5237
2025-06-24 15:22:37,811 - tadGANs - INFO - Epoch 244/1000 - Time: 2.80s - Loss: critic_x=-0.1133, critic_z=-118.9675, encoder=-184.7780, decoder=0.4328
2025-06-24 15:22:40,578 - tadGANs - INFO - Epoch 488/1000 - Time: 2.94s - Loss: critic_x=-0.1092, critic_z=-379.4601, encoder=-654.8659, decoder=0.5236
2025-06-24 15:22:40,740 - tadGANs - INFO - Epoch 245/1000 - Time: 2.93s - Loss: critic_x=-0.0994, critic_z=-119.9611, encoder=-186.1649, decoder=0.4651
2025-06-24 15:22:43,451 - tadGANs - INFO - Epoch 489/1000 - Time: 2.87s - Loss: critic_x=-0.1100, critic_z=-380.5233, encoder=-657.5297, decoder=0.5193
2025-06-24 15:22:43,553 - tadGANs - INFO - Epoch 246/1000 - Time: 2.81s - Loss: critic_x=-0.0887, critic_z=-120.4019, encoder=-187.8649, decoder=0.4775
2025-06-24 15:22:48,218 - tadGANs - INFO - Epoch 490/1000 - Time: 4.77s - Loss: critic_x=-0.1096, critic_z=-382.2532, encoder=-659.5997, decoder=0.5201
2025-06-24 15:22:48,232 - tadGANs - INFO - Models saved at epoch 490
2025-06-24 15:22:48,273 - tadGANs - INFO - Epoch 247/1000 - Time: 4.72s - Loss: critic_x=-0.0939, critic_z=-121.1592, encoder=-189.3512, decoder=0.4927
2025-06-24 15:22:51,111 - tadGANs - INFO - Epoch 248/1000 - Time: 2.84s - Loss: critic_x=-0.0943, critic_z=-121.9794, encoder=-190.2295, decoder=0.5248
2025-06-24 15:22:51,117 - tadGANs - INFO - Epoch 491/1000 - Time: 2.88s - Loss: critic_x=-0.1113, critic_z=-383.2314, encoder=-661.2821, decoder=0.5233
2025-06-24 15:22:53,791 - tadGANs - INFO - Epoch 492/1000 - Time: 2.67s - Loss: critic_x=-0.1087, critic_z=-385.1025, encoder=-665.4539, decoder=0.5123
2025-06-24 15:22:53,851 - tadGANs - INFO - Epoch 249/1000 - Time: 2.74s - Loss: critic_x=-0.0929, critic_z=-122.9160, encoder=-191.8404, decoder=0.5658
2025-06-24 15:22:56,572 - tadGANs - INFO - Epoch 250/1000 - Time: 2.72s - Loss: critic_x=-0.0954, critic_z=-123.4507, encoder=-193.2111, decoder=0.5897
2025-06-24 15:22:56,586 - tadGANs - INFO - Models saved at epoch 250
2025-06-24 15:22:56,655 - tadGANs - INFO - Epoch 493/1000 - Time: 2.86s - Loss: critic_x=-0.1110, critic_z=-386.2884, encoder=-667.0054, decoder=0.5115
2025-06-24 15:22:59,528 - tadGANs - INFO - Epoch 251/1000 - Time: 2.94s - Loss: critic_x=-0.0967, critic_z=-124.7024, encoder=-195.2525, decoder=0.6072
2025-06-24 15:22:59,562 - tadGANs - INFO - Epoch 494/1000 - Time: 2.91s - Loss: critic_x=-0.1066, critic_z=-386.7055, encoder=-669.3796, decoder=0.5012
2025-06-24 15:23:02,197 - tadGANs - INFO - Epoch 495/1000 - Time: 2.64s - Loss: critic_x=-0.1063, critic_z=-388.4723, encoder=-672.9982, decoder=0.5106
2025-06-24 15:23:02,211 - tadGANs - INFO - Epoch 252/1000 - Time: 2.68s - Loss: critic_x=-0.1055, critic_z=-125.1516, encoder=-195.7056, decoder=0.6349
2025-06-24 15:23:04,936 - tadGANs - INFO - Epoch 253/1000 - Time: 2.72s - Loss: critic_x=-0.1050, critic_z=-125.9179, encoder=-197.0174, decoder=0.6422
2025-06-24 15:23:04,976 - tadGANs - INFO - Epoch 496/1000 - Time: 2.78s - Loss: critic_x=-0.1082, critic_z=-390.2901, encoder=-674.4991, decoder=0.5103
2025-06-24 15:23:07,727 - tadGANs - INFO - Epoch 497/1000 - Time: 2.75s - Loss: critic_x=-0.1078, critic_z=-391.6028, encoder=-677.9833, decoder=0.5116
2025-06-24 15:23:07,853 - tadGANs - INFO - Epoch 254/1000 - Time: 2.92s - Loss: critic_x=-0.1067, critic_z=-126.6717, encoder=-198.6275, decoder=0.6544
2025-06-24 15:23:10,405 - tadGANs - INFO - Epoch 498/1000 - Time: 2.68s - Loss: critic_x=-0.1077, critic_z=-393.2658, encoder=-681.0802, decoder=0.5158
2025-06-24 15:23:10,598 - tadGANs - INFO - Epoch 255/1000 - Time: 2.74s - Loss: critic_x=-0.1074, critic_z=-127.6541, encoder=-200.2385, decoder=0.6735
2025-06-24 15:23:13,289 - tadGANs - INFO - Epoch 499/1000 - Time: 2.88s - Loss: critic_x=-0.1050, critic_z=-394.6716, encoder=-681.3779, decoder=0.5167
2025-06-24 15:23:13,552 - tadGANs - INFO - Epoch 256/1000 - Time: 2.95s - Loss: critic_x=-0.1081, critic_z=-128.0313, encoder=-201.7253, decoder=0.6827
2025-06-24 15:23:16,311 - tadGANs - INFO - Epoch 500/1000 - Time: 3.02s - Loss: critic_x=-0.1053, critic_z=-395.3713, encoder=-684.7312, decoder=0.5241
2025-06-24 15:23:16,326 - tadGANs - INFO - Models saved at epoch 500
2025-06-24 15:23:16,533 - tadGANs - INFO - Epoch 257/1000 - Time: 2.98s - Loss: critic_x=-0.1083, critic_z=-129.2386, encoder=-202.3542, decoder=0.6976
2025-06-24 15:23:19,302 - tadGANs - INFO - Epoch 501/1000 - Time: 2.98s - Loss: critic_x=-0.1059, critic_z=-396.9885, encoder=-687.4826, decoder=0.5214
2025-06-24 15:23:19,555 - tadGANs - INFO - Epoch 258/1000 - Time: 3.02s - Loss: critic_x=-0.1104, critic_z=-129.8866, encoder=-203.7081, decoder=0.7364
2025-06-24 15:23:24,193 - tadGANs - INFO - Epoch 502/1000 - Time: 4.89s - Loss: critic_x=-0.1055, critic_z=-398.6265, encoder=-688.7218, decoder=0.5340
2025-06-24 15:23:24,510 - tadGANs - INFO - Epoch 259/1000 - Time: 4.96s - Loss: critic_x=-0.1100, critic_z=-130.6582, encoder=-205.3505, decoder=0.7438
2025-06-24 15:23:27,223 - tadGANs - INFO - Epoch 503/1000 - Time: 3.03s - Loss: critic_x=-0.1009, critic_z=-399.1770, encoder=-693.0112, decoder=0.5351
2025-06-24 15:23:27,380 - tadGANs - INFO - Epoch 260/1000 - Time: 2.87s - Loss: critic_x=-0.1119, critic_z=-131.5965, encoder=-206.4841, decoder=0.7503
2025-06-24 15:23:27,392 - tadGANs - INFO - Models saved at epoch 260
2025-06-24 15:23:30,054 - tadGANs - INFO - Epoch 504/1000 - Time: 2.83s - Loss: critic_x=-0.1048, critic_z=-401.5111, encoder=-695.0928, decoder=0.5386
2025-06-24 15:23:30,339 - tadGANs - INFO - Epoch 261/1000 - Time: 2.95s - Loss: critic_x=-0.1150, critic_z=-132.1929, encoder=-208.4625, decoder=0.7779
2025-06-24 15:23:33,065 - tadGANs - INFO - Epoch 505/1000 - Time: 3.01s - Loss: critic_x=-0.1050, critic_z=-402.8140, encoder=-697.1410, decoder=0.5353
2025-06-24 15:23:33,431 - tadGANs - INFO - Epoch 262/1000 - Time: 3.09s - Loss: critic_x=-0.1148, critic_z=-133.3361, encoder=-210.0973, decoder=0.7945
2025-06-24 15:23:35,787 - tadGANs - INFO - Epoch 506/1000 - Time: 2.72s - Loss: critic_x=-0.1032, critic_z=-403.6201, encoder=-698.4859, decoder=0.5345
2025-06-24 15:23:36,088 - tadGANs - INFO - Epoch 263/1000 - Time: 2.66s - Loss: critic_x=-0.1170, critic_z=-133.9007, encoder=-210.7967, decoder=0.7832
2025-06-24 15:23:38,721 - tadGANs - INFO - Epoch 507/1000 - Time: 2.93s - Loss: critic_x=-0.1042, critic_z=-406.1014, encoder=-703.7711, decoder=0.5541
2025-06-24 15:23:38,995 - tadGANs - INFO - Epoch 264/1000 - Time: 2.91s - Loss: critic_x=-0.1175, critic_z=-134.7703, encoder=-212.4431, decoder=0.7757
2025-06-24 15:23:41,638 - tadGANs - INFO - Epoch 508/1000 - Time: 2.92s - Loss: critic_x=-0.1023, critic_z=-406.7746, encoder=-706.0576, decoder=0.5462
2025-06-24 15:23:41,960 - tadGANs - INFO - Epoch 265/1000 - Time: 2.96s - Loss: critic_x=-0.1173, critic_z=-135.6178, encoder=-213.6998, decoder=0.7835
2025-06-24 15:23:44,513 - tadGANs - INFO - Epoch 509/1000 - Time: 2.87s - Loss: critic_x=-0.1035, critic_z=-408.0905, encoder=-707.6964, decoder=0.5548
2025-06-24 15:23:44,726 - tadGANs - INFO - Epoch 266/1000 - Time: 2.77s - Loss: critic_x=-0.1142, critic_z=-136.4435, encoder=-215.6348, decoder=0.7937
2025-06-24 15:23:47,439 - tadGANs - INFO - Epoch 510/1000 - Time: 2.93s - Loss: critic_x=-0.1025, critic_z=-409.3181, encoder=-710.4385, decoder=0.5474
2025-06-24 15:23:47,452 - tadGANs - INFO - Models saved at epoch 510
2025-06-24 15:23:47,626 - tadGANs - INFO - Epoch 267/1000 - Time: 2.90s - Loss: critic_x=-0.1141, critic_z=-137.1561, encoder=-216.7730, decoder=0.8043
2025-06-24 15:23:50,415 - tadGANs - INFO - Epoch 511/1000 - Time: 2.96s - Loss: critic_x=-0.1021, critic_z=-410.9530, encoder=-713.8401, decoder=0.5439
2025-06-24 15:23:50,477 - tadGANs - INFO - Epoch 268/1000 - Time: 2.85s - Loss: critic_x=-0.1164, critic_z=-137.8351, encoder=-218.1971, decoder=0.8103
2025-06-24 15:23:53,275 - tadGANs - INFO - Epoch 512/1000 - Time: 2.86s - Loss: critic_x=-0.1027, critic_z=-411.5816, encoder=-716.1399, decoder=0.5424
2025-06-24 15:23:53,342 - tadGANs - INFO - Epoch 269/1000 - Time: 2.87s - Loss: critic_x=-0.1139, critic_z=-138.9674, encoder=-219.4818, decoder=0.7887
2025-06-24 15:23:58,130 - tadGANs - INFO - Epoch 513/1000 - Time: 4.85s - Loss: critic_x=-0.1015, critic_z=-414.2667, encoder=-716.4098, decoder=0.5441
2025-06-24 15:23:58,191 - tadGANs - INFO - Epoch 270/1000 - Time: 4.85s - Loss: critic_x=-0.1128, critic_z=-139.7114, encoder=-220.8813, decoder=0.7863
2025-06-24 15:23:58,205 - tadGANs - INFO - Models saved at epoch 270
2025-06-24 15:24:01,089 - tadGANs - INFO - Epoch 514/1000 - Time: 2.96s - Loss: critic_x=-0.1019, critic_z=-415.1230, encoder=-721.7690, decoder=0.5493
2025-06-24 15:24:01,171 - tadGANs - INFO - Epoch 271/1000 - Time: 2.97s - Loss: critic_x=-0.1172, critic_z=-140.5122, encoder=-221.7236, decoder=0.7739
2025-06-24 15:24:03,992 - tadGANs - INFO - Epoch 515/1000 - Time: 2.90s - Loss: critic_x=-0.1040, critic_z=-416.6333, encoder=-724.7020, decoder=0.5315
2025-06-24 15:24:04,086 - tadGANs - INFO - Epoch 272/1000 - Time: 2.91s - Loss: critic_x=-0.1131, critic_z=-141.3953, encoder=-223.4407, decoder=0.7794
2025-06-24 15:24:06,837 - tadGANs - INFO - Epoch 516/1000 - Time: 2.84s - Loss: critic_x=-0.0992, critic_z=-418.3131, encoder=-727.1146, decoder=0.5497
2025-06-24 15:24:06,999 - tadGANs - INFO - Epoch 273/1000 - Time: 2.91s - Loss: critic_x=-0.1121, critic_z=-142.6209, encoder=-225.0066, decoder=0.7577
2025-06-24 15:24:09,550 - tadGANs - INFO - Epoch 517/1000 - Time: 2.71s - Loss: critic_x=-0.1009, critic_z=-419.3451, encoder=-728.6973, decoder=0.5311
2025-06-24 15:24:09,774 - tadGANs - INFO - Epoch 274/1000 - Time: 2.77s - Loss: critic_x=-0.1159, critic_z=-143.3625, encoder=-227.1492, decoder=0.7510
2025-06-24 15:24:12,222 - tadGANs - INFO - Epoch 518/1000 - Time: 2.67s - Loss: critic_x=-0.0989, critic_z=-421.1254, encoder=-732.1204, decoder=0.5480
2025-06-24 15:24:12,542 - tadGANs - INFO - Epoch 275/1000 - Time: 2.77s - Loss: critic_x=-0.1137, critic_z=-143.9415, encoder=-228.1139, decoder=0.7318
2025-06-24 15:24:15,153 - tadGANs - INFO - Epoch 519/1000 - Time: 2.93s - Loss: critic_x=-0.1042, critic_z=-421.8234, encoder=-733.7685, decoder=0.5469
2025-06-24 15:24:15,559 - tadGANs - INFO - Epoch 276/1000 - Time: 3.02s - Loss: critic_x=-0.1181, critic_z=-144.6870, encoder=-230.1482, decoder=0.7276
2025-06-24 15:24:18,031 - tadGANs - INFO - Epoch 520/1000 - Time: 2.88s - Loss: critic_x=-0.1008, critic_z=-423.4324, encoder=-736.4279, decoder=0.5204
2025-06-24 15:24:18,043 - tadGANs - INFO - Models saved at epoch 520
2025-06-24 15:24:18,334 - tadGANs - INFO - Epoch 277/1000 - Time: 2.78s - Loss: critic_x=-0.1202, critic_z=-145.5431, encoder=-230.8916, decoder=0.7114
2025-06-24 15:24:20,977 - tadGANs - INFO - Epoch 521/1000 - Time: 2.93s - Loss: critic_x=-0.0999, critic_z=-425.3991, encoder=-739.7129, decoder=0.5201
2025-06-24 15:24:21,221 - tadGANs - INFO - Epoch 278/1000 - Time: 2.89s - Loss: critic_x=-0.1205, critic_z=-146.3014, encoder=-232.5307, decoder=0.7067
2025-06-24 15:24:23,853 - tadGANs - INFO - Epoch 522/1000 - Time: 2.88s - Loss: critic_x=-0.1025, critic_z=-427.3973, encoder=-742.1047, decoder=0.5098
2025-06-24 15:24:24,107 - tadGANs - INFO - Epoch 279/1000 - Time: 2.89s - Loss: critic_x=-0.1243, critic_z=-147.3261, encoder=-234.2186, decoder=0.6966
2025-06-24 15:24:26,706 - tadGANs - INFO - Epoch 523/1000 - Time: 2.85s - Loss: critic_x=-0.1004, critic_z=-428.4893, encoder=-746.2478, decoder=0.5039
2025-06-24 15:24:26,978 - tadGANs - INFO - Epoch 280/1000 - Time: 2.87s - Loss: critic_x=-0.1278, critic_z=-147.9315, encoder=-235.6171, decoder=0.6849
2025-06-24 15:24:26,990 - tadGANs - INFO - Models saved at epoch 280
2025-06-24 15:24:31,184 - tadGANs - INFO - Epoch 524/1000 - Time: 4.48s - Loss: critic_x=-0.0971, critic_z=-429.8956, encoder=-747.3399, decoder=0.5067
2025-06-24 15:24:31,592 - tadGANs - INFO - Epoch 281/1000 - Time: 4.60s - Loss: critic_x=-0.1274, critic_z=-148.9662, encoder=-236.5997, decoder=0.6820
2025-06-24 15:24:34,141 - tadGANs - INFO - Epoch 525/1000 - Time: 2.96s - Loss: critic_x=-0.0981, critic_z=-431.4819, encoder=-749.9157, decoder=0.4978
2025-06-24 15:24:34,467 - tadGANs - INFO - Epoch 282/1000 - Time: 2.87s - Loss: critic_x=-0.1309, critic_z=-149.9281, encoder=-238.2654, decoder=0.6646
2025-06-24 15:24:36,959 - tadGANs - INFO - Epoch 526/1000 - Time: 2.82s - Loss: critic_x=-0.0999, critic_z=-432.7228, encoder=-754.4587, decoder=0.4941
2025-06-24 15:24:37,376 - tadGANs - INFO - Epoch 283/1000 - Time: 2.91s - Loss: critic_x=-0.1348, critic_z=-150.5063, encoder=-239.8176, decoder=0.6635
2025-06-24 15:24:39,904 - tadGANs - INFO - Epoch 527/1000 - Time: 2.95s - Loss: critic_x=-0.0980, critic_z=-434.3230, encoder=-755.1613, decoder=0.5080
2025-06-24 15:24:40,328 - tadGANs - INFO - Epoch 284/1000 - Time: 2.95s - Loss: critic_x=-0.1372, critic_z=-151.5998, encoder=-241.4673, decoder=0.6624
2025-06-24 15:24:42,673 - tadGANs - INFO - Epoch 528/1000 - Time: 2.77s - Loss: critic_x=-0.0968, critic_z=-435.3687, encoder=-758.3016, decoder=0.5107
2025-06-24 15:24:43,128 - tadGANs - INFO - Epoch 285/1000 - Time: 2.80s - Loss: critic_x=-0.1410, critic_z=-152.7217, encoder=-242.8932, decoder=0.6491
2025-06-24 15:24:45,495 - tadGANs - INFO - Epoch 529/1000 - Time: 2.82s - Loss: critic_x=-0.0984, critic_z=-437.0099, encoder=-761.0678, decoder=0.5187
2025-06-24 15:24:45,996 - tadGANs - INFO - Epoch 286/1000 - Time: 2.87s - Loss: critic_x=-0.1446, critic_z=-153.1698, encoder=-244.4356, decoder=0.6485
2025-06-24 15:24:48,316 - tadGANs - INFO - Epoch 530/1000 - Time: 2.82s - Loss: critic_x=-0.0959, critic_z=-438.0292, encoder=-763.7307, decoder=0.5170
2025-06-24 15:24:48,331 - tadGANs - INFO - Models saved at epoch 530
2025-06-24 15:24:48,812 - tadGANs - INFO - Epoch 287/1000 - Time: 2.82s - Loss: critic_x=-0.1481, critic_z=-154.0202, encoder=-245.9017, decoder=0.6360
2025-06-24 15:24:51,220 - tadGANs - INFO - Epoch 531/1000 - Time: 2.89s - Loss: critic_x=-0.0952, critic_z=-440.0913, encoder=-765.6323, decoder=0.5276
2025-06-24 15:24:51,610 - tadGANs - INFO - Epoch 288/1000 - Time: 2.80s - Loss: critic_x=-0.1487, critic_z=-155.0856, encoder=-247.8496, decoder=0.6351
2025-06-24 15:24:54,084 - tadGANs - INFO - Epoch 532/1000 - Time: 2.86s - Loss: critic_x=-0.0990, critic_z=-441.0722, encoder=-767.7092, decoder=0.5444
2025-06-24 15:24:54,347 - tadGANs - INFO - Epoch 289/1000 - Time: 2.74s - Loss: critic_x=-0.1527, critic_z=-155.6523, encoder=-249.0093, decoder=0.6160
2025-06-24 15:24:56,909 - tadGANs - INFO - Epoch 533/1000 - Time: 2.82s - Loss: critic_x=-0.0973, critic_z=-442.7511, encoder=-771.8802, decoder=0.5504
2025-06-24 15:24:57,149 - tadGANs - INFO - Epoch 290/1000 - Time: 2.80s - Loss: critic_x=-0.1537, critic_z=-156.4971, encoder=-250.5719, decoder=0.6190
2025-06-24 15:24:57,162 - tadGANs - INFO - Models saved at epoch 290
2025-06-24 15:24:59,795 - tadGANs - INFO - Epoch 534/1000 - Time: 2.89s - Loss: critic_x=-0.0996, critic_z=-444.2228, encoder=-775.5486, decoder=0.5592
2025-06-24 15:24:59,997 - tadGANs - INFO - Epoch 291/1000 - Time: 2.83s - Loss: critic_x=-0.1559, critic_z=-157.7264, encoder=-251.5799, decoder=0.6199
2025-06-24 15:25:02,643 - tadGANs - INFO - Epoch 535/1000 - Time: 2.85s - Loss: critic_x=-0.0985, critic_z=-446.5192, encoder=-778.9665, decoder=0.5603
2025-06-24 15:25:02,811 - tadGANs - INFO - Epoch 292/1000 - Time: 2.81s - Loss: critic_x=-0.1573, critic_z=-158.5628, encoder=-253.9385, decoder=0.6082
2025-06-24 15:25:05,463 - tadGANs - INFO - Epoch 536/1000 - Time: 2.82s - Loss: critic_x=-0.1031, critic_z=-447.5680, encoder=-779.8323, decoder=0.5729
2025-06-24 15:25:05,610 - tadGANs - INFO - Epoch 293/1000 - Time: 2.80s - Loss: critic_x=-0.1580, critic_z=-159.2801, encoder=-255.4410, decoder=0.5985
2025-06-24 15:25:08,250 - tadGANs - INFO - Epoch 537/1000 - Time: 2.79s - Loss: critic_x=-0.1006, critic_z=-448.9352, encoder=-783.0893, decoder=0.5728
2025-06-24 15:25:08,362 - tadGANs - INFO - Epoch 294/1000 - Time: 2.75s - Loss: critic_x=-0.1601, critic_z=-160.1633, encoder=-256.9750, decoder=0.6117
2025-06-24 15:25:11,079 - tadGANs - INFO - Epoch 538/1000 - Time: 2.83s - Loss: critic_x=-0.0971, critic_z=-450.0260, encoder=-785.9355, decoder=0.5625
2025-06-24 15:25:11,182 - tadGANs - INFO - Epoch 295/1000 - Time: 2.82s - Loss: critic_x=-0.1594, critic_z=-161.1055, encoder=-258.4060, decoder=0.5856
2025-06-24 15:25:13,958 - tadGANs - INFO - Epoch 539/1000 - Time: 2.88s - Loss: critic_x=-0.0996, critic_z=-450.7034, encoder=-787.3885, decoder=0.5729
2025-06-24 15:25:13,978 - tadGANs - INFO - Epoch 296/1000 - Time: 2.80s - Loss: critic_x=-0.1625, critic_z=-161.9342, encoder=-259.7652, decoder=0.5849
2025-06-24 15:25:16,794 - tadGANs - INFO - Epoch 297/1000 - Time: 2.82s - Loss: critic_x=-0.1642, critic_z=-162.8724, encoder=-261.8591, decoder=0.5950
2025-06-24 15:25:16,844 - tadGANs - INFO - Epoch 540/1000 - Time: 2.89s - Loss: critic_x=-0.0969, critic_z=-453.5839, encoder=-791.8060, decoder=0.5733
2025-06-24 15:25:16,855 - tadGANs - INFO - Models saved at epoch 540
2025-06-24 15:25:22,198 - tadGANs - INFO - Epoch 298/1000 - Time: 5.40s - Loss: critic_x=-0.1629, critic_z=-163.8479, encoder=-263.0299, decoder=0.5738
2025-06-24 15:25:22,503 - tadGANs - INFO - Epoch 541/1000 - Time: 5.65s - Loss: critic_x=-0.0999, critic_z=-455.1544, encoder=-793.0252, decoder=0.5625
2025-06-24 15:25:25,027 - tadGANs - INFO - Epoch 299/1000 - Time: 2.83s - Loss: critic_x=-0.1601, critic_z=-164.3428, encoder=-263.8598, decoder=0.5702
2025-06-24 15:25:25,302 - tadGANs - INFO - Epoch 542/1000 - Time: 2.80s - Loss: critic_x=-0.0984, critic_z=-456.7356, encoder=-796.3224, decoder=0.5628
2025-06-24 15:25:27,795 - tadGANs - INFO - Epoch 300/1000 - Time: 2.77s - Loss: critic_x=-0.1623, critic_z=-165.6639, encoder=-266.4605, decoder=0.5914
2025-06-24 15:25:27,809 - tadGANs - INFO - Models saved at epoch 300
2025-06-24 15:25:28,250 - tadGANs - INFO - Epoch 543/1000 - Time: 2.95s - Loss: critic_x=-0.0962, critic_z=-458.3513, encoder=-799.2928, decoder=0.5559
2025-06-24 15:25:30,534 - tadGANs - INFO - Epoch 301/1000 - Time: 2.72s - Loss: critic_x=-0.1645, critic_z=-166.4034, encoder=-268.0424, decoder=0.5845
2025-06-24 15:25:31,133 - tadGANs - INFO - Epoch 544/1000 - Time: 2.88s - Loss: critic_x=-0.0975, critic_z=-459.8397, encoder=-802.8432, decoder=0.5333
2025-06-24 15:25:33,351 - tadGANs - INFO - Epoch 302/1000 - Time: 2.82s - Loss: critic_x=-0.1630, critic_z=-167.6152, encoder=-269.3017, decoder=0.5848
2025-06-24 15:25:33,901 - tadGANs - INFO - Epoch 545/1000 - Time: 2.77s - Loss: critic_x=-0.0967, critic_z=-461.0228, encoder=-807.0561, decoder=0.5274
2025-06-24 15:25:36,069 - tadGANs - INFO - Epoch 303/1000 - Time: 2.72s - Loss: critic_x=-0.1616, critic_z=-168.2901, encoder=-271.2147, decoder=0.5778
2025-06-24 15:25:36,732 - tadGANs - INFO - Epoch 546/1000 - Time: 2.83s - Loss: critic_x=-0.0962, critic_z=-461.4379, encoder=-808.3631, decoder=0.5366
2025-06-24 15:25:38,859 - tadGANs - INFO - Epoch 304/1000 - Time: 2.79s - Loss: critic_x=-0.1659, critic_z=-169.0219, encoder=-273.5799, decoder=0.5804
2025-06-24 15:25:39,560 - tadGANs - INFO - Epoch 547/1000 - Time: 2.83s - Loss: critic_x=-0.0967, critic_z=-463.5776, encoder=-811.6804, decoder=0.5287
2025-06-24 15:25:41,636 - tadGANs - INFO - Epoch 305/1000 - Time: 2.78s - Loss: critic_x=-0.1637, critic_z=-170.1005, encoder=-273.8445, decoder=0.5663
2025-06-24 15:25:42,530 - tadGANs - INFO - Epoch 548/1000 - Time: 2.97s - Loss: critic_x=-0.0968, critic_z=-466.0056, encoder=-812.8193, decoder=0.5085
2025-06-24 15:25:44,416 - tadGANs - INFO - Epoch 306/1000 - Time: 2.78s - Loss: critic_x=-0.1641, critic_z=-170.7997, encoder=-274.8708, decoder=0.5740
2025-06-24 15:25:45,438 - tadGANs - INFO - Epoch 549/1000 - Time: 2.91s - Loss: critic_x=-0.0935, critic_z=-466.6670, encoder=-815.9394, decoder=0.5122
2025-06-24 15:25:47,267 - tadGANs - INFO - Epoch 307/1000 - Time: 2.85s - Loss: critic_x=-0.1617, critic_z=-171.7650, encoder=-278.3215, decoder=0.6014
2025-06-24 15:25:48,271 - tadGANs - INFO - Epoch 550/1000 - Time: 2.83s - Loss: critic_x=-0.0927, critic_z=-468.4369, encoder=-819.6438, decoder=0.5139
2025-06-24 15:25:48,282 - tadGANs - INFO - Models saved at epoch 550
2025-06-24 15:25:50,008 - tadGANs - INFO - Epoch 308/1000 - Time: 2.74s - Loss: critic_x=-0.1619, critic_z=-173.1597, encoder=-280.1412, decoder=0.6050
2025-06-24 15:25:51,087 - tadGANs - INFO - Epoch 551/1000 - Time: 2.80s - Loss: critic_x=-0.0923, critic_z=-470.0859, encoder=-822.6339, decoder=0.5002
2025-06-24 15:25:52,737 - tadGANs - INFO - Epoch 309/1000 - Time: 2.73s - Loss: critic_x=-0.1624, critic_z=-173.4869, encoder=-280.0901, decoder=0.5939
2025-06-24 15:25:55,731 - tadGANs - INFO - Epoch 552/1000 - Time: 4.64s - Loss: critic_x=-0.0941, critic_z=-471.3574, encoder=-824.1703, decoder=0.4992
2025-06-24 15:25:57,356 - tadGANs - INFO - Epoch 310/1000 - Time: 4.62s - Loss: critic_x=-0.1625, critic_z=-174.4556, encoder=-281.2501, decoder=0.6024
2025-06-24 15:25:57,369 - tadGANs - INFO - Models saved at epoch 310
2025-06-24 15:25:58,587 - tadGANs - INFO - Epoch 553/1000 - Time: 2.86s - Loss: critic_x=-0.0938, critic_z=-472.1326, encoder=-826.0197, decoder=0.5186
2025-06-24 15:26:00,174 - tadGANs - INFO - Epoch 311/1000 - Time: 2.81s - Loss: critic_x=-0.1618, critic_z=-175.7766, encoder=-283.3056, decoder=0.5994
2025-06-24 15:26:01,507 - tadGANs - INFO - Epoch 554/1000 - Time: 2.92s - Loss: critic_x=-0.0897, critic_z=-473.7008, encoder=-830.4937, decoder=0.5127
2025-06-24 15:26:03,036 - tadGANs - INFO - Epoch 312/1000 - Time: 2.86s - Loss: critic_x=-0.1639, critic_z=-176.5452, encoder=-285.2003, decoder=0.6023
2025-06-24 15:26:04,345 - tadGANs - INFO - Epoch 555/1000 - Time: 2.84s - Loss: critic_x=-0.0930, critic_z=-475.5433, encoder=-832.7914, decoder=0.5325
2025-06-24 15:26:05,871 - tadGANs - INFO - Epoch 313/1000 - Time: 2.83s - Loss: critic_x=-0.1651, critic_z=-177.4310, encoder=-287.4858, decoder=0.5965
2025-06-24 15:26:07,222 - tadGANs - INFO - Epoch 556/1000 - Time: 2.88s - Loss: critic_x=-0.0923, critic_z=-477.3864, encoder=-836.0611, decoder=0.5348
2025-06-24 15:26:08,656 - tadGANs - INFO - Epoch 314/1000 - Time: 2.78s - Loss: critic_x=-0.1658, critic_z=-178.4415, encoder=-289.3016, decoder=0.5871
2025-06-24 15:26:10,054 - tadGANs - INFO - Epoch 557/1000 - Time: 2.83s - Loss: critic_x=-0.0939, critic_z=-478.3139, encoder=-837.1674, decoder=0.5348
2025-06-24 15:26:11,377 - tadGANs - INFO - Epoch 315/1000 - Time: 2.72s - Loss: critic_x=-0.1621, critic_z=-179.1519, encoder=-290.3249, decoder=0.5888
2025-06-24 15:26:12,933 - tadGANs - INFO - Epoch 558/1000 - Time: 2.88s - Loss: critic_x=-0.0924, critic_z=-479.9878, encoder=-841.9868, decoder=0.5543
2025-06-24 15:26:14,261 - tadGANs - INFO - Epoch 316/1000 - Time: 2.88s - Loss: critic_x=-0.1638, critic_z=-180.5670, encoder=-291.8177, decoder=0.5806
2025-06-24 15:26:15,721 - tadGANs - INFO - Epoch 559/1000 - Time: 2.79s - Loss: critic_x=-0.0904, critic_z=-481.8092, encoder=-843.5094, decoder=0.5577
2025-06-24 15:26:17,278 - tadGANs - INFO - Epoch 317/1000 - Time: 3.02s - Loss: critic_x=-0.1607, critic_z=-181.0147, encoder=-293.6075, decoder=0.5869
2025-06-24 15:26:18,595 - tadGANs - INFO - Epoch 560/1000 - Time: 2.87s - Loss: critic_x=-0.0889, critic_z=-482.5273, encoder=-846.0956, decoder=0.5549
2025-06-24 15:26:18,609 - tadGANs - INFO - Models saved at epoch 560
2025-06-24 15:26:20,138 - tadGANs - INFO - Epoch 318/1000 - Time: 2.86s - Loss: critic_x=-0.1655, critic_z=-182.5988, encoder=-295.0445, decoder=0.5759
2025-06-24 15:26:21,516 - tadGANs - INFO - Epoch 561/1000 - Time: 2.91s - Loss: critic_x=-0.0916, critic_z=-484.8731, encoder=-849.9755, decoder=0.5672
2025-06-24 15:26:22,954 - tadGANs - INFO - Epoch 319/1000 - Time: 2.82s - Loss: critic_x=-0.1618, critic_z=-183.1207, encoder=-296.8321, decoder=0.5688
2025-06-24 15:26:24,314 - tadGANs - INFO - Epoch 562/1000 - Time: 2.80s - Loss: critic_x=-0.0904, critic_z=-486.4774, encoder=-853.7486, decoder=0.5668
2025-06-24 15:26:25,765 - tadGANs - INFO - Epoch 320/1000 - Time: 2.81s - Loss: critic_x=-0.1596, critic_z=-183.8286, encoder=-298.6843, decoder=0.5816
2025-06-24 15:26:25,776 - tadGANs - INFO - Models saved at epoch 320
2025-06-24 15:26:27,168 - tadGANs - INFO - Epoch 563/1000 - Time: 2.85s - Loss: critic_x=-0.0886, critic_z=-488.2410, encoder=-855.7154, decoder=0.5627
2025-06-24 15:26:30,449 - tadGANs - INFO - Epoch 321/1000 - Time: 4.67s - Loss: critic_x=-0.1618, critic_z=-185.2336, encoder=-300.6740, decoder=0.5839
2025-06-24 15:26:31,843 - tadGANs - INFO - Epoch 564/1000 - Time: 4.68s - Loss: critic_x=-0.0894, critic_z=-489.2684, encoder=-859.1568, decoder=0.5604
2025-06-24 15:26:33,347 - tadGANs - INFO - Epoch 322/1000 - Time: 2.90s - Loss: critic_x=-0.1614, critic_z=-185.9115, encoder=-302.1732, decoder=0.5917
2025-06-24 15:26:34,843 - tadGANs - INFO - Epoch 565/1000 - Time: 3.00s - Loss: critic_x=-0.0907, critic_z=-490.4946, encoder=-861.0603, decoder=0.5478
2025-06-24 15:26:36,300 - tadGANs - INFO - Epoch 323/1000 - Time: 2.95s - Loss: critic_x=-0.1601, critic_z=-186.7480, encoder=-303.8351, decoder=0.5738
2025-06-24 15:26:37,871 - tadGANs - INFO - Epoch 566/1000 - Time: 3.03s - Loss: critic_x=-0.0873, critic_z=-493.2866, encoder=-863.5699, decoder=0.5449
2025-06-24 15:26:39,149 - tadGANs - INFO - Epoch 324/1000 - Time: 2.85s - Loss: critic_x=-0.1588, critic_z=-187.3670, encoder=-305.0014, decoder=0.5793
2025-06-24 15:26:40,607 - tadGANs - INFO - Epoch 567/1000 - Time: 2.74s - Loss: critic_x=-0.0903, critic_z=-494.0470, encoder=-866.9700, decoder=0.5354
2025-06-24 15:26:41,910 - tadGANs - INFO - Epoch 325/1000 - Time: 2.76s - Loss: critic_x=-0.1615, critic_z=-188.7353, encoder=-307.5501, decoder=0.5771
2025-06-24 15:26:43,379 - tadGANs - INFO - Epoch 568/1000 - Time: 2.77s - Loss: critic_x=-0.0875, critic_z=-495.3633, encoder=-870.3678, decoder=0.5326
2025-06-24 15:26:44,642 - tadGANs - INFO - Epoch 326/1000 - Time: 2.73s - Loss: critic_x=-0.1582, critic_z=-189.9469, encoder=-308.7872, decoder=0.5696
2025-06-24 15:26:46,301 - tadGANs - INFO - Epoch 569/1000 - Time: 2.92s - Loss: critic_x=-0.0862, critic_z=-497.0744, encoder=-871.7982, decoder=0.5169
2025-06-24 15:26:47,501 - tadGANs - INFO - Epoch 327/1000 - Time: 2.86s - Loss: critic_x=-0.1669, critic_z=-190.5542, encoder=-310.8912, decoder=0.5682
2025-06-24 15:26:49,096 - tadGANs - INFO - Epoch 570/1000 - Time: 2.79s - Loss: critic_x=-0.0865, critic_z=-498.8875, encoder=-875.9048, decoder=0.5067
2025-06-24 15:26:49,108 - tadGANs - INFO - Models saved at epoch 570
2025-06-24 15:26:50,339 - tadGANs - INFO - Epoch 328/1000 - Time: 2.84s - Loss: critic_x=-0.1629, critic_z=-191.6289, encoder=-312.7463, decoder=0.5566
2025-06-24 15:26:51,934 - tadGANs - INFO - Epoch 571/1000 - Time: 2.83s - Loss: critic_x=-0.0858, critic_z=-500.4507, encoder=-877.8113, decoder=0.5044
2025-06-24 15:26:53,245 - tadGANs - INFO - Epoch 329/1000 - Time: 2.91s - Loss: critic_x=-0.1620, critic_z=-192.8806, encoder=-314.6460, decoder=0.5289
2025-06-24 15:26:54,689 - tadGANs - INFO - Epoch 572/1000 - Time: 2.76s - Loss: critic_x=-0.0860, critic_z=-502.4365, encoder=-882.4222, decoder=0.4905
2025-06-24 15:26:56,210 - tadGANs - INFO - Epoch 330/1000 - Time: 2.96s - Loss: critic_x=-0.1576, critic_z=-193.5016, encoder=-315.5084, decoder=0.5208
2025-06-24 15:26:56,223 - tadGANs - INFO - Models saved at epoch 330
2025-06-24 15:26:57,496 - tadGANs - INFO - Epoch 573/1000 - Time: 2.81s - Loss: critic_x=-0.0878, critic_z=-503.1120, encoder=-884.0880, decoder=0.5009
2025-06-24 15:26:59,129 - tadGANs - INFO - Epoch 331/1000 - Time: 2.91s - Loss: critic_x=-0.1575, critic_z=-194.8990, encoder=-317.8493, decoder=0.5187
2025-06-24 15:27:00,243 - tadGANs - INFO - Epoch 574/1000 - Time: 2.75s - Loss: critic_x=-0.0844, critic_z=-504.9276, encoder=-887.2672, decoder=0.5207
2025-06-24 15:27:03,768 - tadGANs - INFO - Epoch 332/1000 - Time: 4.64s - Loss: critic_x=-0.1521, critic_z=-195.6245, encoder=-319.0071, decoder=0.5100
2025-06-24 15:27:04,879 - tadGANs - INFO - Epoch 575/1000 - Time: 4.64s - Loss: critic_x=-0.0866, critic_z=-506.4981, encoder=-889.4984, decoder=0.5175
2025-06-24 15:27:06,683 - tadGANs - INFO - Epoch 333/1000 - Time: 2.91s - Loss: critic_x=-0.1568, critic_z=-196.2922, encoder=-321.2462, decoder=0.4862
2025-06-24 15:27:07,624 - tadGANs - INFO - Epoch 576/1000 - Time: 2.75s - Loss: critic_x=-0.0866, critic_z=-508.4270, encoder=-893.1468, decoder=0.5149
2025-06-24 15:27:09,647 - tadGANs - INFO - Epoch 334/1000 - Time: 2.96s - Loss: critic_x=-0.1542, critic_z=-197.3520, encoder=-322.2231, decoder=0.4791
2025-06-24 15:27:10,438 - tadGANs - INFO - Epoch 577/1000 - Time: 2.81s - Loss: critic_x=-0.0826, critic_z=-509.8531, encoder=-896.1621, decoder=0.5243
2025-06-24 15:27:12,468 - tadGANs - INFO - Epoch 335/1000 - Time: 2.82s - Loss: critic_x=-0.1546, critic_z=-198.2818, encoder=-324.1251, decoder=0.4739
2025-06-24 15:27:13,221 - tadGANs - INFO - Epoch 578/1000 - Time: 2.78s - Loss: critic_x=-0.0854, critic_z=-511.3632, encoder=-901.9783, decoder=0.5318
2025-06-24 15:27:15,224 - tadGANs - INFO - Epoch 336/1000 - Time: 2.76s - Loss: critic_x=-0.1539, critic_z=-199.6510, encoder=-326.7823, decoder=0.4834
2025-06-24 15:27:15,969 - tadGANs - INFO - Epoch 579/1000 - Time: 2.75s - Loss: critic_x=-0.0837, critic_z=-513.2534, encoder=-900.6107, decoder=0.5029
2025-06-24 15:27:18,007 - tadGANs - INFO - Epoch 337/1000 - Time: 2.78s - Loss: critic_x=-0.1541, critic_z=-200.1039, encoder=-327.8822, decoder=0.4742
2025-06-24 15:27:18,677 - tadGANs - INFO - Epoch 580/1000 - Time: 2.71s - Loss: critic_x=-0.0850, critic_z=-514.2010, encoder=-905.3400, decoder=0.5108
2025-06-24 15:27:18,688 - tadGANs - INFO - Models saved at epoch 580
2025-06-24 15:27:20,815 - tadGANs - INFO - Epoch 338/1000 - Time: 2.81s - Loss: critic_x=-0.1536, critic_z=-200.9737, encoder=-330.1859, decoder=0.4633
2025-06-24 15:27:21,354 - tadGANs - INFO - Epoch 581/1000 - Time: 2.67s - Loss: critic_x=-0.0846, critic_z=-516.2139, encoder=-906.7100, decoder=0.5159
2025-06-24 15:27:23,566 - tadGANs - INFO - Epoch 339/1000 - Time: 2.75s - Loss: critic_x=-0.1541, critic_z=-202.8416, encoder=-331.9186, decoder=0.4467
2025-06-24 15:27:24,200 - tadGANs - INFO - Epoch 582/1000 - Time: 2.85s - Loss: critic_x=-0.0804, critic_z=-517.8415, encoder=-911.9709, decoder=0.5006
2025-06-24 15:27:26,418 - tadGANs - INFO - Epoch 340/1000 - Time: 2.85s - Loss: critic_x=-0.1553, critic_z=-203.7062, encoder=-333.6589, decoder=0.4347
2025-06-24 15:27:26,432 - tadGANs - INFO - Models saved at epoch 340
2025-06-24 15:27:26,959 - tadGANs - INFO - Epoch 583/1000 - Time: 2.76s - Loss: critic_x=-0.0815, critic_z=-518.6383, encoder=-913.3638, decoder=0.5046
2025-06-24 15:27:29,368 - tadGANs - INFO - Epoch 341/1000 - Time: 2.94s - Loss: critic_x=-0.1548, critic_z=-204.1895, encoder=-334.8956, decoder=0.4181
2025-06-24 15:27:29,811 - tadGANs - INFO - Epoch 584/1000 - Time: 2.85s - Loss: critic_x=-0.0817, critic_z=-521.4175, encoder=-916.6196, decoder=0.5085
2025-06-24 15:27:32,173 - tadGANs - INFO - Epoch 342/1000 - Time: 2.80s - Loss: critic_x=-0.1516, critic_z=-205.5111, encoder=-337.5314, decoder=0.4149
2025-06-24 15:27:32,553 - tadGANs - INFO - Epoch 585/1000 - Time: 2.74s - Loss: critic_x=-0.0862, critic_z=-521.7357, encoder=-919.3401, decoder=0.5317
2025-06-24 15:27:35,050 - tadGANs - INFO - Epoch 343/1000 - Time: 2.88s - Loss: critic_x=-0.1543, critic_z=-205.9835, encoder=-339.7709, decoder=0.4231
2025-06-24 15:27:35,391 - tadGANs - INFO - Epoch 586/1000 - Time: 2.84s - Loss: critic_x=-0.0829, critic_z=-524.6433, encoder=-922.1447, decoder=0.5396
2025-06-24 15:27:39,794 - tadGANs - INFO - Epoch 344/1000 - Time: 4.74s - Loss: critic_x=-0.1503, critic_z=-207.2203, encoder=-340.5165, decoder=0.4126
2025-06-24 15:27:40,034 - tadGANs - INFO - Epoch 587/1000 - Time: 4.64s - Loss: critic_x=-0.0831, critic_z=-525.3373, encoder=-924.7638, decoder=0.5556
2025-06-24 15:27:42,558 - tadGANs - INFO - Epoch 345/1000 - Time: 2.76s - Loss: critic_x=-0.1532, critic_z=-208.7497, encoder=-342.4149, decoder=0.4141
2025-06-24 15:27:42,903 - tadGANs - INFO - Epoch 588/1000 - Time: 2.87s - Loss: critic_x=-0.0839, critic_z=-527.5407, encoder=-929.9163, decoder=0.5371
2025-06-24 15:27:45,363 - tadGANs - INFO - Epoch 346/1000 - Time: 2.80s - Loss: critic_x=-0.1504, critic_z=-209.8448, encoder=-343.9738, decoder=0.4118
2025-06-24 15:27:45,705 - tadGANs - INFO - Epoch 589/1000 - Time: 2.80s - Loss: critic_x=-0.0795, critic_z=-529.7371, encoder=-932.0635, decoder=0.5651
2025-06-24 15:27:48,132 - tadGANs - INFO - Epoch 347/1000 - Time: 2.77s - Loss: critic_x=-0.1516, critic_z=-210.3882, encoder=-345.5404, decoder=0.3965
2025-06-24 15:27:48,388 - tadGANs - INFO - Epoch 590/1000 - Time: 2.68s - Loss: critic_x=-0.0827, critic_z=-529.6887, encoder=-934.1106, decoder=0.5595
2025-06-24 15:27:48,401 - tadGANs - INFO - Models saved at epoch 590
2025-06-24 15:27:50,918 - tadGANs - INFO - Epoch 348/1000 - Time: 2.79s - Loss: critic_x=-0.1464, critic_z=-211.8366, encoder=-348.1440, decoder=0.3963
2025-06-24 15:27:51,050 - tadGANs - INFO - Epoch 591/1000 - Time: 2.65s - Loss: critic_x=-0.0777, critic_z=-532.2934, encoder=-938.3087, decoder=0.5691
2025-06-24 15:27:53,850 - tadGANs - INFO - Epoch 349/1000 - Time: 2.93s - Loss: critic_x=-0.1496, critic_z=-212.2142, encoder=-349.4225, decoder=0.4015
2025-06-24 15:27:53,907 - tadGANs - INFO - Epoch 592/1000 - Time: 2.86s - Loss: critic_x=-0.0816, critic_z=-534.1346, encoder=-940.1203, decoder=0.5675
2025-06-24 15:27:56,590 - tadGANs - INFO - Epoch 593/1000 - Time: 2.68s - Loss: critic_x=-0.0866, critic_z=-535.1597, encoder=-943.2769, decoder=0.5734
2025-06-24 15:27:56,648 - tadGANs - INFO - Epoch 350/1000 - Time: 2.80s - Loss: critic_x=-0.1443, critic_z=-213.7745, encoder=-351.2474, decoder=0.4058
2025-06-24 15:27:56,661 - tadGANs - INFO - Models saved at epoch 350
2025-06-24 15:27:59,330 - tadGANs - INFO - Epoch 594/1000 - Time: 2.74s - Loss: critic_x=-0.0887, critic_z=-536.6332, encoder=-947.7901, decoder=0.5665
2025-06-24 15:27:59,479 - tadGANs - INFO - Epoch 351/1000 - Time: 2.82s - Loss: critic_x=-0.1504, critic_z=-214.6806, encoder=-353.3394, decoder=0.3777
2025-06-24 15:28:02,305 - tadGANs - INFO - Epoch 595/1000 - Time: 2.97s - Loss: critic_x=-0.0863, critic_z=-538.1515, encoder=-949.8538, decoder=0.5641
2025-06-24 15:28:02,377 - tadGANs - INFO - Epoch 352/1000 - Time: 2.90s - Loss: critic_x=-0.1515, critic_z=-215.6042, encoder=-355.2469, decoder=0.4024
2025-06-24 15:28:05,076 - tadGANs - INFO - Epoch 596/1000 - Time: 2.77s - Loss: critic_x=-0.0825, critic_z=-539.4627, encoder=-954.1481, decoder=0.5608
2025-06-24 15:28:05,168 - tadGANs - INFO - Epoch 353/1000 - Time: 2.79s - Loss: critic_x=-0.1539, critic_z=-216.5332, encoder=-356.1912, decoder=0.3857
2025-06-24 15:28:07,772 - tadGANs - INFO - Epoch 597/1000 - Time: 2.70s - Loss: critic_x=-0.0815, critic_z=-542.5615, encoder=-953.9625, decoder=0.5516
2025-06-24 15:28:07,966 - tadGANs - INFO - Epoch 354/1000 - Time: 2.80s - Loss: critic_x=-0.1547, critic_z=-217.2204, encoder=-358.8254, decoder=0.4021
2025-06-24 15:28:12,412 - tadGANs - INFO - Epoch 598/1000 - Time: 4.64s - Loss: critic_x=-0.0797, critic_z=-543.1553, encoder=-959.5189, decoder=0.5330
2025-06-24 15:28:12,762 - tadGANs - INFO - Epoch 355/1000 - Time: 4.80s - Loss: critic_x=-0.1527, critic_z=-218.5276, encoder=-360.3171, decoder=0.3885
2025-06-24 15:28:15,196 - tadGANs - INFO - Epoch 599/1000 - Time: 2.78s - Loss: critic_x=-0.0752, critic_z=-545.0778, encoder=-962.3686, decoder=0.5312
2025-06-24 15:28:15,701 - tadGANs - INFO - Epoch 356/1000 - Time: 2.94s - Loss: critic_x=-0.1572, critic_z=-219.8524, encoder=-362.7130, decoder=0.3621
2025-06-24 15:28:18,134 - tadGANs - INFO - Epoch 600/1000 - Time: 2.94s - Loss: critic_x=-0.0766, critic_z=-546.8726, encoder=-965.7373, decoder=0.5252
2025-06-24 15:28:18,149 - tadGANs - INFO - Models saved at epoch 600
2025-06-24 15:28:18,667 - tadGANs - INFO - Epoch 357/1000 - Time: 2.97s - Loss: critic_x=-0.1504, critic_z=-220.6809, encoder=-364.3504, decoder=0.3657
2025-06-24 15:28:21,005 - tadGANs - INFO - Epoch 601/1000 - Time: 2.86s - Loss: critic_x=-0.0764, critic_z=-548.9577, encoder=-967.8360, decoder=0.5132
2025-06-24 15:28:21,472 - tadGANs - INFO - Epoch 358/1000 - Time: 2.80s - Loss: critic_x=-0.1524, critic_z=-221.9343, encoder=-365.4824, decoder=0.3691
2025-06-24 15:28:23,894 - tadGANs - INFO - Epoch 602/1000 - Time: 2.89s - Loss: critic_x=-0.0805, critic_z=-550.7066, encoder=-971.6544, decoder=0.5042
2025-06-24 15:28:24,257 - tadGANs - INFO - Epoch 359/1000 - Time: 2.79s - Loss: critic_x=-0.1505, critic_z=-222.3940, encoder=-368.6193, decoder=0.3797
2025-06-24 15:28:26,622 - tadGANs - INFO - Epoch 603/1000 - Time: 2.73s - Loss: critic_x=-0.0797, critic_z=-550.9501, encoder=-974.4686, decoder=0.5042
2025-06-24 15:28:27,046 - tadGANs - INFO - Epoch 360/1000 - Time: 2.79s - Loss: critic_x=-0.1507, critic_z=-224.1625, encoder=-370.7604, decoder=0.3720
2025-06-24 15:28:27,068 - tadGANs - INFO - Models saved at epoch 360
2025-06-24 15:28:29,506 - tadGANs - INFO - Epoch 604/1000 - Time: 2.88s - Loss: critic_x=-0.0760, critic_z=-553.8987, encoder=-976.5733, decoder=0.4909
2025-06-24 15:28:29,881 - tadGANs - INFO - Epoch 361/1000 - Time: 2.81s - Loss: critic_x=-0.1455, critic_z=-224.5773, encoder=-372.0000, decoder=0.3639
2025-06-24 15:28:32,238 - tadGANs - INFO - Epoch 605/1000 - Time: 2.73s - Loss: critic_x=-0.0827, critic_z=-555.4089, encoder=-981.5672, decoder=0.4848
2025-06-24 15:28:32,616 - tadGANs - INFO - Epoch 362/1000 - Time: 2.73s - Loss: critic_x=-0.1494, critic_z=-225.8705, encoder=-373.8188, decoder=0.3616
2025-06-24 15:28:35,274 - tadGANs - INFO - Epoch 606/1000 - Time: 3.04s - Loss: critic_x=-0.0705, critic_z=-556.4639, encoder=-983.6380, decoder=0.4881
2025-06-24 15:28:35,634 - tadGANs - INFO - Epoch 363/1000 - Time: 3.02s - Loss: critic_x=-0.1499, critic_z=-227.1477, encoder=-375.7924, decoder=0.3773
2025-06-24 15:28:38,191 - tadGANs - INFO - Epoch 607/1000 - Time: 2.92s - Loss: critic_x=-0.0768, critic_z=-558.6228, encoder=-985.9180, decoder=0.4784
2025-06-24 15:28:38,515 - tadGANs - INFO - Epoch 364/1000 - Time: 2.88s - Loss: critic_x=-0.1450, critic_z=-227.8830, encoder=-377.5324, decoder=0.3716
2025-06-24 15:28:41,191 - tadGANs - INFO - Epoch 608/1000 - Time: 3.00s - Loss: critic_x=-0.0744, critic_z=-560.0121, encoder=-990.1739, decoder=0.4806
2025-06-24 15:28:41,463 - tadGANs - INFO - Epoch 365/1000 - Time: 2.95s - Loss: critic_x=-0.1460, critic_z=-228.8649, encoder=-378.3626, decoder=0.3725
2025-06-24 15:28:44,186 - tadGANs - INFO - Epoch 609/1000 - Time: 3.00s - Loss: critic_x=-0.0760, critic_z=-561.1990, encoder=-992.4976, decoder=0.4732
2025-06-24 15:28:46,162 - tadGANs - INFO - Epoch 366/1000 - Time: 4.70s - Loss: critic_x=-0.1450, critic_z=-230.1161, encoder=-380.8324, decoder=0.3605
2025-06-24 15:28:48,754 - tadGANs - INFO - Epoch 610/1000 - Time: 4.57s - Loss: critic_x=-0.0727, critic_z=-563.0127, encoder=-995.4611, decoder=0.4962
2025-06-24 15:28:48,768 - tadGANs - INFO - Models saved at epoch 610
2025-06-24 15:28:48,994 - tadGANs - INFO - Epoch 367/1000 - Time: 2.83s - Loss: critic_x=-0.1489, critic_z=-231.4474, encoder=-382.2713, decoder=0.3385
2025-06-24 15:28:51,625 - tadGANs - INFO - Epoch 611/1000 - Time: 2.86s - Loss: critic_x=-0.0707, critic_z=-565.2709, encoder=-1001.6249, decoder=0.5189
2025-06-24 15:28:51,965 - tadGANs - INFO - Epoch 368/1000 - Time: 2.97s - Loss: critic_x=-0.1451, critic_z=-232.0504, encoder=-385.1498, decoder=0.3328
2025-06-24 15:28:54,463 - tadGANs - INFO - Epoch 612/1000 - Time: 2.84s - Loss: critic_x=-0.0697, critic_z=-566.0517, encoder=-1001.2458, decoder=0.5140
2025-06-24 15:28:54,835 - tadGANs - INFO - Epoch 369/1000 - Time: 2.87s - Loss: critic_x=-0.1481, critic_z=-233.5307, encoder=-388.2356, decoder=0.3401
2025-06-24 15:28:57,143 - tadGANs - INFO - Epoch 613/1000 - Time: 2.68s - Loss: critic_x=-0.0785, critic_z=-569.0695, encoder=-1006.0761, decoder=0.5205
2025-06-24 15:28:57,551 - tadGANs - INFO - Epoch 370/1000 - Time: 2.72s - Loss: critic_x=-0.1472, critic_z=-233.6401, encoder=-388.8865, decoder=0.3325
2025-06-24 15:28:57,563 - tadGANs - INFO - Models saved at epoch 370
2025-06-24 15:28:59,829 - tadGANs - INFO - Epoch 614/1000 - Time: 2.69s - Loss: critic_x=-0.0799, critic_z=-569.4452, encoder=-1009.9889, decoder=0.5464
2025-06-24 15:29:00,347 - tadGANs - INFO - Epoch 371/1000 - Time: 2.78s - Loss: critic_x=-0.1486, critic_z=-235.1334, encoder=-391.0929, decoder=0.3266
2025-06-24 15:29:02,629 - tadGANs - INFO - Epoch 615/1000 - Time: 2.80s - Loss: critic_x=-0.0844, critic_z=-571.5316, encoder=-1010.9053, decoder=0.5561
2025-06-24 15:29:03,102 - tadGANs - INFO - Epoch 372/1000 - Time: 2.76s - Loss: critic_x=-0.1438, critic_z=-236.2994, encoder=-392.1367, decoder=0.2934
2025-06-24 15:29:05,306 - tadGANs - INFO - Epoch 616/1000 - Time: 2.68s - Loss: critic_x=-0.0849, critic_z=-572.2303, encoder=-1015.7872, decoder=0.5411
2025-06-24 15:29:05,817 - tadGANs - INFO - Epoch 373/1000 - Time: 2.71s - Loss: critic_x=-0.1422, critic_z=-237.1731, encoder=-394.7561, decoder=0.2989
2025-06-24 15:29:08,181 - tadGANs - INFO - Epoch 617/1000 - Time: 2.87s - Loss: critic_x=-0.0886, critic_z=-573.8061, encoder=-1017.2055, decoder=0.5532
2025-06-24 15:29:08,730 - tadGANs - INFO - Epoch 374/1000 - Time: 2.91s - Loss: critic_x=-0.1449, critic_z=-238.0007, encoder=-395.4611, decoder=0.2918
2025-06-24 15:29:10,976 - tadGANs - INFO - Epoch 618/1000 - Time: 2.79s - Loss: critic_x=-0.0904, critic_z=-577.2134, encoder=-1019.5450, decoder=0.5771
2025-06-24 15:29:11,554 - tadGANs - INFO - Epoch 375/1000 - Time: 2.82s - Loss: critic_x=-0.1480, critic_z=-239.7904, encoder=-397.9152, decoder=0.2994
2025-06-24 15:29:13,649 - tadGANs - INFO - Epoch 619/1000 - Time: 2.67s - Loss: critic_x=-0.0915, critic_z=-578.7054, encoder=-1023.9611, decoder=0.5741
2025-06-24 15:29:14,305 - tadGANs - INFO - Epoch 376/1000 - Time: 2.75s - Loss: critic_x=-0.1426, critic_z=-240.6799, encoder=-401.7255, decoder=0.3006
2025-06-24 15:29:16,555 - tadGANs - INFO - Epoch 620/1000 - Time: 2.91s - Loss: critic_x=-0.0923, critic_z=-579.8794, encoder=-1025.7870, decoder=0.5699
2025-06-24 15:29:16,568 - tadGANs - INFO - Models saved at epoch 620
2025-06-24 15:29:17,340 - tadGANs - INFO - Epoch 377/1000 - Time: 3.03s - Loss: critic_x=-0.1454, critic_z=-241.7737, encoder=-402.0150, decoder=0.2842
2025-06-24 15:29:21,023 - tadGANs - INFO - Epoch 621/1000 - Time: 4.45s - Loss: critic_x=-0.0897, critic_z=-580.8974, encoder=-1029.9275, decoder=0.5609
2025-06-24 15:29:21,829 - tadGANs - INFO - Epoch 378/1000 - Time: 4.49s - Loss: critic_x=-0.1484, critic_z=-242.4367, encoder=-403.6928, decoder=0.2815
2025-06-24 15:29:24,000 - tadGANs - INFO - Epoch 622/1000 - Time: 2.98s - Loss: critic_x=-0.0881, critic_z=-582.3466, encoder=-1033.0845, decoder=0.5703
2025-06-24 15:29:24,749 - tadGANs - INFO - Epoch 379/1000 - Time: 2.92s - Loss: critic_x=-0.1462, critic_z=-244.1067, encoder=-405.4499, decoder=0.2952
2025-06-24 15:29:27,027 - tadGANs - INFO - Epoch 623/1000 - Time: 3.03s - Loss: critic_x=-0.0860, critic_z=-584.8360, encoder=-1036.3545, decoder=0.5538
2025-06-24 15:29:27,735 - tadGANs - INFO - Epoch 380/1000 - Time: 2.99s - Loss: critic_x=-0.1452, critic_z=-245.2975, encoder=-408.5951, decoder=0.2828
2025-06-24 15:29:27,749 - tadGANs - INFO - Models saved at epoch 380
2025-06-24 15:29:29,836 - tadGANs - INFO - Epoch 624/1000 - Time: 2.81s - Loss: critic_x=-0.0839, critic_z=-586.9890, encoder=-1039.3839, decoder=0.5486
2025-06-24 15:29:30,582 - tadGANs - INFO - Epoch 381/1000 - Time: 2.83s - Loss: critic_x=-0.1456, critic_z=-246.1017, encoder=-409.4408, decoder=0.2782
2025-06-24 15:29:32,605 - tadGANs - INFO - Epoch 625/1000 - Time: 2.77s - Loss: critic_x=-0.0797, critic_z=-588.5121, encoder=-1043.1103, decoder=0.5459
2025-06-24 15:29:33,292 - tadGANs - INFO - Epoch 382/1000 - Time: 2.71s - Loss: critic_x=-0.1480, critic_z=-247.4394, encoder=-412.1419, decoder=0.2599
2025-06-24 15:29:35,517 - tadGANs - INFO - Epoch 626/1000 - Time: 2.91s - Loss: critic_x=-0.0788, critic_z=-590.3433, encoder=-1046.8867, decoder=0.5445
2025-06-24 15:29:36,261 - tadGANs - INFO - Epoch 383/1000 - Time: 2.97s - Loss: critic_x=-0.1468, critic_z=-248.3245, encoder=-413.5857, decoder=0.2725
2025-06-24 15:29:38,294 - tadGANs - INFO - Epoch 627/1000 - Time: 2.78s - Loss: critic_x=-0.0766, critic_z=-591.0271, encoder=-1050.9741, decoder=0.5295
2025-06-24 15:29:39,115 - tadGANs - INFO - Epoch 384/1000 - Time: 2.85s - Loss: critic_x=-0.1428, critic_z=-249.1856, encoder=-416.3184, decoder=0.2647
2025-06-24 15:29:41,153 - tadGANs - INFO - Epoch 628/1000 - Time: 2.86s - Loss: critic_x=-0.0769, critic_z=-593.1716, encoder=-1051.5937, decoder=0.5227
2025-06-24 15:29:42,092 - tadGANs - INFO - Epoch 385/1000 - Time: 2.98s - Loss: critic_x=-0.1416, critic_z=-250.3350, encoder=-419.3097, decoder=0.2515
2025-06-24 15:29:44,067 - tadGANs - INFO - Epoch 629/1000 - Time: 2.91s - Loss: critic_x=-0.0763, critic_z=-594.4385, encoder=-1055.8308, decoder=0.5085
2025-06-24 15:29:44,983 - tadGANs - INFO - Epoch 386/1000 - Time: 2.89s - Loss: critic_x=-0.1479, critic_z=-251.7803, encoder=-419.7176, decoder=0.2281
2025-06-24 15:29:46,884 - tadGANs - INFO - Epoch 630/1000 - Time: 2.82s - Loss: critic_x=-0.0751, critic_z=-597.5581, encoder=-1061.0794, decoder=0.5021
2025-06-24 15:29:46,896 - tadGANs - INFO - Models saved at epoch 630
2025-06-24 15:29:47,874 - tadGANs - INFO - Epoch 387/1000 - Time: 2.89s - Loss: critic_x=-0.1416, critic_z=-253.4341, encoder=-421.9054, decoder=0.2457
2025-06-24 15:29:49,920 - tadGANs - INFO - Epoch 631/1000 - Time: 3.02s - Loss: critic_x=-0.0763, critic_z=-598.4908, encoder=-1062.2327, decoder=0.5072
2025-06-24 15:29:51,000 - tadGANs - INFO - Epoch 388/1000 - Time: 3.13s - Loss: critic_x=-0.1452, critic_z=-253.4280, encoder=-423.2184, decoder=0.2320
2025-06-24 15:29:54,755 - tadGANs - INFO - Epoch 632/1000 - Time: 4.83s - Loss: critic_x=-0.0733, critic_z=-600.3509, encoder=-1065.6032, decoder=0.4852
2025-06-24 15:29:55,657 - tadGANs - INFO - Epoch 389/1000 - Time: 4.66s - Loss: critic_x=-0.1428, critic_z=-255.3482, encoder=-426.2769, decoder=0.2316
2025-06-24 15:29:57,827 - tadGANs - INFO - Epoch 633/1000 - Time: 3.07s - Loss: critic_x=-0.0755, critic_z=-601.8004, encoder=-1067.0221, decoder=0.4911
2025-06-24 15:29:58,902 - tadGANs - INFO - Epoch 390/1000 - Time: 3.24s - Loss: critic_x=-0.1420, critic_z=-256.9640, encoder=-427.9062, decoder=0.2255
2025-06-24 15:29:58,915 - tadGANs - INFO - Models saved at epoch 390
2025-06-24 15:30:00,999 - tadGANs - INFO - Epoch 634/1000 - Time: 3.17s - Loss: critic_x=-0.0772, critic_z=-603.3056, encoder=-1071.0302, decoder=0.4975
2025-06-24 15:30:02,020 - tadGANs - INFO - Epoch 391/1000 - Time: 3.11s - Loss: critic_x=-0.1395, critic_z=-256.6922, encoder=-430.3914, decoder=0.2134
2025-06-24 15:30:03,800 - tadGANs - INFO - Epoch 635/1000 - Time: 2.80s - Loss: critic_x=-0.0777, critic_z=-605.2470, encoder=-1075.0686, decoder=0.4991
2025-06-24 15:30:04,821 - tadGANs - INFO - Epoch 392/1000 - Time: 2.80s - Loss: critic_x=-0.1386, critic_z=-258.2036, encoder=-431.7886, decoder=0.2220
2025-06-24 15:30:06,616 - tadGANs - INFO - Epoch 636/1000 - Time: 2.82s - Loss: critic_x=-0.0737, critic_z=-606.4288, encoder=-1077.6524, decoder=0.4962
2025-06-24 15:30:07,851 - tadGANs - INFO - Epoch 393/1000 - Time: 3.03s - Loss: critic_x=-0.1388, critic_z=-259.3574, encoder=-434.8182, decoder=0.2305
2025-06-24 15:30:09,397 - tadGANs - INFO - Epoch 637/1000 - Time: 2.78s - Loss: critic_x=-0.0781, critic_z=-609.0169, encoder=-1080.6084, decoder=0.4886
2025-06-24 15:30:10,737 - tadGANs - INFO - Epoch 394/1000 - Time: 2.89s - Loss: critic_x=-0.1371, critic_z=-260.0082, encoder=-435.8776, decoder=0.2346
2025-06-24 15:30:12,272 - tadGANs - INFO - Epoch 638/1000 - Time: 2.88s - Loss: critic_x=-0.0760, critic_z=-610.6744, encoder=-1085.0886, decoder=0.5030
2025-06-24 15:30:13,550 - tadGANs - INFO - Epoch 395/1000 - Time: 2.81s - Loss: critic_x=-0.1407, critic_z=-261.0919, encoder=-437.6157, decoder=0.2388
2025-06-24 15:30:15,153 - tadGANs - INFO - Epoch 639/1000 - Time: 2.88s - Loss: critic_x=-0.0775, critic_z=-611.9597, encoder=-1088.5729, decoder=0.5202
2025-06-24 15:30:16,540 - tadGANs - INFO - Epoch 396/1000 - Time: 2.99s - Loss: critic_x=-0.1341, critic_z=-263.0257, encoder=-439.5266, decoder=0.2359
2025-06-24 15:30:18,074 - tadGANs - INFO - Epoch 640/1000 - Time: 2.92s - Loss: critic_x=-0.0784, critic_z=-614.6717, encoder=-1091.5052, decoder=0.5397
2025-06-24 15:30:18,085 - tadGANs - INFO - Models saved at epoch 640
2025-06-24 15:30:19,474 - tadGANs - INFO - Epoch 397/1000 - Time: 2.93s - Loss: critic_x=-0.1290, critic_z=-263.9126, encoder=-441.7716, decoder=0.2294
2025-06-24 15:30:20,750 - tadGANs - INFO - Epoch 641/1000 - Time: 2.66s - Loss: critic_x=-0.0800, critic_z=-615.4785, encoder=-1095.1652, decoder=0.5512
2025-06-24 15:30:22,302 - tadGANs - INFO - Epoch 398/1000 - Time: 2.83s - Loss: critic_x=-0.1300, critic_z=-264.8885, encoder=-444.3985, decoder=0.2395
2025-06-24 15:30:23,483 - tadGANs - INFO - Epoch 642/1000 - Time: 2.73s - Loss: critic_x=-0.0801, critic_z=-618.0435, encoder=-1099.1774, decoder=0.5451
2025-06-24 15:30:25,303 - tadGANs - INFO - Epoch 399/1000 - Time: 3.00s - Loss: critic_x=-0.1299, critic_z=-266.2622, encoder=-445.7536, decoder=0.2369
2025-06-24 15:30:26,247 - tadGANs - INFO - Epoch 643/1000 - Time: 2.76s - Loss: critic_x=-0.0863, critic_z=-618.8915, encoder=-1101.8948, decoder=0.5562
2025-06-24 15:30:30,551 - tadGANs - INFO - Epoch 400/1000 - Time: 5.25s - Loss: critic_x=-0.1276, critic_z=-267.8244, encoder=-448.0837, decoder=0.2267
2025-06-24 15:30:30,572 - tadGANs - INFO - Models saved at epoch 400
2025-06-24 15:30:31,549 - tadGANs - INFO - Epoch 644/1000 - Time: 5.30s - Loss: critic_x=-0.0861, critic_z=-620.5621, encoder=-1101.8692, decoder=0.5533
2025-06-24 15:30:33,650 - tadGANs - INFO - Epoch 401/1000 - Time: 3.08s - Loss: critic_x=-0.1238, critic_z=-268.3849, encoder=-450.1067, decoder=0.2262
2025-06-24 15:30:34,567 - tadGANs - INFO - Epoch 645/1000 - Time: 3.02s - Loss: critic_x=-0.0856, critic_z=-622.8160, encoder=-1105.4284, decoder=0.5528
2025-06-24 15:30:36,552 - tadGANs - INFO - Epoch 402/1000 - Time: 2.90s - Loss: critic_x=-0.1265, critic_z=-269.5475, encoder=-451.3734, decoder=0.2054
2025-06-24 15:30:37,474 - tadGANs - INFO - Epoch 646/1000 - Time: 2.91s - Loss: critic_x=-0.0850, critic_z=-624.9822, encoder=-1112.7374, decoder=0.5672
2025-06-24 15:30:39,375 - tadGANs - INFO - Epoch 403/1000 - Time: 2.82s - Loss: critic_x=-0.1218, critic_z=-270.7250, encoder=-455.1710, decoder=0.1906
2025-06-24 15:30:40,542 - tadGANs - INFO - Epoch 647/1000 - Time: 3.07s - Loss: critic_x=-0.0843, critic_z=-625.7856, encoder=-1114.8608, decoder=0.5527
2025-06-24 15:30:42,349 - tadGANs - INFO - Epoch 404/1000 - Time: 2.97s - Loss: critic_x=-0.1226, critic_z=-272.4393, encoder=-456.6555, decoder=0.1944
2025-06-24 15:30:43,605 - tadGANs - INFO - Epoch 648/1000 - Time: 3.06s - Loss: critic_x=-0.0843, critic_z=-627.6781, encoder=-1117.0710, decoder=0.5473
2025-06-24 15:30:45,312 - tadGANs - INFO - Epoch 405/1000 - Time: 2.96s - Loss: critic_x=-0.1152, critic_z=-272.8577, encoder=-457.8908, decoder=0.2010
2025-06-24 15:30:46,617 - tadGANs - INFO - Epoch 649/1000 - Time: 3.01s - Loss: critic_x=-0.0806, critic_z=-630.2052, encoder=-1120.2294, decoder=0.5360
2025-06-24 15:30:48,334 - tadGANs - INFO - Epoch 406/1000 - Time: 3.02s - Loss: critic_x=-0.1180, critic_z=-274.4077, encoder=-461.3363, decoder=0.2273
2025-06-24 15:30:49,568 - tadGANs - INFO - Epoch 650/1000 - Time: 2.95s - Loss: critic_x=-0.0788, critic_z=-631.5780, encoder=-1121.9473, decoder=0.5485
2025-06-24 15:30:49,581 - tadGANs - INFO - Models saved at epoch 650
2025-06-24 15:30:51,286 - tadGANs - INFO - Epoch 407/1000 - Time: 2.95s - Loss: critic_x=-0.1168, critic_z=-275.4458, encoder=-463.6600, decoder=0.2301
2025-06-24 15:30:52,496 - tadGANs - INFO - Epoch 651/1000 - Time: 2.92s - Loss: critic_x=-0.0789, critic_z=-632.2816, encoder=-1126.9098, decoder=0.5581
2025-06-24 15:30:54,173 - tadGANs - INFO - Epoch 408/1000 - Time: 2.89s - Loss: critic_x=-0.1171, critic_z=-276.6483, encoder=-465.9540, decoder=0.2219
2025-06-24 15:30:55,350 - tadGANs - INFO - Epoch 652/1000 - Time: 2.85s - Loss: critic_x=-0.0749, critic_z=-635.1437, encoder=-1130.4066, decoder=0.5511
2025-06-24 15:30:56,891 - tadGANs - INFO - Epoch 409/1000 - Time: 2.72s - Loss: critic_x=-0.1111, critic_z=-278.1281, encoder=-467.6095, decoder=0.2380
2025-06-24 15:30:58,262 - tadGANs - INFO - Epoch 653/1000 - Time: 2.91s - Loss: critic_x=-0.0755, critic_z=-636.5205, encoder=-1134.2714, decoder=0.5578
2025-06-24 15:30:59,798 - tadGANs - INFO - Epoch 410/1000 - Time: 2.91s - Loss: critic_x=-0.1208, critic_z=-278.8818, encoder=-469.5748, decoder=0.2289
2025-06-24 15:30:59,812 - tadGANs - INFO - Models saved at epoch 410
2025-06-24 15:31:01,162 - tadGANs - INFO - Epoch 654/1000 - Time: 2.90s - Loss: critic_x=-0.0777, critic_z=-638.8186, encoder=-1136.6076, decoder=0.5607
2025-06-24 15:31:04,561 - tadGANs - INFO - Epoch 411/1000 - Time: 4.75s - Loss: critic_x=-0.1122, critic_z=-279.9052, encoder=-471.2822, decoder=0.2105
2025-06-24 15:31:05,906 - tadGANs - INFO - Epoch 655/1000 - Time: 4.74s - Loss: critic_x=-0.0722, critic_z=-638.9681, encoder=-1141.4228, decoder=0.5795
2025-06-24 15:31:07,582 - tadGANs - INFO - Epoch 412/1000 - Time: 3.02s - Loss: critic_x=-0.1133, critic_z=-281.2021, encoder=-473.3285, decoder=0.2112
2025-06-24 15:31:08,774 - tadGANs - INFO - Epoch 656/1000 - Time: 2.87s - Loss: critic_x=-0.0715, critic_z=-642.1247, encoder=-1144.3052, decoder=0.5781
2025-06-24 15:31:10,479 - tadGANs - INFO - Epoch 413/1000 - Time: 2.90s - Loss: critic_x=-0.1167, critic_z=-282.4941, encoder=-476.0952, decoder=0.1929
2025-06-24 15:31:11,730 - tadGANs - INFO - Epoch 657/1000 - Time: 2.96s - Loss: critic_x=-0.0719, critic_z=-644.0224, encoder=-1147.1725, decoder=0.5632
2025-06-24 15:31:13,447 - tadGANs - INFO - Epoch 414/1000 - Time: 2.97s - Loss: critic_x=-0.1140, critic_z=-283.3121, encoder=-477.5657, decoder=0.1906
2025-06-24 15:31:14,759 - tadGANs - INFO - Epoch 658/1000 - Time: 3.03s - Loss: critic_x=-0.0727, critic_z=-645.7184, encoder=-1150.1372, decoder=0.5871
2025-06-24 15:31:16,313 - tadGANs - INFO - Epoch 415/1000 - Time: 2.87s - Loss: critic_x=-0.1144, critic_z=-284.3778, encoder=-479.4299, decoder=0.1715
2025-06-24 15:31:17,726 - tadGANs - INFO - Epoch 659/1000 - Time: 2.97s - Loss: critic_x=-0.0707, critic_z=-647.1342, encoder=-1153.7423, decoder=0.5901
2025-06-24 15:31:19,166 - tadGANs - INFO - Epoch 416/1000 - Time: 2.85s - Loss: critic_x=-0.1079, critic_z=-285.6215, encoder=-482.0705, decoder=0.1822
2025-06-24 15:31:20,874 - tadGANs - INFO - Epoch 660/1000 - Time: 3.15s - Loss: critic_x=-0.0735, critic_z=-648.8222, encoder=-1158.2863, decoder=0.5942
2025-06-24 15:31:20,889 - tadGANs - INFO - Models saved at epoch 660
2025-06-24 15:31:22,047 - tadGANs - INFO - Epoch 417/1000 - Time: 2.88s - Loss: critic_x=-0.1067, critic_z=-287.1160, encoder=-483.9789, decoder=0.1668
2025-06-24 15:31:23,865 - tadGANs - INFO - Epoch 661/1000 - Time: 2.98s - Loss: critic_x=-0.0718, critic_z=-651.3620, encoder=-1161.0999, decoder=0.6033
2025-06-24 15:31:24,861 - tadGANs - INFO - Epoch 418/1000 - Time: 2.81s - Loss: critic_x=-0.1074, critic_z=-288.4612, encoder=-485.6611, decoder=0.1851
2025-06-24 15:31:26,767 - tadGANs - INFO - Epoch 662/1000 - Time: 2.90s - Loss: critic_x=-0.0783, critic_z=-652.3077, encoder=-1166.1503, decoder=0.5936
2025-06-24 15:31:27,758 - tadGANs - INFO - Epoch 419/1000 - Time: 2.90s - Loss: critic_x=-0.1066, critic_z=-289.3191, encoder=-488.4054, decoder=0.1887
2025-06-24 15:31:29,628 - tadGANs - INFO - Epoch 663/1000 - Time: 2.86s - Loss: critic_x=-0.0767, critic_z=-654.5438, encoder=-1166.2333, decoder=0.5890
2025-06-24 15:31:30,540 - tadGANs - INFO - Epoch 420/1000 - Time: 2.78s - Loss: critic_x=-0.1090, critic_z=-290.1658, encoder=-489.1001, decoder=0.1785
2025-06-24 15:31:30,554 - tadGANs - INFO - Models saved at epoch 420
2025-06-24 15:31:32,649 - tadGANs - INFO - Epoch 664/1000 - Time: 3.02s - Loss: critic_x=-0.0786, critic_z=-655.0802, encoder=-1169.5013, decoder=0.6031
2025-06-24 15:31:33,314 - tadGANs - INFO - Epoch 421/1000 - Time: 2.76s - Loss: critic_x=-0.1057, critic_z=-292.0668, encoder=-492.4024, decoder=0.1962
2025-06-24 15:31:35,472 - tadGANs - INFO - Epoch 665/1000 - Time: 2.82s - Loss: critic_x=-0.0775, critic_z=-657.7304, encoder=-1176.2763, decoder=0.6026
2025-06-24 15:31:37,913 - tadGANs - INFO - Epoch 422/1000 - Time: 4.60s - Loss: critic_x=-0.1053, critic_z=-293.3103, encoder=-494.5957, decoder=0.1840
2025-06-24 15:31:40,201 - tadGANs - INFO - Epoch 666/1000 - Time: 4.73s - Loss: critic_x=-0.0774, critic_z=-660.1445, encoder=-1179.3991, decoder=0.6049
2025-06-24 15:31:40,798 - tadGANs - INFO - Epoch 423/1000 - Time: 2.89s - Loss: critic_x=-0.1039, critic_z=-293.9044, encoder=-497.0439, decoder=0.1962
2025-06-24 15:31:43,056 - tadGANs - INFO - Epoch 667/1000 - Time: 2.85s - Loss: critic_x=-0.0806, critic_z=-661.4853, encoder=-1179.8944, decoder=0.6085
2025-06-24 15:31:43,610 - tadGANs - INFO - Epoch 424/1000 - Time: 2.81s - Loss: critic_x=-0.1016, critic_z=-295.7123, encoder=-498.7967, decoder=0.1954
2025-06-24 15:31:45,898 - tadGANs - INFO - Epoch 668/1000 - Time: 2.83s - Loss: critic_x=-0.0831, critic_z=-664.3484, encoder=-1183.3003, decoder=0.6083
2025-06-24 15:31:46,420 - tadGANs - INFO - Epoch 425/1000 - Time: 2.81s - Loss: critic_x=-0.0998, critic_z=-296.6265, encoder=-502.1680, decoder=0.2064
2025-06-24 15:31:48,690 - tadGANs - INFO - Epoch 669/1000 - Time: 2.79s - Loss: critic_x=-0.0766, critic_z=-665.9839, encoder=-1188.1381, decoder=0.5772
2025-06-24 15:31:49,158 - tadGANs - INFO - Epoch 426/1000 - Time: 2.74s - Loss: critic_x=-0.1048, critic_z=-297.3309, encoder=-502.9620, decoder=0.2042
2025-06-24 15:31:51,584 - tadGANs - INFO - Epoch 670/1000 - Time: 2.89s - Loss: critic_x=-0.0803, critic_z=-666.2313, encoder=-1193.6690, decoder=0.5928
2025-06-24 15:31:51,596 - tadGANs - INFO - Models saved at epoch 670
2025-06-24 15:31:51,900 - tadGANs - INFO - Epoch 427/1000 - Time: 2.74s - Loss: critic_x=-0.1010, critic_z=-298.9266, encoder=-504.9264, decoder=0.1903
2025-06-24 15:31:54,435 - tadGANs - INFO - Epoch 671/1000 - Time: 2.84s - Loss: critic_x=-0.0784, critic_z=-669.6285, encoder=-1193.9531, decoder=0.5747
2025-06-24 15:31:54,702 - tadGANs - INFO - Epoch 428/1000 - Time: 2.80s - Loss: critic_x=-0.0995, critic_z=-300.5554, encoder=-507.1208, decoder=0.1987
2025-06-24 15:31:57,353 - tadGANs - INFO - Epoch 672/1000 - Time: 2.92s - Loss: critic_x=-0.0776, critic_z=-671.0365, encoder=-1200.1225, decoder=0.5572
2025-06-24 15:31:57,515 - tadGANs - INFO - Epoch 429/1000 - Time: 2.81s - Loss: critic_x=-0.0997, critic_z=-301.8894, encoder=-510.6857, decoder=0.1912
2025-06-24 15:32:00,206 - tadGANs - INFO - Epoch 430/1000 - Time: 2.69s - Loss: critic_x=-0.1043, critic_z=-302.7255, encoder=-512.4421, decoder=0.1928
2025-06-24 15:32:00,217 - tadGANs - INFO - Models saved at epoch 430
2025-06-24 15:32:00,226 - tadGANs - INFO - Epoch 673/1000 - Time: 2.87s - Loss: critic_x=-0.0777, critic_z=-672.9113, encoder=-1201.9789, decoder=0.5455
2025-06-24 15:32:03,048 - tadGANs - INFO - Epoch 674/1000 - Time: 2.82s - Loss: critic_x=-0.0742, critic_z=-674.2077, encoder=-1202.9425, decoder=0.5464
2025-06-24 15:32:03,057 - tadGANs - INFO - Epoch 431/1000 - Time: 2.84s - Loss: critic_x=-0.1034, critic_z=-303.9479, encoder=-514.1831, decoder=0.1856
2025-06-24 15:32:05,810 - tadGANs - INFO - Epoch 432/1000 - Time: 2.75s - Loss: critic_x=-0.0999, critic_z=-304.7184, encoder=-517.7282, decoder=0.1893
2025-06-24 15:32:05,824 - tadGANs - INFO - Epoch 675/1000 - Time: 2.78s - Loss: critic_x=-0.0721, critic_z=-675.7113, encoder=-1207.4897, decoder=0.5330
2025-06-24 15:32:08,598 - tadGANs - INFO - Epoch 433/1000 - Time: 2.79s - Loss: critic_x=-0.1025, critic_z=-306.7412, encoder=-520.1894, decoder=0.1943
2025-06-24 15:32:08,707 - tadGANs - INFO - Epoch 676/1000 - Time: 2.88s - Loss: critic_x=-0.0707, critic_z=-678.0794, encoder=-1211.9966, decoder=0.5490
2025-06-24 15:32:13,309 - tadGANs - INFO - Epoch 434/1000 - Time: 4.71s - Loss: critic_x=-0.1068, critic_z=-307.4733, encoder=-521.1997, decoder=0.1690
2025-06-24 15:32:13,415 - tadGANs - INFO - Epoch 677/1000 - Time: 4.71s - Loss: critic_x=-0.0697, critic_z=-680.2796, encoder=-1214.9767, decoder=0.5437
2025-06-24 15:32:16,109 - tadGANs - INFO - Epoch 435/1000 - Time: 2.80s - Loss: critic_x=-0.1022, critic_z=-308.6386, encoder=-523.4757, decoder=0.1933
2025-06-24 15:32:16,262 - tadGANs - INFO - Epoch 678/1000 - Time: 2.85s - Loss: critic_x=-0.0705, critic_z=-680.7762, encoder=-1219.8103, decoder=0.5478
2025-06-24 15:32:18,875 - tadGANs - INFO - Epoch 436/1000 - Time: 2.77s - Loss: critic_x=-0.1085, critic_z=-310.6053, encoder=-526.0083, decoder=0.1798
2025-06-24 15:32:19,181 - tadGANs - INFO - Epoch 679/1000 - Time: 2.92s - Loss: critic_x=-0.0700, critic_z=-683.2807, encoder=-1222.1629, decoder=0.5524
2025-06-24 15:32:21,753 - tadGANs - INFO - Epoch 437/1000 - Time: 2.88s - Loss: critic_x=-0.1060, critic_z=-310.6852, encoder=-527.6467, decoder=0.2058
2025-06-24 15:32:22,026 - tadGANs - INFO - Epoch 680/1000 - Time: 2.84s - Loss: critic_x=-0.0704, critic_z=-685.0349, encoder=-1224.5900, decoder=0.5602
2025-06-24 15:32:22,037 - tadGANs - INFO - Models saved at epoch 680
2025-06-24 15:32:24,571 - tadGANs - INFO - Epoch 438/1000 - Time: 2.82s - Loss: critic_x=-0.1061, critic_z=-312.1023, encoder=-529.2703, decoder=0.2128
2025-06-24 15:32:24,964 - tadGANs - INFO - Epoch 681/1000 - Time: 2.93s - Loss: critic_x=-0.0683, critic_z=-686.4679, encoder=-1229.3719, decoder=0.5436
2025-06-24 15:32:27,510 - tadGANs - INFO - Epoch 439/1000 - Time: 2.94s - Loss: critic_x=-0.1057, critic_z=-313.4786, encoder=-531.2637, decoder=0.1936
2025-06-24 15:32:27,789 - tadGANs - INFO - Epoch 682/1000 - Time: 2.82s - Loss: critic_x=-0.0650, critic_z=-688.4147, encoder=-1231.0276, decoder=0.5646
2025-06-24 15:32:30,380 - tadGANs - INFO - Epoch 440/1000 - Time: 2.87s - Loss: critic_x=-0.1097, critic_z=-315.2562, encoder=-534.8921, decoder=0.1934
2025-06-24 15:32:30,391 - tadGANs - INFO - Models saved at epoch 440
2025-06-24 15:32:30,618 - tadGANs - INFO - Epoch 683/1000 - Time: 2.83s - Loss: critic_x=-0.0696, critic_z=-690.2000, encoder=-1234.2919, decoder=0.5600
2025-06-24 15:32:33,209 - tadGANs - INFO - Epoch 441/1000 - Time: 2.82s - Loss: critic_x=-0.1017, critic_z=-316.9508, encoder=-537.1849, decoder=0.2056
2025-06-24 15:32:33,445 - tadGANs - INFO - Epoch 684/1000 - Time: 2.83s - Loss: critic_x=-0.0661, critic_z=-692.0360, encoder=-1237.9095, decoder=0.5749
2025-06-24 15:32:36,062 - tadGANs - INFO - Epoch 442/1000 - Time: 2.85s - Loss: critic_x=-0.1063, critic_z=-317.5172, encoder=-539.3201, decoder=0.2306
2025-06-24 15:32:36,303 - tadGANs - INFO - Epoch 685/1000 - Time: 2.86s - Loss: critic_x=-0.0683, critic_z=-694.7848, encoder=-1243.8309, decoder=0.5931
2025-06-24 15:32:38,884 - tadGANs - INFO - Epoch 443/1000 - Time: 2.82s - Loss: critic_x=-0.1108, critic_z=-318.7950, encoder=-540.9244, decoder=0.2256
2025-06-24 15:32:39,216 - tadGANs - INFO - Epoch 686/1000 - Time: 2.91s - Loss: critic_x=-0.0689, critic_z=-695.8973, encoder=-1246.1348, decoder=0.5988
2025-06-24 15:32:41,731 - tadGANs - INFO - Epoch 444/1000 - Time: 2.85s - Loss: critic_x=-0.1101, critic_z=-319.2600, encoder=-544.1457, decoder=0.2354
2025-06-24 15:32:42,047 - tadGANs - INFO - Epoch 687/1000 - Time: 2.83s - Loss: critic_x=-0.0685, critic_z=-697.7201, encoder=-1248.6398, decoder=0.6066
2025-06-24 15:32:44,557 - tadGANs - INFO - Epoch 445/1000 - Time: 2.82s - Loss: critic_x=-0.1120, critic_z=-321.5294, encoder=-545.8226, decoder=0.2297
2025-06-24 15:32:44,898 - tadGANs - INFO - Epoch 688/1000 - Time: 2.85s - Loss: critic_x=-0.0675, critic_z=-699.9167, encoder=-1249.5662, decoder=0.6217
2025-06-24 15:32:47,388 - tadGANs - INFO - Epoch 446/1000 - Time: 2.83s - Loss: critic_x=-0.1104, critic_z=-322.0935, encoder=-549.0077, decoder=0.2285
2025-06-24 15:32:47,841 - tadGANs - INFO - Epoch 689/1000 - Time: 2.94s - Loss: critic_x=-0.0679, critic_z=-701.5220, encoder=-1258.2157, decoder=0.6324
2025-06-24 15:32:50,278 - tadGANs - INFO - Epoch 447/1000 - Time: 2.89s - Loss: critic_x=-0.1094, critic_z=-323.8372, encoder=-550.7422, decoder=0.2200
2025-06-24 15:32:50,626 - tadGANs - INFO - Epoch 690/1000 - Time: 2.79s - Loss: critic_x=-0.0676, critic_z=-703.1713, encoder=-1258.2534, decoder=0.6207
2025-06-24 15:32:50,638 - tadGANs - INFO - Models saved at epoch 690
2025-06-24 15:32:53,053 - tadGANs - INFO - Epoch 448/1000 - Time: 2.77s - Loss: critic_x=-0.1051, critic_z=-325.1371, encoder=-552.6797, decoder=0.2148
2025-06-24 15:32:53,517 - tadGANs - INFO - Epoch 691/1000 - Time: 2.88s - Loss: critic_x=-0.0676, critic_z=-705.5283, encoder=-1263.2780, decoder=0.6177
2025-06-24 15:32:55,797 - tadGANs - INFO - Epoch 449/1000 - Time: 2.74s - Loss: critic_x=-0.1074, critic_z=-326.2445, encoder=-556.2599, decoder=0.2135
2025-06-24 15:32:56,385 - tadGANs - INFO - Epoch 692/1000 - Time: 2.87s - Loss: critic_x=-0.0699, critic_z=-707.1715, encoder=-1268.6019, decoder=0.6163
2025-06-24 15:32:58,608 - tadGANs - INFO - Epoch 450/1000 - Time: 2.81s - Loss: critic_x=-0.1106, critic_z=-327.0940, encoder=-557.4481, decoder=0.2097
2025-06-24 15:32:58,621 - tadGANs - INFO - Models saved at epoch 450
2025-06-24 15:32:59,145 - tadGANs - INFO - Epoch 693/1000 - Time: 2.76s - Loss: critic_x=-0.0656, critic_z=-710.0368, encoder=-1269.8311, decoder=0.6012
2025-06-24 15:33:01,520 - tadGANs - INFO - Epoch 451/1000 - Time: 2.90s - Loss: critic_x=-0.1093, critic_z=-328.0852, encoder=-558.5365, decoder=0.2135
2025-06-24 15:33:01,925 - tadGANs - INFO - Epoch 694/1000 - Time: 2.78s - Loss: critic_x=-0.0688, critic_z=-711.0063, encoder=-1274.1876, decoder=0.6219
2025-06-24 15:33:04,293 - tadGANs - INFO - Epoch 452/1000 - Time: 2.77s - Loss: critic_x=-0.1074, critic_z=-330.2879, encoder=-563.2173, decoder=0.2146
2025-06-24 15:33:04,726 - tadGANs - INFO - Epoch 695/1000 - Time: 2.80s - Loss: critic_x=-0.0682, critic_z=-712.8210, encoder=-1277.6860, decoder=0.5960
2025-06-24 15:33:07,154 - tadGANs - INFO - Epoch 453/1000 - Time: 2.86s - Loss: critic_x=-0.1054, critic_z=-331.5667, encoder=-564.8689, decoder=0.2250
2025-06-24 15:33:07,604 - tadGANs - INFO - Epoch 696/1000 - Time: 2.88s - Loss: critic_x=-0.0687, critic_z=-714.0141, encoder=-1280.8780, decoder=0.6010
2025-06-24 15:33:09,982 - tadGANs - INFO - Epoch 454/1000 - Time: 2.83s - Loss: critic_x=-0.1097, critic_z=-332.6362, encoder=-568.2525, decoder=0.2267
2025-06-24 15:33:10,494 - tadGANs - INFO - Epoch 697/1000 - Time: 2.89s - Loss: critic_x=-0.0682, critic_z=-716.2320, encoder=-1282.8090, decoder=0.5916
2025-06-24 15:33:12,811 - tadGANs - INFO - Epoch 455/1000 - Time: 2.83s - Loss: critic_x=-0.1081, critic_z=-334.3203, encoder=-568.4597, decoder=0.2268
2025-06-24 15:33:13,319 - tadGANs - INFO - Epoch 698/1000 - Time: 2.82s - Loss: critic_x=-0.0688, critic_z=-718.6188, encoder=-1288.4100, decoder=0.5911
2025-06-24 15:33:15,636 - tadGANs - INFO - Epoch 456/1000 - Time: 2.82s - Loss: critic_x=-0.1072, critic_z=-334.6776, encoder=-572.1150, decoder=0.2360
2025-06-24 15:33:16,158 - tadGANs - INFO - Epoch 699/1000 - Time: 2.84s - Loss: critic_x=-0.0720, critic_z=-720.9220, encoder=-1289.3552, decoder=0.6136
2025-06-24 15:33:18,489 - tadGANs - INFO - Epoch 457/1000 - Time: 2.85s - Loss: critic_x=-0.1110, critic_z=-336.0413, encoder=-573.4304, decoder=0.2225
2025-06-24 15:33:18,979 - tadGANs - INFO - Epoch 700/1000 - Time: 2.82s - Loss: critic_x=-0.0722, critic_z=-722.3275, encoder=-1294.8403, decoder=0.5902
2025-06-24 15:33:19,009 - tadGANs - INFO - Models saved at epoch 700
2025-06-24 15:33:21,310 - tadGANs - INFO - Epoch 458/1000 - Time: 2.82s - Loss: critic_x=-0.1077, critic_z=-337.6158, encoder=-576.1234, decoder=0.2413
2025-06-24 15:33:21,879 - tadGANs - INFO - Epoch 701/1000 - Time: 2.87s - Loss: critic_x=-0.0680, critic_z=-724.7530, encoder=-1298.8666, decoder=0.5893
2025-06-24 15:33:24,178 - tadGANs - INFO - Epoch 459/1000 - Time: 2.87s - Loss: critic_x=-0.1069, critic_z=-338.6882, encoder=-579.0565, decoder=0.2413
2025-06-24 15:33:24,607 - tadGANs - INFO - Epoch 702/1000 - Time: 2.73s - Loss: critic_x=-0.0732, critic_z=-725.4561, encoder=-1299.9283, decoder=0.5975
2025-06-24 15:33:27,082 - tadGANs - INFO - Epoch 460/1000 - Time: 2.90s - Loss: critic_x=-0.1122, critic_z=-340.0068, encoder=-580.7640, decoder=0.2582
2025-06-24 15:33:27,095 - tadGANs - INFO - Models saved at epoch 460
2025-06-24 15:33:27,401 - tadGANs - INFO - Epoch 703/1000 - Time: 2.79s - Loss: critic_x=-0.0717, critic_z=-728.7877, encoder=-1307.1030, decoder=0.6101
2025-06-24 15:33:29,930 - tadGANs - INFO - Epoch 461/1000 - Time: 2.83s - Loss: critic_x=-0.1106, critic_z=-341.6163, encoder=-583.3007, decoder=0.2470
2025-06-24 15:33:30,187 - tadGANs - INFO - Epoch 704/1000 - Time: 2.79s - Loss: critic_x=-0.0724, critic_z=-730.2683, encoder=-1310.1347, decoder=0.5993
2025-06-24 15:33:32,814 - tadGANs - INFO - Epoch 462/1000 - Time: 2.88s - Loss: critic_x=-0.1132, critic_z=-342.5816, encoder=-583.9661, decoder=0.2493
2025-06-24 15:33:32,966 - tadGANs - INFO - Epoch 705/1000 - Time: 2.78s - Loss: critic_x=-0.0737, critic_z=-731.2148, encoder=-1311.9820, decoder=0.6201
2025-06-24 15:33:35,634 - tadGANs - INFO - Epoch 463/1000 - Time: 2.82s - Loss: critic_x=-0.1093, critic_z=-343.8572, encoder=-588.2885, decoder=0.2641
2025-06-24 15:33:35,769 - tadGANs - INFO - Epoch 706/1000 - Time: 2.80s - Loss: critic_x=-0.0752, critic_z=-732.5929, encoder=-1315.1275, decoder=0.6217
2025-06-24 15:33:38,508 - tadGANs - INFO - Epoch 464/1000 - Time: 2.87s - Loss: critic_x=-0.1119, critic_z=-345.5988, encoder=-590.4022, decoder=0.2688
2025-06-24 15:33:38,670 - tadGANs - INFO - Epoch 707/1000 - Time: 2.90s - Loss: critic_x=-0.0748, critic_z=-735.7044, encoder=-1317.2829, decoder=0.6140
2025-06-24 15:33:41,283 - tadGANs - INFO - Epoch 465/1000 - Time: 2.77s - Loss: critic_x=-0.1077, critic_z=-346.7831, encoder=-592.9525, decoder=0.2718
2025-06-24 15:33:41,591 - tadGANs - INFO - Epoch 708/1000 - Time: 2.92s - Loss: critic_x=-0.0742, critic_z=-738.3710, encoder=-1322.3427, decoder=0.6149
2025-06-24 15:33:44,122 - tadGANs - INFO - Epoch 466/1000 - Time: 2.84s - Loss: critic_x=-0.1069, critic_z=-347.7957, encoder=-593.9640, decoder=0.2602
2025-06-24 15:33:44,454 - tadGANs - INFO - Epoch 709/1000 - Time: 2.86s - Loss: critic_x=-0.0724, critic_z=-739.5358, encoder=-1326.5242, decoder=0.6149
2025-06-24 15:33:46,911 - tadGANs - INFO - Epoch 467/1000 - Time: 2.79s - Loss: critic_x=-0.1047, critic_z=-348.7742, encoder=-596.7425, decoder=0.2720
2025-06-24 15:33:47,235 - tadGANs - INFO - Epoch 710/1000 - Time: 2.78s - Loss: critic_x=-0.0728, critic_z=-741.5469, encoder=-1331.2188, decoder=0.6343
2025-06-24 15:33:47,246 - tadGANs - INFO - Models saved at epoch 710
2025-06-24 15:33:49,689 - tadGANs - INFO - Epoch 468/1000 - Time: 2.78s - Loss: critic_x=-0.1058, critic_z=-351.0334, encoder=-599.3971, decoder=0.2764
2025-06-24 15:33:50,062 - tadGANs - INFO - Epoch 711/1000 - Time: 2.82s - Loss: critic_x=-0.0689, critic_z=-742.8011, encoder=-1335.0470, decoder=0.5944
2025-06-24 15:33:52,539 - tadGANs - INFO - Epoch 469/1000 - Time: 2.85s - Loss: critic_x=-0.1003, critic_z=-351.7633, encoder=-601.7600, decoder=0.2587
2025-06-24 15:33:52,851 - tadGANs - INFO - Epoch 712/1000 - Time: 2.79s - Loss: critic_x=-0.0708, critic_z=-744.4864, encoder=-1338.4622, decoder=0.6035
2025-06-24 15:33:55,303 - tadGANs - INFO - Epoch 470/1000 - Time: 2.76s - Loss: critic_x=-0.1050, critic_z=-352.2740, encoder=-604.0480, decoder=0.2625
2025-06-24 15:33:55,318 - tadGANs - INFO - Models saved at epoch 470
2025-06-24 15:33:55,811 - tadGANs - INFO - Epoch 713/1000 - Time: 2.96s - Loss: critic_x=-0.0684, critic_z=-746.6772, encoder=-1342.7008, decoder=0.6081
2025-06-24 15:33:58,086 - tadGANs - INFO - Epoch 471/1000 - Time: 2.77s - Loss: critic_x=-0.1028, critic_z=-354.0455, encoder=-606.9903, decoder=0.2717
2025-06-24 15:33:58,619 - tadGANs - INFO - Epoch 714/1000 - Time: 2.81s - Loss: critic_x=-0.0683, critic_z=-748.8851, encoder=-1345.5827, decoder=0.6133
2025-06-24 15:34:00,885 - tadGANs - INFO - Epoch 472/1000 - Time: 2.80s - Loss: critic_x=-0.1039, critic_z=-355.3543, encoder=-608.2816, decoder=0.2689
2025-06-24 15:34:01,481 - tadGANs - INFO - Epoch 715/1000 - Time: 2.86s - Loss: critic_x=-0.0657, critic_z=-750.2540, encoder=-1348.7429, decoder=0.6258
2025-06-24 15:34:04,075 - tadGANs - INFO - Epoch 473/1000 - Time: 3.19s - Loss: critic_x=-0.1056, critic_z=-357.2957, encoder=-611.6434, decoder=0.2699
2025-06-24 15:34:04,670 - tadGANs - INFO - Epoch 716/1000 - Time: 3.19s - Loss: critic_x=-0.0673, critic_z=-753.1335, encoder=-1352.1051, decoder=0.5968
2025-06-24 15:34:07,305 - tadGANs - INFO - Epoch 474/1000 - Time: 3.23s - Loss: critic_x=-0.1120, critic_z=-358.1919, encoder=-613.3039, decoder=0.2795
2025-06-24 15:34:07,848 - tadGANs - INFO - Epoch 717/1000 - Time: 3.18s - Loss: critic_x=-0.0664, critic_z=-753.2374, encoder=-1354.8950, decoder=0.5951
2025-06-24 15:34:10,458 - tadGANs - INFO - Epoch 475/1000 - Time: 3.15s - Loss: critic_x=-0.1086, critic_z=-359.7968, encoder=-617.1415, decoder=0.2872
2025-06-24 15:34:11,120 - tadGANs - INFO - Epoch 718/1000 - Time: 3.27s - Loss: critic_x=-0.0655, critic_z=-756.4089, encoder=-1359.8328, decoder=0.5911
2025-06-24 15:34:13,660 - tadGANs - INFO - Epoch 476/1000 - Time: 3.20s - Loss: critic_x=-0.1075, critic_z=-360.8167, encoder=-618.9379, decoder=0.2917
2025-06-24 15:34:14,453 - tadGANs - INFO - Epoch 719/1000 - Time: 3.33s - Loss: critic_x=-0.0651, critic_z=-757.2596, encoder=-1362.1442, decoder=0.5924
2025-06-24 15:34:16,763 - tadGANs - INFO - Epoch 477/1000 - Time: 3.10s - Loss: critic_x=-0.1091, critic_z=-362.2537, encoder=-621.5570, decoder=0.2905
2025-06-24 15:34:17,761 - tadGANs - INFO - Epoch 720/1000 - Time: 3.31s - Loss: critic_x=-0.0656, critic_z=-759.0300, encoder=-1365.1477, decoder=0.6081
2025-06-24 15:34:17,787 - tadGANs - INFO - Models saved at epoch 720
2025-06-24 15:34:19,966 - tadGANs - INFO - Epoch 478/1000 - Time: 3.20s - Loss: critic_x=-0.1103, critic_z=-363.6922, encoder=-624.2426, decoder=0.2892
2025-06-24 15:34:20,954 - tadGANs - INFO - Epoch 721/1000 - Time: 3.17s - Loss: critic_x=-0.0644, critic_z=-762.3398, encoder=-1370.0290, decoder=0.6110
2025-06-24 15:34:23,124 - tadGANs - INFO - Epoch 479/1000 - Time: 3.16s - Loss: critic_x=-0.1088, critic_z=-365.1139, encoder=-625.8978, decoder=0.2795
2025-06-24 15:34:24,163 - tadGANs - INFO - Epoch 722/1000 - Time: 3.21s - Loss: critic_x=-0.0663, critic_z=-764.2146, encoder=-1373.9153, decoder=0.6097
2025-06-24 15:34:26,379 - tadGANs - INFO - Epoch 480/1000 - Time: 3.25s - Loss: critic_x=-0.1112, critic_z=-366.1058, encoder=-628.8742, decoder=0.2740
2025-06-24 15:34:26,394 - tadGANs - INFO - Models saved at epoch 480
2025-06-24 15:34:27,406 - tadGANs - INFO - Epoch 723/1000 - Time: 3.24s - Loss: critic_x=-0.0655, critic_z=-765.5032, encoder=-1375.6740, decoder=0.6099
2025-06-24 15:34:29,639 - tadGANs - INFO - Epoch 481/1000 - Time: 3.24s - Loss: critic_x=-0.1111, critic_z=-367.2685, encoder=-629.9685, decoder=0.2983
2025-06-24 15:34:30,692 - tadGANs - INFO - Epoch 724/1000 - Time: 3.29s - Loss: critic_x=-0.0650, critic_z=-768.1311, encoder=-1381.4410, decoder=0.6002
2025-06-24 15:34:32,764 - tadGANs - INFO - Epoch 482/1000 - Time: 3.12s - Loss: critic_x=-0.1118, critic_z=-369.1649, encoder=-633.2122, decoder=0.2791
2025-06-24 15:34:33,915 - tadGANs - INFO - Epoch 725/1000 - Time: 3.22s - Loss: critic_x=-0.0635, critic_z=-768.7224, encoder=-1383.5106, decoder=0.5990
2025-06-24 15:34:35,946 - tadGANs - INFO - Epoch 483/1000 - Time: 3.18s - Loss: critic_x=-0.1138, critic_z=-370.9201, encoder=-637.1348, decoder=0.2709
2025-06-24 15:34:37,164 - tadGANs - INFO - Epoch 726/1000 - Time: 3.25s - Loss: critic_x=-0.0668, critic_z=-772.2647, encoder=-1390.9111, decoder=0.6028
2025-06-24 15:34:39,199 - tadGANs - INFO - Epoch 484/1000 - Time: 3.25s - Loss: critic_x=-0.1140, critic_z=-371.1797, encoder=-637.8828, decoder=0.2750
2025-06-24 15:34:40,446 - tadGANs - INFO - Epoch 727/1000 - Time: 3.28s - Loss: critic_x=-0.0676, critic_z=-774.5792, encoder=-1392.0643, decoder=0.6133
2025-06-24 15:34:42,445 - tadGANs - INFO - Epoch 485/1000 - Time: 3.25s - Loss: critic_x=-0.1153, critic_z=-373.1285, encoder=-641.8520, decoder=0.2819
2025-06-24 15:34:43,687 - tadGANs - INFO - Epoch 728/1000 - Time: 3.24s - Loss: critic_x=-0.0687, critic_z=-775.5085, encoder=-1397.1220, decoder=0.6176
2025-06-24 15:34:45,676 - tadGANs - INFO - Epoch 486/1000 - Time: 3.23s - Loss: critic_x=-0.1123, critic_z=-374.1727, encoder=-644.1880, decoder=0.2748
2025-06-24 15:34:47,011 - tadGANs - INFO - Epoch 729/1000 - Time: 3.32s - Loss: critic_x=-0.0651, critic_z=-777.2650, encoder=-1399.4332, decoder=0.6228
2025-06-24 15:34:48,875 - tadGANs - INFO - Epoch 487/1000 - Time: 3.20s - Loss: critic_x=-0.1127, critic_z=-375.1723, encoder=-646.0700, decoder=0.2794
2025-06-24 15:34:50,266 - tadGANs - INFO - Epoch 730/1000 - Time: 3.26s - Loss: critic_x=-0.0669, critic_z=-780.0327, encoder=-1405.0413, decoder=0.6315
2025-06-24 15:34:50,280 - tadGANs - INFO - Models saved at epoch 730
2025-06-24 15:34:52,141 - tadGANs - INFO - Epoch 488/1000 - Time: 3.27s - Loss: critic_x=-0.1127, critic_z=-376.9739, encoder=-647.8353, decoder=0.2624
2025-06-24 15:34:53,534 - tadGANs - INFO - Epoch 731/1000 - Time: 3.25s - Loss: critic_x=-0.0611, critic_z=-781.2140, encoder=-1405.8640, decoder=0.6522
2025-06-24 15:34:55,274 - tadGANs - INFO - Epoch 489/1000 - Time: 3.13s - Loss: critic_x=-0.1131, critic_z=-377.8536, encoder=-650.6386, decoder=0.2819
2025-06-24 15:34:56,838 - tadGANs - INFO - Epoch 732/1000 - Time: 3.30s - Loss: critic_x=-0.0619, critic_z=-782.6752, encoder=-1411.4871, decoder=0.6640
2025-06-24 15:34:58,500 - tadGANs - INFO - Epoch 490/1000 - Time: 3.23s - Loss: critic_x=-0.1150, critic_z=-379.3482, encoder=-653.3322, decoder=0.2901
2025-06-24 15:34:58,516 - tadGANs - INFO - Models saved at epoch 490
2025-06-24 15:34:59,931 - tadGANs - INFO - Epoch 733/1000 - Time: 3.09s - Loss: critic_x=-0.0632, critic_z=-784.0324, encoder=-1412.3442, decoder=0.6642
2025-06-24 15:35:01,478 - tadGANs - INFO - Epoch 491/1000 - Time: 2.96s - Loss: critic_x=-0.1138, critic_z=-380.7643, encoder=-655.6851, decoder=0.2809
2025-06-24 15:35:02,960 - tadGANs - INFO - Epoch 734/1000 - Time: 3.03s - Loss: critic_x=-0.0627, critic_z=-787.1814, encoder=-1416.1655, decoder=0.6566
2025-06-24 15:35:04,525 - tadGANs - INFO - Epoch 492/1000 - Time: 3.05s - Loss: critic_x=-0.1135, critic_z=-382.4267, encoder=-658.1383, decoder=0.2866
2025-06-24 15:35:05,908 - tadGANs - INFO - Epoch 735/1000 - Time: 2.95s - Loss: critic_x=-0.0602, critic_z=-789.3174, encoder=-1420.0263, decoder=0.6331
2025-06-24 15:35:07,533 - tadGANs - INFO - Epoch 493/1000 - Time: 3.01s - Loss: critic_x=-0.1117, critic_z=-383.8857, encoder=-660.4858, decoder=0.2935
2025-06-24 15:35:08,776 - tadGANs - INFO - Epoch 736/1000 - Time: 2.87s - Loss: critic_x=-0.0625, critic_z=-791.5907, encoder=-1422.5569, decoder=0.6276
2025-06-24 15:35:10,445 - tadGANs - INFO - Epoch 494/1000 - Time: 2.91s - Loss: critic_x=-0.1131, critic_z=-385.1095, encoder=-662.7540, decoder=0.2898
2025-06-24 15:35:11,674 - tadGANs - INFO - Epoch 737/1000 - Time: 2.90s - Loss: critic_x=-0.0609, critic_z=-792.4322, encoder=-1429.4405, decoder=0.6351
2025-06-24 15:35:13,361 - tadGANs - INFO - Epoch 495/1000 - Time: 2.92s - Loss: critic_x=-0.1119, critic_z=-386.1860, encoder=-666.7967, decoder=0.2930
2025-06-24 15:35:14,606 - tadGANs - INFO - Epoch 738/1000 - Time: 2.93s - Loss: critic_x=-0.0631, critic_z=-795.0582, encoder=-1432.6954, decoder=0.6241
2025-06-24 15:35:16,351 - tadGANs - INFO - Epoch 496/1000 - Time: 2.99s - Loss: critic_x=-0.1100, critic_z=-387.7354, encoder=-668.3780, decoder=0.2956
2025-06-24 15:35:17,584 - tadGANs - INFO - Epoch 739/1000 - Time: 2.98s - Loss: critic_x=-0.0595, critic_z=-797.2303, encoder=-1436.7134, decoder=0.6367
2025-06-24 15:35:19,303 - tadGANs - INFO - Epoch 497/1000 - Time: 2.95s - Loss: critic_x=-0.1116, critic_z=-388.7948, encoder=-671.2692, decoder=0.2978
2025-06-24 15:35:20,552 - tadGANs - INFO - Epoch 740/1000 - Time: 2.97s - Loss: critic_x=-0.0608, critic_z=-799.7204, encoder=-1440.1053, decoder=0.6256
2025-06-24 15:35:20,564 - tadGANs - INFO - Models saved at epoch 740
2025-06-24 15:35:22,213 - tadGANs - INFO - Epoch 498/1000 - Time: 2.91s - Loss: critic_x=-0.1102, critic_z=-390.4850, encoder=-674.3615, decoder=0.3129
2025-06-24 15:35:23,528 - tadGANs - INFO - Epoch 741/1000 - Time: 2.96s - Loss: critic_x=-0.0579, critic_z=-801.5673, encoder=-1444.8183, decoder=0.6323
2025-06-24 15:35:25,177 - tadGANs - INFO - Epoch 499/1000 - Time: 2.96s - Loss: critic_x=-0.1066, critic_z=-392.3031, encoder=-676.5040, decoder=0.2918
2025-06-24 15:35:26,493 - tadGANs - INFO - Epoch 742/1000 - Time: 2.96s - Loss: critic_x=-0.0613, critic_z=-802.4547, encoder=-1447.8026, decoder=0.6269
2025-06-24 15:35:28,248 - tadGANs - INFO - Epoch 500/1000 - Time: 3.07s - Loss: critic_x=-0.1110, critic_z=-393.4725, encoder=-677.9202, decoder=0.2927
2025-06-24 15:35:28,264 - tadGANs - INFO - Models saved at epoch 500
2025-06-24 15:35:29,410 - tadGANs - INFO - Epoch 743/1000 - Time: 2.92s - Loss: critic_x=-0.0613, critic_z=-804.2575, encoder=-1453.7806, decoder=0.6160
2025-06-24 15:35:31,253 - tadGANs - INFO - Epoch 501/1000 - Time: 2.99s - Loss: critic_x=-0.1122, critic_z=-393.9270, encoder=-680.7077, decoder=0.2884
2025-06-24 15:35:32,318 - tadGANs - INFO - Epoch 744/1000 - Time: 2.91s - Loss: critic_x=-0.0601, critic_z=-807.8078, encoder=-1456.5061, decoder=0.6144
2025-06-24 15:35:34,219 - tadGANs - INFO - Epoch 502/1000 - Time: 2.97s - Loss: critic_x=-0.1109, critic_z=-396.4532, encoder=-683.9201, decoder=0.2898
2025-06-24 15:35:35,315 - tadGANs - INFO - Epoch 745/1000 - Time: 3.00s - Loss: critic_x=-0.0578, critic_z=-809.2201, encoder=-1461.7943, decoder=0.6218
2025-06-24 15:35:37,131 - tadGANs - INFO - Epoch 503/1000 - Time: 2.91s - Loss: critic_x=-0.1134, critic_z=-397.4684, encoder=-686.7884, decoder=0.2825
2025-06-24 15:35:38,252 - tadGANs - INFO - Epoch 746/1000 - Time: 2.94s - Loss: critic_x=-0.0568, critic_z=-810.9258, encoder=-1463.6415, decoder=0.6213
2025-06-24 15:35:40,018 - tadGANs - INFO - Epoch 504/1000 - Time: 2.89s - Loss: critic_x=-0.1117, critic_z=-398.8565, encoder=-688.3926, decoder=0.2805
2025-06-24 15:35:41,233 - tadGANs - INFO - Epoch 747/1000 - Time: 2.98s - Loss: critic_x=-0.0583, critic_z=-812.9376, encoder=-1465.8294, decoder=0.6272
2025-06-24 15:35:42,956 - tadGANs - INFO - Epoch 505/1000 - Time: 2.94s - Loss: critic_x=-0.1093, critic_z=-400.2242, encoder=-690.3494, decoder=0.2671
2025-06-24 15:35:44,239 - tadGANs - INFO - Epoch 748/1000 - Time: 3.01s - Loss: critic_x=-0.0565, critic_z=-814.5688, encoder=-1470.8543, decoder=0.6325
2025-06-24 15:35:45,798 - tadGANs - INFO - Epoch 506/1000 - Time: 2.84s - Loss: critic_x=-0.1074, critic_z=-401.4509, encoder=-694.5957, decoder=0.2669
2025-06-24 15:35:47,286 - tadGANs - INFO - Epoch 749/1000 - Time: 3.05s - Loss: critic_x=-0.0564, critic_z=-816.4080, encoder=-1475.3688, decoder=0.6319
2025-06-24 15:35:48,699 - tadGANs - INFO - Epoch 507/1000 - Time: 2.90s - Loss: critic_x=-0.1050, critic_z=-404.4019, encoder=-696.9785, decoder=0.2637
2025-06-24 15:35:50,214 - tadGANs - INFO - Epoch 750/1000 - Time: 2.93s - Loss: critic_x=-0.0583, critic_z=-818.6505, encoder=-1476.3490, decoder=0.6217
2025-06-24 15:35:50,227 - tadGANs - INFO - Models saved at epoch 750
2025-06-24 15:35:51,652 - tadGANs - INFO - Epoch 508/1000 - Time: 2.95s - Loss: critic_x=-0.1054, critic_z=-404.0766, encoder=-699.1263, decoder=0.2574
2025-06-24 15:35:53,167 - tadGANs - INFO - Epoch 751/1000 - Time: 2.94s - Loss: critic_x=-0.0551, critic_z=-821.3190, encoder=-1480.8138, decoder=0.6198
2025-06-24 15:35:54,636 - tadGANs - INFO - Epoch 509/1000 - Time: 2.98s - Loss: critic_x=-0.1045, critic_z=-406.1086, encoder=-703.4538, decoder=0.2611
2025-06-24 15:35:56,087 - tadGANs - INFO - Epoch 752/1000 - Time: 2.92s - Loss: critic_x=-0.0543, critic_z=-822.8329, encoder=-1484.1715, decoder=0.6416
2025-06-24 15:35:57,673 - tadGANs - INFO - Epoch 510/1000 - Time: 3.04s - Loss: critic_x=-0.1079, critic_z=-407.4757, encoder=-703.7461, decoder=0.2580
2025-06-24 15:35:57,686 - tadGANs - INFO - Models saved at epoch 510
2025-06-24 15:35:59,031 - tadGANs - INFO - Epoch 753/1000 - Time: 2.94s - Loss: critic_x=-0.0576, critic_z=-825.7306, encoder=-1487.1628, decoder=0.6346
2025-06-24 15:36:00,725 - tadGANs - INFO - Epoch 511/1000 - Time: 3.04s - Loss: critic_x=-0.1069, critic_z=-408.7809, encoder=-707.1598, decoder=0.2598
2025-06-24 15:36:01,967 - tadGANs - INFO - Epoch 754/1000 - Time: 2.94s - Loss: critic_x=-0.0541, critic_z=-828.0193, encoder=-1493.4556, decoder=0.6556
2025-06-24 15:36:03,856 - tadGANs - INFO - Epoch 512/1000 - Time: 3.13s - Loss: critic_x=-0.1045, critic_z=-410.1158, encoder=-709.9525, decoder=0.2737
2025-06-24 15:36:05,089 - tadGANs - INFO - Epoch 755/1000 - Time: 3.12s - Loss: critic_x=-0.0541, critic_z=-829.3849, encoder=-1497.4027, decoder=0.6804
2025-06-24 15:36:07,067 - tadGANs - INFO - Epoch 513/1000 - Time: 3.21s - Loss: critic_x=-0.1024, critic_z=-411.2359, encoder=-712.8868, decoder=0.2729
2025-06-24 15:36:08,135 - tadGANs - INFO - Epoch 756/1000 - Time: 3.05s - Loss: critic_x=-0.0561, critic_z=-832.0545, encoder=-1501.1979, decoder=0.6855
2025-06-24 15:36:10,078 - tadGANs - INFO - Epoch 514/1000 - Time: 3.01s - Loss: critic_x=-0.0993, critic_z=-412.9198, encoder=-713.5178, decoder=0.2656
2025-06-24 15:36:11,141 - tadGANs - INFO - Epoch 757/1000 - Time: 3.01s - Loss: critic_x=-0.0570, critic_z=-831.7454, encoder=-1506.0494, decoder=0.6967
2025-06-24 15:36:13,010 - tadGANs - INFO - Epoch 515/1000 - Time: 2.93s - Loss: critic_x=-0.1001, critic_z=-413.8693, encoder=-717.4691, decoder=0.2719
2025-06-24 15:36:14,177 - tadGANs - INFO - Epoch 758/1000 - Time: 3.04s - Loss: critic_x=-0.0555, critic_z=-835.2592, encoder=-1508.1499, decoder=0.6842
2025-06-24 15:36:15,985 - tadGANs - INFO - Epoch 516/1000 - Time: 2.97s - Loss: critic_x=-0.0970, critic_z=-415.5952, encoder=-720.0204, decoder=0.2745
2025-06-24 15:36:17,152 - tadGANs - INFO - Epoch 759/1000 - Time: 2.98s - Loss: critic_x=-0.0553, critic_z=-835.3415, encoder=-1511.5984, decoder=0.6884
2025-06-24 15:36:18,999 - tadGANs - INFO - Epoch 517/1000 - Time: 3.01s - Loss: critic_x=-0.0966, critic_z=-417.4363, encoder=-723.1221, decoder=0.2827
2025-06-24 15:36:20,124 - tadGANs - INFO - Epoch 760/1000 - Time: 2.97s - Loss: critic_x=-0.0546, critic_z=-838.9849, encoder=-1516.1403, decoder=0.6790
2025-06-24 15:36:20,135 - tadGANs - INFO - Models saved at epoch 760
2025-06-24 15:36:22,040 - tadGANs - INFO - Epoch 518/1000 - Time: 3.04s - Loss: critic_x=-0.0989, critic_z=-418.8338, encoder=-724.7027, decoder=0.2617
2025-06-24 15:36:23,102 - tadGANs - INFO - Epoch 761/1000 - Time: 2.97s - Loss: critic_x=-0.0569, critic_z=-841.2911, encoder=-1520.3521, decoder=0.6915
2025-06-24 15:36:25,035 - tadGANs - INFO - Epoch 519/1000 - Time: 3.00s - Loss: critic_x=-0.0971, critic_z=-420.3906, encoder=-728.4926, decoder=0.2741
2025-06-24 15:36:26,073 - tadGANs - INFO - Epoch 762/1000 - Time: 2.97s - Loss: critic_x=-0.0570, critic_z=-843.0668, encoder=-1523.7618, decoder=0.6822
2025-06-24 15:36:28,048 - tadGANs - INFO - Epoch 520/1000 - Time: 3.01s - Loss: critic_x=-0.0931, critic_z=-421.9911, encoder=-730.8390, decoder=0.2722
2025-06-24 15:36:28,060 - tadGANs - INFO - Models saved at epoch 520
2025-06-24 15:36:29,057 - tadGANs - INFO - Epoch 763/1000 - Time: 2.98s - Loss: critic_x=-0.0542, critic_z=-845.8048, encoder=-1528.1301, decoder=0.6805
2025-06-24 15:36:31,043 - tadGANs - INFO - Epoch 521/1000 - Time: 2.98s - Loss: critic_x=-0.0955, critic_z=-423.5230, encoder=-735.0345, decoder=0.2855
2025-06-24 15:36:32,060 - tadGANs - INFO - Epoch 764/1000 - Time: 3.00s - Loss: critic_x=-0.0572, critic_z=-847.7842, encoder=-1531.3262, decoder=0.6897
2025-06-24 15:36:34,016 - tadGANs - INFO - Epoch 522/1000 - Time: 2.97s - Loss: critic_x=-0.0960, critic_z=-424.2308, encoder=-735.5828, decoder=0.2655
2025-06-24 15:36:34,946 - tadGANs - INFO - Epoch 765/1000 - Time: 2.89s - Loss: critic_x=-0.0540, critic_z=-849.3191, encoder=-1535.0523, decoder=0.6868
2025-06-24 15:36:36,943 - tadGANs - INFO - Epoch 523/1000 - Time: 2.93s - Loss: critic_x=-0.0968, critic_z=-426.2871, encoder=-737.8669, decoder=0.2768
2025-06-24 15:36:37,884 - tadGANs - INFO - Epoch 766/1000 - Time: 2.94s - Loss: critic_x=-0.0572, critic_z=-851.6366, encoder=-1539.7250, decoder=0.6818
2025-06-24 15:36:39,827 - tadGANs - INFO - Epoch 524/1000 - Time: 2.88s - Loss: critic_x=-0.0945, critic_z=-426.9527, encoder=-741.2627, decoder=0.2758
2025-06-24 15:36:40,900 - tadGANs - INFO - Epoch 767/1000 - Time: 3.02s - Loss: critic_x=-0.0568, critic_z=-852.8224, encoder=-1541.6182, decoder=0.6767
2025-06-24 15:36:42,780 - tadGANs - INFO - Epoch 525/1000 - Time: 2.95s - Loss: critic_x=-0.0967, critic_z=-428.6133, encoder=-743.1921, decoder=0.2697
2025-06-24 15:36:43,845 - tadGANs - INFO - Epoch 768/1000 - Time: 2.95s - Loss: critic_x=-0.0582, critic_z=-855.4114, encoder=-1547.9109, decoder=0.6764
2025-06-24 15:36:45,780 - tadGANs - INFO - Epoch 526/1000 - Time: 3.00s - Loss: critic_x=-0.0974, critic_z=-429.6723, encoder=-746.9454, decoder=0.2695
2025-06-24 15:36:46,856 - tadGANs - INFO - Epoch 769/1000 - Time: 3.01s - Loss: critic_x=-0.0578, critic_z=-858.1839, encoder=-1552.0062, decoder=0.6770
2025-06-24 15:36:48,740 - tadGANs - INFO - Epoch 527/1000 - Time: 2.96s - Loss: critic_x=-0.0962, critic_z=-431.4275, encoder=-747.5467, decoder=0.2548
2025-06-24 15:36:49,813 - tadGANs - INFO - Epoch 770/1000 - Time: 2.96s - Loss: critic_x=-0.0572, critic_z=-859.8358, encoder=-1554.0758, decoder=0.6744
2025-06-24 15:36:49,824 - tadGANs - INFO - Models saved at epoch 770
2025-06-24 15:36:51,750 - tadGANs - INFO - Epoch 528/1000 - Time: 3.01s - Loss: critic_x=-0.0908, critic_z=-433.0943, encoder=-752.4001, decoder=0.2511
2025-06-24 15:36:52,909 - tadGANs - INFO - Epoch 771/1000 - Time: 3.09s - Loss: critic_x=-0.0589, critic_z=-862.0261, encoder=-1560.9870, decoder=0.6687
2025-06-24 15:36:54,690 - tadGANs - INFO - Epoch 529/1000 - Time: 2.94s - Loss: critic_x=-0.0932, critic_z=-434.0623, encoder=-754.0282, decoder=0.2519
2025-06-24 15:36:55,959 - tadGANs - INFO - Epoch 772/1000 - Time: 3.05s - Loss: critic_x=-0.0578, critic_z=-863.6244, encoder=-1563.9220, decoder=0.6617
2025-06-24 15:36:57,649 - tadGANs - INFO - Epoch 530/1000 - Time: 2.96s - Loss: critic_x=-0.0903, critic_z=-435.7548, encoder=-757.8687, decoder=0.2324
2025-06-24 15:36:57,664 - tadGANs - INFO - Models saved at epoch 530
2025-06-24 15:36:58,953 - tadGANs - INFO - Epoch 773/1000 - Time: 2.99s - Loss: critic_x=-0.0593, critic_z=-865.5909, encoder=-1566.2522, decoder=0.6730
2025-06-24 15:37:00,590 - tadGANs - INFO - Epoch 531/1000 - Time: 2.93s - Loss: critic_x=-0.0888, critic_z=-437.8643, encoder=-762.6231, decoder=0.2399
2025-06-24 15:37:01,939 - tadGANs - INFO - Epoch 774/1000 - Time: 2.99s - Loss: critic_x=-0.0588, critic_z=-867.4650, encoder=-1570.5934, decoder=0.6682
2025-06-24 15:37:03,590 - tadGANs - INFO - Epoch 532/1000 - Time: 3.00s - Loss: critic_x=-0.0897, critic_z=-438.6860, encoder=-762.0177, decoder=0.2262
2025-06-24 15:37:04,998 - tadGANs - INFO - Epoch 775/1000 - Time: 3.06s - Loss: critic_x=-0.0586, critic_z=-870.9008, encoder=-1573.1780, decoder=0.6701
2025-06-24 15:37:06,650 - tadGANs - INFO - Epoch 533/1000 - Time: 3.06s - Loss: critic_x=-0.0933, critic_z=-440.6315, encoder=-764.5452, decoder=0.2221
2025-06-24 15:37:08,062 - tadGANs - INFO - Epoch 776/1000 - Time: 3.06s - Loss: critic_x=-0.0574, critic_z=-871.8585, encoder=-1577.1778, decoder=0.6547
2025-06-24 15:37:09,664 - tadGANs - INFO - Epoch 534/1000 - Time: 3.01s - Loss: critic_x=-0.0929, critic_z=-441.8469, encoder=-768.4898, decoder=0.2080
2025-06-24 15:37:11,122 - tadGANs - INFO - Epoch 777/1000 - Time: 3.06s - Loss: critic_x=-0.0559, critic_z=-875.1932, encoder=-1585.2470, decoder=0.6571
2025-06-24 15:37:12,783 - tadGANs - INFO - Epoch 535/1000 - Time: 3.12s - Loss: critic_x=-0.0910, critic_z=-443.4489, encoder=-771.3551, decoder=0.2038
2025-06-24 15:37:14,202 - tadGANs - INFO - Epoch 778/1000 - Time: 3.08s - Loss: critic_x=-0.0536, critic_z=-877.2084, encoder=-1585.2718, decoder=0.6621
2025-06-24 15:37:15,769 - tadGANs - INFO - Epoch 536/1000 - Time: 2.99s - Loss: critic_x=-0.0883, critic_z=-444.4364, encoder=-773.5043, decoder=0.2048
2025-06-24 15:37:17,272 - tadGANs - INFO - Epoch 779/1000 - Time: 3.07s - Loss: critic_x=-0.0542, critic_z=-877.3400, encoder=-1589.8388, decoder=0.6907
2025-06-24 15:37:18,851 - tadGANs - INFO - Epoch 537/1000 - Time: 3.08s - Loss: critic_x=-0.0868, critic_z=-445.9797, encoder=-775.9812, decoder=0.1924
2025-06-24 15:37:20,293 - tadGANs - INFO - Epoch 780/1000 - Time: 3.02s - Loss: critic_x=-0.0554, critic_z=-879.3181, encoder=-1594.8511, decoder=0.6830
2025-06-24 15:37:20,307 - tadGANs - INFO - Models saved at epoch 780
2025-06-24 15:37:21,875 - tadGANs - INFO - Epoch 538/1000 - Time: 3.02s - Loss: critic_x=-0.0807, critic_z=-447.9773, encoder=-780.2917, decoder=0.1845
2025-06-24 15:37:23,227 - tadGANs - INFO - Epoch 781/1000 - Time: 2.92s - Loss: critic_x=-0.0547, critic_z=-881.7417, encoder=-1600.1207, decoder=0.6909
2025-06-24 15:37:24,991 - tadGANs - INFO - Epoch 539/1000 - Time: 3.12s - Loss: critic_x=-0.0834, critic_z=-449.5906, encoder=-783.0179, decoder=0.1623
2025-06-24 15:37:26,146 - tadGANs - INFO - Epoch 782/1000 - Time: 2.92s - Loss: critic_x=-0.0529, critic_z=-884.0039, encoder=-1601.0922, decoder=0.6972
2025-06-24 15:37:27,981 - tadGANs - INFO - Epoch 540/1000 - Time: 2.99s - Loss: critic_x=-0.0798, critic_z=-451.2908, encoder=-785.6058, decoder=0.1792
2025-06-24 15:37:27,995 - tadGANs - INFO - Models saved at epoch 540
2025-06-24 15:37:29,075 - tadGANs - INFO - Epoch 783/1000 - Time: 2.93s - Loss: critic_x=-0.0516, critic_z=-887.1243, encoder=-1607.8649, decoder=0.7087
2025-06-24 15:37:31,009 - tadGANs - INFO - Epoch 541/1000 - Time: 3.01s - Loss: critic_x=-0.0837, critic_z=-452.0981, encoder=-789.0868, decoder=0.1966
2025-06-24 15:37:32,128 - tadGANs - INFO - Epoch 784/1000 - Time: 3.05s - Loss: critic_x=-0.0507, critic_z=-888.8340, encoder=-1609.8101, decoder=0.7138
2025-06-24 15:37:33,967 - tadGANs - INFO - Epoch 542/1000 - Time: 2.96s - Loss: critic_x=-0.0862, critic_z=-453.8469, encoder=-788.7954, decoder=0.2009
2025-06-24 15:37:35,019 - tadGANs - INFO - Epoch 785/1000 - Time: 2.89s - Loss: critic_x=-0.0536, critic_z=-890.0512, encoder=-1613.2803, decoder=0.7377
2025-06-24 15:37:36,995 - tadGANs - INFO - Epoch 543/1000 - Time: 3.03s - Loss: critic_x=-0.0835, critic_z=-454.9390, encoder=-794.7927, decoder=0.2153
2025-06-24 15:37:37,997 - tadGANs - INFO - Epoch 786/1000 - Time: 2.98s - Loss: critic_x=-0.0570, critic_z=-893.3317, encoder=-1618.1006, decoder=0.7346
2025-06-24 15:37:40,079 - tadGANs - INFO - Epoch 544/1000 - Time: 3.08s - Loss: critic_x=-0.0798, critic_z=-456.6541, encoder=-796.9158, decoder=0.2081
2025-06-24 15:37:40,859 - tadGANs - INFO - Epoch 787/1000 - Time: 2.86s - Loss: critic_x=-0.0529, critic_z=-895.1934, encoder=-1621.7133, decoder=0.7451
2025-06-24 15:37:43,180 - tadGANs - INFO - Epoch 545/1000 - Time: 3.10s - Loss: critic_x=-0.0754, critic_z=-457.8218, encoder=-798.0372, decoder=0.2004
2025-06-24 15:37:43,740 - tadGANs - INFO - Epoch 788/1000 - Time: 2.88s - Loss: critic_x=-0.0532, critic_z=-897.4209, encoder=-1624.1273, decoder=0.7343
2025-06-24 15:37:46,114 - tadGANs - INFO - Epoch 546/1000 - Time: 2.93s - Loss: critic_x=-0.0761, critic_z=-459.2682, encoder=-803.3619, decoder=0.2213
2025-06-24 15:37:46,667 - tadGANs - INFO - Epoch 789/1000 - Time: 2.93s - Loss: critic_x=-0.0535, critic_z=-898.5998, encoder=-1630.0958, decoder=0.7333
2025-06-24 15:37:49,148 - tadGANs - INFO - Epoch 547/1000 - Time: 3.03s - Loss: critic_x=-0.0763, critic_z=-460.6940, encoder=-803.5402, decoder=0.2097
2025-06-24 15:37:49,586 - tadGANs - INFO - Epoch 790/1000 - Time: 2.92s - Loss: critic_x=-0.0555, critic_z=-901.5823, encoder=-1636.5394, decoder=0.7395
2025-06-24 15:37:49,600 - tadGANs - INFO - Models saved at epoch 790
2025-06-24 15:37:52,198 - tadGANs - INFO - Epoch 548/1000 - Time: 3.05s - Loss: critic_x=-0.0763, critic_z=-463.2973, encoder=-806.4215, decoder=0.2185
2025-06-24 15:37:52,531 - tadGANs - INFO - Epoch 791/1000 - Time: 2.93s - Loss: critic_x=-0.0531, critic_z=-903.4191, encoder=-1638.9925, decoder=0.7439
2025-06-24 15:37:55,214 - tadGANs - INFO - Epoch 549/1000 - Time: 3.02s - Loss: critic_x=-0.0748, critic_z=-464.0392, encoder=-810.3175, decoder=0.2235
2025-06-24 15:37:55,514 - tadGANs - INFO - Epoch 792/1000 - Time: 2.98s - Loss: critic_x=-0.0554, critic_z=-905.4773, encoder=-1643.2688, decoder=0.7474
2025-06-24 15:37:58,222 - tadGANs - INFO - Epoch 550/1000 - Time: 3.01s - Loss: critic_x=-0.0748, critic_z=-465.5086, encoder=-812.4954, decoder=0.2197
2025-06-24 15:37:58,264 - tadGANs - INFO - Models saved at epoch 550
2025-06-24 15:37:58,488 - tadGANs - INFO - Epoch 793/1000 - Time: 2.97s - Loss: critic_x=-0.0548, critic_z=-907.4630, encoder=-1644.1769, decoder=0.7379
2025-06-24 15:38:01,368 - tadGANs - INFO - Epoch 551/1000 - Time: 3.10s - Loss: critic_x=-0.0773, critic_z=-466.6861, encoder=-815.1336, decoder=0.2189
2025-06-24 15:38:01,411 - tadGANs - INFO - Epoch 794/1000 - Time: 2.92s - Loss: critic_x=-0.0562, critic_z=-909.1514, encoder=-1649.1431, decoder=0.7221
2025-06-24 15:38:04,313 - tadGANs - INFO - Epoch 795/1000 - Time: 2.90s - Loss: critic_x=-0.0557, critic_z=-911.7323, encoder=-1652.7760, decoder=0.7284
2025-06-24 15:38:04,415 - tadGANs - INFO - Epoch 552/1000 - Time: 3.05s - Loss: critic_x=-0.0752, critic_z=-468.3142, encoder=-819.6230, decoder=0.2244
2025-06-24 15:38:08,512 - tadGANs - INFO - Epoch 796/1000 - Time: 4.20s - Loss: critic_x=-0.0551, critic_z=-914.0480, encoder=-1656.7328, decoder=0.7203
2025-06-24 15:38:08,808 - tadGANs - INFO - Epoch 553/1000 - Time: 4.39s - Loss: critic_x=-0.0805, critic_z=-469.8415, encoder=-820.2288, decoder=0.2162
2025-06-24 15:38:11,769 - tadGANs - INFO - Epoch 797/1000 - Time: 3.26s - Loss: critic_x=-0.0557, critic_z=-916.2593, encoder=-1661.7727, decoder=0.7269
2025-06-24 15:38:12,232 - tadGANs - INFO - Epoch 554/1000 - Time: 3.42s - Loss: critic_x=-0.0768, critic_z=-471.1955, encoder=-822.9335, decoder=0.2087
2025-06-24 15:38:14,707 - tadGANs - INFO - Epoch 798/1000 - Time: 2.94s - Loss: critic_x=-0.0540, critic_z=-918.0573, encoder=-1665.6484, decoder=0.7284
2025-06-24 15:38:15,275 - tadGANs - INFO - Epoch 555/1000 - Time: 3.04s - Loss: critic_x=-0.0746, critic_z=-472.9555, encoder=-825.5409, decoder=0.2220
2025-06-24 15:38:17,717 - tadGANs - INFO - Epoch 799/1000 - Time: 3.01s - Loss: critic_x=-0.0554, critic_z=-920.4085, encoder=-1670.1954, decoder=0.7481
2025-06-24 15:38:18,336 - tadGANs - INFO - Epoch 556/1000 - Time: 3.06s - Loss: critic_x=-0.0776, critic_z=-475.0292, encoder=-829.5331, decoder=0.2222
2025-06-24 15:38:20,701 - tadGANs - INFO - Epoch 800/1000 - Time: 2.98s - Loss: critic_x=-0.0565, critic_z=-920.9954, encoder=-1672.0042, decoder=0.7197
2025-06-24 15:38:20,714 - tadGANs - INFO - Models saved at epoch 800
2025-06-24 15:38:21,375 - tadGANs - INFO - Epoch 557/1000 - Time: 3.04s - Loss: critic_x=-0.0799, critic_z=-475.9411, encoder=-832.6617, decoder=0.2179
2025-06-24 15:38:23,756 - tadGANs - INFO - Epoch 801/1000 - Time: 3.04s - Loss: critic_x=-0.0562, critic_z=-923.6000, encoder=-1675.5961, decoder=0.7374
2025-06-24 15:38:24,322 - tadGANs - INFO - Epoch 558/1000 - Time: 2.95s - Loss: critic_x=-0.0733, critic_z=-477.4849, encoder=-836.1005, decoder=0.2278
2025-06-24 15:38:26,792 - tadGANs - INFO - Epoch 802/1000 - Time: 3.04s - Loss: critic_x=-0.0562, critic_z=-926.4152, encoder=-1678.4571, decoder=0.7328
2025-06-24 15:38:27,407 - tadGANs - INFO - Epoch 559/1000 - Time: 3.08s - Loss: critic_x=-0.0722, critic_z=-479.4524, encoder=-838.9964, decoder=0.2121
2025-06-24 15:38:29,849 - tadGANs - INFO - Epoch 803/1000 - Time: 3.06s - Loss: critic_x=-0.0584, critic_z=-928.8672, encoder=-1687.6093, decoder=0.7277
2025-06-24 15:38:30,499 - tadGANs - INFO - Epoch 560/1000 - Time: 3.09s - Loss: critic_x=-0.0745, critic_z=-480.2022, encoder=-839.8975, decoder=0.2186
2025-06-24 15:38:30,514 - tadGANs - INFO - Models saved at epoch 560
2025-06-24 15:38:32,719 - tadGANs - INFO - Epoch 804/1000 - Time: 2.87s - Loss: critic_x=-0.0594, critic_z=-930.7776, encoder=-1689.2733, decoder=0.7318
2025-06-24 15:38:33,543 - tadGANs - INFO - Epoch 561/1000 - Time: 3.03s - Loss: critic_x=-0.0750, critic_z=-481.9541, encoder=-842.0120, decoder=0.2123
2025-06-24 15:38:35,637 - tadGANs - INFO - Epoch 805/1000 - Time: 2.92s - Loss: critic_x=-0.0574, critic_z=-933.6359, encoder=-1696.1765, decoder=0.7392
2025-06-24 15:38:36,534 - tadGANs - INFO - Epoch 562/1000 - Time: 2.99s - Loss: critic_x=-0.0728, critic_z=-483.5451, encoder=-845.7966, decoder=0.2075
2025-06-24 15:38:38,542 - tadGANs - INFO - Epoch 806/1000 - Time: 2.90s - Loss: critic_x=-0.0577, critic_z=-935.8740, encoder=-1698.1651, decoder=0.7420
2025-06-24 15:38:39,453 - tadGANs - INFO - Epoch 563/1000 - Time: 2.92s - Loss: critic_x=-0.0733, critic_z=-484.9815, encoder=-850.0482, decoder=0.2145
2025-06-24 15:38:41,398 - tadGANs - INFO - Epoch 807/1000 - Time: 2.86s - Loss: critic_x=-0.0591, critic_z=-937.3879, encoder=-1702.4735, decoder=0.7643
2025-06-24 15:38:42,477 - tadGANs - INFO - Epoch 564/1000 - Time: 3.02s - Loss: critic_x=-0.0725, critic_z=-487.4827, encoder=-851.5832, decoder=0.2025
2025-06-24 15:38:44,310 - tadGANs - INFO - Epoch 808/1000 - Time: 2.91s - Loss: critic_x=-0.0590, critic_z=-939.0151, encoder=-1706.6971, decoder=0.7658
2025-06-24 15:38:45,383 - tadGANs - INFO - Epoch 565/1000 - Time: 2.91s - Loss: critic_x=-0.0743, critic_z=-488.8178, encoder=-854.6934, decoder=0.1900
2025-06-24 15:38:46,912 - tadGANs - INFO - Epoch 809/1000 - Time: 2.60s - Loss: critic_x=-0.0600, critic_z=-940.2239, encoder=-1710.4685, decoder=0.7724
2025-06-24 15:38:48,140 - tadGANs - INFO - Epoch 566/1000 - Time: 2.76s - Loss: critic_x=-0.0754, critic_z=-489.5514, encoder=-856.7487, decoder=0.1794
2025-06-24 15:38:49,691 - tadGANs - INFO - Epoch 810/1000 - Time: 2.78s - Loss: critic_x=-0.0586, critic_z=-943.7321, encoder=-1714.1151, decoder=0.7738
2025-06-24 15:38:49,703 - tadGANs - INFO - Models saved at epoch 810
2025-06-24 15:38:50,938 - tadGANs - INFO - Epoch 567/1000 - Time: 2.80s - Loss: critic_x=-0.0768, critic_z=-490.3696, encoder=-859.7255, decoder=0.1883
2025-06-24 15:38:52,410 - tadGANs - INFO - Epoch 811/1000 - Time: 2.71s - Loss: critic_x=-0.0590, critic_z=-945.5838, encoder=-1715.8012, decoder=0.7622
2025-06-24 15:38:53,727 - tadGANs - INFO - Epoch 568/1000 - Time: 2.79s - Loss: critic_x=-0.0770, critic_z=-492.9108, encoder=-862.8106, decoder=0.1722
2025-06-24 15:38:55,187 - tadGANs - INFO - Epoch 812/1000 - Time: 2.78s - Loss: critic_x=-0.0591, critic_z=-947.0207, encoder=-1720.4988, decoder=0.7739
2025-06-24 15:38:56,572 - tadGANs - INFO - Epoch 569/1000 - Time: 2.85s - Loss: critic_x=-0.0739, critic_z=-494.3484, encoder=-866.0479, decoder=0.1717
2025-06-24 15:38:57,845 - tadGANs - INFO - Epoch 813/1000 - Time: 2.66s - Loss: critic_x=-0.0604, critic_z=-949.4760, encoder=-1727.3470, decoder=0.7689
2025-06-24 15:38:59,525 - tadGANs - INFO - Epoch 570/1000 - Time: 2.95s - Loss: critic_x=-0.0729, critic_z=-496.3269, encoder=-868.9641, decoder=0.1704
2025-06-24 15:38:59,539 - tadGANs - INFO - Models saved at epoch 570
2025-06-24 15:39:00,799 - tadGANs - INFO - Epoch 814/1000 - Time: 2.95s - Loss: critic_x=-0.0589, critic_z=-953.0372, encoder=-1730.8057, decoder=0.7706
2025-06-24 15:39:02,621 - tadGANs - INFO - Epoch 571/1000 - Time: 3.08s - Loss: critic_x=-0.0709, critic_z=-497.7852, encoder=-872.2939, decoder=0.1540
2025-06-24 15:39:03,726 - tadGANs - INFO - Epoch 815/1000 - Time: 2.93s - Loss: critic_x=-0.0599, critic_z=-954.1597, encoder=-1730.6017, decoder=0.7648
2025-06-24 15:39:05,729 - tadGANs - INFO - Epoch 572/1000 - Time: 3.11s - Loss: critic_x=-0.0726, critic_z=-498.7675, encoder=-875.5028, decoder=0.1459
2025-06-24 15:39:06,650 - tadGANs - INFO - Epoch 816/1000 - Time: 2.92s - Loss: critic_x=-0.0617, critic_z=-957.4725, encoder=-1738.7277, decoder=0.7655
2025-06-24 15:39:09,165 - tadGANs - INFO - Epoch 573/1000 - Time: 3.44s - Loss: critic_x=-0.0722, critic_z=-501.0209, encoder=-877.0616, decoder=0.1495
2025-06-24 15:39:09,867 - tadGANs - INFO - Epoch 817/1000 - Time: 3.22s - Loss: critic_x=-0.0577, critic_z=-959.5262, encoder=-1744.9020, decoder=0.7669
2025-06-24 15:39:12,162 - tadGANs - INFO - Epoch 574/1000 - Time: 3.00s - Loss: critic_x=-0.0666, critic_z=-502.0341, encoder=-881.2603, decoder=0.1389
2025-06-24 15:39:12,795 - tadGANs - INFO - Epoch 818/1000 - Time: 2.93s - Loss: critic_x=-0.0615, critic_z=-960.4641, encoder=-1746.1975, decoder=0.7543
2025-06-24 15:39:15,198 - tadGANs - INFO - Epoch 575/1000 - Time: 3.04s - Loss: critic_x=-0.0708, critic_z=-503.5152, encoder=-882.5745, decoder=0.1322
2025-06-24 15:39:15,686 - tadGANs - INFO - Epoch 819/1000 - Time: 2.89s - Loss: critic_x=-0.0618, critic_z=-962.1514, encoder=-1751.4561, decoder=0.7630
2025-06-24 15:39:18,558 - tadGANs - INFO - Epoch 576/1000 - Time: 3.36s - Loss: critic_x=-0.0663, critic_z=-505.8092, encoder=-887.5267, decoder=0.1578
2025-06-24 15:39:18,944 - tadGANs - INFO - Epoch 820/1000 - Time: 3.26s - Loss: critic_x=-0.0598, critic_z=-965.9572, encoder=-1756.0537, decoder=0.7433
2025-06-24 15:39:18,987 - tadGANs - INFO - Models saved at epoch 820
2025-06-24 15:39:21,651 - tadGANs - INFO - Epoch 577/1000 - Time: 3.09s - Loss: critic_x=-0.0661, critic_z=-507.3948, encoder=-889.1518, decoder=0.1591
2025-06-24 15:39:21,951 - tadGANs - INFO - Epoch 821/1000 - Time: 2.96s - Loss: critic_x=-0.0603, critic_z=-968.5238, encoder=-1760.7150, decoder=0.7331
2025-06-24 15:39:24,767 - tadGANs - INFO - Epoch 578/1000 - Time: 3.12s - Loss: critic_x=-0.0604, critic_z=-508.7163, encoder=-892.7838, decoder=0.1430
2025-06-24 15:39:24,902 - tadGANs - INFO - Epoch 822/1000 - Time: 2.95s - Loss: critic_x=-0.0601, critic_z=-970.3472, encoder=-1765.3044, decoder=0.7449
2025-06-24 15:39:27,895 - tadGANs - INFO - Epoch 823/1000 - Time: 2.99s - Loss: critic_x=-0.0605, critic_z=-971.4051, encoder=-1767.5328, decoder=0.7541
2025-06-24 15:39:27,912 - tadGANs - INFO - Epoch 579/1000 - Time: 3.14s - Loss: critic_x=-0.0626, critic_z=-509.6754, encoder=-894.3612, decoder=0.1518
2025-06-24 15:39:30,802 - tadGANs - INFO - Epoch 824/1000 - Time: 2.91s - Loss: critic_x=-0.0586, critic_z=-973.6720, encoder=-1771.6904, decoder=0.7602
2025-06-24 15:39:30,952 - tadGANs - INFO - Epoch 580/1000 - Time: 3.04s - Loss: critic_x=-0.0644, critic_z=-511.9184, encoder=-897.7229, decoder=0.1548
2025-06-24 15:39:30,965 - tadGANs - INFO - Models saved at epoch 580
2025-06-24 15:39:33,685 - tadGANs - INFO - Epoch 825/1000 - Time: 2.88s - Loss: critic_x=-0.0584, critic_z=-977.0694, encoder=-1779.3111, decoder=0.7644
2025-06-24 15:39:33,995 - tadGANs - INFO - Epoch 581/1000 - Time: 3.03s - Loss: critic_x=-0.0617, critic_z=-513.3571, encoder=-901.2399, decoder=0.1814
2025-06-24 15:39:36,746 - tadGANs - INFO - Epoch 826/1000 - Time: 3.06s - Loss: critic_x=-0.0599, critic_z=-979.3079, encoder=-1779.6053, decoder=0.7524
2025-06-24 15:39:37,050 - tadGANs - INFO - Epoch 582/1000 - Time: 3.06s - Loss: critic_x=-0.0623, critic_z=-514.8978, encoder=-903.0820, decoder=0.1632
2025-06-24 15:39:39,643 - tadGANs - INFO - Epoch 827/1000 - Time: 2.90s - Loss: critic_x=-0.0599, critic_z=-979.8876, encoder=-1786.3175, decoder=0.7860
2025-06-24 15:39:40,211 - tadGANs - INFO - Epoch 583/1000 - Time: 3.16s - Loss: critic_x=-0.0618, critic_z=-516.1262, encoder=-905.9670, decoder=0.1852
2025-06-24 15:39:42,646 - tadGANs - INFO - Epoch 828/1000 - Time: 3.00s - Loss: critic_x=-0.0601, critic_z=-982.0319, encoder=-1785.8281, decoder=0.7936
2025-06-24 15:39:43,322 - tadGANs - INFO - Epoch 584/1000 - Time: 3.11s - Loss: critic_x=-0.0641, critic_z=-518.1362, encoder=-909.5909, decoder=0.1871
2025-06-24 15:39:46,787 - tadGANs - INFO - Epoch 829/1000 - Time: 4.14s - Loss: critic_x=-0.0607, critic_z=-984.1018, encoder=-1792.3987, decoder=0.8008
2025-06-24 15:39:47,571 - tadGANs - INFO - Epoch 585/1000 - Time: 4.25s - Loss: critic_x=-0.0653, critic_z=-518.9323, encoder=-913.5622, decoder=0.2121
2025-06-24 15:39:49,755 - tadGANs - INFO - Epoch 830/1000 - Time: 2.97s - Loss: critic_x=-0.0595, critic_z=-987.9234, encoder=-1795.6531, decoder=0.8087
2025-06-24 15:39:49,767 - tadGANs - INFO - Models saved at epoch 830
2025-06-24 15:39:50,720 - tadGANs - INFO - Epoch 586/1000 - Time: 3.15s - Loss: critic_x=-0.0675, critic_z=-521.6131, encoder=-915.0630, decoder=0.2112
2025-06-24 15:39:52,699 - tadGANs - INFO - Epoch 831/1000 - Time: 2.93s - Loss: critic_x=-0.0608, critic_z=-988.6933, encoder=-1800.7176, decoder=0.8149
2025-06-24 15:39:53,689 - tadGANs - INFO - Epoch 587/1000 - Time: 2.97s - Loss: critic_x=-0.0677, critic_z=-522.0166, encoder=-917.8562, decoder=0.1980
2025-06-24 15:39:55,639 - tadGANs - INFO - Epoch 832/1000 - Time: 2.94s - Loss: critic_x=-0.0593, critic_z=-992.5040, encoder=-1807.8510, decoder=0.8303
2025-06-24 15:39:56,704 - tadGANs - INFO - Epoch 588/1000 - Time: 3.01s - Loss: critic_x=-0.0649, critic_z=-524.2103, encoder=-920.5195, decoder=0.1986
2025-06-24 15:39:58,429 - tadGANs - INFO - Epoch 833/1000 - Time: 2.79s - Loss: critic_x=-0.0600, critic_z=-993.0472, encoder=-1810.9736, decoder=0.8288
2025-06-24 15:39:59,601 - tadGANs - INFO - Epoch 589/1000 - Time: 2.90s - Loss: critic_x=-0.0696, critic_z=-526.3153, encoder=-925.2203, decoder=0.2122
2025-06-24 15:40:01,201 - tadGANs - INFO - Epoch 834/1000 - Time: 2.77s - Loss: critic_x=-0.0613, critic_z=-995.1534, encoder=-1813.6541, decoder=0.8286
2025-06-24 15:40:02,518 - tadGANs - INFO - Epoch 590/1000 - Time: 2.92s - Loss: critic_x=-0.0660, critic_z=-527.2909, encoder=-927.7636, decoder=0.1902
2025-06-24 15:40:02,529 - tadGANs - INFO - Models saved at epoch 590
2025-06-24 15:40:03,963 - tadGANs - INFO - Epoch 835/1000 - Time: 2.76s - Loss: critic_x=-0.0583, critic_z=-998.6186, encoder=-1819.8095, decoder=0.8414
2025-06-24 15:40:05,435 - tadGANs - INFO - Epoch 591/1000 - Time: 2.91s - Loss: critic_x=-0.0688, critic_z=-528.4464, encoder=-928.8015, decoder=0.1852
2025-06-24 15:40:06,726 - tadGANs - INFO - Epoch 836/1000 - Time: 2.76s - Loss: critic_x=-0.0567, critic_z=-1001.1902, encoder=-1823.6575, decoder=0.8424
2025-06-24 15:40:08,243 - tadGANs - INFO - Epoch 592/1000 - Time: 2.81s - Loss: critic_x=-0.0645, critic_z=-530.6157, encoder=-933.0971, decoder=0.1752
2025-06-24 15:40:09,457 - tadGANs - INFO - Epoch 837/1000 - Time: 2.73s - Loss: critic_x=-0.0589, critic_z=-1002.9355, encoder=-1829.4783, decoder=0.8395
2025-06-24 15:40:11,182 - tadGANs - INFO - Epoch 593/1000 - Time: 2.94s - Loss: critic_x=-0.0630, critic_z=-531.7140, encoder=-937.7922, decoder=0.1804
2025-06-24 15:40:12,196 - tadGANs - INFO - Epoch 838/1000 - Time: 2.74s - Loss: critic_x=-0.0587, critic_z=-1005.3419, encoder=-1833.2518, decoder=0.8387
2025-06-24 15:40:14,091 - tadGANs - INFO - Epoch 594/1000 - Time: 2.91s - Loss: critic_x=-0.0590, critic_z=-533.8011, encoder=-937.5320, decoder=0.1526
2025-06-24 15:40:14,984 - tadGANs - INFO - Epoch 839/1000 - Time: 2.79s - Loss: critic_x=-0.0594, critic_z=-1007.7847, encoder=-1833.4240, decoder=0.8083
2025-06-24 15:40:16,791 - tadGANs - INFO - Epoch 595/1000 - Time: 2.70s - Loss: critic_x=-0.0602, critic_z=-535.9261, encoder=-942.5489, decoder=0.1516
2025-06-24 15:40:19,182 - tadGANs - INFO - Epoch 840/1000 - Time: 4.20s - Loss: critic_x=-0.0601, critic_z=-1010.1296, encoder=-1840.2878, decoder=0.8158
2025-06-24 15:40:19,208 - tadGANs - INFO - Models saved at epoch 840
2025-06-24 15:40:21,175 - tadGANs - INFO - Epoch 596/1000 - Time: 4.38s - Loss: critic_x=-0.0558, critic_z=-536.8039, encoder=-943.8705, decoder=0.1402
2025-06-24 15:40:22,205 - tadGANs - INFO - Epoch 841/1000 - Time: 3.00s - Loss: critic_x=-0.0609, critic_z=-1011.4176, encoder=-1841.9678, decoder=0.8028
2025-06-24 15:40:23,993 - tadGANs - INFO - Epoch 597/1000 - Time: 2.82s - Loss: critic_x=-0.0539, critic_z=-538.2053, encoder=-949.7951, decoder=0.1354
2025-06-24 15:40:24,910 - tadGANs - INFO - Epoch 842/1000 - Time: 2.70s - Loss: critic_x=-0.0609, critic_z=-1012.8285, encoder=-1847.5903, decoder=0.8042
2025-06-24 15:40:26,718 - tadGANs - INFO - Epoch 598/1000 - Time: 2.72s - Loss: critic_x=-0.0610, critic_z=-539.6010, encoder=-951.9748, decoder=0.1514
2025-06-24 15:40:27,731 - tadGANs - INFO - Epoch 843/1000 - Time: 2.82s - Loss: critic_x=-0.0594, critic_z=-1015.4816, encoder=-1850.6721, decoder=0.8042
2025-06-24 15:40:29,516 - tadGANs - INFO - Epoch 599/1000 - Time: 2.80s - Loss: critic_x=-0.0529, critic_z=-542.1782, encoder=-953.1908, decoder=0.1345
2025-06-24 15:40:30,561 - tadGANs - INFO - Epoch 844/1000 - Time: 2.83s - Loss: critic_x=-0.0604, critic_z=-1018.8724, encoder=-1860.5926, decoder=0.7825
2025-06-24 15:40:32,301 - tadGANs - INFO - Epoch 600/1000 - Time: 2.79s - Loss: critic_x=-0.0582, critic_z=-543.4931, encoder=-957.7565, decoder=0.1411
2025-06-24 15:40:32,315 - tadGANs - INFO - Models saved at epoch 600
2025-06-24 15:40:33,355 - tadGANs - INFO - Epoch 845/1000 - Time: 2.79s - Loss: critic_x=-0.0601, critic_z=-1019.5172, encoder=-1860.8384, decoder=0.7845
2025-06-24 15:40:35,121 - tadGANs - INFO - Epoch 601/1000 - Time: 2.81s - Loss: critic_x=-0.0580, critic_z=-545.4155, encoder=-959.5418, decoder=0.1183
2025-06-24 15:40:36,219 - tadGANs - INFO - Epoch 846/1000 - Time: 2.86s - Loss: critic_x=-0.0614, critic_z=-1023.0685, encoder=-1863.4109, decoder=0.7686
2025-06-24 15:40:37,948 - tadGANs - INFO - Epoch 602/1000 - Time: 2.83s - Loss: critic_x=-0.0567, critic_z=-545.9469, encoder=-962.4677, decoder=0.1256
2025-06-24 15:40:39,117 - tadGANs - INFO - Epoch 847/1000 - Time: 2.90s - Loss: critic_x=-0.0571, critic_z=-1025.4923, encoder=-1868.9295, decoder=0.7713
2025-06-24 15:40:41,019 - tadGANs - INFO - Epoch 603/1000 - Time: 3.07s - Loss: critic_x=-0.0580, critic_z=-548.3610, encoder=-966.5224, decoder=0.1213
2025-06-24 15:40:42,136 - tadGANs - INFO - Epoch 848/1000 - Time: 3.02s - Loss: critic_x=-0.0582, critic_z=-1027.8700, encoder=-1870.7169, decoder=0.7563
2025-06-24 15:40:44,081 - tadGANs - INFO - Epoch 604/1000 - Time: 3.06s - Loss: critic_x=-0.0632, critic_z=-550.0105, encoder=-971.4655, decoder=0.1280
2025-06-24 15:40:45,200 - tadGANs - INFO - Epoch 849/1000 - Time: 3.06s - Loss: critic_x=-0.0555, critic_z=-1028.8829, encoder=-1877.6676, decoder=0.7774
2025-06-24 15:40:47,181 - tadGANs - INFO - Epoch 605/1000 - Time: 3.10s - Loss: critic_x=-0.0598, critic_z=-550.8195, encoder=-971.9885, decoder=0.1112
2025-06-24 15:40:48,235 - tadGANs - INFO - Epoch 850/1000 - Time: 3.04s - Loss: critic_x=-0.0556, critic_z=-1031.9088, encoder=-1882.9374, decoder=0.7950
2025-06-24 15:40:48,247 - tadGANs - INFO - Models saved at epoch 850
2025-06-24 15:40:50,298 - tadGANs - INFO - Epoch 606/1000 - Time: 3.12s - Loss: critic_x=-0.0631, critic_z=-553.0311, encoder=-974.6963, decoder=0.1066
2025-06-24 15:40:52,973 - tadGANs - INFO - Epoch 851/1000 - Time: 4.73s - Loss: critic_x=-0.0579, critic_z=-1033.9164, encoder=-1888.1094, decoder=0.8025
2025-06-24 15:40:55,164 - tadGANs - INFO - Epoch 607/1000 - Time: 4.87s - Loss: critic_x=-0.0619, critic_z=-555.1341, encoder=-977.3161, decoder=0.1113
2025-06-24 15:40:56,042 - tadGANs - INFO - Epoch 852/1000 - Time: 3.07s - Loss: critic_x=-0.0575, critic_z=-1036.2219, encoder=-1891.1715, decoder=0.8076
2025-06-24 15:40:58,178 - tadGANs - INFO - Epoch 608/1000 - Time: 3.01s - Loss: critic_x=-0.0588, critic_z=-556.2475, encoder=-980.9233, decoder=0.0934
2025-06-24 15:40:58,973 - tadGANs - INFO - Epoch 853/1000 - Time: 2.93s - Loss: critic_x=-0.0571, critic_z=-1038.9798, encoder=-1894.6318, decoder=0.8202
2025-06-24 15:41:01,270 - tadGANs - INFO - Epoch 609/1000 - Time: 3.09s - Loss: critic_x=-0.0629, critic_z=-558.7302, encoder=-984.0444, decoder=0.0940
2025-06-24 15:41:01,881 - tadGANs - INFO - Epoch 854/1000 - Time: 2.91s - Loss: critic_x=-0.0547, critic_z=-1040.6273, encoder=-1901.2008, decoder=0.8438
2025-06-24 15:41:04,246 - tadGANs - INFO - Epoch 610/1000 - Time: 2.98s - Loss: critic_x=-0.0581, critic_z=-559.9765, encoder=-987.1491, decoder=0.0693
2025-06-24 15:41:04,258 - tadGANs - INFO - Models saved at epoch 610
2025-06-24 15:41:04,727 - tadGANs - INFO - Epoch 855/1000 - Time: 2.85s - Loss: critic_x=-0.0561, critic_z=-1043.2177, encoder=-1903.6907, decoder=0.8552
2025-06-24 15:41:07,155 - tadGANs - INFO - Epoch 611/1000 - Time: 2.90s - Loss: critic_x=-0.0572, critic_z=-561.5762, encoder=-990.3452, decoder=0.0643
2025-06-24 15:41:07,480 - tadGANs - INFO - Epoch 856/1000 - Time: 2.75s - Loss: critic_x=-0.0564, critic_z=-1045.2886, encoder=-1908.4020, decoder=0.8595
2025-06-24 15:41:10,099 - tadGANs - INFO - Epoch 612/1000 - Time: 2.94s - Loss: critic_x=-0.0545, critic_z=-562.8789, encoder=-993.8986, decoder=0.0505
2025-06-24 15:41:10,386 - tadGANs - INFO - Epoch 857/1000 - Time: 2.91s - Loss: critic_x=-0.0542, critic_z=-1046.9645, encoder=-1911.7848, decoder=0.8689
2025-06-24 15:41:13,234 - tadGANs - INFO - Epoch 613/1000 - Time: 3.13s - Loss: critic_x=-0.0505, critic_z=-564.8495, encoder=-998.0867, decoder=0.0359
2025-06-24 15:41:13,374 - tadGANs - INFO - Epoch 858/1000 - Time: 2.99s - Loss: critic_x=-0.0546, critic_z=-1049.3679, encoder=-1915.4907, decoder=0.8607
2025-06-24 15:41:16,235 - tadGANs - INFO - Epoch 614/1000 - Time: 3.00s - Loss: critic_x=-0.0449, critic_z=-567.1886, encoder=-1000.4410, decoder=0.0299
2025-06-24 15:41:16,330 - tadGANs - INFO - Epoch 859/1000 - Time: 2.96s - Loss: critic_x=-0.0529, critic_z=-1052.0633, encoder=-1921.1804, decoder=0.8751
2025-06-24 15:41:19,199 - tadGANs - INFO - Epoch 860/1000 - Time: 2.87s - Loss: critic_x=-0.0558, critic_z=-1053.4439, encoder=-1922.5215, decoder=0.8770
2025-06-24 15:41:19,216 - tadGANs - INFO - Models saved at epoch 860
2025-06-24 15:41:19,327 - tadGANs - INFO - Epoch 615/1000 - Time: 3.09s - Loss: critic_x=-0.0489, critic_z=-568.0381, encoder=-1002.7166, decoder=0.0367
2025-06-24 15:41:22,197 - tadGANs - INFO - Epoch 861/1000 - Time: 2.98s - Loss: critic_x=-0.0569, critic_z=-1056.4278, encoder=-1930.5657, decoder=0.8664
2025-06-24 15:41:22,497 - tadGANs - INFO - Epoch 616/1000 - Time: 3.17s - Loss: critic_x=-0.0500, critic_z=-570.3497, encoder=-1007.1718, decoder=0.0440
2025-06-24 15:41:25,094 - tadGANs - INFO - Epoch 862/1000 - Time: 2.90s - Loss: critic_x=-0.0575, critic_z=-1059.0287, encoder=-1935.0712, decoder=0.8757
2025-06-24 15:41:26,572 - tadGANs - INFO - Epoch 617/1000 - Time: 4.08s - Loss: critic_x=-0.0478, critic_z=-571.5199, encoder=-1010.6909, decoder=0.0295
2025-06-24 15:41:29,148 - tadGANs - INFO - Epoch 863/1000 - Time: 4.05s - Loss: critic_x=-0.0571, critic_z=-1061.3339, encoder=-1937.1729, decoder=0.8622
2025-06-24 15:41:29,560 - tadGANs - INFO - Epoch 618/1000 - Time: 2.99s - Loss: critic_x=-0.0477, critic_z=-573.9894, encoder=-1012.0586, decoder=0.0489
2025-06-24 15:41:32,104 - tadGANs - INFO - Epoch 864/1000 - Time: 2.96s - Loss: critic_x=-0.0572, critic_z=-1064.3961, encoder=-1941.7874, decoder=0.8441
2025-06-24 15:41:32,468 - tadGANs - INFO - Epoch 619/1000 - Time: 2.91s - Loss: critic_x=-0.0469, critic_z=-575.2011, encoder=-1016.7617, decoder=0.0565
2025-06-24 15:41:35,029 - tadGANs - INFO - Epoch 865/1000 - Time: 2.93s - Loss: critic_x=-0.0581, critic_z=-1065.3657, encoder=-1948.3244, decoder=0.8466
2025-06-24 15:41:35,456 - tadGANs - INFO - Epoch 620/1000 - Time: 2.99s - Loss: critic_x=-0.0540, critic_z=-576.2446, encoder=-1020.2595, decoder=0.0731
2025-06-24 15:41:35,471 - tadGANs - INFO - Models saved at epoch 620
2025-06-24 15:41:37,801 - tadGANs - INFO - Epoch 866/1000 - Time: 2.77s - Loss: critic_x=-0.0582, critic_z=-1069.7575, encoder=-1949.2574, decoder=0.8376
2025-06-24 15:41:38,444 - tadGANs - INFO - Epoch 621/1000 - Time: 2.97s - Loss: critic_x=-0.0531, critic_z=-578.8018, encoder=-1022.8770, decoder=0.0768
2025-06-24 15:41:40,554 - tadGANs - INFO - Epoch 867/1000 - Time: 2.75s - Loss: critic_x=-0.0575, critic_z=-1069.4900, encoder=-1957.3211, decoder=0.8320
2025-06-24 15:41:41,276 - tadGANs - INFO - Epoch 622/1000 - Time: 2.83s - Loss: critic_x=-0.0513, critic_z=-580.0756, encoder=-1026.2592, decoder=0.1009
2025-06-24 15:41:43,282 - tadGANs - INFO - Epoch 868/1000 - Time: 2.73s - Loss: critic_x=-0.0575, critic_z=-1074.7071, encoder=-1958.4226, decoder=0.8316
2025-06-24 15:41:44,122 - tadGANs - INFO - Epoch 623/1000 - Time: 2.84s - Loss: critic_x=-0.0553, critic_z=-581.1952, encoder=-1029.1062, decoder=0.1071
2025-06-24 15:41:46,352 - tadGANs - INFO - Epoch 869/1000 - Time: 3.07s - Loss: critic_x=-0.0584, critic_z=-1075.0116, encoder=-1965.2361, decoder=0.8341
2025-06-24 15:41:47,309 - tadGANs - INFO - Epoch 624/1000 - Time: 3.19s - Loss: critic_x=-0.0520, critic_z=-583.6480, encoder=-1032.2580, decoder=0.1037
2025-06-24 15:41:49,365 - tadGANs - INFO - Epoch 870/1000 - Time: 3.01s - Loss: critic_x=-0.0571, critic_z=-1077.3979, encoder=-1969.0287, decoder=0.8388
2025-06-24 15:41:49,380 - tadGANs - INFO - Models saved at epoch 870
2025-06-24 15:41:50,336 - tadGANs - INFO - Epoch 625/1000 - Time: 3.03s - Loss: critic_x=-0.0542, critic_z=-585.6972, encoder=-1034.9278, decoder=0.0949
2025-06-24 15:41:52,466 - tadGANs - INFO - Epoch 871/1000 - Time: 3.09s - Loss: critic_x=-0.0568, critic_z=-1079.7129, encoder=-1971.8364, decoder=0.8357
2025-06-24 15:41:53,481 - tadGANs - INFO - Epoch 626/1000 - Time: 3.14s - Loss: critic_x=-0.0535, critic_z=-586.6120, encoder=-1039.3008, decoder=0.1031
2025-06-24 15:41:55,452 - tadGANs - INFO - Epoch 872/1000 - Time: 2.99s - Loss: critic_x=-0.0563, critic_z=-1083.2429, encoder=-1980.4331, decoder=0.8359
2025-06-24 15:41:56,492 - tadGANs - INFO - Epoch 627/1000 - Time: 3.01s - Loss: critic_x=-0.0526, critic_z=-588.4780, encoder=-1040.1835, decoder=0.0805
2025-06-24 15:41:58,386 - tadGANs - INFO - Epoch 873/1000 - Time: 2.93s - Loss: critic_x=-0.0567, critic_z=-1085.6055, encoder=-1984.9504, decoder=0.8294
2025-06-24 15:42:00,923 - tadGANs - INFO - Epoch 628/1000 - Time: 4.43s - Loss: critic_x=-0.0527, critic_z=-589.3915, encoder=-1045.7216, decoder=0.0670
2025-06-24 15:42:02,709 - tadGANs - INFO - Epoch 874/1000 - Time: 4.32s - Loss: critic_x=-0.0574, critic_z=-1086.9929, encoder=-1988.8664, decoder=0.8171
2025-06-24 15:42:03,891 - tadGANs - INFO - Epoch 629/1000 - Time: 2.97s - Loss: critic_x=-0.0495, critic_z=-591.6691, encoder=-1046.5059, decoder=0.0750
2025-06-24 15:42:05,563 - tadGANs - INFO - Epoch 875/1000 - Time: 2.85s - Loss: critic_x=-0.0545, critic_z=-1089.3958, encoder=-1991.7511, decoder=0.8349
2025-06-24 15:42:06,949 - tadGANs - INFO - Epoch 630/1000 - Time: 3.06s - Loss: critic_x=-0.0516, critic_z=-593.7221, encoder=-1051.5141, decoder=0.0724
2025-06-24 15:42:06,963 - tadGANs - INFO - Models saved at epoch 630
2025-06-24 15:42:08,257 - tadGANs - INFO - Epoch 876/1000 - Time: 2.69s - Loss: critic_x=-0.0549, critic_z=-1092.2886, encoder=-1995.7604, decoder=0.8190
2025-06-24 15:42:09,989 - tadGANs - INFO - Epoch 631/1000 - Time: 3.03s - Loss: critic_x=-0.0547, critic_z=-594.9107, encoder=-1052.8358, decoder=0.0871
2025-06-24 15:42:11,323 - tadGANs - INFO - Epoch 877/1000 - Time: 3.07s - Loss: critic_x=-0.0547, critic_z=-1093.4431, encoder=-1998.7054, decoder=0.8425
2025-06-24 15:42:12,998 - tadGANs - INFO - Epoch 632/1000 - Time: 3.01s - Loss: critic_x=-0.0544, critic_z=-597.5913, encoder=-1056.9452, decoder=0.0757
2025-06-24 15:42:14,224 - tadGANs - INFO - Epoch 878/1000 - Time: 2.90s - Loss: critic_x=-0.0567, critic_z=-1096.0522, encoder=-2005.3618, decoder=0.8553
2025-06-24 15:42:15,937 - tadGANs - INFO - Epoch 633/1000 - Time: 2.94s - Loss: critic_x=-0.0524, critic_z=-598.7072, encoder=-1059.5915, decoder=0.0678
2025-06-24 15:42:17,028 - tadGANs - INFO - Epoch 879/1000 - Time: 2.80s - Loss: critic_x=-0.0522, critic_z=-1099.3182, encoder=-2009.6238, decoder=0.8673
2025-06-24 15:42:18,979 - tadGANs - INFO - Epoch 634/1000 - Time: 3.04s - Loss: critic_x=-0.0521, critic_z=-600.2830, encoder=-1062.2307, decoder=0.0543
2025-06-24 15:42:19,880 - tadGANs - INFO - Epoch 880/1000 - Time: 2.85s - Loss: critic_x=-0.0519, critic_z=-1100.3949, encoder=-2015.4479, decoder=0.8727
2025-06-24 15:42:19,891 - tadGANs - INFO - Models saved at epoch 880
2025-06-24 15:42:21,966 - tadGANs - INFO - Epoch 635/1000 - Time: 2.99s - Loss: critic_x=-0.0559, critic_z=-601.6492, encoder=-1067.7096, decoder=0.0472
2025-06-24 15:42:22,651 - tadGANs - INFO - Epoch 881/1000 - Time: 2.76s - Loss: critic_x=-0.0554, critic_z=-1102.2130, encoder=-2018.3306, decoder=0.8753
2025-06-24 15:42:24,901 - tadGANs - INFO - Epoch 636/1000 - Time: 2.93s - Loss: critic_x=-0.0549, critic_z=-603.4903, encoder=-1069.3477, decoder=0.0602
2025-06-24 15:42:25,607 - tadGANs - INFO - Epoch 882/1000 - Time: 2.96s - Loss: critic_x=-0.0589, critic_z=-1106.0585, encoder=-2025.4923, decoder=0.8797
2025-06-24 15:42:27,725 - tadGANs - INFO - Epoch 637/1000 - Time: 2.82s - Loss: critic_x=-0.0519, critic_z=-606.3967, encoder=-1074.2520, decoder=0.0417
2025-06-24 15:42:28,504 - tadGANs - INFO - Epoch 883/1000 - Time: 2.90s - Loss: critic_x=-0.0576, critic_z=-1107.5035, encoder=-2027.6460, decoder=0.8800
2025-06-24 15:42:30,700 - tadGANs - INFO - Epoch 638/1000 - Time: 2.97s - Loss: critic_x=-0.0503, critic_z=-607.3759, encoder=-1075.7291, decoder=0.0418
2025-06-24 15:42:31,514 - tadGANs - INFO - Epoch 884/1000 - Time: 3.01s - Loss: critic_x=-0.0594, critic_z=-1111.4396, encoder=-2032.6900, decoder=0.8894
2025-06-24 15:42:35,294 - tadGANs - INFO - Epoch 639/1000 - Time: 4.59s - Loss: critic_x=-0.0559, critic_z=-608.4426, encoder=-1079.9811, decoder=0.0225
2025-06-24 15:42:36,007 - tadGANs - INFO - Epoch 885/1000 - Time: 4.49s - Loss: critic_x=-0.0584, critic_z=-1111.8585, encoder=-2036.0033, decoder=0.8792
2025-06-24 15:42:38,292 - tadGANs - INFO - Epoch 640/1000 - Time: 3.00s - Loss: critic_x=-0.0605, critic_z=-609.6033, encoder=-1082.3573, decoder=0.0303
2025-06-24 15:42:38,304 - tadGANs - INFO - Models saved at epoch 640
2025-06-24 15:42:38,947 - tadGANs - INFO - Epoch 886/1000 - Time: 2.94s - Loss: critic_x=-0.0563, critic_z=-1114.5864, encoder=-2039.1187, decoder=0.8824
2025-06-24 15:42:41,411 - tadGANs - INFO - Epoch 641/1000 - Time: 3.11s - Loss: critic_x=-0.0630, critic_z=-612.2265, encoder=-1085.2836, decoder=0.0142
2025-06-24 15:42:41,857 - tadGANs - INFO - Epoch 887/1000 - Time: 2.91s - Loss: critic_x=-0.0556, critic_z=-1116.8848, encoder=-2044.9770, decoder=0.8959
2025-06-24 15:42:44,336 - tadGANs - INFO - Epoch 642/1000 - Time: 2.93s - Loss: critic_x=-0.0643, critic_z=-613.0620, encoder=-1089.8676, decoder=0.0024
2025-06-24 15:42:44,707 - tadGANs - INFO - Epoch 888/1000 - Time: 2.85s - Loss: critic_x=-0.0561, critic_z=-1120.4403, encoder=-2047.9992, decoder=0.8857
2025-06-24 15:42:47,152 - tadGANs - INFO - Epoch 643/1000 - Time: 2.82s - Loss: critic_x=-0.0658, critic_z=-615.3591, encoder=-1091.4294, decoder=-0.0113
2025-06-24 15:42:47,503 - tadGANs - INFO - Epoch 889/1000 - Time: 2.80s - Loss: critic_x=-0.0544, critic_z=-1122.3417, encoder=-2056.2991, decoder=0.8802
2025-06-24 15:42:49,857 - tadGANs - INFO - Epoch 644/1000 - Time: 2.71s - Loss: critic_x=-0.0663, critic_z=-617.9579, encoder=-1097.0242, decoder=-0.0237
2025-06-24 15:42:50,219 - tadGANs - INFO - Epoch 890/1000 - Time: 2.72s - Loss: critic_x=-0.0543, critic_z=-1123.6739, encoder=-2056.9074, decoder=0.8988
2025-06-24 15:42:50,229 - tadGANs - INFO - Models saved at epoch 890
2025-06-24 15:42:52,858 - tadGANs - INFO - Epoch 645/1000 - Time: 3.00s - Loss: critic_x=-0.0650, critic_z=-619.0105, encoder=-1098.7143, decoder=-0.0434
2025-06-24 15:42:52,950 - tadGANs - INFO - Epoch 891/1000 - Time: 2.72s - Loss: critic_x=-0.0533, critic_z=-1127.4183, encoder=-2063.5471, decoder=0.8960
2025-06-24 15:42:55,600 - tadGANs - INFO - Epoch 646/1000 - Time: 2.74s - Loss: critic_x=-0.0629, critic_z=-620.4390, encoder=-1102.4632, decoder=-0.0538
2025-06-24 15:42:55,667 - tadGANs - INFO - Epoch 892/1000 - Time: 2.72s - Loss: critic_x=-0.0548, critic_z=-1128.2864, encoder=-2066.0627, decoder=0.9031
2025-06-24 15:42:58,587 - tadGANs - INFO - Epoch 893/1000 - Time: 2.92s - Loss: critic_x=-0.0524, critic_z=-1129.8949, encoder=-2070.6566, decoder=0.8823
2025-06-24 15:42:58,660 - tadGANs - INFO - Epoch 647/1000 - Time: 3.06s - Loss: critic_x=-0.0635, critic_z=-621.9605, encoder=-1106.0870, decoder=-0.0687
2025-06-24 15:43:01,634 - tadGANs - INFO - Epoch 894/1000 - Time: 3.05s - Loss: critic_x=-0.0536, critic_z=-1132.9935, encoder=-2075.1699, decoder=0.8816
2025-06-24 15:43:01,848 - tadGANs - INFO - Epoch 648/1000 - Time: 3.19s - Loss: critic_x=-0.0631, critic_z=-624.6451, encoder=-1108.8047, decoder=-0.0783
2025-06-24 15:43:04,586 - tadGANs - INFO - Epoch 895/1000 - Time: 2.95s - Loss: critic_x=-0.0538, critic_z=-1135.8962, encoder=-2078.5719, decoder=0.8881
2025-06-24 15:43:04,832 - tadGANs - INFO - Epoch 649/1000 - Time: 2.98s - Loss: critic_x=-0.0604, critic_z=-626.0709, encoder=-1110.8673, decoder=-0.0880
2025-06-24 15:43:09,026 - tadGANs - INFO - Epoch 896/1000 - Time: 4.44s - Loss: critic_x=-0.0529, critic_z=-1137.7659, encoder=-2086.8243, decoder=0.8893
2025-06-24 15:43:09,395 - tadGANs - INFO - Epoch 650/1000 - Time: 4.56s - Loss: critic_x=-0.0595, critic_z=-627.7879, encoder=-1116.0561, decoder=-0.0890
2025-06-24 15:43:09,408 - tadGANs - INFO - Models saved at epoch 650
2025-06-24 15:43:11,889 - tadGANs - INFO - Epoch 897/1000 - Time: 2.86s - Loss: critic_x=-0.0521, critic_z=-1140.8795, encoder=-2091.2637, decoder=0.8834
2025-06-24 15:43:12,230 - tadGANs - INFO - Epoch 651/1000 - Time: 2.82s - Loss: critic_x=-0.0625, critic_z=-628.4521, encoder=-1118.7940, decoder=-0.0751
2025-06-24 15:43:14,795 - tadGANs - INFO - Epoch 898/1000 - Time: 2.91s - Loss: critic_x=-0.0550, critic_z=-1142.5850, encoder=-2093.7998, decoder=0.8577
2025-06-24 15:43:15,124 - tadGANs - INFO - Epoch 652/1000 - Time: 2.89s - Loss: critic_x=-0.0612, critic_z=-630.9153, encoder=-1120.3265, decoder=-0.0840
2025-06-24 15:43:17,824 - tadGANs - INFO - Epoch 899/1000 - Time: 3.03s - Loss: critic_x=-0.0527, critic_z=-1145.3809, encoder=-2098.9172, decoder=0.8742
2025-06-24 15:43:18,242 - tadGANs - INFO - Epoch 653/1000 - Time: 3.12s - Loss: critic_x=-0.0603, critic_z=-633.5986, encoder=-1125.3526, decoder=-0.0567
2025-06-24 15:43:20,532 - tadGANs - INFO - Epoch 900/1000 - Time: 2.71s - Loss: critic_x=-0.0534, critic_z=-1149.0483, encoder=-2102.7755, decoder=0.8731
2025-06-24 15:43:20,546 - tadGANs - INFO - Models saved at epoch 900
2025-06-24 15:43:21,037 - tadGANs - INFO - Epoch 654/1000 - Time: 2.79s - Loss: critic_x=-0.0617, critic_z=-634.7306, encoder=-1127.7766, decoder=-0.0586
2025-06-24 15:43:23,513 - tadGANs - INFO - Epoch 901/1000 - Time: 2.97s - Loss: critic_x=-0.0545, critic_z=-1149.0157, encoder=-2107.9268, decoder=0.8573
2025-06-24 15:43:24,059 - tadGANs - INFO - Epoch 655/1000 - Time: 3.02s - Loss: critic_x=-0.0598, critic_z=-637.3367, encoder=-1131.5196, decoder=-0.0534
2025-06-24 15:43:26,383 - tadGANs - INFO - Epoch 902/1000 - Time: 2.87s - Loss: critic_x=-0.0529, critic_z=-1153.6359, encoder=-2113.6961, decoder=0.8782
2025-06-24 15:43:26,856 - tadGANs - INFO - Epoch 656/1000 - Time: 2.80s - Loss: critic_x=-0.0592, critic_z=-637.8275, encoder=-1134.7171, decoder=-0.0524
2025-06-24 15:43:29,094 - tadGANs - INFO - Epoch 903/1000 - Time: 2.71s - Loss: critic_x=-0.0545, critic_z=-1154.9628, encoder=-2115.6321, decoder=0.8987
2025-06-24 15:43:29,651 - tadGANs - INFO - Epoch 657/1000 - Time: 2.80s - Loss: critic_x=-0.0610, critic_z=-640.3295, encoder=-1138.6484, decoder=-0.0238
2025-06-24 15:43:32,010 - tadGANs - INFO - Epoch 904/1000 - Time: 2.92s - Loss: critic_x=-0.0546, critic_z=-1159.2377, encoder=-2123.7688, decoder=0.8960
2025-06-24 15:43:32,606 - tadGANs - INFO - Epoch 658/1000 - Time: 2.95s - Loss: critic_x=-0.0664, critic_z=-641.2892, encoder=-1143.6301, decoder=-0.0103
2025-06-24 15:43:34,926 - tadGANs - INFO - Epoch 905/1000 - Time: 2.92s - Loss: critic_x=-0.0543, critic_z=-1158.4288, encoder=-2127.3862, decoder=0.9129
2025-06-24 15:43:35,523 - tadGANs - INFO - Epoch 659/1000 - Time: 2.92s - Loss: critic_x=-0.0693, critic_z=-643.3760, encoder=-1144.5739, decoder=0.0030
2025-06-24 15:43:37,837 - tadGANs - INFO - Epoch 906/1000 - Time: 2.91s - Loss: critic_x=-0.0539, critic_z=-1162.4754, encoder=-2131.3180, decoder=0.9136
2025-06-24 15:43:38,375 - tadGANs - INFO - Epoch 660/1000 - Time: 2.85s - Loss: critic_x=-0.0723, critic_z=-645.5721, encoder=-1147.4551, decoder=0.0379
2025-06-24 15:43:38,391 - tadGANs - INFO - Models saved at epoch 660
2025-06-24 15:43:40,833 - tadGANs - INFO - Epoch 907/1000 - Time: 3.00s - Loss: critic_x=-0.0542, critic_z=-1163.8791, encoder=-2135.2388, decoder=0.9194
2025-06-24 15:43:42,982 - tadGANs - INFO - Epoch 661/1000 - Time: 4.59s - Loss: critic_x=-0.0762, critic_z=-647.4625, encoder=-1149.9630, decoder=0.0648
2025-06-24 15:43:45,228 - tadGANs - INFO - Epoch 908/1000 - Time: 4.39s - Loss: critic_x=-0.0550, critic_z=-1166.8990, encoder=-2141.8436, decoder=0.9122
2025-06-24 15:43:45,811 - tadGANs - INFO - Epoch 662/1000 - Time: 2.83s - Loss: critic_x=-0.0735, critic_z=-648.9597, encoder=-1154.1589, decoder=0.0548
2025-06-24 15:43:47,932 - tadGANs - INFO - Epoch 909/1000 - Time: 2.70s - Loss: critic_x=-0.0558, critic_z=-1169.8964, encoder=-2145.1487, decoder=0.9071
2025-06-24 15:43:48,670 - tadGANs - INFO - Epoch 663/1000 - Time: 2.86s - Loss: critic_x=-0.0764, critic_z=-650.5176, encoder=-1158.5138, decoder=0.0404
2025-06-24 15:43:50,961 - tadGANs - INFO - Epoch 910/1000 - Time: 3.03s - Loss: critic_x=-0.0565, critic_z=-1172.7816, encoder=-2152.7793, decoder=0.9120
2025-06-24 15:43:50,975 - tadGANs - INFO - Models saved at epoch 910
2025-06-24 15:43:51,730 - tadGANs - INFO - Epoch 664/1000 - Time: 3.06s - Loss: critic_x=-0.0748, critic_z=-652.9692, encoder=-1160.1922, decoder=0.0499
2025-06-24 15:43:53,761 - tadGANs - INFO - Epoch 911/1000 - Time: 2.79s - Loss: critic_x=-0.0566, critic_z=-1175.3998, encoder=-2154.4815, decoder=0.9049
2025-06-24 15:43:54,565 - tadGANs - INFO - Epoch 665/1000 - Time: 2.83s - Loss: critic_x=-0.0700, critic_z=-654.0129, encoder=-1164.1176, decoder=0.0547
2025-06-24 15:43:56,571 - tadGANs - INFO - Epoch 912/1000 - Time: 2.81s - Loss: critic_x=-0.0576, critic_z=-1176.7403, encoder=-2159.0231, decoder=0.9094
2025-06-24 15:43:57,521 - tadGANs - INFO - Epoch 666/1000 - Time: 2.96s - Loss: critic_x=-0.0658, critic_z=-655.8333, encoder=-1167.9277, decoder=0.0546
2025-06-24 15:43:59,502 - tadGANs - INFO - Epoch 913/1000 - Time: 2.93s - Loss: critic_x=-0.0555, critic_z=-1180.3591, encoder=-2164.2242, decoder=0.9273
2025-06-24 15:44:00,372 - tadGANs - INFO - Epoch 667/1000 - Time: 2.85s - Loss: critic_x=-0.0654, critic_z=-658.2110, encoder=-1172.6214, decoder=0.0573
2025-06-24 15:44:02,190 - tadGANs - INFO - Epoch 914/1000 - Time: 2.69s - Loss: critic_x=-0.0558, critic_z=-1182.0773, encoder=-2171.4507, decoder=0.9088
2025-06-24 15:44:03,125 - tadGANs - INFO - Epoch 668/1000 - Time: 2.75s - Loss: critic_x=-0.0601, critic_z=-660.1745, encoder=-1176.2839, decoder=0.0545
2025-06-24 15:44:05,167 - tadGANs - INFO - Epoch 915/1000 - Time: 2.98s - Loss: critic_x=-0.0539, critic_z=-1184.9048, encoder=-2174.4007, decoder=0.9143
2025-06-24 15:44:06,113 - tadGANs - INFO - Epoch 669/1000 - Time: 2.99s - Loss: critic_x=-0.0566, critic_z=-661.1851, encoder=-1179.6682, decoder=0.0557
2025-06-24 15:44:08,029 - tadGANs - INFO - Epoch 916/1000 - Time: 2.86s - Loss: critic_x=-0.0552, critic_z=-1186.0677, encoder=-2179.8011, decoder=0.9204
2025-06-24 15:44:08,971 - tadGANs - INFO - Epoch 670/1000 - Time: 2.86s - Loss: critic_x=-0.0541, critic_z=-663.2341, encoder=-1184.6123, decoder=0.0491
2025-06-24 15:44:08,986 - tadGANs - INFO - Models saved at epoch 670
2025-06-24 15:44:10,940 - tadGANs - INFO - Epoch 917/1000 - Time: 2.91s - Loss: critic_x=-0.0546, critic_z=-1189.9715, encoder=-2180.9104, decoder=0.9192
2025-06-24 15:44:11,842 - tadGANs - INFO - Epoch 671/1000 - Time: 2.86s - Loss: critic_x=-0.0520, critic_z=-665.5724, encoder=-1185.6989, decoder=0.0434
2025-06-24 15:44:13,969 - tadGANs - INFO - Epoch 918/1000 - Time: 3.03s - Loss: critic_x=-0.0550, critic_z=-1191.8107, encoder=-2188.5981, decoder=0.9150
2025-06-24 15:44:14,946 - tadGANs - INFO - Epoch 672/1000 - Time: 3.10s - Loss: critic_x=-0.0451, critic_z=-666.7122, encoder=-1188.3300, decoder=0.0288
2025-06-24 15:44:18,222 - tadGANs - INFO - Epoch 919/1000 - Time: 4.25s - Loss: critic_x=-0.0545, critic_z=-1193.9399, encoder=-2192.8167, decoder=0.9289
2025-06-24 15:44:19,252 - tadGANs - INFO - Epoch 673/1000 - Time: 4.31s - Loss: critic_x=-0.0450, critic_z=-668.1594, encoder=-1192.7672, decoder=0.0234
2025-06-24 15:44:21,090 - tadGANs - INFO - Epoch 920/1000 - Time: 2.87s - Loss: critic_x=-0.0546, critic_z=-1195.6671, encoder=-2197.0180, decoder=0.9506
2025-06-24 15:44:21,101 - tadGANs - INFO - Models saved at epoch 920
2025-06-24 15:44:22,068 - tadGANs - INFO - Epoch 674/1000 - Time: 2.82s - Loss: critic_x=-0.0457, critic_z=-670.0048, encoder=-1195.9281, decoder=0.0129
2025-06-24 15:44:24,188 - tadGANs - INFO - Epoch 921/1000 - Time: 3.09s - Loss: critic_x=-0.0546, critic_z=-1198.5461, encoder=-2201.6658, decoder=0.9428
2025-06-24 15:44:25,116 - tadGANs - INFO - Epoch 675/1000 - Time: 3.05s - Loss: critic_x=-0.0412, critic_z=-671.7403, encoder=-1198.6319, decoder=0.0221
2025-06-24 15:44:27,053 - tadGANs - INFO - Epoch 922/1000 - Time: 2.86s - Loss: critic_x=-0.0551, critic_z=-1200.5044, encoder=-2206.9718, decoder=0.9389
2025-06-24 15:44:27,830 - tadGANs - INFO - Epoch 676/1000 - Time: 2.71s - Loss: critic_x=-0.0416, critic_z=-674.1295, encoder=-1201.3176, decoder=0.0244
2025-06-24 15:44:29,912 - tadGANs - INFO - Epoch 923/1000 - Time: 2.86s - Loss: critic_x=-0.0562, critic_z=-1203.0068, encoder=-2208.3767, decoder=0.9161
2025-06-24 15:44:30,721 - tadGANs - INFO - Epoch 677/1000 - Time: 2.89s - Loss: critic_x=-0.0413, critic_z=-676.3534, encoder=-1205.0985, decoder=0.0226
2025-06-24 15:44:32,911 - tadGANs - INFO - Epoch 924/1000 - Time: 3.00s - Loss: critic_x=-0.0557, critic_z=-1207.5279, encoder=-2212.8924, decoder=0.9288
2025-06-24 15:44:33,637 - tadGANs - INFO - Epoch 678/1000 - Time: 2.92s - Loss: critic_x=-0.0410, critic_z=-678.3886, encoder=-1210.3711, decoder=0.0062
2025-06-24 15:44:35,748 - tadGANs - INFO - Epoch 925/1000 - Time: 2.84s - Loss: critic_x=-0.0555, critic_z=-1208.6906, encoder=-2219.8487, decoder=0.9372
2025-06-24 15:44:36,431 - tadGANs - INFO - Epoch 679/1000 - Time: 2.79s - Loss: critic_x=-0.0415, critic_z=-680.0528, encoder=-1211.2281, decoder=-0.0015
2025-06-24 15:44:38,754 - tadGANs - INFO - Epoch 926/1000 - Time: 3.01s - Loss: critic_x=-0.0576, critic_z=-1211.6048, encoder=-2225.0558, decoder=0.9208
2025-06-24 15:44:39,415 - tadGANs - INFO - Epoch 680/1000 - Time: 2.98s - Loss: critic_x=-0.0448, critic_z=-680.8941, encoder=-1214.6339, decoder=0.0253
2025-06-24 15:44:39,428 - tadGANs - INFO - Models saved at epoch 680
2025-06-24 15:44:41,723 - tadGANs - INFO - Epoch 927/1000 - Time: 2.97s - Loss: critic_x=-0.0571, critic_z=-1213.6544, encoder=-2228.4003, decoder=0.9219
2025-06-24 15:44:42,384 - tadGANs - INFO - Epoch 681/1000 - Time: 2.96s - Loss: critic_x=-0.0420, critic_z=-682.9471, encoder=-1218.2695, decoder=0.0359
2025-06-24 15:44:44,581 - tadGANs - INFO - Epoch 928/1000 - Time: 2.86s - Loss: critic_x=-0.0601, critic_z=-1216.6711, encoder=-2233.4374, decoder=0.9192
2025-06-24 15:44:45,144 - tadGANs - INFO - Epoch 682/1000 - Time: 2.76s - Loss: critic_x=-0.0444, critic_z=-683.7885, encoder=-1223.3341, decoder=0.0369
2025-06-24 15:44:47,648 - tadGANs - INFO - Epoch 929/1000 - Time: 3.07s - Loss: critic_x=-0.0593, critic_z=-1218.6504, encoder=-2238.8955, decoder=0.9155
2025-06-24 15:44:48,168 - tadGANs - INFO - Epoch 683/1000 - Time: 3.02s - Loss: critic_x=-0.0458, critic_z=-686.8721, encoder=-1226.2836, decoder=0.0505
2025-06-24 15:44:50,458 - tadGANs - INFO - Epoch 930/1000 - Time: 2.81s - Loss: critic_x=-0.0592, critic_z=-1220.5851, encoder=-2242.9572, decoder=0.9229
2025-06-24 15:44:50,472 - tadGANs - INFO - Models saved at epoch 930
2025-06-24 15:44:51,341 - tadGANs - INFO - Epoch 684/1000 - Time: 3.17s - Loss: critic_x=-0.0478, critic_z=-688.3564, encoder=-1228.0924, decoder=0.0481
2025-06-24 15:44:53,353 - tadGANs - INFO - Epoch 931/1000 - Time: 2.88s - Loss: critic_x=-0.0614, critic_z=-1222.0297, encoder=-2243.1894, decoder=0.9152
2025-06-24 15:44:54,311 - tadGANs - INFO - Epoch 685/1000 - Time: 2.97s - Loss: critic_x=-0.0528, critic_z=-690.2514, encoder=-1232.9557, decoder=0.0663
2025-06-24 15:44:56,293 - tadGANs - INFO - Epoch 932/1000 - Time: 2.94s - Loss: critic_x=-0.0581, critic_z=-1224.5200, encoder=-2251.7506, decoder=0.9382
2025-06-24 15:44:57,338 - tadGANs - INFO - Epoch 686/1000 - Time: 3.03s - Loss: critic_x=-0.0516, critic_z=-690.9765, encoder=-1235.1839, decoder=0.0691
2025-06-24 15:44:59,097 - tadGANs - INFO - Epoch 933/1000 - Time: 2.80s - Loss: critic_x=-0.0602, critic_z=-1226.2998, encoder=-2256.6233, decoder=0.9236
2025-06-24 15:45:00,401 - tadGANs - INFO - Epoch 687/1000 - Time: 3.06s - Loss: critic_x=-0.0558, critic_z=-693.6374, encoder=-1238.7262, decoder=0.0561
2025-06-24 15:45:01,918 - tadGANs - INFO - Epoch 934/1000 - Time: 2.82s - Loss: critic_x=-0.0620, critic_z=-1229.6492, encoder=-2259.0494, decoder=0.9276
2025-06-24 15:45:03,249 - tadGANs - INFO - Epoch 688/1000 - Time: 2.85s - Loss: critic_x=-0.0543, critic_z=-696.1993, encoder=-1242.3418, decoder=0.0522
2025-06-24 15:45:04,951 - tadGANs - INFO - Epoch 935/1000 - Time: 3.03s - Loss: critic_x=-0.0616, critic_z=-1234.2925, encoder=-2265.8107, decoder=0.9243
2025-06-24 15:45:06,161 - tadGANs - INFO - Epoch 689/1000 - Time: 2.91s - Loss: critic_x=-0.0537, critic_z=-697.0551, encoder=-1248.4209, decoder=0.0597
2025-06-24 15:45:07,880 - tadGANs - INFO - Epoch 936/1000 - Time: 2.93s - Loss: critic_x=-0.0644, critic_z=-1234.6207, encoder=-2270.5265, decoder=0.9223
2025-06-24 15:45:09,125 - tadGANs - INFO - Epoch 690/1000 - Time: 2.96s - Loss: critic_x=-0.0534, critic_z=-699.4722, encoder=-1253.0482, decoder=0.0707
2025-06-24 15:45:09,138 - tadGANs - INFO - Models saved at epoch 690
2025-06-24 15:45:10,795 - tadGANs - INFO - Epoch 937/1000 - Time: 2.92s - Loss: critic_x=-0.0647, critic_z=-1238.7118, encoder=-2277.5751, decoder=0.9189
2025-06-24 15:45:12,062 - tadGANs - INFO - Epoch 691/1000 - Time: 2.92s - Loss: critic_x=-0.0549, critic_z=-702.1471, encoder=-1254.1920, decoder=0.0677
2025-06-24 15:45:13,826 - tadGANs - INFO - Epoch 938/1000 - Time: 3.03s - Loss: critic_x=-0.0647, critic_z=-1239.4802, encoder=-2277.5533, decoder=0.9040
2025-06-24 15:45:15,196 - tadGANs - INFO - Epoch 692/1000 - Time: 3.13s - Loss: critic_x=-0.0567, critic_z=-702.1899, encoder=-1257.3996, decoder=0.0719
2025-06-24 15:45:16,970 - tadGANs - INFO - Epoch 939/1000 - Time: 3.14s - Loss: critic_x=-0.0649, critic_z=-1242.7634, encoder=-2285.4490, decoder=0.9207
2025-06-24 15:45:18,489 - tadGANs - INFO - Epoch 693/1000 - Time: 3.29s - Loss: critic_x=-0.0595, critic_z=-703.9940, encoder=-1259.1098, decoder=0.0727
2025-06-24 15:45:20,375 - tadGANs - INFO - Epoch 940/1000 - Time: 3.40s - Loss: critic_x=-0.0640, critic_z=-1245.8989, encoder=-2291.3019, decoder=0.9143
2025-06-24 15:45:20,392 - tadGANs - INFO - Models saved at epoch 940
2025-06-24 15:45:21,820 - tadGANs - INFO - Epoch 694/1000 - Time: 3.33s - Loss: critic_x=-0.0578, critic_z=-707.0048, encoder=-1262.0686, decoder=0.0633
2025-06-24 15:45:23,947 - tadGANs - INFO - Epoch 941/1000 - Time: 3.56s - Loss: critic_x=-0.0653, critic_z=-1247.8620, encoder=-2295.4544, decoder=0.9294
2025-06-24 15:45:26,338 - tadGANs - INFO - Epoch 695/1000 - Time: 4.52s - Loss: critic_x=-0.0559, critic_z=-708.2655, encoder=-1267.5116, decoder=0.0713
2025-06-24 15:45:28,284 - tadGANs - INFO - Epoch 942/1000 - Time: 4.34s - Loss: critic_x=-0.0672, critic_z=-1250.7119, encoder=-2297.1048, decoder=0.9263
2025-06-24 15:45:29,387 - tadGANs - INFO - Epoch 696/1000 - Time: 3.05s - Loss: critic_x=-0.0558, critic_z=-711.4485, encoder=-1270.4830, decoder=0.0720
2025-06-24 15:45:31,232 - tadGANs - INFO - Epoch 943/1000 - Time: 2.95s - Loss: critic_x=-0.0665, critic_z=-1253.0421, encoder=-2304.3175, decoder=0.9310
2025-06-24 15:45:32,283 - tadGANs - INFO - Epoch 697/1000 - Time: 2.90s - Loss: critic_x=-0.0511, critic_z=-712.4026, encoder=-1275.0658, decoder=0.0885
2025-06-24 15:45:34,080 - tadGANs - INFO - Epoch 944/1000 - Time: 2.85s - Loss: critic_x=-0.0659, critic_z=-1255.3360, encoder=-2308.4931, decoder=0.9392
2025-06-24 15:45:35,086 - tadGANs - INFO - Epoch 698/1000 - Time: 2.80s - Loss: critic_x=-0.0514, critic_z=-714.2533, encoder=-1278.6792, decoder=0.0825
2025-06-24 15:45:36,928 - tadGANs - INFO - Epoch 945/1000 - Time: 2.85s - Loss: critic_x=-0.0658, critic_z=-1258.1480, encoder=-2313.5129, decoder=0.9536
2025-06-24 15:45:37,871 - tadGANs - INFO - Epoch 699/1000 - Time: 2.78s - Loss: critic_x=-0.0484, critic_z=-715.6903, encoder=-1281.6449, decoder=0.0975
2025-06-24 15:45:39,735 - tadGANs - INFO - Epoch 946/1000 - Time: 2.81s - Loss: critic_x=-0.0674, critic_z=-1261.4288, encoder=-2319.0947, decoder=0.9809
2025-06-24 15:45:40,662 - tadGANs - INFO - Epoch 700/1000 - Time: 2.79s - Loss: critic_x=-0.0512, critic_z=-717.3246, encoder=-1284.8076, decoder=0.0996
2025-06-24 15:45:40,676 - tadGANs - INFO - Models saved at epoch 700
2025-06-24 15:45:42,493 - tadGANs - INFO - Epoch 947/1000 - Time: 2.76s - Loss: critic_x=-0.0673, critic_z=-1262.7108, encoder=-2327.0962, decoder=0.9541
2025-06-24 15:45:43,397 - tadGANs - INFO - Epoch 701/1000 - Time: 2.72s - Loss: critic_x=-0.0496, critic_z=-720.8629, encoder=-1289.4076, decoder=0.1013
2025-06-24 15:45:45,265 - tadGANs - INFO - Epoch 948/1000 - Time: 2.77s - Loss: critic_x=-0.0689, critic_z=-1266.6495, encoder=-2327.5850, decoder=0.9758
2025-06-24 15:45:46,340 - tadGANs - INFO - Epoch 702/1000 - Time: 2.94s - Loss: critic_x=-0.0550, critic_z=-721.4886, encoder=-1291.4219, decoder=0.1057
2025-06-24 15:45:48,318 - tadGANs - INFO - Epoch 949/1000 - Time: 3.05s - Loss: critic_x=-0.0684, critic_z=-1269.2296, encoder=-2332.5975, decoder=0.9670
2025-06-24 15:45:49,245 - tadGANs - INFO - Epoch 703/1000 - Time: 2.91s - Loss: critic_x=-0.0490, critic_z=-723.2381, encoder=-1296.0613, decoder=0.1026
2025-06-24 15:45:51,130 - tadGANs - INFO - Epoch 950/1000 - Time: 2.81s - Loss: critic_x=-0.0681, critic_z=-1270.9619, encoder=-2339.5363, decoder=0.9513
2025-06-24 15:45:51,142 - tadGANs - INFO - Models saved at epoch 950
2025-06-24 15:45:52,118 - tadGANs - INFO - Epoch 704/1000 - Time: 2.87s - Loss: critic_x=-0.0515, critic_z=-725.8187, encoder=-1300.3328, decoder=0.1246
2025-06-24 15:45:54,005 - tadGANs - INFO - Epoch 951/1000 - Time: 2.86s - Loss: critic_x=-0.0673, critic_z=-1273.4093, encoder=-2345.1055, decoder=0.9604
2025-06-24 15:45:55,107 - tadGANs - INFO - Epoch 705/1000 - Time: 2.99s - Loss: critic_x=-0.0459, critic_z=-727.3067, encoder=-1302.7024, decoder=0.1068
2025-06-24 15:45:57,016 - tadGANs - INFO - Epoch 952/1000 - Time: 3.01s - Loss: critic_x=-0.0692, critic_z=-1274.3631, encoder=-2347.8010, decoder=0.9603
2025-06-24 15:45:58,085 - tadGANs - INFO - Epoch 706/1000 - Time: 2.98s - Loss: critic_x=-0.0518, critic_z=-729.0164, encoder=-1305.8575, decoder=0.1040
2025-06-24 15:46:01,555 - tadGANs - INFO - Epoch 953/1000 - Time: 4.54s - Loss: critic_x=-0.0670, critic_z=-1277.5271, encoder=-2351.9908, decoder=0.9676
2025-06-24 15:46:02,642 - tadGANs - INFO - Epoch 707/1000 - Time: 4.56s - Loss: critic_x=-0.0492, critic_z=-731.2766, encoder=-1308.3300, decoder=0.0992
2025-06-24 15:46:04,524 - tadGANs - INFO - Epoch 954/1000 - Time: 2.97s - Loss: critic_x=-0.0673, critic_z=-1279.4202, encoder=-2356.1671, decoder=0.9643
2025-06-24 15:46:05,548 - tadGANs - INFO - Epoch 708/1000 - Time: 2.91s - Loss: critic_x=-0.0522, critic_z=-733.3726, encoder=-1313.9727, decoder=0.0944
2025-06-24 15:46:07,364 - tadGANs - INFO - Epoch 955/1000 - Time: 2.84s - Loss: critic_x=-0.0674, critic_z=-1282.3978, encoder=-2359.1333, decoder=0.9426
2025-06-24 15:46:08,459 - tadGANs - INFO - Epoch 709/1000 - Time: 2.91s - Loss: critic_x=-0.0491, critic_z=-735.5152, encoder=-1317.8561, decoder=0.0884
2025-06-24 15:46:10,326 - tadGANs - INFO - Epoch 956/1000 - Time: 2.96s - Loss: critic_x=-0.0707, critic_z=-1284.6182, encoder=-2363.1439, decoder=0.9316
2025-06-24 15:46:11,364 - tadGANs - INFO - Epoch 710/1000 - Time: 2.90s - Loss: critic_x=-0.0478, critic_z=-736.7126, encoder=-1320.1051, decoder=0.0936
2025-06-24 15:46:11,378 - tadGANs - INFO - Models saved at epoch 710
2025-06-24 15:46:13,368 - tadGANs - INFO - Epoch 957/1000 - Time: 3.04s - Loss: critic_x=-0.0693, critic_z=-1289.2246, encoder=-2371.4300, decoder=0.9232
2025-06-24 15:46:14,407 - tadGANs - INFO - Epoch 711/1000 - Time: 3.03s - Loss: critic_x=-0.0541, critic_z=-738.7227, encoder=-1323.5349, decoder=0.0959
2025-06-24 15:46:16,440 - tadGANs - INFO - Epoch 958/1000 - Time: 3.07s - Loss: critic_x=-0.0679, critic_z=-1289.0162, encoder=-2375.7358, decoder=0.9338
2025-06-24 15:46:17,318 - tadGANs - INFO - Epoch 712/1000 - Time: 2.91s - Loss: critic_x=-0.0529, critic_z=-740.7082, encoder=-1328.6576, decoder=0.0996
2025-06-24 15:46:19,374 - tadGANs - INFO - Epoch 959/1000 - Time: 2.93s - Loss: critic_x=-0.0691, critic_z=-1292.7175, encoder=-2382.6514, decoder=0.9426
2025-06-24 15:46:20,256 - tadGANs - INFO - Epoch 713/1000 - Time: 2.94s - Loss: critic_x=-0.0526, critic_z=-742.3629, encoder=-1329.7573, decoder=0.1117
2025-06-24 15:46:22,280 - tadGANs - INFO - Epoch 960/1000 - Time: 2.91s - Loss: critic_x=-0.0684, critic_z=-1296.1310, encoder=-2385.8174, decoder=0.9398
2025-06-24 15:46:22,292 - tadGANs - INFO - Models saved at epoch 960
2025-06-24 15:46:23,143 - tadGANs - INFO - Epoch 714/1000 - Time: 2.89s - Loss: critic_x=-0.0552, critic_z=-744.4756, encoder=-1335.3221, decoder=0.1184
2025-06-24 15:46:25,162 - tadGANs - INFO - Epoch 961/1000 - Time: 2.87s - Loss: critic_x=-0.0672, critic_z=-1296.2135, encoder=-2391.2460, decoder=0.9403
2025-06-24 15:46:25,973 - tadGANs - INFO - Epoch 715/1000 - Time: 2.83s - Loss: critic_x=-0.0595, critic_z=-746.3933, encoder=-1339.1003, decoder=0.1192
2025-06-24 15:46:27,996 - tadGANs - INFO - Epoch 962/1000 - Time: 2.83s - Loss: critic_x=-0.0686, critic_z=-1301.2927, encoder=-2397.0875, decoder=0.9553
2025-06-24 15:46:28,739 - tadGANs - INFO - Epoch 716/1000 - Time: 2.77s - Loss: critic_x=-0.0629, critic_z=-747.7991, encoder=-1343.4014, decoder=0.1198
2025-06-24 15:46:30,699 - tadGANs - INFO - Epoch 963/1000 - Time: 2.70s - Loss: critic_x=-0.0655, critic_z=-1303.0430, encoder=-2400.6006, decoder=0.9439
2025-06-24 15:46:31,383 - tadGANs - INFO - Epoch 717/1000 - Time: 2.64s - Loss: critic_x=-0.0635, critic_z=-749.6751, encoder=-1344.3637, decoder=0.1275
2025-06-24 15:46:34,123 - tadGANs - INFO - Epoch 964/1000 - Time: 3.42s - Loss: critic_x=-0.0677, critic_z=-1305.3352, encoder=-2405.2805, decoder=0.9608
2025-06-24 15:46:34,772 - tadGANs - INFO - Epoch 718/1000 - Time: 3.39s - Loss: critic_x=-0.0652, critic_z=-752.3047, encoder=-1348.9917, decoder=0.1400
2025-06-24 15:46:36,771 - tadGANs - INFO - Epoch 965/1000 - Time: 2.65s - Loss: critic_x=-0.0697, critic_z=-1307.7743, encoder=-2408.3866, decoder=0.9540
2025-06-24 15:46:37,481 - tadGANs - INFO - Epoch 719/1000 - Time: 2.71s - Loss: critic_x=-0.0709, critic_z=-753.7011, encoder=-1352.9701, decoder=0.1474
2025-06-24 15:46:39,837 - tadGANs - INFO - Epoch 966/1000 - Time: 3.07s - Loss: critic_x=-0.0692, critic_z=-1310.5159, encoder=-2415.8507, decoder=0.9708
2025-06-24 15:46:40,602 - tadGANs - INFO - Epoch 720/1000 - Time: 3.12s - Loss: critic_x=-0.0691, critic_z=-755.4649, encoder=-1355.7770, decoder=0.1648
2025-06-24 15:46:40,612 - tadGANs - INFO - Models saved at epoch 720
2025-06-24 15:46:42,483 - tadGANs - INFO - Epoch 967/1000 - Time: 2.65s - Loss: critic_x=-0.0672, critic_z=-1315.0141, encoder=-2420.9166, decoder=0.9760
2025-06-24 15:46:43,388 - tadGANs - INFO - Epoch 721/1000 - Time: 2.78s - Loss: critic_x=-0.0671, critic_z=-757.6575, encoder=-1360.0059, decoder=0.1658
2025-06-24 15:46:45,514 - tadGANs - INFO - Epoch 968/1000 - Time: 3.03s - Loss: critic_x=-0.0686, critic_z=-1314.9583, encoder=-2425.9973, decoder=0.9819
2025-06-24 15:46:46,533 - tadGANs - INFO - Epoch 722/1000 - Time: 3.14s - Loss: critic_x=-0.0671, critic_z=-759.1148, encoder=-1361.6882, decoder=0.1484
2025-06-24 15:46:48,435 - tadGANs - INFO - Epoch 969/1000 - Time: 2.92s - Loss: critic_x=-0.0697, critic_z=-1318.3499, encoder=-2429.5685, decoder=0.9837
2025-06-24 15:46:49,381 - tadGANs - INFO - Epoch 723/1000 - Time: 2.85s - Loss: critic_x=-0.0670, critic_z=-761.4957, encoder=-1366.5765, decoder=0.1607
2025-06-24 15:46:51,319 - tadGANs - INFO - Epoch 970/1000 - Time: 2.88s - Loss: critic_x=-0.0701, critic_z=-1321.4290, encoder=-2435.4790, decoder=0.9850
2025-06-24 15:46:51,333 - tadGANs - INFO - Models saved at epoch 970
2025-06-24 15:46:52,248 - tadGANs - INFO - Epoch 724/1000 - Time: 2.87s - Loss: critic_x=-0.0679, critic_z=-762.7950, encoder=-1371.6154, decoder=0.1392
2025-06-24 15:46:54,240 - tadGANs - INFO - Epoch 971/1000 - Time: 2.91s - Loss: critic_x=-0.0680, critic_z=-1324.5284, encoder=-2438.5549, decoder=0.9977
2025-06-24 15:46:55,097 - tadGANs - INFO - Epoch 725/1000 - Time: 2.85s - Loss: critic_x=-0.0658, critic_z=-765.9796, encoder=-1377.0260, decoder=0.1374
2025-06-24 15:46:57,029 - tadGANs - INFO - Epoch 972/1000 - Time: 2.79s - Loss: critic_x=-0.0679, critic_z=-1327.0387, encoder=-2447.1701, decoder=1.0130
2025-06-24 15:46:57,911 - tadGANs - INFO - Epoch 726/1000 - Time: 2.81s - Loss: critic_x=-0.0652, critic_z=-767.6344, encoder=-1377.7983, decoder=0.1387
2025-06-24 15:47:00,203 - tadGANs - INFO - Epoch 973/1000 - Time: 3.17s - Loss: critic_x=-0.0658, critic_z=-1327.9613, encoder=-2449.1779, decoder=1.0024
2025-06-24 15:47:01,275 - tadGANs - INFO - Epoch 727/1000 - Time: 3.36s - Loss: critic_x=-0.0658, critic_z=-769.1752, encoder=-1382.8181, decoder=0.1350
2025-06-24 15:47:03,183 - tadGANs - INFO - Epoch 974/1000 - Time: 2.98s - Loss: critic_x=-0.0666, critic_z=-1332.1331, encoder=-2457.4643, decoder=0.9906
2025-06-24 15:47:04,251 - tadGANs - INFO - Epoch 728/1000 - Time: 2.98s - Loss: critic_x=-0.0635, critic_z=-771.5999, encoder=-1386.5488, decoder=0.1451
2025-06-24 15:47:07,686 - tadGANs - INFO - Epoch 975/1000 - Time: 4.50s - Loss: critic_x=-0.0677, critic_z=-1333.0383, encoder=-2460.7519, decoder=1.0021
2025-06-24 15:47:08,734 - tadGANs - INFO - Epoch 729/1000 - Time: 4.48s - Loss: critic_x=-0.0609, critic_z=-773.2224, encoder=-1389.0698, decoder=0.1333
2025-06-24 15:47:10,667 - tadGANs - INFO - Epoch 976/1000 - Time: 2.98s - Loss: critic_x=-0.0693, critic_z=-1336.8537, encoder=-2466.9727, decoder=0.9889
2025-06-24 15:47:11,634 - tadGANs - INFO - Epoch 730/1000 - Time: 2.90s - Loss: critic_x=-0.0608, critic_z=-774.4731, encoder=-1391.3563, decoder=0.1413
2025-06-24 15:47:11,648 - tadGANs - INFO - Models saved at epoch 730
2025-06-24 15:47:13,447 - tadGANs - INFO - Epoch 977/1000 - Time: 2.78s - Loss: critic_x=-0.0679, critic_z=-1339.6915, encoder=-2470.8166, decoder=0.9971
2025-06-24 15:47:14,443 - tadGANs - INFO - Epoch 731/1000 - Time: 2.79s - Loss: critic_x=-0.0594, critic_z=-776.4569, encoder=-1395.7544, decoder=0.1378
2025-06-24 15:47:16,282 - tadGANs - INFO - Epoch 978/1000 - Time: 2.83s - Loss: critic_x=-0.0681, critic_z=-1343.2709, encoder=-2477.5744, decoder=1.0098
2025-06-24 15:47:17,219 - tadGANs - INFO - Epoch 732/1000 - Time: 2.78s - Loss: critic_x=-0.0570, critic_z=-778.7985, encoder=-1400.6538, decoder=0.1557
2025-06-24 15:47:19,051 - tadGANs - INFO - Epoch 979/1000 - Time: 2.77s - Loss: critic_x=-0.0685, critic_z=-1344.4728, encoder=-2477.0607, decoder=1.0060
2025-06-24 15:47:19,958 - tadGANs - INFO - Epoch 733/1000 - Time: 2.74s - Loss: critic_x=-0.0599, critic_z=-780.1001, encoder=-1403.5583, decoder=0.1486
2025-06-24 15:47:21,771 - tadGANs - INFO - Epoch 980/1000 - Time: 2.72s - Loss: critic_x=-0.0671, critic_z=-1347.1614, encoder=-2483.1243, decoder=1.0006
2025-06-24 15:47:21,793 - tadGANs - INFO - Models saved at epoch 980
2025-06-24 15:47:22,793 - tadGANs - INFO - Epoch 734/1000 - Time: 2.83s - Loss: critic_x=-0.0560, critic_z=-782.4380, encoder=-1406.6086, decoder=0.1515
2025-06-24 15:47:24,546 - tadGANs - INFO - Epoch 981/1000 - Time: 2.75s - Loss: critic_x=-0.0693, critic_z=-1348.8499, encoder=-2489.6725, decoder=0.9953
2025-06-24 15:47:25,630 - tadGANs - INFO - Epoch 735/1000 - Time: 2.84s - Loss: critic_x=-0.0574, critic_z=-785.2724, encoder=-1409.4951, decoder=0.1382
2025-06-24 15:47:27,504 - tadGANs - INFO - Epoch 982/1000 - Time: 2.96s - Loss: critic_x=-0.0698, critic_z=-1352.7551, encoder=-2496.3782, decoder=0.9954
2025-06-24 15:47:28,621 - tadGANs - INFO - Epoch 736/1000 - Time: 2.99s - Loss: critic_x=-0.0548, critic_z=-787.0512, encoder=-1416.2808, decoder=0.1486
2025-06-24 15:47:30,362 - tadGANs - INFO - Epoch 983/1000 - Time: 2.86s - Loss: critic_x=-0.0693, critic_z=-1354.9726, encoder=-2501.1740, decoder=0.9940
2025-06-24 15:47:31,551 - tadGANs - INFO - Epoch 737/1000 - Time: 2.93s - Loss: critic_x=-0.0539, critic_z=-789.8533, encoder=-1419.1244, decoder=0.1676
2025-06-24 15:47:33,325 - tadGANs - INFO - Epoch 984/1000 - Time: 2.96s - Loss: critic_x=-0.0674, critic_z=-1357.6148, encoder=-2505.0647, decoder=0.9969
2025-06-24 15:47:34,534 - tadGANs - INFO - Epoch 738/1000 - Time: 2.98s - Loss: critic_x=-0.0516, critic_z=-791.7746, encoder=-1421.8108, decoder=0.1628
2025-06-24 15:47:36,095 - tadGANs - INFO - Epoch 985/1000 - Time: 2.77s - Loss: critic_x=-0.0694, critic_z=-1360.2267, encoder=-2505.7554, decoder=1.0070
2025-06-24 15:47:37,395 - tadGANs - INFO - Epoch 739/1000 - Time: 2.86s - Loss: critic_x=-0.0531, critic_z=-792.9260, encoder=-1425.7947, decoder=0.1658
2025-06-24 15:47:40,204 - tadGANs - INFO - Epoch 986/1000 - Time: 4.11s - Loss: critic_x=-0.0697, critic_z=-1361.6124, encoder=-2517.2247, decoder=1.0181
2025-06-24 15:47:41,567 - tadGANs - INFO - Epoch 740/1000 - Time: 4.17s - Loss: critic_x=-0.0494, critic_z=-795.5480, encoder=-1430.6123, decoder=0.1686
2025-06-24 15:47:41,582 - tadGANs - INFO - Models saved at epoch 740
2025-06-24 15:47:43,135 - tadGANs - INFO - Epoch 987/1000 - Time: 2.93s - Loss: critic_x=-0.0701, critic_z=-1363.6288, encoder=-2517.2851, decoder=1.0066
2025-06-24 15:47:44,489 - tadGANs - INFO - Epoch 741/1000 - Time: 2.91s - Loss: critic_x=-0.0482, critic_z=-796.7484, encoder=-1434.3613, decoder=0.1665
2025-06-24 15:47:45,845 - tadGANs - INFO - Epoch 988/1000 - Time: 2.71s - Loss: critic_x=-0.0706, critic_z=-1367.4499, encoder=-2525.1812, decoder=1.0309
2025-06-24 15:47:47,330 - tadGANs - INFO - Epoch 742/1000 - Time: 2.84s - Loss: critic_x=-0.0492, critic_z=-798.2169, encoder=-1437.7088, decoder=0.1722
2025-06-24 15:47:48,630 - tadGANs - INFO - Epoch 989/1000 - Time: 2.79s - Loss: critic_x=-0.0701, critic_z=-1369.9844, encoder=-2528.1724, decoder=1.0379
2025-06-24 15:47:50,194 - tadGANs - INFO - Epoch 743/1000 - Time: 2.86s - Loss: critic_x=-0.0447, critic_z=-800.6549, encoder=-1440.9488, decoder=0.1711
2025-06-24 15:47:51,487 - tadGANs - INFO - Epoch 990/1000 - Time: 2.86s - Loss: critic_x=-0.0705, critic_z=-1373.2026, encoder=-2534.4514, decoder=1.0457
2025-06-24 15:47:51,499 - tadGANs - INFO - Models saved at epoch 990
2025-06-24 15:47:53,136 - tadGANs - INFO - Epoch 744/1000 - Time: 2.94s - Loss: critic_x=-0.0435, critic_z=-802.3841, encoder=-1442.8401, decoder=0.1540
2025-06-24 15:47:54,196 - tadGANs - INFO - Epoch 991/1000 - Time: 2.70s - Loss: critic_x=-0.0724, critic_z=-1375.3485, encoder=-2537.8834, decoder=1.0313
2025-06-24 15:47:56,002 - tadGANs - INFO - Epoch 745/1000 - Time: 2.87s - Loss: critic_x=-0.0433, critic_z=-805.6799, encoder=-1448.5383, decoder=0.1584
2025-06-24 15:47:56,951 - tadGANs - INFO - Epoch 992/1000 - Time: 2.75s - Loss: critic_x=-0.0705, critic_z=-1378.9620, encoder=-2545.5543, decoder=1.0418
2025-06-24 15:47:58,894 - tadGANs - INFO - Epoch 746/1000 - Time: 2.89s - Loss: critic_x=-0.0439, critic_z=-806.3689, encoder=-1452.5728, decoder=0.1620
2025-06-24 15:47:59,902 - tadGANs - INFO - Epoch 993/1000 - Time: 2.95s - Loss: critic_x=-0.0737, critic_z=-1381.9817, encoder=-2550.2136, decoder=1.0573
2025-06-24 15:48:01,805 - tadGANs - INFO - Epoch 747/1000 - Time: 2.91s - Loss: critic_x=-0.0415, critic_z=-808.0082, encoder=-1456.4951, decoder=0.1502
2025-06-24 15:48:02,928 - tadGANs - INFO - Epoch 994/1000 - Time: 3.03s - Loss: critic_x=-0.0729, critic_z=-1383.2101, encoder=-2552.7202, decoder=1.0575
2025-06-24 15:48:04,659 - tadGANs - INFO - Epoch 748/1000 - Time: 2.85s - Loss: critic_x=-0.0392, critic_z=-809.7767, encoder=-1458.2411, decoder=0.1594
2025-06-24 15:48:05,816 - tadGANs - INFO - Epoch 995/1000 - Time: 2.89s - Loss: critic_x=-0.0752, critic_z=-1386.6448, encoder=-2559.3160, decoder=1.0604
2025-06-24 15:48:07,620 - tadGANs - INFO - Epoch 749/1000 - Time: 2.96s - Loss: critic_x=-0.0380, critic_z=-813.1895, encoder=-1463.7032, decoder=0.1639
2025-06-24 15:48:08,688 - tadGANs - INFO - Epoch 996/1000 - Time: 2.87s - Loss: critic_x=-0.0742, critic_z=-1389.5363, encoder=-2565.9979, decoder=1.0670
2025-06-24 15:48:10,524 - tadGANs - INFO - Epoch 750/1000 - Time: 2.90s - Loss: critic_x=-0.0381, critic_z=-815.2021, encoder=-1468.7162, decoder=0.1683
2025-06-24 15:48:10,541 - tadGANs - INFO - Models saved at epoch 750
2025-06-24 15:48:11,682 - tadGANs - INFO - Epoch 997/1000 - Time: 2.99s - Loss: critic_x=-0.0745, critic_z=-1391.2758, encoder=-2570.2596, decoder=1.0660
2025-06-24 15:48:14,990 - tadGANs - INFO - Epoch 751/1000 - Time: 4.45s - Loss: critic_x=-0.0385, critic_z=-816.9291, encoder=-1471.7705, decoder=0.1715
2025-06-24 15:48:16,239 - tadGANs - INFO - Epoch 998/1000 - Time: 4.56s - Loss: critic_x=-0.0731, critic_z=-1394.6542, encoder=-2576.3791, decoder=1.0778
2025-06-24 15:48:17,935 - tadGANs - INFO - Epoch 752/1000 - Time: 2.94s - Loss: critic_x=-0.0394, critic_z=-818.0738, encoder=-1475.0189, decoder=0.1807
2025-06-24 15:48:19,207 - tadGANs - INFO - Epoch 999/1000 - Time: 2.97s - Loss: critic_x=-0.0737, critic_z=-1395.7383, encoder=-2578.9986, decoder=1.0884
2025-06-24 15:48:20,789 - tadGANs - INFO - Epoch 753/1000 - Time: 2.85s - Loss: critic_x=-0.0373, critic_z=-819.9426, encoder=-1478.2604, decoder=0.1817
2025-06-24 15:48:22,049 - tadGANs - INFO - Epoch 1000/1000 - Time: 2.84s - Loss: critic_x=-0.0747, critic_z=-1399.7198, encoder=-2591.7335, decoder=1.1055
2025-06-24 15:48:22,064 - tadGANs - INFO - Models saved at epoch 1000
2025-06-24 15:48:22,080 - tadGANs - INFO - Training completed in 2826.67s
2025-06-24 15:48:22,084 - tadGANs - INFO - Calculating anomaly scores
2025-06-24 15:48:23,403 - tadGANs - INFO - Epoch 754/1000 - Time: 2.61s - Loss: critic_x=-0.0390, critic_z=-823.3195, encoder=-1482.3101, decoder=0.1974
2025-06-24 15:48:25,946 - tadGANs - INFO - Epoch 755/1000 - Time: 2.54s - Loss: critic_x=-0.0439, critic_z=-823.3430, encoder=-1487.7049, decoder=0.2021
2025-06-24 15:48:28,288 - tadGANs - INFO - Epoch 756/1000 - Time: 2.34s - Loss: critic_x=-0.0418, critic_z=-827.5011, encoder=-1488.1319, decoder=0.2121
2025-06-24 15:48:30,542 - tadGANs - INFO - Epoch 757/1000 - Time: 2.25s - Loss: critic_x=-0.0434, critic_z=-828.6225, encoder=-1494.9078, decoder=0.2306
2025-06-24 15:48:32,984 - tadGANs - INFO - Epoch 758/1000 - Time: 2.44s - Loss: critic_x=-0.0453, critic_z=-829.5169, encoder=-1496.9899, decoder=0.2488
2025-06-24 15:48:35,245 - tadGANs - INFO - Epoch 759/1000 - Time: 2.26s - Loss: critic_x=-0.0453, critic_z=-832.2992, encoder=-1502.2154, decoder=0.2342
2025-06-24 15:48:37,601 - tadGANs - INFO - Epoch 760/1000 - Time: 2.36s - Loss: critic_x=-0.0440, critic_z=-833.0687, encoder=-1505.9491, decoder=0.2492
2025-06-24 15:48:37,620 - tadGANs - INFO - Models saved at epoch 760
2025-06-24 15:48:39,917 - tadGANs - INFO - Epoch 761/1000 - Time: 2.30s - Loss: critic_x=-0.0421, critic_z=-836.0318, encoder=-1508.5533, decoder=0.2487
2025-06-24 15:48:42,299 - tadGANs - INFO - Epoch 762/1000 - Time: 2.38s - Loss: critic_x=-0.0421, critic_z=-838.7869, encoder=-1512.5436, decoder=0.2232
2025-06-24 15:48:44,518 - tadGANs - INFO - Epoch 763/1000 - Time: 2.22s - Loss: critic_x=-0.0438, critic_z=-840.2005, encoder=-1515.9913, decoder=0.2255
2025-06-24 15:48:48,256 - tadGANs - INFO - Epoch 764/1000 - Time: 3.74s - Loss: critic_x=-0.0413, critic_z=-843.3222, encoder=-1520.5133, decoder=0.2176
2025-06-24 15:48:50,558 - tadGANs - INFO - Epoch 765/1000 - Time: 2.30s - Loss: critic_x=-0.0419, critic_z=-844.4065, encoder=-1523.5911, decoder=0.2096
2025-06-24 15:48:52,858 - tadGANs - INFO - Epoch 766/1000 - Time: 2.30s - Loss: critic_x=-0.0424, critic_z=-846.1114, encoder=-1528.2234, decoder=0.2054
2025-06-24 15:48:55,046 - tadGANs - INFO - Epoch 767/1000 - Time: 2.19s - Loss: critic_x=-0.0451, critic_z=-848.0560, encoder=-1531.5687, decoder=0.1805
2025-06-24 15:48:57,319 - tadGANs - INFO - Epoch 768/1000 - Time: 2.27s - Loss: critic_x=-0.0422, critic_z=-850.2832, encoder=-1536.4741, decoder=0.1852
2025-06-24 15:48:59,647 - tadGANs - INFO - Epoch 769/1000 - Time: 2.33s - Loss: critic_x=-0.0434, critic_z=-853.1915, encoder=-1538.5990, decoder=0.1648
2025-06-24 15:49:01,864 - tadGANs - INFO - Epoch 770/1000 - Time: 2.22s - Loss: critic_x=-0.0442, critic_z=-855.1584, encoder=-1541.9715, decoder=0.1531
2025-06-24 15:49:01,876 - tadGANs - INFO - Models saved at epoch 770
2025-06-24 15:49:04,140 - tadGANs - INFO - Epoch 771/1000 - Time: 2.26s - Loss: critic_x=-0.0423, critic_z=-856.7179, encoder=-1548.5300, decoder=0.1755
2025-06-24 15:49:06,617 - tadGANs - INFO - Epoch 772/1000 - Time: 2.48s - Loss: critic_x=-0.0409, critic_z=-859.6109, encoder=-1552.1085, decoder=0.1695
2025-06-24 15:49:08,937 - tadGANs - INFO - Epoch 773/1000 - Time: 2.32s - Loss: critic_x=-0.0407, critic_z=-861.2972, encoder=-1555.4669, decoder=0.1915
2025-06-24 15:49:11,252 - tadGANs - INFO - Epoch 774/1000 - Time: 2.31s - Loss: critic_x=-0.0453, critic_z=-863.1350, encoder=-1559.7362, decoder=0.2051
2025-06-24 15:49:13,720 - tadGANs - INFO - Epoch 775/1000 - Time: 2.47s - Loss: critic_x=-0.0482, critic_z=-865.3638, encoder=-1563.2879, decoder=0.2034
2025-06-24 15:49:16,109 - tadGANs - INFO - Epoch 776/1000 - Time: 2.39s - Loss: critic_x=-0.0490, critic_z=-866.2992, encoder=-1567.2255, decoder=0.2198
2025-06-24 15:49:18,535 - tadGANs - INFO - Epoch 777/1000 - Time: 2.43s - Loss: critic_x=-0.0496, critic_z=-868.8748, encoder=-1570.2381, decoder=0.1990
2025-06-24 15:49:22,561 - tadGANs - INFO - Epoch 778/1000 - Time: 4.03s - Loss: critic_x=-0.0508, critic_z=-870.9239, encoder=-1576.0695, decoder=0.2139
2025-06-24 15:49:24,951 - tadGANs - INFO - Epoch 779/1000 - Time: 2.39s - Loss: critic_x=-0.0504, critic_z=-873.1830, encoder=-1578.6251, decoder=0.2303
2025-06-24 15:49:27,088 - tadGANs - INFO - Epoch 780/1000 - Time: 2.14s - Loss: critic_x=-0.0514, critic_z=-875.0071, encoder=-1580.2531, decoder=0.2247
2025-06-24 15:49:27,106 - tadGANs - INFO - Models saved at epoch 780
2025-06-24 15:49:29,430 - tadGANs - INFO - Epoch 781/1000 - Time: 2.32s - Loss: critic_x=-0.0508, critic_z=-876.8044, encoder=-1585.9931, decoder=0.2048
2025-06-24 15:49:31,899 - tadGANs - INFO - Epoch 782/1000 - Time: 2.47s - Loss: critic_x=-0.0477, critic_z=-878.4125, encoder=-1590.2822, decoder=0.2140
2025-06-24 15:49:34,177 - tadGANs - INFO - Epoch 783/1000 - Time: 2.28s - Loss: critic_x=-0.0485, critic_z=-881.5587, encoder=-1593.4483, decoder=0.2024
2025-06-24 15:49:36,347 - tadGANs - INFO - Epoch 784/1000 - Time: 2.17s - Loss: critic_x=-0.0498, critic_z=-884.4691, encoder=-1598.8695, decoder=0.2021
2025-06-24 15:49:38,768 - tadGANs - INFO - Epoch 785/1000 - Time: 2.42s - Loss: critic_x=-0.0500, critic_z=-885.3184, encoder=-1603.1875, decoder=0.1915
2025-06-24 15:49:41,093 - tadGANs - INFO - Epoch 786/1000 - Time: 2.32s - Loss: critic_x=-0.0484, critic_z=-887.6159, encoder=-1604.7547, decoder=0.1765
2025-06-24 15:49:43,366 - tadGANs - INFO - Epoch 787/1000 - Time: 2.27s - Loss: critic_x=-0.0460, critic_z=-889.9269, encoder=-1609.3991, decoder=0.1860
2025-06-24 15:49:45,628 - tadGANs - INFO - Epoch 788/1000 - Time: 2.26s - Loss: critic_x=-0.0458, critic_z=-892.3525, encoder=-1612.6624, decoder=0.1728
2025-06-24 15:49:47,965 - tadGANs - INFO - Epoch 789/1000 - Time: 2.34s - Loss: critic_x=-0.0492, critic_z=-894.4546, encoder=-1619.9020, decoder=0.2021
2025-06-24 15:49:50,164 - tadGANs - INFO - Epoch 790/1000 - Time: 2.20s - Loss: critic_x=-0.0494, critic_z=-896.7110, encoder=-1622.6561, decoder=0.2018
2025-06-24 15:49:50,177 - tadGANs - INFO - Models saved at epoch 790
2025-06-24 15:49:52,455 - tadGANs - INFO - Epoch 791/1000 - Time: 2.28s - Loss: critic_x=-0.0496, critic_z=-898.5400, encoder=-1626.1744, decoder=0.2036
2025-06-24 15:49:56,425 - tadGANs - INFO - Epoch 792/1000 - Time: 3.97s - Loss: critic_x=-0.0463, critic_z=-900.0450, encoder=-1629.0590, decoder=0.1941
2025-06-24 15:49:58,765 - tadGANs - INFO - Epoch 793/1000 - Time: 2.34s - Loss: critic_x=-0.0474, critic_z=-902.0355, encoder=-1633.5096, decoder=0.1877
2025-06-24 15:50:00,910 - tadGANs - INFO - Epoch 794/1000 - Time: 2.15s - Loss: critic_x=-0.0486, critic_z=-906.3503, encoder=-1639.7277, decoder=0.1741
2025-06-24 15:50:01,759 - tadGANs - INFO - Using statistical threshold: 2.1834
2025-06-24 15:50:01,761 - tadGANs - INFO - Pruning false positives
2025-06-24 15:50:03,062 - tadGANs - INFO - Epoch 795/1000 - Time: 2.15s - Loss: critic_x=-0.0460, critic_z=-906.3945, encoder=-1641.2433, decoder=0.1786
2025-06-24 15:50:03,136 - tadGANs - INFO - Plot saved to results/de30_1day_results_plot.png
2025-06-24 15:50:03,142 - tadGANs - INFO - Results saved to results/de30_1day_results.csv
2025-06-24 15:50:03,311 - tadGANs - INFO - Results exported to Excel: results/de30_1day_results.xlsx
2025-06-24 15:50:03,311 - tadGANs - INFO - Successfully processed csv_data/de30_1day.csv
2025-06-24 15:50:05,313 - tadGANs - INFO - Epoch 796/1000 - Time: 2.25s - Loss: critic_x=-0.0468, critic_z=-907.6181, encoder=-1645.2487, decoder=0.1818
2025-06-24 15:50:07,449 - tadGANs - INFO - Epoch 797/1000 - Time: 2.14s - Loss: critic_x=-0.0450, critic_z=-911.6052, encoder=-1649.0764, decoder=0.1916
2025-06-24 15:50:09,546 - tadGANs - INFO - Epoch 798/1000 - Time: 2.10s - Loss: critic_x=-0.0447, critic_z=-914.1599, encoder=-1652.4832, decoder=0.1936
2025-06-24 15:50:11,667 - tadGANs - INFO - Epoch 799/1000 - Time: 2.12s - Loss: critic_x=-0.0457, critic_z=-914.0631, encoder=-1659.7119, decoder=0.1912
2025-06-24 15:50:13,925 - tadGANs - INFO - Epoch 800/1000 - Time: 2.26s - Loss: critic_x=-0.0449, critic_z=-917.5109, encoder=-1660.6734, decoder=0.2094
2025-06-24 15:50:13,936 - tadGANs - INFO - Models saved at epoch 800
2025-06-24 15:50:16,182 - tadGANs - INFO - Epoch 801/1000 - Time: 2.25s - Loss: critic_x=-0.0444, critic_z=-919.2424, encoder=-1667.9817, decoder=0.2147
2025-06-24 15:50:18,594 - tadGANs - INFO - Epoch 802/1000 - Time: 2.41s - Loss: critic_x=-0.0451, critic_z=-921.9148, encoder=-1670.0256, decoder=0.2166
2025-06-24 15:50:20,933 - tadGANs - INFO - Epoch 803/1000 - Time: 2.34s - Loss: critic_x=-0.0460, critic_z=-923.7297, encoder=-1676.6024, decoder=0.2130
2025-06-24 15:50:23,281 - tadGANs - INFO - Epoch 804/1000 - Time: 2.35s - Loss: critic_x=-0.0433, critic_z=-925.7741, encoder=-1677.6252, decoder=0.2053
2025-06-24 15:50:25,557 - tadGANs - INFO - Epoch 805/1000 - Time: 2.28s - Loss: critic_x=-0.0435, critic_z=-928.7257, encoder=-1683.7928, decoder=0.2138
2025-06-24 15:50:29,453 - tadGANs - INFO - Epoch 806/1000 - Time: 3.90s - Loss: critic_x=-0.0437, critic_z=-930.7474, encoder=-1685.6594, decoder=0.2055
2025-06-24 15:50:31,687 - tadGANs - INFO - Epoch 807/1000 - Time: 2.23s - Loss: critic_x=-0.0439, critic_z=-932.4656, encoder=-1690.8513, decoder=0.2074
2025-06-24 15:50:33,839 - tadGANs - INFO - Epoch 808/1000 - Time: 2.15s - Loss: critic_x=-0.0431, critic_z=-934.7244, encoder=-1694.6565, decoder=0.1945
2025-06-24 15:50:36,012 - tadGANs - INFO - Epoch 809/1000 - Time: 2.17s - Loss: critic_x=-0.0454, critic_z=-937.3617, encoder=-1698.8418, decoder=0.2107
2025-06-24 15:50:38,456 - tadGANs - INFO - Epoch 810/1000 - Time: 2.44s - Loss: critic_x=-0.0455, critic_z=-938.2810, encoder=-1703.3492, decoder=0.2246
2025-06-24 15:50:38,467 - tadGANs - INFO - Models saved at epoch 810
2025-06-24 15:50:40,720 - tadGANs - INFO - Epoch 811/1000 - Time: 2.25s - Loss: critic_x=-0.0447, critic_z=-940.1030, encoder=-1706.7280, decoder=0.2244
2025-06-24 15:50:42,973 - tadGANs - INFO - Epoch 812/1000 - Time: 2.25s - Loss: critic_x=-0.0453, critic_z=-942.3346, encoder=-1713.4247, decoder=0.2261
2025-06-24 15:50:45,174 - tadGANs - INFO - Epoch 813/1000 - Time: 2.20s - Loss: critic_x=-0.0473, critic_z=-944.4787, encoder=-1714.2368, decoder=0.2242
2025-06-24 15:50:47,469 - tadGANs - INFO - Epoch 814/1000 - Time: 2.30s - Loss: critic_x=-0.0512, critic_z=-948.4037, encoder=-1718.4075, decoder=0.2290
2025-06-24 15:50:49,664 - tadGANs - INFO - Epoch 815/1000 - Time: 2.20s - Loss: critic_x=-0.0478, critic_z=-949.2660, encoder=-1725.2650, decoder=0.2288
2025-06-24 15:50:51,858 - tadGANs - INFO - Epoch 816/1000 - Time: 2.19s - Loss: critic_x=-0.0491, critic_z=-951.4141, encoder=-1727.2787, decoder=0.2214
2025-06-24 15:50:54,087 - tadGANs - INFO - Epoch 817/1000 - Time: 2.23s - Loss: critic_x=-0.0548, critic_z=-953.2006, encoder=-1732.4010, decoder=0.2239
2025-06-24 15:50:56,403 - tadGANs - INFO - Epoch 818/1000 - Time: 2.32s - Loss: critic_x=-0.0551, critic_z=-954.7390, encoder=-1733.9145, decoder=0.2104
2025-06-24 15:50:58,601 - tadGANs - INFO - Epoch 819/1000 - Time: 2.20s - Loss: critic_x=-0.0577, critic_z=-956.9631, encoder=-1739.8564, decoder=0.2192
2025-06-24 15:51:00,862 - tadGANs - INFO - Epoch 820/1000 - Time: 2.26s - Loss: critic_x=-0.0583, critic_z=-959.8861, encoder=-1742.0261, decoder=0.2050
2025-06-24 15:51:00,874 - tadGANs - INFO - Models saved at epoch 820
2025-06-24 15:51:04,708 - tadGANs - INFO - Epoch 821/1000 - Time: 3.83s - Loss: critic_x=-0.0603, critic_z=-962.3768, encoder=-1747.3165, decoder=0.1828
2025-06-24 15:51:06,928 - tadGANs - INFO - Epoch 822/1000 - Time: 2.22s - Loss: critic_x=-0.0591, critic_z=-963.7167, encoder=-1750.2576, decoder=0.1837
2025-06-24 15:51:09,100 - tadGANs - INFO - Epoch 823/1000 - Time: 2.17s - Loss: critic_x=-0.0608, critic_z=-967.4713, encoder=-1756.8502, decoder=0.1886
2025-06-24 15:51:11,295 - tadGANs - INFO - Epoch 824/1000 - Time: 2.19s - Loss: critic_x=-0.0619, critic_z=-969.2877, encoder=-1760.5148, decoder=0.1969
2025-06-24 15:51:13,457 - tadGANs - INFO - Epoch 825/1000 - Time: 2.16s - Loss: critic_x=-0.0604, critic_z=-971.3533, encoder=-1762.9510, decoder=0.1924
2025-06-24 15:51:15,582 - tadGANs - INFO - Epoch 826/1000 - Time: 2.12s - Loss: critic_x=-0.0626, critic_z=-972.6153, encoder=-1769.9708, decoder=0.1929
2025-06-24 15:51:17,724 - tadGANs - INFO - Epoch 827/1000 - Time: 2.14s - Loss: critic_x=-0.0616, critic_z=-975.6055, encoder=-1771.8883, decoder=0.2069
2025-06-24 15:51:20,010 - tadGANs - INFO - Epoch 828/1000 - Time: 2.29s - Loss: critic_x=-0.0628, critic_z=-977.3259, encoder=-1778.7910, decoder=0.2239
2025-06-24 15:51:22,279 - tadGANs - INFO - Epoch 829/1000 - Time: 2.27s - Loss: critic_x=-0.0605, critic_z=-980.1500, encoder=-1783.0906, decoder=0.2233
2025-06-24 15:51:24,509 - tadGANs - INFO - Epoch 830/1000 - Time: 2.23s - Loss: critic_x=-0.0624, critic_z=-982.1994, encoder=-1784.2801, decoder=0.2196
2025-06-24 15:51:24,521 - tadGANs - INFO - Models saved at epoch 830
2025-06-24 15:51:26,702 - tadGANs - INFO - Epoch 831/1000 - Time: 2.18s - Loss: critic_x=-0.0599, critic_z=-984.8680, encoder=-1788.6911, decoder=0.2260
2025-06-24 15:51:28,953 - tadGANs - INFO - Epoch 832/1000 - Time: 2.25s - Loss: critic_x=-0.0620, critic_z=-985.9038, encoder=-1795.0348, decoder=0.2271
2025-06-24 15:51:31,237 - tadGANs - INFO - Epoch 833/1000 - Time: 2.28s - Loss: critic_x=-0.0612, critic_z=-987.4435, encoder=-1798.3202, decoder=0.2348
2025-06-24 15:51:33,441 - tadGANs - INFO - Epoch 834/1000 - Time: 2.20s - Loss: critic_x=-0.0598, critic_z=-990.8004, encoder=-1800.6875, decoder=0.2226
2025-06-24 15:51:37,277 - tadGANs - INFO - Epoch 835/1000 - Time: 3.84s - Loss: critic_x=-0.0604, critic_z=-993.5477, encoder=-1804.9436, decoder=0.2424
2025-06-24 15:51:39,479 - tadGANs - INFO - Epoch 836/1000 - Time: 2.20s - Loss: critic_x=-0.0574, critic_z=-994.2118, encoder=-1811.5099, decoder=0.2501
2025-06-24 15:51:41,684 - tadGANs - INFO - Epoch 837/1000 - Time: 2.20s - Loss: critic_x=-0.0570, critic_z=-997.3747, encoder=-1815.7037, decoder=0.2435
2025-06-24 15:51:43,842 - tadGANs - INFO - Epoch 838/1000 - Time: 2.16s - Loss: critic_x=-0.0572, critic_z=-998.5065, encoder=-1816.9995, decoder=0.2515
2025-06-24 15:51:46,017 - tadGANs - INFO - Epoch 839/1000 - Time: 2.18s - Loss: critic_x=-0.0574, critic_z=-1000.3786, encoder=-1819.3913, decoder=0.2470
2025-06-24 15:51:48,095 - tadGANs - INFO - Epoch 840/1000 - Time: 2.08s - Loss: critic_x=-0.0562, critic_z=-1004.0663, encoder=-1824.4227, decoder=0.2398
2025-06-24 15:51:48,106 - tadGANs - INFO - Models saved at epoch 840
2025-06-24 15:51:50,174 - tadGANs - INFO - Epoch 841/1000 - Time: 2.07s - Loss: critic_x=-0.0561, critic_z=-1006.1370, encoder=-1830.0195, decoder=0.2409
2025-06-24 15:51:52,357 - tadGANs - INFO - Epoch 842/1000 - Time: 2.18s - Loss: critic_x=-0.0559, critic_z=-1007.9306, encoder=-1836.8517, decoder=0.2179
2025-06-24 15:51:54,507 - tadGANs - INFO - Epoch 843/1000 - Time: 2.15s - Loss: critic_x=-0.0568, critic_z=-1011.1365, encoder=-1839.0288, decoder=0.2204
2025-06-24 15:51:56,659 - tadGANs - INFO - Epoch 844/1000 - Time: 2.15s - Loss: critic_x=-0.0561, critic_z=-1012.4722, encoder=-1844.6231, decoder=0.2346
2025-06-24 15:51:58,738 - tadGANs - INFO - Epoch 845/1000 - Time: 2.08s - Loss: critic_x=-0.0556, critic_z=-1015.5149, encoder=-1847.8193, decoder=0.2165
2025-06-24 15:52:00,857 - tadGANs - INFO - Epoch 846/1000 - Time: 2.12s - Loss: critic_x=-0.0529, critic_z=-1017.2264, encoder=-1853.5280, decoder=0.2279
2025-06-24 15:52:03,033 - tadGANs - INFO - Epoch 847/1000 - Time: 2.18s - Loss: critic_x=-0.0525, critic_z=-1018.5771, encoder=-1857.0734, decoder=0.2339
2025-06-24 15:52:05,229 - tadGANs - INFO - Epoch 848/1000 - Time: 2.20s - Loss: critic_x=-0.0548, critic_z=-1021.4165, encoder=-1861.4837, decoder=0.2234
2025-06-24 15:52:07,371 - tadGANs - INFO - Epoch 849/1000 - Time: 2.14s - Loss: critic_x=-0.0527, critic_z=-1024.4679, encoder=-1864.6134, decoder=0.2274
2025-06-24 15:52:11,335 - tadGANs - INFO - Epoch 850/1000 - Time: 3.96s - Loss: critic_x=-0.0525, critic_z=-1026.2076, encoder=-1868.1957, decoder=0.2247
2025-06-24 15:52:11,348 - tadGANs - INFO - Models saved at epoch 850
2025-06-24 15:52:13,576 - tadGANs - INFO - Epoch 851/1000 - Time: 2.23s - Loss: critic_x=-0.0516, critic_z=-1028.0462, encoder=-1872.9409, decoder=0.2352
2025-06-24 15:52:15,792 - tadGANs - INFO - Epoch 852/1000 - Time: 2.22s - Loss: critic_x=-0.0529, critic_z=-1030.7812, encoder=-1877.9966, decoder=0.2428
2025-06-24 15:52:17,937 - tadGANs - INFO - Epoch 853/1000 - Time: 2.14s - Loss: critic_x=-0.0522, critic_z=-1032.9726, encoder=-1883.4337, decoder=0.2431
2025-06-24 15:52:20,091 - tadGANs - INFO - Epoch 854/1000 - Time: 2.15s - Loss: critic_x=-0.0527, critic_z=-1035.5518, encoder=-1887.8976, decoder=0.2374
2025-06-24 15:52:22,132 - tadGANs - INFO - Epoch 855/1000 - Time: 2.04s - Loss: critic_x=-0.0506, critic_z=-1037.7407, encoder=-1891.5265, decoder=0.2541
2025-06-24 15:52:24,207 - tadGANs - INFO - Epoch 856/1000 - Time: 2.07s - Loss: critic_x=-0.0522, critic_z=-1040.4800, encoder=-1894.7154, decoder=0.2543
2025-06-24 15:52:26,342 - tadGANs - INFO - Epoch 857/1000 - Time: 2.14s - Loss: critic_x=-0.0521, critic_z=-1041.0652, encoder=-1901.9367, decoder=0.2626
2025-06-24 15:52:28,506 - tadGANs - INFO - Epoch 858/1000 - Time: 2.16s - Loss: critic_x=-0.0498, critic_z=-1044.9287, encoder=-1902.6918, decoder=0.2684
2025-06-24 15:52:30,707 - tadGANs - INFO - Epoch 859/1000 - Time: 2.20s - Loss: critic_x=-0.0503, critic_z=-1046.3403, encoder=-1908.2107, decoder=0.2654
2025-06-24 15:52:32,859 - tadGANs - INFO - Epoch 860/1000 - Time: 2.15s - Loss: critic_x=-0.0488, critic_z=-1048.6126, encoder=-1911.6607, decoder=0.2724
2025-06-24 15:52:32,869 - tadGANs - INFO - Models saved at epoch 860
2025-06-24 15:52:35,083 - tadGANs - INFO - Epoch 861/1000 - Time: 2.21s - Loss: critic_x=-0.0485, critic_z=-1050.5743, encoder=-1917.1878, decoder=0.2670
2025-06-24 15:52:37,333 - tadGANs - INFO - Epoch 862/1000 - Time: 2.25s - Loss: critic_x=-0.0482, critic_z=-1052.6287, encoder=-1920.5756, decoder=0.2791
2025-06-24 15:52:39,588 - tadGANs - INFO - Epoch 863/1000 - Time: 2.25s - Loss: critic_x=-0.0475, critic_z=-1055.1901, encoder=-1924.8709, decoder=0.2784
2025-06-24 15:52:41,813 - tadGANs - INFO - Epoch 864/1000 - Time: 2.22s - Loss: critic_x=-0.0489, critic_z=-1057.7599, encoder=-1929.6344, decoder=0.2656
2025-06-24 15:52:45,842 - tadGANs - INFO - Epoch 865/1000 - Time: 4.03s - Loss: critic_x=-0.0488, critic_z=-1060.1756, encoder=-1933.9710, decoder=0.2729
2025-06-24 15:52:48,161 - tadGANs - INFO - Epoch 866/1000 - Time: 2.32s - Loss: critic_x=-0.0464, critic_z=-1062.8150, encoder=-1938.4669, decoder=0.2694
2025-06-24 15:52:50,363 - tadGANs - INFO - Epoch 867/1000 - Time: 2.20s - Loss: critic_x=-0.0480, critic_z=-1064.7643, encoder=-1943.9823, decoder=0.2872
2025-06-24 15:52:52,647 - tadGANs - INFO - Epoch 868/1000 - Time: 2.28s - Loss: critic_x=-0.0470, critic_z=-1066.5579, encoder=-1947.9363, decoder=0.2841
2025-06-24 15:52:54,811 - tadGANs - INFO - Epoch 869/1000 - Time: 2.16s - Loss: critic_x=-0.0458, critic_z=-1068.1382, encoder=-1950.2547, decoder=0.2684
2025-06-24 15:52:56,943 - tadGANs - INFO - Epoch 870/1000 - Time: 2.13s - Loss: critic_x=-0.0475, critic_z=-1071.1161, encoder=-1955.0414, decoder=0.2875
2025-06-24 15:52:56,955 - tadGANs - INFO - Models saved at epoch 870
2025-06-24 15:52:59,086 - tadGANs - INFO - Epoch 871/1000 - Time: 2.13s - Loss: critic_x=-0.0483, critic_z=-1073.5444, encoder=-1960.4220, decoder=0.3046
2025-06-24 15:53:01,291 - tadGANs - INFO - Epoch 872/1000 - Time: 2.20s - Loss: critic_x=-0.0494, critic_z=-1076.9752, encoder=-1962.0888, decoder=0.2860
2025-06-24 15:53:03,362 - tadGANs - INFO - Epoch 873/1000 - Time: 2.07s - Loss: critic_x=-0.0478, critic_z=-1078.7269, encoder=-1967.2151, decoder=0.2908
2025-06-24 15:53:05,476 - tadGANs - INFO - Epoch 874/1000 - Time: 2.11s - Loss: critic_x=-0.0463, critic_z=-1081.7196, encoder=-1974.3633, decoder=0.2913
2025-06-24 15:53:07,615 - tadGANs - INFO - Epoch 875/1000 - Time: 2.14s - Loss: critic_x=-0.0480, critic_z=-1082.6710, encoder=-1977.6382, decoder=0.2919
2025-06-24 15:53:09,772 - tadGANs - INFO - Epoch 876/1000 - Time: 2.16s - Loss: critic_x=-0.0490, critic_z=-1084.4104, encoder=-1981.2310, decoder=0.2766
2025-06-24 15:53:11,809 - tadGANs - INFO - Epoch 877/1000 - Time: 2.04s - Loss: critic_x=-0.0491, critic_z=-1088.0155, encoder=-1986.2909, decoder=0.2860
2025-06-24 15:53:13,862 - tadGANs - INFO - Epoch 878/1000 - Time: 2.05s - Loss: critic_x=-0.0473, critic_z=-1090.2984, encoder=-1994.0725, decoder=0.2781
2025-06-24 15:53:16,070 - tadGANs - INFO - Epoch 879/1000 - Time: 2.21s - Loss: critic_x=-0.0487, critic_z=-1092.6857, encoder=-1995.1634, decoder=0.2944
2025-06-24 15:53:20,192 - tadGANs - INFO - Epoch 880/1000 - Time: 4.12s - Loss: critic_x=-0.0495, critic_z=-1095.4297, encoder=-1998.7035, decoder=0.3054
2025-06-24 15:53:20,204 - tadGANs - INFO - Models saved at epoch 880
2025-06-24 15:53:22,475 - tadGANs - INFO - Epoch 881/1000 - Time: 2.27s - Loss: critic_x=-0.0462, critic_z=-1097.9119, encoder=-2005.1505, decoder=0.3127
2025-06-24 15:53:24,644 - tadGANs - INFO - Epoch 882/1000 - Time: 2.17s - Loss: critic_x=-0.0485, critic_z=-1099.2335, encoder=-2008.9155, decoder=0.3180
2025-06-24 15:53:26,947 - tadGANs - INFO - Epoch 883/1000 - Time: 2.30s - Loss: critic_x=-0.0501, critic_z=-1100.8970, encoder=-2012.2740, decoder=0.3355
2025-06-24 15:53:29,021 - tadGANs - INFO - Epoch 884/1000 - Time: 2.07s - Loss: critic_x=-0.0541, critic_z=-1104.3065, encoder=-2017.0861, decoder=0.3392
2025-06-24 15:53:31,219 - tadGANs - INFO - Epoch 885/1000 - Time: 2.20s - Loss: critic_x=-0.0537, critic_z=-1105.4068, encoder=-2022.2933, decoder=0.3512
2025-06-24 15:53:33,344 - tadGANs - INFO - Epoch 886/1000 - Time: 2.12s - Loss: critic_x=-0.0552, critic_z=-1108.5178, encoder=-2026.4328, decoder=0.3444
2025-06-24 15:53:35,744 - tadGANs - INFO - Epoch 887/1000 - Time: 2.40s - Loss: critic_x=-0.0567, critic_z=-1110.7677, encoder=-2029.2430, decoder=0.3395
2025-06-24 15:53:37,860 - tadGANs - INFO - Epoch 888/1000 - Time: 2.12s - Loss: critic_x=-0.0556, critic_z=-1113.6122, encoder=-2036.4524, decoder=0.3456
2025-06-24 15:53:40,074 - tadGANs - INFO - Epoch 889/1000 - Time: 2.21s - Loss: critic_x=-0.0553, critic_z=-1115.8601, encoder=-2039.1871, decoder=0.3591
2025-06-24 15:53:42,368 - tadGANs - INFO - Epoch 890/1000 - Time: 2.29s - Loss: critic_x=-0.0576, critic_z=-1117.9578, encoder=-2044.5802, decoder=0.3597
2025-06-24 15:53:42,396 - tadGANs - INFO - Models saved at epoch 890
2025-06-24 15:53:44,630 - tadGANs - INFO - Epoch 891/1000 - Time: 2.23s - Loss: critic_x=-0.0567, critic_z=-1121.2832, encoder=-2048.1131, decoder=0.3564
2025-06-24 15:53:46,695 - tadGANs - INFO - Epoch 892/1000 - Time: 2.07s - Loss: critic_x=-0.0563, critic_z=-1121.7223, encoder=-2054.4017, decoder=0.3716
2025-06-24 15:53:49,002 - tadGANs - INFO - Epoch 893/1000 - Time: 2.31s - Loss: critic_x=-0.0557, critic_z=-1124.9297, encoder=-2058.2790, decoder=0.3694
2025-06-24 15:53:52,743 - tadGANs - INFO - Epoch 894/1000 - Time: 3.74s - Loss: critic_x=-0.0588, critic_z=-1127.2252, encoder=-2064.6371, decoder=0.3698
2025-06-24 15:53:54,911 - tadGANs - INFO - Epoch 895/1000 - Time: 2.17s - Loss: critic_x=-0.0567, critic_z=-1129.0291, encoder=-2067.5922, decoder=0.3638
2025-06-24 15:53:57,063 - tadGANs - INFO - Epoch 896/1000 - Time: 2.15s - Loss: critic_x=-0.0574, critic_z=-1132.2401, encoder=-2071.1586, decoder=0.3735
2025-06-24 15:53:59,423 - tadGANs - INFO - Epoch 897/1000 - Time: 2.36s - Loss: critic_x=-0.0607, critic_z=-1136.1544, encoder=-2075.5310, decoder=0.3755
2025-06-24 15:54:01,688 - tadGANs - INFO - Epoch 898/1000 - Time: 2.26s - Loss: critic_x=-0.0608, critic_z=-1136.3913, encoder=-2082.0371, decoder=0.3816
2025-06-24 15:54:04,204 - tadGANs - INFO - Epoch 899/1000 - Time: 2.52s - Loss: critic_x=-0.0578, critic_z=-1140.7013, encoder=-2085.1004, decoder=0.3784
2025-06-24 15:54:06,930 - tadGANs - INFO - Epoch 900/1000 - Time: 2.73s - Loss: critic_x=-0.0606, critic_z=-1141.7060, encoder=-2091.5112, decoder=0.4028
2025-06-24 15:54:06,943 - tadGANs - INFO - Models saved at epoch 900
2025-06-24 15:54:09,863 - tadGANs - INFO - Epoch 901/1000 - Time: 2.92s - Loss: critic_x=-0.0614, critic_z=-1144.2483, encoder=-2096.0084, decoder=0.4126
2025-06-24 15:54:12,536 - tadGANs - INFO - Epoch 902/1000 - Time: 2.67s - Loss: critic_x=-0.0617, critic_z=-1145.9120, encoder=-2098.6467, decoder=0.4023
2025-06-24 15:54:15,341 - tadGANs - INFO - Epoch 903/1000 - Time: 2.81s - Loss: critic_x=-0.0622, critic_z=-1148.1815, encoder=-2105.7454, decoder=0.4024
2025-06-24 15:54:18,173 - tadGANs - INFO - Epoch 904/1000 - Time: 2.83s - Loss: critic_x=-0.0628, critic_z=-1151.3154, encoder=-2104.1949, decoder=0.4189
2025-06-24 15:54:20,833 - tadGANs - INFO - Epoch 905/1000 - Time: 2.66s - Loss: critic_x=-0.0632, critic_z=-1153.9487, encoder=-2114.4261, decoder=0.4302
2025-06-24 15:54:23,744 - tadGANs - INFO - Epoch 906/1000 - Time: 2.91s - Loss: critic_x=-0.0629, critic_z=-1155.8745, encoder=-2116.6534, decoder=0.4232
2025-06-24 15:54:28,272 - tadGANs - INFO - Epoch 907/1000 - Time: 4.53s - Loss: critic_x=-0.0659, critic_z=-1157.7703, encoder=-2120.2073, decoder=0.3955
2025-06-24 15:54:31,060 - tadGANs - INFO - Epoch 908/1000 - Time: 2.79s - Loss: critic_x=-0.0656, critic_z=-1160.3009, encoder=-2125.8474, decoder=0.4082
2025-06-24 15:54:33,998 - tadGANs - INFO - Epoch 909/1000 - Time: 2.94s - Loss: critic_x=-0.0659, critic_z=-1162.4921, encoder=-2130.5585, decoder=0.4134
2025-06-24 15:54:36,753 - tadGANs - INFO - Epoch 910/1000 - Time: 2.75s - Loss: critic_x=-0.0677, critic_z=-1164.9605, encoder=-2133.0765, decoder=0.4155
2025-06-24 15:54:36,765 - tadGANs - INFO - Models saved at epoch 910
2025-06-24 15:54:39,487 - tadGANs - INFO - Epoch 911/1000 - Time: 2.72s - Loss: critic_x=-0.0671, critic_z=-1167.9359, encoder=-2137.5490, decoder=0.4288
2025-06-24 15:54:42,255 - tadGANs - INFO - Epoch 912/1000 - Time: 2.77s - Loss: critic_x=-0.0666, critic_z=-1171.3272, encoder=-2142.8665, decoder=0.4051
2025-06-24 15:54:45,019 - tadGANs - INFO - Epoch 913/1000 - Time: 2.76s - Loss: critic_x=-0.0674, critic_z=-1172.4576, encoder=-2148.7154, decoder=0.4074
2025-06-24 15:54:47,669 - tadGANs - INFO - Epoch 914/1000 - Time: 2.65s - Loss: critic_x=-0.0664, critic_z=-1176.4296, encoder=-2154.9259, decoder=0.4077
2025-06-24 15:54:50,629 - tadGANs - INFO - Epoch 915/1000 - Time: 2.96s - Loss: critic_x=-0.0660, critic_z=-1176.9564, encoder=-2156.8068, decoder=0.4029
2025-06-24 15:54:53,236 - tadGANs - INFO - Epoch 916/1000 - Time: 2.61s - Loss: critic_x=-0.0667, critic_z=-1179.7855, encoder=-2161.9529, decoder=0.4121
2025-06-24 15:54:56,018 - tadGANs - INFO - Epoch 917/1000 - Time: 2.78s - Loss: critic_x=-0.0655, critic_z=-1181.7738, encoder=-2166.3054, decoder=0.4344
2025-06-24 15:55:00,571 - tadGANs - INFO - Epoch 918/1000 - Time: 4.55s - Loss: critic_x=-0.0651, critic_z=-1184.3523, encoder=-2172.4613, decoder=0.4261
2025-06-24 15:55:03,364 - tadGANs - INFO - Epoch 919/1000 - Time: 2.79s - Loss: critic_x=-0.0640, critic_z=-1186.7965, encoder=-2175.6599, decoder=0.4461
2025-06-24 15:55:06,236 - tadGANs - INFO - Epoch 920/1000 - Time: 2.87s - Loss: critic_x=-0.0645, critic_z=-1188.9143, encoder=-2180.2851, decoder=0.4384
2025-06-24 15:55:06,249 - tadGANs - INFO - Models saved at epoch 920
2025-06-24 15:55:09,040 - tadGANs - INFO - Epoch 921/1000 - Time: 2.79s - Loss: critic_x=-0.0683, critic_z=-1191.8610, encoder=-2183.7024, decoder=0.4419
2025-06-24 15:55:11,723 - tadGANs - INFO - Epoch 922/1000 - Time: 2.68s - Loss: critic_x=-0.0658, critic_z=-1194.5290, encoder=-2190.4206, decoder=0.4400
2025-06-24 15:55:14,408 - tadGANs - INFO - Epoch 923/1000 - Time: 2.68s - Loss: critic_x=-0.0651, critic_z=-1198.0618, encoder=-2195.8598, decoder=0.4408
2025-06-24 15:55:17,098 - tadGANs - INFO - Epoch 924/1000 - Time: 2.69s - Loss: critic_x=-0.0650, critic_z=-1199.8700, encoder=-2198.9450, decoder=0.4383
2025-06-24 15:55:19,912 - tadGANs - INFO - Epoch 925/1000 - Time: 2.81s - Loss: critic_x=-0.0630, critic_z=-1201.2232, encoder=-2205.6385, decoder=0.4452
2025-06-24 15:55:22,746 - tadGANs - INFO - Epoch 926/1000 - Time: 2.83s - Loss: critic_x=-0.0646, critic_z=-1204.6411, encoder=-2209.9166, decoder=0.4330
2025-06-24 15:55:25,557 - tadGANs - INFO - Epoch 927/1000 - Time: 2.81s - Loss: critic_x=-0.0642, critic_z=-1206.3225, encoder=-2213.4755, decoder=0.4467
2025-06-24 15:55:28,321 - tadGANs - INFO - Epoch 928/1000 - Time: 2.76s - Loss: critic_x=-0.0627, critic_z=-1208.4395, encoder=-2218.1302, decoder=0.4383
2025-06-24 15:55:31,474 - tadGANs - INFO - Epoch 929/1000 - Time: 3.15s - Loss: critic_x=-0.0613, critic_z=-1211.6778, encoder=-2223.1142, decoder=0.4306
2025-06-24 15:55:36,069 - tadGANs - INFO - Epoch 930/1000 - Time: 4.59s - Loss: critic_x=-0.0604, critic_z=-1214.0748, encoder=-2228.9155, decoder=0.4454
2025-06-24 15:55:36,086 - tadGANs - INFO - Models saved at epoch 930
2025-06-24 15:55:39,219 - tadGANs - INFO - Epoch 931/1000 - Time: 3.13s - Loss: critic_x=-0.0624, critic_z=-1216.5562, encoder=-2231.0554, decoder=0.4341
2025-06-24 15:55:42,227 - tadGANs - INFO - Epoch 932/1000 - Time: 3.01s - Loss: critic_x=-0.0604, critic_z=-1218.4391, encoder=-2234.6312, decoder=0.4516
2025-06-24 15:55:45,068 - tadGANs - INFO - Epoch 933/1000 - Time: 2.84s - Loss: critic_x=-0.0595, critic_z=-1220.4774, encoder=-2240.4483, decoder=0.4364
2025-06-24 15:55:47,900 - tadGANs - INFO - Epoch 934/1000 - Time: 2.83s - Loss: critic_x=-0.0572, critic_z=-1224.2949, encoder=-2247.2704, decoder=0.4531
2025-06-24 15:55:50,694 - tadGANs - INFO - Epoch 935/1000 - Time: 2.79s - Loss: critic_x=-0.0564, critic_z=-1227.3539, encoder=-2253.4483, decoder=0.4532
2025-06-24 15:55:53,544 - tadGANs - INFO - Epoch 936/1000 - Time: 2.85s - Loss: critic_x=-0.0593, critic_z=-1228.5179, encoder=-2254.6304, decoder=0.4576
2025-06-24 15:55:56,381 - tadGANs - INFO - Epoch 937/1000 - Time: 2.84s - Loss: critic_x=-0.0569, critic_z=-1230.3707, encoder=-2260.2802, decoder=0.4690
2025-06-24 15:55:59,295 - tadGANs - INFO - Epoch 938/1000 - Time: 2.91s - Loss: critic_x=-0.0556, critic_z=-1232.1854, encoder=-2263.6918, decoder=0.4686
2025-06-24 15:56:02,221 - tadGANs - INFO - Epoch 939/1000 - Time: 2.93s - Loss: critic_x=-0.0552, critic_z=-1234.7048, encoder=-2266.1163, decoder=0.4832
2025-06-24 15:56:05,168 - tadGANs - INFO - Epoch 940/1000 - Time: 2.95s - Loss: critic_x=-0.0556, critic_z=-1237.7339, encoder=-2275.0401, decoder=0.4840
2025-06-24 15:56:05,182 - tadGANs - INFO - Models saved at epoch 940
2025-06-24 15:56:09,786 - tadGANs - INFO - Epoch 941/1000 - Time: 4.60s - Loss: critic_x=-0.0546, critic_z=-1241.1571, encoder=-2279.9681, decoder=0.4700
2025-06-24 15:56:12,800 - tadGANs - INFO - Epoch 942/1000 - Time: 3.01s - Loss: critic_x=-0.0550, critic_z=-1244.1792, encoder=-2287.4084, decoder=0.4654
2025-06-24 15:56:15,812 - tadGANs - INFO - Epoch 943/1000 - Time: 3.01s - Loss: critic_x=-0.0538, critic_z=-1245.9472, encoder=-2288.7636, decoder=0.4466
2025-06-24 15:56:18,612 - tadGANs - INFO - Epoch 944/1000 - Time: 2.80s - Loss: critic_x=-0.0517, critic_z=-1248.3004, encoder=-2295.8938, decoder=0.4456
2025-06-24 15:56:21,257 - tadGANs - INFO - Epoch 945/1000 - Time: 2.65s - Loss: critic_x=-0.0522, critic_z=-1251.5146, encoder=-2297.8893, decoder=0.4324
2025-06-24 15:56:24,062 - tadGANs - INFO - Epoch 946/1000 - Time: 2.80s - Loss: critic_x=-0.0567, critic_z=-1254.5954, encoder=-2306.5548, decoder=0.4425
2025-06-24 15:56:26,779 - tadGANs - INFO - Epoch 947/1000 - Time: 2.72s - Loss: critic_x=-0.0564, critic_z=-1256.2341, encoder=-2308.2070, decoder=0.4468
2025-06-24 15:56:29,665 - tadGANs - INFO - Epoch 948/1000 - Time: 2.89s - Loss: critic_x=-0.0572, critic_z=-1258.9169, encoder=-2313.0571, decoder=0.4323
2025-06-24 15:56:32,648 - tadGANs - INFO - Epoch 949/1000 - Time: 2.98s - Loss: critic_x=-0.0595, critic_z=-1260.4081, encoder=-2318.1666, decoder=0.4359
2025-06-24 15:56:35,417 - tadGANs - INFO - Epoch 950/1000 - Time: 2.77s - Loss: critic_x=-0.0586, critic_z=-1263.6265, encoder=-2323.6829, decoder=0.4427
2025-06-24 15:56:35,429 - tadGANs - INFO - Models saved at epoch 950
2025-06-24 15:56:38,313 - tadGANs - INFO - Epoch 951/1000 - Time: 2.88s - Loss: critic_x=-0.0581, critic_z=-1266.1253, encoder=-2326.8572, decoder=0.4400
2025-06-24 15:56:42,730 - tadGANs - INFO - Epoch 952/1000 - Time: 4.42s - Loss: critic_x=-0.0598, critic_z=-1268.6231, encoder=-2332.4688, decoder=0.4537
2025-06-24 15:56:45,745 - tadGANs - INFO - Epoch 953/1000 - Time: 3.01s - Loss: critic_x=-0.0622, critic_z=-1271.1023, encoder=-2337.5796, decoder=0.4551
2025-06-24 15:56:48,866 - tadGANs - INFO - Epoch 954/1000 - Time: 3.12s - Loss: critic_x=-0.0611, critic_z=-1274.2985, encoder=-2344.3354, decoder=0.4369
2025-06-24 15:56:51,836 - tadGANs - INFO - Epoch 955/1000 - Time: 2.97s - Loss: critic_x=-0.0640, critic_z=-1276.5356, encoder=-2349.3317, decoder=0.4518
2025-06-24 15:56:54,730 - tadGANs - INFO - Epoch 956/1000 - Time: 2.89s - Loss: critic_x=-0.0632, critic_z=-1278.2148, encoder=-2351.8519, decoder=0.4469
2025-06-24 15:56:57,599 - tadGANs - INFO - Epoch 957/1000 - Time: 2.87s - Loss: critic_x=-0.0628, critic_z=-1282.0900, encoder=-2356.3656, decoder=0.4353
2025-06-24 15:57:00,430 - tadGANs - INFO - Epoch 958/1000 - Time: 2.83s - Loss: critic_x=-0.0629, critic_z=-1282.8294, encoder=-2360.4002, decoder=0.4389
2025-06-24 15:57:03,328 - tadGANs - INFO - Epoch 959/1000 - Time: 2.90s - Loss: critic_x=-0.0609, critic_z=-1285.8655, encoder=-2366.1219, decoder=0.4393
2025-06-24 15:57:06,310 - tadGANs - INFO - Epoch 960/1000 - Time: 2.98s - Loss: critic_x=-0.0627, critic_z=-1288.6734, encoder=-2371.4654, decoder=0.4456
2025-06-24 15:57:06,322 - tadGANs - INFO - Models saved at epoch 960
2025-06-24 15:57:09,096 - tadGANs - INFO - Epoch 961/1000 - Time: 2.77s - Loss: critic_x=-0.0621, critic_z=-1290.8527, encoder=-2378.8973, decoder=0.4498
2025-06-24 15:57:12,095 - tadGANs - INFO - Epoch 962/1000 - Time: 3.00s - Loss: critic_x=-0.0645, critic_z=-1293.6898, encoder=-2381.2762, decoder=0.4312
2025-06-24 15:57:16,577 - tadGANs - INFO - Epoch 963/1000 - Time: 4.48s - Loss: critic_x=-0.0624, critic_z=-1296.3536, encoder=-2383.9063, decoder=0.4405
2025-06-24 15:57:19,555 - tadGANs - INFO - Epoch 964/1000 - Time: 2.98s - Loss: critic_x=-0.0650, critic_z=-1299.4438, encoder=-2388.9282, decoder=0.4474
2025-06-24 15:57:22,569 - tadGANs - INFO - Epoch 965/1000 - Time: 3.01s - Loss: critic_x=-0.0656, critic_z=-1301.5784, encoder=-2396.5175, decoder=0.4615
2025-06-24 15:57:25,371 - tadGANs - INFO - Epoch 966/1000 - Time: 2.80s - Loss: critic_x=-0.0651, critic_z=-1303.5896, encoder=-2398.7642, decoder=0.4587
2025-06-24 15:57:28,281 - tadGANs - INFO - Epoch 967/1000 - Time: 2.91s - Loss: critic_x=-0.0647, critic_z=-1304.8342, encoder=-2403.3585, decoder=0.4562
2025-06-24 15:57:31,185 - tadGANs - INFO - Epoch 968/1000 - Time: 2.90s - Loss: critic_x=-0.0637, critic_z=-1309.1525, encoder=-2408.8109, decoder=0.4607
2025-06-24 15:57:33,945 - tadGANs - INFO - Epoch 969/1000 - Time: 2.76s - Loss: critic_x=-0.0665, critic_z=-1311.0880, encoder=-2413.4078, decoder=0.4823
2025-06-24 15:57:36,776 - tadGANs - INFO - Epoch 970/1000 - Time: 2.83s - Loss: critic_x=-0.0656, critic_z=-1314.3531, encoder=-2417.6245, decoder=0.4804
2025-06-24 15:57:36,788 - tadGANs - INFO - Models saved at epoch 970
2025-06-24 15:57:39,713 - tadGANs - INFO - Epoch 971/1000 - Time: 2.93s - Loss: critic_x=-0.0640, critic_z=-1316.9320, encoder=-2425.7379, decoder=0.5027
2025-06-24 15:57:42,421 - tadGANs - INFO - Epoch 972/1000 - Time: 2.71s - Loss: critic_x=-0.0645, critic_z=-1319.1469, encoder=-2430.6811, decoder=0.4966
2025-06-24 15:57:45,333 - tadGANs - INFO - Epoch 973/1000 - Time: 2.91s - Loss: critic_x=-0.0659, critic_z=-1321.5680, encoder=-2435.7602, decoder=0.5092
2025-06-24 15:57:48,382 - tadGANs - INFO - Epoch 974/1000 - Time: 3.05s - Loss: critic_x=-0.0680, critic_z=-1325.1506, encoder=-2439.2228, decoder=0.5052
2025-06-24 15:57:52,741 - tadGANs - INFO - Epoch 975/1000 - Time: 4.36s - Loss: critic_x=-0.0680, critic_z=-1327.4720, encoder=-2444.8557, decoder=0.5169
2025-06-24 15:57:55,754 - tadGANs - INFO - Epoch 976/1000 - Time: 3.01s - Loss: critic_x=-0.0715, critic_z=-1328.9188, encoder=-2447.8281, decoder=0.4990
2025-06-24 15:57:58,654 - tadGANs - INFO - Epoch 977/1000 - Time: 2.90s - Loss: critic_x=-0.0699, critic_z=-1332.7590, encoder=-2455.9445, decoder=0.5058
2025-06-24 15:58:01,471 - tadGANs - INFO - Epoch 978/1000 - Time: 2.82s - Loss: critic_x=-0.0707, critic_z=-1335.1552, encoder=-2457.4957, decoder=0.5115
2025-06-24 15:58:04,373 - tadGANs - INFO - Epoch 979/1000 - Time: 2.90s - Loss: critic_x=-0.0709, critic_z=-1336.9636, encoder=-2463.8813, decoder=0.5033
2025-06-24 15:58:07,079 - tadGANs - INFO - Epoch 980/1000 - Time: 2.71s - Loss: critic_x=-0.0719, critic_z=-1341.5509, encoder=-2468.7402, decoder=0.5122
2025-06-24 15:58:07,091 - tadGANs - INFO - Models saved at epoch 980
2025-06-24 15:58:09,830 - tadGANs - INFO - Epoch 981/1000 - Time: 2.74s - Loss: critic_x=-0.0725, critic_z=-1343.3970, encoder=-2477.3543, decoder=0.5140
2025-06-24 15:58:12,775 - tadGANs - INFO - Epoch 982/1000 - Time: 2.95s - Loss: critic_x=-0.0746, critic_z=-1345.4821, encoder=-2477.2963, decoder=0.5212
2025-06-24 15:58:15,534 - tadGANs - INFO - Epoch 983/1000 - Time: 2.76s - Loss: critic_x=-0.0763, critic_z=-1347.9950, encoder=-2484.3241, decoder=0.5394
2025-06-24 15:58:18,393 - tadGANs - INFO - Epoch 984/1000 - Time: 2.86s - Loss: critic_x=-0.0771, critic_z=-1350.4712, encoder=-2488.9049, decoder=0.5337
2025-06-24 15:58:21,398 - tadGANs - INFO - Epoch 985/1000 - Time: 3.00s - Loss: critic_x=-0.0764, critic_z=-1352.0012, encoder=-2492.9666, decoder=0.5377
2025-06-24 15:58:25,791 - tadGANs - INFO - Epoch 986/1000 - Time: 4.39s - Loss: critic_x=-0.0766, critic_z=-1354.8853, encoder=-2497.6107, decoder=0.5432
2025-06-24 15:58:28,770 - tadGANs - INFO - Epoch 987/1000 - Time: 2.98s - Loss: critic_x=-0.0765, critic_z=-1358.3920, encoder=-2505.3195, decoder=0.5483
2025-06-24 15:58:31,602 - tadGANs - INFO - Epoch 988/1000 - Time: 2.83s - Loss: critic_x=-0.0766, critic_z=-1360.3806, encoder=-2507.3541, decoder=0.5458
2025-06-24 15:58:34,396 - tadGANs - INFO - Epoch 989/1000 - Time: 2.79s - Loss: critic_x=-0.0775, critic_z=-1363.0139, encoder=-2514.3879, decoder=0.5367
2025-06-24 15:58:37,327 - tadGANs - INFO - Epoch 990/1000 - Time: 2.93s - Loss: critic_x=-0.0768, critic_z=-1365.9972, encoder=-2517.6665, decoder=0.5402
2025-06-24 15:58:37,340 - tadGANs - INFO - Models saved at epoch 990
2025-06-24 15:58:40,173 - tadGANs - INFO - Epoch 991/1000 - Time: 2.83s - Loss: critic_x=-0.0769, critic_z=-1367.7412, encoder=-2522.3049, decoder=0.5525
2025-06-24 15:58:42,877 - tadGANs - INFO - Epoch 992/1000 - Time: 2.70s - Loss: critic_x=-0.0784, critic_z=-1371.8332, encoder=-2528.9643, decoder=0.5563
2025-06-24 15:58:45,886 - tadGANs - INFO - Epoch 993/1000 - Time: 3.01s - Loss: critic_x=-0.0786, critic_z=-1373.8624, encoder=-2533.5454, decoder=0.5602
2025-06-24 15:58:48,631 - tadGANs - INFO - Epoch 994/1000 - Time: 2.74s - Loss: critic_x=-0.0801, critic_z=-1375.8015, encoder=-2538.1559, decoder=0.5700
2025-06-24 15:58:51,444 - tadGANs - INFO - Epoch 995/1000 - Time: 2.81s - Loss: critic_x=-0.0815, critic_z=-1378.3528, encoder=-2543.7800, decoder=0.5628
2025-06-24 15:58:54,393 - tadGANs - INFO - Epoch 996/1000 - Time: 2.95s - Loss: critic_x=-0.0794, critic_z=-1381.8846, encoder=-2548.3468, decoder=0.5576
2025-06-24 15:58:58,893 - tadGANs - INFO - Epoch 997/1000 - Time: 4.50s - Loss: critic_x=-0.0786, critic_z=-1383.6310, encoder=-2551.1550, decoder=0.5592
2025-06-24 15:59:01,876 - tadGANs - INFO - Epoch 998/1000 - Time: 2.98s - Loss: critic_x=-0.0784, critic_z=-1386.8329, encoder=-2556.7477, decoder=0.5685
2025-06-24 15:59:04,682 - tadGANs - INFO - Epoch 999/1000 - Time: 2.80s - Loss: critic_x=-0.0784, critic_z=-1389.0780, encoder=-2564.3266, decoder=0.5738
2025-06-24 15:59:07,391 - tadGANs - INFO - Epoch 1000/1000 - Time: 2.71s - Loss: critic_x=-0.0783, critic_z=-1392.0414, encoder=-2568.1323, decoder=0.5625
2025-06-24 15:59:07,402 - tadGANs - INFO - Models saved at epoch 1000
2025-06-24 15:59:07,414 - tadGANs - INFO - Training completed in 2914.62s
2025-06-24 15:59:07,417 - tadGANs - INFO - Calculating anomaly scores
2025-06-24 16:00:37,339 - tadGANs - INFO - Using statistical threshold: 2.1856
2025-06-24 16:00:37,339 - tadGANs - INFO - Pruning false positives
2025-06-24 16:00:40,397 - tadGANs - INFO - Plot saved to results/de30_1day_results_plot.png
2025-06-24 16:00:40,404 - tadGANs - INFO - Results saved to results/de30_1day_results.csv
2025-06-24 16:00:40,537 - tadGANs - INFO - Results exported to Excel: results/de30_1day_results.xlsx
2025-06-24 16:00:40,538 - tadGANs - INFO - Successfully processed csv_data/de30_1day.csv
