signal,anomaly_score,is_anomaly
-1.0292834159704911,-0.07800999742245543,0
-1.0251892232450617,-0.07659228229900314,0
-1.0084405008254849,-0.07522083162667728,0
-0.9888383832316886,-0.07413476023541297,0
-1.0011206585158652,-0.07315123629103606,0
-1.0027335590309885,-0.07203517276974541,0
-1.016256631866376,-0.07050419483553466,0
-1.0138993739773727,-0.06904185970442406,0
-1.0307721307182538,-0.06769746177524034,0
-1.0089367895567574,-0.06588858650541932,0
-1.0109217930357923,-0.06407243344492941,0
-0.9895827406055688,-0.06242448867512842,0
-0.9995079094467992,-0.06079402484451038,0
-1.0018651673358037,-0.0589707726173002,0
-0.9906993523894192,-0.05719904994151543,0
-0.9714693377595351,-0.055476405853899693,0
-0.9784169256591844,-0.05395887187642642,0
-0.9790372487117612,-0.052451109216712,0
-0.9780446712492162,-0.05091782017080744,0
-0.9637772410399472,-0.0495344242608923,0
-0.9645215984138276,-0.048237883889287576,0
-0.947152552941674,-0.04642134147467015,0
-0.9269301122953008,-0.04492134990372192,0
-0.926681892206636,-0.04346112439804158,0
-0.8769320136791798,-0.04183810807398852,0
-0.8759395876626909,-0.04067208141904203,0
-0.8809021720833061,-0.039340067541651966,0
-0.8148997084214887,-0.03788633212297859,0
-0.8258174547252644,-0.03682145042759128,0
-0.8645255526276416,-0.03573718874122232,0
-0.8605555456695714,-0.03440694820232413,0
-0.841945854092264,-0.033069117544383166,0
-0.8366110152616806,-0.032061375201332,0
-0.8625405491486065,-0.031085515117381182,0
-0.8466602184242145,-0.029987217750855364,0
-0.826313743456538,-0.028986749215090802,0
-0.8269340665091148,-0.0281467444149889,0
-0.849761833687099,-0.027261265784880744,0
-0.8322687538936422,-0.026370484689363483,0
-0.8367350495829838,-0.025558265637919225,0
-0.8233361625149567,-0.024699498578167587,0
-0.8031135704225274,-0.024006620753699602,0
-0.7876054941081047,-0.023456972615694693,0
-0.7959179138802693,-0.0229423502532564,0
-0.7972825943067264,-0.022360121591802805,0
-0.8041061478850724,-0.021608264821160236,0
-0.7850001675764926,-0.020793566669456528,0
-0.8015008213534616,-0.020004191967411555,0
-0.8192419697895271,-0.019179743397172173,0
-0.8366110152616806,-0.018161847784815176,0
-0.8379756956881377,-0.017240486099704494,0
-0.7943050133651463,-0.016321346776250745,0
-0.807579866111869,-0.015661813573650568,0
-0.8199863271634072,-0.014861883970635618,0
-0.8145276054575766,-0.014022879383378557,0
-0.8449234350338453,-0.013227340002812142,0
-0.847776830208065,-0.012252372708277249,0
-0.8496377993657958,-0.011156284010985472,0
-0.8301597160933027,-0.010093476128926292,0
-0.840953276629719,-0.009096659030075666,0
-0.8318966509297302,-0.008118619427874903,0
-0.8467844041915761,-0.007209091624048066,0
-0.851995057254799,-0.0062029420704446435,0
-0.8390923074719883,-0.005296968320741339,0
-0.8464121497816067,-0.004484097564678896,0
-0.8294153587194225,-0.0036287753309356676,0
-0.8215992276785303,-0.002888314572373338,0
-0.8039821135637691,-0.0022731170833748477,0
-0.8006322782122197,-0.0018375733695810915,0
-0.8162643888479458,-0.0013839040910186265,0
-0.8433105345187222,-0.0007444868169199767,0
-0.8332613313561873,0.0003310074188948223,0
-0.8326410083036103,0.0012664542839101662,0
-0.8085724435744153,0.002154247051115343,0
-0.8083243749318075,0.0028092189597173885,0
-0.8135350279950305,0.003408933384268877,0
-0.8387202045080762,0.003999667648503118,0
-0.8260655233678731,0.004781470174870888,0
-0.8219714820884996,0.005402757497908126,0
-0.8132869593524228,0.0059559858750822545,0
-0.7930643672599924,0.006499737491508044,0
-0.76366111514627,0.006886930958687858,0
-0.7568375615679239,0.007185674022921145,0
-0.7618001459885393,0.00757698936951928,0
-0.7833872670613695,0.007974432816319248,0
-0.785744524950374,0.008550027914361791,0
-0.7590706336895667,0.009005054858239407,0
-0.792940332938688,0.00920162730575444,0
-0.7950493707390276,0.009630354240641056,0
-0.7817745179923037,0.010032943996310302,0
-0.787109205376831,0.010334023782088668,0
-0.785124201897797,0.01029550871080582,0
-0.7832632327400663,0.010231608057434916,0
-0.7797895145132696,0.010021415432461314,0
-0.7828911297761542,0.009784196592070565,0
-0.8070837288266537,0.009618822201841756,0
-0.8093168009482965,0.009601845360273397,0
-0.8109297014634185,0.009643402211054962,0
-0.8384719844194113,0.009682799256775506,0
-0.845171503676453,0.009926211187427874,0
-0.8493897307231869,0.010218966423833598,0
-0.857205710318022,0.01064844146913888,0
-0.8559650642128681,0.011071138616592533,0
-0.8595629682070263,0.011505949361999075,0
-0.8621682947386372,0.011934685119595487,0
-0.8245768086201105,0.012423420065027915,0
-0.8189939011469183,0.012658485792137826,0
-0.8192419697895271,0.012837246592235955,0
-0.8001359894809461,0.01310740001440172,0
-0.7872333911441926,0.013210052735475142,0
-0.7832632327400663,0.013320838328865409,0
-0.7696161255833742,0.01360906801494908,0
-0.7681274108356116,0.013724338477290878,0
-0.7678791907469468,0.01388509214181517,0
-0.7551006267314965,0.013819428511013403,0
-0.7595669224208392,0.013619583990029906,0
-0.7626685376837238,0.013490018753492537,0
-0.7868611367342233,0.013280303620976618,0
-0.7899627519971079,0.012902027503864964,0
-0.798399206090577,0.012508295524438908,0
-0.7254491545291092,0.012191794882682312,0
-0.7223475392662246,0.011342100679165103,0
-0.731280130644909,0.010406669016194381,0
-0.7206106044297983,0.009534497307038231,0
-0.7274341580081443,0.008579631914405602,0
-0.7047304251514634,0.007513991152132298,0
-0.680289606012299,0.0061713631262349826,0
-0.6697441141184916,0.004765791008333728,0
-0.6756992760016519,0.00327695118257913,0
-0.6800415373696903,0.0016950883614555152,0
-0.6820265408487254,0.0001162485989770179,0
-0.7079560747356513,-0.001419097840065759,0
-0.6976586514844526,-0.0027965583116796888,0
-0.7114297929624479,-0.0042810952538311145,0
-0.7173849548456094,-0.005625951453704281,0
-0.7150276969566061,-0.006981737102453682,0
-0.7111817243198402,-0.00846908570596401,0
-0.7269378692768707,-0.009925972305509831,0
-0.712422370424994,-0.011335524630636367,0
-0.7216031818923433,-0.012779279381470394,0
-0.7263175462242938,-0.014495896132107382,0
-0.7245807628339246,-0.016093702913627352,0
-0.7172609205243049,-0.017662168648056246,0
-0.7101891468572941,-0.019404625948692918,0
-0.6894704174796483,-0.021139495816374913,0
-0.6864928365380681,-0.023074026124766587,0
-0.6703644371710685,-0.02511581934999437,0
-0.6806618604222672,-0.0271627740881269,0
-0.6773120250707177,-0.029125536220189336,0
-0.7051025281153755,-0.030970858155455014,0
-0.708824466430837,-0.03267862935841784,0
-0.7018768785311865,-0.03422469163767698,0
-0.6953013935954482,-0.03583842953585703,0
-0.6975346171631481,-0.03730858490150902,0
-0.7058468854892557,-0.038873793152595724,0
-0.7002639780160634,-0.04024645046143994,0
-0.6876094483219176,-0.04158560434206785,0
-0.6972865485205405,-0.04299683438542329,0
-0.686741056626733,-0.04442106505760114,0
-0.7001399436947602,-0.04592010214337297,0
-0.7034897790463096,-0.047117682152873486,0
-0.6998918750521514,-0.048224278608802275,0
-0.7199902813772213,-0.04950561106042314,0
-0.7253251202078048,-0.05061457106918904,0
-0.7235881853713785,-0.051580258424479275,0
-0.7218512505349521,-0.0525980629603067,0
-0.7357465777803089,-0.053670500487967066,0
-0.7417015882174133,-0.054676444898491584,0
-0.7351262547277321,-0.055746668417819153,0
-0.7228438279974971,-0.056837286347106546,0
-0.6889741287483758,-0.057939182487691025,0
-0.6953013935954482,-0.059205002068430435,0
-0.7046062393841018,-0.06044396189579393,0
-0.7129186591562665,-0.06151027569034267,0
-0.7242085084239553,-0.06251086822746237,0
-0.726689800634263,-0.06327941803583521,0
-0.7235881853713785,-0.064156987953869,0
-0.733513354212609,-0.0650391059142364,0
-0.7430662686438704,-0.0656627153694195,0
-0.733513354212609,-0.06639862171279273,0
-0.7332652855700014,-0.06729100391327708,0
-0.7168886661143368,-0.06809652330516774,0
-0.7001399436947602,-0.06898788926121507,0
-0.7041101020988866,-0.06995436353286316,0
-0.701008486836002,-0.07098787394732796,0
-0.7181293122194906,-0.07199164075829399,0
-0.7261935119029904,-0.07286448127696205,0
-0.7233401167287707,-0.0735128019941657,0
-0.7337614228552166,-0.07422387600032243,0
-0.7390962616858012,-0.07477842996800728,0
-0.7920717897974463,-0.07531417078536154,0
-0.7934366216699617,-0.0756664844665139,0
-0.8125424505324843,-0.07603756043630464,0
-0.8136590623163349,-0.07617803340896448,0
-0.8085724435744153,-0.0764593441440974,0
-0.8109297014634185,-0.07690972345709383,0
-0.8060911513641076,-0.07739543183268435,0
-0.8084484092531108,-0.0779383869538105,0
-0.8068355087379889,-0.07841672684814284,0
-0.7988953433757923,-0.07915340167519778,0
-0.7900867863184123,-0.07984077651469784,0
-0.792940332938688,-0.08015837514839837,0
-0.7925680785287199,-0.08059193832245208,0
-0.7974066286280308,-0.08102549133938486,0
-0.785124201897797,-0.0812295431133747,0
-0.793932758955177,-0.08139804227916292,0
-0.7900867863184123,-0.08158364464713402,0
-0.7806579062084542,-0.08190395282944468,0
-0.7856204906290695,-0.08215555204102522,0
-0.7671348333730665,-0.08230914807886154,0
-0.7418256225387165,-0.08268375101143687,0
-0.7476567501005735,-0.08337889634629553,0
-0.7461678839067549,-0.08380921783230544,0
-0.7771840365356004,-0.08432693808743365,0
-0.7832632327400663,-0.08462592659340602,0
-0.7842558102026113,-0.08474750012779213,0
-0.7930643672599924,-0.08487920779672532,0
-0.8480250502967298,-0.08501304614242784,0
-0.844551180623876,-0.08465409648913125,0
-0.8452955379977574,-0.08411295184329165,0
-0.8538560264125297,-0.08352897261013295,0
-0.8637811952537603,-0.08296453048154306,0
-0.8624165148273021,-0.08227943289774949,0
-0.8606795799908757,-0.08142475927899451,0
-0.8878497599829555,-0.08073861901971245,0
-0.901372832818344,-0.07986214234386645,0
-0.8859887908252246,-0.0787602330843549,0
-0.889338474730718,-0.0778446138856806,0
-0.9105534928396364,-0.07712595390871406,0
-0.9153920429389484,-0.07624124904716378,0
-0.9052188054551088,-0.0752185411606186,0
-0.9065834858815672,-0.07424922953939472,0
-0.9145236512437626,-0.07336826882703323,0
-0.9053428397764132,-0.07254605104926115,0
-0.91179413894479,-0.0718186537304803,0
-0.924696888727602,-0.07128113888419964,0
-0.9196102699856824,-0.07070878460874438,0
-0.9280467240791512,-0.07005064526953401,0
-0.9223396308385976,-0.06946963212529464,0
-0.9639012753612506,-0.06898918628943582,0
-0.9545964295725968,-0.06817595916063775,0
-0.94814513040422,-0.06729385814224896,0
-0.9593109453506046,-0.06642211251592006,0
-0.9598072340818772,-0.06543586443333615,0
-0.9626606292560967,-0.06425624995618728,0
-0.958814656619332,-0.06308983516035756,0
-0.9521151373622893,-0.06194970373742081,0
-0.9495098108306784,-0.06080981806544522,0
-0.9284188270430634,-0.059705271244865445,0
-0.9363589924052588,-0.05880264591637434,0
-0.923456242622448,-0.05781509779505079,0
-0.919238015575713,-0.05683027345435658,0
-0.8995118636606134,-0.05603619946660808,0
-0.9091888124131792,-0.055138133117389077,0
-0.8947973478826058,-0.0542667880722272,0
-0.8939289561874213,-0.053385658414653835,0
-0.8797855602994555,-0.0525112560337337,0
-0.875691367574026,-0.0516607642721682,0
-0.8801576632633676,-0.050867245132577475,0
-0.8594389338857219,-0.050091214910560865,0
-0.8603073255809065,-0.04950368153555119,0
-0.8732100753637183,-0.04898564151576694,0
-0.8689918483169833,-0.04834087947804676,0
-0.8557169955702605,-0.04766636882683102,0
-0.8615479716860603,-0.04729401752578025,0
-0.87767637105306,-0.04682616233519844,0
-0.8873534712516828,-0.046354502984066875,0
-0.8890904060881092,-0.04582590151683465,0
-0.8827631412410368,-0.04531126540401138,0
-0.8636571609324559,-0.04481047256178017,0
-0.8673790992479173,-0.044385610405464626,0
-0.853607957769922,-0.043974395760093134,0
-0.8513747342022221,-0.04368063167014902,0
-0.8371073039929531,-0.043455676706418346,0
-0.8318966509297302,-0.043335860772726484,0
-0.8276784238829951,-0.043233519826626335,0
-0.8307800391458796,-0.04341663463173698,0
-0.8316484308410653,-0.04355193820375121,0
-0.8440548918926035,-0.0436860787186307,0
-0.8446752149451804,-0.043887901971242066,0
-0.8349982661926147,-0.04398196735409843,0
-0.8247008429414149,-0.04413988068233272,0
-0.8276784238829951,-0.04434271409557863,0
-0.8278024582042994,-0.044558363387586127,0
-0.8346260117826455,-0.04466238864450182,0
-0.8120463132472691,-0.044650116485275386,0
-0.8037338934751044,-0.04476908419552737,0
-0.8031135704225274,-0.04484049306628007,0
-0.8090687323056878,-0.044963693554955456,0
-0.8136590623163349,-0.04495241887430914,0
-0.8347500461039499,-0.04496495892061791,0
-0.8426902114661453,-0.04481009255415933,0
-0.8439308575712992,-0.044635320282151336,0
-0.855592961248956,-0.04430195502597073,0
-0.8637811952537603,-0.04381164681647343,0
-0.8713491062059876,-0.04330836355719448,0
-0.8734582954523832,-0.04272115868761624,0
-0.8713491062059876,-0.042056141822821136,0
-0.8719694292585645,-0.04147812520150554,0
-0.8742026528262634,-0.040905819787976624,0
-0.8414495653609915,-0.040337455156926404,0
-0.8373553726355608,-0.040035884574846706,0
-0.8326410083036103,-0.03961840915314805,0
-0.8171329319891876,-0.03916051571866542,0
-0.8131627735850613,-0.03877129665969281,0
-0.8161403545266426,-0.03843575800225213,0
-0.8145276054575766,-0.038176618605029286,0
-0.8055948626328351,-0.03788078203527392,0
-0.8057188969541383,-0.037626470715760085,0
-0.8080761548431427,-0.037379349759029096,0
-0.8184976124156458,-0.03705698022782775,0
-0.8156440657953689,-0.036626370731045174,0
-0.8113018044273306,-0.03618399955450208,0
-0.8060911513641076,-0.03586536963317231,0
-0.8180013236843733,-0.03548502898819719,0
-0.8119221274799074,-0.03489976230551751,0
-0.8069595430592922,-0.03437522962961021,0
-0.8109297014634185,-0.03388317326416974,0
-0.7859927450390388,-0.03324695020184487,0
-0.780905974851062,-0.032792871317545685,0
-0.7677551564256435,-0.03231290993184123,0
-0.7634128950576051,-0.03190088445071285,0
-0.7605594998833854,-0.03140742912245107,0
-0.7733380638988357,-0.030939077819671524,0
-0.7727177408462588,-0.030477138237715466,0
-0.7658941872679128,-0.030033112520856834,0
-0.780285651798485,-0.029688299108572742,0
-0.792940332938688,-0.029254154772826776,0
-0.7972825943067264,-0.028793703574271235,0
-0.7952975908276925,-0.028357852811847214,0
-0.7923200098861112,-0.02796302394705308,0
-0.8082001891644459,-0.02757519905270041,0
-0.8059671170428032,-0.027229208086562068,0
-0.8167606775792194,-0.026899641798966013,0
-0.8414495653609915,-0.026350131791634486,0
-0.8435586031613299,-0.02574909166115374,0
-0.8429382801087529,-0.025196509951108115,0
-0.856585387265445,-0.02466011992854902,0
-0.8528634489499836,-0.024096479400372985,0
-0.8461640811389991,-0.023603520227564078,0
-0.8418218197709607,-0.023148612035868016,0
-0.8388442388293794,-0.022754845151093692,0
-0.830904073467184,-0.02240835619052476,0
-0.802989536101223,-0.02209810255524289,0
-0.8101853440895382,-0.02190392785013223,0
-0.8089446979843845,-0.021587797199452263,0
-0.7990195291431539,-0.021299703287789132,0
-0.8063392200067152,-0.021003407310998118,0
-0.8093168009482965,-0.020555858764892167,0
-0.8050985739015614,-0.020178232516297603,0
-0.7904590407283804,-0.019965522992385548,0
-0.7972825943067264,-0.019836739531018773,0
-0.7850001675764926,-0.0196061225590274,0
-0.7912033981022617,-0.019554593042089525,0
-0.7790450056933311,-0.019467289762577805,0
-0.7759433904304466,-0.019488560546343663,0
-0.757209664531836,-0.019527761587534772,0
-0.7625445033624194,-0.01979906785590257,0
-0.7796653287459081,-0.019978570991882973,0
-0.789342428944531,-0.019984171623880206,0
-0.7923200098861112,-0.020017975746492722,0
-0.7926921128500232,-0.01996694881124997,0
-0.7840075901139465,-0.019868055898257388,0
-0.8095650210369614,-0.01988319292767946,0
-0.8073317974692614,-0.01963797289458426,0
-0.819490189878192,-0.019441624333719165,0
-0.823460196836261,-0.019106485563918817,0
-0.820482615894681,-0.018708406793142028,0
-0.8152719628314569,-0.018456798991471915,0
-0.8046024366163461,-0.01822087376890004,0
-0.8168847119005227,-0.017968525092184166,0
-0.8167606775792194,-0.017683105945861966,0
-0.8147756741001844,-0.017419715374673496,0
-0.819490189878192,-0.016998715853623357,0
-0.8238324512462303,-0.016725047914317902,0
-0.8521190915761033,-0.016356424586130243,0
-0.8490174763132188,-0.015675193160512,0
-0.8467844041915761,-0.015079579548308015,0
-0.8636571609324559,-0.014443420247016123,0
-0.8593148995644175,-0.013690511976165035,0
-0.8574539304066868,-0.013088161961501154,0
-0.8518710229334946,-0.012547472983734008,0
-0.8541040950551374,-0.012017594729601379,0
-0.8413255310396871,-0.011529140545839372,0
-0.8336334343200993,-0.011224977922759297,0
-0.8233361625149567,-0.010959210485413833,0
-0.8232121281936534,-0.010877920242505302,0
-0.8187456810582534,-0.010855895103368606,0
-0.8069595430592922,-0.010852035637787362,0
-0.8074558317905658,-0.010968398648799107,0
-0.8101853440895382,-0.011058319755065197,0
-0.8135350279950305,-0.011062836378433628,0
-0.800384209569611,-0.01100560154975289,0
-0.7894664632658354,-0.010983237045553753,0
-0.7916996868335342,-0.011074628108496003,0
-0.7842558102026113,-0.011073206106586445,0
-0.7852482362191002,-0.011127006535937635,0
-0.7902108206397156,-0.011105196467947859,0
-0.8019969586386768,-0.010960571463744281,0
-0.8021211444060384,-0.010723312920327216,0
-0.8043542165276812,-0.010421575077510702,0
-0.7837595214713388,-0.009976605967547751,0
-0.770484668724616,-0.009631387472180987,0
-0.7655220843040007,-0.009360274147058846,0
-0.7698643456720391,-0.009073710922891987,0
-0.7828911297761542,-0.00875381245828166,0
-0.7789209713720279,-0.008371481509872002,0
-0.7671348333730665,-0.008043705744794622,0
-0.7680033765143084,-0.007774731652205149,0
-0.7616759602211777,-0.007487264463026426,0
-0.7687477338881885,-0.007108494944988126,0
-0.764033218110182,-0.006672111881923948,0
-0.7670107990517622,-0.006260951176893935,0
-0.7595669224208392,-0.005911321425370913,0
-0.7382278699906166,-0.0055883019169903105,0
-0.7340096429438815,-0.005398471076746376,0
-0.7402128734696506,-0.0051833846428892645,0
-0.7301636703071168,-0.004792631932662742,0
-0.719866247055917,-0.004403957079375189,0
-0.7016288098885789,-0.004167807354281227,0
-0.7082041433782601,-0.0041945009603291715,0
-0.6943089675789592,-0.004160496856629854,0
-0.6931923557951098,-0.004166129927887487,0
-0.7118020473724171,-0.0042574784309735835,0
-0.7155239856878786,-0.0042430575223068945,0
-0.7212309274823752,-0.004251000665247222,0
-0.7196181784133093,-0.004351360427986906,0
-0.7249528657978367,-0.004405371858681097,0
-0.7424459455912934,-0.004471148690030331,0
-0.742570131358655,-0.004336493166756653,0
-0.7353743233703397,-0.004146202166228885,0
-0.7619241803098425,-0.003784044857545129,0
-0.7585743449582931,-0.0032729228420908694,0
-0.7418256225387165,-0.0027777352068952084,0
-0.7539840149476471,-0.0025866978566259986,0
-0.7708567716885281,-0.002312621142262923,0
-0.768251445156916,-0.0019180439504969781,0
-0.7732140295775313,-0.0015464094484978486,0
-0.784131775881308,-0.0011385074938425404,0
-0.7856204906290695,-0.000787314185840911,0
-0.7828911297761542,-0.0004227326629898527,0
-0.7876054941081047,-0.00016488693218495417,0
-0.7854964563077651,0.0002560881702290308,0
-0.772841775167562,0.0006337220953275605,0
-0.7619241803098425,0.0010754202245094266,0
-0.7678791907469468,0.001377135382407479,0
-0.7585743449582931,0.0016691934720748968,0
-0.7484011074744549,0.0019231370804191773,0
-0.75038611095349,0.002062563393618379,0
-0.7713530604198006,0.0022938000019867857,0
-0.7751990330565665,0.0026566980461438143,0
-0.7665145103204897,0.0029793294940198213,0
-0.778300648319451,0.0031894586251902785,0
-0.7779285453555389,0.003532188319881957,0
-0.7812782292610312,0.003810866069237543,0
-0.7807819405297586,0.0042074732176065706,0
-0.7920717897974463,0.0046538672847784325,0
-0.789342428944531,0.005348005975621696,0
-0.7823948410448806,0.006092986792477989,0
-0.7912033981022617,0.006657786040452186,0
-0.7823948410448806,0.007121168040983525,0
-0.7814022635823356,0.00752601603353794,0
-0.7918237211548387,0.008091456342717964,0
-0.7758193561091433,0.008660627270880709,0
-0.7828911297761542,0.009148116258688345,0
-0.7730899952562269,0.009567714362904722,0
-0.7681274108356116,0.009967604067729731,0
-0.7845038788452201,0.010388889232320737,0
-0.7784246826407543,0.010978928243416073,0
-0.7732140295775313,0.011627709493707028,0
-0.7794172601033004,0.012124948992629137,0
-0.778300648319451,0.012682113942290942,0
-0.7554727296954086,0.013260391309724336,0
-0.7817745179923037,0.013670180516311208,0
-0.7737103183088038,0.014290996412475887,0
-0.7606835342046887,0.014819531195894683,0
-0.7667627304091545,0.015168252022775105,0
-0.7579540219057161,0.015450562302087252,0
-0.7568375615679239,0.01576230120299947,0
-0.77246967220365,0.015986542991061628,0
-0.7835114528287311,0.01627685284273858,0
-0.7765637134830236,0.016652670102283898,0
-0.7821466209562157,0.016962508193018394,0
-0.7979029173593033,0.017220661799811608,0
-0.7964140511654847,0.017541396137682356,0
-0.8125424505324843,0.017965512992066647,0
-0.8182495437730382,0.018463640239298574,0
-0.8201105129307689,0.01903413774868896,0
-0.8265618120991456,0.01957476056421011,0
-0.8180013236843733,0.020166960162153812,0
-0.807579866111869,0.020798395281886598,0
-0.8069595430592922,0.021327364169029087,0
-0.7971585599854232,0.021829234339388628,0
-0.7990195291431539,0.022045758211697894,0
-0.7923200098861112,0.0223064062005252,0
-0.7908311436922925,0.022498910367183572,0
-0.7807819405297586,0.022675044003608435,0
-0.7699883799933424,0.022804145049564305,0
-0.7663904759991853,0.02284158554945199,0
-0.7575819189418042,0.02284373536207992,0
-0.7424459455912934,0.02293166551610205,0
-0.7332652855700014,0.022915989808757045,0
-0.7301636703071168,0.02281697508446222,0
-0.7261935119029904,0.022660034144862215,0
-0.7250769001191399,0.022556815151592764,0
-0.7271860893655355,0.022346665691029454,0
-0.7357465777803089,0.022147293789409404,0
-0.7286748041132981,0.022043356638314575,0
-0.7247047971552278,0.021893001275494407,0
-0.708824466430837,0.021741864250170256,0
-0.7063431742205293,0.02142717147138624,0
-0.7031175246363404,0.021152079881909123,0
-0.7180052778981862,0.02075513684490108,0
-0.7106854355885677,0.02052230645037762,0
-0.7119260816937215,0.020293655921226204,0
-0.7059710712566173,0.01984326050114523,0
-0.680909929064876,0.019341691336948623,0
-0.6728457293813761,0.018670137799401267,0
-0.6862447678954594,0.01792186986731104,0
-0.7063431742205293,0.017238262219131776,0
-0.7018768785311865,0.01669565641497009,0
-0.6953013935954482,0.016102024957998826,0
-0.7084523634669249,0.015386842805811473,0
-0.7093207551621095,0.014705310156438257,0
-0.7178812435768819,0.01400348368316322,0
-0.7358706121016123,0.013392901807848722,0
-0.7292951271658751,0.012811530906790353,0
-0.7340096429438815,0.0122737698914821,0
-0.7202385014658862,0.011808482065407225,0
-0.7153999513665742,0.011181124967775354,0
-0.6814062177961485,0.010596820404613391,0
-0.6856244448428824,0.009738248042438577,0
-0.6842597644164254,0.008832336718207464,0
-0.7145314082253325,0.00793927742481025,0
-0.713042693477571,0.007185895591578592,0
-0.7122983361036896,0.006410234223330197,0
-0.7152759170452709,0.005529456821135118,0
-0.7121743017823864,0.004692674870553284,0
-0.7310320620023013,0.0037741381661084237,0
-0.7310320620023013,0.003048855460989435,0
-0.7466641726380285,0.0022679892457420085,0
-0.724084474102651,0.0015953991301968253,0
-0.7278064124181124,0.000850298166743667,0
-0.7085763977882282,5.591734429211312e-05,0
-0.7180052778981862,-0.0008797554523028726,0
-0.7255731888504136,-0.0017810039004183661,0
-0.722471573587529,-0.002602996412223627,0
-0.7261935119029904,-0.003493560261703262,0
-0.7181293122194906,-0.004417136224183408,0
-0.7199902813772213,-0.005367784224714108,0
-0.7294191614871783,-0.006357142393450915,0
-0.7362427150655243,-0.007291599322664745,0
-0.7294191614871783,-0.008134897404472763,0
-0.7364909351541892,-0.009036583557581286,0
-0.7245807628339246,-0.009891648985264047,0
-0.7172609205243049,-0.011021655396078203,0
-0.6890981630696791,-0.012203057075718346,0
-0.6827708982226067,-0.013682427561793118,0
-0.6990233319109097,-0.015213071023497067,0
-0.7202385014658862,-0.01662776080513759,0
-0.7219752848562554,-0.01785733380673082,0
-0.6980309058944207,-0.019022184750457607,0
-0.7095688238047172,-0.020311375244108778,0
-0.7058468854892557,-0.02160510432187124,0
-0.7201143156985246,-0.022732758515048607,0
-0.7106854355885677,-0.023784826721292486,0
-0.7052265624366788,-0.02493403363576227,0
-0.6981549402157251,-0.026105039332263276,0
-0.6801655716909947,-0.027370150836448667,0
-0.7026212359050679,-0.028764472341119944,0
-0.6946810705428713,-0.030062268951529414,0
-0.691331386637379,-0.03134467928080766,0
-0.6917036410473483,-0.032730285590357955,0
-0.686741056626733,-0.03410113989689136,0
-0.6921997783325636,-0.03551429950133881,0
-0.7047304251514634,-0.03688911596820263,0
-0.7223475392662246,-0.03811786950152345,0
-0.7113057586411446,-0.03925433693902581,0
-0.7239604397813477,-0.040510093039067226,0
-0.7300394845397552,-0.041621964128087066,0
-0.7250769001191399,-0.04271461980512056,0
-0.7301636703071168,-0.04379642318490283,0
-0.745547560854178,-0.04479373586265114,0
-0.7470364270479967,-0.045788580281596145,0
-0.7369872238854628,-0.046717303106749646,0
-0.7345059316751552,-0.047744176294434136,0
-0.7351262547277321,-0.048836888496509225,0
-0.7353743233703397,-0.0500402138070876,0
-0.7362427150655243,-0.05113996824802243,0
-0.724456577066563,-0.05235987834482586,0
-0.726689800634263,-0.053414251469780884,0
-0.7297914158971476,-0.05453896077983,0
-0.764033218110182,-0.055648176789785585,0
-0.7624204690411162,-0.05645895728340289,0
-0.7649017612514238,-0.05746515955001697,0
-0.7624204690411162,-0.05837856853214732,0
-0.7624204690411162,-0.0593166343540914,0
-0.7605594998833854,-0.06002808415836725,0
-0.7635369293789084,-0.06076859641894812,0
-0.7456717466215396,-0.06138847662716467,0
-0.7461678839067549,-0.062163089800980724,0
-0.7518749771473087,-0.06291882753911193,0
-0.7484011074744549,-0.06360888639076547,0
-0.7501380423108812,-0.06437483219846192,0
-0.7567133758005624,-0.06508546063947543,0
-0.758822565046958,-0.06568116469200459,0
-0.7533636918950701,-0.06628073797557989,0
-0.7538599806263426,-0.06689892118321401,0
-0.7518749771473087,-0.06751867080389261,0
-0.7526193345211889,-0.06818536071729994,0
-0.7516267570586438,-0.06885319713352264,0
-0.7563412728366503,-0.06977611755640613,0
-0.7541080492689515,-0.07030282767041364,0
-0.7452994922115703,-0.07095892793694628,0
-0.7817745179923037,-0.07169440735937113,0
-0.7797895145132696,-0.07216454542950518,0
-0.7805338718871498,-0.07263275100794914,0
-0.7859927450390388,-0.07323436900264864,0
-0.7909553294596541,-0.07393648362536759,0
-0.7907071093709892,-0.07451068905313318,0
-0.792940332938688,-0.07510479011899054,0
-0.8041061478850724,-0.07562736810225681,0
-0.8088205122170229,-0.0760354814425431,0
-0.815023742742792,-0.07637362368443094,0
-0.8106814813747536,-0.07666668154964616,0
-0.8249489115840226,-0.07698414529787452,0
-0.8103093784108416,-0.07711922997784786,0
-0.8032376047438307,-0.0773719449260578,0
-0.8069595430592922,-0.07778824298232045,0
-0.8022451787273417,-0.07823953512956155,0
-0.807579866111869,-0.07855390929357775,0
-0.8212269732685611,-0.0788531419280345,0
-0.8184976124156458,-0.079138070219226,0
-0.8251971316726874,-0.0792707290771044,0
-0.8270581008304182,-0.07923167334886852,0
-0.8424421428235377,-0.07923706166531626,0
-0.8416976340035992,-0.07909361204000909,0
-0.8465361841029112,-0.07892890366909319,0
-0.83772762704553,-0.07877808735920318,0
-0.844551180623876,-0.07865368145458694,0
-0.8446752149451804,-0.07851888192408275,0
-0.8353703691565267,-0.07836866911636638,0
-0.8429382801087529,-0.07812626077430457,0
-0.8462881154603024,-0.07786207993329713,0
-0.8479008645293683,-0.07758398003091806,0
-0.8449234350338453,-0.07715245540111827,0
-0.8521190915761033,-0.0768280541910352,0
-0.8611758687221482,-0.07640917303729,0
-0.8567095730328066,-0.07589657190772844,0
-0.8636571609324559,-0.07528242435115666,0
-0.8624165148273021,-0.07459028105719971,0
-0.8586945765118406,-0.0739477450841663,0
-0.8595629682070263,-0.0732552732340147,0
-0.8605555456695714,-0.07248983258826497,0
-0.8851202476839829,-0.07179194310761867,0
-0.8830112098836446,-0.07089128656561583,0
-0.9022412245135288,-0.06997238849694233,0
-0.9038541250286518,-0.06886497903229971,0
-0.9034818706186826,-0.06774210017111557,0
-0.8907031551571751,-0.0666994854038023,0
-0.8835074986149171,-0.0657176974932666,0
-0.8789170171582138,-0.06486890281395652,0
-0.8904550865145674,-0.06393136320251305,0
-0.8665105561066756,-0.06299410232095969,0
-0.8631608722011833,-0.062211299515734196,0
-0.8651458756802185,-0.06149608458633081,0
-0.8687437796743755,-0.0607781367869808,0
-0.8771802337678447,-0.059947775121774405,0
-0.8739544327375985,-0.059100622011630924,0
-0.8833834642936138,-0.05820756896578805,0
-0.8806539519946412,-0.057119180281191305,0
-0.8769320136791798,-0.05600302080894088,0
-0.8822668525097632,-0.05490693628267569,0
-0.8830112098836446,-0.053791497128007,0
-0.8800336289420644,-0.052667494639262215,0
-0.8684957110317679,-0.05155648875147447,0
-0.8718453949372601,-0.05056559309039235,0
-0.8805299176733369,-0.04960915080832372,0
-0.874698941557537,-0.048492246207200065,0
-0.8782966941056369,-0.04749286068276372,0
-0.8715973262946525,-0.046446997718904745,0
-0.8666347418740372,-0.04543511435696276,0
-0.8790412029255754,-0.044483989922601525,0
-0.8751950788427524,-0.043375163357690566,0
-0.8743266871475678,-0.04213416016231131,0
-0.8817705637784907,-0.040826904765133586,0
-0.8962860626303673,-0.039651966027383384,0
-0.8848721790413753,-0.03828854512631893,0
-0.890331052193263,-0.0370647196439722,0
-0.8713491062059876,-0.03581905539326032,0
-0.8764357249479061,-0.0347501103869176,0
-0.8778005568204216,-0.03370110928378419,0
-0.8728379723998063,-0.03282502375558269,0
-0.8936807360987564,-0.032000352552858796,0
-0.8902070178719598,-0.031084489397186246,0
-0.8876015398942906,-0.030210624430049075,0
-0.845171503676453,-0.029406096191656548,0
-0.8518710229334946,-0.028739684135653594,0
-0.8415735996822958,-0.028099038595233477,0
-0.8404569878984454,-0.027496097095277967,0
-0.8449234350338453,-0.026787757343198326,0
-0.8414495653609915,-0.026186604752310855,0
-0.8429382801087529,-0.025508245377254646,0
-0.8480250502967298,-0.024840119436897058,0
-0.8328890769462192,-0.024092999969457927,0
-0.8398366648458684,-0.02350083436033168,0
-0.8382239157768026,-0.022802031636724587,0
-0.8340056887300685,-0.022070138995356054,0
-0.8439308575712992,-0.021292729919613635,0
-0.8462881154603024,-0.020495505314142314,0
-0.8590666794757527,-0.019746268350612932,0
-0.8296634273620301,-0.01906457116278514,0
-0.8359906922091037,-0.01853683357998818,0
-0.8373553726355608,-0.018005790186675502,0
-0.8447992492664838,-0.017474131460795947,0
-0.8418218197709607,-0.016877273536582867,0
-0.8459158610503342,-0.01630089157984678,0
-0.8663865217853723,-0.015703123471685995,0
-0.8727137866324447,-0.014912517263293821,0
-0.8753192646101139,-0.014028688260952995,0
-0.8645255526276416,-0.013100353646301932,0
-0.8584463564231758,-0.01238050523963336,0
-0.8485211875819452,-0.011693774254742755,0
-0.8456677924077255,-0.011121480893590219,0
-0.8507544111496451,-0.010690030785417838,0
-0.8423179570561761,-0.010225845784329552,0
-0.8482731189393375,-0.009812240000855517,0
-0.8492656964018837,-0.00934579209939462,0
-0.8604315113482681,-0.008897378579810135,0
-0.847776830208065,-0.008335701925119924,0
-0.8444271463025717,-0.007857064277969492,0
-0.8492656964018837,-0.007335446379556212,0
-0.8322687538936422,-0.006821612645983937,0
-0.8233361625149567,-0.006404081065519408,0
-0.8270581008304182,-0.006052814702726943,0
-0.8162643888479458,-0.005795990174479181,0
-0.8201105129307689,-0.005511131648285943,0
-0.8223435850524117,-0.005183875649703003,0
-0.8192419697895271,-0.004834293960449633,0
-0.8213511590359227,-0.004531026504098909,0
-0.8284227812568764,-0.004172127718125502,0
-0.8155200314740656,-0.003764711534508153,0
-0.8132869593524228,-0.0033052780809047703,0
-0.8096890553582646,-0.002920235719765963,0
-0.7954216251489957,-0.002559763140061953,0
-0.807579866111869,-0.0023619211528906375,0
-0.7905830750496848,-0.002183570989274851,0
-0.7884740372493464,-0.0021072233917242555,0
-0.7784246826407543,-0.002084090192879529,0
-0.7751990330565665,-0.0021252624032567207,0
-0.7771840365356004,-0.0020871081784750774,0
-0.7738343526301082,-0.002034637565026971,0
-0.7604353141160238,-0.0020702394194587513,0
-0.7717253148297698,-0.002160602529094106,0
-0.7666385446417929,-0.002129616716572428,0
-0.7711049917771929,-0.001974749084942118,0
-0.7635369293789084,-0.0016362206058806528,0
-0.7692440226194621,-0.0013470433747055663,0
-0.7662664416778809,-0.0009660470009044973,0
-0.7637851494675733,-0.0005382510129182358,0
-0.7673830534617314,-8.99296014757275e-05,0
-0.7606835342046887,0.00024197809831551405,0
-0.76142789157857,0.0005483073592491296,0
-0.773462098220139,0.000893989833215132,0
-0.7719733834723774,0.001394280096467419,0
-0.7712290260984962,0.0018834761992713017,0
-0.7761916105191115,0.002353295214131937,0
-0.7534877262163745,0.0029111196521411976,0
-0.7472844956906054,0.0033078900303346683,0
-0.7400888391483473,0.004070787599895157,0
-0.7379796499019518,0.004828019575343815,0
-0.7258214089390784,0.0056707616252767755,0
-0.7292951271658751,0.006480987367248964,0
-0.7325207767500629,0.007255877002425941,0
-0.7326449625174244,0.00804075783048671,0
-0.7384759386332242,0.008837211862180122,0
-0.7385999729545287,0.009475367622455759,0
-0.7332652855700014,0.010280102462670592,0
-0.7415775538961088,0.011151167592547197,0
-0.7388481930431935,0.011884726012642432,0
-0.7368630381181013,0.012591273739673368,0
-0.738103684223255,0.013281515318667305,0
-0.7278064124181124,0.014089547260210033,0
-0.7005121981047283,0.014837628321542423,0
-0.696542039700602,0.01540908354241327,0
-0.7211068931610708,0.01597347284712783,0
-0.7140352709401171,0.016642310390546852,0
-0.7181293122194906,0.017372640523908748,0
-0.7191218896820356,0.01819825871056563,0
-0.7283027011493861,0.019026621289520273,0
-0.7343817459077936,0.019907857287411033,0
-0.7547283723215283,0.020817489177535266,0
-0.7691198368521006,0.021848004491193583,0
-0.7725937065249544,0.022873840602108737,0
-0.7689958025307974,0.02398475053098417,0
-0.7703604829572545,0.025087281763659236,0
-0.7539840149476471,0.026271233246843072,0
-0.7641572524314852,0.027312389888573197,0
-0.7548524066428316,0.028360408398972293,0
-0.7409572308435319,0.02951968832395024,0
-0.7584503106369899,0.030751731243169534,0
-0.7480288530644856,0.0321384134795121,0
-0.7498898222222163,0.033826479004292746,0
-0.7440588461064165,0.03537340859170881,0
-0.7496417535796087,0.036878022310195636,0
-0.7426941656799583,0.03852327734223261,0
-0.7358706121016123,0.0401131118161922,0
-0.7230918966401059,0.04178161277942352,0
-0.7325207767500629,0.04333328559791362,0
-0.7379796499019518,0.04484032500859045,0
-0.7629166063263315,0.04629754721449243,0
-0.7589465993682624,0.047920188965477215,0
-0.764653541162759,0.049539333757052224,0
-0.7626685376837238,0.05117445716412034,0
-0.7627925720050283,0.0528951089592615,0
-0.7639091837888776,0.05463369234500076,0
-0.7621722489524513,0.056521943290391716,0
-0.7538599806263426,0.05837201338461082,0
-0.7459198152641472,0.06001799174299181,0
-0.7389722273644969,0.061606311618521904,0
-0.7644054725201501,0.06343001501208942,0
-0.7619241803098425,0.06539943267557613,0
-0.7666385446417929,0.06703842367590704,0
-0.7842558102026113,0.06851678870381361,0
-0.784752098933885,0.07009561809153152,0
-0.785124201897797,0.07171140168194955,0
-0.7831391984187619,0.07326164419281699,0
-0.7883498514819848,0.07489900951226618,0
-0.7806579062084542,0.07650039415891097,0
-0.780285651798485,0.07815305232758325,0
-0.7689958025307974,0.07965901631449482,0
-0.7768119335716883,0.08117434365357339,0
-0.7716011290624082,0.08260051248339532,0
-0.7733380638988357,0.08410620883580854,0
-0.7878537141967695,0.08595218061132687,0
-0.7760675761978082,0.08797010140361368,0
-0.7729659609349236,0.08938686596663033,0
-0.7707327373672237,0.09087279603088536,0
-0.7758193561091433,0.09222777837142569,0
-0.7707327373672237,0.09338114378793592,0
-0.7680033765143084,0.0947619746978251,0
-0.7501380423108812,0.09637703117265647,0
-0.7568375615679239,0.09796301198686994,0
-0.7548524066428316,0.09937127105018281,0
-0.7688717682094929,0.10064237207739733,0
-0.781898552313608,0.10169945865827383,0
-0.779913548834573,0.10326387784639471,0
-0.7850001675764926,0.10503309232966598,0
-0.7830151640974575,0.10631217306255583,0
-0.7691198368521006,0.10787902802548795,0
-0.7713530604198006,0.10903830944683328,0
-0.7794172601033004,0.11023620117487938,0
-0.7743306413613807,0.11144993811403038,0
-0.7662664416778809,0.11298286126170116,0
-0.7430662686438704,0.11443400767948614,0
-0.7220994706236169,0.11547823404205197,0
-0.7212309274823752,0.1166476712959171,0
-0.7151517312779093,0.11776765542374576,0
-0.7036138133676129,0.11888912018501212,0
-0.6991475176782712,0.11974145551490017,0
-0.7196181784133093,0.12037144567320514,0
-0.7175089891669137,0.12141598420876269,0
-0.7106854355885677,0.12263723639415061,0
-0.7016288098885789,0.12370893288995075,0
-0.7005121981047283,0.12474752322612916,0
-0.7022491329411558,0.12531382315436887,0
-0.6924479984212285,0.12608978705302085,0
-0.6949292906315362,0.12690646075387066,0
-0.6350060231741845,0.12762928041349766,0
-0.630911981894811,0.12793731782964315,0
-0.6084561662346807,0.1281583558543139,0
-0.6077118088608005,0.12840322147608188,0
-0.6118060015862301,0.1288433286962439,0
-0.6157760085443004,0.12900124129414492,0
-0.6141632594752344,0.12918715014450438,0
-0.6440628003202294,0.12934421935139914,0
-0.6204905243223069,0.13004805303738318,0
-0.6042380906340039,0.1305360668848056,0
-0.6302916588422341,0.13073535871879943,0
-0.6299194044322649,0.13104952176288973,0
-0.629299081379688,0.13140850348273675,0
-0.6136669707439608,0.13163128079824973,0
-0.6208626272862189,0.13200885797864065,0
-0.6139150393865697,0.132411781224928,0
-0.6120540702288388,0.13292248229841022,0
-0.6147835825278114,0.13327021105753778,0
-0.5997716434986039,0.13351121220437728,0
-0.5938166330614997,0.13376599891840096,0
-0.5950572791666535,0.13368173528963087,0
-0.5948090590779886,0.13420513101954112,0
-0.6012605096924226,0.13448552702865954,0
-0.5979106743408732,0.13486541265855995,0
-0.6089524549659543,0.13523211089598103,0
-0.6032455131714577,0.13569849072962314,0
-0.6018808327449995,0.1358941198772514,0
-0.589350337372158,0.13604240271109758,0
-0.5938166330614997,0.13652964383029823,0
-0.6002679322298776,0.13678597749319796,0
-0.5696240340110001,0.13710526526665243,0
-0.5460517580130776,0.13760916976140838,0
-0.5363746578144557,0.1376883328480913,0
-0.4930760784553752,0.13788097565559004,0
-0.5049864022216981,0.13759972779928933,0
-0.5063510826481552,0.13768090863667523,0
-0.4955573706656829,0.13799765482992993,0
-0.499403494748506,0.13839802013139998,0
-0.4824065522402645,0.13888980508419307,0
-0.4778162222296173,0.13925236902389157,0
-0.4866247792869985,0.13927825862053092,0
-0.5016365668701488,0.13963812853836532,0
-0.4964259138069247,0.14003026324290485,0
-0.4964259138069247,0.14044210595136514,0
-0.5054825395069135,0.14035678797595133,0
-0.4691316994935406,0.14084425647052223,0
-0.4695038024574526,0.14067414058858638,0
-0.4512663652901146,0.14080808495887542,0
-0.4552363722481837,0.1404328178053263,0
-0.469255733814845,0.14055342331180296,0
-0.4784365452821942,0.14093553581946705,0
-0.4451871690856498,0.1411174602761434,0
-0.4397282959337609,0.1412412524398421,0
-0.4830268752928414,0.14162545737417997,0
-0.4944409103278906,0.14178405650378642,0
-0.499403494748506,0.14201325414120305,0
-0.5141670622429902,0.14241131715401886,0
-0.5090804435010717,0.1428178942865937,0
-0.5037457561165444,0.14318393877228003,0
-0.51342270486911,0.14354102300777022,0
-0.4982868829646554,0.14404540408070535,0
-0.4958055907543477,0.14449477122105334,0
-0.4928280098127676,0.14464176472284998,0
-0.5041178590804564,0.1451415442366185,0
-0.4930760784553752,0.1456933399021504,0
-0.4727296034876987,0.14614703126939987,0
-0.4623081459151946,0.14649113806116182,0
-0.4964259138069247,0.14709194308372095,0
-0.4928280098127676,0.1476930212072508,0
-0.5032494673852707,0.1482907667049169,0
-0.5446870775866205,0.1491246314662656,0
-0.52446448549419,0.1503047649053752,0
-0.5008922094962674,0.15139579005143622,0
-0.4933242985440401,0.15228261132037552,0
-0.4944409103278906,0.15281570537836134,0
-0.5049864022216981,0.15287012570211267,0
-0.5056067252742751,0.15306936471304966,0
-0.4945649446491939,0.15387362909151864,0
-0.508584154769798,0.15501462477159236,0
-0.5235960937990055,0.15585166385118002,0
-0.512430278852621,0.15689361413219366,0
-0.5299233586460779,0.15770051224606835,0
-0.5170206088632672,0.158777163753351,0
-0.5116857700326826,0.15954737262716853,0
-0.5167725402206594,0.15998750040045648,0
-0.5239681967629175,0.15997537412948498,0
-0.5248367399041594,0.1595476331351696,0
-0.5146633509742639,0.15995044142708661,0
-0.5034975360278795,0.15978500453946473,0
-0.5027531786539982,0.15960379234851013,0
-0.5145393166529595,0.1596810507557332,0
-0.5182612549684209,0.1599304423939866,0
-0.5105693096948903,0.16126549978904386,0
-0.4879894597134567,0.1623118359468703,0
-0.4922076867601906,0.16314682977495965,0
-0.4922076867601906,0.16379190105970345,0
-0.5259532002419516,0.16365885464020324,0
-0.5142912480103519,0.16443862547004517,0
-0.5465480467443512,0.16455873754454367,0
-0.5501457992924511,0.165345158810342,0
-0.5573416072807663,0.16610544736005542,0
-0.5615598343275003,0.1669374714646478,0
-0.5496496620072358,0.1680570487870364,0
-0.5371190151883359,0.16980169605827827,0
-0.5427019226615282,0.17174094365611356,0
-0.5382356269721865,0.1730951849723224,0
-0.5352580460306052,0.17450796119832648,0
-0.5352580460306052,0.17579295595674282,0
-0.5479127271708083,0.17674942721863354,0
-0.5479127271708083,0.17748906373586745,0
-0.5559769268543081,0.17765398881963537,0
-0.5520067684501818,0.1779403659941387,0
-0.5599469338123784,0.17945556615608102,0
-0.5448111119079238,0.18066497032634868,0
-0.5489051531872973,0.1812758975293735,0
-0.5291790012721976,0.1822644034977771,0
-0.5343896543354206,0.18306163750262272,0
-0.5307917503412636,0.1847650515495619,0
-0.5528753115914236,0.1860854418614895,0
-0.5526270915027587,0.18700349671267577,0
-0.5485330502233852,0.18757200712483182,0
-0.5400965961299172,0.18754714430857292,0
-0.5434464314814667,0.18794393516495506,0
-0.5324046508563856,0.18770570885045737,0
-0.5331490082302668,0.1885930527875416,0
-0.5336452969615393,0.18979507281898558,0
-0.536126589171847,0.19182760606587063,0
-0.5291790012721976,0.19312085017110855,0
-0.533521262640236,0.1944815129621452,0
-0.5238441624416131,0.19624697077305078,0
-0.5032494673852707,0.19698944876148888,0
-0.4905947862450676,0.19849681630360919,0
-0.4850118787718754,0.19872103429360763,0
-0.4841434870766908,0.19989364584877609,0
-0.4779402565509217,0.20112614178936888,0
-0.4717370260251526,0.20043967954707684,0
-0.4410931278062763,0.20046481710487904,0
-0.4200021440186613,0.20038397877695863,0
-0.4130544046729538,0.20080573419603523,0
-0.4309197388763809,0.2040238172063733,0
-0.4379915125433918,0.2048822839419443,0
-0.4307957045550765,0.20511545336836232,0
-0.4420855538227653,0.2056179928827165,0
-0.4495294304536882,0.20627855581581117,0
-0.4374952238121181,0.20628783249656563,0
-0.441341196448884,0.20698582642430477,0
-0.4291828040399534,0.20821000661341615,0
-0.4321603849815347,0.20980799952861587,0
-0.4335250654079918,0.21065099432101347,0
-0.4219871474976954,0.21111853645044518,0
-0.4139229478141955,0.21110370676484924,0
-0.4068511741471846,0.2115929939880747,0
-0.4162802057031999,0.21228576665263652,0
-0.4155356968832614,0.21236913549876113,0
-0.3985389058210771,0.21348848274217339,0
-0.3992832631949584,0.2140137230175419,0
-0.4063550368619693,0.21563185957478623,0
-0.4396042616124577,0.21516297145422783,0
-0.4304234501451072,0.21622485492242266,0
-0.4213668244451184,0.21643464289816902,0
-0.4170245630770801,0.21656358574076812,0
-0.4094566521248539,0.21758938465190408,0
-0.4207465013925415,0.21692970473165699,0
-0.4185132778248427,0.2183064845297438,0
-0.4089603633935803,0.2187778813900958,0
-0.3995314832836233,0.2192520348709343,0
-0.3780682450860391,0.21982440795589236,0
-0.3687633992973854,0.221392893847266,0
-0.3574735500296966,0.2225459701234462,0
-0.3227354590853896,0.22315537911623987,0
-0.2882454367836914,0.22382960564543927,0
-0.3198819124651139,0.22536628980376056,0
-0.3284424008798862,0.22424806455981422,0
-0.3284424008798862,0.22340091988575023,0
-0.4226074705502722,0.2235227995041431,0
-0.3876211595173004,0.2330665582193681,0
-0.3258370743482742,0.24749363339150812,0
-0.327077720453428,0.25031260958197804,0
-0.2956893134146143,0.2545716353657831,0
-0.2902304402627254,0.25647510681635094,0
-0.2856401102520793,0.2563982844222731,0
-0.3047460905606592,0.25875231053250985,0
-0.3267054660434599,0.2566443214493059,0
-0.3913430978327619,0.2558609847227004,0
-0.4826547723289294,0.2555695470835751,0
-0.5196259353948791,0.25476091339384577,0
-0.4712407372938801,0.2551822834829157,0
-0.5302954616099899,0.25312937502034244,0
-0.528682712540924,0.25350443477723056,0
-0.5219831932838824,0.25364535687698886,0
-0.4190095665561152,0.25396737555351334,0
-0.3033814101342021,0.25491009385609975,0
-0.3379953153111475,0.2542562241550984,0
-0.3159119055070436,0.2553202453486671,0
-0.3484167728836517,0.2541208066576924,0
-0.350774030772655,0.2547341868060664,0
-0.3986629401423815,0.2546336490543031,0
-0.4051143907568155,0.25619873967156803,0
-0.346183700762009,0.25746472894314315,0
-0.3362585319207784,0.26001376228680634,0
-0.2825384949891948,0.25949342696690764,0
-0.2976743168936483,0.2607692486335939,0
-0.2969299595197682,0.26036064986711516,0
-0.2090923061425117,0.2615149337186678,0
-0.1984226284813426,0.2614383039379435,0
-0.1836590609868583,0.26233781989607075,0
-0.220258121088896,0.26215934372883754,0
-0.228694423736308,0.2630520641656551,0
-0.2674026730847413,0.2619297993404408,0
-0.2520186310916218,0.2620276701646672,0
-0.2810497802414333,0.26129312529388765,0
-0.2183971519311653,0.2618536793425494,0
-0.2126900586906115,0.26148592604919635,0
-0.2248484510995421,0.2606783492675863,0
-0.2392399156301154,0.26073678624156355,0
-0.2409768504665418,0.260470324578825,0
-0.2497854075239229,0.25947105672684684,0
-0.2736059036105104,0.26024075131364877,0
-0.2608271881490029,0.2596073843600703,0
-0.2454431461558845,0.2587495777844286,0
-0.2485447614187691,0.25878116355191283,0
-0.2736059036105104,0.25888674617441176,0
-0.2269574888998805,0.25922351676939476,0
-0.2417212078404231,0.2595833381740187,0
-0.2598346106864568,0.2594988732138546,0
-0.2485447614187691,0.25937930390880265,0
-0.2367586234198078,0.2585472990424692,0
-0.2067350482535073,0.25689037681511506,0
-0.1877531022662318,0.2554038118309961,0
-0.2145510278483423,0.25440861802731063,0
-0.1991671373012811,0.2541399619303984,0
-0.1912269719390845,0.25296254494205334,0
-0.2285703894150036,0.2517526453779133,0
-0.2110773096215457,0.252478882030317,0
-0.2480484726874955,0.2516353646891577,0
-0.2412249191091494,0.2506146670960566,0
-0.237502980793688,0.24880384627457297,0
-0.2082237630012699,0.24602037095180682,0
-0.2071071512174193,0.24444499804418016,0
-0.2227394132992037,0.2422768710161102,0
-0.2567329954235722,0.24213211536815457,0
-0.2305553928940387,0.24004454658136407,0
-0.283531072451741,0.23920267741048265,0
-0.2561126723709953,0.2365142651534296,0
-0.2357661974033188,0.23562789014184282,0
-0.237502980793688,0.23546592419849313,0
-0.2143029592057346,0.2341989650389218,0
-0.2176526431112268,0.2329641595349554,0
-0.2288184580576112,0.23121426323192437,0
-0.2172805401473148,0.23028943200103255,0
-0.2177768288785884,0.2286685095705916,0
-0.223235550584419,0.2268994672121489,0
-0.1970579480548855,0.22639031590099493,0
-0.1836590609868583,0.22490023117645036,0
-0.1645530806782773,0.22460914985699326,0
-0.1723690602731123,0.2227895857029436,0
-0.1769595417298156,0.22195304083083786,0
-0.1640567919470048,0.22071139345393428,0
-0.1612032453267279,0.21813382923643523,0
-0.1386235467913515,0.21686604594456632,0
-0.1631884002518203,0.21577983874835086,0
-0.1497893617377359,0.21534944021677624,0
-0.1442064542645437,0.2156356831950538,0
-0.1247283709920518,0.21530145672338913,0
-0.1107090094253905,0.2162441970760784,0
-0.1309316015178209,0.21669579887585816,0
-0.1321722476229747,0.21762926876341657,0
-0.1162919168985827,0.21798733624339617,0
-0.1167882056298552,0.21772649715475076,0
-0.1157956281673102,0.21726800818207959,0
-0.1315519245703978,0.21695944267338474,0
-0.1196416008040749,0.21400301651673376,0
-0.110212720694118,0.21103154144309094,0
-0.0773355989075417,0.20319389892527878,0
-0.0504136390041257,0.19843123289213066,0
-0.0193974863752802,0.1989199358202882,0
-0.0092240974453848,0.1994932545443792,0
0.0325856157198758,0.1997462932029489,0
0.0495824067820601,0.2011801050295007,0
0.0605001530858368,0.2010630123102537,0
0.0466049772865371,0.20227834298450476,0
0.0720382224421905,0.20354168079079474,0
0.0760082294002596,0.20452309719754103,0
0.119678911723251,0.2068457645786131,0
0.1567742605565624,0.20895836392275785,0
0.1820834713909113,0.21145704972030657,0
0.1307206923483321,0.2144424083792856,0
0.1484619922304538,0.21637671526409064,0
0.034570619198911,0.218964673250556,0
0.0374241658191867,0.21814398173607957,0
0.0644701600439059,0.21734364102941447,0
0.0400294923507988,0.21927101559852813,0
0.0995805053981822,0.21956800418757666,0
0.1174458396016082,0.2237052421171932,0
0.0669514522542136,0.2252469152878311,0
0.0360594853927296,0.22736537019214229,0
0.0370519114092186,0.22780186473181205,0
0.0284914229944451,0.22951050156066138,0
0.0087652710793456,0.23159859037587116,0
0.0446198223614448,0.23289427632384843,0
0.0209235120422189,0.23355936905313143,0
0.0742712945638332,0.23432690960826744,0
0.0779932328792947,0.2361163861464164,0
0.0787375902531749,0.2382221620850113,0
0.0368038427666098,0.24022649122602616,0
0.0283673886731418,0.2410736056493047,0
0.0237770586624947,0.2422100731993709,0
0.0350669079301835,0.243417644348219,0
0.0495824067820601,0.24412192642492891,0
0.0613685447810214,0.2455903944803757,0
0.0410220698133449,0.247575525523863,0
0.0600038643545643,0.24969601625315324,0
0.0639740227586906,0.25120408915697456,0
0.0688124214119443,0.25392625878058034,0
0.0437514306662602,0.257046679335387,0
0.0587632182494105,0.25773385474396693,0
-0.0043856987921311,0.2605333846543787,0
-0.0076113483763189,0.2609696205180216,0
-0.0556242920673498,0.26097226127768003,0
-0.0452028344948456,0.26118664028827865,0
-0.0583538043663223,0.26163624227939947,0
-0.0396199270216534,0.26309470594573225,0
-0.0129460357608462,0.262914777092199,0
-0.0213824898543153,0.2641147689138876,0
0.0045470440326104,0.2650076996115064,0
-0.0056263448972849,0.2660603036632765,0
0.0096336627745301,0.26846754164691605,0
-0.0045097331134343,0.2705404955706435,0
-0.0262210399536262,0.2706919378368666,0
-0.0200178094278571,0.27174709502369165,0
0.0183181855106069,0.2715444294166874,0
0.0220401238260683,0.27278442892492194,0
-0.0201418437491615,0.2733282779179506,0
-0.0042615130247695,0.2736998468494059,0
-0.0019044065818234,0.27510202529251804,0
-0.0048818360773464,0.2762530261862318,0
0.0020657518223028,0.276980187916854,0
0.0070283362429181,0.27800554502262514,0
0.0246454503576804,0.2784439383620361,0
-0.0045097331134343,0.2794550409236195,0
-0.0033931213295849,0.2796148723138721,0
-0.0025247296344003,0.279750688162403,0
0.0050433327638841,0.2803476251232268,0
-0.0354018514209766,0.28083427989300164,0
-0.048552669846395,0.28043723722334374,0
-0.0339129852271579,0.27966509837442155,0
-0.0177845858601582,0.27960564147866673,0
0.0046710783539148,0.2802186840933923,0
-0.0125739327969342,0.2806028762129626,0
0.0503269156019986,0.28021067352782936,0
0.0565301461277677,0.28010063946120833,0
-0.0639367118395145,0.2801735135568028,0
-0.0363942774374656,0.27947888076897354,0
-0.0546318660508608,0.27807413622295485,0
-0.0398681471103183,0.27768991612622046,0
-0.0236157134220153,0.27883277265419365,0
-0.021630558496923,0.2781980749944238,0
-0.0251044281697768,0.2780876868689167,0
-0.0387515353264688,0.2769423100127208,0
-0.0541355773195872,0.2768899303411881,0
-0.0398681471103183,0.2755559786093613,0
-0.0830425407020372,0.2745456033795316,0
-0.1239838621721133,0.27414917519483234,0
-0.122867401834321,0.27345081886826406,0
-0.1523946882693479,0.27361554477500954,0
-0.1600867849889357,0.27289174059038346,0
-0.1124459442618168,0.272630198640362,0
-0.0980544797312446,0.27173156251947617,0
-0.084283186807191,0.27119471764730535,0
-0.0853997985910415,0.2699740424986514,0
-0.0532670341783454,0.2698618350154426,0
-0.042101219231961,0.26938105994388806,0
-0.0870126991061635,0.26951835267652297,0
-0.0882533452113173,0.269142392125092,0
-0.0805612484917295,0.26870566915440997,0
-0.0943325414157831,0.26904849758614063,0
-0.0650531721773067,0.2705090315070528,0
-0.0603388078453563,0.27081026611922565,0
-0.0217547442642846,0.2697213635002145,0
-0.0236157134220153,0.2704169706260599,0
-0.0316799131055151,0.2695776109691434,0
-0.0473120237412412,0.28013919335689896,0
-0.0372628205787073,0.2790773931004965,0
-0.0308113699642734,0.282709563430972,0
-0.0341612053158228,0.28350316892539296,0
-0.0310595900529382,0.28264728827609437,0
-0.0170402284862769,0.2825816974078387,0
-0.0144349019546649,0.2835839756576067,0
0.0495824067820601,0.28411211401592573,0
0.0595075756232907,0.2853721468044848,0
0.0026860748748797,0.2854090572451868,0
0.0093855941319225,0.28522464400027064,0
-0.0876330221587404,0.2859274171265302,0
-0.0684030075288562,0.28660971909444455,0
-0.0767152758549648,0.28613127022974755,0
-0.0634404231082409,0.285518387177571,0
-0.0675344643876144,0.28454928858277295,0
-0.0935880325958446,0.28498043912510296,0
-0.0809335029016988,0.28470875608183227,0
-0.0481804154364269,0.28462103330221833,0
-0.0489247728103071,0.28421591461547513,0
-0.06083509657663,0.28353719426150614,0
-0.0618275225931189,0.2843129267047058,0
-0.0670383271023991,0.2824329362586398,0
-0.0742339836446571,0.28122008096985524,0
-0.0829185063807339,0.2803315281662071,0
-0.0712564027030759,0.2807162477466358,0
-0.0545076802834993,0.28106743173493315,0
-0.0920993178480832,0.27839803805119273,0
-0.0899902800477448,0.2792172385055716,0
-0.1437101655332712,0.2789074330247406,0
-0.1164159512198871,0.27829640050544635,0
-0.0903623830116568,0.2781778115621258,0
-0.0861441559649217,0.27795516491319266,0
-0.0795688224752406,0.27727415246341497,0
-0.0990469057477336,0.27738457808307626,0
-0.1031410984731632,0.2775887552137899,0
-0.1334128937281285,0.2771657370345194,0
-0.1657937267834312,0.27712310130793233,0
-0.1629401801631554,0.27631649233963296,0
-0.1599625992215741,0.27573784051207556,0
-0.1216267557291672,0.27630748315590015,0
-0.1244801509033869,0.2770156095528756,0
-0.1344053197446175,0.27699759236074295,0
-0.1616995340580016,0.2754285795360541,0
-0.2191415093050455,0.27496206141362584,0
-0.2260890972046959,0.2752810423164924,0
-0.2129382787792764,0.27579625608041397,0
-0.2350216885833803,0.2761453734212202,0
-0.2537555659280492,0.2769108097942681,0
-0.2564849267809646,0.276881770896097,0
-0.2816701032940102,0.2772516969002833,0
-0.2334089395143145,0.2776226351961411,0
-0.2273297433098497,0.2782289328995388,0
-0.2263371658473036,0.2786915229375445,0
-0.2298110355201574,0.27828036450086596,0
-0.2181489318425005,0.2776825354063306,0
-0.2160398940421609,0.2778945224794221,0
-0.2207542583741114,0.2772566067475562,0
-0.214054890563127,0.2767611388377284,0
-0.2026408555280777,0.2758705358720762,0
-0.2071071512174193,0.27568975193525364,0
-0.2233597363517806,0.2759320049752397,0
-0.2131863474218852,0.2764418211115763,0
-0.2231115162631158,0.2762330665878028,0
-0.214054890563127,0.27633808456147696,0
-0.2389918469875066,0.2765622040979745,0
-0.2739780065744224,0.2771319895443421,0
-0.236882657741111,0.2777725124252073,0
-0.2211265127840806,0.27853862384449335,0
-0.2205061897315037,0.27867719911013766,0
-0.2025168212067733,0.27895163075191104,0
-0.2042537560431996,0.2785059983081201,0
-0.1835348752194967,0.27908536716783583,0
-0.2002835976390733,0.27982573489168516,0
-0.2152955366682808,0.2795825103803684,0
-0.1966858450909734,0.2802678669852711,0
-0.2107050552115775,0.2806730254902678,0
-0.172865349004386,0.2807486599795283,0
-0.155992592263505,0.28030691508044747,0
-0.1679027645837707,0.2793698069148017,0
-0.1581016300638434,0.27967344871371375,0
-0.1394919384865361,0.27956107268379854,0
-0.1532632314105897,0.27952190556043827,0
-0.1584738844738126,0.2795800325002584,0
-0.1557445236208973,0.2798017081567012,0
-0.1572332383686588,0.2794122063963187,0
-0.1631884002518203,0.27954399282995696,0
-0.1695156650988926,0.27908532206828823,0
-0.1705080911153816,0.2789219388239689,0
-0.1406085502703866,0.2799213083299764,0
-0.1599625992215741,0.27919124059926054,0
-0.1496653274164315,0.278184965028149,0
-0.1107090094253905,0.2774878631829546,0
-0.0913549604742019,0.2780938348777792,0
-0.0834147951120064,0.2773100189620974,0
-0.0853997985910415,0.27687405426571576,0
-0.1019004523680093,0.2763496422785623,0
-0.1004115861741907,0.2756111055958384,0
-0.0829185063807339,0.2751782846918288,0
-0.0461954119573918,0.27394745127483394,0
-0.0458231575474225,0.27392698356509265,0
-0.0290744351278459,0.27368200907967366,0
-0.028454112075269,0.2735897184871137,0
-0.0347815283683997,0.2744774661669731,0
-0.0249803938484724,0.27473407055639987,0
-0.0082316714288958,0.2739493367268206,0
-0.0042615130247695,0.27335811434084883,0
-0.0112092523704771,0.27357551319113227,0
-0.002772798277008,0.27431632158238317,0
-0.0022765095457355,0.27399874058076595,0
0.003430432248761,0.2742611424814269,0
-0.0416050819467457,0.2733102998918717,0
-0.0185289432340384,0.27228523718603265,0
-0.0098444204979617,0.27182847049575837,0
-0.0155515137385155,0.2703072018603236,0
-0.0143108676333616,0.27081725830321723,0
-0.0130702215282078,0.27124878672734487,0
-0.0339129852271579,0.26998468610932796,0
-0.0505376733254301,0.268783302597916,0
-0.0623238113243914,0.2675535427896909,0
-0.0561205807986223,0.2670988722263989,0
-0.1624438914318818,0.26381994994774816,0
-0.1697637337415014,0.26450454441624205,0
-0.1525187225906512,0.2645581274818757,0
-0.1593422761689972,0.268551268499572,0
-0.1518983995380743,0.27635174293989434,0
-0.160210819310239,0.2782600301663749,0
-0.1589701732050852,0.2783818217146006,0
-0.1552482348896237,0.2793463824500897,0
-0.1760909985885738,0.28030795904995315,0
-0.1661658297473432,0.28094661218138817,0
-0.1598385649002708,0.2818619183581469,0
-0.1515262965741622,0.2810318741968095,0
-0.1380032237387746,0.27993021576239313,0
-0.128078054897544,0.27950275167615735,0
-0.1304353127865472,0.2795976873540771,0
-0.1175325630037365,0.2794315657348103,0
-0.1231154704769287,0.278446473699019,0
-0.1182769203776178,0.27877139321873134,0
-0.0997912631216138,0.2787344898302253,0
-0.0947046443796952,0.27828858024544745,0
-0.1119496555305443,0.27702791858403186,0
-0.1191454635188596,0.27676638851753554,0
-0.1164159512198871,0.27727890925786897,0
-0.1263411200611177,0.277528474147081,0
-0.1237357935295056,0.27664207021073906,0
-0.1282020892188484,0.27632048732112957,0
-0.1315519245703978,0.2766516852595907,0
-0.1305593471078516,0.27643729739805534,0
-0.1305593471078516,0.27575990206489376,0
-0.0912309261528986,0.2756483268547775,0
-0.1143069134195476,0.2753975344612308,0
-0.1074833598412015,0.27570983245128605,0
-0.1174085286824321,0.27505161273388495,0
-0.1169122399511596,0.27355808530788656,0
-0.1236117592082012,0.27319261040234133,0
-0.1795648682614276,0.27343802826019237,0
-0.2249724854208465,0.2737128004151271,0
-0.2182729661638037,0.2734151079849692,0
-0.1914750405816933,0.2743759186696145,0
-0.1932119754181196,0.27522076941055373,0
-0.1607071080415126,0.2758683942985724,0
-0.1461914577435788,0.2763453728955209,0
-0.1485487156325821,0.2760794631949929,0
-0.152766942679316,0.27693172347122363,0
-0.1545038775157435,0.2756605209320734,0
-0.1535113000531973,0.27580968572722725,0
-0.1259690170972056,0.2765184548988672,0
-0.1229914361556243,0.2756973012596302,0
-0.1445787086745129,0.2751647452280774,0
-0.1396161242538977,0.2750541123107024,0
-0.1093443289989323,0.27565034773341746,0
-0.1187732091088903,0.2751665871659029,0
-0.1113293324779674,0.275425386234998,0
-0.1136865903669707,0.27477730550617213,0
-0.1191454635188596,0.2758147648065777,0
-0.0916030291168106,0.2763359997774563,0
-0.1350256427971944,0.27594617720251435,0
-0.1414770934116284,0.2750157227551686,0
-0.1331646736394637,0.2746145163689152,0
-0.1428417738380855,0.27558654164595686,0
-0.1398641928965053,0.27479752148738185,0
-0.1241080479394749,0.27511955285489625,0
-0.1393679041652328,0.274553870792187,0
-0.1862643875184692,0.27403509473049914,0
-0.1927156866868471,0.27391908699921136,0
-0.1773316446937276,0.2745450298215694,0
-0.1597145305789664,0.2753384271349982,0
-0.1588461388837819,0.27552209169181474,0
-0.1948248759332427,0.28229315588098336,0
-0.192343583722935,0.28271787046163965,0
-0.1919713293129658,0.2845678280395677,0
-0.209588443427727,0.2894998457857864,0
-0.2273297433098497,0.29058132953978943,0
-0.1853958443772275,0.2907686167356795,0
-0.1832868065768891,0.290541459020911,0
-0.171872922987897,0.2913135144131926,0
-0.1800611569927001,0.29164480788063996,0
-0.1789445452088507,0.2916617209100757,0
-0.1821701947930396,0.2908559831372326,0
-0.1841551982720736,0.2913559824634827,0
-0.1862643875184692,0.2908949940105382,0
-0.181673906061766,0.290140991194216,0
-0.1377551550961669,0.28890939103262103,0
-0.1340332167807054,0.2875257427625926,0
-0.1706322768827432,0.2865624218562939,0
-0.1736097063782661,0.28539298252777207,0
-0.1675306616198586,0.2846393335892504,0
-0.1496653274164315,0.2817844846585791,0
-0.1532632314105897,0.28141049328653167,0
-0.1355219315284669,0.2799074159939278,0
-0.1224951474243518,0.2786845728002278,0
-0.1389958012013207,0.2783205617066219,0
-0.1325443505868868,0.27787034139667044,0
-0.1279540205762396,0.2772783992365172,0
-0.1510300078428897,0.275719514241638,0
-0.1360182202597394,0.2752859694199048,0
-0.143958385621936,0.27361339787505634,0
-0.1750985725720848,0.2725571908369214,0
-0.1386235467913515,0.27217264746924774,0
-0.1095923976415411,0.27198500826507055,0
-0.095945290484849,0.2712307957368676,0
-0.0924715722580524,0.2705184561858817,0
-0.0708842997391638,0.2689358027231362,0
-0.0515302507879763,0.2688978667414645,0
-0.0456991232261192,0.26895404135114315,0
-0.0479323467938181,0.2681725509210853,0
-0.0634404231082409,0.2677732618386813,0
-0.0434660511044764,0.2668670884767184,0
-0.0542596116408916,0.2658274677244136,0
-0.0664180040498222,0.2631535882705216,0
-0.1224951474243518,0.26210833491872004,0
-0.1504096847903128,0.25784246447697856,0
-0.1496653274164315,0.2553520413645181,0
-0.1481764612226128,0.25381481683014884,0
-0.1518983995380743,0.252222200716307,0
-0.1626921115205466,0.2512150973352956,0
-0.152766942679316,0.2522853650691453,0
-0.178696476566243,0.2511913485169857,0
-0.1522706539480435,0.25071904682876817,0
-0.1578535614212357,0.2494526382182857,0
-0.1515262965741622,0.24874109142382858,0
-0.1505337191116172,0.2504692938875085,0
-0.1614514654153928,0.24929939452193675,0
-0.1511540421641941,0.24868026600715243,0
-0.146935815117459,0.24742289363730235,0
-0.1666621184786169,0.24805873017616206,0
-0.1763392186772386,0.24749999270356493,0
-0.1341572511020087,0.24691494733026448,0
-0.1252245082772671,0.24545322640148276,0
-0.1377551550961669,0.24619836065824935,0
-0.144950811638425,0.24774155868046002,0
-0.1279540205762396,0.247130961076714,0
-0.116043848255975,0.24718982866891084,0
-0.1198898208927397,0.2469995285415113,0
-0.1172844943611289,0.247817904655467,0
-0.1236117592082012,0.24729095730523012,0
-0.1141828790982443,0.24575368010626347,0
-0.0958212561635446,0.24609670735148412,0
-0.130683381429156,0.24543552096687524,0
-0.1125699785831212,0.24512442838350623,0
-0.0994191601577017,0.2454827199816852,0
-0.143958385621936,0.24460965335505078,0
-0.1336609623707362,0.24282230832113177,0
-0.1319240275343099,0.24238359853603572,0
-0.1068630367886246,0.2406397135667496,0
-0.0961935105735139,0.24001618057341292,0
-0.1036373872044368,0.24085597789045743,0
-0.1094683633202367,0.2405977037446187,0
-0.1146790163834596,0.23973368844583828,0
-0.076467207212356,0.23920321665602842,0
-0.0772115645862373,0.2406434384046911,0
-0.0904864173329601,0.24105338132278825,0
-0.0782041420487835,0.24091055469767353,0
-0.0645570348920914,0.2418967857021162,0
-0.0928436752219645,0.24166697406525917,0
-0.1382512923813822,0.24177890879140385,0
-0.1486727499538865,0.24073841528477904,0
-0.1361422545810438,0.24006257455763053,0
-0.1295667696453055,0.23971452882828534,0
-0.1185251404662827,0.23873987835888427,0
-0.1262170857398133,0.238611755020885,0
-0.1217507900504705,0.23775611103577843,0
-0.104381744578317,0.23564905830636854,0
-0.096937867947394,0.23469823227796646,0
-0.0862683417322833,0.23335603767725763,0
-0.0850276956271295,0.23283621092376325,0
-0.0793206023865757,0.23244647712159078,0
-0.0455750889048148,0.22992912187288359,0
-0.0619515569144222,0.23146017126827836,0
-0.0428457280518995,0.23089387510299958,0
-0.005006021844708,0.23275981288382713,0
-0.0076113483763189,0.2341973456245057,0
0.0016934974123347,0.23668028783690287,0
0.0055394700490994,0.238655938198271,0
0.0252657734102573,0.2413835617074377,0
-0.0226231359594691,0.2436316606779598,0
-0.0066187709137739,0.24440057600972648,0
0.0467290116078404,0.2452920961509821,0
0.0200551203470332,0.2482831422276342,0
0.0368038427666098,0.2500903127345725,0
0.0748916176164102,0.2521628784972546,0
0.1106222860232622,0.2543815895604047,0
0.1679400755029468,0.25639204917953057,0
0.1006971171820316,0.2594408930198782,0
0.1158329390864863,0.2620526427800844,0
0.0967269587779053,0.26302636474068314,0
0.0680680640380641,0.26385033168248495,0
0.0294840004569913,0.26549645556855,0
0.0040507553013379,0.26649805064582344,0
0.0463567571978723,0.2675237077375888,0
0.029111746047022,0.26740134450510833,0
0.0296080347782957,0.2675707644841806,0
0.0198069002583684,0.26766463084514697,0
0.0395332036195262,0.26847170457321246,0
0.0705493562483718,0.2688809793098873,0
0.0608724074958061,0.2698578862659428,0
0.0432551419349877,0.2700924217971986,0
0.0090133397219532,0.2697795606318104,0
0.0356872309827604,0.26943966474567044,0
0.0551653142552523,0.26917112224123524,0
0.0178218967793344,0.2701005782066817,0
0.0303523921521758,0.27024557321208265,0
0.0225364125573409,0.27079880627615244,0
0.0169535050841487,0.27079650057241444,0
0.0360594853927296,0.27029234051427065,0
0.0457364341452953,0.2698049346950064,0
0.0490862694968448,0.26939298616663965,0
0.0835761403524869,0.268969932226588,0
0.0946179209775669,0.26882619867549895,0
0.0820874256047243,0.2690976123942632,0
0.0969751788665702,0.2687919966700698,0
0.0632295139387521,0.2690000498790128,0
0.0590114383380753,0.27023280071901346,0
0.0498306268707249,0.26995029924199576,0
0.0325856157198758,0.2696425103743834,0
-0.0143108676333616,0.269117953766647,0
-0.0041374787034662,0.2675852497618193,0
-0.0233674933333504,0.2668059311473986,0
-0.0198937751065538,0.2660368979800395,0
0.005663655816461,0.2656449173022784,0
-0.0532670341783454,0.26401102788332415,0
-0.0445825114422687,0.2636710205519956,0
-0.0468157350099687,0.26282569622839413,0
-0.0381312122738919,0.26190650503718166,0
-0.0291986208952075,0.26158841838323543,0
-0.0590981617402025,0.2606069065936707,0
-0.0804372141704262,0.25915597559541353,0
-0.0646810692133947,0.2579414148932587,0
-0.1004115861741907,0.2580046819277554,0
-0.1207582125879255,0.2580262637162672,0
-0.1131903016356981,0.257884931915585,0
-0.1073593255198983,0.25680088848304305,0
-0.110212720694118,0.2565221315918782,0
-0.0788244651013604,0.2558169699135589,0
-0.0780799562814219,0.2545762064343485,0
-0.0706360796504989,0.25329762301750053,0
-0.0491729928989719,0.2525475223824465,0
-0.0726212345755913,0.25130580995943436,0
-0.0711323683817726,0.2506522561632186,0
-0.0662938182824606,0.24902952397931985,0
-0.0769634959436296,0.2470502078488158,0
-0.0762189871236911,0.24615170241665102,0
-0.0474360580625456,0.24538719914854815,0
-0.0736136605920802,0.24385447598078291,0
-0.081305757311668,0.24207807927208333,0
-0.0710083340604682,0.2412620587300682,0
-0.0655494609085804,0.2404856808682072,0
-0.0693954335453451,0.2395072459102414,0
-0.0412328275367765,0.23814584832165756,0
-0.0952009331109677,0.23606832903988723,0
-0.1181528860563134,0.235324373036741,0
-0.1109570780679981,0.23487816963502528,0
-0.0732415576281682,0.23473397825398037,0
-0.0857720530010097,0.2346757868261392,0
-0.0870126991061635,0.23435505689423383,0
-0.0873848020700755,0.23371723188709195,0
-0.0980544797312446,0.2333513614062013,0
-0.0970619022686984,0.23321813040804462,0
-0.1040094901683489,0.23260028170908628,0
-0.1082277172150828,0.23276494564392405,0
-0.1129422329930905,0.23210562619310063,0
-0.124852405313355,0.23222109714319925,0
-0.1313037044817329,0.2313635451965914,0
-0.1773316446937276,0.23107993573490437,0
-0.2107050552115775,0.23121851922876535,0
-0.2069831168961161,0.2312149494968826,0
-0.2036334329906227,0.23169673398098453,0
-0.2167842514160423,0.2313674517797188,0
-0.2250965197421497,0.2314137341862754,0
-0.2115735983528193,0.2312426051519678,0
-0.2484207270974647,0.2316601574886026,0
-0.2510260536290767,0.23071520400774728,0
-0.2425897509816648,0.2306060513827217,0
-0.2415971735191187,0.22972848960613979,0
-0.2546239576232338,0.22985315210507104,0
-0.2382474896136265,0.23092190771632515,0
-0.2203821554101993,0.23267310080174464,0
-0.2304313585727343,0.23302415894898218,0
-0.2320442590878574,0.23317052484462764,0
-0.2303073242514299,0.23342063125592513,0
-0.1915990749029966,0.2348272405437226,0
-0.1759669642672705,0.2353408493175431,0
-0.1683990533150432,0.23522477174522954,0
-0.1657937267834312,0.23596524461269291,0
-0.1820461604717352,0.23524410885778824,0
-0.1442064542645437,0.23472034795141353,0
-0.1635605032157323,0.23464648978753028,0
-0.1463154920648821,0.2339115404045384,0
-0.1373829006861976,0.23468740795289084,0
-0.1353978972071625,0.2345962771146059,0
-0.1427177395167822,0.2355783278976602,0
-0.1316759588917011,0.23589081280538254,0
-0.1530150113219248,0.23565748698129324,0
-0.1631884002518203,0.24231889184243685,0
-0.1791926138514583,0.24799738261156912,0
-0.1853958443772275,0.24808861419589323,0
-0.194948910254546,0.25029497850035654,0
-0.2118216669954269,0.258244116526137,0
-0.1959413362710349,0.26313803426791527,0
-0.1947006901658811,0.26359500077824133,0
-0.1824184148817045,0.2633449829312378,0
-0.2092163404638149,0.2630125748618571,0
-0.208596017411238,0.2630020276859084,0
-0.2252207055095113,0.26337977571062104,0
-0.2381233038462649,0.2649026266277031,0
-0.2582218616173909,0.26400110981600233,0
-0.2418452421617263,0.26466748092305187,0
-0.2535073458393844,0.2640148432993233,0
-0.2350216885833803,0.2642314968971321,0
-0.2440784657294263,0.2634920287441294,0
-0.2339052282455881,0.2637987856612182,0
-0.2191415093050455,0.2634137930547707,0
-0.2478004040448878,0.26274802901238037,0
-0.2583458959386953,0.26227303586423817,0
-0.2969299595197682,0.26139015873232974,0
-0.2891139799249332,0.26153567407017564,0
-0.2959375335032792,0.2619928772581012,0
-0.304001733186779,0.26197668025829945,0
-0.2979225369823132,0.2614837405723147,0
-0.2902304402627254,0.2607810308209685,0
-0.3218669159441478,0.26217067424636625,0
-0.3491611302575319,0.2629578934640147,0
-0.3449430546568551,0.26448449918841643,0
-0.3031331900455373,0.2651678955232769,0
-0.3054904479345405,0.2666388883289975,0
-0.3006518978352296,0.26655912713979074,0
-0.2628121916280381,0.2674375484587587,0
-0.2278260320411222,0.2685365937907752,0
-0.2398602386826923,0.2698128219693317,0
-0.2394881357187803,0.2706711872802951,0
-0.25338331151808,0.27136979997557875,0
-0.2945727016307638,0.27112808661140264,0
-0.2804294571888564,0.27218329830313287,0
-0.2908507633153023,0.2725048389717226,0
-0.2912230177252716,0.27322366890317334,0
-0.3263333630795478,0.2735916250743546,0
-0.3073514170922712,0.2746819473886735,0
-0.3172765859335018,0.27857573471585284,0
-0.343950477194309,0.279487163348185,0
-0.3398562844688783,0.2794414919357682,0
-0.3147952937231942,0.2805011509410898,0
-0.3176488403434711,0.2794810023819969,0
-0.3125620701554942,0.2809495370238695,0
-0.2986668943561945,0.2804772237403746,0
-0.3027610870816252,0.28062933100812515,0
-0.3289386896111587,0.28037337804666046,0
-0.3335290196218059,0.2801991518697096,0
-0.3222391703541171,0.27846660505803794,0
-0.3213707786589325,0.2759905431067134,0
-0.3441985458369166,0.27506221434038614,0
-0.288121402462387,0.27329332940904044,0
-0.2831588180417717,0.2705143638471536,0
-0.2389918469875066,0.2695968528248725,0
-0.2414731391978143,0.26683169607374396,0
-0.1915990749029966,0.26318757564007006,0
-0.1721209916305047,0.2603769072290662,0
-0.1626921115205466,0.2581740906909663,0
-0.1624438914318818,0.25581885540653293,0
-0.1634364688944279,0.25439125622158487,0
-0.1785722907988814,0.2501068229256442,0
-0.1896140714239626,0.24647092687278163,0
-0.207603439948693,0.24384403834349838,0
-0.2064868281648424,0.24097277675922363,0
-0.1982985941600393,0.23858803677195434,0
-0.1878771365875351,0.2357144048124377,0
-0.2042537560431996,0.2317127382888165,0
-0.1939563327920009,0.2295550212722365,0
-0.1969339137335811,0.22755507435185982,0
-0.1285743436288165,0.22414059238928435,0
-0.1350256427971944,0.2210091956692887,0
-0.1703840567940783,0.2179079867587459,0
-0.168026798905074,0.21508590432505764,0
-0.1479283925800051,0.21220791931747923,0
-0.143958385621936,0.2080697369691585,0
-0.132296281944278,0.2046995669813547,0
-0.1541316231057742,0.20234227915995986,0
-0.1126940129044256,0.19870322583060518,0
-0.1206341782666211,0.19524612424662174,0
-0.158225815831205,0.1924493235144802,0
-0.1423454851068129,0.1891600969659132,0
-0.1451990317270898,0.1866963214328648,0
-0.110212720694118,0.18287406866143638,0
-0.110212720694118,0.18029398887197484,0
-0.1460674234222744,0.17825515901991623,0
-0.1350256427971944,0.17558337737079108,0
-0.1115774011205751,0.17229181702595325,0
-0.1201378895353485,0.17036768934000412,0
-0.1057464250047752,0.16676003796538297,0
-0.1054983563621675,0.1646158695711198,0
-0.0806854342590911,0.16133063934035982,0
-0.0644328491247298,0.15998934818640184,0
-0.0867644790174986,0.15891343883389344,0
-0.0502896046828225,0.15652379433868735,0
-0.039744112789015,0.15491399874503367,0
-0.0411087932154721,0.154123255709113,0
-0.0373868549000106,0.1527353504603945,0
-0.0114573210130847,0.15160863819504342,0
0.0169535050841487,0.15052790052032428,0
0.0030581778387918,0.15022140454739208,0
-0.0004155403880047,0.14948562245079225,0
0.0215438350947958,0.14908714330694098,0
0.0268786739253792,0.1494675458781442,0
0.0277470656205649,0.14893495190172323,0
0.0361835197140329,0.14865570735315325,0
0.0452401454140217,0.14838623516912763,0
0.0302283578308726,0.14902559173620325,0
0.0296080347782957,0.14907051726094403,0
0.0225364125573409,0.14922565292197743,0
0.0307246465621451,0.14956666826592388,0
0.0286156087618067,0.14976195541662468,0
0.0143481785525377,0.1499666051613363,0
-0.0519023537518884,0.15081639862288454,0
-0.0478083124725148,0.15056916375335225,0
-0.0409847588941688,0.15016149513198346,0
-0.0339129852271579,0.14942067445313167,0
-0.0478083124725148,0.14926934512970422,0
-0.0520263880731916,0.14919828172284363,0
-0.0655494609085804,0.14846355429121463,0
-0.0629441343769684,0.14807201976880688,0
-0.0875089878374371,0.14722210729370003,0
-0.0778318876388142,0.14535432961699798,0
-0.0798168911178493,0.14398273034328815,0
-0.0889977025851986,0.14259548074020406,0
-0.0902383486903524,0.14145179378850836,0
-0.1076073941625059,0.13950865680197752,0
-0.119021277751498,0.1372711267534854,0
-0.1088480402676597,0.13453306518494929,0
-0.0940843213271183,0.13191880314908547,0
-0.0831667264693988,0.13063403329738058,0
-0.0883773795326217,0.12918877810969145,0
-0.0707602654178605,0.12765695896972498,0
-0.0705120453291957,0.1260586860295015,0
-0.1126940129044256,0.12494556536861413,0
-0.1141828790982443,0.12328757015574006,0
-0.0935880325958446,0.11739950163555932,0
-0.0530189655357378,0.10676565747847845,0
0.008641085311984,0.10248457737178694,0
0.0018175317336379,0.10244551462793859,0
0.027126742567988,0.10199120337042757,0
0.01769786245803,0.10173968583155728,0
0.0807227451782672,0.10160530643277944,0
0.0923846974098669,0.10232658047887914,0
0.0412701384559526,0.10284993835605497,0
0.0521878847597293,0.10307031427808894,0
0.1104982517019589,0.10328585981495825,0
0.0959826014040251,0.1044397508608604,0
0.0591354726593786,0.10512494625657574,0
0.083948394762455,0.10598087074201501,0
0.076132263721564,0.10695165104432296,0
0.0937495292823823,0.10798494194553057,0
0.0797301677157211,0.10874616235794946,0
0.098215824971724,0.10939210888986671,0
0.1457324799314813,0.11008117871285344,0
0.1441197308624154,0.11124459356553244,0
0.132953915916031,0.1125165804350613,0
0.1046671241401019,0.11336081438129779,0
0.124145358858651,0.11401083140751188,0
0.1317132698108772,0.11458524638416168,0
0.1694289416967655,0.11556382973313796,0
0.1209195578284048,0.116925141235002,0
0.1109943889871743,0.11801865767633678,0
0.1273710084428388,0.11891422825084325,0
0.1122350350923281,0.12037290026437289,0
0.1276190770854476,0.12118012165466081,0
0.0927569518198362,0.1221838695201964,0
0.1046671241401019,0.12292737580851806,0
0.1107463203445666,0.12410682234199263,0
0.1004488970933668,0.12492580214151947,0
0.1056597016026469,0.12579097732187988,0
0.1059077702452557,0.12644817406337752,0
0.0975955019191471,0.12729035942942538,0
0.1359314968576123,0.12785313828773653,0
0.1536726452936778,0.12911558174888907,0
0.177741210022873,0.131095568309176,0
0.139777469494377,0.13373064252437333,0
0.1508192501194581,0.13641731069892785,0
0.1631015254036348,0.14057715428860754,0
0.1560299031826811,0.14702825905836042,0
0.1364276341428276,0.15109529878066819,0
0.1361795655002199,0.1552513475873776,0
0.1405218268682583,0.1586667634811611,0
0.1037987324449162,0.1618881165437092,0
0.0942456665675977,0.16405940011515668,0
0.0642220914012983,0.1660567005936366,0
0.09176437435729,0.16730638255712943,0
0.0869259757040363,0.1687159272904622,0
0.083948394762455,0.16911713480514823,0
0.0720382224421905,0.1692751333980544,0
0.0475974033030261,0.17012148896034143,0
0.0488380494081799,0.16949187753759853,0
0.066083060559029,0.168221451077814,0
0.0734029028686475,0.1671407546085631,0
0.0908959826621055,0.1665558976515177,0
0.0591354726593786,0.16610435258537593,0
0.066083060559029,0.1658326643743008,0
0.0753879063476827,0.16511137758466646,0
0.0471011145717524,0.16476523643642968,0
0.0730306484586794,0.1641495374920416,0
0.071293713622252,0.1638848696307236,0
0.0627333766535368,0.16407662170476095,0
0.0494583724607568,0.16390094995940038,0
0.0627333766535368,0.1636187340981915,0
0.0658349919164213,0.16351004081907272,0
0.0665793492903015,0.1637718352628919,0
0.038168523193068,0.16393331680715487,0
0.0354391623401527,0.16389277863612364,0
0.0098817314171378,0.16408761085335088,0
0.0178218967793344,0.16410022331621635,0
0.0235288385738298,0.1638376712717589,0
0.0114946319322609,0.16331455070362086,0
0.0093855941319225,0.16235371996980438,0
0.0055394700490994,0.16128780750503688,0
0.020303188989642,0.1603333989886747,0
0.0210475463635222,0.15958403735235976,0
0.0184422198319113,0.15837864437753169,0
0.0049191469965225,0.15666612667254223,0
0.0266304538367144,0.15517048852618665,0
0.0251417390889529,0.15326839994089214,0
0.0329578701298451,0.15137220977188304,0
0.063849836991329,0.14990224339124478,0
0.0675717753067905,0.14807739601968706,0
0.0686883870906411,0.14678845297885612,0
0.0591354726593786,0.14583778045070184,0
0.0899034051995593,0.14444760481221133,0
0.0902756596095285,0.14384388744970536,0
0.0788617760205365,0.1438509903044909,0
0.0738991915999212,0.14384810196178235,0
0.0689366071793059,0.14396596277745938,0
0.0711696793009487,0.1440472723316869,0
0.0796061333944167,0.1432186537147106,0
0.0504509499233018,0.14254305822116345,0
0.0690606415006092,0.14179594334897128,0
0.0815911368734518,0.14103025218785262,0
0.0446198223614448,0.14009476894053452,0
0.0405257810820713,0.13837627481863432,0
0.0338262618250296,0.137357401911226,0
0.0432551419349877,0.13554369416774484,0
0.0356872309827604,0.1336828297534635,0
0.0240251273051035,0.13171807224172075,0
0.0132315667686872,0.12983427455897367,0
0.0119909206635334,0.1281811769461167,0
0.0101299515058026,0.12635716619265427,0
0.0072764048855269,0.12529370954512317,0
-0.002772798277008,0.12386486618404417,0
-0.0107129636392034,0.12232639302998291,0
-0.0256007169010493,0.12127051595106364,0
-0.0231194246907417,0.12024727597400664,0
-0.0141866818660001,0.11868806313896296,0
-0.0103407092292353,0.1173467481345057,0
0.0170775394054531,0.11550292905208233,0
0.0167052849954838,0.11502843438512075,0
0.0078967279381038,0.11409694408202053,0
0.0163331820315717,0.112455044092248,0
0.0394091692982218,0.11135407032664796,0
0.0490862694968448,0.1102844711858328,0
0.0415182070985602,0.10940278333040682,0
0.0435033620236526,0.108458607287737,0
0.0266304538367144,0.10768457056928171,0
0.0165812506741805,0.10617444365508487,0
0.0158368933002992,0.10511766905119221,0
0.0169535050841487,0.10349176878364627,0
0.0230327012886145,0.10219917106555587,0
0.0081449480267686,0.1009320664080868,0
0.0054154357277961,0.09979958165758801,0
0.0065320475116456,0.09875333544009259,0
0.0235288385738298,0.09778314869828508,0
0.0332059387724527,0.09675772337260909,0
0.0338262618250296,0.09623137947204156,0
0.0506990185659106,0.09552627771492694,0
0.0179459311006376,0.09542502475950825,0
0.0256380278202254,0.09537459950571475,0
0.0147202815164498,0.09495574734925613,0
-0.00537812480862,0.0942252454372459,0
-0.0411087932154721,0.09322348444474016,0
-0.0550039690147729,0.0920667047413637,0
-0.0702639766865869,0.0905625423137832,0
-0.0927196409006601,0.0891853884462286,0
-0.0994191601577017,0.08703304036176301,0
-0.106987071109929,0.08505713635815605,0
-0.1093443289989323,0.08329814731228549,0
-0.0924715722580524,0.07863757253375235,0
-0.0685270418501605,0.07288463704796667,0
-0.0542596116408916,0.06826790612693513,0
-0.0396199270216534,0.06422709723258958,0
-0.0439621883896918,0.06221843607692926,0
0.0281193200305331,0.05765079232894148,0
0.020303188989642,0.05561415508474616,0
0.022288192468676,0.053628941831599025,0
0.0627333766535368,0.051714549209781704,0
0.0789858103418398,0.05038018555863624,0
0.0964788901352976,0.048683554885194144,0
0.0887869448617671,0.0475186539773082,0
0.087174044346644,0.04621395116281232,0
0.0984638936143328,0.04502742789370282,0
0.1023098662510975,0.04397188519268644,0
0.104046801087525,0.042659469603343964,0
0.1134756811974819,0.04114064673383723,0
0.0998285740407899,0.040056878820710615,0
0.0918885601246516,0.03868453887516762,0
0.1003248627720635,0.0374805539033307,0
0.107644705081682,0.03586304762542347,0
0.0953622783514482,0.03399616565260748,0
0.0770008068628057,0.03200005940652292,0
0.0580188608755292,0.02963753454906943,0
0.0737750058325596,0.02735636585048899,0
0.034570619198911,0.024621184294305508,0
0.0505749842446062,0.021799431915632574,0
0.0707975763370366,0.019073030096776432,0
0.0686883870906411,0.016749189309987717,0
0.098215824971724,0.013970091198837489,0
0.0953622783514482,0.01130959681188304,0
0.0905237282521362,0.008783861232134748,0
0.117321805280305,0.00604079012720153,0
0.1075206707603776,0.003473030888636545,0
0.1209195578284048,0.0010012696140622424,0
0.1328298815947277,-0.0017113301613575229,0
0.1674437867716731,-0.003856884094139168,0
0.1766245982390235,-0.005758740412494942,0
0.1654587832926392,-0.007584739593214145,0
0.2062760704414109,-0.009556581281036782,0
0.1480897378204856,-0.011357024736742776,0
0.1411421499208352,-0.013310013856702147,0
0.1560299031826811,-0.015083173655611766,0
0.1552855458087998,-0.016785361767933375,0
0.1160811591751511,-0.018592603954573725,0
0.0908959826621055,-0.020415833537624214,0
0.0906479140194978,-0.022418147961771728,0
0.09623082149269,-0.02419205427172313,0
0.1556576487727118,-0.025951130063725347,0
0.1443677995050242,-0.02767885047915227,0
0.1508192501194581,-0.029612172813555365,0
0.1658310377026073,-0.03155086579704767,0
0.1609924876032964,-0.033421184867702125,0
0.166699429397793,-0.03556212878580675,0
0.189031210736619,-0.03735060638149749,0
0.1903957397170189,-0.039487431709292364,0
0.2197989918307413,-0.0415564081513605,0
0.2098738229895108,-0.043444643882900355,0
0.1956063927802418,-0.04511002469239152,0
0.1980876849905495,-0.04640844757378284,0
0.1606202331933271,-0.0479140755557185,0
0.1706695878019193,-0.04934000635290407,0
0.1707936221232226,-0.05055303699036643,0
0.1511913530833702,-0.05195303758531957,0
0.1509432844407614,-0.05302752238692165,0
0.1451121568789043,-0.05446176259396838,0
0.1359314968576123,-0.0554930093876068,0
0.1761283095077499,-0.05682445659859607,0
0.1504469957094889,-0.05810553096450076,0
0.1214158465596785,-0.058913723075712535,0
0.1412661842421396,-0.06000690631949865,0
0.1510673187620658,-0.060809686946616814,0
0.1427550504359583,-0.06195573892946617,0
0.147593449089212,-0.06277307700704496,0
0.1354352081263387,-0.06350725789636008,0
0.1391571464418001,-0.06449483393819389,0
0.1390331121204968,-0.0649535357700752,0
0.1494544182469427,-0.06591404213141103,0
0.1572705492878349,-0.06643224690246662,0
0.1782373473080883,-0.06696163203322616,0
0.1839444405486421,-0.06742236701223601,0
0.1629774910823315,-0.06783055513603872,0
0.1500747412995196,-0.06838954024678023,0
0.1609924876032964,-0.06866987979656809,0
0.1618608792984809,-0.06924083906926709,0
0.1581389409830195,-0.0695224721719969,0
0.1470973118039967,-0.06981960873155227,0
0.140769895510866,-0.07043608540421319,0
0.1093816399181084,-0.07066971138444837,0
0.1061559903339206,-0.07105589694339241,0
0.1207955235071016,-0.07138424376902616,0
0.1324576271847585,-0.07149635775537659,0
0.1523079648672196,-0.07173859912524604,0
0.1458566656988429,-0.07194431969570085,0
0.1426308646685967,-0.07204593184379701,0
0.1660791063452161,-0.07199472580889588,0
0.1535486109723735,-0.07204849942309666,0
0.1603721645507195,-0.07173156609524267,0
0.1591315184455657,-0.07153305190476342,0
0.1748876634025961,-0.07124339582623314,0
0.2260022223565104,-0.07066756356156803,0
0.2642141829736713,-0.07025177421073538,0
0.2838164520135247,-0.069732642866081,0
0.3046593671585321,-0.06946507201395584,0
0.3142122815897934,-0.06898076827053663,0
0.3397697125128083,-0.06862302279949717,0
0.344608111166062,-0.06808713943916134,0
0.3171897110853163,-0.06776505777083656,0
0.3357994026626237,-0.067284730652032,0
0.3204155121155625,-0.06674734861788471,0
0.3133438898946088,-0.06629509808612208,0
0.3175619654952856,-0.06575567866996318,0
0.312103243789455,-0.06509751179058548,0
0.3140880958224318,-0.064276570792922,0
0.3444839253987004,-0.06357174228047945,0
0.314336467357155,-0.06289373407777088,0
0.3350551967348007,-0.062047592234488316,0
0.3360477741973469,-0.0610605329671949,0
0.3546574657746542,-0.06006043424757835,0
0.3879065390790842,-0.0590096824506497,0
0.4116030008443684,-0.05806403789872523,0
0.441998830420637,-0.057174607401030184,0
0.4834362891759284,-0.05647975710094287,0
0.4764888527223364,-0.05567851811433141,0
0.5222685728456662,-0.05482292004742844,0
0.5297124494765891,-0.054121196061475196,0
0.5443521340958273,-0.053431121711480206,0
0.5271072743910354,-0.05290180421747964,0
0.5583714956624886,-0.052167518871270906,0
0.5601082790528578,-0.051658643824907716,0
0.5720186028191806,-0.05092153291598221,0
0.6030347554480262,-0.050417690431065657,0
0.579338293682742,-0.049940902027490505,0
0.5924892635542187,-0.04940166491770166,0
0.6124634841119259,-0.04887257412960066,0
0.530332772529166,-0.048159082728700016,0
0.5247498650559739,-0.047037860115527894,0
0.5207798580979047,-0.04590264774661123,0
0.5273553430336431,-0.0447106429697577,0
0.5335585735594122,-0.043521696822499796,0
0.5467092405387733,-0.04219844622370278,0
0.479714350860467,-0.040715491129181554,0
0.4902598427542745,-0.03888537313129767,0
0.4893914510590899,-0.036920697238997296,0
0.4891433824164822,-0.03485784167945977,0
0.5171821055498048,-0.032581225152065775,0
0.509241788741551,-0.030581634904767726,0
0.5072569367085743,-0.02845088010937702,0
0.53020888965392,-0.026160897547012663,0
0.5738795719769114,-0.024007459639208053,0
0.5351714740745352,-0.021980500586984808,0
0.556634409380004,-0.019769214997566863,0
0.6004292774703569,-0.01764447691047553,0
0.5896357169339418,-0.015964816413144216,0
0.6295844609414718,-0.014256831178441183,0
0.6565064208448865,-0.01268197257355689,0
0.641370598940433,-0.010934485861304846,0
0.6010496005229339,-0.009183135983655853,0
0.5338066422020198,-0.0069593727839942525,0
0.5307050269391352,-0.0041669470053490665,0
0.5588676329477039,-0.0011729081899465598,0
0.5403821271377582,0.001906318983078484,0
0.5436076252758888,0.00524431488519931,0
0.5187947031728124,0.008859471764662251,0
0.5481982581786503,0.012468307909223965,0
0.5220205042030586,0.01608609536061997,0
0.5575031039673041,0.020076867270355993,0
0.5776015102923728,0.023888337683056864,0
0.4968353276900128,0.0279079418070885,0
0.4999369429528973,0.03278706304770721,0
0.4996888743102897,0.037273746476308454,0
0.5350472883071736,0.041846441548372776,0
0.4906320971642437,0.04623549021398994,0
0.5293401950666199,0.05108057065966813,0
0.5057679190686972,0.054770844780270375,0
0.528099548961466,0.05912246181259736,0
0.5571308495573348,0.06324248424307749,0
0.5107305034893126,0.06619329760857302,0
0.5276034116762507,0.06953146204890102,0
0.5109788750240357,0.07241958083022841,0
0.4893914510590899,0.0754143759125855,0
0.5207798580979047,0.07848823419168302,0
0.5247498650559739,0.08183420155212652,0
0.5246259821807278,0.08556049536623597,0
0.518918888940174,0.08942248707665085,0
0.5645747261882577,0.09382679191796521,0
0.6001812088277493,0.09818172613219343,0
0.5588676329477039,0.1011133242720079,0
0.564946980598227,0.1044466637913904,0
0.5799586167353189,0.1081217008276269,0
0.6330583306143256,0.11184342392992255,0
0.6318176845091718,0.11479322330386489,0
0.6428593136881946,0.11777391305548178,0
0.6918648348417705,0.12103209198324735,0
0.6824361061778708,0.12318483803104961,0
0.6787141678624093,0.1257206878248423,0
0.6088657315638261,0.12866809961340347,0
0.6045234701957877,0.13271117804199425,0
0.620155732277572,0.13751361678803076,0
0.6309492928139872,0.1413608403361439,0
0.5547734402222733,0.14498233766378213,0
0.5896357169339418,0.14922809053315053,0
0.5862860330284496,0.15295768227081952,0
0.6206518695627874,0.15668531304435687,0
0.6473257608235945,0.15923388784486336,0
0.657871252717402,0.16216022166304864,0
0.6463331833610484,0.16477933430427424,0
0.6165576768373566,0.16752637294899456,0
0.6009257176476878,0.17106656967145517,0
0.602662501038057,0.17433044591347302,0
0.64199092199301,0.1775524215269515,0
0.6542735001693021,0.18042530388108277,0
0.6918648348417705,0.18366577776129442,0
0.697199673672355,0.18664260107640337,0
0.6633299744232326,0.1890494900476159,0
0.6803270683775323,0.1924305577932036,0
0.7367764661620313,0.1956367253476857,0
0.7407464731201003,0.19862296418482042,0
0.7525326111190617,0.2019822199815822,0
0.7489345556788463,0.204443550340228,0
0.7123354955768085,0.20702873888554388,0
0.7489345556788463,0.21083039939756829,0
0.7604726250352,0.21479062158204928,0
0.7583635872348615,0.2185623908859234,0
0.7397538956575542,0.22236530093992152,0
0.7703977938764305,0.2270059878759868,0
0.7308213042788698,0.23133785491488257,0
0.7259826027335006,0.2360051247707774,0
0.730324864101539,0.24025134248683805,0
0.7526564939943078,0.244953126937924,0
0.7304490498689006,0.2496345892193053,0
0.7407464731201003,0.25514123154657525,0
0.7537732572242155,0.26077553016511557,0
0.7535251885816079,0.2666085599630255,0
0.802034269557853,0.27292504647637117,0
0.8393778384798292,0.27859906722497363,0
0.8382610752499214,0.2838038620886741,0
0.8182868546922143,0.28915513862283726,0
0.8262268686083525,0.2958821629831809,0
0.8476901068059367,0.3025349925452979,0
0.8872665964034974,0.3087812058585308,0
0.8954549818543588,0.3150410249738918,0
0.9260988800732352,0.3199330897190312,0
0.9360240489144656,0.32589684696523863,0
0.9492989016611884,0.3310652124537114,0
0.91753854310452,0.3365221291810988,0
0.9073653056206816,0.3423484675389464,0
0.946073403523058,0.34887346330931546,0
0.9210124127773738,0.3538941847736136,0
0.933418873828912,0.3593557228283008,0
0.9193995122622508,0.36429980387110544,0
0.9181588661570969,0.3684161714850613,0
0.8811875516450899,0.37348850818945406,0
0.8700217366987055,0.37958812101464773,0
0.8881352909907975,0.3860234672282474,0
0.934039196881489,0.3923863063603096,0
0.9218808044725584,0.3977434072258983,0
0.938753409767381,0.4030257107342832,0
0.9543856718491652,0.40871450725561287,0
0.9754766556367804,0.4143736605997306,0
1.003639261645349,0.42077624605082936,0
1.0153015167690642,0.42675240036694645,0
1.0414789678525405,0.4334013357389133,0
1.0045076533405335,0.440389168113421,0
1.0299408984961869,0.44801675669002355,0
1.03738477512711,0.45502328760910604,0
1.0398660673374174,0.461769711023206,0
1.0715025430188398,0.4683584652676957,0
1.096439650889278,0.474442898390917,0
1.0341592769889791,0.48011953965982157,0
1.0345315313989485,0.4877949735925142,0
1.0314299161360638,0.49631525043030644,0
1.0366405691992868,0.505684975456264,0
0.9464456579330272,0.5152507648445218,0
0.9846573156580724,0.5268252181506436,0
0.971134394268742,0.5368216016565308,0
0.8764730358670823,0.5446458153968629,0
0.8625778600677826,0.5531002130566708,0
0.8387575154272523,0.5621255732404562,0
0.8231252533454679,0.5739123681317256,0
0.8200236380825834,0.5881618731514084,0
0.8757288299392593,0.6047169699593051,0
0.8961994906742974,0.6199982551345316,0
0.9223769417577736,0.6357722629749416,0
0.9520285654062192,0.6543437484132063,0
0.9989247458673414,0.671679224380172,0
0.8834207752127898,0.6908924419816874,0
0.8877630365808282,0.7125381790717427,0
0.912079518506574,0.7311774126859675,0
0.9332946880615504,0.7515779599326885,0
0.9058762879808048,0.7697637418584234,0
0.9180346803897352,0.7897957835084246,0
0.9293246811034812,0.8097231140346756,0
0.8955791676217204,0.8289594758967074,0
0.9104669208835664,0.8467913981074179,0
0.9430956711354194,0.8636310569404473,0
0.9836650410876416,0.8838371172807072,0
1.028576369515787,0.9047509647785368,0
0.971134394268742,0.9252142029301043,0
0.9320540419563966,0.9441785820221957,0
0.9263469487158428,0.9655936979012143,0
0.917662425979766,0.9836495605828766,0
0.9078614429058972,1.00205294705973,0
0.8529007598691597,1.019699297149883,0
0.8981843427072741,1.0395455015951711,0
0.8778378677395977,1.0575765421455467,0
0.887390782170859,1.0765289752497358,0
0.910714989526174,1.0988393686288578,0
0.8839169124980052,1.1200579158631259,0
0.870145922466067,1.1422162916776974,0
0.8988046657598511,1.1673545441473392,0
0.9356517945044964,1.1908265001298055,0
0.9184069347997046,1.2120094912890813,0
0.9102185493488432,1.2359215919836044,0
0.9329224336515812,1.2583108257036146,0
0.942599533850204,1.283020815154215,0
0.966544064258096,1.3065413715409733,0
0.9971879624769722,1.33154455607589,0
0.9537653487965884,1.3547137308449417,0
0.9587279332172036,1.3778188265491398,0
1.0021505468975875,1.4016556325968554,0
1.0442083287054558,1.4240914663928192,0
1.0416031536199022,1.4457467685841432,0
1.054878006366625,1.4682242726082566,0
1.0705102684484094,1.494667008513485,0
1.064927360975217,1.5183872132576468,0
1.0825444750899782,1.5413229802678992,0
1.033166699526433,1.5656948358765317,0
1.069517690985863,1.5895634977319648,0
1.07237123760614,1.614389798777754,0
1.139241941517085,1.6359033843501956,0
1.1262151574129695,1.6555577197775133,0
1.152764862906415,1.6756561318266938,0
1.1768335790816686,1.6919767575850113,0
1.1995374633844067,1.7092021138280775,0
1.180183262987161,1.7271221870690503,0
1.1942026245538222,1.7459763894065772,0
1.2525129914960518,1.7654575212013688,0
1.250279767928352,1.781708038892193,0
1.2459375065603135,1.7995196860719598,0
1.2669043045805668,1.8161878835359433,0
1.2144252166462526,1.8323014620075089,0
1.273976229693636,1.8495807551359362,0
1.258840104897067,1.8655484120277643,0
1.284397535820082,1.8832846021814502,0
1.281420106324559,1.8992949575968634,0
1.2941985188939509,1.917127073262502,0
1.2403545990871212,1.9336307679735594,0
1.2556146067589364,1.953088436718739,0
1.2139287764689215,1.9723418453649701,0
1.1563629183466306,1.9969058178799566,0
1.2226132992049985,2.0207105968551815,0
1.246682015380252,2.0421582777362643,0
1.2537536376012055,2.060581926984721,0
1.2553665381163288,2.076860303808701,0
1.2406026677297288,2.0945583672304187,0
1.2236058766675446,2.110923245164325,0
1.2507759052135672,2.1288076051331166,0
1.2832810754822896,2.147068802250627,0
1.3393582188568194,2.1651350026329257,0
1.3520127485509652,2.180680569889469,0
1.3588363021293113,2.1972840974512113,0
1.4023831015770565,2.2151330247989534,0
1.4033753761474872,2.234519769238306,0
1.408462146335464,2.2481450932247773,0
1.3814160006646876,2.2621906211961402,0
1.3750888872636724,2.2756902846421383,0
1.3882395542430337,2.2906513639482444,0
1.38476568457018,2.304450055703831,0
1.433523137081148,2.318001273785751,0
1.466152190225117,2.3285566963111033,0
1.5111877044206237,2.3394126307023084,0
1.5063490028752544,2.3500090696529834,0
1.5324025710834848,2.361402449815071,0
1.4791789743292318,2.3725633480196087,0
1.3737240553911572,2.386125007195033,0
1.2984168973867432,2.4032541690515683,0
1.3196317640496045,2.424037913067768,0
1.428932807070502,2.4485834279570233,0
1.5513845170707612,2.470240361278545,0
1.6345078061160674,2.4931930045596045,0
1.612920685043237,2.5097032085338635,0
1.630165544748029,2.532096192131665,0
1.7640314412293956,2.5538825056693706,0
1.7418236942118728,2.570365960331769,0
1.8627866894643703,2.58871320047374,0
1.856087321653386,2.602377057137665,0
1.7016268815617352,2.616622291103681,0
1.77073080904038,2.6378932972385565,0
1.7091946410679042,2.657406329641944,0
1.771351132092957,2.6784627827187566,0
1.7543543410307727,2.6956761904890674,0
1.7372333642012268,2.714232027946542,0
1.619371984211614,2.739427037539496,0
1.6465420127576362,2.7674910104224386,0
1.745049495242119,2.7939421443638683,0
1.8692379886327477,2.817433704603291,0
1.8320186054781329,2.8382140020092534,0
1.726812058074781,2.8627400268728365,0
1.7749488846410568,2.892474752181828,0
1.631778445263152,2.922580328713281,0
1.6569636217761976,2.9570351855845347,0
1.5838893844473685,2.991907352893306,0
1.632646836958337,3.0353650406879025,0
1.5846338932673067,3.0777127535358537,0
1.6428200744421748,3.125625104385197,0
1.7065894659823506,3.166198263311696,0
1.7425682030318117,3.206765997486003,0
1.7214772192441965,3.254203081323352,0
1.809935347120087,3.302614351314876,0
1.7299136733376654,3.3511755223894824,0
1.7230901197593196,3.4096309253433987,0
1.7522453032304344,3.463233483725284,0
1.717258840751404,3.5257156760243316,0
1.818619869856164,3.5738932519512363,0
1.7933105075757565,3.6152358870232284,0
1.822217622404264,3.6645888628507057,0
1.7939308306283337,3.71030202269162,0
1.7591927396840263,3.751085741669314,0
1.7708549948077417,3.7886357776016624,0
1.7569595161163265,3.8310180641881706,0
1.7574559562936571,3.8712133544071357,0
1.831398282425556,3.9101549762160324,0
1.893802842093216,3.9484543213650545,0
1.85062829705544,3.980127378762089,0
1.838470207538625,4.016953126939748,0
1.842440214496694,4.053168531031544,0
1.815518254593279,4.0904806470640285,0
1.8274282754674869,4.138243763088063,0
1.752617254748288,4.182804495320826,0
1.7646517642819726,4.241243594399273,0
1.7725917781981109,4.297106470776146,0
1.698401080531489,4.345294862909123,0
1.72408239432975,4.399300253771145,0
1.77656178515618,4.447520631510975,0
1.7905811467228412,4.496729872702943,0
1.7702346717551647,4.540872473315182,0
1.771351132092957,4.591271847679952,0
1.7709788776829878,4.641870175743485,0
1.7397146564115344,4.692512595288285,0
1.7454217496520883,4.750048564361973,0
1.752617254748288,4.810273723292789,0
1.8005063155640717,4.872307149693374,0
1.7949234080908796,4.929729727479086,0
1.7680014481874646,4.986211476005337,0
1.7961640541960333,5.048267183941387,0
1.7807801636489722,5.104964278097675,0
1.7967843772486105,5.164104957546524,0
1.857451850633786,5.225437472316728,0
1.9037280109344463,5.282457785650604,0
1.8477750533272783,5.34170669048492,0
1.819116007141379,5.409278105809809,0
1.7732121012506876,5.473167382372956,0
1.7423201343892036,5.54600604666366,0
1.760061131379211,5.620570550528451,0
1.725819480612235,5.696144071749916,0
1.7225936795819887,5.771158889520444,0
1.7902088923128718,5.8535773293290445,0
1.823334082742056,5.937623311126097,0
1.8326389285307092,6.020890691312191,0
1.8302818220877637,6.10979696990499,0
1.8554669986008088,6.181582277490012,0
1.9036041280592004,6.255902598528088,0
1.7969085630159718,6.324960264104888,1
1.7916976070606334,6.3939823526073685,1
1.803855999469564,6.476745295280701,1
1.7747008159984492,6.566052847974152,1
1.7756933934609953,6.6510712633253,1
1.7703585546304108,6.7398402322033935,1
1.7476546703276727,6.829619582516614,1
1.7848740534822871,6.93811821297448,1
1.7768098537987875,7.036311969960673,1
1.823334082742056,7.137481933701442,1
1.8225898768142328,7.237338666330709,1
1.8409514997489325,7.338575364423097,1
1.8608018374313935,7.453271158761718,1
1.8945473509131543,7.570730009656954,1
1.9465303015622533,7.696405616754958,1
2.0404471511439746,7.828862008964027,1
2.094787511128135,7.96202247618317,1
2.0607939290037667,8.095937856640269,1
2.1196004332312115,8.251560163915109,1
2.150492702984811,8.406895396971507,1
2.156944002153188,8.504119406829632,1
2.157316256563157,8.591425140434312,1
2.149003685344934,8.706346647430538,1
2.164511761659357,8.824626744107782,1
2.2052050144868254,8.924039684338007,1
2.2135172828129326,9.038037926930446,1
2.20470887720161,9.167353677789304,1
2.1574401394384037,9.29119544256007,1
2.1919301617401024,9.431068013449938,1
2.277782811638324,9.547906377559558,1
2.3272847729692305,9.665117343147836,1
2.2671134368692702,9.771330663993885,1
2.273068295860316,9.891105043062954,1
2.320709288033492,10.013969673154277,1
2.377282568693237,10.134519702864951,1
2.401971607921068,10.277267687243272,1
2.4350967983502514,10.409879617153129,1
2.4006067760485523,10.54724197011082,1
2.451597452127221,10.679960675321787,1
2.535589132867711,10.819843295731006,1
2.57045140957938,10.958926519841986,1
2.6532024442147164,11.062476986754186,1
2.532859772014796,11.171681830825069,1
2.56958271499208,11.295253689633622,1
2.734216695459684,11.415375506194883,1
2.7715602643816606,11.516474344223733,1
2.8189525821279977,11.632236283232245,1
2.947111688260926,11.738686748708647,1
2.8350809814949973,11.826264272040474,1
3.016835635900032,11.920331706917832,1
2.7082870101267,11.991340431209505,1
2.6545669731951165,12.0801425568,1
2.755183493479937,12.17160852710927,1
2.7463747849764992,12.212958527944298,1
2.601839513726079,12.266102556612251,1
2.5575485083505107,12.301465962672802,1
2.5792598151907025,12.33851420990025,1
2.601095307798256,12.379618181531939,1
2.577398846032972,12.410131192713564,1
2.599854661693102,12.455639537678973,1
2.534596555405165,12.495883245908914,1
2.575041739590026,12.56578167643662,1
2.5745452994126947,12.640754609544421,1
2.5987378984631944,12.697584963685449,1
2.7381863995256377,12.773616630956637,1
2.731983168999869,12.824421504713955,1
2.853070350019728,12.888475527728769,1
2.831359043179536,12.95022427335206,1
2.7081631272514537,13.004424437037134,1
2.684218596843562,13.069140245159828,1
2.6755340741074853,13.151319354506052,1
2.6958805490751616,13.22166711860427,1
2.669578912224324,13.285033738172261,1
2.694639902970008,13.358264307153982,1
2.713497663189923,13.444039457510597,1
2.7721805874342373,13.516818471751076,1
2.804437386168237,13.579157436929625,1
2.87031520972452,13.626168007027138,1
2.89636877793275,13.66141289624145,1
2.830987091661682,13.704417688331276,1
2.8467429337265973,13.75890301053619,1
2.86225101004102,13.774587442391551,1
2.863615841913535,13.8030983443677,1
2.831731600481621,13.867458497448563,1
2.85592419953212,13.895980578870267,1
2.8431451811784973,13.919829381355466,1
2.953686870304549,13.965059334767918,1
2.971800424596641,14.00366844658852,1
2.9799888100475025,14.038151885383497,1
2.977259146302472,14.07282628468322,1
3.0306069288240858,14.120518406546596,1
3.0206817599828555,14.153426002695094,1
3.047851788528878,14.177348057189956,1
3.1510737867913683,14.182837344126828,1
3.1984661045377054,14.20132139189006,1
3.1957370465769057,14.197599995365648,1
3.255908382676866,14.186910668392223,1
3.0028165772254867,14.18212205020907,1
3.0586456519574083,14.174312196700653,1
3.0034369002780634,14.195469232071849,1
2.9895414215866483,14.210532239960719,1
3.1415205694679917,14.221005483961916,1
3.197722201501998,14.233894790510181,1
3.1569044600150526,14.219693548292955,1
3.157401203084499,14.230681186812026,1
3.2077709503263594,14.2320297242074,1
3.349204606313895,14.218275820691607,1
3.330471334753457,14.17599741388815,1
3.376498820627279,14.139113687104215,1
3.3640923595757406,14.083681560435084,1
3.3294784543987954,14.017967387327044,1
3.541877309914822,13.941954472360905,1
3.631451595236389,13.865327678623919,1
3.7269813453332334,13.794796058369467,1
3.810601377447986,13.71530717614157,1
3.9390082493314074,13.65865437051997,1
3.9392560150818983,13.571349170739882,1
4.214307498908194,13.464170835246316,1
4.235150111161085,13.340734815067066,1
3.4851795405956,13.203851322013259,1
3.371784607741387,13.115599278430187,1
3.720654534824334,13.035183304626441,1
3.741372961309864,12.941395139011311,1
3.6681748411057886,12.835755086635952,1
3.7795852248191406,12.751785125688999,1
3.903277278032438,12.646330279050812,1
3.844842725322847,12.55906198585859,1
3.9289588947228142,12.460914555873666,1
3.74546745692741,12.363990909322512,1
3.8674227267503385,12.27548793254364,1
