signal,anomaly_score,is_anomaly
-1.0292834159704911,-0.1819595443315335,0
-1.0251892232450617,-0.18003093444823415,0
-1.0084405008254849,-0.1780368930586065,0
-0.9888383832316886,-0.17666166655523147,0
-1.0011206585158652,-0.17536461305619588,0
-1.0027335590309885,-0.17379366287167836,0
-1.016256631866376,-0.17147267206835068,0
-1.0138993739773727,-0.16955897292099822,0
-1.0307721307182538,-0.16794331217794475,0
-1.0089367895567574,-0.16539618473572631,0
-1.0109217930357923,-0.16272172858793002,0
-0.9895827406055688,-0.16062617714733718,0
-0.9995079094467992,-0.1584715803892264,0
-1.0018651673358037,-0.1558666509188906,0
-0.9906993523894192,-0.15343734777723259,0
-0.9714693377595351,-0.1512456673694838,0
-0.9784169256591844,-0.14934670382831575,0
-0.9790372487117612,-0.1475077593364622,0
-0.9780446712492162,-0.14526125155031236,0
-0.9637772410399472,-0.14340811907181597,0
-0.9645215984138276,-0.14158763300402383,0
-0.947152552941674,-0.13907778055422299,0
-0.9269301122953008,-0.13742768106345746,0
-0.926681892206636,-0.1354301027373036,0
-0.8769320136791798,-0.13298297469106596,0
-0.8759395876626909,-0.13125387523194068,0
-0.8809021720833061,-0.12925040663767295,0
-0.8148997084214887,-0.12734430156719848,0
-0.8258174547252644,-0.12592287925042506,0
-0.8645255526276416,-0.12447804892236176,0
-0.8605555456695714,-0.1227741847505595,0
-0.841945854092264,-0.12082410687515069,0
-0.8366110152616806,-0.11940042880705493,0
-0.8625405491486065,-0.11810079305020181,0
-0.8466602184242145,-0.11664525921713409,0
-0.826313743456538,-0.11510984768976504,0
-0.8269340665091148,-0.11391545915909766,0
-0.849761833687099,-0.11261969054105934,0
-0.8322687538936422,-0.11137493787207993,0
-0.8367350495829838,-0.11040534860323972,0
-0.8233361625149567,-0.10910154325635181,0
-0.8031135704225274,-0.10814448322759183,0
-0.7876054941081047,-0.10742730649782088,0
-0.7959179138802693,-0.10663419000078823,0
-0.7972825943067264,-0.10601055138262261,0
-0.8041061478850724,-0.10502256445991963,0
-0.7850001675764926,-0.10391719934339366,0
-0.8015008213534616,-0.10292231655684181,0
-0.8192419697895271,-0.10178794889977788,0
-0.8366110152616806,-0.10035822035211991,0
-0.8379756956881377,-0.09904447848489228,0
-0.7943050133651463,-0.09766839254973102,0
-0.807579866111869,-0.09676240430065614,0
-0.8199863271634072,-0.09567458951050713,0
-0.8145276054575766,-0.09461005347998412,0
-0.8449234350338453,-0.09336965456155798,0
-0.847776830208065,-0.09220729077199852,0
-0.8496377993657958,-0.09078204189620079,0
-0.8301597160933027,-0.08948144632234993,0
-0.840953276629719,-0.08824215795831693,0
-0.8318966509297302,-0.08697594097981391,0
-0.8467844041915761,-0.08571294502589143,0
-0.851995057254799,-0.08460381374499268,0
-0.8390923074719883,-0.08354637882479907,0
-0.8464121497816067,-0.08232029458445202,0
-0.8294153587194225,-0.08098030742482237,0
-0.8215992276785303,-0.07998154031798287,0
-0.8039821135637691,-0.0790843087146018,0
-0.8006322782122197,-0.07851897389306182,0
-0.8162643888479458,-0.07796123402301684,0
-0.8433105345187222,-0.07715483415769256,0
-0.8332613313561873,-0.07555625730524929,0
-0.8326410083036103,-0.07430181974051814,0
-0.8085724435744153,-0.07312769295008614,0
-0.8083243749318075,-0.07227305785643583,0
-0.8135350279950305,-0.07143244325111132,0
-0.8387202045080762,-0.07056624243519703,0
-0.8260655233678731,-0.06950402169006417,0
-0.8219714820884996,-0.0688263824211674,0
-0.8132869593524228,-0.06806176062195998,0
-0.7930643672599924,-0.06729017249035592,0
-0.76366111514627,-0.06687558992598487,0
-0.7568375615679239,-0.06648405577963376,0
-0.7618001459885393,-0.06585790968516617,0
-0.7833872670613695,-0.06545296036247705,0
-0.785744524950374,-0.06457974234730804,0
-0.7590706336895667,-0.06404388405680567,0
-0.792940332938688,-0.06369017091673937,0
-0.7950493707390276,-0.06292006477167653,0
-0.7817745179923037,-0.0621322842422636,0
-0.787109205376831,-0.06169525104916795,0
-0.785124201897797,-0.06165048275664264,0
-0.7832632327400663,-0.061793206307507016,0
-0.7797895145132696,-0.06208636934201679,0
-0.7828911297761542,-0.06231364211861848,0
-0.8070837288266537,-0.06248599816178153,0
-0.8093168009482965,-0.0626026714467526,0
-0.8109297014634185,-0.0626746855765286,0
-0.8384719844194113,-0.06267092100959687,0
-0.845171503676453,-0.06235642373222319,0
-0.8493897307231869,-0.06199194190766959,0
-0.857205710318022,-0.06151486550906903,0
-0.8559650642128681,-0.06085316835206645,0
-0.8595629682070263,-0.060249931663475455,0
-0.8621682947386372,-0.05972009810915106,0
-0.8245768086201105,-0.05901515506372396,0
-0.8189939011469183,-0.05882002929424108,0
-0.8192419697895271,-0.058417389299149816,0
-0.8001359894809461,-0.05817893814268399,0
-0.7872333911441926,-0.05812844449940265,0
-0.7832632327400663,-0.057962709010352345,0
-0.7696161255833742,-0.0576148923171941,0
-0.7681274108356116,-0.05739596025026739,0
-0.7678791907469468,-0.05718903382925667,0
-0.7551006267314965,-0.05711184579367006,0
-0.7595669224208392,-0.05734135252903597,0
-0.7626685376837238,-0.05753222268676065,0
-0.7868611367342233,-0.05773365520957447,0
-0.7899627519971079,-0.05838192862580597,0
-0.798399206090577,-0.058751858536515184,0
-0.7254491545291092,-0.059126184651507124,0
-0.7223475392662246,-0.060332341612527124,0
-0.731280130644909,-0.06165625134274317,0
-0.7206106044297983,-0.06294997708958679,0
-0.7274341580081443,-0.06428018168526979,0
-0.7047304251514634,-0.06569085508324109,0
-0.680289606012299,-0.06720435744141944,0
-0.6697441141184916,-0.0690141023356258,0
-0.6756992760016519,-0.07106795556026299,0
-0.6800415373696903,-0.07319940593970023,0
-0.6820265408487254,-0.0752424348394586,0
-0.7079560747356513,-0.07733531954271172,0
-0.6976586514844526,-0.07926559463237988,0
-0.7114297929624479,-0.08132171074747084,0
-0.7173849548456094,-0.0832266804249831,0
-0.7150276969566061,-0.0851629692282419,0
-0.7111817243198402,-0.08736646714563541,0
-0.7269378692768707,-0.08944012132268753,0
-0.712422370424994,-0.0912335012233396,0
-0.7216031818923433,-0.09305976230420417,0
-0.7263175462242938,-0.09546173444889083,0
-0.7245807628339246,-0.09755903719029621,0
-0.7172609205243049,-0.09965382770553792,0
-0.7101891468572941,-0.10197421795430699,0
-0.6894704174796483,-0.10419333094319873,0
-0.6864928365380681,-0.10672918061250122,0
-0.6703644371710685,-0.10978304431766472,0
-0.6806618604222672,-0.112637085170865,0
-0.6773120250707177,-0.11540549746521932,0
-0.7051025281153755,-0.117953159086013,0
-0.708824466430837,-0.1203122484791536,0
-0.7018768785311865,-0.12237709489379278,0
-0.6953013935954482,-0.12467508510043651,0
-0.6975346171631481,-0.12660690223515345,0
-0.7058468854892557,-0.12874467447602184,0
-0.7002639780160634,-0.13054701122695925,0
-0.6876094483219176,-0.13220474140154248,0
-0.6972865485205405,-0.134140823123476,0
-0.686741056626733,-0.13633246510083666,0
-0.7001399436947602,-0.13852390095646439,0
-0.7034897790463096,-0.14018369716936058,0
-0.6998918750521514,-0.14156089618980305,0
-0.7199902813772213,-0.14329875299895747,0
-0.7253251202078048,-0.14485522881775414,0
-0.7235881853713785,-0.14614141522241653,0
-0.7218512505349521,-0.14750264690744094,0
-0.7357465777803089,-0.14877242570503782,0
-0.7417015882174133,-0.14991336530786856,0
-0.7351262547277321,-0.15126144259511692,0
-0.7228438279974971,-0.15271233476925422,0
-0.6889741287483758,-0.15426607889525826,0
-0.6953013935954482,-0.15583289922075547,0
-0.7046062393841018,-0.15754498928500688,0
-0.7129186591562665,-0.15891899748429522,0
-0.7242085084239553,-0.16039549843712167,0
-0.726689800634263,-0.16136874113040914,0
-0.7235881853713785,-0.16267675231383924,0
-0.733513354212609,-0.16397514296006233,0
-0.7430662686438704,-0.164618032574071,0
-0.733513354212609,-0.16557802391931184,0
-0.7332652855700014,-0.16684527797675053,0
-0.7168886661143368,-0.16797622177806407,0
-0.7001399436947602,-0.16927638783476323,0
-0.7041101020988866,-0.1705546366391735,0
-0.701008486836002,-0.17208932742202562,0
-0.7181293122194906,-0.17343584207182328,0
-0.7261935119029904,-0.17482806721109423,0
-0.7233401167287707,-0.1757575817505988,0
-0.7337614228552166,-0.17686373176332879,0
-0.7390962616858012,-0.17759562647529253,0
-0.7920717897974463,-0.1782741518537656,0
-0.7934366216699617,-0.1787813382213567,0
-0.8125424505324843,-0.17926875476546586,0
-0.8136590623163349,-0.1793241279015552,0
-0.8085724435744153,-0.17961658103537279,0
-0.8109297014634185,-0.1802606398035885,0
-0.8060911513641076,-0.1809738250932246,0
-0.8084484092531108,-0.1817312231840092,0
-0.8068355087379889,-0.1823460453381188,0
-0.7988953433757923,-0.18365131339235832,0
-0.7900867863184123,-0.18474065948059634,0
-0.792940332938688,-0.18506853397851528,0
-0.7925680785287199,-0.18577895846094747,0
-0.7974066286280308,-0.18653355186294268,0
-0.785124201897797,-0.1868705730048849,0
-0.793932758955177,-0.1870369060173804,0
-0.7900867863184123,-0.1873019584882154,0
-0.7806579062084542,-0.18793608749947202,0
-0.7856204906290695,-0.1883306348507564,0
-0.7671348333730665,-0.18851093461994167,0
-0.7418256225387165,-0.18909058072327345,0
-0.7476567501005735,-0.19015543282387667,0
-0.7461678839067549,-0.19060857239711335,0
-0.7771840365356004,-0.19131222414667362,0
-0.7832632327400663,-0.1918112868309297,0
-0.7842558102026113,-0.19178315903079457,0
-0.7930643672599924,-0.19184411203561752,0
-0.8480250502967298,-0.19206441254681844,0
-0.844551180623876,-0.1914811563715984,0
-0.8452955379977574,-0.19064184005157286,0
-0.8538560264125297,-0.18972598807893915,0
-0.8637811952537603,-0.18908908197473687,0
-0.8624165148273021,-0.18829947501661196,0
-0.8606795799908757,-0.18704679755883188,0
-0.8878497599829555,-0.18611929252595732,0
-0.901372832818344,-0.18492651679143574,0
-0.8859887908252246,-0.18337607159431393,0
-0.889338474730718,-0.18200408423136555,0
-0.9105534928396364,-0.18108101908360444,0
-0.9153920429389484,-0.17988067061577814,0
-0.9052188054551088,-0.17834933150206025,0
-0.9065834858815672,-0.1768892576188902,0
-0.9145236512437626,-0.17552193024686852,0
-0.9053428397764132,-0.1744367921383496,0
-0.91179413894479,-0.17340135105215698,0
-0.924696888727602,-0.17267024720560006,0
-0.9196102699856824,-0.17197686113235222,0
-0.9280467240791512,-0.17097247079698613,0
-0.9223396308385976,-0.17013840919639242,0
-0.9639012753612506,-0.16957088931811565,0
-0.9545964295725968,-0.1686105640343174,0
-0.94814513040422,-0.16736781286889735,0
-0.9593109453506046,-0.16611867237347716,0
-0.9598072340818772,-0.16475237330305836,0
-0.9626606292560967,-0.16317109448581654,0
-0.958814656619332,-0.16158607537240635,0
-0.9521151373622893,-0.16001783075905043,0
-0.9495098108306784,-0.15849442748712816,0
-0.9284188270430634,-0.15694130862671088,0
-0.9363589924052588,-0.1557046448319209,0
-0.923456242622448,-0.15440513293702146,0
-0.919238015575713,-0.15308861084507225,0
-0.8995118636606134,-0.15222755989730188,0
-0.9091888124131792,-0.15094858064281216,0
-0.8947973478826058,-0.14979511628771008,0
-0.8939289561874213,-0.14859512399920202,0
-0.8797855602994555,-0.14744778483194124,0
-0.875691367574026,-0.14644218131248363,0
-0.8801576632633676,-0.14547567230712127,0
-0.8594389338857219,-0.14439300729573717,0
-0.8603073255809065,-0.14346882560403657,0
-0.8732100753637183,-0.14276120664689892,0
-0.8689918483169833,-0.14181148921928138,0
-0.8557169955702605,-0.14082974568960321,0
-0.8615479716860603,-0.1402836270077103,0
-0.87767637105306,-0.1395103307544285,0
-0.8873534712516828,-0.1388355659691595,0
-0.8890904060881092,-0.13800713645719628,0
-0.8827631412410368,-0.13727873188308598,0
-0.8636571609324559,-0.13660090158987276,0
-0.8673790992479173,-0.13604225327451908,0
-0.853607957769922,-0.13541920733060805,0
-0.8513747342022221,-0.1349836635684985,0
-0.8371073039929531,-0.13477891362231534,0
-0.8318966509297302,-0.1346229815597323,0
-0.8276784238829951,-0.13438561716788724,0
-0.8307800391458796,-0.13465819655394598,0
-0.8316484308410653,-0.13484975103185587,0
-0.8440548918926035,-0.13508859538232199,0
-0.8446752149451804,-0.1354829185051024,0
-0.8349982661926147,-0.1355588290343118,0
-0.8247008429414149,-0.13575841758585358,0
-0.8276784238829951,-0.13599623506754785,0
-0.8278024582042994,-0.13635071690486658,0
-0.8346260117826455,-0.13647302155723778,0
-0.8120463132472691,-0.1364050566010229,0
-0.8037338934751044,-0.13659345828416056,0
-0.8031135704225274,-0.13653089979627672,0
-0.8090687323056878,-0.1366974398596896,0
-0.8136590623163349,-0.1366830013623066,0
-0.8347500461039499,-0.1368183635179749,0
-0.8426902114661453,-0.13668122887414047,0
-0.8439308575712992,-0.13650882687038063,0
-0.855592961248956,-0.1360473075312434,0
-0.8637811952537603,-0.13542153292738454,0
-0.8713491062059876,-0.13481760631082132,0
-0.8734582954523832,-0.13416422599172836,0
-0.8713491062059876,-0.1332288656596193,0
-0.8719694292585645,-0.13254060805277698,0
-0.8742026528262634,-0.13167738027922216,0
-0.8414495653609915,-0.1308250900704469,0
-0.8373553726355608,-0.1303613414179092,0
-0.8326410083036103,-0.12977336377412477,0
-0.8171329319891876,-0.12918215898078667,0
-0.8131627735850613,-0.12861562479842134,0
-0.8161403545266426,-0.12814164525675542,0
-0.8145276054575766,-0.12776213248067872,0
-0.8055948626328351,-0.12725401627360255,0
-0.8057188969541383,-0.12698323360475142,0
-0.8080761548431427,-0.12673592850169985,0
-0.8184976124156458,-0.1263480419375905,0
-0.8156440657953689,-0.12559819311592582,0
-0.8113018044273306,-0.12480490792250742,0
-0.8060911513641076,-0.12439947934306128,0
-0.8180013236843733,-0.12375689568432079,0
-0.8119221274799074,-0.1229574111090461,0
-0.8069595430592922,-0.12234503704882048,0
-0.8109297014634185,-0.12165119793101282,0
-0.7859927450390388,-0.12060524577598246,0
-0.780905974851062,-0.12004689987180295,0
-0.7677551564256435,-0.11961449096919001,0
-0.7634128950576051,-0.11911920394634345,0
-0.7605594998833854,-0.11844787885537628,0
-0.7733380638988357,-0.11782812666334465,0
-0.7727177408462588,-0.11714300341858007,0
-0.7658941872679128,-0.11642671570759013,0
-0.780285651798485,-0.11590791815569011,0
-0.792940332938688,-0.11530410604564255,0
-0.7972825943067264,-0.11474682110099502,0
-0.7952975908276925,-0.11404502389115005,0
-0.7923200098861112,-0.11342863486515152,0
-0.8082001891644459,-0.11297402411626066,0
-0.8059671170428032,-0.1124772847697413,0
-0.8167606775792194,-0.11206440868462465,0
-0.8414495653609915,-0.11130921909243237,0
-0.8435586031613299,-0.11055733628397918,0
-0.8429382801087529,-0.10979764857684322,0
-0.856585387265445,-0.10906313029868278,0
-0.8528634489499836,-0.10838777949809292,0
-0.8461640811389991,-0.10770818695348884,0
-0.8418218197709607,-0.1070719949545932,0
-0.8388442388293794,-0.10663843280010686,0
-0.830904073467184,-0.10621627231712864,0
-0.802989536101223,-0.10589354681429156,0
-0.8101853440895382,-0.10569191122831803,0
-0.8089446979843845,-0.10536007906683557,0
-0.7990195291431539,-0.10497266390754569,0
-0.8063392200067152,-0.10456022462397373,0
-0.8093168009482965,-0.10388811906605376,0
-0.8050985739015614,-0.10347772497024642,0
-0.7904590407283804,-0.10333249138157777,0
-0.7972825943067264,-0.10305304064837506,0
-0.7850001675764926,-0.10266251779754502,0
-0.7912033981022617,-0.102546232749237,0
-0.7790450056933311,-0.10244003697764321,0
-0.7759433904304466,-0.10252626523539608,0
-0.757209664531836,-0.10252190096641864,0
-0.7625445033624194,-0.1030051587633382,0
-0.7796653287459081,-0.10321896286337974,0
-0.789342428944531,-0.10314993361155396,0
-0.7923200098861112,-0.10326785377578114,0
-0.7926921128500232,-0.10324409132812186,0
-0.7840075901139465,-0.1031339524618865,0
-0.8095650210369614,-0.10298456539699488,0
-0.8073317974692614,-0.1026199348212549,0
-0.819490189878192,-0.10231421546882778,0
-0.823460196836261,-0.10186630374592386,0
-0.820482615894681,-0.10136685317308329,0
-0.8152719628314569,-0.10097986674008491,0
-0.8046024366163461,-0.10073714331202517,0
-0.8168847119005227,-0.10033142359252083,0
-0.8167606775792194,-0.09984430248450407,0
-0.8147756741001844,-0.09959753807881888,0
-0.819490189878192,-0.09908103479301113,0
-0.8238324512462303,-0.09873305895438698,0
-0.8521190915761033,-0.09813275259175037,0
-0.8490174763132188,-0.09707100105203251,0
-0.8467844041915761,-0.09621609302524976,0
-0.8636571609324559,-0.0953344972492144,0
-0.8593148995644175,-0.09429911334457561,0
-0.8574539304066868,-0.09354394719265295,0
-0.8518710229334946,-0.09271525097055558,0
-0.8541040950551374,-0.09192719973168528,0
-0.8413255310396871,-0.09128955570384065,0
-0.8336334343200993,-0.0908628649711671,0
-0.8233361625149567,-0.09045935028438593,0
-0.8232121281936534,-0.09025372467129915,0
-0.8187456810582534,-0.09026000934717854,0
-0.8069595430592922,-0.09016513448875735,0
-0.8074558317905658,-0.09021458901332124,0
-0.8101853440895382,-0.0903853736854798,0
-0.8135350279950305,-0.09055118026005307,0
-0.800384209569611,-0.09044598564864985,0
-0.7894664632658354,-0.09035711175803984,0
-0.7916996868335342,-0.09060041039619672,0
-0.7842558102026113,-0.090635675763113,0
-0.7852482362191002,-0.09080085259454992,0
-0.7902108206397156,-0.09086199788744845,0
-0.8019969586386768,-0.09066078693733143,0
-0.8021211444060384,-0.09049268465244845,0
-0.8043542165276812,-0.09009559240779075,0
-0.7837595214713388,-0.08938572580699686,0
-0.770484668724616,-0.08899456353982278,0
-0.7655220843040007,-0.08869678870889569,0
-0.7698643456720391,-0.08823687725010328,0
-0.7828911297761542,-0.08776559720580251,0
-0.7789209713720279,-0.087320171909341,0
-0.7671348333730665,-0.08674889615035622,0
-0.7680033765143084,-0.08634753656621005,0
-0.7616759602211777,-0.0860302608524678,0
-0.7687477338881885,-0.08547489705800965,0
-0.764033218110182,-0.08494052361116412,0
-0.7670107990517622,-0.08436222679625387,0
-0.7595669224208392,-0.08385993236684648,0
-0.7382278699906166,-0.08349640322312817,0
-0.7340096429438815,-0.08313499379464606,0
-0.7402128734696506,-0.08275932144201165,0
-0.7301636703071168,-0.08234610254348305,0
-0.719866247055917,-0.08188764982888212,0
-0.7016288098885789,-0.0814615329962982,0
-0.7082041433782601,-0.0814690776779834,0
-0.6943089675789592,-0.08132274619677506,0
-0.6931923557951098,-0.08129884137441533,0
-0.7118020473724171,-0.08143990854668336,0
-0.7155239856878786,-0.0814806977712672,0
-0.7212309274823752,-0.0815047596032063,0
-0.7196181784133093,-0.08150274279818812,0
-0.7249528657978367,-0.08148276131369311,0
-0.7424459455912934,-0.0816521308357752,0
-0.742570131358655,-0.08149032392527207,0
-0.7353743233703397,-0.08127641122542278,0
-0.7619241803098425,-0.08088470548865243,0
-0.7585743449582931,-0.08023059225040655,0
-0.7418256225387165,-0.07948614428665478,0
-0.7539840149476471,-0.07915938471872701,0
-0.7708567716885281,-0.07880750395544102,0
-0.768251445156916,-0.07831910230061195,0
-0.7732140295775313,-0.07781475184853212,0
-0.784131775881308,-0.07733743794700224,0
-0.7856204906290695,-0.07686391150183433,0
-0.7828911297761542,-0.07621535096683424,0
-0.7876054941081047,-0.07586434893076933,0
-0.7854964563077651,-0.07538086949336352,0
-0.772841775167562,-0.07494661451903756,0
-0.7619241803098425,-0.07441971707549346,0
-0.7678791907469468,-0.07411999100200672,0
-0.7585743449582931,-0.0736130038048617,0
-0.7484011074744549,-0.07324455234458535,0
-0.75038611095349,-0.07317464567428646,0
-0.7713530604198006,-0.07290627068540607,0
-0.7751990330565665,-0.07246908776190229,0
-0.7665145103204897,-0.07210817720410197,0
-0.778300648319451,-0.07182128129962002,0
-0.7779285453555389,-0.07143511156814505,0
-0.7812782292610312,-0.0710345574772523,0
-0.7807819405297586,-0.07041820033281258,0
-0.7920717897974463,-0.0698741714578795,0
-0.789342428944531,-0.06902075235572172,0
-0.7823948410448806,-0.06810936316642995,0
-0.7912033981022617,-0.06724920496377187,0
-0.7823948410448806,-0.06650665512947966,0
-0.7814022635823356,-0.06576412720132321,0
-0.7918237211548387,-0.06493054400383122,0
-0.7758193561091433,-0.06422070983504591,0
-0.7828911297761542,-0.06361074624108215,0
-0.7730899952562269,-0.06305184976005666,0
-0.7681274108356116,-0.06251159764318086,0
-0.7845038788452201,-0.06193930261229411,0
-0.7784246826407543,-0.06116145960388245,0
-0.7732140295775313,-0.06030547517968162,0
-0.7794172601033004,-0.05980465494168109,0
-0.778300648319451,-0.05895784727594399,0
-0.7554727296954086,-0.05805758348572883,0
-0.7817745179923037,-0.057445672799502835,0
-0.7737103183088038,-0.05658091209671835,0
-0.7606835342046887,-0.055778132722900456,0
-0.7667627304091545,-0.05513593469413968,0
-0.7579540219057161,-0.05472906859694474,0
-0.7568375615679239,-0.054290081425868594,0
-0.77246967220365,-0.05406722484863136,0
-0.7835114528287311,-0.053698333657066936,0
-0.7765637134830236,-0.05310880403528496,0
-0.7821466209562157,-0.05272586369235806,0
-0.7979029173593033,-0.05240199401709368,0
-0.7964140511654847,-0.05197945078714903,0
-0.8125424505324843,-0.05144628833595447,0
-0.8182495437730382,-0.0507157312656361,0
-0.8201105129307689,-0.049978812863174016,0
-0.8265618120991456,-0.04923402544374205,0
-0.8180013236843733,-0.04843129697540437,0
-0.807579866111869,-0.047611160031720424,0
-0.8069595430592922,-0.04688582644490568,0
-0.7971585599854232,-0.046246328416691025,0
-0.7990195291431539,-0.04597046255317848,0
-0.7923200098861112,-0.04563931240973891,0
-0.7908311436922925,-0.04540189751475347,0
-0.7807819405297586,-0.0451863454709459,0
-0.7699883799933424,-0.04510708476606658,0
-0.7663904759991853,-0.04499731617433387,0
-0.7575819189418042,-0.044921815408896185,0
-0.7424459455912934,-0.044774492671050506,0
-0.7332652855700014,-0.04482954884312021,0
-0.7301636703071168,-0.04506024540274926,0
-0.7261935119029904,-0.04518652678837908,0
-0.7250769001191399,-0.04545892766334787,0
-0.7271860893655355,-0.04574487596184031,0
-0.7357465777803089,-0.045993062393900615,0
-0.7286748041132981,-0.04619906433850595,0
-0.7247047971552278,-0.046522649135998205,0
-0.708824466430837,-0.04680255480100182,0
-0.7063431742205293,-0.04709145287345375,0
-0.7031175246363404,-0.04753483203190371,0
-0.7180052778981862,-0.0478850434568965,0
-0.7106854355885677,-0.048229078720654454,0
-0.7119260816937215,-0.04849025093910076,0
-0.7059710712566173,-0.04911120518425807,0
-0.680909929064876,-0.04970234267194307,0
-0.6728457293813761,-0.05051741030502664,0
-0.6862447678954594,-0.05150484831297759,0
-0.7063431742205293,-0.0524426391645681,0
-0.7018768785311865,-0.05322637636104329,0
-0.6953013935954482,-0.054071693669089906,0
-0.7084523634669249,-0.05509309926233046,0
-0.7093207551621095,-0.05587984464309341,0
-0.7178812435768819,-0.05684033273067185,0
-0.7358706121016123,-0.05771003531542989,0
-0.7292951271658751,-0.05850438073983436,0
-0.7340096429438815,-0.059272949703587055,0
-0.7202385014658862,-0.05983028751809535,0
-0.7153999513665742,-0.06060109013649014,0
-0.6814062177961485,-0.06133870005793121,0
-0.6856244448428824,-0.06246388034246447,0
-0.6842597644164254,-0.06365381942949254,0
-0.7145314082253325,-0.06498023834257818,0
-0.713042693477571,-0.06598184946965441,0
-0.7122983361036896,-0.06696311613596621,0
-0.7152759170452709,-0.0680648107329634,0
-0.7121743017823864,-0.06933949120480264,0
-0.7310320620023013,-0.07069005643057061,0
-0.7310320620023013,-0.07168660961009116,0
-0.7466641726380285,-0.07262708759369663,0
-0.724084474102651,-0.07355239077763315,0
-0.7278064124181124,-0.07455440931051303,0
-0.7085763977882282,-0.07568417303946244,0
-0.7180052778981862,-0.07705296059561705,0
-0.7255731888504136,-0.0781764711844035,0
-0.722471573587529,-0.07927665242192979,0
-0.7261935119029904,-0.08055138129197778,0
-0.7181293122194906,-0.08171745577383714,0
-0.7199902813772213,-0.0830636814468158,0
-0.7294191614871783,-0.08439798058620841,0
-0.7362427150655243,-0.0856832347380194,0
-0.7294191614871783,-0.08676476584408077,0
-0.7364909351541892,-0.08795046379237073,0
-0.7245807628339246,-0.0891489153536414,0
-0.7172609205243049,-0.09068571586084137,0
-0.6890981630696791,-0.09235428086179684,0
-0.6827708982226067,-0.09425372534113809,0
-0.6990233319109097,-0.09625998604739602,0
-0.7202385014658862,-0.09813976839774705,0
-0.7219752848562554,-0.09993643886133402,0
-0.6980309058944207,-0.10163559043630684,0
-0.7095688238047172,-0.1033239610388339,0
-0.7058468854892557,-0.10512715365891068,0
-0.7201143156985246,-0.10655204976129716,0
-0.7106854355885677,-0.10809150557874583,0
-0.7052265624366788,-0.10978536691609318,0
-0.6981549402157251,-0.11134242228231923,0
-0.6801655716909947,-0.1129691521890715,0
-0.7026212359050679,-0.11479395957603826,0
-0.6946810705428713,-0.11655442941624712,0
-0.691331386637379,-0.11810160692819067,0
-0.6917036410473483,-0.1200727012051462,0
-0.686741056626733,-0.12186161965564156,0
-0.6921997783325636,-0.12374918427714,0
-0.7047304251514634,-0.12564632230442266,0
-0.7223475392662246,-0.1273754262380099,0
-0.7113057586411446,-0.12901840489785044,0
-0.7239604397813477,-0.13075887978348172,0
-0.7300394845397552,-0.1322734638217909,0
-0.7250769001191399,-0.13377366883487057,0
-0.7301636703071168,-0.13523240780900495,0
-0.745547560854178,-0.13660263717211413,0
-0.7470364270479967,-0.13794388132728258,0
-0.7369872238854628,-0.13913561799785315,0
-0.7345059316751552,-0.1405563895208982,0
-0.7351262547277321,-0.14202237001571158,0
-0.7353743233703397,-0.14366501931553383,0
-0.7362427150655243,-0.14509978029720005,0
-0.724456577066563,-0.14691283940349087,0
-0.726689800634263,-0.14824735572574027,0
-0.7297914158971476,-0.14979379335933618,0
-0.764033218110182,-0.15129174791243885,0
-0.7624204690411162,-0.15238699169011702,0
-0.7649017612514238,-0.15378388423958306,0
-0.7624204690411162,-0.15494537123347182,0
-0.7624204690411162,-0.15623289689785214,0
-0.7605594998833854,-0.15733709511660582,0
-0.7635369293789084,-0.15842648202845216,0
-0.7456717466215396,-0.15930943769474984,0
-0.7461678839067549,-0.1604388622205322,0
-0.7518749771473087,-0.16146247253582113,0
-0.7484011074744549,-0.16240648214235057,0
-0.7501380423108812,-0.16352714290486872,0
-0.7567133758005624,-0.16443092808758353,0
-0.758822565046958,-0.16525158840276089,0
-0.7533636918950701,-0.16604321221181106,0
-0.7538599806263426,-0.16682313113558836,0
-0.7518749771473087,-0.1676737347676922,0
-0.7526193345211889,-0.16849530921711633,0
-0.7516267570586438,-0.16932971597240815,0
-0.7563412728366503,-0.1707426109380985,0
-0.7541080492689515,-0.1713913494984816,0
-0.7452994922115703,-0.17233670274781526,0
-0.7817745179923037,-0.17337800623991112,0
-0.7797895145132696,-0.173991791131261,0
-0.7805338718871498,-0.1746167149907294,0
-0.7859927450390388,-0.1755701023820337,0
-0.7909553294596541,-0.17665526534964135,0
-0.7907071093709892,-0.1773456134649631,0
-0.792940332938688,-0.17806026095713878,0
-0.8041061478850724,-0.1787262278505637,0
-0.8088205122170229,-0.17929401636638126,0
-0.815023742742792,-0.17979411749701438,0
-0.8106814813747536,-0.18026015360952233,0
-0.8249489115840226,-0.18069472404057166,0
-0.8103093784108416,-0.18087225633294804,0
-0.8032376047438307,-0.18114514750457264,0
-0.8069595430592922,-0.18178467453706665,0
-0.8022451787273417,-0.18244931230883615,0
-0.807579866111869,-0.18282207722008353,0
-0.8212269732685611,-0.18325312747966843,0
-0.8184976124156458,-0.1837142662095164,0
-0.8251971316726874,-0.18393880531678142,0
-0.8270581008304182,-0.1838448585826863,0
-0.8424421428235377,-0.1838529353387175,0
-0.8416976340035992,-0.18373035372443128,0
-0.8465361841029112,-0.18351372496515284,0
-0.83772762704553,-0.1833512375381694,0
-0.844551180623876,-0.1832104492653046,0
-0.8446752149451804,-0.18310054586996807,0
-0.8353703691565267,-0.18284257065028242,0
-0.8429382801087529,-0.18239387162525808,0
-0.8462881154603024,-0.18197568378005866,0
-0.8479008645293683,-0.1816216761559441,0
-0.8449234350338453,-0.1810032084329123,0
-0.8521190915761033,-0.18051064678270076,0
-0.8611758687221482,-0.1800102430754178,0
-0.8567095730328066,-0.17939014581926804,0
-0.8636571609324559,-0.17854903363638527,0
-0.8624165148273021,-0.1775990323778821,0
-0.8586945765118406,-0.17675056003383063,0
-0.8595629682070263,-0.17575697359332118,0
-0.8605555456695714,-0.17472723910594015,0
-0.8851202476839829,-0.1737772380564526,0
-0.8830112098836446,-0.17256941559234465,0
-0.9022412245135288,-0.17123786677467087,0
-0.9038541250286518,-0.16966703667534153,0
-0.9034818706186826,-0.16799813675661407,0
-0.8907031551571751,-0.16663041476590532,0
-0.8835074986149171,-0.1652459060859848,0
-0.8789170171582138,-0.1641728387542626,0
-0.8904550865145674,-0.16282529796159528,0
-0.8665105561066756,-0.16160394052291532,0
-0.8631608722011833,-0.16040790032674412,0
-0.8651458756802185,-0.15937315336769523,0
-0.8687437796743755,-0.15840747853203138,0
-0.8771802337678447,-0.15705496932521643,0
-0.8739544327375985,-0.15605958646358603,0
-0.8833834642936138,-0.15494512434632604,0
-0.8806539519946412,-0.15345026110512489,0
-0.8769320136791798,-0.15184742764838444,0
-0.8822668525097632,-0.15039641988100264,0
-0.8830112098836446,-0.14893755428582695,0
-0.8800336289420644,-0.14741969760135545,0
-0.8684957110317679,-0.1459025695645181,0
-0.8718453949372601,-0.14453543502970817,0
-0.8805299176733369,-0.1433139065628903,0
-0.874698941557537,-0.14175844803969392,0
-0.8782966941056369,-0.14035712266116207,0
-0.8715973262946525,-0.13891648161761505,0
-0.8666347418740372,-0.13751809346302665,0
-0.8790412029255754,-0.13625144273249087,0
-0.8751950788427524,-0.13477863570850038,0
-0.8743266871475678,-0.13318938441813832,0
-0.8817705637784907,-0.1314900144623748,0
-0.8962860626303673,-0.1298902303443133,0
-0.8848721790413753,-0.1279675467681839,0
-0.890331052193263,-0.1263038337314829,0
-0.8713491062059876,-0.12462506902307154,0
-0.8764357249479061,-0.1231535972251506,0
-0.8778005568204216,-0.12168173408319201,0
-0.8728379723998063,-0.12058165136624158,0
-0.8936807360987564,-0.1192569986846124,0
-0.8902070178719598,-0.11795451841012432,0
-0.8876015398942906,-0.11674740767979962,0
-0.845171503676453,-0.11576784574961672,0
-0.8518710229334946,-0.11486640529909295,0
-0.8415735996822958,-0.11397632267987526,0
-0.8404569878984454,-0.11322447794324572,0
-0.8449234350338453,-0.11228060883180527,0
-0.8414495653609915,-0.11153223237723263,0
-0.8429382801087529,-0.11059617497193895,0
-0.8480250502967298,-0.1097103360863003,0
-0.8328890769462192,-0.10868122470004221,0
-0.8398366648458684,-0.1079266109372507,0
-0.8382239157768026,-0.10694731743948716,0
-0.8340056887300685,-0.10593732354998948,0
-0.8439308575712992,-0.10490989785382915,0
-0.8462881154603024,-0.1038600169279065,0
-0.8590666794757527,-0.10287955176051683,0
-0.8296634273620301,-0.10198564636623629,0
-0.8359906922091037,-0.10110253588683683,0
-0.8373553726355608,-0.10036468223865969,0
-0.8447992492664838,-0.09959373315797554,0
-0.8418218197709607,-0.09875022723701231,0
-0.8459158610503342,-0.09790113296723157,0
-0.8663865217853723,-0.09707392636585241,0
-0.8727137866324447,-0.09603639625699283,0
-0.8753192646101139,-0.09485199758576136,0
-0.8645255526276416,-0.0937732473339787,0
-0.8584463564231758,-0.09273298010284049,0
-0.8485211875819452,-0.09178010477910227,0
-0.8456677924077255,-0.09103584834118772,0
-0.8507544111496451,-0.09045838513679369,0
-0.8423179570561761,-0.08987001445940156,0
-0.8482731189393375,-0.08925436192972598,0
-0.8492656964018837,-0.08855609371181922,0
-0.8604315113482681,-0.08788050018416155,0
-0.847776830208065,-0.08698161129914499,0
-0.8444271463025717,-0.0863545725172587,0
-0.8492656964018837,-0.0856749348354489,0
-0.8322687538936422,-0.08502774427970784,0
-0.8233361625149567,-0.08444589418015903,0
-0.8270581008304182,-0.08396783292733626,0
-0.8162643888479458,-0.08368784523495464,0
-0.8201105129307689,-0.08331221723885873,0
-0.8223435850524117,-0.08295172525735575,0
-0.8192419697895271,-0.08245229249772176,0
-0.8213511590359227,-0.08205327944794284,0
-0.8284227812568764,-0.08148456515001756,0
-0.8155200314740656,-0.0809627296949283,0
-0.8132869593524228,-0.08032407399130492,0
-0.8096890553582646,-0.07982082762390295,0
-0.7954216251489957,-0.0793046514147895,0
-0.807579866111869,-0.07894943931322884,0
-0.7905830750496848,-0.0786231749265528,0
-0.7884740372493464,-0.07858465336035218,0
-0.7784246826407543,-0.0785055976321582,0
-0.7751990330565665,-0.07861240206062632,0
-0.7771840365356004,-0.07856203015785804,0
-0.7738343526301082,-0.07836880419903137,0
-0.7604353141160238,-0.07838630494297254,0
-0.7717253148297698,-0.07856256810032029,0
-0.7666385446417929,-0.07861120390624737,0
-0.7711049917771929,-0.07856893886075499,0
-0.7635369293789084,-0.07818397828470397,0
-0.7692440226194621,-0.07780825112602952,0
-0.7662664416778809,-0.07717254092911181,0
-0.7637851494675733,-0.07662470064336442,0
-0.7673830534617314,-0.07613254121675006,0
-0.7606835342046887,-0.07562235365511247,0
-0.76142789157857,-0.0751327374991662,0
-0.773462098220139,-0.07460057253505055,0
-0.7719733834723774,-0.07391851138183066,0
-0.7712290260984962,-0.0732502463185181,0
-0.7761916105191115,-0.07260423605431317,0
-0.7534877262163745,-0.07181931248662003,0
-0.7472844956906054,-0.07124129214807066,0
-0.7400888391483473,-0.07028211411670353,0
-0.7379796499019518,-0.06927581372192965,0
-0.7258214089390784,-0.06820555298380007,0
-0.7292951271658751,-0.06720355080259018,0
-0.7325207767500629,-0.06602879939105973,0
-0.7326449625174244,-0.06486189201976679,0
-0.7384759386332242,-0.063823010462503,0
-0.7385999729545287,-0.06293800661015493,0
-0.7332652855700014,-0.06192271454966928,0
-0.7415775538961088,-0.06076300889911054,0
-0.7388481930431935,-0.05977356931814092,0
-0.7368630381181013,-0.05866276780694762,0
-0.738103684223255,-0.05758499304146961,0
-0.7278064124181124,-0.056517718817329365,0
-0.7005121981047283,-0.05564408879024848,0
-0.696542039700602,-0.05489584166565184,0
-0.7211068931610708,-0.05418035150767738,0
-0.7140352709401171,-0.05317915871084181,0
-0.7181293122194906,-0.05201856157267689,0
-0.7191218896820356,-0.05088481126518754,0
-0.7283027011493861,-0.04986762935086968,0
-0.7343817459077936,-0.048780904435679735,0
-0.7547283723215283,-0.04765212031247707,0
-0.7691198368521006,-0.046269100197900925,0
-0.7725937065249544,-0.04486462822546892,0
-0.7689958025307974,-0.04345138959089069,0
-0.7703604829572545,-0.042044574876780975,0
-0.7539840149476471,-0.040487678927629465,0
-0.7641572524314852,-0.039075038081297975,0
-0.7548524066428316,-0.037687728696758585,0
-0.7409572308435319,-0.036051467772829894,0
-0.7584503106369899,-0.03432104232346541,0
-0.7480288530644856,-0.03240592595874838,0
-0.7498898222222163,-0.03026633616400139,0
-0.7440588461064165,-0.028191839328565005,0
-0.7496417535796087,-0.026239803216403762,0
-0.7426941656799583,-0.02408267944020289,0
-0.7358706121016123,-0.022088463993951295,0
-0.7230918966401059,-0.02003459120800284,0
-0.7325207767500629,-0.01798138098313555,0
-0.7379796499019518,-0.015911285467983073,0
-0.7629166063263315,-0.01389026187475074,0
-0.7589465993682624,-0.011646920086864635,0
-0.764653541162759,-0.009470681211706251,0
-0.7626685376837238,-0.0073392693767278675,0
-0.7627925720050283,-0.004908546484303831,0
-0.7639091837888776,-0.0025023543658433587,0
-0.7621722489524513,2.731253263284169e-05,0
-0.7538599806263426,0.0024933806043339144,0
-0.7459198152641472,0.00478301368767412,0
-0.7389722273644969,0.00691109672198206,0
-0.7644054725201501,0.009244330289680183,0
-0.7619241803098425,0.011836343783843194,0
-0.7666385446417929,0.014015442903101237,0
-0.7842558102026113,0.0161130685813711,0
-0.784752098933885,0.01830824477683189,0
-0.785124201897797,0.020402118631089268,0
-0.7831391984187619,0.022498606576534488,0
-0.7883498514819848,0.024663067272406768,0
-0.7806579062084542,0.026753105328218372,0
-0.780285651798485,0.02890798980741962,0
-0.7689958025307974,0.031002280309517953,0
-0.7768119335716883,0.03302639069953264,0
-0.7716011290624082,0.03500541865629961,0
-0.7733380638988357,0.037041985230477685,0
-0.7878537141967695,0.03934410274461609,0
-0.7760675761978082,0.04184916451429407,0
-0.7729659609349236,0.04379862920553265,0
-0.7707327373672237,0.0457801003601735,0
-0.7758193561091433,0.04762002175726789,0
-0.7707327373672237,0.04921779550183941,0
-0.7680033765143084,0.051021213184204876,0
-0.7501380423108812,0.05301987181724397,0
-0.7568375615679239,0.05497675608173347,0
-0.7548524066428316,0.056828243740490066,0
-0.7688717682094929,0.05854056285944276,0
-0.781898552313608,0.06013174735630986,0
-0.779913548834573,0.06217335388731743,0
-0.7850001675764926,0.06429912835307104,0
-0.7830151640974575,0.0660473986927182,0
-0.7691198368521006,0.06803351865411145,0
-0.7713530604198006,0.06958910162339772,0
-0.7794172601033004,0.07123063932376772,0
-0.7743306413613807,0.07291189195574783,0
-0.7662664416778809,0.07479248797658963,0
-0.7430662686438704,0.07660057704747457,0
-0.7220994706236169,0.07799496555526826,0
-0.7212309274823752,0.07946097963731422,0
-0.7151517312779093,0.08093187744263107,0
-0.7036138133676129,0.08236645687483077,0
-0.6991475176782712,0.08352688201978942,0
-0.7196181784133093,0.08448090092897928,0
-0.7175089891669137,0.08585073802601377,0
-0.7106854355885677,0.0874114710422462,0
-0.7016288098885789,0.0888158753234381,0
-0.7005121981047283,0.09015661483502554,0
-0.7022491329411558,0.09100644572016035,0
-0.6924479984212285,0.09207592393062652,0
-0.6949292906315362,0.0930948652462628,0
-0.6350060231741845,0.09400822925471604,0
-0.630911981894811,0.09442574819170427,0
-0.6084561662346807,0.09476607578362119,0
-0.6077118088608005,0.09509708153766419,0
-0.6118060015862301,0.09562752968138083,0
-0.6157760085443004,0.09589259255714506,0
-0.6141632594752344,0.09620539224650752,0
-0.6440628003202294,0.0964933131032833,0
-0.6204905243223069,0.09732953671874474,0
-0.6042380906340039,0.0979158427531829,0
-0.6302916588422341,0.09820827634183239,0
-0.6299194044322649,0.09862552160147338,0
-0.629299081379688,0.09909022949656564,0
-0.6136669707439608,0.09940743613602965,0
-0.6208626272862189,0.09988289676331777,0
-0.6139150393865697,0.10037566620800144,0
-0.6120540702288388,0.10100044577935915,0
-0.6147835825278114,0.10145775501498445,0
-0.5997716434986039,0.10180987261071234,0
-0.5938166330614997,0.10213358298915237,0
-0.5950572791666535,0.10212287864531379,0
-0.5948090590779886,0.10270721261662441,0
-0.6012605096924226,0.10306043967119279,0
-0.5979106743408732,0.10351384626428933,0
-0.6089524549659543,0.10397501087776964,0
-0.6032455131714577,0.10453145660012247,0
-0.6018808327449995,0.10483436557453131,0
-0.589350337372158,0.10507648400828873,0
-0.5938166330614997,0.10563491968280847,0
-0.6002679322298776,0.10597276120972376,0
-0.5696240340110001,0.10639371669342411,0
-0.5460517580130776,0.10698176014752307,0
-0.5363746578144557,0.10714154957493385,0
-0.4930760784553752,0.10739045279324293,0
-0.5049864022216981,0.10712699048979163,0
-0.5063510826481552,0.10725189785196391,0
-0.4955573706656829,0.10762132287752947,0
-0.499403494748506,0.10808608968295476,0
-0.4824065522402645,0.10868526472332077,0
-0.4778162222296173,0.10912798967479412,0
-0.4866247792869985,0.10922322767002543,0
-0.5016365668701488,0.10965338841363,0
-0.4964259138069247,0.11013935445906338,0
-0.4964259138069247,0.11062099341354317,0
-0.5054825395069135,0.11060088086112169,0
-0.4691316994935406,0.11117649651201184,0
-0.4695038024574526,0.11104957704098374,0
-0.4512663652901146,0.11123877093773993,0
-0.4552363722481837,0.11090060227088226,0
-0.469255733814845,0.11104217894456048,0
-0.4784365452821942,0.11148396986384326,0
-0.4451871690856498,0.11174801270203073,0
-0.4397282959337609,0.11193061443042183,0
-0.4830268752928414,0.11234490547326358,0
-0.4944409103278906,0.11258827056797045,0
-0.499403494748506,0.11293861590036629,0
-0.5141670622429902,0.11346582772522297,0
-0.5090804435010717,0.11401051915940233,0
-0.5037457561165444,0.11447210047727932,0
-0.51342270486911,0.11491614131700624,0
-0.4982868829646554,0.11553044389939658,0
-0.4958055907543477,0.11607939774122061,0
-0.4928280098127676,0.11633737412152835,0
-0.5041178590804564,0.11692580132345841,0
-0.4930760784553752,0.11758765478318813,0
-0.4727296034876987,0.11815021685016128,0
-0.4623081459151946,0.11858984229031745,0
-0.4964259138069247,0.11929764182653167,0
-0.4928280098127676,0.12005937248210113,0
-0.5032494673852707,0.12082712729387153,0
-0.5446870775866205,0.121891958636108,0
-0.52446448549419,0.12338874216304722,0
-0.5008922094962674,0.12472354218185794,0
-0.4933242985440401,0.12582517705027946,0
-0.4944409103278906,0.12655639856400244,0
-0.5049864022216981,0.12668994048367466,0
-0.5056067252742751,0.1270245831797818,0
-0.4945649446491939,0.12804482132886152,0
-0.508584154769798,0.12940360759348576,0
-0.5235960937990055,0.13049402277654729,0
-0.512430278852621,0.13182153325909768,0
-0.5299233586460779,0.1328779772369006,0
-0.5170206088632672,0.13422714318596923,0
-0.5116857700326826,0.13521770556195262,0
-0.5167725402206594,0.1357961713927953,0
-0.5239681967629175,0.1358207182223769,0
-0.5248367399041594,0.13537367149631255,0
-0.5146633509742639,0.13585525579279206,0
-0.5034975360278795,0.13566536839912588,0
-0.5027531786539982,0.13544232493300004,0
-0.5145393166529595,0.1355117909069268,0
-0.5182612549684209,0.13585477356766798,0
-0.5105693096948903,0.13746528655742685,0
-0.4879894597134567,0.13873076917103075,0
-0.4922076867601906,0.13975621862760482,0
-0.4922076867601906,0.14057209241721383,0
-0.5259532002419516,0.14054495621143662,0
-0.5142912480103519,0.14149324791354737,0
-0.5465480467443512,0.14170543416990464,0
-0.5501457992924511,0.14270488639975257,0
-0.5573416072807663,0.14368388690003206,0
-0.5615598343275003,0.1447872066454329,0
-0.5496496620072358,0.14619344980993593,0
-0.5371190151883359,0.14826407285692011,0
-0.5427019226615282,0.15060873977775555,0
-0.5382356269721865,0.15232840668156603,0
-0.5352580460306052,0.15411514072302193,0
-0.5352580460306052,0.15573814262063412,0
-0.5479127271708083,0.15697797184130352,0
-0.5479127271708083,0.1579586911998781,0
-0.5559769268543081,0.15829729561779304,0
-0.5520067684501818,0.15874986743793465,0
-0.5599469338123784,0.16061507831637134,0
-0.5448111119079238,0.1621405808425002,0
-0.5489051531872973,0.16296625656370764,0
-0.5291790012721976,0.16421285837824817,0
-0.5343896543354206,0.16522686042424972,0
-0.5307917503412636,0.16728239145906285,0
-0.5528753115914236,0.1688893500853964,0
-0.5526270915027587,0.17004332418359824,0
-0.5485330502233852,0.17079685073204523,0
-0.5400965961299172,0.17084227044114733,0
-0.5434464314814667,0.17136452899740245,0
-0.5324046508563856,0.17115576212265635,0
-0.5331490082302668,0.17225251782418177,0
-0.5336452969615393,0.17370964617149406,0
-0.536126589171847,0.17614778380251403,0
-0.5291790012721976,0.1777162441132317,0
-0.533521262640236,0.17936921500214695,0
-0.5238441624416131,0.18150348199192196,0
-0.5032494673852707,0.18241694454369012,0
-0.4905947862450676,0.1842392020395101,0
-0.4850118787718754,0.1845302690191863,0
-0.4841434870766908,0.18594675762040613,0
-0.4779402565509217,0.18743688241402956,0
-0.4717370260251526,0.1866215355118134,0
-0.4410931278062763,0.18665543362074866,0
-0.4200021440186613,0.18655814999816664,0
-0.4130544046729538,0.18706329797678364,0
-0.4309197388763809,0.19094282754965186,0
-0.4379915125433918,0.1919771537028315,0
-0.4307957045550765,0.19225451963887136,0
-0.4420855538227653,0.19285627662158883,0
-0.4495294304536882,0.19365132079348724,0
-0.4374952238121181,0.19365203346166415,0
-0.441341196448884,0.19448629114506377,0
-0.4291828040399534,0.1959615691310471,0
-0.4321603849815347,0.19789253217911312,0
-0.4335250654079918,0.19890309019880403,0
-0.4219871474976954,0.19945454971868684,0
-0.4139229478141955,0.19941272262106885,0
-0.4068511741471846,0.19998677675813012,0
-0.4162802057031999,0.20081207242247393,0
-0.4155356968832614,0.2008805176130282,0
-0.3985389058210771,0.20222029321162754,0
-0.3992832631949584,0.202830565813197,0
-0.4063550368619693,0.2047836843270106,0
-0.4396042616124577,0.20416309352323167,0
-0.4304234501451072,0.2054206748839359,0
-0.4213668244451184,0.20562232638860456,0
-0.4170245630770801,0.2057140951666594,0
-0.4094566521248539,0.2069261522633553,0
-0.4207465013925415,0.2060336569831053,0
-0.4185132778248427,0.207669699905031,0
-0.4089603633935803,0.2081680172075479,0
-0.3995314832836233,0.2086684801681356,0
-0.3780682450860391,0.20929199826967967,0
-0.3687633992973854,0.2111728637613569,0
-0.3574735500296966,0.21253641494610626,0
-0.3227354590853896,0.21321310009119826,0
-0.2882454367836914,0.2139871825826219,0
-0.3198819124651139,0.21585532801822796,0
-0.3284424008798862,0.21436028634794713,0
-0.3284424008798862,0.21320007863689033,0
-0.4226074705502722,0.2132383150521479,0
-0.3876211595173004,0.22440184869004856,0
-0.3258370743482742,0.24133354209140181,0
-0.327077720453428,0.24448998351889098,0
-0.2956893134146143,0.24916952084153207,0
-0.2902304402627254,0.2514677088193794,0
-0.2856401102520793,0.25122578247523875,0
-0.3047460905606592,0.2541618719200907,0
-0.3267054660434599,0.25124110624132934,0
-0.3913430978327619,0.25004807446409794,0
-0.4826547723289294,0.24947676640544475,0
-0.5196259353948791,0.2481888151577417,0
-0.4712407372938801,0.2484997298929175,0
-0.5302954616099899,0.24554992677545423,0
-0.528682712540924,0.24574995589505524,0
-0.5219831932838824,0.2455820015854854,0
-0.4190095665561152,0.24563879179671383,0
-0.3033814101342021,0.24657494614157843,0
-0.3379953153111475,0.2455188569847655,0
-0.3159119055070436,0.24667000961387267,0
-0.3484167728836517,0.24479806202169743,0
-0.350774030772655,0.2452364862692567,0
-0.3986629401423815,0.2447677542105319,0
-0.4051143907568155,0.2463011640311961,0
-0.346183700762009,0.24745998392844132,0
-0.3362585319207784,0.25047596073531164,0
-0.2825384949891948,0.24938109223775268,0
-0.2976743168936483,0.25077078055870744,0
-0.2969299595197682,0.24991382711700033,0
-0.2090923061425117,0.2511092233388694,0
-0.1984226284813426,0.250837697339334,0
-0.1836590609868583,0.25186542484585217,0
-0.220258121088896,0.25147826511167076,0
-0.228694423736308,0.25247785166390224,0
-0.2674026730847413,0.25078040108381516,0
-0.2520186310916218,0.2506259032038569,0
-0.2810497802414333,0.24944238801291713,0
-0.2183971519311653,0.24990905700500807,0
-0.2126900586906115,0.24930664678363607,0
-0.2248484510995421,0.24811654414110135,0
-0.2392399156301154,0.24809273024739206,0
-0.2409768504665418,0.2476004860147782,0
-0.2497854075239229,0.2461894443341125,0
-0.2736059036105104,0.24698595066336124,0
-0.2608271881490029,0.24588655529218342,0
-0.2454431461558845,0.24451207888342427,0
-0.2485447614187691,0.24440393492835225,0
-0.2736059036105104,0.2443967117304315,0
-0.2269574888998805,0.2446105019573734,0
-0.2417212078404231,0.24490545960673024,0
-0.2598346106864568,0.2446558099790427,0
-0.2485447614187691,0.24430351938776665,0
-0.2367586234198078,0.24301811288095343,0
-0.2067350482535073,0.24069722097614057,0
-0.1877531022662318,0.2386564272700023,0
-0.2145510278483423,0.23730719310923898,0
-0.1991671373012811,0.23687197757680792,0
-0.1912269719390845,0.23529557409678215,0
-0.2285703894150036,0.23368541656301423,0
-0.2110773096215457,0.23462348525956012,0
-0.2480484726874955,0.2334747679718553,0
-0.2412249191091494,0.23210050257184076,0
-0.237502980793688,0.229699755752978,0
-0.2082237630012699,0.22601656670207548,0
-0.2071071512174193,0.2239910886406104,0
-0.2227394132992037,0.2211133820810546,0
-0.2567329954235722,0.22085568687128454,0
-0.2305553928940387,0.2180321537827891,0
-0.283531072451741,0.21690036518046737,0
-0.2561126723709953,0.2133347445412466,0
-0.2357661974033188,0.21190182839369878,0
-0.237502980793688,0.21152370543554605,0
-0.2143029592057346,0.20987636439043356,0
-0.2176526431112268,0.20833520430651178,0
-0.2288184580576112,0.20610472484156717,0
-0.2172805401473148,0.20495705576338857,0
-0.2177768288785884,0.20294650057842176,0
-0.223235550584419,0.20085247921564603,0
-0.1970579480548855,0.19995967016236146,0
-0.1836590609868583,0.1980487483648073,0
-0.1645530806782773,0.1977886557796648,0
-0.1723690602731123,0.19558982250752283,0
-0.1769595417298156,0.19457505823399157,0
-0.1640567919470048,0.1931826952429507,0
-0.1612032453267279,0.1898923313605094,0
-0.1386235467913515,0.18836880129621186,0
-0.1631884002518203,0.18710803040593835,0
-0.1497893617377359,0.18663305048292161,0
-0.1442064542645437,0.1869585767837745,0
-0.1247283709920518,0.18677252121481805,0
-0.1107090094253905,0.18806919802359728,0
-0.1309316015178209,0.188758210288596,0
-0.1321722476229747,0.19006077176277672,0
-0.1162919168985827,0.19065947747076642,0
-0.1167882056298552,0.19038957108955842,0
-0.1157956281673102,0.18998461948018994,0
-0.1315519245703978,0.18973780069709403,0
-0.1196416008040749,0.1867580756122062,0
-0.110212720694118,0.18366830344838334,0
-0.0773355989075417,0.1758732821569401,0
-0.0504136390041257,0.1710596468716039,0
-0.0193974863752802,0.17177207728500435,0
-0.0092240974453848,0.17251213844915858,0
0.0325856157198758,0.17274686423600072,0
0.0495824067820601,0.1745418516312397,0
0.0605001530858368,0.17432388521575273,0
0.0466049772865371,0.17573401303979305,0
0.0720382224421905,0.17741921711604808,0
0.0760082294002596,0.17849132962104464,0
0.119678911723251,0.1812117210605415,0
0.1567742605565624,0.18365350750809095,0
0.1820834713909113,0.1865265999128438,0
0.1307206923483321,0.18983373323999014,0
0.1484619922304538,0.19193697682458988,0
0.034570619198911,0.1948400025330085,0
0.0374241658191867,0.19363168074956355,0
0.0644701600439059,0.19267965917532084,0
0.0400294923507988,0.19515244218074854,0
0.0995805053981822,0.19548131831185703,0
0.1174458396016082,0.2001896315917585,0
0.0669514522542136,0.20181140326083935,0
0.0360594853927296,0.20429343470021633,0
0.0370519114092186,0.2046801984602503,0
0.0284914229944451,0.2067145768358932,0
0.0087652710793456,0.20924340008963815,0
0.0446198223614448,0.21074998769609382,0
0.0209235120422189,0.21132396543332396,0
0.0742712945638332,0.21235429857762855,0
0.0779932328792947,0.21440091347927848,0
0.0787375902531749,0.21698722218109184,0
0.0368038427666098,0.2194479972044499,0
0.0283673886731418,0.22030849358972845,0
0.0237770586624947,0.2215816466838522,0
0.0350669079301835,0.22294084538447062,0
0.0495824067820601,0.2237052104973566,0
0.0613685447810214,0.22554681397852078,0
0.0410220698133449,0.22791131456208694,0
0.0600038643545643,0.23046002030772939,0
0.0639740227586906,0.23213842121811568,0
0.0688124214119443,0.23551528383434112,0
0.0437514306662602,0.23945904389273304,0
0.0587632182494105,0.24019696064099816,0
-0.0043856987921311,0.24359714607310004,0
-0.0076113483763189,0.2440152127524475,0
-0.0556242920673498,0.24381202781631006,0
-0.0452028344948456,0.2440862449612441,0
-0.0583538043663223,0.2446289430306751,0
-0.0396199270216534,0.24677604852498256,0
-0.0129460357608462,0.24647493664138612,0
-0.0213824898543153,0.24810132359035972,0
0.0045470440326104,0.24927621916399376,0
-0.0056263448972849,0.25058686252215007,0
0.0096336627745301,0.253735592996938,0
-0.0045097331134343,0.2563284041251642,0
-0.0262210399536262,0.25645067224266493,0
-0.0200178094278571,0.2578885840102782,0
0.0183181855106069,0.25761248553195626,0
0.0220401238260683,0.25924545548088523,0
-0.0201418437491615,0.26000633219788905,0
-0.0042615130247695,0.26058979924024495,0
-0.0019044065818234,0.2625320942799509,0
-0.0048818360773464,0.2641383645289218,0
0.0020657518223028,0.2652112630045156,0
0.0070283362429181,0.26668572766751125,0
0.0246454503576804,0.2673427443412196,0
-0.0045097331134343,0.2687810241854392,0
-0.0033931213295849,0.269121930947139,0
-0.0025247296344003,0.269445810316612,0
0.0050433327638841,0.27042182157228695,0
-0.0354018514209766,0.2712636463254233,0
-0.048552669846395,0.27090401190240615,0
-0.0339129852271579,0.27009268873556436,0
-0.0177845858601582,0.2701754309196037,0
0.0046710783539148,0.27124090219229274,0
-0.0125739327969342,0.2720254041766158,0
0.0503269156019986,0.2717399432790039,0
0.0565301461277677,0.27171062494213494,0
-0.0639367118395145,0.27196065428670874,0
-0.0363942774374656,0.27128928572920896,0
-0.0546318660508608,0.26960740732941657,0
-0.0398681471103183,0.26937395470776654,0
-0.0236157134220153,0.27115376417671594,0
-0.021630558496923,0.2705060025764193,0
-0.0251044281697768,0.2705685000284491,0
-0.0387515353264688,0.2692552668707971,0
-0.0541355773195872,0.26941416980986904,0
-0.0398681471103183,0.2679417063994208,0
-0.0830425407020372,0.2669104638662141,0
-0.1239838621721133,0.2665245028820599,0
-0.122867401834321,0.26561746181488793,0
-0.1523946882693479,0.2659260935067116,0
-0.1600867849889357,0.26499281064184627,0
-0.1124459442618168,0.26462920852393873,0
-0.0980544797312446,0.2634880707853707,0
-0.084283186807191,0.2628486559154691,0
-0.0853997985910415,0.26135157306453255,0
-0.0532670341783454,0.26134426493851004,0
-0.042101219231961,0.26090690377245457,0
-0.0870126991061635,0.26129914115657066,0
-0.0882533452113173,0.26088212011672623,0
-0.0805612484917295,0.26034583835544434,0
-0.0943325414157831,0.26081342984013817,0
-0.0650531721773067,0.2627754993128281,0
-0.0603388078453563,0.26322632347594405,0
-0.0217547442642846,0.2619026071620924,0
-0.0236157134220153,0.26291505327071224,0
-0.0316799131055151,0.26181853146045375,0
-0.0473120237412412,0.2737968081017373,0
-0.0372628205787073,0.27237113934698415,0
-0.0308113699642734,0.27639285061798247,0
-0.0341612053158228,0.2774587385181432,0
-0.0310595900529382,0.27633896320265,0
-0.0170402284862769,0.2761505722929861,0
-0.0144349019546649,0.27715090766267364,0
0.0495824067820601,0.2778539948117157,0
0.0595075756232907,0.2795061141774462,0
0.0026860748748797,0.2794883799198213,0
0.0093855941319225,0.27922901356939206,0
-0.0876330221587404,0.2801389800207996,0
-0.0684030075288562,0.28107256323959295,0
-0.0767152758549648,0.28038005553209716,0
-0.0634404231082409,0.2794385322078079,0
-0.0675344643876144,0.27813423084736993,0
-0.0935880325958446,0.27873785279485375,0
-0.0809335029016988,0.27833948920242085,0
-0.0481804154364269,0.27821659292769996,0
-0.0489247728103071,0.27772572713412036,0
-0.06083509657663,0.2768609201836099,0
-0.0618275225931189,0.27796366560248553,0
-0.0670383271023991,0.2756607623776087,0
-0.0742339836446571,0.2743077893574611,0
-0.0829185063807339,0.2733096615577091,0
-0.0712564027030759,0.27398932777893353,0
-0.0545076802834993,0.27467792680416786,0
-0.0920993178480832,0.2717087347031856,0
-0.0899902800477448,0.27300812608069586,0
-0.1437101655332712,0.27280518301913786,0
-0.1164159512198871,0.2720936256445074,0
-0.0903623830116568,0.27210531408302624,0
-0.0861441559649217,0.27200129805636014,0
-0.0795688224752406,0.27126507503102876,0
-0.0990469057477336,0.2715861182572159,0
-0.1031410984731632,0.271974223281078,0
-0.1334128937281285,0.2715047134383742,0
-0.1657937267834312,0.27145499156684244,0
-0.1629401801631554,0.27033115039347033,0
-0.1599625992215741,0.26953980238026304,0
-0.1216267557291672,0.27026481563233173,0
-0.1244801509033869,0.27122940523150774,0
-0.1344053197446175,0.2712512489352927,0
-0.1616995340580016,0.26918776853316156,0
-0.2191415093050455,0.26854714740723834,0
-0.2260890972046959,0.2688849661400055,0
-0.2129382787792764,0.2694734876330977,0
-0.2350216885833803,0.2698612936087611,0
-0.2537555659280492,0.2707699674944127,0
-0.2564849267809646,0.270565594193708,0
-0.2816701032940102,0.27088269199647064,0
-0.2334089395143145,0.27110595960306183,0
-0.2273297433098497,0.2717775453937768,0
-0.2263371658473036,0.27227242227534354,0
-0.2298110355201574,0.27159873760829556,0
-0.2181489318425005,0.2706444598105973,0
-0.2160398940421609,0.2708375191881017,0
-0.2207542583741114,0.26997041401160166,0
-0.214054890563127,0.2693509646190347,0
-0.2026408555280777,0.26821106417171925,0
-0.2071071512174193,0.2679694280055201,0
-0.2233597363517806,0.2683353632442881,0
-0.2131863474218852,0.2689561103601121,0
-0.2231115162631158,0.26859282457056993,0
-0.214054890563127,0.26863477866059343,0
-0.2389918469875066,0.2689223588604818,0
-0.2739780065744224,0.2695899425495996,0
-0.236882657741111,0.27022814051567706,0
-0.2211265127840806,0.2711115927519379,0
-0.2205061897315037,0.27114450658520095,0
-0.2025168212067733,0.2714497786061428,0
-0.2042537560431996,0.27077472446461326,0
-0.1835348752194967,0.27139414223999514,0
-0.2002835976390733,0.27231126332790595,0
-0.2152955366682808,0.2718244645368161,0
-0.1966858450909734,0.2725817096733833,0
-0.2107050552115775,0.2729952648163093,0
-0.172865349004386,0.27292682674748875,0
-0.155992592263505,0.2722737838433125,0
-0.1679027645837707,0.2709728184768092,0
-0.1581016300638434,0.27132560357942315,0
-0.1394919384865361,0.271146182516792,0
-0.1532632314105897,0.27113009097772983,0
-0.1584738844738126,0.2711690619220149,0
-0.1557445236208973,0.27140395701640424,0
-0.1572332383686588,0.2709424138792138,0
-0.1631884002518203,0.27116352006328076,0
-0.1695156650988926,0.2705502472754068,0
-0.1705080911153816,0.2703222906523229,0
-0.1406085502703866,0.27167836392420275,0
-0.1599625992215741,0.27079942523155937,0
-0.1496653274164315,0.2694992914552613,0
-0.1107090094253905,0.26864141942967706,0
-0.0913549604742019,0.2696160972011199,0
-0.0834147951120064,0.2688105593707574,0
-0.0853997985910415,0.26840367725689024,0
-0.1019004523680093,0.26787292069131957,0
-0.1004115861741907,0.26701743125216876,0
-0.0829185063807339,0.2665406302728521,0
-0.0461954119573918,0.26510637750441135,0
-0.0458231575474225,0.2653170725961783,0
-0.0290744351278459,0.26542140192598956,0
-0.028454112075269,0.2654663076110921,0
-0.0347815283683997,0.26686271967067593,0
-0.0249803938484724,0.26740539728035406,0
-0.0082316714288958,0.2665014469626807,0
-0.0042615130247695,0.26584580032566857,0
-0.0112092523704771,0.2663015855068578,0
-0.002772798277008,0.2674674594200331,0
-0.0022765095457355,0.26719902301257964,0
0.003430432248761,0.2677192379144253,0
-0.0416050819467457,0.26654636059582265,0
-0.0185289432340384,0.2654106998423713,0
-0.0098444204979617,0.26496869070044593,0
-0.0155515137385155,0.2630893240894375,0
-0.0143108676333616,0.2638949300733119,0
-0.0130702215282078,0.2646288275416942,0
-0.0339129852271579,0.26308863531076715,0
-0.0505376733254301,0.2617798312256882,0
-0.0623238113243914,0.26049710652269586,0
-0.0561205807986223,0.2600621388519037,0
-0.1624438914318818,0.2562906690341886,0
-0.1697637337415014,0.25710104299737496,0
-0.1525187225906512,0.25706793163926756,0
-0.1593422761689972,0.2615202579043038,0
-0.1518983995380743,0.2702953897953279,0
-0.160210819310239,0.27228996022063195,0
-0.1589701732050852,0.27224405274017743,0
-0.1552482348896237,0.2733631607571932,0
-0.1760909985885738,0.27428657886247004,0
-0.1661658297473432,0.27491943391971074,0
-0.1598385649002708,0.27600668263849204,0
-0.1515262965741622,0.27482536221766296,0
-0.1380032237387746,0.2733266662849261,0
-0.128078054897544,0.2728040986778853,0
-0.1304353127865472,0.2729880140022181,0
-0.1175325630037365,0.27290732572137577,0
-0.1231154704769287,0.2717776760851467,0
-0.1182769203776178,0.2722825043708534,0
-0.0997912631216138,0.2724159716206576,0
-0.0947046443796952,0.27198753035437717,0
-0.1119496555305443,0.2704716718616438,0
-0.1191454635188596,0.2702153385344436,0
-0.1164159512198871,0.2710246567345551,0
-0.1263411200611177,0.2714599254990229,0
-0.1237357935295056,0.2703523430583534,0
-0.1282020892188484,0.2699940862639653,0
-0.1315519245703978,0.2705016977608887,0
-0.1305593471078516,0.27035160373766265,0
-0.1305593471078516,0.2694637990884128,0
-0.0912309261528986,0.269333615573385,0
-0.1143069134195476,0.26918559043107626,0
-0.1074833598412015,0.26974987386387134,0
-0.1174085286824321,0.26894717488877706,0
-0.1169122399511596,0.2669692695131886,0
-0.1236117592082012,0.2665396604324589,0
-0.1795648682614276,0.2669178460795148,0
-0.2249724854208465,0.26724785959016806,0
-0.2182729661638037,0.2666641849939864,0
-0.1914750405816933,0.2677713132504573,0
-0.1932119754181196,0.26878061697338207,0
-0.1607071080415126,0.26950032021585846,0
-0.1461914577435788,0.2700555723473447,0
-0.1485487156325821,0.26972410079019904,0
-0.152766942679316,0.27090887282212894,0
-0.1545038775157435,0.26916615302291835,0
-0.1535113000531973,0.2693031028183531,0
-0.1259690170972056,0.2702123165217905,0
-0.1229914361556243,0.2690989073539349,0
-0.1445787086745129,0.2683920965391318,0
-0.1396161242538977,0.2682006960248416,0
-0.1093443289989323,0.26892247986983536,0
-0.1187732091088903,0.2682896655106083,0
-0.1113293324779674,0.2686058020701536,0
-0.1136865903669707,0.26772059845764706,0
-0.1191454635188596,0.26889347867237157,0
-0.0916030291168106,0.26957812659117764,0
-0.1350256427971944,0.2691971578998962,0
-0.1414770934116284,0.26800063839098276,0
-0.1331646736394637,0.2675306596106572,0
-0.1428417738380855,0.26889429246274194,0
-0.1398641928965053,0.2678780919026834,0
-0.1241080479394749,0.2682668271741349,0
-0.1393679041652328,0.2675536792182215,0
-0.1862643875184692,0.2668562837890034,0
-0.1927156866868471,0.26653824160698264,0
-0.1773316446937276,0.2671834583340244,0
-0.1597145305789664,0.26808166462164096,0
-0.1588461388837819,0.26819481036443954,0
-0.1948248759332427,0.27565292714151307,0
-0.192343583722935,0.27594821367381694,0
-0.1919713293129658,0.27795417148961354,0
-0.209588443427727,0.2834628615117614,0
-0.2273297433098497,0.284625859883604,0
-0.1853958443772275,0.2845713997595181,0
-0.1832868065768891,0.2840341621286831,0
-0.171872922987897,0.2847987364397999,0
-0.1800611569927001,0.2850552923768761,0
-0.1789445452088507,0.2847997158348465,0
-0.1821701947930396,0.28347063811166207,0
-0.1841551982720736,0.28394326869083786,0
-0.1862643875184692,0.2831493578552906,0
-0.181673906061766,0.28199591107911365,0
-0.1377551550961669,0.2801854629465889,0
-0.1340332167807054,0.2783444944713185,0
-0.1706322768827432,0.2770066567421032,0
-0.1736097063782661,0.27539047595606714,0
-0.1675306616198586,0.27428109934457384,0
-0.1496653274164315,0.2703125625628352,0
-0.1532632314105897,0.26973114837810785,0
-0.1355219315284669,0.26754979504859894,0
-0.1224951474243518,0.26585166541325705,0
-0.1389958012013207,0.2653533123612348,0
-0.1325443505868868,0.26471934757929627,0
-0.1279540205762396,0.26390725964620215,0
-0.1510300078428897,0.26183159678993145,0
-0.1360182202597394,0.26133253114782146,0
-0.143958385621936,0.25915023637362,0
-0.1750985725720848,0.257732689912174,0
-0.1386235467913515,0.2571738547396363,0
-0.1095923976415411,0.25692458290066894,0
-0.095945290484849,0.2559609243925445,0
-0.0924715722580524,0.25508259084049956,0
-0.0708842997391638,0.25321562036814255,0
-0.0515302507879763,0.25339595789089897,0
-0.0456991232261192,0.2534916057091877,0
-0.0479323467938181,0.2524292143910207,0
-0.0634404231082409,0.2520178259617238,0
-0.0434660511044764,0.2508459422316875,0
-0.0542596116408916,0.249512632542677,0
-0.0664180040498222,0.2459822430792968,0
-0.1224951474243518,0.24467097819346179,0
-0.1504096847903128,0.23935010492504108,0
-0.1496653274164315,0.23605605660935877,0
-0.1481764612226128,0.23406096773086732,0
-0.1518983995380743,0.23198245837222037,0
-0.1626921115205466,0.23070506276486077,0
-0.152766942679316,0.23202744654847376,0
-0.178696476566243,0.23059489175302283,0
-0.1522706539480435,0.2299132390858276,0
-0.1578535614212357,0.22827521105034115,0
-0.1515262965741622,0.2273875815853176,0
-0.1505337191116172,0.22948711827525714,0
-0.1614514654153928,0.2278693664736431,0
-0.1511540421641941,0.22706116783869407,0
-0.146935815117459,0.22540828187532033,0
-0.1666621184786169,0.2263200596973077,0
-0.1763392186772386,0.22558814726850873,0
-0.1341572511020087,0.224752653536505,0
-0.1252245082772671,0.2227856396561576,0
-0.1377551550961669,0.22390730402172215,0
-0.144950811638425,0.2260301927554356,0
-0.1279540205762396,0.2252568611754061,0
-0.116043848255975,0.22543246939375228,0
-0.1198898208927397,0.2252105930478236,0
-0.1172844943611289,0.22631177825631207,0
-0.1236117592082012,0.2256273723562811,0
-0.1141828790982443,0.22367777038601405,0
-0.0958212561635446,0.2242338238152646,0
-0.130683381429156,0.22348540951674842,0
-0.1125699785831212,0.22317242328751888,0
-0.0994191601577017,0.22372262913238675,0
-0.143958385621936,0.2226447728781016,0
-0.1336609623707362,0.22027077285138214,0
-0.1319240275343099,0.2198750548334608,0
-0.1068630367886246,0.21790083222534717,0
-0.0961935105735139,0.21713490445294759,0
-0.1036373872044368,0.2182781767439862,0
-0.1094683633202367,0.21795226442295298,0
-0.1146790163834596,0.21690884180409165,0
-0.076467207212356,0.21636929959577278,0
-0.0772115645862373,0.2183451276075067,0
-0.0904864173329601,0.2188958436699127,0
-0.0782041420487835,0.21867027385970844,0
-0.0645570348920914,0.21993128663274916,0
-0.0928436752219645,0.21954334058423722,0
-0.1382512923813822,0.2197687302234056,0
-0.1486727499538865,0.21845945858363447,0
-0.1361422545810438,0.21767529956747603,0
-0.1295667696453055,0.21729938920114292,0
-0.1185251404662827,0.21610782994121977,0
-0.1262170857398133,0.21603191486855627,0
-0.1217507900504705,0.21504563518291347,0
-0.104381744578317,0.21301752587699846,0
-0.096937867947394,0.21215122184978868,0
-0.0862683417322833,0.21099030171129565,0
-0.0850276956271295,0.21029671409790918,0
-0.0793206023865757,0.21001900348795766,0
-0.0455750889048148,0.20766888401358272,0
-0.0619515569144222,0.20973349357272839,0
-0.0428457280518995,0.20929301486057297,0
-0.005006021844708,0.21157907874074766,0
-0.0076113483763189,0.213303347472703,0
0.0016934974123347,0.2164721503919274,0
0.0055394700490994,0.21889287796848375,0
0.0252657734102573,0.22233865684483592,0
-0.0226231359594691,0.2250745453787038,0
-0.0066187709137739,0.226011501288572,0
0.0467290116078404,0.22706392217503357,0
0.0200551203470332,0.23086824738473455,0
0.0368038427666098,0.23316411200129114,0
0.0748916176164102,0.23580024409033754,0
0.1106222860232622,0.23854343640795014,0
0.1679400755029468,0.24096117919465895,0
0.1006971171820316,0.2447421212028537,0
0.1158329390864863,0.2480672511937245,0
0.0967269587779053,0.24917989642519028,0
0.0680680640380641,0.2501046264366982,0
0.0294840004569913,0.25226400616617156,0
0.0040507553013379,0.253564901030514,0
0.0463567571978723,0.2549185105118946,0
0.029111746047022,0.25468011496053494,0
0.0296080347782957,0.2548929097709537,0
0.0198069002583684,0.2549979188824789,0
0.0395332036195262,0.2560950278265945,0
0.0705493562483718,0.2567433605082424,0
0.0608724074958061,0.258147088033086,0
0.0432551419349877,0.25853306068561704,0
0.0090133397219532,0.25823272809335657,0
0.0356872309827604,0.2579767892727632,0
0.0551653142552523,0.2577814559208,0
0.0178218967793344,0.2591815299059257,0
0.0303523921521758,0.2594719284683447,0
0.0225364125573409,0.26034053122283596,0
0.0169535050841487,0.26053323810076817,0
0.0360594853927296,0.2600599701827397,0
0.0457364341452953,0.25966590710193904,0
0.0490862694968448,0.2594369882021293,0
0.0835761403524869,0.2591997624456751,0
0.0946179209775669,0.2593372233781714,0
0.0820874256047243,0.26004205275345565,0
0.0969751788665702,0.25993051496499275,0
0.0632295139387521,0.26050381804610045,0
0.0590114383380753,0.26243002366284984,0
0.0498306268707249,0.26233665449284066,0
0.0325856157198758,0.2622570374844023,0
-0.0143108676333616,0.2619621153322997,0
-0.0041374787034662,0.26028389247809874,0
-0.0233674933333504,0.2596180530865932,0
-0.0198937751065538,0.25896642245928786,0
0.005663655816461,0.2587724828268002,0
-0.0532670341783454,0.2568961288452711,0
-0.0445825114422687,0.25679117937792073,0
-0.0468157350099687,0.2560586368030749,0
-0.0381312122738919,0.25524315900086364,0
-0.0291986208952075,0.2551864516583596,0
-0.0590981617402025,0.2542615410489787,0
-0.0804372141704262,0.25264570869095887,0
-0.0646810692133947,0.2512696030993082,0
-0.1004115861741907,0.2515513561071256,0
-0.1207582125879255,0.25177082532450373,0
-0.1131903016356981,0.25172418906738636,0
-0.1073593255198983,0.25045740693157775,0
-0.110212720694118,0.25029046042766145,0
-0.0788244651013604,0.24956381000110528,0
-0.0780799562814219,0.24817018221789133,0
-0.0706360796504989,0.2467223046220645,0
-0.0491729928989719,0.2460150377019659,0
-0.0726212345755913,0.2446427162083362,0
-0.0711323683817726,0.24405164048978975,0
-0.0662938182824606,0.24221338113846258,0
-0.0769634959436296,0.23990091408572517,0
-0.0762189871236911,0.23895632866512717,0
-0.0474360580625456,0.23817939705300775,0
-0.0736136605920802,0.23641079930539335,0
-0.081305757311668,0.23430244277710602,0
-0.0710083340604682,0.2334358715910677,0
-0.0655494609085804,0.23263567966120713,0
-0.0693954335453451,0.2315635185750375,0
-0.0412328275367765,0.229999341324961,0
-0.0952009331109677,0.22762616791144408,0
-0.1181528860563134,0.22683534686027923,0
-0.1109570780679981,0.22636958203886326,0
-0.0732415576281682,0.22629096375126156,0
-0.0857720530010097,0.22631662928248494,0
-0.0870126991061635,0.22599850441121846,0
-0.0873848020700755,0.22524428741994176,0
-0.0980544797312446,0.22482379684630455,0
-0.0970619022686984,0.22469310505147488,0
-0.1040094901683489,0.22394463206243834,0
-0.1082277172150828,0.22418623201114285,0
-0.1129422329930905,0.22338443247214929,0
-0.124852405313355,0.2235711412535576,0
-0.1313037044817329,0.22252134707275822,0
-0.1773316446937276,0.2221989682972165,0
-0.2107050552115775,0.22238625473446003,0
-0.2069831168961161,0.22237214462428723,0
-0.2036334329906227,0.22298388244404532,0
-0.2167842514160423,0.22255939271111932,0
-0.2250965197421497,0.2226114986034868,0
-0.2115735983528193,0.22234436219512432,0
-0.2484207270974647,0.22283431581498386,0
-0.2510260536290767,0.22158575267360053,0
-0.2425897509816648,0.22139876151646143,0
-0.2415971735191187,0.22022374236321637,0
-0.2546239576232338,0.22031891831979367,0
-0.2382474896136265,0.2216155405316998,0
-0.2203821554101993,0.22379836029723935,0
-0.2304313585727343,0.22418093330420644,0
-0.2320442590878574,0.22430085934497854,0
-0.2303073242514299,0.22458237352785582,0
-0.1915990749029966,0.22633190091112573,0
-0.1759669642672705,0.2269612230871153,0
-0.1683990533150432,0.22677775841963158,0
-0.1657937267834312,0.22769790571361176,0
-0.1820461604717352,0.22676099737540215,0
-0.1442064542645437,0.22606005055786949,0
-0.1635605032157323,0.22594832741701662,0
-0.1463154920648821,0.22498096649481178,0
-0.1373829006861976,0.2259479458110625,0
-0.1353978972071625,0.22580587458328644,0
-0.1427177395167822,0.22703200180142386,0
-0.1316759588917011,0.2273810876470105,0
-0.1530150113219248,0.2270549206041536,0
-0.1631884002518203,0.23481737263405278,0
-0.1791926138514583,0.2414472765839495,0
-0.1853958443772275,0.24149382714294282,0
-0.194948910254546,0.2441354715318253,0
-0.2118216669954269,0.2531874878535739,0
-0.1959413362710349,0.2587819101887939,0
-0.1947006901658811,0.25929532850976655,0
-0.1824184148817045,0.2588766365153531,0
-0.2092163404638149,0.25821745686115555,0
-0.208596017411238,0.25804351094148426,0
-0.2252207055095113,0.2584212392719525,0
-0.2381233038462649,0.2602777123638108,0
-0.2582218616173909,0.25892559164127565,0
-0.2418452421617263,0.2596515035406317,0
-0.2535073458393844,0.2586406859969208,0
-0.2350216885833803,0.25876903908463106,0
-0.2440784657294263,0.2576263299928444,0
-0.2339052282455881,0.25786906535690735,0
-0.2191415093050455,0.25722162865144965,0
-0.2478004040448878,0.25627036770080536,0
-0.2583458959386953,0.25552441156748984,0
-0.2969299595197682,0.25421456517824387,0
-0.2891139799249332,0.25422174531282726,0
-0.2959375335032792,0.25466106046259496,0
-0.304001733186779,0.2544653432936766,0
-0.2979225369823132,0.25362563154098905,0
-0.2902304402627254,0.25249043472587074,0
-0.3218669159441478,0.25415499412015313,0
-0.3491611302575319,0.2549548345227862,0
-0.3449430546568551,0.25667008434670224,0
-0.3031331900455373,0.25731109078482955,0
-0.3054904479345405,0.259056636117549,0
-0.3006518978352296,0.25870893315808885,0
-0.2628121916280381,0.25966091812365066,0
-0.2278260320411222,0.26099075511414044,0
-0.2398602386826923,0.2625486932594398,0
-0.2394881357187803,0.263542252600734,0
-0.25338331151808,0.26432409593932643,0
-0.2945727016307638,0.26380493407253486,0
-0.2804294571888564,0.2649522272911989,0
-0.2908507633153023,0.265182830098283,0
-0.2912230177252716,0.2659331517650852,0
-0.3263333630795478,0.2661583886983396,0
-0.3073514170922712,0.26722083176442735,0
-0.3172765859335018,0.27144935745930043,0
-0.343950477194309,0.27214733696406035,0
-0.3398562844688783,0.27167437719056836,0
-0.3147952937231942,0.2727491323392738,0
-0.3176488403434711,0.27106860183890985,0
-0.3125620701554942,0.2726571579058559,0
-0.2986668943561945,0.2716672600571335,0
-0.3027610870816252,0.2715635451413182,0
-0.3289386896111587,0.27098917651620563,0
-0.3335290196218059,0.2705197652064105,0
-0.3222391703541171,0.2679900451619169,0
-0.3213707786589325,0.2644721956858036,0
-0.3441985458369166,0.2630229424464786,0
-0.288121402462387,0.2604745360141723,0
-0.2831588180417717,0.2566761072527804,0
-0.2389918469875066,0.2554142754933833,0
-0.2414731391978143,0.2517157315088522,0
-0.1915990749029966,0.24682697170012308,0
-0.1721209916305047,0.24319003063992672,0
-0.1626921115205466,0.24032980591780542,0
-0.1624438914318818,0.23729607822311105,0
-0.1634364688944279,0.23554481303932728,0
-0.1785722907988814,0.22998185264520365,0
-0.1896140714239626,0.22528775555463473,0
-0.207603439948693,0.22192502369770373,0
-0.2064868281648424,0.21830490264591026,0
-0.1982985941600393,0.2152977797754359,0
-0.1878771365875351,0.21170316172338446,0
-0.2042537560431996,0.20648232506883443,0
-0.1939563327920009,0.2038264874852517,0
-0.1969339137335811,0.2013414985517865,0
-0.1285743436288165,0.19705903767054628,0
-0.1350256427971944,0.1930825215079937,0
-0.1703840567940783,0.18932869997991753,0
-0.168026798905074,0.1859614727862142,0
-0.1479283925800051,0.18243274331023998,0
-0.143958385621936,0.17731302918161762,0
-0.132296281944278,0.17324007029314212,0
-0.1541316231057742,0.17054596690733717,0
-0.1126940129044256,0.16622072780393238,0
-0.1206341782666211,0.16203123670076278,0
-0.158225815831205,0.1587222767145215,0
-0.1423454851068129,0.15482109126839771,0
-0.1451990317270898,0.15200500648825313,0
-0.110212720694118,0.147434756845723,0
-0.110212720694118,0.1444333141361425,0
-0.1460674234222744,0.14206994123026942,0
-0.1350256427971944,0.13918091275388902,0
-0.1115774011205751,0.1356802887633741,0
-0.1201378895353485,0.13339406611623694,0
-0.1057464250047752,0.12980524053003054,0
-0.1054983563621675,0.12743460834488338,0
-0.0806854342590911,0.12410059044927023,0
-0.0644328491247298,0.1224768455044944,0
-0.0867644790174986,0.1211768207943629,0
-0.0502896046828225,0.1187933682443865,0
-0.039744112789015,0.11687468429735894,0
-0.0411087932154721,0.11593912394876936,0
-0.0373868549000106,0.11432881703730814,0
-0.0114573210130847,0.11307455166558475,0
0.0169535050841487,0.11189864560903082,0
0.0030581778387918,0.11137074664568385,0
-0.0004155403880047,0.11053549793799482,0
0.0215438350947958,0.11015511898430667,0
0.0268786739253792,0.1106032476992615,0
0.0277470656205649,0.10990448000487543,0
0.0361835197140329,0.10945760608711112,0
0.0452401454140217,0.10911987865319006,0
0.0302283578308726,0.10976322014724454,0
0.0296080347782957,0.10974660989976369,0
0.0225364125573409,0.1098378382338299,0
0.0307246465621451,0.11029209059154482,0
0.0286156087618067,0.11037744138594958,0
0.0143481785525377,0.11054780193648903,0
-0.0519023537518884,0.11138753867370245,0
-0.0478083124725148,0.11105072471556751,0
-0.0409847588941688,0.11050947446154817,0
-0.0339129852271579,0.10958309946492951,0
-0.0478083124725148,0.10953656824796183,0
-0.0520263880731916,0.10939603747715147,0
-0.0655494609085804,0.10848173856374492,0
-0.0629441343769684,0.1080583416458383,0
-0.0875089878374371,0.10712741639915238,0
-0.0778318876388142,0.10498980486488474,0
-0.0798168911178493,0.10352233218167883,0
-0.0889977025851986,0.10201253866069272,0
-0.0902383486903524,0.10074739253575413,0
-0.1076073941625059,0.0985591548814039,0
-0.119021277751498,0.09604077046297543,0
-0.1088480402676597,0.09344008006094452,0
-0.0940843213271183,0.09064960901045652,0
-0.0831667264693988,0.08929440544479585,0
-0.0883773795326217,0.0877240974245029,0
-0.0707602654178605,0.085954126271005,0
-0.0705120453291957,0.08432886278180605,0
-0.1126940129044256,0.08323510793113253,0
-0.1141828790982443,0.08141051797831049,0
-0.0935880325958446,0.07640645744508268,0
-0.0530189655357378,0.06772299475827624,0
0.008641085311984,0.0643397891777819,0
0.0018175317336379,0.06435242609015666,0
0.027126742567988,0.06393924864282187,0
0.01769786245803,0.06386979427629273,0
0.0807227451782672,0.0637815223942947,0
0.0923846974098669,0.06462882322490378,0
0.0412701384559526,0.06521031350666755,0
0.0521878847597293,0.06556857979615417,0
0.1104982517019589,0.06587066377381476,0
0.0959826014040251,0.06710783150471111,0
0.0591354726593786,0.06795923871299114,0
0.083948394762455,0.06897831458762504,0
0.076132263721564,0.07006424344742396,0
0.0937495292823823,0.0711729335815212,0
0.0797301677157211,0.071961386909041,0
0.098215824971724,0.0727249158403979,0
0.1457324799314813,0.07346756822623686,0
0.1441197308624154,0.0747005630516071,0
0.132953915916031,0.07603620600358649,0
0.1046671241401019,0.07690407463542542,0
0.124145358858651,0.07765039065988376,0
0.1317132698108772,0.0782440150305327,0
0.1694289416967655,0.07934288517932539,0
0.1209195578284048,0.08077657806769686,0
0.1109943889871743,0.08198039388548764,0
0.1273710084428388,0.08298089387146088,0
0.1122350350923281,0.0845494348177949,0
0.1276190770854476,0.08546860023472544,0
0.0927569518198362,0.08657524032715186,0
0.1046671241401019,0.08738439065000109,0
0.1107463203445666,0.08870508924910663,0
0.1004488970933668,0.08958926835540869,0
0.1056597016026469,0.0905598751758856,0
0.1059077702452557,0.09120504426721339,0
0.0975955019191471,0.0921049318525197,0
0.1359314968576123,0.09274900426764918,0
0.1536726452936778,0.09405830411812113,0
0.177741210022873,0.09623670213154026,0
0.139777469494377,0.09899179788688228,0
0.1508192501194581,0.10192619086911159,0
0.1631015254036348,0.10617281343969265,0
0.1560299031826811,0.11274537668200492,0
0.1364276341428276,0.11713797563048188,0
0.1361795655002199,0.1216354829297484,0
0.1405218268682583,0.12552955733203053,0
0.1037987324449162,0.1291212833271393,0
0.0942456665675977,0.131596333428246,0
0.0642220914012983,0.1338702645315898,0
0.09176437435729,0.13531579905388427,0
0.0869259757040363,0.1369658906926109,0
0.083948394762455,0.13737256842801485,0
0.0720382224421905,0.13757508129197435,0
0.0475974033030261,0.13857016015529336,0
0.0488380494081799,0.13778331582438472,0
0.066083060559029,0.13638859898803915,0
0.0734029028686475,0.13512868339682182,0
0.0908959826621055,0.1344675286952036,0
0.0591354726593786,0.13395647924246504,0
0.066083060559029,0.1335475646020833,0
0.0753879063476827,0.13272800097928172,0
0.0471011145717524,0.13221795037492262,0
0.0730306484586794,0.13146887732618864,0
0.071293713622252,0.13111877122670518,0
0.0627333766535368,0.1311853790798587,0
0.0494583724607568,0.13084725951801587,0
0.0627333766535368,0.13042424755886267,0
0.0658349919164213,0.13023342424291157,0
0.0665793492903015,0.1304450344912491,0
0.038168523193068,0.1305089156520797,0
0.0354391623401527,0.1303832678826601,0
0.0098817314171378,0.1305590130927826,0
0.0178218967793344,0.13049670378194292,0
0.0235288385738298,0.13009158759343897,0
0.0114946319322609,0.12951733757128586,0
0.0093855941319225,0.12835561239678306,0
0.0055394700490994,0.12715356847003265,0
0.020303188989642,0.12603664364009592,0
0.0210475463635222,0.1250369697718639,0
0.0184422198319113,0.12371746822460565,0
0.0049191469965225,0.12173767703514196,0
0.0266304538367144,0.12000333749593096,0
0.0251417390889529,0.11780377139050603,0
0.0329578701298451,0.11548536104360199,0
0.063849836991329,0.11378330196500372,0
0.0675717753067905,0.11158258828114632,0
0.0686883870906411,0.11001550702303256,0
0.0591354726593786,0.10885421065123786,0
0.0899034051995593,0.10709940199618305,0
0.0902756596095285,0.10642418852041417,0
0.0788617760205365,0.10620794874993847,0
0.0738991915999212,0.106095013690305,0
0.0689366071793059,0.10615213038587608,0
0.0711696793009487,0.106117300423674,0
0.0796061333944167,0.10507980424949333,0
0.0504509499233018,0.10413533868384393,0
0.0690606415006092,0.1032003380746131,0
0.0815911368734518,0.1021785380817006,0
0.0446198223614448,0.10106383775986925,0
0.0405257810820713,0.09899211268511252,0
0.0338262618250296,0.09774522590944053,0
0.0432551419349877,0.09566469903848056,0
0.0356872309827604,0.09334397949764964,0
0.0240251273051035,0.09104545233508153,0
0.0132315667686872,0.08879259873274349,0
0.0119909206635334,0.08678619190036459,0
0.0101299515058026,0.08471141288899957,0
0.0072764048855269,0.08339651690824786,0
-0.002772798277008,0.08172790454488507,0
-0.0107129636392034,0.08004323012112917,0
-0.0256007169010493,0.07871152452737339,0
-0.0231194246907417,0.07750170661329364,0
-0.0141866818660001,0.07566814298311672,0
-0.0103407092292353,0.07406828764491476,0
0.0170775394054531,0.07201006554626672,0
0.0167052849954838,0.07132793511081777,0
0.0078967279381038,0.07025762365909621,0
0.0163331820315717,0.06848549456737939,0
0.0394091692982218,0.0672493919341304,0
0.0490862694968448,0.06594633961080065,0
0.0415182070985602,0.06495342983872246,0
0.0435033620236526,0.06383473289001201,0
0.0266304538367144,0.0628748099860958,0
0.0165812506741805,0.06119495645218472,0
0.0158368933002992,0.05992612708587912,0
0.0169535050841487,0.058066945650639364,0
0.0230327012886145,0.05651401932275677,0
0.0081449480267686,0.054983256688125384,0
0.0054154357277961,0.05379853111220127,0
0.0065320475116456,0.05250091639617064,0
0.0235288385738298,0.051296800849737575,0
0.0332059387724527,0.05008545678182611,0
0.0338262618250296,0.04933469600971514,0
0.0506990185659106,0.0484208872978249,0
0.0179459311006376,0.0480426124220904,0
0.0256380278202254,0.04787772443680484,0
0.0147202815164498,0.0473789553351497,0
-0.00537812480862,0.04645379654448449,0
-0.0411087932154721,0.04524683537311422,0
-0.0550039690147729,0.04388870878070747,0
-0.0702639766865869,0.042239255645921646,0
-0.0927196409006601,0.04066444952779686,0
-0.0994191601577017,0.03840659219170043,0
-0.106987071109929,0.03630262937639705,0
-0.1093443289989323,0.034485238467513994,0
-0.0924715722580524,0.03107376296487568,0
-0.0685270418501605,0.02699961827304693,0
-0.0542596116408916,0.023553462322803215,0
-0.0396199270216534,0.020299361756764445,0
-0.0439621883896918,0.018082907977086223,0
0.0281193200305331,0.014610303961931583,0
0.020303188989642,0.012381245314089897,0
0.022288192468676,0.010333421783955965,0
0.0627333766535368,0.00822131362678025,0
0.0789858103418398,0.006617103937855554,0
0.0964788901352976,0.004845862169288251,0
0.0887869448617671,0.00357668917896485,0
0.087174044346644,0.001997986248082387,0
0.0984638936143328,0.0005943515379173665,0
0.1023098662510975,-0.0006978768163893221,0
0.104046801087525,-0.0021909338368175705,0
0.1134756811974819,-0.0037714920231366445,0
0.0998285740407899,-0.005152851199420867,0
0.0918885601246516,-0.0067467134320244385,0
0.1003248627720635,-0.0081454721584564,0
0.107644705081682,-0.010117955717882415,0
0.0953622783514482,-0.01224100798219155,0
0.0770008068628057,-0.014498623394525996,0
0.0580188608755292,-0.017305854096115018,0
0.0737750058325596,-0.019862777465359343,0
0.034570619198911,-0.02310313815104718,0
0.0505749842446062,-0.026203706033822487,0
0.0707975763370366,-0.0291767255389862,0
0.0686883870906411,-0.03191660502004749,0
0.098215824971724,-0.03510884951271045,0
0.0953622783514482,-0.03814475406129067,0
0.0905237282521362,-0.04111432654570503,0
0.117321805280305,-0.044431100448443575,0
0.1075206707603776,-0.04742371508762561,0
0.1209195578284048,-0.05036018911611756,0
0.1328298815947277,-0.05342183033946363,0
0.1674437867716731,-0.05580121249206829,0
0.1766245982390235,-0.058159034455573355,0
0.1654587832926392,-0.06026659261049814,0
0.2062760704414109,-0.06246691625326184,0
0.1480897378204856,-0.0647046939010986,0
0.1411421499208352,-0.0668212354103496,0
0.1560299031826811,-0.06890117743337076,0
0.1552855458087998,-0.07090148251063652,0
0.1160811591751511,-0.072874861929722,0
0.0908959826621055,-0.07482432109159315,0
0.0906479140194978,-0.07688015230230526,0
0.09623082149269,-0.0786070494303447,0
0.1556576487727118,-0.0804031624163839,0
0.1443677995050242,-0.08216359178161163,0
0.1508192501194581,-0.08415142473087973,0
0.1658310377026073,-0.08618063142338847,0
0.1609924876032964,-0.08812413492472825,0
0.166699429397793,-0.09025851901905156,0
0.189031210736619,-0.0919224154094046,0
0.1903957397170189,-0.0940445715025646,0
0.2197989918307413,-0.09611593772001792,0
0.2098738229895108,-0.0979871452255675,0
0.1956063927802418,-0.09951547615680711,0
0.1980876849905495,-0.10054158728054183,0
0.1606202331933271,-0.10192104543775919,0
0.1706695878019193,-0.10303998156721392,0
0.1707936221232226,-0.10395617150056183,0
0.1511913530833702,-0.10507119635134812,0
0.1509432844407614,-0.1056945004758822,0
0.1451121568789043,-0.106772114523707,0
0.1359314968576123,-0.10736226289750908,0
0.1761283095077499,-0.1081833165016121,0
0.1504469957094889,-0.10897237057986224,0
0.1214158465596785,-0.10911768289796167,0
0.1412661842421396,-0.10965049787801254,0
0.1510673187620658,-0.10987754835020624,0
0.1427550504359583,-0.11049995944436546,0
0.147593449089212,-0.11071834427254355,0
0.1354352081263387,-0.1107249627400633,0
0.1391571464418001,-0.11099729302024373,0
0.1390331121204968,-0.11059733818713083,0
0.1494544182469427,-0.11072796486583177,0
0.1572705492878349,-0.11041173859577783,0
0.1782373473080883,-0.11017487871675744,0
0.1839444405486421,-0.10981739372639168,0
0.1629774910823315,-0.10948995923628008,0
0.1500747412995196,-0.10921172358066683,0
0.1609924876032964,-0.10854587780411633,0
0.1618608792984809,-0.10826621245728249,0
0.1581389409830195,-0.10754562244930983,0
0.1470973118039967,-0.10673998445726711,0
0.140769895510866,-0.10617357054367692,0
0.1093816399181084,-0.10515339975611018,0
0.1061559903339206,-0.10422374967454287,0
0.1207955235071016,-0.10310740584323673,0
0.1324576271847585,-0.10163533612880957,0
0.1523079648672196,-0.1002595824079969,0
0.1458566656988429,-0.09887887201847295,0
0.1426308646685967,-0.09717191726995139,0
0.1660791063452161,-0.09520612824613447,0
0.1535486109723735,-0.09339181569869878,0
0.1603721645507195,-0.0913132849134495,0
0.1591315184455657,-0.08945043879348508,0
0.1748876634025961,-0.08735713827937622,0
0.2260022223565104,-0.08492505988600967,0
0.2642141829736713,-0.08317172157645128,0
0.2838164520135247,-0.08133279224635204,0
0.3046593671585321,-0.07983214642427801,0
0.3142122815897934,-0.07804282980911767,0
0.3397697125128083,-0.07627124932716012,0
0.344608111166062,-0.07440468399969358,0
0.3171897110853163,-0.07274154116501294,0
0.3357994026626237,-0.07093847480418022,0
0.3204155121155625,-0.06925710709928866,0
0.3133438898946088,-0.06756030440569331,0
0.3175619654952856,-0.06548362617876667,0
0.312103243789455,-0.06328154510332297,0
0.3140880958224318,-0.06068225395549092,0
0.3444839253987004,-0.05810000288032205,0
0.314336467357155,-0.05588938458498042,0
0.3350551967348007,-0.05320704653506883,0
0.3360477741973469,-0.05023945050916889,0
0.3546574657746542,-0.04717685305735284,0
0.3879065390790842,-0.044060795105026175,0
0.4116030008443684,-0.04123813110661385,0
0.441998830420637,-0.0387658831226605,0
0.4834362891759284,-0.03635929585373698,0
0.4764888527223364,-0.0340036686128553,0
0.5222685728456662,-0.03163001235376927,0
0.5297124494765891,-0.029745507720800257,0
0.5443521340958273,-0.027711854578110297,0
0.5271072743910354,-0.02609389856701057,0
0.5583714956624886,-0.024194851987846558,0
0.5601082790528578,-0.022714980621441845,0
0.5720186028191806,-0.02092171822758153,0
0.6030347554480262,-0.019478542653846596,0
0.579338293682742,-0.018237579836607645,0
0.5924892635542187,-0.01666688564856972,0
0.6124634841119259,-0.015144435032165202,0
0.530332772529166,-0.013280498721384612,0
0.5247498650559739,-0.01034947313794008,0
0.5207798580979047,-0.007275031625642224,0
0.5273553430336431,-0.004292597212830072,0
0.5335585735594122,-0.0012433408893573067,0
0.5467092405387733,0.0020927349544808756,0
0.479714350860467,0.005699558775742688,0
0.4902598427542745,0.01019590582168103,0
0.4893914510590899,0.015009900945072761,0
0.4891433824164822,0.02010869433385125,0
0.5171821055498048,0.025448067603682203,0
0.509241788741551,0.030181741402810346,0
0.5072569367085743,0.03498036879578183,0
0.53020888965392,0.040358781697115806,0
0.5738795719769114,0.04531567891883551,0
0.5351714740745352,0.04989214692617381,0
0.556634409380004,0.054818881817655186,0
0.6004292774703569,0.0595626494413438,0
0.5896357169339418,0.06335672876613649,0
0.6295844609414718,0.06713416073933161,0
0.6565064208448865,0.0706633229947708,0
0.641370598940433,0.07444597285763638,0
0.6010496005229339,0.0783962416048411,0
0.5338066422020198,0.08311416335036846,0
0.5307050269391352,0.08916373326807125,0
0.5588676329477039,0.09561644146987701,0
0.5403821271377582,0.102219227310418,0
0.5436076252758888,0.10923890181473435,0
0.5187947031728124,0.11691653618466219,0
0.5481982581786503,0.1244929493341651,0
0.5220205042030586,0.13202190135780997,0
0.5575031039673041,0.1402859242688517,0
0.5776015102923728,0.14815112582962825,0
0.4968353276900128,0.15646579916404288,0
0.4999369429528973,0.16633250676320172,0
0.4996888743102897,0.17543268372032897,0
0.5350472883071736,0.18458490475319067,0
0.4906320971642437,0.1934831070204432,0
0.5293401950666199,0.20311812161155895,0
0.5057679190686972,0.21041946367082207,0
0.528099548961466,0.2190307471363627,0
0.5571308495573348,0.22717261840628805,0
0.5107305034893126,0.23290242613403814,0
0.5276034116762507,0.23944698731776484,0
0.5109788750240357,0.24502908994973813,0
0.4893914510590899,0.25086240796683695,0
0.5207798580979047,0.2567400275678479,0
0.5247498650559739,0.26314550261426567,0
0.5246259821807278,0.27040204405807694,0
0.518918888940174,0.2777730529830088,0
0.5645747261882577,0.28630012599845567,0
0.6001812088277493,0.29460471449390996,0
0.5588676329477039,0.3002496801198965,0
0.564946980598227,0.3065982451450615,0
0.5799586167353189,0.31366050569017295,0
0.6330583306143256,0.32075011637526574,0
0.6318176845091718,0.32640291212143463,0
0.6428593136881946,0.33203740849357677,0
0.6918648348417705,0.3383230297217731,0
0.6824361061778708,0.3423777925418221,0
0.6787141678624093,0.34722041005984344,0
0.6088657315638261,0.35281694296629534,0
0.6045234701957877,0.36040185539319053,0
0.620155732277572,0.36951146863540507,0
0.6309492928139872,0.3767314142068972,0
0.5547734402222733,0.38362917804804736,0
0.5896357169339418,0.3915881486356406,0
0.5862860330284496,0.39857350050893137,0
0.6206518695627874,0.4055510504469545,0
0.6473257608235945,0.4102622786195233,0
0.657871252717402,0.4157305415947381,0
0.6463331833610484,0.42064631539962644,0
0.6165576768373566,0.4257218074152161,0
0.6009257176476878,0.4323184768692028,0
0.602662501038057,0.43835187242742385,0
0.64199092199301,0.4443495788531537,0
0.6542735001693021,0.4496242563693035,0
0.6918648348417705,0.45558438529340045,0
0.697199673672355,0.4611760832630116,0
0.6633299744232326,0.46556666098990707,0
0.6803270683775323,0.4718513412239266,0
0.7367764661620313,0.47777194562527603,0
0.7407464731201003,0.4833301720615097,0
0.7525326111190617,0.48957549926729593,0
0.7489345556788463,0.4940982785679676,0
0.7123354955768085,0.4988394637499408,0
0.7489345556788463,0.5058805626722658,0
0.7604726250352,0.5132111917993738,0
0.7583635872348615,0.5201857489123075,0
0.7397538956575542,0.5271722282462157,0
0.7703977938764305,0.5357550493393315,0
0.7308213042788698,0.5438077502673112,0
0.7259826027335006,0.552354670663773,0
0.730324864101539,0.5601654393565216,0
0.7526564939943078,0.5687807697916115,0
0.7304490498689006,0.5774085857916766,0
0.7407464731201003,0.5874334413893703,0
0.7537732572242155,0.5977585014134685,0
0.7535251885816079,0.6084131945943713,0
0.802034269557853,0.6199632343979571,0
0.8393778384798292,0.630260458905117,0
0.8382610752499214,0.6397660132667191,0
0.8182868546922143,0.6494977255939774,0
0.8262268686083525,0.6617436717233891,0
0.8476901068059367,0.6738357411014065,0
0.8872665964034974,0.685170359250346,0
0.8954549818543588,0.6965650293830545,0
0.9260988800732352,0.7053814670686193,0
0.9360240489144656,0.7162206291793924,0
0.9492989016611884,0.7255565382823002,0
0.91753854310452,0.7354103246662567,0
0.9073653056206816,0.7458947501320129,0
0.946073403523058,0.7576708011107729,0
0.9210124127773738,0.7667248121971234,0
0.933418873828912,0.7765310419860706,0
0.9193995122622508,0.7854354719122149,0
0.9181588661570969,0.792855001164677,0
0.8811875516450899,0.8019311322822004,0
0.8700217366987055,0.8128510621059989,0
0.8881352909907975,0.8243503118349859,0
0.934039196881489,0.8357416327239028,0
0.9218808044725584,0.8453179509792466,0
0.938753409767381,0.8547385060228339,0
0.9543856718491652,0.8649160754646188,0
0.9754766556367804,0.874989651608795,0
1.003639261645349,0.8863872856301168,0
1.0153015167690642,0.8969972969593062,0
1.0414789678525405,0.908869673547952,0
1.0045076533405335,0.9213297686484525,0
1.0299408984961869,0.934906379650701,0
1.03738477512711,0.9473422896942654,0
1.0398660673374174,0.9593358009093839,0
1.0715025430188398,0.9710354522771176,0
1.096439650889278,0.9818184688176924,0
1.0341592769889791,0.9918820434317336,0
1.0345315313989485,1.0054540973785915,0
1.0314299161360638,1.020518295067151,0
1.0366405691992868,1.0370602313040975,0
0.9464456579330272,1.053962414065585,0
0.9846573156580724,1.0743448271982676,0
0.971134394268742,1.0919427268229722,0
0.8764730358670823,1.1056738175038343,0
0.8625778600677826,1.1205179928211493,0
0.8387575154272523,1.136336351739892,0
0.8231252533454679,1.15697699217192,0
0.8200236380825834,1.1818659561102287,0
0.8757288299392593,1.2107868888730051,0
0.8961994906742974,1.2374529222358146,0
0.9223769417577736,1.2649764126749916,0
0.9520285654062192,1.2973572349444782,0
0.9989247458673414,1.3275209668296528,0
0.8834207752127898,1.3609070045898257,0
0.8877630365808282,1.3984539771497466,0
0.912079518506574,1.4307580152642292,0
0.9332946880615504,1.4660967810918886,0
0.9058762879808048,1.4975348565547637,0
0.9180346803897352,1.5320966926599868,0
0.9293246811034812,1.5664612465394239,0
0.8955791676217204,1.5995854209033467,0
0.9104669208835664,1.6302833761474054,0
0.9430956711354194,1.6591747866289654,0
0.9836650410876416,1.6938985756473608,0
1.028576369515787,1.7297223197218023,0
0.971134394268742,1.7648070247699184,0
0.9320540419563966,1.7972690091831338,0
0.9263469487158428,1.8338969154822509,0
0.917662425979766,1.864751579077472,0
0.9078614429058972,1.8961446109039963,0
0.8529007598691597,1.9262538750453762,0
0.8981843427072741,1.9600653346594716,0
0.8778378677395977,1.9907777324904585,0
0.887390782170859,2.022990193325997,0
0.910714989526174,2.060953285918909,0
0.8839169124980052,2.0969703170337803,0
0.870145922466067,2.1345766615614137,0
0.8988046657598511,2.1772110747600615,0
0.9356517945044964,2.2170244069073606,0
0.9184069347997046,2.252887728600517,0
0.9102185493488432,2.2933880456899955,0
0.9329224336515812,2.331249092095368,0
0.942599533850204,2.3730034643279767,0
0.966544064258096,2.4127082756047007,0
0.9971879624769722,2.454922446801196,0
0.9537653487965884,2.4940061779598697,0
0.9587279332172036,2.5329421420013354,0
1.0021505468975875,2.5730952618754714,0
1.0442083287054558,2.610869708632043,0
1.0416031536199022,2.6473183513830203,0
1.054878006366625,2.6850873855127255,0
1.0705102684484094,2.729559868562248,0
1.064927360975217,2.769401796657973,0
1.0825444750899782,2.8078869280441703,0
1.033166699526433,2.848802859210414,0
1.069517690985863,2.8888195017717706,0
1.07237123760614,2.9304576308661456,0
1.139241941517085,2.966501841389246,0
1.1262151574129695,2.9994100591548105,0
1.152764862906415,3.033041796344665,0
1.1768335790816686,3.060325055744525,0
1.1995374633844067,3.089130482267675,0
1.180183262987161,3.1190814459344884,0
1.1942026245538222,3.1505775329205172,0
1.2525129914960518,3.183144899046017,0
1.250279767928352,3.210274240171455,0
1.2459375065603135,3.240031529255369,0
1.2669043045805668,3.2678634856195155,0
1.2144252166462526,3.294759307107638,0
1.273976229693636,3.323575821753041,0
1.258840104897067,3.3501764492698216,0
1.284397535820082,3.37974560770647,0
1.281420106324559,3.406428092858366,0
1.2941985188939509,3.436151332027366,0
1.2403545990871212,3.4636452674082334,0
1.2556146067589364,3.496059961318993,0
1.2139287764689215,3.5280925770592235,0
1.1563629183466306,3.568989341231309,0
1.2226132992049985,3.6085917678782145,0
1.246682015380252,3.6442733159375065,0
1.2537536376012055,3.674904688913353,0
1.2553665381163288,3.701948854318689,0
1.2406026677297288,3.731357981501975,0
1.2236058766675446,3.758534150317115,0
1.2507759052135672,3.7882410770845945,0
1.2832810754822896,3.818549997281488,0
1.3393582188568194,3.8485232913065928,0
1.3520127485509652,3.8742927417596746,0
1.3588363021293113,3.9018355454235425,0
1.4023831015770565,3.9314450714645126,0
1.4033753761474872,3.9636157946951256,0
1.408462146335464,3.9861990609222855,0
1.3814160006646876,4.00948535599131,0
1.3750888872636724,4.031835155166876,0
1.3882395542430337,4.056633577955821,0
1.38476568457018,4.079490743113327,0
1.433523137081148,4.101932411195556,0
1.466152190225117,4.119402143026783,0
1.5111877044206237,4.1373691190089685,0
1.5063490028752544,4.1549269028974125,0
1.5324025710834848,4.173786414266458,0
1.4791789743292318,4.192267360156063,0
1.3737240553911572,4.214717045125355,0
1.2984168973867432,4.243050227749502,0
1.3196317640496045,4.277417893452558,0
1.428932807070502,4.318029797420425,0
1.5513845170707612,4.353824593244357,0
1.6345078061160674,4.3917974495125724,0
1.612920685043237,4.419088067726141,0
1.630165544748029,4.456126456696868,0
1.7640314412293956,4.492138842184013,0
1.7418236942118728,4.5193792455874755,0
1.8627866894643703,4.549702192941787,0
1.856087321653386,4.572290993680499,0
1.7016268815617352,4.595832034933058,0
1.77073080904038,4.630957073678165,0
1.7091946410679042,4.663180085945746,0
1.771351132092957,4.697935582432454,0
1.7543543410307727,4.726349015859488,0
1.7372333642012268,4.756962629909311,0
1.619371984211614,4.798543041237827,0
1.6465420127576362,4.844798251929636,0
1.745049495242119,4.888401730669997,0
1.8692379886327477,4.927125671275084,0
1.8320186054781329,4.9613787130494345,0
1.726812058074781,5.001790499540574,0
1.7749488846410568,5.050764793283077,0
1.631778445263152,5.100344000571221,0
1.6569636217761976,5.15706101668274,0
1.5838893844473685,5.214439088109193,0
1.632646836958337,5.285929807950452,0
1.5846338932673067,5.355561774013846,0
1.6428200744421748,5.434306569520807,0
1.7065894659823506,5.500968019425711,0
1.7425682030318117,5.567605442952909,0
1.7214772192441965,5.64550326038328,0
1.809935347120087,5.724952227235763,0
1.7299136733376654,5.804630821455299,0
1.7230901197593196,5.9004999957245055,0
1.7522453032304344,5.988371327442146,0
1.717258840751404,6.0907630678464555,0
1.818619869856164,6.169672645435188,0
1.7933105075757565,6.237369973101807,0
1.822217622404264,6.3181696707462445,0
1.7939308306283337,6.392972162274578,0
1.7591927396840263,6.459692764636314,0
1.7708549948077417,6.521088034176497,1
1.7569595161163265,6.590396054830517,1
1.7574559562936571,6.656081975583053,1
1.831398282425556,6.7197027040179105,1
1.893802842093216,6.782271352487325,1
1.85062829705544,6.834000754497898,1
1.838470207538625,6.894139400215766,1
1.842440214496694,6.953259278598112,1
1.815518254593279,7.01415653402504,1
1.8274282754674869,7.092105577150289,1
1.752617254748288,7.1647937890651505,1
1.7646517642819726,7.260118830831365,1
1.7725917781981109,7.3512067966630745,1
1.698401080531489,7.429752331691615,1
1.72408239432975,7.517773809582439,1
1.77656178515618,7.596321302070795,1
1.7905811467228412,7.676475148970578,1
1.7702346717551647,7.748342128934853,1
1.771351132092957,7.830398336543681,1
1.7709788776829878,7.912753494059658,1
1.7397146564115344,7.995141843508386,1
1.7454217496520883,8.08874059745754,1
1.752617254748288,8.186684010852789,1
1.8005063155640717,8.287541383302704,1
1.7949234080908796,8.38088520401131,1
1.7680014481874646,8.472663675409667,1
1.7961640541960333,8.573488877174828,1
1.7807801636489722,8.665565587030471,1
1.7967843772486105,8.761602826139661,1
1.857451850633786,8.861181191325839,1
1.9037280109344463,8.95373388246823,1
1.8477750533272783,9.049874586290777,1
1.819116007141379,9.159510926506533,1
1.7732121012506876,9.263120074841801,1
1.7423201343892036,9.381239668215507,1
1.760061131379211,9.50211028660681,1
1.725819480612235,9.624593616796433,1
1.7225936795819887,9.746119259596291,1
1.7902088923128718,9.87960664270538,1
1.823334082742056,10.01570180300533,1
1.8326389285307092,10.15050044843759,1
1.8302818220877637,10.29439653040063,1
1.8554669986008088,10.410544193816786,1
1.9036041280592004,10.530767407145051,1
1.7969085630159718,10.642455383351827,1
1.7916976070606334,10.754043382610693,1
1.803855999469564,10.887829381298737,1
1.7747008159984492,11.03217119656924,1
1.7756933934609953,11.169532045528292,1
1.7703585546304108,11.312929992143511,1
1.7476546703276727,11.457914691165007,1
1.7848740534822871,11.63310468451919,1
1.7768098537987875,11.791593266687961,1
1.823334082742056,11.954841092318148,1
1.8225898768142328,12.115933547292475,1
1.8409514997489325,12.27922047809817,1
1.8608018374313935,12.464164877821323,1
1.8945473509131543,12.6535068118998,1
1.9465303015622533,12.856044896427422,1
2.0404471511439746,13.069454762959694,1
2.094787511128135,13.283930942003492,1
2.0607939290037667,13.499568617059689,1
2.1196004332312115,13.750077540091068,1
2.150492702984811,14.000048635306452,1
2.156944002153188,14.156461695215429,1
2.157316256563157,14.296890465753256,1
2.149003685344934,14.481703950733817,1
2.164511761659357,14.671880294358782,1
2.2052050144868254,14.831666033412791,1
2.2135172828129326,15.014877743202604,1
2.20470887720161,15.22266781820347,1
2.1574401394384037,15.421621142065034,1
2.1919301617401024,15.646280888253573,1
2.277782811638324,15.83389420817526,1
2.3272847729692305,16.02206377722846,1
2.2671134368692702,16.19255538046729,1
2.273068295860316,16.384777470653177,1
2.320709288033492,16.58192548649212,1
2.377282568693237,16.77531746549227,1
2.401971607921068,17.004288552168195,1
2.4350967983502514,17.216952435504457,1
2.4006067760485523,17.43719422342219,1
2.451597452127221,17.649943192796382,1
2.535589132867711,17.87413777652608,1
2.57045140957938,18.097007229825433,1
2.6532024442147164,18.26289330636519,1
2.532859772014796,18.437831541505275,1
2.56958271499208,18.635762266133717,1
2.734216695459684,18.828127262213318,1
2.7715602643816606,18.99000330895748,1
2.8189525821279977,19.175336358062573,1
2.947111688260926,19.345740901196677,1
2.8350809814949973,19.485915043372604,1
3.016835635900032,19.636462266767097,1
2.7082870101267,19.750093172755886,1
2.6545669731951165,19.892177064476744,1
2.755183493479937,20.038516101603115,1
2.7463747849764992,20.1046612636164,1
2.601839513726079,20.189678092727505,1
2.5575485083505107,20.24624189125587,1
2.5792598151907025,20.305493943612817,1
2.601095307798256,20.371224460012307,1
2.577398846032972,20.420022385565474,1
2.599854661693102,20.492800519188062,1
2.534596555405165,20.55714980766901,1
2.575041739590026,20.668924481012855,1
