2025-06-24 15:54:00,764 - tadGANs - INFO - Using device: cuda
2025-06-24 15:54:00,764 - tadGANs - INFO - Found 1 Excel files: ['gold_1day.xlsx']
2025-06-24 15:54:00,851 - tadGANs - WARNING - No recognizable signal column found in gold_1day.xlsx. Using first column.
2025-06-24 15:54:00,856 - tadGANs - INFO - Converted gold_1day.xlsx to csv_data/gold_1day.csv
2025-06-24 15:54:00,856 - tadGANs - INFO - Processing csv_data/gold_1day.csv
2025-06-24 15:54:00,873 - tadGANs - INFO - Training new models
2025-06-24 15:54:01,748 - tadGANs - INFO - Starting training
2025-06-24 15:54:03,335 - tadGANs - INFO - Epoch 1/1000 - Time: 1.33s - Loss: critic_x=0.5172, critic_z=6.0563, encoder=0.8084, decoder=0.7713
2025-06-24 15:54:04,206 - tadGANs - INFO - Epoch 2/1000 - Time: 0.87s - Loss: critic_x=0.3625, critic_z=6.0035, encoder=0.8358, decoder=0.8013
2025-06-24 15:54:05,132 - tadGANs - INFO - Epoch 3/1000 - Time: 0.93s - Loss: critic_x=0.2225, critic_z=5.8983, encoder=0.8036, decoder=0.7714
2025-06-24 15:54:05,977 - tadGANs - INFO - Epoch 4/1000 - Time: 0.84s - Loss: critic_x=0.1210, critic_z=5.8326, encoder=0.8210, decoder=0.7912
2025-06-24 15:54:06,851 - tadGANs - INFO - Epoch 5/1000 - Time: 0.87s - Loss: critic_x=0.0477, critic_z=5.7537, encoder=0.8157, decoder=0.7886
2025-06-24 15:54:07,803 - tadGANs - INFO - Epoch 6/1000 - Time: 0.95s - Loss: critic_x=-0.0043, critic_z=5.6733, encoder=0.7946, decoder=0.7698
2025-06-24 15:54:08,747 - tadGANs - INFO - Epoch 7/1000 - Time: 0.94s - Loss: critic_x=-0.0289, critic_z=5.5938, encoder=0.8199, decoder=0.7989
2025-06-24 15:54:09,666 - tadGANs - INFO - Epoch 8/1000 - Time: 0.92s - Loss: critic_x=-0.0517, critic_z=5.5233, encoder=0.8076, decoder=0.7899
2025-06-24 15:54:10,502 - tadGANs - INFO - Epoch 9/1000 - Time: 0.84s - Loss: critic_x=-0.0687, critic_z=5.4165, encoder=0.7993, decoder=0.7840
2025-06-24 15:54:11,358 - tadGANs - INFO - Epoch 10/1000 - Time: 0.86s - Loss: critic_x=-0.0821, critic_z=5.3513, encoder=0.8008, decoder=0.7897
2025-06-24 15:54:11,376 - tadGANs - INFO - Models saved at epoch 10
2025-06-24 15:54:12,188 - tadGANs - INFO - Epoch 11/1000 - Time: 0.81s - Loss: critic_x=-0.0964, critic_z=5.2591, encoder=0.7939, decoder=0.7864
2025-06-24 15:54:13,050 - tadGANs - INFO - Epoch 12/1000 - Time: 0.86s - Loss: critic_x=-0.1093, critic_z=5.1668, encoder=0.7879, decoder=0.7841
2025-06-24 15:54:13,927 - tadGANs - INFO - Epoch 13/1000 - Time: 0.88s - Loss: critic_x=-0.1247, critic_z=5.1064, encoder=0.7729, decoder=0.7723
2025-06-24 15:54:14,848 - tadGANs - INFO - Epoch 14/1000 - Time: 0.92s - Loss: critic_x=-0.1363, critic_z=5.0160, encoder=0.7742, decoder=0.7784
2025-06-24 15:54:15,775 - tadGANs - INFO - Epoch 15/1000 - Time: 0.93s - Loss: critic_x=-0.1492, critic_z=4.9217, encoder=0.7706, decoder=0.7798
2025-06-24 15:54:16,730 - tadGANs - INFO - Epoch 16/1000 - Time: 0.95s - Loss: critic_x=-0.1634, critic_z=4.8272, encoder=0.7845, decoder=0.7998
2025-06-24 15:54:17,643 - tadGANs - INFO - Epoch 17/1000 - Time: 0.91s - Loss: critic_x=-0.1759, critic_z=4.7538, encoder=0.7661, decoder=0.7845
2025-06-24 15:54:18,516 - tadGANs - INFO - Epoch 18/1000 - Time: 0.87s - Loss: critic_x=-0.1897, critic_z=4.6704, encoder=0.7735, decoder=0.7973
2025-06-24 15:54:19,372 - tadGANs - INFO - Epoch 19/1000 - Time: 0.86s - Loss: critic_x=-0.2027, critic_z=4.5615, encoder=0.7661, decoder=0.7961
2025-06-24 15:54:20,244 - tadGANs - INFO - Epoch 20/1000 - Time: 0.87s - Loss: critic_x=-0.2175, critic_z=4.4719, encoder=0.7447, decoder=0.7808
2025-06-24 15:54:20,259 - tadGANs - INFO - Models saved at epoch 20
2025-06-24 15:54:21,097 - tadGANs - INFO - Epoch 21/1000 - Time: 0.84s - Loss: critic_x=-0.2300, critic_z=4.3666, encoder=0.7393, decoder=0.7781
2025-06-24 15:54:22,061 - tadGANs - INFO - Epoch 22/1000 - Time: 0.96s - Loss: critic_x=-0.2446, critic_z=4.3111, encoder=0.7403, decoder=0.7864
2025-06-24 15:54:22,966 - tadGANs - INFO - Epoch 23/1000 - Time: 0.91s - Loss: critic_x=-0.2610, critic_z=4.2079, encoder=0.7283, decoder=0.7796
2025-06-24 15:54:23,899 - tadGANs - INFO - Epoch 24/1000 - Time: 0.93s - Loss: critic_x=-0.2734, critic_z=4.1195, encoder=0.7445, decoder=0.8041
2025-06-24 15:54:24,821 - tadGANs - INFO - Epoch 25/1000 - Time: 0.92s - Loss: critic_x=-0.2910, critic_z=4.0159, encoder=0.7116, decoder=0.7750
2025-06-24 15:54:27,302 - tadGANs - INFO - Epoch 26/1000 - Time: 2.48s - Loss: critic_x=-0.3035, critic_z=3.9325, encoder=0.7289, decoder=0.8045
2025-06-24 15:54:28,212 - tadGANs - INFO - Epoch 27/1000 - Time: 0.91s - Loss: critic_x=-0.3224, critic_z=3.8405, encoder=0.6991, decoder=0.7801
2025-06-24 15:54:29,088 - tadGANs - INFO - Epoch 28/1000 - Time: 0.88s - Loss: critic_x=-0.3345, critic_z=3.7173, encoder=0.6968, decoder=0.7871
2025-06-24 15:54:29,944 - tadGANs - INFO - Epoch 29/1000 - Time: 0.86s - Loss: critic_x=-0.3531, critic_z=3.6608, encoder=0.6964, decoder=0.7962
2025-06-24 15:54:30,850 - tadGANs - INFO - Epoch 30/1000 - Time: 0.91s - Loss: critic_x=-0.3661, critic_z=3.5436, encoder=0.6707, decoder=0.7786
2025-06-24 15:54:30,862 - tadGANs - INFO - Models saved at epoch 30
2025-06-24 15:54:31,773 - tadGANs - INFO - Epoch 31/1000 - Time: 0.91s - Loss: critic_x=-0.3742, critic_z=3.4714, encoder=0.6697, decoder=0.7867
2025-06-24 15:54:32,732 - tadGANs - INFO - Epoch 32/1000 - Time: 0.96s - Loss: critic_x=-0.3921, critic_z=3.3366, encoder=0.6565, decoder=0.7832
2025-06-24 15:54:33,695 - tadGANs - INFO - Epoch 33/1000 - Time: 0.96s - Loss: critic_x=-0.4052, critic_z=3.2500, encoder=0.6466, decoder=0.7865
2025-06-24 15:54:34,632 - tadGANs - INFO - Epoch 34/1000 - Time: 0.94s - Loss: critic_x=-0.4246, critic_z=3.1665, encoder=0.6174, decoder=0.7629
2025-06-24 15:54:35,507 - tadGANs - INFO - Epoch 35/1000 - Time: 0.88s - Loss: critic_x=-0.4333, critic_z=3.0643, encoder=0.6174, decoder=0.7792
2025-06-24 15:54:36,380 - tadGANs - INFO - Epoch 36/1000 - Time: 0.87s - Loss: critic_x=-0.4522, critic_z=2.9600, encoder=0.6137, decoder=0.7895
2025-06-24 15:54:37,214 - tadGANs - INFO - Epoch 37/1000 - Time: 0.83s - Loss: critic_x=-0.4675, critic_z=2.8593, encoder=0.6028, decoder=0.7934
2025-06-24 15:54:38,103 - tadGANs - INFO - Epoch 38/1000 - Time: 0.89s - Loss: critic_x=-0.4793, critic_z=2.7737, encoder=0.5800, decoder=0.7804
2025-06-24 15:54:38,998 - tadGANs - INFO - Epoch 39/1000 - Time: 0.89s - Loss: critic_x=-0.4903, critic_z=2.6652, encoder=0.5792, decoder=0.8067
2025-06-24 15:54:39,837 - tadGANs - INFO - Epoch 40/1000 - Time: 0.84s - Loss: critic_x=-0.5003, critic_z=2.5674, encoder=0.5400, decoder=0.7728
2025-06-24 15:54:39,848 - tadGANs - INFO - Models saved at epoch 40
2025-06-24 15:54:40,690 - tadGANs - INFO - Epoch 41/1000 - Time: 0.84s - Loss: critic_x=-0.5182, critic_z=2.4640, encoder=0.5338, decoder=0.7844
2025-06-24 15:54:41,623 - tadGANs - INFO - Epoch 42/1000 - Time: 0.93s - Loss: critic_x=-0.5252, critic_z=2.3495, encoder=0.5083, decoder=0.7745
2025-06-24 15:54:42,545 - tadGANs - INFO - Epoch 43/1000 - Time: 0.92s - Loss: critic_x=-0.5350, critic_z=2.2951, encoder=0.4964, decoder=0.7780
2025-06-24 15:54:43,408 - tadGANs - INFO - Epoch 44/1000 - Time: 0.86s - Loss: critic_x=-0.5477, critic_z=2.1932, encoder=0.4775, decoder=0.7776
2025-06-24 15:54:44,275 - tadGANs - INFO - Epoch 45/1000 - Time: 0.87s - Loss: critic_x=-0.5559, critic_z=2.1015, encoder=0.4317, decoder=0.7510
2025-06-24 15:54:45,205 - tadGANs - INFO - Epoch 46/1000 - Time: 0.93s - Loss: critic_x=-0.5760, critic_z=1.9806, encoder=0.4388, decoder=0.7871
2025-06-24 15:54:46,071 - tadGANs - INFO - Epoch 47/1000 - Time: 0.87s - Loss: critic_x=-0.5812, critic_z=1.8913, encoder=0.4198, decoder=0.7868
2025-06-24 15:54:46,904 - tadGANs - INFO - Epoch 48/1000 - Time: 0.83s - Loss: critic_x=-0.5973, critic_z=1.7851, encoder=0.3935, decoder=0.7910
2025-06-24 15:54:47,825 - tadGANs - INFO - Epoch 49/1000 - Time: 0.92s - Loss: critic_x=-0.6032, critic_z=1.6888, encoder=0.3667, decoder=0.7921
2025-06-24 15:54:48,702 - tadGANs - INFO - Epoch 50/1000 - Time: 0.88s - Loss: critic_x=-0.6155, critic_z=1.6104, encoder=0.3517, decoder=0.7981
2025-06-24 15:54:48,715 - tadGANs - INFO - Models saved at epoch 50
2025-06-24 15:54:49,590 - tadGANs - INFO - Epoch 51/1000 - Time: 0.87s - Loss: critic_x=-0.6208, critic_z=1.5060, encoder=0.3101, decoder=0.7635
2025-06-24 15:54:50,513 - tadGANs - INFO - Epoch 52/1000 - Time: 0.92s - Loss: critic_x=-0.6391, critic_z=1.4051, encoder=0.2924, decoder=0.7799
2025-06-24 15:54:51,382 - tadGANs - INFO - Epoch 53/1000 - Time: 0.87s - Loss: critic_x=-0.6354, critic_z=1.3180, encoder=0.2579, decoder=0.7750
2025-06-24 15:54:52,197 - tadGANs - INFO - Epoch 54/1000 - Time: 0.81s - Loss: critic_x=-0.6445, critic_z=1.2145, encoder=0.2309, decoder=0.7725
2025-06-24 15:54:53,052 - tadGANs - INFO - Epoch 55/1000 - Time: 0.85s - Loss: critic_x=-0.6532, critic_z=1.1114, encoder=0.2071, decoder=0.7725
2025-06-24 15:54:53,879 - tadGANs - INFO - Epoch 56/1000 - Time: 0.83s - Loss: critic_x=-0.6646, critic_z=1.0491, encoder=0.1720, decoder=0.7709
2025-06-24 15:54:54,722 - tadGANs - INFO - Epoch 57/1000 - Time: 0.84s - Loss: critic_x=-0.6739, critic_z=0.9442, encoder=0.1501, decoder=0.7833
2025-06-24 15:54:55,629 - tadGANs - INFO - Epoch 58/1000 - Time: 0.91s - Loss: critic_x=-0.6842, critic_z=0.8191, encoder=0.1126, decoder=0.7754
2025-06-24 15:54:56,579 - tadGANs - INFO - Epoch 59/1000 - Time: 0.95s - Loss: critic_x=-0.6855, critic_z=0.7691, encoder=0.0767, decoder=0.7919
2025-06-24 15:54:57,520 - tadGANs - INFO - Epoch 60/1000 - Time: 0.94s - Loss: critic_x=-0.6979, critic_z=0.6649, encoder=0.0489, decoder=0.7885
2025-06-24 15:54:57,535 - tadGANs - INFO - Models saved at epoch 60
2025-06-24 15:54:58,456 - tadGANs - INFO - Epoch 61/1000 - Time: 0.92s - Loss: critic_x=-0.7003, critic_z=0.5537, encoder=0.0068, decoder=0.7687
2025-06-24 15:55:01,001 - tadGANs - INFO - Epoch 62/1000 - Time: 2.54s - Loss: critic_x=-0.7154, critic_z=0.4748, encoder=-0.0381, decoder=0.7661
2025-06-24 15:55:01,900 - tadGANs - INFO - Epoch 63/1000 - Time: 0.90s - Loss: critic_x=-0.7161, critic_z=0.3766, encoder=-0.0726, decoder=0.7607
2025-06-24 15:55:02,783 - tadGANs - INFO - Epoch 64/1000 - Time: 0.88s - Loss: critic_x=-0.7175, critic_z=0.2971, encoder=-0.1148, decoder=0.7701
2025-06-24 15:55:03,725 - tadGANs - INFO - Epoch 65/1000 - Time: 0.94s - Loss: critic_x=-0.7178, critic_z=0.2501, encoder=-0.1492, decoder=0.7729
2025-06-24 15:55:04,701 - tadGANs - INFO - Epoch 66/1000 - Time: 0.98s - Loss: critic_x=-0.7366, critic_z=0.1144, encoder=-0.1760, decoder=0.7532
2025-06-24 15:55:05,581 - tadGANs - INFO - Epoch 67/1000 - Time: 0.88s - Loss: critic_x=-0.7323, critic_z=0.0354, encoder=-0.2498, decoder=0.7602
2025-06-24 15:55:06,517 - tadGANs - INFO - Epoch 68/1000 - Time: 0.94s - Loss: critic_x=-0.7366, critic_z=-0.0339, encoder=-0.2736, decoder=0.7943
2025-06-24 15:55:07,459 - tadGANs - INFO - Epoch 69/1000 - Time: 0.94s - Loss: critic_x=-0.7435, critic_z=-0.1480, encoder=-0.3214, decoder=0.7599
2025-06-24 15:55:08,360 - tadGANs - INFO - Epoch 70/1000 - Time: 0.90s - Loss: critic_x=-0.7434, critic_z=-0.2515, encoder=-0.3780, decoder=0.7838
2025-06-24 15:55:08,379 - tadGANs - INFO - Models saved at epoch 70
2025-06-24 15:55:09,233 - tadGANs - INFO - Epoch 71/1000 - Time: 0.85s - Loss: critic_x=-0.7534, critic_z=-0.3300, encoder=-0.3931, decoder=0.7616
2025-06-24 15:55:10,110 - tadGANs - INFO - Epoch 72/1000 - Time: 0.88s - Loss: critic_x=-0.7489, critic_z=-0.4295, encoder=-0.4594, decoder=0.7596
2025-06-24 15:55:10,984 - tadGANs - INFO - Epoch 73/1000 - Time: 0.87s - Loss: critic_x=-0.7542, critic_z=-0.4782, encoder=-0.5335, decoder=0.7435
2025-06-24 15:55:11,866 - tadGANs - INFO - Epoch 74/1000 - Time: 0.88s - Loss: critic_x=-0.7652, critic_z=-0.5712, encoder=-0.5626, decoder=0.7477
2025-06-24 15:55:12,713 - tadGANs - INFO - Epoch 75/1000 - Time: 0.85s - Loss: critic_x=-0.7602, critic_z=-0.6269, encoder=-0.6324, decoder=0.7421
2025-06-24 15:55:13,575 - tadGANs - INFO - Epoch 76/1000 - Time: 0.86s - Loss: critic_x=-0.7660, critic_z=-0.7577, encoder=-0.6704, decoder=0.7535
2025-06-24 15:55:14,414 - tadGANs - INFO - Epoch 77/1000 - Time: 0.84s - Loss: critic_x=-0.7614, critic_z=-0.8157, encoder=-0.7347, decoder=0.7477
2025-06-24 15:55:15,310 - tadGANs - INFO - Epoch 78/1000 - Time: 0.90s - Loss: critic_x=-0.7651, critic_z=-0.8898, encoder=-0.7879, decoder=0.7633
2025-06-24 15:55:16,209 - tadGANs - INFO - Epoch 79/1000 - Time: 0.90s - Loss: critic_x=-0.7627, critic_z=-0.9869, encoder=-0.8487, decoder=0.7598
2025-06-24 15:55:17,081 - tadGANs - INFO - Epoch 80/1000 - Time: 0.87s - Loss: critic_x=-0.7642, critic_z=-1.0670, encoder=-0.8963, decoder=0.7624
2025-06-24 15:55:17,094 - tadGANs - INFO - Models saved at epoch 80
2025-06-24 15:55:17,938 - tadGANs - INFO - Epoch 81/1000 - Time: 0.84s - Loss: critic_x=-0.7758, critic_z=-1.2311, encoder=-0.9785, decoder=0.7619
2025-06-24 15:55:18,758 - tadGANs - INFO - Epoch 82/1000 - Time: 0.82s - Loss: critic_x=-0.7762, critic_z=-1.2799, encoder=-1.0235, decoder=0.7526
2025-06-24 15:55:19,624 - tadGANs - INFO - Epoch 83/1000 - Time: 0.87s - Loss: critic_x=-0.7709, critic_z=-1.3057, encoder=-1.0858, decoder=0.7641
2025-06-24 15:55:20,458 - tadGANs - INFO - Epoch 84/1000 - Time: 0.83s - Loss: critic_x=-0.7713, critic_z=-1.4091, encoder=-1.1572, decoder=0.7408
2025-06-24 15:55:21,321 - tadGANs - INFO - Epoch 85/1000 - Time: 0.86s - Loss: critic_x=-0.7801, critic_z=-1.5068, encoder=-1.2176, decoder=0.7564
2025-06-24 15:55:22,244 - tadGANs - INFO - Epoch 86/1000 - Time: 0.92s - Loss: critic_x=-0.7838, critic_z=-1.6358, encoder=-1.2767, decoder=0.7222
2025-06-24 15:55:23,223 - tadGANs - INFO - Epoch 87/1000 - Time: 0.98s - Loss: critic_x=-0.7706, critic_z=-1.6544, encoder=-1.3595, decoder=0.7358
2025-06-24 15:55:24,121 - tadGANs - INFO - Epoch 88/1000 - Time: 0.90s - Loss: critic_x=-0.7740, critic_z=-1.7140, encoder=-1.4512, decoder=0.7602
2025-06-24 15:55:25,005 - tadGANs - INFO - Epoch 89/1000 - Time: 0.88s - Loss: critic_x=-0.7829, critic_z=-1.8433, encoder=-1.5140, decoder=0.7471
2025-06-24 15:55:25,837 - tadGANs - INFO - Epoch 90/1000 - Time: 0.83s - Loss: critic_x=-0.7760, critic_z=-1.8951, encoder=-1.5489, decoder=0.7347
2025-06-24 15:55:25,849 - tadGANs - INFO - Models saved at epoch 90
2025-06-24 15:55:26,701 - tadGANs - INFO - Epoch 91/1000 - Time: 0.85s - Loss: critic_x=-0.7779, critic_z=-2.0408, encoder=-1.6136, decoder=0.7521
2025-06-24 15:55:27,673 - tadGANs - INFO - Epoch 92/1000 - Time: 0.97s - Loss: critic_x=-0.7760, critic_z=-2.0866, encoder=-1.7994, decoder=0.7440
2025-06-24 15:55:28,577 - tadGANs - INFO - Epoch 93/1000 - Time: 0.90s - Loss: critic_x=-0.7737, critic_z=-2.1392, encoder=-1.8587, decoder=0.7485
2025-06-24 15:55:29,499 - tadGANs - INFO - Epoch 94/1000 - Time: 0.92s - Loss: critic_x=-0.7776, critic_z=-2.2323, encoder=-1.8968, decoder=0.7352
2025-06-24 15:55:30,598 - tadGANs - INFO - Epoch 95/1000 - Time: 1.10s - Loss: critic_x=-0.7704, critic_z=-2.2976, encoder=-1.9784, decoder=0.7180
2025-06-24 15:55:31,661 - tadGANs - INFO - Epoch 96/1000 - Time: 1.06s - Loss: critic_x=-0.7771, critic_z=-2.4223, encoder=-2.0031, decoder=0.7255
2025-06-24 15:55:32,557 - tadGANs - INFO - Epoch 97/1000 - Time: 0.90s - Loss: critic_x=-0.7760, critic_z=-2.5050, encoder=-2.1350, decoder=0.7367
2025-06-24 15:55:35,086 - tadGANs - INFO - Epoch 98/1000 - Time: 2.53s - Loss: critic_x=-0.7749, critic_z=-2.5565, encoder=-2.1938, decoder=0.7445
2025-06-24 15:55:35,924 - tadGANs - INFO - Epoch 99/1000 - Time: 0.84s - Loss: critic_x=-0.7806, critic_z=-2.6855, encoder=-2.2809, decoder=0.7219
2025-06-24 15:55:36,783 - tadGANs - INFO - Epoch 100/1000 - Time: 0.86s - Loss: critic_x=-0.7739, critic_z=-2.7198, encoder=-2.3321, decoder=0.7309
2025-06-24 15:55:36,797 - tadGANs - INFO - Models saved at epoch 100
2025-06-24 15:55:37,724 - tadGANs - INFO - Epoch 101/1000 - Time: 0.93s - Loss: critic_x=-0.7742, critic_z=-2.8539, encoder=-2.3843, decoder=0.7317
2025-06-24 15:55:38,633 - tadGANs - INFO - Epoch 102/1000 - Time: 0.91s - Loss: critic_x=-0.7696, critic_z=-2.8637, encoder=-2.4717, decoder=0.7272
2025-06-24 15:55:39,527 - tadGANs - INFO - Epoch 103/1000 - Time: 0.89s - Loss: critic_x=-0.7772, critic_z=-3.0037, encoder=-2.5507, decoder=0.7237
2025-06-24 15:55:40,432 - tadGANs - INFO - Epoch 104/1000 - Time: 0.90s - Loss: critic_x=-0.7744, critic_z=-3.0452, encoder=-2.6893, decoder=0.7129
2025-06-24 15:55:41,351 - tadGANs - INFO - Epoch 105/1000 - Time: 0.92s - Loss: critic_x=-0.7707, critic_z=-3.1799, encoder=-2.7014, decoder=0.6953
2025-06-24 15:55:42,257 - tadGANs - INFO - Epoch 106/1000 - Time: 0.90s - Loss: critic_x=-0.7676, critic_z=-3.2177, encoder=-2.8073, decoder=0.7162
2025-06-24 15:55:43,140 - tadGANs - INFO - Epoch 107/1000 - Time: 0.88s - Loss: critic_x=-0.7673, critic_z=-3.3382, encoder=-2.9586, decoder=0.7120
2025-06-24 15:55:44,103 - tadGANs - INFO - Epoch 108/1000 - Time: 0.96s - Loss: critic_x=-0.7697, critic_z=-3.4346, encoder=-3.0879, decoder=0.7220
2025-06-24 15:55:44,935 - tadGANs - INFO - Epoch 109/1000 - Time: 0.83s - Loss: critic_x=-0.7663, critic_z=-3.4632, encoder=-3.1095, decoder=0.7061
2025-06-24 15:55:45,748 - tadGANs - INFO - Epoch 110/1000 - Time: 0.81s - Loss: critic_x=-0.7687, critic_z=-3.5949, encoder=-3.1964, decoder=0.7075
2025-06-24 15:55:45,762 - tadGANs - INFO - Models saved at epoch 110
2025-06-24 15:55:46,595 - tadGANs - INFO - Epoch 111/1000 - Time: 0.83s - Loss: critic_x=-0.7660, critic_z=-3.6584, encoder=-3.3642, decoder=0.7299
2025-06-24 15:55:47,414 - tadGANs - INFO - Epoch 112/1000 - Time: 0.82s - Loss: critic_x=-0.7621, critic_z=-3.7139, encoder=-3.4290, decoder=0.7241
2025-06-24 15:55:48,282 - tadGANs - INFO - Epoch 113/1000 - Time: 0.87s - Loss: critic_x=-0.7572, critic_z=-3.7837, encoder=-3.5276, decoder=0.7160
2025-06-24 15:55:49,158 - tadGANs - INFO - Epoch 114/1000 - Time: 0.88s - Loss: critic_x=-0.7619, critic_z=-3.9590, encoder=-3.7001, decoder=0.7115
2025-06-24 15:55:50,031 - tadGANs - INFO - Epoch 115/1000 - Time: 0.87s - Loss: critic_x=-0.7565, critic_z=-3.9950, encoder=-3.6929, decoder=0.6990
2025-06-24 15:55:50,869 - tadGANs - INFO - Epoch 116/1000 - Time: 0.84s - Loss: critic_x=-0.7546, critic_z=-4.0944, encoder=-3.8968, decoder=0.7293
2025-06-24 15:55:51,725 - tadGANs - INFO - Epoch 117/1000 - Time: 0.86s - Loss: critic_x=-0.7529, critic_z=-4.1254, encoder=-3.8865, decoder=0.7121
2025-06-24 15:55:52,535 - tadGANs - INFO - Epoch 118/1000 - Time: 0.81s - Loss: critic_x=-0.7575, critic_z=-4.2722, encoder=-4.0376, decoder=0.7092
2025-06-24 15:55:53,327 - tadGANs - INFO - Epoch 119/1000 - Time: 0.79s - Loss: critic_x=-0.7490, critic_z=-4.3631, encoder=-4.1816, decoder=0.6990
2025-06-24 15:55:54,145 - tadGANs - INFO - Epoch 120/1000 - Time: 0.82s - Loss: critic_x=-0.7538, critic_z=-4.4583, encoder=-4.1923, decoder=0.6919
2025-06-24 15:55:54,158 - tadGANs - INFO - Models saved at epoch 120
2025-06-24 15:55:54,990 - tadGANs - INFO - Epoch 121/1000 - Time: 0.83s - Loss: critic_x=-0.7492, critic_z=-4.5984, encoder=-4.3263, decoder=0.6891
2025-06-24 15:55:55,863 - tadGANs - INFO - Epoch 122/1000 - Time: 0.87s - Loss: critic_x=-0.7484, critic_z=-4.5892, encoder=-4.3986, decoder=0.6916
2025-06-24 15:55:56,756 - tadGANs - INFO - Epoch 123/1000 - Time: 0.89s - Loss: critic_x=-0.7436, critic_z=-4.6539, encoder=-4.5053, decoder=0.6932
2025-06-24 15:55:57,643 - tadGANs - INFO - Epoch 124/1000 - Time: 0.89s - Loss: critic_x=-0.7513, critic_z=-4.8118, encoder=-4.6823, decoder=0.7045
2025-06-24 15:55:58,510 - tadGANs - INFO - Epoch 125/1000 - Time: 0.87s - Loss: critic_x=-0.7397, critic_z=-4.8282, encoder=-4.5740, decoder=0.6860
2025-06-24 15:55:59,391 - tadGANs - INFO - Epoch 126/1000 - Time: 0.88s - Loss: critic_x=-0.7412, critic_z=-5.0300, encoder=-4.9106, decoder=0.6962
2025-06-24 15:56:00,233 - tadGANs - INFO - Epoch 127/1000 - Time: 0.84s - Loss: critic_x=-0.7361, critic_z=-5.0520, encoder=-4.9581, decoder=0.6857
2025-06-24 15:56:01,119 - tadGANs - INFO - Epoch 128/1000 - Time: 0.89s - Loss: critic_x=-0.7318, critic_z=-5.0826, encoder=-5.0489, decoder=0.6865
2025-06-24 15:56:01,979 - tadGANs - INFO - Epoch 129/1000 - Time: 0.86s - Loss: critic_x=-0.7258, critic_z=-5.1886, encoder=-5.2582, decoder=0.7021
2025-06-24 15:56:02,843 - tadGANs - INFO - Epoch 130/1000 - Time: 0.86s - Loss: critic_x=-0.7282, critic_z=-5.2798, encoder=-5.2593, decoder=0.6762
2025-06-24 15:56:02,854 - tadGANs - INFO - Models saved at epoch 130
2025-06-24 15:56:03,736 - tadGANs - INFO - Epoch 131/1000 - Time: 0.88s - Loss: critic_x=-0.7323, critic_z=-5.4178, encoder=-5.4102, decoder=0.7135
2025-06-24 15:56:04,668 - tadGANs - INFO - Epoch 132/1000 - Time: 0.93s - Loss: critic_x=-0.7217, critic_z=-5.4101, encoder=-5.5043, decoder=0.7002
2025-06-24 15:56:05,552 - tadGANs - INFO - Epoch 133/1000 - Time: 0.88s - Loss: critic_x=-0.7283, critic_z=-5.5741, encoder=-5.5087, decoder=0.6882
2025-06-24 15:56:06,461 - tadGANs - INFO - Epoch 134/1000 - Time: 0.91s - Loss: critic_x=-0.7287, critic_z=-5.6900, encoder=-5.6359, decoder=0.6929
2025-06-24 15:56:08,967 - tadGANs - INFO - Epoch 135/1000 - Time: 2.51s - Loss: critic_x=-0.7299, critic_z=-5.7715, encoder=-5.7770, decoder=0.6918
2025-06-24 15:56:09,879 - tadGANs - INFO - Epoch 136/1000 - Time: 0.91s - Loss: critic_x=-0.7206, critic_z=-5.8522, encoder=-5.9904, decoder=0.7017
2025-06-24 15:56:10,763 - tadGANs - INFO - Epoch 137/1000 - Time: 0.88s - Loss: critic_x=-0.7233, critic_z=-5.9436, encoder=-5.9319, decoder=0.6773
2025-06-24 15:56:11,627 - tadGANs - INFO - Epoch 138/1000 - Time: 0.86s - Loss: critic_x=-0.7206, critic_z=-5.9829, encoder=-6.2249, decoder=0.6806
2025-06-24 15:56:12,508 - tadGANs - INFO - Epoch 139/1000 - Time: 0.88s - Loss: critic_x=-0.7162, critic_z=-6.1193, encoder=-6.1400, decoder=0.6858
2025-06-24 15:56:13,395 - tadGANs - INFO - Epoch 140/1000 - Time: 0.89s - Loss: critic_x=-0.7210, critic_z=-6.2170, encoder=-6.3893, decoder=0.6773
2025-06-24 15:56:13,407 - tadGANs - INFO - Models saved at epoch 140
2025-06-24 15:56:14,284 - tadGANs - INFO - Epoch 141/1000 - Time: 0.88s - Loss: critic_x=-0.7138, critic_z=-6.2715, encoder=-6.7391, decoder=0.6989
2025-06-24 15:56:15,266 - tadGANs - INFO - Epoch 142/1000 - Time: 0.98s - Loss: critic_x=-0.7275, critic_z=-6.4502, encoder=-6.4678, decoder=0.6831
2025-06-24 15:56:16,181 - tadGANs - INFO - Epoch 143/1000 - Time: 0.92s - Loss: critic_x=-0.7162, critic_z=-6.4702, encoder=-6.5507, decoder=0.7044
2025-06-24 15:56:17,000 - tadGANs - INFO - Epoch 144/1000 - Time: 0.82s - Loss: critic_x=-0.7157, critic_z=-6.5935, encoder=-6.7875, decoder=0.6913
2025-06-24 15:56:17,842 - tadGANs - INFO - Epoch 145/1000 - Time: 0.84s - Loss: critic_x=-0.7162, critic_z=-6.7226, encoder=-7.0316, decoder=0.6963
2025-06-24 15:56:18,710 - tadGANs - INFO - Epoch 146/1000 - Time: 0.87s - Loss: critic_x=-0.7113, critic_z=-6.7977, encoder=-7.1305, decoder=0.7165
2025-06-24 15:56:19,557 - tadGANs - INFO - Epoch 147/1000 - Time: 0.85s - Loss: critic_x=-0.7148, critic_z=-6.8277, encoder=-7.1297, decoder=0.7058
2025-06-24 15:56:20,400 - tadGANs - INFO - Epoch 148/1000 - Time: 0.84s - Loss: critic_x=-0.7139, critic_z=-6.8732, encoder=-7.2885, decoder=0.7258
2025-06-24 15:56:21,284 - tadGANs - INFO - Epoch 149/1000 - Time: 0.88s - Loss: critic_x=-0.7120, critic_z=-7.0445, encoder=-7.5722, decoder=0.7274
2025-06-24 15:56:22,201 - tadGANs - INFO - Epoch 150/1000 - Time: 0.92s - Loss: critic_x=-0.7157, critic_z=-7.1688, encoder=-7.6013, decoder=0.7260
2025-06-24 15:56:22,239 - tadGANs - INFO - Models saved at epoch 150
2025-06-24 15:56:23,114 - tadGANs - INFO - Epoch 151/1000 - Time: 0.87s - Loss: critic_x=-0.7100, critic_z=-7.2726, encoder=-7.5930, decoder=0.7153
2025-06-24 15:56:24,034 - tadGANs - INFO - Epoch 152/1000 - Time: 0.92s - Loss: critic_x=-0.7158, critic_z=-7.4076, encoder=-7.9503, decoder=0.7399
2025-06-24 15:56:24,938 - tadGANs - INFO - Epoch 153/1000 - Time: 0.90s - Loss: critic_x=-0.7133, critic_z=-7.4020, encoder=-7.8998, decoder=0.7355
2025-06-24 15:56:25,793 - tadGANs - INFO - Epoch 154/1000 - Time: 0.85s - Loss: critic_x=-0.7185, critic_z=-7.5469, encoder=-8.1097, decoder=0.7366
2025-06-24 15:56:26,660 - tadGANs - INFO - Epoch 155/1000 - Time: 0.87s - Loss: critic_x=-0.7094, critic_z=-7.5868, encoder=-8.3761, decoder=0.7413
2025-06-24 15:56:27,509 - tadGANs - INFO - Epoch 156/1000 - Time: 0.85s - Loss: critic_x=-0.7089, critic_z=-7.6849, encoder=-8.3797, decoder=0.7360
2025-06-24 15:56:28,311 - tadGANs - INFO - Epoch 157/1000 - Time: 0.80s - Loss: critic_x=-0.7037, critic_z=-7.7691, encoder=-8.3760, decoder=0.7423
2025-06-24 15:56:29,209 - tadGANs - INFO - Epoch 158/1000 - Time: 0.90s - Loss: critic_x=-0.7182, critic_z=-7.9881, encoder=-8.8373, decoder=0.7464
2025-06-24 15:56:30,138 - tadGANs - INFO - Epoch 159/1000 - Time: 0.93s - Loss: critic_x=-0.7123, critic_z=-7.9955, encoder=-8.5468, decoder=0.7461
2025-06-24 15:56:31,012 - tadGANs - INFO - Epoch 160/1000 - Time: 0.87s - Loss: critic_x=-0.7147, critic_z=-8.2800, encoder=-8.7238, decoder=0.7554
2025-06-24 15:56:31,025 - tadGANs - INFO - Models saved at epoch 160
2025-06-24 15:56:31,885 - tadGANs - INFO - Epoch 161/1000 - Time: 0.86s - Loss: critic_x=-0.7143, critic_z=-8.2164, encoder=-8.6997, decoder=0.7384
2025-06-24 15:56:32,726 - tadGANs - INFO - Epoch 162/1000 - Time: 0.84s - Loss: critic_x=-0.7103, critic_z=-8.2757, encoder=-9.0448, decoder=0.7330
2025-06-24 15:56:33,557 - tadGANs - INFO - Epoch 163/1000 - Time: 0.83s - Loss: critic_x=-0.7208, critic_z=-8.4638, encoder=-9.3335, decoder=0.7636
2025-06-24 15:56:34,407 - tadGANs - INFO - Epoch 164/1000 - Time: 0.85s - Loss: critic_x=-0.7149, critic_z=-8.6550, encoder=-9.4396, decoder=0.7629
2025-06-24 15:56:35,241 - tadGANs - INFO - Epoch 165/1000 - Time: 0.83s - Loss: critic_x=-0.7156, critic_z=-8.6183, encoder=-9.5172, decoder=0.7889
2025-06-24 15:56:36,130 - tadGANs - INFO - Epoch 166/1000 - Time: 0.89s - Loss: critic_x=-0.7107, critic_z=-8.8216, encoder=-9.5134, decoder=0.7568
2025-06-24 15:56:36,976 - tadGANs - INFO - Epoch 167/1000 - Time: 0.85s - Loss: critic_x=-0.7078, critic_z=-8.7583, encoder=-9.6840, decoder=0.7630
2025-06-24 15:56:37,891 - tadGANs - INFO - Epoch 168/1000 - Time: 0.91s - Loss: critic_x=-0.7122, critic_z=-8.9202, encoder=-9.9052, decoder=0.7819
2025-06-24 15:56:38,793 - tadGANs - INFO - Epoch 169/1000 - Time: 0.90s - Loss: critic_x=-0.7126, critic_z=-9.0932, encoder=-10.1695, decoder=0.7938
2025-06-24 15:56:39,776 - tadGANs - INFO - Epoch 170/1000 - Time: 0.98s - Loss: critic_x=-0.7153, critic_z=-9.0551, encoder=-10.0638, decoder=0.7853
2025-06-24 15:56:39,788 - tadGANs - INFO - Models saved at epoch 170
2025-06-24 15:56:42,243 - tadGANs - INFO - Epoch 171/1000 - Time: 2.45s - Loss: critic_x=-0.7214, critic_z=-9.2174, encoder=-10.3167, decoder=0.7866
2025-06-24 15:56:43,110 - tadGANs - INFO - Epoch 172/1000 - Time: 0.87s - Loss: critic_x=-0.7232, critic_z=-9.3809, encoder=-10.3217, decoder=0.7995
2025-06-24 15:56:44,045 - tadGANs - INFO - Epoch 173/1000 - Time: 0.93s - Loss: critic_x=-0.7179, critic_z=-9.4737, encoder=-10.3945, decoder=0.7857
2025-06-24 15:56:44,905 - tadGANs - INFO - Epoch 174/1000 - Time: 0.86s - Loss: critic_x=-0.7144, critic_z=-9.5693, encoder=-10.9550, decoder=0.8090
2025-06-24 15:56:45,873 - tadGANs - INFO - Epoch 175/1000 - Time: 0.97s - Loss: critic_x=-0.7147, critic_z=-9.5686, encoder=-10.7130, decoder=0.8074
2025-06-24 15:56:46,763 - tadGANs - INFO - Epoch 176/1000 - Time: 0.89s - Loss: critic_x=-0.7232, critic_z=-9.8941, encoder=-10.9455, decoder=0.7941
2025-06-24 15:56:47,667 - tadGANs - INFO - Epoch 177/1000 - Time: 0.90s - Loss: critic_x=-0.7179, critic_z=-10.0315, encoder=-11.2131, decoder=0.8128
2025-06-24 15:56:48,582 - tadGANs - INFO - Epoch 178/1000 - Time: 0.91s - Loss: critic_x=-0.7169, critic_z=-9.9612, encoder=-11.2369, decoder=0.8186
2025-06-24 15:56:49,476 - tadGANs - INFO - Epoch 179/1000 - Time: 0.89s - Loss: critic_x=-0.7229, critic_z=-10.1417, encoder=-11.3372, decoder=0.8072
2025-06-24 15:56:50,354 - tadGANs - INFO - Epoch 180/1000 - Time: 0.88s - Loss: critic_x=-0.7201, critic_z=-10.1624, encoder=-11.3450, decoder=0.8123
2025-06-24 15:56:50,365 - tadGANs - INFO - Models saved at epoch 180
2025-06-24 15:56:51,226 - tadGANs - INFO - Epoch 181/1000 - Time: 0.86s - Loss: critic_x=-0.7296, critic_z=-10.4502, encoder=-11.5903, decoder=0.8243
2025-06-24 15:56:52,085 - tadGANs - INFO - Epoch 182/1000 - Time: 0.86s - Loss: critic_x=-0.7234, critic_z=-10.2814, encoder=-11.6197, decoder=0.8150
2025-06-24 15:56:52,955 - tadGANs - INFO - Epoch 183/1000 - Time: 0.87s - Loss: critic_x=-0.7283, critic_z=-10.4434, encoder=-12.0165, decoder=0.8340
2025-06-24 15:56:53,871 - tadGANs - INFO - Epoch 184/1000 - Time: 0.92s - Loss: critic_x=-0.7177, critic_z=-10.5229, encoder=-11.8056, decoder=0.8019
2025-06-24 15:56:54,765 - tadGANs - INFO - Epoch 185/1000 - Time: 0.89s - Loss: critic_x=-0.7257, critic_z=-10.7618, encoder=-12.1955, decoder=0.8258
2025-06-24 15:56:55,594 - tadGANs - INFO - Epoch 186/1000 - Time: 0.83s - Loss: critic_x=-0.7213, critic_z=-10.7661, encoder=-12.1585, decoder=0.8260
2025-06-24 15:56:56,425 - tadGANs - INFO - Epoch 187/1000 - Time: 0.83s - Loss: critic_x=-0.7266, critic_z=-10.8202, encoder=-12.4276, decoder=0.8170
2025-06-24 15:56:57,323 - tadGANs - INFO - Epoch 188/1000 - Time: 0.90s - Loss: critic_x=-0.7219, critic_z=-11.2070, encoder=-13.0970, decoder=0.8286
2025-06-24 15:56:58,155 - tadGANs - INFO - Epoch 189/1000 - Time: 0.83s - Loss: critic_x=-0.7319, critic_z=-11.2081, encoder=-12.7968, decoder=0.8378
2025-06-24 15:56:58,993 - tadGANs - INFO - Epoch 190/1000 - Time: 0.84s - Loss: critic_x=-0.7281, critic_z=-11.2998, encoder=-13.0192, decoder=0.8193
2025-06-24 15:56:59,009 - tadGANs - INFO - Models saved at epoch 190
2025-06-24 15:56:59,917 - tadGANs - INFO - Epoch 191/1000 - Time: 0.91s - Loss: critic_x=-0.7347, critic_z=-11.3795, encoder=-13.0167, decoder=0.8177
2025-06-24 15:57:00,816 - tadGANs - INFO - Epoch 192/1000 - Time: 0.90s - Loss: critic_x=-0.7266, critic_z=-11.4066, encoder=-13.3421, decoder=0.8363
2025-06-24 15:57:01,650 - tadGANs - INFO - Epoch 193/1000 - Time: 0.83s - Loss: critic_x=-0.7301, critic_z=-11.4081, encoder=-13.2594, decoder=0.8287
2025-06-24 15:57:02,541 - tadGANs - INFO - Epoch 194/1000 - Time: 0.89s - Loss: critic_x=-0.7343, critic_z=-11.6278, encoder=-13.5581, decoder=0.8305
2025-06-24 15:57:03,452 - tadGANs - INFO - Epoch 195/1000 - Time: 0.91s - Loss: critic_x=-0.7300, critic_z=-11.8282, encoder=-13.6763, decoder=0.8258
2025-06-24 15:57:04,365 - tadGANs - INFO - Epoch 196/1000 - Time: 0.91s - Loss: critic_x=-0.7314, critic_z=-11.8986, encoder=-13.9249, decoder=0.8383
2025-06-24 15:57:05,251 - tadGANs - INFO - Epoch 197/1000 - Time: 0.89s - Loss: critic_x=-0.7381, critic_z=-12.1655, encoder=-14.1055, decoder=0.8242
2025-06-24 15:57:06,111 - tadGANs - INFO - Epoch 198/1000 - Time: 0.86s - Loss: critic_x=-0.7328, critic_z=-12.1019, encoder=-13.8612, decoder=0.8082
2025-06-24 15:57:06,976 - tadGANs - INFO - Epoch 199/1000 - Time: 0.86s - Loss: critic_x=-0.7310, critic_z=-12.3499, encoder=-14.5673, decoder=0.8311
2025-06-24 15:57:07,812 - tadGANs - INFO - Epoch 200/1000 - Time: 0.84s - Loss: critic_x=-0.7336, critic_z=-12.2741, encoder=-14.4795, decoder=0.8304
2025-06-24 15:57:07,823 - tadGANs - INFO - Models saved at epoch 200
2025-06-24 15:57:08,639 - tadGANs - INFO - Epoch 201/1000 - Time: 0.82s - Loss: critic_x=-0.7317, critic_z=-12.5154, encoder=-14.5654, decoder=0.8350
2025-06-24 15:57:09,469 - tadGANs - INFO - Epoch 202/1000 - Time: 0.83s - Loss: critic_x=-0.7351, critic_z=-12.6524, encoder=-14.9794, decoder=0.8336
2025-06-24 15:57:10,403 - tadGANs - INFO - Epoch 203/1000 - Time: 0.93s - Loss: critic_x=-0.7391, critic_z=-12.8214, encoder=-15.0978, decoder=0.8226
2025-06-24 15:57:11,326 - tadGANs - INFO - Epoch 204/1000 - Time: 0.92s - Loss: critic_x=-0.7367, critic_z=-12.9650, encoder=-15.1975, decoder=0.8255
2025-06-24 15:57:12,260 - tadGANs - INFO - Epoch 205/1000 - Time: 0.93s - Loss: critic_x=-0.7339, critic_z=-12.9026, encoder=-15.0602, decoder=0.8124
2025-06-24 15:57:13,208 - tadGANs - INFO - Epoch 206/1000 - Time: 0.95s - Loss: critic_x=-0.7329, critic_z=-13.1159, encoder=-15.4474, decoder=0.8333
2025-06-24 15:57:14,140 - tadGANs - INFO - Epoch 207/1000 - Time: 0.93s - Loss: critic_x=-0.7394, critic_z=-13.2905, encoder=-15.8724, decoder=0.8490
2025-06-24 15:57:16,540 - tadGANs - INFO - Epoch 208/1000 - Time: 2.40s - Loss: critic_x=-0.7384, critic_z=-13.4672, encoder=-15.8758, decoder=0.8387
2025-06-24 15:57:17,434 - tadGANs - INFO - Epoch 209/1000 - Time: 0.89s - Loss: critic_x=-0.7464, critic_z=-13.5398, encoder=-15.9969, decoder=0.8319
2025-06-24 15:57:18,333 - tadGANs - INFO - Epoch 210/1000 - Time: 0.90s - Loss: critic_x=-0.7391, critic_z=-13.6590, encoder=-15.9071, decoder=0.8225
2025-06-24 15:57:18,346 - tadGANs - INFO - Models saved at epoch 210
2025-06-24 15:57:19,278 - tadGANs - INFO - Epoch 211/1000 - Time: 0.93s - Loss: critic_x=-0.7409, critic_z=-13.5123, encoder=-16.5229, decoder=0.8226
2025-06-24 15:57:20,135 - tadGANs - INFO - Epoch 212/1000 - Time: 0.86s - Loss: critic_x=-0.7395, critic_z=-13.8275, encoder=-16.5670, decoder=0.8326
2025-06-24 15:57:21,007 - tadGANs - INFO - Epoch 213/1000 - Time: 0.87s - Loss: critic_x=-0.7377, critic_z=-14.0079, encoder=-16.8600, decoder=0.8312
2025-06-24 15:57:21,892 - tadGANs - INFO - Epoch 214/1000 - Time: 0.89s - Loss: critic_x=-0.7385, critic_z=-13.9258, encoder=-16.3094, decoder=0.8245
2025-06-24 15:57:22,807 - tadGANs - INFO - Epoch 215/1000 - Time: 0.91s - Loss: critic_x=-0.7411, critic_z=-14.0269, encoder=-16.9812, decoder=0.8402
2025-06-24 15:57:23,647 - tadGANs - INFO - Epoch 216/1000 - Time: 0.84s - Loss: critic_x=-0.7410, critic_z=-14.2576, encoder=-16.9248, decoder=0.8118
2025-06-24 15:57:24,477 - tadGANs - INFO - Epoch 217/1000 - Time: 0.83s - Loss: critic_x=-0.7444, critic_z=-14.2463, encoder=-17.2701, decoder=0.8248
2025-06-24 15:57:25,271 - tadGANs - INFO - Epoch 218/1000 - Time: 0.79s - Loss: critic_x=-0.7437, critic_z=-14.4349, encoder=-17.5752, decoder=0.8399
2025-06-24 15:57:26,086 - tadGANs - INFO - Epoch 219/1000 - Time: 0.82s - Loss: critic_x=-0.7466, critic_z=-14.5907, encoder=-17.9113, decoder=0.8313
2025-06-24 15:57:26,901 - tadGANs - INFO - Epoch 220/1000 - Time: 0.82s - Loss: critic_x=-0.7393, critic_z=-14.7179, encoder=-17.5408, decoder=0.8240
2025-06-24 15:57:26,913 - tadGANs - INFO - Models saved at epoch 220
2025-06-24 15:57:27,732 - tadGANs - INFO - Epoch 221/1000 - Time: 0.82s - Loss: critic_x=-0.7454, critic_z=-14.8718, encoder=-17.9760, decoder=0.8219
2025-06-24 15:57:28,610 - tadGANs - INFO - Epoch 222/1000 - Time: 0.88s - Loss: critic_x=-0.7507, critic_z=-14.9090, encoder=-18.0610, decoder=0.8394
2025-06-24 15:57:29,505 - tadGANs - INFO - Epoch 223/1000 - Time: 0.90s - Loss: critic_x=-0.7424, critic_z=-15.1950, encoder=-18.7108, decoder=0.8378
2025-06-24 15:57:30,377 - tadGANs - INFO - Epoch 224/1000 - Time: 0.87s - Loss: critic_x=-0.7456, critic_z=-15.2534, encoder=-18.6150, decoder=0.8296
2025-06-24 15:57:31,216 - tadGANs - INFO - Epoch 225/1000 - Time: 0.84s - Loss: critic_x=-0.7430, critic_z=-15.1594, encoder=-18.5218, decoder=0.8242
2025-06-24 15:57:32,063 - tadGANs - INFO - Epoch 226/1000 - Time: 0.85s - Loss: critic_x=-0.7491, critic_z=-15.5660, encoder=-18.3070, decoder=0.8148
2025-06-24 15:57:32,922 - tadGANs - INFO - Epoch 227/1000 - Time: 0.86s - Loss: critic_x=-0.7432, critic_z=-15.3204, encoder=-18.3471, decoder=0.8057
2025-06-24 15:57:33,755 - tadGANs - INFO - Epoch 228/1000 - Time: 0.83s - Loss: critic_x=-0.7519, critic_z=-15.6706, encoder=-19.0043, decoder=0.8277
2025-06-24 15:57:34,620 - tadGANs - INFO - Epoch 229/1000 - Time: 0.86s - Loss: critic_x=-0.7428, critic_z=-15.7062, encoder=-18.8408, decoder=0.8064
2025-06-24 15:57:35,468 - tadGANs - INFO - Epoch 230/1000 - Time: 0.85s - Loss: critic_x=-0.7449, critic_z=-15.8803, encoder=-19.4827, decoder=0.8364
2025-06-24 15:57:35,482 - tadGANs - INFO - Models saved at epoch 230
2025-06-24 15:57:36,303 - tadGANs - INFO - Epoch 231/1000 - Time: 0.82s - Loss: critic_x=-0.7427, critic_z=-16.0668, encoder=-19.6387, decoder=0.8268
2025-06-24 15:57:37,249 - tadGANs - INFO - Epoch 232/1000 - Time: 0.95s - Loss: critic_x=-0.7387, critic_z=-16.3554, encoder=-20.1014, decoder=0.8006
2025-06-24 15:57:38,142 - tadGANs - INFO - Epoch 233/1000 - Time: 0.89s - Loss: critic_x=-0.7476, critic_z=-16.1807, encoder=-19.7807, decoder=0.8098
2025-06-24 15:57:39,040 - tadGANs - INFO - Epoch 234/1000 - Time: 0.90s - Loss: critic_x=-0.7454, critic_z=-16.3903, encoder=-19.5541, decoder=0.8042
2025-06-24 15:57:39,962 - tadGANs - INFO - Epoch 235/1000 - Time: 0.92s - Loss: critic_x=-0.7471, critic_z=-16.7523, encoder=-19.9092, decoder=0.8114
2025-06-24 15:57:40,804 - tadGANs - INFO - Epoch 236/1000 - Time: 0.84s - Loss: critic_x=-0.7480, critic_z=-16.6663, encoder=-20.0982, decoder=0.8026
2025-06-24 15:57:41,686 - tadGANs - INFO - Epoch 237/1000 - Time: 0.88s - Loss: critic_x=-0.7432, critic_z=-16.7774, encoder=-20.2976, decoder=0.8035
2025-06-24 15:57:42,562 - tadGANs - INFO - Epoch 238/1000 - Time: 0.88s - Loss: critic_x=-0.7481, critic_z=-17.0984, encoder=-20.2045, decoder=0.7911
2025-06-24 15:57:43,455 - tadGANs - INFO - Epoch 239/1000 - Time: 0.89s - Loss: critic_x=-0.7432, critic_z=-17.3765, encoder=-21.0228, decoder=0.7871
2025-06-24 15:57:44,376 - tadGANs - INFO - Epoch 240/1000 - Time: 0.92s - Loss: critic_x=-0.7452, critic_z=-17.2564, encoder=-20.9559, decoder=0.8175
2025-06-24 15:57:44,402 - tadGANs - INFO - Models saved at epoch 240
2025-06-24 15:57:45,422 - tadGANs - INFO - Epoch 241/1000 - Time: 1.02s - Loss: critic_x=-0.7482, critic_z=-17.3531, encoder=-21.0491, decoder=0.8044
2025-06-24 15:57:46,381 - tadGANs - INFO - Epoch 242/1000 - Time: 0.96s - Loss: critic_x=-0.7485, critic_z=-17.4414, encoder=-21.7221, decoder=0.8070
2025-06-24 15:57:47,310 - tadGANs - INFO - Epoch 243/1000 - Time: 0.93s - Loss: critic_x=-0.7508, critic_z=-17.5039, encoder=-21.9273, decoder=0.8126
2025-06-24 15:57:48,175 - tadGANs - INFO - Epoch 244/1000 - Time: 0.87s - Loss: critic_x=-0.7494, critic_z=-17.7173, encoder=-21.6283, decoder=0.7852
2025-06-24 15:57:50,568 - tadGANs - INFO - Epoch 245/1000 - Time: 2.39s - Loss: critic_x=-0.7446, critic_z=-17.5715, encoder=-22.1947, decoder=0.7951
2025-06-24 15:57:51,510 - tadGANs - INFO - Epoch 246/1000 - Time: 0.94s - Loss: critic_x=-0.7437, critic_z=-18.0046, encoder=-22.4819, decoder=0.8034
2025-06-24 15:57:52,427 - tadGANs - INFO - Epoch 247/1000 - Time: 0.92s - Loss: critic_x=-0.7471, critic_z=-18.3150, encoder=-23.0697, decoder=0.8055
2025-06-24 15:57:53,358 - tadGANs - INFO - Epoch 248/1000 - Time: 0.93s - Loss: critic_x=-0.7503, critic_z=-18.1992, encoder=-22.7859, decoder=0.8206
2025-06-24 15:57:54,232 - tadGANs - INFO - Epoch 249/1000 - Time: 0.87s - Loss: critic_x=-0.7490, critic_z=-18.3701, encoder=-22.8316, decoder=0.8123
2025-06-24 15:57:55,149 - tadGANs - INFO - Epoch 250/1000 - Time: 0.92s - Loss: critic_x=-0.7501, critic_z=-18.5570, encoder=-22.8389, decoder=0.8049
2025-06-24 15:57:55,162 - tadGANs - INFO - Models saved at epoch 250
2025-06-24 15:57:56,073 - tadGANs - INFO - Epoch 251/1000 - Time: 0.91s - Loss: critic_x=-0.7471, critic_z=-18.5310, encoder=-23.6242, decoder=0.8260
2025-06-24 15:57:56,951 - tadGANs - INFO - Epoch 252/1000 - Time: 0.88s - Loss: critic_x=-0.7536, critic_z=-18.7043, encoder=-23.1012, decoder=0.7968
2025-06-24 15:57:57,837 - tadGANs - INFO - Epoch 253/1000 - Time: 0.89s - Loss: critic_x=-0.7425, critic_z=-19.0018, encoder=-23.3702, decoder=0.8006
2025-06-24 15:57:58,717 - tadGANs - INFO - Epoch 254/1000 - Time: 0.88s - Loss: critic_x=-0.7506, critic_z=-18.9493, encoder=-23.5373, decoder=0.7999
2025-06-24 15:57:59,592 - tadGANs - INFO - Epoch 255/1000 - Time: 0.88s - Loss: critic_x=-0.7496, critic_z=-18.9751, encoder=-24.3860, decoder=0.8181
2025-06-24 15:58:00,471 - tadGANs - INFO - Epoch 256/1000 - Time: 0.88s - Loss: critic_x=-0.7550, critic_z=-19.1800, encoder=-24.2454, decoder=0.7935
2025-06-24 15:58:01,323 - tadGANs - INFO - Epoch 257/1000 - Time: 0.85s - Loss: critic_x=-0.7435, critic_z=-19.4451, encoder=-24.5564, decoder=0.8043
2025-06-24 15:58:02,163 - tadGANs - INFO - Epoch 258/1000 - Time: 0.84s - Loss: critic_x=-0.7497, critic_z=-19.5271, encoder=-24.9023, decoder=0.8019
2025-06-24 15:58:03,015 - tadGANs - INFO - Epoch 259/1000 - Time: 0.85s - Loss: critic_x=-0.7495, critic_z=-20.0306, encoder=-24.7860, decoder=0.8152
2025-06-24 15:58:03,981 - tadGANs - INFO - Epoch 260/1000 - Time: 0.97s - Loss: critic_x=-0.7610, critic_z=-19.7812, encoder=-24.7629, decoder=0.7971
2025-06-24 15:58:04,011 - tadGANs - INFO - Models saved at epoch 260
2025-06-24 15:58:04,940 - tadGANs - INFO - Epoch 261/1000 - Time: 0.93s - Loss: critic_x=-0.7479, critic_z=-19.8960, encoder=-25.4622, decoder=0.8162
2025-06-24 15:58:05,919 - tadGANs - INFO - Epoch 262/1000 - Time: 0.98s - Loss: critic_x=-0.7461, critic_z=-20.1695, encoder=-25.2609, decoder=0.8030
2025-06-24 15:58:06,779 - tadGANs - INFO - Epoch 263/1000 - Time: 0.86s - Loss: critic_x=-0.7499, critic_z=-20.1569, encoder=-25.7803, decoder=0.8215
2025-06-24 15:58:07,654 - tadGANs - INFO - Epoch 264/1000 - Time: 0.88s - Loss: critic_x=-0.7467, critic_z=-20.6138, encoder=-25.7283, decoder=0.8118
2025-06-24 15:58:08,500 - tadGANs - INFO - Epoch 265/1000 - Time: 0.85s - Loss: critic_x=-0.7493, critic_z=-20.2231, encoder=-26.4155, decoder=0.8233
2025-06-24 15:58:09,382 - tadGANs - INFO - Epoch 266/1000 - Time: 0.88s - Loss: critic_x=-0.7431, critic_z=-20.7580, encoder=-25.7613, decoder=0.7854
2025-06-24 15:58:10,312 - tadGANs - INFO - Epoch 267/1000 - Time: 0.93s - Loss: critic_x=-0.7504, critic_z=-20.9095, encoder=-26.1892, decoder=0.7913
2025-06-24 15:58:11,263 - tadGANs - INFO - Epoch 268/1000 - Time: 0.95s - Loss: critic_x=-0.7514, critic_z=-20.7326, encoder=-26.8811, decoder=0.7994
2025-06-24 15:58:12,233 - tadGANs - INFO - Epoch 269/1000 - Time: 0.97s - Loss: critic_x=-0.7491, critic_z=-20.8170, encoder=-26.8739, decoder=0.8102
2025-06-24 15:58:13,154 - tadGANs - INFO - Epoch 270/1000 - Time: 0.92s - Loss: critic_x=-0.7534, critic_z=-21.1885, encoder=-26.6795, decoder=0.8017
2025-06-24 15:58:13,165 - tadGANs - INFO - Models saved at epoch 270
2025-06-24 15:58:14,013 - tadGANs - INFO - Epoch 271/1000 - Time: 0.85s - Loss: critic_x=-0.7605, critic_z=-21.4084, encoder=-26.3723, decoder=0.7980
2025-06-24 15:58:14,859 - tadGANs - INFO - Epoch 272/1000 - Time: 0.85s - Loss: critic_x=-0.7496, critic_z=-21.4688, encoder=-27.5485, decoder=0.8100
2025-06-24 15:58:15,724 - tadGANs - INFO - Epoch 273/1000 - Time: 0.86s - Loss: critic_x=-0.7500, critic_z=-21.4273, encoder=-27.4236, decoder=0.7872
2025-06-24 15:58:16,598 - tadGANs - INFO - Epoch 274/1000 - Time: 0.87s - Loss: critic_x=-0.7533, critic_z=-22.1042, encoder=-27.9537, decoder=0.7954
2025-06-24 15:58:17,584 - tadGANs - INFO - Epoch 275/1000 - Time: 0.99s - Loss: critic_x=-0.7541, critic_z=-22.0441, encoder=-27.6572, decoder=0.7865
2025-06-24 15:58:18,536 - tadGANs - INFO - Epoch 276/1000 - Time: 0.95s - Loss: critic_x=-0.7461, critic_z=-22.0996, encoder=-27.9549, decoder=0.7895
2025-06-24 15:58:19,475 - tadGANs - INFO - Epoch 277/1000 - Time: 0.94s - Loss: critic_x=-0.7536, critic_z=-22.0143, encoder=-27.9546, decoder=0.7998
2025-06-24 15:58:20,450 - tadGANs - INFO - Epoch 278/1000 - Time: 0.98s - Loss: critic_x=-0.7500, critic_z=-22.4554, encoder=-28.2789, decoder=0.7834
2025-06-24 15:58:21,353 - tadGANs - INFO - Epoch 279/1000 - Time: 0.90s - Loss: critic_x=-0.7510, critic_z=-22.3818, encoder=-28.2607, decoder=0.7802
2025-06-24 15:58:22,258 - tadGANs - INFO - Epoch 280/1000 - Time: 0.90s - Loss: critic_x=-0.7537, critic_z=-22.6169, encoder=-28.7692, decoder=0.8124
2025-06-24 15:58:22,272 - tadGANs - INFO - Models saved at epoch 280
2025-06-24 15:58:24,649 - tadGANs - INFO - Epoch 281/1000 - Time: 2.38s - Loss: critic_x=-0.7537, critic_z=-22.5151, encoder=-29.2855, decoder=0.7940
2025-06-24 15:58:25,585 - tadGANs - INFO - Epoch 282/1000 - Time: 0.94s - Loss: critic_x=-0.7507, critic_z=-23.1405, encoder=-29.1356, decoder=0.7884
2025-06-24 15:58:26,542 - tadGANs - INFO - Epoch 283/1000 - Time: 0.96s - Loss: critic_x=-0.7500, critic_z=-23.1215, encoder=-28.6450, decoder=0.7881
2025-06-24 15:58:27,567 - tadGANs - INFO - Epoch 284/1000 - Time: 1.03s - Loss: critic_x=-0.7524, critic_z=-23.3964, encoder=-30.1006, decoder=0.7943
2025-06-24 15:58:28,496 - tadGANs - INFO - Epoch 285/1000 - Time: 0.93s - Loss: critic_x=-0.7513, critic_z=-23.1793, encoder=-30.3065, decoder=0.7854
2025-06-24 15:58:29,442 - tadGANs - INFO - Epoch 286/1000 - Time: 0.95s - Loss: critic_x=-0.7505, critic_z=-23.5832, encoder=-30.5231, decoder=0.8011
2025-06-24 15:58:30,325 - tadGANs - INFO - Epoch 287/1000 - Time: 0.88s - Loss: critic_x=-0.7556, critic_z=-23.6370, encoder=-30.1369, decoder=0.7886
2025-06-24 15:58:31,209 - tadGANs - INFO - Epoch 288/1000 - Time: 0.88s - Loss: critic_x=-0.7437, critic_z=-23.7921, encoder=-30.4620, decoder=0.7816
2025-06-24 15:58:32,100 - tadGANs - INFO - Epoch 289/1000 - Time: 0.89s - Loss: critic_x=-0.7502, critic_z=-23.7301, encoder=-30.4409, decoder=0.7752
2025-06-24 15:58:32,960 - tadGANs - INFO - Epoch 290/1000 - Time: 0.86s - Loss: critic_x=-0.7494, critic_z=-24.0339, encoder=-30.9493, decoder=0.8034
2025-06-24 15:58:32,994 - tadGANs - INFO - Models saved at epoch 290
2025-06-24 15:58:33,852 - tadGANs - INFO - Epoch 291/1000 - Time: 0.86s - Loss: critic_x=-0.7504, critic_z=-24.3765, encoder=-31.5636, decoder=0.7935
2025-06-24 15:58:34,772 - tadGANs - INFO - Epoch 292/1000 - Time: 0.92s - Loss: critic_x=-0.7448, critic_z=-24.4315, encoder=-31.8435, decoder=0.7810
2025-06-24 15:58:35,582 - tadGANs - INFO - Epoch 293/1000 - Time: 0.81s - Loss: critic_x=-0.7504, critic_z=-24.5109, encoder=-32.1155, decoder=0.7839
2025-06-24 15:58:36,495 - tadGANs - INFO - Epoch 294/1000 - Time: 0.91s - Loss: critic_x=-0.7520, critic_z=-24.8641, encoder=-32.5603, decoder=0.8029
2025-06-24 15:58:37,547 - tadGANs - INFO - Epoch 295/1000 - Time: 1.05s - Loss: critic_x=-0.7515, critic_z=-24.7376, encoder=-32.2771, decoder=0.7769
2025-06-24 15:58:38,441 - tadGANs - INFO - Epoch 296/1000 - Time: 0.89s - Loss: critic_x=-0.7470, critic_z=-25.0164, encoder=-32.1220, decoder=0.7858
2025-06-24 15:58:39,306 - tadGANs - INFO - Epoch 297/1000 - Time: 0.87s - Loss: critic_x=-0.7532, critic_z=-25.1745, encoder=-33.0152, decoder=0.7928
2025-06-24 15:58:40,184 - tadGANs - INFO - Epoch 298/1000 - Time: 0.88s - Loss: critic_x=-0.7485, critic_z=-25.3037, encoder=-33.4546, decoder=0.8002
2025-06-24 15:58:41,065 - tadGANs - INFO - Epoch 299/1000 - Time: 0.88s - Loss: critic_x=-0.7507, critic_z=-25.5223, encoder=-33.3556, decoder=0.7912
2025-06-24 15:58:41,908 - tadGANs - INFO - Epoch 300/1000 - Time: 0.84s - Loss: critic_x=-0.7456, critic_z=-25.4679, encoder=-32.3975, decoder=0.7784
2025-06-24 15:58:41,919 - tadGANs - INFO - Models saved at epoch 300
2025-06-24 15:58:42,767 - tadGANs - INFO - Epoch 301/1000 - Time: 0.85s - Loss: critic_x=-0.7530, critic_z=-25.8349, encoder=-34.1980, decoder=0.7938
2025-06-24 15:58:43,649 - tadGANs - INFO - Epoch 302/1000 - Time: 0.88s - Loss: critic_x=-0.7500, critic_z=-26.2902, encoder=-32.8188, decoder=0.7920
2025-06-24 15:58:44,612 - tadGANs - INFO - Epoch 303/1000 - Time: 0.96s - Loss: critic_x=-0.7496, critic_z=-26.0549, encoder=-34.7926, decoder=0.7892
2025-06-24 15:58:45,550 - tadGANs - INFO - Epoch 304/1000 - Time: 0.94s - Loss: critic_x=-0.7510, critic_z=-26.2054, encoder=-33.4600, decoder=0.7837
2025-06-24 15:58:46,466 - tadGANs - INFO - Epoch 305/1000 - Time: 0.92s - Loss: critic_x=-0.7459, critic_z=-26.4438, encoder=-33.9105, decoder=0.7824
2025-06-24 15:58:47,320 - tadGANs - INFO - Epoch 306/1000 - Time: 0.85s - Loss: critic_x=-0.7488, critic_z=-26.1075, encoder=-34.8316, decoder=0.7789
2025-06-24 15:58:48,184 - tadGANs - INFO - Epoch 307/1000 - Time: 0.86s - Loss: critic_x=-0.7471, critic_z=-26.2724, encoder=-36.1577, decoder=0.7909
2025-06-24 15:58:49,078 - tadGANs - INFO - Epoch 308/1000 - Time: 0.89s - Loss: critic_x=-0.7468, critic_z=-27.1758, encoder=-35.0190, decoder=0.7945
2025-06-24 15:58:49,972 - tadGANs - INFO - Epoch 309/1000 - Time: 0.89s - Loss: critic_x=-0.7460, critic_z=-26.7465, encoder=-35.2079, decoder=0.7816
2025-06-24 15:58:50,932 - tadGANs - INFO - Epoch 310/1000 - Time: 0.96s - Loss: critic_x=-0.7485, critic_z=-27.3426, encoder=-35.4680, decoder=0.7894
2025-06-24 15:58:50,947 - tadGANs - INFO - Models saved at epoch 310
2025-06-24 15:58:51,890 - tadGANs - INFO - Epoch 311/1000 - Time: 0.94s - Loss: critic_x=-0.7495, critic_z=-27.4613, encoder=-36.2219, decoder=0.7705
2025-06-24 15:58:52,783 - tadGANs - INFO - Epoch 312/1000 - Time: 0.89s - Loss: critic_x=-0.7526, critic_z=-27.3841, encoder=-36.5366, decoder=0.7884
2025-06-24 15:58:53,696 - tadGANs - INFO - Epoch 313/1000 - Time: 0.91s - Loss: critic_x=-0.7505, critic_z=-28.1419, encoder=-35.9307, decoder=0.7843
2025-06-24 15:58:54,620 - tadGANs - INFO - Epoch 314/1000 - Time: 0.92s - Loss: critic_x=-0.7375, critic_z=-27.6629, encoder=-37.2363, decoder=0.7812
2025-06-24 15:58:55,559 - tadGANs - INFO - Epoch 315/1000 - Time: 0.94s - Loss: critic_x=-0.7530, critic_z=-28.2235, encoder=-37.0092, decoder=0.7864
2025-06-24 15:58:57,944 - tadGANs - INFO - Epoch 316/1000 - Time: 2.39s - Loss: critic_x=-0.7433, critic_z=-27.9494, encoder=-37.7470, decoder=0.7909
2025-06-24 15:58:58,881 - tadGANs - INFO - Epoch 317/1000 - Time: 0.94s - Loss: critic_x=-0.7468, critic_z=-28.4851, encoder=-37.6565, decoder=0.7804
2025-06-24 15:58:59,739 - tadGANs - INFO - Epoch 318/1000 - Time: 0.86s - Loss: critic_x=-0.7479, critic_z=-28.8687, encoder=-37.5586, decoder=0.7954
2025-06-24 15:59:00,624 - tadGANs - INFO - Epoch 319/1000 - Time: 0.88s - Loss: critic_x=-0.7479, critic_z=-28.4719, encoder=-37.4925, decoder=0.7812
2025-06-24 15:59:01,561 - tadGANs - INFO - Epoch 320/1000 - Time: 0.94s - Loss: critic_x=-0.7471, critic_z=-29.0449, encoder=-38.7227, decoder=0.8073
2025-06-24 15:59:01,576 - tadGANs - INFO - Models saved at epoch 320
2025-06-24 15:59:02,539 - tadGANs - INFO - Epoch 321/1000 - Time: 0.96s - Loss: critic_x=-0.7486, critic_z=-28.9394, encoder=-38.8355, decoder=0.7876
2025-06-24 15:59:03,455 - tadGANs - INFO - Epoch 322/1000 - Time: 0.92s - Loss: critic_x=-0.7459, critic_z=-29.0117, encoder=-38.1970, decoder=0.7862
2025-06-24 15:59:04,304 - tadGANs - INFO - Epoch 323/1000 - Time: 0.85s - Loss: critic_x=-0.7394, critic_z=-29.2235, encoder=-38.8720, decoder=0.7729
2025-06-24 15:59:05,174 - tadGANs - INFO - Epoch 324/1000 - Time: 0.87s - Loss: critic_x=-0.7412, critic_z=-29.3524, encoder=-38.9115, decoder=0.7818
2025-06-24 15:59:06,017 - tadGANs - INFO - Epoch 325/1000 - Time: 0.84s - Loss: critic_x=-0.7388, critic_z=-29.4474, encoder=-39.6638, decoder=0.8038
2025-06-24 15:59:06,894 - tadGANs - INFO - Epoch 326/1000 - Time: 0.88s - Loss: critic_x=-0.7435, critic_z=-30.0149, encoder=-39.3725, decoder=0.7803
2025-06-24 15:59:07,682 - tadGANs - INFO - Epoch 327/1000 - Time: 0.79s - Loss: critic_x=-0.7377, critic_z=-29.9696, encoder=-40.2414, decoder=0.7839
2025-06-24 15:59:08,398 - tadGANs - INFO - Epoch 328/1000 - Time: 0.72s - Loss: critic_x=-0.7411, critic_z=-29.8681, encoder=-39.1498, decoder=0.7434
2025-06-24 15:59:09,118 - tadGANs - INFO - Epoch 329/1000 - Time: 0.72s - Loss: critic_x=-0.7394, critic_z=-30.4959, encoder=-39.9958, decoder=0.7810
2025-06-24 15:59:09,919 - tadGANs - INFO - Epoch 330/1000 - Time: 0.80s - Loss: critic_x=-0.7466, critic_z=-30.4702, encoder=-40.4771, decoder=0.7715
2025-06-24 15:59:09,932 - tadGANs - INFO - Models saved at epoch 330
2025-06-24 15:59:10,652 - tadGANs - INFO - Epoch 331/1000 - Time: 0.72s - Loss: critic_x=-0.7366, critic_z=-30.2309, encoder=-41.2202, decoder=0.7759
2025-06-24 15:59:11,394 - tadGANs - INFO - Epoch 332/1000 - Time: 0.74s - Loss: critic_x=-0.7453, critic_z=-30.6908, encoder=-40.4466, decoder=0.7744
2025-06-24 15:59:12,133 - tadGANs - INFO - Epoch 333/1000 - Time: 0.74s - Loss: critic_x=-0.7450, critic_z=-30.7875, encoder=-41.2124, decoder=0.7842
2025-06-24 15:59:12,834 - tadGANs - INFO - Epoch 334/1000 - Time: 0.70s - Loss: critic_x=-0.7426, critic_z=-31.2407, encoder=-42.0527, decoder=0.7905
2025-06-24 15:59:13,544 - tadGANs - INFO - Epoch 335/1000 - Time: 0.71s - Loss: critic_x=-0.7390, critic_z=-31.5057, encoder=-40.9764, decoder=0.7629
2025-06-24 15:59:14,265 - tadGANs - INFO - Epoch 336/1000 - Time: 0.72s - Loss: critic_x=-0.7322, critic_z=-31.0480, encoder=-41.4034, decoder=0.7662
2025-06-24 15:59:14,950 - tadGANs - INFO - Epoch 337/1000 - Time: 0.68s - Loss: critic_x=-0.7394, critic_z=-32.0578, encoder=-41.9849, decoder=0.7733
2025-06-24 15:59:15,664 - tadGANs - INFO - Epoch 338/1000 - Time: 0.71s - Loss: critic_x=-0.7431, critic_z=-31.6716, encoder=-43.4018, decoder=0.7910
2025-06-24 15:59:16,459 - tadGANs - INFO - Epoch 339/1000 - Time: 0.79s - Loss: critic_x=-0.7349, critic_z=-31.8755, encoder=-43.3451, decoder=0.7899
2025-06-24 15:59:17,208 - tadGANs - INFO - Epoch 340/1000 - Time: 0.75s - Loss: critic_x=-0.7347, critic_z=-32.2694, encoder=-42.8924, decoder=0.7698
2025-06-24 15:59:17,221 - tadGANs - INFO - Models saved at epoch 340
2025-06-24 15:59:18,049 - tadGANs - INFO - Epoch 341/1000 - Time: 0.83s - Loss: critic_x=-0.7370, critic_z=-32.2507, encoder=-43.7007, decoder=0.7802
2025-06-24 15:59:18,844 - tadGANs - INFO - Epoch 342/1000 - Time: 0.79s - Loss: critic_x=-0.7290, critic_z=-32.2677, encoder=-43.5298, decoder=0.7765
2025-06-24 15:59:19,621 - tadGANs - INFO - Epoch 343/1000 - Time: 0.78s - Loss: critic_x=-0.7296, critic_z=-32.4092, encoder=-43.6685, decoder=0.7870
2025-06-24 15:59:20,362 - tadGANs - INFO - Epoch 344/1000 - Time: 0.74s - Loss: critic_x=-0.7346, critic_z=-32.8589, encoder=-43.0170, decoder=0.7646
2025-06-24 15:59:21,095 - tadGANs - INFO - Epoch 345/1000 - Time: 0.73s - Loss: critic_x=-0.7328, critic_z=-33.1124, encoder=-44.3118, decoder=0.7798
2025-06-24 15:59:21,778 - tadGANs - INFO - Epoch 346/1000 - Time: 0.68s - Loss: critic_x=-0.7369, critic_z=-33.2934, encoder=-43.8785, decoder=0.7619
2025-06-24 15:59:22,466 - tadGANs - INFO - Epoch 347/1000 - Time: 0.69s - Loss: critic_x=-0.7306, critic_z=-33.0154, encoder=-44.2114, decoder=0.7528
2025-06-24 15:59:23,154 - tadGANs - INFO - Epoch 348/1000 - Time: 0.69s - Loss: critic_x=-0.7325, critic_z=-33.6732, encoder=-44.3817, decoder=0.7639
2025-06-24 15:59:23,829 - tadGANs - INFO - Epoch 349/1000 - Time: 0.67s - Loss: critic_x=-0.7362, critic_z=-33.5069, encoder=-45.8886, decoder=0.7529
2025-06-24 15:59:24,547 - tadGANs - INFO - Epoch 350/1000 - Time: 0.72s - Loss: critic_x=-0.7396, critic_z=-33.7350, encoder=-46.3927, decoder=0.7810
2025-06-24 15:59:24,560 - tadGANs - INFO - Models saved at epoch 350
2025-06-24 15:59:25,314 - tadGANs - INFO - Epoch 351/1000 - Time: 0.75s - Loss: critic_x=-0.7383, critic_z=-34.4292, encoder=-45.5484, decoder=0.7661
2025-06-24 15:59:26,082 - tadGANs - INFO - Epoch 352/1000 - Time: 0.77s - Loss: critic_x=-0.7329, critic_z=-34.6431, encoder=-45.8418, decoder=0.7603
2025-06-24 15:59:26,791 - tadGANs - INFO - Epoch 353/1000 - Time: 0.71s - Loss: critic_x=-0.7320, critic_z=-34.9815, encoder=-46.8621, decoder=0.7556
2025-06-24 15:59:27,498 - tadGANs - INFO - Epoch 354/1000 - Time: 0.71s - Loss: critic_x=-0.7262, critic_z=-34.3030, encoder=-46.3691, decoder=0.7721
2025-06-24 15:59:28,198 - tadGANs - INFO - Epoch 355/1000 - Time: 0.70s - Loss: critic_x=-0.7270, critic_z=-34.8271, encoder=-46.6915, decoder=0.7672
2025-06-24 15:59:28,869 - tadGANs - INFO - Epoch 356/1000 - Time: 0.67s - Loss: critic_x=-0.7248, critic_z=-34.7424, encoder=-47.1773, decoder=0.7566
2025-06-24 15:59:29,677 - tadGANs - INFO - Epoch 357/1000 - Time: 0.81s - Loss: critic_x=-0.7290, critic_z=-35.0359, encoder=-47.4643, decoder=0.7506
2025-06-24 15:59:31,998 - tadGANs - INFO - Epoch 358/1000 - Time: 2.32s - Loss: critic_x=-0.7297, critic_z=-35.5375, encoder=-47.6432, decoder=0.7684
2025-06-24 15:59:32,871 - tadGANs - INFO - Epoch 359/1000 - Time: 0.87s - Loss: critic_x=-0.7232, critic_z=-35.0254, encoder=-48.6795, decoder=0.7823
2025-06-24 15:59:33,649 - tadGANs - INFO - Epoch 360/1000 - Time: 0.78s - Loss: critic_x=-0.7305, critic_z=-35.5127, encoder=-47.9422, decoder=0.7687
2025-06-24 15:59:33,662 - tadGANs - INFO - Models saved at epoch 360
2025-06-24 15:59:34,481 - tadGANs - INFO - Epoch 361/1000 - Time: 0.82s - Loss: critic_x=-0.7263, critic_z=-35.8984, encoder=-49.4945, decoder=0.7728
2025-06-24 15:59:35,285 - tadGANs - INFO - Epoch 362/1000 - Time: 0.80s - Loss: critic_x=-0.7226, critic_z=-36.3963, encoder=-49.0975, decoder=0.7730
2025-06-24 15:59:36,056 - tadGANs - INFO - Epoch 363/1000 - Time: 0.77s - Loss: critic_x=-0.7227, critic_z=-35.6699, encoder=-49.6761, decoder=0.7631
2025-06-24 15:59:36,912 - tadGANs - INFO - Epoch 364/1000 - Time: 0.86s - Loss: critic_x=-0.7215, critic_z=-36.0479, encoder=-49.0023, decoder=0.7597
2025-06-24 15:59:37,644 - tadGANs - INFO - Epoch 365/1000 - Time: 0.73s - Loss: critic_x=-0.7169, critic_z=-36.3749, encoder=-50.1126, decoder=0.7717
2025-06-24 15:59:38,308 - tadGANs - INFO - Epoch 366/1000 - Time: 0.66s - Loss: critic_x=-0.7208, critic_z=-36.3392, encoder=-49.9616, decoder=0.7575
2025-06-24 15:59:39,016 - tadGANs - INFO - Epoch 367/1000 - Time: 0.71s - Loss: critic_x=-0.7281, critic_z=-36.9034, encoder=-50.5595, decoder=0.7690
2025-06-24 15:59:39,773 - tadGANs - INFO - Epoch 368/1000 - Time: 0.76s - Loss: critic_x=-0.7186, critic_z=-37.2176, encoder=-50.4813, decoder=0.7519
2025-06-24 15:59:40,538 - tadGANs - INFO - Epoch 369/1000 - Time: 0.76s - Loss: critic_x=-0.7205, critic_z=-37.7698, encoder=-50.3351, decoder=0.7676
2025-06-24 15:59:41,318 - tadGANs - INFO - Epoch 370/1000 - Time: 0.78s - Loss: critic_x=-0.7199, critic_z=-37.4819, encoder=-51.9787, decoder=0.7762
2025-06-24 15:59:41,331 - tadGANs - INFO - Models saved at epoch 370
2025-06-24 15:59:42,046 - tadGANs - INFO - Epoch 371/1000 - Time: 0.71s - Loss: critic_x=-0.7231, critic_z=-37.7395, encoder=-51.3837, decoder=0.7559
2025-06-24 15:59:42,766 - tadGANs - INFO - Epoch 372/1000 - Time: 0.72s - Loss: critic_x=-0.7122, critic_z=-38.0513, encoder=-50.7071, decoder=0.7558
2025-06-24 15:59:43,430 - tadGANs - INFO - Epoch 373/1000 - Time: 0.66s - Loss: critic_x=-0.7161, critic_z=-37.8603, encoder=-51.3628, decoder=0.7401
2025-06-24 15:59:44,222 - tadGANs - INFO - Epoch 374/1000 - Time: 0.79s - Loss: critic_x=-0.7143, critic_z=-37.8393, encoder=-52.3343, decoder=0.7600
2025-06-24 15:59:45,028 - tadGANs - INFO - Epoch 375/1000 - Time: 0.81s - Loss: critic_x=-0.7144, critic_z=-38.6019, encoder=-52.4712, decoder=0.7591
2025-06-24 15:59:45,729 - tadGANs - INFO - Epoch 376/1000 - Time: 0.70s - Loss: critic_x=-0.7193, critic_z=-38.8676, encoder=-53.0362, decoder=0.7505
2025-06-24 15:59:46,419 - tadGANs - INFO - Epoch 377/1000 - Time: 0.69s - Loss: critic_x=-0.7056, critic_z=-39.0150, encoder=-53.4614, decoder=0.7474
2025-06-24 15:59:47,145 - tadGANs - INFO - Epoch 378/1000 - Time: 0.73s - Loss: critic_x=-0.7174, critic_z=-39.1106, encoder=-52.7660, decoder=0.7429
2025-06-24 15:59:47,921 - tadGANs - INFO - Epoch 379/1000 - Time: 0.78s - Loss: critic_x=-0.7110, critic_z=-38.8742, encoder=-52.4956, decoder=0.7459
2025-06-24 15:59:48,558 - tadGANs - INFO - Epoch 380/1000 - Time: 0.64s - Loss: critic_x=-0.7024, critic_z=-39.6406, encoder=-53.3679, decoder=0.7442
2025-06-24 15:59:48,571 - tadGANs - INFO - Models saved at epoch 380
2025-06-24 15:59:49,235 - tadGANs - INFO - Epoch 381/1000 - Time: 0.66s - Loss: critic_x=-0.7189, critic_z=-39.4145, encoder=-54.1020, decoder=0.7516
2025-06-24 15:59:49,990 - tadGANs - INFO - Epoch 382/1000 - Time: 0.75s - Loss: critic_x=-0.7104, critic_z=-39.8766, encoder=-56.5630, decoder=0.7740
2025-06-24 15:59:50,742 - tadGANs - INFO - Epoch 383/1000 - Time: 0.75s - Loss: critic_x=-0.7073, critic_z=-39.9308, encoder=-55.2502, decoder=0.7606
2025-06-24 15:59:51,458 - tadGANs - INFO - Epoch 384/1000 - Time: 0.72s - Loss: critic_x=-0.7135, critic_z=-39.8943, encoder=-54.8720, decoder=0.7587
2025-06-24 15:59:52,201 - tadGANs - INFO - Epoch 385/1000 - Time: 0.74s - Loss: critic_x=-0.7026, critic_z=-40.0909, encoder=-55.7747, decoder=0.7431
2025-06-24 15:59:52,968 - tadGANs - INFO - Epoch 386/1000 - Time: 0.77s - Loss: critic_x=-0.7083, critic_z=-40.8559, encoder=-56.2005, decoder=0.7358
2025-06-24 15:59:53,638 - tadGANs - INFO - Epoch 387/1000 - Time: 0.67s - Loss: critic_x=-0.7088, critic_z=-41.1747, encoder=-55.9814, decoder=0.7461
2025-06-24 15:59:54,286 - tadGANs - INFO - Epoch 388/1000 - Time: 0.65s - Loss: critic_x=-0.7060, critic_z=-40.9612, encoder=-57.6975, decoder=0.7586
2025-06-24 15:59:54,973 - tadGANs - INFO - Epoch 389/1000 - Time: 0.69s - Loss: critic_x=-0.7013, critic_z=-40.8409, encoder=-56.0889, decoder=0.7538
2025-06-24 15:59:55,627 - tadGANs - INFO - Epoch 390/1000 - Time: 0.65s - Loss: critic_x=-0.7056, critic_z=-41.1053, encoder=-57.4200, decoder=0.7391
2025-06-24 15:59:55,639 - tadGANs - INFO - Models saved at epoch 390
2025-06-24 15:59:56,304 - tadGANs - INFO - Epoch 391/1000 - Time: 0.66s - Loss: critic_x=-0.6866, critic_z=-41.2146, encoder=-57.1771, decoder=0.7438
2025-06-24 15:59:56,968 - tadGANs - INFO - Epoch 392/1000 - Time: 0.66s - Loss: critic_x=-0.7061, critic_z=-41.7477, encoder=-58.2657, decoder=0.7586
2025-06-24 15:59:57,657 - tadGANs - INFO - Epoch 393/1000 - Time: 0.69s - Loss: critic_x=-0.6932, critic_z=-41.8166, encoder=-58.8292, decoder=0.7544
2025-06-24 15:59:58,332 - tadGANs - INFO - Epoch 394/1000 - Time: 0.67s - Loss: critic_x=-0.7033, critic_z=-42.1732, encoder=-58.4349, decoder=0.7637
2025-06-24 15:59:59,166 - tadGANs - INFO - Epoch 395/1000 - Time: 0.83s - Loss: critic_x=-0.6917, critic_z=-42.0459, encoder=-59.3165, decoder=0.7601
2025-06-24 15:59:59,936 - tadGANs - INFO - Epoch 396/1000 - Time: 0.77s - Loss: critic_x=-0.6935, critic_z=-41.7987, encoder=-58.8275, decoder=0.7606
2025-06-24 16:00:00,698 - tadGANs - INFO - Epoch 397/1000 - Time: 0.76s - Loss: critic_x=-0.6931, critic_z=-42.1706, encoder=-60.0849, decoder=0.7625
2025-06-24 16:00:01,451 - tadGANs - INFO - Epoch 398/1000 - Time: 0.75s - Loss: critic_x=-0.6956, critic_z=-42.6289, encoder=-60.3954, decoder=0.7287
2025-06-24 16:00:02,181 - tadGANs - INFO - Epoch 399/1000 - Time: 0.73s - Loss: critic_x=-0.6919, critic_z=-43.2636, encoder=-60.2728, decoder=0.7609
2025-06-24 16:00:02,905 - tadGANs - INFO - Epoch 400/1000 - Time: 0.72s - Loss: critic_x=-0.6874, critic_z=-43.0661, encoder=-60.8682, decoder=0.7550
2025-06-24 16:00:02,918 - tadGANs - INFO - Models saved at epoch 400
2025-06-24 16:00:05,231 - tadGANs - INFO - Epoch 401/1000 - Time: 2.31s - Loss: critic_x=-0.6922, critic_z=-43.0463, encoder=-60.4162, decoder=0.7410
2025-06-24 16:00:05,918 - tadGANs - INFO - Epoch 402/1000 - Time: 0.69s - Loss: critic_x=-0.6929, critic_z=-43.7779, encoder=-60.5488, decoder=0.7391
2025-06-24 16:00:06,641 - tadGANs - INFO - Epoch 403/1000 - Time: 0.72s - Loss: critic_x=-0.6874, critic_z=-43.5216, encoder=-60.1060, decoder=0.7352
2025-06-24 16:00:07,332 - tadGANs - INFO - Epoch 404/1000 - Time: 0.69s - Loss: critic_x=-0.6841, critic_z=-43.5331, encoder=-61.2267, decoder=0.7164
2025-06-24 16:00:08,081 - tadGANs - INFO - Epoch 405/1000 - Time: 0.75s - Loss: critic_x=-0.6867, critic_z=-43.9451, encoder=-59.6528, decoder=0.7158
2025-06-24 16:00:08,828 - tadGANs - INFO - Epoch 406/1000 - Time: 0.75s - Loss: critic_x=-0.6877, critic_z=-44.1906, encoder=-61.7889, decoder=0.7525
2025-06-24 16:00:09,548 - tadGANs - INFO - Epoch 407/1000 - Time: 0.72s - Loss: critic_x=-0.6777, critic_z=-44.4458, encoder=-61.1262, decoder=0.7416
2025-06-24 16:00:10,346 - tadGANs - INFO - Epoch 408/1000 - Time: 0.80s - Loss: critic_x=-0.6783, critic_z=-44.4329, encoder=-63.5651, decoder=0.7496
2025-06-24 16:00:11,011 - tadGANs - INFO - Epoch 409/1000 - Time: 0.66s - Loss: critic_x=-0.6791, critic_z=-44.5135, encoder=-62.3383, decoder=0.7449
2025-06-24 16:00:11,649 - tadGANs - INFO - Epoch 410/1000 - Time: 0.64s - Loss: critic_x=-0.6743, critic_z=-44.4425, encoder=-63.3955, decoder=0.7334
2025-06-24 16:00:11,661 - tadGANs - INFO - Models saved at epoch 410
2025-06-24 16:00:12,357 - tadGANs - INFO - Epoch 411/1000 - Time: 0.70s - Loss: critic_x=-0.6764, critic_z=-44.8718, encoder=-63.5828, decoder=0.7476
2025-06-24 16:00:13,036 - tadGANs - INFO - Epoch 412/1000 - Time: 0.68s - Loss: critic_x=-0.6792, critic_z=-46.5195, encoder=-64.1579, decoder=0.7243
2025-06-24 16:00:13,763 - tadGANs - INFO - Epoch 413/1000 - Time: 0.73s - Loss: critic_x=-0.6835, critic_z=-45.1610, encoder=-63.1294, decoder=0.7173
2025-06-24 16:00:14,496 - tadGANs - INFO - Epoch 414/1000 - Time: 0.73s - Loss: critic_x=-0.6757, critic_z=-46.0256, encoder=-64.7202, decoder=0.7276
2025-06-24 16:00:15,146 - tadGANs - INFO - Epoch 415/1000 - Time: 0.65s - Loss: critic_x=-0.6706, critic_z=-45.1182, encoder=-65.7148, decoder=0.7356
2025-06-24 16:00:15,810 - tadGANs - INFO - Epoch 416/1000 - Time: 0.66s - Loss: critic_x=-0.6723, critic_z=-46.2813, encoder=-63.0499, decoder=0.7219
2025-06-24 16:00:16,460 - tadGANs - INFO - Epoch 417/1000 - Time: 0.65s - Loss: critic_x=-0.6684, critic_z=-46.7295, encoder=-66.7500, decoder=0.7497
2025-06-24 16:00:17,133 - tadGANs - INFO - Epoch 418/1000 - Time: 0.67s - Loss: critic_x=-0.6756, critic_z=-46.4239, encoder=-64.7154, decoder=0.7241
2025-06-24 16:00:17,795 - tadGANs - INFO - Epoch 419/1000 - Time: 0.66s - Loss: critic_x=-0.6709, critic_z=-46.8696, encoder=-66.5845, decoder=0.7279
2025-06-24 16:00:18,534 - tadGANs - INFO - Epoch 420/1000 - Time: 0.74s - Loss: critic_x=-0.6656, critic_z=-46.8846, encoder=-65.7112, decoder=0.7120
2025-06-24 16:00:18,547 - tadGANs - INFO - Models saved at epoch 420
2025-06-24 16:00:19,286 - tadGANs - INFO - Epoch 421/1000 - Time: 0.74s - Loss: critic_x=-0.6647, critic_z=-47.6260, encoder=-66.5984, decoder=0.7209
2025-06-24 16:00:20,002 - tadGANs - INFO - Epoch 422/1000 - Time: 0.72s - Loss: critic_x=-0.6659, critic_z=-47.6157, encoder=-66.7668, decoder=0.7472
2025-06-24 16:00:20,702 - tadGANs - INFO - Epoch 423/1000 - Time: 0.70s - Loss: critic_x=-0.6624, critic_z=-47.0863, encoder=-67.5716, decoder=0.7237
2025-06-24 16:00:21,374 - tadGANs - INFO - Epoch 424/1000 - Time: 0.67s - Loss: critic_x=-0.6599, critic_z=-48.3200, encoder=-67.8748, decoder=0.7292
2025-06-24 16:00:22,082 - tadGANs - INFO - Epoch 425/1000 - Time: 0.71s - Loss: critic_x=-0.6610, critic_z=-48.0737, encoder=-67.1113, decoder=0.7225
2025-06-24 16:00:22,735 - tadGANs - INFO - Epoch 426/1000 - Time: 0.65s - Loss: critic_x=-0.6549, critic_z=-48.5120, encoder=-70.0403, decoder=0.7245
2025-06-24 16:00:23,436 - tadGANs - INFO - Epoch 427/1000 - Time: 0.70s - Loss: critic_x=-0.6570, critic_z=-48.8780, encoder=-68.2771, decoder=0.7137
2025-06-24 16:00:24,133 - tadGANs - INFO - Epoch 428/1000 - Time: 0.70s - Loss: critic_x=-0.6538, critic_z=-49.0518, encoder=-70.0244, decoder=0.7191
2025-06-24 16:00:24,896 - tadGANs - INFO - Epoch 429/1000 - Time: 0.76s - Loss: critic_x=-0.6557, critic_z=-48.9136, encoder=-70.3569, decoder=0.7264
2025-06-24 16:00:25,662 - tadGANs - INFO - Epoch 430/1000 - Time: 0.77s - Loss: critic_x=-0.6512, critic_z=-49.3473, encoder=-70.3913, decoder=0.7158
2025-06-24 16:00:25,678 - tadGANs - INFO - Models saved at epoch 430
2025-06-24 16:00:26,391 - tadGANs - INFO - Epoch 431/1000 - Time: 0.71s - Loss: critic_x=-0.6522, critic_z=-48.9832, encoder=-69.7597, decoder=0.7133
2025-06-24 16:00:27,085 - tadGANs - INFO - Epoch 432/1000 - Time: 0.69s - Loss: critic_x=-0.6471, critic_z=-49.9433, encoder=-70.0843, decoder=0.6931
2025-06-24 16:00:27,779 - tadGANs - INFO - Epoch 433/1000 - Time: 0.69s - Loss: critic_x=-0.6426, critic_z=-50.1639, encoder=-69.3030, decoder=0.7013
2025-06-24 16:00:28,435 - tadGANs - INFO - Epoch 434/1000 - Time: 0.66s - Loss: critic_x=-0.6470, critic_z=-49.9434, encoder=-72.5330, decoder=0.7568
2025-06-24 16:00:29,127 - tadGANs - INFO - Epoch 435/1000 - Time: 0.69s - Loss: critic_x=-0.6358, critic_z=-50.7035, encoder=-71.4925, decoder=0.7251
2025-06-24 16:00:29,861 - tadGANs - INFO - Epoch 436/1000 - Time: 0.73s - Loss: critic_x=-0.6383, critic_z=-50.2108, encoder=-72.5757, decoder=0.7074
2025-06-24 16:00:30,567 - tadGANs - INFO - Epoch 437/1000 - Time: 0.71s - Loss: critic_x=-0.6470, critic_z=-50.9786, encoder=-71.5755, decoder=0.7087
2025-06-24 16:00:31,305 - tadGANs - INFO - Epoch 438/1000 - Time: 0.74s - Loss: critic_x=-0.6396, critic_z=-51.0417, encoder=-72.5996, decoder=0.7043
2025-06-24 16:00:32,041 - tadGANs - INFO - Epoch 439/1000 - Time: 0.74s - Loss: critic_x=-0.6373, critic_z=-51.1474, encoder=-74.0403, decoder=0.7052
2025-06-24 16:00:32,835 - tadGANs - INFO - Epoch 440/1000 - Time: 0.79s - Loss: critic_x=-0.6391, critic_z=-51.1140, encoder=-71.8898, decoder=0.7138
2025-06-24 16:00:32,850 - tadGANs - INFO - Models saved at epoch 440
2025-06-24 16:00:33,593 - tadGANs - INFO - Epoch 441/1000 - Time: 0.74s - Loss: critic_x=-0.6281, critic_z=-51.8988, encoder=-72.9706, decoder=0.6934
2025-06-24 16:00:34,348 - tadGANs - INFO - Epoch 442/1000 - Time: 0.75s - Loss: critic_x=-0.6348, critic_z=-51.4060, encoder=-74.7776, decoder=0.7008
2025-06-24 16:00:35,079 - tadGANs - INFO - Epoch 443/1000 - Time: 0.73s - Loss: critic_x=-0.6324, critic_z=-51.2618, encoder=-72.9223, decoder=0.6757
2025-06-24 16:00:35,797 - tadGANs - INFO - Epoch 444/1000 - Time: 0.72s - Loss: critic_x=-0.6319, critic_z=-52.5487, encoder=-74.3454, decoder=0.7050
2025-06-24 16:00:36,538 - tadGANs - INFO - Epoch 445/1000 - Time: 0.74s - Loss: critic_x=-0.6272, critic_z=-52.7091, encoder=-74.0058, decoder=0.6688
2025-06-24 16:00:37,259 - tadGANs - INFO - Epoch 446/1000 - Time: 0.72s - Loss: critic_x=-0.6199, critic_z=-52.3379, encoder=-74.2170, decoder=0.6783
2025-06-24 16:00:39,660 - tadGANs - INFO - Epoch 447/1000 - Time: 2.40s - Loss: critic_x=-0.6233, critic_z=-52.8071, encoder=-75.4030, decoder=0.6854
2025-06-24 16:00:40,388 - tadGANs - INFO - Epoch 448/1000 - Time: 0.73s - Loss: critic_x=-0.6177, critic_z=-53.1982, encoder=-76.1371, decoder=0.6985
2025-06-24 16:00:41,141 - tadGANs - INFO - Epoch 449/1000 - Time: 0.75s - Loss: critic_x=-0.6107, critic_z=-53.6171, encoder=-76.5575, decoder=0.6800
2025-06-24 16:00:41,845 - tadGANs - INFO - Epoch 450/1000 - Time: 0.70s - Loss: critic_x=-0.6241, critic_z=-53.3601, encoder=-75.7885, decoder=0.6716
2025-06-24 16:00:41,855 - tadGANs - INFO - Models saved at epoch 450
2025-06-24 16:00:42,566 - tadGANs - INFO - Epoch 451/1000 - Time: 0.71s - Loss: critic_x=-0.6123, critic_z=-53.3329, encoder=-77.5113, decoder=0.6891
2025-06-24 16:00:43,322 - tadGANs - INFO - Epoch 452/1000 - Time: 0.76s - Loss: critic_x=-0.6120, critic_z=-54.4282, encoder=-77.5811, decoder=0.6672
2025-06-24 16:00:44,063 - tadGANs - INFO - Epoch 453/1000 - Time: 0.74s - Loss: critic_x=-0.6188, critic_z=-54.1451, encoder=-77.9436, decoder=0.6696
2025-06-24 16:00:44,743 - tadGANs - INFO - Epoch 454/1000 - Time: 0.68s - Loss: critic_x=-0.6116, critic_z=-54.4165, encoder=-77.0633, decoder=0.6720
2025-06-24 16:00:45,460 - tadGANs - INFO - Epoch 455/1000 - Time: 0.72s - Loss: critic_x=-0.6078, critic_z=-54.0631, encoder=-78.6955, decoder=0.6841
2025-06-24 16:00:46,183 - tadGANs - INFO - Epoch 456/1000 - Time: 0.72s - Loss: critic_x=-0.6049, critic_z=-54.4197, encoder=-78.3957, decoder=0.6622
2025-06-24 16:00:46,838 - tadGANs - INFO - Epoch 457/1000 - Time: 0.66s - Loss: critic_x=-0.6010, critic_z=-54.4252, encoder=-78.3795, decoder=0.6550
2025-06-24 16:00:47,533 - tadGANs - INFO - Epoch 458/1000 - Time: 0.69s - Loss: critic_x=-0.6105, critic_z=-55.6089, encoder=-81.3353, decoder=0.6823
2025-06-24 16:00:48,189 - tadGANs - INFO - Epoch 459/1000 - Time: 0.66s - Loss: critic_x=-0.6036, critic_z=-55.3757, encoder=-77.2893, decoder=0.6379
2025-06-24 16:00:48,850 - tadGANs - INFO - Epoch 460/1000 - Time: 0.66s - Loss: critic_x=-0.6006, critic_z=-55.3154, encoder=-80.8647, decoder=0.6764
2025-06-24 16:00:48,860 - tadGANs - INFO - Models saved at epoch 460
2025-06-24 16:00:49,512 - tadGANs - INFO - Epoch 461/1000 - Time: 0.65s - Loss: critic_x=-0.5892, critic_z=-55.9999, encoder=-79.1196, decoder=0.6605
2025-06-24 16:00:50,165 - tadGANs - INFO - Epoch 462/1000 - Time: 0.65s - Loss: critic_x=-0.6001, critic_z=-56.0381, encoder=-79.9648, decoder=0.6460
2025-06-24 16:00:50,797 - tadGANs - INFO - Epoch 463/1000 - Time: 0.63s - Loss: critic_x=-0.5915, critic_z=-55.7456, encoder=-80.1716, decoder=0.6532
2025-06-24 16:00:51,503 - tadGANs - INFO - Epoch 464/1000 - Time: 0.71s - Loss: critic_x=-0.5908, critic_z=-56.9094, encoder=-81.1590, decoder=0.6516
2025-06-24 16:00:52,230 - tadGANs - INFO - Epoch 465/1000 - Time: 0.73s - Loss: critic_x=-0.5881, critic_z=-56.5652, encoder=-81.6810, decoder=0.6647
2025-06-24 16:00:52,879 - tadGANs - INFO - Epoch 466/1000 - Time: 0.65s - Loss: critic_x=-0.5826, critic_z=-56.8518, encoder=-83.6314, decoder=0.6715
2025-06-24 16:00:53,594 - tadGANs - INFO - Epoch 467/1000 - Time: 0.71s - Loss: critic_x=-0.5922, critic_z=-56.6787, encoder=-83.3914, decoder=0.6576
2025-06-24 16:00:54,314 - tadGANs - INFO - Epoch 468/1000 - Time: 0.72s - Loss: critic_x=-0.5776, critic_z=-57.6276, encoder=-81.9671, decoder=0.6451
2025-06-24 16:00:55,040 - tadGANs - INFO - Epoch 469/1000 - Time: 0.73s - Loss: critic_x=-0.5822, critic_z=-57.0725, encoder=-84.5220, decoder=0.6486
2025-06-24 16:00:55,685 - tadGANs - INFO - Epoch 470/1000 - Time: 0.64s - Loss: critic_x=-0.5750, critic_z=-57.6710, encoder=-82.3525, decoder=0.6433
2025-06-24 16:00:55,696 - tadGANs - INFO - Models saved at epoch 470
2025-06-24 16:00:56,352 - tadGANs - INFO - Epoch 471/1000 - Time: 0.66s - Loss: critic_x=-0.5786, critic_z=-57.4468, encoder=-83.3916, decoder=0.6525
2025-06-24 16:00:57,016 - tadGANs - INFO - Epoch 472/1000 - Time: 0.66s - Loss: critic_x=-0.5736, critic_z=-57.9595, encoder=-84.1602, decoder=0.6558
2025-06-24 16:00:57,666 - tadGANs - INFO - Epoch 473/1000 - Time: 0.65s - Loss: critic_x=-0.5813, critic_z=-58.4766, encoder=-85.3943, decoder=0.6561
2025-06-24 16:00:58,317 - tadGANs - INFO - Epoch 474/1000 - Time: 0.65s - Loss: critic_x=-0.5638, critic_z=-58.9523, encoder=-83.4862, decoder=0.6312
2025-06-24 16:00:59,001 - tadGANs - INFO - Epoch 475/1000 - Time: 0.68s - Loss: critic_x=-0.5675, critic_z=-59.4846, encoder=-82.3591, decoder=0.6383
2025-06-24 16:00:59,692 - tadGANs - INFO - Epoch 476/1000 - Time: 0.69s - Loss: critic_x=-0.5639, critic_z=-59.4757, encoder=-85.3157, decoder=0.6286
2025-06-24 16:01:00,378 - tadGANs - INFO - Epoch 477/1000 - Time: 0.69s - Loss: critic_x=-0.5652, critic_z=-58.8078, encoder=-85.0164, decoder=0.6403
2025-06-24 16:01:01,014 - tadGANs - INFO - Epoch 478/1000 - Time: 0.64s - Loss: critic_x=-0.5611, critic_z=-59.9947, encoder=-87.3801, decoder=0.6163
2025-06-24 16:01:01,623 - tadGANs - INFO - Epoch 479/1000 - Time: 0.61s - Loss: critic_x=-0.5528, critic_z=-59.5537, encoder=-87.3135, decoder=0.6126
2025-06-24 16:01:02,255 - tadGANs - INFO - Epoch 480/1000 - Time: 0.63s - Loss: critic_x=-0.5616, critic_z=-59.5712, encoder=-86.3318, decoder=0.6325
2025-06-24 16:01:02,266 - tadGANs - INFO - Models saved at epoch 480
2025-06-24 16:01:02,880 - tadGANs - INFO - Epoch 481/1000 - Time: 0.61s - Loss: critic_x=-0.5394, critic_z=-59.1588, encoder=-87.0352, decoder=0.6324
2025-06-24 16:01:03,529 - tadGANs - INFO - Epoch 482/1000 - Time: 0.65s - Loss: critic_x=-0.5449, critic_z=-60.2220, encoder=-87.2707, decoder=0.6325
2025-06-24 16:01:04,170 - tadGANs - INFO - Epoch 483/1000 - Time: 0.64s - Loss: critic_x=-0.5438, critic_z=-60.6984, encoder=-87.4755, decoder=0.6181
2025-06-24 16:01:04,846 - tadGANs - INFO - Epoch 484/1000 - Time: 0.68s - Loss: critic_x=-0.5431, critic_z=-60.2352, encoder=-87.7334, decoder=0.6231
2025-06-24 16:01:05,575 - tadGANs - INFO - Epoch 485/1000 - Time: 0.73s - Loss: critic_x=-0.5370, critic_z=-60.6835, encoder=-88.4624, decoder=0.6036
2025-06-24 16:01:06,259 - tadGANs - INFO - Epoch 486/1000 - Time: 0.68s - Loss: critic_x=-0.5444, critic_z=-60.9733, encoder=-88.5326, decoder=0.6330
2025-06-24 16:01:06,956 - tadGANs - INFO - Epoch 487/1000 - Time: 0.70s - Loss: critic_x=-0.5373, critic_z=-62.8711, encoder=-91.2946, decoder=0.6429
2025-06-24 16:01:07,641 - tadGANs - INFO - Epoch 488/1000 - Time: 0.69s - Loss: critic_x=-0.5335, critic_z=-61.5162, encoder=-89.6717, decoder=0.6173
2025-06-24 16:01:08,331 - tadGANs - INFO - Epoch 489/1000 - Time: 0.69s - Loss: critic_x=-0.5276, critic_z=-61.0235, encoder=-90.1781, decoder=0.6148
2025-06-24 16:01:09,023 - tadGANs - INFO - Epoch 490/1000 - Time: 0.69s - Loss: critic_x=-0.5289, critic_z=-62.0772, encoder=-89.9847, decoder=0.6254
2025-06-24 16:01:09,035 - tadGANs - INFO - Models saved at epoch 490
2025-06-24 16:01:09,716 - tadGANs - INFO - Epoch 491/1000 - Time: 0.68s - Loss: critic_x=-0.5215, critic_z=-63.0081, encoder=-90.9526, decoder=0.6225
2025-06-24 16:01:10,358 - tadGANs - INFO - Epoch 492/1000 - Time: 0.64s - Loss: critic_x=-0.5273, critic_z=-62.9595, encoder=-89.3458, decoder=0.5833
2025-06-24 16:01:11,043 - tadGANs - INFO - Epoch 493/1000 - Time: 0.68s - Loss: critic_x=-0.5207, critic_z=-63.3569, encoder=-92.5043, decoder=0.6129
2025-06-24 16:01:13,305 - tadGANs - INFO - Epoch 494/1000 - Time: 2.26s - Loss: critic_x=-0.5125, critic_z=-62.5814, encoder=-92.6297, decoder=0.6045
2025-06-24 16:01:14,002 - tadGANs - INFO - Epoch 495/1000 - Time: 0.70s - Loss: critic_x=-0.5152, critic_z=-63.5065, encoder=-90.7510, decoder=0.5832
2025-06-24 16:01:14,698 - tadGANs - INFO - Epoch 496/1000 - Time: 0.70s - Loss: critic_x=-0.5114, critic_z=-63.4826, encoder=-91.1402, decoder=0.5972
2025-06-24 16:01:15,460 - tadGANs - INFO - Epoch 497/1000 - Time: 0.76s - Loss: critic_x=-0.5068, critic_z=-63.8801, encoder=-93.3202, decoder=0.6084
2025-06-24 16:01:16,122 - tadGANs - INFO - Epoch 498/1000 - Time: 0.66s - Loss: critic_x=-0.5080, critic_z=-63.9226, encoder=-92.7674, decoder=0.5951
2025-06-24 16:01:16,812 - tadGANs - INFO - Epoch 499/1000 - Time: 0.69s - Loss: critic_x=-0.5070, critic_z=-64.4091, encoder=-94.5561, decoder=0.6069
2025-06-24 16:01:17,484 - tadGANs - INFO - Epoch 500/1000 - Time: 0.67s - Loss: critic_x=-0.5023, critic_z=-63.8273, encoder=-93.1388, decoder=0.5885
2025-06-24 16:01:17,495 - tadGANs - INFO - Models saved at epoch 500
2025-06-24 16:01:18,160 - tadGANs - INFO - Epoch 501/1000 - Time: 0.66s - Loss: critic_x=-0.4990, critic_z=-64.4197, encoder=-94.5071, decoder=0.5856
2025-06-24 16:01:18,813 - tadGANs - INFO - Epoch 502/1000 - Time: 0.65s - Loss: critic_x=-0.4911, critic_z=-65.0304, encoder=-95.1907, decoder=0.5831
2025-06-24 16:01:19,479 - tadGANs - INFO - Epoch 503/1000 - Time: 0.67s - Loss: critic_x=-0.4846, critic_z=-64.7259, encoder=-96.9461, decoder=0.6045
2025-06-24 16:01:20,153 - tadGANs - INFO - Epoch 504/1000 - Time: 0.67s - Loss: critic_x=-0.4940, critic_z=-64.9819, encoder=-96.6884, decoder=0.5940
2025-06-24 16:01:20,827 - tadGANs - INFO - Epoch 505/1000 - Time: 0.67s - Loss: critic_x=-0.4876, critic_z=-66.0137, encoder=-94.7934, decoder=0.5670
2025-06-24 16:01:21,447 - tadGANs - INFO - Epoch 506/1000 - Time: 0.62s - Loss: critic_x=-0.4837, critic_z=-65.4911, encoder=-96.5546, decoder=0.5866
2025-06-24 16:01:22,070 - tadGANs - INFO - Epoch 507/1000 - Time: 0.62s - Loss: critic_x=-0.4806, critic_z=-66.4525, encoder=-97.4081, decoder=0.5748
2025-06-24 16:01:22,666 - tadGANs - INFO - Epoch 508/1000 - Time: 0.60s - Loss: critic_x=-0.4754, critic_z=-66.2591, encoder=-96.9576, decoder=0.5985
2025-06-24 16:01:23,300 - tadGANs - INFO - Epoch 509/1000 - Time: 0.63s - Loss: critic_x=-0.4642, critic_z=-66.9310, encoder=-97.6494, decoder=0.5903
2025-06-24 16:01:23,916 - tadGANs - INFO - Epoch 510/1000 - Time: 0.62s - Loss: critic_x=-0.4801, critic_z=-66.5724, encoder=-97.8355, decoder=0.5903
2025-06-24 16:01:23,928 - tadGANs - INFO - Models saved at epoch 510
2025-06-24 16:01:24,590 - tadGANs - INFO - Epoch 511/1000 - Time: 0.66s - Loss: critic_x=-0.4643, critic_z=-67.0354, encoder=-98.2450, decoder=0.5813
2025-06-24 16:01:25,219 - tadGANs - INFO - Epoch 512/1000 - Time: 0.63s - Loss: critic_x=-0.4658, critic_z=-67.2733, encoder=-97.7141, decoder=0.5612
2025-06-24 16:01:25,925 - tadGANs - INFO - Epoch 513/1000 - Time: 0.71s - Loss: critic_x=-0.4522, critic_z=-67.6518, encoder=-99.6730, decoder=0.5945
2025-06-24 16:01:26,564 - tadGANs - INFO - Epoch 514/1000 - Time: 0.64s - Loss: critic_x=-0.4528, critic_z=-68.3657, encoder=-99.7011, decoder=0.5745
2025-06-24 16:01:27,175 - tadGANs - INFO - Epoch 515/1000 - Time: 0.61s - Loss: critic_x=-0.4488, critic_z=-68.6364, encoder=-99.5204, decoder=0.5429
2025-06-24 16:01:27,817 - tadGANs - INFO - Epoch 516/1000 - Time: 0.64s - Loss: critic_x=-0.4456, critic_z=-68.5172, encoder=-99.5437, decoder=0.5580
2025-06-24 16:01:28,438 - tadGANs - INFO - Epoch 517/1000 - Time: 0.62s - Loss: critic_x=-0.4414, critic_z=-68.1490, encoder=-99.3968, decoder=0.5717
2025-06-24 16:01:29,109 - tadGANs - INFO - Epoch 518/1000 - Time: 0.67s - Loss: critic_x=-0.4464, critic_z=-68.5868, encoder=-102.2705, decoder=0.5679
2025-06-24 16:01:29,769 - tadGANs - INFO - Epoch 519/1000 - Time: 0.66s - Loss: critic_x=-0.4444, critic_z=-68.8574, encoder=-101.0226, decoder=0.5345
2025-06-24 16:01:30,391 - tadGANs - INFO - Epoch 520/1000 - Time: 0.62s - Loss: critic_x=-0.4357, critic_z=-69.1842, encoder=-102.0058, decoder=0.5638
2025-06-24 16:01:30,401 - tadGANs - INFO - Models saved at epoch 520
2025-06-24 16:01:31,051 - tadGANs - INFO - Epoch 521/1000 - Time: 0.65s - Loss: critic_x=-0.4301, critic_z=-68.8673, encoder=-103.0460, decoder=0.5639
2025-06-24 16:01:31,728 - tadGANs - INFO - Epoch 522/1000 - Time: 0.68s - Loss: critic_x=-0.4349, critic_z=-69.7559, encoder=-104.5448, decoder=0.5611
2025-06-24 16:01:32,423 - tadGANs - INFO - Epoch 523/1000 - Time: 0.70s - Loss: critic_x=-0.4337, critic_z=-70.2020, encoder=-102.2479, decoder=0.5490
2025-06-24 16:01:33,086 - tadGANs - INFO - Epoch 524/1000 - Time: 0.66s - Loss: critic_x=-0.4272, critic_z=-69.6627, encoder=-102.0334, decoder=0.5740
2025-06-24 16:01:33,746 - tadGANs - INFO - Epoch 525/1000 - Time: 0.66s - Loss: critic_x=-0.4256, critic_z=-68.9499, encoder=-103.5081, decoder=0.5531
2025-06-24 16:01:34,377 - tadGANs - INFO - Epoch 526/1000 - Time: 0.63s - Loss: critic_x=-0.4202, critic_z=-69.6714, encoder=-103.8505, decoder=0.5554
2025-06-24 16:01:35,018 - tadGANs - INFO - Epoch 527/1000 - Time: 0.64s - Loss: critic_x=-0.4214, critic_z=-71.0968, encoder=-102.1652, decoder=0.5256
2025-06-24 16:01:35,680 - tadGANs - INFO - Epoch 528/1000 - Time: 0.66s - Loss: critic_x=-0.4105, critic_z=-71.1314, encoder=-105.1145, decoder=0.5572
2025-06-24 16:01:36,371 - tadGANs - INFO - Epoch 529/1000 - Time: 0.69s - Loss: critic_x=-0.4003, critic_z=-71.1427, encoder=-105.5134, decoder=0.5485
2025-06-24 16:01:37,042 - tadGANs - INFO - Epoch 530/1000 - Time: 0.67s - Loss: critic_x=-0.3945, critic_z=-71.6347, encoder=-105.2218, decoder=0.5539
2025-06-24 16:01:37,053 - tadGANs - INFO - Models saved at epoch 530
2025-06-24 16:01:37,697 - tadGANs - INFO - Epoch 531/1000 - Time: 0.64s - Loss: critic_x=-0.4065, critic_z=-71.3605, encoder=-105.6791, decoder=0.5559
2025-06-24 16:01:38,353 - tadGANs - INFO - Epoch 532/1000 - Time: 0.66s - Loss: critic_x=-0.3899, critic_z=-73.5984, encoder=-106.6285, decoder=0.5094
2025-06-24 16:01:39,018 - tadGANs - INFO - Epoch 533/1000 - Time: 0.67s - Loss: critic_x=-0.3943, critic_z=-72.7671, encoder=-107.4790, decoder=0.5458
2025-06-24 16:01:39,669 - tadGANs - INFO - Epoch 534/1000 - Time: 0.65s - Loss: critic_x=-0.3944, critic_z=-72.9155, encoder=-106.4553, decoder=0.5074
2025-06-24 16:01:40,369 - tadGANs - INFO - Epoch 535/1000 - Time: 0.70s - Loss: critic_x=-0.3967, critic_z=-72.6047, encoder=-107.5421, decoder=0.4855
2025-06-24 16:01:41,052 - tadGANs - INFO - Epoch 536/1000 - Time: 0.68s - Loss: critic_x=-0.3844, critic_z=-72.2298, encoder=-108.2004, decoder=0.5150
2025-06-24 16:01:41,720 - tadGANs - INFO - Epoch 537/1000 - Time: 0.67s - Loss: critic_x=-0.3720, critic_z=-73.5506, encoder=-107.5063, decoder=0.5125
2025-06-24 16:01:42,384 - tadGANs - INFO - Epoch 538/1000 - Time: 0.66s - Loss: critic_x=-0.3740, critic_z=-73.7044, encoder=-109.4078, decoder=0.5636
2025-06-24 16:01:43,062 - tadGANs - INFO - Epoch 539/1000 - Time: 0.68s - Loss: critic_x=-0.3704, critic_z=-73.9335, encoder=-111.2778, decoder=0.5053
2025-06-24 16:01:43,749 - tadGANs - INFO - Epoch 540/1000 - Time: 0.69s - Loss: critic_x=-0.3743, critic_z=-74.6902, encoder=-111.0464, decoder=0.5441
2025-06-24 16:01:43,760 - tadGANs - INFO - Models saved at epoch 540
2025-06-24 16:01:44,442 - tadGANs - INFO - Epoch 541/1000 - Time: 0.68s - Loss: critic_x=-0.3682, critic_z=-74.0296, encoder=-111.7613, decoder=0.5144
2025-06-24 16:01:45,122 - tadGANs - INFO - Epoch 542/1000 - Time: 0.68s - Loss: critic_x=-0.3654, critic_z=-73.9956, encoder=-109.8134, decoder=0.5087
2025-06-24 16:01:47,612 - tadGANs - INFO - Epoch 543/1000 - Time: 2.49s - Loss: critic_x=-0.3537, critic_z=-74.8121, encoder=-111.8614, decoder=0.5300
2025-06-24 16:01:48,304 - tadGANs - INFO - Epoch 544/1000 - Time: 0.69s - Loss: critic_x=-0.3585, critic_z=-74.6936, encoder=-112.1143, decoder=0.4704
2025-06-24 16:01:48,956 - tadGANs - INFO - Epoch 545/1000 - Time: 0.65s - Loss: critic_x=-0.3513, critic_z=-75.7502, encoder=-112.2263, decoder=0.5007
2025-06-24 16:01:49,634 - tadGANs - INFO - Epoch 546/1000 - Time: 0.68s - Loss: critic_x=-0.3554, critic_z=-75.5465, encoder=-110.1229, decoder=0.5159
2025-06-24 16:01:50,316 - tadGANs - INFO - Epoch 547/1000 - Time: 0.68s - Loss: critic_x=-0.3447, critic_z=-74.6964, encoder=-112.9029, decoder=0.5365
2025-06-24 16:01:51,018 - tadGANs - INFO - Epoch 548/1000 - Time: 0.70s - Loss: critic_x=-0.3551, critic_z=-76.5228, encoder=-113.3042, decoder=0.5198
2025-06-24 16:01:51,684 - tadGANs - INFO - Epoch 549/1000 - Time: 0.67s - Loss: critic_x=-0.3500, critic_z=-76.3135, encoder=-113.2439, decoder=0.5316
2025-06-24 16:01:52,301 - tadGANs - INFO - Epoch 550/1000 - Time: 0.62s - Loss: critic_x=-0.3369, critic_z=-76.1359, encoder=-115.0950, decoder=0.5229
2025-06-24 16:01:52,312 - tadGANs - INFO - Models saved at epoch 550
2025-06-24 16:01:52,960 - tadGANs - INFO - Epoch 551/1000 - Time: 0.65s - Loss: critic_x=-0.3230, critic_z=-77.0888, encoder=-112.9039, decoder=0.5181
2025-06-24 16:01:53,581 - tadGANs - INFO - Epoch 552/1000 - Time: 0.62s - Loss: critic_x=-0.3270, critic_z=-76.9912, encoder=-116.0391, decoder=0.5269
2025-06-24 16:01:54,261 - tadGANs - INFO - Epoch 553/1000 - Time: 0.68s - Loss: critic_x=-0.3309, critic_z=-77.2921, encoder=-116.5797, decoder=0.5068
2025-06-24 16:01:54,888 - tadGANs - INFO - Epoch 554/1000 - Time: 0.63s - Loss: critic_x=-0.3288, critic_z=-77.1116, encoder=-115.4989, decoder=0.5276
2025-06-24 16:01:55,533 - tadGANs - INFO - Epoch 555/1000 - Time: 0.64s - Loss: critic_x=-0.3271, critic_z=-78.4760, encoder=-112.9344, decoder=0.4887
2025-06-24 16:01:56,189 - tadGANs - INFO - Epoch 556/1000 - Time: 0.66s - Loss: critic_x=-0.3201, critic_z=-76.5610, encoder=-115.1823, decoder=0.5177
2025-06-24 16:01:56,802 - tadGANs - INFO - Epoch 557/1000 - Time: 0.61s - Loss: critic_x=-0.3231, critic_z=-78.8192, encoder=-117.2959, decoder=0.5305
2025-06-24 16:01:57,425 - tadGANs - INFO - Epoch 558/1000 - Time: 0.62s - Loss: critic_x=-0.3123, critic_z=-78.7690, encoder=-117.4528, decoder=0.5062
2025-06-24 16:01:58,053 - tadGANs - INFO - Epoch 559/1000 - Time: 0.63s - Loss: critic_x=-0.3088, critic_z=-79.1049, encoder=-117.7541, decoder=0.5041
2025-06-24 16:01:58,713 - tadGANs - INFO - Epoch 560/1000 - Time: 0.66s - Loss: critic_x=-0.3009, critic_z=-79.2912, encoder=-121.2481, decoder=0.5310
2025-06-24 16:01:58,726 - tadGANs - INFO - Models saved at epoch 560
2025-06-24 16:01:59,407 - tadGANs - INFO - Epoch 561/1000 - Time: 0.68s - Loss: critic_x=-0.3059, critic_z=-79.0145, encoder=-117.5581, decoder=0.4959
2025-06-24 16:02:00,061 - tadGANs - INFO - Epoch 562/1000 - Time: 0.65s - Loss: critic_x=-0.3045, critic_z=-80.4892, encoder=-118.3321, decoder=0.5312
2025-06-24 16:02:00,674 - tadGANs - INFO - Epoch 563/1000 - Time: 0.61s - Loss: critic_x=-0.3043, critic_z=-79.3979, encoder=-119.1355, decoder=0.5066
2025-06-24 16:02:01,306 - tadGANs - INFO - Epoch 564/1000 - Time: 0.63s - Loss: critic_x=-0.2992, critic_z=-78.4888, encoder=-119.1238, decoder=0.5164
2025-06-24 16:02:01,944 - tadGANs - INFO - Epoch 565/1000 - Time: 0.64s - Loss: critic_x=-0.2995, critic_z=-80.4997, encoder=-120.6651, decoder=0.5322
2025-06-24 16:02:02,582 - tadGANs - INFO - Epoch 566/1000 - Time: 0.64s - Loss: critic_x=-0.2998, critic_z=-79.7428, encoder=-120.0272, decoder=0.5260
2025-06-24 16:02:03,250 - tadGANs - INFO - Epoch 567/1000 - Time: 0.67s - Loss: critic_x=-0.3033, critic_z=-81.6578, encoder=-119.5085, decoder=0.5351
2025-06-24 16:02:03,903 - tadGANs - INFO - Epoch 568/1000 - Time: 0.65s - Loss: critic_x=-0.2925, critic_z=-80.3341, encoder=-121.5434, decoder=0.5240
2025-06-24 16:02:04,528 - tadGANs - INFO - Epoch 569/1000 - Time: 0.63s - Loss: critic_x=-0.2921, critic_z=-82.0702, encoder=-120.4812, decoder=0.5496
2025-06-24 16:02:05,180 - tadGANs - INFO - Epoch 570/1000 - Time: 0.65s - Loss: critic_x=-0.2905, critic_z=-81.8198, encoder=-124.0203, decoder=0.5368
2025-06-24 16:02:05,191 - tadGANs - INFO - Models saved at epoch 570
2025-06-24 16:02:05,867 - tadGANs - INFO - Epoch 571/1000 - Time: 0.68s - Loss: critic_x=-0.2957, critic_z=-81.8422, encoder=-122.9412, decoder=0.5710
2025-06-24 16:02:06,565 - tadGANs - INFO - Epoch 572/1000 - Time: 0.70s - Loss: critic_x=-0.2832, critic_z=-81.7185, encoder=-125.5149, decoder=0.5521
2025-06-24 16:02:07,224 - tadGANs - INFO - Epoch 573/1000 - Time: 0.66s - Loss: critic_x=-0.2903, critic_z=-82.3666, encoder=-123.0764, decoder=0.5285
2025-06-24 16:02:07,894 - tadGANs - INFO - Epoch 574/1000 - Time: 0.67s - Loss: critic_x=-0.2901, critic_z=-84.1637, encoder=-126.3058, decoder=0.5567
2025-06-24 16:02:08,593 - tadGANs - INFO - Epoch 575/1000 - Time: 0.70s - Loss: critic_x=-0.2856, critic_z=-83.9214, encoder=-126.1342, decoder=0.5755
2025-06-24 16:02:09,363 - tadGANs - INFO - Epoch 576/1000 - Time: 0.77s - Loss: critic_x=-0.2903, critic_z=-82.7874, encoder=-123.3487, decoder=0.5632
2025-06-24 16:02:10,075 - tadGANs - INFO - Epoch 577/1000 - Time: 0.71s - Loss: critic_x=-0.2839, critic_z=-83.2266, encoder=-126.9597, decoder=0.5967
2025-06-24 16:02:10,705 - tadGANs - INFO - Epoch 578/1000 - Time: 0.63s - Loss: critic_x=-0.2870, critic_z=-84.0495, encoder=-125.6252, decoder=0.5881
2025-06-24 16:02:11,352 - tadGANs - INFO - Epoch 579/1000 - Time: 0.65s - Loss: critic_x=-0.2824, critic_z=-83.4583, encoder=-123.5244, decoder=0.5536
2025-06-24 16:02:12,016 - tadGANs - INFO - Epoch 580/1000 - Time: 0.66s - Loss: critic_x=-0.2795, critic_z=-84.6109, encoder=-128.0899, decoder=0.6173
2025-06-24 16:02:12,028 - tadGANs - INFO - Models saved at epoch 580
2025-06-24 16:02:12,709 - tadGANs - INFO - Epoch 581/1000 - Time: 0.68s - Loss: critic_x=-0.2901, critic_z=-84.0575, encoder=-126.0560, decoder=0.5784
2025-06-24 16:02:13,412 - tadGANs - INFO - Epoch 582/1000 - Time: 0.70s - Loss: critic_x=-0.2833, critic_z=-83.8075, encoder=-127.4150, decoder=0.6094
2025-06-24 16:02:14,049 - tadGANs - INFO - Epoch 583/1000 - Time: 0.64s - Loss: critic_x=-0.2852, critic_z=-84.6894, encoder=-128.4900, decoder=0.6333
2025-06-24 16:02:14,688 - tadGANs - INFO - Epoch 584/1000 - Time: 0.64s - Loss: critic_x=-0.2857, critic_z=-85.3030, encoder=-128.2513, decoder=0.6062
2025-06-24 16:02:15,326 - tadGANs - INFO - Epoch 585/1000 - Time: 0.64s - Loss: critic_x=-0.2855, critic_z=-85.9141, encoder=-128.8163, decoder=0.6417
2025-06-24 16:02:15,953 - tadGANs - INFO - Epoch 586/1000 - Time: 0.63s - Loss: critic_x=-0.2840, critic_z=-85.0630, encoder=-128.3913, decoder=0.6440
2025-06-24 16:02:16,609 - tadGANs - INFO - Epoch 587/1000 - Time: 0.66s - Loss: critic_x=-0.2857, critic_z=-86.5694, encoder=-127.5553, decoder=0.6424
2025-06-24 16:02:17,256 - tadGANs - INFO - Epoch 588/1000 - Time: 0.65s - Loss: critic_x=-0.2828, critic_z=-86.4604, encoder=-131.5533, decoder=0.6414
2025-06-24 16:02:17,900 - tadGANs - INFO - Epoch 589/1000 - Time: 0.64s - Loss: critic_x=-0.2890, critic_z=-85.7105, encoder=-131.7893, decoder=0.6575
2025-06-24 16:02:18,535 - tadGANs - INFO - Epoch 590/1000 - Time: 0.63s - Loss: critic_x=-0.2838, critic_z=-87.2368, encoder=-132.6691, decoder=0.6712
2025-06-24 16:02:18,546 - tadGANs - INFO - Models saved at epoch 590
2025-06-24 16:02:19,209 - tadGANs - INFO - Epoch 591/1000 - Time: 0.66s - Loss: critic_x=-0.2867, critic_z=-87.1524, encoder=-131.3722, decoder=0.6595
2025-06-24 16:02:21,308 - tadGANs - INFO - Epoch 592/1000 - Time: 2.10s - Loss: critic_x=-0.2810, critic_z=-88.4889, encoder=-133.4497, decoder=0.6717
2025-06-24 16:02:21,949 - tadGANs - INFO - Epoch 593/1000 - Time: 0.64s - Loss: critic_x=-0.2831, critic_z=-88.1162, encoder=-132.0970, decoder=0.6724
2025-06-24 16:02:22,587 - tadGANs - INFO - Epoch 594/1000 - Time: 0.64s - Loss: critic_x=-0.2865, critic_z=-87.2910, encoder=-134.2899, decoder=0.6958
2025-06-24 16:02:23,224 - tadGANs - INFO - Epoch 595/1000 - Time: 0.64s - Loss: critic_x=-0.2893, critic_z=-89.0350, encoder=-134.6903, decoder=0.6874
2025-06-24 16:02:23,863 - tadGANs - INFO - Epoch 596/1000 - Time: 0.64s - Loss: critic_x=-0.2872, critic_z=-89.7174, encoder=-132.2122, decoder=0.6965
2025-06-24 16:02:24,526 - tadGANs - INFO - Epoch 597/1000 - Time: 0.66s - Loss: critic_x=-0.2850, critic_z=-88.1506, encoder=-135.1261, decoder=0.7023
2025-06-24 16:02:25,195 - tadGANs - INFO - Epoch 598/1000 - Time: 0.67s - Loss: critic_x=-0.2831, critic_z=-88.7208, encoder=-133.7106, decoder=0.6960
2025-06-24 16:02:25,848 - tadGANs - INFO - Epoch 599/1000 - Time: 0.65s - Loss: critic_x=-0.2938, critic_z=-88.5546, encoder=-135.1111, decoder=0.7036
2025-06-24 16:02:26,520 - tadGANs - INFO - Epoch 600/1000 - Time: 0.67s - Loss: critic_x=-0.2831, critic_z=-89.6751, encoder=-136.7564, decoder=0.7069
2025-06-24 16:02:26,533 - tadGANs - INFO - Models saved at epoch 600
2025-06-24 16:02:27,199 - tadGANs - INFO - Epoch 601/1000 - Time: 0.67s - Loss: critic_x=-0.2869, critic_z=-89.7366, encoder=-138.2229, decoder=0.7296
2025-06-24 16:02:27,850 - tadGANs - INFO - Epoch 602/1000 - Time: 0.65s - Loss: critic_x=-0.2896, critic_z=-90.5215, encoder=-137.8995, decoder=0.7182
2025-06-24 16:02:28,537 - tadGANs - INFO - Epoch 603/1000 - Time: 0.69s - Loss: critic_x=-0.2876, critic_z=-89.6512, encoder=-139.3343, decoder=0.7179
2025-06-24 16:02:29,183 - tadGANs - INFO - Epoch 604/1000 - Time: 0.65s - Loss: critic_x=-0.2840, critic_z=-91.1480, encoder=-139.5125, decoder=0.7207
2025-06-24 16:02:29,825 - tadGANs - INFO - Epoch 605/1000 - Time: 0.64s - Loss: critic_x=-0.2809, critic_z=-90.9529, encoder=-138.4693, decoder=0.7069
2025-06-24 16:02:30,461 - tadGANs - INFO - Epoch 606/1000 - Time: 0.64s - Loss: critic_x=-0.2886, critic_z=-90.7412, encoder=-136.8243, decoder=0.7092
2025-06-24 16:02:31,146 - tadGANs - INFO - Epoch 607/1000 - Time: 0.68s - Loss: critic_x=-0.2799, critic_z=-92.2616, encoder=-137.8740, decoder=0.7380
2025-06-24 16:02:31,819 - tadGANs - INFO - Epoch 608/1000 - Time: 0.67s - Loss: critic_x=-0.2899, critic_z=-91.9071, encoder=-139.0286, decoder=0.7234
2025-06-24 16:02:32,481 - tadGANs - INFO - Epoch 609/1000 - Time: 0.66s - Loss: critic_x=-0.2828, critic_z=-93.1588, encoder=-139.4968, decoder=0.7168
2025-06-24 16:02:33,142 - tadGANs - INFO - Epoch 610/1000 - Time: 0.66s - Loss: critic_x=-0.2882, critic_z=-91.7867, encoder=-142.3666, decoder=0.7473
2025-06-24 16:02:33,153 - tadGANs - INFO - Models saved at epoch 610
2025-06-24 16:02:33,834 - tadGANs - INFO - Epoch 611/1000 - Time: 0.68s - Loss: critic_x=-0.2843, critic_z=-93.1823, encoder=-140.0580, decoder=0.7295
2025-06-24 16:02:34,530 - tadGANs - INFO - Epoch 612/1000 - Time: 0.70s - Loss: critic_x=-0.2839, critic_z=-93.2966, encoder=-140.7804, decoder=0.7627
2025-06-24 16:02:35,188 - tadGANs - INFO - Epoch 613/1000 - Time: 0.66s - Loss: critic_x=-0.2878, critic_z=-93.4761, encoder=-140.1592, decoder=0.7392
2025-06-24 16:02:35,882 - tadGANs - INFO - Epoch 614/1000 - Time: 0.69s - Loss: critic_x=-0.2843, critic_z=-93.9849, encoder=-143.3452, decoder=0.7599
2025-06-24 16:02:36,550 - tadGANs - INFO - Epoch 615/1000 - Time: 0.67s - Loss: critic_x=-0.2871, critic_z=-93.7364, encoder=-144.0169, decoder=0.7491
2025-06-24 16:02:37,261 - tadGANs - INFO - Epoch 616/1000 - Time: 0.71s - Loss: critic_x=-0.2850, critic_z=-94.2234, encoder=-145.9237, decoder=0.7441
2025-06-24 16:02:37,941 - tadGANs - INFO - Epoch 617/1000 - Time: 0.68s - Loss: critic_x=-0.2844, critic_z=-95.4567, encoder=-142.2415, decoder=0.7585
2025-06-24 16:02:38,595 - tadGANs - INFO - Epoch 618/1000 - Time: 0.65s - Loss: critic_x=-0.2820, critic_z=-95.5665, encoder=-142.9275, decoder=0.7477
2025-06-24 16:02:39,274 - tadGANs - INFO - Epoch 619/1000 - Time: 0.68s - Loss: critic_x=-0.2888, critic_z=-94.9316, encoder=-145.2883, decoder=0.7322
2025-06-24 16:02:39,968 - tadGANs - INFO - Epoch 620/1000 - Time: 0.69s - Loss: critic_x=-0.2815, critic_z=-95.4075, encoder=-144.8183, decoder=0.7562
2025-06-24 16:02:39,983 - tadGANs - INFO - Models saved at epoch 620
2025-06-24 16:02:40,638 - tadGANs - INFO - Epoch 621/1000 - Time: 0.66s - Loss: critic_x=-0.2755, critic_z=-94.1155, encoder=-145.2510, decoder=0.7800
2025-06-24 16:02:41,322 - tadGANs - INFO - Epoch 622/1000 - Time: 0.68s - Loss: critic_x=-0.2756, critic_z=-95.8929, encoder=-144.1967, decoder=0.7439
2025-06-24 16:02:42,015 - tadGANs - INFO - Epoch 623/1000 - Time: 0.69s - Loss: critic_x=-0.2795, critic_z=-96.6598, encoder=-144.7185, decoder=0.7734
2025-06-24 16:02:42,674 - tadGANs - INFO - Epoch 624/1000 - Time: 0.66s - Loss: critic_x=-0.2759, critic_z=-96.2464, encoder=-144.1686, decoder=0.7535
2025-06-24 16:02:43,354 - tadGANs - INFO - Epoch 625/1000 - Time: 0.68s - Loss: critic_x=-0.2749, critic_z=-97.0597, encoder=-148.8454, decoder=0.7716
2025-06-24 16:02:44,010 - tadGANs - INFO - Epoch 626/1000 - Time: 0.66s - Loss: critic_x=-0.2814, critic_z=-97.2794, encoder=-149.5846, decoder=0.7623
2025-06-24 16:02:44,721 - tadGANs - INFO - Epoch 627/1000 - Time: 0.71s - Loss: critic_x=-0.2749, critic_z=-97.0970, encoder=-150.8747, decoder=0.7814
2025-06-24 16:02:45,377 - tadGANs - INFO - Epoch 628/1000 - Time: 0.66s - Loss: critic_x=-0.2748, critic_z=-97.1603, encoder=-149.1466, decoder=0.7751
2025-06-24 16:02:46,026 - tadGANs - INFO - Epoch 629/1000 - Time: 0.65s - Loss: critic_x=-0.2785, critic_z=-96.7138, encoder=-147.2357, decoder=0.7638
2025-06-24 16:02:46,721 - tadGANs - INFO - Epoch 630/1000 - Time: 0.69s - Loss: critic_x=-0.2789, critic_z=-97.5578, encoder=-151.4419, decoder=0.7783
2025-06-24 16:02:46,732 - tadGANs - INFO - Models saved at epoch 630
2025-06-24 16:02:47,427 - tadGANs - INFO - Epoch 631/1000 - Time: 0.70s - Loss: critic_x=-0.2743, critic_z=-99.6079, encoder=-148.8535, decoder=0.7908
2025-06-24 16:02:48,115 - tadGANs - INFO - Epoch 632/1000 - Time: 0.69s - Loss: critic_x=-0.2707, critic_z=-98.7784, encoder=-150.7257, decoder=0.7774
2025-06-24 16:02:48,800 - tadGANs - INFO - Epoch 633/1000 - Time: 0.68s - Loss: critic_x=-0.2662, critic_z=-98.6616, encoder=-152.2666, decoder=0.7596
2025-06-24 16:02:49,455 - tadGANs - INFO - Epoch 634/1000 - Time: 0.66s - Loss: critic_x=-0.2671, critic_z=-98.9598, encoder=-153.3936, decoder=0.7759
2025-06-24 16:02:50,132 - tadGANs - INFO - Epoch 635/1000 - Time: 0.68s - Loss: critic_x=-0.2675, critic_z=-99.7375, encoder=-153.6119, decoder=0.7643
2025-06-24 16:02:50,783 - tadGANs - INFO - Epoch 636/1000 - Time: 0.65s - Loss: critic_x=-0.2664, critic_z=-99.4033, encoder=-149.6342, decoder=0.7655
2025-06-24 16:02:51,429 - tadGANs - INFO - Epoch 637/1000 - Time: 0.65s - Loss: critic_x=-0.2671, critic_z=-99.9689, encoder=-153.1701, decoder=0.7630
2025-06-24 16:02:52,082 - tadGANs - INFO - Epoch 638/1000 - Time: 0.65s - Loss: critic_x=-0.2640, critic_z=-100.1500, encoder=-153.9565, decoder=0.7708
2025-06-24 16:02:52,737 - tadGANs - INFO - Epoch 639/1000 - Time: 0.66s - Loss: critic_x=-0.2648, critic_z=-100.6247, encoder=-156.9895, decoder=0.7669
2025-06-24 16:02:54,888 - tadGANs - INFO - Epoch 640/1000 - Time: 2.15s - Loss: critic_x=-0.2669, critic_z=-100.9058, encoder=-154.9551, decoder=0.7435
2025-06-24 16:02:54,899 - tadGANs - INFO - Models saved at epoch 640
2025-06-24 16:02:55,538 - tadGANs - INFO - Epoch 641/1000 - Time: 0.64s - Loss: critic_x=-0.2622, critic_z=-101.5740, encoder=-157.7396, decoder=0.7664
2025-06-24 16:02:56,169 - tadGANs - INFO - Epoch 642/1000 - Time: 0.63s - Loss: critic_x=-0.2601, critic_z=-100.6473, encoder=-154.0974, decoder=0.7475
2025-06-24 16:02:56,832 - tadGANs - INFO - Epoch 643/1000 - Time: 0.66s - Loss: critic_x=-0.2645, critic_z=-101.1985, encoder=-155.9380, decoder=0.7587
2025-06-24 16:02:57,556 - tadGANs - INFO - Epoch 644/1000 - Time: 0.72s - Loss: critic_x=-0.2613, critic_z=-100.8298, encoder=-156.2824, decoder=0.7674
2025-06-24 16:02:58,246 - tadGANs - INFO - Epoch 645/1000 - Time: 0.69s - Loss: critic_x=-0.2632, critic_z=-102.6523, encoder=-158.5352, decoder=0.7569
2025-06-24 16:02:59,006 - tadGANs - INFO - Epoch 646/1000 - Time: 0.76s - Loss: critic_x=-0.2535, critic_z=-101.1086, encoder=-158.5561, decoder=0.7599
2025-06-24 16:02:59,754 - tadGANs - INFO - Epoch 647/1000 - Time: 0.75s - Loss: critic_x=-0.2599, critic_z=-101.5715, encoder=-157.8343, decoder=0.7458
2025-06-24 16:03:00,433 - tadGANs - INFO - Epoch 648/1000 - Time: 0.68s - Loss: critic_x=-0.2589, critic_z=-103.7922, encoder=-157.4025, decoder=0.7324
2025-06-24 16:03:01,106 - tadGANs - INFO - Epoch 649/1000 - Time: 0.67s - Loss: critic_x=-0.2529, critic_z=-102.0517, encoder=-158.4157, decoder=0.7691
2025-06-24 16:03:01,780 - tadGANs - INFO - Epoch 650/1000 - Time: 0.67s - Loss: critic_x=-0.2598, critic_z=-103.2877, encoder=-160.9494, decoder=0.7503
2025-06-24 16:03:01,791 - tadGANs - INFO - Models saved at epoch 650
2025-06-24 16:03:02,516 - tadGANs - INFO - Epoch 651/1000 - Time: 0.73s - Loss: critic_x=-0.2496, critic_z=-104.2962, encoder=-158.4933, decoder=0.7721
2025-06-24 16:03:03,259 - tadGANs - INFO - Epoch 652/1000 - Time: 0.74s - Loss: critic_x=-0.2573, critic_z=-103.5473, encoder=-157.8768, decoder=0.7436
2025-06-24 16:03:03,951 - tadGANs - INFO - Epoch 653/1000 - Time: 0.69s - Loss: critic_x=-0.2485, critic_z=-105.0547, encoder=-159.7404, decoder=0.7887
2025-06-24 16:03:04,647 - tadGANs - INFO - Epoch 654/1000 - Time: 0.70s - Loss: critic_x=-0.2547, critic_z=-103.5214, encoder=-163.4203, decoder=0.7519
2025-06-24 16:03:05,336 - tadGANs - INFO - Epoch 655/1000 - Time: 0.69s - Loss: critic_x=-0.2515, critic_z=-103.2880, encoder=-163.6571, decoder=0.7682
2025-06-24 16:03:05,997 - tadGANs - INFO - Epoch 656/1000 - Time: 0.66s - Loss: critic_x=-0.2474, critic_z=-104.6214, encoder=-160.2632, decoder=0.7534
2025-06-24 16:03:06,672 - tadGANs - INFO - Epoch 657/1000 - Time: 0.67s - Loss: critic_x=-0.2487, critic_z=-104.5437, encoder=-160.4935, decoder=0.7509
2025-06-24 16:03:07,352 - tadGANs - INFO - Epoch 658/1000 - Time: 0.68s - Loss: critic_x=-0.2490, critic_z=-106.3645, encoder=-162.9021, decoder=0.7277
2025-06-24 16:03:08,026 - tadGANs - INFO - Epoch 659/1000 - Time: 0.67s - Loss: critic_x=-0.2521, critic_z=-105.7703, encoder=-163.1660, decoder=0.7460
2025-06-24 16:03:08,667 - tadGANs - INFO - Epoch 660/1000 - Time: 0.64s - Loss: critic_x=-0.2357, critic_z=-106.8091, encoder=-160.6446, decoder=0.7661
2025-06-24 16:03:08,678 - tadGANs - INFO - Models saved at epoch 660
2025-06-24 16:03:09,316 - tadGANs - INFO - Epoch 661/1000 - Time: 0.64s - Loss: critic_x=-0.2518, critic_z=-108.0421, encoder=-163.5721, decoder=0.7101
2025-06-24 16:03:09,972 - tadGANs - INFO - Epoch 662/1000 - Time: 0.66s - Loss: critic_x=-0.2475, critic_z=-105.7469, encoder=-165.7891, decoder=0.7344
2025-06-24 16:03:10,606 - tadGANs - INFO - Epoch 663/1000 - Time: 0.63s - Loss: critic_x=-0.2323, critic_z=-108.6299, encoder=-166.4226, decoder=0.7318
2025-06-24 16:03:11,276 - tadGANs - INFO - Epoch 664/1000 - Time: 0.67s - Loss: critic_x=-0.2411, critic_z=-108.5066, encoder=-167.9471, decoder=0.7236
2025-06-24 16:03:11,926 - tadGANs - INFO - Epoch 665/1000 - Time: 0.65s - Loss: critic_x=-0.2435, critic_z=-107.0703, encoder=-166.4215, decoder=0.7375
2025-06-24 16:03:12,564 - tadGANs - INFO - Epoch 666/1000 - Time: 0.64s - Loss: critic_x=-0.2397, critic_z=-108.8688, encoder=-168.7678, decoder=0.7496
2025-06-24 16:03:13,176 - tadGANs - INFO - Epoch 667/1000 - Time: 0.61s - Loss: critic_x=-0.2361, critic_z=-107.1650, encoder=-168.9622, decoder=0.7441
2025-06-24 16:03:13,945 - tadGANs - INFO - Epoch 668/1000 - Time: 0.77s - Loss: critic_x=-0.2365, critic_z=-108.3455, encoder=-168.9391, decoder=0.7405
2025-06-24 16:03:14,653 - tadGANs - INFO - Epoch 669/1000 - Time: 0.71s - Loss: critic_x=-0.2400, critic_z=-109.6999, encoder=-168.9417, decoder=0.7642
2025-06-24 16:03:15,409 - tadGANs - INFO - Epoch 670/1000 - Time: 0.76s - Loss: critic_x=-0.2442, critic_z=-108.9997, encoder=-166.1049, decoder=0.7448
2025-06-24 16:03:15,421 - tadGANs - INFO - Models saved at epoch 670
2025-06-24 16:03:16,108 - tadGANs - INFO - Epoch 671/1000 - Time: 0.69s - Loss: critic_x=-0.2346, critic_z=-109.4082, encoder=-169.6137, decoder=0.7217
2025-06-24 16:03:16,790 - tadGANs - INFO - Epoch 672/1000 - Time: 0.68s - Loss: critic_x=-0.2388, critic_z=-111.3313, encoder=-169.3602, decoder=0.7120
2025-06-24 16:03:17,462 - tadGANs - INFO - Epoch 673/1000 - Time: 0.67s - Loss: critic_x=-0.2315, critic_z=-110.9280, encoder=-169.8777, decoder=0.7404
2025-06-24 16:03:18,130 - tadGANs - INFO - Epoch 674/1000 - Time: 0.67s - Loss: critic_x=-0.2342, critic_z=-110.4696, encoder=-170.5870, decoder=0.7208
2025-06-24 16:03:18,767 - tadGANs - INFO - Epoch 675/1000 - Time: 0.64s - Loss: critic_x=-0.2293, critic_z=-110.8902, encoder=-172.0372, decoder=0.7188
2025-06-24 16:03:19,437 - tadGANs - INFO - Epoch 676/1000 - Time: 0.67s - Loss: critic_x=-0.2274, critic_z=-112.7713, encoder=-172.9222, decoder=0.7291
2025-06-24 16:03:20,202 - tadGANs - INFO - Epoch 677/1000 - Time: 0.76s - Loss: critic_x=-0.2258, critic_z=-112.2511, encoder=-172.4478, decoder=0.7339
2025-06-24 16:03:20,923 - tadGANs - INFO - Epoch 678/1000 - Time: 0.72s - Loss: critic_x=-0.2287, critic_z=-111.6155, encoder=-176.0601, decoder=0.7128
2025-06-24 16:03:21,609 - tadGANs - INFO - Epoch 679/1000 - Time: 0.69s - Loss: critic_x=-0.2261, critic_z=-111.8606, encoder=-173.3557, decoder=0.7085
2025-06-24 16:03:22,330 - tadGANs - INFO - Epoch 680/1000 - Time: 0.72s - Loss: critic_x=-0.2320, critic_z=-112.0162, encoder=-175.3929, decoder=0.7112
2025-06-24 16:03:22,343 - tadGANs - INFO - Models saved at epoch 680
2025-06-24 16:03:23,062 - tadGANs - INFO - Epoch 681/1000 - Time: 0.72s - Loss: critic_x=-0.2292, critic_z=-113.0716, encoder=-172.0822, decoder=0.7007
2025-06-24 16:03:23,762 - tadGANs - INFO - Epoch 682/1000 - Time: 0.70s - Loss: critic_x=-0.2233, critic_z=-113.4288, encoder=-174.3329, decoder=0.7182
2025-06-24 16:03:24,479 - tadGANs - INFO - Epoch 683/1000 - Time: 0.72s - Loss: critic_x=-0.2242, critic_z=-113.8764, encoder=-174.2434, decoder=0.6858
2025-06-24 16:03:25,215 - tadGANs - INFO - Epoch 684/1000 - Time: 0.74s - Loss: critic_x=-0.2184, critic_z=-112.5127, encoder=-176.4172, decoder=0.7144
2025-06-24 16:03:25,879 - tadGANs - INFO - Epoch 685/1000 - Time: 0.66s - Loss: critic_x=-0.2274, critic_z=-113.5221, encoder=-176.8275, decoder=0.6903
2025-06-24 16:03:26,596 - tadGANs - INFO - Epoch 686/1000 - Time: 0.72s - Loss: critic_x=-0.2244, critic_z=-115.5552, encoder=-178.7570, decoder=0.6958
2025-06-24 16:03:28,798 - tadGANs - INFO - Epoch 687/1000 - Time: 2.20s - Loss: critic_x=-0.2221, critic_z=-114.2745, encoder=-177.6940, decoder=0.6928
2025-06-24 16:03:29,484 - tadGANs - INFO - Epoch 688/1000 - Time: 0.69s - Loss: critic_x=-0.2223, critic_z=-114.4780, encoder=-175.7879, decoder=0.7101
2025-06-24 16:03:30,154 - tadGANs - INFO - Epoch 689/1000 - Time: 0.67s - Loss: critic_x=-0.2206, critic_z=-113.6784, encoder=-178.1839, decoder=0.6765
2025-06-24 16:03:30,860 - tadGANs - INFO - Epoch 690/1000 - Time: 0.71s - Loss: critic_x=-0.2214, critic_z=-115.4657, encoder=-179.1556, decoder=0.6995
2025-06-24 16:03:30,873 - tadGANs - INFO - Models saved at epoch 690
2025-06-24 16:03:31,586 - tadGANs - INFO - Epoch 691/1000 - Time: 0.71s - Loss: critic_x=-0.2151, critic_z=-117.2390, encoder=-184.5589, decoder=0.6688
2025-06-24 16:03:32,329 - tadGANs - INFO - Epoch 692/1000 - Time: 0.74s - Loss: critic_x=-0.2224, critic_z=-115.9792, encoder=-180.4468, decoder=0.6943
2025-06-24 16:03:33,083 - tadGANs - INFO - Epoch 693/1000 - Time: 0.75s - Loss: critic_x=-0.2210, critic_z=-115.5679, encoder=-184.1420, decoder=0.6796
2025-06-24 16:03:33,791 - tadGANs - INFO - Epoch 694/1000 - Time: 0.71s - Loss: critic_x=-0.2214, critic_z=-115.5302, encoder=-181.4657, decoder=0.6790
2025-06-24 16:03:34,503 - tadGANs - INFO - Epoch 695/1000 - Time: 0.71s - Loss: critic_x=-0.2143, critic_z=-118.6162, encoder=-184.7188, decoder=0.6955
2025-06-24 16:03:35,209 - tadGANs - INFO - Epoch 696/1000 - Time: 0.71s - Loss: critic_x=-0.2174, critic_z=-116.8368, encoder=-182.8720, decoder=0.6803
2025-06-24 16:03:35,872 - tadGANs - INFO - Epoch 697/1000 - Time: 0.66s - Loss: critic_x=-0.2075, critic_z=-117.4377, encoder=-180.4697, decoder=0.6557
2025-06-24 16:03:36,564 - tadGANs - INFO - Epoch 698/1000 - Time: 0.69s - Loss: critic_x=-0.2157, critic_z=-118.8976, encoder=-183.4055, decoder=0.6641
2025-06-24 16:03:37,220 - tadGANs - INFO - Epoch 699/1000 - Time: 0.66s - Loss: critic_x=-0.2109, critic_z=-118.5388, encoder=-185.7024, decoder=0.6779
2025-06-24 16:03:37,929 - tadGANs - INFO - Epoch 700/1000 - Time: 0.71s - Loss: critic_x=-0.2131, critic_z=-119.4451, encoder=-186.2928, decoder=0.6796
2025-06-24 16:03:37,940 - tadGANs - INFO - Models saved at epoch 700
2025-06-24 16:03:38,694 - tadGANs - INFO - Epoch 701/1000 - Time: 0.75s - Loss: critic_x=-0.2173, critic_z=-118.0587, encoder=-188.0915, decoder=0.6905
2025-06-24 16:03:39,359 - tadGANs - INFO - Epoch 702/1000 - Time: 0.66s - Loss: critic_x=-0.2142, critic_z=-117.6484, encoder=-185.7515, decoder=0.6832
2025-06-24 16:03:40,066 - tadGANs - INFO - Epoch 703/1000 - Time: 0.71s - Loss: critic_x=-0.2119, critic_z=-119.0035, encoder=-189.1609, decoder=0.6952
2025-06-24 16:03:40,764 - tadGANs - INFO - Epoch 704/1000 - Time: 0.70s - Loss: critic_x=-0.2094, critic_z=-119.7976, encoder=-185.7159, decoder=0.6697
2025-06-24 16:03:41,422 - tadGANs - INFO - Epoch 705/1000 - Time: 0.66s - Loss: critic_x=-0.2124, critic_z=-120.1177, encoder=-185.7431, decoder=0.6774
2025-06-24 16:03:42,056 - tadGANs - INFO - Epoch 706/1000 - Time: 0.63s - Loss: critic_x=-0.2208, critic_z=-120.4093, encoder=-189.2081, decoder=0.6867
2025-06-24 16:03:42,708 - tadGANs - INFO - Epoch 707/1000 - Time: 0.65s - Loss: critic_x=-0.2110, critic_z=-120.5978, encoder=-188.5257, decoder=0.6607
2025-06-24 16:03:43,378 - tadGANs - INFO - Epoch 708/1000 - Time: 0.67s - Loss: critic_x=-0.2178, critic_z=-122.8421, encoder=-188.8936, decoder=0.6634
2025-06-24 16:03:44,023 - tadGANs - INFO - Epoch 709/1000 - Time: 0.64s - Loss: critic_x=-0.2082, critic_z=-121.5825, encoder=-193.0080, decoder=0.6793
2025-06-24 16:03:44,668 - tadGANs - INFO - Epoch 710/1000 - Time: 0.65s - Loss: critic_x=-0.2083, critic_z=-121.8495, encoder=-191.7277, decoder=0.6668
2025-06-24 16:03:44,680 - tadGANs - INFO - Models saved at epoch 710
2025-06-24 16:03:45,287 - tadGANs - INFO - Epoch 711/1000 - Time: 0.61s - Loss: critic_x=-0.2119, critic_z=-122.6903, encoder=-195.2836, decoder=0.6733
2025-06-24 16:03:45,941 - tadGANs - INFO - Epoch 712/1000 - Time: 0.65s - Loss: critic_x=-0.2131, critic_z=-121.6074, encoder=-193.3059, decoder=0.6636
2025-06-24 16:03:46,596 - tadGANs - INFO - Epoch 713/1000 - Time: 0.66s - Loss: critic_x=-0.2104, critic_z=-122.2635, encoder=-194.9330, decoder=0.6692
2025-06-24 16:03:47,301 - tadGANs - INFO - Epoch 714/1000 - Time: 0.70s - Loss: critic_x=-0.2034, critic_z=-122.5437, encoder=-192.5522, decoder=0.6773
2025-06-24 16:03:47,959 - tadGANs - INFO - Epoch 715/1000 - Time: 0.66s - Loss: critic_x=-0.2068, critic_z=-122.1225, encoder=-190.5343, decoder=0.6748
2025-06-24 16:03:48,634 - tadGANs - INFO - Epoch 716/1000 - Time: 0.67s - Loss: critic_x=-0.2048, critic_z=-125.2814, encoder=-194.3338, decoder=0.6522
2025-06-24 16:03:49,288 - tadGANs - INFO - Epoch 717/1000 - Time: 0.65s - Loss: critic_x=-0.1986, critic_z=-124.7207, encoder=-194.3494, decoder=0.6692
2025-06-24 16:03:49,957 - tadGANs - INFO - Epoch 718/1000 - Time: 0.67s - Loss: critic_x=-0.2054, critic_z=-124.9020, encoder=-194.8946, decoder=0.6472
2025-06-24 16:03:50,614 - tadGANs - INFO - Epoch 719/1000 - Time: 0.66s - Loss: critic_x=-0.2107, critic_z=-124.6538, encoder=-198.9441, decoder=0.6770
2025-06-24 16:03:51,275 - tadGANs - INFO - Epoch 720/1000 - Time: 0.66s - Loss: critic_x=-0.2023, critic_z=-123.6983, encoder=-199.8486, decoder=0.6771
2025-06-24 16:03:51,286 - tadGANs - INFO - Models saved at epoch 720
2025-06-24 16:03:51,992 - tadGANs - INFO - Epoch 721/1000 - Time: 0.71s - Loss: critic_x=-0.2050, critic_z=-125.4378, encoder=-194.4344, decoder=0.6533
2025-06-24 16:03:52,682 - tadGANs - INFO - Epoch 722/1000 - Time: 0.69s - Loss: critic_x=-0.2024, critic_z=-124.7064, encoder=-193.7685, decoder=0.6638
2025-06-24 16:03:53,333 - tadGANs - INFO - Epoch 723/1000 - Time: 0.65s - Loss: critic_x=-0.2075, critic_z=-124.8198, encoder=-196.9157, decoder=0.6704
2025-06-24 16:03:53,996 - tadGANs - INFO - Epoch 724/1000 - Time: 0.66s - Loss: critic_x=-0.2042, critic_z=-125.9724, encoder=-198.4223, decoder=0.6646
2025-06-24 16:03:54,722 - tadGANs - INFO - Epoch 725/1000 - Time: 0.73s - Loss: critic_x=-0.2050, critic_z=-125.5718, encoder=-199.0254, decoder=0.6572
2025-06-24 16:03:55,403 - tadGANs - INFO - Epoch 726/1000 - Time: 0.68s - Loss: critic_x=-0.2027, critic_z=-127.9673, encoder=-195.0765, decoder=0.6530
2025-06-24 16:03:56,076 - tadGANs - INFO - Epoch 727/1000 - Time: 0.67s - Loss: critic_x=-0.2049, critic_z=-127.8327, encoder=-196.7656, decoder=0.6660
2025-06-24 16:03:56,751 - tadGANs - INFO - Epoch 728/1000 - Time: 0.67s - Loss: critic_x=-0.2021, critic_z=-129.0564, encoder=-202.7074, decoder=0.6931
2025-06-24 16:03:57,407 - tadGANs - INFO - Epoch 729/1000 - Time: 0.66s - Loss: critic_x=-0.1977, critic_z=-128.8001, encoder=-202.6135, decoder=0.6763
2025-06-24 16:03:58,044 - tadGANs - INFO - Epoch 730/1000 - Time: 0.64s - Loss: critic_x=-0.2104, critic_z=-128.6515, encoder=-200.6112, decoder=0.6629
2025-06-24 16:03:58,055 - tadGANs - INFO - Models saved at epoch 730
2025-06-24 16:03:58,724 - tadGANs - INFO - Epoch 731/1000 - Time: 0.67s - Loss: critic_x=-0.2005, critic_z=-128.6147, encoder=-206.7199, decoder=0.6936
2025-06-24 16:03:59,415 - tadGANs - INFO - Epoch 732/1000 - Time: 0.69s - Loss: critic_x=-0.1994, critic_z=-130.8942, encoder=-200.8275, decoder=0.6689
2025-06-24 16:04:00,100 - tadGANs - INFO - Epoch 733/1000 - Time: 0.69s - Loss: critic_x=-0.2048, critic_z=-130.0257, encoder=-204.1677, decoder=0.6843
2025-06-24 16:04:02,255 - tadGANs - INFO - Epoch 734/1000 - Time: 2.15s - Loss: critic_x=-0.2006, critic_z=-128.7080, encoder=-200.6210, decoder=0.6881
2025-06-24 16:04:02,929 - tadGANs - INFO - Epoch 735/1000 - Time: 0.67s - Loss: critic_x=-0.2057, critic_z=-129.8611, encoder=-204.5427, decoder=0.6591
2025-06-24 16:04:03,585 - tadGANs - INFO - Epoch 736/1000 - Time: 0.66s - Loss: critic_x=-0.2036, critic_z=-129.8624, encoder=-203.8227, decoder=0.6938
2025-06-24 16:04:04,230 - tadGANs - INFO - Epoch 737/1000 - Time: 0.64s - Loss: critic_x=-0.2012, critic_z=-130.5672, encoder=-204.9753, decoder=0.6915
2025-06-24 16:04:04,910 - tadGANs - INFO - Epoch 738/1000 - Time: 0.68s - Loss: critic_x=-0.1983, critic_z=-131.4052, encoder=-206.7908, decoder=0.7063
2025-06-24 16:04:05,609 - tadGANs - INFO - Epoch 739/1000 - Time: 0.70s - Loss: critic_x=-0.2010, critic_z=-132.5431, encoder=-208.4041, decoder=0.6728
2025-06-24 16:04:06,267 - tadGANs - INFO - Epoch 740/1000 - Time: 0.66s - Loss: critic_x=-0.1982, critic_z=-132.8133, encoder=-207.4262, decoder=0.6871
2025-06-24 16:04:06,278 - tadGANs - INFO - Models saved at epoch 740
2025-06-24 16:04:06,945 - tadGANs - INFO - Epoch 741/1000 - Time: 0.67s - Loss: critic_x=-0.2036, critic_z=-131.6605, encoder=-208.1177, decoder=0.6993
2025-06-24 16:04:07,637 - tadGANs - INFO - Epoch 742/1000 - Time: 0.69s - Loss: critic_x=-0.1975, critic_z=-132.6571, encoder=-213.0560, decoder=0.7002
2025-06-24 16:04:08,301 - tadGANs - INFO - Epoch 743/1000 - Time: 0.66s - Loss: critic_x=-0.1969, critic_z=-132.1832, encoder=-208.7499, decoder=0.6934
2025-06-24 16:04:08,940 - tadGANs - INFO - Epoch 744/1000 - Time: 0.64s - Loss: critic_x=-0.1986, critic_z=-132.6345, encoder=-211.6925, decoder=0.6973
2025-06-24 16:04:09,612 - tadGANs - INFO - Epoch 745/1000 - Time: 0.67s - Loss: critic_x=-0.1994, critic_z=-131.5796, encoder=-213.2173, decoder=0.7086
2025-06-24 16:04:10,308 - tadGANs - INFO - Epoch 746/1000 - Time: 0.70s - Loss: critic_x=-0.1997, critic_z=-134.7534, encoder=-208.1521, decoder=0.6900
2025-06-24 16:04:10,987 - tadGANs - INFO - Epoch 747/1000 - Time: 0.68s - Loss: critic_x=-0.2021, critic_z=-133.8522, encoder=-212.1892, decoder=0.7170
2025-06-24 16:04:11,632 - tadGANs - INFO - Epoch 748/1000 - Time: 0.64s - Loss: critic_x=-0.2007, critic_z=-131.7122, encoder=-212.2331, decoder=0.7143
2025-06-24 16:04:12,319 - tadGANs - INFO - Epoch 749/1000 - Time: 0.69s - Loss: critic_x=-0.2007, critic_z=-133.4659, encoder=-212.3329, decoder=0.7154
2025-06-24 16:04:13,000 - tadGANs - INFO - Epoch 750/1000 - Time: 0.68s - Loss: critic_x=-0.2051, critic_z=-135.3290, encoder=-217.4095, decoder=0.7066
2025-06-24 16:04:13,010 - tadGANs - INFO - Models saved at epoch 750
2025-06-24 16:04:13,678 - tadGANs - INFO - Epoch 751/1000 - Time: 0.67s - Loss: critic_x=-0.2029, critic_z=-134.8524, encoder=-212.9593, decoder=0.6825
2025-06-24 16:04:14,383 - tadGANs - INFO - Epoch 752/1000 - Time: 0.70s - Loss: critic_x=-0.2025, critic_z=-135.0022, encoder=-212.8967, decoder=0.7206
2025-06-24 16:04:15,025 - tadGANs - INFO - Epoch 753/1000 - Time: 0.64s - Loss: critic_x=-0.2035, critic_z=-136.6827, encoder=-215.5057, decoder=0.7181
2025-06-24 16:04:15,652 - tadGANs - INFO - Epoch 754/1000 - Time: 0.63s - Loss: critic_x=-0.1999, critic_z=-136.7187, encoder=-216.7999, decoder=0.7227
2025-06-24 16:04:16,279 - tadGANs - INFO - Epoch 755/1000 - Time: 0.63s - Loss: critic_x=-0.1999, critic_z=-135.1719, encoder=-216.2817, decoder=0.7114
2025-06-24 16:04:16,933 - tadGANs - INFO - Epoch 756/1000 - Time: 0.65s - Loss: critic_x=-0.2006, critic_z=-135.7036, encoder=-216.9909, decoder=0.7190
2025-06-24 16:04:17,579 - tadGANs - INFO - Epoch 757/1000 - Time: 0.65s - Loss: critic_x=-0.1997, critic_z=-135.6182, encoder=-219.1693, decoder=0.7071
2025-06-24 16:04:18,217 - tadGANs - INFO - Epoch 758/1000 - Time: 0.64s - Loss: critic_x=-0.2016, critic_z=-139.2798, encoder=-212.0742, decoder=0.7154
2025-06-24 16:04:18,900 - tadGANs - INFO - Epoch 759/1000 - Time: 0.68s - Loss: critic_x=-0.2004, critic_z=-137.6310, encoder=-216.3341, decoder=0.7193
2025-06-24 16:04:19,551 - tadGANs - INFO - Epoch 760/1000 - Time: 0.65s - Loss: critic_x=-0.1988, critic_z=-137.8791, encoder=-215.7194, decoder=0.7284
2025-06-24 16:04:19,562 - tadGANs - INFO - Models saved at epoch 760
2025-06-24 16:04:20,245 - tadGANs - INFO - Epoch 761/1000 - Time: 0.68s - Loss: critic_x=-0.1979, critic_z=-137.2612, encoder=-220.6243, decoder=0.7274
2025-06-24 16:04:20,936 - tadGANs - INFO - Epoch 762/1000 - Time: 0.69s - Loss: critic_x=-0.2009, critic_z=-139.6544, encoder=-217.8875, decoder=0.7292
2025-06-24 16:04:21,639 - tadGANs - INFO - Epoch 763/1000 - Time: 0.70s - Loss: critic_x=-0.2034, critic_z=-141.1587, encoder=-223.8159, decoder=0.7142
2025-06-24 16:04:22,335 - tadGANs - INFO - Epoch 764/1000 - Time: 0.70s - Loss: critic_x=-0.2006, critic_z=-138.6206, encoder=-221.2531, decoder=0.7318
2025-06-24 16:04:23,053 - tadGANs - INFO - Epoch 765/1000 - Time: 0.72s - Loss: critic_x=-0.2046, critic_z=-137.2876, encoder=-223.0869, decoder=0.7284
2025-06-24 16:04:23,783 - tadGANs - INFO - Epoch 766/1000 - Time: 0.73s - Loss: critic_x=-0.2044, critic_z=-138.5778, encoder=-219.7774, decoder=0.7249
2025-06-24 16:04:24,448 - tadGANs - INFO - Epoch 767/1000 - Time: 0.66s - Loss: critic_x=-0.2033, critic_z=-139.4315, encoder=-223.8486, decoder=0.7307
2025-06-24 16:04:25,138 - tadGANs - INFO - Epoch 768/1000 - Time: 0.69s - Loss: critic_x=-0.2016, critic_z=-139.6231, encoder=-221.0940, decoder=0.7369
2025-06-24 16:04:25,865 - tadGANs - INFO - Epoch 769/1000 - Time: 0.73s - Loss: critic_x=-0.2038, critic_z=-140.1201, encoder=-223.9123, decoder=0.7508
2025-06-24 16:04:26,650 - tadGANs - INFO - Epoch 770/1000 - Time: 0.78s - Loss: critic_x=-0.2030, critic_z=-141.0185, encoder=-222.6575, decoder=0.7394
2025-06-24 16:04:26,665 - tadGANs - INFO - Models saved at epoch 770
2025-06-24 16:04:27,391 - tadGANs - INFO - Epoch 771/1000 - Time: 0.73s - Loss: critic_x=-0.2037, critic_z=-140.0136, encoder=-225.1039, decoder=0.7649
2025-06-24 16:04:28,101 - tadGANs - INFO - Epoch 772/1000 - Time: 0.71s - Loss: critic_x=-0.2032, critic_z=-142.4242, encoder=-223.7537, decoder=0.7489
2025-06-24 16:04:28,787 - tadGANs - INFO - Epoch 773/1000 - Time: 0.69s - Loss: critic_x=-0.2048, critic_z=-141.8285, encoder=-224.5960, decoder=0.7611
2025-06-24 16:04:29,475 - tadGANs - INFO - Epoch 774/1000 - Time: 0.69s - Loss: critic_x=-0.2058, critic_z=-139.3114, encoder=-220.7940, decoder=0.7493
2025-06-24 16:04:30,147 - tadGANs - INFO - Epoch 775/1000 - Time: 0.67s - Loss: critic_x=-0.2032, critic_z=-144.1047, encoder=-226.4349, decoder=0.7560
2025-06-24 16:04:30,807 - tadGANs - INFO - Epoch 776/1000 - Time: 0.66s - Loss: critic_x=-0.2049, critic_z=-143.1550, encoder=-227.4639, decoder=0.7802
2025-06-24 16:04:31,511 - tadGANs - INFO - Epoch 777/1000 - Time: 0.70s - Loss: critic_x=-0.2062, critic_z=-143.3718, encoder=-228.4327, decoder=0.7634
2025-06-24 16:04:32,220 - tadGANs - INFO - Epoch 778/1000 - Time: 0.71s - Loss: critic_x=-0.2095, critic_z=-142.5036, encoder=-230.1025, decoder=0.7737
2025-06-24 16:04:33,020 - tadGANs - INFO - Epoch 779/1000 - Time: 0.80s - Loss: critic_x=-0.2076, critic_z=-144.3599, encoder=-229.5830, decoder=0.7867
2025-06-24 16:04:33,709 - tadGANs - INFO - Epoch 780/1000 - Time: 0.69s - Loss: critic_x=-0.2079, critic_z=-142.5897, encoder=-229.4568, decoder=0.7850
2025-06-24 16:04:33,726 - tadGANs - INFO - Models saved at epoch 780
2025-06-24 16:04:34,438 - tadGANs - INFO - Epoch 781/1000 - Time: 0.71s - Loss: critic_x=-0.2078, critic_z=-145.4506, encoder=-233.5255, decoder=0.7656
2025-06-24 16:04:36,667 - tadGANs - INFO - Epoch 782/1000 - Time: 2.23s - Loss: critic_x=-0.2065, critic_z=-145.9943, encoder=-226.4943, decoder=0.7564
2025-06-24 16:04:37,379 - tadGANs - INFO - Epoch 783/1000 - Time: 0.71s - Loss: critic_x=-0.2118, critic_z=-145.9391, encoder=-236.3652, decoder=0.7842
2025-06-24 16:04:38,070 - tadGANs - INFO - Epoch 784/1000 - Time: 0.69s - Loss: critic_x=-0.2077, critic_z=-145.3208, encoder=-232.9208, decoder=0.7769
2025-06-24 16:04:38,722 - tadGANs - INFO - Epoch 785/1000 - Time: 0.65s - Loss: critic_x=-0.2084, critic_z=-146.0448, encoder=-233.2978, decoder=0.7926
2025-06-24 16:04:39,459 - tadGANs - INFO - Epoch 786/1000 - Time: 0.74s - Loss: critic_x=-0.2103, critic_z=-146.9693, encoder=-231.5924, decoder=0.7824
2025-06-24 16:04:40,127 - tadGANs - INFO - Epoch 787/1000 - Time: 0.67s - Loss: critic_x=-0.2107, critic_z=-146.5311, encoder=-233.5183, decoder=0.7889
2025-06-24 16:04:40,821 - tadGANs - INFO - Epoch 788/1000 - Time: 0.69s - Loss: critic_x=-0.2105, critic_z=-148.3631, encoder=-231.5202, decoder=0.7757
2025-06-24 16:04:41,480 - tadGANs - INFO - Epoch 789/1000 - Time: 0.66s - Loss: critic_x=-0.2111, critic_z=-147.8114, encoder=-233.0967, decoder=0.7943
2025-06-24 16:04:42,225 - tadGANs - INFO - Epoch 790/1000 - Time: 0.74s - Loss: critic_x=-0.2125, critic_z=-149.9478, encoder=-237.4926, decoder=0.7893
2025-06-24 16:04:42,236 - tadGANs - INFO - Models saved at epoch 790
2025-06-24 16:04:42,934 - tadGANs - INFO - Epoch 791/1000 - Time: 0.70s - Loss: critic_x=-0.2133, critic_z=-150.6344, encoder=-234.4656, decoder=0.8043
2025-06-24 16:04:43,660 - tadGANs - INFO - Epoch 792/1000 - Time: 0.73s - Loss: critic_x=-0.2127, critic_z=-149.1731, encoder=-237.1413, decoder=0.7912
2025-06-24 16:04:44,376 - tadGANs - INFO - Epoch 793/1000 - Time: 0.72s - Loss: critic_x=-0.2123, critic_z=-150.8301, encoder=-239.6368, decoder=0.8029
2025-06-24 16:04:45,071 - tadGANs - INFO - Epoch 794/1000 - Time: 0.69s - Loss: critic_x=-0.2122, critic_z=-149.0602, encoder=-239.8632, decoder=0.7909
2025-06-24 16:04:45,771 - tadGANs - INFO - Epoch 795/1000 - Time: 0.70s - Loss: critic_x=-0.2142, critic_z=-150.7742, encoder=-239.8578, decoder=0.7937
2025-06-24 16:04:46,521 - tadGANs - INFO - Epoch 796/1000 - Time: 0.75s - Loss: critic_x=-0.2148, critic_z=-148.8050, encoder=-237.9687, decoder=0.7884
2025-06-24 16:04:47,204 - tadGANs - INFO - Epoch 797/1000 - Time: 0.68s - Loss: critic_x=-0.2131, critic_z=-150.9394, encoder=-238.6379, decoder=0.7827
2025-06-24 16:04:47,877 - tadGANs - INFO - Epoch 798/1000 - Time: 0.67s - Loss: critic_x=-0.2161, critic_z=-152.2343, encoder=-242.2496, decoder=0.7827
2025-06-24 16:04:48,557 - tadGANs - INFO - Epoch 799/1000 - Time: 0.68s - Loss: critic_x=-0.2141, critic_z=-150.0421, encoder=-242.2297, decoder=0.8079
2025-06-24 16:04:49,231 - tadGANs - INFO - Epoch 800/1000 - Time: 0.67s - Loss: critic_x=-0.2182, critic_z=-152.3700, encoder=-236.6553, decoder=0.8135
2025-06-24 16:04:49,242 - tadGANs - INFO - Models saved at epoch 800
2025-06-24 16:04:49,888 - tadGANs - INFO - Epoch 801/1000 - Time: 0.65s - Loss: critic_x=-0.2187, critic_z=-153.2004, encoder=-241.9598, decoder=0.7944
2025-06-24 16:04:50,585 - tadGANs - INFO - Epoch 802/1000 - Time: 0.70s - Loss: critic_x=-0.2184, critic_z=-153.9277, encoder=-239.4731, decoder=0.8119
2025-06-24 16:04:51,288 - tadGANs - INFO - Epoch 803/1000 - Time: 0.70s - Loss: critic_x=-0.2185, critic_z=-152.6848, encoder=-245.7444, decoder=0.8105
2025-06-24 16:04:51,990 - tadGANs - INFO - Epoch 804/1000 - Time: 0.70s - Loss: critic_x=-0.2188, critic_z=-155.2430, encoder=-245.2664, decoder=0.8166
2025-06-24 16:04:52,680 - tadGANs - INFO - Epoch 805/1000 - Time: 0.69s - Loss: critic_x=-0.2185, critic_z=-152.5031, encoder=-241.6296, decoder=0.8155
2025-06-24 16:04:53,350 - tadGANs - INFO - Epoch 806/1000 - Time: 0.67s - Loss: critic_x=-0.2189, critic_z=-153.4548, encoder=-247.2486, decoder=0.8207
2025-06-24 16:04:53,987 - tadGANs - INFO - Epoch 807/1000 - Time: 0.64s - Loss: critic_x=-0.2201, critic_z=-154.8627, encoder=-242.1510, decoder=0.7977
2025-06-24 16:04:54,677 - tadGANs - INFO - Epoch 808/1000 - Time: 0.69s - Loss: critic_x=-0.2209, critic_z=-154.6260, encoder=-249.3749, decoder=0.8430
2025-06-24 16:04:55,320 - tadGANs - INFO - Epoch 809/1000 - Time: 0.64s - Loss: critic_x=-0.2235, critic_z=-155.6121, encoder=-249.0395, decoder=0.8322
2025-06-24 16:04:55,983 - tadGANs - INFO - Epoch 810/1000 - Time: 0.66s - Loss: critic_x=-0.2224, critic_z=-156.4313, encoder=-246.4888, decoder=0.8372
2025-06-24 16:04:55,995 - tadGANs - INFO - Models saved at epoch 810
2025-06-24 16:04:56,705 - tadGANs - INFO - Epoch 811/1000 - Time: 0.71s - Loss: critic_x=-0.2239, critic_z=-156.1647, encoder=-252.0243, decoder=0.8490
2025-06-24 16:04:57,353 - tadGANs - INFO - Epoch 812/1000 - Time: 0.65s - Loss: critic_x=-0.2275, critic_z=-158.7615, encoder=-250.4811, decoder=0.8545
2025-06-24 16:04:58,021 - tadGANs - INFO - Epoch 813/1000 - Time: 0.67s - Loss: critic_x=-0.2248, critic_z=-157.8814, encoder=-249.7292, decoder=0.8464
2025-06-24 16:04:58,684 - tadGANs - INFO - Epoch 814/1000 - Time: 0.66s - Loss: critic_x=-0.2220, critic_z=-156.3043, encoder=-254.3080, decoder=0.8470
2025-06-24 16:04:59,355 - tadGANs - INFO - Epoch 815/1000 - Time: 0.67s - Loss: critic_x=-0.2281, critic_z=-158.6963, encoder=-253.8064, decoder=0.8464
2025-06-24 16:04:59,990 - tadGANs - INFO - Epoch 816/1000 - Time: 0.63s - Loss: critic_x=-0.2248, critic_z=-158.1480, encoder=-251.3969, decoder=0.8442
2025-06-24 16:05:00,664 - tadGANs - INFO - Epoch 817/1000 - Time: 0.67s - Loss: critic_x=-0.2262, critic_z=-157.0252, encoder=-256.9306, decoder=0.8503
2025-06-24 16:05:01,359 - tadGANs - INFO - Epoch 818/1000 - Time: 0.69s - Loss: critic_x=-0.2282, critic_z=-157.4176, encoder=-253.0991, decoder=0.8674
2025-06-24 16:05:02,027 - tadGANs - INFO - Epoch 819/1000 - Time: 0.67s - Loss: critic_x=-0.2262, critic_z=-157.6776, encoder=-252.8417, decoder=0.8450
2025-06-24 16:05:02,671 - tadGANs - INFO - Epoch 820/1000 - Time: 0.64s - Loss: critic_x=-0.2289, critic_z=-158.6631, encoder=-249.6572, decoder=0.8360
2025-06-24 16:05:02,682 - tadGANs - INFO - Models saved at epoch 820
2025-06-24 16:05:03,333 - tadGANs - INFO - Epoch 821/1000 - Time: 0.65s - Loss: critic_x=-0.2307, critic_z=-161.7908, encoder=-256.9227, decoder=0.8521
2025-06-24 16:05:03,976 - tadGANs - INFO - Epoch 822/1000 - Time: 0.64s - Loss: critic_x=-0.2309, critic_z=-158.6342, encoder=-257.4691, decoder=0.8624
2025-06-24 16:05:04,625 - tadGANs - INFO - Epoch 823/1000 - Time: 0.65s - Loss: critic_x=-0.2276, critic_z=-160.0206, encoder=-258.6370, decoder=0.8488
2025-06-24 16:05:05,264 - tadGANs - INFO - Epoch 824/1000 - Time: 0.64s - Loss: critic_x=-0.2315, critic_z=-160.2442, encoder=-256.9403, decoder=0.8586
2025-06-24 16:05:05,911 - tadGANs - INFO - Epoch 825/1000 - Time: 0.65s - Loss: critic_x=-0.2332, critic_z=-159.4397, encoder=-257.7189, decoder=0.8620
2025-06-24 16:05:06,599 - tadGANs - INFO - Epoch 826/1000 - Time: 0.69s - Loss: critic_x=-0.2316, critic_z=-159.6456, encoder=-257.2553, decoder=0.8695
2025-06-24 16:05:07,250 - tadGANs - INFO - Epoch 827/1000 - Time: 0.65s - Loss: critic_x=-0.2341, critic_z=-160.4396, encoder=-259.6948, decoder=0.8844
2025-06-24 16:05:07,900 - tadGANs - INFO - Epoch 828/1000 - Time: 0.65s - Loss: critic_x=-0.2297, critic_z=-162.2801, encoder=-256.4661, decoder=0.8798
2025-06-24 16:05:10,055 - tadGANs - INFO - Epoch 829/1000 - Time: 2.15s - Loss: critic_x=-0.2303, critic_z=-163.5488, encoder=-264.2513, decoder=0.8829
2025-06-24 16:05:10,704 - tadGANs - INFO - Epoch 830/1000 - Time: 0.65s - Loss: critic_x=-0.2318, critic_z=-161.6591, encoder=-261.8276, decoder=0.8691
2025-06-24 16:05:10,720 - tadGANs - INFO - Models saved at epoch 830
2025-06-24 16:05:11,384 - tadGANs - INFO - Epoch 831/1000 - Time: 0.66s - Loss: critic_x=-0.2334, critic_z=-163.7666, encoder=-260.4547, decoder=0.8639
2025-06-24 16:05:12,038 - tadGANs - INFO - Epoch 832/1000 - Time: 0.65s - Loss: critic_x=-0.2369, critic_z=-163.6450, encoder=-261.1748, decoder=0.8688
2025-06-24 16:05:12,697 - tadGANs - INFO - Epoch 833/1000 - Time: 0.66s - Loss: critic_x=-0.2331, critic_z=-163.5732, encoder=-260.9860, decoder=0.8820
2025-06-24 16:05:13,425 - tadGANs - INFO - Epoch 834/1000 - Time: 0.73s - Loss: critic_x=-0.2367, critic_z=-165.1751, encoder=-266.2693, decoder=0.8785
2025-06-24 16:05:14,093 - tadGANs - INFO - Epoch 835/1000 - Time: 0.67s - Loss: critic_x=-0.2347, critic_z=-162.5288, encoder=-266.6142, decoder=0.8938
2025-06-24 16:05:14,743 - tadGANs - INFO - Epoch 836/1000 - Time: 0.65s - Loss: critic_x=-0.2337, critic_z=-164.6732, encoder=-268.1281, decoder=0.8972
2025-06-24 16:05:15,391 - tadGANs - INFO - Epoch 837/1000 - Time: 0.65s - Loss: critic_x=-0.2407, critic_z=-164.9866, encoder=-267.7011, decoder=0.9072
2025-06-24 16:05:16,040 - tadGANs - INFO - Epoch 838/1000 - Time: 0.65s - Loss: critic_x=-0.2385, critic_z=-165.9269, encoder=-263.2679, decoder=0.8774
2025-06-24 16:05:16,843 - tadGANs - INFO - Epoch 839/1000 - Time: 0.80s - Loss: critic_x=-0.2373, critic_z=-165.5660, encoder=-269.8629, decoder=0.9015
2025-06-24 16:05:17,566 - tadGANs - INFO - Epoch 840/1000 - Time: 0.72s - Loss: critic_x=-0.2363, critic_z=-164.9681, encoder=-268.6337, decoder=0.9011
2025-06-24 16:05:17,578 - tadGANs - INFO - Models saved at epoch 840
2025-06-24 16:05:18,234 - tadGANs - INFO - Epoch 841/1000 - Time: 0.66s - Loss: critic_x=-0.2374, critic_z=-165.9422, encoder=-268.4899, decoder=0.9149
2025-06-24 16:05:18,894 - tadGANs - INFO - Epoch 842/1000 - Time: 0.66s - Loss: critic_x=-0.2414, critic_z=-166.5985, encoder=-271.0788, decoder=0.8946
2025-06-24 16:05:19,576 - tadGANs - INFO - Epoch 843/1000 - Time: 0.68s - Loss: critic_x=-0.2440, critic_z=-168.5809, encoder=-269.3475, decoder=0.9138
2025-06-24 16:05:20,241 - tadGANs - INFO - Epoch 844/1000 - Time: 0.66s - Loss: critic_x=-0.2400, critic_z=-167.4253, encoder=-272.9226, decoder=0.9139
2025-06-24 16:05:20,888 - tadGANs - INFO - Epoch 845/1000 - Time: 0.65s - Loss: critic_x=-0.2401, critic_z=-168.1419, encoder=-269.4474, decoder=0.9116
2025-06-24 16:05:21,548 - tadGANs - INFO - Epoch 846/1000 - Time: 0.66s - Loss: critic_x=-0.2415, critic_z=-169.5930, encoder=-273.5165, decoder=0.9196
2025-06-24 16:05:22,241 - tadGANs - INFO - Epoch 847/1000 - Time: 0.69s - Loss: critic_x=-0.2409, critic_z=-168.7208, encoder=-275.5142, decoder=0.9208
2025-06-24 16:05:22,904 - tadGANs - INFO - Epoch 848/1000 - Time: 0.66s - Loss: critic_x=-0.2401, critic_z=-167.0481, encoder=-272.9084, decoder=0.9105
2025-06-24 16:05:23,550 - tadGANs - INFO - Epoch 849/1000 - Time: 0.65s - Loss: critic_x=-0.2485, critic_z=-172.3216, encoder=-275.2651, decoder=0.9051
2025-06-24 16:05:24,198 - tadGANs - INFO - Epoch 850/1000 - Time: 0.65s - Loss: critic_x=-0.2457, critic_z=-170.1362, encoder=-272.0237, decoder=0.9011
2025-06-24 16:05:24,209 - tadGANs - INFO - Models saved at epoch 850
2025-06-24 16:05:24,881 - tadGANs - INFO - Epoch 851/1000 - Time: 0.67s - Loss: critic_x=-0.2473, critic_z=-171.4639, encoder=-274.3242, decoder=0.8890
2025-06-24 16:05:25,524 - tadGANs - INFO - Epoch 852/1000 - Time: 0.64s - Loss: critic_x=-0.2472, critic_z=-173.6215, encoder=-271.8432, decoder=0.8954
2025-06-24 16:05:26,190 - tadGANs - INFO - Epoch 853/1000 - Time: 0.67s - Loss: critic_x=-0.2454, critic_z=-172.8273, encoder=-277.8820, decoder=0.9142
2025-06-24 16:05:26,856 - tadGANs - INFO - Epoch 854/1000 - Time: 0.67s - Loss: critic_x=-0.2490, critic_z=-170.6737, encoder=-272.3955, decoder=0.9152
2025-06-24 16:05:27,488 - tadGANs - INFO - Epoch 855/1000 - Time: 0.63s - Loss: critic_x=-0.2468, critic_z=-171.8931, encoder=-276.3861, decoder=0.9087
2025-06-24 16:05:28,140 - tadGANs - INFO - Epoch 856/1000 - Time: 0.65s - Loss: critic_x=-0.2458, critic_z=-172.6279, encoder=-279.2797, decoder=0.9240
2025-06-24 16:05:28,765 - tadGANs - INFO - Epoch 857/1000 - Time: 0.62s - Loss: critic_x=-0.2484, critic_z=-171.6055, encoder=-280.8130, decoder=0.9180
2025-06-24 16:05:29,387 - tadGANs - INFO - Epoch 858/1000 - Time: 0.62s - Loss: critic_x=-0.2486, critic_z=-173.0395, encoder=-275.5959, decoder=0.9168
2025-06-24 16:05:30,059 - tadGANs - INFO - Epoch 859/1000 - Time: 0.67s - Loss: critic_x=-0.2520, critic_z=-172.1111, encoder=-280.0273, decoder=0.9101
2025-06-24 16:05:30,763 - tadGANs - INFO - Epoch 860/1000 - Time: 0.70s - Loss: critic_x=-0.2483, critic_z=-174.4221, encoder=-280.4090, decoder=0.9377
2025-06-24 16:05:30,774 - tadGANs - INFO - Models saved at epoch 860
2025-06-24 16:05:31,432 - tadGANs - INFO - Epoch 861/1000 - Time: 0.66s - Loss: critic_x=-0.2497, critic_z=-173.9862, encoder=-278.5805, decoder=0.9214
2025-06-24 16:05:32,070 - tadGANs - INFO - Epoch 862/1000 - Time: 0.64s - Loss: critic_x=-0.2536, critic_z=-173.8223, encoder=-273.7689, decoder=0.9135
2025-06-24 16:05:32,720 - tadGANs - INFO - Epoch 863/1000 - Time: 0.65s - Loss: critic_x=-0.2502, critic_z=-175.3267, encoder=-275.7737, decoder=0.9108
2025-06-24 16:05:33,361 - tadGANs - INFO - Epoch 864/1000 - Time: 0.64s - Loss: critic_x=-0.2528, critic_z=-174.0095, encoder=-286.5246, decoder=0.9272
2025-06-24 16:05:34,035 - tadGANs - INFO - Epoch 865/1000 - Time: 0.67s - Loss: critic_x=-0.2550, critic_z=-176.2629, encoder=-284.2658, decoder=0.9139
2025-06-24 16:05:34,680 - tadGANs - INFO - Epoch 866/1000 - Time: 0.64s - Loss: critic_x=-0.2564, critic_z=-176.4383, encoder=-281.2170, decoder=0.9169
2025-06-24 16:05:35,401 - tadGANs - INFO - Epoch 867/1000 - Time: 0.72s - Loss: critic_x=-0.2543, critic_z=-174.1524, encoder=-284.2443, decoder=0.9229
2025-06-24 16:05:36,080 - tadGANs - INFO - Epoch 868/1000 - Time: 0.68s - Loss: critic_x=-0.2530, critic_z=-177.3756, encoder=-283.6633, decoder=0.9306
2025-06-24 16:05:36,732 - tadGANs - INFO - Epoch 869/1000 - Time: 0.65s - Loss: critic_x=-0.2579, critic_z=-177.0739, encoder=-290.7468, decoder=0.9166
2025-06-24 16:05:37,387 - tadGANs - INFO - Epoch 870/1000 - Time: 0.66s - Loss: critic_x=-0.2570, critic_z=-176.2957, encoder=-279.2339, decoder=0.9177
2025-06-24 16:05:37,407 - tadGANs - INFO - Models saved at epoch 870
2025-06-24 16:05:38,062 - tadGANs - INFO - Epoch 871/1000 - Time: 0.65s - Loss: critic_x=-0.2570, critic_z=-177.5159, encoder=-283.3484, decoder=0.9189
2025-06-24 16:05:38,709 - tadGANs - INFO - Epoch 872/1000 - Time: 0.65s - Loss: critic_x=-0.2582, critic_z=-176.3719, encoder=-284.8953, decoder=0.9186
2025-06-24 16:05:39,385 - tadGANs - INFO - Epoch 873/1000 - Time: 0.68s - Loss: critic_x=-0.2605, critic_z=-175.6199, encoder=-287.3947, decoder=0.9121
2025-06-24 16:05:40,111 - tadGANs - INFO - Epoch 874/1000 - Time: 0.73s - Loss: critic_x=-0.2618, critic_z=-177.3329, encoder=-290.2097, decoder=0.9302
2025-06-24 16:05:40,788 - tadGANs - INFO - Epoch 875/1000 - Time: 0.68s - Loss: critic_x=-0.2623, critic_z=-178.5257, encoder=-290.4017, decoder=0.9356
2025-06-24 16:05:41,419 - tadGANs - INFO - Epoch 876/1000 - Time: 0.63s - Loss: critic_x=-0.2622, critic_z=-179.8438, encoder=-285.8469, decoder=0.9239
2025-06-24 16:05:42,059 - tadGANs - INFO - Epoch 877/1000 - Time: 0.64s - Loss: critic_x=-0.2591, critic_z=-178.1682, encoder=-291.7128, decoder=0.9376
2025-06-24 16:05:44,229 - tadGANs - INFO - Epoch 878/1000 - Time: 2.17s - Loss: critic_x=-0.2653, critic_z=-179.9802, encoder=-287.2709, decoder=0.9172
2025-06-24 16:05:44,870 - tadGANs - INFO - Epoch 879/1000 - Time: 0.64s - Loss: critic_x=-0.2656, critic_z=-181.8503, encoder=-294.7991, decoder=0.9449
2025-06-24 16:05:45,547 - tadGANs - INFO - Epoch 880/1000 - Time: 0.68s - Loss: critic_x=-0.2655, critic_z=-179.6674, encoder=-301.0009, decoder=0.9327
2025-06-24 16:05:45,559 - tadGANs - INFO - Models saved at epoch 880
2025-06-24 16:05:46,209 - tadGANs - INFO - Epoch 881/1000 - Time: 0.65s - Loss: critic_x=-0.2660, critic_z=-181.1124, encoder=-289.7148, decoder=0.9091
2025-06-24 16:05:46,872 - tadGANs - INFO - Epoch 882/1000 - Time: 0.66s - Loss: critic_x=-0.2673, critic_z=-179.2449, encoder=-293.1900, decoder=0.9344
2025-06-24 16:05:47,547 - tadGANs - INFO - Epoch 883/1000 - Time: 0.67s - Loss: critic_x=-0.2672, critic_z=-183.7667, encoder=-287.4662, decoder=0.9168
2025-06-24 16:05:48,213 - tadGANs - INFO - Epoch 884/1000 - Time: 0.67s - Loss: critic_x=-0.2655, critic_z=-183.2192, encoder=-296.3188, decoder=0.9036
2025-06-24 16:05:48,873 - tadGANs - INFO - Epoch 885/1000 - Time: 0.66s - Loss: critic_x=-0.2685, critic_z=-185.2961, encoder=-296.8634, decoder=0.9322
2025-06-24 16:05:49,600 - tadGANs - INFO - Epoch 886/1000 - Time: 0.73s - Loss: critic_x=-0.2705, critic_z=-183.0845, encoder=-299.3662, decoder=0.9331
2025-06-24 16:05:50,276 - tadGANs - INFO - Epoch 887/1000 - Time: 0.68s - Loss: critic_x=-0.2693, critic_z=-184.2197, encoder=-298.3793, decoder=0.9206
2025-06-24 16:05:50,968 - tadGANs - INFO - Epoch 888/1000 - Time: 0.69s - Loss: critic_x=-0.2743, critic_z=-184.5694, encoder=-300.3580, decoder=0.9291
2025-06-24 16:05:51,629 - tadGANs - INFO - Epoch 889/1000 - Time: 0.66s - Loss: critic_x=-0.2719, critic_z=-184.2398, encoder=-301.7772, decoder=0.9339
2025-06-24 16:05:52,282 - tadGANs - INFO - Epoch 890/1000 - Time: 0.65s - Loss: critic_x=-0.2730, critic_z=-183.3061, encoder=-297.8189, decoder=0.9259
2025-06-24 16:05:52,295 - tadGANs - INFO - Models saved at epoch 890
2025-06-24 16:05:52,928 - tadGANs - INFO - Epoch 891/1000 - Time: 0.63s - Loss: critic_x=-0.2746, critic_z=-183.7424, encoder=-304.0439, decoder=0.9361
2025-06-24 16:05:53,570 - tadGANs - INFO - Epoch 892/1000 - Time: 0.64s - Loss: critic_x=-0.2755, critic_z=-185.3919, encoder=-297.7239, decoder=0.9132
2025-06-24 16:05:54,241 - tadGANs - INFO - Epoch 893/1000 - Time: 0.67s - Loss: critic_x=-0.2756, critic_z=-186.6988, encoder=-301.3416, decoder=0.9082
2025-06-24 16:05:54,908 - tadGANs - INFO - Epoch 894/1000 - Time: 0.67s - Loss: critic_x=-0.2795, critic_z=-186.5396, encoder=-304.0075, decoder=0.9138
2025-06-24 16:05:55,571 - tadGANs - INFO - Epoch 895/1000 - Time: 0.66s - Loss: critic_x=-0.2781, critic_z=-185.1224, encoder=-310.0494, decoder=0.9275
2025-06-24 16:05:56,252 - tadGANs - INFO - Epoch 896/1000 - Time: 0.68s - Loss: critic_x=-0.2776, critic_z=-187.8162, encoder=-291.3782, decoder=0.9229
2025-06-24 16:05:56,875 - tadGANs - INFO - Epoch 897/1000 - Time: 0.62s - Loss: critic_x=-0.2792, critic_z=-186.6615, encoder=-305.8232, decoder=0.9505
2025-06-24 16:05:57,529 - tadGANs - INFO - Epoch 898/1000 - Time: 0.65s - Loss: critic_x=-0.2800, critic_z=-186.0384, encoder=-300.6064, decoder=0.9152
2025-06-24 16:05:58,246 - tadGANs - INFO - Epoch 899/1000 - Time: 0.72s - Loss: critic_x=-0.2801, critic_z=-187.2551, encoder=-305.0121, decoder=0.9267
2025-06-24 16:05:58,921 - tadGANs - INFO - Epoch 900/1000 - Time: 0.67s - Loss: critic_x=-0.2820, critic_z=-188.8951, encoder=-307.8684, decoder=0.9123
2025-06-24 16:05:58,931 - tadGANs - INFO - Models saved at epoch 900
2025-06-24 16:05:59,600 - tadGANs - INFO - Epoch 901/1000 - Time: 0.67s - Loss: critic_x=-0.2832, critic_z=-191.5647, encoder=-305.7581, decoder=0.9188
2025-06-24 16:06:00,330 - tadGANs - INFO - Epoch 902/1000 - Time: 0.73s - Loss: critic_x=-0.2832, critic_z=-190.4446, encoder=-310.4108, decoder=0.9353
2025-06-24 16:06:00,964 - tadGANs - INFO - Epoch 903/1000 - Time: 0.63s - Loss: critic_x=-0.2816, critic_z=-189.4700, encoder=-311.2335, decoder=0.9068
2025-06-24 16:06:01,608 - tadGANs - INFO - Epoch 904/1000 - Time: 0.64s - Loss: critic_x=-0.2855, critic_z=-189.9455, encoder=-309.7709, decoder=0.9240
2025-06-24 16:06:02,310 - tadGANs - INFO - Epoch 905/1000 - Time: 0.70s - Loss: critic_x=-0.2864, critic_z=-189.4881, encoder=-307.4177, decoder=0.9152
2025-06-24 16:06:03,014 - tadGANs - INFO - Epoch 906/1000 - Time: 0.70s - Loss: critic_x=-0.2863, critic_z=-192.3747, encoder=-315.9367, decoder=0.9427
2025-06-24 16:06:03,707 - tadGANs - INFO - Epoch 907/1000 - Time: 0.69s - Loss: critic_x=-0.2843, critic_z=-191.3155, encoder=-314.2804, decoder=0.9035
2025-06-24 16:06:04,383 - tadGANs - INFO - Epoch 908/1000 - Time: 0.68s - Loss: critic_x=-0.2901, critic_z=-191.0604, encoder=-317.4892, decoder=0.9416
2025-06-24 16:06:05,065 - tadGANs - INFO - Epoch 909/1000 - Time: 0.68s - Loss: critic_x=-0.2867, critic_z=-189.4407, encoder=-309.7012, decoder=0.9188
2025-06-24 16:06:05,742 - tadGANs - INFO - Epoch 910/1000 - Time: 0.68s - Loss: critic_x=-0.2889, critic_z=-188.9079, encoder=-313.5426, decoder=0.9111
2025-06-24 16:06:05,753 - tadGANs - INFO - Models saved at epoch 910
2025-06-24 16:06:06,416 - tadGANs - INFO - Epoch 911/1000 - Time: 0.66s - Loss: critic_x=-0.2891, critic_z=-191.9883, encoder=-310.8315, decoder=0.9356
2025-06-24 16:06:07,085 - tadGANs - INFO - Epoch 912/1000 - Time: 0.67s - Loss: critic_x=-0.2897, critic_z=-192.4818, encoder=-316.3850, decoder=0.9301
2025-06-24 16:06:07,719 - tadGANs - INFO - Epoch 913/1000 - Time: 0.63s - Loss: critic_x=-0.2903, critic_z=-192.3366, encoder=-311.9594, decoder=0.9223
2025-06-24 16:06:08,386 - tadGANs - INFO - Epoch 914/1000 - Time: 0.67s - Loss: critic_x=-0.2926, critic_z=-192.4115, encoder=-315.0521, decoder=0.9074
2025-06-24 16:06:09,067 - tadGANs - INFO - Epoch 915/1000 - Time: 0.68s - Loss: critic_x=-0.2897, critic_z=-195.9970, encoder=-313.4815, decoder=0.9096
2025-06-24 16:06:09,712 - tadGANs - INFO - Epoch 916/1000 - Time: 0.65s - Loss: critic_x=-0.2938, critic_z=-195.1291, encoder=-314.4610, decoder=0.9021
2025-06-24 16:06:10,365 - tadGANs - INFO - Epoch 917/1000 - Time: 0.65s - Loss: critic_x=-0.2933, critic_z=-194.7885, encoder=-320.6890, decoder=0.9037
2025-06-24 16:06:11,059 - tadGANs - INFO - Epoch 918/1000 - Time: 0.69s - Loss: critic_x=-0.2938, critic_z=-195.5208, encoder=-316.1774, decoder=0.8991
2025-06-24 16:06:11,728 - tadGANs - INFO - Epoch 919/1000 - Time: 0.67s - Loss: critic_x=-0.2955, critic_z=-198.3114, encoder=-323.1514, decoder=0.9215
2025-06-24 16:06:12,390 - tadGANs - INFO - Epoch 920/1000 - Time: 0.66s - Loss: critic_x=-0.2972, critic_z=-196.7483, encoder=-320.3803, decoder=0.9044
2025-06-24 16:06:12,401 - tadGANs - INFO - Models saved at epoch 920
2025-06-24 16:06:13,060 - tadGANs - INFO - Epoch 921/1000 - Time: 0.66s - Loss: critic_x=-0.2981, critic_z=-197.3383, encoder=-322.7903, decoder=0.9039
2025-06-24 16:06:13,707 - tadGANs - INFO - Epoch 922/1000 - Time: 0.65s - Loss: critic_x=-0.2978, critic_z=-198.7497, encoder=-313.0709, decoder=0.8887
2025-06-24 16:06:14,360 - tadGANs - INFO - Epoch 923/1000 - Time: 0.65s - Loss: critic_x=-0.3032, critic_z=-197.5101, encoder=-321.2701, decoder=0.9096
2025-06-24 16:06:15,010 - tadGANs - INFO - Epoch 924/1000 - Time: 0.65s - Loss: critic_x=-0.2996, critic_z=-201.3580, encoder=-323.7131, decoder=0.9140
2025-06-24 16:06:15,662 - tadGANs - INFO - Epoch 925/1000 - Time: 0.65s - Loss: critic_x=-0.3005, critic_z=-199.0661, encoder=-328.0808, decoder=0.9132
2025-06-24 16:06:17,861 - tadGANs - INFO - Epoch 926/1000 - Time: 2.20s - Loss: critic_x=-0.2991, critic_z=-197.1293, encoder=-326.5097, decoder=0.9105
2025-06-24 16:06:18,525 - tadGANs - INFO - Epoch 927/1000 - Time: 0.66s - Loss: critic_x=-0.2977, critic_z=-198.3280, encoder=-324.3362, decoder=0.9077
2025-06-24 16:06:19,213 - tadGANs - INFO - Epoch 928/1000 - Time: 0.69s - Loss: critic_x=-0.3008, critic_z=-197.5794, encoder=-330.1615, decoder=0.9158
2025-06-24 16:06:19,893 - tadGANs - INFO - Epoch 929/1000 - Time: 0.68s - Loss: critic_x=-0.3024, critic_z=-197.1071, encoder=-324.9933, decoder=0.9086
2025-06-24 16:06:20,548 - tadGANs - INFO - Epoch 930/1000 - Time: 0.66s - Loss: critic_x=-0.3012, critic_z=-201.6651, encoder=-328.4500, decoder=0.9201
2025-06-24 16:06:20,560 - tadGANs - INFO - Models saved at epoch 930
2025-06-24 16:06:21,244 - tadGANs - INFO - Epoch 931/1000 - Time: 0.68s - Loss: critic_x=-0.3043, critic_z=-202.8561, encoder=-328.0838, decoder=0.9100
2025-06-24 16:06:21,916 - tadGANs - INFO - Epoch 932/1000 - Time: 0.67s - Loss: critic_x=-0.3026, critic_z=-203.2023, encoder=-332.6623, decoder=0.8925
2025-06-24 16:06:22,559 - tadGANs - INFO - Epoch 933/1000 - Time: 0.64s - Loss: critic_x=-0.2999, critic_z=-201.9309, encoder=-332.5823, decoder=0.8909
2025-06-24 16:06:23,257 - tadGANs - INFO - Epoch 934/1000 - Time: 0.70s - Loss: critic_x=-0.3048, critic_z=-202.0023, encoder=-334.4855, decoder=0.9297
2025-06-24 16:06:23,949 - tadGANs - INFO - Epoch 935/1000 - Time: 0.69s - Loss: critic_x=-0.3062, critic_z=-200.1097, encoder=-331.2369, decoder=0.9131
2025-06-24 16:06:24,628 - tadGANs - INFO - Epoch 936/1000 - Time: 0.68s - Loss: critic_x=-0.3064, critic_z=-202.3838, encoder=-333.0394, decoder=0.9209
2025-06-24 16:06:25,274 - tadGANs - INFO - Epoch 937/1000 - Time: 0.65s - Loss: critic_x=-0.3058, critic_z=-202.1255, encoder=-330.7517, decoder=0.9134
2025-06-24 16:06:25,926 - tadGANs - INFO - Epoch 938/1000 - Time: 0.65s - Loss: critic_x=-0.3063, critic_z=-204.1831, encoder=-325.8832, decoder=0.8879
2025-06-24 16:06:26,612 - tadGANs - INFO - Epoch 939/1000 - Time: 0.69s - Loss: critic_x=-0.3075, critic_z=-204.0404, encoder=-336.5706, decoder=0.8986
2025-06-24 16:06:27,277 - tadGANs - INFO - Epoch 940/1000 - Time: 0.66s - Loss: critic_x=-0.3083, critic_z=-204.5899, encoder=-330.6381, decoder=0.9098
2025-06-24 16:06:27,289 - tadGANs - INFO - Models saved at epoch 940
2025-06-24 16:06:27,992 - tadGANs - INFO - Epoch 941/1000 - Time: 0.70s - Loss: critic_x=-0.3058, critic_z=-206.4959, encoder=-338.5541, decoder=0.9023
2025-06-24 16:06:28,626 - tadGANs - INFO - Epoch 942/1000 - Time: 0.63s - Loss: critic_x=-0.3099, critic_z=-202.6487, encoder=-338.1639, decoder=0.9013
2025-06-24 16:06:29,291 - tadGANs - INFO - Epoch 943/1000 - Time: 0.66s - Loss: critic_x=-0.3061, critic_z=-203.7654, encoder=-343.3522, decoder=0.9146
2025-06-24 16:06:29,961 - tadGANs - INFO - Epoch 944/1000 - Time: 0.67s - Loss: critic_x=-0.3091, critic_z=-206.1933, encoder=-330.1298, decoder=0.9053
2025-06-24 16:06:30,617 - tadGANs - INFO - Epoch 945/1000 - Time: 0.66s - Loss: critic_x=-0.3102, critic_z=-204.3691, encoder=-337.8307, decoder=0.9065
2025-06-24 16:06:31,271 - tadGANs - INFO - Epoch 946/1000 - Time: 0.65s - Loss: critic_x=-0.3094, critic_z=-204.3461, encoder=-338.5712, decoder=0.8932
2025-06-24 16:06:31,906 - tadGANs - INFO - Epoch 947/1000 - Time: 0.63s - Loss: critic_x=-0.3085, critic_z=-207.6773, encoder=-340.4097, decoder=0.9086
2025-06-24 16:06:32,558 - tadGANs - INFO - Epoch 948/1000 - Time: 0.65s - Loss: critic_x=-0.3114, critic_z=-205.2886, encoder=-335.8107, decoder=0.9036
2025-06-24 16:06:33,251 - tadGANs - INFO - Epoch 949/1000 - Time: 0.69s - Loss: critic_x=-0.3113, critic_z=-208.1825, encoder=-348.2381, decoder=0.8983
2025-06-24 16:06:33,922 - tadGANs - INFO - Epoch 950/1000 - Time: 0.67s - Loss: critic_x=-0.3118, critic_z=-208.9458, encoder=-341.6243, decoder=0.9066
2025-06-24 16:06:33,933 - tadGANs - INFO - Models saved at epoch 950
2025-06-24 16:06:34,588 - tadGANs - INFO - Epoch 951/1000 - Time: 0.66s - Loss: critic_x=-0.3109, critic_z=-209.2965, encoder=-341.8284, decoder=0.8851
2025-06-24 16:06:35,302 - tadGANs - INFO - Epoch 952/1000 - Time: 0.71s - Loss: critic_x=-0.3103, critic_z=-207.9645, encoder=-342.7353, decoder=0.8926
2025-06-24 16:06:35,965 - tadGANs - INFO - Epoch 953/1000 - Time: 0.66s - Loss: critic_x=-0.3119, critic_z=-208.4688, encoder=-341.1718, decoder=0.8919
2025-06-24 16:06:36,612 - tadGANs - INFO - Epoch 954/1000 - Time: 0.65s - Loss: critic_x=-0.3118, critic_z=-210.6111, encoder=-344.8653, decoder=0.8941
2025-06-24 16:06:37,256 - tadGANs - INFO - Epoch 955/1000 - Time: 0.64s - Loss: critic_x=-0.3114, critic_z=-213.6327, encoder=-352.7096, decoder=0.8911
2025-06-24 16:06:37,955 - tadGANs - INFO - Epoch 956/1000 - Time: 0.70s - Loss: critic_x=-0.3117, critic_z=-210.7522, encoder=-346.8618, decoder=0.9003
2025-06-24 16:06:38,661 - tadGANs - INFO - Epoch 957/1000 - Time: 0.71s - Loss: critic_x=-0.3128, critic_z=-209.5983, encoder=-354.0742, decoder=0.8981
2025-06-24 16:06:39,328 - tadGANs - INFO - Epoch 958/1000 - Time: 0.67s - Loss: critic_x=-0.3114, critic_z=-212.6771, encoder=-340.8351, decoder=0.8710
2025-06-24 16:06:39,999 - tadGANs - INFO - Epoch 959/1000 - Time: 0.67s - Loss: critic_x=-0.3122, critic_z=-213.9682, encoder=-349.2771, decoder=0.8892
2025-06-24 16:06:40,675 - tadGANs - INFO - Epoch 960/1000 - Time: 0.68s - Loss: critic_x=-0.3127, critic_z=-211.9692, encoder=-341.6030, decoder=0.8863
2025-06-24 16:06:40,686 - tadGANs - INFO - Models saved at epoch 960
2025-06-24 16:06:41,352 - tadGANs - INFO - Epoch 961/1000 - Time: 0.67s - Loss: critic_x=-0.3122, critic_z=-212.3525, encoder=-349.7243, decoder=0.8580
2025-06-24 16:06:42,066 - tadGANs - INFO - Epoch 962/1000 - Time: 0.71s - Loss: critic_x=-0.3139, critic_z=-211.0913, encoder=-346.7423, decoder=0.8740
2025-06-24 16:06:42,714 - tadGANs - INFO - Epoch 963/1000 - Time: 0.65s - Loss: critic_x=-0.3111, critic_z=-213.3630, encoder=-354.1535, decoder=0.8993
2025-06-24 16:06:43,446 - tadGANs - INFO - Epoch 964/1000 - Time: 0.73s - Loss: critic_x=-0.3131, critic_z=-215.0963, encoder=-351.6791, decoder=0.8939
2025-06-24 16:06:44,124 - tadGANs - INFO - Epoch 965/1000 - Time: 0.68s - Loss: critic_x=-0.3133, critic_z=-214.6387, encoder=-353.0309, decoder=0.8998
2025-06-24 16:06:44,765 - tadGANs - INFO - Epoch 966/1000 - Time: 0.64s - Loss: critic_x=-0.3143, critic_z=-213.5034, encoder=-350.9496, decoder=0.8923
2025-06-24 16:06:45,421 - tadGANs - INFO - Epoch 967/1000 - Time: 0.66s - Loss: critic_x=-0.3151, critic_z=-215.9939, encoder=-357.3063, decoder=0.8816
2025-06-24 16:06:46,077 - tadGANs - INFO - Epoch 968/1000 - Time: 0.66s - Loss: critic_x=-0.3156, critic_z=-213.8820, encoder=-360.8115, decoder=0.8767
2025-06-24 16:06:46,714 - tadGANs - INFO - Epoch 969/1000 - Time: 0.64s - Loss: critic_x=-0.3134, critic_z=-213.3168, encoder=-355.7285, decoder=0.8887
2025-06-24 16:06:47,387 - tadGANs - INFO - Epoch 970/1000 - Time: 0.67s - Loss: critic_x=-0.3138, critic_z=-218.3573, encoder=-357.3833, decoder=0.8920
2025-06-24 16:06:47,398 - tadGANs - INFO - Models saved at epoch 970
2025-06-24 16:06:48,054 - tadGANs - INFO - Epoch 971/1000 - Time: 0.66s - Loss: critic_x=-0.3142, critic_z=-216.9361, encoder=-352.7686, decoder=0.8916
2025-06-24 16:06:48,694 - tadGANs - INFO - Epoch 972/1000 - Time: 0.64s - Loss: critic_x=-0.3136, critic_z=-215.6739, encoder=-358.7383, decoder=0.8756
2025-06-24 16:06:49,352 - tadGANs - INFO - Epoch 973/1000 - Time: 0.66s - Loss: critic_x=-0.3154, critic_z=-217.1550, encoder=-361.3814, decoder=0.8787
2025-06-24 16:06:51,517 - tadGANs - INFO - Epoch 974/1000 - Time: 2.17s - Loss: critic_x=-0.3130, critic_z=-222.1282, encoder=-361.0663, decoder=0.8616
2025-06-24 16:06:52,192 - tadGANs - INFO - Epoch 975/1000 - Time: 0.67s - Loss: critic_x=-0.3120, critic_z=-218.6105, encoder=-360.4773, decoder=0.8520
2025-06-24 16:06:52,867 - tadGANs - INFO - Epoch 976/1000 - Time: 0.68s - Loss: critic_x=-0.3130, critic_z=-220.1097, encoder=-361.3760, decoder=0.8593
2025-06-24 16:06:53,590 - tadGANs - INFO - Epoch 977/1000 - Time: 0.72s - Loss: critic_x=-0.3144, critic_z=-220.3244, encoder=-360.3364, decoder=0.8864
2025-06-24 16:06:54,300 - tadGANs - INFO - Epoch 978/1000 - Time: 0.71s - Loss: critic_x=-0.3131, critic_z=-218.8631, encoder=-357.5328, decoder=0.8645
2025-06-24 16:06:55,009 - tadGANs - INFO - Epoch 979/1000 - Time: 0.71s - Loss: critic_x=-0.3143, critic_z=-220.3073, encoder=-363.3836, decoder=0.8763
2025-06-24 16:06:55,717 - tadGANs - INFO - Epoch 980/1000 - Time: 0.71s - Loss: critic_x=-0.3152, critic_z=-220.3866, encoder=-368.9173, decoder=0.8636
2025-06-24 16:06:55,728 - tadGANs - INFO - Models saved at epoch 980
2025-06-24 16:06:56,375 - tadGANs - INFO - Epoch 981/1000 - Time: 0.65s - Loss: critic_x=-0.3130, critic_z=-219.9970, encoder=-366.8131, decoder=0.8737
2025-06-24 16:06:57,037 - tadGANs - INFO - Epoch 982/1000 - Time: 0.66s - Loss: critic_x=-0.3162, critic_z=-223.3647, encoder=-366.9638, decoder=0.8551
2025-06-24 16:06:57,730 - tadGANs - INFO - Epoch 983/1000 - Time: 0.69s - Loss: critic_x=-0.3134, critic_z=-222.8087, encoder=-372.9875, decoder=0.8748
2025-06-24 16:06:58,433 - tadGANs - INFO - Epoch 984/1000 - Time: 0.70s - Loss: critic_x=-0.3144, critic_z=-221.8761, encoder=-379.4535, decoder=0.8679
2025-06-24 16:06:59,094 - tadGANs - INFO - Epoch 985/1000 - Time: 0.66s - Loss: critic_x=-0.3132, critic_z=-223.2511, encoder=-365.4034, decoder=0.8594
2025-06-24 16:06:59,726 - tadGANs - INFO - Epoch 986/1000 - Time: 0.63s - Loss: critic_x=-0.3113, critic_z=-223.5634, encoder=-368.1273, decoder=0.8691
2025-06-24 16:07:00,399 - tadGANs - INFO - Epoch 987/1000 - Time: 0.67s - Loss: critic_x=-0.3128, critic_z=-224.6614, encoder=-368.4104, decoder=0.8589
2025-06-24 16:07:01,074 - tadGANs - INFO - Epoch 988/1000 - Time: 0.68s - Loss: critic_x=-0.3135, critic_z=-227.7280, encoder=-370.1240, decoder=0.8501
2025-06-24 16:07:01,752 - tadGANs - INFO - Epoch 989/1000 - Time: 0.68s - Loss: critic_x=-0.3105, critic_z=-225.0492, encoder=-368.2376, decoder=0.8513
2025-06-24 16:07:02,419 - tadGANs - INFO - Epoch 990/1000 - Time: 0.67s - Loss: critic_x=-0.3131, critic_z=-222.5071, encoder=-373.5752, decoder=0.8512
2025-06-24 16:07:02,429 - tadGANs - INFO - Models saved at epoch 990
2025-06-24 16:07:03,098 - tadGANs - INFO - Epoch 991/1000 - Time: 0.67s - Loss: critic_x=-0.3144, critic_z=-223.6212, encoder=-377.1900, decoder=0.8668
2025-06-24 16:07:03,729 - tadGANs - INFO - Epoch 992/1000 - Time: 0.63s - Loss: critic_x=-0.3147, critic_z=-227.0403, encoder=-374.2236, decoder=0.8502
2025-06-24 16:07:04,381 - tadGANs - INFO - Epoch 993/1000 - Time: 0.65s - Loss: critic_x=-0.3144, critic_z=-226.1816, encoder=-375.6859, decoder=0.8420
2025-06-24 16:07:04,998 - tadGANs - INFO - Epoch 994/1000 - Time: 0.62s - Loss: critic_x=-0.3129, critic_z=-222.4002, encoder=-373.5257, decoder=0.8500
2025-06-24 16:07:05,633 - tadGANs - INFO - Epoch 995/1000 - Time: 0.64s - Loss: critic_x=-0.3112, critic_z=-227.4269, encoder=-380.9423, decoder=0.8715
2025-06-24 16:07:06,317 - tadGANs - INFO - Epoch 996/1000 - Time: 0.68s - Loss: critic_x=-0.3130, critic_z=-228.7138, encoder=-373.8460, decoder=0.8536
2025-06-24 16:07:06,976 - tadGANs - INFO - Epoch 997/1000 - Time: 0.66s - Loss: critic_x=-0.3106, critic_z=-230.7866, encoder=-377.3031, decoder=0.8477
2025-06-24 16:07:07,645 - tadGANs - INFO - Epoch 998/1000 - Time: 0.67s - Loss: critic_x=-0.3107, critic_z=-229.8884, encoder=-376.4918, decoder=0.8416
2025-06-24 16:07:08,329 - tadGANs - INFO - Epoch 999/1000 - Time: 0.68s - Loss: critic_x=-0.3099, critic_z=-229.2443, encoder=-383.8637, decoder=0.8824
2025-06-24 16:07:08,978 - tadGANs - INFO - Epoch 1000/1000 - Time: 0.65s - Loss: critic_x=-0.3086, critic_z=-230.2478, encoder=-378.7645, decoder=0.8569
2025-06-24 16:07:08,990 - tadGANs - INFO - Models saved at epoch 1000
2025-06-24 16:07:09,001 - tadGANs - INFO - Training completed in 786.99s
2025-06-24 16:07:09,004 - tadGANs - INFO - Calculating anomaly scores
2025-06-24 16:07:35,915 - tadGANs - INFO - Using statistical threshold: 2.8376
2025-06-24 16:07:35,916 - tadGANs - INFO - Pruning false positives
2025-06-24 16:07:36,833 - tadGANs - INFO - Plot saved to results/gold_1day_results_plot.png
2025-06-24 16:07:36,835 - tadGANs - INFO - Results saved to results/gold_1day_results.csv
2025-06-24 16:07:36,877 - tadGANs - INFO - Results exported to Excel: results/gold_1day_results.xlsx
2025-06-24 16:07:36,877 - tadGANs - INFO - Successfully processed csv_data/gold_1day.csv
