signal,anomaly_score,is_anomaly
-1.2644044102832772,1.4492681606056812,0
-1.306311222311209,1.4157085967699965,0
-1.4124048066646158,1.3823291067731711,0
-1.4495376016597985,1.3451772678331997,0
-1.455372781176428,1.3102683194995284,0
-1.548204667485659,1.2710383340632645,0
-1.5996600194727195,1.227606760780346,0
-1.5975382003985894,1.180265888659469,0
-1.5593444452769782,1.1346961979884358,0
-1.6537677717758517,1.0905578401534521,0
-1.7046927448784248,1.039361836173908,0
-1.8060121098416304,0.9908600916005558,0
-1.6479325922592216,0.9414909977252123,0
-1.506828234342216,0.898369683746259,0
-1.6049647189261356,0.8644068124120206,0
-1.5460827472328025,0.8294104480118978,0
-1.5009930548255856,0.7944819352988488,0
-1.4521899007971433,0.7613419058228215,0
-1.430971305340933,0.7330003834313772,0
-1.5370647885156137,0.7043887666333446,0
-1.629366295940357,0.6682327703527421,0
-1.5020540149520136,0.6341950316575455,0
-1.5317601902409248,0.6075407590871839,0
-1.575789023700439,0.5786076921162558,0
-1.6394451136052473,0.5484757339720756,0
-1.7322769999144785,0.5143024242284195,0
-1.758269915939616,0.48008940942043576,0
-1.824048027276008,0.4480452094529651,0
-1.652706811649423,0.4156602726205961,0
-1.6739255082843596,0.3917261021927832,0
-1.5879897616181866,0.3671008118500553,0
-1.582154582101557,0.34808972285160705,0
-1.6420975139213183,0.32761016140537846,0
-1.544491408221886,0.30623926418372566,0
-1.5238030904714377,0.28651795150646175,0
-1.5089499522376189,0.2685251136940357,0
-1.4601470005666295,0.2531921390632213,0
-1.475530618863662,0.23866939893203007,0
-1.424075165697875,0.22369041634189657,0
-1.3895946698400363,0.2120893127826229,0
-1.375802592911373,0.20124974630494333,0
-1.3805768123015745,0.19052279033560302,0
-1.308963723806006,0.18260404068102398,0
-1.2039308972215743,0.17715798199725358,0
-1.278196487211941,0.17330354998224773,0
-1.1832426806498533,0.16725516126849585,0
-1.20711377760086,0.1634203177735279,0
-1.172102902858534,0.1616826956727514,0
-1.242124652343186,0.15918539351075567,0
-1.286683965865915,0.15367125092555475,0
-1.1742248231113903,0.14868161815145686,0
-1.0819233156866477,0.14476040657300465,0
-1.122238991061116,0.14199001314523876,0
-1.0973069339836805,0.13909613194049886,0
-1.0156148254657682,0.1365115396289037,0
-1.103672492384798,0.13414229199007585,0
-1.121178030934687,0.12909200962459633,0
-1.1248912901984602,0.12286286947292986,0
-1.183773261891793,0.11646093577343031,0
-1.1816513416389367,0.10854942699239062,0
-1.1805903815125085,0.10071203569658242,0
-1.2628128689149083,0.09360422514951879,0
-1.3206338804818127,0.08509867089250389,0
-1.3105550628169222,0.07789271291516038,0
-1.2118879969910614,0.07026632099125693,0
-1.2378810141949257,0.06495557579036818,0
-1.107385751648571,0.05877699823192591,0
-1.073435837032673,0.055447397010788345,0
-0.9774212727016098,0.05207839269222352,0
-0.99917044939976,0.05163565860098278,0
-1.0129625263284237,0.049633186513749025,0
-1.073435837032673,0.04843845550414976,0
-1.104203073626738,0.04508182346173027,0
-1.0352420819110617,0.041518570535055734,0
-0.9530195945086624,0.03888623634257056,0
-0.9238438992829656,0.03725265140739517,0
-0.8946682040572694,0.03627673351057659,0
-0.9524892156241742,0.0360324008769232,0
-0.8782236256338086,0.0357292319164056,0
-0.8097932151600721,0.03650812260856687,0
-0.7726606225223418,0.03738755249896234,0
-0.7784958020389721,0.0389723841100134,0
-0.8389691127432211,0.039510517073472855,0
-0.8989118422055298,0.039112365508783845,0
-0.8920159049199244,0.03851571852761132,0
-0.8633705885787163,0.03730223164525974,0
-0.845334671144339,0.0372833375846407,0
-0.9100518223543024,0.035897846779464074,0
-0.845334671144339,0.03391336222646196,0
-0.7620512236155109,0.032589847163574215,0
-0.7371191665380753,0.03162791418567734,0
-0.763112183741939,0.030973881686705767,0
-0.6830114142349438,0.029377569966770958,0
-0.65171379875639,0.02776560482778112,0
-0.6580795595149613,0.027002849926492236,0
-0.6596708985258771,0.026721996406868613,0
-0.6814200752240274,0.025496373416027313,0
-0.6639145366741378,0.024615350252647276,0
-0.6352694226903819,0.02366132153980757,0
-0.5854053085355108,0.022829477254582703,0
-0.5896491490412248,0.022182777499674036,0
-0.5976060464532585,0.021482459527097972,0
-0.6098069867284593,0.020911763132354894,0
-0.6145812061186604,0.020000633761513956,0
-0.606093727464686,0.019306170421984938,0
-0.6352694226903819,0.019012625870970565,0
-0.5785093712499062,0.019151271453103046,0
-0.5429679152656389,0.018919636423276973,0
-0.4968172627319939,0.019238561102771685,0
-0.5323585163588073,0.020994575457556317,0
-0.6113983257393751,0.02260717170436509,0
-0.6214771434042661,0.02426620655288555,0
-0.6421653599759874,0.026286048022989242,0
-0.6676279982953638,0.02865516098419494,0
-0.763112183741939,0.0301408490385792,0
-0.6692193373062799,0.03031229875186308,0
-0.5954843285578543,0.031147489694115446,0
-0.6230686847726352,0.0332407083754348,0
-0.6082154453600902,0.035604490303759784,0
-0.5562296133098148,0.03731360833489556,0
-0.6872552547406572,0.0403835456380363,0
-0.7567464229833687,0.0410723370044813,0
-0.6761154769493386,0.041134326313909675,0
-0.5684303512275626,0.041319747951256376,0
-0.6506528386299619,0.04273590798514958,0
-0.6156419638876358,0.04264785831614294,0
-0.7424239671702179,0.04446104419871397,0
-0.6983950325319762,0.04428484782871926,0
-0.8198722351824157,0.04548206026792714,0
-0.8055495770118114,0.043396540699429685,0
-0.8400300728696499,0.04081785539237016,0
-0.7318145682633862,0.03679003377013668,0
-0.8405604517541376,0.0344088822874001,0
-0.7912269188412072,0.031454620085648886,0
-0.7769042606706029,0.029537127609968922,0
-0.8145674345502736,0.027331376947874728,0
-0.8458650500288263,0.024407526901446795,0
-0.8304816340892475,0.021185013280349295,0
-0.8405604517541376,0.01808200338439162,0
-0.870266728221775,0.01564062559669037,0
-0.9264961984203106,0.013310429209075816,0
-0.9376361785690824,0.010164556386063046,0
-0.9906829707457856,0.007235053903756794,0
-1.0320594038892297,0.004244323828548031,0
-1.007657928053735,0.0012185762818105574,0
-1.0893498342141932,-0.0015126421856920301,0
-1.1185257317973427,-0.004308490689364287,0
-1.0485037799552377,-0.007009059219406957,0
-0.990152389503845,-0.00904152166266725,0
-0.9970485291469032,-0.010483927659500191,0
-0.93233137793694,-0.011825358217674095,0
-0.945593075981116,-0.012202105979245918,0
-1.0018227485371043,-0.012623144053265457,0
-0.9073993208595044,-0.013227898083811019,0
-0.8543525286828011,-0.01351564526473779,0
-0.7880440384619218,-0.013263430596432422,0
-0.7434847249391928,-0.012717400258647432,0
-0.7323449471478742,-0.01223091841253216,0
-0.6564880181465922,-0.012007021574266313,0
-0.6405740209650713,-0.011118172002793816,0
-0.7185528702192103,-0.011790562847995135,0
-0.6628537789051627,-0.011923554813356524,0
-0.7334059072743023,-0.012198009647389565,0
-0.7036996308066653,-0.011054972035359375,0
-0.6872552547406572,-0.01010206710547903,0
-0.7222661294829833,-0.0087650001760024,0
-0.7556856652143937,-0.008012055069157444,0
-0.8432127508914822,-0.006881149713632189,0
-0.9249048594093942,-0.005162071033199332,0
-0.8570050301775991,-0.0020130360979820124,0
-0.8363166112484238,0.000187714309727894,0
-0.80077535762161,0.00254917597841191,0
-0.6883162148670853,0.003747565870676095,0
-0.7806175199343762,0.006351327073832427,0
-0.758868343236226,0.00868291622450732,0
-0.8326033519846505,0.010769412145302665,0
-0.9026251014693032,0.013846538802145121,0
-0.8851197652768665,0.017611789370692143,0
-0.931800999052452,0.021085754704398597,0
-0.917478340881848,0.02482481957467983,0
-0.9100518223543024,0.029539594821780233,0
-0.8092628362755845,0.034424199162158726,0
-0.7572770042253095,0.03869702514478227,0
-0.8548831099247418,0.04221081816640182,0
-0.7779652207970313,0.04650898298295085,0
-0.8448042922598513,0.050239314150695234,0
-0.7185528702192103,0.055353313894137744,0
-0.6771762347183136,0.059655928943652986,0
-0.6554270580201633,0.06366695201059122,0
-0.6251904026680383,0.06766381124805469,0
-0.6315561634266096,0.07069624172267379,0
-0.5710826503649068,0.07205033360816297,0
-0.5387242771173787,0.07409115328267914,0
-0.5721436104913349,0.07702601459322359,0
-0.5201577784410606,0.07929737248305707,0
-0.5525163540460418,0.07910584497154323,0
-0.5387242771173787,0.07879480217431671,0
-0.5434984965075801,0.07764814082737194,0
-0.5652476732057303,0.07758466703616934,0
-0.5466811745294123,0.07725857228527211,0
-0.4771900062867008,0.07566658251204224,0
-0.539254656001866,0.07440284551723171,0
-0.5169751004192285,0.07325789923381039,0
-0.5344804366116646,0.0719034623989676,0
-0.5641867130793012,0.07054670553622522,0
-0.6055631462227452,0.06910463195387385,0
-0.5769178298815371,0.06855083265048367,0
-0.6310255821846685,0.06620693868298184,0
-0.7286316878841009,0.06620682064553622,0
-0.7387107079064446,0.06717011362195978,0
-0.8092628362755845,0.06936079403248219,0
-0.845334671144339,0.07328992750724254,0
-0.8766322866228922,0.07669053065747303,0
-0.8331339332265916,0.08281414780675064,0
-0.8283597138363902,0.087356190038309,0
-0.8129760955393575,0.09156177411074586,0
-0.845334671144339,0.0971855710051195,0
-0.9164173807554196,0.1034304365397622,0
-0.7843307791981485,0.1107259614375342,0
-0.797062098357837,0.11578186751188974,0
-0.8050191981273238,0.12258468902829214,0
-0.7906965399567198,0.12960699438676146,0
-0.6952121521526909,0.13606959199451651,0
-0.666567038168935,0.14165419277176092,0
-0.670280297432708,0.14157905041833962,0
-0.7710690811539727,0.14215583793608555,0
-0.7169613288508412,0.1480370283350541,0
-0.8150980157922143,0.15068315398598614,0
-0.5917710692940821,0.15641046553186122,0
-0.5058351202704556,0.1560305633973784,0
-0.4729461657809867,0.154156384926974,0
-0.4671109862643572,0.15174832985342776,0
-0.5127312599135143,0.14957772967444016,0
-0.5742655307441921,0.14822848162768654,0
-0.5175054793037157,0.14739772672146778,0
-0.4824946045613896,0.14014586157710401,0
-0.4119422738347966,0.1365659554891067,0
-0.4039853764227629,0.13237462467986233,0
-0.5068960803968848,0.12922451487767872,0
-0.51432259892443,0.12391922617343074,0
-0.4612758067477266,0.12052036892126475,0
-0.4496056500719199,0.11732655848819659,0
-0.4437704705552904,0.11393573892599483,0
-0.4299781912691738,0.11100834374897167,0
-0.405576715433679,0.10853071525159885,0
-0.401863456169906,0.10444062130554022,0
-0.3551822223943198,0.1014627527180085,0
-0.3466947437403453,0.0975180996419506,0
-0.3620783620373785,0.09523786106707655,0
-0.3647306611747234,0.09320018330870956,0
-0.4384656699231483,0.0911760546052588,0
-0.3891323393676709,0.08935606579067489,0
-0.3626089432793192,0.0863016421912313,0
-0.3504080030041187,0.08215739611611132,0
-0.4580931287258943,0.08006041231778896,0
-0.5185664394301441,0.07695379564371098,0
-0.442709510428862,0.07418154658535127,0
-0.4023940374118467,0.07250370457544483,0
-0.4363439520277441,0.06712381009426277,0
-0.4305087725111146,0.06367208543949357,0
-0.5047741601440275,0.06029716145651868,0
-0.4893907442044475,0.05882392427665685,0
-0.4336916528903999,0.056842397380334,0
-0.4161861143405103,0.05396973233283372,0
-0.3933759775159316,0.049119882188036375,0
-0.4161861143405103,0.044588502022072055,0
-0.3615479831528904,0.04162922543379319,0
-0.3939065587578724,0.037297516516942526,0
-0.4225516727416282,0.032476307691636126,0
-0.4130032339612246,0.028650897422249248,0
-0.356243182520749,0.02447688377699978,0
-0.3742790999551262,0.020166128863614734,0
-0.3588954816580931,0.01694708993182413,0
-0.4023940374118467,0.01386525916534855,0
-0.4469533509345758,0.010664705867971786,0
-0.4379352910386606,0.007430954373089115,0
-0.4029244162963344,0.00576829782611775,0
-0.357304142647177,0.004212742025586224,0
-0.4066376755601075,0.0020742446612917434,0
-0.3923150173895032,-0.000822820096091603,0
-0.3970892367797046,-0.0025099146910115768,0
-0.3838275387355288,-0.003550309842746274,0
-0.3817056184826715,-0.004679458724055332,0
-0.3466947437403453,-0.006454907978507907,0
-0.3716268008177813,-0.007385730030932483,0
-0.3260065271686239,-0.008571980836904114,0
-0.3504080030041187,-0.009538611832831206,0
-0.3472253249822865,-0.010188418418333088,0
-0.3493472452351434,-0.010911740439855799,0
-0.3588954816580931,-0.011124332057090396,0
-0.4236126328680563,-0.010968431727736793,0
-0.3854188777464449,-0.010768810839082854,0
-0.3923150173895032,-0.010808243310623104,0
-0.3954978977687884,-0.010456933024800687,0
-0.5472117557713524,-0.010796981137512197,0
-0.6002585479480558,-0.010909809643561297,0
-0.6421653599759874,-0.010554987688799058,0
-0.6469395793661885,-0.010442389843275092,0
-0.6830114142349438,-0.010607270137981881,0
-0.622538103530694,-0.010547473171954834,0
-0.628373283047324,-0.010867995384507655,0
-0.6267819440364074,-0.010927832864310259,0
-0.6564880181465922,-0.010793417770821902,0
-0.7031692519221776,-0.011374576565233378,0
-0.666036456926995,-0.011546566620173134,0
-0.6840723743613719,-0.011616125477758563,0
-0.669749716190768,-0.01163915495948211,0
-0.6824810353504558,-0.011569433098994573,0
-0.6485311207345578,-0.011566059609778342,0
-0.5880578100303087,-0.011595249367821569,0
-0.5434984965075801,-0.01141543564559323,0
-0.5302367984634042,-0.011420049442645457,0
-0.5493334736667566,-0.011316722326502814,0
-0.5074266616388248,-0.011099800962918885,0
-0.5010609008802541,-0.011075560849876489,0
-0.4718852056545582,-0.010560633812500473,0
-0.4432398893133497,-0.010066196692026096,0
-0.3986805757906207,-0.009444483490399823,0
-0.3817056184826715,-0.008832411866979861,0
-0.3970892367797046,-0.008076640792508184,0
-0.3933759775159316,-0.007260383012118768,0
-0.421490712615199,-0.006693115385085653,0
-0.4342220317748876,-0.006101193521074488,0
-0.5387242771173787,-0.005190589051639269,0
-0.5477421346558404,-0.004566736617102362,0
-0.5822226305136785,-0.0041324694265892845,0
-0.6029108470854007,-0.004059787556917218,0
-0.5854053085355108,-0.004151386801184465,0
-0.5822226305136785,-0.004210331307104358,0
-0.6167029240140646,-0.0042777340165460875,0
-0.5976060464532585,-0.004360541598041779,0
-0.6235990636571225,-0.004580653420182775,0
-0.6861942946142288,-0.004916771200268566,0
-0.6777068159602544,-0.0054774742648583934,0
-0.7997143974951816,-0.0063124919172938216,0
-0.762581602499999,-0.007353431719613631,0
-0.7514418247086796,-0.00815626130541898,0
-0.7806175199343762,-0.00900948839265794,0
-0.7036996308066653,-0.009594058281413586,0
-0.6771762347183136,-0.009858028288647262,0
-0.676645855833826,-0.010259240190324644,0
-0.6230686847726352,-0.01036498317569064,0
-0.6331475024375254,-0.01042572168915393,0
-0.6113983257393751,-0.010349522280227154,0
-0.5965452886842835,-0.010333366808215259,0
-0.544559254276555,-0.01054960919864302,0
-0.5233406588203455,-0.010686806429414986,0
-0.484085943572306,-0.010919744766118308,0
-0.4899211230889356,-0.010869867052817112,0
-0.6204161832778369,-0.011176864978420084,0
-0.5726741917332759,-0.01153318069741596,0
-0.580100710260822,-0.011782562430079347,0
-0.6511834198719026,-0.011922614601715838,0
-0.6490614996190458,-0.012096321109937169,0
-0.6861942946142288,-0.01225100384088854,0
-0.6999863715428919,-0.012588692678601406,0
-0.6580795595149613,-0.012983194519661885,0
-0.7891049985883507,-0.013189522997713738,0
-0.7933488390940641,-0.013186142067494227,0
-0.7832698190717204,-0.013228042196810433,0
-0.7700081210275446,-0.01281276539525109,0
-0.7498504856977631,-0.012924547034560559,0
-0.841621411880566,-0.012388395373009911,0
-0.8559440700511699,-0.011787107100816168,0
-0.8410908306386252,-0.010649896762848068,0
-0.8697361469798338,-0.00878628596503404,0
-0.9211916001456212,-0.006500860684175214,0
-0.9583243951408036,-0.0033577617523385147,0
-0.947184414992032,-0.00021923187113129678,0
-0.9328619591788808,0.004069649358056392,0
-0.9132345003761349,0.008366914110830513,0
-0.867614226726977,0.011899370635998186,0
-0.8410908306386252,0.015835791048525606,0
-0.8310120129737347,0.020378288967792084,0
-0.7721300412804019,0.025058401570342132,0
-0.7174919100927819,0.02948277247812827,0
-0.8204026140669038,0.03408340392474182,0
-0.7997143974951816,0.04038478538376711,0
-0.8681448079689177,0.04744377594435493,0
-0.8591267480730022,0.05481885174146019,0
-0.8251768334571052,0.062077308547254455,0
-0.8013057365060977,0.06867642433276287,0
-0.7700081210275446,0.07587708816872409,0
-0.7456066451920501,0.08247198792224658,0
-0.7731910014068298,0.08970664665863919,0
-0.7530331637195954,0.09743152132300661,0
-0.714839610955437,0.10520698972762905,0
-0.7323449471478742,0.11235771803555934,0
-0.7864526994510057,0.12117530230470548,0
-0.756216044098881,0.12980180748725678,0
-0.6739935566964814,0.13824486320898824,0
-0.628373283047324,0.14572154393709477,0
-0.6129896647502916,0.1529842405156372,0
-0.577448411123477,0.16014882741120215,0
-0.5530469352879825,0.166438704741112,0
-0.6066241063491736,0.1731057723842718,0
-0.583813969524595,0.18093003809748373,0
-0.6135202459922316,0.18925747151255654,0
-0.5843443484090827,0.2050556052540164,0
-0.5944233684314263,0.21421078140966313,0
-0.606093727464686,0.22385465175651162,0
-0.5854053085355108,0.24983928791670187,0
-0.6368607617012984,0.2618673051549995,0
-0.624660023783551,0.2837765231600211,0
-0.6899075538780017,0.29814925347758053,0
-0.6920294741308587,0.3177518274582715,0
-0.7328755283898143,0.3352920621420167,0
-0.7164309499663535,0.35568650449605277,0
-0.6411046022070122,0.37384129067211874,0
-0.7015779129112611,0.38987810852509297,0
-0.6872552547406572,0.4099620922731256,0
-0.6464092004817013,0.4297453230594498,0
-0.6983950325319762,0.4496462699484534,0
-0.6750545168229094,0.46824796748578656,0
-0.7440153061811337,0.48922750586006136,0
-0.7509114458241923,0.5120743305259599,0
-0.7763738817861148,0.5366136157715929,0
-0.7090044314388075,0.5613509033621117,0
-0.7058215510595226,0.5845590709644294,0
-0.6331475024375254,0.609812273659291,0
-0.6066241063491736,0.630908620326364,0
-0.6103373656129467,0.6500191778745298,0
-0.6957427333946317,0.6727641179416068,0
-0.6644451179160785,0.6971501942844899,0
-0.655957639262104,0.7205587444043181,0
-0.5991975878216277,0.7453260903561748,0
-0.5678999723430745,0.7706091552572305,0
-0.5678999723430745,0.7970034957140101,0
-0.5668390122166461,0.8148242505903159,0
-0.5896491490412248,0.8337634866855858,0
-0.5403156161282944,0.8540247611377074,0
-0.5328890976007484,0.8702983128134968,0
-0.5270539180841186,0.889667764929431,0
-0.4443008494397785,0.9108590206378339,0
-0.4623367668741558,0.9294236116834846,0
-0.4485446899454919,0.948966515070818,0
-0.4793117241821039,0.9664835833840166,0
-0.4734767470229274,0.9922739635193538,0
-0.5312975562323793,1.0136509715406434,0
-0.5397852372438068,1.0407946312031575,0
-0.5631257529528731,1.0683501068054306,0
-0.5201577784410606,1.0945352080043018,0
-0.5997279667061157,1.1165555108764422,0
-0.5843443484090827,1.1418654420514989,0
-0.513261841155455,1.1651672171495133,0
-0.4931040034682208,1.1835021622707496,0
-0.5302367984634042,1.20183147962975,0
-0.4851469036987341,1.2231749459831425,0
-0.4628673481160958,1.2448903107145435,0
-0.4623367668741558,1.2640917555803155,0
-0.4538492882201814,1.2870322044275833,0
-0.4936343823527089,1.30114186376881,0
-0.484085943572306,1.321243391180913,0
-0.4612758067477266,1.3498651440648954,0
-0.4310391513956026,1.3705150945270672,0
-0.446422769692635,1.3952351048717708,0
-0.4220212938571402,1.4171105488287932,0
-0.3551822223943198,1.437167933558087,0
-0.341920524350144,1.4569050424089063,0
-0.3297197864323973,1.4698751507532413,0
-0.3339636269381106,1.4870162562190168,0
-0.3212323077784229,1.5068694169542318,0
-0.2628809173270299,1.5282097343670544,0
-0.1721709512706562,1.5462222345552237,0
-0.1801278486826895,1.5566844088892686,0
-0.200816065254411,1.5603785823917697,0
-0.1817193900510587,1.564019382834402,0
-0.2045293245181843,1.5746921355583534,0
-0.203468566749209,1.5859814983149647,0
-0.2596980369477447,1.6005141000801897,0
-0.2793252933930381,1.6010151895846108,0
-0.2894043134153817,1.611825454373926,0
-0.214608344540528,1.642026615034578,0
-0.2390098203760228,1.657667617413438,0
-0.1997551051279829,1.6637443069597424,0
-0.136629495286389,1.6569580416560346,0
-0.0872959623734585,1.6459816076662765,0
-0.1318552758961875,1.6336868479334554,0
-0.1382208342973051,1.6367169414460447,0
-0.1748232504080004,1.6397661730471826,0
-0.1695184497758578,1.6343027093421532,0
-0.1185935778520117,1.6316342885861077,0
-0.1658051905120856,1.6245673938694634,0
-0.1578482931000512,1.6245062071139642,0
-0.2459059600190807,1.6238996235079284,0
-0.2071818260129823,1.6186772047751015,0
-0.1716403700287151,1.6051311813717666,0
-0.1382208342973051,1.572129012865291,0
-0.1833107290619748,1.5649247830005393,0
-0.2119560454031838,1.5552106355734885,0
-0.1886153273366643,1.5319165459980089,0
-0.1748232504080004,1.5053535019949253,0
-0.1822497689355464,1.4726518310802397,0
-0.1663357717540256,1.4416970691418813,0
-0.132916236022616,1.4163634823949065,0
-0.1185935778520117,1.4014089596191117,0
-0.1127583983353822,1.3791680491943727,0
-0.0331882100703271,1.355490957013504,0
-0.0506937486202163,1.3297638975955914,0
-0.040084349713385,1.31046580608345,0
-0.0093173154767726,1.2869531898041828,0
-0.0119696146141168,1.275636216181651,0
0.0548694568487024,1.2598314280043634,0
0.0750270921784838,1.2356539468887953,0
0.0447904368263588,1.2313045800101936,0
0.0601740551233919,1.2255255417241169,0
0.1254215852178431,1.2205495557684882,0
0.1577801608228242,1.2144718041104459,0
0.1699808987405717,1.2077724154962228,0
0.1965044971863764,1.2027056910613414,0
0.1662676394767987,1.2005127267101865,0
0.1789989586364865,1.1992771897657084,0
0.1779379985100584,1.1948343518832971,0
0.1471707619159933,1.1767306237317352,0
0.1535365226745636,1.170814199047612,0
0.2055223547248386,1.1595555134468423,0
0.265995665429088,1.1575907694672742,0
0.2606910671543989,1.1730204598517073,0
0.2941104005283558,1.172968919184878,0
0.2633431639342903,1.1720232399680057,0
0.2071136937357547,1.1795441067219619,0
0.2193146340109552,1.1803724474641035,0
0.2760746854514316,1.1727604320046257,0
0.2575079844176605,1.166542889859897,0
0.1885473974168897,1.1438808200857662,0
0.1482317220424214,1.1189929740263893,0
0.0633569355026768,1.086356001065879,0
0.0294070208867798,1.0469512836449621,0
-0.0740342643292827,1.025715466241042,0
-0.0692600449390816,0.99823724919315,0
-0.0745648455712238,0.9784769018181244,0
0.0002311233036298,0.9553861576903575,0
0.03948583855167,0.9245551024546574,0
0.0575217559860473,0.9042211943385307,0
0.0691921150193074,0.8964689799696283,0
0.0575217559860473,0.8784401503003176,0
0.1153427675529521,0.8701853638790484,0
0.1567192006963958,0.8628964601471256,0
0.1758160782572015,0.8570053271044631,0
0.1280738843551872,0.8534435792526641,0
0.0553998357331904,0.8390673197315024,0
0.020919542232805,0.8312200852906585,0
0.0347116191614686,0.8141500515592435,0
0.1047333686461208,0.7989293097380679,0
0.1063247076570366,0.7864624875435905,0
0.0294070208867798,0.7603512870191002,0
-0.0252313126582926,0.7398141966722611,0
0.0766186335468526,0.7192618879494583,0
0.0405467986780984,0.7078991996562853,0
0.0060663028202604,0.6909475813422639,0
0.0193280008644362,0.6769636757768968,0
0.0315287387821829,0.6637316477377321,0
0.0925326307283734,0.6322971677779394,0
0.0776795936732818,0.6222296246113275,0
0.1487623032843625,0.6055382194986837,0
0.2426549473625685,0.5931906240689476,0
0.1965044971863764,0.6022923894067718,0
0.2803181212422392,0.5959216335445162,0
0.2628129874072557,0.5929200950129571,0
0.2468987878682822,0.5986670419692421,0
0.2007479329771841,0.5958831505057608,0
0.2304544118022741,0.5949318683521725,0
0.1280738843551872,0.5939544562729073,0
0.154597280443539,0.5908028817785312,0
0.1471707619159933,0.5789026041571059,0
0.1561888218119078,0.5659368022789006,0
0.0776795936732818,0.5554973660543254,0
0.1498230610533375,0.5076985329556456,0
0.2606910671543989,0.4901586919771068,0
0.3301822353971104,0.48129761003844723,0
0.3434439334412862,0.48140369288984775,0
0.360418890749235,0.47810591872588754,0
0.2983542410340695,0.48113148000496847,0
0.3142680358581369,0.4805223838625543,0
0.4177095234316522,0.481127194993096,0
0.4081610846512493,0.47894402650746415,0
0.4129351016839977,0.4856022817799162,0
0.4267273809701143,0.4808928201872112,0
0.3768632668152432,0.4809822192262643,0
0.3954299678490142,0.4753676182681479,0
0.4028564863765602,0.46912700997233664,0
0.3980820646289057,0.4694664525348971,0
0.4230141217063413,0.4635917882187807,0
0.352992372221689,0.46077773948735534,0
0.3890642070904436,0.4523898944445724,0
0.4155876031787953,0.4437610429838586,0
0.4840180136525315,0.4362804939963075,0
0.5375953870711756,0.43266961666467646,0
0.4490069365527522,0.43363402768676357,0
0.5593443614118728,0.4279957950869734,0
0.5710147204451326,0.4230072489406998,0
0.5360036433453533,0.4183303334990121,0
0.5497959226314699,0.4130632955020569,0
0.5683622189503349,0.40918077856605656,0
0.5779106577307378,0.4053166338449463,0
0.5779106577307378,0.4049795222017682,0
0.5667708799394188,0.40038563317095055,0
0.6176957518632653,0.39776774750177174,0
0.6118605723466355,0.40011083752802995,0
0.5964769540496028,0.39559487626539847,0
0.5365342245872942,0.39232958163565046,0
0.386411705595646,0.3961017475247297,0
0.325408218364362,0.3918887292935661,0
0.4039172441455356,0.38833542868046983,0
0.3418525944303701,0.3843389143300809,0
0.2766048619784662,0.38218863489178667,0
0.2203753917799305,0.3810206049392776,0
0.2612212436814334,0.37969013796889667,0
0.2193146340109552,0.3794023839620609,0
0.2840313805060122,0.37727992039680563,0
0.2728916027146932,0.3752702560608249,0
0.2919884802754989,0.37483611820044893,0
0.3057807595616155,0.37897213385403544,0
0.3206337966167075,0.3764874415254286,0
0.3338954946608833,0.3782858557019277,0
0.2368197678459386,0.38234706569485766,0
0.2787267822313231,0.39750447474970246,0
0.2373503490878794,0.4059941050376277,0
0.2983542410340695,0.4072437271040317,0
0.262282406165315,0.40926168015872094,0
0.423544702948282,0.40771699916950715,0
0.3970213068599303,0.419086335937601,0
0.5269857858068913,0.4213922724690325,0
0.6452803104354986,0.4313953229158128,0
0.6818823218312877,0.4474804116454693,0
0.7190153191839238,0.47028721515809285,0
0.7078755413926048,0.48526595817971835,0
0.7184847379419831,0.5019234209894463,0
0.6548287492159014,0.5265829653343058,0
0.7004490228650588,0.543025028437886,0
0.7031011196449504,0.5564653561430275,0
0.716893398931067,0.5809702185788997,0
0.5190286860374045,0.5993205216469057,0
0.5163765892575131,0.6088274278833304,0
0.5524484241262676,0.6284775924342371,0
0.3959601443760489,0.6423104699719063,0
0.3970213068599303,0.6513282771608881,0
0.4330931417286849,0.650205443852277,0
0.4702257343664148,0.6516239217082498,0
0.5232725265431183,0.6662515395159975,0
0.3869422868375867,0.6739160758231216,0
0.4203616202115437,0.6823009557451176,0
0.4617384580698935,0.677734665751288,0
0.4781828341359016,0.6856160840170139,0
0.4293798824649119,0.6784813973095238,0
0.5057669879932287,0.6646541589351035,0
0.4330931417286849,0.6647468875222367,0
0.3747417512772924,0.664617315980843,0
0.4437023382780631,0.656528381934748,0
0.4187702812006276,0.6607936759263779,0
0.4463548397728608,0.6479628020354302,0
0.4548421160693821,0.6410323767295084,0
0.336547996155681,0.6276180627466256,0
0.3296516541551696,0.6126928768870459,0
0.3731500075514701,0.6060429368149348,0
0.3503398707268914,0.592460144610326,0
0.3418525944303701,0.5692226043421206,0
0.2341676710660471,0.561850908917139,0
0.2580385656596012,0.5439917619352577,0
0.2819098649680615,0.5253867888791043,0
0.3094940188253885,0.5050538380894904,0
0.3582969704963782,0.486906923167444,0
0.3853509478266706,0.47862293543780504,0
0.3837596088157545,0.4647083418169868,0
0.430971221475828,0.46163054529849323,0
0.4389283212453148,0.4500149211168532,0
0.4208922014534844,0.4452120223206908,0
0.4728782358612124,0.4321515801779395,0
0.5121327487517993,0.43053783553763897,0
0.4882618541582452,0.4230844393157805,0
0.4919751134220182,0.41398421070698976,0
0.430971221475828,0.4111414164251097,0
0.3805765260790161,0.4030610548408843,0
0.3795157683100408,0.3953422594005573,0
0.3683759905187218,0.3952212779901242,0
0.4590859565750959,0.3872349224758498,0
0.5184985095103699,0.3848630421687459,0
0.4240748794753167,0.3793107421974285,0
0.4452936772889793,0.3716100241104125,0
0.4410502414981717,0.3655057389103622,0
0.4909139509381367,0.3555289982240678,0
0.5582836036428974,0.34910981498859295,0
0.5413086463349486,0.34731614232261043,0
0.5402474838510671,0.34987310758935464,0
0.609208475566744,0.3524697807980398,0
0.6198176721161223,0.3513665472356857,0
0.5821544982364516,0.3522908280713105,0
0.6113303958196009,0.35172958379854447,0
0.6712731252819095,0.3502082617911853,0
0.780019211130114,0.3471187630695112,0
0.776305951866341,0.34463107205057564,0
0.8389011828234473,0.349247972534463,0
0.7285637579643267,0.3517246166123945,0
0.7290939344913613,0.35581143766426987,0
0.7264418377114698,0.3555578739912703,0
0.7619830913382836,0.36051826059019076,0
0.6670292847761957,0.35937305564478544,0
0.5503265038734108,0.3618055118971855,0
0.569953557961251,0.3651889606745244,0
0.5932942760277705,0.37415872223826957,0
0.6007207945553165,0.3735226038725829,0
0.4856093526634475,0.3824047417407325,0
0.4272579622120551,0.38383370399796995,0
0.4521900192894906,0.3881663714048972,0
0.4548421160693821,0.38673327417236686,0
0.3094940188253885,0.3850873315041984,0
0.3301822353971104,0.38550746932500474,0
0.3572362127274028,0.386777675268319,0
0.3710280872986133,0.3859930154342982,0
0.3418525944303701,0.38303255434574307,0
0.2962323207812127,0.3814368163953197,0
0.2500814658901145,0.38016865786873644,0
0.1641457192239414,0.3804622117345252,0
0.1349700239982456,0.38083518651743375,0
0.1328481037453883,0.4127105799809292,0
0.0856364910853155,0.40831388200687396,0
0.0569911747441065,0.4053113679995173,0
0.0039443825674031,0.39993966056913327,0
-0.0215180533945204,0.39881600863262634,0
-0.0353101303231836,0.39910608675127474,0
-0.2602286181896858,0.4003769740718236,0
-0.2305223417220484,0.4052273191849651,0
-0.219382563930729,0.41057458839095234,0
-0.219382563930729,0.41777120510312776,0
-0.203468566749209,0.42446492710460954,0
-0.3801142794717557,0.4297409564986355,0
-0.3164580883882214,0.4401139669123753,0
-0.5397852372438068,0.4505655908425476,0
-0.4755984649183316,0.46889869093883413,0
-0.4793117241821039,0.48007576137018637,0
-0.5466811745294123,0.49485319439888614,0
-0.4851469036987341,0.5133302357797361,0
-0.5127312599135143,0.5274096048894732,0
-0.405576715433679,0.540875572621068,0
-0.3896627182521586,0.5548145302735298,0
-0.4830249834458772,0.5696102850464173,0
-0.4236126328680563,0.5885253443133031,0
-0.5090180006497413,0.602705800155878,0
-0.4745375047919025,0.620941686434163,0
-0.5010609008802541,0.6361061782902785,0
-0.4252039718789724,0.655988991772473,0
-0.49840860174291,0.6673170395403972,0
-0.5684303512275626,0.6820556497745909,0
-0.7615206423735702,0.7014879885587572,0
-0.7105957704497237,0.7329352597520715,0
-0.7806175199343762,0.7610633946136158,0
-0.7960011382314086,0.7926047735965716,0
-0.9583243951408036,0.8296286059085595,0
-0.762581602499999,0.865891431036727,0
-0.8479869702816836,0.9009575453640544,0
-0.8097932151600721,0.9319261617345739,0
-0.8055495770118114,0.9539811062234174,0
-0.7456066451920501,0.9819975476711632,0
-0.7164309499663535,1.0126488805616,0
-0.670280297432708,1.0383894428614435,0
-0.6405740209650713,1.0551761336334053,0
-0.573735151859704,1.0719601822587406,0
-0.4368743309122321,1.0798755741120902,0
-0.4246735929944847,1.0829223373265064,0
-0.4777203851711881,1.0818562545610078,0
-0.5350110178536053,1.087078545497122,0
-0.450136028956408,1.0950802798757315,0
-0.4395266300495763,1.0972176391956854,0
-0.4522579492092649,1.095901816476925,0
-0.3604870230264623,1.0991655712026696,0
-0.4257345531209132,1.0939792518007958,0
-0.4230822539835682,1.0932599955028535,0
-0.3960282766532765,1.0916088697234292,0
-0.3663222025430926,1.0938054483204753,0
-0.4565015873575255,1.0946360795937278,0
-0.3864798378728729,1.1045686627065767,0
-0.3376768862018836,1.1124549516644748,0
-0.3610174019109504,1.1162986830543031,0
-0.2830387550142641,1.1271792591498244,0
-0.3201713476519937,1.1400763397569755,0
-0.3679135415540083,1.1456403564852558,0
-0.3493472452351434,1.1472166396383148,0
-0.4220212938571402,1.1604915347288582,0
-0.4177774533514268,1.167837433064596,0
-0.4342220317748876,1.1747509510596013,0
-0.3976198180216457,1.1836974851079947,0
-0.3551822223943198,1.1884932428624337,0
-0.3281284474214808,1.1977823471535392,0
-0.2655332164643745,1.2093801490320932,0
-0.2390098203760228,1.2172969094792325,0
-0.1949810880952346,1.2240115338204276,0
-0.1928591678423773,1.2291305498719203,0
-0.1769451706608573,1.230088916026238,0
-0.2713683959810044,1.2315315265210882,0
-0.2703074358545759,1.2266291305110433,0
-0.1939201279688065,1.2202497115649298,0
-0.1790668885562615,1.2187124016223507,0
-0.2543934386730555,1.2189646807725285,0
-0.2124864242876711,1.2157124716499434,0
-0.2140777632985868,1.2033851795276718,0
-0.2321136807329649,1.1943369706116231,0
-0.2087731650238981,1.19447700217499,0
-0.2400707805024512,1.1916616451534727,0
-0.2018770253808402,1.1943900709536734,0
-0.1976333872325787,1.1784526793541292,0
-0.1238983784841539,1.174566086782586,0
-0.1053318798078358,1.1610989244951444,0
-0.1101060991980373,1.1474889595502586,0
-0.0798694438459126,1.1298799227735754,0
-0.0830523242251975,1.1161654601549487,0
-0.0406147285978727,1.0984369375471226,0
-0.032657831185839,1.086532877356229,0
-0.0825217429832575,1.0863570320276854,0
-0.0941921020165168,1.0685441481681281,0
-0.0347797514386963,1.0594625321705249,0
-0.0628944865379637,1.0458947630423319,0
-0.0687296660545936,1.0321708977573223,0
-0.0241703525318646,1.0243263051432954,0
0.0527475365958459,1.018624547991279,0
0.1052639498880616,1.0017579424959726,0
0.0988981891294914,0.989688267387792,0
0.0798013115686849,0.9815921621047986,0
0.1317873459764133,0.9662439269885412,0
0.2018090954610656,0.9503182375374742,0
0.1795293375209745,0.9443227002237571,0
0.2129488732523845,0.9357686805553219,0
0.158310742064765,0.9248580636335572,0
0.1747551181307731,0.9111979053204023,0
0.1487623032843625,0.8986490521986071,0
0.1832427991422006,0.894108324742784,0
0.1678589784877148,0.8926957638791461,0
0.180590297647403,0.8872046009814532,0
0.2707696824618363,0.8714879871166911,0
0.3025980815397833,0.8608215736447948,0
0.2808487024841799,0.8510719826020571,0
0.2447768676154254,0.9389239605878097,0
0.14345750265222,0.9371471256584987,0
0.1540669015590513,0.9329579382051804,0
0.1758160782572015,0.9223981432091207,0
0.15937149983374,0.9146521573627816,0
0.064417895629106,0.9097901308226113,0
0.0713138329147105,0.9023105853375696,0
0.087758411338172,0.8942093924278293,0
0.0426687189309557,0.8862405772183919,0
0.0808622716951141,0.8729163567611381,0
0.0585827161124757,0.8527245477868112,0
0.0564607958596189,0.8426116340698873,0
0.0235718413701492,0.831706477497365,0
0.0628263542607368,0.8093694506358785,0
0.0755576734204246,0.7905665636209791,0
0.1206473658276416,0.7757247309703298,0
0.1148121863110114,0.7555861785395167,0
0.1328481037453883,0.7379503426069831,0
0.1270131265862119,0.7156573305019944,0
0.0437294766999307,0.6948639393569487,0
-0.1424646748030188,0.6798908548918459,0
-0.1042709196814078,0.6737533021039237,0
-0.077217144708568,0.6559785953396742,0
-0.0947224809010042,0.6515366135866306,0
-0.2124864242876711,0.6376762705493486,0
-0.3764010202079828,0.6314235298101409,0
-0.3896627182521586,0.6318800620949288,0
-0.3774619803344112,0.6368048118894063,0
-0.4729461657809867,0.6398945197479263,0
-0.4246735929944847,0.6494548050319884,0
-0.3504080030041187,0.6531334156482838,0
-0.3891323393676709,0.6596151610219808,0
-0.3886017581257301,0.6616126264985273,0
-0.5015914821221953,0.6640939080731795,0
-0.4411181714179455,0.6727928584811764,0
-0.4289174335001985,0.6802674850183419,0
-0.4596844677368109,0.6861477217027603,0
-0.3551822223943198,0.6961498858598624,0
-0.3626089432793192,0.7003119915546174,0
-0.2093035439083854,0.706464788271497,0
-0.1679271107649421,0.7076000958829884,0
-0.1429950536875061,0.7028607732905757,0
-0.1467083129512795,0.6932271389858762,0
-0.0644858255488802,0.6944609278429067,0
-0.0618335264115353,0.6932660648647578,0
-0.1127583983353822,0.691049377653886,0
-0.0798694438459126,0.6838359966877523,0
-0.2305223417220484,0.6788120941421716,0
-0.1727013301551435,0.6798516873777174,0
-0.1636834726166814,0.6798163011834063,0
-0.1557263728471947,0.683784655762182,0
-0.1467083129512795,0.6861513303507197,0
-0.0087867342348319,0.678061273833607,0
-0.0209874721525793,0.6710350245906307,0
-0.0204570932680912,0.662204610932371,0
-0.0538764266420485,0.6525231160399977,0
-0.1578482931000512,0.6489356080321298,0
-0.2024076066227802,0.6493678787485154,0
-0.2809168347614073,0.6501406893406935,0
-0.263411296211518,0.6586999574744937,0
-0.2321136807329649,0.6639440507942983,0
-0.2029379855072682,0.6684790385904091,0
-0.2501495981673421,0.6674239898251935,0
-0.2427230796397958,0.672881367798651,0
-0.2331746408593929,0.6852007650520141,0
-0.1976333872325787,0.7465275301168703,0
-0.1350381562754729,0.7539846730554751,0
-0.106923218818752,0.7733906774881174,0
-0.3525299232569756,0.773762575779704,0
-0.2618199572006015,0.7819230421751401,0
-0.3132754103663892,0.7912814126256338,0
-0.3695048805649248,0.8226269461897665,0
-0.5042437812595398,0.8376191737789075,0
-0.4273258921318297,0.8536486760983223,0
-0.3233542280312794,0.8690995779414574,0
-0.3005440912067006,0.8795415667574494,0
-0.1854326493148321,0.8978455859699727,0
-0.2846300940251802,0.9045520327192056,0
-0.3249455670421958,0.9241840992702173,0
-0.3037269715859856,0.9326187493175567,0
-0.2326442619749049,0.9378225403605279,0
-0.2257481223318469,0.9367146978924547,0
-0.2607589970741731,0.9399323640915852,0
-0.278264535624063,0.9438409022995804,0
-0.3408597665811689,0.9440300456298563,0
-0.3689745016804368,0.9493440966243101,0
-0.3005440912067006,0.95811455121977,0
-0.2554543987994836,0.9661413846140419,0
-0.2061208658865532,0.9657984292848106,0
-0.2915262336682389,0.9634497163414775,0
-0.3530605044989167,0.9584562666518657,0
-0.2299919628375607,0.9519573448222131,0
-0.2278700425847038,0.9517727919876388,0
-0.2161996835514441,0.9495832283186354,0
-0.1456475551823045,0.9391200571773103,0
-0.1695184497758578,0.9290523050395283,0
-0.2570457378104001,0.9160977809591037,0
-0.2920566125527262,0.9039385860326508,0
-0.3047879317124147,0.8986728824051431,0
0.1222389071960108,0.8861265873431655,0
-0.0666077458017367,0.8646258912867295,0
-0.1318552758961875,0.8456865732830833,0
-0.1307943157697595,0.8273261563723828,0
-0.132916236022616,0.8136127207580951,0
-0.1037405407969197,0.7999100352064838,0
-0.1753536292924885,0.7887195468629405,0
-0.2177910225623602,0.7808975631910241,0
-0.222034863068074,0.7712533281938271,0
-0.2485582591564256,0.7679283386626798,0
-0.346164364855858,0.7608388354573432,0
-0.3700354618068648,0.7571316492667061,0
-0.4220212938571402,0.7525744085077085,0
-0.4321001115220307,0.745089614696535,0
-0.4130032339612246,0.7346808948457408,0
-0.4161861143405103,0.7221410993331027,0
-0.4225516727416282,0.7121746396283906,0
-0.4246735929944847,0.6992821907185516,0
-0.3737487210706382,0.6868574970077871,0
-0.312744829124448,0.6690550232957004,0
-0.3716268008177813,0.6459774687882598,0
-0.4130032339612246,0.6035690817545973,0
-0.3838275387355288,0.5697311165579453,0
-0.353590883383404,0.5326432982170058,0
-0.3615479831528904,0.5031312530042458,0
-0.3864798378728729,0.4654918867644906,0
-0.3413901454656566,0.41520146325107177,0
-0.2453753787771407,0.36665096831621147,0
-0.2315833018484768,0.3146973177080871,0
-0.2087731650238981,0.2787204243911615,0
-0.2538628574311144,0.2333416136546267,0
-0.2681855156017194,0.20694739688015287,0
-0.293647951563642,0.16845136475352324,0
-0.3403291853392282,0.13029209993451096,0
-0.2331746408593929,0.09993046348151625,0
-0.215138723425016,0.06815728663330174,0
-0.1785365096717734,0.042803948986713594,0
-0.2252177434473596,0.02106262817757952,0
-0.1827801478200337,0.0045970855720945105,0
-0.1780059284298326,-0.010261585912906903,0
-0.1981637661170668,-0.01914759340277584,0
-0.2013466464963521,-0.02815884664336757,0
-0.1843716891884029,-0.03561284211584001,0
-0.2029379855072682,-0.03604057276689935,0
-0.1525434924679098,-0.03293443040912618,0
-0.1880849484521763,-0.02650904669499496,0
-0.2856910541516083,-0.016772616865221,0
-0.1849020680728909,-0.003293293193368375,0
-0.106923218818752,0.014908265726304428,0
-0.1498911933305648,0.03869947839156612,0
-0.1371600765283297,0.11801126707350534,0
-0.1159412787146671,0.15887424660918623,0
-0.1318552758961875,0.21995962255388138,0
-0.2878129744044655,0.2420238909779091,0
-0.2459059600190807,0.29404911601531286,0
-0.2384794414915355,0.36735889851436926,0
-0.1148803185882387,0.4398068349648531,0
-0.1148803185882387,0.5071165023596749,0
-0.0740342643292827,0.5709635135292381,0
-0.0835827031096856,0.6370264359562247,0
-0.0719123440764258,0.6652040491858779,0
-0.0973749823958022,0.7660543727510524,0
-0.0750952244557111,0.8502960568554635,0
-0.0278836117956376,0.9094709786815934,0
-0.0204570932680912,1.0190031900534453,0
0.018267040738007,1.1104175306588557,0
0.0177366618535197,1.1319924124025353,0
0.0331202801505521,1.2350846565914528,0
-0.0082563553503446,1.3169547925228766,0
-0.0040125148446304,1.3763366763262037,0
0.0272851006339226,1.519530955935162,0
0.0575217559860473,1.5954134425930713,0
0.0596436762389038,1.6087591679103115,0
0.0575217559860473,1.6833526906140266,0
0.0246328014965784,1.7734055101749215,0
0.0309983598976956,1.8726663853360899,0
0.1301958046080441,1.945544221354943,0
0.1418661636413039,2.042124694729242,0
0.1116295082891791,2.0582159945511496,0
-0.0522850876311324,2.175773790338334,0
-0.0549373867684766,2.2310841253723477,0
-0.0825217429832575,2.3249300692864856,0
-0.1334466149071037,2.386392314016122,0
-0.12548971749507,2.4396546776060863,0
-0.1477692730777076,2.481354311244664,0
-0.1101060991980373,2.552699855752206,0
-0.1090451390716092,2.66322993653137,0
-0.1196545379784401,2.7264858408217907,0
-0.2045293245181843,2.789795416633266,0
-0.2655332164643745,2.8260220659255664,0
-0.3397988064547409,2.9307037725948324,0
-0.3954978977687884,2.941194433168966,0
-0.3774619803344112,3.0108955548085232,0
-0.3854188777464449,3.0426617018055597,0
-0.4485446899454919,3.2075213607261177,0
-0.4793117241821039,3.2116439331936477,0
-0.5562296133098148,3.2261185047061205,0
-0.5827530093981665,3.2384451925309863,0
-0.5222796986939171,3.3553901731250257,0
-0.5116702997870859,3.4327629155058803,0
-0.5450898355184959,3.45719076129302,0
-0.5848749296510234,3.524566132085467,0
-0.5652476732057303,3.5185629965798397,0
-0.5000001431112792,3.4847826238309496,0
-0.4867384450671033,3.5842485659148413,0
-0.4533189093356933,3.5936148661094482,0
-0.4533189093356933,3.657031575409485,0
-0.3875407979993021,3.7206978121030945,0
-0.3615479831528904,3.7699737346377264,0
-0.3827665786091007,3.7499679718676817,0
-0.4862078638251625,3.851450658503097,0
-0.5673693911011334,3.899650268232114,0
-0.6294342431737524,3.914395647776341,0
-0.7164309499663535,3.9609916573806334,0
-0.8400300728696499,3.9622081963586435,0
-0.7344668674007307,3.9844826880567887,0
-0.7116567305761521,4.036244789005767,0
-0.7328755283898143,4.066783100583471,0
-0.779556559807947,4.098361776227237,0
-1.024632885361683,4.091788935007148,0
-1.5630578057194775,4.118372102141747,0
-1.3917165900928934,4.058154988262894,0
-1.464921219956831,4.064340861543636,0
-1.5434304480954577,4.029212589136715,0
-1.53122971017771,3.9877559430177087,0
-1.6919614257187368,3.949552058900784,0
-1.7847933120279675,3.887165706836139,0
-2.133841200503527,3.8217759019889654,0
-1.8765643393894968,3.718761135341968,0
-2.024564836949561,3.698332775290729,0
-1.975231304036631,3.535584207093054,0
-1.940750909357519,3.4804344434875474,0
-1.915288473395596,3.4236157570343644,0
-2.0155468782323727,3.3651184686489555,0
-2.0733678897992776,3.2607068606891128,0
-2.1486943387373456,3.1533353393548165,0
-2.1280061221656235,3.097545524469452,0
-2.1370240808828123,3.0037696573800283,0
-1.871259639936081,2.896631388635178,0
-1.7110583032795423,2.8303897150228563,0
-1.8309440657403395,2.7846912228976737,0
-1.9609087470447533,2.7384368986519863,0
-1.8834603778538284,2.649475218903263,0
-2.0070593995783983,2.6034417721407914,0
-2.02562579707599,2.5382398442045617,0
-2.147633378610917,2.4238361174137775,0
-2.1603645965918785,2.367050817820876,0
-2.1603645965918785,2.2799336055969617,0
-2.2452394843103494,2.236602742289581,0
-5.21055524793105,2.1348030569493592,0
-2.683405999831366,1.9127883263820231,0
-2.483419619631664,1.819572035024342,0
-2.339132330746009,1.7442511641028362,0
-2.315791713858216,1.681254636854241,0
-2.5364664118083677,1.6096195766050774,0
-2.559806978106797,1.5291948552774217,0
-2.4155196892211417,1.4457934957909473,0
-2.215002828958225,1.3805777098132035,0
-2.16513881598208,1.3241263195864594,0
-2.132780341555825,1.2678239754575582,0
-1.9115752141318227,1.2136736015825815,0
-1.9418118694839477,1.1703295078913893,0
-1.9651524863717404,1.1265581509825124,0
-1.90202677535142,1.0878542658153922,0
-1.9338548708931875,1.0520501299081655,0
-1.84685806292186,1.0159099962706624,0
-1.8728509789469967,0.9894213050175602,0
-1.7524348376017125,0.9556264601771737,0
-1.6532372917126374,0.9285771761681378,0
-1.526455490787509,0.9060606362071869,0
-1.4903836559187542,0.8832911149384572,0
-1.4378672426265386,0.8662526931098431,0
-1.4150573081594129,0.8558234317348445,0
-1.4505985617862267,0.8420358519417148,0
-1.3922471713348346,0.823854136107191,0
-1.4739390774952927,0.8091805322780947,0
-1.4261970859507316,0.7885942454323649,0
-1.331773658273132,0.7788174876853481,0
-1.33442615976793,0.7658134954733044,0
-1.2617519087884792,0.7540103627915639,0
-1.2362894728265563,0.7461519108963623,0
-1.2299239144254388,0.7430232452752293,0
-1.116403811544486,0.7382126953879442,0
-1.1885474812819954,0.7362693309441016,0
-1.148762387149468,0.7401068376598304,0
-1.1137515124071418,0.7447098709561999,0
-1.286683965865915,0.7539541661293239,0
-1.290927806371629,0.753596720797711,0
-1.245307532722471,0.7488421271548181,0
-1.178468461259652,0.7413653208525082,0
-1.200748219199742,0.7419974271315812,0
-1.1540669854241563,0.7399285073174307,0
-1.1057944126376549,0.7400621597632339,0
-1.0681312387579835,0.7418145800371163,0
-1.072905458148185,0.7380790573479002,0
-1.198095920062398,0.7389643721843154,0
-1.1604325438252745,0.737870597674791,0
-1.1726332817430216,0.7357338271773649,0
-1.1084467117749992,0.7275173841000125,0
-1.131256848599578,0.7248132520840491,0
-1.1020811533738817,0.7200130139092238,0
-1.05805221873564,0.716740387672059,0
-1.0591131788620691,0.7140310559512617,0
-1.0596437601040092,0.7039289656772945,0
-1.044790520691464,0.6902924740342995,0
-1.1126905522807125,0.6842967245408708,0
-1.0633570193677826,0.6760916359727802,0
-1.08722811631879,0.6678084829517955,0
-1.0771490962964465,0.6594812596018753,0
-1.028876523509944,0.6493551619949938,0
-1.0527476204609512,0.6394891653346831,0
-1.0612350991149255,0.6343540769679884,0
-1.0495647400816654,0.6235562148852913,0
-0.9885610504929284,0.6135829029545086,0
-0.9917437285147608,0.6047764715674943,0
-1.0357726631530024,0.5986162054372617,0
-1.024102304119743,0.5887328127547292,0
-1.007657928053735,0.5810815971132172,0
-1.0373640021639188,0.5696039788233397,0
-1.025163264246171,0.5548162163224571,0
-1.0967765550991926,0.5447298526020022,0
-1.0782100564228745,0.5327710680743566,0
-1.0389555435322877,0.5199452444983191,0
-1.0023531274215924,0.5085954838583463,0
-0.9763603125751816,0.4997470185218884,0
-0.9890914293774165,0.49086634926537265,0
-1.027815563383516,0.4824958330700604,0
-0.9896220106193576,0.4735569575650552,0
-1.0071273468117938,0.4634353216072797,0
-0.950897876613258,0.45639634859301825,0
-0.9737078110803836,0.4470422201199905,0
-0.9859087513555844,0.4354673282535732,0
-0.9392275175799984,0.4232052357565671,0
-0.9392275175799984,0.41097255815553985,0
-0.9371055973271416,0.398200479332311,0
-0.9556718936460064,0.38392532194242646,0
-0.9684032128056946,0.36915720575166483,0
-0.9535501757506024,0.3506383184909507,0
-0.914826041744504,0.3363825949236562,0
-0.9127041214916468,0.32370860566756315,0
-0.931270417810512,0.3116362325938701,0
-0.9349836770742852,0.29796324451682654,0
-0.9540805546350904,0.2881122728719097,0
-0.9461236572230568,0.27576020179749683,0
-1.012432147443936,0.2647867099364203,0
-1.0198586659714817,0.2529754802289212,0
-1.1047334525112262,0.23958952007651732,0
-1.2644044102832772,0.22550951688770346,0
-1.195973999809541,0.20811731029104694,0
-1.2357590939420686,0.19110416944973874,0
-1.2341675525736997,0.1732141741959411,0
-1.2378810141949257,0.1556659534037908,0
-1.183773261891793,0.13851169807311267,0
-1.0840452359395043,0.12193864396989106,0
-1.0410772614276915,0.10765008826363985,0
-1.0336507429001456,0.09433964163367234,0
-1.1291349283467207,0.08229125133388514,0
-1.1137515124071418,0.06806565830650854,0
-1.096245973857252,0.03724491606364465,0
-1.0760881361700172,0.02105587209451764,0
-1.079271016549303,0.010225828164420291,0
-1.0607047202304385,0.0027729883268446435,0
-1.1301958884731498,-0.004201234044189888,0
-1.0808623555602197,-0.010659246378581263,0
-1.1604325438252745,-0.015160134838975938,0
-1.2490207919862444,-0.018934963003199298,0
-1.1339091477369228,-0.022622251348473947,0
-1.0569914609666649,-0.026334533796316808,0
-1.0951850137308232,-0.0274699701227687,0
-1.0294071047518851,-0.027935056713890336,0
-1.0607047202304385,-0.026508410741602383,0
-1.1227693699456034,-0.02250285026884095,0
-1.0819233156866477,-0.019286105138664748,0
-1.0373640021639188,-0.015787969646208416,0
-1.0416078426696318,-0.010401359093907202,0
-1.0458514808178934,-0.004110007502082873,0
-1.0485037799552377,0.0025089996363983984,0
-1.01508444658128,0.00930049989579982,0
-1.0909413755825623,0.017429616892594257,0
-1.058582799977581,0.02636951040941901,0
-1.1004898143629658,0.03728379078666289,0
-1.1689200224792482,0.049582876018063715,0
-1.1153428514180574,0.06310160379246062,0
-1.2309848745518672,0.0730301600068503,0
-1.2957020257618304,0.08936746013934688,0
-1.3158596610916118,0.10753843977162802,0
-1.2617519087884792,0.12718431651299192,0
-1.2166622163812628,0.14904161363290308,0
-1.137622407000695,0.16949243177105427,0
-1.1567192845615015,0.1866034395128822,0
-1.244246572596043,0.21084718558844479,0
-1.0771490962964465,0.23639816197754673,0
-1.0203890448559696,0.2586269683055899,0
-1.0156148254657682,0.28173061984577696,0
-1.0331203640156574,0.30438225305341865,0
-1.0856365749504209,0.3272954251921824,0
-1.021450004982398,0.3534687359714224,0
-1.0166757855921966,0.3791605144346021,0
-0.9959875690204748,0.40430780969333696,0
-1.0002312071687356,0.43060462362374635,0
-0.9784820304705848,0.46478064784493833,0
-0.9302094576840828,0.4960559685511003,0
-0.8320729731001631,0.5288176762537746,0
-0.7896355798302906,0.5571890677986844,0
-0.7991840186106935,0.5779619469666202,0
-0.8092628362755845,0.6102766155466882,0
-0.8511698506609688,0.6394552648040256,0
-0.8124457166548694,0.6657315172628292,0
-0.7933488390940641,0.6922512435655614,0
-0.7604598846045948,0.7211538427127944,0
-0.7869832806929465,0.7444050861198126,0
-0.7954707593469212,0.7686690790904044,0
-0.7997143974951816,0.8022124797019933,0
-0.7328755283898143,0.8274145214212996,0
-0.7440153061811337,0.8558824821292798,0
-0.7217355482410426,0.8921333396299465,0
-0.6883162148670853,0.9172703742095989,0
-0.6777068159602544,0.9597505961309987,0
-0.6490614996190458,0.9806536628845746,0
-0.6098069867284593,1.009226598171158,0
-0.6819504541085151,1.0269465524651409,0
-0.7201442092301265,1.05563693064068,0
-0.6617928187787335,1.079939107129206,0
-0.655957639262104,1.1117026317351912,0
-0.6883162148670853,1.143533556712989,0
-0.6681583771798515,1.1953647270295473,0
-0.6469395793661885,1.224004183373028,0
-0.6405740209650713,1.2491786395927853,0
-0.6883162148670853,1.287198538670883,0
-0.5657780520902177,1.3174648668658722,0
-0.5286452570950351,1.3520893675652847,0
-0.5180358581882034,1.3823399946560622,0
-0.4432398893133497,1.4082343914191615,0
-0.442709510428862,1.415654757152595,0
-0.3917846385050151,1.4373961198892202,0
-0.4076986356865359,1.4282979366920712,0
-0.3726877609442098,1.4672041451058813,0
-0.4368743309122321,1.4719340663043905,0
-0.4039853764227629,1.469774181356896,0
-0.3901930971366463,1.4764253346014569,0
-0.3960282766532765,1.4834053266815792,0
-0.4416485503024336,1.4593920094993942,0
-0.4151251542140819,1.4588500235844324,0
-0.4236126328680563,1.4575223840624705,0
-0.4108815160658216,1.4417833352574092,0
-0.4379352910386606,1.4371901776338432,0
-0.4453618095662066,1.4050692802512272,0
-0.3737487210706382,1.383071842666708,0
-0.3095621511026158,1.378018780987848,0
-0.2602286181896858,1.3424748821519568,0
-0.2315833018484768,1.3271164562802675,0
-0.1986943473590079,1.3167735782020786,0
-0.1392817944237339,1.2625207014229534,0
-0.1185935778520117,1.236823999957613,0
-0.1016186205440628,1.2072597483584557,0
-0.1249591362531292,1.1861147578078182,0
-0.0597116061586788,1.1690275397250431,0
-0.028944571922066,1.1385399036284303,0
0.0288764396448387,1.0973798416656122,0
-0.0040125148446304,1.074475457341942,0
-0.0719123440764258,1.0607585254497667,0
0.0474429383211568,1.029704034461513,0
0.0569911747441065,1.0149033926208062,0
0.1392138645039589,0.9743985500141572,0
0.1556582405699678,0.9565316707966801,0
0.0479733172056444,0.9509723120421564,0
0.002353043556487,0.9362174284923425,0
-0.0448585691035864,0.9244735550012265,0
0.0363029581723851,0.9057876208732988,0
0.1715724401089409,0.8886642689128006,0
0.2914578990335582,0.8739359915206628,0
0.236289591318904,0.8694559324018923,0
0.1811208788893437,0.8593758525778832,0
0.2039310157139224,0.8329036791249766,0
0.2877446397697852,0.8206435748928438,0
0.265995665429088,0.7987643083663372,0
0.2543253063958282,0.7848656675929858,0
0.2230278932747282,0.782487636133388,0
0.2124182920104438,0.7892325768205638,0
-0.0315968710594106,0.7981844775295465,0
0.0437294766999307,0.7777988300748041,0
0.050625616342989,0.7682833514592637,0
-0.1504217745725056,0.7608684776366651,0
0.0309983598976956,0.746390639506041,0
-0.10798417894518,0.7438763618411235,0
0.0198585821063762,0.7318906210382398,0
0.0511561975849301,0.7141651962121578,0
-0.0024211758337143,0.7178974965563996,0
-0.0761561845821396,0.7165284308411215,0
0.0453210180682999,0.7074092602865357,0
-0.1032099595549786,0.6981834360840427,0
-0.0671381246862244,0.6846198482514806,0
-0.043797608977158,0.6795047152618936,0
-0.0528156688730735,0.6768444979650463,0
-0.0676687059281652,0.6569765489830764,0
-0.047510868240931,0.6349257796284299,0
-0.0220484322790077,0.616460702959922,0
0.1355006052401867,0.5993100197501827,0
0.1519449813061948,0.5968883908816046,0
0.1344396451137575,0.5878431465347318,0
0.1477013431579333,0.5714470407513332,0
0.0978372290030622,0.5605457481911138,0
0.0400162174361573,0.5565770487007909,0
0.0442600579418714,0.5357642463874714,0
0.0819232318215421,0.5085308925513311,0
0.0697224939037947,0.4956887805320613,0
0.1243606250914139,0.4685356177053654,0
0.173163779119857,0.4524037297898727,0
0.2341676710660471,0.4366860708401606,0
0.158310742064765,0.42832945664635724,0
0.2065831124938139,0.4170691425482913,0
0.2702395059348017,0.40847276712593616,0
0.2670564231980633,0.3917957787820483,0
0.2182534715270737,0.3805387242261405,0
0.2283324915494173,0.3653015321583805,0
0.2293932493183926,0.3540769415899747,0
0.2484901268791984,0.34404612279840635,0
0.2909277225065235,0.3299401397155438,0
0.1710418588670001,0.3176816724397391,0
0.2532645486268529,0.30198172926404604,0
0.301006337813961,0.2865896017266948,0
0.2596299046705174,0.2720224829338186,0
0.1466403830315053,0.2532413282669498,0
0.0771490124313407,0.2346098788549559,0
0.158310742064765,0.20587520655561517,0
0.2893363834956074,0.1868783176423966,0
0.2903971412645828,0.17278387550010596,0
0.2978236597921287,0.15414379586030383,0
0.3317735744080264,0.13748347336473107,0
0.3036588393087586,0.1278531124310138,0
0.3779244292991247,0.11611291541579238,0
0.4368064009924579,0.10467243348358163,0
0.4357452385085764,0.09633782518182119,0
0.4787134153778423,0.08668900605063047,0
0.4580251988061205,0.0756218855630017,0
0.5015235522024211,0.06819199610796395,0
0.4967491304547666,0.05901898787702966,0
0.5142546690046562,0.050628011609845605,0
0.5471438258515785,0.044375152390541135,0
0.5455520821257562,0.04046389791567871,0
0.6113303958196009,0.035207749335633205,0
0.612921734830517,0.03190738319427377,0
0.5540397631371837,0.028849260567164747,0
0.5858677575002246,0.024563714552918593,0
0.6930225043375129,0.01991105663709474,0
0.6611941052595659,0.0166700872317213,0
0.6622552677434475,0.013564557792729698,0
0.6739256267767071,0.010300295244846791,0
0.7137107209092347,0.00794803979359119,0
0.6532374102049853,0.006154160041470869,0
0.6569506694687582,0.004621187208876359,0
0.6829434843151693,0.0034265402711397496,0
0.776305951866341,0.002630203598930231,0
0.772592692602568,0.002592274691570484,0
0.6776388860404802,0.0019460071674197328,0
0.6155738316104085,0.0008676539471160589,0
0.6548287492159014,0.0017326743032232024,0
0.740764293524621,0.0022451187791364983,0
0.7163628176891262,0.00411751800015607,0
0.7773667096353163,0.005920678849605898,0
0.6649073645233389,0.007621743733754763,0
0.5863983387421653,0.009201906120528526,0
0.5948856150386866,0.010224946598771965,0
0.3089634375834478,0.011160281626220545,0
0.3620102297601512,0.009773955319560036,0
0.5147852502465969,0.008203319171857302,0
0.6001906180282819,0.007742266548991695,0
0.6086778943248032,0.00739308233594244,0
0.6001906180282819,0.007716051375186064,0
0.5863983387421653,0.0080707757658651,0
0.6256528516327521,0.007803206786177939,0
0.6909005840846559,0.008360890689483851,0
0.7084057179196395,0.00913138385942381,0
0.5657101221704435,0.009839230240116261,0
0.5285771248178074,0.010223571367595224,0
0.4007345661237034,0.009656238547506859,0
0.4505982755636684,0.007776320593882179,0
0.4076305034093086,0.005996593262361736,0
0.3121465203201861,0.00426834245303868,0
0.4081610846512493,0.0019117635109689131,0
0.4590859565750959,0.00036536990604530084,0
0.4505982755636684,-0.0008934850799249088,0
0.4161181844207361,-0.0021242048886569967,0
0.3551142924745459,-0.003282054925517687,0
0.3179812951219098,-0.004983988503377248,0
0.2580385656596012,-0.005877147131231406,0
0.1641457192239414,-0.007152415876379341,0
0.091471670601945,-0.00896189828588064,0
0.2675870044400041,-0.008804269152073062,0
0.3683759905187218,-0.007411042128991097,0
0.4118743439150223,-0.008935873247020087,0
0.3620102297601512,-0.005725842013181201,0
0.4320319792448034,-0.0028442216199125398,0
0.456964036322239,0.0006291175550906303,0
0.4193008624425683,0.0037605843741398046,0
0.4240748794753167,0.0052156105943337,0
0.4983404694656826,0.010340553541721908,0
0.4612078768279528,0.013042175656942618,0
0.4113437626730816,0.023790257004167106,0
0.4617384580698935,0.0322611053124373,0
0.4002039848817626,0.03895991836343651,0
0.4840180136525315,0.04776504077822919,0
0.5227419453011776,0.05909966093276195,0
0.5232725265431183,0.064497026603426,0
0.6373232106660118,0.0828881269795966,0
0.6373232106660118,0.09550028660605757,0
0.6033732960501141,0.10494604407699874,0
0.5142546690046562,0.12347176949885082,0
0.5285771248178074,0.13544642794822007,0
0.6171655753362307,0.15415043484629032,0
0.6739256267767071,0.16976807632256824,0
0.7099974616454617,0.1873456588802292,0
0.7879759061846946,0.20030854923375147,0
0.7794886298881732,0.2142963607667608,0
0.7550871540526783,0.2319305668079577,0
0.7656963506020567,0.2509970071089395,0
0.8107860430092733,0.25900976442058554,0
0.9030877527914696,0.2739244991991162,0
0.9725789210341812,0.30069192732035716,0
0.893008732769126,0.3311084028387592,0
0.9391595876602242,0.36174951709255904,0
0.994858476616819,0.3928232420939987,0
1.0569231263319845,0.4342591968439875,0
1.0632888870905552,0.4730400523299672,0
1.052679690541177,0.5410321575530579,0
1.098830140717369,0.6113566352200787,0
1.1502855938831562,0.6497255637863355,0
1.1587732748945838,0.6805150373187956,0
1.186357428751911,0.733046912320035,0
1.234630203895866,0.7600687113095215,0
1.161955952916416,0.7770418275516799,0
1.228795024379236,0.8208643488947405,0
1.228795024379236,0.8445244937955605,0
1.2760066370393095,0.8754431451098136,0
1.1704436339278437,0.9009423457907322,0
1.178400328982424,0.9732781383375775,0
1.2187160043568923,1.022655919771994,0
1.2441786426762689,1.1243368309490633,0
1.2367521241487227,1.2369765101342596,0
1.0749592461238149,1.2887015650160627,0
0.9662131602756104,1.3178173861943414,0
1.0967082204645122,1.3831360424163142,0
1.1317192975642911,1.4441751496833604,0
1.249483240950958,1.5054363880594173,0
1.1004214797282852,1.5527731603115371,0
1.113683177772461,1.556173241517439,0
1.071245986860042,1.6137042258783016,0
1.0760200038927905,1.6843662001080622,0
1.0696546478491258,1.6859353260533643,0
0.9423422656820564,1.7044579291618969,0
0.9768227615398948,1.7502236893123833,0
0.822456402042533,1.8546923492122809,0
0.8569368979003714,1.9449415728540405,0
0.9497687842096024,2.0655289747822523,0
0.9439336046929724,2.118692160069804,0
0.4007345661237034,2.2021426852855,0
0.4962185492128258,2.3853973134649338,0
0.2962323207812127,2.450006576590248,0
0.2638737451762311,2.527751533443509,0
0.3132072780891615,2.655926872722182,0
0.3004761612869264,2.74258830265207,0
0.471817073377331,2.828213276313416,0
0.6076171365558278,2.9827195921074163,0
0.624061512621836,3.077055390382389,0
0.5487351648624946,3.2033005834134043,0
0.5874590965111407,3.346042362357217,0
0.5673014611813596,3.536416107950266,0
0.5375953870711756,3.6098809193304913,0
0.5450219055987217,3.76091823537515,0
0.6251222703908114,3.8764585363391486,0
0.5444913243567808,3.9915708252549518,0
0.4049784066294171,4.0668014864801405,0
0.5582836036428974,4.24428648877386,0
0.6452803104354986,4.429494206199076,0
0.6999184416231181,4.5674453530332295,1
0.7943416669432651,4.848050083364705,1
0.8160910459988685,4.9740198854483255,1
0.8468578778780278,5.159972333575847,1
0.8696680147026066,5.380972366918165,1
0.7752447893824594,5.69267600496457,1
0.8213956442735576,5.870072084986651,1
0.8696680147026066,6.071311135400214,1
0.915288288351764,6.223896380205583,1
1.000693656133449,6.31505794146426,1
0.970987582023265,6.4733183854306136,1
0.9354463283964513,6.640474357398645,1
1.094056123684621,6.741483467729309,1
1.169382471443962,6.937016868923698,1
1.1417983175866349,7.278786388919128,1
1.2319777024010683,7.519481652728863,1
1.3173830701827534,7.777709660278691,1
1.3985445974587245,7.986217855089201,1
1.3953619194368925,8.25874526784838,1
1.3019994518857203,8.440298126083576,1
1.2049237250707758,8.609026694999327,1
1.3264009277212154,8.887293641328451,1
1.4192328140304464,8.992857328050357,1
1.3799783011398594,9.042397856979592,1
1.3911180789311786,9.241449023006622,1
1.4616704096577715,9.405374026241576,1
1.464322506437663,9.50180889865271,1
1.467505589174401,9.598683686914526,1
1.5741293500548428,9.739548991071096,1
1.6823448546611064,9.885567002516888,1
1.6298286437263438,9.974723962022736,1
1.525856979625794,10.085284556338642,1
1.5417711791647677,10.10708129702853,1
1.553441133483121,10.146441543539789,1
1.724251869046491,10.298714614914942,1
1.8494423309607035,10.337574136514542,1
1.6696137378588711,10.469422268775663,1
1.753958347871581,10.57476433810774,1
1.6531693617928631,10.7217515412479,1
1.616566945682168,10.767116780620176,1
1.6844667749139637,10.768958057283186,1
1.6712050768697877,10.953536320978769,1
1.708868250749458,10.92914223498691,1
1.644151099539495,11.00168157093852,1
1.86323461024682,11.036303632490677,1
2.271164571594441,11.017911606592945,1
2.652570732138801,10.99996376279608,1
2.4971436148724626,10.859096031928614,1
2.922048533528032,10.756486872239709,1
3.119382665179753,10.716908605162565,1
3.3474836287106347,10.552445839454943,1
2.551781746060084,10.274310084455319,1
2.4096163268379214,10.231249316459804,1
2.585201484148947,10.225333825129887,1
2.249945773780778,10.142757630268628,1
1.9014283653684316,9.932299192908276,1
1.8271627753780653,10.042465554262737,1
2.2483544347698605,10.02433054543147,1
2.33959457735327,9.908413774278811,1
2.733202082887736,9.829853614901207,1
2.714105205326933,9.592407746355283,1
2.8822634393955044,9.376527334303612,1
2.7448720372060893,9.276583734479605,1
2.8276253082078844,9.188920324096514,1
2.406433648816092,9.022742579071648,1
2.3151931015177727,8.860145268324676,1
2.5051007146419493,8.826941349344636,1
2.105127853063819,8.733620537651538,1
2.0515504796451736,8.7785162628213,1
2.264268229593929,8.774506730936682,1
2.194246480109278,8.743707002719367,1
1.8902885875771125,8.700023847002848,1
1.879678986312828,8.649966913214127,1
1.9979735109414356,8.645502742806475,1
1.787377681245538,8.570940058839005,1
2.1221028103717665,8.52246372866367,1
2.315723682759715,8.45104054985342,1
2.458949859750853,8.310798546610512,1
2.525788931213674,8.19566591977225,1
2.2260744744723198,8.05453922250934,1
2.23615349449466,7.961256454068412,1
2.291322206924218,7.92437979047875,1
2.2000816596259045,7.812815605280528,1
2.0128265479965277,7.7301807390913755,1
2.1804542008231595,7.57581687336629,1
2.197429158131108,7.545173694464449,1
2.3746056544530507,7.537119901183452,1
2.339064400826232,7.411170787870294,1
2.364526634430704,7.338175006452867,1
2.2181177794177374,7.152034958919424,1
2.504570133400012,7.038453964331857,1
2.528441432708471,6.8567098012781145,1
2.608541797500559,6.6987052821781035,1
2.2541892095715825,6.502558135672728,1
2.0775436992064904,6.3665289321576894,1
2.393171950771916,6.367829963013188,1
2.415451506354553,6.324398331984554,1
2.646735552622169,6.2128509783831705,1
2.843539103031952,6.077149294064388,1
2.748055119942829,5.91180355182807,1
2.598993358720155,5.76276409827808,1
2.737976099920488,5.701450843841141,1
2.7920840545810703,5.639448953097576,1
2.6361263560727903,5.5505466622256066,1
2.608541797500559,5.453758292829993,1
2.6382482763256503,5.335047133111815,1
2.83770392351532,5.225459353246262,1
2.889689957923049,5.054921355934916,1
2.868471160109386,4.907370800021703,1
2.899768977945395,4.749353518147428,1
2.985174345727077,4.628929533192875,1
3.0912679300804835,4.4913807246244195,0
3.0716404712777385,4.288767825050157,0
3.1199132464216954,4.173806422901574,0
3.2631394234128326,3.9959087328826595,0
3.231311429049791,3.8595592120747475,0
3.1867519131696067,3.7396947877497935,0
3.200544192455725,3.614398015858927,0
3.094450608102318,3.500101290592099,0
2.902421074725288,3.35677489149601,0
3.023367696133782,3.2765631658914,0
2.597402019709244,3.140297783859461,0
2.655223233633598,3.038114050963841,0
2.418634589091287,2.9865460877163663,0
2.3167844405286906,2.881513000324791,0
2.49449151809257,2.844922298137548,0
2.59793260095118,2.765083544489995,0
2.714105205326933,2.6913088599741166,0
2.6090723787425016,2.5825920836106833,0
2.3958244522667127,2.478577728113826,0
2.5374592902469324,2.420782425763374,0
2.063751419920374,2.270545913084964,0
2.0122959667545866,2.189109101581952,0
2.2350927367256848,2.12869398299591,0
2.3443689991009213,2.0798977932193323,0
2.307236001748286,2.0312464724566204,0
1.8695999662904843,1.9585511719305786,0
1.8940018468408852,1.9064327791124416,0
1.8664172882686525,1.8482375462034193,0
1.9624318525997155,1.8125647282402277,0
2.228196394725173,1.7568317288531576,0
2.3141323437487973,1.6991940377738222,0
2.2101606796482507,1.6127268008018834,0
1.896653943620777,1.4771545561919734,0
1.809126655586235,1.4157458584062057,0
1.9152202399396416,1.360908438259519,0
1.8239800973562328,1.3161596314744946,0
1.944926718764732,1.2775593853536504,0
1.90036720288455,1.2358722683466903,0
2.017070388502241,1.1812181794480674,0
1.766158883431875,1.1211388244253808,0
1.7942736185311432,1.0807403109894211,0
1.5948179713414707,1.0417698238509063,0
1.4823586262294934,1.0378703502038467,0
1.5072906833069288,1.0219572617051034,0
1.6001225696161598,1.0007878437282518,0
1.5863302903300434,0.9738767892330817,0
1.6621872193313254,0.958924163472846,0
1.7900297780254295,0.9328585626063912,0
1.6706744956278468,0.8968536617627735,0
1.5285094811205917,0.8637686813535178,0
1.3757344606341455,0.8151968113365754,0
1.4595484894049149,0.7830566572726622,0
1.5863302903300434,0.7587453410545554,0
1.6006527461431943,0.7237661983325223,0
1.572007834516892,0.6991461920077982,0
1.7582017836623889,0.6756349949966862,0
1.8192056756085788,0.6592036173245576,0
1.6934846324524255,0.640055664743732,0
1.722129948793634,0.6067900604249596,0
1.931665020720556,0.5878473266874041,0
1.6468036010342926,0.5595332720241809,0
1.5359359996481374,0.5509608443762263,0
1.3799783011398594,0.5458066496516701,0
1.393770580425976,0.5528908134665559,0
1.3943007569530108,0.5450262958764643,0
1.132249878806232,0.5192613017859933,0
1.2171246653459764,0.5052541089162373,0
1.3895267399202624,0.4953980328988558,0
1.442042950855025,0.4758774067515227,0
1.4171108937775894,0.45678590001867747,0
1.4791759482076612,0.4363948020944077,0
1.2998775316328637,0.41396934608392355,0
1.3004081128748044,0.39912840169380087,0
1.333297269721727,0.388816183441698,0
1.2653970357750253,0.387904281674182,0
1.1852966709829356,0.37867912221571104,0
1.2144721638511786,0.3811671326545496,0
0.9624999010118376,0.3742303089782429,0
0.8548149776475146,0.374531371532488,0
0.9497687842096024,0.3804548479621534,0
1.143389656597551,0.39222589797139457,0
1.0945867049265614,0.3858938254386072,0
1.002284995144365,0.3694933884264937,0
1.2218986823787246,0.3729587166242537,0
1.375203879392205,0.3578249720612909,0
1.4409821930860496,0.33881437783759294,0
1.4775842044818388,0.32437362901334704,0
1.699850393210996,0.3053285025582914,0
1.6197496237040003,0.2889007371412017,0
1.5253263983838532,0.2746716264903787,0
1.4149889735247323,0.2699743855382036,0
1.512595281581618,0.2602289735514515,0
1.326931508963156,0.24069455280512733,0
1.3189744091936697,0.2337509648554568,0
1.1789309102243648,0.22175213440073882,0
1.323748830941324,0.21696630887737106,0
1.346558967765903,0.2045548976812947,0
1.297225434852972,0.18969591680981182,0
1.2722933777755363,0.16826764969739508,0
1.311547890666123,0.1472777024397294,0
1.4489392928555365,0.1449331798028887,0
1.511003942570702,0.1302904939679288,0
1.4484087116135955,0.11803926440059624,0
1.3757344606341455,0.10736781327356784,0
1.4733407686910311,0.09411509322000775,0
1.5598068942416916,0.08293021011396148,0
1.462731167426747,0.0647951023646601,0
1.69825905420008,0.05967674874920482,0
1.6547607008037797,0.05025053529897264,0
1.5019860850322395,0.04412110574804067,0
1.3386018679964158,0.039215870810995916,0
1.3725517826123137,0.03797337571819847,0
1.5046381818121313,0.0357877394081683,0
1.3407237882492726,0.030494949440823236,0
1.3964226772058677,0.03069106959654217,0
1.3258703464792747,0.03139462006583758,0
1.1163356792672583,0.02828725632072473,0
1.0335828129803712,0.02710385152730804,0
1.0150165166615064,0.02400688709294538,0
1.0797332631565633,0.023996180520811632,0
0.9200627100994184,0.02375852772035422,0
0.8320048408229359,0.021322913528589837,0
0.8829297127467824,0.022402960368106427,0
0.9338545846706288,0.02105424065038719,0
1.0585148700578069,0.01626076115547957,0
1.094056123684621,0.01149476289282871,0
1.028278214705682,0.008374535000890906,0
0.8664853366807743,0.009314292180381099,0
0.7243199174586129,0.008287564969790256,0
0.605495216302971,0.011758266453165037,0
0.5763193187198217,0.013622080968448259,0
0.5529786006533022,0.014208439464649449,0
0.6670292847761957,0.016608050379702196,0
0.7847932281628623,0.016740562847222067,0
0.8850516329996393,0.015551759476743561,0
0.8229869832844737,0.012626964376850432,0
0.7264418377114698,0.010635469001066475,0
0.774184031613484,0.010842263321458753,0
0.8219258208005923,0.01207245741636694,0
0.9386290064182834,0.008246851516148011,0
0.8961914107909582,0.0060391821097331285,0
1.005998254408138,0.006752911725777236,0
1.004406915397222,0.006993426203399443,0
0.9741702600450972,0.006384150443512776,0
0.9444641859349132,0.004297451015875861,0
1.043131251760774,0.005633568446814749,0
0.8664853366807743,0.004113325784117174,0
0.6495237462263062,0.0019111224476904788,0
0.6935526808645475,0.003949832606588455,0
0.6988572791392366,0.003365089269782382,0
0.744477552788394,0.0028442881994067393,0
0.7704707723497111,0.0011733665636117073,0
0.8919479750001507,-0.00130517379527118,0
0.9439336046929724,-0.0018269750186657569,0
1.0219124539471116,-0.0019054742938089623,0
1.0388874112550603,-0.001195093832032564,0
1.0017548186173304,-0.002628754075832116,0
1.046844511024547,-0.00429548166268763,0
1.098830140717369,-0.005180937762531656,0
1.1152749214982831,-0.005466606450301255,0
1.0362349097602628,-0.004518526818207353,0
1.0372960722441442,-0.0037576568195767258,0
1.0829163458933018,-0.00260368002269831,0
1.0123640151667086,-0.001619534616992402,0
0.9179407898465616,-0.00022551710991028582,0
0.9693962430123488,0.0010016114993097222,0
0.8389011828234473,0.002476919022635237,0
0.8107860430092733,0.004196851751639307,0
0.6786996438094555,0.005426751223721855,0
0.716893398931067,0.005853780386593854,0
0.8776251144720932,0.006974684012045232,0
0.9481774451986864,0.008809538197298721,0
0.9264280661430828,0.010990259335459449,0
1.0144859354195654,0.01287103274331791,0
1.0367654910022035,0.014373052013358638,0
0.9794748583197864,0.01640762451163547,0
0.9545428012423508,0.01784136782079022,0
0.9492382029676616,0.019086207205221292,0
0.835187518844768,0.01872505632611632,0
0.8256394847792714,0.018621302362674425,0
0.7084057179196395,0.01902159535194019,0
0.7847932281628623,0.017845929217477487,0
0.8341267610757928,0.017674451456941014,0
0.8001768464598951,0.018373748718828433,0
0.872851097439345,0.018289506651974787,0
0.9068010120552428,0.019658649284858592,0
0.9317330691326782,0.020007754984660644,0
1.0123640151667086,0.019549491657846557,0
1.0537404483101522,0.019112502125810296,0
0.9009658325386128,0.019024779392054162,0
0.852162880867623,0.019011453062507518,0
0.8022987667127519,0.017303796038707207,0
0.8532236386365984,0.015173267245675078,0
0.7534958150417622,0.01485864732792902,0
0.5694233814342164,0.012434085692983972,0
0.3720892497824948,0.010095138534320784,0
0.4113437626730816,0.0056855231676018695,0
0.3259383948913966,0.001675120213029815,0
0.3736805887934109,-0.0015578828744601233,0
0.4633297970808096,-0.003794726008888052,0
0.5466132446096378,-0.005664579384304933,0
0.4967491304547666,-0.0066028765547075504,0
0.4596165378170366,-0.007570301232226827,0
0.64793240721539,-0.007558209366685164,0
0.6686206237871118,-0.00746612537641335,0
0.6564200882268175,-0.0077790519652237,0
0.7306856782171836,-0.008064564337634455,0
0.7996462652179543,-0.0077334069041408325,0
1.0516185280572954,-0.006474768826689698,0
1.0670021463543282,-0.005948541340407105,0
1.0616975480796391,-0.006042117754318947,0
1.0664715651123875,-0.0069006552993268865,0
1.0155466931885408,-0.007645715466078513,0
1.1105004997506287,-0.0080950268938548,0
1.2022716282908843,-0.008163381645549082,0
1.143920237839492,-0.0058579991939448324,0
1.1630167106853917,-0.0060580793560063365,0
1.0733679071128988,-0.005862664264600952,0
1.0749592461238149,-0.005828778034127204,0
0.9847798613093816,-0.005862888936320303,0
0.88558221424158,-0.006537680932369639,0
0.9163494508356456,-0.004791994479853047,0
0.963561063495719,-0.0017506176261043462,0
0.8739118552083203,-0.0015837990638026453,0
0.7269724189534106,-0.002867784350761525,0
0.7513738947889054,0.0008556804044018799,0
0.8585282369112875,0.005194890123085062,0
0.7991160886909197,0.010252516922924783,0
0.586928919984106,0.01745032552231332,0
0.4246054607172574,0.019668883437732706,0
0.4224835404644005,0.027008891749489054,0
0.569953557961251,0.039958112509661005,0
0.6664991082491611,0.0502864851569671,0
0.6956746011174043,0.060591819613860336,0
0.6346707091712142,0.07014746818009755,0
0.5450219055987217,0.07651278833174767,0
0.5009929709604803,0.08254902596233887,0
0.5577530224009567,0.09084349864279158,0
0.5444913243567808,0.10101927423640747,0
0.6489935696992716,0.1091997009336797,0
0.5975381165334843,0.11750507501094395,0
0.5810937404674762,0.12877835352869144,0
0.6044340538190895,0.1356202996354585,0
0.6532374102049853,0.15653607470870692,0
0.7290939344913613,0.1659262514552206,0
0.5959467775225682,0.1799735046219523,0
0.6405058886878441,0.1976314023637492,0
0.4702257343664148,0.20873175048120782,0
0.397551483386965,0.2311551702494378,0
0.5041756489823126,0.2497197783348852,0
0.5911723557749137,0.27372700337707245,0
0.612921734830517,0.2896847582207444,0
0.5911723557749137,0.3045612698558486,0
0.633079370160298,0.3301188380134907,0
0.5673014611813596,0.34265119176221315,0
0.5078889082460856,0.3490262070494049,0
0.3460964349360838,0.35589136008498834,0
0.468103814113558,0.36990900669502474,0
0.4070999221673678,0.38241007294973645,0
0.5317602075545458,0.3983941117871744,0
0.5932942760277705,0.4028154005989397,0
0.5253944467959751,0.42153647320573523,0
0.633079370160298,0.42891539249132676,0
0.4728782358612124,0.4344649195520196,0
0.4543119395423475,0.4413299891169674,0
0.4654517173336665,0.4592121697840791,0
0.3768632668152432,0.47089044647581113,0
0.475530332641104,0.4828024185308257,0
0.4914445321800774,0.5047139029056292,0
0.5328209653235211,0.5114918480814183,0
0.4877312729163044,0.5138154637691577,0
0.5938248572697112,0.5324919271521338,0
0.5943554385116521,0.5348219542158612,0
0.7036317008868911,0.5419485030887646,0
0.6574808459957929,0.5581041346213829,0
0.7550871540526783,0.5618512355185448,0
0.803890105723668,0.5676311199963244,0
0.8643634164279175,0.5637429870234005,0
0.7863845671737785,0.5588399692070019,0
0.7190153191839238,0.5613624081571524,0
0.803890105723668,0.5669423622524115,0
0.7826713079100055,0.5527398814570135,0
0.7975243449650974,0.5402996502181459,0
0.8739118552083203,0.5281785179109881,0
0.9624999010118376,0.5281323437743705,0
1.009711513671911,0.5273270728771636,0
0.9646218212646944,0.5257949943174123,0
1.034112989507406,0.5175891353488771,0
1.060106209068723,0.4987699718385866,0
1.124823360278686,0.48592994127383893,0
1.1020132234541071,0.47436512675367437,0
1.002284995144365,0.4672953720116351,0
1.11156166223451,0.46168449880985973,0
1.1789309102243648,0.459803268512723,0
1.132249878806232,0.4382944313268857,0
1.184235508499054,0.41295160090232685,0
1.2627449389951335,0.40056975164505737,0
1.1789309102243648,0.38535142775111825,0
1.198558369027111,0.3768360050790104,0
1.1624865341583568,0.3594634711351206,0
1.08185518340942,0.3563826765566637,0
0.9964498156277352,0.3380601582085289,0
1.0500271890463793,0.33401117057241186,0
1.0956474626955368,0.33184548922878376,0
1.067532727596269,0.3237497599589636,0
1.0479052687935224,0.31172624914832386,0
0.9704570007813242,0.30098678435421905,0
0.9789446817927516,0.29289968036368297,0
1.0203211149361957,0.2971234799170278,0
1.0346435707493469,0.28802857601901927,0
1.0908734456627884,0.28635293358670194,0
1.1158050980253178,0.27866267756009083,0
1.2218986823787246,0.2650417510228875,0
1.323748830941324,0.2625067212488854,0
1.3842221416455731,0.24872982742125951,0
1.42931183405279,0.23766426404961297,0
1.393770580425976,0.22745392859390162,0
1.4277204950418738,0.21560368390933024,0
1.4160501360086142,0.20415000216728635,0
1.4982724210535607,0.191613883778984,0
1.4812974637456118,0.18340079669120748,0
1.568294575253119,0.17013185683829526,0
1.6006527461431943,0.1593757844152969,0
1.6383163247377712,0.1460054618468646,0
1.6234628829677733,0.13192366969722136,0
1.5746599312967835,0.11634419009299937,0
1.540179435438945,0.10742813628337232,0
1.5613982332526075,0.09978512800275667,0
1.5428319369337429,0.09196214478636296,0
1.580495110813413,0.08179575444407192,0
1.7550191056405564,0.07539595731064161,0
1.6505168602980658,0.06458230937347809,0
1.601713908627076,0.05274577051246951,0
1.497211663284585,0.04915730008164832,0
1.5189610423401887,0.04472274000512771,0
1.253196500214731,0.0384841112137486,0
1.1518769328940723,0.03400168845977672,0
1.177339571213449,0.028834285110593518,0
1.367777360864659,0.02748069413625295,0
1.3460283865239615,0.026082474402291354,0
1.2144721638511786,0.023066271728505325,0
1.1837053319720194,0.019767153448179024,0
1.4372689338222766,0.01872316150516053,0
1.3826308026346572,0.016784980730014325,0
1.3826308026346572,0.013812241726697498,0
1.4706882671962336,0.013901369332353782,0
1.5263875608677346,0.012543893791586595,0
1.4934984040208124,0.009090551596696075,0
1.3205657482045856,0.003364649087364744,0
1.2277338618953546,0.0012638529358604779,0
1.3152611499298963,2.6165805572154503e-05,0
1.1996191267960867,-0.0001809044961799762,0
1.3232182496993832,0.0008429904577454332,0
1.1518769328940723,-0.0004824356871957227,0
1.0834465224203362,-0.002580821799214997,0
1.052679690541177,-0.004985730318453513,0
1.1598340326635592,-0.006638726821582907,0
1.05639294980495,-0.004543964187662753,0
1.072837325870958,-0.0040112846759903596,0
0.8898260547472938,-0.005585192497765545,0
0.7816105501410301,-0.0039562523074344255,0
0.8033595244817273,-0.0033288955087280047,0
0.8792164534830094,-0.0019633724033115063,0
0.9370376674073672,0.0029492704540420808,0
0.9370376674073672,0.00769953571101615,0
0.852162880867623,0.00861350992389806,0
0.6527068289630445,0.008765569515087692,0
0.811316624251214,0.013720696622949616,0
0.902026590307588,0.018588800898856173,0
0.9110444478460502,0.023772344451985578,0
0.8755031942192364,0.025660797271200606,0
0.792750327932349,0.024368562884422636,0
0.7566784930635945,0.02279146094084771,0
0.8389011828234473,0.024604789308902118,0
0.9158188695937048,0.022207276455336433,0
0.8150298835149871,0.026752379194718567,0
0.7147714786782101,0.028328213169573995,0
0.6601333474905905,0.034022893527826066,0
0.6219395923689791,0.03997033583161147,0
0.4659818938607011,0.0447279226332701,0
0.4638599736078442,0.053196720292464014,0
0.5641187831595273,0.060684893734935255,0
0.5688928001922757,0.06786570890921435,0
0.4251360419591982,0.07303390490716112,0
0.4707563156083556,0.07713500747364692,0
0.5826850794783923,0.08555212865662921,0
0.5747279797089055,0.08610777496782229,0
0.6298966921384659,0.0912240044442366,0
0.6813521453042531,0.0960926919338421,0
0.7227285784476968,0.0991954770727663,0
0.7052230398978072,0.1033157181269281,0
0.6877175013479176,0.11239359071634684,0
0.7943416669432651,0.11720196130995203,0
0.716893398931067,0.11935043424899952,0
0.5927636947858298,0.12540650615653245,0
0.5863983387421653,0.12457287272061594,0
0.5190286860374045,0.1295840469959762,0
0.6420972276987602,0.13412225713156525,0
0.6150436550833739,0.13536583558418988,0
0.7009791993920934,0.14245975054142243,0
0.5397169026091264,0.14720750293624588,0
0.6176957518632653,0.153080871942922,0
0.5715453016870733,0.15724004825988297,0
0.6060253928300057,0.16581057984614966,0
0.6410364699297848,0.16945168062565238,0
0.6261834328746928,0.17327747976025504,0
0.6346707091712142,0.18127768018128726,0
0.7153020599201508,0.1768723925815476,0
0.679760806293337,0.17744955865972034,0
0.774184031613484,0.1799237681295845,0
0.7306856782171836,0.17756555259420392,0
0.7688790286238888,0.17760189822445344,0
0.889295473505353,0.1876073083666798,0
0.9237759693631914,0.19328087391293877,0
0.8585282369112875,0.19583176069183006,0
0.913696949340848,0.20731237683322104,0
0.8091947039983571,0.21226095545121845,0
0.7015097806340342,0.21597402860226203,0
0.6198176721161223,0.22238689415126775,0
0.6463410682044739,0.23412388885385532,0
0.6744558033037418,0.24148649537620184,0
0.7036317008868911,0.2517916283048577,0
0.8288221628011037,0.2630736823518593,0
0.8617109149331198,0.26557230165971657,0
0.8659547554388336,0.2766944329711741,0
0.9163494508356456,0.27761145500973516,0
0.8511017183837416,0.28498855165519715,0
0.9248367271321668,0.29602627637435414,0
0.9863712003202976,0.30299128710083517,0
0.9327938269016536,0.3079072526999312,0
0.9184713710885024,0.3093030173434679,0
0.9556039637262322,0.3106162740398216,0
0.8431446186142548,0.31190673887510934,0
0.9009658325386128,0.31933898867105315,0
0.9693962430123488,0.3200529334881744,0
0.9518907044624592,0.3252138446851614,0
0.9370376674073672,0.33037003984609803,0
1.0277476334637414,0.33043935030738986,0
0.9624999010118376,0.3304689249781111,0
0.9312024878907376,0.32703370356572764,0
0.9831881175835594,0.31882647046528123,0
0.9725789210341812,0.31772881086083843,0
0.9237759693631914,0.3215171857057969,0
0.9195321288574776,0.3214263079635796,0
0.8999046700547313,0.31561054834075225,0
1.0144859354195654,0.3158795248577604,0
1.0961780439374775,0.30933367618946167,0
1.084507684904218,0.30030640370968237,0
1.1736263119496757,0.29593649418245216,0
1.2134114060822032,0.28668325995605937,0
1.1184575995201156,0.28670110237912544,0
1.086099023915134,0.28231734615132004,0
1.0627583058486143,0.28571782741663587,0
1.1327800553332668,0.288320717751272,0
1.1152749214982831,0.2851799318817037,0
1.100952060970226,0.27745923655224813,0
1.19749720654323,0.26671325138828267,0
1.2261425228844385,0.25246448794225185,0
1.3025300331276612,0.23308856507988823,0
1.3173830701827534,0.21891367728631347,0
1.378917138655978,0.2100427827178645,0
1.395892500678833,0.20454660834475202,0
1.3704298623594566,0.18718372796691338,0
1.306773873633375,0.17991480648597105,0
1.358759503326197,0.17305714716799353,0
1.29563369112715,0.15926588093825858,0
1.3295840104579535,0.1520091169189379,0
1.316322312413778,0.13652222333696035,0
1.3136698109189802,0.1306267795341048,0
1.1720349729387596,0.11430649658612056,0
1.1741568931916164,0.10197064261588885,0
1.1959058675323138,0.08950001189624222,0
1.180522249235281,0.07466785774658173,0
1.2075762265655734,0.0667466721187497,0
1.178400328982424,0.05842350173545822,0
1.2187160043568923,0.05617507502040539,0
1.2335690414119844,0.05040687221916457,0
1.1688518902020213,0.04518611872675098,0
1.1317192975642911,0.04195297644580539,0
0.976292180297954,0.03604594176275508,0
0.9736396788031564,0.03192304767217517,0
0.9290805676378806,0.030180309783732564,0
0.948708026440627,0.02849241402516482,0
0.9434030234510318,0.02506772711326221,0
0.9757615990560132,0.022027430193465973,0
0.9900844595840708,0.017025537570645972,0
0.9370376674073672,0.01426988576690258,0
0.9826579410565248,0.015339709754926894,0
0.924306145890226,0.014230977335264749,0
0.9566647214952076,0.014230523514291162,0
0.9884931205731546,0.012076575796372046,0
1.0325216504964898,0.010051137025866186,0
1.0187297759252794,0.009208132142478311,0
0.9900844595840708,0.006038259685133561,0
0.900435251296672,0.004437464020829255,0
0.8633026586589421,0.0029551291569253233,0
0.9083923510661588,0.0012962522338779865,0
1.0203211149361957,0.0025129860597074734,0
0.9884931205731546,-0.00020905890794856112,0
0.9184713710885024,-0.002068432002885331,0
0.8696680147026066,-0.0024834466390252076,0
0.7227285784476968,-0.0037332000946955087,0
0.6712731252819095,-0.0038239358022776485,0
0.7147714786782101,-0.0026893000470336196,0
0.7932809091742898,-0.002992019909761258,0
0.7922197466904083,-0.003647385326105056,0
0.909453108835134,-0.0029298984645948914,0
0.9179407898465616,-0.002260399785732688,0
0.9497687842096024,-0.002196586113576893,0
0.9561345449681732,-0.0024940088367315628,0
0.9471162827148047,-0.0022442236399461755,0
1.046844511024547,-0.0024757287720595204,0
1.1126224200034855,-0.0022075221474921547,0
1.1444504143665264,-0.0013394384854056311,0
1.0680633088382097,0.0002094537080731523,0
1.1158050980253178,0.0016593144738151866,0
1.0733679071128988,0.003680048130941023,0
1.0770811663766715,0.005617379152310712,0
1.1216402775419476,0.008247666249009805,0
1.1110310809925694,0.011880980738873158,0
1.2086369843345488,0.014089028821540476,0
1.178400328982424,0.018400532811757884,0
1.2351603804229006,0.023697769509659065,0
1.1969670300161952,0.02923978619591982,0
1.152938095377954,0.03502196038597807,0
1.1041351437069642,0.04027087087772801,0
1.1407371551027534,0.04866475892784926,0
1.1683217136749866,0.05419074602987426,0
1.1465723346193832,0.06064405423979158,0
1.130658539795316,0.06816031957471792,0
1.0696546478491258,0.07459094493137916,0
1.180522249235281,0.08202773239341936,0
1.1789309102243648,0.09397162872053433,0
1.0362349097602628,0.10939897443985598,0
1.0176686134413977,0.11498600905812824,0
0.8680766756916904,0.13032614688325483,0
0.9014960090656472,0.13809131014260181,0
0.9380984251763428,0.13720662923605587,0
0.8786862769559748,0.145491035516892,0
0.8070727837455003,0.1531062267889411,0
0.7497825557779892,0.15557374162102214,0
0.9184713710885024,0.15856108907055652,0
0.8335961798338519,0.16838304273290428,0
0.6855955810950607,0.17182836568907725,0
0.6548287492159014,0.17488022970622896,0
0.6686206237871118,0.18000083787784843,0
0.776305951866341,0.18291550076622937,0
0.8272308237901875,0.1867788909238712,0
0.8617109149331198,0.18967217681715146,0
1.0325216504964898,0.1942835012222543,0
0.9418116844401156,0.2002470795687811,0
0.8691378381755719,0.20750565203525465,0
0.9317330691326782,0.20908819835361955,0
0.8516322996256823,0.21415534145835294,0
0.7306856782171836,0.21435383569746866,0
0.713180139667294,0.21683109282472443,0
0.6012513757972573,0.21543340978227282,0
0.6585420084796744,0.2073502556264771,0
0.7550871540526783,0.20439041312031916,0
0.8924781515271852,0.20738773841070016,0
0.7922197466904083,0.21062586247274254,0
0.7386423732717642,0.21335193948974993,0
0.8123777867350955,0.21071398182037915,0
0.687187324820883,0.2063611547964891,0
0.5169067657845476,0.2005933441660795,0
0.4564334550802982,0.20172930096729572,0
0.4537813583004068,0.1929850929366983,0
0.375271927804327,0.1857915025864357,0
0.4304406402338873,0.18367090887690632,0
0.273422183956634,0.18203065345845193,0
0.3561750502435213,0.1745573054069547,0
0.4442329195200039,0.17329658390425776,0
0.4272579622120551,0.17428266798511183,0
0.5036450677403718,0.17535624247094025,0
0.5619968629066705,0.17230468683375827,0
0.5471438258515785,0.17451064667521168,0
0.6023121335662326,0.1678833518623607,0
0.6007207945553165,0.16409300722349604,0
0.5184985095103699,0.16129718478378693,0
0.5816239169945108,0.160680700924157,0
0.4824266746416153,0.15854422585892558,0
0.375271927804327,0.15618763937944055,0
0.4023259051346194,0.15646428366040727,0
0.4017953238926787,0.15247967364402032,0
0.4898531931691613,0.14973356464594922,0
0.5041756489823126,0.1510144208009405,0
0.6956746011174043,0.1494800642971631,0
0.7312158547442181,0.15183304959256108,0
0.8776251144720932,0.15640252481247927,0
0.6882480825898584,0.16542518988842178,0
0.6707425440399688,0.16800356785084045,0
0.8091947039983571,0.17491717976456778,0
0.7938110857013244,0.18210753155265613,0
0.702040361875975,0.19066491101920885,0
0.5296382873016889,0.20196848203373174,0
0.5195592672793453,0.20776695995181568,0
0.5344123043344372,0.21183721067931965,0
0.4574946175641797,0.2145602626855275,0
0.5285771248178074,0.2159456873746073,0
0.6097386520937786,0.21574293178691573,0
0.5397169026091264,0.2243835289055633,0
0.508950070729967,0.23069549702111947,0
0.5932942760277705,0.23041005574952572,0
0.3598883095072943,0.23408853331407828,0
0.3508704519688322,0.23079708698074172,0
0.4251360419591982,0.22824347728620992,0
0.4596165378170366,0.23048542254001567,0
0.471817073377331,0.23289885187100942,0
0.5768498999617624,0.23549651217437448,0
0.6044340538190895,0.23281534429135411,0
0.5885202589950221,0.23057257430761216,0
0.624061512621836,0.22675570247969515,0
0.5190286860374045,0.2294426581376068,0
0.3948993866070735,0.24354779542441884,0
0.3991432271127872,0.2476347564791716,0
0.4155876031787953,0.2493485628948843,0
0.4299100589919465,0.26038134868476703,0
0.3407914319464886,0.2691384374409266,0
0.4543119395423475,0.2855008074440271,0
0.4665124751026419,0.29658703650414403,0
0.4389283212453148,0.3102609783470103,0
0.5041756489823126,0.3139050473185872,0
0.5646489596865619,0.32390612300364924,0
0.4426415805090878,0.3344633235971332,0
0.4336233182557195,0.3337861220931578,0
0.430971221475828,0.33971978631442074,0
0.3927774663542166,0.3463394888473794,0
0.3980820646289057,0.35127161878088037,0
0.4956883726857912,0.36581336019991834,0
0.4214227826954252,0.3715595866744762,0
0.4086916658931901,0.38076763435981237,0
0.3503398707268914,0.38794378600547125,0
0.4124049251569631,0.394010953877671,0
0.4240748794753167,0.3990222360416633,0
0.5142546690046562,0.4087020961867522,0
0.4999318084765988,0.4260672391111087,0
0.5673014611813596,0.43543668635933663,0
0.5365342245872942,0.44521897352115236,0
0.5031148912133372,0.4657996097815345,0
0.5296382873016889,0.4706906489738875,0
0.494097033674875,0.48517126460626103,0
0.4702257343664148,0.5041086064579448,0
0.4585553753331551,0.5238186530969026,0
0.5041756489823126,0.5349419725582597,0
0.4787134153778423,0.5428488547261653,0
0.5306990450706642,0.5469052595627543,0
0.551387261642386,0.5634981055490408,0
0.5901115980059383,0.5755325884662609,0
0.6649073645233389,0.5986416413795642,0
0.7089362991615802,0.6134970985458214,0
0.6877175013479176,0.632649739261788,0
0.7243199174586129,0.6585150281435204,0
0.6749863845456825,0.6818673201925567,0
0.7068143789087233,0.7064580699656767,0
0.8473884591199686,0.7338293839925453,0
0.9667437415175512,0.758446852078732,0
0.896721992032899,0.7867917883409077,0
1.0314608927275144,0.806378623929267,0
0.9593172229900052,0.8356344055532285,0
0.91687962736268,0.8696616257126333,0
0.811316624251214,0.892843912285894,0
0.7874457296576599,0.9040612379990781,0
0.7439473762613594,0.9089308021340718,0
0.7460692965142163,0.9021423918571078,0
0.6670292847761957,0.9014888129914767,0
0.6988572791392366,0.8950369422999884,0
0.6378537919079525,0.9157479627249967,0
0.6436889714245825,0.9318108136750876,0
0.633079370160298,0.9613345829653305,0
0.6664991082491611,0.977532361208248,0
0.6420972276987602,0.9991304376670715,0
0.553509181895243,1.0183754705769401,0
0.5312296263126051,1.042000172671183,0
0.5519178428843269,1.0501358963160015,0
0.6219395923689791,1.0595944113428786,0
0.6749863845456825,1.0776361927962412,0
0.5715453016870733,1.0818965168830323,0
0.5673014611813596,1.0958024730109408,0
0.5381255635982103,1.0991621639168108,0
0.5970075352915435,1.101660538021275,0
0.6182263331052061,1.1132803001264233,0
0.635201290413155,1.117817483758423,0
0.520089848521286,1.138945122196929,0
0.5360036433453533,1.1342394196930141,0
0.442110999267147,1.1575160582626347,0
0.4256666232011389,1.1576552057286753,0
0.5174373470264884,1.153127787156542,0
0.4861399339053883,1.1677900401684498,0
0.4124049251569631,1.184535951905659,0
0.4065697456403332,1.1968720856220654,0
0.3031282580668179,1.201038219950512,0
0.3057807595616155,1.1917973619731905,0
0.3418525944303701,1.1745549337366665,0
0.2882752210117259,1.1757337960505283,0
0.2999455800449856,1.1729268671489042,0
0.3758025090462678,1.183164996652268,0
0.3158597795839591,1.1777547837573223,0
0.3492791129579161,1.1734018325630935,0
0.3704979107715787,1.1803017203528305,0
0.3344260759028241,1.1942619085613133,0
0.3482183551889407,1.2191411013608713,0
0.4065697456403332,1.2302507511928025,0
0.4076305034093086,1.243184933419775,0
0.4516594380475499,1.265749265740295,0
0.44582425853092,1.2832293621498374,0
0.4803047543887584,1.31562845948363,0
0.4946272102019097,1.3249399220431042,0
0.4649211360917257,1.3485656485489146,0
0.5773804812037032,1.3596188058748904,0
0.5625270394337051,1.3795481713114546,0
0.5895810167639975,1.3952987682063347,0
0.3370781726827156,1.414028013082878,0
0.0739663344095085,1.4175271801637412,0
0.0055359239357723,1.4271652490311033,0
-0.0538764266420485,1.398861358404095,0
0.0930630096128607,1.374835113288016,0
-0.0278836117956376,1.3698019025842025,0
0.0479733172056444,1.3647919376477937,0
0.0495646562165609,1.3582194649211992,0
0.0389554596671823,1.347480965045838,0
0.0994287703714314,1.341121714899525,0
0.2166621325161575,1.352527600132527,0
0.1317873459764133,1.378746690922517,0
0.1970346737134111,1.376999370286757,0
0.0888193714646004,1.3886338386127968,0
0.1164037276793802,1.4091564596021358,0
0.128604465597128,1.4085728175853391,0
0.0771490124313407,1.410898383610024,0
-0.0093173154767726,1.4090723430834808,0
-0.126550677621498,1.4000135817369144,0
-0.0719123440764258,1.3814518728851957,0
-0.122306837115785,1.373557254909975,0
-0.1838411079464629,1.3546382557748105,0
-0.0798694438459126,1.34997397981174,0
-0.1339771961490444,1.3400537634318053,0
-0.036371090449612,1.3437751217215155,0
0.0225108812437212,1.3408088487421348,0
0.0718444141566516,1.339127242647011,0
0.1630847590975134,1.3180340015822989,0
0.1355006052401867,1.3050919168030959,0
0.0543388756067624,1.314782017857703,0
0.1004897304978602,1.3145462727491113,0
0.111098927047238,1.32692490030767,0
0.1042029897616335,1.334326193185353,0
0.0516865764694174,1.3388199359152544,0
0.032059320024124,1.3302723063310347,0
0.0495646562165609,1.3396581665499738,0
0.0156147416006629,1.3333148407844322,0
0.0660092346400217,1.315975180456184,0
0.018267040738007,1.3114183302543752,0
0.0103101433259734,1.3041650123571444,0
0.1020810695087763,1.292518220971603,0
0.1492926821688498,1.2914151852602191,0
0.1195864057012124,1.2814769564837796,0
0.1471707619159933,1.2792704133940989,0
0.2113575342414684,1.2613090430746428,0
0.2490207081211391,1.2719444434155711,0
0.232576332055131,1.2808623029432404,0
0.4007345661237034,1.2829252604938242,0
0.3948993866070735,1.304996942966794,0
0.6569506694687582,1.302141242923775,0
0.5927636947858298,1.325148161831739,0
0.755617330579713,1.3387545699242613,0
0.7715315301186865,1.3580744188370113,0
0.7603917523273674,1.389695971555164,0
0.4198314436845091,1.4278109152079808,0
0.2002177564501494,1.4629794380980476,0
0.2293932493183926,1.4510974743419314,0
0.2463682066263415,1.4352014330519665,0
0.2612212436814334,1.4274983631416838,0
0.2394722693407363,1.4352425250761953,0
0.2575079844176605,1.4248936072610885,0
0.3636015687710673,1.4212104006338546,0
0.3397306741775132,1.4321039068783719,0
0.3132072780891615,1.434286773996501,0
0.3890642070904436,1.46117767766084,0
0.4102830049041062,1.4665003498566036,0
0.4129351016839977,1.4951889261716664,0
0.3169205373529345,1.495488997838772,0
0.4166483609477707,1.481517728890998,0
0.3386699164085378,1.4854111909853538,0
0.3142680358581369,1.4756309183439753,0
0.3068415173305909,1.4879064793012067,0
0.3683759905187218,1.4923999195960267,0
0.3577663892544374,1.4906902895733167,0
0.3503398707268914,1.493560408014592,0
0.2978236597921287,1.4879153291627751,0
0.2468987878682822,1.486662299037002,0
0.2882752210117259,1.4835568679984386,0
0.2421247708355339,1.4738217280763974,0
0.3243470558804805,1.4781211223639226,0
0.456964036322239,1.4785639722670136,0
0.4988710507076234,1.4641950606698895,0
0.4596165378170366,1.4698811054998326,0
0.3572362127274028,1.4705538923843995,0
0.3020675002978425,1.479861992478562,0
0.2421247708355339,1.490866314467948,0
0.1991565939662679,1.4767586162247741,0
0.174224739246285,1.4662492262858902,0
0.174224739246285,1.4548934900823383,0
0.1784683773945465,1.4522912380399806,0
0.1365613630091617,1.4441850340474256,0
0.108977209151835,1.425991382031032,0
0.1784683773945465,1.42285875426319,0
0.1169341065638683,1.4090421579351826,0
0.1498230610533375,1.4041075259780276,0
0.0930630096128607,1.3968050522338848,0
0.1386832832620189,1.3952631321886269,0
0.1551278616854797,1.4437991492696851,0
0.1625543802130257,1.462563814694073,0
0.2230278932747282,1.444303297868244,0
0.1408052035148754,1.442291359696101,0
0.1885473974168897,1.4269253665482717,0
0.2124182920104438,1.4223392125681418,0
0.1811208788893437,1.4268155494599548,0
0.2649345029452065,1.4349837404913837,0
0.1789989586364865,1.4421943388345315,0
0.1530059414326228,1.459964241620422,0
0.0676005736509382,1.4772778426713524,0
0.0882887902226597,1.481825492762098,0
0.1079162490254058,1.4809008637643277,0
0.1630847590975134,1.4661647085233929,0
0.0941239697392899,1.4682937308122759,0
0.111098927047238,1.4743352343212055,0
0.14345750265222,1.4776597171832784,0
0.20817445150473,1.492382998065235,0
0.1832427991422006,1.5090867007458748,0
0.1577801608228242,1.5111224273796267,0
0.1105685481627507,1.527453008262939,0
0.1084466279098938,1.5314419923134173,0
0.1492926821688498,1.5304086182842451,0
0.2331065085821656,1.5250835953370345,0
0.232576332055131,1.5321630468450083,0
0.2718308449457178,1.5240765720112228,0
0.1514146024217067,1.5166640793255315,0
0.0941239697392899,1.5196819550870415,0
0.0628263542607368,1.527643448625546,0
-0.0061344350974873,1.5259919332461276,0
0.0150843627161748,1.5275221099949277,0
0.0580521348705346,1.5348940745825526,0
0.0601740551233919,1.529411625089714,0
0.1036724085196924,1.5166744695443677,0
0.0485036960901321,1.5049671632297077,0
-0.0899482615108027,1.4865363517433312,0
-0.05865064603225,1.4151787137275909,0
-0.1005576604176344,1.3245864521766244,0
-0.1233677972422131,1.2874326399492886,0
-0.1663357717540256,1.2581837567787941,0
-0.1620919312483126,1.1618096331461087,0
-0.1631528913747407,1.0616054059873201,0
-0.1472388941932203,1.0218660629731997,0
-0.1111670593244657,0.9735637385056548,0
0.0633569355026768,0.9060912317922442,0
0.0479733172056444,0.8339839091719886,0
0.0378944995407543,0.7807701177660414,0
-0.0236397712899235,0.7407858748208292,0
-0.0061344350974873,0.6864743255760947,0
-0.0013602157072859,0.6369076034679088,0
0.0203889609908643,0.574504379705854,0
0.0241022202546373,0.509080037493229,0
-0.0018905945917732,0.46850422145858256,0
-0.0528156688730735,0.41779698702414475,0
-0.0618335264115353,0.3508472151103977,0
-0.0448585691035864,0.2907620448504134,0
-0.0247007314163527,0.23402548111093913,0
0.0235718413701492,0.175526022714187,0
-0.1116974382089534,0.13513120190945074,0
-0.1010882416595755,0.11066740590265672,0
-0.0268226516692091,0.09301182018761617,0
-0.036371090449612,0.07037506259781254,0
0.0076578441886292,0.056366171836694484,0
-0.061303147527048,0.03818470833539615,0
-0.077217144708568,0.028491725287326054,0
-0.1345075750335317,0.020604370837967692,0
-0.0931311418900884,0.014071478692815942,0
-0.1403427545501619,0.006863896314046812,0
-0.1032099595549786,0.002079169196167443,0
-0.1085147601871211,-0.0012100786902740613,0
-0.0676687059281652,-0.00315831793469583,0
-0.1037405407969197,-0.0010651190884982805,0
-0.0872959623734585,0.0026797445235400372,0
-0.0491024096093002,0.013990690629062729,0
-0.0273530305536968,0.03201448098275786,0
-0.0910092216372319,0.04626362367455354,0
-0.1244287573686415,0.06587569617163494,0
-0.1132889795773222,0.0842559035550445,0
-0.1589092532264804,0.11158728775854945,0
-0.1673967318804548,0.12593583400417005,0
-0.2002856863699237,0.15013602091121517,0
-0.2825081737723233,0.15515161327174926,0
-0.2469669201455099,0.1854503294475142,0
-0.2358269399967371,0.20560473879120095,0
-0.2087731650238981,0.23726149424663068,0
-0.1371600765283297,0.2902067534334442,0
-0.1175326177255836,0.3273693151175225,0
-0.1191241590939528,0.3941328794646482,0
-0.2045293245181843,0.41885541303677687,0
-0.1334466149071037,0.5058123284705252,0
-0.1403427545501619,0.5674716311129223,0
-0.1684576920068828,0.6250923900718811,0
-0.173762290281572,0.6540831123247065,0
-0.1207154981048685,0.6764452974076763,0
-0.1838411079464629,0.6975023875395516,0
-0.2443144186507119,0.7601937902635253,0
-0.1504217745725056,0.8022383663944331,0
-0.0782781048349961,0.8157001783048856,0
-0.0581202671477623,0.8890264304163682,0
0.0294070208867798,0.9311629337731714,0
0.0755576734204246,1.0461587059551942,0
-0.0745648455712238,1.0562940757332342,0
-0.061303147527048,1.1081356501387758,0
-0.0135609536250333,1.1171958937044797,0
0.001292083430059,1.2378119189392267,0
-0.0655467856753083,1.2964919977317284,0
0.0251631803810657,1.2943094722128174,0
0.001822664671999,1.370965266071728,0
0.095184929865718,1.4652769658371056,0
0.1386832832620189,1.4903246577702765,0
0.2559166454067443,1.5832296165569397,0
0.2447768676154254,1.6808439784830724,0
0.0819232318215421,1.6441425974705002,0
0.1386832832620189,1.670626729118396,0
0.2410636083516524,1.7127654952274816,0
0.1429271237677319,1.6991313028599684,0
0.1567192006963958,1.7142496472954158,0
0.1996871752082087,1.7056220855885,0
0.1784683773945465,1.6779415595435285,0
0.2140096310213599,1.6668666634782874,0
0.1190560268167251,1.7295274949762054,0
0.1217083259540697,1.7538307288871378,0
