event,asset,method,n,prevalence,auc,average_precision,quantile,threshold_from,threshold,accuracy,precision,recall,f1,false_alarm_rate,alarm_rate
COVID-19,USOIL,anomaly_transformer,146,0.5,0.890974,0.906311,0.7,control,8.4e-05,0.719178,0.944444,0.465753,0.623853,0.027397,0.246575
COVID-19,USOIL,anomaly_transformer,146,0.5,0.890974,0.906311,0.7,test,3e-05,0.773973,0.954545,0.575342,0.717949,0.027397,0.30137
COVID-19,USOIL,anomaly_transformer,146,0.5,0.890974,0.906311,0.75,control,0.000398,0.69863,0.967742,0.410959,0.576923,0.013699,0.212329
COVID-19,USOIL,anomaly_transformer,146,0.5,0.890974,0.906311,0.75,test,7.5e-05,0.726027,0.945946,0.479452,0.636364,0.027397,0.253425
COVID-19,USOIL,anomaly_transformer,146,0.5,0.890974,0.906311,0.8,control,0.002495,0.623288,1.0,0.246575,0.395604,0.0,0.123288
COVID-19,USOIL,anomaly_transformer,146,0.5,0.890974,0.906311,0.8,test,0.000545,0.684932,0.965517,0.383562,0.54902,0.013699,0.19863
COVID-19,USOIL,anomaly_transformer,146,0.5,0.890974,0.906311,0.85,control,0.006235,0.582192,1.0,0.164384,0.282353,0.0,0.082192
COVID-19,USOIL,anomaly_transformer,146,0.5,0.890974,0.906311,0.85,test,0.001295,0.636986,0.954545,0.287671,0.442105,0.013699,0.150685
COVID-19,USOIL,anomaly_transformer,146,0.5,0.890974,0.906311,0.9,control,0.009815,0.561644,1.0,0.123288,0.219512,0.0,0.061644
COVID-19,USOIL,anomaly_transformer,146,0.5,0.890974,0.906311,0.9,test,0.004343,0.60274,1.0,0.205479,0.340909,0.0,0.10274
COVID-19,USOIL,anomaly_transformer,146,0.5,0.890974,0.906311,0.95,control,0.015011,0.554795,1.0,0.109589,0.197531,0.0,0.054795
COVID-19,USOIL,anomaly_transformer,146,0.5,0.890974,0.906311,0.95,test,0.01537,0.554795,1.0,0.109589,0.197531,0.0,0.054795
COVID-19,USOIL,anomaly_transformer,146,0.5,0.890974,0.906311,0.975,control,0.023053,0.534247,1.0,0.068493,0.128205,0.0,0.034247
COVID-19,USOIL,anomaly_transformer,146,0.5,0.890974,0.906311,0.975,test,0.028377,0.527397,1.0,0.054795,0.103896,0.0,0.027397
COVID-19,USOIL,anomaly_transformer,146,0.5,0.890974,0.906311,0.99,control,0.027176,0.527397,1.0,0.054795,0.103896,0.0,0.027397
COVID-19,USOIL,anomaly_transformer,146,0.5,0.890974,0.906311,0.99,test,0.042015,0.513699,1.0,0.027397,0.053333,0.0,0.013699
COVID-19,USOIL,autoencoder,146,0.5,0.450929,0.448868,0.7,control,0.121725,0.486301,0.0,0.0,0.0,0.027397,0.013699
COVID-19,USOIL,autoencoder,146,0.5,0.450929,0.448868,0.7,test,0.064474,0.417808,0.363636,0.219178,0.273504,0.383562,0.30137
COVID-19,USOIL,autoencoder,146,0.5,0.450929,0.448868,0.75,control,0.139078,0.493151,0.0,0.0,0.0,0.013699,0.006849
COVID-19,USOIL,autoencoder,146,0.5,0.450929,0.448868,0.75,test,0.071497,0.424658,0.351351,0.178082,0.236364,0.328767,0.253425
COVID-19,USOIL,autoencoder,146,0.5,0.450929,0.448868,0.8,control,0.182935,0.5,0.0,0.0,0.0,0.0,0.0
COVID-19,USOIL,autoencoder,146,0.5,0.450929,0.448868,0.8,test,0.076882,0.452055,0.37931,0.150685,0.215686,0.246575,0.19863
COVID-19,USOIL,autoencoder,146,0.5,0.450929,0.448868,0.85,control,0.246574,0.5,0.0,0.0,0.0,0.0,0.0
COVID-19,USOIL,autoencoder,146,0.5,0.450929,0.448868,0.85,test,0.084946,0.445205,0.318182,0.09589,0.147368,0.205479,0.150685
COVID-19,USOIL,autoencoder,146,0.5,0.450929,0.448868,0.9,control,0.281677,0.5,0.0,0.0,0.0,0.0,0.0
COVID-19,USOIL,autoencoder,146,0.5,0.450929,0.448868,0.9,test,0.092212,0.465753,0.333333,0.068493,0.113636,0.136986,0.10274
COVID-19,USOIL,autoencoder,146,0.5,0.450929,0.448868,0.95,control,0.369417,0.5,0.0,0.0,0.0,0.0,0.0
COVID-19,USOIL,autoencoder,146,0.5,0.450929,0.448868,0.95,test,0.102889,0.458904,0.125,0.013699,0.024691,0.09589,0.054795
COVID-19,USOIL,autoencoder,146,0.5,0.450929,0.448868,0.975,control,0.512833,0.5,0.0,0.0,0.0,0.0,0.0
COVID-19,USOIL,autoencoder,146,0.5,0.450929,0.448868,0.975,test,0.109789,0.472603,0.0,0.0,0.0,0.054795,0.027397
COVID-19,USOIL,autoencoder,146,0.5,0.450929,0.448868,0.99,control,0.542555,0.5,0.0,0.0,0.0,0.0,0.0
COVID-19,USOIL,autoencoder,146,0.5,0.450929,0.448868,0.99,test,0.120404,0.486301,0.0,0.0,0.0,0.027397,0.013699
COVID-19,USOIL,cnn_autoencoder,146,0.5,0.361231,0.400858,0.7,control,0.013651,0.376712,0.0,0.0,0.0,0.246575,0.123288
COVID-19,USOIL,cnn_autoencoder,146,0.5,0.361231,0.400858,0.7,test,0.006846,0.363014,0.272727,0.164384,0.205128,0.438356,0.30137
COVID-19,USOIL,cnn_autoencoder,146,0.5,0.361231,0.400858,0.75,control,0.014786,0.390411,0.0,0.0,0.0,0.219178,0.109589
COVID-19,USOIL,cnn_autoencoder,146,0.5,0.361231,0.400858,0.75,test,0.007879,0.342466,0.189189,0.09589,0.127273,0.410959,0.253425
COVID-19,USOIL,cnn_autoencoder,146,0.5,0.361231,0.400858,0.8,control,0.020076,0.431507,0.0,0.0,0.0,0.136986,0.068493
COVID-19,USOIL,cnn_autoencoder,146,0.5,0.361231,0.400858,0.8,test,0.008541,0.30137,0.0,0.0,0.0,0.39726,0.19863
COVID-19,USOIL,cnn_autoencoder,146,0.5,0.361231,0.400858,0.85,control,0.023029,0.465753,0.0,0.0,0.0,0.068493,0.034247
COVID-19,USOIL,cnn_autoencoder,146,0.5,0.361231,0.400858,0.85,test,0.011424,0.349315,0.0,0.0,0.0,0.30137,0.150685
COVID-19,USOIL,cnn_autoencoder,146,0.5,0.361231,0.400858,0.9,control,0.028847,0.479452,0.0,0.0,0.0,0.041096,0.020548
COVID-19,USOIL,cnn_autoencoder,146,0.5,0.361231,0.400858,0.9,test,0.017024,0.39726,0.0,0.0,0.0,0.205479,0.10274
COVID-19,USOIL,cnn_autoencoder,146,0.5,0.361231,0.400858,0.95,control,0.033712,0.5,0.0,0.0,0.0,0.0,0.0
COVID-19,USOIL,cnn_autoencoder,146,0.5,0.361231,0.400858,0.95,test,0.021054,0.445205,0.0,0.0,0.0,0.109589,0.054795
COVID-19,USOIL,cnn_autoencoder,146,0.5,0.361231,0.400858,0.975,control,0.035896,0.5,0.0,0.0,0.0,0.0,0.0
COVID-19,USOIL,cnn_autoencoder,146,0.5,0.361231,0.400858,0.975,test,0.025068,0.472603,0.0,0.0,0.0,0.054795,0.027397
COVID-19,USOIL,cnn_autoencoder,146,0.5,0.361231,0.400858,0.99,control,0.042116,0.5,0.0,0.0,0.0,0.0,0.0
COVID-19,USOIL,cnn_autoencoder,146,0.5,0.361231,0.400858,0.99,test,0.029222,0.486301,0.0,0.0,0.0,0.027397,0.013699
COVID-19,USOIL,dagmm,146,0.5,0.883093,0.908735,0.7,control,-1.345261,0.780822,0.955556,0.589041,0.728814,0.027397,0.308219
COVID-19,USOIL,dagmm,146,0.5,0.883093,0.908735,0.7,test,-1.085899,0.773973,0.954545,0.575342,0.717949,0.027397,0.30137
COVID-19,USOIL,dagmm,146,0.5,0.883093,0.908735,0.75,control,-0.018941,0.760274,0.975,0.534247,0.690265,0.013699,0.273973
COVID-19,USOIL,dagmm,146,0.5,0.883093,0.908735,0.75,test,1.054598,0.753425,1.0,0.506849,0.672727,0.0,0.253425
COVID-19,USOIL,dagmm,146,0.5,0.883093,0.908735,0.8,control,2.029581,0.719178,1.0,0.438356,0.609524,0.0,0.219178
COVID-19,USOIL,dagmm,146,0.5,0.883093,0.908735,0.8,test,2.625663,0.69863,1.0,0.39726,0.568627,0.0,0.19863
COVID-19,USOIL,dagmm,146,0.5,0.883093,0.908735,0.85,control,4.370696,0.664384,1.0,0.328767,0.494845,0.0,0.164384
COVID-19,USOIL,dagmm,146,0.5,0.883093,0.908735,0.85,test,5.564048,0.650685,1.0,0.30137,0.463158,0.0,0.150685
COVID-19,USOIL,dagmm,146,0.5,0.883093,0.908735,0.9,control,8.042985,0.582192,1.0,0.164384,0.282353,0.0,0.082192
COVID-19,USOIL,dagmm,146,0.5,0.883093,0.908735,0.9,test,7.335095,0.60274,1.0,0.205479,0.340909,0.0,0.10274
COVID-19,USOIL,dagmm,146,0.5,0.883093,0.908735,0.95,control,18.745757,0.534247,1.0,0.068493,0.128205,0.0,0.034247
COVID-19,USOIL,dagmm,146,0.5,0.883093,0.908735,0.95,test,12.509233,0.554795,1.0,0.109589,0.197531,0.0,0.054795
COVID-19,USOIL,dagmm,146,0.5,0.883093,0.908735,0.975,control,24.168897,0.534247,1.0,0.068493,0.128205,0.0,0.034247
COVID-19,USOIL,dagmm,146,0.5,0.883093,0.908735,0.975,test,30.901635,0.527397,1.0,0.054795,0.103896,0.0,0.027397
COVID-19,USOIL,dagmm,146,0.5,0.883093,0.908735,0.99,control,25.056254,0.534247,1.0,0.068493,0.128205,0.0,0.034247
COVID-19,USOIL,dagmm,146,0.5,0.883093,0.908735,0.99,test,38.701001,0.513699,1.0,0.027397,0.053333,0.0,0.013699
COVID-19,USOIL,deep_svdd,146,0.5,0.462939,0.459607,0.7,control,0.000646,0.445205,0.444444,0.438356,0.441379,0.547945,0.493151
COVID-19,USOIL,deep_svdd,146,0.5,0.462939,0.459607,0.7,test,0.001003,0.458904,0.431818,0.260274,0.324786,0.342466,0.30137
COVID-19,USOIL,deep_svdd,146,0.5,0.462939,0.459607,0.75,control,0.000749,0.486301,0.484375,0.424658,0.452555,0.452055,0.438356
COVID-19,USOIL,deep_svdd,146,0.5,0.462939,0.459607,0.75,test,0.001082,0.465753,0.432432,0.219178,0.290909,0.287671,0.253425
COVID-19,USOIL,deep_svdd,146,0.5,0.462939,0.459607,0.8,control,0.000813,0.452055,0.438596,0.342466,0.384615,0.438356,0.390411
COVID-19,USOIL,deep_svdd,146,0.5,0.462939,0.459607,0.8,test,0.001173,0.479452,0.448276,0.178082,0.254902,0.219178,0.19863
COVID-19,USOIL,deep_svdd,146,0.5,0.462939,0.459607,0.85,control,0.000844,0.445205,0.428571,0.328767,0.372093,0.438356,0.383562
COVID-19,USOIL,deep_svdd,146,0.5,0.462939,0.459607,0.85,test,0.001276,0.458904,0.363636,0.109589,0.168421,0.191781,0.150685
COVID-19,USOIL,deep_svdd,146,0.5,0.462939,0.459607,0.9,control,0.00096,0.452055,0.428571,0.287671,0.344262,0.383562,0.335616
COVID-19,USOIL,deep_svdd,146,0.5,0.462939,0.459607,0.9,test,0.001394,0.479452,0.4,0.082192,0.136364,0.123288,0.10274
COVID-19,USOIL,deep_svdd,146,0.5,0.462939,0.459607,0.95,control,0.001067,0.458904,0.421053,0.219178,0.288288,0.30137,0.260274
COVID-19,USOIL,deep_svdd,146,0.5,0.462939,0.459607,0.95,test,0.001695,0.458904,0.125,0.013699,0.024691,0.09589,0.054795
COVID-19,USOIL,deep_svdd,146,0.5,0.462939,0.459607,0.975,control,0.001212,0.479452,0.444444,0.164384,0.24,0.205479,0.184932
COVID-19,USOIL,deep_svdd,146,0.5,0.462939,0.459607,0.975,test,0.001958,0.486301,0.25,0.013699,0.025974,0.041096,0.027397
COVID-19,USOIL,deep_svdd,146,0.5,0.462939,0.459607,0.99,control,0.001383,0.479452,0.411765,0.09589,0.155556,0.136986,0.116438
COVID-19,USOIL,deep_svdd,146,0.5,0.462939,0.459607,0.99,test,0.002142,0.486301,0.0,0.0,0.0,0.027397,0.013699
COVID-19,USOIL,hybrid2,146,0.5,0.222931,0.355121,0.7,control,0.17614,0.356164,0.0,0.0,0.0,0.287671,0.143836
COVID-19,USOIL,hybrid2,146,0.5,0.222931,0.355121,0.7,test,0.130298,0.267123,0.113636,0.068493,0.08547,0.534247,0.30137
COVID-19,USOIL,hybrid2,146,0.5,0.222931,0.355121,0.75,control,0.207618,0.431507,0.0,0.0,0.0,0.136986,0.068493
COVID-19,USOIL,hybrid2,146,0.5,0.222931,0.355121,0.75,test,0.142378,0.273973,0.054054,0.027397,0.036364,0.479452,0.253425
COVID-19,USOIL,hybrid2,146,0.5,0.222931,0.355121,0.8,control,0.272424,0.493151,0.0,0.0,0.0,0.013699,0.006849
COVID-19,USOIL,hybrid2,146,0.5,0.222931,0.355121,0.8,test,0.153658,0.30137,0.0,0.0,0.0,0.39726,0.19863
COVID-19,USOIL,hybrid2,146,0.5,0.222931,0.355121,0.85,control,0.33816,0.5,0.0,0.0,0.0,0.0,0.0
COVID-19,USOIL,hybrid2,146,0.5,0.222931,0.355121,0.85,test,0.174864,0.349315,0.0,0.0,0.0,0.30137,0.150685
COVID-19,USOIL,hybrid2,146,0.5,0.222931,0.355121,0.9,control,0.396864,0.5,0.0,0.0,0.0,0.0,0.0
COVID-19,USOIL,hybrid2,146,0.5,0.222931,0.355121,0.9,test,0.193561,0.39726,0.0,0.0,0.0,0.205479,0.10274
COVID-19,USOIL,hybrid2,146,0.5,0.222931,0.355121,0.95,control,0.450548,0.5,0.0,0.0,0.0,0.0,0.0
COVID-19,USOIL,hybrid2,146,0.5,0.222931,0.355121,0.95,test,0.213711,0.445205,0.0,0.0,0.0,0.109589,0.054795
COVID-19,USOIL,hybrid2,146,0.5,0.222931,0.355121,0.975,control,0.502587,0.5,0.0,0.0,0.0,0.0,0.0
COVID-19,USOIL,hybrid2,146,0.5,0.222931,0.355121,0.975,test,0.222328,0.472603,0.0,0.0,0.0,0.054795,0.027397
COVID-19,USOIL,hybrid2,146,0.5,0.222931,0.355121,0.99,control,0.547829,0.5,0.0,0.0,0.0,0.0,0.0
COVID-19,USOIL,hybrid2,146,0.5,0.222931,0.355121,0.99,test,0.247866,0.486301,0.0,0.0,0.0,0.027397,0.013699
COVID-19,USOIL,isolation_forest,146,0.5,0.88647,0.908053,0.7,control,0.52012,0.787671,0.9375,0.616438,0.743802,0.041096,0.328767
COVID-19,USOIL,isolation_forest,146,0.5,0.88647,0.908053,0.7,test,0.533031,0.787671,0.977273,0.589041,0.735043,0.013699,0.30137
COVID-19,USOIL,isolation_forest,146,0.5,0.88647,0.908053,0.75,control,0.557468,0.739726,0.972973,0.493151,0.654545,0.013699,0.253425
COVID-19,USOIL,isolation_forest,146,0.5,0.88647,0.908053,0.75,test,0.557442,0.739726,0.972973,0.493151,0.654545,0.013699,0.253425
COVID-19,USOIL,isolation_forest,146,0.5,0.88647,0.908053,0.8,control,0.588285,0.636986,1.0,0.273973,0.430108,0.0,0.136986
COVID-19,USOIL,isolation_forest,146,0.5,0.88647,0.908053,0.8,test,0.566151,0.69863,1.0,0.39726,0.568627,0.0,0.19863
COVID-19,USOIL,isolation_forest,146,0.5,0.88647,0.908053,0.85,control,0.614023,0.582192,1.0,0.164384,0.282353,0.0,0.082192
COVID-19,USOIL,isolation_forest,146,0.5,0.88647,0.908053,0.85,test,0.580131,0.650685,1.0,0.30137,0.463158,0.0,0.150685
COVID-19,USOIL,isolation_forest,146,0.5,0.88647,0.908053,0.9,control,0.628348,0.527397,1.0,0.054795,0.103896,0.0,0.027397
COVID-19,USOIL,isolation_forest,146,0.5,0.88647,0.908053,0.9,test,0.607691,0.60274,1.0,0.205479,0.340909,0.0,0.10274
COVID-19,USOIL,isolation_forest,146,0.5,0.88647,0.908053,0.95,control,0.646241,0.5,0.0,0.0,0.0,0.0,0.0
COVID-19,USOIL,isolation_forest,146,0.5,0.88647,0.908053,0.95,test,0.620067,0.554795,1.0,0.109589,0.197531,0.0,0.054795
COVID-19,USOIL,isolation_forest,146,0.5,0.88647,0.908053,0.975,control,0.651514,0.5,0.0,0.0,0.0,0.0,0.0
COVID-19,USOIL,isolation_forest,146,0.5,0.88647,0.908053,0.975,test,0.627057,0.527397,1.0,0.054795,0.103896,0.0,0.027397
COVID-19,USOIL,isolation_forest,146,0.5,0.88647,0.908053,0.99,control,0.657022,0.5,0.0,0.0,0.0,0.0,0.0
COVID-19,USOIL,isolation_forest,146,0.5,0.88647,0.908053,0.99,test,0.629777,0.513699,1.0,0.027397,0.053333,0.0,0.013699
COVID-19,USOIL,omnianomaly,146,0.5,0.733909,0.80924,0.7,control,0.235921,0.547945,0.530435,0.835616,0.648936,0.739726,0.787671
COVID-19,USOIL,omnianomaly,146,0.5,0.733909,0.80924,0.7,test,0.342976,0.760274,0.931818,0.561644,0.700855,0.041096,0.30137
COVID-19,USOIL,omnianomaly,146,0.5,0.733909,0.80924,0.75,control,0.258285,0.636986,0.616279,0.726027,0.666667,0.452055,0.589041
COVID-19,USOIL,omnianomaly,146,0.5,0.733909,0.80924,0.75,test,0.380834,0.726027,0.945946,0.479452,0.636364,0.027397,0.253425
COVID-19,USOIL,omnianomaly,146,0.5,0.733909,0.80924,0.8,control,0.306528,0.739726,0.843137,0.589041,0.693548,0.109589,0.349315
COVID-19,USOIL,omnianomaly,146,0.5,0.733909,0.80924,0.8,test,0.402118,0.684932,0.965517,0.383562,0.54902,0.013699,0.19863
COVID-19,USOIL,omnianomaly,146,0.5,0.733909,0.80924,0.85,control,0.332095,0.767123,0.933333,0.575342,0.711864,0.041096,0.308219
COVID-19,USOIL,omnianomaly,146,0.5,0.733909,0.80924,0.85,test,0.420494,0.636986,0.954545,0.287671,0.442105,0.013699,0.150685
COVID-19,USOIL,omnianomaly,146,0.5,0.733909,0.80924,0.9,control,0.35639,0.746575,0.928571,0.534247,0.678261,0.041096,0.287671
COVID-19,USOIL,omnianomaly,146,0.5,0.733909,0.80924,0.9,test,0.43887,0.589041,0.933333,0.191781,0.318182,0.013699,0.10274
COVID-19,USOIL,omnianomaly,146,0.5,0.733909,0.80924,0.95,control,0.385567,0.726027,0.971429,0.465753,0.62963,0.013699,0.239726
COVID-19,USOIL,omnianomaly,146,0.5,0.733909,0.80924,0.95,test,0.498775,0.554795,1.0,0.109589,0.197531,0.0,0.054795
COVID-19,USOIL,omnianomaly,146,0.5,0.733909,0.80924,0.975,control,0.423892,0.630137,0.952381,0.273973,0.425532,0.013699,0.143836
COVID-19,USOIL,omnianomaly,146,0.5,0.733909,0.80924,0.975,test,0.526821,0.527397,1.0,0.054795,0.103896,0.0,0.027397
COVID-19,USOIL,omnianomaly,146,0.5,0.733909,0.80924,0.99,control,0.500618,0.554795,1.0,0.109589,0.197531,0.0,0.054795
COVID-19,USOIL,omnianomaly,146,0.5,0.733909,0.80924,0.99,test,0.538031,0.513699,1.0,0.027397,0.053333,0.0,0.013699
COVID-19,USOIL,one_class_svm,146,0.5,0.510978,0.654455,0.7,control,0.260049,0.59589,0.9375,0.205479,0.337079,0.013699,0.109589
COVID-19,USOIL,one_class_svm,146,0.5,0.510978,0.654455,0.7,test,-0.33358,0.609589,0.681818,0.410959,0.512821,0.191781,0.30137
COVID-19,USOIL,one_class_svm,146,0.5,0.510978,0.654455,0.75,control,0.626498,0.547945,1.0,0.09589,0.175,0.0,0.047945
COVID-19,USOIL,one_class_svm,146,0.5,0.510978,0.654455,0.75,test,-0.243921,0.630137,0.756757,0.383562,0.509091,0.123288,0.253425
COVID-19,USOIL,one_class_svm,146,0.5,0.510978,0.654455,0.8,control,0.843333,0.527397,1.0,0.054795,0.103896,0.0,0.027397
COVID-19,USOIL,one_class_svm,146,0.5,0.510978,0.654455,0.8,test,-0.174096,0.630137,0.827586,0.328767,0.470588,0.068493,0.19863
COVID-19,USOIL,one_class_svm,146,0.5,0.510978,0.654455,0.85,control,1.472249,0.5,0.0,0.0,0.0,0.0,0.0
COVID-19,USOIL,one_class_svm,146,0.5,0.510978,0.654455,0.85,test,-0.039679,0.623288,0.909091,0.273973,0.421053,0.027397,0.150685
COVID-19,USOIL,one_class_svm,146,0.5,0.510978,0.654455,0.9,control,1.811588,0.5,0.0,0.0,0.0,0.0,0.0
COVID-19,USOIL,one_class_svm,146,0.5,0.510978,0.654455,0.9,test,0.285162,0.589041,0.933333,0.191781,0.318182,0.013699,0.10274
COVID-19,USOIL,one_class_svm,146,0.5,0.510978,0.654455,0.95,control,2.186269,0.5,0.0,0.0,0.0,0.0,0.0
COVID-19,USOIL,one_class_svm,146,0.5,0.510978,0.654455,0.95,test,0.591334,0.554795,1.0,0.109589,0.197531,0.0,0.054795
COVID-19,USOIL,one_class_svm,146,0.5,0.510978,0.654455,0.975,control,2.4634,0.5,0.0,0.0,0.0,0.0,0.0
COVID-19,USOIL,one_class_svm,146,0.5,0.510978,0.654455,0.975,test,0.841836,0.527397,1.0,0.054795,0.103896,0.0,0.027397
COVID-19,USOIL,one_class_svm,146,0.5,0.510978,0.654455,0.99,control,2.545489,0.5,0.0,0.0,0.0,0.0,0.0
COVID-19,USOIL,one_class_svm,146,0.5,0.510978,0.654455,0.99,test,1.111074,0.513699,1.0,0.027397,0.053333,0.0,0.013699
COVID-19,USOIL,standalone_fanogan,146,0.5,0.222931,0.355121,0.7,control,0.17614,0.356164,0.0,0.0,0.0,0.287671,0.143836
COVID-19,USOIL,standalone_fanogan,146,0.5,0.222931,0.355121,0.7,test,0.130298,0.267123,0.113636,0.068493,0.08547,0.534247,0.30137
COVID-19,USOIL,standalone_fanogan,146,0.5,0.222931,0.355121,0.75,control,0.207618,0.431507,0.0,0.0,0.0,0.136986,0.068493
COVID-19,USOIL,standalone_fanogan,146,0.5,0.222931,0.355121,0.75,test,0.142378,0.273973,0.054054,0.027397,0.036364,0.479452,0.253425
COVID-19,USOIL,standalone_fanogan,146,0.5,0.222931,0.355121,0.8,control,0.272424,0.493151,0.0,0.0,0.0,0.013699,0.006849
COVID-19,USOIL,standalone_fanogan,146,0.5,0.222931,0.355121,0.8,test,0.153658,0.30137,0.0,0.0,0.0,0.39726,0.19863
COVID-19,USOIL,standalone_fanogan,146,0.5,0.222931,0.355121,0.85,control,0.33816,0.5,0.0,0.0,0.0,0.0,0.0
COVID-19,USOIL,standalone_fanogan,146,0.5,0.222931,0.355121,0.85,test,0.174864,0.349315,0.0,0.0,0.0,0.30137,0.150685
COVID-19,USOIL,standalone_fanogan,146,0.5,0.222931,0.355121,0.9,control,0.396864,0.5,0.0,0.0,0.0,0.0,0.0
COVID-19,USOIL,standalone_fanogan,146,0.5,0.222931,0.355121,0.9,test,0.193561,0.39726,0.0,0.0,0.0,0.205479,0.10274
COVID-19,USOIL,standalone_fanogan,146,0.5,0.222931,0.355121,0.95,control,0.450548,0.5,0.0,0.0,0.0,0.0,0.0
COVID-19,USOIL,standalone_fanogan,146,0.5,0.222931,0.355121,0.95,test,0.213711,0.445205,0.0,0.0,0.0,0.109589,0.054795
COVID-19,USOIL,standalone_fanogan,146,0.5,0.222931,0.355121,0.975,control,0.502587,0.5,0.0,0.0,0.0,0.0,0.0
COVID-19,USOIL,standalone_fanogan,146,0.5,0.222931,0.355121,0.975,test,0.222328,0.472603,0.0,0.0,0.0,0.054795,0.027397
COVID-19,USOIL,standalone_fanogan,146,0.5,0.222931,0.355121,0.99,control,0.547829,0.5,0.0,0.0,0.0,0.0,0.0
COVID-19,USOIL,standalone_fanogan,146,0.5,0.222931,0.355121,0.99,test,0.247866,0.486301,0.0,0.0,0.0,0.027397,0.013699
COVID-19,USOIL,tranad,146,0.5,0.396322,0.411054,0.7,control,0.026957,0.541096,0.521429,1.0,0.685446,0.917808,0.958904
COVID-19,USOIL,tranad,146,0.5,0.396322,0.411054,0.7,test,0.07578,0.349315,0.25,0.150685,0.188034,0.452055,0.30137
COVID-19,USOIL,tranad,146,0.5,0.396322,0.411054,0.75,control,0.027796,0.541096,0.521429,1.0,0.685446,0.917808,0.958904
COVID-19,USOIL,tranad,146,0.5,0.396322,0.411054,0.75,test,0.081627,0.356164,0.216216,0.109589,0.145455,0.39726,0.253425
COVID-19,USOIL,tranad,146,0.5,0.396322,0.411054,0.8,control,0.029128,0.547945,0.52518,1.0,0.688679,0.90411,0.952055
COVID-19,USOIL,tranad,146,0.5,0.396322,0.411054,0.8,test,0.087528,0.328767,0.068966,0.027397,0.039216,0.369863,0.19863
COVID-19,USOIL,tranad,146,0.5,0.396322,0.411054,0.85,control,0.030143,0.547945,0.52518,1.0,0.688679,0.90411,0.952055
COVID-19,USOIL,tranad,146,0.5,0.396322,0.411054,0.85,test,0.09806,0.363014,0.045455,0.013699,0.021053,0.287671,0.150685
COVID-19,USOIL,tranad,146,0.5,0.396322,0.411054,0.9,control,0.033086,0.547945,0.52518,1.0,0.688679,0.90411,0.952055
COVID-19,USOIL,tranad,146,0.5,0.396322,0.411054,0.9,test,0.106845,0.39726,0.0,0.0,0.0,0.205479,0.10274
COVID-19,USOIL,tranad,146,0.5,0.396322,0.411054,0.95,control,0.036048,0.547945,0.525547,0.986301,0.685714,0.890411,0.938356
COVID-19,USOIL,tranad,146,0.5,0.396322,0.411054,0.95,test,0.117887,0.445205,0.0,0.0,0.0,0.109589,0.054795
COVID-19,USOIL,tranad,146,0.5,0.396322,0.411054,0.975,control,0.038669,0.554795,0.530769,0.945205,0.679803,0.835616,0.890411
COVID-19,USOIL,tranad,146,0.5,0.396322,0.411054,0.975,test,0.130066,0.472603,0.0,0.0,0.0,0.054795,0.027397
COVID-19,USOIL,tranad,146,0.5,0.396322,0.411054,0.99,control,0.042758,0.513699,0.508929,0.780822,0.616216,0.753425,0.767123
COVID-19,USOIL,tranad,146,0.5,0.396322,0.411054,0.99,test,0.136697,0.486301,0.0,0.0,0.0,0.027397,0.013699
COVID-19,USOIL,usad,146,0.5,0.069056,0.32986,0.7,control,1.50751,0.376712,0.05,0.013699,0.021505,0.260274,0.136986
COVID-19,USOIL,usad,146,0.5,0.069056,0.32986,0.7,test,1.364179,0.253425,0.090909,0.054795,0.068376,0.547945,0.30137
COVID-19,USOIL,usad,146,0.5,0.069056,0.32986,0.75,control,1.522858,0.40411,0.0625,0.013699,0.022472,0.205479,0.109589
COVID-19,USOIL,usad,146,0.5,0.069056,0.32986,0.75,test,1.380083,0.30137,0.108108,0.054795,0.072727,0.452055,0.253425
COVID-19,USOIL,usad,146,0.5,0.069056,0.32986,0.8,control,1.555871,0.438356,0.090909,0.013699,0.02381,0.136986,0.075342
COVID-19,USOIL,usad,146,0.5,0.069056,0.32986,0.8,test,1.417283,0.328767,0.068966,0.027397,0.039216,0.369863,0.19863
COVID-19,USOIL,usad,146,0.5,0.069056,0.32986,0.85,control,1.583569,0.465753,0.142857,0.013699,0.025,0.082192,0.047945
COVID-19,USOIL,usad,146,0.5,0.069056,0.32986,0.85,test,1.477798,0.363014,0.045455,0.013699,0.021053,0.287671,0.150685
COVID-19,USOIL,usad,146,0.5,0.069056,0.32986,0.9,control,1.629158,0.5,0.5,0.013699,0.026667,0.013699,0.013699
COVID-19,USOIL,usad,146,0.5,0.069056,0.32986,0.9,test,1.531872,0.410959,0.066667,0.013699,0.022727,0.191781,0.10274
COVID-19,USOIL,usad,146,0.5,0.069056,0.32986,0.95,control,1.734782,0.5,0.0,0.0,0.0,0.0,0.0
COVID-19,USOIL,usad,146,0.5,0.069056,0.32986,0.95,test,1.576753,0.458904,0.125,0.013699,0.024691,0.09589,0.054795
COVID-19,USOIL,usad,146,0.5,0.069056,0.32986,0.975,control,1.7469,0.5,0.0,0.0,0.0,0.0,0.0
COVID-19,USOIL,usad,146,0.5,0.069056,0.32986,0.975,test,1.607627,0.486301,0.25,0.013699,0.025974,0.041096,0.027397
COVID-19,USOIL,usad,146,0.5,0.069056,0.32986,0.99,control,1.767949,0.5,0.0,0.0,0.0,0.0,0.0
COVID-19,USOIL,usad,146,0.5,0.069056,0.32986,0.99,test,1.634563,0.5,0.5,0.013699,0.026667,0.013699,0.013699
COVID-19,USOIL,vae,146,0.5,0.778945,0.828933,0.7,control,0.337796,0.746575,0.928571,0.534247,0.678261,0.041096,0.287671
COVID-19,USOIL,vae,146,0.5,0.778945,0.828933,0.7,test,0.328035,0.760274,0.931818,0.561644,0.700855,0.041096,0.30137
COVID-19,USOIL,vae,146,0.5,0.778945,0.828933,0.75,control,0.398336,0.719178,0.970588,0.452055,0.616822,0.013699,0.232877
COVID-19,USOIL,vae,146,0.5,0.778945,0.828933,0.75,test,0.386989,0.739726,0.972973,0.493151,0.654545,0.013699,0.253425
COVID-19,USOIL,vae,146,0.5,0.778945,0.828933,0.8,control,0.4652,0.609589,0.944444,0.232877,0.373626,0.013699,0.123288
COVID-19,USOIL,vae,146,0.5,0.778945,0.828933,0.8,test,0.419392,0.684932,0.965517,0.383562,0.54902,0.013699,0.19863
COVID-19,USOIL,vae,146,0.5,0.778945,0.828933,0.85,control,0.549116,0.59589,1.0,0.191781,0.321839,0.0,0.09589
COVID-19,USOIL,vae,146,0.5,0.778945,0.828933,0.85,test,0.442859,0.636986,0.954545,0.287671,0.442105,0.013699,0.150685
COVID-19,USOIL,vae,146,0.5,0.778945,0.828933,0.9,control,0.606244,0.561644,1.0,0.123288,0.219512,0.0,0.061644
COVID-19,USOIL,vae,146,0.5,0.778945,0.828933,0.9,test,0.49279,0.60274,1.0,0.205479,0.340909,0.0,0.10274
COVID-19,USOIL,vae,146,0.5,0.778945,0.828933,0.95,control,0.640129,0.547945,1.0,0.09589,0.175,0.0,0.047945
COVID-19,USOIL,vae,146,0.5,0.778945,0.828933,0.95,test,0.632339,0.554795,1.0,0.109589,0.197531,0.0,0.054795
COVID-19,USOIL,vae,146,0.5,0.778945,0.828933,0.975,control,0.659222,0.534247,1.0,0.068493,0.128205,0.0,0.034247
COVID-19,USOIL,vae,146,0.5,0.778945,0.828933,0.975,test,0.688996,0.527397,1.0,0.054795,0.103896,0.0,0.027397
COVID-19,USOIL,vae,146,0.5,0.778945,0.828933,0.99,control,0.670559,0.534247,1.0,0.068493,0.128205,0.0,0.034247
COVID-19,USOIL,vae,146,0.5,0.778945,0.828933,0.99,test,0.779947,0.513699,1.0,0.027397,0.053333,0.0,0.013699
COVID-19,GOLD,anomaly_transformer,146,0.5,0.797898,0.838694,0.7,control,0.000901,0.719178,0.921053,0.479452,0.630631,0.041096,0.260274
COVID-19,GOLD,anomaly_transformer,146,0.5,0.797898,0.838694,0.7,test,0.000686,0.732877,0.886364,0.534247,0.666667,0.068493,0.30137
COVID-19,GOLD,anomaly_transformer,146,0.5,0.797898,0.838694,0.75,control,0.000981,0.719178,0.921053,0.479452,0.630631,0.041096,0.260274
COVID-19,GOLD,anomaly_transformer,146,0.5,0.797898,0.838694,0.75,test,0.001028,0.726027,0.945946,0.479452,0.636364,0.027397,0.253425
COVID-19,GOLD,anomaly_transformer,146,0.5,0.797898,0.838694,0.8,control,0.001079,0.732877,0.972222,0.479452,0.642202,0.013699,0.246575
COVID-19,GOLD,anomaly_transformer,146,0.5,0.797898,0.838694,0.8,test,0.001576,0.684932,0.965517,0.383562,0.54902,0.013699,0.19863
COVID-19,GOLD,anomaly_transformer,146,0.5,0.797898,0.838694,0.85,control,0.001179,0.719178,0.970588,0.452055,0.616822,0.013699,0.232877
COVID-19,GOLD,anomaly_transformer,146,0.5,0.797898,0.838694,0.85,test,0.003198,0.650685,1.0,0.30137,0.463158,0.0,0.150685
COVID-19,GOLD,anomaly_transformer,146,0.5,0.797898,0.838694,0.9,control,0.001344,0.69863,0.967742,0.410959,0.576923,0.013699,0.212329
COVID-19,GOLD,anomaly_transformer,146,0.5,0.797898,0.838694,0.9,test,0.006362,0.60274,1.0,0.205479,0.340909,0.0,0.10274
COVID-19,GOLD,anomaly_transformer,146,0.5,0.797898,0.838694,0.95,control,0.005809,0.616438,1.0,0.232877,0.377778,0.0,0.116438
COVID-19,GOLD,anomaly_transformer,146,0.5,0.797898,0.838694,0.95,test,0.010534,0.554795,1.0,0.109589,0.197531,0.0,0.054795
COVID-19,GOLD,anomaly_transformer,146,0.5,0.797898,0.838694,0.975,control,0.010609,0.554795,1.0,0.109589,0.197531,0.0,0.054795
COVID-19,GOLD,anomaly_transformer,146,0.5,0.797898,0.838694,0.975,test,0.015477,0.527397,1.0,0.054795,0.103896,0.0,0.027397
COVID-19,GOLD,anomaly_transformer,146,0.5,0.797898,0.838694,0.99,control,0.034198,0.506849,1.0,0.013699,0.027027,0.0,0.006849
COVID-19,GOLD,anomaly_transformer,146,0.5,0.797898,0.838694,0.99,test,0.026742,0.513699,1.0,0.027397,0.053333,0.0,0.013699
COVID-19,GOLD,autoencoder,146,0.5,0.782511,0.761986,0.7,test,0.131397,0.623288,0.704545,0.424658,0.529915,0.178082,0.30137
COVID-19,GOLD,autoencoder,146,0.5,0.782511,0.761986,0.75,test,0.148392,0.575342,0.648649,0.328767,0.436364,0.178082,0.253425
COVID-19,GOLD,autoencoder,146,0.5,0.782511,0.761986,0.8,test,0.178853,0.575342,0.689655,0.273973,0.392157,0.123288,0.19863
COVID-19,GOLD,autoencoder,146,0.5,0.782511,0.761986,0.85,test,0.189808,0.582192,0.772727,0.232877,0.357895,0.068493,0.150685
COVID-19,GOLD,autoencoder,146,0.5,0.782511,0.761986,0.9,test,0.213856,0.60274,1.0,0.205479,0.340909,0.0,0.10274
COVID-19,GOLD,autoencoder,146,0.5,0.782511,0.761986,0.95,test,0.236549,0.554795,1.0,0.109589,0.197531,0.0,0.054795
COVID-19,GOLD,autoencoder,146,0.5,0.782511,0.761986,0.975,test,0.243586,0.527397,1.0,0.054795,0.103896,0.0,0.027397
COVID-19,GOLD,autoencoder,146,0.5,0.782511,0.761986,0.99,test,0.263254,0.513699,1.0,0.027397,0.053333,0.0,0.013699
COVID-19,GOLD,cnn_autoencoder,146,0.5,0.737662,0.648401,0.7,test,0.01402,0.568493,0.613636,0.369863,0.461538,0.232877,0.30137
COVID-19,GOLD,cnn_autoencoder,146,0.5,0.737662,0.648401,0.75,test,0.019343,0.575342,0.648649,0.328767,0.436364,0.178082,0.253425
COVID-19,GOLD,cnn_autoencoder,146,0.5,0.737662,0.648401,0.8,test,0.022633,0.520548,0.551724,0.219178,0.313725,0.178082,0.19863
COVID-19,GOLD,cnn_autoencoder,146,0.5,0.737662,0.648401,0.85,test,0.032884,0.472603,0.409091,0.123288,0.189474,0.178082,0.150685
COVID-19,GOLD,cnn_autoencoder,146,0.5,0.737662,0.648401,0.9,test,0.035136,0.506849,0.533333,0.109589,0.181818,0.09589,0.10274
COVID-19,GOLD,cnn_autoencoder,146,0.5,0.737662,0.648401,0.95,test,0.038853,0.527397,0.75,0.082192,0.148148,0.027397,0.054795
COVID-19,GOLD,cnn_autoencoder,146,0.5,0.737662,0.648401,0.975,test,0.041916,0.5,0.5,0.027397,0.051948,0.027397,0.027397
COVID-19,GOLD,cnn_autoencoder,146,0.5,0.737662,0.648401,0.99,test,0.043232,0.5,0.5,0.013699,0.026667,0.013699,0.013699
COVID-19,GOLD,dagmm,146,0.5,0.419028,0.543828,0.7,control,-2.115318,0.534247,1.0,0.068493,0.128205,0.0,0.034247
COVID-19,GOLD,dagmm,146,0.5,0.419028,0.543828,0.7,test,-5.108119,0.458904,0.431818,0.260274,0.324786,0.342466,0.30137
COVID-19,GOLD,dagmm,146,0.5,0.419028,0.543828,0.75,control,-1.043211,0.527397,1.0,0.054795,0.103896,0.0,0.027397
COVID-19,GOLD,dagmm,146,0.5,0.419028,0.543828,0.75,test,-4.898401,0.465753,0.432432,0.219178,0.290909,0.287671,0.253425
COVID-19,GOLD,dagmm,146,0.5,0.419028,0.543828,0.8,control,-0.470837,0.520548,1.0,0.041096,0.078947,0.0,0.020548
COVID-19,GOLD,dagmm,146,0.5,0.419028,0.543828,0.8,test,-4.582364,0.506849,0.517241,0.205479,0.294118,0.191781,0.19863
COVID-19,GOLD,dagmm,146,0.5,0.419028,0.543828,0.85,control,0.967177,0.506849,1.0,0.013699,0.027027,0.0,0.006849
COVID-19,GOLD,dagmm,146,0.5,0.419028,0.543828,0.85,test,-4.195053,0.541096,0.636364,0.191781,0.294737,0.109589,0.150685
COVID-19,GOLD,dagmm,146,0.5,0.419028,0.543828,0.9,control,2.307358,0.5,0.0,0.0,0.0,0.0,0.0
COVID-19,GOLD,dagmm,146,0.5,0.419028,0.543828,0.9,test,-3.637637,0.575342,0.866667,0.178082,0.295455,0.027397,0.10274
COVID-19,GOLD,dagmm,146,0.5,0.419028,0.543828,0.95,control,5.424716,0.5,0.0,0.0,0.0,0.0,0.0
COVID-19,GOLD,dagmm,146,0.5,0.419028,0.543828,0.95,test,-2.974799,0.541096,0.875,0.09589,0.17284,0.013699,0.054795
COVID-19,GOLD,dagmm,146,0.5,0.419028,0.543828,0.975,control,9.721917,0.5,0.0,0.0,0.0,0.0,0.0
COVID-19,GOLD,dagmm,146,0.5,0.419028,0.543828,0.975,test,-1.46708,0.527397,1.0,0.054795,0.103896,0.0,0.027397
COVID-19,GOLD,dagmm,146,0.5,0.419028,0.543828,0.99,control,12.965183,0.5,0.0,0.0,0.0,0.0,0.0
COVID-19,GOLD,dagmm,146,0.5,0.419028,0.543828,0.99,test,0.609763,0.513699,1.0,0.027397,0.053333,0.0,0.013699
COVID-19,GOLD,deep_svdd,146,0.5,0.750422,0.6808,0.7,control,0.000496,0.719178,0.677778,0.835616,0.748466,0.39726,0.616438
COVID-19,GOLD,deep_svdd,146,0.5,0.750422,0.6808,0.7,test,0.000953,0.609589,0.681818,0.410959,0.512821,0.191781,0.30137
COVID-19,GOLD,deep_svdd,146,0.5,0.750422,0.6808,0.75,control,0.000515,0.726027,0.689655,0.821918,0.75,0.369863,0.59589
COVID-19,GOLD,deep_svdd,146,0.5,0.750422,0.6808,0.75,test,0.001113,0.561644,0.621622,0.315068,0.418182,0.191781,0.253425
COVID-19,GOLD,deep_svdd,146,0.5,0.750422,0.6808,0.8,control,0.000572,0.719178,0.7,0.767123,0.732026,0.328767,0.547945
COVID-19,GOLD,deep_svdd,146,0.5,0.750422,0.6808,0.8,test,0.001383,0.547945,0.62069,0.246575,0.352941,0.150685,0.19863
COVID-19,GOLD,deep_svdd,146,0.5,0.750422,0.6808,0.85,control,0.000659,0.657534,0.676923,0.60274,0.637681,0.287671,0.445205
COVID-19,GOLD,deep_svdd,146,0.5,0.750422,0.6808,0.85,test,0.001641,0.554795,0.681818,0.205479,0.315789,0.09589,0.150685
COVID-19,GOLD,deep_svdd,146,0.5,0.750422,0.6808,0.9,control,0.0008,0.636986,0.685185,0.506849,0.582677,0.232877,0.369863
COVID-19,GOLD,deep_svdd,146,0.5,0.750422,0.6808,0.9,test,0.001861,0.534247,0.666667,0.136986,0.227273,0.068493,0.10274
COVID-19,GOLD,deep_svdd,146,0.5,0.750422,0.6808,0.95,control,0.00103,0.589041,0.658537,0.369863,0.473684,0.191781,0.280822
COVID-19,GOLD,deep_svdd,146,0.5,0.750422,0.6808,0.95,test,0.002125,0.513699,0.625,0.068493,0.123457,0.041096,0.054795
COVID-19,GOLD,deep_svdd,146,0.5,0.750422,0.6808,0.975,control,0.001111,0.568493,0.631579,0.328767,0.432432,0.191781,0.260274
COVID-19,GOLD,deep_svdd,146,0.5,0.750422,0.6808,0.975,test,0.002281,0.513699,0.75,0.041096,0.077922,0.013699,0.027397
COVID-19,GOLD,deep_svdd,146,0.5,0.750422,0.6808,0.99,control,0.001273,0.541096,0.59375,0.260274,0.361905,0.178082,0.219178
COVID-19,GOLD,deep_svdd,146,0.5,0.750422,0.6808,0.99,test,0.002573,0.5,0.5,0.013699,0.026667,0.013699,0.013699
COVID-19,GOLD,hybrid2,146,0.5,0.754926,0.747957,0.7,control,0.172715,0.643836,0.705882,0.493151,0.580645,0.205479,0.349315
COVID-19,GOLD,hybrid2,146,0.5,0.754926,0.747957,0.7,test,0.187132,0.623288,0.704545,0.424658,0.529915,0.178082,0.30137
COVID-19,GOLD,hybrid2,146,0.5,0.754926,0.747957,0.75,control,0.181761,0.623288,0.6875,0.452055,0.545455,0.205479,0.328767
COVID-19,GOLD,hybrid2,146,0.5,0.754926,0.747957,0.75,test,0.204629,0.589041,0.675676,0.342466,0.454545,0.164384,0.253425
COVID-19,GOLD,hybrid2,146,0.5,0.754926,0.747957,0.8,control,0.192728,0.616438,0.707317,0.39726,0.508772,0.164384,0.280822
COVID-19,GOLD,hybrid2,146,0.5,0.754926,0.747957,0.8,test,0.235674,0.575342,0.689655,0.273973,0.392157,0.123288,0.19863
COVID-19,GOLD,hybrid2,146,0.5,0.754926,0.747957,0.85,control,0.200013,0.60274,0.692308,0.369863,0.482143,0.164384,0.267123
COVID-19,GOLD,hybrid2,146,0.5,0.754926,0.747957,0.85,test,0.265579,0.59589,0.818182,0.246575,0.378947,0.054795,0.150685
COVID-19,GOLD,hybrid2,146,0.5,0.754926,0.747957,0.9,control,0.22068,0.582192,0.676471,0.315068,0.429907,0.150685,0.232877
COVID-19,GOLD,hybrid2,146,0.5,0.754926,0.747957,0.9,test,0.30106,0.575342,0.866667,0.178082,0.295455,0.027397,0.10274
COVID-19,GOLD,hybrid2,146,0.5,0.754926,0.747957,0.95,control,0.253762,0.59589,0.791667,0.260274,0.391753,0.068493,0.164384
COVID-19,GOLD,hybrid2,146,0.5,0.754926,0.747957,0.95,test,0.421476,0.554795,1.0,0.109589,0.197531,0.0,0.054795
COVID-19,GOLD,hybrid2,146,0.5,0.754926,0.747957,0.975,control,0.265909,0.59589,0.818182,0.246575,0.378947,0.054795,0.150685
COVID-19,GOLD,hybrid2,146,0.5,0.754926,0.747957,0.975,test,0.434441,0.527397,1.0,0.054795,0.103896,0.0,0.027397
COVID-19,GOLD,hybrid2,146,0.5,0.754926,0.747957,0.99,control,0.307689,0.568493,0.857143,0.164384,0.275862,0.027397,0.09589
COVID-19,GOLD,hybrid2,146,0.5,0.754926,0.747957,0.99,test,0.451188,0.513699,1.0,0.027397,0.053333,0.0,0.013699
COVID-19,GOLD,isolation_forest,146,0.5,0.775943,0.793968,0.7,control,0.520156,0.664384,0.8,0.438356,0.566372,0.109589,0.273973
COVID-19,GOLD,isolation_forest,146,0.5,0.775943,0.793968,0.7,test,0.516126,0.664384,0.772727,0.465753,0.581197,0.136986,0.30137
COVID-19,GOLD,isolation_forest,146,0.5,0.775943,0.793968,0.75,control,0.526906,0.643836,0.862069,0.342466,0.490196,0.054795,0.19863
COVID-19,GOLD,isolation_forest,146,0.5,0.775943,0.793968,0.75,test,0.521673,0.671233,0.837838,0.424658,0.563636,0.082192,0.253425
COVID-19,GOLD,isolation_forest,146,0.5,0.775943,0.793968,0.8,control,0.539971,0.630137,1.0,0.260274,0.413043,0.0,0.130137
COVID-19,GOLD,isolation_forest,146,0.5,0.775943,0.793968,0.8,test,0.526029,0.643836,0.862069,0.342466,0.490196,0.054795,0.19863
COVID-19,GOLD,isolation_forest,146,0.5,0.775943,0.793968,0.85,control,0.553214,0.575342,1.0,0.150685,0.261905,0.0,0.075342
COVID-19,GOLD,isolation_forest,146,0.5,0.775943,0.793968,0.85,test,0.536375,0.636986,0.954545,0.287671,0.442105,0.013699,0.150685
COVID-19,GOLD,isolation_forest,146,0.5,0.775943,0.793968,0.9,control,0.567597,0.547945,1.0,0.09589,0.175,0.0,0.047945
COVID-19,GOLD,isolation_forest,146,0.5,0.775943,0.793968,0.9,test,0.543233,0.60274,1.0,0.205479,0.340909,0.0,0.10274
COVID-19,GOLD,isolation_forest,146,0.5,0.775943,0.793968,0.95,control,0.582159,0.513699,1.0,0.027397,0.053333,0.0,0.013699
COVID-19,GOLD,isolation_forest,146,0.5,0.775943,0.793968,0.95,test,0.557728,0.554795,1.0,0.109589,0.197531,0.0,0.054795
COVID-19,GOLD,isolation_forest,146,0.5,0.775943,0.793968,0.975,control,0.586031,0.513699,1.0,0.027397,0.053333,0.0,0.013699
COVID-19,GOLD,isolation_forest,146,0.5,0.775943,0.793968,0.975,test,0.578443,0.527397,1.0,0.054795,0.103896,0.0,0.027397
COVID-19,GOLD,isolation_forest,146,0.5,0.775943,0.793968,0.99,control,0.590442,0.506849,1.0,0.013699,0.027027,0.0,0.006849
COVID-19,GOLD,isolation_forest,146,0.5,0.775943,0.793968,0.99,test,0.584049,0.513699,1.0,0.027397,0.053333,0.0,0.013699
COVID-19,GOLD,omnianomaly,146,0.5,0.70107,0.696995,0.7,control,0.211532,0.534247,0.51773,1.0,0.682243,0.931507,0.965753
COVID-19,GOLD,omnianomaly,146,0.5,0.70107,0.696995,0.7,test,0.362808,0.650685,0.75,0.452055,0.564103,0.150685,0.30137
COVID-19,GOLD,omnianomaly,146,0.5,0.70107,0.696995,0.75,control,0.228281,0.561644,0.533835,0.972603,0.68932,0.849315,0.910959
COVID-19,GOLD,omnianomaly,146,0.5,0.70107,0.696995,0.75,test,0.384649,0.630137,0.756757,0.383562,0.509091,0.123288,0.253425
COVID-19,GOLD,omnianomaly,146,0.5,0.70107,0.696995,0.8,control,0.24218,0.568493,0.541667,0.890411,0.673575,0.753425,0.821918
COVID-19,GOLD,omnianomaly,146,0.5,0.70107,0.696995,0.8,test,0.408695,0.60274,0.758621,0.30137,0.431373,0.09589,0.19863
COVID-19,GOLD,omnianomaly,146,0.5,0.70107,0.696995,0.85,control,0.255366,0.575342,0.552381,0.794521,0.651685,0.643836,0.719178
COVID-19,GOLD,omnianomaly,146,0.5,0.70107,0.696995,0.85,test,0.432009,0.582192,0.772727,0.232877,0.357895,0.068493,0.150685
COVID-19,GOLD,omnianomaly,146,0.5,0.70107,0.696995,0.9,control,0.267087,0.59589,0.571429,0.767123,0.654971,0.575342,0.671233
COVID-19,GOLD,omnianomaly,146,0.5,0.70107,0.696995,0.9,test,0.45266,0.547945,0.733333,0.150685,0.25,0.054795,0.10274
COVID-19,GOLD,omnianomaly,146,0.5,0.70107,0.696995,0.95,control,0.345568,0.636986,0.685185,0.506849,0.582677,0.232877,0.369863
COVID-19,GOLD,omnianomaly,146,0.5,0.70107,0.696995,0.95,test,0.475222,0.527397,0.75,0.082192,0.148148,0.027397,0.054795
COVID-19,GOLD,omnianomaly,146,0.5,0.70107,0.696995,0.975,control,0.373718,0.636986,0.763158,0.39726,0.522523,0.123288,0.260274
COVID-19,GOLD,omnianomaly,146,0.5,0.70107,0.696995,0.975,test,0.503871,0.527397,1.0,0.054795,0.103896,0.0,0.027397
COVID-19,GOLD,omnianomaly,146,0.5,0.70107,0.696995,0.99,control,0.386121,0.630137,0.756757,0.383562,0.509091,0.123288,0.253425
COVID-19,GOLD,omnianomaly,146,0.5,0.70107,0.696995,0.99,test,0.548726,0.513699,1.0,0.027397,0.053333,0.0,0.013699
COVID-19,GOLD,one_class_svm,146,0.5,0.80897,0.851293,0.7,control,-0.125734,0.746575,0.973684,0.506849,0.666667,0.013699,0.260274
COVID-19,GOLD,one_class_svm,146,0.5,0.80897,0.851293,0.7,test,-0.170541,0.746575,0.909091,0.547945,0.683761,0.054795,0.30137
COVID-19,GOLD,one_class_svm,146,0.5,0.80897,0.851293,0.75,control,-0.102737,0.746575,1.0,0.493151,0.66055,0.0,0.246575
COVID-19,GOLD,one_class_svm,146,0.5,0.80897,0.851293,0.75,test,-0.119659,0.739726,0.972973,0.493151,0.654545,0.013699,0.253425
COVID-19,GOLD,one_class_svm,146,0.5,0.80897,0.851293,0.8,control,-0.049339,0.732877,1.0,0.465753,0.635514,0.0,0.232877
COVID-19,GOLD,one_class_svm,146,0.5,0.80897,0.851293,0.8,test,0.027987,0.69863,1.0,0.39726,0.568627,0.0,0.19863
COVID-19,GOLD,one_class_svm,146,0.5,0.80897,0.851293,0.85,control,0.029319,0.69863,1.0,0.39726,0.568627,0.0,0.19863
COVID-19,GOLD,one_class_svm,146,0.5,0.80897,0.851293,0.85,test,0.184027,0.650685,1.0,0.30137,0.463158,0.0,0.150685
COVID-19,GOLD,one_class_svm,146,0.5,0.80897,0.851293,0.9,control,0.180358,0.650685,1.0,0.30137,0.463158,0.0,0.150685
COVID-19,GOLD,one_class_svm,146,0.5,0.80897,0.851293,0.9,test,0.301276,0.60274,1.0,0.205479,0.340909,0.0,0.10274
COVID-19,GOLD,one_class_svm,146,0.5,0.80897,0.851293,0.95,control,0.357573,0.582192,1.0,0.164384,0.282353,0.0,0.082192
COVID-19,GOLD,one_class_svm,146,0.5,0.80897,0.851293,0.95,test,0.546383,0.554795,1.0,0.109589,0.197531,0.0,0.054795
COVID-19,GOLD,one_class_svm,146,0.5,0.80897,0.851293,0.975,control,0.420192,0.568493,1.0,0.136986,0.240964,0.0,0.068493
COVID-19,GOLD,one_class_svm,146,0.5,0.80897,0.851293,0.975,test,0.748287,0.527397,1.0,0.054795,0.103896,0.0,0.027397
COVID-19,GOLD,one_class_svm,146,0.5,0.80897,0.851293,0.99,control,0.553271,0.554795,1.0,0.109589,0.197531,0.0,0.054795
COVID-19,GOLD,one_class_svm,146,0.5,0.80897,0.851293,0.99,test,1.004742,0.513699,1.0,0.027397,0.053333,0.0,0.013699
COVID-19,GOLD,standalone_fanogan,146,0.5,0.754926,0.747957,0.7,control,0.172715,0.643836,0.705882,0.493151,0.580645,0.205479,0.349315
COVID-19,GOLD,standalone_fanogan,146,0.5,0.754926,0.747957,0.7,test,0.187132,0.623288,0.704545,0.424658,0.529915,0.178082,0.30137
COVID-19,GOLD,standalone_fanogan,146,0.5,0.754926,0.747957,0.75,control,0.181761,0.623288,0.6875,0.452055,0.545455,0.205479,0.328767
COVID-19,GOLD,standalone_fanogan,146,0.5,0.754926,0.747957,0.75,test,0.204629,0.589041,0.675676,0.342466,0.454545,0.164384,0.253425
COVID-19,GOLD,standalone_fanogan,146,0.5,0.754926,0.747957,0.8,control,0.192728,0.616438,0.707317,0.39726,0.508772,0.164384,0.280822
COVID-19,GOLD,standalone_fanogan,146,0.5,0.754926,0.747957,0.8,test,0.235674,0.575342,0.689655,0.273973,0.392157,0.123288,0.19863
COVID-19,GOLD,standalone_fanogan,146,0.5,0.754926,0.747957,0.85,control,0.200013,0.60274,0.692308,0.369863,0.482143,0.164384,0.267123
COVID-19,GOLD,standalone_fanogan,146,0.5,0.754926,0.747957,0.85,test,0.265579,0.59589,0.818182,0.246575,0.378947,0.054795,0.150685
COVID-19,GOLD,standalone_fanogan,146,0.5,0.754926,0.747957,0.9,control,0.22068,0.582192,0.676471,0.315068,0.429907,0.150685,0.232877
COVID-19,GOLD,standalone_fanogan,146,0.5,0.754926,0.747957,0.9,test,0.30106,0.575342,0.866667,0.178082,0.295455,0.027397,0.10274
COVID-19,GOLD,standalone_fanogan,146,0.5,0.754926,0.747957,0.95,control,0.253762,0.59589,0.791667,0.260274,0.391753,0.068493,0.164384
COVID-19,GOLD,standalone_fanogan,146,0.5,0.754926,0.747957,0.95,test,0.421476,0.554795,1.0,0.109589,0.197531,0.0,0.054795
COVID-19,GOLD,standalone_fanogan,146,0.5,0.754926,0.747957,0.975,control,0.265909,0.59589,0.818182,0.246575,0.378947,0.054795,0.150685
COVID-19,GOLD,standalone_fanogan,146,0.5,0.754926,0.747957,0.975,test,0.434441,0.527397,1.0,0.054795,0.103896,0.0,0.027397
COVID-19,GOLD,standalone_fanogan,146,0.5,0.754926,0.747957,0.99,control,0.307689,0.568493,0.857143,0.164384,0.275862,0.027397,0.09589
COVID-19,GOLD,standalone_fanogan,146,0.5,0.754926,0.747957,0.99,test,0.451188,0.513699,1.0,0.027397,0.053333,0.0,0.013699
COVID-19,GOLD,tranad,146,0.5,0.813098,0.791355,0.7,control,0.023958,0.5,0.5,1.0,0.666667,1.0,1.0
COVID-19,GOLD,tranad,146,0.5,0.813098,0.791355,0.7,test,0.128124,0.636986,0.727273,0.438356,0.547009,0.164384,0.30137
COVID-19,GOLD,tranad,146,0.5,0.813098,0.791355,0.75,control,0.02481,0.5,0.5,1.0,0.666667,1.0,1.0
COVID-19,GOLD,tranad,146,0.5,0.813098,0.791355,0.75,test,0.136124,0.60274,0.702703,0.356164,0.472727,0.150685,0.253425
COVID-19,GOLD,tranad,146,0.5,0.813098,0.791355,0.8,control,0.026836,0.5,0.5,1.0,0.666667,1.0,1.0
COVID-19,GOLD,tranad,146,0.5,0.813098,0.791355,0.8,test,0.154584,0.60274,0.758621,0.30137,0.431373,0.09589,0.19863
COVID-19,GOLD,tranad,146,0.5,0.813098,0.791355,0.85,control,0.02876,0.506849,0.503448,1.0,0.669725,0.986301,0.993151
COVID-19,GOLD,tranad,146,0.5,0.813098,0.791355,0.85,test,0.165082,0.623288,0.909091,0.273973,0.421053,0.027397,0.150685
COVID-19,GOLD,tranad,146,0.5,0.813098,0.791355,0.9,control,0.031854,0.527397,0.514085,1.0,0.67907,0.945205,0.972603
COVID-19,GOLD,tranad,146,0.5,0.813098,0.791355,0.9,test,0.182529,0.589041,0.933333,0.191781,0.318182,0.013699,0.10274
COVID-19,GOLD,tranad,146,0.5,0.813098,0.791355,0.95,control,0.038564,0.589041,0.548872,1.0,0.708738,0.821918,0.910959
COVID-19,GOLD,tranad,146,0.5,0.813098,0.791355,0.95,test,0.208395,0.554795,1.0,0.109589,0.197531,0.0,0.054795
COVID-19,GOLD,tranad,146,0.5,0.813098,0.791355,0.975,control,0.04487,0.630137,0.574803,1.0,0.73,0.739726,0.869863
COVID-19,GOLD,tranad,146,0.5,0.813098,0.791355,0.975,test,0.228372,0.527397,1.0,0.054795,0.103896,0.0,0.027397
COVID-19,GOLD,tranad,146,0.5,0.813098,0.791355,0.99,control,0.046779,0.671233,0.603306,1.0,0.752577,0.657534,0.828767
COVID-19,GOLD,tranad,146,0.5,0.813098,0.791355,0.99,test,0.247759,0.513699,1.0,0.027397,0.053333,0.0,0.013699
COVID-19,GOLD,usad,146,0.5,0.504597,0.49941,0.7,control,1.365483,0.520548,0.521127,0.506849,0.513889,0.465753,0.486301
COVID-19,GOLD,usad,146,0.5,0.504597,0.49941,0.7,test,1.416818,0.527397,0.545455,0.328767,0.410256,0.273973,0.30137
COVID-19,GOLD,usad,146,0.5,0.504597,0.49941,0.75,control,1.415306,0.513699,0.521739,0.328767,0.403361,0.30137,0.315068
COVID-19,GOLD,usad,146,0.5,0.504597,0.49941,0.75,test,1.445329,0.520548,0.540541,0.273973,0.363636,0.232877,0.253425
COVID-19,GOLD,usad,146,0.5,0.504597,0.49941,0.8,control,1.455901,0.506849,0.515152,0.232877,0.320755,0.219178,0.226027
COVID-19,GOLD,usad,146,0.5,0.504597,0.49941,0.8,test,1.464298,0.493151,0.482759,0.191781,0.27451,0.205479,0.19863
COVID-19,GOLD,usad,146,0.5,0.504597,0.49941,0.85,control,1.470843,0.493151,0.482759,0.191781,0.27451,0.205479,0.19863
COVID-19,GOLD,usad,146,0.5,0.504597,0.49941,0.85,test,1.507224,0.472603,0.409091,0.123288,0.189474,0.178082,0.150685
COVID-19,GOLD,usad,146,0.5,0.504597,0.49941,0.9,control,1.495118,0.479452,0.444444,0.164384,0.24,0.205479,0.184932
COVID-19,GOLD,usad,146,0.5,0.504597,0.49941,0.9,test,1.527105,0.493151,0.466667,0.09589,0.159091,0.109589,0.10274
COVID-19,GOLD,usad,146,0.5,0.504597,0.49941,0.95,control,1.517883,0.493151,0.470588,0.109589,0.177778,0.123288,0.116438
COVID-19,GOLD,usad,146,0.5,0.504597,0.49941,0.95,test,1.55989,0.486301,0.375,0.041096,0.074074,0.068493,0.054795
COVID-19,GOLD,usad,146,0.5,0.504597,0.49941,0.975,control,1.566898,0.486301,0.333333,0.027397,0.050633,0.054795,0.041096
COVID-19,GOLD,usad,146,0.5,0.504597,0.49941,0.975,test,1.596393,0.5,0.5,0.027397,0.051948,0.027397,0.027397
COVID-19,GOLD,usad,146,0.5,0.504597,0.49941,0.99,control,1.675286,0.5,0.0,0.0,0.0,0.0,0.0
COVID-19,GOLD,usad,146,0.5,0.504597,0.49941,0.99,test,1.610117,0.486301,0.0,0.0,0.0,0.027397,0.013699
COVID-19,GOLD,vae,146,0.5,0.841809,0.841095,0.7,test,0.348842,0.705479,0.840909,0.506849,0.632479,0.09589,0.30137
COVID-19,GOLD,vae,146,0.5,0.841809,0.841095,0.75,test,0.366752,0.671233,0.837838,0.424658,0.563636,0.082192,0.253425
COVID-19,GOLD,vae,146,0.5,0.841809,0.841095,0.8,test,0.375841,0.671233,0.931034,0.369863,0.529412,0.027397,0.19863
COVID-19,GOLD,vae,146,0.5,0.841809,0.841095,0.85,test,0.413876,0.636986,0.954545,0.287671,0.442105,0.013699,0.150685
COVID-19,GOLD,vae,146,0.5,0.841809,0.841095,0.9,test,0.437078,0.589041,0.933333,0.191781,0.318182,0.013699,0.10274
COVID-19,GOLD,vae,146,0.5,0.841809,0.841095,0.95,test,0.458265,0.554795,1.0,0.109589,0.197531,0.0,0.054795
COVID-19,GOLD,vae,146,0.5,0.841809,0.841095,0.975,test,0.468028,0.527397,1.0,0.054795,0.103896,0.0,0.027397
COVID-19,GOLD,vae,146,0.5,0.841809,0.841095,0.99,test,0.491104,0.513699,1.0,0.027397,0.053333,0.0,0.013699
COVID-19,EURUSD,anomaly_transformer,152,0.486842,0.687803,0.70307,0.7,control,0.001434,0.651316,0.756098,0.418919,0.53913,0.128205,0.269737
COVID-19,EURUSD,anomaly_transformer,152,0.486842,0.687803,0.70307,0.7,test,0.001162,0.644737,0.717391,0.445946,0.55,0.166667,0.302632
COVID-19,EURUSD,anomaly_transformer,152,0.486842,0.687803,0.70307,0.75,control,0.001691,0.644737,0.794118,0.364865,0.5,0.089744,0.223684
COVID-19,EURUSD,anomaly_transformer,152,0.486842,0.687803,0.70307,0.75,test,0.001554,0.644737,0.763158,0.391892,0.517857,0.115385,0.25
COVID-19,EURUSD,anomaly_transformer,152,0.486842,0.687803,0.70307,0.8,control,0.001764,0.638158,0.787879,0.351351,0.485981,0.089744,0.217105
COVID-19,EURUSD,anomaly_transformer,152,0.486842,0.687803,0.70307,0.8,test,0.002105,0.651316,0.83871,0.351351,0.495238,0.064103,0.203947
COVID-19,EURUSD,anomaly_transformer,152,0.486842,0.687803,0.70307,0.85,control,0.002032,0.651316,0.83871,0.351351,0.495238,0.064103,0.203947
COVID-19,EURUSD,anomaly_transformer,152,0.486842,0.687803,0.70307,0.85,test,0.003635,0.611842,0.826087,0.256757,0.391753,0.051282,0.151316
COVID-19,EURUSD,anomaly_transformer,152,0.486842,0.687803,0.70307,0.9,control,0.002954,0.618421,0.833333,0.27027,0.408163,0.051282,0.157895
COVID-19,EURUSD,anomaly_transformer,152,0.486842,0.687803,0.70307,0.9,test,0.006216,0.592105,0.875,0.189189,0.311111,0.025641,0.105263
COVID-19,EURUSD,anomaly_transformer,152,0.486842,0.687803,0.70307,0.95,control,0.005197,0.605263,0.888889,0.216216,0.347826,0.025641,0.118421
COVID-19,EURUSD,anomaly_transformer,152,0.486842,0.687803,0.70307,0.95,test,0.010195,0.552632,0.875,0.094595,0.170732,0.012821,0.052632
COVID-19,EURUSD,anomaly_transformer,152,0.486842,0.687803,0.70307,0.975,control,0.009203,0.552632,0.875,0.094595,0.170732,0.012821,0.052632
COVID-19,EURUSD,anomaly_transformer,152,0.486842,0.687803,0.70307,0.975,test,0.01354,0.526316,0.75,0.040541,0.076923,0.012821,0.026316
COVID-19,EURUSD,anomaly_transformer,152,0.486842,0.687803,0.70307,0.99,control,0.012612,0.546053,0.857143,0.081081,0.148148,0.012821,0.046053
COVID-19,EURUSD,anomaly_transformer,152,0.486842,0.687803,0.70307,0.99,test,0.023048,0.513158,0.5,0.013514,0.026316,0.012821,0.013158
COVID-19,EURUSD,autoencoder,152,0.486842,0.654886,0.589069,0.7,test,0.076593,0.565789,0.586957,0.364865,0.45,0.24359,0.302632
COVID-19,EURUSD,autoencoder,152,0.486842,0.654886,0.589069,0.75,test,0.087687,0.565789,0.605263,0.310811,0.410714,0.192308,0.25
COVID-19,EURUSD,autoencoder,152,0.486842,0.654886,0.589069,0.8,test,0.099981,0.546053,0.580645,0.243243,0.342857,0.166667,0.203947
COVID-19,EURUSD,autoencoder,152,0.486842,0.654886,0.589069,0.85,test,0.133635,0.546053,0.608696,0.189189,0.28866,0.115385,0.151316
COVID-19,EURUSD,autoencoder,152,0.486842,0.654886,0.589069,0.9,test,0.15266,0.526316,0.5625,0.121622,0.2,0.089744,0.105263
COVID-19,EURUSD,autoencoder,152,0.486842,0.654886,0.589069,0.95,test,0.177971,0.526316,0.625,0.067568,0.121951,0.038462,0.052632
COVID-19,EURUSD,autoencoder,152,0.486842,0.654886,0.589069,0.975,test,0.191105,0.513158,0.5,0.027027,0.051282,0.025641,0.026316
COVID-19,EURUSD,autoencoder,152,0.486842,0.654886,0.589069,0.99,test,0.19969,0.513158,0.5,0.013514,0.026316,0.012821,0.013158
COVID-19,EURUSD,cnn_autoencoder,152,0.486842,0.593035,0.562983,0.7,test,0.006121,0.5,0.478261,0.297297,0.366667,0.307692,0.302632
COVID-19,EURUSD,cnn_autoencoder,152,0.486842,0.593035,0.562983,0.75,test,0.0078,0.526316,0.526316,0.27027,0.357143,0.230769,0.25
COVID-19,EURUSD,cnn_autoencoder,152,0.486842,0.593035,0.562983,0.8,test,0.009308,0.519737,0.516129,0.216216,0.304762,0.192308,0.203947
COVID-19,EURUSD,cnn_autoencoder,152,0.486842,0.593035,0.562983,0.85,test,0.015382,0.506579,0.478261,0.148649,0.226804,0.153846,0.151316
COVID-19,EURUSD,cnn_autoencoder,152,0.486842,0.593035,0.562983,0.9,test,0.018356,0.526316,0.5625,0.121622,0.2,0.089744,0.105263
COVID-19,EURUSD,cnn_autoencoder,152,0.486842,0.593035,0.562983,0.95,test,0.02407,0.526316,0.625,0.067568,0.121951,0.038462,0.052632
COVID-19,EURUSD,cnn_autoencoder,152,0.486842,0.593035,0.562983,0.975,test,0.025186,0.526316,0.75,0.040541,0.076923,0.012821,0.026316
COVID-19,EURUSD,cnn_autoencoder,152,0.486842,0.593035,0.562983,0.99,test,0.027469,0.513158,0.5,0.013514,0.026316,0.012821,0.013158
COVID-19,EURUSD,dagmm,152,0.486842,0.363825,0.393914,0.7,control,-3.528515,0.421053,0.383333,0.310811,0.343284,0.474359,0.394737
COVID-19,EURUSD,dagmm,152,0.486842,0.363825,0.393914,0.7,test,-2.565479,0.434211,0.369565,0.22973,0.283333,0.371795,0.302632
COVID-19,EURUSD,dagmm,152,0.486842,0.363825,0.393914,0.75,control,-2.279564,0.414474,0.325581,0.189189,0.239316,0.371795,0.282895
COVID-19,EURUSD,dagmm,152,0.486842,0.363825,0.393914,0.75,test,-0.877802,0.394737,0.263158,0.135135,0.178571,0.358974,0.25
COVID-19,EURUSD,dagmm,152,0.486842,0.363825,0.393914,0.8,control,-1.134894,0.407895,0.3,0.162162,0.210526,0.358974,0.263158
COVID-19,EURUSD,dagmm,152,0.486842,0.363825,0.393914,0.8,test,0.912995,0.414474,0.258065,0.108108,0.152381,0.294872,0.203947
COVID-19,EURUSD,dagmm,152,0.486842,0.363825,0.393914,0.85,control,-0.092474,0.388158,0.228571,0.108108,0.146789,0.346154,0.230263
COVID-19,EURUSD,dagmm,152,0.486842,0.363825,0.393914,0.85,test,3.173873,0.375,0.043478,0.013514,0.020619,0.282051,0.151316
COVID-19,EURUSD,dagmm,152,0.486842,0.363825,0.393914,0.9,control,1.677318,0.388158,0.12,0.040541,0.060606,0.282051,0.164474
COVID-19,EURUSD,dagmm,152,0.486842,0.363825,0.393914,0.9,test,7.92007,0.421053,0.0625,0.013514,0.022222,0.192308,0.105263
COVID-19,EURUSD,dagmm,152,0.486842,0.363825,0.393914,0.95,control,5.793731,0.407895,0.055556,0.013514,0.021739,0.217949,0.118421
COVID-19,EURUSD,dagmm,152,0.486842,0.363825,0.393914,0.95,test,12.740822,0.460526,0.0,0.0,0.0,0.102564,0.052632
COVID-19,EURUSD,dagmm,152,0.486842,0.363825,0.393914,0.975,control,12.777149,0.460526,0.0,0.0,0.0,0.102564,0.052632
COVID-19,EURUSD,dagmm,152,0.486842,0.363825,0.393914,0.975,test,15.590914,0.486842,0.0,0.0,0.0,0.051282,0.026316
COVID-19,EURUSD,dagmm,152,0.486842,0.363825,0.393914,0.99,control,14.781292,0.473684,0.0,0.0,0.0,0.076923,0.039474
COVID-19,EURUSD,dagmm,152,0.486842,0.363825,0.393914,0.99,test,19.596016,0.5,0.0,0.0,0.0,0.025641,0.013158
COVID-19,EURUSD,deep_svdd,152,0.486842,0.617464,0.561186,0.7,control,0.000288,0.598684,0.560748,0.810811,0.662983,0.602564,0.703947
COVID-19,EURUSD,deep_svdd,152,0.486842,0.617464,0.561186,0.7,test,0.00053,0.539474,0.543478,0.337838,0.416667,0.269231,0.302632
COVID-19,EURUSD,deep_svdd,152,0.486842,0.617464,0.561186,0.75,control,0.000319,0.625,0.589474,0.756757,0.662722,0.5,0.625
COVID-19,EURUSD,deep_svdd,152,0.486842,0.617464,0.561186,0.75,test,0.000618,0.539474,0.552632,0.283784,0.375,0.217949,0.25
COVID-19,EURUSD,deep_svdd,152,0.486842,0.617464,0.561186,0.8,control,0.000353,0.611842,0.586207,0.689189,0.63354,0.461538,0.572368
COVID-19,EURUSD,deep_svdd,152,0.486842,0.617464,0.561186,0.8,test,0.000722,0.532895,0.548387,0.22973,0.32381,0.179487,0.203947
COVID-19,EURUSD,deep_svdd,152,0.486842,0.617464,0.561186,0.85,control,0.000419,0.578947,0.578125,0.5,0.536232,0.346154,0.421053
COVID-19,EURUSD,deep_svdd,152,0.486842,0.617464,0.561186,0.85,test,0.000821,0.532895,0.565217,0.175676,0.268041,0.128205,0.151316
COVID-19,EURUSD,deep_svdd,152,0.486842,0.617464,0.561186,0.9,control,0.000468,0.546053,0.54717,0.391892,0.456693,0.307692,0.348684
COVID-19,EURUSD,deep_svdd,152,0.486842,0.617464,0.561186,0.9,test,0.001042,0.526316,0.5625,0.121622,0.2,0.089744,0.105263
COVID-19,EURUSD,deep_svdd,152,0.486842,0.617464,0.561186,0.95,control,0.000534,0.546053,0.555556,0.337838,0.420168,0.25641,0.296053
COVID-19,EURUSD,deep_svdd,152,0.486842,0.617464,0.561186,0.95,test,0.00131,0.5,0.375,0.040541,0.073171,0.064103,0.052632
COVID-19,EURUSD,deep_svdd,152,0.486842,0.617464,0.561186,0.975,control,0.000576,0.546053,0.560976,0.310811,0.4,0.230769,0.269737
COVID-19,EURUSD,deep_svdd,152,0.486842,0.617464,0.561186,0.975,test,0.001612,0.513158,0.5,0.027027,0.051282,0.025641,0.026316
COVID-19,EURUSD,deep_svdd,152,0.486842,0.617464,0.561186,0.99,control,0.000698,0.526316,0.53125,0.22973,0.320755,0.192308,0.210526
COVID-19,EURUSD,deep_svdd,152,0.486842,0.617464,0.561186,0.99,test,0.001833,0.513158,0.5,0.013514,0.026316,0.012821,0.013158
COVID-19,EURUSD,hybrid2,152,0.486842,0.556133,0.490508,0.7,control,0.149828,0.611842,0.567568,0.851351,0.681081,0.615385,0.730263
COVID-19,EURUSD,hybrid2,152,0.486842,0.556133,0.490508,0.7,test,0.229012,0.513158,0.5,0.310811,0.383333,0.294872,0.302632
COVID-19,EURUSD,hybrid2,152,0.486842,0.556133,0.490508,0.75,control,0.156685,0.585526,0.551402,0.797297,0.651934,0.615385,0.703947
COVID-19,EURUSD,hybrid2,152,0.486842,0.556133,0.490508,0.75,test,0.251862,0.513158,0.5,0.256757,0.339286,0.24359,0.25
COVID-19,EURUSD,hybrid2,152,0.486842,0.556133,0.490508,0.8,control,0.165479,0.565789,0.54,0.72973,0.62069,0.589744,0.657895
COVID-19,EURUSD,hybrid2,152,0.486842,0.556133,0.490508,0.8,test,0.25919,0.480263,0.419355,0.175676,0.247619,0.230769,0.203947
COVID-19,EURUSD,hybrid2,152,0.486842,0.556133,0.490508,0.85,control,0.177757,0.519737,0.505495,0.621622,0.557576,0.576923,0.598684
COVID-19,EURUSD,hybrid2,152,0.486842,0.556133,0.490508,0.85,test,0.278704,0.493421,0.434783,0.135135,0.206186,0.166667,0.151316
COVID-19,EURUSD,hybrid2,152,0.486842,0.556133,0.490508,0.9,control,0.198462,0.513158,0.5,0.513514,0.506667,0.487179,0.5
COVID-19,EURUSD,hybrid2,152,0.486842,0.556133,0.490508,0.9,test,0.293006,0.473684,0.3125,0.067568,0.111111,0.141026,0.105263
COVID-19,EURUSD,hybrid2,152,0.486842,0.556133,0.490508,0.95,control,0.243971,0.506579,0.487805,0.27027,0.347826,0.269231,0.269737
COVID-19,EURUSD,hybrid2,152,0.486842,0.556133,0.490508,0.95,test,0.313853,0.473684,0.125,0.013514,0.02439,0.089744,0.052632
COVID-19,EURUSD,hybrid2,152,0.486842,0.556133,0.490508,0.975,control,0.262981,0.493421,0.448276,0.175676,0.252427,0.205128,0.190789
COVID-19,EURUSD,hybrid2,152,0.486842,0.556133,0.490508,0.975,test,0.338487,0.486842,0.0,0.0,0.0,0.051282,0.026316
COVID-19,EURUSD,hybrid2,152,0.486842,0.556133,0.490508,0.99,control,0.347042,0.486842,0.0,0.0,0.0,0.051282,0.026316
COVID-19,EURUSD,hybrid2,152,0.486842,0.556133,0.490508,0.99,test,0.367897,0.5,0.0,0.0,0.0,0.025641,0.013158
COVID-19,EURUSD,isolation_forest,152,0.486842,0.585586,0.546255,0.7,control,0.525589,0.546053,0.545455,0.405405,0.465116,0.320513,0.361842
COVID-19,EURUSD,isolation_forest,152,0.486842,0.585586,0.546255,0.7,test,0.531699,0.552632,0.565217,0.351351,0.433333,0.25641,0.302632
COVID-19,EURUSD,isolation_forest,152,0.486842,0.585586,0.546255,0.75,control,0.532527,0.539474,0.545455,0.324324,0.40678,0.25641,0.289474
COVID-19,EURUSD,isolation_forest,152,0.486842,0.585586,0.546255,0.75,test,0.535758,0.513158,0.5,0.256757,0.339286,0.24359,0.25
COVID-19,EURUSD,isolation_forest,152,0.486842,0.585586,0.546255,0.8,control,0.538408,0.519737,0.514286,0.243243,0.330275,0.217949,0.230263
COVID-19,EURUSD,isolation_forest,152,0.486842,0.585586,0.546255,0.8,test,0.541879,0.519737,0.516129,0.216216,0.304762,0.192308,0.203947
COVID-19,EURUSD,isolation_forest,152,0.486842,0.585586,0.546255,0.85,control,0.541069,0.513158,0.5,0.216216,0.301887,0.205128,0.210526
COVID-19,EURUSD,isolation_forest,152,0.486842,0.585586,0.546255,0.85,test,0.554684,0.546053,0.608696,0.189189,0.28866,0.115385,0.151316
COVID-19,EURUSD,isolation_forest,152,0.486842,0.585586,0.546255,0.9,control,0.548158,0.526316,0.535714,0.202703,0.294118,0.166667,0.184211
COVID-19,EURUSD,isolation_forest,152,0.486842,0.585586,0.546255,0.9,test,0.565984,0.513158,0.5,0.108108,0.177778,0.102564,0.105263
COVID-19,EURUSD,isolation_forest,152,0.486842,0.585586,0.546255,0.95,control,0.55841,0.532895,0.571429,0.162162,0.252632,0.115385,0.138158
COVID-19,EURUSD,isolation_forest,152,0.486842,0.585586,0.546255,0.95,test,0.577721,0.513158,0.5,0.054054,0.097561,0.051282,0.052632
COVID-19,EURUSD,isolation_forest,152,0.486842,0.585586,0.546255,0.975,control,0.568499,0.5,0.428571,0.081081,0.136364,0.102564,0.092105
COVID-19,EURUSD,isolation_forest,152,0.486842,0.585586,0.546255,0.975,test,0.582328,0.513158,0.5,0.027027,0.051282,0.025641,0.026316
COVID-19,EURUSD,isolation_forest,152,0.486842,0.585586,0.546255,0.99,control,0.57542,0.506579,0.444444,0.054054,0.096386,0.064103,0.059211
COVID-19,EURUSD,isolation_forest,152,0.486842,0.585586,0.546255,0.99,test,0.585112,0.513158,0.5,0.013514,0.026316,0.012821,0.013158
COVID-19,EURUSD,omnianomaly,152,0.486842,0.473666,0.436539,0.7,control,0.268266,0.546053,0.518797,0.932432,0.666667,0.820513,0.875
COVID-19,EURUSD,omnianomaly,152,0.486842,0.473666,0.436539,0.7,test,0.402872,0.447368,0.391304,0.243243,0.3,0.358974,0.302632
COVID-19,EURUSD,omnianomaly,152,0.486842,0.473666,0.436539,0.75,control,0.287811,0.532895,0.513274,0.783784,0.620321,0.705128,0.743421
COVID-19,EURUSD,omnianomaly,152,0.486842,0.473666,0.436539,0.75,test,0.411019,0.407895,0.289474,0.148649,0.196429,0.346154,0.25
COVID-19,EURUSD,omnianomaly,152,0.486842,0.473666,0.436539,0.8,control,0.31251,0.506579,0.494845,0.648649,0.561404,0.628205,0.638158
COVID-19,EURUSD,omnianomaly,152,0.486842,0.473666,0.436539,0.8,test,0.425664,0.375,0.16129,0.067568,0.095238,0.333333,0.203947
COVID-19,EURUSD,omnianomaly,152,0.486842,0.473666,0.436539,0.85,control,0.332815,0.532895,0.518072,0.581081,0.547771,0.512821,0.546053
COVID-19,EURUSD,omnianomaly,152,0.486842,0.473666,0.436539,0.85,test,0.452573,0.388158,0.086957,0.027027,0.041237,0.269231,0.151316
COVID-19,EURUSD,omnianomaly,152,0.486842,0.473666,0.436539,0.9,control,0.344708,0.513158,0.5,0.513514,0.506667,0.487179,0.5
COVID-19,EURUSD,omnianomaly,152,0.486842,0.473666,0.436539,0.9,test,0.475484,0.407895,0.0,0.0,0.0,0.205128,0.105263
COVID-19,EURUSD,omnianomaly,152,0.486842,0.473666,0.436539,0.95,control,0.364838,0.526316,0.515152,0.459459,0.485714,0.410256,0.434211
COVID-19,EURUSD,omnianomaly,152,0.486842,0.473666,0.436539,0.95,test,0.507188,0.460526,0.0,0.0,0.0,0.102564,0.052632
COVID-19,EURUSD,omnianomaly,152,0.486842,0.473666,0.436539,0.975,control,0.378319,0.526316,0.515625,0.445946,0.478261,0.397436,0.421053
COVID-19,EURUSD,omnianomaly,152,0.486842,0.473666,0.436539,0.975,test,0.547953,0.486842,0.0,0.0,0.0,0.051282,0.026316
COVID-19,EURUSD,omnianomaly,152,0.486842,0.473666,0.436539,0.99,control,0.391287,0.480263,0.454545,0.337838,0.387597,0.384615,0.361842
COVID-19,EURUSD,omnianomaly,152,0.486842,0.473666,0.436539,0.99,test,0.553742,0.5,0.0,0.0,0.0,0.025641,0.013158
COVID-19,EURUSD,one_class_svm,152,0.486842,0.458766,0.455782,0.7,control,-0.100741,0.460526,0.413043,0.256757,0.316667,0.346154,0.302632
COVID-19,EURUSD,one_class_svm,152,0.486842,0.458766,0.455782,0.7,test,-0.084982,0.460526,0.413043,0.256757,0.316667,0.346154,0.302632
COVID-19,EURUSD,one_class_svm,152,0.486842,0.458766,0.455782,0.75,control,0.029074,0.447368,0.375,0.202703,0.263158,0.320513,0.263158
COVID-19,EURUSD,one_class_svm,152,0.486842,0.458766,0.455782,0.75,test,0.077273,0.460526,0.394737,0.202703,0.267857,0.294872,0.25
COVID-19,EURUSD,one_class_svm,152,0.486842,0.458766,0.455782,0.8,control,0.110442,0.467105,0.405405,0.202703,0.27027,0.282051,0.243421
COVID-19,EURUSD,one_class_svm,152,0.486842,0.458766,0.455782,0.8,test,0.220655,0.440789,0.322581,0.135135,0.190476,0.269231,0.203947
COVID-19,EURUSD,one_class_svm,152,0.486842,0.458766,0.455782,0.85,control,0.225965,0.434211,0.3,0.121622,0.173077,0.269231,0.197368
COVID-19,EURUSD,one_class_svm,152,0.486842,0.458766,0.455782,0.85,test,0.280823,0.467105,0.347826,0.108108,0.164948,0.192308,0.151316
COVID-19,EURUSD,one_class_svm,152,0.486842,0.458766,0.455782,0.9,control,0.426116,0.480263,0.352941,0.081081,0.131868,0.141026,0.111842
COVID-19,EURUSD,one_class_svm,152,0.486842,0.458766,0.455782,0.9,test,0.448577,0.473684,0.3125,0.067568,0.111111,0.141026,0.105263
COVID-19,EURUSD,one_class_svm,152,0.486842,0.458766,0.455782,0.95,control,0.734255,0.506579,0.4,0.027027,0.050633,0.038462,0.032895
COVID-19,EURUSD,one_class_svm,152,0.486842,0.458766,0.455782,0.95,test,0.585794,0.5,0.375,0.040541,0.073171,0.064103,0.052632
COVID-19,EURUSD,one_class_svm,152,0.486842,0.458766,0.455782,0.975,control,0.881573,0.5,0.25,0.013514,0.025641,0.038462,0.026316
COVID-19,EURUSD,one_class_svm,152,0.486842,0.458766,0.455782,0.975,test,0.798538,0.5,0.25,0.013514,0.025641,0.038462,0.026316
COVID-19,EURUSD,one_class_svm,152,0.486842,0.458766,0.455782,0.99,control,0.928465,0.506579,0.333333,0.013514,0.025974,0.025641,0.019737
COVID-19,EURUSD,one_class_svm,152,0.486842,0.458766,0.455782,0.99,test,0.989661,0.513158,0.5,0.013514,0.026316,0.012821,0.013158
COVID-19,EURUSD,standalone_fanogan,152,0.486842,0.556133,0.490508,0.7,control,0.149828,0.611842,0.567568,0.851351,0.681081,0.615385,0.730263
COVID-19,EURUSD,standalone_fanogan,152,0.486842,0.556133,0.490508,0.7,test,0.229012,0.513158,0.5,0.310811,0.383333,0.294872,0.302632
COVID-19,EURUSD,standalone_fanogan,152,0.486842,0.556133,0.490508,0.75,control,0.156685,0.585526,0.551402,0.797297,0.651934,0.615385,0.703947
COVID-19,EURUSD,standalone_fanogan,152,0.486842,0.556133,0.490508,0.75,test,0.251862,0.513158,0.5,0.256757,0.339286,0.24359,0.25
COVID-19,EURUSD,standalone_fanogan,152,0.486842,0.556133,0.490508,0.8,control,0.165479,0.565789,0.54,0.72973,0.62069,0.589744,0.657895
COVID-19,EURUSD,standalone_fanogan,152,0.486842,0.556133,0.490508,0.8,test,0.25919,0.480263,0.419355,0.175676,0.247619,0.230769,0.203947
COVID-19,EURUSD,standalone_fanogan,152,0.486842,0.556133,0.490508,0.85,control,0.177757,0.519737,0.505495,0.621622,0.557576,0.576923,0.598684
COVID-19,EURUSD,standalone_fanogan,152,0.486842,0.556133,0.490508,0.85,test,0.278704,0.493421,0.434783,0.135135,0.206186,0.166667,0.151316
COVID-19,EURUSD,standalone_fanogan,152,0.486842,0.556133,0.490508,0.9,control,0.198462,0.513158,0.5,0.513514,0.506667,0.487179,0.5
COVID-19,EURUSD,standalone_fanogan,152,0.486842,0.556133,0.490508,0.9,test,0.293006,0.473684,0.3125,0.067568,0.111111,0.141026,0.105263
COVID-19,EURUSD,standalone_fanogan,152,0.486842,0.556133,0.490508,0.95,control,0.243971,0.506579,0.487805,0.27027,0.347826,0.269231,0.269737
COVID-19,EURUSD,standalone_fanogan,152,0.486842,0.556133,0.490508,0.95,test,0.313853,0.473684,0.125,0.013514,0.02439,0.089744,0.052632
COVID-19,EURUSD,standalone_fanogan,152,0.486842,0.556133,0.490508,0.975,control,0.262981,0.493421,0.448276,0.175676,0.252427,0.205128,0.190789
COVID-19,EURUSD,standalone_fanogan,152,0.486842,0.556133,0.490508,0.975,test,0.338487,0.486842,0.0,0.0,0.0,0.051282,0.026316
COVID-19,EURUSD,standalone_fanogan,152,0.486842,0.556133,0.490508,0.99,control,0.347042,0.486842,0.0,0.0,0.0,0.051282,0.026316
COVID-19,EURUSD,standalone_fanogan,152,0.486842,0.556133,0.490508,0.99,test,0.367897,0.5,0.0,0.0,0.0,0.025641,0.013158
COVID-19,EURUSD,tranad,152,0.486842,0.690229,0.65986,0.7,control,0.018821,0.486842,0.486842,1.0,0.654867,1.0,1.0
COVID-19,EURUSD,tranad,152,0.486842,0.690229,0.65986,0.7,test,0.093724,0.605263,0.652174,0.405405,0.5,0.205128,0.302632
COVID-19,EURUSD,tranad,152,0.486842,0.690229,0.65986,0.75,control,0.020327,0.486842,0.486842,1.0,0.654867,1.0,1.0
COVID-19,EURUSD,tranad,152,0.486842,0.690229,0.65986,0.75,test,0.103045,0.578947,0.631579,0.324324,0.428571,0.179487,0.25
COVID-19,EURUSD,tranad,152,0.486842,0.690229,0.65986,0.8,control,0.022042,0.486842,0.486842,1.0,0.654867,1.0,1.0
COVID-19,EURUSD,tranad,152,0.486842,0.690229,0.65986,0.8,test,0.117815,0.572368,0.645161,0.27027,0.380952,0.141026,0.203947
COVID-19,EURUSD,tranad,152,0.486842,0.690229,0.65986,0.85,control,0.023644,0.486842,0.486842,1.0,0.654867,1.0,1.0
COVID-19,EURUSD,tranad,152,0.486842,0.690229,0.65986,0.85,test,0.130997,0.559211,0.652174,0.202703,0.309278,0.102564,0.151316
COVID-19,EURUSD,tranad,152,0.486842,0.690229,0.65986,0.9,control,0.026876,0.486842,0.486842,1.0,0.654867,1.0,1.0
COVID-19,EURUSD,tranad,152,0.486842,0.690229,0.65986,0.9,test,0.138132,0.565789,0.75,0.162162,0.266667,0.051282,0.105263
COVID-19,EURUSD,tranad,152,0.486842,0.690229,0.65986,0.95,control,0.029816,0.486842,0.486842,1.0,0.654867,1.0,1.0
COVID-19,EURUSD,tranad,152,0.486842,0.690229,0.65986,0.95,test,0.17885,0.552632,0.875,0.094595,0.170732,0.012821,0.052632
COVID-19,EURUSD,tranad,152,0.486842,0.690229,0.65986,0.975,control,0.031949,0.486842,0.486842,1.0,0.654867,1.0,1.0
COVID-19,EURUSD,tranad,152,0.486842,0.690229,0.65986,0.975,test,0.184451,0.526316,0.75,0.040541,0.076923,0.012821,0.026316
COVID-19,EURUSD,tranad,152,0.486842,0.690229,0.65986,0.99,control,0.033975,0.493421,0.490066,1.0,0.657778,0.987179,0.993421
COVID-19,EURUSD,tranad,152,0.486842,0.690229,0.65986,0.99,test,0.188086,0.513158,0.5,0.013514,0.026316,0.012821,0.013158
COVID-19,EURUSD,usad,152,0.486842,0.435031,0.423303,0.7,control,1.379179,0.401316,0.0,0.0,0.0,0.217949,0.111842
COVID-19,EURUSD,usad,152,0.486842,0.435031,0.423303,0.7,test,1.320494,0.447368,0.391304,0.243243,0.3,0.358974,0.302632
COVID-19,EURUSD,usad,152,0.486842,0.435031,0.423303,0.75,control,1.400719,0.407895,0.0,0.0,0.0,0.205128,0.105263
COVID-19,EURUSD,usad,152,0.486842,0.435031,0.423303,0.75,test,1.329626,0.434211,0.342105,0.175676,0.232143,0.320513,0.25
COVID-19,EURUSD,usad,152,0.486842,0.435031,0.423303,0.8,control,1.44814,0.427632,0.0,0.0,0.0,0.166667,0.085526
COVID-19,EURUSD,usad,152,0.486842,0.435031,0.423303,0.8,test,1.338476,0.414474,0.258065,0.108108,0.152381,0.294872,0.203947
COVID-19,EURUSD,usad,152,0.486842,0.435031,0.423303,0.85,control,1.464146,0.440789,0.0,0.0,0.0,0.141026,0.072368
COVID-19,EURUSD,usad,152,0.486842,0.435031,0.423303,0.85,test,1.345776,0.401316,0.130435,0.040541,0.061856,0.25641,0.151316
COVID-19,EURUSD,usad,152,0.486842,0.435031,0.423303,0.9,control,1.499794,0.460526,0.0,0.0,0.0,0.102564,0.052632
COVID-19,EURUSD,usad,152,0.486842,0.435031,0.423303,0.9,test,1.404351,0.407895,0.0,0.0,0.0,0.205128,0.105263
COVID-19,EURUSD,usad,152,0.486842,0.435031,0.423303,0.95,control,1.551628,0.486842,0.0,0.0,0.0,0.051282,0.026316
COVID-19,EURUSD,usad,152,0.486842,0.435031,0.423303,0.95,test,1.498476,0.460526,0.0,0.0,0.0,0.102564,0.052632
COVID-19,EURUSD,usad,152,0.486842,0.435031,0.423303,0.975,control,1.565285,0.493421,0.0,0.0,0.0,0.038462,0.019737
COVID-19,EURUSD,usad,152,0.486842,0.435031,0.423303,0.975,test,1.540798,0.486842,0.0,0.0,0.0,0.051282,0.026316
COVID-19,EURUSD,usad,152,0.486842,0.435031,0.423303,0.99,control,1.581778,0.506579,0.0,0.0,0.0,0.012821,0.006579
COVID-19,EURUSD,usad,152,0.486842,0.435031,0.423303,0.99,test,1.577948,0.5,0.0,0.0,0.0,0.025641,0.013158
COVID-19,EURUSD,vae,152,0.486842,0.64501,0.631972,0.7,test,0.359637,0.565789,0.586957,0.364865,0.45,0.24359,0.302632
COVID-19,EURUSD,vae,152,0.486842,0.64501,0.631972,0.75,test,0.373687,0.565789,0.605263,0.310811,0.410714,0.192308,0.25
COVID-19,EURUSD,vae,152,0.486842,0.64501,0.631972,0.8,test,0.392585,0.559211,0.612903,0.256757,0.361905,0.153846,0.203947
COVID-19,EURUSD,vae,152,0.486842,0.64501,0.631972,0.85,test,0.407636,0.559211,0.652174,0.202703,0.309278,0.102564,0.151316
COVID-19,EURUSD,vae,152,0.486842,0.64501,0.631972,0.9,test,0.416604,0.552632,0.6875,0.148649,0.244444,0.064103,0.105263
COVID-19,EURUSD,vae,152,0.486842,0.64501,0.631972,0.95,test,0.464492,0.552632,0.875,0.094595,0.170732,0.012821,0.052632
COVID-19,EURUSD,vae,152,0.486842,0.64501,0.631972,0.975,test,0.511424,0.526316,0.75,0.040541,0.076923,0.012821,0.026316
COVID-19,EURUSD,vae,152,0.486842,0.64501,0.631972,0.99,test,0.587298,0.526316,1.0,0.027027,0.052632,0.0,0.013158
Russia-Ukraine,USOIL,anomaly_transformer,125,0.52,0.873333,0.924021,0.7,control,8.4e-05,0.872,0.915254,0.830769,0.870968,0.083333,0.472
Russia-Ukraine,USOIL,anomaly_transformer,125,0.52,0.873333,0.924021,0.7,test,0.002665,0.784,1.0,0.584615,0.737864,0.0,0.304
Russia-Ukraine,USOIL,anomaly_transformer,125,0.52,0.873333,0.924021,0.75,control,0.000398,0.856,0.960784,0.753846,0.844828,0.033333,0.408
Russia-Ukraine,USOIL,anomaly_transformer,125,0.52,0.873333,0.924021,0.75,test,0.00379,0.728,1.0,0.476923,0.645833,0.0,0.248
Russia-Ukraine,USOIL,anomaly_transformer,125,0.52,0.873333,0.924021,0.8,control,0.002495,0.792,1.0,0.6,0.75,0.0,0.312
Russia-Ukraine,USOIL,anomaly_transformer,125,0.52,0.873333,0.924021,0.8,test,0.00497,0.68,1.0,0.384615,0.555556,0.0,0.2
Russia-Ukraine,USOIL,anomaly_transformer,125,0.52,0.873333,0.924021,0.85,control,0.006235,0.616,1.0,0.261538,0.414634,0.0,0.136
Russia-Ukraine,USOIL,anomaly_transformer,125,0.52,0.873333,0.924021,0.85,test,0.005848,0.632,1.0,0.292308,0.452381,0.0,0.152
Russia-Ukraine,USOIL,anomaly_transformer,125,0.52,0.873333,0.924021,0.9,control,0.009815,0.512,1.0,0.061538,0.115942,0.0,0.032
Russia-Ukraine,USOIL,anomaly_transformer,125,0.52,0.873333,0.924021,0.9,test,0.006678,0.584,1.0,0.2,0.333333,0.0,0.104
Russia-Ukraine,USOIL,anomaly_transformer,125,0.52,0.873333,0.924021,0.95,control,0.015011,0.488,1.0,0.015385,0.030303,0.0,0.008
Russia-Ukraine,USOIL,anomaly_transformer,125,0.52,0.873333,0.924021,0.95,test,0.008262,0.536,1.0,0.107692,0.194444,0.0,0.056
Russia-Ukraine,USOIL,anomaly_transformer,125,0.52,0.873333,0.924021,0.975,control,0.023053,0.488,1.0,0.015385,0.030303,0.0,0.008
Russia-Ukraine,USOIL,anomaly_transformer,125,0.52,0.873333,0.924021,0.975,test,0.010187,0.512,1.0,0.061538,0.115942,0.0,0.032
Russia-Ukraine,USOIL,anomaly_transformer,125,0.52,0.873333,0.924021,0.99,control,0.027176,0.488,1.0,0.015385,0.030303,0.0,0.008
Russia-Ukraine,USOIL,anomaly_transformer,125,0.52,0.873333,0.924021,0.99,test,0.013379,0.496,1.0,0.030769,0.059701,0.0,0.016
Russia-Ukraine,USOIL,autoencoder,125,0.52,0.841538,0.895001,0.7,control,0.121725,0.68,1.0,0.384615,0.555556,0.0,0.2
Russia-Ukraine,USOIL,autoencoder,125,0.52,0.841538,0.895001,0.7,test,0.093757,0.784,1.0,0.584615,0.737864,0.0,0.304
Russia-Ukraine,USOIL,autoencoder,125,0.52,0.841538,0.895001,0.75,control,0.139078,0.624,1.0,0.276923,0.433735,0.0,0.144
Russia-Ukraine,USOIL,autoencoder,125,0.52,0.841538,0.895001,0.75,test,0.103399,0.728,1.0,0.476923,0.645833,0.0,0.248
Russia-Ukraine,USOIL,autoencoder,125,0.52,0.841538,0.895001,0.8,control,0.182935,0.536,1.0,0.107692,0.194444,0.0,0.056
Russia-Ukraine,USOIL,autoencoder,125,0.52,0.841538,0.895001,0.8,test,0.120284,0.68,1.0,0.384615,0.555556,0.0,0.2
Russia-Ukraine,USOIL,autoencoder,125,0.52,0.841538,0.895001,0.85,control,0.246574,0.48,0.0,0.0,0.0,0.0,0.0
Russia-Ukraine,USOIL,autoencoder,125,0.52,0.841538,0.895001,0.85,test,0.132572,0.632,1.0,0.292308,0.452381,0.0,0.152
Russia-Ukraine,USOIL,autoencoder,125,0.52,0.841538,0.895001,0.9,control,0.281677,0.48,0.0,0.0,0.0,0.0,0.0
Russia-Ukraine,USOIL,autoencoder,125,0.52,0.841538,0.895001,0.9,test,0.158925,0.584,1.0,0.2,0.333333,0.0,0.104
Russia-Ukraine,USOIL,autoencoder,125,0.52,0.841538,0.895001,0.95,control,0.369417,0.48,0.0,0.0,0.0,0.0,0.0
Russia-Ukraine,USOIL,autoencoder,125,0.52,0.841538,0.895001,0.95,test,0.184539,0.536,1.0,0.107692,0.194444,0.0,0.056
Russia-Ukraine,USOIL,autoencoder,125,0.52,0.841538,0.895001,0.975,control,0.512833,0.48,0.0,0.0,0.0,0.0,0.0
Russia-Ukraine,USOIL,autoencoder,125,0.52,0.841538,0.895001,0.975,test,0.195232,0.512,1.0,0.061538,0.115942,0.0,0.032
Russia-Ukraine,USOIL,autoencoder,125,0.52,0.841538,0.895001,0.99,control,0.542555,0.48,0.0,0.0,0.0,0.0,0.0
Russia-Ukraine,USOIL,autoencoder,125,0.52,0.841538,0.895001,0.99,test,0.19665,0.496,1.0,0.030769,0.059701,0.0,0.016
Russia-Ukraine,USOIL,cnn_autoencoder,125,0.52,0.714359,0.7191,0.7,control,0.013651,0.528,0.8,0.123077,0.213333,0.033333,0.08
Russia-Ukraine,USOIL,cnn_autoencoder,125,0.52,0.714359,0.7191,0.7,test,0.007699,0.608,0.710526,0.415385,0.524272,0.183333,0.304
Russia-Ukraine,USOIL,cnn_autoencoder,125,0.52,0.714359,0.7191,0.75,control,0.014786,0.52,0.777778,0.107692,0.189189,0.033333,0.072
Russia-Ukraine,USOIL,cnn_autoencoder,125,0.52,0.714359,0.7191,0.75,test,0.008139,0.584,0.709677,0.338462,0.458333,0.15,0.248
Russia-Ukraine,USOIL,cnn_autoencoder,125,0.52,0.714359,0.7191,0.8,control,0.020076,0.504,1.0,0.046154,0.088235,0.0,0.024
Russia-Ukraine,USOIL,cnn_autoencoder,125,0.52,0.714359,0.7191,0.8,test,0.009395,0.568,0.72,0.276923,0.4,0.116667,0.2
Russia-Ukraine,USOIL,cnn_autoencoder,125,0.52,0.714359,0.7191,0.85,control,0.023029,0.504,1.0,0.046154,0.088235,0.0,0.024
Russia-Ukraine,USOIL,cnn_autoencoder,125,0.52,0.714359,0.7191,0.85,test,0.010089,0.568,0.789474,0.230769,0.357143,0.066667,0.152
Russia-Ukraine,USOIL,cnn_autoencoder,125,0.52,0.714359,0.7191,0.9,control,0.028847,0.504,1.0,0.046154,0.088235,0.0,0.024
Russia-Ukraine,USOIL,cnn_autoencoder,125,0.52,0.714359,0.7191,0.9,test,0.011405,0.552,0.846154,0.169231,0.282051,0.033333,0.104
Russia-Ukraine,USOIL,cnn_autoencoder,125,0.52,0.714359,0.7191,0.95,control,0.033712,0.504,1.0,0.046154,0.088235,0.0,0.024
Russia-Ukraine,USOIL,cnn_autoencoder,125,0.52,0.714359,0.7191,0.95,test,0.015945,0.52,0.857143,0.092308,0.166667,0.016667,0.056
Russia-Ukraine,USOIL,cnn_autoencoder,125,0.52,0.714359,0.7191,0.975,control,0.035896,0.496,1.0,0.030769,0.059701,0.0,0.016
Russia-Ukraine,USOIL,cnn_autoencoder,125,0.52,0.714359,0.7191,0.975,test,0.019063,0.496,0.75,0.046154,0.086957,0.016667,0.032
Russia-Ukraine,USOIL,cnn_autoencoder,125,0.52,0.714359,0.7191,0.99,control,0.042116,0.48,0.0,0.0,0.0,0.0,0.0
Russia-Ukraine,USOIL,cnn_autoencoder,125,0.52,0.714359,0.7191,0.99,test,0.03746,0.496,1.0,0.030769,0.059701,0.0,0.016
Russia-Ukraine,USOIL,dagmm,125,0.52,0.764359,0.836435,0.7,control,-1.345261,0.64,0.954545,0.323077,0.482759,0.016667,0.176
Russia-Ukraine,USOIL,dagmm,125,0.52,0.764359,0.836435,0.7,test,-3.812504,0.736,0.921053,0.538462,0.679612,0.05,0.304
Russia-Ukraine,USOIL,dagmm,125,0.52,0.764359,0.836435,0.75,control,-0.018941,0.576,1.0,0.184615,0.311688,0.0,0.096
Russia-Ukraine,USOIL,dagmm,125,0.52,0.764359,0.836435,0.75,test,-3.099244,0.696,0.935484,0.446154,0.604167,0.033333,0.248
Russia-Ukraine,USOIL,dagmm,125,0.52,0.764359,0.836435,0.8,control,2.029581,0.536,1.0,0.107692,0.194444,0.0,0.056
Russia-Ukraine,USOIL,dagmm,125,0.52,0.764359,0.836435,0.8,test,-1.971419,0.664,0.96,0.369231,0.533333,0.016667,0.2
Russia-Ukraine,USOIL,dagmm,125,0.52,0.764359,0.836435,0.85,control,4.370696,0.488,1.0,0.015385,0.030303,0.0,0.008
Russia-Ukraine,USOIL,dagmm,125,0.52,0.764359,0.836435,0.85,test,-1.075438,0.632,1.0,0.292308,0.452381,0.0,0.152
Russia-Ukraine,USOIL,dagmm,125,0.52,0.764359,0.836435,0.9,control,8.042985,0.488,1.0,0.015385,0.030303,0.0,0.008
Russia-Ukraine,USOIL,dagmm,125,0.52,0.764359,0.836435,0.9,test,-0.071782,0.584,1.0,0.2,0.333333,0.0,0.104
Russia-Ukraine,USOIL,dagmm,125,0.52,0.764359,0.836435,0.95,control,18.745757,0.48,0.0,0.0,0.0,0.0,0.0
Russia-Ukraine,USOIL,dagmm,125,0.52,0.764359,0.836435,0.95,test,2.097576,0.536,1.0,0.107692,0.194444,0.0,0.056
Russia-Ukraine,USOIL,dagmm,125,0.52,0.764359,0.836435,0.975,control,24.168897,0.48,0.0,0.0,0.0,0.0,0.0
Russia-Ukraine,USOIL,dagmm,125,0.52,0.764359,0.836435,0.975,test,2.55745,0.512,1.0,0.061538,0.115942,0.0,0.032
Russia-Ukraine,USOIL,dagmm,125,0.52,0.764359,0.836435,0.99,control,25.056254,0.48,0.0,0.0,0.0,0.0,0.0
Russia-Ukraine,USOIL,dagmm,125,0.52,0.764359,0.836435,0.99,test,2.720949,0.496,1.0,0.030769,0.059701,0.0,0.016
Russia-Ukraine,USOIL,deep_svdd,125,0.52,0.794872,0.797094,0.7,control,0.000646,0.712,0.754386,0.661538,0.704918,0.233333,0.456
Russia-Ukraine,USOIL,deep_svdd,125,0.52,0.794872,0.797094,0.7,test,0.000822,0.672,0.815789,0.476923,0.601942,0.116667,0.304
Russia-Ukraine,USOIL,deep_svdd,125,0.52,0.794872,0.797094,0.75,control,0.000749,0.704,0.791667,0.584615,0.672566,0.166667,0.384
Russia-Ukraine,USOIL,deep_svdd,125,0.52,0.794872,0.797094,0.75,test,0.000874,0.648,0.83871,0.4,0.541667,0.083333,0.248
Russia-Ukraine,USOIL,deep_svdd,125,0.52,0.794872,0.797094,0.8,control,0.000813,0.672,0.815789,0.476923,0.601942,0.116667,0.304
Russia-Ukraine,USOIL,deep_svdd,125,0.52,0.794872,0.797094,0.8,test,0.000919,0.616,0.84,0.323077,0.466667,0.066667,0.2
Russia-Ukraine,USOIL,deep_svdd,125,0.52,0.794872,0.797094,0.85,control,0.000844,0.664,0.828571,0.446154,0.58,0.1,0.28
Russia-Ukraine,USOIL,deep_svdd,125,0.52,0.794872,0.797094,0.85,test,0.001043,0.6,0.894737,0.261538,0.404762,0.033333,0.152
Russia-Ukraine,USOIL,deep_svdd,125,0.52,0.794872,0.797094,0.9,control,0.00096,0.608,0.833333,0.307692,0.449438,0.066667,0.192
Russia-Ukraine,USOIL,deep_svdd,125,0.52,0.794872,0.797094,0.9,test,0.001222,0.568,0.923077,0.184615,0.307692,0.016667,0.104
Russia-Ukraine,USOIL,deep_svdd,125,0.52,0.794872,0.797094,0.95,control,0.001067,0.6,0.941176,0.246154,0.390244,0.016667,0.136
Russia-Ukraine,USOIL,deep_svdd,125,0.52,0.794872,0.797094,0.95,test,0.001436,0.52,0.857143,0.092308,0.166667,0.016667,0.056
Russia-Ukraine,USOIL,deep_svdd,125,0.52,0.794872,0.797094,0.975,control,0.001212,0.576,0.928571,0.2,0.329114,0.016667,0.112
Russia-Ukraine,USOIL,deep_svdd,125,0.52,0.794872,0.797094,0.975,test,0.001515,0.496,0.75,0.046154,0.086957,0.016667,0.032
Russia-Ukraine,USOIL,deep_svdd,125,0.52,0.794872,0.797094,0.99,control,0.001383,0.52,0.857143,0.092308,0.166667,0.016667,0.056
Russia-Ukraine,USOIL,deep_svdd,125,0.52,0.794872,0.797094,0.99,test,0.001868,0.496,1.0,0.030769,0.059701,0.0,0.016
Russia-Ukraine,USOIL,hybrid2,125,0.52,0.817436,0.874142,0.7,control,0.17614,0.664,1.0,0.353846,0.522727,0.0,0.184
Russia-Ukraine,USOIL,hybrid2,125,0.52,0.817436,0.874142,0.7,test,0.132617,0.768,0.973684,0.569231,0.718447,0.016667,0.304
Russia-Ukraine,USOIL,hybrid2,125,0.52,0.817436,0.874142,0.75,control,0.207618,0.632,1.0,0.292308,0.452381,0.0,0.152
Russia-Ukraine,USOIL,hybrid2,125,0.52,0.817436,0.874142,0.75,test,0.147823,0.728,1.0,0.476923,0.645833,0.0,0.248
Russia-Ukraine,USOIL,hybrid2,125,0.52,0.817436,0.874142,0.8,control,0.272424,0.528,1.0,0.092308,0.169014,0.0,0.048
Russia-Ukraine,USOIL,hybrid2,125,0.52,0.817436,0.874142,0.8,test,0.168913,0.68,1.0,0.384615,0.555556,0.0,0.2
Russia-Ukraine,USOIL,hybrid2,125,0.52,0.817436,0.874142,0.85,control,0.33816,0.512,1.0,0.061538,0.115942,0.0,0.032
Russia-Ukraine,USOIL,hybrid2,125,0.52,0.817436,0.874142,0.85,test,0.205537,0.632,1.0,0.292308,0.452381,0.0,0.152
Russia-Ukraine,USOIL,hybrid2,125,0.52,0.817436,0.874142,0.9,control,0.396864,0.488,1.0,0.015385,0.030303,0.0,0.008
Russia-Ukraine,USOIL,hybrid2,125,0.52,0.817436,0.874142,0.9,test,0.227738,0.584,1.0,0.2,0.333333,0.0,0.104
Russia-Ukraine,USOIL,hybrid2,125,0.52,0.817436,0.874142,0.95,control,0.450548,0.48,0.0,0.0,0.0,0.0,0.0
Russia-Ukraine,USOIL,hybrid2,125,0.52,0.817436,0.874142,0.95,test,0.265824,0.536,1.0,0.107692,0.194444,0.0,0.056
Russia-Ukraine,USOIL,hybrid2,125,0.52,0.817436,0.874142,0.975,control,0.502587,0.48,0.0,0.0,0.0,0.0,0.0
Russia-Ukraine,USOIL,hybrid2,125,0.52,0.817436,0.874142,0.975,test,0.3659,0.512,1.0,0.061538,0.115942,0.0,0.032
Russia-Ukraine,USOIL,hybrid2,125,0.52,0.817436,0.874142,0.99,control,0.547829,0.48,0.0,0.0,0.0,0.0,0.0
Russia-Ukraine,USOIL,hybrid2,125,0.52,0.817436,0.874142,0.99,test,0.393078,0.496,1.0,0.030769,0.059701,0.0,0.016
Russia-Ukraine,USOIL,isolation_forest,125,0.52,0.852051,0.912276,0.7,control,0.52012,0.816,0.9375,0.692308,0.79646,0.05,0.384
Russia-Ukraine,USOIL,isolation_forest,125,0.52,0.852051,0.912276,0.7,test,0.5456,0.784,1.0,0.584615,0.737864,0.0,0.304
Russia-Ukraine,USOIL,isolation_forest,125,0.52,0.852051,0.912276,0.75,control,0.557468,0.72,1.0,0.461538,0.631579,0.0,0.24
Russia-Ukraine,USOIL,isolation_forest,125,0.52,0.852051,0.912276,0.75,test,0.555586,0.728,1.0,0.476923,0.645833,0.0,0.248
Russia-Ukraine,USOIL,isolation_forest,125,0.52,0.852051,0.912276,0.8,control,0.588285,0.616,1.0,0.261538,0.414634,0.0,0.136
Russia-Ukraine,USOIL,isolation_forest,125,0.52,0.852051,0.912276,0.8,test,0.564156,0.68,1.0,0.384615,0.555556,0.0,0.2
Russia-Ukraine,USOIL,isolation_forest,125,0.52,0.852051,0.912276,0.85,control,0.614023,0.544,1.0,0.123077,0.219178,0.0,0.064
Russia-Ukraine,USOIL,isolation_forest,125,0.52,0.852051,0.912276,0.85,test,0.573112,0.632,1.0,0.292308,0.452381,0.0,0.152
Russia-Ukraine,USOIL,isolation_forest,125,0.52,0.852051,0.912276,0.9,control,0.628348,0.488,1.0,0.015385,0.030303,0.0,0.008
Russia-Ukraine,USOIL,isolation_forest,125,0.52,0.852051,0.912276,0.9,test,0.603157,0.584,1.0,0.2,0.333333,0.0,0.104
Russia-Ukraine,USOIL,isolation_forest,125,0.52,0.852051,0.912276,0.95,control,0.646241,0.48,0.0,0.0,0.0,0.0,0.0
Russia-Ukraine,USOIL,isolation_forest,125,0.52,0.852051,0.912276,0.95,test,0.615746,0.536,1.0,0.107692,0.194444,0.0,0.056
Russia-Ukraine,USOIL,isolation_forest,125,0.52,0.852051,0.912276,0.975,control,0.651514,0.48,0.0,0.0,0.0,0.0,0.0
Russia-Ukraine,USOIL,isolation_forest,125,0.52,0.852051,0.912276,0.975,test,0.618282,0.512,1.0,0.061538,0.115942,0.0,0.032
Russia-Ukraine,USOIL,isolation_forest,125,0.52,0.852051,0.912276,0.99,control,0.657022,0.48,0.0,0.0,0.0,0.0,0.0
Russia-Ukraine,USOIL,isolation_forest,125,0.52,0.852051,0.912276,0.99,test,0.619959,0.496,1.0,0.030769,0.059701,0.0,0.016
Russia-Ukraine,USOIL,omnianomaly,125,0.52,0.799487,0.861939,0.7,control,0.235921,0.736,0.710526,0.830769,0.765957,0.366667,0.608
Russia-Ukraine,USOIL,omnianomaly,125,0.52,0.799487,0.861939,0.7,test,0.378033,0.736,0.921053,0.538462,0.679612,0.05,0.304
Russia-Ukraine,USOIL,omnianomaly,125,0.52,0.799487,0.861939,0.75,control,0.258285,0.776,0.776119,0.8,0.787879,0.25,0.536
Russia-Ukraine,USOIL,omnianomaly,125,0.52,0.799487,0.861939,0.75,test,0.392937,0.68,0.903226,0.430769,0.583333,0.05,0.248
Russia-Ukraine,USOIL,omnianomaly,125,0.52,0.799487,0.861939,0.8,control,0.306528,0.768,0.833333,0.692308,0.756303,0.15,0.432
Russia-Ukraine,USOIL,omnianomaly,125,0.52,0.799487,0.861939,0.8,test,0.408218,0.664,0.96,0.369231,0.533333,0.016667,0.2
Russia-Ukraine,USOIL,omnianomaly,125,0.52,0.799487,0.861939,0.85,control,0.332095,0.768,0.875,0.646154,0.743363,0.1,0.384
Russia-Ukraine,USOIL,omnianomaly,125,0.52,0.799487,0.861939,0.85,test,0.437685,0.632,1.0,0.292308,0.452381,0.0,0.152
Russia-Ukraine,USOIL,omnianomaly,125,0.52,0.799487,0.861939,0.9,control,0.35639,0.776,0.930233,0.615385,0.740741,0.05,0.344
Russia-Ukraine,USOIL,omnianomaly,125,0.52,0.799487,0.861939,0.9,test,0.498216,0.584,1.0,0.2,0.333333,0.0,0.104
Russia-Ukraine,USOIL,omnianomaly,125,0.52,0.799487,0.861939,0.95,control,0.385567,0.712,0.914286,0.492308,0.64,0.05,0.28
Russia-Ukraine,USOIL,omnianomaly,125,0.52,0.799487,0.861939,0.95,test,0.555104,0.536,1.0,0.107692,0.194444,0.0,0.056
Russia-Ukraine,USOIL,omnianomaly,125,0.52,0.799487,0.861939,0.975,control,0.423892,0.664,1.0,0.353846,0.522727,0.0,0.184
Russia-Ukraine,USOIL,omnianomaly,125,0.52,0.799487,0.861939,0.975,test,0.585963,0.512,1.0,0.061538,0.115942,0.0,0.032
Russia-Ukraine,USOIL,omnianomaly,125,0.52,0.799487,0.861939,0.99,control,0.500618,0.584,1.0,0.2,0.333333,0.0,0.104
Russia-Ukraine,USOIL,omnianomaly,125,0.52,0.799487,0.861939,0.99,test,0.67979,0.496,1.0,0.030769,0.059701,0.0,0.016
Russia-Ukraine,USOIL,one_class_svm,125,0.52,0.841795,0.892425,0.7,control,0.260049,0.712,1.0,0.446154,0.617021,0.0,0.232
Russia-Ukraine,USOIL,one_class_svm,125,0.52,0.841795,0.892425,0.7,test,-0.022662,0.784,1.0,0.584615,0.737864,0.0,0.304
Russia-Ukraine,USOIL,one_class_svm,125,0.52,0.841795,0.892425,0.75,control,0.626498,0.704,1.0,0.430769,0.602151,0.0,0.224
Russia-Ukraine,USOIL,one_class_svm,125,0.52,0.841795,0.892425,0.75,test,0.163392,0.728,1.0,0.476923,0.645833,0.0,0.248
Russia-Ukraine,USOIL,one_class_svm,125,0.52,0.841795,0.892425,0.8,control,0.843333,0.688,1.0,0.4,0.571429,0.0,0.208
Russia-Ukraine,USOIL,one_class_svm,125,0.52,0.841795,0.892425,0.8,test,0.859697,0.68,1.0,0.384615,0.555556,0.0,0.2
Russia-Ukraine,USOIL,one_class_svm,125,0.52,0.841795,0.892425,0.85,control,1.472249,0.616,1.0,0.261538,0.414634,0.0,0.136
Russia-Ukraine,USOIL,one_class_svm,125,0.52,0.841795,0.892425,0.85,test,1.413481,0.632,1.0,0.292308,0.452381,0.0,0.152
Russia-Ukraine,USOIL,one_class_svm,125,0.52,0.841795,0.892425,0.9,control,1.811588,0.584,1.0,0.2,0.333333,0.0,0.104
Russia-Ukraine,USOIL,one_class_svm,125,0.52,0.841795,0.892425,0.9,test,1.802512,0.584,1.0,0.2,0.333333,0.0,0.104
Russia-Ukraine,USOIL,one_class_svm,125,0.52,0.841795,0.892425,0.95,control,2.186269,0.552,1.0,0.138462,0.243243,0.0,0.072
Russia-Ukraine,USOIL,one_class_svm,125,0.52,0.841795,0.892425,0.95,test,2.299142,0.536,1.0,0.107692,0.194444,0.0,0.056
Russia-Ukraine,USOIL,one_class_svm,125,0.52,0.841795,0.892425,0.975,control,2.4634,0.504,1.0,0.046154,0.088235,0.0,0.024
Russia-Ukraine,USOIL,one_class_svm,125,0.52,0.841795,0.892425,0.975,test,2.418832,0.512,1.0,0.061538,0.115942,0.0,0.032
Russia-Ukraine,USOIL,one_class_svm,125,0.52,0.841795,0.892425,0.99,control,2.545489,0.496,1.0,0.030769,0.059701,0.0,0.016
Russia-Ukraine,USOIL,one_class_svm,125,0.52,0.841795,0.892425,0.99,test,2.547005,0.496,1.0,0.030769,0.059701,0.0,0.016
Russia-Ukraine,USOIL,standalone_fanogan,125,0.52,0.817436,0.874142,0.7,control,0.17614,0.664,1.0,0.353846,0.522727,0.0,0.184
Russia-Ukraine,USOIL,standalone_fanogan,125,0.52,0.817436,0.874142,0.7,test,0.132617,0.768,0.973684,0.569231,0.718447,0.016667,0.304
Russia-Ukraine,USOIL,standalone_fanogan,125,0.52,0.817436,0.874142,0.75,control,0.207618,0.632,1.0,0.292308,0.452381,0.0,0.152
Russia-Ukraine,USOIL,standalone_fanogan,125,0.52,0.817436,0.874142,0.75,test,0.147823,0.728,1.0,0.476923,0.645833,0.0,0.248
Russia-Ukraine,USOIL,standalone_fanogan,125,0.52,0.817436,0.874142,0.8,control,0.272424,0.528,1.0,0.092308,0.169014,0.0,0.048
Russia-Ukraine,USOIL,standalone_fanogan,125,0.52,0.817436,0.874142,0.8,test,0.168913,0.68,1.0,0.384615,0.555556,0.0,0.2
Russia-Ukraine,USOIL,standalone_fanogan,125,0.52,0.817436,0.874142,0.85,control,0.33816,0.512,1.0,0.061538,0.115942,0.0,0.032
Russia-Ukraine,USOIL,standalone_fanogan,125,0.52,0.817436,0.874142,0.85,test,0.205537,0.632,1.0,0.292308,0.452381,0.0,0.152
Russia-Ukraine,USOIL,standalone_fanogan,125,0.52,0.817436,0.874142,0.9,control,0.396864,0.488,1.0,0.015385,0.030303,0.0,0.008
Russia-Ukraine,USOIL,standalone_fanogan,125,0.52,0.817436,0.874142,0.9,test,0.227738,0.584,1.0,0.2,0.333333,0.0,0.104
Russia-Ukraine,USOIL,standalone_fanogan,125,0.52,0.817436,0.874142,0.95,control,0.450548,0.48,0.0,0.0,0.0,0.0,0.0
Russia-Ukraine,USOIL,standalone_fanogan,125,0.52,0.817436,0.874142,0.95,test,0.265824,0.536,1.0,0.107692,0.194444,0.0,0.056
Russia-Ukraine,USOIL,standalone_fanogan,125,0.52,0.817436,0.874142,0.975,control,0.502587,0.48,0.0,0.0,0.0,0.0,0.0
Russia-Ukraine,USOIL,standalone_fanogan,125,0.52,0.817436,0.874142,0.975,test,0.3659,0.512,1.0,0.061538,0.115942,0.0,0.032
Russia-Ukraine,USOIL,standalone_fanogan,125,0.52,0.817436,0.874142,0.99,control,0.547829,0.48,0.0,0.0,0.0,0.0,0.0
Russia-Ukraine,USOIL,standalone_fanogan,125,0.52,0.817436,0.874142,0.99,test,0.393078,0.496,1.0,0.030769,0.059701,0.0,0.016
Russia-Ukraine,USOIL,tranad,125,0.52,0.767179,0.811365,0.7,control,0.026957,0.624,0.586538,0.938462,0.721893,0.716667,0.832
Russia-Ukraine,USOIL,tranad,125,0.52,0.767179,0.811365,0.7,test,0.08301,0.672,0.815789,0.476923,0.601942,0.116667,0.304
Russia-Ukraine,USOIL,tranad,125,0.52,0.767179,0.811365,0.75,control,0.027796,0.632,0.592233,0.938462,0.72619,0.7,0.824
Russia-Ukraine,USOIL,tranad,125,0.52,0.767179,0.811365,0.75,test,0.086183,0.648,0.83871,0.4,0.541667,0.083333,0.248
Russia-Ukraine,USOIL,tranad,125,0.52,0.767179,0.811365,0.8,control,0.029128,0.64,0.598039,0.938462,0.730539,0.683333,0.816
Russia-Ukraine,USOIL,tranad,125,0.52,0.767179,0.811365,0.8,test,0.088429,0.616,0.84,0.323077,0.466667,0.066667,0.2
Russia-Ukraine,USOIL,tranad,125,0.52,0.767179,0.811365,0.85,control,0.030143,0.632,0.594059,0.923077,0.722892,0.683333,0.808
Russia-Ukraine,USOIL,tranad,125,0.52,0.767179,0.811365,0.85,test,0.097985,0.616,0.947368,0.276923,0.428571,0.016667,0.152
Russia-Ukraine,USOIL,tranad,125,0.52,0.767179,0.811365,0.9,control,0.033086,0.632,0.594059,0.923077,0.722892,0.683333,0.808
Russia-Ukraine,USOIL,tranad,125,0.52,0.767179,0.811365,0.9,test,0.105283,0.584,1.0,0.2,0.333333,0.0,0.104
Russia-Ukraine,USOIL,tranad,125,0.52,0.767179,0.811365,0.95,control,0.036048,0.6,0.57732,0.861538,0.691358,0.683333,0.776
Russia-Ukraine,USOIL,tranad,125,0.52,0.767179,0.811365,0.95,test,0.119577,0.536,1.0,0.107692,0.194444,0.0,0.056
Russia-Ukraine,USOIL,tranad,125,0.52,0.767179,0.811365,0.975,control,0.038669,0.6,0.580645,0.830769,0.683544,0.65,0.744
Russia-Ukraine,USOIL,tranad,125,0.52,0.767179,0.811365,0.975,test,0.122305,0.512,1.0,0.061538,0.115942,0.0,0.032
Russia-Ukraine,USOIL,tranad,125,0.52,0.767179,0.811365,0.99,control,0.042758,0.592,0.579545,0.784615,0.666667,0.616667,0.704
Russia-Ukraine,USOIL,tranad,125,0.52,0.767179,0.811365,0.99,test,0.131526,0.496,1.0,0.030769,0.059701,0.0,0.016
Russia-Ukraine,USOIL,usad,125,0.52,0.201795,0.421148,0.7,control,1.50751,0.472,0.454545,0.076923,0.131579,0.1,0.088
Russia-Ukraine,USOIL,usad,125,0.52,0.201795,0.421148,0.7,test,1.388071,0.384,0.342105,0.2,0.252427,0.416667,0.304
Russia-Ukraine,USOIL,usad,125,0.52,0.201795,0.421148,0.75,control,1.522858,0.496,0.666667,0.061538,0.112676,0.033333,0.048
Russia-Ukraine,USOIL,usad,125,0.52,0.201795,0.421148,0.75,test,1.407201,0.424,0.387097,0.184615,0.25,0.316667,0.248
Russia-Ukraine,USOIL,usad,125,0.52,0.201795,0.421148,0.8,control,1.555871,0.48,0.5,0.015385,0.029851,0.016667,0.016
Russia-Ukraine,USOIL,usad,125,0.52,0.201795,0.421148,0.8,test,1.432763,0.456,0.44,0.169231,0.244444,0.233333,0.2
Russia-Ukraine,USOIL,usad,125,0.52,0.201795,0.421148,0.85,control,1.583569,0.48,0.0,0.0,0.0,0.0,0.0
Russia-Ukraine,USOIL,usad,125,0.52,0.201795,0.421148,0.85,test,1.456339,0.456,0.421053,0.123077,0.190476,0.183333,0.152
Russia-Ukraine,USOIL,usad,125,0.52,0.201795,0.421148,0.9,control,1.629158,0.48,0.0,0.0,0.0,0.0,0.0
Russia-Ukraine,USOIL,usad,125,0.52,0.201795,0.421148,0.9,test,1.491215,0.472,0.461538,0.092308,0.153846,0.116667,0.104
Russia-Ukraine,USOIL,usad,125,0.52,0.201795,0.421148,0.95,control,1.734782,0.48,0.0,0.0,0.0,0.0,0.0
Russia-Ukraine,USOIL,usad,125,0.52,0.201795,0.421148,0.95,test,1.519834,0.488,0.571429,0.061538,0.111111,0.05,0.056
Russia-Ukraine,USOIL,usad,125,0.52,0.201795,0.421148,0.975,control,1.7469,0.48,0.0,0.0,0.0,0.0,0.0
Russia-Ukraine,USOIL,usad,125,0.52,0.201795,0.421148,0.975,test,1.546173,0.496,0.75,0.046154,0.086957,0.016667,0.032
Russia-Ukraine,USOIL,usad,125,0.52,0.201795,0.421148,0.99,control,1.767949,0.48,0.0,0.0,0.0,0.0,0.0
Russia-Ukraine,USOIL,usad,125,0.52,0.201795,0.421148,0.99,test,1.563653,0.48,0.5,0.015385,0.029851,0.016667,0.016
Russia-Ukraine,USOIL,vae,125,0.52,0.87,0.916626,0.7,control,0.337796,0.832,0.94,0.723077,0.817391,0.05,0.4
Russia-Ukraine,USOIL,vae,125,0.52,0.87,0.916626,0.7,test,0.404126,0.784,1.0,0.584615,0.737864,0.0,0.304
Russia-Ukraine,USOIL,vae,125,0.52,0.87,0.916626,0.75,control,0.398336,0.784,1.0,0.584615,0.737864,0.0,0.304
Russia-Ukraine,USOIL,vae,125,0.52,0.87,0.916626,0.75,test,0.429746,0.728,1.0,0.476923,0.645833,0.0,0.248
Russia-Ukraine,USOIL,vae,125,0.52,0.87,0.916626,0.8,control,0.4652,0.64,1.0,0.307692,0.470588,0.0,0.16
Russia-Ukraine,USOIL,vae,125,0.52,0.87,0.916626,0.8,test,0.450479,0.68,1.0,0.384615,0.555556,0.0,0.2
Russia-Ukraine,USOIL,vae,125,0.52,0.87,0.916626,0.85,control,0.549116,0.528,1.0,0.092308,0.169014,0.0,0.048
Russia-Ukraine,USOIL,vae,125,0.52,0.87,0.916626,0.85,test,0.467464,0.632,1.0,0.292308,0.452381,0.0,0.152
Russia-Ukraine,USOIL,vae,125,0.52,0.87,0.916626,0.9,control,0.606244,0.48,0.0,0.0,0.0,0.0,0.0
Russia-Ukraine,USOIL,vae,125,0.52,0.87,0.916626,0.9,test,0.497231,0.584,1.0,0.2,0.333333,0.0,0.104
Russia-Ukraine,USOIL,vae,125,0.52,0.87,0.916626,0.95,control,0.640129,0.48,0.0,0.0,0.0,0.0,0.0
Russia-Ukraine,USOIL,vae,125,0.52,0.87,0.916626,0.95,test,0.53357,0.536,1.0,0.107692,0.194444,0.0,0.056
Russia-Ukraine,USOIL,vae,125,0.52,0.87,0.916626,0.975,control,0.659222,0.48,0.0,0.0,0.0,0.0,0.0
Russia-Ukraine,USOIL,vae,125,0.52,0.87,0.916626,0.975,test,0.564062,0.512,1.0,0.061538,0.115942,0.0,0.032
Russia-Ukraine,USOIL,vae,125,0.52,0.87,0.916626,0.99,control,0.670559,0.48,0.0,0.0,0.0,0.0,0.0
Russia-Ukraine,USOIL,vae,125,0.52,0.87,0.916626,0.99,test,0.591759,0.496,1.0,0.030769,0.059701,0.0,0.016
Russia-Ukraine,GOLD,anomaly_transformer,125,0.52,0.644359,0.684618,0.7,control,0.000901,0.552,0.655172,0.292308,0.404255,0.166667,0.232
Russia-Ukraine,GOLD,anomaly_transformer,125,0.52,0.644359,0.684618,0.7,test,0.00051,0.544,0.605263,0.353846,0.446602,0.25,0.304
Russia-Ukraine,GOLD,anomaly_transformer,125,0.52,0.644359,0.684618,0.75,control,0.000981,0.56,0.678571,0.292308,0.408602,0.15,0.224
Russia-Ukraine,GOLD,anomaly_transformer,125,0.52,0.644359,0.684618,0.75,test,0.000808,0.552,0.645161,0.307692,0.416667,0.183333,0.248
Russia-Ukraine,GOLD,anomaly_transformer,125,0.52,0.644359,0.684618,0.8,control,0.001079,0.552,0.666667,0.276923,0.391304,0.15,0.216
Russia-Ukraine,GOLD,anomaly_transformer,125,0.52,0.644359,0.684618,0.8,test,0.001453,0.552,0.68,0.261538,0.377778,0.133333,0.2
Russia-Ukraine,GOLD,anomaly_transformer,125,0.52,0.644359,0.684618,0.85,control,0.001179,0.56,0.692308,0.276923,0.395604,0.133333,0.208
Russia-Ukraine,GOLD,anomaly_transformer,125,0.52,0.644359,0.684618,0.85,test,0.003168,0.568,0.789474,0.230769,0.357143,0.066667,0.152
Russia-Ukraine,GOLD,anomaly_transformer,125,0.52,0.644359,0.684618,0.9,control,0.001344,0.56,0.692308,0.276923,0.395604,0.133333,0.208
Russia-Ukraine,GOLD,anomaly_transformer,125,0.52,0.644359,0.684618,0.9,test,0.00628,0.568,0.923077,0.184615,0.307692,0.016667,0.104
Russia-Ukraine,GOLD,anomaly_transformer,125,0.52,0.644359,0.684618,0.95,control,0.005809,0.584,0.933333,0.215385,0.35,0.016667,0.12
Russia-Ukraine,GOLD,anomaly_transformer,125,0.52,0.644359,0.684618,0.95,test,0.009862,0.536,1.0,0.107692,0.194444,0.0,0.056
Russia-Ukraine,GOLD,anomaly_transformer,125,0.52,0.644359,0.684618,0.975,control,0.010609,0.528,1.0,0.092308,0.169014,0.0,0.048
Russia-Ukraine,GOLD,anomaly_transformer,125,0.52,0.644359,0.684618,0.975,test,0.027984,0.512,1.0,0.061538,0.115942,0.0,0.032
Russia-Ukraine,GOLD,anomaly_transformer,125,0.52,0.644359,0.684618,0.99,control,0.034198,0.504,1.0,0.046154,0.088235,0.0,0.024
Russia-Ukraine,GOLD,anomaly_transformer,125,0.52,0.644359,0.684618,0.99,test,0.038858,0.496,1.0,0.030769,0.059701,0.0,0.016
Russia-Ukraine,GOLD,autoencoder,125,0.52,0.407436,0.451775,0.7,test,0.095496,0.4,0.368421,0.215385,0.271845,0.4,0.304
Russia-Ukraine,GOLD,autoencoder,125,0.52,0.407436,0.451775,0.75,test,0.107884,0.344,0.225806,0.107692,0.145833,0.4,0.248
Russia-Ukraine,GOLD,autoencoder,125,0.52,0.407436,0.451775,0.8,test,0.117421,0.36,0.2,0.076923,0.111111,0.333333,0.2
Russia-Ukraine,GOLD,autoencoder,125,0.52,0.407436,0.451775,0.85,test,0.125598,0.376,0.157895,0.046154,0.071429,0.266667,0.152
Russia-Ukraine,GOLD,autoencoder,125,0.52,0.407436,0.451775,0.9,test,0.145206,0.424,0.230769,0.046154,0.076923,0.166667,0.104
Russia-Ukraine,GOLD,autoencoder,125,0.52,0.407436,0.451775,0.95,test,0.160278,0.44,0.142857,0.015385,0.027778,0.1,0.056
Russia-Ukraine,GOLD,autoencoder,125,0.52,0.407436,0.451775,0.975,test,0.174442,0.464,0.25,0.015385,0.028986,0.05,0.032
Russia-Ukraine,GOLD,autoencoder,125,0.52,0.407436,0.451775,0.99,test,0.198449,0.48,0.5,0.015385,0.029851,0.016667,0.016
Russia-Ukraine,GOLD,cnn_autoencoder,125,0.52,0.33641,0.407744,0.7,test,0.008989,0.304,0.210526,0.123077,0.15534,0.5,0.304
Russia-Ukraine,GOLD,cnn_autoencoder,125,0.52,0.33641,0.407744,0.75,test,0.010587,0.296,0.129032,0.061538,0.083333,0.45,0.248
Russia-Ukraine,GOLD,cnn_autoencoder,125,0.52,0.33641,0.407744,0.8,test,0.015286,0.312,0.08,0.030769,0.044444,0.383333,0.2
Russia-Ukraine,GOLD,cnn_autoencoder,125,0.52,0.33641,0.407744,0.85,test,0.016825,0.36,0.105263,0.030769,0.047619,0.283333,0.152
Russia-Ukraine,GOLD,cnn_autoencoder,125,0.52,0.33641,0.407744,0.9,test,0.019089,0.392,0.076923,0.015385,0.025641,0.2,0.104
Russia-Ukraine,GOLD,cnn_autoencoder,125,0.52,0.33641,0.407744,0.95,test,0.022999,0.424,0.0,0.0,0.0,0.116667,0.056
Russia-Ukraine,GOLD,cnn_autoencoder,125,0.52,0.33641,0.407744,0.975,test,0.026002,0.448,0.0,0.0,0.0,0.066667,0.032
Russia-Ukraine,GOLD,cnn_autoencoder,125,0.52,0.33641,0.407744,0.99,test,0.030186,0.464,0.0,0.0,0.0,0.033333,0.016
Russia-Ukraine,GOLD,dagmm,125,0.52,0.640513,0.612897,0.7,control,-2.115318,0.496,0.571429,0.123077,0.202532,0.1,0.112
Russia-Ukraine,GOLD,dagmm,125,0.52,0.640513,0.612897,0.7,test,-3.813445,0.576,0.657895,0.384615,0.485437,0.216667,0.304
Russia-Ukraine,GOLD,dagmm,125,0.52,0.640513,0.612897,0.75,control,-1.043211,0.456,0.2,0.015385,0.028571,0.066667,0.04
Russia-Ukraine,GOLD,dagmm,125,0.52,0.640513,0.612897,0.75,test,-3.484561,0.552,0.645161,0.307692,0.416667,0.183333,0.248
Russia-Ukraine,GOLD,dagmm,125,0.52,0.640513,0.612897,0.8,control,-0.470837,0.472,0.333333,0.015385,0.029412,0.033333,0.024
Russia-Ukraine,GOLD,dagmm,125,0.52,0.640513,0.612897,0.8,test,-2.938996,0.52,0.6,0.230769,0.333333,0.166667,0.2
Russia-Ukraine,GOLD,dagmm,125,0.52,0.640513,0.612897,0.85,control,0.967177,0.48,0.0,0.0,0.0,0.0,0.0
Russia-Ukraine,GOLD,dagmm,125,0.52,0.640513,0.612897,0.85,test,-2.355386,0.52,0.631579,0.184615,0.285714,0.116667,0.152
Russia-Ukraine,GOLD,dagmm,125,0.52,0.640513,0.612897,0.9,control,2.307358,0.48,0.0,0.0,0.0,0.0,0.0
Russia-Ukraine,GOLD,dagmm,125,0.52,0.640513,0.612897,0.9,test,-2.056943,0.488,0.538462,0.107692,0.179487,0.1,0.104
Russia-Ukraine,GOLD,dagmm,125,0.52,0.640513,0.612897,0.95,control,5.424716,0.48,0.0,0.0,0.0,0.0,0.0
Russia-Ukraine,GOLD,dagmm,125,0.52,0.640513,0.612897,0.95,test,-1.431866,0.472,0.428571,0.046154,0.083333,0.066667,0.056
Russia-Ukraine,GOLD,dagmm,125,0.52,0.640513,0.612897,0.975,control,9.721917,0.48,0.0,0.0,0.0,0.0,0.0
Russia-Ukraine,GOLD,dagmm,125,0.52,0.640513,0.612897,0.975,test,-0.977485,0.464,0.25,0.015385,0.028986,0.05,0.032
Russia-Ukraine,GOLD,dagmm,125,0.52,0.640513,0.612897,0.99,control,12.965183,0.48,0.0,0.0,0.0,0.0,0.0
Russia-Ukraine,GOLD,dagmm,125,0.52,0.640513,0.612897,0.99,test,0.368353,0.48,0.5,0.015385,0.029851,0.016667,0.016
Russia-Ukraine,GOLD,deep_svdd,125,0.52,0.366667,0.421074,0.7,control,0.000496,0.36,0.317073,0.2,0.245283,0.466667,0.328
Russia-Ukraine,GOLD,deep_svdd,125,0.52,0.366667,0.421074,0.7,test,0.000515,0.368,0.315789,0.184615,0.23301,0.433333,0.304
Russia-Ukraine,GOLD,deep_svdd,125,0.52,0.366667,0.421074,0.75,control,0.000515,0.368,0.315789,0.184615,0.23301,0.433333,0.304
Russia-Ukraine,GOLD,deep_svdd,125,0.52,0.366667,0.421074,0.75,test,0.000583,0.376,0.290323,0.138462,0.1875,0.366667,0.248
Russia-Ukraine,GOLD,deep_svdd,125,0.52,0.366667,0.421074,0.8,control,0.000572,0.368,0.294118,0.153846,0.20202,0.4,0.272
Russia-Ukraine,GOLD,deep_svdd,125,0.52,0.366667,0.421074,0.8,test,0.000644,0.344,0.16,0.061538,0.088889,0.35,0.2
Russia-Ukraine,GOLD,deep_svdd,125,0.52,0.366667,0.421074,0.85,control,0.000659,0.344,0.16,0.061538,0.088889,0.35,0.2
Russia-Ukraine,GOLD,deep_svdd,125,0.52,0.366667,0.421074,0.85,test,0.000717,0.36,0.105263,0.030769,0.047619,0.283333,0.152
Russia-Ukraine,GOLD,deep_svdd,125,0.52,0.366667,0.421074,0.9,control,0.0008,0.368,0.0625,0.015385,0.024691,0.25,0.128
Russia-Ukraine,GOLD,deep_svdd,125,0.52,0.366667,0.421074,0.9,test,0.000924,0.376,0.0,0.0,0.0,0.216667,0.104
Russia-Ukraine,GOLD,deep_svdd,125,0.52,0.366667,0.421074,0.95,control,0.00103,0.408,0.0,0.0,0.0,0.15,0.072
Russia-Ukraine,GOLD,deep_svdd,125,0.52,0.366667,0.421074,0.95,test,0.001174,0.424,0.0,0.0,0.0,0.116667,0.056
Russia-Ukraine,GOLD,deep_svdd,125,0.52,0.366667,0.421074,0.975,control,0.001111,0.408,0.0,0.0,0.0,0.15,0.072
Russia-Ukraine,GOLD,deep_svdd,125,0.52,0.366667,0.421074,0.975,test,0.001241,0.448,0.0,0.0,0.0,0.066667,0.032
Russia-Ukraine,GOLD,deep_svdd,125,0.52,0.366667,0.421074,0.99,control,0.001273,0.464,0.0,0.0,0.0,0.033333,0.016
Russia-Ukraine,GOLD,deep_svdd,125,0.52,0.366667,0.421074,0.99,test,0.00132,0.464,0.0,0.0,0.0,0.033333,0.016
Russia-Ukraine,GOLD,hybrid2,125,0.52,0.481026,0.486767,0.7,control,0.172715,0.472,0.481481,0.2,0.282609,0.233333,0.216
Russia-Ukraine,GOLD,hybrid2,125,0.52,0.481026,0.486767,0.7,test,0.144432,0.464,0.473684,0.276923,0.349515,0.333333,0.304
Russia-Ukraine,GOLD,hybrid2,125,0.52,0.481026,0.486767,0.75,control,0.181761,0.448,0.416667,0.153846,0.224719,0.233333,0.192
Russia-Ukraine,GOLD,hybrid2,125,0.52,0.481026,0.486767,0.75,test,0.155546,0.456,0.451613,0.215385,0.291667,0.283333,0.248
Russia-Ukraine,GOLD,hybrid2,125,0.52,0.481026,0.486767,0.8,control,0.192728,0.432,0.35,0.107692,0.164706,0.216667,0.16
Russia-Ukraine,GOLD,hybrid2,125,0.52,0.481026,0.486767,0.8,test,0.175342,0.456,0.44,0.169231,0.244444,0.233333,0.2
Russia-Ukraine,GOLD,hybrid2,125,0.52,0.481026,0.486767,0.85,control,0.200013,0.432,0.35,0.107692,0.164706,0.216667,0.16
Russia-Ukraine,GOLD,hybrid2,125,0.52,0.481026,0.486767,0.85,test,0.205973,0.424,0.315789,0.092308,0.142857,0.216667,0.152
Russia-Ukraine,GOLD,hybrid2,125,0.52,0.481026,0.486767,0.9,control,0.22068,0.432,0.285714,0.061538,0.101266,0.166667,0.112
Russia-Ukraine,GOLD,hybrid2,125,0.52,0.481026,0.486767,0.9,test,0.232243,0.44,0.307692,0.061538,0.102564,0.15,0.104
Russia-Ukraine,GOLD,hybrid2,125,0.52,0.481026,0.486767,0.95,control,0.253762,0.424,0.181818,0.030769,0.052632,0.15,0.088
Russia-Ukraine,GOLD,hybrid2,125,0.52,0.481026,0.486767,0.95,test,0.280882,0.456,0.285714,0.030769,0.055556,0.083333,0.056
Russia-Ukraine,GOLD,hybrid2,125,0.52,0.481026,0.486767,0.975,control,0.265909,0.424,0.181818,0.030769,0.052632,0.15,0.088
Russia-Ukraine,GOLD,hybrid2,125,0.52,0.481026,0.486767,0.975,test,0.285835,0.464,0.25,0.015385,0.028986,0.05,0.032
Russia-Ukraine,GOLD,hybrid2,125,0.52,0.481026,0.486767,0.99,control,0.307689,0.464,0.0,0.0,0.0,0.033333,0.016
Russia-Ukraine,GOLD,hybrid2,125,0.52,0.481026,0.486767,0.99,test,0.314153,0.464,0.0,0.0,0.0,0.033333,0.016
Russia-Ukraine,GOLD,isolation_forest,125,0.52,0.657949,0.696668,0.7,control,0.520156,0.6,0.714286,0.384615,0.5,0.166667,0.28
Russia-Ukraine,GOLD,isolation_forest,125,0.52,0.657949,0.696668,0.7,test,0.517968,0.592,0.684211,0.4,0.504854,0.2,0.304
Russia-Ukraine,GOLD,isolation_forest,125,0.52,0.657949,0.696668,0.75,control,0.526906,0.592,0.733333,0.338462,0.463158,0.133333,0.24
Russia-Ukraine,GOLD,isolation_forest,125,0.52,0.657949,0.696668,0.75,test,0.526603,0.6,0.741935,0.353846,0.479167,0.133333,0.248
Russia-Ukraine,GOLD,isolation_forest,125,0.52,0.657949,0.696668,0.8,control,0.539971,0.576,0.8,0.246154,0.376471,0.066667,0.16
Russia-Ukraine,GOLD,isolation_forest,125,0.52,0.657949,0.696668,0.8,test,0.535301,0.584,0.76,0.292308,0.422222,0.1,0.2
Russia-Ukraine,GOLD,isolation_forest,125,0.52,0.657949,0.696668,0.85,control,0.553214,0.544,0.9,0.138462,0.24,0.016667,0.08
Russia-Ukraine,GOLD,isolation_forest,125,0.52,0.657949,0.696668,0.85,test,0.540721,0.568,0.789474,0.230769,0.357143,0.066667,0.152
Russia-Ukraine,GOLD,isolation_forest,125,0.52,0.657949,0.696668,0.9,control,0.567597,0.528,1.0,0.092308,0.169014,0.0,0.048
Russia-Ukraine,GOLD,isolation_forest,125,0.52,0.657949,0.696668,0.9,test,0.547956,0.552,0.846154,0.169231,0.282051,0.033333,0.104
Russia-Ukraine,GOLD,isolation_forest,125,0.52,0.657949,0.696668,0.95,control,0.582159,0.496,1.0,0.030769,0.059701,0.0,0.016
Russia-Ukraine,GOLD,isolation_forest,125,0.52,0.657949,0.696668,0.95,test,0.565971,0.536,1.0,0.107692,0.194444,0.0,0.056
Russia-Ukraine,GOLD,isolation_forest,125,0.52,0.657949,0.696668,0.975,control,0.586031,0.496,1.0,0.030769,0.059701,0.0,0.016
Russia-Ukraine,GOLD,isolation_forest,125,0.52,0.657949,0.696668,0.975,test,0.574622,0.512,1.0,0.061538,0.115942,0.0,0.032
Russia-Ukraine,GOLD,isolation_forest,125,0.52,0.657949,0.696668,0.99,control,0.590442,0.496,1.0,0.030769,0.059701,0.0,0.016
Russia-Ukraine,GOLD,isolation_forest,125,0.52,0.657949,0.696668,0.99,test,0.588689,0.496,1.0,0.030769,0.059701,0.0,0.016
Russia-Ukraine,GOLD,omnianomaly,125,0.52,0.64,0.589142,0.7,control,0.211532,0.632,0.6,0.876923,0.7125,0.633333,0.76
Russia-Ukraine,GOLD,omnianomaly,125,0.52,0.64,0.589142,0.7,test,0.321981,0.512,0.552632,0.323077,0.407767,0.283333,0.304
Russia-Ukraine,GOLD,omnianomaly,125,0.52,0.64,0.589142,0.75,control,0.228281,0.632,0.609195,0.815385,0.697368,0.566667,0.696
Russia-Ukraine,GOLD,omnianomaly,125,0.52,0.64,0.589142,0.75,test,0.328129,0.504,0.548387,0.261538,0.354167,0.233333,0.248
Russia-Ukraine,GOLD,omnianomaly,125,0.52,0.64,0.589142,0.8,control,0.24218,0.656,0.657143,0.707692,0.681481,0.4,0.56
Russia-Ukraine,GOLD,omnianomaly,125,0.52,0.64,0.589142,0.8,test,0.345929,0.488,0.52,0.2,0.288889,0.2,0.2
Russia-Ukraine,GOLD,omnianomaly,125,0.52,0.64,0.589142,0.85,control,0.255366,0.648,0.661538,0.661538,0.661538,0.366667,0.52
Russia-Ukraine,GOLD,omnianomaly,125,0.52,0.64,0.589142,0.85,test,0.367463,0.488,0.526316,0.153846,0.238095,0.15,0.152
Russia-Ukraine,GOLD,omnianomaly,125,0.52,0.64,0.589142,0.9,control,0.267087,0.632,0.650794,0.630769,0.640625,0.366667,0.504
Russia-Ukraine,GOLD,omnianomaly,125,0.52,0.64,0.589142,0.9,test,0.376422,0.504,0.615385,0.123077,0.205128,0.083333,0.104
Russia-Ukraine,GOLD,omnianomaly,125,0.52,0.64,0.589142,0.95,control,0.345568,0.48,0.5,0.2,0.285714,0.216667,0.208
Russia-Ukraine,GOLD,omnianomaly,125,0.52,0.64,0.589142,0.95,test,0.386953,0.472,0.428571,0.046154,0.083333,0.066667,0.056
Russia-Ukraine,GOLD,omnianomaly,125,0.52,0.64,0.589142,0.975,control,0.373718,0.512,0.642857,0.138462,0.227848,0.083333,0.112
Russia-Ukraine,GOLD,omnianomaly,125,0.52,0.64,0.589142,0.975,test,0.396451,0.464,0.25,0.015385,0.028986,0.05,0.032
Russia-Ukraine,GOLD,omnianomaly,125,0.52,0.64,0.589142,0.99,control,0.386121,0.472,0.444444,0.061538,0.108108,0.083333,0.072
Russia-Ukraine,GOLD,omnianomaly,125,0.52,0.64,0.589142,0.99,test,0.420384,0.464,0.0,0.0,0.0,0.033333,0.016
Russia-Ukraine,GOLD,one_class_svm,125,0.52,0.450256,0.491554,0.7,control,-0.125734,0.48,0.5,0.015385,0.029851,0.016667,0.016
Russia-Ukraine,GOLD,one_class_svm,125,0.52,0.450256,0.491554,0.7,test,-0.90931,0.464,0.473684,0.276923,0.349515,0.333333,0.304
Russia-Ukraine,GOLD,one_class_svm,125,0.52,0.450256,0.491554,0.75,control,-0.102737,0.48,0.5,0.015385,0.029851,0.016667,0.016
Russia-Ukraine,GOLD,one_class_svm,125,0.52,0.450256,0.491554,0.75,test,-0.757779,0.44,0.419355,0.2,0.270833,0.3,0.248
Russia-Ukraine,GOLD,one_class_svm,125,0.52,0.450256,0.491554,0.8,control,-0.049339,0.48,0.5,0.015385,0.029851,0.016667,0.016
Russia-Ukraine,GOLD,one_class_svm,125,0.52,0.450256,0.491554,0.8,test,-0.62409,0.472,0.48,0.184615,0.266667,0.216667,0.2
Russia-Ukraine,GOLD,one_class_svm,125,0.52,0.450256,0.491554,0.85,control,0.029319,0.48,0.0,0.0,0.0,0.0,0.0
Russia-Ukraine,GOLD,one_class_svm,125,0.52,0.450256,0.491554,0.85,test,-0.510969,0.504,0.578947,0.169231,0.261905,0.133333,0.152
Russia-Ukraine,GOLD,one_class_svm,125,0.52,0.450256,0.491554,0.9,control,0.180358,0.48,0.0,0.0,0.0,0.0,0.0
Russia-Ukraine,GOLD,one_class_svm,125,0.52,0.450256,0.491554,0.9,test,-0.386098,0.472,0.461538,0.092308,0.153846,0.116667,0.104
Russia-Ukraine,GOLD,one_class_svm,125,0.52,0.450256,0.491554,0.95,control,0.357573,0.48,0.0,0.0,0.0,0.0,0.0
Russia-Ukraine,GOLD,one_class_svm,125,0.52,0.450256,0.491554,0.95,test,-0.287732,0.456,0.285714,0.030769,0.055556,0.083333,0.056
Russia-Ukraine,GOLD,one_class_svm,125,0.52,0.450256,0.491554,0.975,control,0.420192,0.48,0.0,0.0,0.0,0.0,0.0
Russia-Ukraine,GOLD,one_class_svm,125,0.52,0.450256,0.491554,0.975,test,-0.234207,0.48,0.5,0.030769,0.057971,0.033333,0.032
Russia-Ukraine,GOLD,one_class_svm,125,0.52,0.450256,0.491554,0.99,control,0.553271,0.48,0.0,0.0,0.0,0.0,0.0
Russia-Ukraine,GOLD,one_class_svm,125,0.52,0.450256,0.491554,0.99,test,-0.062309,0.48,0.5,0.015385,0.029851,0.016667,0.016
Russia-Ukraine,GOLD,standalone_fanogan,125,0.52,0.481026,0.486767,0.7,control,0.172715,0.472,0.481481,0.2,0.282609,0.233333,0.216
Russia-Ukraine,GOLD,standalone_fanogan,125,0.52,0.481026,0.486767,0.7,test,0.144432,0.464,0.473684,0.276923,0.349515,0.333333,0.304
Russia-Ukraine,GOLD,standalone_fanogan,125,0.52,0.481026,0.486767,0.75,control,0.181761,0.448,0.416667,0.153846,0.224719,0.233333,0.192
Russia-Ukraine,GOLD,standalone_fanogan,125,0.52,0.481026,0.486767,0.75,test,0.155546,0.456,0.451613,0.215385,0.291667,0.283333,0.248
Russia-Ukraine,GOLD,standalone_fanogan,125,0.52,0.481026,0.486767,0.8,control,0.192728,0.432,0.35,0.107692,0.164706,0.216667,0.16
Russia-Ukraine,GOLD,standalone_fanogan,125,0.52,0.481026,0.486767,0.8,test,0.175342,0.456,0.44,0.169231,0.244444,0.233333,0.2
Russia-Ukraine,GOLD,standalone_fanogan,125,0.52,0.481026,0.486767,0.85,control,0.200013,0.432,0.35,0.107692,0.164706,0.216667,0.16
Russia-Ukraine,GOLD,standalone_fanogan,125,0.52,0.481026,0.486767,0.85,test,0.205973,0.424,0.315789,0.092308,0.142857,0.216667,0.152
Russia-Ukraine,GOLD,standalone_fanogan,125,0.52,0.481026,0.486767,0.9,control,0.22068,0.432,0.285714,0.061538,0.101266,0.166667,0.112
Russia-Ukraine,GOLD,standalone_fanogan,125,0.52,0.481026,0.486767,0.9,test,0.232243,0.44,0.307692,0.061538,0.102564,0.15,0.104
Russia-Ukraine,GOLD,standalone_fanogan,125,0.52,0.481026,0.486767,0.95,control,0.253762,0.424,0.181818,0.030769,0.052632,0.15,0.088
Russia-Ukraine,GOLD,standalone_fanogan,125,0.52,0.481026,0.486767,0.95,test,0.280882,0.456,0.285714,0.030769,0.055556,0.083333,0.056
Russia-Ukraine,GOLD,standalone_fanogan,125,0.52,0.481026,0.486767,0.975,control,0.265909,0.424,0.181818,0.030769,0.052632,0.15,0.088
Russia-Ukraine,GOLD,standalone_fanogan,125,0.52,0.481026,0.486767,0.975,test,0.285835,0.464,0.25,0.015385,0.028986,0.05,0.032
Russia-Ukraine,GOLD,standalone_fanogan,125,0.52,0.481026,0.486767,0.99,control,0.307689,0.464,0.0,0.0,0.0,0.033333,0.016
Russia-Ukraine,GOLD,standalone_fanogan,125,0.52,0.481026,0.486767,0.99,test,0.314153,0.464,0.0,0.0,0.0,0.033333,0.016
Russia-Ukraine,GOLD,tranad,125,0.52,0.327692,0.40998,0.7,control,0.023958,0.512,0.516129,0.984615,0.677249,1.0,0.992
Russia-Ukraine,GOLD,tranad,125,0.52,0.327692,0.40998,0.7,test,0.072771,0.368,0.315789,0.184615,0.23301,0.433333,0.304
Russia-Ukraine,GOLD,tranad,125,0.52,0.327692,0.40998,0.75,control,0.02481,0.504,0.512195,0.969231,0.670213,1.0,0.984
Russia-Ukraine,GOLD,tranad,125,0.52,0.327692,0.40998,0.75,test,0.079983,0.36,0.258065,0.123077,0.166667,0.383333,0.248
Russia-Ukraine,GOLD,tranad,125,0.52,0.327692,0.40998,0.8,control,0.026836,0.48,0.5,0.907692,0.644809,0.983333,0.944
Russia-Ukraine,GOLD,tranad,125,0.52,0.327692,0.40998,0.8,test,0.093998,0.36,0.2,0.076923,0.111111,0.333333,0.2
Russia-Ukraine,GOLD,tranad,125,0.52,0.327692,0.40998,0.85,control,0.02876,0.48,0.5,0.876923,0.636872,0.95,0.912
Russia-Ukraine,GOLD,tranad,125,0.52,0.327692,0.40998,0.85,test,0.0987,0.376,0.157895,0.046154,0.071429,0.266667,0.152
Russia-Ukraine,GOLD,tranad,125,0.52,0.327692,0.40998,0.9,control,0.031854,0.504,0.514851,0.8,0.626506,0.816667,0.808
Russia-Ukraine,GOLD,tranad,125,0.52,0.327692,0.40998,0.9,test,0.10491,0.392,0.076923,0.015385,0.025641,0.2,0.104
Russia-Ukraine,GOLD,tranad,125,0.52,0.327692,0.40998,0.95,control,0.038564,0.416,0.454545,0.615385,0.522876,0.8,0.704
Russia-Ukraine,GOLD,tranad,125,0.52,0.327692,0.40998,0.95,test,0.116281,0.44,0.142857,0.015385,0.027778,0.1,0.056
Russia-Ukraine,GOLD,tranad,125,0.52,0.327692,0.40998,0.975,control,0.04487,0.424,0.457831,0.584615,0.513514,0.75,0.664
Russia-Ukraine,GOLD,tranad,125,0.52,0.327692,0.40998,0.975,test,0.11879,0.464,0.25,0.015385,0.028986,0.05,0.032
Russia-Ukraine,GOLD,tranad,125,0.52,0.327692,0.40998,0.99,control,0.046779,0.408,0.443038,0.538462,0.486111,0.733333,0.632
Russia-Ukraine,GOLD,tranad,125,0.52,0.327692,0.40998,0.99,test,0.124894,0.464,0.0,0.0,0.0,0.033333,0.016
Russia-Ukraine,GOLD,usad,125,0.52,0.31641,0.443651,0.7,control,1.365483,0.424,0.405405,0.230769,0.294118,0.366667,0.296
Russia-Ukraine,GOLD,usad,125,0.52,0.31641,0.443651,0.7,test,1.355737,0.416,0.394737,0.230769,0.291262,0.383333,0.304
Russia-Ukraine,GOLD,usad,125,0.52,0.31641,0.443651,0.75,control,1.415306,0.464,0.454545,0.153846,0.229885,0.2,0.176
Russia-Ukraine,GOLD,usad,125,0.52,0.31641,0.443651,0.75,test,1.373995,0.44,0.419355,0.2,0.270833,0.3,0.248
Russia-Ukraine,GOLD,usad,125,0.52,0.31641,0.443651,0.8,control,1.455901,0.48,0.5,0.092308,0.155844,0.1,0.096
Russia-Ukraine,GOLD,usad,125,0.52,0.31641,0.443651,0.8,test,1.397008,0.456,0.44,0.169231,0.244444,0.233333,0.2
Russia-Ukraine,GOLD,usad,125,0.52,0.31641,0.443651,0.85,control,1.470843,0.472,0.444444,0.061538,0.108108,0.083333,0.072
Russia-Ukraine,GOLD,usad,125,0.52,0.31641,0.443651,0.85,test,1.429556,0.456,0.421053,0.123077,0.190476,0.183333,0.152
Russia-Ukraine,GOLD,usad,125,0.52,0.31641,0.443651,0.9,control,1.495118,0.464,0.375,0.046154,0.082192,0.083333,0.064
Russia-Ukraine,GOLD,usad,125,0.52,0.31641,0.443651,0.9,test,1.453357,0.488,0.538462,0.107692,0.179487,0.1,0.104
Russia-Ukraine,GOLD,usad,125,0.52,0.31641,0.443651,0.95,control,1.517883,0.48,0.5,0.030769,0.057971,0.033333,0.032
Russia-Ukraine,GOLD,usad,125,0.52,0.31641,0.443651,0.95,test,1.499668,0.456,0.285714,0.030769,0.055556,0.083333,0.056
Russia-Ukraine,GOLD,usad,125,0.52,0.31641,0.443651,0.975,control,1.566898,0.48,0.5,0.015385,0.029851,0.016667,0.016
Russia-Ukraine,GOLD,usad,125,0.52,0.31641,0.443651,0.975,test,1.541392,0.48,0.5,0.030769,0.057971,0.033333,0.032
Russia-Ukraine,GOLD,usad,125,0.52,0.31641,0.443651,0.99,control,1.675286,0.48,0.0,0.0,0.0,0.0,0.0
Russia-Ukraine,GOLD,usad,125,0.52,0.31641,0.443651,0.99,test,1.605028,0.48,0.5,0.015385,0.029851,0.016667,0.016
Russia-Ukraine,GOLD,vae,125,0.52,0.588205,0.588032,0.7,test,0.33624,0.528,0.578947,0.338462,0.427184,0.266667,0.304
Russia-Ukraine,GOLD,vae,125,0.52,0.588205,0.588032,0.75,test,0.357187,0.536,0.612903,0.292308,0.395833,0.2,0.248
Russia-Ukraine,GOLD,vae,125,0.52,0.588205,0.588032,0.8,test,0.389215,0.52,0.6,0.230769,0.333333,0.166667,0.2
Russia-Ukraine,GOLD,vae,125,0.52,0.588205,0.588032,0.85,test,0.40524,0.504,0.578947,0.169231,0.261905,0.133333,0.152
Russia-Ukraine,GOLD,vae,125,0.52,0.588205,0.588032,0.9,test,0.433919,0.488,0.538462,0.107692,0.179487,0.1,0.104
Russia-Ukraine,GOLD,vae,125,0.52,0.588205,0.588032,0.95,test,0.467462,0.504,0.714286,0.076923,0.138889,0.033333,0.056
Russia-Ukraine,GOLD,vae,125,0.52,0.588205,0.588032,0.975,test,0.496392,0.48,0.5,0.030769,0.057971,0.033333,0.032
Russia-Ukraine,GOLD,vae,125,0.52,0.588205,0.588032,0.99,test,0.522237,0.48,0.5,0.015385,0.029851,0.016667,0.016
Russia-Ukraine,EURUSD,anomaly_transformer,130,0.507692,0.515388,0.516619,0.7,control,0.001434,0.538462,0.565217,0.393939,0.464286,0.3125,0.353846
Russia-Ukraine,EURUSD,anomaly_transformer,130,0.507692,0.515388,0.516619,0.7,test,0.002425,0.5,0.512821,0.30303,0.380952,0.296875,0.3
Russia-Ukraine,EURUSD,anomaly_transformer,130,0.507692,0.515388,0.516619,0.75,control,0.001691,0.530769,0.555556,0.378788,0.45045,0.3125,0.346154
Russia-Ukraine,EURUSD,anomaly_transformer,130,0.507692,0.515388,0.516619,0.75,test,0.003006,0.469231,0.454545,0.227273,0.30303,0.28125,0.253846
Russia-Ukraine,EURUSD,anomaly_transformer,130,0.507692,0.515388,0.516619,0.8,control,0.001764,0.530769,0.55814,0.363636,0.440367,0.296875,0.330769
Russia-Ukraine,EURUSD,anomaly_transformer,130,0.507692,0.515388,0.516619,0.8,test,0.003381,0.461538,0.423077,0.166667,0.23913,0.234375,0.2
Russia-Ukraine,EURUSD,anomaly_transformer,130,0.507692,0.515388,0.516619,0.85,control,0.002032,0.523077,0.547619,0.348485,0.425926,0.296875,0.323077
Russia-Ukraine,EURUSD,anomaly_transformer,130,0.507692,0.515388,0.516619,0.85,test,0.004381,0.476923,0.45,0.136364,0.209302,0.171875,0.153846
Russia-Ukraine,EURUSD,anomaly_transformer,130,0.507692,0.515388,0.516619,0.9,control,0.002954,0.476923,0.472222,0.257576,0.333333,0.296875,0.276923
Russia-Ukraine,EURUSD,anomaly_transformer,130,0.507692,0.515388,0.516619,0.9,test,0.005269,0.453846,0.307692,0.060606,0.101266,0.140625,0.1
Russia-Ukraine,EURUSD,anomaly_transformer,130,0.507692,0.515388,0.516619,0.95,control,0.005197,0.469231,0.4,0.090909,0.148148,0.140625,0.115385
Russia-Ukraine,EURUSD,anomaly_transformer,130,0.507692,0.515388,0.516619,0.95,test,0.008462,0.484615,0.428571,0.045455,0.082192,0.0625,0.053846
Russia-Ukraine,EURUSD,anomaly_transformer,130,0.507692,0.515388,0.516619,0.975,control,0.009203,0.492308,0.5,0.045455,0.083333,0.046875,0.046154
Russia-Ukraine,EURUSD,anomaly_transformer,130,0.507692,0.515388,0.516619,0.975,test,0.013526,0.492308,0.5,0.030303,0.057143,0.03125,0.030769
Russia-Ukraine,EURUSD,anomaly_transformer,130,0.507692,0.515388,0.516619,0.99,control,0.012612,0.492308,0.5,0.030303,0.057143,0.03125,0.030769
Russia-Ukraine,EURUSD,anomaly_transformer,130,0.507692,0.515388,0.516619,0.99,test,0.015972,0.492308,0.5,0.015152,0.029412,0.015625,0.015385
Russia-Ukraine,EURUSD,autoencoder,130,0.507692,0.398674,0.547844,0.7,test,0.099468,0.515385,0.538462,0.318182,0.4,0.28125,0.3
Russia-Ukraine,EURUSD,autoencoder,130,0.507692,0.398674,0.547844,0.75,test,0.106134,0.546154,0.606061,0.30303,0.40404,0.203125,0.253846
Russia-Ukraine,EURUSD,autoencoder,130,0.507692,0.398674,0.547844,0.8,test,0.111216,0.553846,0.653846,0.257576,0.369565,0.140625,0.2
Russia-Ukraine,EURUSD,autoencoder,130,0.507692,0.398674,0.547844,0.85,test,0.116025,0.553846,0.7,0.212121,0.325581,0.09375,0.153846
Russia-Ukraine,EURUSD,autoencoder,130,0.507692,0.398674,0.547844,0.9,test,0.131474,0.546154,0.769231,0.151515,0.253165,0.046875,0.1
Russia-Ukraine,EURUSD,autoencoder,130,0.507692,0.398674,0.547844,0.95,test,0.145353,0.515385,0.714286,0.075758,0.136986,0.03125,0.053846
Russia-Ukraine,EURUSD,autoencoder,130,0.507692,0.398674,0.547844,0.975,test,0.151163,0.523077,1.0,0.060606,0.114286,0.0,0.030769
Russia-Ukraine,EURUSD,autoencoder,130,0.507692,0.398674,0.547844,0.99,test,0.159501,0.507692,1.0,0.030303,0.058824,0.0,0.015385
Russia-Ukraine,EURUSD,cnn_autoencoder,130,0.507692,0.333097,0.448891,0.7,test,0.006826,0.376923,0.307692,0.181818,0.228571,0.421875,0.3
Russia-Ukraine,EURUSD,cnn_autoencoder,130,0.507692,0.333097,0.448891,0.75,test,0.007243,0.407692,0.333333,0.166667,0.222222,0.34375,0.253846
Russia-Ukraine,EURUSD,cnn_autoencoder,130,0.507692,0.333097,0.448891,0.8,test,0.007837,0.430769,0.346154,0.136364,0.195652,0.265625,0.2
Russia-Ukraine,EURUSD,cnn_autoencoder,130,0.507692,0.333097,0.448891,0.85,test,0.00854,0.461538,0.4,0.121212,0.186047,0.1875,0.153846
Russia-Ukraine,EURUSD,cnn_autoencoder,130,0.507692,0.333097,0.448891,0.9,test,0.009157,0.469231,0.384615,0.075758,0.126582,0.125,0.1
Russia-Ukraine,EURUSD,cnn_autoencoder,130,0.507692,0.333097,0.448891,0.95,test,0.010541,0.484615,0.428571,0.045455,0.082192,0.0625,0.053846
Russia-Ukraine,EURUSD,cnn_autoencoder,130,0.507692,0.333097,0.448891,0.975,test,0.014307,0.507692,0.75,0.045455,0.085714,0.015625,0.030769
Russia-Ukraine,EURUSD,cnn_autoencoder,130,0.507692,0.333097,0.448891,0.99,test,0.019216,0.507692,1.0,0.030303,0.058824,0.0,0.015385
Russia-Ukraine,EURUSD,dagmm,130,0.507692,0.485559,0.501682,0.7,control,-3.528515,0.5,0.510204,0.378788,0.434783,0.375,0.376923
Russia-Ukraine,EURUSD,dagmm,130,0.507692,0.485559,0.501682,0.7,test,-3.219798,0.453846,0.435897,0.257576,0.32381,0.34375,0.3
Russia-Ukraine,EURUSD,dagmm,130,0.507692,0.485559,0.501682,0.75,control,-2.279564,0.484615,0.482759,0.212121,0.294737,0.234375,0.223077
Russia-Ukraine,EURUSD,dagmm,130,0.507692,0.485559,0.501682,0.75,test,-2.685705,0.469231,0.454545,0.227273,0.30303,0.28125,0.253846
Russia-Ukraine,EURUSD,dagmm,130,0.507692,0.485559,0.501682,0.8,control,-1.134894,0.484615,0.461538,0.090909,0.151899,0.109375,0.1
Russia-Ukraine,EURUSD,dagmm,130,0.507692,0.485559,0.501682,0.8,test,-2.223079,0.476923,0.461538,0.181818,0.26087,0.21875,0.2
Russia-Ukraine,EURUSD,dagmm,130,0.507692,0.485559,0.501682,0.85,control,-0.092474,0.5,0.545455,0.090909,0.155844,0.078125,0.084615
Russia-Ukraine,EURUSD,dagmm,130,0.507692,0.485559,0.501682,0.85,test,-1.888696,0.461538,0.4,0.121212,0.186047,0.1875,0.153846
Russia-Ukraine,EURUSD,dagmm,130,0.507692,0.485559,0.501682,0.9,control,1.677318,0.492308,0.5,0.030303,0.057143,0.03125,0.030769
Russia-Ukraine,EURUSD,dagmm,130,0.507692,0.485559,0.501682,0.9,test,-1.138326,0.484615,0.461538,0.090909,0.151899,0.109375,0.1
Russia-Ukraine,EURUSD,dagmm,130,0.507692,0.485559,0.501682,0.95,control,5.793731,0.492308,0.0,0.0,0.0,0.0,0.0
Russia-Ukraine,EURUSD,dagmm,130,0.507692,0.485559,0.501682,0.95,test,0.816552,0.484615,0.428571,0.045455,0.082192,0.0625,0.053846
Russia-Ukraine,EURUSD,dagmm,130,0.507692,0.485559,0.501682,0.975,control,12.777149,0.492308,0.0,0.0,0.0,0.0,0.0
Russia-Ukraine,EURUSD,dagmm,130,0.507692,0.485559,0.501682,0.975,test,2.534017,0.492308,0.5,0.030303,0.057143,0.03125,0.030769
Russia-Ukraine,EURUSD,dagmm,130,0.507692,0.485559,0.501682,0.99,control,14.781292,0.492308,0.0,0.0,0.0,0.0,0.0
Russia-Ukraine,EURUSD,dagmm,130,0.507692,0.485559,0.501682,0.99,test,3.174469,0.492308,0.5,0.015152,0.029412,0.015625,0.015385
Russia-Ukraine,EURUSD,deep_svdd,130,0.507692,0.380445,0.443063,0.7,control,0.000288,0.438462,0.466667,0.742424,0.573099,0.875,0.807692
Russia-Ukraine,EURUSD,deep_svdd,130,0.507692,0.380445,0.443063,0.7,test,0.000679,0.438462,0.410256,0.242424,0.304762,0.359375,0.3
Russia-Ukraine,EURUSD,deep_svdd,130,0.507692,0.380445,0.443063,0.75,control,0.000319,0.407692,0.443299,0.651515,0.527607,0.84375,0.746154
Russia-Ukraine,EURUSD,deep_svdd,130,0.507692,0.380445,0.443063,0.75,test,0.000726,0.423077,0.363636,0.181818,0.242424,0.328125,0.253846
Russia-Ukraine,EURUSD,deep_svdd,130,0.507692,0.380445,0.443063,0.8,control,0.000353,0.415385,0.444444,0.606061,0.512821,0.78125,0.692308
Russia-Ukraine,EURUSD,deep_svdd,130,0.507692,0.380445,0.443063,0.8,test,0.000762,0.446154,0.384615,0.151515,0.217391,0.25,0.2
Russia-Ukraine,EURUSD,deep_svdd,130,0.507692,0.380445,0.443063,0.85,control,0.000419,0.4,0.423077,0.5,0.458333,0.703125,0.6
Russia-Ukraine,EURUSD,deep_svdd,130,0.507692,0.380445,0.443063,0.85,test,0.000838,0.446154,0.35,0.106061,0.162791,0.203125,0.153846
Russia-Ukraine,EURUSD,deep_svdd,130,0.507692,0.380445,0.443063,0.9,control,0.000468,0.415385,0.426471,0.439394,0.432836,0.609375,0.523077
Russia-Ukraine,EURUSD,deep_svdd,130,0.507692,0.380445,0.443063,0.9,test,0.001009,0.469231,0.384615,0.075758,0.126582,0.125,0.1
Russia-Ukraine,EURUSD,deep_svdd,130,0.507692,0.380445,0.443063,0.95,control,0.000534,0.430769,0.433333,0.393939,0.412698,0.53125,0.461538
Russia-Ukraine,EURUSD,deep_svdd,130,0.507692,0.380445,0.443063,0.95,test,0.001103,0.484615,0.428571,0.045455,0.082192,0.0625,0.053846
Russia-Ukraine,EURUSD,deep_svdd,130,0.507692,0.380445,0.443063,0.975,control,0.000576,0.446154,0.444444,0.363636,0.4,0.46875,0.415385
Russia-Ukraine,EURUSD,deep_svdd,130,0.507692,0.380445,0.443063,0.975,test,0.001207,0.492308,0.5,0.030303,0.057143,0.03125,0.030769
Russia-Ukraine,EURUSD,deep_svdd,130,0.507692,0.380445,0.443063,0.99,control,0.000698,0.430769,0.394737,0.227273,0.288462,0.359375,0.292308
Russia-Ukraine,EURUSD,deep_svdd,130,0.507692,0.380445,0.443063,0.99,test,0.001298,0.476923,0.0,0.0,0.0,0.03125,0.015385
Russia-Ukraine,EURUSD,hybrid2,130,0.507692,0.415246,0.515994,0.7,control,0.149828,0.461538,0.456522,0.318182,0.375,0.390625,0.353846
Russia-Ukraine,EURUSD,hybrid2,130,0.507692,0.415246,0.515994,0.7,test,0.157221,0.5,0.512821,0.30303,0.380952,0.296875,0.3
Russia-Ukraine,EURUSD,hybrid2,130,0.507692,0.415246,0.515994,0.75,control,0.156685,0.492308,0.5,0.30303,0.377358,0.3125,0.307692
Russia-Ukraine,EURUSD,hybrid2,130,0.507692,0.415246,0.515994,0.75,test,0.178313,0.484615,0.484848,0.242424,0.323232,0.265625,0.253846
Russia-Ukraine,EURUSD,hybrid2,130,0.507692,0.415246,0.515994,0.8,control,0.165479,0.476923,0.472222,0.257576,0.333333,0.296875,0.276923
Russia-Ukraine,EURUSD,hybrid2,130,0.507692,0.415246,0.515994,0.8,test,0.190866,0.523077,0.576923,0.227273,0.326087,0.171875,0.2
Russia-Ukraine,EURUSD,hybrid2,130,0.507692,0.415246,0.515994,0.85,control,0.177757,0.492308,0.5,0.257576,0.34,0.265625,0.261538
Russia-Ukraine,EURUSD,hybrid2,130,0.507692,0.415246,0.515994,0.85,test,0.214926,0.538462,0.65,0.19697,0.302326,0.109375,0.153846
Russia-Ukraine,EURUSD,hybrid2,130,0.507692,0.415246,0.515994,0.9,control,0.198462,0.523077,0.576923,0.227273,0.326087,0.171875,0.2
Russia-Ukraine,EURUSD,hybrid2,130,0.507692,0.415246,0.515994,0.9,test,0.238153,0.530769,0.692308,0.136364,0.227848,0.0625,0.1
Russia-Ukraine,EURUSD,hybrid2,130,0.507692,0.415246,0.515994,0.95,control,0.243971,0.523077,0.666667,0.121212,0.205128,0.0625,0.092308
Russia-Ukraine,EURUSD,hybrid2,130,0.507692,0.415246,0.515994,0.95,test,0.294635,0.515385,0.714286,0.075758,0.136986,0.03125,0.053846
Russia-Ukraine,EURUSD,hybrid2,130,0.507692,0.415246,0.515994,0.975,control,0.262981,0.523077,0.7,0.106061,0.184211,0.046875,0.076923
Russia-Ukraine,EURUSD,hybrid2,130,0.507692,0.415246,0.515994,0.975,test,0.346702,0.492308,0.5,0.030303,0.057143,0.03125,0.030769
Russia-Ukraine,EURUSD,hybrid2,130,0.507692,0.415246,0.515994,0.99,control,0.347042,0.492308,0.5,0.030303,0.057143,0.03125,0.030769
Russia-Ukraine,EURUSD,hybrid2,130,0.507692,0.415246,0.515994,0.99,test,0.366203,0.492308,0.5,0.015152,0.029412,0.015625,0.015385
Russia-Ukraine,EURUSD,isolation_forest,130,0.507692,0.455729,0.501637,0.7,control,0.525589,0.484615,0.461538,0.090909,0.151899,0.109375,0.1
Russia-Ukraine,EURUSD,isolation_forest,130,0.507692,0.455729,0.501637,0.7,test,0.513028,0.407692,0.358974,0.212121,0.266667,0.390625,0.3
Russia-Ukraine,EURUSD,isolation_forest,130,0.507692,0.455729,0.501637,0.75,control,0.532527,0.5,0.555556,0.075758,0.133333,0.0625,0.069231
Russia-Ukraine,EURUSD,isolation_forest,130,0.507692,0.455729,0.501637,0.75,test,0.515514,0.407692,0.333333,0.166667,0.222222,0.34375,0.253846
Russia-Ukraine,EURUSD,isolation_forest,130,0.507692,0.455729,0.501637,0.8,control,0.538408,0.5,0.571429,0.060606,0.109589,0.046875,0.053846
Russia-Ukraine,EURUSD,isolation_forest,130,0.507692,0.455729,0.501637,0.8,test,0.518877,0.415385,0.307692,0.121212,0.173913,0.28125,0.2
Russia-Ukraine,EURUSD,isolation_forest,130,0.507692,0.455729,0.501637,0.85,control,0.541069,0.5,0.571429,0.060606,0.109589,0.046875,0.053846
Russia-Ukraine,EURUSD,isolation_forest,130,0.507692,0.455729,0.501637,0.85,test,0.521886,0.446154,0.35,0.106061,0.162791,0.203125,0.153846
Russia-Ukraine,EURUSD,isolation_forest,130,0.507692,0.455729,0.501637,0.9,control,0.548158,0.515385,1.0,0.045455,0.086957,0.0,0.023077
Russia-Ukraine,EURUSD,isolation_forest,130,0.507692,0.455729,0.501637,0.9,test,0.525747,0.484615,0.461538,0.090909,0.151899,0.109375,0.1
Russia-Ukraine,EURUSD,isolation_forest,130,0.507692,0.455729,0.501637,0.95,control,0.55841,0.492308,0.0,0.0,0.0,0.0,0.0
Russia-Ukraine,EURUSD,isolation_forest,130,0.507692,0.455729,0.501637,0.95,test,0.538799,0.5,0.571429,0.060606,0.109589,0.046875,0.053846
Russia-Ukraine,EURUSD,isolation_forest,130,0.507692,0.455729,0.501637,0.975,control,0.568499,0.492308,0.0,0.0,0.0,0.0,0.0
Russia-Ukraine,EURUSD,isolation_forest,130,0.507692,0.455729,0.501637,0.975,test,0.543854,0.507692,0.75,0.045455,0.085714,0.015625,0.030769
Russia-Ukraine,EURUSD,isolation_forest,130,0.507692,0.455729,0.501637,0.99,control,0.57542,0.492308,0.0,0.0,0.0,0.0,0.0
Russia-Ukraine,EURUSD,isolation_forest,130,0.507692,0.455729,0.501637,0.99,test,0.550524,0.507692,1.0,0.030303,0.058824,0.0,0.015385
Russia-Ukraine,EURUSD,omnianomaly,130,0.507692,0.510417,0.50526,0.7,control,0.268266,0.546154,0.539326,0.727273,0.619355,0.640625,0.684615
Russia-Ukraine,EURUSD,omnianomaly,130,0.507692,0.510417,0.50526,0.7,test,0.339568,0.530769,0.564103,0.333333,0.419048,0.265625,0.3
Russia-Ukraine,EURUSD,omnianomaly,130,0.507692,0.510417,0.50526,0.75,control,0.287811,0.561538,0.56338,0.606061,0.583942,0.484375,0.546154
Russia-Ukraine,EURUSD,omnianomaly,130,0.507692,0.510417,0.50526,0.75,test,0.346006,0.5,0.515152,0.257576,0.343434,0.25,0.253846
Russia-Ukraine,EURUSD,omnianomaly,130,0.507692,0.510417,0.50526,0.8,control,0.31251,0.546154,0.561404,0.484848,0.520325,0.390625,0.438462
Russia-Ukraine,EURUSD,omnianomaly,130,0.507692,0.510417,0.50526,0.8,test,0.349421,0.446154,0.384615,0.151515,0.217391,0.25,0.2
Russia-Ukraine,EURUSD,omnianomaly,130,0.507692,0.510417,0.50526,0.85,control,0.332815,0.569231,0.604167,0.439394,0.508772,0.296875,0.369231
Russia-Ukraine,EURUSD,omnianomaly,130,0.507692,0.510417,0.50526,0.85,test,0.356471,0.415385,0.25,0.075758,0.116279,0.234375,0.153846
Russia-Ukraine,EURUSD,omnianomaly,130,0.507692,0.510417,0.50526,0.9,control,0.344708,0.492308,0.5,0.257576,0.34,0.265625,0.261538
Russia-Ukraine,EURUSD,omnianomaly,130,0.507692,0.510417,0.50526,0.9,test,0.382648,0.438462,0.230769,0.045455,0.075949,0.15625,0.1
Russia-Ukraine,EURUSD,omnianomaly,130,0.507692,0.510417,0.50526,0.95,control,0.364838,0.423077,0.235294,0.060606,0.096386,0.203125,0.130769
Russia-Ukraine,EURUSD,omnianomaly,130,0.507692,0.510417,0.50526,0.95,test,0.41478,0.453846,0.142857,0.015152,0.027397,0.09375,0.053846
Russia-Ukraine,EURUSD,omnianomaly,130,0.507692,0.510417,0.50526,0.975,control,0.378319,0.430769,0.214286,0.045455,0.075,0.171875,0.107692
Russia-Ukraine,EURUSD,omnianomaly,130,0.507692,0.510417,0.50526,0.975,test,0.427995,0.476923,0.25,0.015152,0.028571,0.046875,0.030769
Russia-Ukraine,EURUSD,omnianomaly,130,0.507692,0.510417,0.50526,0.99,control,0.391287,0.438462,0.181818,0.030303,0.051948,0.140625,0.084615
Russia-Ukraine,EURUSD,omnianomaly,130,0.507692,0.510417,0.50526,0.99,test,0.433979,0.492308,0.5,0.015152,0.029412,0.015625,0.015385
Russia-Ukraine,EURUSD,one_class_svm,130,0.507692,0.479167,0.543792,0.7,control,-0.100741,0.530769,0.592593,0.242424,0.344086,0.171875,0.207692
Russia-Ukraine,EURUSD,one_class_svm,130,0.507692,0.479167,0.543792,0.7,test,-0.310208,0.469231,0.461538,0.272727,0.342857,0.328125,0.3
Russia-Ukraine,EURUSD,one_class_svm,130,0.507692,0.479167,0.543792,0.75,control,0.029074,0.538462,0.666667,0.181818,0.285714,0.09375,0.138462
Russia-Ukraine,EURUSD,one_class_svm,130,0.507692,0.479167,0.543792,0.75,test,-0.184192,0.5,0.515152,0.257576,0.343434,0.25,0.253846
Russia-Ukraine,EURUSD,one_class_svm,130,0.507692,0.479167,0.543792,0.8,control,0.110442,0.523077,0.7,0.106061,0.184211,0.046875,0.076923
Russia-Ukraine,EURUSD,one_class_svm,130,0.507692,0.479167,0.543792,0.8,test,-0.064698,0.538462,0.615385,0.242424,0.347826,0.15625,0.2
Russia-Ukraine,EURUSD,one_class_svm,130,0.507692,0.479167,0.543792,0.85,control,0.225965,0.5,0.666667,0.030303,0.057971,0.015625,0.023077
Russia-Ukraine,EURUSD,one_class_svm,130,0.507692,0.479167,0.543792,0.85,test,0.0079,0.538462,0.65,0.19697,0.302326,0.109375,0.153846
Russia-Ukraine,EURUSD,one_class_svm,130,0.507692,0.479167,0.543792,0.9,control,0.426116,0.5,1.0,0.015152,0.029851,0.0,0.007692
Russia-Ukraine,EURUSD,one_class_svm,130,0.507692,0.479167,0.543792,0.9,test,0.063025,0.546154,0.769231,0.151515,0.253165,0.046875,0.1
Russia-Ukraine,EURUSD,one_class_svm,130,0.507692,0.479167,0.543792,0.95,control,0.734255,0.492308,0.0,0.0,0.0,0.0,0.0
Russia-Ukraine,EURUSD,one_class_svm,130,0.507692,0.479167,0.543792,0.95,test,0.132756,0.515385,0.714286,0.075758,0.136986,0.03125,0.053846
Russia-Ukraine,EURUSD,one_class_svm,130,0.507692,0.479167,0.543792,0.975,control,0.881573,0.492308,0.0,0.0,0.0,0.0,0.0
Russia-Ukraine,EURUSD,one_class_svm,130,0.507692,0.479167,0.543792,0.975,test,0.219438,0.507692,0.75,0.045455,0.085714,0.015625,0.030769
Russia-Ukraine,EURUSD,one_class_svm,130,0.507692,0.479167,0.543792,0.99,control,0.928465,0.492308,0.0,0.0,0.0,0.0,0.0
Russia-Ukraine,EURUSD,one_class_svm,130,0.507692,0.479167,0.543792,0.99,test,0.256102,0.492308,0.5,0.015152,0.029412,0.015625,0.015385
Russia-Ukraine,EURUSD,standalone_fanogan,130,0.507692,0.415246,0.515994,0.7,control,0.149828,0.461538,0.456522,0.318182,0.375,0.390625,0.353846
Russia-Ukraine,EURUSD,standalone_fanogan,130,0.507692,0.415246,0.515994,0.7,test,0.157221,0.5,0.512821,0.30303,0.380952,0.296875,0.3
Russia-Ukraine,EURUSD,standalone_fanogan,130,0.507692,0.415246,0.515994,0.75,control,0.156685,0.492308,0.5,0.30303,0.377358,0.3125,0.307692
Russia-Ukraine,EURUSD,standalone_fanogan,130,0.507692,0.415246,0.515994,0.75,test,0.178313,0.484615,0.484848,0.242424,0.323232,0.265625,0.253846
Russia-Ukraine,EURUSD,standalone_fanogan,130,0.507692,0.415246,0.515994,0.8,control,0.165479,0.476923,0.472222,0.257576,0.333333,0.296875,0.276923
Russia-Ukraine,EURUSD,standalone_fanogan,130,0.507692,0.415246,0.515994,0.8,test,0.190866,0.523077,0.576923,0.227273,0.326087,0.171875,0.2
Russia-Ukraine,EURUSD,standalone_fanogan,130,0.507692,0.415246,0.515994,0.85,control,0.177757,0.492308,0.5,0.257576,0.34,0.265625,0.261538
Russia-Ukraine,EURUSD,standalone_fanogan,130,0.507692,0.415246,0.515994,0.85,test,0.214926,0.538462,0.65,0.19697,0.302326,0.109375,0.153846
Russia-Ukraine,EURUSD,standalone_fanogan,130,0.507692,0.415246,0.515994,0.9,control,0.198462,0.523077,0.576923,0.227273,0.326087,0.171875,0.2
Russia-Ukraine,EURUSD,standalone_fanogan,130,0.507692,0.415246,0.515994,0.9,test,0.238153,0.530769,0.692308,0.136364,0.227848,0.0625,0.1
Russia-Ukraine,EURUSD,standalone_fanogan,130,0.507692,0.415246,0.515994,0.95,control,0.243971,0.523077,0.666667,0.121212,0.205128,0.0625,0.092308
Russia-Ukraine,EURUSD,standalone_fanogan,130,0.507692,0.415246,0.515994,0.95,test,0.294635,0.515385,0.714286,0.075758,0.136986,0.03125,0.053846
Russia-Ukraine,EURUSD,standalone_fanogan,130,0.507692,0.415246,0.515994,0.975,control,0.262981,0.523077,0.7,0.106061,0.184211,0.046875,0.076923
Russia-Ukraine,EURUSD,standalone_fanogan,130,0.507692,0.415246,0.515994,0.975,test,0.346702,0.492308,0.5,0.030303,0.057143,0.03125,0.030769
Russia-Ukraine,EURUSD,standalone_fanogan,130,0.507692,0.415246,0.515994,0.99,control,0.347042,0.492308,0.5,0.030303,0.057143,0.03125,0.030769
Russia-Ukraine,EURUSD,standalone_fanogan,130,0.507692,0.415246,0.515994,0.99,test,0.366203,0.492308,0.5,0.015152,0.029412,0.015625,0.015385
Russia-Ukraine,EURUSD,tranad,130,0.507692,0.413352,0.516067,0.7,control,0.018821,0.5,0.503876,0.984848,0.666667,1.0,0.992308
Russia-Ukraine,EURUSD,tranad,130,0.507692,0.413352,0.516067,0.7,test,0.075085,0.469231,0.461538,0.272727,0.342857,0.328125,0.3
Russia-Ukraine,EURUSD,tranad,130,0.507692,0.413352,0.516067,0.75,control,0.020327,0.5,0.503876,0.984848,0.666667,1.0,0.992308
Russia-Ukraine,EURUSD,tranad,130,0.507692,0.413352,0.516067,0.75,test,0.082422,0.469231,0.454545,0.227273,0.30303,0.28125,0.253846
Russia-Ukraine,EURUSD,tranad,130,0.507692,0.413352,0.516067,0.8,control,0.022042,0.5,0.503876,0.984848,0.666667,1.0,0.992308
Russia-Ukraine,EURUSD,tranad,130,0.507692,0.413352,0.516067,0.8,test,0.085599,0.492308,0.5,0.19697,0.282609,0.203125,0.2
Russia-Ukraine,EURUSD,tranad,130,0.507692,0.413352,0.516067,0.85,control,0.023644,0.5,0.503876,0.984848,0.666667,1.0,0.992308
Russia-Ukraine,EURUSD,tranad,130,0.507692,0.413352,0.516067,0.85,test,0.088038,0.523077,0.6,0.181818,0.27907,0.125,0.153846
Russia-Ukraine,EURUSD,tranad,130,0.507692,0.413352,0.516067,0.9,control,0.026876,0.492308,0.5,0.939394,0.652632,0.96875,0.953846
Russia-Ukraine,EURUSD,tranad,130,0.507692,0.413352,0.516067,0.9,test,0.091438,0.515385,0.615385,0.121212,0.202532,0.078125,0.1
Russia-Ukraine,EURUSD,tranad,130,0.507692,0.413352,0.516067,0.95,control,0.029816,0.461538,0.482759,0.848485,0.615385,0.9375,0.892308
Russia-Ukraine,EURUSD,tranad,130,0.507692,0.413352,0.516067,0.95,test,0.098747,0.530769,0.857143,0.090909,0.164384,0.015625,0.053846
Russia-Ukraine,EURUSD,tranad,130,0.507692,0.413352,0.516067,0.975,control,0.031949,0.446154,0.473214,0.80303,0.595506,0.921875,0.861538
Russia-Ukraine,EURUSD,tranad,130,0.507692,0.413352,0.516067,0.975,test,0.108649,0.507692,0.75,0.045455,0.085714,0.015625,0.030769
Russia-Ukraine,EURUSD,tranad,130,0.507692,0.413352,0.516067,0.99,control,0.033975,0.446154,0.472727,0.787879,0.590909,0.90625,0.846154
Russia-Ukraine,EURUSD,tranad,130,0.507692,0.413352,0.516067,0.99,test,0.112064,0.507692,1.0,0.030303,0.058824,0.0,0.015385
Russia-Ukraine,EURUSD,usad,130,0.507692,0.509943,0.508454,0.7,control,1.379179,0.523077,0.541667,0.393939,0.45614,0.34375,0.369231
Russia-Ukraine,EURUSD,usad,130,0.507692,0.509943,0.508454,0.7,test,1.429927,0.546154,0.589744,0.348485,0.438095,0.25,0.3
Russia-Ukraine,EURUSD,usad,130,0.507692,0.509943,0.508454,0.75,control,1.400719,0.523077,0.545455,0.363636,0.436364,0.3125,0.338462
Russia-Ukraine,EURUSD,usad,130,0.507692,0.509943,0.508454,0.75,test,1.453767,0.546154,0.606061,0.30303,0.40404,0.203125,0.253846
Russia-Ukraine,EURUSD,usad,130,0.507692,0.509943,0.508454,0.8,control,1.44814,0.553846,0.611111,0.333333,0.431373,0.21875,0.276923
Russia-Ukraine,EURUSD,usad,130,0.507692,0.509943,0.508454,0.8,test,1.472762,0.538462,0.615385,0.242424,0.347826,0.15625,0.2
Russia-Ukraine,EURUSD,usad,130,0.507692,0.509943,0.508454,0.85,control,1.464146,0.546154,0.62069,0.272727,0.378947,0.171875,0.223077
Russia-Ukraine,EURUSD,usad,130,0.507692,0.509943,0.508454,0.85,test,1.477778,0.492308,0.5,0.151515,0.232558,0.15625,0.153846
Russia-Ukraine,EURUSD,usad,130,0.507692,0.509943,0.508454,0.9,control,1.499794,0.453846,0.333333,0.075758,0.123457,0.15625,0.115385
Russia-Ukraine,EURUSD,usad,130,0.507692,0.509943,0.508454,0.9,test,1.53732,0.469231,0.384615,0.075758,0.126582,0.125,0.1
Russia-Ukraine,EURUSD,usad,130,0.507692,0.509943,0.508454,0.95,control,1.551628,0.461538,0.333333,0.060606,0.102564,0.125,0.092308
Russia-Ukraine,EURUSD,usad,130,0.507692,0.509943,0.508454,0.95,test,1.630078,0.453846,0.142857,0.015152,0.027397,0.09375,0.053846
Russia-Ukraine,EURUSD,usad,130,0.507692,0.509943,0.508454,0.975,control,1.565285,0.461538,0.333333,0.060606,0.102564,0.125,0.092308
Russia-Ukraine,EURUSD,usad,130,0.507692,0.509943,0.508454,0.975,test,1.692855,0.461538,0.0,0.0,0.0,0.0625,0.030769
Russia-Ukraine,EURUSD,usad,130,0.507692,0.509943,0.508454,0.99,control,1.581778,0.453846,0.222222,0.030303,0.053333,0.109375,0.069231
Russia-Ukraine,EURUSD,usad,130,0.507692,0.509943,0.508454,0.99,test,1.726244,0.476923,0.0,0.0,0.0,0.03125,0.015385
Russia-Ukraine,EURUSD,vae,130,0.507692,0.414536,0.467366,0.7,test,0.341383,0.484615,0.487179,0.287879,0.361905,0.3125,0.3
Russia-Ukraine,EURUSD,vae,130,0.507692,0.414536,0.467366,0.75,test,0.356055,0.484615,0.484848,0.242424,0.323232,0.265625,0.253846
Russia-Ukraine,EURUSD,vae,130,0.507692,0.414536,0.467366,0.8,test,0.370347,0.461538,0.423077,0.166667,0.23913,0.234375,0.2
Russia-Ukraine,EURUSD,vae,130,0.507692,0.414536,0.467366,0.85,test,0.383272,0.446154,0.35,0.106061,0.162791,0.203125,0.153846
Russia-Ukraine,EURUSD,vae,130,0.507692,0.414536,0.467366,0.9,test,0.390459,0.453846,0.307692,0.060606,0.101266,0.140625,0.1
Russia-Ukraine,EURUSD,vae,130,0.507692,0.414536,0.467366,0.95,test,0.404581,0.484615,0.428571,0.045455,0.082192,0.0625,0.053846
Russia-Ukraine,EURUSD,vae,130,0.507692,0.414536,0.467366,0.975,test,0.418572,0.492308,0.5,0.030303,0.057143,0.03125,0.030769
Russia-Ukraine,EURUSD,vae,130,0.507692,0.414536,0.467366,0.99,test,0.446272,0.492308,0.5,0.015152,0.029412,0.015625,0.015385
Chinese,USOIL,anomaly_transformer,147,0.47619,0.445455,0.496396,0.7,control,8.4e-05,0.47619,0.47619,1.0,0.645161,1.0,1.0
Chinese,USOIL,anomaly_transformer,147,0.47619,0.445455,0.496396,0.7,test,0.000712,0.510204,0.477273,0.3,0.368421,0.298701,0.29932
Chinese,USOIL,anomaly_transformer,147,0.47619,0.445455,0.496396,0.75,control,0.000398,0.52381,0.5,0.457143,0.477612,0.415584,0.435374
Chinese,USOIL,anomaly_transformer,147,0.47619,0.445455,0.496396,0.75,test,0.000866,0.489796,0.432432,0.228571,0.299065,0.272727,0.251701
Chinese,USOIL,anomaly_transformer,147,0.47619,0.445455,0.496396,0.8,control,0.002495,0.52381,0.5,0.1,0.166667,0.090909,0.095238
Chinese,USOIL,anomaly_transformer,147,0.47619,0.445455,0.496396,0.8,test,0.001135,0.537415,0.533333,0.228571,0.32,0.181818,0.204082
Chinese,USOIL,anomaly_transformer,147,0.47619,0.445455,0.496396,0.85,control,0.006235,0.52381,0.5,0.085714,0.146341,0.077922,0.081633
Chinese,USOIL,anomaly_transformer,147,0.47619,0.445455,0.496396,0.85,test,0.001407,0.537415,0.545455,0.171429,0.26087,0.12987,0.14966
Chinese,USOIL,anomaly_transformer,147,0.47619,0.445455,0.496396,0.9,control,0.009815,0.530612,0.555556,0.071429,0.126582,0.051948,0.061224
Chinese,USOIL,anomaly_transformer,147,0.47619,0.445455,0.496396,0.9,test,0.002308,0.530612,0.533333,0.114286,0.188235,0.090909,0.102041
Chinese,USOIL,anomaly_transformer,147,0.47619,0.445455,0.496396,0.95,control,0.015011,0.530612,0.571429,0.057143,0.103896,0.038961,0.047619
Chinese,USOIL,anomaly_transformer,147,0.47619,0.445455,0.496396,0.95,test,0.011676,0.52381,0.5,0.057143,0.102564,0.051948,0.054422
Chinese,USOIL,anomaly_transformer,147,0.47619,0.445455,0.496396,0.975,control,0.023053,0.544218,1.0,0.042857,0.082192,0.0,0.020408
Chinese,USOIL,anomaly_transformer,147,0.47619,0.445455,0.496396,0.975,test,0.01983,0.537415,0.75,0.042857,0.081081,0.012987,0.027211
Chinese,USOIL,anomaly_transformer,147,0.47619,0.445455,0.496396,0.99,control,0.027176,0.537415,1.0,0.028571,0.055556,0.0,0.013605
Chinese,USOIL,anomaly_transformer,147,0.47619,0.445455,0.496396,0.99,test,0.027625,0.537415,1.0,0.028571,0.055556,0.0,0.013605
Chinese,USOIL,autoencoder,147,0.47619,0.340074,0.376934,0.7,control,0.121725,0.496599,0.0,0.0,0.0,0.051948,0.027211
Chinese,USOIL,autoencoder,147,0.47619,0.340074,0.376934,0.7,test,0.07185,0.414966,0.318182,0.2,0.245614,0.38961,0.29932
Chinese,USOIL,autoencoder,147,0.47619,0.340074,0.376934,0.75,control,0.139078,0.517007,0.0,0.0,0.0,0.012987,0.006803
Chinese,USOIL,autoencoder,147,0.47619,0.340074,0.376934,0.75,test,0.076113,0.394558,0.243243,0.128571,0.168224,0.363636,0.251701
Chinese,USOIL,autoencoder,147,0.47619,0.340074,0.376934,0.8,control,0.182935,0.52381,0.0,0.0,0.0,0.0,0.0
Chinese,USOIL,autoencoder,147,0.47619,0.340074,0.376934,0.8,test,0.080329,0.387755,0.166667,0.071429,0.1,0.324675,0.204082
Chinese,USOIL,autoencoder,147,0.47619,0.340074,0.376934,0.85,control,0.246574,0.52381,0.0,0.0,0.0,0.0,0.0
Chinese,USOIL,autoencoder,147,0.47619,0.340074,0.376934,0.85,test,0.085683,0.414966,0.136364,0.042857,0.065217,0.246753,0.14966
Chinese,USOIL,autoencoder,147,0.47619,0.340074,0.376934,0.9,control,0.281677,0.52381,0.0,0.0,0.0,0.0,0.0
Chinese,USOIL,autoencoder,147,0.47619,0.340074,0.376934,0.9,test,0.096251,0.435374,0.066667,0.014286,0.023529,0.181818,0.102041
Chinese,USOIL,autoencoder,147,0.47619,0.340074,0.376934,0.95,control,0.369417,0.52381,0.0,0.0,0.0,0.0,0.0
Chinese,USOIL,autoencoder,147,0.47619,0.340074,0.376934,0.95,test,0.115702,0.469388,0.0,0.0,0.0,0.103896,0.054422
Chinese,USOIL,autoencoder,147,0.47619,0.340074,0.376934,0.975,control,0.512833,0.52381,0.0,0.0,0.0,0.0,0.0
Chinese,USOIL,autoencoder,147,0.47619,0.340074,0.376934,0.975,test,0.122095,0.496599,0.0,0.0,0.0,0.051948,0.027211
Chinese,USOIL,autoencoder,147,0.47619,0.340074,0.376934,0.99,control,0.542555,0.52381,0.0,0.0,0.0,0.0,0.0
Chinese,USOIL,autoencoder,147,0.47619,0.340074,0.376934,0.99,test,0.12675,0.510204,0.0,0.0,0.0,0.025974,0.013605
Chinese,USOIL,cnn_autoencoder,147,0.47619,0.264193,0.34801,0.7,control,0.013651,0.510204,0.0,0.0,0.0,0.025974,0.013605
Chinese,USOIL,cnn_autoencoder,147,0.47619,0.264193,0.34801,0.7,test,0.005265,0.360544,0.227273,0.142857,0.175439,0.441558,0.29932
Chinese,USOIL,cnn_autoencoder,147,0.47619,0.264193,0.34801,0.75,control,0.014786,0.517007,0.0,0.0,0.0,0.012987,0.006803
Chinese,USOIL,cnn_autoencoder,147,0.47619,0.264193,0.34801,0.75,test,0.005704,0.340136,0.135135,0.071429,0.093458,0.415584,0.251701
Chinese,USOIL,cnn_autoencoder,147,0.47619,0.264193,0.34801,0.8,control,0.020076,0.52381,0.0,0.0,0.0,0.0,0.0
Chinese,USOIL,cnn_autoencoder,147,0.47619,0.264193,0.34801,0.8,test,0.006246,0.333333,0.033333,0.014286,0.02,0.376623,0.204082
Chinese,USOIL,cnn_autoencoder,147,0.47619,0.264193,0.34801,0.85,control,0.023029,0.52381,0.0,0.0,0.0,0.0,0.0
Chinese,USOIL,cnn_autoencoder,147,0.47619,0.264193,0.34801,0.85,test,0.007474,0.37415,0.0,0.0,0.0,0.285714,0.14966
Chinese,USOIL,cnn_autoencoder,147,0.47619,0.264193,0.34801,0.9,control,0.028847,0.52381,0.0,0.0,0.0,0.0,0.0
Chinese,USOIL,cnn_autoencoder,147,0.47619,0.264193,0.34801,0.9,test,0.008792,0.421769,0.0,0.0,0.0,0.194805,0.102041
Chinese,USOIL,cnn_autoencoder,147,0.47619,0.264193,0.34801,0.95,control,0.033712,0.52381,0.0,0.0,0.0,0.0,0.0
Chinese,USOIL,cnn_autoencoder,147,0.47619,0.264193,0.34801,0.95,test,0.011695,0.469388,0.0,0.0,0.0,0.103896,0.054422
Chinese,USOIL,cnn_autoencoder,147,0.47619,0.264193,0.34801,0.975,control,0.035896,0.52381,0.0,0.0,0.0,0.0,0.0
Chinese,USOIL,cnn_autoencoder,147,0.47619,0.264193,0.34801,0.975,test,0.012673,0.496599,0.0,0.0,0.0,0.051948,0.027211
Chinese,USOIL,cnn_autoencoder,147,0.47619,0.264193,0.34801,0.99,control,0.042116,0.52381,0.0,0.0,0.0,0.0,0.0
Chinese,USOIL,cnn_autoencoder,147,0.47619,0.264193,0.34801,0.99,test,0.013489,0.510204,0.0,0.0,0.0,0.025974,0.013605
Chinese,USOIL,dagmm,147,0.47619,0.442115,0.46112,0.7,control,-1.345261,0.517007,0.444444,0.057143,0.101266,0.064935,0.061224
Chinese,USOIL,dagmm,147,0.47619,0.442115,0.46112,0.7,test,-4.339706,0.510204,0.477273,0.3,0.368421,0.298701,0.29932
Chinese,USOIL,dagmm,147,0.47619,0.442115,0.46112,0.75,control,-0.018941,0.52381,0.5,0.014286,0.027778,0.012987,0.013605
Chinese,USOIL,dagmm,147,0.47619,0.442115,0.46112,0.75,test,-4.088656,0.503401,0.459459,0.242857,0.317757,0.25974,0.251701
Chinese,USOIL,dagmm,147,0.47619,0.442115,0.46112,0.8,control,2.029581,0.52381,0.5,0.014286,0.027778,0.012987,0.013605
Chinese,USOIL,dagmm,147,0.47619,0.442115,0.46112,0.8,test,-3.885086,0.482993,0.4,0.171429,0.24,0.233766,0.204082
Chinese,USOIL,dagmm,147,0.47619,0.442115,0.46112,0.85,control,4.370696,0.530612,1.0,0.014286,0.028169,0.0,0.006803
Chinese,USOIL,dagmm,147,0.47619,0.442115,0.46112,0.85,test,-3.458468,0.469388,0.318182,0.1,0.152174,0.194805,0.14966
Chinese,USOIL,dagmm,147,0.47619,0.442115,0.46112,0.9,control,8.042985,0.52381,0.0,0.0,0.0,0.0,0.0
Chinese,USOIL,dagmm,147,0.47619,0.442115,0.46112,0.9,test,-2.35412,0.489796,0.333333,0.071429,0.117647,0.12987,0.102041
Chinese,USOIL,dagmm,147,0.47619,0.442115,0.46112,0.95,control,18.745757,0.52381,0.0,0.0,0.0,0.0,0.0
Chinese,USOIL,dagmm,147,0.47619,0.442115,0.46112,0.95,test,-0.98091,0.52381,0.5,0.057143,0.102564,0.051948,0.054422
Chinese,USOIL,dagmm,147,0.47619,0.442115,0.46112,0.975,control,24.168897,0.52381,0.0,0.0,0.0,0.0,0.0
Chinese,USOIL,dagmm,147,0.47619,0.442115,0.46112,0.975,test,-0.20761,0.537415,0.75,0.042857,0.081081,0.012987,0.027211
Chinese,USOIL,dagmm,147,0.47619,0.442115,0.46112,0.99,control,25.056254,0.52381,0.0,0.0,0.0,0.0,0.0
Chinese,USOIL,dagmm,147,0.47619,0.442115,0.46112,0.99,test,1.505347,0.52381,0.5,0.014286,0.027778,0.012987,0.013605
Chinese,USOIL,deep_svdd,147,0.47619,0.376438,0.398828,0.7,control,0.000646,0.44898,0.322581,0.142857,0.19802,0.272727,0.210884
Chinese,USOIL,deep_svdd,147,0.47619,0.376438,0.398828,0.7,test,0.000581,0.428571,0.340909,0.214286,0.263158,0.376623,0.29932
Chinese,USOIL,deep_svdd,147,0.47619,0.376438,0.398828,0.75,control,0.000749,0.469388,0.318182,0.1,0.152174,0.194805,0.14966
Chinese,USOIL,deep_svdd,147,0.47619,0.376438,0.398828,0.75,test,0.000605,0.44898,0.351351,0.185714,0.242991,0.311688,0.251701
Chinese,USOIL,deep_svdd,147,0.47619,0.376438,0.398828,0.8,control,0.000813,0.469388,0.166667,0.028571,0.04878,0.12987,0.081633
Chinese,USOIL,deep_svdd,147,0.47619,0.376438,0.398828,0.8,test,0.000665,0.442177,0.3,0.128571,0.18,0.272727,0.204082
Chinese,USOIL,deep_svdd,147,0.47619,0.376438,0.398828,0.85,control,0.000844,0.469388,0.166667,0.028571,0.04878,0.12987,0.081633
Chinese,USOIL,deep_svdd,147,0.47619,0.376438,0.398828,0.85,test,0.00074,0.469388,0.318182,0.1,0.152174,0.194805,0.14966
Chinese,USOIL,deep_svdd,147,0.47619,0.376438,0.398828,0.9,control,0.00096,0.503401,0.2,0.014286,0.026667,0.051948,0.034014
Chinese,USOIL,deep_svdd,147,0.47619,0.376438,0.398828,0.9,test,0.000777,0.462585,0.2,0.042857,0.070588,0.155844,0.102041
Chinese,USOIL,deep_svdd,147,0.47619,0.376438,0.398828,0.95,control,0.001067,0.510204,0.0,0.0,0.0,0.025974,0.013605
Chinese,USOIL,deep_svdd,147,0.47619,0.376438,0.398828,0.95,test,0.000919,0.482993,0.125,0.014286,0.025641,0.090909,0.054422
Chinese,USOIL,deep_svdd,147,0.47619,0.376438,0.398828,0.975,control,0.001212,0.517007,0.0,0.0,0.0,0.012987,0.006803
Chinese,USOIL,deep_svdd,147,0.47619,0.376438,0.398828,0.975,test,0.001016,0.510204,0.25,0.014286,0.027027,0.038961,0.027211
Chinese,USOIL,deep_svdd,147,0.47619,0.376438,0.398828,0.99,control,0.001383,0.517007,0.0,0.0,0.0,0.012987,0.006803
Chinese,USOIL,deep_svdd,147,0.47619,0.376438,0.398828,0.99,test,0.001102,0.510204,0.0,0.0,0.0,0.025974,0.013605
Chinese,USOIL,hybrid2,147,0.47619,0.368275,0.3946,0.7,control,0.17614,0.469388,0.1,0.014286,0.025,0.116883,0.068027
Chinese,USOIL,hybrid2,147,0.47619,0.368275,0.3946,0.7,test,0.11551,0.414966,0.318182,0.2,0.245614,0.38961,0.29932
Chinese,USOIL,hybrid2,147,0.47619,0.368275,0.3946,0.75,control,0.207618,0.503401,0.0,0.0,0.0,0.038961,0.020408
Chinese,USOIL,hybrid2,147,0.47619,0.368275,0.3946,0.75,test,0.122208,0.435374,0.324324,0.171429,0.224299,0.324675,0.251701
Chinese,USOIL,hybrid2,147,0.47619,0.368275,0.3946,0.8,control,0.272424,0.52381,0.0,0.0,0.0,0.0,0.0
Chinese,USOIL,hybrid2,147,0.47619,0.368275,0.3946,0.8,test,0.130146,0.442177,0.3,0.128571,0.18,0.272727,0.204082
Chinese,USOIL,hybrid2,147,0.47619,0.368275,0.3946,0.85,control,0.33816,0.52381,0.0,0.0,0.0,0.0,0.0
Chinese,USOIL,hybrid2,147,0.47619,0.368275,0.3946,0.85,test,0.143705,0.469388,0.318182,0.1,0.152174,0.194805,0.14966
Chinese,USOIL,hybrid2,147,0.47619,0.368275,0.3946,0.9,control,0.396864,0.52381,0.0,0.0,0.0,0.0,0.0
Chinese,USOIL,hybrid2,147,0.47619,0.368275,0.3946,0.9,test,0.161116,0.47619,0.266667,0.057143,0.094118,0.142857,0.102041
Chinese,USOIL,hybrid2,147,0.47619,0.368275,0.3946,0.95,control,0.450548,0.52381,0.0,0.0,0.0,0.0,0.0
Chinese,USOIL,hybrid2,147,0.47619,0.368275,0.3946,0.95,test,0.185952,0.482993,0.125,0.014286,0.025641,0.090909,0.054422
Chinese,USOIL,hybrid2,147,0.47619,0.368275,0.3946,0.975,control,0.502587,0.52381,0.0,0.0,0.0,0.0,0.0
Chinese,USOIL,hybrid2,147,0.47619,0.368275,0.3946,0.975,test,0.195316,0.496599,0.0,0.0,0.0,0.051948,0.027211
Chinese,USOIL,hybrid2,147,0.47619,0.368275,0.3946,0.99,control,0.547829,0.52381,0.0,0.0,0.0,0.0,0.0
Chinese,USOIL,hybrid2,147,0.47619,0.368275,0.3946,0.99,test,0.217987,0.510204,0.0,0.0,0.0,0.025974,0.013605
Chinese,USOIL,isolation_forest,147,0.47619,0.420037,0.501042,0.7,control,0.52012,0.52381,0.5,0.185714,0.270833,0.168831,0.176871
Chinese,USOIL,isolation_forest,147,0.47619,0.420037,0.501042,0.7,test,0.50724,0.482993,0.431818,0.271429,0.333333,0.324675,0.29932
Chinese,USOIL,isolation_forest,147,0.47619,0.420037,0.501042,0.75,control,0.557468,0.557823,1.0,0.071429,0.133333,0.0,0.034014
Chinese,USOIL,isolation_forest,147,0.47619,0.420037,0.501042,0.75,test,0.510596,0.489796,0.432432,0.228571,0.299065,0.272727,0.251701
Chinese,USOIL,isolation_forest,147,0.47619,0.420037,0.501042,0.8,control,0.588285,0.530612,1.0,0.014286,0.028169,0.0,0.006803
Chinese,USOIL,isolation_forest,147,0.47619,0.420037,0.501042,0.8,test,0.514533,0.510204,0.466667,0.2,0.28,0.207792,0.204082
Chinese,USOIL,isolation_forest,147,0.47619,0.420037,0.501042,0.85,control,0.614023,0.52381,0.0,0.0,0.0,0.0,0.0
Chinese,USOIL,isolation_forest,147,0.47619,0.420037,0.501042,0.85,test,0.523342,0.52381,0.5,0.157143,0.23913,0.142857,0.14966
Chinese,USOIL,isolation_forest,147,0.47619,0.420037,0.501042,0.9,control,0.628348,0.52381,0.0,0.0,0.0,0.0,0.0
Chinese,USOIL,isolation_forest,147,0.47619,0.420037,0.501042,0.9,test,0.535052,0.530612,0.533333,0.114286,0.188235,0.090909,0.102041
Chinese,USOIL,isolation_forest,147,0.47619,0.420037,0.501042,0.95,control,0.646241,0.52381,0.0,0.0,0.0,0.0,0.0
Chinese,USOIL,isolation_forest,147,0.47619,0.420037,0.501042,0.95,test,0.541239,0.564626,0.875,0.1,0.179487,0.012987,0.054422
Chinese,USOIL,isolation_forest,147,0.47619,0.420037,0.501042,0.975,control,0.651514,0.52381,0.0,0.0,0.0,0.0,0.0
Chinese,USOIL,isolation_forest,147,0.47619,0.420037,0.501042,0.975,test,0.562874,0.55102,1.0,0.057143,0.108108,0.0,0.027211
Chinese,USOIL,isolation_forest,147,0.47619,0.420037,0.501042,0.99,control,0.657022,0.52381,0.0,0.0,0.0,0.0,0.0
Chinese,USOIL,isolation_forest,147,0.47619,0.420037,0.501042,0.99,test,0.57705,0.537415,1.0,0.028571,0.055556,0.0,0.013605
Chinese,USOIL,omnianomaly,147,0.47619,0.535807,0.596765,0.7,control,0.235921,0.510204,0.489362,0.657143,0.560976,0.623377,0.639456
Chinese,USOIL,omnianomaly,147,0.47619,0.535807,0.596765,0.7,test,0.315919,0.52381,0.5,0.314286,0.385965,0.285714,0.29932
Chinese,USOIL,omnianomaly,147,0.47619,0.535807,0.596765,0.75,control,0.258285,0.47619,0.454545,0.5,0.47619,0.545455,0.52381
Chinese,USOIL,omnianomaly,147,0.47619,0.535807,0.596765,0.75,test,0.329251,0.557823,0.567568,0.3,0.392523,0.207792,0.251701
Chinese,USOIL,omnianomaly,147,0.47619,0.535807,0.596765,0.8,control,0.306528,0.530612,0.510638,0.342857,0.410256,0.298701,0.319728
Chinese,USOIL,omnianomaly,147,0.47619,0.535807,0.596765,0.8,test,0.338191,0.564626,0.6,0.257143,0.36,0.155844,0.204082
Chinese,USOIL,omnianomaly,147,0.47619,0.535807,0.596765,0.85,control,0.332095,0.578231,0.617647,0.3,0.403846,0.168831,0.231293
Chinese,USOIL,omnianomaly,147,0.47619,0.535807,0.596765,0.85,test,0.346744,0.564626,0.636364,0.2,0.304348,0.103896,0.14966
Chinese,USOIL,omnianomaly,147,0.47619,0.535807,0.596765,0.9,control,0.35639,0.598639,0.923077,0.171429,0.289157,0.012987,0.088435
Chinese,USOIL,omnianomaly,147,0.47619,0.535807,0.596765,0.9,test,0.353525,0.585034,0.8,0.171429,0.282353,0.038961,0.102041
Chinese,USOIL,omnianomaly,147,0.47619,0.535807,0.596765,0.95,control,0.385567,0.605442,1.0,0.171429,0.292683,0.0,0.081633
Chinese,USOIL,omnianomaly,147,0.47619,0.535807,0.596765,0.95,test,0.434577,0.578231,1.0,0.114286,0.205128,0.0,0.054422
Chinese,USOIL,omnianomaly,147,0.47619,0.535807,0.596765,0.975,control,0.423892,0.591837,1.0,0.142857,0.25,0.0,0.068027
Chinese,USOIL,omnianomaly,147,0.47619,0.535807,0.596765,0.975,test,0.452147,0.55102,1.0,0.057143,0.108108,0.0,0.027211
Chinese,USOIL,omnianomaly,147,0.47619,0.535807,0.596765,0.99,control,0.500618,0.52381,0.0,0.0,0.0,0.0,0.0
Chinese,USOIL,omnianomaly,147,0.47619,0.535807,0.596765,0.99,test,0.467823,0.537415,1.0,0.028571,0.055556,0.0,0.013605
Chinese,USOIL,one_class_svm,147,0.47619,0.658627,0.701688,0.7,control,0.260049,0.55102,1.0,0.057143,0.108108,0.0,0.027211
Chinese,USOIL,one_class_svm,147,0.47619,0.658627,0.701688,0.7,test,-0.854976,0.619048,0.659091,0.414286,0.508772,0.194805,0.29932
Chinese,USOIL,one_class_svm,147,0.47619,0.658627,0.701688,0.75,control,0.626498,0.544218,1.0,0.042857,0.082192,0.0,0.020408
Chinese,USOIL,one_class_svm,147,0.47619,0.658627,0.701688,0.75,test,-0.706018,0.639456,0.72973,0.385714,0.504673,0.12987,0.251701
Chinese,USOIL,one_class_svm,147,0.47619,0.658627,0.701688,0.8,control,0.843333,0.537415,1.0,0.028571,0.055556,0.0,0.013605
Chinese,USOIL,one_class_svm,147,0.47619,0.658627,0.701688,0.8,test,-0.645507,0.632653,0.766667,0.328571,0.46,0.090909,0.204082
Chinese,USOIL,one_class_svm,147,0.47619,0.658627,0.701688,0.85,control,1.472249,0.52381,0.0,0.0,0.0,0.0,0.0
Chinese,USOIL,one_class_svm,147,0.47619,0.658627,0.701688,0.85,test,-0.586011,0.646259,0.909091,0.285714,0.434783,0.025974,0.14966
Chinese,USOIL,one_class_svm,147,0.47619,0.658627,0.701688,0.9,control,1.811588,0.52381,0.0,0.0,0.0,0.0,0.0
Chinese,USOIL,one_class_svm,147,0.47619,0.658627,0.701688,0.9,test,-0.353622,0.62585,1.0,0.214286,0.352941,0.0,0.102041
Chinese,USOIL,one_class_svm,147,0.47619,0.658627,0.701688,0.95,control,2.186269,0.52381,0.0,0.0,0.0,0.0,0.0
Chinese,USOIL,one_class_svm,147,0.47619,0.658627,0.701688,0.95,test,-0.082968,0.578231,1.0,0.114286,0.205128,0.0,0.054422
Chinese,USOIL,one_class_svm,147,0.47619,0.658627,0.701688,0.975,control,2.4634,0.52381,0.0,0.0,0.0,0.0,0.0
Chinese,USOIL,one_class_svm,147,0.47619,0.658627,0.701688,0.975,test,0.269534,0.55102,1.0,0.057143,0.108108,0.0,0.027211
Chinese,USOIL,one_class_svm,147,0.47619,0.658627,0.701688,0.99,control,2.545489,0.52381,0.0,0.0,0.0,0.0,0.0
Chinese,USOIL,one_class_svm,147,0.47619,0.658627,0.701688,0.99,test,0.867553,0.537415,1.0,0.028571,0.055556,0.0,0.013605
Chinese,USOIL,standalone_fanogan,147,0.47619,0.368275,0.3946,0.7,control,0.17614,0.469388,0.1,0.014286,0.025,0.116883,0.068027
Chinese,USOIL,standalone_fanogan,147,0.47619,0.368275,0.3946,0.7,test,0.11551,0.414966,0.318182,0.2,0.245614,0.38961,0.29932
Chinese,USOIL,standalone_fanogan,147,0.47619,0.368275,0.3946,0.75,control,0.207618,0.503401,0.0,0.0,0.0,0.038961,0.020408
Chinese,USOIL,standalone_fanogan,147,0.47619,0.368275,0.3946,0.75,test,0.122208,0.435374,0.324324,0.171429,0.224299,0.324675,0.251701
Chinese,USOIL,standalone_fanogan,147,0.47619,0.368275,0.3946,0.8,control,0.272424,0.52381,0.0,0.0,0.0,0.0,0.0
Chinese,USOIL,standalone_fanogan,147,0.47619,0.368275,0.3946,0.8,test,0.130146,0.442177,0.3,0.128571,0.18,0.272727,0.204082
Chinese,USOIL,standalone_fanogan,147,0.47619,0.368275,0.3946,0.85,control,0.33816,0.52381,0.0,0.0,0.0,0.0,0.0
Chinese,USOIL,standalone_fanogan,147,0.47619,0.368275,0.3946,0.85,test,0.143705,0.469388,0.318182,0.1,0.152174,0.194805,0.14966
Chinese,USOIL,standalone_fanogan,147,0.47619,0.368275,0.3946,0.9,control,0.396864,0.52381,0.0,0.0,0.0,0.0,0.0
Chinese,USOIL,standalone_fanogan,147,0.47619,0.368275,0.3946,0.9,test,0.161116,0.47619,0.266667,0.057143,0.094118,0.142857,0.102041
Chinese,USOIL,standalone_fanogan,147,0.47619,0.368275,0.3946,0.95,control,0.450548,0.52381,0.0,0.0,0.0,0.0,0.0
Chinese,USOIL,standalone_fanogan,147,0.47619,0.368275,0.3946,0.95,test,0.185952,0.482993,0.125,0.014286,0.025641,0.090909,0.054422
Chinese,USOIL,standalone_fanogan,147,0.47619,0.368275,0.3946,0.975,control,0.502587,0.52381,0.0,0.0,0.0,0.0,0.0
Chinese,USOIL,standalone_fanogan,147,0.47619,0.368275,0.3946,0.975,test,0.195316,0.496599,0.0,0.0,0.0,0.051948,0.027211
Chinese,USOIL,standalone_fanogan,147,0.47619,0.368275,0.3946,0.99,control,0.547829,0.52381,0.0,0.0,0.0,0.0,0.0
Chinese,USOIL,standalone_fanogan,147,0.47619,0.368275,0.3946,0.99,test,0.217987,0.510204,0.0,0.0,0.0,0.025974,0.013605
Chinese,USOIL,tranad,147,0.47619,0.287199,0.354345,0.7,control,0.026957,0.37415,0.40678,0.685714,0.510638,0.909091,0.802721
Chinese,USOIL,tranad,147,0.47619,0.287199,0.354345,0.7,test,0.056811,0.333333,0.181818,0.114286,0.140351,0.467532,0.29932
Chinese,USOIL,tranad,147,0.47619,0.287199,0.354345,0.75,control,0.027796,0.37415,0.405172,0.671429,0.505376,0.896104,0.789116
Chinese,USOIL,tranad,147,0.47619,0.287199,0.354345,0.75,test,0.060937,0.353741,0.162162,0.085714,0.11215,0.402597,0.251701
Chinese,USOIL,tranad,147,0.47619,0.287199,0.354345,0.8,control,0.029128,0.367347,0.39823,0.642857,0.491803,0.883117,0.768707
Chinese,USOIL,tranad,147,0.47619,0.287199,0.354345,0.8,test,0.062967,0.360544,0.1,0.042857,0.06,0.350649,0.204082
Chinese,USOIL,tranad,147,0.47619,0.287199,0.354345,0.85,control,0.030143,0.37415,0.401786,0.642857,0.494505,0.87013,0.761905
Chinese,USOIL,tranad,147,0.47619,0.287199,0.354345,0.85,test,0.069055,0.387755,0.045455,0.014286,0.021739,0.272727,0.14966
Chinese,USOIL,tranad,147,0.47619,0.287199,0.354345,0.9,control,0.033086,0.37415,0.39,0.557143,0.458824,0.792208,0.680272
Chinese,USOIL,tranad,147,0.47619,0.287199,0.354345,0.9,test,0.078084,0.421769,0.0,0.0,0.0,0.194805,0.102041
Chinese,USOIL,tranad,147,0.47619,0.287199,0.354345,0.95,control,0.036048,0.408163,0.406593,0.528571,0.459627,0.701299,0.619048
Chinese,USOIL,tranad,147,0.47619,0.287199,0.354345,0.95,test,0.086784,0.469388,0.0,0.0,0.0,0.103896,0.054422
Chinese,USOIL,tranad,147,0.47619,0.287199,0.354345,0.975,control,0.038669,0.414966,0.402439,0.471429,0.434211,0.636364,0.557823
Chinese,USOIL,tranad,147,0.47619,0.287199,0.354345,0.975,test,0.099198,0.496599,0.0,0.0,0.0,0.051948,0.027211
Chinese,USOIL,tranad,147,0.47619,0.287199,0.354345,0.99,control,0.042758,0.408163,0.386667,0.414286,0.4,0.597403,0.510204
Chinese,USOIL,tranad,147,0.47619,0.287199,0.354345,0.99,test,0.109234,0.510204,0.0,0.0,0.0,0.025974,0.013605
Chinese,USOIL,usad,147,0.47619,0.671614,0.705286,0.7,control,1.50751,0.591837,0.8125,0.185714,0.302326,0.038961,0.108844
Chinese,USOIL,usad,147,0.47619,0.671614,0.705286,0.7,test,1.412339,0.687075,0.772727,0.485714,0.596491,0.12987,0.29932
Chinese,USOIL,usad,147,0.47619,0.671614,0.705286,0.75,control,1.522858,0.578231,0.785714,0.157143,0.261905,0.038961,0.095238
Chinese,USOIL,usad,147,0.47619,0.671614,0.705286,0.75,test,1.438991,0.680272,0.810811,0.428571,0.560748,0.090909,0.251701
Chinese,USOIL,usad,147,0.47619,0.671614,0.705286,0.8,control,1.555871,0.564626,1.0,0.085714,0.157895,0.0,0.040816
Chinese,USOIL,usad,147,0.47619,0.671614,0.705286,0.8,test,1.464341,0.632653,0.766667,0.328571,0.46,0.090909,0.204082
Chinese,USOIL,usad,147,0.47619,0.671614,0.705286,0.85,control,1.583569,0.55102,1.0,0.057143,0.108108,0.0,0.027211
Chinese,USOIL,usad,147,0.47619,0.671614,0.705286,0.85,test,1.489903,0.591837,0.727273,0.228571,0.347826,0.077922,0.14966
Chinese,USOIL,usad,147,0.47619,0.671614,0.705286,0.9,control,1.629158,0.537415,1.0,0.028571,0.055556,0.0,0.013605
Chinese,USOIL,usad,147,0.47619,0.671614,0.705286,0.9,test,1.514332,0.585034,0.8,0.171429,0.282353,0.038961,0.102041
Chinese,USOIL,usad,147,0.47619,0.671614,0.705286,0.95,control,1.734782,0.52381,0.0,0.0,0.0,0.0,0.0
Chinese,USOIL,usad,147,0.47619,0.671614,0.705286,0.95,test,1.546529,0.578231,1.0,0.114286,0.205128,0.0,0.054422
Chinese,USOIL,usad,147,0.47619,0.671614,0.705286,0.975,control,1.7469,0.52381,0.0,0.0,0.0,0.0,0.0
Chinese,USOIL,usad,147,0.47619,0.671614,0.705286,0.975,test,1.589732,0.55102,1.0,0.057143,0.108108,0.0,0.027211
Chinese,USOIL,usad,147,0.47619,0.671614,0.705286,0.99,control,1.767949,0.52381,0.0,0.0,0.0,0.0,0.0
Chinese,USOIL,usad,147,0.47619,0.671614,0.705286,0.99,test,1.626868,0.537415,1.0,0.028571,0.055556,0.0,0.013605
Chinese,USOIL,vae,147,0.47619,0.456772,0.502811,0.7,control,0.337796,0.455782,0.375,0.214286,0.272727,0.324675,0.272109
Chinese,USOIL,vae,147,0.47619,0.456772,0.502811,0.7,test,0.327494,0.469388,0.409091,0.257143,0.315789,0.337662,0.29932
Chinese,USOIL,vae,147,0.47619,0.456772,0.502811,0.75,control,0.398336,0.557823,0.692308,0.128571,0.216867,0.051948,0.088435
Chinese,USOIL,vae,147,0.47619,0.456772,0.502811,0.75,test,0.341066,0.462585,0.378378,0.2,0.261682,0.298701,0.251701
Chinese,USOIL,vae,147,0.47619,0.456772,0.502811,0.8,control,0.4652,0.544218,1.0,0.042857,0.082192,0.0,0.020408
Chinese,USOIL,vae,147,0.47619,0.456772,0.502811,0.8,test,0.354476,0.510204,0.466667,0.2,0.28,0.207792,0.204082
Chinese,USOIL,vae,147,0.47619,0.456772,0.502811,0.85,control,0.549116,0.530612,1.0,0.014286,0.028169,0.0,0.006803
Chinese,USOIL,vae,147,0.47619,0.456772,0.502811,0.85,test,0.369459,0.537415,0.545455,0.171429,0.26087,0.12987,0.14966
Chinese,USOIL,vae,147,0.47619,0.456772,0.502811,0.9,control,0.606244,0.530612,1.0,0.014286,0.028169,0.0,0.006803
Chinese,USOIL,vae,147,0.47619,0.456772,0.502811,0.9,test,0.386914,0.544218,0.6,0.128571,0.211765,0.077922,0.102041
Chinese,USOIL,vae,147,0.47619,0.456772,0.502811,0.95,control,0.640129,0.530612,1.0,0.014286,0.028169,0.0,0.006803
Chinese,USOIL,vae,147,0.47619,0.456772,0.502811,0.95,test,0.421444,0.537415,0.625,0.071429,0.128205,0.038961,0.054422
Chinese,USOIL,vae,147,0.47619,0.456772,0.502811,0.975,control,0.659222,0.530612,1.0,0.014286,0.028169,0.0,0.006803
Chinese,USOIL,vae,147,0.47619,0.456772,0.502811,0.975,test,0.445826,0.537415,0.75,0.042857,0.081081,0.012987,0.027211
Chinese,USOIL,vae,147,0.47619,0.456772,0.502811,0.99,control,0.670559,0.530612,1.0,0.014286,0.028169,0.0,0.006803
Chinese,USOIL,vae,147,0.47619,0.456772,0.502811,0.99,test,0.473625,0.537415,1.0,0.028571,0.055556,0.0,0.013605
Chinese,GOLD,anomaly_transformer,147,0.47619,0.328015,0.425416,0.7,control,0.000901,0.37415,0.342857,0.342857,0.342857,0.597403,0.47619
Chinese,GOLD,anomaly_transformer,147,0.47619,0.328015,0.425416,0.7,test,0.001522,0.442177,0.363636,0.228571,0.280702,0.363636,0.29932
Chinese,GOLD,anomaly_transformer,147,0.47619,0.328015,0.425416,0.75,control,0.000981,0.401361,0.363636,0.342857,0.352941,0.545455,0.44898
Chinese,GOLD,anomaly_transformer,147,0.47619,0.328015,0.425416,0.75,test,0.001682,0.44898,0.351351,0.185714,0.242991,0.311688,0.251701
Chinese,GOLD,anomaly_transformer,147,0.47619,0.328015,0.425416,0.8,control,0.001079,0.421769,0.377049,0.328571,0.351145,0.493506,0.414966
Chinese,GOLD,anomaly_transformer,147,0.47619,0.328015,0.425416,0.8,test,0.00206,0.482993,0.4,0.171429,0.24,0.233766,0.204082
Chinese,GOLD,anomaly_transformer,147,0.47619,0.328015,0.425416,0.85,control,0.001179,0.414966,0.351852,0.271429,0.306452,0.454545,0.367347
Chinese,GOLD,anomaly_transformer,147,0.47619,0.328015,0.425416,0.85,test,0.002579,0.52381,0.5,0.157143,0.23913,0.142857,0.14966
Chinese,GOLD,anomaly_transformer,147,0.47619,0.328015,0.425416,0.9,control,0.001344,0.428571,0.354167,0.242857,0.288136,0.402597,0.326531
Chinese,GOLD,anomaly_transformer,147,0.47619,0.328015,0.425416,0.9,test,0.003902,0.517007,0.466667,0.1,0.164706,0.103896,0.102041
Chinese,GOLD,anomaly_transformer,147,0.47619,0.328015,0.425416,0.95,control,0.005809,0.52381,0.5,0.042857,0.078947,0.038961,0.040816
Chinese,GOLD,anomaly_transformer,147,0.47619,0.328015,0.425416,0.95,test,0.005171,0.510204,0.375,0.042857,0.076923,0.064935,0.054422
Chinese,GOLD,anomaly_transformer,147,0.47619,0.328015,0.425416,0.975,control,0.010609,0.537415,0.75,0.042857,0.081081,0.012987,0.027211
Chinese,GOLD,anomaly_transformer,147,0.47619,0.328015,0.425416,0.975,test,0.01007,0.537415,0.75,0.042857,0.081081,0.012987,0.027211
Chinese,GOLD,anomaly_transformer,147,0.47619,0.328015,0.425416,0.99,control,0.034198,0.530612,1.0,0.014286,0.028169,0.0,0.006803
Chinese,GOLD,anomaly_transformer,147,0.47619,0.328015,0.425416,0.99,test,0.019529,0.537415,1.0,0.028571,0.055556,0.0,0.013605
Chinese,GOLD,autoencoder,147,0.47619,0.341002,0.453555,0.7,test,0.084755,0.455782,0.386364,0.242857,0.298246,0.350649,0.29932
Chinese,GOLD,autoencoder,147,0.47619,0.341002,0.453555,0.75,test,0.095621,0.47619,0.405405,0.214286,0.280374,0.285714,0.251701
Chinese,GOLD,autoencoder,147,0.47619,0.341002,0.453555,0.8,test,0.099891,0.496599,0.433333,0.185714,0.26,0.220779,0.204082
Chinese,GOLD,autoencoder,147,0.47619,0.341002,0.453555,0.85,test,0.108278,0.510204,0.454545,0.142857,0.217391,0.155844,0.14966
Chinese,GOLD,autoencoder,147,0.47619,0.341002,0.453555,0.9,test,0.111943,0.530612,0.533333,0.114286,0.188235,0.090909,0.102041
Chinese,GOLD,autoencoder,147,0.47619,0.341002,0.453555,0.95,test,0.119131,0.537415,0.625,0.071429,0.128205,0.038961,0.054422
Chinese,GOLD,autoencoder,147,0.47619,0.341002,0.453555,0.975,test,0.127128,0.55102,1.0,0.057143,0.108108,0.0,0.027211
Chinese,GOLD,autoencoder,147,0.47619,0.341002,0.453555,0.99,test,0.128239,0.537415,1.0,0.028571,0.055556,0.0,0.013605
Chinese,GOLD,cnn_autoencoder,147,0.47619,0.287755,0.360492,0.7,test,0.005819,0.401361,0.295455,0.185714,0.22807,0.402597,0.29932
Chinese,GOLD,cnn_autoencoder,147,0.47619,0.287755,0.360492,0.75,test,0.006441,0.421769,0.297297,0.157143,0.205607,0.337662,0.251701
Chinese,GOLD,cnn_autoencoder,147,0.47619,0.287755,0.360492,0.8,test,0.007255,0.414966,0.233333,0.1,0.14,0.298701,0.204082
Chinese,GOLD,cnn_autoencoder,147,0.47619,0.287755,0.360492,0.85,test,0.008261,0.442177,0.227273,0.071429,0.108696,0.220779,0.14966
Chinese,GOLD,cnn_autoencoder,147,0.47619,0.287755,0.360492,0.9,test,0.008806,0.462585,0.2,0.042857,0.070588,0.155844,0.102041
Chinese,GOLD,cnn_autoencoder,147,0.47619,0.287755,0.360492,0.95,test,0.009611,0.469388,0.0,0.0,0.0,0.103896,0.054422
Chinese,GOLD,cnn_autoencoder,147,0.47619,0.287755,0.360492,0.975,test,0.010968,0.496599,0.0,0.0,0.0,0.051948,0.027211
Chinese,GOLD,cnn_autoencoder,147,0.47619,0.287755,0.360492,0.99,test,0.011893,0.510204,0.0,0.0,0.0,0.025974,0.013605
Chinese,GOLD,dagmm,147,0.47619,0.389054,0.444559,0.7,control,-2.115318,0.52381,0.5,0.042857,0.078947,0.038961,0.040816
Chinese,GOLD,dagmm,147,0.47619,0.389054,0.444559,0.7,test,-4.823976,0.428571,0.340909,0.214286,0.263158,0.376623,0.29932
Chinese,GOLD,dagmm,147,0.47619,0.389054,0.444559,0.75,control,-1.043211,0.530612,0.666667,0.028571,0.054795,0.012987,0.020408
Chinese,GOLD,dagmm,147,0.47619,0.389054,0.444559,0.75,test,-4.620126,0.435374,0.324324,0.171429,0.224299,0.324675,0.251701
Chinese,GOLD,dagmm,147,0.47619,0.389054,0.444559,0.8,control,-0.470837,0.537415,1.0,0.028571,0.055556,0.0,0.013605
Chinese,GOLD,dagmm,147,0.47619,0.389054,0.444559,0.8,test,-4.483605,0.482993,0.4,0.171429,0.24,0.233766,0.204082
Chinese,GOLD,dagmm,147,0.47619,0.389054,0.444559,0.85,control,0.967177,0.530612,1.0,0.014286,0.028169,0.0,0.006803
Chinese,GOLD,dagmm,147,0.47619,0.389054,0.444559,0.85,test,-4.215709,0.510204,0.454545,0.142857,0.217391,0.155844,0.14966
Chinese,GOLD,dagmm,147,0.47619,0.389054,0.444559,0.9,control,2.307358,0.52381,0.0,0.0,0.0,0.0,0.0
Chinese,GOLD,dagmm,147,0.47619,0.389054,0.444559,0.9,test,-3.391599,0.530612,0.533333,0.114286,0.188235,0.090909,0.102041
Chinese,GOLD,dagmm,147,0.47619,0.389054,0.444559,0.95,control,5.424716,0.52381,0.0,0.0,0.0,0.0,0.0
Chinese,GOLD,dagmm,147,0.47619,0.389054,0.444559,0.95,test,-2.715546,0.52381,0.5,0.057143,0.102564,0.051948,0.054422
Chinese,GOLD,dagmm,147,0.47619,0.389054,0.444559,0.975,control,9.721917,0.52381,0.0,0.0,0.0,0.0,0.0
Chinese,GOLD,dagmm,147,0.47619,0.389054,0.444559,0.975,test,-1.506591,0.52381,0.5,0.028571,0.054054,0.025974,0.027211
Chinese,GOLD,dagmm,147,0.47619,0.389054,0.444559,0.99,control,12.965183,0.52381,0.0,0.0,0.0,0.0,0.0
Chinese,GOLD,dagmm,147,0.47619,0.389054,0.444559,0.99,test,0.183393,0.537415,1.0,0.028571,0.055556,0.0,0.013605
Chinese,GOLD,deep_svdd,147,0.47619,0.321336,0.387461,0.7,control,0.000496,0.517007,0.4,0.028571,0.053333,0.038961,0.034014
Chinese,GOLD,deep_svdd,147,0.47619,0.321336,0.387461,0.7,test,0.000317,0.387755,0.272727,0.171429,0.210526,0.415584,0.29932
Chinese,GOLD,deep_svdd,147,0.47619,0.321336,0.387461,0.75,control,0.000515,0.52381,0.5,0.028571,0.054054,0.025974,0.027211
Chinese,GOLD,deep_svdd,147,0.47619,0.321336,0.387461,0.75,test,0.000346,0.421769,0.297297,0.157143,0.205607,0.337662,0.251701
Chinese,GOLD,deep_svdd,147,0.47619,0.321336,0.387461,0.8,control,0.000572,0.517007,0.0,0.0,0.0,0.012987,0.006803
Chinese,GOLD,deep_svdd,147,0.47619,0.321336,0.387461,0.8,test,0.000372,0.469388,0.366667,0.157143,0.22,0.246753,0.204082
Chinese,GOLD,deep_svdd,147,0.47619,0.321336,0.387461,0.85,control,0.000659,0.517007,0.0,0.0,0.0,0.012987,0.006803
Chinese,GOLD,deep_svdd,147,0.47619,0.321336,0.387461,0.85,test,0.000386,0.482993,0.363636,0.114286,0.173913,0.181818,0.14966
Chinese,GOLD,deep_svdd,147,0.47619,0.321336,0.387461,0.9,control,0.0008,0.52381,0.0,0.0,0.0,0.0,0.0
Chinese,GOLD,deep_svdd,147,0.47619,0.321336,0.387461,0.9,test,0.000418,0.47619,0.266667,0.057143,0.094118,0.142857,0.102041
Chinese,GOLD,deep_svdd,147,0.47619,0.321336,0.387461,0.95,control,0.00103,0.52381,0.0,0.0,0.0,0.0,0.0
Chinese,GOLD,deep_svdd,147,0.47619,0.321336,0.387461,0.95,test,0.000455,0.496599,0.25,0.028571,0.051282,0.077922,0.054422
Chinese,GOLD,deep_svdd,147,0.47619,0.321336,0.387461,0.975,control,0.001111,0.52381,0.0,0.0,0.0,0.0,0.0
Chinese,GOLD,deep_svdd,147,0.47619,0.321336,0.387461,0.975,test,0.000511,0.52381,0.5,0.028571,0.054054,0.025974,0.027211
Chinese,GOLD,deep_svdd,147,0.47619,0.321336,0.387461,0.99,control,0.001273,0.52381,0.0,0.0,0.0,0.0,0.0
Chinese,GOLD,deep_svdd,147,0.47619,0.321336,0.387461,0.99,test,0.000555,0.52381,0.5,0.014286,0.027778,0.012987,0.013605
Chinese,GOLD,hybrid2,147,0.47619,0.329128,0.420687,0.7,control,0.172715,0.482993,0.375,0.128571,0.191489,0.194805,0.163265
Chinese,GOLD,hybrid2,147,0.47619,0.329128,0.420687,0.7,test,0.14088,0.455782,0.386364,0.242857,0.298246,0.350649,0.29932
Chinese,GOLD,hybrid2,147,0.47619,0.329128,0.420687,0.75,control,0.181761,0.482993,0.363636,0.114286,0.173913,0.181818,0.14966
Chinese,GOLD,hybrid2,147,0.47619,0.329128,0.420687,0.75,test,0.150625,0.462585,0.378378,0.2,0.261682,0.298701,0.251701
Chinese,GOLD,hybrid2,147,0.47619,0.329128,0.420687,0.8,control,0.192728,0.47619,0.333333,0.1,0.153846,0.181818,0.142857
Chinese,GOLD,hybrid2,147,0.47619,0.329128,0.420687,0.8,test,0.161335,0.469388,0.366667,0.157143,0.22,0.246753,0.204082
Chinese,GOLD,hybrid2,147,0.47619,0.329128,0.420687,0.85,control,0.200013,0.469388,0.3,0.085714,0.133333,0.181818,0.136054
Chinese,GOLD,hybrid2,147,0.47619,0.329128,0.420687,0.85,test,0.18135,0.482993,0.363636,0.114286,0.173913,0.181818,0.14966
Chinese,GOLD,hybrid2,147,0.47619,0.329128,0.420687,0.9,control,0.22068,0.489796,0.307692,0.057143,0.096386,0.116883,0.088435
Chinese,GOLD,hybrid2,147,0.47619,0.329128,0.420687,0.9,test,0.213269,0.489796,0.333333,0.071429,0.117647,0.12987,0.102041
Chinese,GOLD,hybrid2,147,0.47619,0.329128,0.420687,0.95,control,0.253762,0.52381,0.5,0.057143,0.102564,0.051948,0.054422
Chinese,GOLD,hybrid2,147,0.47619,0.329128,0.420687,0.95,test,0.2514,0.52381,0.5,0.057143,0.102564,0.051948,0.054422
Chinese,GOLD,hybrid2,147,0.47619,0.329128,0.420687,0.975,control,0.265909,0.530612,0.6,0.042857,0.08,0.025974,0.034014
Chinese,GOLD,hybrid2,147,0.47619,0.329128,0.420687,0.975,test,0.272135,0.537415,0.75,0.042857,0.081081,0.012987,0.027211
Chinese,GOLD,hybrid2,147,0.47619,0.329128,0.420687,0.99,control,0.307689,0.537415,1.0,0.028571,0.055556,0.0,0.013605
Chinese,GOLD,hybrid2,147,0.47619,0.329128,0.420687,0.99,test,0.308442,0.537415,1.0,0.028571,0.055556,0.0,0.013605
Chinese,GOLD,isolation_forest,147,0.47619,0.37013,0.424096,0.7,control,0.520156,0.44898,0.342857,0.171429,0.228571,0.298701,0.238095
Chinese,GOLD,isolation_forest,147,0.47619,0.37013,0.424096,0.7,test,0.513466,0.428571,0.340909,0.214286,0.263158,0.376623,0.29932
Chinese,GOLD,isolation_forest,147,0.47619,0.37013,0.424096,0.75,control,0.526906,0.496599,0.388889,0.1,0.159091,0.142857,0.122449
Chinese,GOLD,isolation_forest,147,0.47619,0.37013,0.424096,0.75,test,0.519264,0.435374,0.324324,0.171429,0.224299,0.324675,0.251701
Chinese,GOLD,isolation_forest,147,0.47619,0.37013,0.424096,0.8,control,0.539971,0.52381,0.5,0.014286,0.027778,0.012987,0.013605
Chinese,GOLD,isolation_forest,147,0.47619,0.37013,0.424096,0.8,test,0.524033,0.469388,0.366667,0.157143,0.22,0.246753,0.204082
Chinese,GOLD,isolation_forest,147,0.47619,0.37013,0.424096,0.85,control,0.553214,0.52381,0.0,0.0,0.0,0.0,0.0
Chinese,GOLD,isolation_forest,147,0.47619,0.37013,0.424096,0.85,test,0.526217,0.469388,0.318182,0.1,0.152174,0.194805,0.14966
Chinese,GOLD,isolation_forest,147,0.47619,0.37013,0.424096,0.9,control,0.567597,0.52381,0.0,0.0,0.0,0.0,0.0
Chinese,GOLD,isolation_forest,147,0.47619,0.37013,0.424096,0.9,test,0.528462,0.503401,0.4,0.085714,0.141176,0.116883,0.102041
Chinese,GOLD,isolation_forest,147,0.47619,0.37013,0.424096,0.95,control,0.582159,0.52381,0.0,0.0,0.0,0.0,0.0
Chinese,GOLD,isolation_forest,147,0.47619,0.37013,0.424096,0.95,test,0.532332,0.537415,0.625,0.071429,0.128205,0.038961,0.054422
Chinese,GOLD,isolation_forest,147,0.47619,0.37013,0.424096,0.975,control,0.586031,0.52381,0.0,0.0,0.0,0.0,0.0
Chinese,GOLD,isolation_forest,147,0.47619,0.37013,0.424096,0.975,test,0.535708,0.52381,0.5,0.028571,0.054054,0.025974,0.027211
Chinese,GOLD,isolation_forest,147,0.47619,0.37013,0.424096,0.99,control,0.590442,0.52381,0.0,0.0,0.0,0.0,0.0
Chinese,GOLD,isolation_forest,147,0.47619,0.37013,0.424096,0.99,test,0.539761,0.52381,0.5,0.014286,0.027778,0.012987,0.013605
Chinese,GOLD,omnianomaly,147,0.47619,0.690167,0.61719,0.7,control,0.211532,0.496599,0.484848,0.914286,0.633663,0.883117,0.897959
Chinese,GOLD,omnianomaly,147,0.47619,0.690167,0.61719,0.7,test,0.336717,0.619048,0.659091,0.414286,0.508772,0.194805,0.29932
Chinese,GOLD,omnianomaly,147,0.47619,0.690167,0.61719,0.75,control,0.228281,0.517007,0.496124,0.914286,0.643216,0.844156,0.877551
Chinese,GOLD,omnianomaly,147,0.47619,0.690167,0.61719,0.75,test,0.347913,0.612245,0.675676,0.357143,0.46729,0.155844,0.251701
Chinese,GOLD,omnianomaly,147,0.47619,0.690167,0.61719,0.8,control,0.24218,0.55102,0.516393,0.9,0.65625,0.766234,0.829932
Chinese,GOLD,omnianomaly,147,0.47619,0.690167,0.61719,0.8,test,0.358464,0.605442,0.7,0.3,0.42,0.116883,0.204082
Chinese,GOLD,omnianomaly,147,0.47619,0.690167,0.61719,0.85,control,0.255366,0.605442,0.552632,0.9,0.684783,0.662338,0.77551
Chinese,GOLD,omnianomaly,147,0.47619,0.690167,0.61719,0.85,test,0.379591,0.578231,0.681818,0.214286,0.326087,0.090909,0.14966
Chinese,GOLD,omnianomaly,147,0.47619,0.690167,0.61719,0.9,control,0.267087,0.646259,0.591837,0.828571,0.690476,0.519481,0.666667
Chinese,GOLD,omnianomaly,147,0.47619,0.690167,0.61719,0.9,test,0.398772,0.544218,0.6,0.128571,0.211765,0.077922,0.102041
Chinese,GOLD,omnianomaly,147,0.47619,0.690167,0.61719,0.95,control,0.345568,0.619048,0.684211,0.371429,0.481481,0.155844,0.258503
Chinese,GOLD,omnianomaly,147,0.47619,0.690167,0.61719,0.95,test,0.454531,0.52381,0.5,0.057143,0.102564,0.051948,0.054422
Chinese,GOLD,omnianomaly,147,0.47619,0.690167,0.61719,0.975,control,0.373718,0.591837,0.708333,0.242857,0.361702,0.090909,0.163265
Chinese,GOLD,omnianomaly,147,0.47619,0.690167,0.61719,0.975,test,0.479861,0.510204,0.25,0.014286,0.027027,0.038961,0.027211
Chinese,GOLD,omnianomaly,147,0.47619,0.690167,0.61719,0.99,control,0.386121,0.564626,0.65,0.185714,0.288889,0.090909,0.136054
Chinese,GOLD,omnianomaly,147,0.47619,0.690167,0.61719,0.99,test,0.482926,0.510204,0.0,0.0,0.0,0.025974,0.013605
Chinese,GOLD,one_class_svm,147,0.47619,0.601299,0.564323,0.7,control,-0.125734,0.537415,0.6,0.085714,0.15,0.051948,0.068027
Chinese,GOLD,one_class_svm,147,0.47619,0.601299,0.564323,0.7,test,-0.735251,0.55102,0.545455,0.342857,0.421053,0.25974,0.29932
Chinese,GOLD,one_class_svm,147,0.47619,0.601299,0.564323,0.75,control,-0.102737,0.55102,0.75,0.085714,0.153846,0.025974,0.054422
Chinese,GOLD,one_class_svm,147,0.47619,0.601299,0.564323,0.75,test,-0.562914,0.530612,0.513514,0.271429,0.35514,0.233766,0.251701
Chinese,GOLD,one_class_svm,147,0.47619,0.601299,0.564323,0.8,control,-0.049339,0.557823,0.857143,0.085714,0.155844,0.012987,0.047619
Chinese,GOLD,one_class_svm,147,0.47619,0.601299,0.564323,0.8,test,-0.503468,0.496599,0.433333,0.185714,0.26,0.220779,0.204082
Chinese,GOLD,one_class_svm,147,0.47619,0.601299,0.564323,0.85,control,0.029319,0.55102,1.0,0.057143,0.108108,0.0,0.027211
Chinese,GOLD,one_class_svm,147,0.47619,0.601299,0.564323,0.85,test,-0.455441,0.496599,0.409091,0.128571,0.195652,0.168831,0.14966
Chinese,GOLD,one_class_svm,147,0.47619,0.601299,0.564323,0.9,control,0.180358,0.537415,1.0,0.028571,0.055556,0.0,0.013605
Chinese,GOLD,one_class_svm,147,0.47619,0.601299,0.564323,0.9,test,-0.275277,0.503401,0.4,0.085714,0.141176,0.116883,0.102041
Chinese,GOLD,one_class_svm,147,0.47619,0.601299,0.564323,0.95,control,0.357573,0.537415,1.0,0.028571,0.055556,0.0,0.013605
Chinese,GOLD,one_class_svm,147,0.47619,0.601299,0.564323,0.95,test,-0.076673,0.55102,0.75,0.085714,0.153846,0.025974,0.054422
Chinese,GOLD,one_class_svm,147,0.47619,0.601299,0.564323,0.975,control,0.420192,0.52381,0.0,0.0,0.0,0.0,0.0
Chinese,GOLD,one_class_svm,147,0.47619,0.601299,0.564323,0.975,test,0.058474,0.55102,1.0,0.057143,0.108108,0.0,0.027211
Chinese,GOLD,one_class_svm,147,0.47619,0.601299,0.564323,0.99,control,0.553271,0.52381,0.0,0.0,0.0,0.0,0.0
Chinese,GOLD,one_class_svm,147,0.47619,0.601299,0.564323,0.99,test,0.26802,0.537415,1.0,0.028571,0.055556,0.0,0.013605
Chinese,GOLD,standalone_fanogan,147,0.47619,0.329128,0.420687,0.7,control,0.172715,0.482993,0.375,0.128571,0.191489,0.194805,0.163265
Chinese,GOLD,standalone_fanogan,147,0.47619,0.329128,0.420687,0.7,test,0.14088,0.455782,0.386364,0.242857,0.298246,0.350649,0.29932
Chinese,GOLD,standalone_fanogan,147,0.47619,0.329128,0.420687,0.75,control,0.181761,0.482993,0.363636,0.114286,0.173913,0.181818,0.14966
Chinese,GOLD,standalone_fanogan,147,0.47619,0.329128,0.420687,0.75,test,0.150625,0.462585,0.378378,0.2,0.261682,0.298701,0.251701
Chinese,GOLD,standalone_fanogan,147,0.47619,0.329128,0.420687,0.8,control,0.192728,0.47619,0.333333,0.1,0.153846,0.181818,0.142857
Chinese,GOLD,standalone_fanogan,147,0.47619,0.329128,0.420687,0.8,test,0.161335,0.469388,0.366667,0.157143,0.22,0.246753,0.204082
Chinese,GOLD,standalone_fanogan,147,0.47619,0.329128,0.420687,0.85,control,0.200013,0.469388,0.3,0.085714,0.133333,0.181818,0.136054
Chinese,GOLD,standalone_fanogan,147,0.47619,0.329128,0.420687,0.85,test,0.18135,0.482993,0.363636,0.114286,0.173913,0.181818,0.14966
Chinese,GOLD,standalone_fanogan,147,0.47619,0.329128,0.420687,0.9,control,0.22068,0.489796,0.307692,0.057143,0.096386,0.116883,0.088435
Chinese,GOLD,standalone_fanogan,147,0.47619,0.329128,0.420687,0.9,test,0.213269,0.489796,0.333333,0.071429,0.117647,0.12987,0.102041
Chinese,GOLD,standalone_fanogan,147,0.47619,0.329128,0.420687,0.95,control,0.253762,0.52381,0.5,0.057143,0.102564,0.051948,0.054422
Chinese,GOLD,standalone_fanogan,147,0.47619,0.329128,0.420687,0.95,test,0.2514,0.52381,0.5,0.057143,0.102564,0.051948,0.054422
Chinese,GOLD,standalone_fanogan,147,0.47619,0.329128,0.420687,0.975,control,0.265909,0.530612,0.6,0.042857,0.08,0.025974,0.034014
Chinese,GOLD,standalone_fanogan,147,0.47619,0.329128,0.420687,0.975,test,0.272135,0.537415,0.75,0.042857,0.081081,0.012987,0.027211
Chinese,GOLD,standalone_fanogan,147,0.47619,0.329128,0.420687,0.99,control,0.307689,0.537415,1.0,0.028571,0.055556,0.0,0.013605
Chinese,GOLD,standalone_fanogan,147,0.47619,0.329128,0.420687,0.99,test,0.308442,0.537415,1.0,0.028571,0.055556,0.0,0.013605
Chinese,GOLD,tranad,147,0.47619,0.319666,0.378906,0.7,control,0.023958,0.37415,0.416667,0.785714,0.544554,1.0,0.897959
Chinese,GOLD,tranad,147,0.47619,0.319666,0.378906,0.7,test,0.060296,0.37415,0.25,0.157143,0.192982,0.428571,0.29932
Chinese,GOLD,tranad,147,0.47619,0.319666,0.378906,0.75,control,0.02481,0.37415,0.415385,0.771429,0.54,0.987013,0.884354
Chinese,GOLD,tranad,147,0.47619,0.319666,0.378906,0.75,test,0.062191,0.394558,0.243243,0.128571,0.168224,0.363636,0.251701
Chinese,GOLD,tranad,147,0.47619,0.319666,0.378906,0.8,control,0.026836,0.380952,0.416,0.742857,0.533333,0.948052,0.85034
Chinese,GOLD,tranad,147,0.47619,0.319666,0.378906,0.8,test,0.064358,0.414966,0.233333,0.1,0.14,0.298701,0.204082
Chinese,GOLD,tranad,147,0.47619,0.319666,0.378906,0.85,control,0.02876,0.394558,0.422764,0.742857,0.53886,0.922078,0.836735
Chinese,GOLD,tranad,147,0.47619,0.319666,0.378906,0.85,test,0.066137,0.469388,0.318182,0.1,0.152174,0.194805,0.14966
Chinese,GOLD,tranad,147,0.47619,0.319666,0.378906,0.9,control,0.031854,0.428571,0.436364,0.685714,0.533333,0.805195,0.748299
Chinese,GOLD,tranad,147,0.47619,0.319666,0.378906,0.9,test,0.068351,0.489796,0.333333,0.071429,0.117647,0.12987,0.102041
Chinese,GOLD,tranad,147,0.47619,0.319666,0.378906,0.95,control,0.038564,0.380952,0.384615,0.5,0.434783,0.727273,0.619048
Chinese,GOLD,tranad,147,0.47619,0.319666,0.378906,0.95,test,0.073529,0.496599,0.25,0.028571,0.051282,0.077922,0.054422
Chinese,GOLD,tranad,147,0.47619,0.319666,0.378906,0.975,control,0.04487,0.346939,0.324324,0.342857,0.333333,0.649351,0.503401
Chinese,GOLD,tranad,147,0.47619,0.319666,0.378906,0.975,test,0.075102,0.510204,0.25,0.014286,0.027027,0.038961,0.027211
Chinese,GOLD,tranad,147,0.47619,0.319666,0.378906,0.99,control,0.046779,0.367347,0.333333,0.328571,0.330935,0.597403,0.469388
Chinese,GOLD,tranad,147,0.47619,0.319666,0.378906,0.99,test,0.077437,0.510204,0.0,0.0,0.0,0.025974,0.013605
Chinese,GOLD,usad,147,0.47619,0.593506,0.533527,0.7,control,1.365483,0.47619,0.425532,0.285714,0.34188,0.350649,0.319728
Chinese,GOLD,usad,147,0.47619,0.593506,0.533527,0.7,test,1.382609,0.482993,0.431818,0.271429,0.333333,0.324675,0.29932
Chinese,GOLD,usad,147,0.47619,0.593506,0.533527,0.75,control,1.415306,0.489796,0.432432,0.228571,0.299065,0.272727,0.251701
Chinese,GOLD,usad,147,0.47619,0.593506,0.533527,0.75,test,1.413939,0.489796,0.432432,0.228571,0.299065,0.272727,0.251701
Chinese,GOLD,usad,147,0.47619,0.593506,0.533527,0.8,control,1.455901,0.530612,0.52381,0.157143,0.241758,0.12987,0.142857
Chinese,GOLD,usad,147,0.47619,0.593506,0.533527,0.8,test,1.436996,0.496599,0.433333,0.185714,0.26,0.220779,0.204082
Chinese,GOLD,usad,147,0.47619,0.593506,0.533527,0.85,control,1.470843,0.530612,0.526316,0.142857,0.224719,0.116883,0.129252
Chinese,GOLD,usad,147,0.47619,0.593506,0.533527,0.85,test,1.452726,0.537415,0.545455,0.171429,0.26087,0.12987,0.14966
Chinese,GOLD,usad,147,0.47619,0.593506,0.533527,0.9,control,1.495118,0.510204,0.4,0.057143,0.1,0.077922,0.068027
Chinese,GOLD,usad,147,0.47619,0.593506,0.533527,0.9,test,1.481701,0.544218,0.6,0.128571,0.211765,0.077922,0.102041
Chinese,GOLD,usad,147,0.47619,0.593506,0.533527,0.95,control,1.517883,0.52381,0.5,0.028571,0.054054,0.025974,0.027211
Chinese,GOLD,usad,147,0.47619,0.593506,0.533527,0.95,test,1.500424,0.510204,0.375,0.042857,0.076923,0.064935,0.054422
Chinese,GOLD,usad,147,0.47619,0.593506,0.533527,0.975,control,1.566898,0.537415,1.0,0.028571,0.055556,0.0,0.013605
Chinese,GOLD,usad,147,0.47619,0.593506,0.533527,0.975,test,1.523615,0.52381,0.5,0.028571,0.054054,0.025974,0.027211
Chinese,GOLD,usad,147,0.47619,0.593506,0.533527,0.99,control,1.675286,0.52381,0.0,0.0,0.0,0.0,0.0
Chinese,GOLD,usad,147,0.47619,0.593506,0.533527,0.99,test,1.561372,0.537415,1.0,0.028571,0.055556,0.0,0.013605
Chinese,GOLD,vae,147,0.47619,0.594805,0.574756,0.7,test,0.347577,0.52381,0.5,0.314286,0.385965,0.285714,0.29932
Chinese,GOLD,vae,147,0.47619,0.594805,0.574756,0.75,test,0.353053,0.544218,0.540541,0.285714,0.373832,0.220779,0.251701
Chinese,GOLD,vae,147,0.47619,0.594805,0.574756,0.8,test,0.365916,0.564626,0.6,0.257143,0.36,0.155844,0.204082
Chinese,GOLD,vae,147,0.47619,0.594805,0.574756,0.85,test,0.372846,0.55102,0.590909,0.185714,0.282609,0.116883,0.14966
Chinese,GOLD,vae,147,0.47619,0.594805,0.574756,0.9,test,0.391246,0.544218,0.6,0.128571,0.211765,0.077922,0.102041
Chinese,GOLD,vae,147,0.47619,0.594805,0.574756,0.95,test,0.417026,0.55102,0.75,0.085714,0.153846,0.025974,0.054422
Chinese,GOLD,vae,147,0.47619,0.594805,0.574756,0.975,test,0.445187,0.537415,0.75,0.042857,0.081081,0.012987,0.027211
Chinese,GOLD,vae,147,0.47619,0.594805,0.574756,0.99,test,0.469797,0.537415,1.0,0.028571,0.055556,0.0,0.013605
Chinese,EURUSD,anomaly_transformer,152,0.467105,0.361155,0.477909,0.7,control,0.001434,0.486842,0.387097,0.169014,0.235294,0.234568,0.203947
Chinese,EURUSD,anomaly_transformer,152,0.467105,0.361155,0.477909,0.7,test,0.000849,0.467105,0.391304,0.253521,0.307692,0.345679,0.302632
Chinese,EURUSD,anomaly_transformer,152,0.467105,0.361155,0.477909,0.75,control,0.001691,0.506579,0.428571,0.169014,0.242424,0.197531,0.184211
Chinese,EURUSD,anomaly_transformer,152,0.467105,0.361155,0.477909,0.75,test,0.001049,0.480263,0.394737,0.211268,0.275229,0.283951,0.25
Chinese,EURUSD,anomaly_transformer,152,0.467105,0.361155,0.477909,0.8,control,0.001764,0.506579,0.428571,0.169014,0.242424,0.197531,0.184211
Chinese,EURUSD,anomaly_transformer,152,0.467105,0.361155,0.477909,0.8,test,0.001455,0.486842,0.387097,0.169014,0.235294,0.234568,0.203947
Chinese,EURUSD,anomaly_transformer,152,0.467105,0.361155,0.477909,0.85,control,0.002032,0.513158,0.444444,0.169014,0.244898,0.185185,0.177632
Chinese,EURUSD,anomaly_transformer,152,0.467105,0.361155,0.477909,0.85,test,0.002499,0.539474,0.521739,0.169014,0.255319,0.135802,0.151316
Chinese,EURUSD,anomaly_transformer,152,0.467105,0.361155,0.477909,0.9,control,0.002954,0.559211,0.611111,0.15493,0.247191,0.08642,0.118421
Chinese,EURUSD,anomaly_transformer,152,0.467105,0.361155,0.477909,0.9,test,0.003345,0.559211,0.625,0.140845,0.229885,0.074074,0.105263
Chinese,EURUSD,anomaly_transformer,152,0.467105,0.361155,0.477909,0.95,control,0.005197,0.572368,0.75,0.126761,0.216867,0.037037,0.078947
Chinese,EURUSD,anomaly_transformer,152,0.467105,0.361155,0.477909,0.95,test,0.00684,0.572368,0.875,0.098592,0.177215,0.012346,0.052632
Chinese,EURUSD,anomaly_transformer,152,0.467105,0.361155,0.477909,0.975,control,0.009203,0.578947,1.0,0.098592,0.179487,0.0,0.046053
Chinese,EURUSD,anomaly_transformer,152,0.467105,0.361155,0.477909,0.975,test,0.022128,0.559211,1.0,0.056338,0.106667,0.0,0.026316
Chinese,EURUSD,anomaly_transformer,152,0.467105,0.361155,0.477909,0.99,control,0.012612,0.565789,1.0,0.070423,0.131579,0.0,0.032895
Chinese,EURUSD,anomaly_transformer,152,0.467105,0.361155,0.477909,0.99,test,0.030576,0.546053,1.0,0.028169,0.054795,0.0,0.013158
Chinese,EURUSD,autoencoder,152,0.467105,0.362893,0.409048,0.7,test,0.059661,0.414474,0.304348,0.197183,0.239316,0.395062,0.302632
Chinese,EURUSD,autoencoder,152,0.467105,0.362893,0.409048,0.75,test,0.063992,0.427632,0.289474,0.15493,0.201835,0.333333,0.25
Chinese,EURUSD,autoencoder,152,0.467105,0.362893,0.409048,0.8,test,0.069023,0.447368,0.290323,0.126761,0.176471,0.271605,0.203947
Chinese,EURUSD,autoencoder,152,0.467105,0.362893,0.409048,0.85,test,0.074009,0.473684,0.304348,0.098592,0.148936,0.197531,0.151316
Chinese,EURUSD,autoencoder,152,0.467105,0.362893,0.409048,0.9,test,0.078314,0.506579,0.375,0.084507,0.137931,0.123457,0.105263
Chinese,EURUSD,autoencoder,152,0.467105,0.362893,0.409048,0.95,test,0.097832,0.519737,0.375,0.042254,0.075949,0.061728,0.052632
Chinese,EURUSD,autoencoder,152,0.467105,0.362893,0.409048,0.975,test,0.103452,0.532895,0.5,0.028169,0.053333,0.024691,0.026316
Chinese,EURUSD,autoencoder,152,0.467105,0.362893,0.409048,0.99,test,0.116826,0.532895,0.5,0.014085,0.027397,0.012346,0.013158
Chinese,EURUSD,cnn_autoencoder,152,0.467105,0.503391,0.539156,0.7,test,0.003535,0.480263,0.413043,0.267606,0.324786,0.333333,0.302632
Chinese,EURUSD,cnn_autoencoder,152,0.467105,0.503391,0.539156,0.75,test,0.003722,0.506579,0.447368,0.239437,0.311927,0.259259,0.25
Chinese,EURUSD,cnn_autoencoder,152,0.467105,0.503391,0.539156,0.8,test,0.003934,0.526316,0.483871,0.211268,0.294118,0.197531,0.203947
Chinese,EURUSD,cnn_autoencoder,152,0.467105,0.503391,0.539156,0.85,test,0.005109,0.552632,0.565217,0.183099,0.276596,0.123457,0.151316
Chinese,EURUSD,cnn_autoencoder,152,0.467105,0.503391,0.539156,0.9,test,0.007028,0.572368,0.6875,0.15493,0.252874,0.061728,0.105263
Chinese,EURUSD,cnn_autoencoder,152,0.467105,0.503391,0.539156,0.95,test,0.007654,0.572368,0.875,0.098592,0.177215,0.012346,0.052632
Chinese,EURUSD,cnn_autoencoder,152,0.467105,0.503391,0.539156,0.975,test,0.010939,0.559211,1.0,0.056338,0.106667,0.0,0.026316
Chinese,EURUSD,cnn_autoencoder,152,0.467105,0.503391,0.539156,0.99,test,0.01263,0.546053,1.0,0.028169,0.054795,0.0,0.013158
Chinese,EURUSD,dagmm,152,0.467105,0.461137,0.44538,0.7,control,-3.528515,0.447368,0.425287,0.521127,0.468354,0.617284,0.572368
Chinese,EURUSD,dagmm,152,0.467105,0.461137,0.44538,0.7,test,-2.446165,0.532895,0.5,0.323944,0.393162,0.283951,0.302632
Chinese,EURUSD,dagmm,152,0.467105,0.461137,0.44538,0.75,control,-2.279564,0.532895,0.5,0.309859,0.382609,0.271605,0.289474
Chinese,EURUSD,dagmm,152,0.467105,0.461137,0.44538,0.75,test,-1.792181,0.519737,0.473684,0.253521,0.330275,0.246914,0.25
Chinese,EURUSD,dagmm,152,0.467105,0.461137,0.44538,0.8,control,-1.134894,0.519737,0.466667,0.197183,0.277228,0.197531,0.197368
Chinese,EURUSD,dagmm,152,0.467105,0.461137,0.44538,0.8,test,-1.219226,0.513158,0.451613,0.197183,0.27451,0.209877,0.203947
Chinese,EURUSD,dagmm,152,0.467105,0.461137,0.44538,0.85,control,-0.092474,0.506579,0.416667,0.140845,0.210526,0.17284,0.157895
Chinese,EURUSD,dagmm,152,0.467105,0.461137,0.44538,0.85,test,0.183,0.513158,0.434783,0.140845,0.212766,0.160494,0.151316
Chinese,EURUSD,dagmm,152,0.467105,0.461137,0.44538,0.9,control,1.677318,0.5,0.352941,0.084507,0.136364,0.135802,0.111842
Chinese,EURUSD,dagmm,152,0.467105,0.461137,0.44538,0.9,test,2.247797,0.506579,0.375,0.084507,0.137931,0.123457,0.105263
Chinese,EURUSD,dagmm,152,0.467105,0.461137,0.44538,0.95,control,5.793731,0.513158,0.0,0.0,0.0,0.037037,0.019737
Chinese,EURUSD,dagmm,152,0.467105,0.461137,0.44538,0.95,test,3.58286,0.506579,0.25,0.028169,0.050633,0.074074,0.052632
Chinese,EURUSD,dagmm,152,0.467105,0.461137,0.44538,0.975,control,12.777149,0.532895,0.0,0.0,0.0,0.0,0.0
Chinese,EURUSD,dagmm,152,0.467105,0.461137,0.44538,0.975,test,4.19415,0.506579,0.0,0.0,0.0,0.049383,0.026316
Chinese,EURUSD,dagmm,152,0.467105,0.461137,0.44538,0.99,control,14.781292,0.532895,0.0,0.0,0.0,0.0,0.0
Chinese,EURUSD,dagmm,152,0.467105,0.461137,0.44538,0.99,test,6.724585,0.519737,0.0,0.0,0.0,0.024691,0.013158
Chinese,EURUSD,deep_svdd,152,0.467105,0.503565,0.537598,0.7,control,0.000288,0.552632,0.56,0.197183,0.291667,0.135802,0.164474
Chinese,EURUSD,deep_svdd,152,0.467105,0.503565,0.537598,0.7,test,0.000217,0.546053,0.521739,0.338028,0.410256,0.271605,0.302632
Chinese,EURUSD,deep_svdd,152,0.467105,0.503565,0.537598,0.75,control,0.000319,0.572368,0.666667,0.169014,0.269663,0.074074,0.118421
Chinese,EURUSD,deep_svdd,152,0.467105,0.503565,0.537598,0.75,test,0.000232,0.559211,0.552632,0.295775,0.385321,0.209877,0.25
Chinese,EURUSD,deep_svdd,152,0.467105,0.503565,0.537598,0.8,control,0.000353,0.572368,0.714286,0.140845,0.235294,0.049383,0.092105
Chinese,EURUSD,deep_svdd,152,0.467105,0.503565,0.537598,0.8,test,0.000263,0.552632,0.548387,0.239437,0.333333,0.17284,0.203947
Chinese,EURUSD,deep_svdd,152,0.467105,0.503565,0.537598,0.85,control,0.000419,0.552632,0.714286,0.070423,0.128205,0.024691,0.046053
Chinese,EURUSD,deep_svdd,152,0.467105,0.503565,0.537598,0.85,test,0.000296,0.552632,0.565217,0.183099,0.276596,0.123457,0.151316
Chinese,EURUSD,deep_svdd,152,0.467105,0.503565,0.537598,0.9,control,0.000468,0.552632,0.8,0.056338,0.105263,0.012346,0.032895
Chinese,EURUSD,deep_svdd,152,0.467105,0.503565,0.537598,0.9,test,0.000341,0.559211,0.625,0.140845,0.229885,0.074074,0.105263
Chinese,EURUSD,deep_svdd,152,0.467105,0.503565,0.537598,0.95,control,0.000534,0.546053,1.0,0.028169,0.054795,0.0,0.013158
Chinese,EURUSD,deep_svdd,152,0.467105,0.503565,0.537598,0.95,test,0.000402,0.546053,0.625,0.070423,0.126582,0.037037,0.052632
Chinese,EURUSD,deep_svdd,152,0.467105,0.503565,0.537598,0.975,control,0.000576,0.539474,1.0,0.014085,0.027778,0.0,0.006579
Chinese,EURUSD,deep_svdd,152,0.467105,0.503565,0.537598,0.975,test,0.000494,0.546053,0.75,0.042254,0.08,0.012346,0.026316
Chinese,EURUSD,deep_svdd,152,0.467105,0.503565,0.537598,0.99,control,0.000698,0.539474,1.0,0.014085,0.027778,0.0,0.006579
Chinese,EURUSD,deep_svdd,152,0.467105,0.503565,0.537598,0.99,test,0.000542,0.546053,1.0,0.028169,0.054795,0.0,0.013158
Chinese,EURUSD,hybrid2,152,0.467105,0.417145,0.402961,0.7,control,0.149828,0.467105,0.222222,0.056338,0.089888,0.17284,0.118421
Chinese,EURUSD,hybrid2,152,0.467105,0.417145,0.402961,0.7,test,0.106429,0.453947,0.369565,0.239437,0.290598,0.358025,0.302632
Chinese,EURUSD,hybrid2,152,0.467105,0.417145,0.402961,0.75,control,0.156685,0.467105,0.142857,0.028169,0.047059,0.148148,0.092105
Chinese,EURUSD,hybrid2,152,0.467105,0.417145,0.402961,0.75,test,0.112302,0.467105,0.368421,0.197183,0.256881,0.296296,0.25
Chinese,EURUSD,hybrid2,152,0.467105,0.417145,0.402961,0.8,control,0.165479,0.480263,0.1,0.014085,0.024691,0.111111,0.065789
Chinese,EURUSD,hybrid2,152,0.467105,0.417145,0.402961,0.8,test,0.127151,0.460526,0.322581,0.140845,0.196078,0.259259,0.203947
Chinese,EURUSD,hybrid2,152,0.467105,0.417145,0.402961,0.85,control,0.177757,0.493421,0.125,0.014085,0.025316,0.08642,0.052632
Chinese,EURUSD,hybrid2,152,0.467105,0.417145,0.402961,0.85,test,0.138836,0.473684,0.304348,0.098592,0.148936,0.197531,0.151316
Chinese,EURUSD,hybrid2,152,0.467105,0.417145,0.402961,0.9,control,0.198462,0.5,0.142857,0.014085,0.025641,0.074074,0.046053
Chinese,EURUSD,hybrid2,152,0.467105,0.417145,0.402961,0.9,test,0.153772,0.467105,0.1875,0.042254,0.068966,0.160494,0.105263
Chinese,EURUSD,hybrid2,152,0.467105,0.417145,0.402961,0.95,control,0.243971,0.506579,0.0,0.0,0.0,0.049383,0.026316
Chinese,EURUSD,hybrid2,152,0.467105,0.417145,0.402961,0.95,test,0.178668,0.493421,0.125,0.014085,0.025316,0.08642,0.052632
Chinese,EURUSD,hybrid2,152,0.467105,0.417145,0.402961,0.975,control,0.262981,0.513158,0.0,0.0,0.0,0.037037,0.019737
Chinese,EURUSD,hybrid2,152,0.467105,0.417145,0.402961,0.975,test,0.2336,0.506579,0.0,0.0,0.0,0.049383,0.026316
Chinese,EURUSD,hybrid2,152,0.467105,0.417145,0.402961,0.99,control,0.347042,0.526316,0.0,0.0,0.0,0.012346,0.006579
Chinese,EURUSD,hybrid2,152,0.467105,0.417145,0.402961,0.99,test,0.291656,0.519737,0.0,0.0,0.0,0.024691,0.013158
Chinese,EURUSD,isolation_forest,152,0.467105,0.335768,0.38393,0.7,control,0.525589,0.5,0.419355,0.183099,0.254902,0.222222,0.203947
Chinese,EURUSD,isolation_forest,152,0.467105,0.335768,0.38393,0.7,test,0.50976,0.440789,0.347826,0.225352,0.273504,0.37037,0.302632
Chinese,EURUSD,isolation_forest,152,0.467105,0.335768,0.38393,0.75,control,0.532527,0.506579,0.423077,0.15493,0.226804,0.185185,0.171053
Chinese,EURUSD,isolation_forest,152,0.467105,0.335768,0.38393,0.75,test,0.514365,0.453947,0.342105,0.183099,0.238532,0.308642,0.25
Chinese,EURUSD,isolation_forest,152,0.467105,0.335768,0.38393,0.8,control,0.538408,0.5,0.368421,0.098592,0.155556,0.148148,0.125
Chinese,EURUSD,isolation_forest,152,0.467105,0.335768,0.38393,0.8,test,0.527045,0.5,0.419355,0.183099,0.254902,0.222222,0.203947
Chinese,EURUSD,isolation_forest,152,0.467105,0.335768,0.38393,0.85,control,0.541069,0.486842,0.266667,0.056338,0.093023,0.135802,0.098684
Chinese,EURUSD,isolation_forest,152,0.467105,0.335768,0.38393,0.85,test,0.5356,0.5,0.391304,0.126761,0.191489,0.17284,0.151316
Chinese,EURUSD,isolation_forest,152,0.467105,0.335768,0.38393,0.9,control,0.548158,0.486842,0.181818,0.028169,0.04878,0.111111,0.072368
Chinese,EURUSD,isolation_forest,152,0.467105,0.335768,0.38393,0.9,test,0.540637,0.493421,0.3125,0.070423,0.114943,0.135802,0.105263
Chinese,EURUSD,isolation_forest,152,0.467105,0.335768,0.38393,0.95,control,0.55841,0.5,0.142857,0.014085,0.025641,0.074074,0.046053
Chinese,EURUSD,isolation_forest,152,0.467105,0.335768,0.38393,0.95,test,0.554228,0.506579,0.25,0.028169,0.050633,0.074074,0.052632
Chinese,EURUSD,isolation_forest,152,0.467105,0.335768,0.38393,0.975,control,0.568499,0.513158,0.0,0.0,0.0,0.037037,0.019737
Chinese,EURUSD,isolation_forest,152,0.467105,0.335768,0.38393,0.975,test,0.564976,0.506579,0.0,0.0,0.0,0.049383,0.026316
Chinese,EURUSD,isolation_forest,152,0.467105,0.335768,0.38393,0.99,control,0.57542,0.526316,0.0,0.0,0.0,0.012346,0.006579
Chinese,EURUSD,isolation_forest,152,0.467105,0.335768,0.38393,0.99,test,0.572423,0.519737,0.0,0.0,0.0,0.024691,0.013158
Chinese,EURUSD,omnianomaly,152,0.467105,0.254738,0.353672,0.7,control,0.268266,0.348684,0.274194,0.239437,0.255639,0.555556,0.407895
Chinese,EURUSD,omnianomaly,152,0.467105,0.254738,0.353672,0.7,test,0.308675,0.414474,0.304348,0.197183,0.239316,0.395062,0.302632
Chinese,EURUSD,omnianomaly,152,0.467105,0.254738,0.353672,0.75,control,0.287811,0.381579,0.290909,0.225352,0.253968,0.481481,0.361842
Chinese,EURUSD,omnianomaly,152,0.467105,0.254738,0.353672,0.75,test,0.322321,0.453947,0.342105,0.183099,0.238532,0.308642,0.25
Chinese,EURUSD,omnianomaly,152,0.467105,0.254738,0.353672,0.8,control,0.31251,0.421053,0.311111,0.197183,0.241379,0.382716,0.296053
Chinese,EURUSD,omnianomaly,152,0.467105,0.254738,0.353672,0.8,test,0.333426,0.486842,0.387097,0.169014,0.235294,0.234568,0.203947
Chinese,EURUSD,omnianomaly,152,0.467105,0.254738,0.353672,0.85,control,0.332815,0.486842,0.387097,0.169014,0.235294,0.234568,0.203947
Chinese,EURUSD,omnianomaly,152,0.467105,0.254738,0.353672,0.85,test,0.349507,0.5,0.391304,0.126761,0.191489,0.17284,0.151316
Chinese,EURUSD,omnianomaly,152,0.467105,0.254738,0.353672,0.9,control,0.344708,0.480263,0.346154,0.126761,0.185567,0.209877,0.171053
Chinese,EURUSD,omnianomaly,152,0.467105,0.254738,0.353672,0.9,test,0.387004,0.480263,0.25,0.056338,0.091954,0.148148,0.105263
Chinese,EURUSD,omnianomaly,152,0.467105,0.254738,0.353672,0.95,control,0.364838,0.506579,0.409091,0.126761,0.193548,0.160494,0.144737
Chinese,EURUSD,omnianomaly,152,0.467105,0.254738,0.353672,0.95,test,0.401637,0.493421,0.125,0.014085,0.025316,0.08642,0.052632
Chinese,EURUSD,omnianomaly,152,0.467105,0.254738,0.353672,0.975,control,0.378319,0.5,0.368421,0.098592,0.155556,0.148148,0.125
Chinese,EURUSD,omnianomaly,152,0.467105,0.254738,0.353672,0.975,test,0.420443,0.506579,0.0,0.0,0.0,0.049383,0.026316
Chinese,EURUSD,omnianomaly,152,0.467105,0.254738,0.353672,0.99,control,0.391287,0.480263,0.214286,0.042254,0.070588,0.135802,0.092105
Chinese,EURUSD,omnianomaly,152,0.467105,0.254738,0.353672,0.99,test,0.430961,0.519737,0.0,0.0,0.0,0.024691,0.013158
Chinese,EURUSD,one_class_svm,152,0.467105,0.303252,0.369642,0.7,control,-0.100741,0.493421,0.333333,0.084507,0.134831,0.148148,0.118421
Chinese,EURUSD,one_class_svm,152,0.467105,0.303252,0.369642,0.7,test,-0.721894,0.388158,0.26087,0.169014,0.205128,0.419753,0.302632
Chinese,EURUSD,one_class_svm,152,0.467105,0.303252,0.369642,0.75,control,0.029074,0.506579,0.333333,0.056338,0.096386,0.098765,0.078947
Chinese,EURUSD,one_class_svm,152,0.467105,0.303252,0.369642,0.75,test,-0.584865,0.440789,0.315789,0.169014,0.220183,0.320988,0.25
Chinese,EURUSD,one_class_svm,152,0.467105,0.303252,0.369642,0.8,control,0.110442,0.506579,0.333333,0.056338,0.096386,0.098765,0.078947
Chinese,EURUSD,one_class_svm,152,0.467105,0.303252,0.369642,0.8,test,-0.39321,0.486842,0.387097,0.169014,0.235294,0.234568,0.203947
Chinese,EURUSD,one_class_svm,152,0.467105,0.303252,0.369642,0.85,control,0.225965,0.5,0.272727,0.042254,0.073171,0.098765,0.072368
Chinese,EURUSD,one_class_svm,152,0.467105,0.303252,0.369642,0.85,test,-0.19321,0.513158,0.434783,0.140845,0.212766,0.160494,0.151316
Chinese,EURUSD,one_class_svm,152,0.467105,0.303252,0.369642,0.9,control,0.426116,0.506579,0.25,0.028169,0.050633,0.074074,0.052632
Chinese,EURUSD,one_class_svm,152,0.467105,0.303252,0.369642,0.9,test,-0.088855,0.493421,0.3125,0.070423,0.114943,0.135802,0.105263
Chinese,EURUSD,one_class_svm,152,0.467105,0.303252,0.369642,0.95,control,0.734255,0.506579,0.0,0.0,0.0,0.049383,0.026316
Chinese,EURUSD,one_class_svm,152,0.467105,0.303252,0.369642,0.95,test,0.419773,0.506579,0.25,0.028169,0.050633,0.074074,0.052632
Chinese,EURUSD,one_class_svm,152,0.467105,0.303252,0.369642,0.975,control,0.881573,0.513158,0.0,0.0,0.0,0.037037,0.019737
Chinese,EURUSD,one_class_svm,152,0.467105,0.303252,0.369642,0.975,test,0.758617,0.506579,0.0,0.0,0.0,0.049383,0.026316
Chinese,EURUSD,one_class_svm,152,0.467105,0.303252,0.369642,0.99,control,0.928465,0.526316,0.0,0.0,0.0,0.012346,0.006579
Chinese,EURUSD,one_class_svm,152,0.467105,0.303252,0.369642,0.99,test,0.900433,0.519737,0.0,0.0,0.0,0.024691,0.013158
Chinese,EURUSD,standalone_fanogan,152,0.467105,0.417145,0.402961,0.7,control,0.149828,0.467105,0.222222,0.056338,0.089888,0.17284,0.118421
Chinese,EURUSD,standalone_fanogan,152,0.467105,0.417145,0.402961,0.7,test,0.106429,0.453947,0.369565,0.239437,0.290598,0.358025,0.302632
Chinese,EURUSD,standalone_fanogan,152,0.467105,0.417145,0.402961,0.75,control,0.156685,0.467105,0.142857,0.028169,0.047059,0.148148,0.092105
Chinese,EURUSD,standalone_fanogan,152,0.467105,0.417145,0.402961,0.75,test,0.112302,0.467105,0.368421,0.197183,0.256881,0.296296,0.25
Chinese,EURUSD,standalone_fanogan,152,0.467105,0.417145,0.402961,0.8,control,0.165479,0.480263,0.1,0.014085,0.024691,0.111111,0.065789
Chinese,EURUSD,standalone_fanogan,152,0.467105,0.417145,0.402961,0.8,test,0.127151,0.460526,0.322581,0.140845,0.196078,0.259259,0.203947
Chinese,EURUSD,standalone_fanogan,152,0.467105,0.417145,0.402961,0.85,control,0.177757,0.493421,0.125,0.014085,0.025316,0.08642,0.052632
Chinese,EURUSD,standalone_fanogan,152,0.467105,0.417145,0.402961,0.85,test,0.138836,0.473684,0.304348,0.098592,0.148936,0.197531,0.151316
Chinese,EURUSD,standalone_fanogan,152,0.467105,0.417145,0.402961,0.9,control,0.198462,0.5,0.142857,0.014085,0.025641,0.074074,0.046053
Chinese,EURUSD,standalone_fanogan,152,0.467105,0.417145,0.402961,0.9,test,0.153772,0.467105,0.1875,0.042254,0.068966,0.160494,0.105263
Chinese,EURUSD,standalone_fanogan,152,0.467105,0.417145,0.402961,0.95,control,0.243971,0.506579,0.0,0.0,0.0,0.049383,0.026316
Chinese,EURUSD,standalone_fanogan,152,0.467105,0.417145,0.402961,0.95,test,0.178668,0.493421,0.125,0.014085,0.025316,0.08642,0.052632
Chinese,EURUSD,standalone_fanogan,152,0.467105,0.417145,0.402961,0.975,control,0.262981,0.513158,0.0,0.0,0.0,0.037037,0.019737
Chinese,EURUSD,standalone_fanogan,152,0.467105,0.417145,0.402961,0.975,test,0.2336,0.506579,0.0,0.0,0.0,0.049383,0.026316
Chinese,EURUSD,standalone_fanogan,152,0.467105,0.417145,0.402961,0.99,control,0.347042,0.526316,0.0,0.0,0.0,0.012346,0.006579
Chinese,EURUSD,standalone_fanogan,152,0.467105,0.417145,0.402961,0.99,test,0.291656,0.519737,0.0,0.0,0.0,0.024691,0.013158
Chinese,EURUSD,tranad,152,0.467105,0.473831,0.520629,0.7,control,0.018821,0.453947,0.46,0.971831,0.624434,1.0,0.986842
Chinese,EURUSD,tranad,152,0.467105,0.473831,0.520629,0.7,test,0.039508,0.519737,0.478261,0.309859,0.376068,0.296296,0.302632
Chinese,EURUSD,tranad,152,0.467105,0.473831,0.520629,0.75,control,0.020327,0.447368,0.456376,0.957746,0.618182,1.0,0.980263
Chinese,EURUSD,tranad,152,0.467105,0.473831,0.520629,0.75,test,0.04127,0.532895,0.5,0.267606,0.348624,0.234568,0.25
Chinese,EURUSD,tranad,152,0.467105,0.473831,0.520629,0.8,control,0.022042,0.440789,0.452055,0.929577,0.608295,0.987654,0.960526
Chinese,EURUSD,tranad,152,0.467105,0.473831,0.520629,0.8,test,0.042432,0.539474,0.516129,0.225352,0.313725,0.185185,0.203947
Chinese,EURUSD,tranad,152,0.467105,0.473831,0.520629,0.85,control,0.023644,0.447368,0.454545,0.915493,0.607477,0.962963,0.940789
Chinese,EURUSD,tranad,152,0.467105,0.473831,0.520629,0.85,test,0.047241,0.539474,0.521739,0.169014,0.255319,0.135802,0.151316
Chinese,EURUSD,tranad,152,0.467105,0.473831,0.520629,0.9,control,0.026876,0.447368,0.447154,0.774648,0.56701,0.839506,0.809211
Chinese,EURUSD,tranad,152,0.467105,0.473831,0.520629,0.9,test,0.055413,0.559211,0.625,0.140845,0.229885,0.074074,0.105263
Chinese,EURUSD,tranad,152,0.467105,0.473831,0.520629,0.95,control,0.029816,0.467105,0.453704,0.690141,0.547486,0.728395,0.710526
Chinese,EURUSD,tranad,152,0.467105,0.473831,0.520629,0.95,test,0.062132,0.572368,0.875,0.098592,0.177215,0.012346,0.052632
Chinese,EURUSD,tranad,152,0.467105,0.473831,0.520629,0.975,control,0.031949,0.434211,0.42268,0.577465,0.488095,0.691358,0.638158
Chinese,EURUSD,tranad,152,0.467105,0.473831,0.520629,0.975,test,0.069492,0.546053,0.75,0.042254,0.08,0.012346,0.026316
Chinese,EURUSD,tranad,152,0.467105,0.473831,0.520629,0.99,control,0.033975,0.453947,0.428571,0.507042,0.464516,0.592593,0.552632
Chinese,EURUSD,tranad,152,0.467105,0.473831,0.520629,0.99,test,0.073227,0.546053,1.0,0.028169,0.054795,0.0,0.013158
Chinese,EURUSD,usad,152,0.467105,0.485481,0.455202,0.7,control,1.379179,0.467105,0.386364,0.239437,0.295652,0.333333,0.289474
Chinese,EURUSD,usad,152,0.467105,0.485481,0.455202,0.7,test,1.367376,0.453947,0.369565,0.239437,0.290598,0.358025,0.302632
Chinese,EURUSD,usad,152,0.467105,0.485481,0.455202,0.75,control,1.400719,0.486842,0.4,0.197183,0.264151,0.259259,0.230263
Chinese,EURUSD,usad,152,0.467105,0.485481,0.455202,0.75,test,1.391768,0.467105,0.368421,0.197183,0.256881,0.296296,0.25
Chinese,EURUSD,usad,152,0.467105,0.485481,0.455202,0.8,control,1.44814,0.513158,0.411765,0.098592,0.159091,0.123457,0.111842
Chinese,EURUSD,usad,152,0.467105,0.485481,0.455202,0.8,test,1.405097,0.5,0.419355,0.183099,0.254902,0.222222,0.203947
Chinese,EURUSD,usad,152,0.467105,0.485481,0.455202,0.85,control,1.464146,0.526316,0.454545,0.070423,0.121951,0.074074,0.072368
Chinese,EURUSD,usad,152,0.467105,0.485481,0.455202,0.85,test,1.419251,0.513158,0.434783,0.140845,0.212766,0.160494,0.151316
Chinese,EURUSD,usad,152,0.467105,0.485481,0.455202,0.9,control,1.499794,0.526316,0.4,0.028169,0.052632,0.037037,0.032895
Chinese,EURUSD,usad,152,0.467105,0.485481,0.455202,0.9,test,1.453962,0.519737,0.4375,0.098592,0.16092,0.111111,0.105263
Chinese,EURUSD,usad,152,0.467105,0.485481,0.455202,0.95,control,1.551628,0.532895,0.0,0.0,0.0,0.0,0.0
Chinese,EURUSD,usad,152,0.467105,0.485481,0.455202,0.95,test,1.485457,0.519737,0.375,0.042254,0.075949,0.061728,0.052632
Chinese,EURUSD,usad,152,0.467105,0.485481,0.455202,0.975,control,1.565285,0.532895,0.0,0.0,0.0,0.0,0.0
Chinese,EURUSD,usad,152,0.467105,0.485481,0.455202,0.975,test,1.502643,0.532895,0.5,0.028169,0.053333,0.024691,0.026316
Chinese,EURUSD,usad,152,0.467105,0.485481,0.455202,0.99,control,1.581778,0.532895,0.0,0.0,0.0,0.0,0.0
Chinese,EURUSD,usad,152,0.467105,0.485481,0.455202,0.99,test,1.51496,0.519737,0.0,0.0,0.0,0.024691,0.013158
Chinese,EURUSD,vae,152,0.467105,0.362198,0.463964,0.7,test,0.32677,0.453947,0.369565,0.239437,0.290598,0.358025,0.302632
Chinese,EURUSD,vae,152,0.467105,0.362198,0.463964,0.75,test,0.337526,0.493421,0.421053,0.225352,0.293578,0.271605,0.25
Chinese,EURUSD,vae,152,0.467105,0.362198,0.463964,0.8,test,0.360968,0.5,0.419355,0.183099,0.254902,0.222222,0.203947
Chinese,EURUSD,vae,152,0.467105,0.362198,0.463964,0.85,test,0.386654,0.513158,0.434783,0.140845,0.212766,0.160494,0.151316
Chinese,EURUSD,vae,152,0.467105,0.362198,0.463964,0.9,test,0.40967,0.559211,0.625,0.140845,0.229885,0.074074,0.105263
Chinese,EURUSD,vae,152,0.467105,0.362198,0.463964,0.95,test,0.443554,0.559211,0.75,0.084507,0.151899,0.024691,0.052632
Chinese,EURUSD,vae,152,0.467105,0.362198,0.463964,0.975,test,0.477674,0.559211,1.0,0.056338,0.106667,0.0,0.026316
Chinese,EURUSD,vae,152,0.467105,0.362198,0.463964,0.99,test,0.511128,0.546053,1.0,0.028169,0.054795,0.0,0.013158
Iran 2025,USOIL,anomaly_transformer,106,0.377358,0.443561,0.353352,0.7,control,8.4e-05,0.377358,0.377358,1.0,0.547945,1.0,1.0
Iran 2025,USOIL,anomaly_transformer,106,0.377358,0.443561,0.353352,0.7,test,0.003175,0.54717,0.375,0.3,0.333333,0.30303,0.301887
Iran 2025,USOIL,anomaly_transformer,106,0.377358,0.443561,0.353352,0.75,control,0.000398,0.377358,0.377358,1.0,0.547945,1.0,1.0
Iran 2025,USOIL,anomaly_transformer,106,0.377358,0.443561,0.353352,0.75,test,0.003732,0.575472,0.407407,0.275,0.328358,0.242424,0.254717
Iran 2025,USOIL,anomaly_transformer,106,0.377358,0.443561,0.353352,0.8,control,0.002495,0.481132,0.317073,0.325,0.320988,0.424242,0.386792
Iran 2025,USOIL,anomaly_transformer,106,0.377358,0.443561,0.353352,0.8,test,0.004083,0.575472,0.380952,0.2,0.262295,0.19697,0.198113
Iran 2025,USOIL,anomaly_transformer,106,0.377358,0.443561,0.353352,0.85,control,0.006235,0.603774,0.0,0.0,0.0,0.030303,0.018868
Iran 2025,USOIL,anomaly_transformer,106,0.377358,0.443561,0.353352,0.85,test,0.004448,0.584906,0.375,0.15,0.214286,0.151515,0.150943
Iran 2025,USOIL,anomaly_transformer,106,0.377358,0.443561,0.353352,0.9,control,0.009815,0.613208,0.0,0.0,0.0,0.015152,0.009434
Iran 2025,USOIL,anomaly_transformer,106,0.377358,0.443561,0.353352,0.9,test,0.004793,0.556604,0.181818,0.05,0.078431,0.136364,0.103774
Iran 2025,USOIL,anomaly_transformer,106,0.377358,0.443561,0.353352,0.95,control,0.015011,0.622642,0.0,0.0,0.0,0.0,0.0
Iran 2025,USOIL,anomaly_transformer,106,0.377358,0.443561,0.353352,0.95,test,0.00563,0.584906,0.166667,0.025,0.043478,0.075758,0.056604
Iran 2025,USOIL,anomaly_transformer,106,0.377358,0.443561,0.353352,0.975,control,0.023053,0.622642,0.0,0.0,0.0,0.0,0.0
Iran 2025,USOIL,anomaly_transformer,106,0.377358,0.443561,0.353352,0.975,test,0.005911,0.613208,0.333333,0.025,0.046512,0.030303,0.028302
Iran 2025,USOIL,anomaly_transformer,106,0.377358,0.443561,0.353352,0.99,control,0.027176,0.622642,0.0,0.0,0.0,0.0,0.0
Iran 2025,USOIL,anomaly_transformer,106,0.377358,0.443561,0.353352,0.99,test,0.006252,0.603774,0.0,0.0,0.0,0.030303,0.018868
Iran 2025,USOIL,autoencoder,106,0.377358,0.410606,0.327237,0.7,control,0.121725,0.481132,0.241379,0.175,0.202899,0.333333,0.273585
Iran 2025,USOIL,autoencoder,106,0.377358,0.410606,0.327237,0.7,test,0.112427,0.471698,0.25,0.2,0.222222,0.363636,0.301887
Iran 2025,USOIL,autoencoder,106,0.377358,0.410606,0.327237,0.75,control,0.139078,0.509434,0.2,0.1,0.133333,0.242424,0.188679
Iran 2025,USOIL,autoencoder,106,0.377358,0.410606,0.327237,0.75,test,0.12276,0.481132,0.222222,0.15,0.179104,0.318182,0.254717
Iran 2025,USOIL,autoencoder,106,0.377358,0.410606,0.327237,0.8,control,0.182935,0.584906,0.166667,0.025,0.043478,0.075758,0.056604
Iran 2025,USOIL,autoencoder,106,0.377358,0.410606,0.327237,0.8,test,0.131019,0.5,0.190476,0.1,0.131148,0.257576,0.198113
Iran 2025,USOIL,autoencoder,106,0.377358,0.410606,0.327237,0.85,control,0.246574,0.622642,0.0,0.0,0.0,0.0,0.0
Iran 2025,USOIL,autoencoder,106,0.377358,0.410606,0.327237,0.85,test,0.145555,0.528302,0.1875,0.075,0.107143,0.19697,0.150943
Iran 2025,USOIL,autoencoder,106,0.377358,0.410606,0.327237,0.9,control,0.281677,0.622642,0.0,0.0,0.0,0.0,0.0
Iran 2025,USOIL,autoencoder,106,0.377358,0.410606,0.327237,0.9,test,0.15905,0.575472,0.272727,0.075,0.117647,0.121212,0.103774
Iran 2025,USOIL,autoencoder,106,0.377358,0.410606,0.327237,0.95,control,0.369417,0.622642,0.0,0.0,0.0,0.0,0.0
Iran 2025,USOIL,autoencoder,106,0.377358,0.410606,0.327237,0.95,test,0.186523,0.584906,0.166667,0.025,0.043478,0.075758,0.056604
Iran 2025,USOIL,autoencoder,106,0.377358,0.410606,0.327237,0.975,control,0.512833,0.622642,0.0,0.0,0.0,0.0,0.0
Iran 2025,USOIL,autoencoder,106,0.377358,0.410606,0.327237,0.975,test,0.196701,0.613208,0.333333,0.025,0.046512,0.030303,0.028302
Iran 2025,USOIL,autoencoder,106,0.377358,0.410606,0.327237,0.99,control,0.542555,0.622642,0.0,0.0,0.0,0.0,0.0
Iran 2025,USOIL,autoencoder,106,0.377358,0.410606,0.327237,0.99,test,0.205254,0.603774,0.0,0.0,0.0,0.030303,0.018868
Iran 2025,USOIL,cnn_autoencoder,106,0.377358,0.331818,0.290239,0.7,control,0.013651,0.509434,0.071429,0.025,0.037037,0.19697,0.132075
Iran 2025,USOIL,cnn_autoencoder,106,0.377358,0.331818,0.290239,0.7,test,0.006871,0.433962,0.1875,0.15,0.166667,0.393939,0.301887
Iran 2025,USOIL,cnn_autoencoder,106,0.377358,0.331818,0.290239,0.75,control,0.014786,0.518868,0.076923,0.025,0.037736,0.181818,0.122642
Iran 2025,USOIL,cnn_autoencoder,106,0.377358,0.331818,0.290239,0.75,test,0.007417,0.462264,0.185185,0.125,0.149254,0.333333,0.254717
Iran 2025,USOIL,cnn_autoencoder,106,0.377358,0.331818,0.290239,0.8,control,0.020076,0.54717,0.1,0.025,0.04,0.136364,0.09434
Iran 2025,USOIL,cnn_autoencoder,106,0.377358,0.331818,0.290239,0.8,test,0.009764,0.481132,0.142857,0.075,0.098361,0.272727,0.198113
Iran 2025,USOIL,cnn_autoencoder,106,0.377358,0.331818,0.290239,0.85,control,0.023029,0.575472,0.142857,0.025,0.042553,0.090909,0.066038
Iran 2025,USOIL,cnn_autoencoder,106,0.377358,0.331818,0.290239,0.85,test,0.012476,0.490566,0.0625,0.025,0.035714,0.227273,0.150943
Iran 2025,USOIL,cnn_autoencoder,106,0.377358,0.331818,0.290239,0.9,control,0.028847,0.584906,0.166667,0.025,0.043478,0.075758,0.056604
Iran 2025,USOIL,cnn_autoencoder,106,0.377358,0.331818,0.290239,0.9,test,0.017781,0.537736,0.090909,0.025,0.039216,0.151515,0.103774
Iran 2025,USOIL,cnn_autoencoder,106,0.377358,0.331818,0.290239,0.95,control,0.033712,0.59434,0.0,0.0,0.0,0.045455,0.028302
Iran 2025,USOIL,cnn_autoencoder,106,0.377358,0.331818,0.290239,0.95,test,0.02872,0.584906,0.166667,0.025,0.043478,0.075758,0.056604
Iran 2025,USOIL,cnn_autoencoder,106,0.377358,0.331818,0.290239,0.975,control,0.035896,0.59434,0.0,0.0,0.0,0.045455,0.028302
Iran 2025,USOIL,cnn_autoencoder,106,0.377358,0.331818,0.290239,0.975,test,0.033247,0.59434,0.0,0.0,0.0,0.045455,0.028302
Iran 2025,USOIL,cnn_autoencoder,106,0.377358,0.331818,0.290239,0.99,control,0.042116,0.622642,0.0,0.0,0.0,0.0,0.0
Iran 2025,USOIL,cnn_autoencoder,106,0.377358,0.331818,0.290239,0.99,test,0.040292,0.603774,0.0,0.0,0.0,0.030303,0.018868
Iran 2025,USOIL,dagmm,106,0.377358,0.77197,0.65754,0.7,control,-1.345261,0.688679,0.64,0.4,0.492308,0.136364,0.235849
Iran 2025,USOIL,dagmm,106,0.377358,0.77197,0.65754,0.7,test,-3.334618,0.735849,0.6875,0.55,0.611111,0.151515,0.301887
Iran 2025,USOIL,dagmm,106,0.377358,0.77197,0.65754,0.75,control,-0.018941,0.660377,0.625,0.25,0.357143,0.090909,0.150943
Iran 2025,USOIL,dagmm,106,0.377358,0.77197,0.65754,0.75,test,-1.940609,0.707547,0.666667,0.45,0.537313,0.136364,0.254717
Iran 2025,USOIL,dagmm,106,0.377358,0.77197,0.65754,0.8,control,2.029581,0.660377,0.7,0.175,0.28,0.045455,0.09434
Iran 2025,USOIL,dagmm,106,0.377358,0.77197,0.65754,0.8,test,-0.7687,0.669811,0.619048,0.325,0.42623,0.121212,0.198113
Iran 2025,USOIL,dagmm,106,0.377358,0.77197,0.65754,0.85,control,4.370696,0.650943,0.714286,0.125,0.212766,0.030303,0.066038
Iran 2025,USOIL,dagmm,106,0.377358,0.77197,0.65754,0.85,test,0.019507,0.660377,0.625,0.25,0.357143,0.090909,0.150943
Iran 2025,USOIL,dagmm,106,0.377358,0.77197,0.65754,0.9,control,8.042985,0.650943,1.0,0.075,0.139535,0.0,0.028302
Iran 2025,USOIL,dagmm,106,0.377358,0.77197,0.65754,0.9,test,1.546738,0.650943,0.636364,0.175,0.27451,0.060606,0.103774
Iran 2025,USOIL,dagmm,106,0.377358,0.77197,0.65754,0.95,control,18.745757,0.622642,0.0,0.0,0.0,0.0,0.0
Iran 2025,USOIL,dagmm,106,0.377358,0.77197,0.65754,0.95,test,6.938218,0.660377,0.833333,0.125,0.217391,0.015152,0.056604
Iran 2025,USOIL,dagmm,106,0.377358,0.77197,0.65754,0.975,control,24.168897,0.622642,0.0,0.0,0.0,0.0,0.0
Iran 2025,USOIL,dagmm,106,0.377358,0.77197,0.65754,0.975,test,8.299962,0.650943,1.0,0.075,0.139535,0.0,0.028302
Iran 2025,USOIL,dagmm,106,0.377358,0.77197,0.65754,0.99,control,25.056254,0.622642,0.0,0.0,0.0,0.0,0.0
Iran 2025,USOIL,dagmm,106,0.377358,0.77197,0.65754,0.99,test,15.511723,0.641509,1.0,0.05,0.095238,0.0,0.018868
Iran 2025,USOIL,deep_svdd,106,0.377358,0.3875,0.318781,0.7,control,0.000646,0.622642,0.0,0.0,0.0,0.0,0.0
Iran 2025,USOIL,deep_svdd,106,0.377358,0.3875,0.318781,0.7,test,0.000101,0.509434,0.3125,0.25,0.277778,0.333333,0.301887
Iran 2025,USOIL,deep_svdd,106,0.377358,0.3875,0.318781,0.75,control,0.000749,0.622642,0.0,0.0,0.0,0.0,0.0
Iran 2025,USOIL,deep_svdd,106,0.377358,0.3875,0.318781,0.75,test,0.000118,0.518868,0.296296,0.2,0.238806,0.287879,0.254717
Iran 2025,USOIL,deep_svdd,106,0.377358,0.3875,0.318781,0.8,control,0.000813,0.622642,0.0,0.0,0.0,0.0,0.0
Iran 2025,USOIL,deep_svdd,106,0.377358,0.3875,0.318781,0.8,test,0.00014,0.537736,0.285714,0.15,0.196721,0.227273,0.198113
Iran 2025,USOIL,deep_svdd,106,0.377358,0.3875,0.318781,0.85,control,0.000844,0.622642,0.0,0.0,0.0,0.0,0.0
Iran 2025,USOIL,deep_svdd,106,0.377358,0.3875,0.318781,0.85,test,0.000154,0.528302,0.1875,0.075,0.107143,0.19697,0.150943
Iran 2025,USOIL,deep_svdd,106,0.377358,0.3875,0.318781,0.9,control,0.00096,0.622642,0.0,0.0,0.0,0.0,0.0
Iran 2025,USOIL,deep_svdd,106,0.377358,0.3875,0.318781,0.9,test,0.000201,0.556604,0.181818,0.05,0.078431,0.136364,0.103774
Iran 2025,USOIL,deep_svdd,106,0.377358,0.3875,0.318781,0.95,control,0.001067,0.622642,0.0,0.0,0.0,0.0,0.0
Iran 2025,USOIL,deep_svdd,106,0.377358,0.3875,0.318781,0.95,test,0.000303,0.584906,0.166667,0.025,0.043478,0.075758,0.056604
Iran 2025,USOIL,deep_svdd,106,0.377358,0.3875,0.318781,0.975,control,0.001212,0.622642,0.0,0.0,0.0,0.0,0.0
Iran 2025,USOIL,deep_svdd,106,0.377358,0.3875,0.318781,0.975,test,0.000341,0.59434,0.0,0.0,0.0,0.045455,0.028302
Iran 2025,USOIL,deep_svdd,106,0.377358,0.3875,0.318781,0.99,control,0.001383,0.622642,0.0,0.0,0.0,0.0,0.0
Iran 2025,USOIL,deep_svdd,106,0.377358,0.3875,0.318781,0.99,test,0.000435,0.603774,0.0,0.0,0.0,0.030303,0.018868
Iran 2025,USOIL,hybrid2,106,0.377358,0.642045,0.526365,0.7,control,0.17614,0.424528,0.376471,0.8,0.512,0.80303,0.801887
Iran 2025,USOIL,hybrid2,106,0.377358,0.642045,0.526365,0.7,test,0.245902,0.716981,0.65625,0.525,0.583333,0.166667,0.301887
Iran 2025,USOIL,hybrid2,106,0.377358,0.642045,0.526365,0.75,control,0.207618,0.632075,0.509434,0.675,0.580645,0.393939,0.5
Iran 2025,USOIL,hybrid2,106,0.377358,0.642045,0.526365,0.75,test,0.261096,0.688679,0.62963,0.425,0.507463,0.151515,0.254717
Iran 2025,USOIL,hybrid2,106,0.377358,0.642045,0.526365,0.8,control,0.272424,0.660377,0.611111,0.275,0.37931,0.106061,0.169811
Iran 2025,USOIL,hybrid2,106,0.377358,0.642045,0.526365,0.8,test,0.270571,0.688679,0.666667,0.35,0.459016,0.106061,0.198113
Iran 2025,USOIL,hybrid2,106,0.377358,0.642045,0.526365,0.85,control,0.33816,0.603774,0.0,0.0,0.0,0.030303,0.018868
Iran 2025,USOIL,hybrid2,106,0.377358,0.642045,0.526365,0.85,test,0.276856,0.660377,0.625,0.25,0.357143,0.090909,0.150943
Iran 2025,USOIL,hybrid2,106,0.377358,0.642045,0.526365,0.9,control,0.396864,0.622642,0.0,0.0,0.0,0.0,0.0
Iran 2025,USOIL,hybrid2,106,0.377358,0.642045,0.526365,0.9,test,0.29999,0.632075,0.545455,0.15,0.235294,0.075758,0.103774
Iran 2025,USOIL,hybrid2,106,0.377358,0.642045,0.526365,0.95,control,0.450548,0.622642,0.0,0.0,0.0,0.0,0.0
Iran 2025,USOIL,hybrid2,106,0.377358,0.642045,0.526365,0.95,test,0.316772,0.622642,0.5,0.075,0.130435,0.045455,0.056604
Iran 2025,USOIL,hybrid2,106,0.377358,0.642045,0.526365,0.975,control,0.502587,0.622642,0.0,0.0,0.0,0.0,0.0
Iran 2025,USOIL,hybrid2,106,0.377358,0.642045,0.526365,0.975,test,0.326159,0.613208,0.333333,0.025,0.046512,0.030303,0.028302
Iran 2025,USOIL,hybrid2,106,0.377358,0.642045,0.526365,0.99,control,0.547829,0.622642,0.0,0.0,0.0,0.0,0.0
Iran 2025,USOIL,hybrid2,106,0.377358,0.642045,0.526365,0.99,test,0.338071,0.603774,0.0,0.0,0.0,0.030303,0.018868
Iran 2025,USOIL,isolation_forest,106,0.377358,0.803788,0.684606,0.7,control,0.52012,0.613208,0.493333,0.925,0.643478,0.575758,0.707547
Iran 2025,USOIL,isolation_forest,106,0.377358,0.803788,0.684606,0.7,test,0.584405,0.716981,0.65625,0.525,0.583333,0.166667,0.301887
Iran 2025,USOIL,isolation_forest,106,0.377358,0.803788,0.684606,0.75,control,0.557468,0.726415,0.627907,0.675,0.650602,0.242424,0.40566
Iran 2025,USOIL,isolation_forest,106,0.377358,0.803788,0.684606,0.75,test,0.591812,0.726415,0.703704,0.475,0.567164,0.121212,0.254717
Iran 2025,USOIL,isolation_forest,106,0.377358,0.803788,0.684606,0.8,control,0.588285,0.726415,0.689655,0.5,0.57971,0.136364,0.273585
Iran 2025,USOIL,isolation_forest,106,0.377358,0.803788,0.684606,0.8,test,0.598668,0.745283,0.809524,0.425,0.557377,0.060606,0.198113
Iran 2025,USOIL,isolation_forest,106,0.377358,0.803788,0.684606,0.85,control,0.614023,0.688679,0.818182,0.225,0.352941,0.030303,0.103774
Iran 2025,USOIL,isolation_forest,106,0.377358,0.803788,0.684606,0.85,test,0.609446,0.716981,0.8125,0.325,0.464286,0.045455,0.150943
Iran 2025,USOIL,isolation_forest,106,0.377358,0.803788,0.684606,0.9,control,0.628348,0.622642,0.5,0.025,0.047619,0.015152,0.018868
Iran 2025,USOIL,isolation_forest,106,0.377358,0.803788,0.684606,0.9,test,0.613876,0.688679,0.818182,0.225,0.352941,0.030303,0.103774
Iran 2025,USOIL,isolation_forest,106,0.377358,0.803788,0.684606,0.95,control,0.646241,0.622642,0.0,0.0,0.0,0.0,0.0
Iran 2025,USOIL,isolation_forest,106,0.377358,0.803788,0.684606,0.95,test,0.621336,0.641509,0.666667,0.1,0.173913,0.030303,0.056604
Iran 2025,USOIL,isolation_forest,106,0.377358,0.803788,0.684606,0.975,control,0.651514,0.622642,0.0,0.0,0.0,0.0,0.0
Iran 2025,USOIL,isolation_forest,106,0.377358,0.803788,0.684606,0.975,test,0.625233,0.632075,0.666667,0.05,0.093023,0.015152,0.028302
Iran 2025,USOIL,isolation_forest,106,0.377358,0.803788,0.684606,0.99,control,0.657022,0.622642,0.0,0.0,0.0,0.0,0.0
Iran 2025,USOIL,isolation_forest,106,0.377358,0.803788,0.684606,0.99,test,0.628743,0.622642,0.5,0.025,0.047619,0.015152,0.018868
Iran 2025,USOIL,omnianomaly,106,0.377358,0.717803,0.697837,0.7,control,0.235921,0.764151,0.682927,0.7,0.691358,0.19697,0.386792
Iran 2025,USOIL,omnianomaly,106,0.377358,0.717803,0.697837,0.7,test,0.264847,0.735849,0.6875,0.55,0.611111,0.151515,0.301887
Iran 2025,USOIL,omnianomaly,106,0.377358,0.717803,0.697837,0.75,control,0.258285,0.754717,0.694444,0.625,0.657895,0.166667,0.339623
Iran 2025,USOIL,omnianomaly,106,0.377358,0.717803,0.697837,0.75,test,0.288101,0.726415,0.703704,0.475,0.567164,0.121212,0.254717
Iran 2025,USOIL,omnianomaly,106,0.377358,0.717803,0.697837,0.8,control,0.306528,0.716981,0.727273,0.4,0.516129,0.090909,0.207547
Iran 2025,USOIL,omnianomaly,106,0.377358,0.717803,0.697837,0.8,test,0.307187,0.707547,0.714286,0.375,0.491803,0.090909,0.198113
Iran 2025,USOIL,omnianomaly,106,0.377358,0.717803,0.697837,0.85,control,0.332095,0.688679,0.888889,0.2,0.326531,0.015152,0.084906
Iran 2025,USOIL,omnianomaly,106,0.377358,0.717803,0.697837,0.85,test,0.314039,0.698113,0.75,0.3,0.428571,0.060606,0.150943
Iran 2025,USOIL,omnianomaly,106,0.377358,0.717803,0.697837,0.9,control,0.35639,0.641509,1.0,0.05,0.095238,0.0,0.018868
Iran 2025,USOIL,omnianomaly,106,0.377358,0.717803,0.697837,0.9,test,0.330318,0.707547,0.909091,0.25,0.392157,0.015152,0.103774
Iran 2025,USOIL,omnianomaly,106,0.377358,0.717803,0.697837,0.95,control,0.385567,0.632075,1.0,0.025,0.04878,0.0,0.009434
Iran 2025,USOIL,omnianomaly,106,0.377358,0.717803,0.697837,0.95,test,0.336347,0.679245,1.0,0.15,0.26087,0.0,0.056604
Iran 2025,USOIL,omnianomaly,106,0.377358,0.717803,0.697837,0.975,control,0.423892,0.622642,0.0,0.0,0.0,0.0,0.0
Iran 2025,USOIL,omnianomaly,106,0.377358,0.717803,0.697837,0.975,test,0.344795,0.650943,1.0,0.075,0.139535,0.0,0.028302
Iran 2025,USOIL,omnianomaly,106,0.377358,0.717803,0.697837,0.99,control,0.500618,0.622642,0.0,0.0,0.0,0.0,0.0
Iran 2025,USOIL,omnianomaly,106,0.377358,0.717803,0.697837,0.99,test,0.362639,0.641509,1.0,0.05,0.095238,0.0,0.018868
Iran 2025,USOIL,one_class_svm,106,0.377358,0.664394,0.730992,0.7,control,0.260049,0.783019,0.814815,0.55,0.656716,0.075758,0.254717
Iran 2025,USOIL,one_class_svm,106,0.377358,0.664394,0.730992,0.7,test,-0.013812,0.773585,0.75,0.6,0.666667,0.121212,0.301887
Iran 2025,USOIL,one_class_svm,106,0.377358,0.664394,0.730992,0.75,control,0.626498,0.764151,0.857143,0.45,0.590164,0.045455,0.198113
Iran 2025,USOIL,one_class_svm,106,0.377358,0.664394,0.730992,0.75,test,0.287203,0.783019,0.814815,0.55,0.656716,0.075758,0.254717
Iran 2025,USOIL,one_class_svm,106,0.377358,0.664394,0.730992,0.8,control,0.843333,0.764151,0.894737,0.425,0.576271,0.030303,0.179245
Iran 2025,USOIL,one_class_svm,106,0.377358,0.664394,0.730992,0.8,test,0.607192,0.764151,0.857143,0.45,0.590164,0.045455,0.198113
Iran 2025,USOIL,one_class_svm,106,0.377358,0.664394,0.730992,0.85,control,1.472249,0.754717,0.9375,0.375,0.535714,0.015152,0.150943
Iran 2025,USOIL,one_class_svm,106,0.377358,0.664394,0.730992,0.85,test,1.507317,0.754717,0.9375,0.375,0.535714,0.015152,0.150943
Iran 2025,USOIL,one_class_svm,106,0.377358,0.664394,0.730992,0.9,control,1.811588,0.754717,1.0,0.35,0.518519,0.0,0.132075
Iran 2025,USOIL,one_class_svm,106,0.377358,0.664394,0.730992,0.9,test,2.039497,0.726415,1.0,0.275,0.431373,0.0,0.103774
Iran 2025,USOIL,one_class_svm,106,0.377358,0.664394,0.730992,0.95,control,2.186269,0.698113,1.0,0.2,0.333333,0.0,0.075472
Iran 2025,USOIL,one_class_svm,106,0.377358,0.664394,0.730992,0.95,test,2.314625,0.679245,1.0,0.15,0.26087,0.0,0.056604
Iran 2025,USOIL,one_class_svm,106,0.377358,0.664394,0.730992,0.975,control,2.4634,0.650943,1.0,0.075,0.139535,0.0,0.028302
Iran 2025,USOIL,one_class_svm,106,0.377358,0.664394,0.730992,0.975,test,2.503168,0.650943,1.0,0.075,0.139535,0.0,0.028302
Iran 2025,USOIL,one_class_svm,106,0.377358,0.664394,0.730992,0.99,control,2.545489,0.650943,1.0,0.075,0.139535,0.0,0.028302
Iran 2025,USOIL,one_class_svm,106,0.377358,0.664394,0.730992,0.99,test,3.041581,0.641509,1.0,0.05,0.095238,0.0,0.018868
Iran 2025,USOIL,standalone_fanogan,106,0.377358,0.642045,0.526365,0.7,control,0.17614,0.424528,0.376471,0.8,0.512,0.80303,0.801887
Iran 2025,USOIL,standalone_fanogan,106,0.377358,0.642045,0.526365,0.7,test,0.245902,0.716981,0.65625,0.525,0.583333,0.166667,0.301887
Iran 2025,USOIL,standalone_fanogan,106,0.377358,0.642045,0.526365,0.75,control,0.207618,0.632075,0.509434,0.675,0.580645,0.393939,0.5
Iran 2025,USOIL,standalone_fanogan,106,0.377358,0.642045,0.526365,0.75,test,0.261096,0.688679,0.62963,0.425,0.507463,0.151515,0.254717
Iran 2025,USOIL,standalone_fanogan,106,0.377358,0.642045,0.526365,0.8,control,0.272424,0.660377,0.611111,0.275,0.37931,0.106061,0.169811
Iran 2025,USOIL,standalone_fanogan,106,0.377358,0.642045,0.526365,0.8,test,0.270571,0.688679,0.666667,0.35,0.459016,0.106061,0.198113
Iran 2025,USOIL,standalone_fanogan,106,0.377358,0.642045,0.526365,0.85,control,0.33816,0.603774,0.0,0.0,0.0,0.030303,0.018868
Iran 2025,USOIL,standalone_fanogan,106,0.377358,0.642045,0.526365,0.85,test,0.276856,0.660377,0.625,0.25,0.357143,0.090909,0.150943
Iran 2025,USOIL,standalone_fanogan,106,0.377358,0.642045,0.526365,0.9,control,0.396864,0.622642,0.0,0.0,0.0,0.0,0.0
Iran 2025,USOIL,standalone_fanogan,106,0.377358,0.642045,0.526365,0.9,test,0.29999,0.632075,0.545455,0.15,0.235294,0.075758,0.103774
Iran 2025,USOIL,standalone_fanogan,106,0.377358,0.642045,0.526365,0.95,control,0.450548,0.622642,0.0,0.0,0.0,0.0,0.0
Iran 2025,USOIL,standalone_fanogan,106,0.377358,0.642045,0.526365,0.95,test,0.316772,0.622642,0.5,0.075,0.130435,0.045455,0.056604
Iran 2025,USOIL,standalone_fanogan,106,0.377358,0.642045,0.526365,0.975,control,0.502587,0.622642,0.0,0.0,0.0,0.0,0.0
Iran 2025,USOIL,standalone_fanogan,106,0.377358,0.642045,0.526365,0.975,test,0.326159,0.613208,0.333333,0.025,0.046512,0.030303,0.028302
Iran 2025,USOIL,standalone_fanogan,106,0.377358,0.642045,0.526365,0.99,control,0.547829,0.622642,0.0,0.0,0.0,0.0,0.0
Iran 2025,USOIL,standalone_fanogan,106,0.377358,0.642045,0.526365,0.99,test,0.338071,0.603774,0.0,0.0,0.0,0.030303,0.018868
Iran 2025,USOIL,tranad,106,0.377358,0.658333,0.603523,0.7,control,0.026957,0.622642,0.0,0.0,0.0,0.0,0.0
Iran 2025,USOIL,tranad,106,0.377358,0.658333,0.603523,0.7,test,0.001611,0.698113,0.625,0.5,0.555556,0.181818,0.301887
Iran 2025,USOIL,tranad,106,0.377358,0.658333,0.603523,0.75,control,0.027796,0.622642,0.0,0.0,0.0,0.0,0.0
Iran 2025,USOIL,tranad,106,0.377358,0.658333,0.603523,0.75,test,0.001833,0.669811,0.592593,0.4,0.477612,0.166667,0.254717
Iran 2025,USOIL,tranad,106,0.377358,0.658333,0.603523,0.8,control,0.029128,0.622642,0.0,0.0,0.0,0.0,0.0
Iran 2025,USOIL,tranad,106,0.377358,0.658333,0.603523,0.8,test,0.001962,0.669811,0.619048,0.325,0.42623,0.121212,0.198113
Iran 2025,USOIL,tranad,106,0.377358,0.658333,0.603523,0.85,control,0.030143,0.622642,0.0,0.0,0.0,0.0,0.0
Iran 2025,USOIL,tranad,106,0.377358,0.658333,0.603523,0.85,test,0.002109,0.679245,0.6875,0.275,0.392857,0.075758,0.150943
Iran 2025,USOIL,tranad,106,0.377358,0.658333,0.603523,0.9,control,0.033086,0.622642,0.0,0.0,0.0,0.0,0.0
Iran 2025,USOIL,tranad,106,0.377358,0.658333,0.603523,0.9,test,0.00244,0.688679,0.818182,0.225,0.352941,0.030303,0.103774
Iran 2025,USOIL,tranad,106,0.377358,0.658333,0.603523,0.95,control,0.036048,0.622642,0.0,0.0,0.0,0.0,0.0
Iran 2025,USOIL,tranad,106,0.377358,0.658333,0.603523,0.95,test,0.002782,0.660377,0.833333,0.125,0.217391,0.015152,0.056604
Iran 2025,USOIL,tranad,106,0.377358,0.658333,0.603523,0.975,control,0.038669,0.622642,0.0,0.0,0.0,0.0,0.0
Iran 2025,USOIL,tranad,106,0.377358,0.658333,0.603523,0.975,test,0.003114,0.632075,0.666667,0.05,0.093023,0.015152,0.028302
Iran 2025,USOIL,tranad,106,0.377358,0.658333,0.603523,0.99,control,0.042758,0.622642,0.0,0.0,0.0,0.0,0.0
Iran 2025,USOIL,tranad,106,0.377358,0.658333,0.603523,0.99,test,0.003202,0.622642,0.5,0.025,0.047619,0.015152,0.018868
Iran 2025,USOIL,usad,106,0.377358,0.169697,0.249096,0.7,control,1.50751,0.424528,0.0,0.0,0.0,0.318182,0.198113
Iran 2025,USOIL,usad,106,0.377358,0.169697,0.249096,0.7,test,1.26604,0.320755,0.0,0.0,0.0,0.484848,0.301887
Iran 2025,USOIL,usad,106,0.377358,0.169697,0.249096,0.75,control,1.522858,0.424528,0.0,0.0,0.0,0.318182,0.198113
Iran 2025,USOIL,usad,106,0.377358,0.169697,0.249096,0.75,test,1.394318,0.367925,0.0,0.0,0.0,0.409091,0.254717
Iran 2025,USOIL,usad,106,0.377358,0.169697,0.249096,0.8,control,1.555871,0.45283,0.0,0.0,0.0,0.272727,0.169811
Iran 2025,USOIL,usad,106,0.377358,0.169697,0.249096,0.8,test,1.484899,0.424528,0.0,0.0,0.0,0.318182,0.198113
Iran 2025,USOIL,usad,106,0.377358,0.169697,0.249096,0.85,control,1.583569,0.518868,0.0,0.0,0.0,0.166667,0.103774
Iran 2025,USOIL,usad,106,0.377358,0.169697,0.249096,0.85,test,1.563165,0.471698,0.0,0.0,0.0,0.242424,0.150943
Iran 2025,USOIL,usad,106,0.377358,0.169697,0.249096,0.9,control,1.629158,0.613208,0.0,0.0,0.0,0.015152,0.009434
Iran 2025,USOIL,usad,106,0.377358,0.169697,0.249096,0.9,test,1.585327,0.518868,0.0,0.0,0.0,0.166667,0.103774
Iran 2025,USOIL,usad,106,0.377358,0.169697,0.249096,0.95,control,1.734782,0.622642,0.0,0.0,0.0,0.0,0.0
Iran 2025,USOIL,usad,106,0.377358,0.169697,0.249096,0.95,test,1.600582,0.566038,0.0,0.0,0.0,0.090909,0.056604
Iran 2025,USOIL,usad,106,0.377358,0.169697,0.249096,0.975,control,1.7469,0.622642,0.0,0.0,0.0,0.0,0.0
Iran 2025,USOIL,usad,106,0.377358,0.169697,0.249096,0.975,test,1.607413,0.59434,0.0,0.0,0.0,0.045455,0.028302
Iran 2025,USOIL,usad,106,0.377358,0.169697,0.249096,0.99,control,1.767949,0.622642,0.0,0.0,0.0,0.0,0.0
Iran 2025,USOIL,usad,106,0.377358,0.169697,0.249096,0.99,test,1.614179,0.603774,0.0,0.0,0.0,0.030303,0.018868
Iran 2025,USOIL,vae,106,0.377358,0.774621,0.735657,0.7,control,0.337796,0.59434,0.478261,0.825,0.605505,0.545455,0.650943
Iran 2025,USOIL,vae,106,0.377358,0.774621,0.735657,0.7,test,0.434661,0.811321,0.8125,0.65,0.722222,0.090909,0.301887
Iran 2025,USOIL,vae,106,0.377358,0.774621,0.735657,0.75,control,0.398336,0.754717,0.659091,0.725,0.690476,0.227273,0.415094
Iran 2025,USOIL,vae,106,0.377358,0.774621,0.735657,0.75,test,0.454843,0.783019,0.814815,0.55,0.656716,0.075758,0.254717
Iran 2025,USOIL,vae,106,0.377358,0.774621,0.735657,0.8,control,0.4652,0.783019,0.84,0.525,0.646154,0.060606,0.235849
Iran 2025,USOIL,vae,106,0.377358,0.774621,0.735657,0.8,test,0.50549,0.764151,0.857143,0.45,0.590164,0.045455,0.198113
Iran 2025,USOIL,vae,106,0.377358,0.774621,0.735657,0.85,control,0.549116,0.726415,0.866667,0.325,0.472727,0.030303,0.141509
Iran 2025,USOIL,vae,106,0.377358,0.774621,0.735657,0.85,test,0.542919,0.735849,0.875,0.35,0.5,0.030303,0.150943
Iran 2025,USOIL,vae,106,0.377358,0.774621,0.735657,0.9,control,0.606244,0.679245,0.875,0.175,0.291667,0.015152,0.075472
Iran 2025,USOIL,vae,106,0.377358,0.774621,0.735657,0.9,test,0.57215,0.688679,0.818182,0.225,0.352941,0.030303,0.103774
Iran 2025,USOIL,vae,106,0.377358,0.774621,0.735657,0.95,control,0.640129,0.632075,0.666667,0.05,0.093023,0.015152,0.028302
Iran 2025,USOIL,vae,106,0.377358,0.774621,0.735657,0.95,test,0.619887,0.660377,0.833333,0.125,0.217391,0.015152,0.056604
Iran 2025,USOIL,vae,106,0.377358,0.774621,0.735657,0.975,control,0.659222,0.632075,0.666667,0.05,0.093023,0.015152,0.028302
Iran 2025,USOIL,vae,106,0.377358,0.774621,0.735657,0.975,test,0.642084,0.632075,0.666667,0.05,0.093023,0.015152,0.028302
Iran 2025,USOIL,vae,106,0.377358,0.774621,0.735657,0.99,control,0.670559,0.622642,0.0,0.0,0.0,0.0,0.0
Iran 2025,USOIL,vae,106,0.377358,0.774621,0.735657,0.99,test,0.663825,0.622642,0.5,0.025,0.047619,0.015152,0.018868
Iran 2025,GOLD,anomaly_transformer,106,0.377358,0.627652,0.428687,0.7,control,0.000901,0.622642,0.5,0.625,0.555556,0.378788,0.471698
Iran 2025,GOLD,anomaly_transformer,106,0.377358,0.627652,0.428687,0.7,test,0.002648,0.603774,0.46875,0.375,0.416667,0.257576,0.301887
Iran 2025,GOLD,anomaly_transformer,106,0.377358,0.627652,0.428687,0.75,control,0.000981,0.622642,0.5,0.625,0.555556,0.378788,0.471698
Iran 2025,GOLD,anomaly_transformer,106,0.377358,0.627652,0.428687,0.75,test,0.003369,0.59434,0.444444,0.3,0.358209,0.227273,0.254717
Iran 2025,GOLD,anomaly_transformer,106,0.377358,0.627652,0.428687,0.8,control,0.001079,0.632075,0.510204,0.625,0.561798,0.363636,0.462264
Iran 2025,GOLD,anomaly_transformer,106,0.377358,0.627652,0.428687,0.8,test,0.003946,0.556604,0.333333,0.175,0.229508,0.212121,0.198113
Iran 2025,GOLD,anomaly_transformer,106,0.377358,0.627652,0.428687,0.85,control,0.001179,0.641509,0.520833,0.625,0.568182,0.348485,0.45283
Iran 2025,GOLD,anomaly_transformer,106,0.377358,0.627652,0.428687,0.85,test,0.006282,0.54717,0.25,0.1,0.142857,0.181818,0.150943
Iran 2025,GOLD,anomaly_transformer,106,0.377358,0.627652,0.428687,0.9,control,0.001344,0.650943,0.531915,0.625,0.574713,0.333333,0.443396
Iran 2025,GOLD,anomaly_transformer,106,0.377358,0.627652,0.428687,0.9,test,0.007682,0.537736,0.090909,0.025,0.039216,0.151515,0.103774
Iran 2025,GOLD,anomaly_transformer,106,0.377358,0.627652,0.428687,0.95,control,0.005809,0.566038,0.333333,0.15,0.206897,0.181818,0.169811
Iran 2025,GOLD,anomaly_transformer,106,0.377358,0.627652,0.428687,0.95,test,0.011923,0.566038,0.0,0.0,0.0,0.090909,0.056604
Iran 2025,GOLD,anomaly_transformer,106,0.377358,0.627652,0.428687,0.975,control,0.010609,0.556604,0.0,0.0,0.0,0.106061,0.066038
Iran 2025,GOLD,anomaly_transformer,106,0.377358,0.627652,0.428687,0.975,test,0.01467,0.59434,0.0,0.0,0.0,0.045455,0.028302
Iran 2025,GOLD,anomaly_transformer,106,0.377358,0.627652,0.428687,0.99,control,0.034198,0.622642,0.0,0.0,0.0,0.0,0.0
Iran 2025,GOLD,anomaly_transformer,106,0.377358,0.627652,0.428687,0.99,test,0.018145,0.603774,0.0,0.0,0.0,0.030303,0.018868
Iran 2025,GOLD,autoencoder,106,0.377358,0.597727,0.392353,0.7,test,0.112916,0.471698,0.25,0.2,0.222222,0.363636,0.301887
Iran 2025,GOLD,autoencoder,106,0.377358,0.597727,0.392353,0.75,test,0.120088,0.462264,0.185185,0.125,0.149254,0.333333,0.254717
Iran 2025,GOLD,autoencoder,106,0.377358,0.597727,0.392353,0.8,test,0.135468,0.481132,0.142857,0.075,0.098361,0.272727,0.198113
Iran 2025,GOLD,autoencoder,106,0.377358,0.597727,0.392353,0.85,test,0.144001,0.528302,0.1875,0.075,0.107143,0.19697,0.150943
Iran 2025,GOLD,autoencoder,106,0.377358,0.597727,0.392353,0.9,test,0.155495,0.518868,0.0,0.0,0.0,0.166667,0.103774
Iran 2025,GOLD,autoencoder,106,0.377358,0.597727,0.392353,0.95,test,0.176388,0.566038,0.0,0.0,0.0,0.090909,0.056604
Iran 2025,GOLD,autoencoder,106,0.377358,0.597727,0.392353,0.975,test,0.179066,0.59434,0.0,0.0,0.0,0.045455,0.028302
Iran 2025,GOLD,autoencoder,106,0.377358,0.597727,0.392353,0.99,test,0.191038,0.603774,0.0,0.0,0.0,0.030303,0.018868
Iran 2025,GOLD,cnn_autoencoder,106,0.377358,0.612121,0.40094,0.7,test,0.009986,0.471698,0.25,0.2,0.222222,0.363636,0.301887
Iran 2025,GOLD,cnn_autoencoder,106,0.377358,0.612121,0.40094,0.75,test,0.010853,0.5,0.259259,0.175,0.208955,0.30303,0.254717
Iran 2025,GOLD,cnn_autoencoder,106,0.377358,0.612121,0.40094,0.8,test,0.012404,0.537736,0.285714,0.15,0.196721,0.227273,0.198113
Iran 2025,GOLD,cnn_autoencoder,106,0.377358,0.612121,0.40094,0.85,test,0.014049,0.528302,0.1875,0.075,0.107143,0.19697,0.150943
Iran 2025,GOLD,cnn_autoencoder,106,0.377358,0.612121,0.40094,0.9,test,0.019401,0.537736,0.090909,0.025,0.039216,0.151515,0.103774
Iran 2025,GOLD,cnn_autoencoder,106,0.377358,0.612121,0.40094,0.95,test,0.032433,0.566038,0.0,0.0,0.0,0.090909,0.056604
Iran 2025,GOLD,cnn_autoencoder,106,0.377358,0.612121,0.40094,0.975,test,0.034481,0.59434,0.0,0.0,0.0,0.045455,0.028302
Iran 2025,GOLD,cnn_autoencoder,106,0.377358,0.612121,0.40094,0.99,test,0.039749,0.603774,0.0,0.0,0.0,0.030303,0.018868
Iran 2025,GOLD,dagmm,106,0.377358,0.277273,0.273764,0.7,control,-2.115318,0.490566,0.0625,0.025,0.035714,0.227273,0.150943
Iran 2025,GOLD,dagmm,106,0.377358,0.277273,0.273764,0.7,test,-4.566183,0.433962,0.1875,0.15,0.166667,0.393939,0.301887
Iran 2025,GOLD,dagmm,106,0.377358,0.277273,0.273764,0.75,control,-1.043211,0.518868,0.0,0.0,0.0,0.166667,0.103774
Iran 2025,GOLD,dagmm,106,0.377358,0.277273,0.273764,0.75,test,-4.176294,0.462264,0.185185,0.125,0.149254,0.333333,0.254717
Iran 2025,GOLD,dagmm,106,0.377358,0.277273,0.273764,0.8,control,-0.470837,0.518868,0.0,0.0,0.0,0.166667,0.103774
Iran 2025,GOLD,dagmm,106,0.377358,0.277273,0.273764,0.8,test,-3.198996,0.5,0.190476,0.1,0.131148,0.257576,0.198113
Iran 2025,GOLD,dagmm,106,0.377358,0.277273,0.273764,0.85,control,0.967177,0.556604,0.0,0.0,0.0,0.106061,0.066038
Iran 2025,GOLD,dagmm,106,0.377358,0.277273,0.273764,0.85,test,-2.132367,0.490566,0.0625,0.025,0.035714,0.227273,0.150943
Iran 2025,GOLD,dagmm,106,0.377358,0.277273,0.273764,0.9,control,2.307358,0.575472,0.0,0.0,0.0,0.075758,0.04717
Iran 2025,GOLD,dagmm,106,0.377358,0.277273,0.273764,0.9,test,-0.731102,0.518868,0.0,0.0,0.0,0.166667,0.103774
Iran 2025,GOLD,dagmm,106,0.377358,0.277273,0.273764,0.95,control,5.424716,0.613208,0.0,0.0,0.0,0.015152,0.009434
Iran 2025,GOLD,dagmm,106,0.377358,0.277273,0.273764,0.95,test,1.319577,0.566038,0.0,0.0,0.0,0.090909,0.056604
Iran 2025,GOLD,dagmm,106,0.377358,0.277273,0.273764,0.975,control,9.721917,0.622642,0.0,0.0,0.0,0.0,0.0
Iran 2025,GOLD,dagmm,106,0.377358,0.277273,0.273764,0.975,test,3.539204,0.59434,0.0,0.0,0.0,0.045455,0.028302
Iran 2025,GOLD,dagmm,106,0.377358,0.277273,0.273764,0.99,control,12.965183,0.622642,0.0,0.0,0.0,0.0,0.0
Iran 2025,GOLD,dagmm,106,0.377358,0.277273,0.273764,0.99,test,5.275273,0.603774,0.0,0.0,0.0,0.030303,0.018868
Iran 2025,GOLD,deep_svdd,106,0.377358,0.557955,0.37265,0.7,control,0.000496,0.5,0.430108,1.0,0.601504,0.80303,0.877358
Iran 2025,GOLD,deep_svdd,106,0.377358,0.557955,0.37265,0.7,test,0.002365,0.471698,0.25,0.2,0.222222,0.363636,0.301887
Iran 2025,GOLD,deep_svdd,106,0.377358,0.557955,0.37265,0.75,control,0.000515,0.509434,0.434783,1.0,0.606061,0.787879,0.867925
Iran 2025,GOLD,deep_svdd,106,0.377358,0.557955,0.37265,0.75,test,0.002645,0.481132,0.222222,0.15,0.179104,0.318182,0.254717
Iran 2025,GOLD,deep_svdd,106,0.377358,0.557955,0.37265,0.8,control,0.000572,0.528302,0.444444,1.0,0.615385,0.757576,0.849057
Iran 2025,GOLD,deep_svdd,106,0.377358,0.557955,0.37265,0.8,test,0.003115,0.481132,0.142857,0.075,0.098361,0.272727,0.198113
Iran 2025,GOLD,deep_svdd,106,0.377358,0.557955,0.37265,0.85,control,0.000659,0.537736,0.449438,1.0,0.620155,0.742424,0.839623
Iran 2025,GOLD,deep_svdd,106,0.377358,0.557955,0.37265,0.85,test,0.003399,0.490566,0.0625,0.025,0.035714,0.227273,0.150943
Iran 2025,GOLD,deep_svdd,106,0.377358,0.557955,0.37265,0.9,control,0.0008,0.566038,0.464286,0.975,0.629032,0.681818,0.792453
Iran 2025,GOLD,deep_svdd,106,0.377358,0.557955,0.37265,0.9,test,0.003981,0.518868,0.0,0.0,0.0,0.166667,0.103774
Iran 2025,GOLD,deep_svdd,106,0.377358,0.557955,0.37265,0.95,control,0.00103,0.584906,0.474359,0.925,0.627119,0.621212,0.735849
Iran 2025,GOLD,deep_svdd,106,0.377358,0.557955,0.37265,0.95,test,0.004693,0.566038,0.0,0.0,0.0,0.090909,0.056604
Iran 2025,GOLD,deep_svdd,106,0.377358,0.557955,0.37265,0.975,control,0.001111,0.584906,0.473684,0.9,0.62069,0.606061,0.716981
Iran 2025,GOLD,deep_svdd,106,0.377358,0.557955,0.37265,0.975,test,0.005607,0.59434,0.0,0.0,0.0,0.045455,0.028302
Iran 2025,GOLD,deep_svdd,106,0.377358,0.557955,0.37265,0.99,control,0.001273,0.575472,0.463768,0.8,0.587156,0.560606,0.650943
Iran 2025,GOLD,deep_svdd,106,0.377358,0.557955,0.37265,0.99,test,0.006857,0.603774,0.0,0.0,0.0,0.030303,0.018868
Iran 2025,GOLD,hybrid2,106,0.377358,0.626136,0.421791,0.7,control,0.172715,0.509434,0.434783,1.0,0.606061,0.787879,0.867925
Iran 2025,GOLD,hybrid2,106,0.377358,0.626136,0.421791,0.7,test,0.344153,0.528302,0.34375,0.275,0.305556,0.318182,0.301887
Iran 2025,GOLD,hybrid2,106,0.377358,0.626136,0.421791,0.75,control,0.181761,0.537736,0.449438,1.0,0.620155,0.742424,0.839623
Iran 2025,GOLD,hybrid2,106,0.377358,0.626136,0.421791,0.75,test,0.34816,0.537736,0.333333,0.225,0.268657,0.272727,0.254717
Iran 2025,GOLD,hybrid2,106,0.377358,0.626136,0.421791,0.8,control,0.192728,0.54717,0.454545,1.0,0.625,0.727273,0.830189
Iran 2025,GOLD,hybrid2,106,0.377358,0.626136,0.421791,0.8,test,0.355179,0.537736,0.285714,0.15,0.196721,0.227273,0.198113
Iran 2025,GOLD,hybrid2,106,0.377358,0.626136,0.421791,0.85,control,0.200013,0.584906,0.47619,1.0,0.645161,0.666667,0.792453
Iran 2025,GOLD,hybrid2,106,0.377358,0.626136,0.421791,0.85,test,0.363757,0.584906,0.375,0.15,0.214286,0.151515,0.150943
Iran 2025,GOLD,hybrid2,106,0.377358,0.626136,0.421791,0.9,control,0.22068,0.669811,0.533333,1.0,0.695652,0.530303,0.707547
Iran 2025,GOLD,hybrid2,106,0.377358,0.626136,0.421791,0.9,test,0.380589,0.575472,0.272727,0.075,0.117647,0.121212,0.103774
Iran 2025,GOLD,hybrid2,106,0.377358,0.626136,0.421791,0.95,control,0.253762,0.669811,0.533333,1.0,0.695652,0.530303,0.707547
Iran 2025,GOLD,hybrid2,106,0.377358,0.626136,0.421791,0.95,test,0.395998,0.603774,0.333333,0.05,0.086957,0.060606,0.056604
Iran 2025,GOLD,hybrid2,106,0.377358,0.626136,0.421791,0.975,control,0.265909,0.660377,0.527027,0.975,0.684211,0.530303,0.698113
Iran 2025,GOLD,hybrid2,106,0.377358,0.626136,0.421791,0.975,test,0.412068,0.59434,0.0,0.0,0.0,0.045455,0.028302
Iran 2025,GOLD,hybrid2,106,0.377358,0.626136,0.421791,0.99,control,0.307689,0.566038,0.446429,0.625,0.520833,0.469697,0.528302
Iran 2025,GOLD,hybrid2,106,0.377358,0.626136,0.421791,0.99,test,0.433713,0.603774,0.0,0.0,0.0,0.030303,0.018868
Iran 2025,GOLD,isolation_forest,106,0.377358,0.495076,0.345691,0.7,control,0.520156,0.481132,0.317073,0.325,0.320988,0.424242,0.386792
Iran 2025,GOLD,isolation_forest,106,0.377358,0.495076,0.345691,0.7,test,0.529187,0.490566,0.28125,0.225,0.25,0.348485,0.301887
Iran 2025,GOLD,isolation_forest,106,0.377358,0.495076,0.345691,0.75,control,0.526906,0.5,0.30303,0.25,0.273973,0.348485,0.311321
Iran 2025,GOLD,isolation_forest,106,0.377358,0.495076,0.345691,0.75,test,0.531995,0.481132,0.222222,0.15,0.179104,0.318182,0.254717
Iran 2025,GOLD,isolation_forest,106,0.377358,0.495076,0.345691,0.8,control,0.539971,0.490566,0.0,0.0,0.0,0.212121,0.132075
Iran 2025,GOLD,isolation_forest,106,0.377358,0.495076,0.345691,0.8,test,0.534455,0.481132,0.142857,0.075,0.098361,0.272727,0.198113
Iran 2025,GOLD,isolation_forest,106,0.377358,0.495076,0.345691,0.85,control,0.553214,0.54717,0.0,0.0,0.0,0.121212,0.075472
Iran 2025,GOLD,isolation_forest,106,0.377358,0.495076,0.345691,0.85,test,0.536857,0.490566,0.0625,0.025,0.035714,0.227273,0.150943
Iran 2025,GOLD,isolation_forest,106,0.377358,0.495076,0.345691,0.9,control,0.567597,0.584906,0.0,0.0,0.0,0.060606,0.037736
Iran 2025,GOLD,isolation_forest,106,0.377358,0.495076,0.345691,0.9,test,0.541064,0.518868,0.0,0.0,0.0,0.166667,0.103774
Iran 2025,GOLD,isolation_forest,106,0.377358,0.495076,0.345691,0.95,control,0.582159,0.613208,0.0,0.0,0.0,0.015152,0.009434
Iran 2025,GOLD,isolation_forest,106,0.377358,0.495076,0.345691,0.95,test,0.562263,0.566038,0.0,0.0,0.0,0.090909,0.056604
Iran 2025,GOLD,isolation_forest,106,0.377358,0.495076,0.345691,0.975,control,0.586031,0.613208,0.0,0.0,0.0,0.015152,0.009434
Iran 2025,GOLD,isolation_forest,106,0.377358,0.495076,0.345691,0.975,test,0.570227,0.59434,0.0,0.0,0.0,0.045455,0.028302
Iran 2025,GOLD,isolation_forest,106,0.377358,0.495076,0.345691,0.99,control,0.590442,0.613208,0.0,0.0,0.0,0.015152,0.009434
Iran 2025,GOLD,isolation_forest,106,0.377358,0.495076,0.345691,0.99,test,0.576856,0.603774,0.0,0.0,0.0,0.030303,0.018868
Iran 2025,GOLD,omnianomaly,106,0.377358,0.249242,0.263396,0.7,control,0.211532,0.377358,0.377358,1.0,0.547945,1.0,1.0
Iran 2025,GOLD,omnianomaly,106,0.377358,0.249242,0.263396,0.7,test,0.354299,0.377358,0.09375,0.075,0.083333,0.439394,0.301887
Iran 2025,GOLD,omnianomaly,106,0.377358,0.249242,0.263396,0.75,control,0.228281,0.358491,0.365385,0.95,0.527778,1.0,0.981132
Iran 2025,GOLD,omnianomaly,106,0.377358,0.249242,0.263396,0.75,test,0.375401,0.386792,0.037037,0.025,0.029851,0.393939,0.254717
Iran 2025,GOLD,omnianomaly,106,0.377358,0.249242,0.263396,0.8,control,0.24218,0.349057,0.359223,0.925,0.517483,1.0,0.971698
Iran 2025,GOLD,omnianomaly,106,0.377358,0.249242,0.263396,0.8,test,0.386839,0.424528,0.0,0.0,0.0,0.318182,0.198113
Iran 2025,GOLD,omnianomaly,106,0.377358,0.249242,0.263396,0.85,control,0.255366,0.377358,0.364583,0.875,0.514706,0.924242,0.90566
Iran 2025,GOLD,omnianomaly,106,0.377358,0.249242,0.263396,0.85,test,0.414638,0.471698,0.0,0.0,0.0,0.242424,0.150943
Iran 2025,GOLD,omnianomaly,106,0.377358,0.249242,0.263396,0.9,control,0.267087,0.377358,0.358696,0.825,0.5,0.893939,0.867925
Iran 2025,GOLD,omnianomaly,106,0.377358,0.249242,0.263396,0.9,test,0.625356,0.518868,0.0,0.0,0.0,0.166667,0.103774
Iran 2025,GOLD,omnianomaly,106,0.377358,0.249242,0.263396,0.95,control,0.345568,0.358491,0.131579,0.125,0.128205,0.5,0.358491
Iran 2025,GOLD,omnianomaly,106,0.377358,0.249242,0.263396,0.95,test,0.669105,0.566038,0.0,0.0,0.0,0.090909,0.056604
Iran 2025,GOLD,omnianomaly,106,0.377358,0.249242,0.263396,0.975,control,0.373718,0.386792,0.037037,0.025,0.029851,0.393939,0.254717
Iran 2025,GOLD,omnianomaly,106,0.377358,0.249242,0.263396,0.975,test,0.694871,0.59434,0.0,0.0,0.0,0.045455,0.028302
Iran 2025,GOLD,omnianomaly,106,0.377358,0.249242,0.263396,0.99,control,0.386121,0.415094,0.0,0.0,0.0,0.333333,0.207547
Iran 2025,GOLD,omnianomaly,106,0.377358,0.249242,0.263396,0.99,test,0.738412,0.603774,0.0,0.0,0.0,0.030303,0.018868
Iran 2025,GOLD,one_class_svm,106,0.377358,0.30947,0.289845,0.7,control,-0.125734,0.509434,0.071429,0.025,0.037037,0.19697,0.132075
Iran 2025,GOLD,one_class_svm,106,0.377358,0.30947,0.289845,0.7,test,-0.602022,0.45283,0.21875,0.175,0.194444,0.378788,0.301887
Iran 2025,GOLD,one_class_svm,106,0.377358,0.30947,0.289845,0.75,control,-0.102737,0.518868,0.076923,0.025,0.037736,0.181818,0.122642
Iran 2025,GOLD,one_class_svm,106,0.377358,0.30947,0.289845,0.75,test,-0.432685,0.424528,0.111111,0.075,0.089552,0.363636,0.254717
Iran 2025,GOLD,one_class_svm,106,0.377358,0.30947,0.289845,0.8,control,-0.049339,0.54717,0.1,0.025,0.04,0.136364,0.09434
Iran 2025,GOLD,one_class_svm,106,0.377358,0.30947,0.289845,0.8,test,-0.270318,0.462264,0.095238,0.05,0.065574,0.287879,0.198113
Iran 2025,GOLD,one_class_svm,106,0.377358,0.30947,0.289845,0.85,control,0.029319,0.584906,0.166667,0.025,0.043478,0.075758,0.056604
Iran 2025,GOLD,one_class_svm,106,0.377358,0.30947,0.289845,0.85,test,-0.175096,0.509434,0.125,0.05,0.071429,0.212121,0.150943
Iran 2025,GOLD,one_class_svm,106,0.377358,0.30947,0.289845,0.9,control,0.180358,0.622642,0.0,0.0,0.0,0.0,0.0
Iran 2025,GOLD,one_class_svm,106,0.377358,0.30947,0.289845,0.9,test,-0.072497,0.537736,0.090909,0.025,0.039216,0.151515,0.103774
Iran 2025,GOLD,one_class_svm,106,0.377358,0.30947,0.289845,0.95,control,0.357573,0.622642,0.0,0.0,0.0,0.0,0.0
Iran 2025,GOLD,one_class_svm,106,0.377358,0.30947,0.289845,0.95,test,0.032309,0.584906,0.166667,0.025,0.043478,0.075758,0.056604
Iran 2025,GOLD,one_class_svm,106,0.377358,0.30947,0.289845,0.975,control,0.420192,0.622642,0.0,0.0,0.0,0.0,0.0
Iran 2025,GOLD,one_class_svm,106,0.377358,0.30947,0.289845,0.975,test,0.058172,0.613208,0.333333,0.025,0.046512,0.030303,0.028302
Iran 2025,GOLD,one_class_svm,106,0.377358,0.30947,0.289845,0.99,control,0.553271,0.622642,0.0,0.0,0.0,0.0,0.0
Iran 2025,GOLD,one_class_svm,106,0.377358,0.30947,0.289845,0.99,test,0.096081,0.603774,0.0,0.0,0.0,0.030303,0.018868
Iran 2025,GOLD,standalone_fanogan,106,0.377358,0.626136,0.421791,0.7,control,0.172715,0.509434,0.434783,1.0,0.606061,0.787879,0.867925
Iran 2025,GOLD,standalone_fanogan,106,0.377358,0.626136,0.421791,0.7,test,0.344153,0.528302,0.34375,0.275,0.305556,0.318182,0.301887
Iran 2025,GOLD,standalone_fanogan,106,0.377358,0.626136,0.421791,0.75,control,0.181761,0.537736,0.449438,1.0,0.620155,0.742424,0.839623
Iran 2025,GOLD,standalone_fanogan,106,0.377358,0.626136,0.421791,0.75,test,0.34816,0.537736,0.333333,0.225,0.268657,0.272727,0.254717
Iran 2025,GOLD,standalone_fanogan,106,0.377358,0.626136,0.421791,0.8,control,0.192728,0.54717,0.454545,1.0,0.625,0.727273,0.830189
Iran 2025,GOLD,standalone_fanogan,106,0.377358,0.626136,0.421791,0.8,test,0.355179,0.537736,0.285714,0.15,0.196721,0.227273,0.198113
Iran 2025,GOLD,standalone_fanogan,106,0.377358,0.626136,0.421791,0.85,control,0.200013,0.584906,0.47619,1.0,0.645161,0.666667,0.792453
Iran 2025,GOLD,standalone_fanogan,106,0.377358,0.626136,0.421791,0.85,test,0.363757,0.584906,0.375,0.15,0.214286,0.151515,0.150943
Iran 2025,GOLD,standalone_fanogan,106,0.377358,0.626136,0.421791,0.9,control,0.22068,0.669811,0.533333,1.0,0.695652,0.530303,0.707547
Iran 2025,GOLD,standalone_fanogan,106,0.377358,0.626136,0.421791,0.9,test,0.380589,0.575472,0.272727,0.075,0.117647,0.121212,0.103774
Iran 2025,GOLD,standalone_fanogan,106,0.377358,0.626136,0.421791,0.95,control,0.253762,0.669811,0.533333,1.0,0.695652,0.530303,0.707547
Iran 2025,GOLD,standalone_fanogan,106,0.377358,0.626136,0.421791,0.95,test,0.395998,0.603774,0.333333,0.05,0.086957,0.060606,0.056604
Iran 2025,GOLD,standalone_fanogan,106,0.377358,0.626136,0.421791,0.975,control,0.265909,0.660377,0.527027,0.975,0.684211,0.530303,0.698113
Iran 2025,GOLD,standalone_fanogan,106,0.377358,0.626136,0.421791,0.975,test,0.412068,0.59434,0.0,0.0,0.0,0.045455,0.028302
Iran 2025,GOLD,standalone_fanogan,106,0.377358,0.626136,0.421791,0.99,control,0.307689,0.566038,0.446429,0.625,0.520833,0.469697,0.528302
Iran 2025,GOLD,standalone_fanogan,106,0.377358,0.626136,0.421791,0.99,test,0.433713,0.603774,0.0,0.0,0.0,0.030303,0.018868
Iran 2025,GOLD,tranad,106,0.377358,0.454545,0.326769,0.7,control,0.023958,0.377358,0.377358,1.0,0.547945,1.0,1.0
Iran 2025,GOLD,tranad,106,0.377358,0.454545,0.326769,0.7,test,0.253327,0.377358,0.09375,0.075,0.083333,0.439394,0.301887
Iran 2025,GOLD,tranad,106,0.377358,0.454545,0.326769,0.75,control,0.02481,0.377358,0.377358,1.0,0.547945,1.0,1.0
Iran 2025,GOLD,tranad,106,0.377358,0.454545,0.326769,0.75,test,0.261351,0.424528,0.111111,0.075,0.089552,0.363636,0.254717
Iran 2025,GOLD,tranad,106,0.377358,0.454545,0.326769,0.8,control,0.026836,0.377358,0.377358,1.0,0.547945,1.0,1.0
Iran 2025,GOLD,tranad,106,0.377358,0.454545,0.326769,0.8,test,0.271091,0.462264,0.095238,0.05,0.065574,0.287879,0.198113
Iran 2025,GOLD,tranad,106,0.377358,0.454545,0.326769,0.85,control,0.02876,0.377358,0.377358,1.0,0.547945,1.0,1.0
Iran 2025,GOLD,tranad,106,0.377358,0.454545,0.326769,0.85,test,0.282177,0.471698,0.0,0.0,0.0,0.242424,0.150943
Iran 2025,GOLD,tranad,106,0.377358,0.454545,0.326769,0.9,control,0.031854,0.377358,0.377358,1.0,0.547945,1.0,1.0
Iran 2025,GOLD,tranad,106,0.377358,0.454545,0.326769,0.9,test,0.295933,0.518868,0.0,0.0,0.0,0.166667,0.103774
Iran 2025,GOLD,tranad,106,0.377358,0.454545,0.326769,0.95,control,0.038564,0.377358,0.377358,1.0,0.547945,1.0,1.0
Iran 2025,GOLD,tranad,106,0.377358,0.454545,0.326769,0.95,test,0.317546,0.566038,0.0,0.0,0.0,0.090909,0.056604
Iran 2025,GOLD,tranad,106,0.377358,0.454545,0.326769,0.975,control,0.04487,0.377358,0.377358,1.0,0.547945,1.0,1.0
Iran 2025,GOLD,tranad,106,0.377358,0.454545,0.326769,0.975,test,0.331991,0.59434,0.0,0.0,0.0,0.045455,0.028302
Iran 2025,GOLD,tranad,106,0.377358,0.454545,0.326769,0.99,control,0.046779,0.377358,0.377358,1.0,0.547945,1.0,1.0
Iran 2025,GOLD,tranad,106,0.377358,0.454545,0.326769,0.99,test,0.358015,0.603774,0.0,0.0,0.0,0.030303,0.018868
Iran 2025,GOLD,usad,106,0.377358,0.471591,0.475871,0.7,control,1.365483,0.622642,0.0,0.0,0.0,0.0,0.0
Iran 2025,GOLD,usad,106,0.377358,0.471591,0.475871,0.7,test,0.61685,0.584906,0.4375,0.35,0.388889,0.272727,0.301887
Iran 2025,GOLD,usad,106,0.377358,0.471591,0.475871,0.75,control,1.415306,0.622642,0.0,0.0,0.0,0.0,0.0
Iran 2025,GOLD,usad,106,0.377358,0.471591,0.475871,0.75,test,0.638469,0.59434,0.444444,0.3,0.358209,0.227273,0.254717
Iran 2025,GOLD,usad,106,0.377358,0.471591,0.475871,0.8,control,1.455901,0.622642,0.0,0.0,0.0,0.0,0.0
Iran 2025,GOLD,usad,106,0.377358,0.471591,0.475871,0.8,test,0.651148,0.650943,0.571429,0.3,0.393443,0.136364,0.198113
Iran 2025,GOLD,usad,106,0.377358,0.471591,0.475871,0.85,control,1.470843,0.622642,0.0,0.0,0.0,0.0,0.0
Iran 2025,GOLD,usad,106,0.377358,0.471591,0.475871,0.85,test,0.661959,0.660377,0.625,0.25,0.357143,0.090909,0.150943
Iran 2025,GOLD,usad,106,0.377358,0.471591,0.475871,0.9,control,1.495118,0.622642,0.0,0.0,0.0,0.0,0.0
Iran 2025,GOLD,usad,106,0.377358,0.471591,0.475871,0.9,test,0.679449,0.669811,0.727273,0.2,0.313725,0.045455,0.103774
Iran 2025,GOLD,usad,106,0.377358,0.471591,0.475871,0.95,control,1.517883,0.622642,0.0,0.0,0.0,0.0,0.0
Iran 2025,GOLD,usad,106,0.377358,0.471591,0.475871,0.95,test,0.692297,0.641509,0.666667,0.1,0.173913,0.030303,0.056604
Iran 2025,GOLD,usad,106,0.377358,0.471591,0.475871,0.975,control,1.566898,0.622642,0.0,0.0,0.0,0.0,0.0
Iran 2025,GOLD,usad,106,0.377358,0.471591,0.475871,0.975,test,0.695786,0.650943,1.0,0.075,0.139535,0.0,0.028302
Iran 2025,GOLD,usad,106,0.377358,0.471591,0.475871,0.99,control,1.675286,0.622642,0.0,0.0,0.0,0.0,0.0
Iran 2025,GOLD,usad,106,0.377358,0.471591,0.475871,0.99,test,0.732346,0.641509,1.0,0.05,0.095238,0.0,0.018868
Iran 2025,GOLD,vae,106,0.377358,0.524621,0.40208,0.7,test,0.36171,0.54717,0.375,0.3,0.333333,0.30303,0.301887
Iran 2025,GOLD,vae,106,0.377358,0.524621,0.40208,0.75,test,0.383412,0.556604,0.37037,0.25,0.298507,0.257576,0.254717
Iran 2025,GOLD,vae,106,0.377358,0.524621,0.40208,0.8,test,0.401073,0.556604,0.333333,0.175,0.229508,0.212121,0.198113
Iran 2025,GOLD,vae,106,0.377358,0.524621,0.40208,0.85,test,0.413858,0.584906,0.375,0.15,0.214286,0.151515,0.150943
Iran 2025,GOLD,vae,106,0.377358,0.524621,0.40208,0.9,test,0.425542,0.613208,0.454545,0.125,0.196078,0.090909,0.103774
Iran 2025,GOLD,vae,106,0.377358,0.524621,0.40208,0.95,test,0.45444,0.603774,0.333333,0.05,0.086957,0.060606,0.056604
Iran 2025,GOLD,vae,106,0.377358,0.524621,0.40208,0.975,test,0.492493,0.632075,0.666667,0.05,0.093023,0.015152,0.028302
Iran 2025,GOLD,vae,106,0.377358,0.524621,0.40208,0.99,test,0.495452,0.622642,0.5,0.025,0.047619,0.015152,0.018868
Iran 2025,EURUSD,anomaly_transformer,107,0.383178,0.289357,0.301125,0.7,control,0.001434,0.504673,0.269231,0.170732,0.208955,0.287879,0.242991
Iran 2025,EURUSD,anomaly_transformer,107,0.383178,0.289357,0.301125,0.7,test,0.000812,0.485981,0.28125,0.219512,0.246575,0.348485,0.299065
Iran 2025,EURUSD,anomaly_transformer,107,0.383178,0.289357,0.301125,0.75,control,0.001691,0.504673,0.25,0.146341,0.184615,0.272727,0.224299
Iran 2025,EURUSD,anomaly_transformer,107,0.383178,0.289357,0.301125,0.75,test,0.000983,0.495327,0.259259,0.170732,0.205882,0.30303,0.252336
Iran 2025,EURUSD,anomaly_transformer,107,0.383178,0.289357,0.301125,0.8,control,0.001764,0.504673,0.25,0.146341,0.184615,0.272727,0.224299
Iran 2025,EURUSD,anomaly_transformer,107,0.383178,0.289357,0.301125,0.8,test,0.002675,0.523364,0.272727,0.146341,0.190476,0.242424,0.205607
Iran 2025,EURUSD,anomaly_transformer,107,0.383178,0.289357,0.301125,0.85,control,0.002032,0.504673,0.25,0.146341,0.184615,0.272727,0.224299
Iran 2025,EURUSD,anomaly_transformer,107,0.383178,0.289357,0.301125,0.85,test,0.00415,0.542056,0.25,0.097561,0.140351,0.181818,0.149533
Iran 2025,EURUSD,anomaly_transformer,107,0.383178,0.289357,0.301125,0.9,control,0.002954,0.53271,0.285714,0.146341,0.193548,0.227273,0.196262
Iran 2025,EURUSD,anomaly_transformer,107,0.383178,0.289357,0.301125,0.9,test,0.010422,0.551402,0.181818,0.04878,0.076923,0.136364,0.102804
Iran 2025,EURUSD,anomaly_transformer,107,0.383178,0.289357,0.301125,0.95,control,0.005197,0.53271,0.2,0.073171,0.107143,0.181818,0.140187
Iran 2025,EURUSD,anomaly_transformer,107,0.383178,0.289357,0.301125,0.95,test,0.014931,0.579439,0.166667,0.02439,0.042553,0.075758,0.056075
Iran 2025,EURUSD,anomaly_transformer,107,0.383178,0.289357,0.301125,0.975,control,0.009203,0.542056,0.166667,0.04878,0.075472,0.151515,0.11215
Iran 2025,EURUSD,anomaly_transformer,107,0.383178,0.289357,0.301125,0.975,test,0.018254,0.607477,0.333333,0.02439,0.045455,0.030303,0.028037
Iran 2025,EURUSD,anomaly_transformer,107,0.383178,0.289357,0.301125,0.99,control,0.012612,0.570093,0.222222,0.04878,0.08,0.106061,0.084112
Iran 2025,EURUSD,anomaly_transformer,107,0.383178,0.289357,0.301125,0.99,test,0.023897,0.616822,0.5,0.02439,0.046512,0.015152,0.018692
Iran 2025,EURUSD,autoencoder,107,0.383178,0.128603,0.25126,0.7,test,0.091928,0.392523,0.125,0.097561,0.109589,0.424242,0.299065
Iran 2025,EURUSD,autoencoder,107,0.383178,0.128603,0.25126,0.75,test,0.096496,0.439252,0.148148,0.097561,0.117647,0.348485,0.252336
Iran 2025,EURUSD,autoencoder,107,0.383178,0.128603,0.25126,0.8,test,0.104375,0.485981,0.181818,0.097561,0.126984,0.272727,0.205607
Iran 2025,EURUSD,autoencoder,107,0.383178,0.128603,0.25126,0.85,test,0.109015,0.542056,0.25,0.097561,0.140351,0.181818,0.149533
Iran 2025,EURUSD,autoencoder,107,0.383178,0.128603,0.25126,0.9,test,0.112014,0.570093,0.272727,0.073171,0.115385,0.121212,0.102804
Iran 2025,EURUSD,autoencoder,107,0.383178,0.128603,0.25126,0.95,test,0.122274,0.560748,0.0,0.0,0.0,0.090909,0.056075
Iran 2025,EURUSD,autoencoder,107,0.383178,0.128603,0.25126,0.975,test,0.126784,0.588785,0.0,0.0,0.0,0.045455,0.028037
Iran 2025,EURUSD,autoencoder,107,0.383178,0.128603,0.25126,0.99,test,0.129451,0.598131,0.0,0.0,0.0,0.030303,0.018692
Iran 2025,EURUSD,cnn_autoencoder,107,0.383178,0.035846,0.229181,0.7,test,0.006757,0.317757,0.0,0.0,0.0,0.484848,0.299065
Iran 2025,EURUSD,cnn_autoencoder,107,0.383178,0.035846,0.229181,0.75,test,0.007422,0.364486,0.0,0.0,0.0,0.409091,0.252336
Iran 2025,EURUSD,cnn_autoencoder,107,0.383178,0.035846,0.229181,0.8,test,0.007801,0.411215,0.0,0.0,0.0,0.333333,0.205607
Iran 2025,EURUSD,cnn_autoencoder,107,0.383178,0.035846,0.229181,0.85,test,0.008454,0.46729,0.0,0.0,0.0,0.242424,0.149533
Iran 2025,EURUSD,cnn_autoencoder,107,0.383178,0.035846,0.229181,0.9,test,0.008994,0.514019,0.0,0.0,0.0,0.166667,0.102804
Iran 2025,EURUSD,cnn_autoencoder,107,0.383178,0.035846,0.229181,0.95,test,0.010077,0.560748,0.0,0.0,0.0,0.090909,0.056075
Iran 2025,EURUSD,cnn_autoencoder,107,0.383178,0.035846,0.229181,0.975,test,0.010613,0.588785,0.0,0.0,0.0,0.045455,0.028037
Iran 2025,EURUSD,cnn_autoencoder,107,0.383178,0.035846,0.229181,0.99,test,0.014047,0.598131,0.0,0.0,0.0,0.030303,0.018692
Iran 2025,EURUSD,dagmm,107,0.383178,0.31966,0.302637,0.7,control,-3.528515,0.588785,0.0,0.0,0.0,0.045455,0.028037
Iran 2025,EURUSD,dagmm,107,0.383178,0.31966,0.302637,0.7,test,-7.073703,0.485981,0.28125,0.219512,0.246575,0.348485,0.299065
Iran 2025,EURUSD,dagmm,107,0.383178,0.31966,0.302637,0.75,control,-2.279564,0.588785,0.0,0.0,0.0,0.045455,0.028037
Iran 2025,EURUSD,dagmm,107,0.383178,0.31966,0.302637,0.75,test,-6.780963,0.495327,0.259259,0.170732,0.205882,0.30303,0.252336
Iran 2025,EURUSD,dagmm,107,0.383178,0.31966,0.302637,0.8,control,-1.134894,0.588785,0.0,0.0,0.0,0.045455,0.028037
Iran 2025,EURUSD,dagmm,107,0.383178,0.31966,0.302637,0.8,test,-6.589109,0.504673,0.227273,0.121951,0.15873,0.257576,0.205607
Iran 2025,EURUSD,dagmm,107,0.383178,0.31966,0.302637,0.85,control,-0.092474,0.598131,0.0,0.0,0.0,0.030303,0.018692
Iran 2025,EURUSD,dagmm,107,0.383178,0.31966,0.302637,0.85,test,-5.943399,0.542056,0.25,0.097561,0.140351,0.181818,0.149533
Iran 2025,EURUSD,dagmm,107,0.383178,0.31966,0.302637,0.9,control,1.677318,0.598131,0.0,0.0,0.0,0.030303,0.018692
Iran 2025,EURUSD,dagmm,107,0.383178,0.31966,0.302637,0.9,test,-5.675845,0.551402,0.181818,0.04878,0.076923,0.136364,0.102804
Iran 2025,EURUSD,dagmm,107,0.383178,0.31966,0.302637,0.95,control,5.793731,0.607477,0.0,0.0,0.0,0.015152,0.009346
Iran 2025,EURUSD,dagmm,107,0.383178,0.31966,0.302637,0.95,test,-4.164261,0.579439,0.166667,0.02439,0.042553,0.075758,0.056075
Iran 2025,EURUSD,dagmm,107,0.383178,0.31966,0.302637,0.975,control,12.777149,0.616822,0.0,0.0,0.0,0.0,0.0
Iran 2025,EURUSD,dagmm,107,0.383178,0.31966,0.302637,0.975,test,-2.792249,0.588785,0.0,0.0,0.0,0.045455,0.028037
Iran 2025,EURUSD,dagmm,107,0.383178,0.31966,0.302637,0.99,control,14.781292,0.616822,0.0,0.0,0.0,0.0,0.0
Iran 2025,EURUSD,dagmm,107,0.383178,0.31966,0.302637,0.99,test,4.107887,0.598131,0.0,0.0,0.0,0.030303,0.018692
Iran 2025,EURUSD,deep_svdd,107,0.383178,0.103843,0.237226,0.7,control,0.000288,0.373832,0.377358,0.97561,0.544218,1.0,0.990654
Iran 2025,EURUSD,deep_svdd,107,0.383178,0.103843,0.237226,0.7,test,0.001417,0.35514,0.0625,0.04878,0.054795,0.454545,0.299065
Iran 2025,EURUSD,deep_svdd,107,0.383178,0.103843,0.237226,0.75,control,0.000319,0.373832,0.377358,0.97561,0.544218,1.0,0.990654
Iran 2025,EURUSD,deep_svdd,107,0.383178,0.103843,0.237226,0.75,test,0.001578,0.401869,0.074074,0.04878,0.058824,0.378788,0.252336
Iran 2025,EURUSD,deep_svdd,107,0.383178,0.103843,0.237226,0.8,control,0.000353,0.373832,0.377358,0.97561,0.544218,1.0,0.990654
Iran 2025,EURUSD,deep_svdd,107,0.383178,0.103843,0.237226,0.8,test,0.001709,0.429907,0.045455,0.02439,0.031746,0.318182,0.205607
Iran 2025,EURUSD,deep_svdd,107,0.383178,0.103843,0.237226,0.85,control,0.000419,0.364486,0.371429,0.95122,0.534247,1.0,0.981308
Iran 2025,EURUSD,deep_svdd,107,0.383178,0.103843,0.237226,0.85,test,0.001801,0.46729,0.0,0.0,0.0,0.242424,0.149533
Iran 2025,EURUSD,deep_svdd,107,0.383178,0.103843,0.237226,0.9,control,0.000468,0.327103,0.346535,0.853659,0.492958,1.0,0.943925
Iran 2025,EURUSD,deep_svdd,107,0.383178,0.103843,0.237226,0.9,test,0.001953,0.514019,0.0,0.0,0.0,0.166667,0.102804
Iran 2025,EURUSD,deep_svdd,107,0.383178,0.103843,0.237226,0.95,control,0.000534,0.308411,0.333333,0.804878,0.471429,1.0,0.925234
Iran 2025,EURUSD,deep_svdd,107,0.383178,0.103843,0.237226,0.95,test,0.002265,0.560748,0.0,0.0,0.0,0.090909,0.056075
Iran 2025,EURUSD,deep_svdd,107,0.383178,0.103843,0.237226,0.975,control,0.000576,0.280374,0.3125,0.731707,0.437956,1.0,0.897196
Iran 2025,EURUSD,deep_svdd,107,0.383178,0.103843,0.237226,0.975,test,0.002393,0.588785,0.0,0.0,0.0,0.045455,0.028037
Iran 2025,EURUSD,deep_svdd,107,0.383178,0.103843,0.237226,0.99,control,0.000698,0.224299,0.255814,0.536585,0.346457,0.969697,0.803738
Iran 2025,EURUSD,deep_svdd,107,0.383178,0.103843,0.237226,0.99,test,0.00247,0.598131,0.0,0.0,0.0,0.030303,0.018692
Iran 2025,EURUSD,hybrid2,107,0.383178,0.18847,0.271866,0.7,control,0.149828,0.308411,0.333333,0.804878,0.471429,1.0,0.925234
Iran 2025,EURUSD,hybrid2,107,0.383178,0.18847,0.271866,0.7,test,0.238821,0.448598,0.21875,0.170732,0.191781,0.378788,0.299065
Iran 2025,EURUSD,hybrid2,107,0.383178,0.18847,0.271866,0.75,control,0.156685,0.252336,0.290323,0.658537,0.402985,1.0,0.869159
Iran 2025,EURUSD,hybrid2,107,0.383178,0.18847,0.271866,0.75,test,0.244609,0.495327,0.259259,0.170732,0.205882,0.30303,0.252336
Iran 2025,EURUSD,hybrid2,107,0.383178,0.18847,0.271866,0.8,control,0.165479,0.205607,0.25,0.536585,0.341085,1.0,0.82243
Iran 2025,EURUSD,hybrid2,107,0.383178,0.18847,0.271866,0.8,test,0.250647,0.523364,0.272727,0.146341,0.190476,0.242424,0.205607
Iran 2025,EURUSD,hybrid2,107,0.383178,0.18847,0.271866,0.85,control,0.177757,0.168224,0.192308,0.365854,0.252101,0.954545,0.728972
Iran 2025,EURUSD,hybrid2,107,0.383178,0.18847,0.271866,0.85,test,0.252832,0.542056,0.25,0.097561,0.140351,0.181818,0.149533
Iran 2025,EURUSD,hybrid2,107,0.383178,0.18847,0.271866,0.9,control,0.198462,0.205607,0.15625,0.243902,0.190476,0.818182,0.598131
Iran 2025,EURUSD,hybrid2,107,0.383178,0.18847,0.271866,0.9,test,0.257925,0.570093,0.272727,0.073171,0.115385,0.121212,0.102804
Iran 2025,EURUSD,hybrid2,107,0.383178,0.18847,0.271866,0.95,control,0.243971,0.485981,0.25,0.170732,0.202899,0.318182,0.261682
Iran 2025,EURUSD,hybrid2,107,0.383178,0.18847,0.271866,0.95,test,0.265886,0.579439,0.166667,0.02439,0.042553,0.075758,0.056075
Iran 2025,EURUSD,hybrid2,107,0.383178,0.18847,0.271866,0.975,control,0.262981,0.560748,0.2,0.04878,0.078431,0.121212,0.093458
Iran 2025,EURUSD,hybrid2,107,0.383178,0.18847,0.271866,0.975,test,0.27115,0.607477,0.333333,0.02439,0.045455,0.030303,0.028037
Iran 2025,EURUSD,hybrid2,107,0.383178,0.18847,0.271866,0.99,control,0.347042,0.616822,0.0,0.0,0.0,0.0,0.0
Iran 2025,EURUSD,hybrid2,107,0.383178,0.18847,0.271866,0.99,test,0.300263,0.598131,0.0,0.0,0.0,0.030303,0.018692
Iran 2025,EURUSD,isolation_forest,107,0.383178,0.273097,0.279347,0.7,control,0.525589,0.457944,0.0,0.0,0.0,0.257576,0.158879
Iran 2025,EURUSD,isolation_forest,107,0.383178,0.273097,0.279347,0.7,test,0.502101,0.448598,0.21875,0.170732,0.191781,0.378788,0.299065
Iran 2025,EURUSD,isolation_forest,107,0.383178,0.273097,0.279347,0.75,control,0.532527,0.46729,0.0,0.0,0.0,0.242424,0.149533
Iran 2025,EURUSD,isolation_forest,107,0.383178,0.273097,0.279347,0.75,test,0.5054,0.476636,0.222222,0.146341,0.176471,0.318182,0.252336
Iran 2025,EURUSD,isolation_forest,107,0.383178,0.273097,0.279347,0.8,control,0.538408,0.485981,0.0,0.0,0.0,0.212121,0.130841
Iran 2025,EURUSD,isolation_forest,107,0.383178,0.273097,0.279347,0.8,test,0.510499,0.504673,0.227273,0.121951,0.15873,0.257576,0.205607
Iran 2025,EURUSD,isolation_forest,107,0.383178,0.273097,0.279347,0.85,control,0.541069,0.514019,0.0,0.0,0.0,0.166667,0.102804
Iran 2025,EURUSD,isolation_forest,107,0.383178,0.273097,0.279347,0.85,test,0.526496,0.46729,0.0,0.0,0.0,0.242424,0.149533
Iran 2025,EURUSD,isolation_forest,107,0.383178,0.273097,0.279347,0.9,control,0.548158,0.551402,0.0,0.0,0.0,0.106061,0.065421
Iran 2025,EURUSD,isolation_forest,107,0.383178,0.273097,0.279347,0.9,test,0.540726,0.514019,0.0,0.0,0.0,0.166667,0.102804
Iran 2025,EURUSD,isolation_forest,107,0.383178,0.273097,0.279347,0.95,control,0.55841,0.588785,0.0,0.0,0.0,0.045455,0.028037
Iran 2025,EURUSD,isolation_forest,107,0.383178,0.273097,0.279347,0.95,test,0.551351,0.560748,0.0,0.0,0.0,0.090909,0.056075
Iran 2025,EURUSD,isolation_forest,107,0.383178,0.273097,0.279347,0.975,control,0.568499,0.607477,0.0,0.0,0.0,0.015152,0.009346
Iran 2025,EURUSD,isolation_forest,107,0.383178,0.273097,0.279347,0.975,test,0.557199,0.588785,0.0,0.0,0.0,0.045455,0.028037
Iran 2025,EURUSD,isolation_forest,107,0.383178,0.273097,0.279347,0.99,control,0.57542,0.616822,0.0,0.0,0.0,0.0,0.0
Iran 2025,EURUSD,isolation_forest,107,0.383178,0.273097,0.279347,0.99,test,0.564597,0.598131,0.0,0.0,0.0,0.030303,0.018692
Iran 2025,EURUSD,omnianomaly,107,0.383178,0.702513,0.482466,0.7,control,0.268266,0.626168,0.506667,0.926829,0.655172,0.560606,0.700935
Iran 2025,EURUSD,omnianomaly,107,0.383178,0.702513,0.482466,0.7,test,0.329531,0.654206,0.5625,0.439024,0.493151,0.212121,0.299065
Iran 2025,EURUSD,omnianomaly,107,0.383178,0.702513,0.482466,0.75,control,0.287811,0.654206,0.534483,0.756098,0.626263,0.409091,0.542056
Iran 2025,EURUSD,omnianomaly,107,0.383178,0.702513,0.482466,0.75,test,0.342968,0.607477,0.481481,0.317073,0.382353,0.212121,0.252336
Iran 2025,EURUSD,omnianomaly,107,0.383178,0.702513,0.482466,0.8,control,0.31251,0.691589,0.586957,0.658537,0.62069,0.287879,0.429907
Iran 2025,EURUSD,omnianomaly,107,0.383178,0.702513,0.482466,0.8,test,0.353115,0.560748,0.363636,0.195122,0.253968,0.212121,0.205607
Iran 2025,EURUSD,omnianomaly,107,0.383178,0.702513,0.482466,0.85,control,0.332815,0.64486,0.548387,0.414634,0.472222,0.212121,0.28972
Iran 2025,EURUSD,omnianomaly,107,0.383178,0.702513,0.482466,0.85,test,0.374331,0.560748,0.3125,0.121951,0.175439,0.166667,0.149533
Iran 2025,EURUSD,omnianomaly,107,0.383178,0.702513,0.482466,0.9,control,0.344708,0.598131,0.461538,0.292683,0.358209,0.212121,0.242991
Iran 2025,EURUSD,omnianomaly,107,0.383178,0.702513,0.482466,0.9,test,0.404889,0.570093,0.272727,0.073171,0.115385,0.121212,0.102804
Iran 2025,EURUSD,omnianomaly,107,0.383178,0.702513,0.482466,0.95,control,0.364838,0.542056,0.277778,0.121951,0.169492,0.19697,0.168224
Iran 2025,EURUSD,omnianomaly,107,0.383178,0.702513,0.482466,0.95,test,0.441217,0.560748,0.0,0.0,0.0,0.090909,0.056075
Iran 2025,EURUSD,omnianomaly,107,0.383178,0.702513,0.482466,0.975,control,0.378319,0.551402,0.266667,0.097561,0.142857,0.166667,0.140187
Iran 2025,EURUSD,omnianomaly,107,0.383178,0.702513,0.482466,0.975,test,0.511527,0.588785,0.0,0.0,0.0,0.045455,0.028037
Iran 2025,EURUSD,omnianomaly,107,0.383178,0.702513,0.482466,0.99,control,0.391287,0.551402,0.230769,0.073171,0.111111,0.151515,0.121495
Iran 2025,EURUSD,omnianomaly,107,0.383178,0.702513,0.482466,0.99,test,0.539673,0.598131,0.0,0.0,0.0,0.030303,0.018692
Iran 2025,EURUSD,one_class_svm,107,0.383178,0.254619,0.275983,0.7,control,-0.100741,0.504673,0.071429,0.02439,0.036364,0.19697,0.130841
Iran 2025,EURUSD,one_class_svm,107,0.383178,0.254619,0.275983,0.7,test,-0.55495,0.485981,0.28125,0.219512,0.246575,0.348485,0.299065
Iran 2025,EURUSD,one_class_svm,107,0.383178,0.254619,0.275983,0.75,control,0.029074,0.53271,0.090909,0.02439,0.038462,0.151515,0.102804
Iran 2025,EURUSD,one_class_svm,107,0.383178,0.254619,0.275983,0.75,test,-0.397858,0.476636,0.222222,0.146341,0.176471,0.318182,0.252336
Iran 2025,EURUSD,one_class_svm,107,0.383178,0.254619,0.275983,0.8,control,0.110442,0.551402,0.111111,0.02439,0.04,0.121212,0.084112
Iran 2025,EURUSD,one_class_svm,107,0.383178,0.254619,0.275983,0.8,test,-0.316802,0.504673,0.227273,0.121951,0.15873,0.257576,0.205607
Iran 2025,EURUSD,one_class_svm,107,0.383178,0.254619,0.275983,0.85,control,0.225965,0.551402,0.0,0.0,0.0,0.106061,0.065421
Iran 2025,EURUSD,one_class_svm,107,0.383178,0.254619,0.275983,0.85,test,-0.225758,0.504673,0.125,0.04878,0.070175,0.212121,0.149533
Iran 2025,EURUSD,one_class_svm,107,0.383178,0.254619,0.275983,0.9,control,0.426116,0.579439,0.0,0.0,0.0,0.060606,0.037383
Iran 2025,EURUSD,one_class_svm,107,0.383178,0.254619,0.275983,0.9,test,0.031236,0.53271,0.090909,0.02439,0.038462,0.151515,0.102804
Iran 2025,EURUSD,one_class_svm,107,0.383178,0.254619,0.275983,0.95,control,0.734255,0.616822,0.0,0.0,0.0,0.0,0.0
Iran 2025,EURUSD,one_class_svm,107,0.383178,0.254619,0.275983,0.95,test,0.351247,0.560748,0.0,0.0,0.0,0.090909,0.056075
Iran 2025,EURUSD,one_class_svm,107,0.383178,0.254619,0.275983,0.975,control,0.881573,0.616822,0.0,0.0,0.0,0.0,0.0
Iran 2025,EURUSD,one_class_svm,107,0.383178,0.254619,0.275983,0.975,test,0.465979,0.588785,0.0,0.0,0.0,0.045455,0.028037
Iran 2025,EURUSD,one_class_svm,107,0.383178,0.254619,0.275983,0.99,control,0.928465,0.616822,0.0,0.0,0.0,0.0,0.0
Iran 2025,EURUSD,one_class_svm,107,0.383178,0.254619,0.275983,0.99,test,0.495243,0.598131,0.0,0.0,0.0,0.030303,0.018692
Iran 2025,EURUSD,standalone_fanogan,107,0.383178,0.18847,0.271866,0.7,control,0.149828,0.308411,0.333333,0.804878,0.471429,1.0,0.925234
Iran 2025,EURUSD,standalone_fanogan,107,0.383178,0.18847,0.271866,0.7,test,0.238821,0.448598,0.21875,0.170732,0.191781,0.378788,0.299065
Iran 2025,EURUSD,standalone_fanogan,107,0.383178,0.18847,0.271866,0.75,control,0.156685,0.252336,0.290323,0.658537,0.402985,1.0,0.869159
Iran 2025,EURUSD,standalone_fanogan,107,0.383178,0.18847,0.271866,0.75,test,0.244609,0.495327,0.259259,0.170732,0.205882,0.30303,0.252336
Iran 2025,EURUSD,standalone_fanogan,107,0.383178,0.18847,0.271866,0.8,control,0.165479,0.205607,0.25,0.536585,0.341085,1.0,0.82243
Iran 2025,EURUSD,standalone_fanogan,107,0.383178,0.18847,0.271866,0.8,test,0.250647,0.523364,0.272727,0.146341,0.190476,0.242424,0.205607
Iran 2025,EURUSD,standalone_fanogan,107,0.383178,0.18847,0.271866,0.85,control,0.177757,0.168224,0.192308,0.365854,0.252101,0.954545,0.728972
Iran 2025,EURUSD,standalone_fanogan,107,0.383178,0.18847,0.271866,0.85,test,0.252832,0.542056,0.25,0.097561,0.140351,0.181818,0.149533
Iran 2025,EURUSD,standalone_fanogan,107,0.383178,0.18847,0.271866,0.9,control,0.198462,0.205607,0.15625,0.243902,0.190476,0.818182,0.598131
Iran 2025,EURUSD,standalone_fanogan,107,0.383178,0.18847,0.271866,0.9,test,0.257925,0.570093,0.272727,0.073171,0.115385,0.121212,0.102804
Iran 2025,EURUSD,standalone_fanogan,107,0.383178,0.18847,0.271866,0.95,control,0.243971,0.485981,0.25,0.170732,0.202899,0.318182,0.261682
Iran 2025,EURUSD,standalone_fanogan,107,0.383178,0.18847,0.271866,0.95,test,0.265886,0.579439,0.166667,0.02439,0.042553,0.075758,0.056075
Iran 2025,EURUSD,standalone_fanogan,107,0.383178,0.18847,0.271866,0.975,control,0.262981,0.560748,0.2,0.04878,0.078431,0.121212,0.093458
Iran 2025,EURUSD,standalone_fanogan,107,0.383178,0.18847,0.271866,0.975,test,0.27115,0.607477,0.333333,0.02439,0.045455,0.030303,0.028037
Iran 2025,EURUSD,standalone_fanogan,107,0.383178,0.18847,0.271866,0.99,control,0.347042,0.616822,0.0,0.0,0.0,0.0,0.0
Iran 2025,EURUSD,standalone_fanogan,107,0.383178,0.18847,0.271866,0.99,test,0.300263,0.598131,0.0,0.0,0.0,0.030303,0.018692
Iran 2025,EURUSD,tranad,107,0.383178,0.297118,0.346965,0.7,control,0.018821,0.383178,0.383178,1.0,0.554054,1.0,1.0
Iran 2025,EURUSD,tranad,107,0.383178,0.297118,0.346965,0.7,test,0.25041,0.46729,0.25,0.195122,0.219178,0.363636,0.299065
Iran 2025,EURUSD,tranad,107,0.383178,0.297118,0.346965,0.75,control,0.020327,0.383178,0.383178,1.0,0.554054,1.0,1.0
Iran 2025,EURUSD,tranad,107,0.383178,0.297118,0.346965,0.75,test,0.25831,0.514019,0.296296,0.195122,0.235294,0.287879,0.252336
Iran 2025,EURUSD,tranad,107,0.383178,0.297118,0.346965,0.8,control,0.022042,0.383178,0.383178,1.0,0.554054,1.0,1.0
Iran 2025,EURUSD,tranad,107,0.383178,0.297118,0.346965,0.8,test,0.268324,0.560748,0.363636,0.195122,0.253968,0.212121,0.205607
Iran 2025,EURUSD,tranad,107,0.383178,0.297118,0.346965,0.85,control,0.023644,0.383178,0.383178,1.0,0.554054,1.0,1.0
Iran 2025,EURUSD,tranad,107,0.383178,0.297118,0.346965,0.85,test,0.275966,0.598131,0.4375,0.170732,0.245614,0.136364,0.149533
Iran 2025,EURUSD,tranad,107,0.383178,0.297118,0.346965,0.9,control,0.026876,0.383178,0.383178,1.0,0.554054,1.0,1.0
Iran 2025,EURUSD,tranad,107,0.383178,0.297118,0.346965,0.9,test,0.287761,0.607477,0.454545,0.121951,0.192308,0.090909,0.102804
Iran 2025,EURUSD,tranad,107,0.383178,0.297118,0.346965,0.95,control,0.029816,0.383178,0.383178,1.0,0.554054,1.0,1.0
Iran 2025,EURUSD,tranad,107,0.383178,0.297118,0.346965,0.95,test,0.298186,0.635514,0.666667,0.097561,0.170213,0.030303,0.056075
Iran 2025,EURUSD,tranad,107,0.383178,0.297118,0.346965,0.975,control,0.031949,0.383178,0.383178,1.0,0.554054,1.0,1.0
Iran 2025,EURUSD,tranad,107,0.383178,0.297118,0.346965,0.975,test,0.309731,0.607477,0.333333,0.02439,0.045455,0.030303,0.028037
Iran 2025,EURUSD,tranad,107,0.383178,0.297118,0.346965,0.99,control,0.033975,0.383178,0.383178,1.0,0.554054,1.0,1.0
Iran 2025,EURUSD,tranad,107,0.383178,0.297118,0.346965,0.99,test,0.325532,0.616822,0.5,0.02439,0.046512,0.015152,0.018692
Iran 2025,EURUSD,usad,107,0.383178,0.285661,0.282344,0.7,control,1.379179,0.252336,0.02439,0.02439,0.02439,0.606061,0.383178
Iran 2025,EURUSD,usad,107,0.383178,0.285661,0.282344,0.7,test,1.446819,0.336449,0.03125,0.02439,0.027397,0.469697,0.299065
Iran 2025,EURUSD,usad,107,0.383178,0.285661,0.282344,0.75,control,1.400719,0.271028,0.025641,0.02439,0.025,0.575758,0.364486
Iran 2025,EURUSD,usad,107,0.383178,0.285661,0.282344,0.75,test,1.464027,0.364486,0.0,0.0,0.0,0.409091,0.252336
Iran 2025,EURUSD,usad,107,0.383178,0.285661,0.282344,0.8,control,1.44814,0.345794,0.032258,0.02439,0.027778,0.454545,0.28972
Iran 2025,EURUSD,usad,107,0.383178,0.285661,0.282344,0.8,test,1.489905,0.411215,0.0,0.0,0.0,0.333333,0.205607
Iran 2025,EURUSD,usad,107,0.383178,0.285661,0.282344,0.85,control,1.464146,0.364486,0.0,0.0,0.0,0.409091,0.252336
Iran 2025,EURUSD,usad,107,0.383178,0.285661,0.282344,0.85,test,1.526921,0.46729,0.0,0.0,0.0,0.242424,0.149533
Iran 2025,EURUSD,usad,107,0.383178,0.285661,0.282344,0.9,control,1.499794,0.429907,0.0,0.0,0.0,0.30303,0.186916
Iran 2025,EURUSD,usad,107,0.383178,0.285661,0.282344,0.9,test,1.544016,0.514019,0.0,0.0,0.0,0.166667,0.102804
Iran 2025,EURUSD,usad,107,0.383178,0.285661,0.282344,0.95,control,1.551628,0.523364,0.0,0.0,0.0,0.151515,0.093458
Iran 2025,EURUSD,usad,107,0.383178,0.285661,0.282344,0.95,test,1.577788,0.560748,0.0,0.0,0.0,0.090909,0.056075
Iran 2025,EURUSD,usad,107,0.383178,0.285661,0.282344,0.975,control,1.565285,0.542056,0.0,0.0,0.0,0.121212,0.074766
Iran 2025,EURUSD,usad,107,0.383178,0.285661,0.282344,0.975,test,1.619371,0.588785,0.0,0.0,0.0,0.045455,0.028037
Iran 2025,EURUSD,usad,107,0.383178,0.285661,0.282344,0.99,control,1.581778,0.570093,0.0,0.0,0.0,0.075758,0.046729
Iran 2025,EURUSD,usad,107,0.383178,0.285661,0.282344,0.99,test,1.690325,0.598131,0.0,0.0,0.0,0.030303,0.018692
Iran 2025,EURUSD,vae,107,0.383178,0.34405,0.33264,0.7,test,0.331139,0.523364,0.34375,0.268293,0.30137,0.318182,0.299065
Iran 2025,EURUSD,vae,107,0.383178,0.34405,0.33264,0.75,test,0.34108,0.53271,0.333333,0.219512,0.264706,0.272727,0.252336
Iran 2025,EURUSD,vae,107,0.383178,0.34405,0.33264,0.8,test,0.366508,0.579439,0.409091,0.219512,0.285714,0.19697,0.205607
Iran 2025,EURUSD,vae,107,0.383178,0.34405,0.33264,0.85,test,0.378081,0.560748,0.3125,0.121951,0.175439,0.166667,0.149533
Iran 2025,EURUSD,vae,107,0.383178,0.34405,0.33264,0.9,test,0.387144,0.588785,0.363636,0.097561,0.153846,0.106061,0.102804
Iran 2025,EURUSD,vae,107,0.383178,0.34405,0.33264,0.95,test,0.426969,0.598131,0.333333,0.04878,0.085106,0.060606,0.056075
Iran 2025,EURUSD,vae,107,0.383178,0.34405,0.33264,0.975,test,0.454801,0.588785,0.0,0.0,0.0,0.045455,0.028037
Iran 2025,EURUSD,vae,107,0.383178,0.34405,0.33264,0.99,test,0.499891,0.598131,0.0,0.0,0.0,0.030303,0.018692
Iran 2026,USOIL,anomaly_transformer,37,0.486486,0.616959,0.534002,0.7,control,8.4e-05,0.486486,0.486486,1.0,0.654545,1.0,1.0
Iran 2026,USOIL,anomaly_transformer,37,0.486486,0.616959,0.534002,0.7,test,0.00554,0.486486,0.454545,0.277778,0.344828,0.315789,0.297297
Iran 2026,USOIL,anomaly_transformer,37,0.486486,0.616959,0.534002,0.75,control,0.000398,0.486486,0.486486,1.0,0.654545,1.0,1.0
Iran 2026,USOIL,anomaly_transformer,37,0.486486,0.616959,0.534002,0.75,test,0.005609,0.432432,0.333333,0.166667,0.222222,0.315789,0.243243
Iran 2026,USOIL,anomaly_transformer,37,0.486486,0.616959,0.534002,0.8,control,0.002495,0.486486,0.486486,1.0,0.654545,1.0,1.0
Iran 2026,USOIL,anomaly_transformer,37,0.486486,0.616959,0.534002,0.8,test,0.005736,0.459459,0.375,0.166667,0.230769,0.263158,0.216216
Iran 2026,USOIL,anomaly_transformer,37,0.486486,0.616959,0.534002,0.85,control,0.006235,0.432432,0.2,0.055556,0.086957,0.210526,0.135135
Iran 2026,USOIL,anomaly_transformer,37,0.486486,0.616959,0.534002,0.85,test,0.006004,0.459459,0.333333,0.111111,0.166667,0.210526,0.162162
Iran 2026,USOIL,anomaly_transformer,37,0.486486,0.616959,0.534002,0.9,control,0.009815,0.486486,0.0,0.0,0.0,0.052632,0.027027
Iran 2026,USOIL,anomaly_transformer,37,0.486486,0.616959,0.534002,0.9,test,0.007005,0.405405,0.0,0.0,0.0,0.210526,0.108108
Iran 2026,USOIL,anomaly_transformer,37,0.486486,0.616959,0.534002,0.95,control,0.015011,0.513514,0.0,0.0,0.0,0.0,0.0
Iran 2026,USOIL,anomaly_transformer,37,0.486486,0.616959,0.534002,0.95,test,0.008815,0.459459,0.0,0.0,0.0,0.105263,0.054054
Iran 2026,USOIL,anomaly_transformer,37,0.486486,0.616959,0.534002,0.975,control,0.023053,0.513514,0.0,0.0,0.0,0.0,0.0
Iran 2026,USOIL,anomaly_transformer,37,0.486486,0.616959,0.534002,0.975,test,0.009735,0.486486,0.0,0.0,0.0,0.052632,0.027027
Iran 2026,USOIL,anomaly_transformer,37,0.486486,0.616959,0.534002,0.99,control,0.027176,0.513514,0.0,0.0,0.0,0.0,0.0
Iran 2026,USOIL,anomaly_transformer,37,0.486486,0.616959,0.534002,0.99,test,0.009865,0.486486,0.0,0.0,0.0,0.052632,0.027027
Iran 2026,USOIL,autoencoder,37,0.486486,0.0,0.309829,0.7,control,0.121725,0.351351,0.0,0.0,0.0,0.315789,0.162162
Iran 2026,USOIL,autoencoder,37,0.486486,0.0,0.309829,0.7,test,0.095164,0.216216,0.0,0.0,0.0,0.578947,0.297297
Iran 2026,USOIL,autoencoder,37,0.486486,0.0,0.309829,0.75,control,0.139078,0.432432,0.0,0.0,0.0,0.157895,0.081081
Iran 2026,USOIL,autoencoder,37,0.486486,0.0,0.309829,0.75,test,0.100951,0.27027,0.0,0.0,0.0,0.473684,0.243243
Iran 2026,USOIL,autoencoder,37,0.486486,0.0,0.309829,0.8,control,0.182935,0.513514,0.0,0.0,0.0,0.0,0.0
Iran 2026,USOIL,autoencoder,37,0.486486,0.0,0.309829,0.8,test,0.108029,0.297297,0.0,0.0,0.0,0.421053,0.216216
Iran 2026,USOIL,autoencoder,37,0.486486,0.0,0.309829,0.85,control,0.246574,0.513514,0.0,0.0,0.0,0.0,0.0
Iran 2026,USOIL,autoencoder,37,0.486486,0.0,0.309829,0.85,test,0.118911,0.351351,0.0,0.0,0.0,0.315789,0.162162
Iran 2026,USOIL,autoencoder,37,0.486486,0.0,0.309829,0.9,control,0.281677,0.513514,0.0,0.0,0.0,0.0,0.0
Iran 2026,USOIL,autoencoder,37,0.486486,0.0,0.309829,0.9,test,0.130326,0.405405,0.0,0.0,0.0,0.210526,0.108108
Iran 2026,USOIL,autoencoder,37,0.486486,0.0,0.309829,0.95,control,0.369417,0.513514,0.0,0.0,0.0,0.0,0.0
Iran 2026,USOIL,autoencoder,37,0.486486,0.0,0.309829,0.95,test,0.1477,0.459459,0.0,0.0,0.0,0.105263,0.054054
Iran 2026,USOIL,autoencoder,37,0.486486,0.0,0.309829,0.975,control,0.512833,0.513514,0.0,0.0,0.0,0.0,0.0
Iran 2026,USOIL,autoencoder,37,0.486486,0.0,0.309829,0.975,test,0.151995,0.486486,0.0,0.0,0.0,0.052632,0.027027
Iran 2026,USOIL,autoencoder,37,0.486486,0.0,0.309829,0.99,control,0.542555,0.513514,0.0,0.0,0.0,0.0,0.0
Iran 2026,USOIL,autoencoder,37,0.486486,0.0,0.309829,0.99,test,0.163057,0.486486,0.0,0.0,0.0,0.052632,0.027027
Iran 2026,USOIL,cnn_autoencoder,37,0.486486,0.0,0.309829,0.7,control,0.013651,0.513514,0.0,0.0,0.0,0.0,0.0
Iran 2026,USOIL,cnn_autoencoder,37,0.486486,0.0,0.309829,0.7,test,0.00607,0.216216,0.0,0.0,0.0,0.578947,0.297297
Iran 2026,USOIL,cnn_autoencoder,37,0.486486,0.0,0.309829,0.75,control,0.014786,0.513514,0.0,0.0,0.0,0.0,0.0
Iran 2026,USOIL,cnn_autoencoder,37,0.486486,0.0,0.309829,0.75,test,0.006312,0.27027,0.0,0.0,0.0,0.473684,0.243243
Iran 2026,USOIL,cnn_autoencoder,37,0.486486,0.0,0.309829,0.8,control,0.020076,0.513514,0.0,0.0,0.0,0.0,0.0
Iran 2026,USOIL,cnn_autoencoder,37,0.486486,0.0,0.309829,0.8,test,0.007041,0.297297,0.0,0.0,0.0,0.421053,0.216216
Iran 2026,USOIL,cnn_autoencoder,37,0.486486,0.0,0.309829,0.85,control,0.023029,0.513514,0.0,0.0,0.0,0.0,0.0
Iran 2026,USOIL,cnn_autoencoder,37,0.486486,0.0,0.309829,0.85,test,0.007315,0.351351,0.0,0.0,0.0,0.315789,0.162162
Iran 2026,USOIL,cnn_autoencoder,37,0.486486,0.0,0.309829,0.9,control,0.028847,0.513514,0.0,0.0,0.0,0.0,0.0
Iran 2026,USOIL,cnn_autoencoder,37,0.486486,0.0,0.309829,0.9,test,0.007528,0.405405,0.0,0.0,0.0,0.210526,0.108108
Iran 2026,USOIL,cnn_autoencoder,37,0.486486,0.0,0.309829,0.95,control,0.033712,0.513514,0.0,0.0,0.0,0.0,0.0
Iran 2026,USOIL,cnn_autoencoder,37,0.486486,0.0,0.309829,0.95,test,0.007842,0.459459,0.0,0.0,0.0,0.105263,0.054054
Iran 2026,USOIL,cnn_autoencoder,37,0.486486,0.0,0.309829,0.975,control,0.035896,0.513514,0.0,0.0,0.0,0.0,0.0
Iran 2026,USOIL,cnn_autoencoder,37,0.486486,0.0,0.309829,0.975,test,0.008138,0.486486,0.0,0.0,0.0,0.052632,0.027027
Iran 2026,USOIL,cnn_autoencoder,37,0.486486,0.0,0.309829,0.99,control,0.042116,0.513514,0.0,0.0,0.0,0.0,0.0
Iran 2026,USOIL,cnn_autoencoder,37,0.486486,0.0,0.309829,0.99,test,0.009293,0.486486,0.0,0.0,0.0,0.052632,0.027027
Iran 2026,USOIL,dagmm,37,0.486486,0.52924,0.604475,0.7,control,-1.345261,0.513514,0.0,0.0,0.0,0.0,0.0
Iran 2026,USOIL,dagmm,37,0.486486,0.52924,0.604475,0.7,test,-7.906441,0.540541,0.545455,0.333333,0.413793,0.263158,0.297297
Iran 2026,USOIL,dagmm,37,0.486486,0.52924,0.604475,0.75,control,-0.018941,0.513514,0.0,0.0,0.0,0.0,0.0
Iran 2026,USOIL,dagmm,37,0.486486,0.52924,0.604475,0.75,test,-7.698507,0.540541,0.555556,0.277778,0.37037,0.210526,0.243243
Iran 2026,USOIL,dagmm,37,0.486486,0.52924,0.604475,0.8,control,2.029581,0.513514,0.0,0.0,0.0,0.0,0.0
Iran 2026,USOIL,dagmm,37,0.486486,0.52924,0.604475,0.8,test,-7.58982,0.513514,0.5,0.222222,0.307692,0.210526,0.216216
Iran 2026,USOIL,dagmm,37,0.486486,0.52924,0.604475,0.85,control,4.370696,0.513514,0.0,0.0,0.0,0.0,0.0
Iran 2026,USOIL,dagmm,37,0.486486,0.52924,0.604475,0.85,test,-7.143327,0.567568,0.666667,0.222222,0.333333,0.105263,0.162162
Iran 2026,USOIL,dagmm,37,0.486486,0.52924,0.604475,0.9,control,8.042985,0.513514,0.0,0.0,0.0,0.0,0.0
Iran 2026,USOIL,dagmm,37,0.486486,0.52924,0.604475,0.9,test,-6.425736,0.567568,0.75,0.166667,0.272727,0.052632,0.108108
Iran 2026,USOIL,dagmm,37,0.486486,0.52924,0.604475,0.95,control,18.745757,0.513514,0.0,0.0,0.0,0.0,0.0
Iran 2026,USOIL,dagmm,37,0.486486,0.52924,0.604475,0.95,test,-5.415211,0.567568,1.0,0.111111,0.2,0.0,0.054054
Iran 2026,USOIL,dagmm,37,0.486486,0.52924,0.604475,0.975,control,24.168897,0.513514,0.0,0.0,0.0,0.0,0.0
Iran 2026,USOIL,dagmm,37,0.486486,0.52924,0.604475,0.975,test,-5.124455,0.540541,1.0,0.055556,0.105263,0.0,0.027027
Iran 2026,USOIL,dagmm,37,0.486486,0.52924,0.604475,0.99,control,25.056254,0.513514,0.0,0.0,0.0,0.0,0.0
Iran 2026,USOIL,dagmm,37,0.486486,0.52924,0.604475,0.99,test,-4.705315,0.540541,1.0,0.055556,0.105263,0.0,0.027027
Iran 2026,USOIL,deep_svdd,37,0.486486,0.023392,0.312001,0.7,control,0.000646,0.513514,0.0,0.0,0.0,0.0,0.0
Iran 2026,USOIL,deep_svdd,37,0.486486,0.023392,0.312001,0.7,test,7.2e-05,0.216216,0.0,0.0,0.0,0.578947,0.297297
Iran 2026,USOIL,deep_svdd,37,0.486486,0.023392,0.312001,0.75,control,0.000749,0.513514,0.0,0.0,0.0,0.0,0.0
Iran 2026,USOIL,deep_svdd,37,0.486486,0.023392,0.312001,0.75,test,7.2e-05,0.27027,0.0,0.0,0.0,0.473684,0.243243
Iran 2026,USOIL,deep_svdd,37,0.486486,0.023392,0.312001,0.8,control,0.000813,0.513514,0.0,0.0,0.0,0.0,0.0
Iran 2026,USOIL,deep_svdd,37,0.486486,0.023392,0.312001,0.8,test,8.2e-05,0.297297,0.0,0.0,0.0,0.421053,0.216216
Iran 2026,USOIL,deep_svdd,37,0.486486,0.023392,0.312001,0.85,control,0.000844,0.513514,0.0,0.0,0.0,0.0,0.0
Iran 2026,USOIL,deep_svdd,37,0.486486,0.023392,0.312001,0.85,test,9.3e-05,0.351351,0.0,0.0,0.0,0.315789,0.162162
Iran 2026,USOIL,deep_svdd,37,0.486486,0.023392,0.312001,0.9,control,0.00096,0.513514,0.0,0.0,0.0,0.0,0.0
Iran 2026,USOIL,deep_svdd,37,0.486486,0.023392,0.312001,0.9,test,0.000102,0.405405,0.0,0.0,0.0,0.210526,0.108108
Iran 2026,USOIL,deep_svdd,37,0.486486,0.023392,0.312001,0.95,control,0.001067,0.513514,0.0,0.0,0.0,0.0,0.0
Iran 2026,USOIL,deep_svdd,37,0.486486,0.023392,0.312001,0.95,test,0.000122,0.459459,0.0,0.0,0.0,0.105263,0.054054
Iran 2026,USOIL,deep_svdd,37,0.486486,0.023392,0.312001,0.975,control,0.001212,0.513514,0.0,0.0,0.0,0.0,0.0
Iran 2026,USOIL,deep_svdd,37,0.486486,0.023392,0.312001,0.975,test,0.000124,0.486486,0.0,0.0,0.0,0.052632,0.027027
Iran 2026,USOIL,deep_svdd,37,0.486486,0.023392,0.312001,0.99,control,0.001383,0.513514,0.0,0.0,0.0,0.0,0.0
Iran 2026,USOIL,deep_svdd,37,0.486486,0.023392,0.312001,0.99,test,0.000124,0.486486,0.0,0.0,0.0,0.052632,0.027027
Iran 2026,USOIL,hybrid2,37,0.486486,0.023392,0.312001,0.7,control,0.17614,0.486486,0.486486,1.0,0.654545,1.0,1.0
Iran 2026,USOIL,hybrid2,37,0.486486,0.023392,0.312001,0.7,test,0.358164,0.216216,0.0,0.0,0.0,0.578947,0.297297
Iran 2026,USOIL,hybrid2,37,0.486486,0.023392,0.312001,0.75,control,0.207618,0.378378,0.424242,0.777778,0.54902,1.0,0.891892
Iran 2026,USOIL,hybrid2,37,0.486486,0.023392,0.312001,0.75,test,0.370262,0.27027,0.0,0.0,0.0,0.473684,0.243243
Iran 2026,USOIL,hybrid2,37,0.486486,0.023392,0.312001,0.8,control,0.272424,0.135135,0.208333,0.277778,0.238095,1.0,0.648649
Iran 2026,USOIL,hybrid2,37,0.486486,0.023392,0.312001,0.8,test,0.394249,0.297297,0.0,0.0,0.0,0.421053,0.216216
Iran 2026,USOIL,hybrid2,37,0.486486,0.023392,0.312001,0.85,control,0.33816,0.135135,0.0,0.0,0.0,0.736842,0.378378
Iran 2026,USOIL,hybrid2,37,0.486486,0.023392,0.312001,0.85,test,0.398313,0.351351,0.0,0.0,0.0,0.315789,0.162162
Iran 2026,USOIL,hybrid2,37,0.486486,0.023392,0.312001,0.9,control,0.396864,0.297297,0.0,0.0,0.0,0.421053,0.216216
Iran 2026,USOIL,hybrid2,37,0.486486,0.023392,0.312001,0.9,test,0.405814,0.405405,0.0,0.0,0.0,0.210526,0.108108
Iran 2026,USOIL,hybrid2,37,0.486486,0.023392,0.312001,0.95,control,0.450548,0.486486,0.0,0.0,0.0,0.052632,0.027027
Iran 2026,USOIL,hybrid2,37,0.486486,0.023392,0.312001,0.95,test,0.415926,0.459459,0.0,0.0,0.0,0.105263,0.054054
Iran 2026,USOIL,hybrid2,37,0.486486,0.023392,0.312001,0.975,control,0.502587,0.513514,0.0,0.0,0.0,0.0,0.0
Iran 2026,USOIL,hybrid2,37,0.486486,0.023392,0.312001,0.975,test,0.428161,0.486486,0.0,0.0,0.0,0.052632,0.027027
Iran 2026,USOIL,hybrid2,37,0.486486,0.023392,0.312001,0.99,control,0.547829,0.513514,0.0,0.0,0.0,0.0,0.0
Iran 2026,USOIL,hybrid2,37,0.486486,0.023392,0.312001,0.99,test,0.456603,0.486486,0.0,0.0,0.0,0.052632,0.027027
Iran 2026,USOIL,isolation_forest,37,0.486486,0.254386,0.377878,0.7,control,0.52012,0.432432,0.2,0.055556,0.086957,0.210526,0.135135
Iran 2026,USOIL,isolation_forest,37,0.486486,0.254386,0.377878,0.7,test,0.50206,0.378378,0.272727,0.166667,0.206897,0.421053,0.297297
Iran 2026,USOIL,isolation_forest,37,0.486486,0.254386,0.377878,0.75,control,0.557468,0.513514,0.0,0.0,0.0,0.0,0.0
Iran 2026,USOIL,isolation_forest,37,0.486486,0.254386,0.377878,0.75,test,0.505317,0.378378,0.222222,0.111111,0.148148,0.368421,0.243243
Iran 2026,USOIL,isolation_forest,37,0.486486,0.254386,0.377878,0.8,control,0.588285,0.513514,0.0,0.0,0.0,0.0,0.0
Iran 2026,USOIL,isolation_forest,37,0.486486,0.254386,0.377878,0.8,test,0.514801,0.405405,0.25,0.111111,0.153846,0.315789,0.216216
Iran 2026,USOIL,isolation_forest,37,0.486486,0.254386,0.377878,0.85,control,0.614023,0.513514,0.0,0.0,0.0,0.0,0.0
Iran 2026,USOIL,isolation_forest,37,0.486486,0.254386,0.377878,0.85,test,0.518732,0.405405,0.166667,0.055556,0.083333,0.263158,0.162162
Iran 2026,USOIL,isolation_forest,37,0.486486,0.254386,0.377878,0.9,control,0.628348,0.513514,0.0,0.0,0.0,0.0,0.0
Iran 2026,USOIL,isolation_forest,37,0.486486,0.254386,0.377878,0.9,test,0.52251,0.459459,0.25,0.055556,0.090909,0.157895,0.108108
Iran 2026,USOIL,isolation_forest,37,0.486486,0.254386,0.377878,0.95,control,0.646241,0.513514,0.0,0.0,0.0,0.0,0.0
Iran 2026,USOIL,isolation_forest,37,0.486486,0.254386,0.377878,0.95,test,0.529003,0.459459,0.0,0.0,0.0,0.105263,0.054054
Iran 2026,USOIL,isolation_forest,37,0.486486,0.254386,0.377878,0.975,control,0.651514,0.513514,0.0,0.0,0.0,0.0,0.0
Iran 2026,USOIL,isolation_forest,37,0.486486,0.254386,0.377878,0.975,test,0.534685,0.486486,0.0,0.0,0.0,0.052632,0.027027
Iran 2026,USOIL,isolation_forest,37,0.486486,0.254386,0.377878,0.99,control,0.657022,0.513514,0.0,0.0,0.0,0.0,0.0
Iran 2026,USOIL,isolation_forest,37,0.486486,0.254386,0.377878,0.99,test,0.535522,0.486486,0.0,0.0,0.0,0.052632,0.027027
Iran 2026,USOIL,omnianomaly,37,0.486486,0.026316,0.311945,0.7,control,0.235921,0.27027,0.0,0.0,0.0,0.473684,0.243243
Iran 2026,USOIL,omnianomaly,37,0.486486,0.026316,0.311945,0.7,test,0.228556,0.216216,0.0,0.0,0.0,0.578947,0.297297
Iran 2026,USOIL,omnianomaly,37,0.486486,0.026316,0.311945,0.75,control,0.258285,0.459459,0.0,0.0,0.0,0.105263,0.054054
Iran 2026,USOIL,omnianomaly,37,0.486486,0.026316,0.311945,0.75,test,0.231996,0.27027,0.0,0.0,0.0,0.473684,0.243243
Iran 2026,USOIL,omnianomaly,37,0.486486,0.026316,0.311945,0.8,control,0.306528,0.513514,0.0,0.0,0.0,0.0,0.0
Iran 2026,USOIL,omnianomaly,37,0.486486,0.026316,0.311945,0.8,test,0.242968,0.297297,0.0,0.0,0.0,0.421053,0.216216
Iran 2026,USOIL,omnianomaly,37,0.486486,0.026316,0.311945,0.85,control,0.332095,0.513514,0.0,0.0,0.0,0.0,0.0
Iran 2026,USOIL,omnianomaly,37,0.486486,0.026316,0.311945,0.85,test,0.249754,0.351351,0.0,0.0,0.0,0.315789,0.162162
Iran 2026,USOIL,omnianomaly,37,0.486486,0.026316,0.311945,0.9,control,0.35639,0.513514,0.0,0.0,0.0,0.0,0.0
Iran 2026,USOIL,omnianomaly,37,0.486486,0.026316,0.311945,0.9,test,0.250453,0.405405,0.0,0.0,0.0,0.210526,0.108108
Iran 2026,USOIL,omnianomaly,37,0.486486,0.026316,0.311945,0.95,control,0.385567,0.513514,0.0,0.0,0.0,0.0,0.0
Iran 2026,USOIL,omnianomaly,37,0.486486,0.026316,0.311945,0.95,test,0.256786,0.459459,0.0,0.0,0.0,0.105263,0.054054
Iran 2026,USOIL,omnianomaly,37,0.486486,0.026316,0.311945,0.975,control,0.423892,0.513514,0.0,0.0,0.0,0.0,0.0
Iran 2026,USOIL,omnianomaly,37,0.486486,0.026316,0.311945,0.975,test,0.259583,0.486486,0.0,0.0,0.0,0.052632,0.027027
Iran 2026,USOIL,omnianomaly,37,0.486486,0.026316,0.311945,0.99,control,0.500618,0.513514,0.0,0.0,0.0,0.0,0.0
Iran 2026,USOIL,omnianomaly,37,0.486486,0.026316,0.311945,0.99,test,0.261267,0.486486,0.0,0.0,0.0,0.052632,0.027027
Iran 2026,USOIL,one_class_svm,37,0.486486,0.461988,0.445376,0.7,control,0.260049,0.513514,0.0,0.0,0.0,0.0,0.0
Iran 2026,USOIL,one_class_svm,37,0.486486,0.461988,0.445376,0.7,test,-1.171715,0.432432,0.363636,0.222222,0.275862,0.368421,0.297297
Iran 2026,USOIL,one_class_svm,37,0.486486,0.461988,0.445376,0.75,control,0.626498,0.513514,0.0,0.0,0.0,0.0,0.0
Iran 2026,USOIL,one_class_svm,37,0.486486,0.461988,0.445376,0.75,test,-1.041324,0.378378,0.222222,0.111111,0.148148,0.368421,0.243243
Iran 2026,USOIL,one_class_svm,37,0.486486,0.461988,0.445376,0.8,control,0.843333,0.513514,0.0,0.0,0.0,0.0,0.0
Iran 2026,USOIL,one_class_svm,37,0.486486,0.461988,0.445376,0.8,test,-0.80519,0.351351,0.125,0.055556,0.076923,0.368421,0.216216
Iran 2026,USOIL,one_class_svm,37,0.486486,0.461988,0.445376,0.85,control,1.472249,0.513514,0.0,0.0,0.0,0.0,0.0
Iran 2026,USOIL,one_class_svm,37,0.486486,0.461988,0.445376,0.85,test,-0.723902,0.351351,0.0,0.0,0.0,0.315789,0.162162
Iran 2026,USOIL,one_class_svm,37,0.486486,0.461988,0.445376,0.9,control,1.811588,0.513514,0.0,0.0,0.0,0.0,0.0
Iran 2026,USOIL,one_class_svm,37,0.486486,0.461988,0.445376,0.9,test,-0.547644,0.405405,0.0,0.0,0.0,0.210526,0.108108
Iran 2026,USOIL,one_class_svm,37,0.486486,0.461988,0.445376,0.95,control,2.186269,0.513514,0.0,0.0,0.0,0.0,0.0
Iran 2026,USOIL,one_class_svm,37,0.486486,0.461988,0.445376,0.95,test,-0.223453,0.459459,0.0,0.0,0.0,0.105263,0.054054
Iran 2026,USOIL,one_class_svm,37,0.486486,0.461988,0.445376,0.975,control,2.4634,0.513514,0.0,0.0,0.0,0.0,0.0
Iran 2026,USOIL,one_class_svm,37,0.486486,0.461988,0.445376,0.975,test,-0.19105,0.486486,0.0,0.0,0.0,0.052632,0.027027
Iran 2026,USOIL,one_class_svm,37,0.486486,0.461988,0.445376,0.99,control,2.545489,0.513514,0.0,0.0,0.0,0.0,0.0
Iran 2026,USOIL,one_class_svm,37,0.486486,0.461988,0.445376,0.99,test,-0.030875,0.486486,0.0,0.0,0.0,0.052632,0.027027
Iran 2026,USOIL,standalone_fanogan,37,0.486486,0.023392,0.312001,0.7,control,0.17614,0.486486,0.486486,1.0,0.654545,1.0,1.0
Iran 2026,USOIL,standalone_fanogan,37,0.486486,0.023392,0.312001,0.7,test,0.358164,0.216216,0.0,0.0,0.0,0.578947,0.297297
Iran 2026,USOIL,standalone_fanogan,37,0.486486,0.023392,0.312001,0.75,control,0.207618,0.378378,0.424242,0.777778,0.54902,1.0,0.891892
Iran 2026,USOIL,standalone_fanogan,37,0.486486,0.023392,0.312001,0.75,test,0.370262,0.27027,0.0,0.0,0.0,0.473684,0.243243
Iran 2026,USOIL,standalone_fanogan,37,0.486486,0.023392,0.312001,0.8,control,0.272424,0.135135,0.208333,0.277778,0.238095,1.0,0.648649
Iran 2026,USOIL,standalone_fanogan,37,0.486486,0.023392,0.312001,0.8,test,0.394249,0.297297,0.0,0.0,0.0,0.421053,0.216216
Iran 2026,USOIL,standalone_fanogan,37,0.486486,0.023392,0.312001,0.85,control,0.33816,0.135135,0.0,0.0,0.0,0.736842,0.378378
Iran 2026,USOIL,standalone_fanogan,37,0.486486,0.023392,0.312001,0.85,test,0.398313,0.351351,0.0,0.0,0.0,0.315789,0.162162
Iran 2026,USOIL,standalone_fanogan,37,0.486486,0.023392,0.312001,0.9,control,0.396864,0.297297,0.0,0.0,0.0,0.421053,0.216216
Iran 2026,USOIL,standalone_fanogan,37,0.486486,0.023392,0.312001,0.9,test,0.405814,0.405405,0.0,0.0,0.0,0.210526,0.108108
Iran 2026,USOIL,standalone_fanogan,37,0.486486,0.023392,0.312001,0.95,control,0.450548,0.486486,0.0,0.0,0.0,0.052632,0.027027
Iran 2026,USOIL,standalone_fanogan,37,0.486486,0.023392,0.312001,0.95,test,0.415926,0.459459,0.0,0.0,0.0,0.105263,0.054054
Iran 2026,USOIL,standalone_fanogan,37,0.486486,0.023392,0.312001,0.975,control,0.502587,0.513514,0.0,0.0,0.0,0.0,0.0
Iran 2026,USOIL,standalone_fanogan,37,0.486486,0.023392,0.312001,0.975,test,0.428161,0.486486,0.0,0.0,0.0,0.052632,0.027027
Iran 2026,USOIL,standalone_fanogan,37,0.486486,0.023392,0.312001,0.99,control,0.547829,0.513514,0.0,0.0,0.0,0.0,0.0
Iran 2026,USOIL,standalone_fanogan,37,0.486486,0.023392,0.312001,0.99,test,0.456603,0.486486,0.0,0.0,0.0,0.052632,0.027027
Iran 2026,USOIL,tranad,37,0.486486,0.01462,0.310944,0.7,control,0.026957,0.513514,0.0,0.0,0.0,0.0,0.0
Iran 2026,USOIL,tranad,37,0.486486,0.01462,0.310944,0.7,test,0.000803,0.216216,0.0,0.0,0.0,0.578947,0.297297
Iran 2026,USOIL,tranad,37,0.486486,0.01462,0.310944,0.75,control,0.027796,0.513514,0.0,0.0,0.0,0.0,0.0
Iran 2026,USOIL,tranad,37,0.486486,0.01462,0.310944,0.75,test,0.000934,0.27027,0.0,0.0,0.0,0.473684,0.243243
Iran 2026,USOIL,tranad,37,0.486486,0.01462,0.310944,0.8,control,0.029128,0.513514,0.0,0.0,0.0,0.0,0.0
Iran 2026,USOIL,tranad,37,0.486486,0.01462,0.310944,0.8,test,0.001028,0.297297,0.0,0.0,0.0,0.421053,0.216216
Iran 2026,USOIL,tranad,37,0.486486,0.01462,0.310944,0.85,control,0.030143,0.513514,0.0,0.0,0.0,0.0,0.0
Iran 2026,USOIL,tranad,37,0.486486,0.01462,0.310944,0.85,test,0.001076,0.351351,0.0,0.0,0.0,0.315789,0.162162
Iran 2026,USOIL,tranad,37,0.486486,0.01462,0.310944,0.9,control,0.033086,0.513514,0.0,0.0,0.0,0.0,0.0
Iran 2026,USOIL,tranad,37,0.486486,0.01462,0.310944,0.9,test,0.001099,0.405405,0.0,0.0,0.0,0.210526,0.108108
Iran 2026,USOIL,tranad,37,0.486486,0.01462,0.310944,0.95,control,0.036048,0.513514,0.0,0.0,0.0,0.0,0.0
Iran 2026,USOIL,tranad,37,0.486486,0.01462,0.310944,0.95,test,0.001173,0.459459,0.0,0.0,0.0,0.105263,0.054054
Iran 2026,USOIL,tranad,37,0.486486,0.01462,0.310944,0.975,control,0.038669,0.513514,0.0,0.0,0.0,0.0,0.0
Iran 2026,USOIL,tranad,37,0.486486,0.01462,0.310944,0.975,test,0.001188,0.486486,0.0,0.0,0.0,0.052632,0.027027
Iran 2026,USOIL,tranad,37,0.486486,0.01462,0.310944,0.99,control,0.042758,0.513514,0.0,0.0,0.0,0.0,0.0
Iran 2026,USOIL,tranad,37,0.486486,0.01462,0.310944,0.99,test,0.001204,0.486486,0.0,0.0,0.0,0.052632,0.027027
Iran 2026,USOIL,usad,37,0.486486,0.365497,0.461106,0.7,control,1.50751,0.459459,0.25,0.055556,0.090909,0.157895,0.108108
Iran 2026,USOIL,usad,37,0.486486,0.365497,0.461106,0.7,test,1.43572,0.432432,0.363636,0.222222,0.275862,0.368421,0.297297
Iran 2026,USOIL,usad,37,0.486486,0.365497,0.461106,0.75,control,1.522858,0.459459,0.25,0.055556,0.090909,0.157895,0.108108
Iran 2026,USOIL,usad,37,0.486486,0.365497,0.461106,0.75,test,1.441629,0.432432,0.333333,0.166667,0.222222,0.315789,0.243243
Iran 2026,USOIL,usad,37,0.486486,0.365497,0.461106,0.8,control,1.555871,0.540541,1.0,0.055556,0.105263,0.0,0.027027
Iran 2026,USOIL,usad,37,0.486486,0.365497,0.461106,0.8,test,1.45093,0.459459,0.375,0.166667,0.230769,0.263158,0.216216
Iran 2026,USOIL,usad,37,0.486486,0.365497,0.461106,0.85,control,1.583569,0.513514,0.0,0.0,0.0,0.0,0.0
Iran 2026,USOIL,usad,37,0.486486,0.365497,0.461106,0.85,test,1.478487,0.459459,0.333333,0.111111,0.166667,0.210526,0.162162
Iran 2026,USOIL,usad,37,0.486486,0.365497,0.461106,0.9,control,1.629158,0.513514,0.0,0.0,0.0,0.0,0.0
Iran 2026,USOIL,usad,37,0.486486,0.365497,0.461106,0.9,test,1.513473,0.459459,0.25,0.055556,0.090909,0.157895,0.108108
Iran 2026,USOIL,usad,37,0.486486,0.365497,0.461106,0.95,control,1.734782,0.513514,0.0,0.0,0.0,0.0,0.0
Iran 2026,USOIL,usad,37,0.486486,0.365497,0.461106,0.95,test,1.537437,0.513514,0.5,0.055556,0.1,0.052632,0.054054
Iran 2026,USOIL,usad,37,0.486486,0.365497,0.461106,0.975,control,1.7469,0.513514,0.0,0.0,0.0,0.0,0.0
Iran 2026,USOIL,usad,37,0.486486,0.365497,0.461106,0.975,test,1.54811,0.540541,1.0,0.055556,0.105263,0.0,0.027027
Iran 2026,USOIL,usad,37,0.486486,0.365497,0.461106,0.99,control,1.767949,0.513514,0.0,0.0,0.0,0.0,0.0
Iran 2026,USOIL,usad,37,0.486486,0.365497,0.461106,0.99,test,1.55915,0.540541,1.0,0.055556,0.105263,0.0,0.027027
Iran 2026,USOIL,vae,37,0.486486,0.266082,0.388627,0.7,control,0.337796,0.486486,0.444444,0.222222,0.296296,0.263158,0.243243
Iran 2026,USOIL,vae,37,0.486486,0.266082,0.388627,0.7,test,0.314741,0.432432,0.363636,0.222222,0.275862,0.368421,0.297297
Iran 2026,USOIL,vae,37,0.486486,0.266082,0.388627,0.75,control,0.398336,0.432432,0.2,0.055556,0.086957,0.210526,0.135135
Iran 2026,USOIL,vae,37,0.486486,0.266082,0.388627,0.75,test,0.333266,0.486486,0.444444,0.222222,0.296296,0.263158,0.243243
Iran 2026,USOIL,vae,37,0.486486,0.266082,0.388627,0.8,control,0.4652,0.513514,0.0,0.0,0.0,0.0,0.0
Iran 2026,USOIL,vae,37,0.486486,0.266082,0.388627,0.8,test,0.361157,0.459459,0.375,0.166667,0.230769,0.263158,0.216216
Iran 2026,USOIL,vae,37,0.486486,0.266082,0.388627,0.85,control,0.549116,0.513514,0.0,0.0,0.0,0.0,0.0
Iran 2026,USOIL,vae,37,0.486486,0.266082,0.388627,0.85,test,0.382547,0.459459,0.333333,0.111111,0.166667,0.210526,0.162162
Iran 2026,USOIL,vae,37,0.486486,0.266082,0.388627,0.9,control,0.606244,0.513514,0.0,0.0,0.0,0.0,0.0
Iran 2026,USOIL,vae,37,0.486486,0.266082,0.388627,0.9,test,0.406604,0.459459,0.25,0.055556,0.090909,0.157895,0.108108
Iran 2026,USOIL,vae,37,0.486486,0.266082,0.388627,0.95,control,0.640129,0.513514,0.0,0.0,0.0,0.0,0.0
Iran 2026,USOIL,vae,37,0.486486,0.266082,0.388627,0.95,test,0.429799,0.459459,0.0,0.0,0.0,0.105263,0.054054
Iran 2026,USOIL,vae,37,0.486486,0.266082,0.388627,0.975,control,0.659222,0.513514,0.0,0.0,0.0,0.0,0.0
Iran 2026,USOIL,vae,37,0.486486,0.266082,0.388627,0.975,test,0.435398,0.486486,0.0,0.0,0.0,0.052632,0.027027
Iran 2026,USOIL,vae,37,0.486486,0.266082,0.388627,0.99,control,0.670559,0.513514,0.0,0.0,0.0,0.0,0.0
Iran 2026,USOIL,vae,37,0.486486,0.266082,0.388627,0.99,test,0.449385,0.486486,0.0,0.0,0.0,0.052632,0.027027
Iran 2026,GOLD,anomaly_transformer,37,0.486486,0.312865,0.394583,0.7,control,0.000901,0.486486,0.486486,1.0,0.654545,1.0,1.0
Iran 2026,GOLD,anomaly_transformer,37,0.486486,0.312865,0.394583,0.7,test,0.005752,0.378378,0.272727,0.166667,0.206897,0.421053,0.297297
Iran 2026,GOLD,anomaly_transformer,37,0.486486,0.312865,0.394583,0.75,control,0.000981,0.486486,0.486486,1.0,0.654545,1.0,1.0
Iran 2026,GOLD,anomaly_transformer,37,0.486486,0.312865,0.394583,0.75,test,0.005804,0.432432,0.333333,0.166667,0.222222,0.315789,0.243243
Iran 2026,GOLD,anomaly_transformer,37,0.486486,0.312865,0.394583,0.8,control,0.001079,0.486486,0.486486,1.0,0.654545,1.0,1.0
Iran 2026,GOLD,anomaly_transformer,37,0.486486,0.312865,0.394583,0.8,test,0.005853,0.459459,0.375,0.166667,0.230769,0.263158,0.216216
Iran 2026,GOLD,anomaly_transformer,37,0.486486,0.312865,0.394583,0.85,control,0.001179,0.486486,0.486486,1.0,0.654545,1.0,1.0
Iran 2026,GOLD,anomaly_transformer,37,0.486486,0.312865,0.394583,0.85,test,0.005964,0.459459,0.333333,0.111111,0.166667,0.210526,0.162162
Iran 2026,GOLD,anomaly_transformer,37,0.486486,0.312865,0.394583,0.9,control,0.001344,0.486486,0.486486,1.0,0.654545,1.0,1.0
Iran 2026,GOLD,anomaly_transformer,37,0.486486,0.312865,0.394583,0.9,test,0.00612,0.405405,0.0,0.0,0.0,0.210526,0.108108
Iran 2026,GOLD,anomaly_transformer,37,0.486486,0.312865,0.394583,0.95,control,0.005809,0.432432,0.333333,0.166667,0.222222,0.315789,0.243243
Iran 2026,GOLD,anomaly_transformer,37,0.486486,0.312865,0.394583,0.95,test,0.006271,0.459459,0.0,0.0,0.0,0.105263,0.054054
Iran 2026,GOLD,anomaly_transformer,37,0.486486,0.312865,0.394583,0.975,control,0.010609,0.513514,0.0,0.0,0.0,0.0,0.0
Iran 2026,GOLD,anomaly_transformer,37,0.486486,0.312865,0.394583,0.975,test,0.006316,0.486486,0.0,0.0,0.0,0.052632,0.027027
Iran 2026,GOLD,anomaly_transformer,37,0.486486,0.312865,0.394583,0.99,control,0.034198,0.513514,0.0,0.0,0.0,0.0,0.0
Iran 2026,GOLD,anomaly_transformer,37,0.486486,0.312865,0.394583,0.99,test,0.006445,0.486486,0.0,0.0,0.0,0.052632,0.027027
Iran 2026,GOLD,autoencoder,37,0.486486,0.038012,0.315182,0.7,test,0.056673,0.216216,0.0,0.0,0.0,0.578947,0.297297
Iran 2026,GOLD,autoencoder,37,0.486486,0.038012,0.315182,0.75,test,0.066329,0.27027,0.0,0.0,0.0,0.473684,0.243243
Iran 2026,GOLD,autoencoder,37,0.486486,0.038012,0.315182,0.8,test,0.0687,0.297297,0.0,0.0,0.0,0.421053,0.216216
Iran 2026,GOLD,autoencoder,37,0.486486,0.038012,0.315182,0.85,test,0.071646,0.351351,0.0,0.0,0.0,0.315789,0.162162
Iran 2026,GOLD,autoencoder,37,0.486486,0.038012,0.315182,0.9,test,0.076585,0.405405,0.0,0.0,0.0,0.210526,0.108108
Iran 2026,GOLD,autoencoder,37,0.486486,0.038012,0.315182,0.95,test,0.0846,0.459459,0.0,0.0,0.0,0.105263,0.054054
Iran 2026,GOLD,autoencoder,37,0.486486,0.038012,0.315182,0.975,test,0.091213,0.486486,0.0,0.0,0.0,0.052632,0.027027
Iran 2026,GOLD,autoencoder,37,0.486486,0.038012,0.315182,0.99,test,0.115268,0.486486,0.0,0.0,0.0,0.052632,0.027027
Iran 2026,GOLD,cnn_autoencoder,37,0.486486,0.055556,0.318138,0.7,test,0.003644,0.216216,0.0,0.0,0.0,0.578947,0.297297
Iran 2026,GOLD,cnn_autoencoder,37,0.486486,0.055556,0.318138,0.75,test,0.003782,0.27027,0.0,0.0,0.0,0.473684,0.243243
Iran 2026,GOLD,cnn_autoencoder,37,0.486486,0.055556,0.318138,0.8,test,0.004283,0.297297,0.0,0.0,0.0,0.421053,0.216216
Iran 2026,GOLD,cnn_autoencoder,37,0.486486,0.055556,0.318138,0.85,test,0.005201,0.351351,0.0,0.0,0.0,0.315789,0.162162
Iran 2026,GOLD,cnn_autoencoder,37,0.486486,0.055556,0.318138,0.9,test,0.005511,0.405405,0.0,0.0,0.0,0.210526,0.108108
Iran 2026,GOLD,cnn_autoencoder,37,0.486486,0.055556,0.318138,0.95,test,0.006347,0.459459,0.0,0.0,0.0,0.105263,0.054054
Iran 2026,GOLD,cnn_autoencoder,37,0.486486,0.055556,0.318138,0.975,test,0.008149,0.486486,0.0,0.0,0.0,0.052632,0.027027
Iran 2026,GOLD,cnn_autoencoder,37,0.486486,0.055556,0.318138,0.99,test,0.008711,0.486486,0.0,0.0,0.0,0.052632,0.027027
Iran 2026,GOLD,dagmm,37,0.486486,0.30117,0.425587,0.7,control,-2.115318,0.513514,0.0,0.0,0.0,0.0,0.0
Iran 2026,GOLD,dagmm,37,0.486486,0.30117,0.425587,0.7,test,-11.854595,0.324324,0.181818,0.111111,0.137931,0.473684,0.297297
Iran 2026,GOLD,dagmm,37,0.486486,0.30117,0.425587,0.75,control,-1.043211,0.513514,0.0,0.0,0.0,0.0,0.0
Iran 2026,GOLD,dagmm,37,0.486486,0.30117,0.425587,0.75,test,-11.432118,0.378378,0.222222,0.111111,0.148148,0.368421,0.243243
Iran 2026,GOLD,dagmm,37,0.486486,0.30117,0.425587,0.8,control,-0.470837,0.513514,0.0,0.0,0.0,0.0,0.0
Iran 2026,GOLD,dagmm,37,0.486486,0.30117,0.425587,0.8,test,-10.917448,0.405405,0.25,0.111111,0.153846,0.315789,0.216216
Iran 2026,GOLD,dagmm,37,0.486486,0.30117,0.425587,0.85,control,0.967177,0.513514,0.0,0.0,0.0,0.0,0.0
Iran 2026,GOLD,dagmm,37,0.486486,0.30117,0.425587,0.85,test,-10.425592,0.405405,0.166667,0.055556,0.083333,0.263158,0.162162
Iran 2026,GOLD,dagmm,37,0.486486,0.30117,0.425587,0.9,control,2.307358,0.513514,0.0,0.0,0.0,0.0,0.0
Iran 2026,GOLD,dagmm,37,0.486486,0.30117,0.425587,0.9,test,-9.939897,0.459459,0.25,0.055556,0.090909,0.157895,0.108108
Iran 2026,GOLD,dagmm,37,0.486486,0.30117,0.425587,0.95,control,5.424716,0.513514,0.0,0.0,0.0,0.0,0.0
Iran 2026,GOLD,dagmm,37,0.486486,0.30117,0.425587,0.95,test,-8.964963,0.513514,0.5,0.055556,0.1,0.052632,0.054054
Iran 2026,GOLD,dagmm,37,0.486486,0.30117,0.425587,0.975,control,9.721917,0.513514,0.0,0.0,0.0,0.0,0.0
Iran 2026,GOLD,dagmm,37,0.486486,0.30117,0.425587,0.975,test,-8.102292,0.540541,1.0,0.055556,0.105263,0.0,0.027027
Iran 2026,GOLD,dagmm,37,0.486486,0.30117,0.425587,0.99,control,12.965183,0.513514,0.0,0.0,0.0,0.0,0.0
Iran 2026,GOLD,dagmm,37,0.486486,0.30117,0.425587,0.99,test,-7.27383,0.540541,1.0,0.055556,0.105263,0.0,0.027027
Iran 2026,GOLD,deep_svdd,37,0.486486,0.131579,0.331731,0.7,control,0.000496,0.513514,0.0,0.0,0.0,0.0,0.0
Iran 2026,GOLD,deep_svdd,37,0.486486,0.131579,0.331731,0.7,test,2.8e-05,0.324324,0.181818,0.111111,0.137931,0.473684,0.297297
Iran 2026,GOLD,deep_svdd,37,0.486486,0.131579,0.331731,0.75,control,0.000515,0.513514,0.0,0.0,0.0,0.0,0.0
Iran 2026,GOLD,deep_svdd,37,0.486486,0.131579,0.331731,0.75,test,3e-05,0.324324,0.111111,0.055556,0.074074,0.421053,0.243243
Iran 2026,GOLD,deep_svdd,37,0.486486,0.131579,0.331731,0.8,control,0.000572,0.513514,0.0,0.0,0.0,0.0,0.0
Iran 2026,GOLD,deep_svdd,37,0.486486,0.131579,0.331731,0.8,test,3.4e-05,0.351351,0.125,0.055556,0.076923,0.368421,0.216216
Iran 2026,GOLD,deep_svdd,37,0.486486,0.131579,0.331731,0.85,control,0.000659,0.513514,0.0,0.0,0.0,0.0,0.0
Iran 2026,GOLD,deep_svdd,37,0.486486,0.131579,0.331731,0.85,test,3.5e-05,0.351351,0.0,0.0,0.0,0.315789,0.162162
Iran 2026,GOLD,deep_svdd,37,0.486486,0.131579,0.331731,0.9,control,0.0008,0.513514,0.0,0.0,0.0,0.0,0.0
Iran 2026,GOLD,deep_svdd,37,0.486486,0.131579,0.331731,0.9,test,3.8e-05,0.405405,0.0,0.0,0.0,0.210526,0.108108
Iran 2026,GOLD,deep_svdd,37,0.486486,0.131579,0.331731,0.95,control,0.00103,0.513514,0.0,0.0,0.0,0.0,0.0
Iran 2026,GOLD,deep_svdd,37,0.486486,0.131579,0.331731,0.95,test,5.2e-05,0.459459,0.0,0.0,0.0,0.105263,0.054054
Iran 2026,GOLD,deep_svdd,37,0.486486,0.131579,0.331731,0.975,control,0.001111,0.513514,0.0,0.0,0.0,0.0,0.0
Iran 2026,GOLD,deep_svdd,37,0.486486,0.131579,0.331731,0.975,test,5.5e-05,0.486486,0.0,0.0,0.0,0.052632,0.027027
Iran 2026,GOLD,deep_svdd,37,0.486486,0.131579,0.331731,0.99,control,0.001273,0.513514,0.0,0.0,0.0,0.0,0.0
Iran 2026,GOLD,deep_svdd,37,0.486486,0.131579,0.331731,0.99,test,6.5e-05,0.486486,0.0,0.0,0.0,0.052632,0.027027
Iran 2026,GOLD,hybrid2,37,0.486486,0.084795,0.324153,0.7,control,0.172715,0.486486,0.0,0.0,0.0,0.052632,0.027027
Iran 2026,GOLD,hybrid2,37,0.486486,0.084795,0.324153,0.7,test,0.092609,0.216216,0.0,0.0,0.0,0.578947,0.297297
Iran 2026,GOLD,hybrid2,37,0.486486,0.084795,0.324153,0.75,control,0.181761,0.486486,0.0,0.0,0.0,0.052632,0.027027
Iran 2026,GOLD,hybrid2,37,0.486486,0.084795,0.324153,0.75,test,0.104289,0.27027,0.0,0.0,0.0,0.473684,0.243243
Iran 2026,GOLD,hybrid2,37,0.486486,0.084795,0.324153,0.8,control,0.192728,0.486486,0.0,0.0,0.0,0.052632,0.027027
Iran 2026,GOLD,hybrid2,37,0.486486,0.084795,0.324153,0.8,test,0.106254,0.297297,0.0,0.0,0.0,0.421053,0.216216
Iran 2026,GOLD,hybrid2,37,0.486486,0.084795,0.324153,0.85,control,0.200013,0.486486,0.0,0.0,0.0,0.052632,0.027027
Iran 2026,GOLD,hybrid2,37,0.486486,0.084795,0.324153,0.85,test,0.110239,0.351351,0.0,0.0,0.0,0.315789,0.162162
Iran 2026,GOLD,hybrid2,37,0.486486,0.084795,0.324153,0.9,control,0.22068,0.486486,0.0,0.0,0.0,0.052632,0.027027
Iran 2026,GOLD,hybrid2,37,0.486486,0.084795,0.324153,0.9,test,0.137312,0.405405,0.0,0.0,0.0,0.210526,0.108108
Iran 2026,GOLD,hybrid2,37,0.486486,0.084795,0.324153,0.95,control,0.253762,0.486486,0.0,0.0,0.0,0.052632,0.027027
Iran 2026,GOLD,hybrid2,37,0.486486,0.084795,0.324153,0.95,test,0.160795,0.459459,0.0,0.0,0.0,0.105263,0.054054
Iran 2026,GOLD,hybrid2,37,0.486486,0.084795,0.324153,0.975,control,0.265909,0.486486,0.0,0.0,0.0,0.052632,0.027027
Iran 2026,GOLD,hybrid2,37,0.486486,0.084795,0.324153,0.975,test,0.179993,0.486486,0.0,0.0,0.0,0.052632,0.027027
Iran 2026,GOLD,hybrid2,37,0.486486,0.084795,0.324153,0.99,control,0.307689,0.486486,0.0,0.0,0.0,0.052632,0.027027
Iran 2026,GOLD,hybrid2,37,0.486486,0.084795,0.324153,0.99,test,0.262514,0.486486,0.0,0.0,0.0,0.052632,0.027027
Iran 2026,GOLD,isolation_forest,37,0.486486,0.233918,0.378069,0.7,control,0.520156,0.459459,0.25,0.055556,0.090909,0.157895,0.108108
Iran 2026,GOLD,isolation_forest,37,0.486486,0.233918,0.378069,0.7,test,0.508308,0.324324,0.181818,0.111111,0.137931,0.473684,0.297297
Iran 2026,GOLD,isolation_forest,37,0.486486,0.233918,0.378069,0.75,control,0.526906,0.513514,0.5,0.055556,0.1,0.052632,0.054054
Iran 2026,GOLD,isolation_forest,37,0.486486,0.233918,0.378069,0.75,test,0.511954,0.378378,0.222222,0.111111,0.148148,0.368421,0.243243
Iran 2026,GOLD,isolation_forest,37,0.486486,0.233918,0.378069,0.8,control,0.539971,0.486486,0.0,0.0,0.0,0.052632,0.027027
Iran 2026,GOLD,isolation_forest,37,0.486486,0.233918,0.378069,0.8,test,0.5142,0.351351,0.125,0.055556,0.076923,0.368421,0.216216
Iran 2026,GOLD,isolation_forest,37,0.486486,0.233918,0.378069,0.85,control,0.553214,0.513514,0.0,0.0,0.0,0.0,0.0
Iran 2026,GOLD,isolation_forest,37,0.486486,0.233918,0.378069,0.85,test,0.518275,0.405405,0.166667,0.055556,0.083333,0.263158,0.162162
Iran 2026,GOLD,isolation_forest,37,0.486486,0.233918,0.378069,0.9,control,0.567597,0.513514,0.0,0.0,0.0,0.0,0.0
Iran 2026,GOLD,isolation_forest,37,0.486486,0.233918,0.378069,0.9,test,0.520121,0.459459,0.25,0.055556,0.090909,0.157895,0.108108
Iran 2026,GOLD,isolation_forest,37,0.486486,0.233918,0.378069,0.95,control,0.582159,0.513514,0.0,0.0,0.0,0.0,0.0
Iran 2026,GOLD,isolation_forest,37,0.486486,0.233918,0.378069,0.95,test,0.526101,0.513514,0.5,0.055556,0.1,0.052632,0.054054
Iran 2026,GOLD,isolation_forest,37,0.486486,0.233918,0.378069,0.975,control,0.586031,0.513514,0.0,0.0,0.0,0.0,0.0
Iran 2026,GOLD,isolation_forest,37,0.486486,0.233918,0.378069,0.975,test,0.529769,0.486486,0.0,0.0,0.0,0.052632,0.027027
Iran 2026,GOLD,isolation_forest,37,0.486486,0.233918,0.378069,0.99,control,0.590442,0.513514,0.0,0.0,0.0,0.0,0.0
Iran 2026,GOLD,isolation_forest,37,0.486486,0.233918,0.378069,0.99,test,0.540383,0.486486,0.0,0.0,0.0,0.052632,0.027027
Iran 2026,GOLD,omnianomaly,37,0.486486,0.01462,0.311055,0.7,control,0.211532,0.324324,0.0,0.0,0.0,0.368421,0.189189
Iran 2026,GOLD,omnianomaly,37,0.486486,0.01462,0.311055,0.7,test,0.197041,0.216216,0.0,0.0,0.0,0.578947,0.297297
Iran 2026,GOLD,omnianomaly,37,0.486486,0.01462,0.311055,0.75,control,0.228281,0.351351,0.0,0.0,0.0,0.315789,0.162162
Iran 2026,GOLD,omnianomaly,37,0.486486,0.01462,0.311055,0.75,test,0.197414,0.27027,0.0,0.0,0.0,0.473684,0.243243
Iran 2026,GOLD,omnianomaly,37,0.486486,0.01462,0.311055,0.8,control,0.24218,0.405405,0.0,0.0,0.0,0.210526,0.108108
Iran 2026,GOLD,omnianomaly,37,0.486486,0.01462,0.311055,0.8,test,0.198144,0.297297,0.0,0.0,0.0,0.421053,0.216216
Iran 2026,GOLD,omnianomaly,37,0.486486,0.01462,0.311055,0.85,control,0.255366,0.459459,0.0,0.0,0.0,0.105263,0.054054
Iran 2026,GOLD,omnianomaly,37,0.486486,0.01462,0.311055,0.85,test,0.224232,0.351351,0.0,0.0,0.0,0.315789,0.162162
Iran 2026,GOLD,omnianomaly,37,0.486486,0.01462,0.311055,0.9,control,0.267087,0.486486,0.0,0.0,0.0,0.052632,0.027027
Iran 2026,GOLD,omnianomaly,37,0.486486,0.01462,0.311055,0.9,test,0.239024,0.405405,0.0,0.0,0.0,0.210526,0.108108
Iran 2026,GOLD,omnianomaly,37,0.486486,0.01462,0.311055,0.95,control,0.345568,0.486486,0.0,0.0,0.0,0.052632,0.027027
Iran 2026,GOLD,omnianomaly,37,0.486486,0.01462,0.311055,0.95,test,0.251824,0.459459,0.0,0.0,0.0,0.105263,0.054054
Iran 2026,GOLD,omnianomaly,37,0.486486,0.01462,0.311055,0.975,control,0.373718,0.513514,0.0,0.0,0.0,0.0,0.0
Iran 2026,GOLD,omnianomaly,37,0.486486,0.01462,0.311055,0.975,test,0.267272,0.486486,0.0,0.0,0.0,0.052632,0.027027
Iran 2026,GOLD,omnianomaly,37,0.486486,0.01462,0.311055,0.99,control,0.386121,0.513514,0.0,0.0,0.0,0.0,0.0
Iran 2026,GOLD,omnianomaly,37,0.486486,0.01462,0.311055,0.99,test,0.31941,0.486486,0.0,0.0,0.0,0.052632,0.027027
Iran 2026,GOLD,one_class_svm,37,0.486486,0.385965,0.522633,0.7,control,-0.125734,0.486486,0.0,0.0,0.0,0.052632,0.027027
Iran 2026,GOLD,one_class_svm,37,0.486486,0.385965,0.522633,0.7,test,-1.347314,0.540541,0.545455,0.333333,0.413793,0.263158,0.297297
Iran 2026,GOLD,one_class_svm,37,0.486486,0.385965,0.522633,0.75,control,-0.102737,0.486486,0.0,0.0,0.0,0.052632,0.027027
Iran 2026,GOLD,one_class_svm,37,0.486486,0.385965,0.522633,0.75,test,-0.998164,0.594595,0.666667,0.333333,0.444444,0.157895,0.243243
Iran 2026,GOLD,one_class_svm,37,0.486486,0.385965,0.522633,0.8,control,-0.049339,0.486486,0.0,0.0,0.0,0.052632,0.027027
Iran 2026,GOLD,one_class_svm,37,0.486486,0.385965,0.522633,0.8,test,-0.798089,0.621622,0.75,0.333333,0.461538,0.105263,0.216216
Iran 2026,GOLD,one_class_svm,37,0.486486,0.385965,0.522633,0.85,control,0.029319,0.486486,0.0,0.0,0.0,0.052632,0.027027
Iran 2026,GOLD,one_class_svm,37,0.486486,0.385965,0.522633,0.85,test,-0.729131,0.621622,0.833333,0.277778,0.416667,0.052632,0.162162
Iran 2026,GOLD,one_class_svm,37,0.486486,0.385965,0.522633,0.9,control,0.180358,0.486486,0.0,0.0,0.0,0.052632,0.027027
Iran 2026,GOLD,one_class_svm,37,0.486486,0.385965,0.522633,0.9,test,-0.623126,0.567568,0.75,0.166667,0.272727,0.052632,0.108108
Iran 2026,GOLD,one_class_svm,37,0.486486,0.385965,0.522633,0.95,control,0.357573,0.486486,0.0,0.0,0.0,0.052632,0.027027
Iran 2026,GOLD,one_class_svm,37,0.486486,0.385965,0.522633,0.95,test,-0.18417,0.513514,0.5,0.055556,0.1,0.052632,0.054054
Iran 2026,GOLD,one_class_svm,37,0.486486,0.385965,0.522633,0.975,control,0.420192,0.486486,0.0,0.0,0.0,0.052632,0.027027
Iran 2026,GOLD,one_class_svm,37,0.486486,0.385965,0.522633,0.975,test,-0.041297,0.486486,0.0,0.0,0.0,0.052632,0.027027
Iran 2026,GOLD,one_class_svm,37,0.486486,0.385965,0.522633,0.99,control,0.553271,0.486486,0.0,0.0,0.0,0.052632,0.027027
Iran 2026,GOLD,one_class_svm,37,0.486486,0.385965,0.522633,0.99,test,0.490569,0.486486,0.0,0.0,0.0,0.052632,0.027027
Iran 2026,GOLD,standalone_fanogan,37,0.486486,0.084795,0.324153,0.7,control,0.172715,0.486486,0.0,0.0,0.0,0.052632,0.027027
Iran 2026,GOLD,standalone_fanogan,37,0.486486,0.084795,0.324153,0.7,test,0.092609,0.216216,0.0,0.0,0.0,0.578947,0.297297
Iran 2026,GOLD,standalone_fanogan,37,0.486486,0.084795,0.324153,0.75,control,0.181761,0.486486,0.0,0.0,0.0,0.052632,0.027027
Iran 2026,GOLD,standalone_fanogan,37,0.486486,0.084795,0.324153,0.75,test,0.104289,0.27027,0.0,0.0,0.0,0.473684,0.243243
Iran 2026,GOLD,standalone_fanogan,37,0.486486,0.084795,0.324153,0.8,control,0.192728,0.486486,0.0,0.0,0.0,0.052632,0.027027
Iran 2026,GOLD,standalone_fanogan,37,0.486486,0.084795,0.324153,0.8,test,0.106254,0.297297,0.0,0.0,0.0,0.421053,0.216216
Iran 2026,GOLD,standalone_fanogan,37,0.486486,0.084795,0.324153,0.85,control,0.200013,0.486486,0.0,0.0,0.0,0.052632,0.027027
Iran 2026,GOLD,standalone_fanogan,37,0.486486,0.084795,0.324153,0.85,test,0.110239,0.351351,0.0,0.0,0.0,0.315789,0.162162
Iran 2026,GOLD,standalone_fanogan,37,0.486486,0.084795,0.324153,0.9,control,0.22068,0.486486,0.0,0.0,0.0,0.052632,0.027027
Iran 2026,GOLD,standalone_fanogan,37,0.486486,0.084795,0.324153,0.9,test,0.137312,0.405405,0.0,0.0,0.0,0.210526,0.108108
Iran 2026,GOLD,standalone_fanogan,37,0.486486,0.084795,0.324153,0.95,control,0.253762,0.486486,0.0,0.0,0.0,0.052632,0.027027
Iran 2026,GOLD,standalone_fanogan,37,0.486486,0.084795,0.324153,0.95,test,0.160795,0.459459,0.0,0.0,0.0,0.105263,0.054054
Iran 2026,GOLD,standalone_fanogan,37,0.486486,0.084795,0.324153,0.975,control,0.265909,0.486486,0.0,0.0,0.0,0.052632,0.027027
Iran 2026,GOLD,standalone_fanogan,37,0.486486,0.084795,0.324153,0.975,test,0.179993,0.486486,0.0,0.0,0.0,0.052632,0.027027
Iran 2026,GOLD,standalone_fanogan,37,0.486486,0.084795,0.324153,0.99,control,0.307689,0.486486,0.0,0.0,0.0,0.052632,0.027027
Iran 2026,GOLD,standalone_fanogan,37,0.486486,0.084795,0.324153,0.99,test,0.262514,0.486486,0.0,0.0,0.0,0.052632,0.027027
Iran 2026,GOLD,tranad,37,0.486486,0.374269,0.434843,0.7,control,0.023958,0.513514,0.0,0.0,0.0,0.0,0.0
Iran 2026,GOLD,tranad,37,0.486486,0.374269,0.434843,0.7,test,0.000481,0.540541,0.545455,0.333333,0.413793,0.263158,0.297297
Iran 2026,GOLD,tranad,37,0.486486,0.374269,0.434843,0.75,control,0.02481,0.513514,0.0,0.0,0.0,0.0,0.0
Iran 2026,GOLD,tranad,37,0.486486,0.374269,0.434843,0.75,test,0.000537,0.486486,0.444444,0.222222,0.296296,0.263158,0.243243
Iran 2026,GOLD,tranad,37,0.486486,0.374269,0.434843,0.8,control,0.026836,0.513514,0.0,0.0,0.0,0.0,0.0
Iran 2026,GOLD,tranad,37,0.486486,0.374269,0.434843,0.8,test,0.000595,0.459459,0.375,0.166667,0.230769,0.263158,0.216216
Iran 2026,GOLD,tranad,37,0.486486,0.374269,0.434843,0.85,control,0.02876,0.513514,0.0,0.0,0.0,0.0,0.0
Iran 2026,GOLD,tranad,37,0.486486,0.374269,0.434843,0.85,test,0.000616,0.459459,0.333333,0.111111,0.166667,0.210526,0.162162
Iran 2026,GOLD,tranad,37,0.486486,0.374269,0.434843,0.9,control,0.031854,0.513514,0.0,0.0,0.0,0.0,0.0
Iran 2026,GOLD,tranad,37,0.486486,0.374269,0.434843,0.9,test,0.000738,0.459459,0.25,0.055556,0.090909,0.157895,0.108108
Iran 2026,GOLD,tranad,37,0.486486,0.374269,0.434843,0.95,control,0.038564,0.513514,0.0,0.0,0.0,0.0,0.0
Iran 2026,GOLD,tranad,37,0.486486,0.374269,0.434843,0.95,test,0.000778,0.459459,0.0,0.0,0.0,0.105263,0.054054
Iran 2026,GOLD,tranad,37,0.486486,0.374269,0.434843,0.975,control,0.04487,0.513514,0.0,0.0,0.0,0.0,0.0
Iran 2026,GOLD,tranad,37,0.486486,0.374269,0.434843,0.975,test,0.000901,0.486486,0.0,0.0,0.0,0.052632,0.027027
Iran 2026,GOLD,tranad,37,0.486486,0.374269,0.434843,0.99,control,0.046779,0.513514,0.0,0.0,0.0,0.0,0.0
Iran 2026,GOLD,tranad,37,0.486486,0.374269,0.434843,0.99,test,0.001523,0.486486,0.0,0.0,0.0,0.052632,0.027027
Iran 2026,GOLD,usad,37,0.486486,0.473684,0.477258,0.7,control,1.365483,0.513514,0.5,0.555556,0.526316,0.526316,0.540541
Iran 2026,GOLD,usad,37,0.486486,0.473684,0.477258,0.7,test,1.397577,0.486486,0.454545,0.277778,0.344828,0.315789,0.297297
Iran 2026,GOLD,usad,37,0.486486,0.473684,0.477258,0.75,control,1.415306,0.513514,0.5,0.222222,0.307692,0.210526,0.216216
Iran 2026,GOLD,usad,37,0.486486,0.473684,0.477258,0.75,test,1.399976,0.486486,0.444444,0.222222,0.296296,0.263158,0.243243
Iran 2026,GOLD,usad,37,0.486486,0.473684,0.477258,0.8,control,1.455901,0.486486,0.0,0.0,0.0,0.052632,0.027027
Iran 2026,GOLD,usad,37,0.486486,0.473684,0.477258,0.8,test,1.418535,0.513514,0.5,0.222222,0.307692,0.210526,0.216216
Iran 2026,GOLD,usad,37,0.486486,0.473684,0.477258,0.85,control,1.470843,0.486486,0.0,0.0,0.0,0.052632,0.027027
Iran 2026,GOLD,usad,37,0.486486,0.473684,0.477258,0.85,test,1.425417,0.459459,0.333333,0.111111,0.166667,0.210526,0.162162
Iran 2026,GOLD,usad,37,0.486486,0.473684,0.477258,0.9,control,1.495118,0.513514,0.0,0.0,0.0,0.0,0.0
Iran 2026,GOLD,usad,37,0.486486,0.473684,0.477258,0.9,test,1.43553,0.459459,0.25,0.055556,0.090909,0.157895,0.108108
Iran 2026,GOLD,usad,37,0.486486,0.473684,0.477258,0.95,control,1.517883,0.513514,0.0,0.0,0.0,0.0,0.0
Iran 2026,GOLD,usad,37,0.486486,0.473684,0.477258,0.95,test,1.44548,0.459459,0.0,0.0,0.0,0.105263,0.054054
Iran 2026,GOLD,usad,37,0.486486,0.473684,0.477258,0.975,control,1.566898,0.513514,0.0,0.0,0.0,0.0,0.0
Iran 2026,GOLD,usad,37,0.486486,0.473684,0.477258,0.975,test,1.454336,0.486486,0.0,0.0,0.0,0.052632,0.027027
Iran 2026,GOLD,usad,37,0.486486,0.473684,0.477258,0.99,control,1.675286,0.513514,0.0,0.0,0.0,0.0,0.0
Iran 2026,GOLD,usad,37,0.486486,0.473684,0.477258,0.99,test,1.478412,0.486486,0.0,0.0,0.0,0.052632,0.027027
Iran 2026,GOLD,vae,37,0.486486,0.236842,0.375604,0.7,test,0.312609,0.432432,0.363636,0.222222,0.275862,0.368421,0.297297
Iran 2026,GOLD,vae,37,0.486486,0.236842,0.375604,0.75,test,0.319536,0.378378,0.222222,0.111111,0.148148,0.368421,0.243243
Iran 2026,GOLD,vae,37,0.486486,0.236842,0.375604,0.8,test,0.330865,0.405405,0.25,0.111111,0.153846,0.315789,0.216216
Iran 2026,GOLD,vae,37,0.486486,0.236842,0.375604,0.85,test,0.337886,0.405405,0.166667,0.055556,0.083333,0.263158,0.162162
Iran 2026,GOLD,vae,37,0.486486,0.236842,0.375604,0.9,test,0.357605,0.459459,0.25,0.055556,0.090909,0.157895,0.108108
Iran 2026,GOLD,vae,37,0.486486,0.236842,0.375604,0.95,test,0.386594,0.459459,0.0,0.0,0.0,0.105263,0.054054
Iran 2026,GOLD,vae,37,0.486486,0.236842,0.375604,0.975,test,0.404628,0.486486,0.0,0.0,0.0,0.052632,0.027027
Iran 2026,GOLD,vae,37,0.486486,0.236842,0.375604,0.99,test,0.412259,0.486486,0.0,0.0,0.0,0.052632,0.027027
Iran 2026,EURUSD,anomaly_transformer,41,0.487805,0.152381,0.338828,0.7,control,0.001434,0.487805,0.487805,1.0,0.655738,1.0,1.0
Iran 2026,EURUSD,anomaly_transformer,41,0.487805,0.152381,0.338828,0.7,test,0.004984,0.317073,0.166667,0.1,0.125,0.47619,0.292683
Iran 2026,EURUSD,anomaly_transformer,41,0.487805,0.152381,0.338828,0.75,control,0.001691,0.487805,0.487805,1.0,0.655738,1.0,1.0
Iran 2026,EURUSD,anomaly_transformer,41,0.487805,0.152381,0.338828,0.75,test,0.00513,0.365854,0.2,0.1,0.133333,0.380952,0.243902
Iran 2026,EURUSD,anomaly_transformer,41,0.487805,0.152381,0.338828,0.8,control,0.001764,0.487805,0.487805,1.0,0.655738,1.0,1.0
Iran 2026,EURUSD,anomaly_transformer,41,0.487805,0.152381,0.338828,0.8,test,0.005381,0.414634,0.25,0.1,0.142857,0.285714,0.195122
Iran 2026,EURUSD,anomaly_transformer,41,0.487805,0.152381,0.338828,0.85,control,0.002032,0.487805,0.487805,1.0,0.655738,1.0,1.0
Iran 2026,EURUSD,anomaly_transformer,41,0.487805,0.152381,0.338828,0.85,test,0.005541,0.365854,0.0,0.0,0.0,0.285714,0.146341
Iran 2026,EURUSD,anomaly_transformer,41,0.487805,0.152381,0.338828,0.9,control,0.002954,0.487805,0.487805,1.0,0.655738,1.0,1.0
Iran 2026,EURUSD,anomaly_transformer,41,0.487805,0.152381,0.338828,0.9,test,0.005788,0.414634,0.0,0.0,0.0,0.190476,0.097561
Iran 2026,EURUSD,anomaly_transformer,41,0.487805,0.152381,0.338828,0.95,control,0.005197,0.390244,0.222222,0.1,0.137931,0.333333,0.219512
Iran 2026,EURUSD,anomaly_transformer,41,0.487805,0.152381,0.338828,0.95,test,0.00747,0.463415,0.0,0.0,0.0,0.095238,0.04878
Iran 2026,EURUSD,anomaly_transformer,41,0.487805,0.152381,0.338828,0.975,control,0.009203,0.487805,0.0,0.0,0.0,0.047619,0.02439
Iran 2026,EURUSD,anomaly_transformer,41,0.487805,0.152381,0.338828,0.975,test,0.009151,0.487805,0.0,0.0,0.0,0.047619,0.02439
Iran 2026,EURUSD,anomaly_transformer,41,0.487805,0.152381,0.338828,0.99,control,0.012612,0.512195,0.0,0.0,0.0,0.0,0.0
Iran 2026,EURUSD,anomaly_transformer,41,0.487805,0.152381,0.338828,0.99,test,0.009995,0.487805,0.0,0.0,0.0,0.047619,0.02439
Iran 2026,EURUSD,autoencoder,41,0.487805,0.07619,0.321592,0.7,test,0.065617,0.219512,0.0,0.0,0.0,0.571429,0.292683
Iran 2026,EURUSD,autoencoder,41,0.487805,0.07619,0.321592,0.75,test,0.066191,0.268293,0.0,0.0,0.0,0.47619,0.243902
Iran 2026,EURUSD,autoencoder,41,0.487805,0.07619,0.321592,0.8,test,0.076734,0.317073,0.0,0.0,0.0,0.380952,0.195122
Iran 2026,EURUSD,autoencoder,41,0.487805,0.07619,0.321592,0.85,test,0.078901,0.365854,0.0,0.0,0.0,0.285714,0.146341
Iran 2026,EURUSD,autoencoder,41,0.487805,0.07619,0.321592,0.9,test,0.086962,0.414634,0.0,0.0,0.0,0.190476,0.097561
Iran 2026,EURUSD,autoencoder,41,0.487805,0.07619,0.321592,0.95,test,0.093551,0.463415,0.0,0.0,0.0,0.095238,0.04878
Iran 2026,EURUSD,autoencoder,41,0.487805,0.07619,0.321592,0.975,test,0.101475,0.487805,0.0,0.0,0.0,0.047619,0.02439
Iran 2026,EURUSD,autoencoder,41,0.487805,0.07619,0.321592,0.99,test,0.110846,0.487805,0.0,0.0,0.0,0.047619,0.02439
Iran 2026,EURUSD,cnn_autoencoder,41,0.487805,0.02619,0.312496,0.7,test,0.004314,0.219512,0.0,0.0,0.0,0.571429,0.292683
Iran 2026,EURUSD,cnn_autoencoder,41,0.487805,0.02619,0.312496,0.75,test,0.004637,0.268293,0.0,0.0,0.0,0.47619,0.243902
Iran 2026,EURUSD,cnn_autoencoder,41,0.487805,0.02619,0.312496,0.8,test,0.005226,0.317073,0.0,0.0,0.0,0.380952,0.195122
Iran 2026,EURUSD,cnn_autoencoder,41,0.487805,0.02619,0.312496,0.85,test,0.005844,0.365854,0.0,0.0,0.0,0.285714,0.146341
Iran 2026,EURUSD,cnn_autoencoder,41,0.487805,0.02619,0.312496,0.9,test,0.006707,0.414634,0.0,0.0,0.0,0.190476,0.097561
Iran 2026,EURUSD,cnn_autoencoder,41,0.487805,0.02619,0.312496,0.95,test,0.00718,0.463415,0.0,0.0,0.0,0.095238,0.04878
Iran 2026,EURUSD,cnn_autoencoder,41,0.487805,0.02619,0.312496,0.975,test,0.00783,0.487805,0.0,0.0,0.0,0.047619,0.02439
Iran 2026,EURUSD,cnn_autoencoder,41,0.487805,0.02619,0.312496,0.99,test,0.008059,0.487805,0.0,0.0,0.0,0.047619,0.02439
Iran 2026,EURUSD,dagmm,41,0.487805,0.392857,0.417088,0.7,control,-3.528515,0.512195,0.0,0.0,0.0,0.0,0.0
Iran 2026,EURUSD,dagmm,41,0.487805,0.392857,0.417088,0.7,test,-10.527958,0.365854,0.25,0.15,0.1875,0.428571,0.292683
Iran 2026,EURUSD,dagmm,41,0.487805,0.392857,0.417088,0.75,control,-2.279564,0.512195,0.0,0.0,0.0,0.0,0.0
Iran 2026,EURUSD,dagmm,41,0.487805,0.392857,0.417088,0.75,test,-10.281849,0.365854,0.2,0.1,0.133333,0.380952,0.243902
Iran 2026,EURUSD,dagmm,41,0.487805,0.392857,0.417088,0.8,control,-1.134894,0.512195,0.0,0.0,0.0,0.0,0.0
Iran 2026,EURUSD,dagmm,41,0.487805,0.392857,0.417088,0.8,test,-10.158848,0.414634,0.25,0.1,0.142857,0.285714,0.195122
Iran 2026,EURUSD,dagmm,41,0.487805,0.392857,0.417088,0.85,control,-0.092474,0.512195,0.0,0.0,0.0,0.0,0.0
Iran 2026,EURUSD,dagmm,41,0.487805,0.392857,0.417088,0.85,test,-9.783952,0.414634,0.166667,0.05,0.076923,0.238095,0.146341
Iran 2026,EURUSD,dagmm,41,0.487805,0.392857,0.417088,0.9,control,1.677318,0.512195,0.0,0.0,0.0,0.0,0.0
Iran 2026,EURUSD,dagmm,41,0.487805,0.392857,0.417088,0.9,test,-9.338399,0.414634,0.0,0.0,0.0,0.190476,0.097561
Iran 2026,EURUSD,dagmm,41,0.487805,0.392857,0.417088,0.95,control,5.793731,0.512195,0.0,0.0,0.0,0.0,0.0
Iran 2026,EURUSD,dagmm,41,0.487805,0.392857,0.417088,0.95,test,-9.21121,0.463415,0.0,0.0,0.0,0.095238,0.04878
Iran 2026,EURUSD,dagmm,41,0.487805,0.392857,0.417088,0.975,control,12.777149,0.512195,0.0,0.0,0.0,0.0,0.0
Iran 2026,EURUSD,dagmm,41,0.487805,0.392857,0.417088,0.975,test,-8.623014,0.487805,0.0,0.0,0.0,0.047619,0.02439
Iran 2026,EURUSD,dagmm,41,0.487805,0.392857,0.417088,0.99,control,14.781292,0.512195,0.0,0.0,0.0,0.0,0.0
Iran 2026,EURUSD,dagmm,41,0.487805,0.392857,0.417088,0.99,test,-7.155627,0.487805,0.0,0.0,0.0,0.047619,0.02439
Iran 2026,EURUSD,deep_svdd,41,0.487805,0.152381,0.337899,0.7,control,0.000288,0.512195,0.0,0.0,0.0,0.0,0.0
Iran 2026,EURUSD,deep_svdd,41,0.487805,0.152381,0.337899,0.7,test,3.6e-05,0.219512,0.0,0.0,0.0,0.571429,0.292683
Iran 2026,EURUSD,deep_svdd,41,0.487805,0.152381,0.337899,0.75,control,0.000319,0.512195,0.0,0.0,0.0,0.0,0.0
Iran 2026,EURUSD,deep_svdd,41,0.487805,0.152381,0.337899,0.75,test,4.6e-05,0.268293,0.0,0.0,0.0,0.47619,0.243902
Iran 2026,EURUSD,deep_svdd,41,0.487805,0.152381,0.337899,0.8,control,0.000353,0.512195,0.0,0.0,0.0,0.0,0.0
Iran 2026,EURUSD,deep_svdd,41,0.487805,0.152381,0.337899,0.8,test,5.4e-05,0.317073,0.0,0.0,0.0,0.380952,0.195122
Iran 2026,EURUSD,deep_svdd,41,0.487805,0.152381,0.337899,0.85,control,0.000419,0.512195,0.0,0.0,0.0,0.0,0.0
Iran 2026,EURUSD,deep_svdd,41,0.487805,0.152381,0.337899,0.85,test,6e-05,0.365854,0.0,0.0,0.0,0.285714,0.146341
Iran 2026,EURUSD,deep_svdd,41,0.487805,0.152381,0.337899,0.9,control,0.000468,0.512195,0.0,0.0,0.0,0.0,0.0
Iran 2026,EURUSD,deep_svdd,41,0.487805,0.152381,0.337899,0.9,test,6.4e-05,0.414634,0.0,0.0,0.0,0.190476,0.097561
Iran 2026,EURUSD,deep_svdd,41,0.487805,0.152381,0.337899,0.95,control,0.000534,0.512195,0.0,0.0,0.0,0.0,0.0
Iran 2026,EURUSD,deep_svdd,41,0.487805,0.152381,0.337899,0.95,test,7.1e-05,0.463415,0.0,0.0,0.0,0.095238,0.04878
Iran 2026,EURUSD,deep_svdd,41,0.487805,0.152381,0.337899,0.975,control,0.000576,0.512195,0.0,0.0,0.0,0.0,0.0
Iran 2026,EURUSD,deep_svdd,41,0.487805,0.152381,0.337899,0.975,test,7.5e-05,0.487805,0.0,0.0,0.0,0.047619,0.02439
Iran 2026,EURUSD,deep_svdd,41,0.487805,0.152381,0.337899,0.99,control,0.000698,0.512195,0.0,0.0,0.0,0.0,0.0
Iran 2026,EURUSD,deep_svdd,41,0.487805,0.152381,0.337899,0.99,test,7.6e-05,0.487805,0.0,0.0,0.0,0.047619,0.02439
Iran 2026,EURUSD,hybrid2,41,0.487805,0.011905,0.31032,0.7,control,0.149828,0.487805,0.0,0.0,0.0,0.047619,0.02439
Iran 2026,EURUSD,hybrid2,41,0.487805,0.011905,0.31032,0.7,test,0.094675,0.219512,0.0,0.0,0.0,0.571429,0.292683
Iran 2026,EURUSD,hybrid2,41,0.487805,0.011905,0.31032,0.75,control,0.156685,0.487805,0.0,0.0,0.0,0.047619,0.02439
Iran 2026,EURUSD,hybrid2,41,0.487805,0.011905,0.31032,0.75,test,0.098062,0.268293,0.0,0.0,0.0,0.47619,0.243902
Iran 2026,EURUSD,hybrid2,41,0.487805,0.011905,0.31032,0.8,control,0.165479,0.512195,0.0,0.0,0.0,0.0,0.0
Iran 2026,EURUSD,hybrid2,41,0.487805,0.011905,0.31032,0.8,test,0.099507,0.317073,0.0,0.0,0.0,0.380952,0.195122
Iran 2026,EURUSD,hybrid2,41,0.487805,0.011905,0.31032,0.85,control,0.177757,0.512195,0.0,0.0,0.0,0.0,0.0
Iran 2026,EURUSD,hybrid2,41,0.487805,0.011905,0.31032,0.85,test,0.11032,0.365854,0.0,0.0,0.0,0.285714,0.146341
Iran 2026,EURUSD,hybrid2,41,0.487805,0.011905,0.31032,0.9,control,0.198462,0.512195,0.0,0.0,0.0,0.0,0.0
Iran 2026,EURUSD,hybrid2,41,0.487805,0.011905,0.31032,0.9,test,0.125214,0.414634,0.0,0.0,0.0,0.190476,0.097561
Iran 2026,EURUSD,hybrid2,41,0.487805,0.011905,0.31032,0.95,control,0.243971,0.512195,0.0,0.0,0.0,0.0,0.0
Iran 2026,EURUSD,hybrid2,41,0.487805,0.011905,0.31032,0.95,test,0.144863,0.463415,0.0,0.0,0.0,0.095238,0.04878
Iran 2026,EURUSD,hybrid2,41,0.487805,0.011905,0.31032,0.975,control,0.262981,0.512195,0.0,0.0,0.0,0.0,0.0
Iran 2026,EURUSD,hybrid2,41,0.487805,0.011905,0.31032,0.975,test,0.149381,0.487805,0.0,0.0,0.0,0.047619,0.02439
Iran 2026,EURUSD,hybrid2,41,0.487805,0.011905,0.31032,0.99,control,0.347042,0.512195,0.0,0.0,0.0,0.0,0.0
Iran 2026,EURUSD,hybrid2,41,0.487805,0.011905,0.31032,0.99,test,0.156175,0.487805,0.0,0.0,0.0,0.047619,0.02439
Iran 2026,EURUSD,isolation_forest,41,0.487805,0.230952,0.358303,0.7,control,0.525589,0.439024,0.0,0.0,0.0,0.142857,0.073171
Iran 2026,EURUSD,isolation_forest,41,0.487805,0.230952,0.358303,0.7,test,0.501883,0.268293,0.083333,0.05,0.0625,0.52381,0.292683
Iran 2026,EURUSD,isolation_forest,41,0.487805,0.230952,0.358303,0.75,control,0.532527,0.487805,0.0,0.0,0.0,0.047619,0.02439
Iran 2026,EURUSD,isolation_forest,41,0.487805,0.230952,0.358303,0.75,test,0.50334,0.317073,0.1,0.05,0.066667,0.428571,0.243902
Iran 2026,EURUSD,isolation_forest,41,0.487805,0.230952,0.358303,0.8,control,0.538408,0.487805,0.0,0.0,0.0,0.047619,0.02439
Iran 2026,EURUSD,isolation_forest,41,0.487805,0.230952,0.358303,0.8,test,0.50372,0.365854,0.125,0.05,0.071429,0.333333,0.195122
Iran 2026,EURUSD,isolation_forest,41,0.487805,0.230952,0.358303,0.85,control,0.541069,0.487805,0.0,0.0,0.0,0.047619,0.02439
Iran 2026,EURUSD,isolation_forest,41,0.487805,0.230952,0.358303,0.85,test,0.506668,0.414634,0.166667,0.05,0.076923,0.238095,0.146341
Iran 2026,EURUSD,isolation_forest,41,0.487805,0.230952,0.358303,0.9,control,0.548158,0.487805,0.0,0.0,0.0,0.047619,0.02439
Iran 2026,EURUSD,isolation_forest,41,0.487805,0.230952,0.358303,0.9,test,0.506886,0.414634,0.0,0.0,0.0,0.190476,0.097561
Iran 2026,EURUSD,isolation_forest,41,0.487805,0.230952,0.358303,0.95,control,0.55841,0.487805,0.0,0.0,0.0,0.047619,0.02439
Iran 2026,EURUSD,isolation_forest,41,0.487805,0.230952,0.358303,0.95,test,0.525734,0.463415,0.0,0.0,0.0,0.095238,0.04878
Iran 2026,EURUSD,isolation_forest,41,0.487805,0.230952,0.358303,0.975,control,0.568499,0.512195,0.0,0.0,0.0,0.0,0.0
Iran 2026,EURUSD,isolation_forest,41,0.487805,0.230952,0.358303,0.975,test,0.528142,0.487805,0.0,0.0,0.0,0.047619,0.02439
Iran 2026,EURUSD,isolation_forest,41,0.487805,0.230952,0.358303,0.99,control,0.57542,0.512195,0.0,0.0,0.0,0.0,0.0
Iran 2026,EURUSD,isolation_forest,41,0.487805,0.230952,0.358303,0.99,test,0.548252,0.487805,0.0,0.0,0.0,0.047619,0.02439
Iran 2026,EURUSD,omnianomaly,41,0.487805,0.207143,0.354944,0.7,control,0.268266,0.512195,0.0,0.0,0.0,0.0,0.0
Iran 2026,EURUSD,omnianomaly,41,0.487805,0.207143,0.354944,0.7,test,0.198919,0.414634,0.333333,0.2,0.25,0.380952,0.292683
Iran 2026,EURUSD,omnianomaly,41,0.487805,0.207143,0.354944,0.75,control,0.287811,0.512195,0.0,0.0,0.0,0.0,0.0
Iran 2026,EURUSD,omnianomaly,41,0.487805,0.207143,0.354944,0.75,test,0.202032,0.365854,0.2,0.1,0.133333,0.380952,0.243902
Iran 2026,EURUSD,omnianomaly,41,0.487805,0.207143,0.354944,0.8,control,0.31251,0.512195,0.0,0.0,0.0,0.0,0.0
Iran 2026,EURUSD,omnianomaly,41,0.487805,0.207143,0.354944,0.8,test,0.203935,0.365854,0.125,0.05,0.071429,0.333333,0.195122
Iran 2026,EURUSD,omnianomaly,41,0.487805,0.207143,0.354944,0.85,control,0.332815,0.512195,0.0,0.0,0.0,0.0,0.0
Iran 2026,EURUSD,omnianomaly,41,0.487805,0.207143,0.354944,0.85,test,0.206406,0.365854,0.0,0.0,0.0,0.285714,0.146341
Iran 2026,EURUSD,omnianomaly,41,0.487805,0.207143,0.354944,0.9,control,0.344708,0.512195,0.0,0.0,0.0,0.0,0.0
Iran 2026,EURUSD,omnianomaly,41,0.487805,0.207143,0.354944,0.9,test,0.220027,0.414634,0.0,0.0,0.0,0.190476,0.097561
Iran 2026,EURUSD,omnianomaly,41,0.487805,0.207143,0.354944,0.95,control,0.364838,0.512195,0.0,0.0,0.0,0.0,0.0
Iran 2026,EURUSD,omnianomaly,41,0.487805,0.207143,0.354944,0.95,test,0.233744,0.463415,0.0,0.0,0.0,0.095238,0.04878
Iran 2026,EURUSD,omnianomaly,41,0.487805,0.207143,0.354944,0.975,control,0.378319,0.512195,0.0,0.0,0.0,0.0,0.0
Iran 2026,EURUSD,omnianomaly,41,0.487805,0.207143,0.354944,0.975,test,0.235429,0.487805,0.0,0.0,0.0,0.047619,0.02439
Iran 2026,EURUSD,omnianomaly,41,0.487805,0.207143,0.354944,0.99,control,0.391287,0.512195,0.0,0.0,0.0,0.0,0.0
Iran 2026,EURUSD,omnianomaly,41,0.487805,0.207143,0.354944,0.99,test,0.237506,0.487805,0.0,0.0,0.0,0.047619,0.02439
Iran 2026,EURUSD,one_class_svm,41,0.487805,0.45,0.635782,0.7,control,-0.100741,0.658537,0.875,0.35,0.5,0.047619,0.195122
Iran 2026,EURUSD,one_class_svm,41,0.487805,0.45,0.635782,0.7,test,-0.675122,0.609756,0.666667,0.4,0.5,0.190476,0.292683
Iran 2026,EURUSD,one_class_svm,41,0.487805,0.45,0.635782,0.75,control,0.029074,0.634146,0.857143,0.3,0.444444,0.047619,0.170732
Iran 2026,EURUSD,one_class_svm,41,0.487805,0.45,0.635782,0.75,test,-0.344522,0.658537,0.8,0.4,0.533333,0.095238,0.243902
Iran 2026,EURUSD,one_class_svm,41,0.487805,0.45,0.635782,0.8,control,0.110442,0.634146,0.857143,0.3,0.444444,0.047619,0.170732
Iran 2026,EURUSD,one_class_svm,41,0.487805,0.45,0.635782,0.8,test,-0.228028,0.658537,0.875,0.35,0.5,0.047619,0.195122
Iran 2026,EURUSD,one_class_svm,41,0.487805,0.45,0.635782,0.85,control,0.225965,0.634146,1.0,0.25,0.4,0.0,0.121951
Iran 2026,EURUSD,one_class_svm,41,0.487805,0.45,0.635782,0.85,test,0.179137,0.609756,0.833333,0.25,0.384615,0.047619,0.146341
Iran 2026,EURUSD,one_class_svm,41,0.487805,0.45,0.635782,0.9,control,0.426116,0.585366,1.0,0.15,0.26087,0.0,0.073171
Iran 2026,EURUSD,one_class_svm,41,0.487805,0.45,0.635782,0.9,test,0.248212,0.609756,1.0,0.2,0.333333,0.0,0.097561
Iran 2026,EURUSD,one_class_svm,41,0.487805,0.45,0.635782,0.95,control,0.734255,0.512195,0.0,0.0,0.0,0.0,0.0
Iran 2026,EURUSD,one_class_svm,41,0.487805,0.45,0.635782,0.95,test,0.485388,0.560976,1.0,0.1,0.181818,0.0,0.04878
Iran 2026,EURUSD,one_class_svm,41,0.487805,0.45,0.635782,0.975,control,0.881573,0.512195,0.0,0.0,0.0,0.0,0.0
Iran 2026,EURUSD,one_class_svm,41,0.487805,0.45,0.635782,0.975,test,0.510448,0.536585,1.0,0.05,0.095238,0.0,0.02439
Iran 2026,EURUSD,one_class_svm,41,0.487805,0.45,0.635782,0.99,control,0.928465,0.512195,0.0,0.0,0.0,0.0,0.0
Iran 2026,EURUSD,one_class_svm,41,0.487805,0.45,0.635782,0.99,test,0.589892,0.536585,1.0,0.05,0.095238,0.0,0.02439
Iran 2026,EURUSD,standalone_fanogan,41,0.487805,0.011905,0.31032,0.7,control,0.149828,0.487805,0.0,0.0,0.0,0.047619,0.02439
Iran 2026,EURUSD,standalone_fanogan,41,0.487805,0.011905,0.31032,0.7,test,0.094675,0.219512,0.0,0.0,0.0,0.571429,0.292683
Iran 2026,EURUSD,standalone_fanogan,41,0.487805,0.011905,0.31032,0.75,control,0.156685,0.487805,0.0,0.0,0.0,0.047619,0.02439
Iran 2026,EURUSD,standalone_fanogan,41,0.487805,0.011905,0.31032,0.75,test,0.098062,0.268293,0.0,0.0,0.0,0.47619,0.243902
Iran 2026,EURUSD,standalone_fanogan,41,0.487805,0.011905,0.31032,0.8,control,0.165479,0.512195,0.0,0.0,0.0,0.0,0.0
Iran 2026,EURUSD,standalone_fanogan,41,0.487805,0.011905,0.31032,0.8,test,0.099507,0.317073,0.0,0.0,0.0,0.380952,0.195122
Iran 2026,EURUSD,standalone_fanogan,41,0.487805,0.011905,0.31032,0.85,control,0.177757,0.512195,0.0,0.0,0.0,0.0,0.0
Iran 2026,EURUSD,standalone_fanogan,41,0.487805,0.011905,0.31032,0.85,test,0.11032,0.365854,0.0,0.0,0.0,0.285714,0.146341
Iran 2026,EURUSD,standalone_fanogan,41,0.487805,0.011905,0.31032,0.9,control,0.198462,0.512195,0.0,0.0,0.0,0.0,0.0
Iran 2026,EURUSD,standalone_fanogan,41,0.487805,0.011905,0.31032,0.9,test,0.125214,0.414634,0.0,0.0,0.0,0.190476,0.097561
Iran 2026,EURUSD,standalone_fanogan,41,0.487805,0.011905,0.31032,0.95,control,0.243971,0.512195,0.0,0.0,0.0,0.0,0.0
Iran 2026,EURUSD,standalone_fanogan,41,0.487805,0.011905,0.31032,0.95,test,0.144863,0.463415,0.0,0.0,0.0,0.095238,0.04878
Iran 2026,EURUSD,standalone_fanogan,41,0.487805,0.011905,0.31032,0.975,control,0.262981,0.512195,0.0,0.0,0.0,0.0,0.0
Iran 2026,EURUSD,standalone_fanogan,41,0.487805,0.011905,0.31032,0.975,test,0.149381,0.487805,0.0,0.0,0.0,0.047619,0.02439
Iran 2026,EURUSD,standalone_fanogan,41,0.487805,0.011905,0.31032,0.99,control,0.347042,0.512195,0.0,0.0,0.0,0.0,0.0
Iran 2026,EURUSD,standalone_fanogan,41,0.487805,0.011905,0.31032,0.99,test,0.156175,0.487805,0.0,0.0,0.0,0.047619,0.02439
Iran 2026,EURUSD,tranad,41,0.487805,0.604762,0.712891,0.7,control,0.018821,0.512195,0.0,0.0,0.0,0.0,0.0
Iran 2026,EURUSD,tranad,41,0.487805,0.604762,0.712891,0.7,test,0.000436,0.609756,0.666667,0.4,0.5,0.190476,0.292683
Iran 2026,EURUSD,tranad,41,0.487805,0.604762,0.712891,0.75,control,0.020327,0.512195,0.0,0.0,0.0,0.0,0.0
Iran 2026,EURUSD,tranad,41,0.487805,0.604762,0.712891,0.75,test,0.000467,0.658537,0.8,0.4,0.533333,0.095238,0.243902
Iran 2026,EURUSD,tranad,41,0.487805,0.604762,0.712891,0.8,control,0.022042,0.512195,0.0,0.0,0.0,0.0,0.0
Iran 2026,EURUSD,tranad,41,0.487805,0.604762,0.712891,0.8,test,0.000532,0.658537,0.875,0.35,0.5,0.047619,0.195122
Iran 2026,EURUSD,tranad,41,0.487805,0.604762,0.712891,0.85,control,0.023644,0.512195,0.0,0.0,0.0,0.0,0.0
Iran 2026,EURUSD,tranad,41,0.487805,0.604762,0.712891,0.85,test,0.000567,0.658537,1.0,0.3,0.461538,0.0,0.146341
Iran 2026,EURUSD,tranad,41,0.487805,0.604762,0.712891,0.9,control,0.026876,0.512195,0.0,0.0,0.0,0.0,0.0
Iran 2026,EURUSD,tranad,41,0.487805,0.604762,0.712891,0.9,test,0.00066,0.609756,1.0,0.2,0.333333,0.0,0.097561
Iran 2026,EURUSD,tranad,41,0.487805,0.604762,0.712891,0.95,control,0.029816,0.512195,0.0,0.0,0.0,0.0,0.0
Iran 2026,EURUSD,tranad,41,0.487805,0.604762,0.712891,0.95,test,0.000687,0.560976,1.0,0.1,0.181818,0.0,0.04878
Iran 2026,EURUSD,tranad,41,0.487805,0.604762,0.712891,0.975,control,0.031949,0.512195,0.0,0.0,0.0,0.0,0.0
Iran 2026,EURUSD,tranad,41,0.487805,0.604762,0.712891,0.975,test,0.000768,0.536585,1.0,0.05,0.095238,0.0,0.02439
Iran 2026,EURUSD,tranad,41,0.487805,0.604762,0.712891,0.99,control,0.033975,0.512195,0.0,0.0,0.0,0.0,0.0
Iran 2026,EURUSD,tranad,41,0.487805,0.604762,0.712891,0.99,test,0.000799,0.536585,1.0,0.05,0.095238,0.0,0.02439
Iran 2026,EURUSD,usad,41,0.487805,0.335714,0.476126,0.7,control,1.379179,0.317073,0.3,0.3,0.3,0.666667,0.487805
Iran 2026,EURUSD,usad,41,0.487805,0.335714,0.476126,0.7,test,1.465039,0.414634,0.333333,0.2,0.25,0.380952,0.292683
Iran 2026,EURUSD,usad,41,0.487805,0.335714,0.476126,0.75,control,1.400719,0.341463,0.294118,0.25,0.27027,0.571429,0.414634
Iran 2026,EURUSD,usad,41,0.487805,0.335714,0.476126,0.75,test,1.468872,0.463415,0.4,0.2,0.266667,0.285714,0.243902
Iran 2026,EURUSD,usad,41,0.487805,0.335714,0.476126,0.8,control,1.44814,0.414634,0.357143,0.25,0.294118,0.428571,0.341463
Iran 2026,EURUSD,usad,41,0.487805,0.335714,0.476126,0.8,test,1.497709,0.463415,0.375,0.15,0.214286,0.238095,0.195122
Iran 2026,EURUSD,usad,41,0.487805,0.335714,0.476126,0.85,control,1.464146,0.390244,0.307692,0.2,0.242424,0.428571,0.317073
Iran 2026,EURUSD,usad,41,0.487805,0.335714,0.476126,0.85,test,1.526558,0.512195,0.5,0.15,0.230769,0.142857,0.146341
Iran 2026,EURUSD,usad,41,0.487805,0.335714,0.476126,0.9,control,1.499794,0.463415,0.375,0.15,0.214286,0.238095,0.195122
Iran 2026,EURUSD,usad,41,0.487805,0.335714,0.476126,0.9,test,1.551562,0.512195,0.5,0.1,0.166667,0.095238,0.097561
Iran 2026,EURUSD,usad,41,0.487805,0.335714,0.476126,0.95,control,1.551628,0.512195,0.5,0.1,0.166667,0.095238,0.097561
Iran 2026,EURUSD,usad,41,0.487805,0.335714,0.476126,0.95,test,1.632118,0.560976,1.0,0.1,0.181818,0.0,0.04878
Iran 2026,EURUSD,usad,41,0.487805,0.335714,0.476126,0.975,control,1.565285,0.512195,0.5,0.1,0.166667,0.095238,0.097561
Iran 2026,EURUSD,usad,41,0.487805,0.335714,0.476126,0.975,test,1.651033,0.536585,1.0,0.05,0.095238,0.0,0.02439
Iran 2026,EURUSD,usad,41,0.487805,0.335714,0.476126,0.99,control,1.581778,0.512195,0.5,0.1,0.166667,0.095238,0.097561
Iran 2026,EURUSD,usad,41,0.487805,0.335714,0.476126,0.99,test,1.69369,0.536585,1.0,0.05,0.095238,0.0,0.02439
Iran 2026,EURUSD,vae,41,0.487805,0.330952,0.439069,0.7,test,0.314488,0.365854,0.25,0.15,0.1875,0.428571,0.292683
Iran 2026,EURUSD,vae,41,0.487805,0.330952,0.439069,0.75,test,0.329452,0.365854,0.2,0.1,0.133333,0.380952,0.243902
Iran 2026,EURUSD,vae,41,0.487805,0.330952,0.439069,0.8,test,0.338194,0.414634,0.25,0.1,0.142857,0.285714,0.195122
Iran 2026,EURUSD,vae,41,0.487805,0.330952,0.439069,0.85,test,0.348287,0.463415,0.333333,0.1,0.153846,0.190476,0.146341
Iran 2026,EURUSD,vae,41,0.487805,0.330952,0.439069,0.9,test,0.364632,0.463415,0.25,0.05,0.083333,0.142857,0.097561
Iran 2026,EURUSD,vae,41,0.487805,0.330952,0.439069,0.95,test,0.3977,0.512195,0.5,0.05,0.090909,0.047619,0.04878
Iran 2026,EURUSD,vae,41,0.487805,0.330952,0.439069,0.975,test,0.414858,0.536585,1.0,0.05,0.095238,0.0,0.02439
Iran 2026,EURUSD,vae,41,0.487805,0.330952,0.439069,0.99,test,0.466915,0.536585,1.0,0.05,0.095238,0.0,0.02439
