Date,1M,30Y,spread_30Y_1M,inverted
2009-10-14,1.103999,4.833458,3.7294590000000003,False
2009-10-15,1.10687,4.840183,3.733313,False
2009-10-16,1.108592,4.841552,3.7329600000000003,False
2009-10-19,1.104239,4.824196,3.719957,False
2009-10-20,1.110937,4.8248,3.713863,False
2009-10-21,1.111176,4.820823,3.709647,False
2009-10-22,1.115482,4.820888,3.705406,False
2009-10-26,1.116917,4.841634,3.724717,False
2009-10-27,1.129835,4.843577,3.713742,False
2009-10-28,1.126007,4.855844,3.7298370000000003,False
2009-10-29,1.134141,4.85456,3.720419,False
2009-10-30,1.14419,4.871406,3.7272160000000003,False
2009-11-02,1.142754,4.87776,3.7350060000000003,False
2009-11-03,1.149932,4.865306,3.7153740000000006,False
2009-11-04,1.154238,4.871455,3.7172169999999998,False
2009-11-05,1.154812,4.873472,3.71866,False
2009-11-06,1.151128,4.888707,3.737579,False
2009-11-09,1.151367,4.87344,3.7220730000000004,False
2009-11-10,1.158545,4.878305,3.71976,False
2009-11-11,1.158545,4.872194,3.713649,False
2009-11-12,1.158545,4.872209,3.7136639999999996,False
2009-11-13,1.159502,4.863244,3.703742,False
2009-11-16,1.152803,4.859955,3.7071520000000002,False
2009-11-17,1.167159,4.847143,3.679984,False
2009-11-18,1.162852,4.845493,3.6826410000000003,False
2009-11-19,1.159981,4.849844,3.689863,False
2009-11-20,1.154238,4.8416,3.6873619999999994,False
2009-11-23,1.147061,4.835702,3.6886410000000005,False
2009-11-24,1.149932,4.837177,3.687245,False
2009-11-25,1.149453,4.853427,3.7039739999999997,False
2009-11-26,1.151367,4.858046,3.706679,False
2009-11-27,1.160842,4.848533,3.687691,False
2009-11-30,1.159502,4.879707,3.720205,False
2009-12-01,1.184626,4.885933,3.701307,False
2009-12-02,1.174337,4.888286,3.713949,False
2009-12-03,1.175772,4.890751,3.7149789999999996,False
2009-12-04,1.164527,4.891133,3.726606,False
2009-12-08,1.158545,4.895634,3.737089,False
2009-12-09,1.152803,4.880784,3.727981,False
2009-12-11,1.151367,4.866675,3.715308,False
2009-12-14,1.148496,4.867612,3.7191160000000005,False
2009-12-15,1.14419,4.874845,3.7306549999999996,False
2009-12-16,1.137012,4.871398,3.734386,False
2009-12-17,1.124333,4.853733,3.7294,False
2009-12-18,1.126007,4.872009,3.7460020000000003,False
2009-12-21,1.110602,4.88072,3.770118,False
2009-12-22,1.112611,4.8868,3.774189,False
2009-12-23,1.104239,4.839093,3.7348540000000003,False
2009-12-24,1.087495,4.840813,3.7533179999999997,False
2009-12-25,1.104573,4.829024,3.724451,False
2009-12-28,1.040618,4.848489,3.8078709999999996,False
2009-12-29,1.038944,4.8352,3.7962560000000005,False
2009-12-30,1.057359,4.846102,3.788743,False
2010-01-04,1.030813,4.867029,3.8362159999999994,False
2010-01-04,1.030813,4.867029,3.8362159999999994,False
2010-01-05,1.02077,4.86347,3.8427000000000007,False
2010-01-05,1.02077,4.86347,3.8427000000000007,False
2010-01-06,1.02077,4.851429,3.8306590000000007,False
2010-01-06,1.02077,4.851429,3.8306590000000007,False
2010-01-07,1.020531,4.8484,3.8278689999999997,False
2010-01-07,1.020531,4.8484,3.8278689999999997,False
2010-01-08,1.010727,4.825608,3.8148809999999997,False
2010-01-08,1.010727,4.825608,3.8148809999999997,False
2010-01-11,1.002119,4.809772,3.8076529999999997,False
2010-01-11,1.002119,4.809772,3.8076529999999997,False
2010-01-12,0.992077,4.767381,3.775304,False
2010-01-12,0.992077,4.767381,3.775304,False
2010-01-13,1.003554,4.738286,3.734732,False
2010-01-13,1.003554,4.738286,3.734732,False
2010-01-14,1.027944,4.755992,3.7280480000000003,False
2010-01-14,1.027944,4.755992,3.7280480000000003,False
2010-01-15,1.077449,4.762484,3.6850349999999996,False
2010-01-15,1.077449,4.762484,3.6850349999999996,False
2010-01-18,1.081037,4.750316,3.6692789999999995,False
2010-01-18,1.081037,4.750316,3.6692789999999995,False
2010-01-19,1.095866,4.760787,3.6649209999999997,False
2010-01-19,1.095866,4.760787,3.6649209999999997,False
2010-01-20,1.112611,4.750575,3.637964,False
2010-01-20,1.112611,4.750575,3.637964,False
2010-01-21,1.152803,4.753562,3.6007589999999996,False
2010-01-21,1.152803,4.753562,3.6007589999999996,False
2010-01-22,1.171226,4.761173,3.5899470000000004,False
2010-01-22,1.171226,4.761173,3.5899470000000004,False
2010-01-25,1.176921,4.763536,3.586615,False
2010-01-25,1.176921,4.763536,3.586615,False
2010-01-26,1.182951,4.766289,3.5833380000000004,False
2010-01-26,1.182951,4.766289,3.5833380000000004,False
2010-01-27,1.176921,4.728288,3.551367,False
2010-01-27,1.176921,4.728288,3.551367,False
2010-01-28,1.188981,4.709152,3.5201709999999995,False
2010-01-28,1.188981,4.709152,3.5201709999999995,False
2010-01-29,1.189651,4.709013,3.5193619999999997,False
2010-01-29,1.189651,4.709013,3.5193619999999997,False
2010-02-01,1.208077,4.705155,3.497078,False
2010-02-01,1.208077,4.705155,3.497078,False
2010-02-02,1.213103,4.693726,3.4806229999999996,False
2010-02-02,1.213103,4.693726,3.4806229999999996,False
2010-02-03,1.219804,4.68148,3.4616759999999998,False
2010-02-03,1.219804,4.68148,3.4616759999999998,False
2010-02-04,1.211093,4.689419,3.478326,False
2010-02-04,1.211093,4.689419,3.478326,False
2010-02-05,1.204727,4.657289,3.4525619999999995,False
2010-02-05,1.204727,4.657289,3.4525619999999995,False
2010-02-08,1.215975,4.64083,3.424855,False
2010-02-08,1.215975,4.64083,3.424855,False
2010-02-09,1.211667,4.639406,3.427739,False
2010-02-09,1.211667,4.639406,3.427739,False
2010-02-10,1.214539,4.626724,3.412185,False
2010-02-10,1.214539,4.626724,3.412185,False
2010-02-11,1.217411,4.62744,3.4100289999999998,False
2010-02-11,1.217411,4.62744,3.4100289999999998,False
2010-02-12,1.218847,4.602583,3.383736,False
2010-02-12,1.218847,4.602583,3.383736,False
2010-02-15,1.215975,4.617371,3.401396,False
2010-02-15,1.215975,4.617371,3.401396,False
2010-02-16,1.208077,4.624631,3.4165539999999996,False
2010-02-16,1.208077,4.624631,3.4165539999999996,False
2010-02-17,1.211667,4.5972,3.3855329999999997,False
2010-02-17,1.211667,4.5972,3.3855329999999997,False
2010-02-18,1.213103,4.58888,3.3757769999999994,False
2010-02-18,1.213103,4.58888,3.3757769999999994,False
2010-02-19,1.213103,4.605707,3.3926039999999995,False
2010-02-19,1.213103,4.605707,3.3926039999999995,False
2010-02-22,1.211667,4.588998,3.377331,False
2010-02-22,1.211667,4.588998,3.377331,False
2010-02-23,1.214539,4.590141,3.3756019999999998,False
2010-02-23,1.214539,4.590141,3.3756019999999998,False
2010-02-24,1.214778,4.600387,3.3856089999999996,False
2010-02-24,1.214778,4.600387,3.3856089999999996,False
2010-02-25,1.213103,4.567222,3.354119,False
2010-02-25,1.213103,4.567222,3.354119,False
2010-02-26,1.211428,4.604609,3.3931810000000002,False
2010-02-26,1.211428,4.604609,3.3931810000000002,False
2010-03-02,1.209753,4.6036,3.393847,False
2010-03-02,1.209753,4.6036,3.393847,False
2010-03-03,1.208795,4.505878,3.2970829999999998,False
2010-03-03,1.208795,4.505878,3.2970829999999998,False
2010-03-04,1.205924,4.474107,3.268183,False
2010-03-04,1.205924,4.474107,3.268183,False
2010-03-05,1.203052,4.480853,3.2778009999999997,False
2010-03-05,1.203052,4.480853,3.2778009999999997,False
2010-03-08,1.203052,4.477406,3.274354,False
2010-03-08,1.203052,4.477406,3.274354,False
2010-03-09,1.20018,4.481234,3.2810539999999997,False
2010-03-09,1.20018,4.481234,3.2810539999999997,False
2010-03-10,1.20018,4.477051,3.2768710000000003,False
2010-03-10,1.20018,4.477051,3.2768710000000003,False
2010-03-11,1.208795,4.490332,3.281537,False
2010-03-11,1.208795,4.490332,3.281537,False
2010-03-12,1.211667,4.492476,3.2808089999999996,False
2010-03-12,1.211667,4.492476,3.2808089999999996,False
2010-03-15,1.211667,4.492876,3.2812089999999996,False
2010-03-15,1.211667,4.492876,3.2812089999999996,False
2010-03-16,1.208795,4.500153,3.291358,False
2010-03-16,1.208795,4.500153,3.291358,False
2010-03-17,1.209753,4.507867,3.298114,False
2010-03-17,1.209753,4.507867,3.298114,False
2010-03-18,1.206402,4.514466,3.308064,False
2010-03-18,1.206402,4.514466,3.308064,False
2010-03-19,1.207359,4.50341,3.2960509999999994,False
2010-03-19,1.207359,4.50341,3.2960509999999994,False
2010-03-22,1.201377,4.515,3.3136229999999998,False
2010-03-22,1.201377,4.515,3.3136229999999998,False
2010-03-23,1.20018,4.503943,3.3037629999999996,False
2010-03-23,1.20018,4.503943,3.3037629999999996,False
2010-03-24,1.20018,4.494823,3.294643,False
2010-03-24,1.20018,4.494823,3.294643,False
2010-03-25,1.199032,4.519584,3.320552,False
2010-03-25,1.199032,4.519584,3.320552,False
2010-03-26,1.204488,4.505074,3.3005859999999996,False
2010-03-26,1.204488,4.505074,3.3005859999999996,False
2010-03-29,1.197309,4.495452,3.2981430000000005,False
2010-03-29,1.197309,4.495452,3.2981430000000005,False
2010-03-30,1.191565,4.501642,3.3100770000000006,False
2010-03-30,1.191565,4.501642,3.3100770000000006,False
2010-03-31,1.191565,4.494621,3.3030560000000007,False
2010-03-31,1.191565,4.494621,3.3030560000000007,False
2010-04-01,1.177926,4.479133,3.301207,False
2010-04-01,1.177926,4.479133,3.301207,False
2010-04-02,1.172901,4.492614,3.3197129999999997,False
2010-04-02,1.172901,4.492614,3.3197129999999997,False
2010-04-05,1.167159,4.49413,3.3269710000000003,False
2010-04-05,1.167159,4.49413,3.3269710000000003,False
2010-04-07,1.151128,4.46196,3.3108320000000004,False
2010-04-07,1.151128,4.46196,3.3108320000000004,False
2010-04-08,1.156822,4.458491,3.3016690000000004,False
2010-04-08,1.156822,4.458491,3.3016690000000004,False
2010-04-09,1.156822,4.458629,3.301807,False
2010-04-09,1.156822,4.458629,3.301807,False
2010-04-12,1.129357,4.3978,3.2684430000000004,False
2010-04-12,1.129357,4.3978,3.2684430000000004,False
2010-04-16,1.112611,4.315714,3.2031029999999996,False
2010-04-16,1.112611,4.315714,3.2031029999999996,False
2010-04-19,1.089169,4.333093,3.243924,False
2010-04-19,1.089169,4.333093,3.243924,False
2010-04-20,1.077449,4.343324,3.265875,False
2010-04-20,1.077449,4.343324,3.265875,False
2010-04-21,1.096823,4.33461,3.2377869999999995,False
2010-04-21,1.096823,4.33461,3.2377869999999995,False
2010-04-22,1.10687,4.328697,3.221827,False
2010-04-22,1.10687,4.328697,3.221827,False
2010-04-23,1.082472,4.300156,3.217684,False
2010-04-23,1.082472,4.300156,3.217684,False
2010-04-26,1.089647,4.294381,3.2047339999999993,False
2010-04-26,1.089647,4.294381,3.2047339999999993,False
2010-04-27,1.0741,4.2798,3.2056999999999998,False
2010-04-27,1.0741,4.2798,3.2056999999999998,False
2010-04-28,1.06439,4.288267,3.2238770000000003,False
2010-04-28,1.06439,4.288267,3.2238770000000003,False
2010-04-29,1.081037,4.286514,3.205477,False
2010-04-29,1.081037,4.286514,3.205477,False
2010-04-30,1.104239,4.296946,3.1927070000000004,False
2010-04-30,1.104239,4.296946,3.1927070000000004,False
2010-05-04,1.111176,4.329577,3.2184009999999996,False
2010-05-04,1.111176,4.329577,3.2184009999999996,False
2010-05-06,1.129357,4.305711,3.176354,False
2010-05-06,1.129357,4.305711,3.176354,False
2010-05-07,1.137012,4.325428,3.1884159999999997,False
2010-05-07,1.137012,4.325428,3.1884159999999997,False
2010-05-10,1.132706,4.333143,3.200437,False
2010-05-10,1.132706,4.333143,3.200437,False
2010-05-11,1.138448,4.333333,3.1948849999999998,False
2010-05-11,1.138448,4.333333,3.1948849999999998,False
2010-05-12,1.119309,4.271899,3.15259,False
2010-05-12,1.119309,4.271899,3.15259,False
2010-05-13,1.131031,4.25232,3.121289,False
2010-05-13,1.131031,4.25232,3.121289,False
2010-05-14,1.135577,4.274625,3.1390480000000003,False
2010-05-14,1.135577,4.274625,3.1390480000000003,False
2010-05-17,1.134141,4.274221,3.1400799999999998,False
2010-05-17,1.134141,4.274221,3.1400799999999998,False
2010-05-18,1.132706,4.264891,3.1321850000000007,False
2010-05-18,1.132706,4.264891,3.1321850000000007,False
2010-05-19,1.144764,4.235072,3.090308,False
2010-05-19,1.144764,4.235072,3.090308,False
2010-05-24,1.125529,4.254644,3.1291149999999996,False
2010-05-24,1.125529,4.254644,3.1291149999999996,False
2010-05-25,1.107588,4.212893,3.1053050000000004,False
2010-05-25,1.107588,4.212893,3.1053050000000004,False
2010-05-26,1.097541,4.144244,3.0467029999999995,False
2010-05-26,1.097541,4.144244,3.0467029999999995,False
2010-05-27,1.095866,4.136076,3.04021,False
2010-05-27,1.095866,4.136076,3.04021,False
2010-05-31,1.086777,4.122343,3.0355659999999998,False
2010-05-31,1.086777,4.122343,3.0355659999999998,False
2010-06-01,1.075775,4.101769,3.025994,False
2010-06-01,1.075775,4.101769,3.025994,False
2010-06-02,1.078453,4.113072,3.0346189999999997,False
2010-06-02,1.078453,4.113072,3.0346189999999997,False
2010-06-03,1.082472,4.113248,3.0307759999999995,False
2010-06-03,1.082472,4.113248,3.0307759999999995,False
2010-06-04,1.099215,4.118942,3.0197269999999996,False
2010-06-04,1.099215,4.118942,3.0197269999999996,False
2010-06-07,1.105435,4.116232,3.010797,False
2010-06-07,1.105435,4.116232,3.010797,False
2010-06-08,1.114286,4.102951,2.988665,False
2010-06-08,1.114286,4.102951,2.988665,False
2010-06-09,1.116917,4.110926,2.994009,False
2010-06-09,1.116917,4.110926,2.994009,False
2010-06-10,1.126007,4.1218,2.9957930000000004,False
2010-06-10,1.126007,4.1218,2.9957930000000004,False
2010-06-11,1.122658,4.121876,2.9992180000000004,False
2010-06-11,1.122658,4.121876,2.9992180000000004,False
2010-06-14,1.124094,4.118869,2.994775,False
2010-06-14,1.124094,4.118869,2.994775,False
2010-06-15,1.125529,4.117314,2.991785,False
2010-06-15,1.125529,4.117314,2.991785,False
2010-06-16,1.126964,4.117173,2.990209,False
2010-06-16,1.126964,4.117173,2.990209,False
2010-06-17,1.126007,4.12556,2.999553,False
2010-06-17,1.126007,4.12556,2.999553,False
2010-06-18,1.136055,4.102653,2.9665980000000003,False
2010-06-18,1.136055,4.102653,2.9665980000000003,False
2010-06-21,1.134381,4.10324,2.968859,False
2010-06-21,1.134381,4.10324,2.968859,False
2010-06-22,1.136055,4.101804,2.9657489999999997,False
2010-06-22,1.136055,4.101804,2.9657489999999997,False
2010-06-23,1.136055,4.098724,2.962669,False
2010-06-23,1.136055,4.098724,2.962669,False
2010-06-24,1.139405,4.092186,2.952781,False
2010-06-24,1.139405,4.092186,2.952781,False
2010-06-25,1.142754,4.09112,2.948366,False
2010-06-25,1.142754,4.09112,2.948366,False
2010-06-28,1.147778,4.101285,2.953507,False
2010-06-28,1.147778,4.101285,2.953507,False
2010-06-29,1.144764,4.073195,2.9284310000000002,False
2010-06-29,1.144764,4.073195,2.9284310000000002,False
2010-06-30,1.145625,4.051429,2.905804,False
2010-06-30,1.145625,4.051429,2.905804,False
2010-10-27,1.631318,3.772491,2.141173,False
2010-10-27,1.631318,3.772491,2.141173,False
2010-10-28,1.634195,3.7826,2.148405,False
2010-10-28,1.634195,3.7826,2.148405,False
2010-10-29,1.634195,3.809271,2.175076,False
2010-10-29,1.634195,3.809271,2.175076,False
2010-11-01,1.635634,3.815638,2.180004,False
2010-11-01,1.635634,3.815638,2.180004,False
2010-11-02,1.641388,3.826291,2.184903,False
2010-11-02,1.641388,3.826291,2.184903,False
2010-11-03,1.645703,3.82951,2.183807,False
2010-11-03,1.645703,3.82951,2.183807,False
2010-11-04,1.638511,3.832513,2.1940020000000002,False
2010-11-04,1.638511,3.832513,2.1940020000000002,False
2010-11-05,1.639949,3.832589,2.19264,False
2010-11-05,1.639949,3.832589,2.19264,False
2010-11-08,1.634195,3.871965,2.23777,False
2010-11-08,1.634195,3.871965,2.23777,False
2010-11-09,1.638511,3.911405,2.272894,False
2010-11-09,1.638511,3.911405,2.272894,False
2010-11-10,1.644025,4.000752,2.3567270000000002,False
2010-11-10,1.644025,4.000752,2.3567270000000002,False
2010-11-11,1.638511,4.007507,2.368996,False
2010-11-11,1.638511,4.007507,2.368996,False
2010-11-12,1.642347,4.032563,2.3902159999999997,False
2010-11-12,1.642347,4.032563,2.3902159999999997,False
2010-11-15,1.637072,4.056854,2.4197820000000005,False
2010-11-15,1.637072,4.056854,2.4197820000000005,False
2010-11-16,1.64906,4.10084,2.45178,False
2010-11-16,1.64906,4.10084,2.45178,False
2010-11-17,1.651745,4.14749,2.4957450000000003,False
2010-11-17,1.651745,4.14749,2.4957450000000003,False
2010-11-18,1.654334,4.097035,2.442701,False
2010-11-18,1.654334,4.097035,2.442701,False
2010-11-19,1.655773,4.096819,2.441046,False
2010-11-19,1.655773,4.096819,2.441046,False
2010-11-22,1.654334,4.090668,2.436334,False
2010-11-22,1.654334,4.090668,2.436334,False
2010-11-23,1.660808,4.11712,2.4563119999999996,False
2010-11-23,1.660808,4.11712,2.4563119999999996,False
2010-11-24,1.675914,4.097745,2.421831,False
2010-11-24,1.675914,4.097745,2.421831,False
2010-11-25,1.662486,4.133655,2.471169,False
2010-11-25,1.662486,4.133655,2.471169,False
2010-11-26,1.659801,4.126364,2.466563,False
2010-11-26,1.659801,4.126364,2.466563,False
2010-11-29,1.665843,4.143698,2.477855,False
2010-11-29,1.665843,4.143698,2.477855,False
2010-11-30,1.687664,4.135238,2.4475740000000004,False
2010-11-30,1.687664,4.135238,2.4475740000000004,False
2010-12-01,1.726274,4.125843,2.3995689999999996,False
2010-12-01,1.726274,4.125843,2.3995689999999996,False
2010-12-02,1.847181,4.11092,2.263739,False
2010-12-02,1.847181,4.11092,2.263739,False
2010-12-03,1.823666,4.122689,2.299023,False
2010-12-03,1.823666,4.122689,2.299023,False
2010-12-07,1.86129,4.174134,2.3128439999999997,False
2010-12-07,1.86129,4.174134,2.3128439999999997,False
2010-12-08,1.916058,4.240163,2.324105,False
2010-12-08,1.916058,4.240163,2.324105,False
2010-12-09,1.929836,4.238185,2.3083489999999998,False
2010-12-09,1.929836,4.238185,2.3083489999999998,False
2010-12-13,1.884617,4.22495,2.3403329999999998,False
2010-12-13,1.884617,4.22495,2.3403329999999998,False
2010-12-14,1.9295,4.22,2.2904999999999998,False
2010-12-14,1.9295,4.22,2.2904999999999998,False
2010-12-15,1.937901,4.297255,2.3593539999999997,False
2010-12-15,1.937901,4.297255,2.3593539999999997,False
2010-12-16,1.925803,4.315681,2.3898779999999995,False
2010-12-16,1.925803,4.315681,2.3898779999999995,False
2010-12-17,1.93358,4.301836,2.3682559999999997,False
2010-12-17,1.93358,4.301836,2.3682559999999997,False
2010-12-20,1.93358,4.278307,2.344727,False
2010-12-20,1.93358,4.278307,2.344727,False
2010-12-21,1.926139,4.278852,2.3527129999999996,False
2010-12-21,1.926139,4.278852,2.3527129999999996,False
2010-12-22,1.925803,4.305765,2.379962,False
2010-12-22,1.925803,4.305765,2.379962,False
2010-12-23,1.937901,4.259916,2.3220149999999995,False
2010-12-23,1.937901,4.259916,2.3220149999999995,False
2010-12-24,1.937901,4.250784,2.3128830000000002,False
2010-12-24,1.937901,4.250784,2.3128830000000002,False
2010-12-27,1.93358,4.265042,2.331462,False
2010-12-27,1.93358,4.265042,2.331462,False
2010-12-28,1.925803,4.264028,2.3382249999999996,False
2010-12-28,1.925803,4.264028,2.3382249999999996,False
2010-12-29,1.926139,4.274314,2.3481750000000003,False
2010-12-29,1.926139,4.274314,2.3481750000000003,False
2010-12-30,1.9307,4.26952,2.33882,False
2010-12-30,1.9307,4.26952,2.33882,False
2011-01-04,1.909337,4.267988,2.358651,False
2011-01-05,1.885817,4.257059,2.3712419999999996,False
2011-01-06,1.880777,4.271424,2.3906469999999995,False
2011-01-07,1.880777,4.271475,2.3906979999999995,False
2011-01-10,1.885817,4.274962,2.389145,False
2011-01-11,1.899017,4.290144,2.391127,False
2011-01-12,1.922779,4.283987,2.3612079999999995,False
2011-01-13,1.941262,4.284024,2.3427619999999996,False
2011-01-14,1.939341,4.2903,2.3509590000000005,False
2011-01-17,1.939341,4.290456,2.351115,False
2011-01-18,1.951344,4.30204,2.350696,False
2011-01-19,1.936461,4.292185,2.355724,False
2011-01-20,1.937901,4.3,2.3620989999999997,False
2011-01-21,1.943662,4.306166,2.3625040000000004,False
2011-01-24,1.945103,4.31487,2.369767,False
2011-01-25,2.007045,4.337771,2.330726,False
2011-01-26,2.038742,4.393824,2.3550820000000003,False
2011-01-27,2.025774,4.371885,2.3461109999999996,False
2011-01-28,2.062278,4.381251,2.3189729999999997,False
2011-01-31,2.05171,4.378311,2.326601,False
2011-02-01,2.032018,4.328025,2.2960070000000004,False
2011-02-02,2.057234,4.343399,2.286165,False
2011-02-03,2.040183,4.337219,2.2970360000000003,False
2011-02-04,2.044506,4.337239,2.292733,False
2011-02-07,2.043065,4.333013,2.2899480000000003,False
2011-02-08,2.053872,4.338539,2.284667,False
2011-02-09,2.031538,4.333053,2.3015149999999998,False
2011-02-10,2.031538,4.331645,2.300107,False
2011-02-11,2.030097,4.331665,2.301568,False
2011-02-14,2.031538,4.331725,2.3001869999999998,False
2011-02-15,2.032979,4.331745,2.2987659999999996,False
2011-02-16,2.052863,4.362235,2.309372,False
2011-02-17,2.099267,4.366997,2.2677299999999994,False
2011-02-21,2.054592,4.356103,2.301511,False
2011-02-22,2.070444,4.362329,2.2918849999999997,False
2011-02-23,2.074767,4.362381,2.287614,False
2011-02-24,2.071885,4.35862,2.286735,False
2011-02-25,2.097586,4.361205,2.263619,False
2011-02-28,2.069003,4.364146,2.295143,False
2011-03-01,2.069003,4.357955,2.2889519999999997,False
2011-03-02,2.073326,4.359972,2.286646,False
2011-03-03,2.097586,4.370042,2.2724559999999996,False
2011-03-04,2.100949,4.370117,2.2691679999999996,False
2011-03-07,2.074047,4.370341,2.2962939999999996,False
2011-03-08,2.09086,4.350364,2.2595039999999997,False
2011-03-09,2.096385,4.346219,2.2498339999999994,False
2011-03-10,2.119446,4.352021,2.2325749999999998,False
2011-03-11,2.175954,4.359076,2.183122,False
2011-03-14,2.173263,4.350798,2.177535,False
2011-03-15,2.161249,4.346038,2.184789,False
2011-03-16,2.176627,4.351013,2.174386,False
2011-03-17,2.223728,4.340943,2.1172150000000003,False
2011-03-18,2.201859,4.334496,2.132637,False
2011-03-21,2.227093,4.341317,2.114224,False
2011-03-22,2.218345,4.349692,2.1313470000000003,False
2011-03-23,2.230457,4.33521,2.104753,False
2011-03-24,2.230457,4.342437,2.1119800000000004,False
2011-03-25,2.250647,4.350439,2.099792,False
2011-03-28,2.254012,4.352372,2.09836,False
2011-03-29,2.291031,4.34373,2.052699,False
2011-03-30,2.306177,4.343824,2.0376469999999998,False
2011-03-31,2.37586,4.3627,1.9868400000000004,False
2011-04-01,2.341521,4.347395,2.0058739999999995,False
2011-04-04,2.390001,4.357148,1.9671469999999998,False
2011-04-05,2.396062,4.353261,1.9571989999999997,False
2011-04-07,2.336471,4.346237,2.0097660000000004,False
2011-04-08,2.332865,4.336855,2.00399,False
2011-04-11,2.383941,4.33395,1.9500089999999997,False
2011-04-12,2.3799,4.332431,1.9525309999999996,False
2011-04-18,2.385287,4.342264,1.9569770000000002,False
2011-04-19,2.400439,4.342357,1.9419179999999998,False
2011-04-20,2.403806,4.342451,1.9386449999999997,False
2011-04-21,2.368934,4.340256,1.9713220000000002,False
2011-04-22,2.363163,4.341773,1.9786099999999998,False
2011-04-25,2.349937,4.344855,1.9949179999999997,False
2011-04-26,2.354506,4.342125,1.987619,False
2011-04-27,2.360277,4.330784,1.9705070000000005,False
2011-04-28,2.406452,4.329444,1.9229919999999998,False
2011-04-29,2.412225,4.329532,1.9173070000000005,False
2011-05-03,2.403566,4.319055,1.9154889999999996,False
2011-05-04,2.412225,4.335608,1.9233829999999998,False
2011-05-06,2.414245,4.323787,1.909542,False
2011-05-09,2.422327,4.32916,1.9068329999999998,False
2011-05-10,2.429062,4.33472,1.9056579999999999,False
2011-05-11,2.430986,4.3279,1.8969139999999998,False
2011-05-12,2.446574,4.319473,1.8728990000000003,False
2011-05-13,2.452636,4.308866,1.85623,False
2011-05-18,2.449749,4.318488,1.8687390000000001,False
2011-05-19,2.454079,4.312857,1.858778,False
2011-05-20,2.479581,4.317381,1.8378,False
2011-05-23,2.464424,4.315532,1.851108,False
2011-05-24,2.471401,4.313277,1.841876,False
2011-05-25,2.507491,4.29874,1.7912489999999996,False
2011-05-26,2.521688,4.289146,1.7674579999999995,False
2011-05-27,2.51495,4.293754,1.778804,False
2011-05-30,2.527704,4.29627,1.7685659999999999,False
2011-05-31,2.570542,4.29669,1.7261479999999998,False
2011-06-01,2.540218,4.279314,1.7390960000000004,False
2011-06-02,2.573911,4.256975,1.683064,False
2011-06-03,2.585465,4.247035,1.6615700000000002,False
2011-06-06,2.636017,4.267887,1.6318700000000002,False
2011-06-07,2.708252,4.267899,1.559647,False
2011-06-08,2.745823,4.259706,1.5138830000000003,False
2011-06-09,2.759986,4.242179,1.482193,False
2011-06-10,2.76437,4.254986,1.4906159999999997,False
2011-06-13,2.760998,4.238739,1.477741,False
2011-06-14,2.797855,4.254754,1.456899,False
2011-06-15,2.798096,4.26402,1.4659240000000002,False
2011-06-16,2.803155,4.250967,1.4478120000000003,False
2011-06-17,2.803637,4.263686,1.4600489999999997,False
2011-06-20,2.803637,4.272625,1.4689879999999995,False
2011-06-21,2.811587,4.279879,1.4682920000000004,False
2011-06-22,2.806528,4.258571,1.4520429999999998,False
2011-06-23,2.808214,4.265074,1.4568600000000003,False
2011-06-24,2.811587,4.27847,1.4668830000000006,False
2011-06-27,2.833994,4.26608,1.4320859999999995,False
2011-06-28,2.844114,4.264728,1.420614,False
2011-06-29,2.865561,4.267189,1.401628,False
2011-06-30,2.873995,4.267265,1.3932700000000002,False
2011-07-04,2.857126,4.255189,1.3980629999999996,False
2011-07-05,2.854235,4.253838,1.399603,False
2011-07-06,2.867247,4.26274,1.395493,False
2011-07-07,2.862187,4.274506,1.4123189999999997,False
2011-07-08,2.847006,4.286931,1.4399250000000001,False
2011-07-11,2.857126,4.288584,1.4314580000000001,False
2011-07-12,2.8993,4.294875,1.395575,False
2011-07-13,2.894721,4.331474,1.436753,False
2011-07-14,2.902674,4.328257,1.4255829999999996,False
2011-07-18,2.938107,4.330408,1.3923010000000002,False
2011-07-19,2.99018,4.330468,1.3402879999999997,False
2011-07-20,3.01405,4.318682,1.3046319999999998,False
2011-07-21,3.034306,4.317093,1.282787,False
2011-07-22,3.042746,4.350396,1.3076499999999998,False
2011-07-25,3.056252,4.368861,1.3126089999999997,False
2011-07-26,3.063969,4.383553,1.3195839999999999,False
2011-07-27,3.065416,4.386445,1.3210290000000002,False
2011-07-28,3.059628,4.38397,1.3243419999999997,False
2011-07-29,3.065416,4.393682,1.3282660000000002,False
2011-08-01,3.081576,4.375974,1.2943980000000002,False
2011-08-02,3.087124,4.38541,1.298286,False
2011-08-03,3.100149,4.371087,1.2709380000000001,False
2011-08-04,3.103044,4.378416,1.2753719999999995,False
2011-08-05,3.126491,4.381016,1.2545249999999997,False
2011-08-08,3.124754,4.394309,1.269555,False
2011-08-09,3.132233,4.342786,1.2105530000000004,False
2011-08-10,3.15689,4.202923,1.046033,False
2011-08-11,3.158048,4.210329,1.0522809999999998,False
2011-08-15,3.17542,4.224912,1.0494919999999999,False
2011-08-16,3.181211,4.222108,1.0408970000000006,False
2011-08-17,3.19569,4.192632,0.9969419999999998,False
2011-08-18,3.200033,4.188487,0.9884540000000004,False
2011-08-19,3.210169,4.174218,0.9640489999999997,False
2011-08-22,3.220305,4.153198,0.9328929999999995,False
2011-08-23,3.233578,4.136446,0.9028680000000002,False
2011-08-24,3.224649,4.14904,0.9243910000000004,False
2011-08-25,3.243474,4.157674,0.9142000000000001,False
2011-08-26,3.26737,4.159818,0.8924479999999995,False
2011-08-29,3.263749,4.159031,0.8952819999999999,False
2011-08-30,3.324826,4.143117,0.8182910000000003,False
2011-08-31,3.334967,4.139773,0.8048060000000001,False
2011-09-01,3.362011,4.161444,0.7994330000000005,False
2011-09-02,3.367082,4.14321,0.7761279999999999,False
2011-09-05,3.370463,4.131815,0.7613519999999996,False
2011-09-06,3.368773,4.121745,0.7529719999999998,False
2011-09-07,3.34052,4.133809,0.7932890000000001,False
2011-09-08,3.34052,4.14102,0.8005,False
2011-09-09,3.399202,4.149098,0.7498960000000006,False
2011-09-12,3.404274,4.135658,0.7313840000000003,False
2011-09-13,3.404274,4.134266,0.7299920000000002,False
2011-09-14,3.402825,4.170362,0.7675369999999999,False
2011-09-15,3.41007,4.187743,0.7776730000000001,False
2011-09-16,3.421181,4.200041,0.7788599999999999,False
2011-09-19,3.415867,4.248842,0.8329749999999998,False
2011-09-20,3.427461,4.28309,0.8556289999999995,False
2011-09-21,3.422872,4.317582,0.8947099999999999,False
2011-09-22,3.412389,4.29032,0.8779310000000002,False
2011-09-23,3.472392,4.314607,0.8422149999999995,False
2011-09-26,3.467174,4.273015,0.805841,False
2011-09-27,3.47964,4.312104,0.8324639999999999,False
2011-09-28,3.483989,4.319198,0.8352090000000003,False
2011-09-29,3.498969,4.296706,0.7977370000000001,False
2011-09-30,3.50066,4.293486,0.7928259999999998,False
2011-10-03,3.50066,4.293691,0.793031,False
2011-10-04,3.493895,4.308403,0.814508,False
2011-10-05,3.493895,4.283707,0.7898119999999995,False
2011-10-06,3.47964,4.284105,0.8044650000000004,False
2011-10-07,3.476983,4.283719,0.8067359999999995,False
2011-10-10,3.476741,4.258503,0.7817620000000001,False
2011-10-11,3.456448,4.25413,0.797682,False
2011-10-12,3.454999,4.192433,0.7374340000000004,False
2011-10-13,3.451617,4.172242,0.7206249999999996,False
2011-10-14,3.456448,4.184519,0.7280709999999999,False
2011-10-17,3.454999,4.184713,0.7297140000000004,False
2011-10-18,3.453549,4.184778,0.7312289999999995,False
2011-10-19,3.4521,4.155806,0.7037059999999999,False
2011-10-20,3.456448,4.148255,0.6918069999999998,False
2011-10-21,3.452969,4.15449,0.7015210000000001,False
2011-10-25,3.45669,4.164107,0.7074169999999995,False
2011-10-26,3.459347,4.134434,0.6750869999999995,False
2011-10-27,3.463695,4.11715,0.6534549999999997,False
2011-10-28,3.470218,4.127531,0.6573130000000003,False
2011-10-31,3.463695,4.102961,0.6392659999999997,False
2011-11-01,3.472392,4.091408,0.6190160000000002,False
2011-11-02,3.472392,4.089853,0.6174609999999996,False
2011-11-03,3.469493,4.090038,0.6205449999999999,False
2011-11-04,3.468527,4.095862,0.6273350000000004,False
2011-11-07,3.470943,4.090266,0.6193229999999996,False
2011-11-08,3.462246,4.098791,0.6365450000000004,False
2011-11-09,3.457897,4.103323,0.6454259999999996,False
2011-11-10,3.440505,4.104803,0.6642980000000005,False
2011-11-11,3.431084,4.104633,0.673549,False
2011-11-14,3.429635,4.097606,0.6679709999999996,False
2011-11-15,3.412027,4.097651,0.6856239999999998,False
2011-11-16,3.408962,4.097695,0.688733,False
2011-11-17,3.405723,4.09774,0.6920169999999999,False
2011-11-18,3.407172,4.097785,0.6906129999999999,False
2011-11-21,3.405723,4.097919,0.692196,False
2011-11-22,3.399202,4.08772,0.6885180000000002,False
2011-11-23,3.39413,4.083214,0.6890839999999998,False
2011-11-24,3.386885,4.087524,0.7006390000000002,False
2011-11-25,3.37225,4.097352,0.7251019999999997,False
2011-11-28,3.343195,4.122936,0.779741,False
2011-11-29,3.358105,4.111605,0.7534999999999998,False
2011-11-30,3.293881,4.113827,0.8199459999999998,False
2011-12-01,3.282578,4.089718,0.8071400000000004,False
2011-12-02,3.30416,4.103766,0.7996060000000003,False
2011-12-06,3.249122,4.087174,0.8380520000000002,False
2011-12-07,3.243315,4.087216,0.8439009999999998,False
2011-12-08,3.262115,4.109171,0.8470559999999998,False
2011-12-09,3.237522,4.0873,0.8497780000000001,False
2011-12-13,3.18845,4.084271,0.8958210000000002,False
2011-12-14,3.181211,4.084311,0.9030999999999998,False
2011-12-15,3.179763,4.084351,0.904588,False
2011-12-16,3.179763,4.084392,0.9046290000000003,False
2011-12-19,3.172525,4.084512,0.9119870000000003,False
2011-12-20,3.168182,4.084552,0.9163700000000006,False
2011-12-21,3.168182,4.084592,0.91641,False
2011-12-22,3.165286,4.084632,0.919346,False
2011-12-23,3.165286,4.084673,0.9193870000000004,False
2011-12-26,3.165286,4.084793,0.9195070000000003,False
2011-12-27,3.155153,4.084833,0.9296799999999998,False
2011-12-28,3.152499,4.084873,0.9323739999999998,False
2011-12-29,3.140677,4.104979,0.964302,False
2011-12-30,3.137782,4.122797,0.9850150000000002,False
2012-01-04,3.137782,4.115836,0.9780539999999998,False
2012-01-05,3.120412,4.086915,0.9665030000000003,False
2012-01-06,3.113175,4.079826,0.9666509999999997,False
2012-01-09,3.113175,4.079929,0.9667539999999999,False
2012-01-10,3.100149,4.077944,0.9777949999999995,False
2012-01-11,3.09436,4.063016,0.9686560000000002,False
2012-01-12,3.097254,4.063045,0.9657909999999998,False
2012-01-13,3.100149,4.062874,0.9627249999999998,False
2012-01-16,3.103044,4.063161,0.9601169999999999,False
2012-01-17,3.104491,4.06319,0.9586989999999997,False
2012-01-18,3.114622,4.063219,0.9485970000000004,False
2012-01-19,3.114622,4.063247,0.9486249999999998,False
2012-01-20,3.114622,4.063276,0.9486540000000003,False
2012-01-23,3.111728,4.063363,0.951635,False
2012-01-24,3.091465,4.063392,0.9719270000000004,False
2012-01-25,3.068069,4.047606,0.9795370000000001,False
2012-01-26,3.058181,4.048951,0.9907699999999999,False
2012-01-27,3.056734,4.048979,0.992245,False
2012-01-30,3.052393,4.045859,0.9934660000000002,False
2012-01-31,3.049499,4.053024,1.0035249999999998,False
2012-02-01,3.036476,4.045911,1.0094350000000003,False
2012-02-02,3.036476,4.045938,1.0094619999999996,False
2012-02-03,3.024901,4.051634,1.0267330000000001,False
2012-02-06,3.024901,4.051713,1.0268120000000005,False
2012-02-07,3.024901,4.051739,1.0268380000000006,False
2012-02-08,3.019114,4.051765,1.0326509999999995,False
2012-02-09,3.017667,4.051791,1.0341239999999998,False
2012-02-10,3.017667,4.065876,1.0482090000000004,False
2012-02-13,3.019114,4.065951,1.046837,False
2012-02-14,3.014774,4.07298,1.0582060000000002,False
2012-02-15,3.000885,4.063471,1.062586,False
2012-02-16,3.01622,4.093991,1.0777709999999998,False
2012-02-17,3.01622,4.094013,1.0777930000000002,False
2012-02-20,3.013327,4.094081,1.0807540000000002,False
2012-02-21,3.013327,4.0872,1.0738730000000003,False
2012-02-22,3.008987,4.051761,1.042774,False
2012-02-23,3.014774,4.073683,1.0589089999999999,False
2012-02-24,3.014774,4.080611,1.0658370000000001,False
2012-02-27,3.015497,4.083203,1.0677060000000003,False
2012-02-28,3.015497,4.085587,1.0700900000000004,False
2012-02-29,3.016944,4.199803,1.182859,False
2012-03-01,3.016944,4.19983,1.1828860000000003,False
2012-03-02,3.008263,4.195721,1.187458,False
2012-03-05,3.008263,4.195856,1.1875930000000001,False
2012-03-06,3.008263,4.198691,1.1904280000000003,False
2012-03-08,3.010433,4.198799,1.1883660000000003,False
2012-03-09,3.008987,4.190561,1.181574,False
2012-03-12,3.008987,4.19361,1.1846229999999998,False
2012-03-13,3.010675,4.170585,1.15991,False
2012-03-14,3.010433,4.294576,1.2841430000000003,False
2012-03-15,3.008987,4.29306,1.2840729999999998,False
2012-03-16,3.008987,4.27461,1.2656230000000002,False
2012-03-19,3.008987,4.266569,1.2575819999999998,False
2012-03-20,3.008987,4.294101,1.2851140000000005,False
2012-03-21,3.008263,4.2983,1.2900370000000003,False
2012-03-22,3.008263,4.294141,1.2858779999999999,False
2012-03-23,3.00754,4.294215,1.2866750000000002,False
2012-03-26,3.006093,4.298454,1.2923610000000005,False
2012-03-27,3.006093,4.301277,1.295184,False
2012-03-28,3.006817,4.315857,1.3090400000000004,False
2012-03-29,3.006817,4.324613,1.3177960000000004,False
2012-03-30,3.006817,4.337934,1.3311169999999999,False
2012-04-02,3.00537,4.334866,1.3294959999999998,False
2012-04-03,3.00537,4.352032,1.3466620000000002,False
2012-04-04,3.006093,4.376815,1.3707219999999998,False
2012-04-05,3.006093,4.382379,1.3762860000000003,False
2012-04-10,3.00754,4.38247,1.3749299999999995,False
2012-04-11,3.00754,4.389343,1.3818030000000001,False
2012-04-12,3.00754,4.389418,1.381878,False
2012-04-17,3.00754,4.379153,1.3716129999999995,False
2012-04-18,3.00754,4.37917,1.3716300000000001,False
2012-04-19,3.010433,4.379186,1.3687529999999999,False
2012-04-20,3.010433,4.381941,1.3715080000000004,False
2012-04-23,3.010433,4.381988,1.3715549999999999,False
2012-04-24,3.013327,4.382004,1.3686770000000004,False
2012-04-25,3.013327,4.38202,1.368693,False
2012-04-26,3.013327,4.393524,1.3801970000000003,False
2012-04-27,3.013327,4.39351,1.3801830000000002,False
2012-04-30,3.01188,4.396722,1.3848419999999995,False
2012-05-02,3.01188,4.393897,1.3820169999999998,False
2012-05-03,3.010433,4.38966,1.3792270000000002,False
2012-05-04,3.010433,4.389677,1.379244,False
2012-05-08,2.99018,4.385459,1.395279,False
2012-05-09,2.98584,4.378522,1.3926820000000002,False
2012-05-10,2.985358,4.375304,1.3899459999999997,False
2012-05-11,2.9815,4.384208,1.402708,False
2012-05-14,2.968481,4.38394,1.4154589999999998,False
2012-05-15,2.970169,4.389168,1.418999,False
2012-05-16,2.974267,4.381116,1.4068489999999994,False
2012-05-17,2.974267,4.381133,1.406866,False
2012-05-18,2.968481,4.38102,1.4125390000000002,False
2012-05-21,2.965588,4.393794,1.4282059999999999,False
2012-05-22,2.964142,4.39381,1.4296680000000004,False
2012-05-23,2.967035,4.389738,1.4227030000000003,False
2012-05-24,2.965588,4.389754,1.424166,False
2012-05-25,2.964142,4.38555,1.4214080000000004,False
2012-05-28,2.971374,4.392409,1.4210349999999998,False
2012-05-29,2.973544,4.399027,1.4254830000000003,False
2012-05-30,2.974267,4.381145,1.4068779999999999,False
2012-05-31,2.971374,4.369867,1.3984930000000002,False
2012-06-01,2.973544,4.366058,1.3925139999999998,False
2012-06-05,2.965588,4.352942,1.3873539999999998,False
2012-06-06,2.967035,4.358673,1.3916379999999995,False
2012-06-07,2.967035,4.358689,1.391654,False
2012-06-08,2.964142,4.35442,1.3902780000000003,False
2012-06-11,2.965588,4.357328,1.39174,False
2012-06-12,2.962695,4.354486,1.3917909999999996,False
2012-06-13,2.962695,4.352935,1.3902400000000004,False
2012-06-14,2.962695,4.352882,1.390187,False
2012-06-15,2.964142,4.352898,1.3887559999999999,False
2012-06-18,2.961249,4.352946,1.3916970000000002,False
2012-06-19,2.958356,4.352962,1.3946059999999996,False
2012-06-20,2.949677,4.338692,1.389015,False
2012-06-21,2.951124,4.338708,1.3875839999999995,False
2012-06-22,2.942446,4.338724,1.3962780000000001,False
2012-06-25,2.943892,4.33199,1.3880980000000003,False
2012-06-26,2.945338,4.327649,1.382311,False
2012-06-27,2.945338,4.276962,1.3316240000000001,False
2012-06-28,2.951124,4.276981,1.325857,False
2012-06-29,2.958356,4.277,1.318644,False
2012-07-02,2.964142,4.263211,1.2990690000000003,False
2012-07-03,2.962695,4.263231,1.3005360000000001,False
2012-07-04,2.969928,4.222636,1.2527079999999997,False
2012-07-05,2.969928,4.222658,1.2527300000000001,False
2012-07-06,2.967035,4.195017,1.227982,False
2012-07-09,2.967035,4.181848,1.2148129999999995,False
2012-07-10,2.967035,4.187957,1.2209219999999998,False
2012-07-11,2.967035,4.180684,1.2136490000000002,False
2012-07-12,2.967035,4.180704,1.2136690000000003,False
2012-07-13,2.965588,4.16659,1.2010020000000003,False
2012-07-16,2.965588,4.153338,1.1877499999999999,False
2012-07-17,2.961249,4.129889,1.1686400000000003,False
2012-07-18,2.959802,4.121614,1.1618120000000003,False
2012-07-19,2.959802,4.12441,1.1646080000000003,False
2012-07-20,2.962695,4.124424,1.1617290000000002,False
2012-07-23,2.964142,4.09551,1.1313680000000002,False
2012-07-24,2.965588,4.096953,1.1313650000000002,False
2012-07-25,2.965588,4.09037,1.1247820000000002,False
2012-07-26,2.965588,4.090776,1.125188,False
2012-07-27,2.968481,4.090792,1.1223110000000003,False
2012-07-30,2.968481,4.090841,1.12236,False
2012-07-31,2.968481,4.080936,1.1124550000000002,False
2012-08-01,2.967035,4.036667,1.0696319999999995,False
2012-08-03,2.958356,3.986481,1.0281249999999997,False
2012-08-06,2.95257,3.985213,1.0326429999999998,False
2012-08-07,2.917859,3.980873,1.063014,False
2012-08-08,2.916413,3.980899,1.064486,False
2012-08-09,2.916413,3.976963,1.06055,False
2012-08-10,2.916413,3.976828,1.0604149999999999,False
2012-08-14,2.916413,3.979874,1.0634610000000002,False
2012-08-15,2.91352,3.983087,1.0695669999999997,False
2012-08-16,2.914967,4.034326,1.1193590000000002,False
2012-08-17,2.914967,4.036877,1.1219099999999997,False
2012-08-20,2.919305,4.064172,1.144867,False
2012-08-21,2.927983,4.074196,1.146213,False
2012-08-22,2.92509,4.073727,1.148637,False
2012-08-23,2.924608,4.047704,1.1230960000000003,False
2012-08-24,2.922198,4.056032,1.1338340000000002,False
2012-08-27,2.923644,4.049374,1.1257300000000003,False
2012-08-28,2.912074,4.041332,1.1292579999999997,False
2012-08-29,2.91111,4.033726,1.1226159999999998,False
2012-08-30,2.912074,4.041378,1.1293039999999999,False
2012-08-31,2.910628,4.032168,1.1215400000000004,False
2012-09-03,2.910628,4.019985,1.1093570000000001,False
2012-09-04,2.909182,4.022696,1.113514,False
2012-09-05,2.909182,4.021379,1.1121969999999997,False
2012-09-06,2.909182,4.037684,1.1285019999999997,False
2012-09-07,2.903397,4.066149,1.1627520000000002,False
2012-09-10,2.885804,4.096775,1.2109710000000002,False
2012-09-11,2.883153,4.13384,1.250687,False
2012-09-12,2.883153,4.210826,1.3276729999999999,False
2012-09-13,2.881707,4.220756,1.3390489999999997,False
2012-09-14,2.881707,4.203916,1.3222090000000004,False
2012-09-17,2.881707,4.251636,1.3699290000000004,False
2012-09-18,2.881707,4.247189,1.3654819999999996,False
2012-09-19,2.881707,4.246849,1.365142,False
2012-09-20,2.884599,4.244809,1.36021,False
2012-09-21,2.886045,4.244826,1.3587809999999996,False
2012-09-24,2.886045,4.247553,1.3615079999999997,False
2012-09-25,2.886768,4.249269,1.362501,False
2012-09-26,2.88966,4.232939,1.343279,False
2012-09-27,2.892552,4.238489,1.3459370000000006,False
2012-09-28,2.907013,4.206893,1.29988,False
2012-10-01,2.923841,4.203161,1.2793199999999998,False
2012-10-02,2.960606,4.205877,1.2452710000000002,False
2012-10-03,2.958356,4.179402,1.2210459999999994,False
2012-10-04,2.964799,4.202646,1.2378469999999995,False
2012-10-05,2.961117,4.203512,1.2423949999999997,False
2012-10-08,2.969494,4.205589,1.2360949999999997,False
2012-10-09,2.970322,4.20545,1.235128,False
2012-10-10,2.971243,4.206315,1.2350720000000002,False
2012-10-11,2.968481,4.205421,1.2369400000000002,False
2012-10-12,2.973084,4.220236,1.2471519999999998,False
2012-10-15,2.974004,4.226391,1.2523869999999997,False
2012-10-16,2.986892,4.220402,1.2335099999999999,False
2012-10-17,2.788315,4.107693,1.3193780000000004,False
2012-10-18,2.79181,4.12336,1.33155,False
2012-10-19,2.783532,4.127067,1.3435350000000001,False
2012-10-22,2.765045,4.137524,1.3724789999999998,False
2012-10-24,2.765597,4.134333,1.3687359999999997,False
2012-10-25,2.765137,4.13604,1.3709030000000002,False
2012-10-26,2.760538,4.129092,1.368554,False
2012-10-29,2.757779,4.126527,1.368748,False
2012-10-30,2.750422,4.112949,1.3625270000000005,False
2012-10-31,2.750422,4.100109,1.3496869999999999,False
2012-11-01,2.752261,4.091816,1.3395549999999998,False
2012-11-02,2.749042,4.098065,1.3490229999999999,False
2012-11-05,2.738466,4.096592,1.3581260000000004,False
2012-11-06,2.708121,4.100836,1.3927150000000004,False
2012-11-07,2.69249,4.104671,1.412181,False
2012-11-08,2.693409,4.101892,1.4084830000000004,False
2012-11-09,2.699846,4.116854,1.417008,False
2012-11-12,2.699846,4.132551,1.4327050000000003,False
2012-11-13,2.701685,4.133532,1.4318469999999999,False
2012-11-14,2.705362,4.18225,1.4768879999999998,False
2012-11-15,2.706282,4.186803,1.4805210000000004,False
2012-11-16,2.705362,4.190512,1.48515,False
2012-11-19,2.703523,4.19229,1.4887669999999997,False
2012-11-20,2.710879,4.186907,1.476028,False
2012-11-21,2.70904,4.199708,1.4906680000000003,False
2012-11-22,2.70996,4.194261,1.4843009999999999,False
2012-11-23,2.716397,4.18271,1.466313,False
2012-11-26,2.717316,4.184294,1.4669780000000006,False
2012-11-27,2.72927,4.184889,1.455619,False
2012-11-28,2.73111,4.17523,1.4441199999999998,False
2012-11-29,2.733684,4.19491,1.4612260000000004,False
2012-11-30,2.742145,4.19559,1.4534450000000003,False
2012-12-03,2.752261,4.218741,1.4664799999999998,False
2012-12-04,2.751387,4.220757,1.46937,False
2012-12-06,2.75456,4.212085,1.457525,False
2012-12-07,2.753641,4.222741,1.4691,False
2012-12-11,2.758239,4.221813,1.463574,False
2012-12-12,2.759481,4.249933,1.4904520000000003,False
2012-12-13,2.758239,4.263587,1.5053480000000001,False
2012-12-14,2.760078,4.269356,1.5092780000000001,False
2012-12-17,2.760998,4.275181,1.514183,False
2012-12-18,2.759481,4.292444,1.5329629999999996,False
2012-12-19,2.759159,4.302571,1.5434120000000005,False
2012-12-20,2.757319,4.298944,1.5416249999999998,False
2012-12-21,2.758239,4.293499,1.5352599999999996,False
2012-12-24,2.759159,4.297164,1.5380050000000005,False
2012-12-25,2.759481,4.302212,1.5427309999999999,False
2012-12-26,2.760078,4.297818,1.5377400000000003,False
2012-12-27,2.758699,4.297827,1.5391279999999998,False
2012-12-28,2.758699,4.297065,1.538366,False
2013-01-02,2.757779,4.333967,1.5761880000000001,False
2013-01-03,2.75502,4.321179,1.5661589999999999,False
2013-01-04,2.74987,4.353183,1.6033129999999995,False
2013-01-07,2.743065,4.351078,1.6080130000000001,False
2013-01-08,2.732949,4.360248,1.6272990000000003,False
2013-01-09,2.732949,4.354945,1.6219959999999998,False
2013-01-10,2.732029,4.36838,1.6363510000000003,False
2013-01-11,2.727431,4.396925,1.6694940000000003,False
2013-01-14,2.727431,4.394372,1.6669409999999996,False
2013-01-15,2.711799,4.382637,1.6708379999999998,False
2013-01-16,2.70904,4.385446,1.676406,False
2013-01-17,2.708121,4.386151,1.6780300000000001,False
2013-01-18,2.710879,4.393435,1.6825560000000004,False
2013-01-21,2.703523,4.394376,1.6908530000000002,False
2013-01-22,2.688812,4.415224,1.7264120000000003,False
2013-01-23,2.690651,4.407052,1.7164010000000003,False
2013-01-24,2.69157,4.406154,1.7145839999999999,False
2013-01-25,2.694329,4.407982,1.7136529999999994,False
2013-01-28,2.699846,4.410741,1.7108949999999998,False
2013-01-29,2.702604,4.408025,1.7054210000000003,False
2013-01-30,2.704443,4.408035,1.703592,False
2013-01-31,2.705362,4.406287,1.7009249999999998,False
2013-02-01,2.707201,4.40027,1.693069,False
2013-02-04,2.708121,4.396958,1.688837,False
2013-02-05,2.693409,4.383258,1.6898489999999997,False
2013-02-06,2.696168,4.382359,1.686191,False
2013-02-07,2.690651,4.35684,1.6661890000000001,False
2013-02-08,2.690651,4.343437,1.6527859999999999,False
2013-02-11,2.685594,4.33551,1.6499160000000002,False
2013-02-12,2.702144,4.338322,1.6361779999999997,False
2013-02-13,2.703064,4.34106,1.6379959999999998,False
2013-02-14,2.703983,4.343265,1.6392819999999997,False
2013-02-15,2.706282,4.34858,1.6422980000000003,False
2013-02-18,2.703523,4.345887,1.6423640000000002,False
2013-02-19,2.708121,4.332489,1.624368,False
2013-02-20,2.711799,4.335227,1.6234279999999996,False
2013-02-21,2.710879,4.333497,1.6226180000000006,False
2013-02-22,2.707201,4.33169,1.624489,False
2013-02-26,2.712718,4.326282,1.6135639999999998,False
2013-02-27,2.717316,4.327126,1.60981,False
2013-02-28,2.719155,4.330697,1.6115419999999996,False
2013-03-01,2.720075,4.330786,1.6107109999999998,False
2013-03-04,2.717316,4.328093,1.6107770000000001,False
2013-03-05,2.71042,4.331741,1.621321,False
2013-03-06,2.71042,4.333571,1.623151,False
2013-03-07,2.707661,4.331686,1.6240250000000005,False
2013-03-08,2.706742,4.329958,1.6232160000000002,False
2013-03-11,2.70904,4.330901,1.621861,False
2013-03-12,2.707201,4.329173,1.621972,False
2013-03-13,2.705362,4.3305,1.6251379999999997,False
2013-03-14,2.702604,4.327379,1.6247749999999996,False
2013-03-15,2.701685,4.328299,1.6266140000000004,False
2013-03-18,2.701685,4.318413,1.6167279999999997,False
2013-03-19,2.697271,4.314397,1.6171259999999994,False
2013-03-20,2.696168,4.316936,1.620768,False
2013-03-21,2.69157,4.317937,1.6263669999999997,False
2013-03-22,2.686146,4.316695,1.6305490000000002,False
2013-03-25,2.684215,4.318926,1.6347110000000002,False
2013-03-26,2.660312,4.311264,1.6509520000000006,False
2013-03-27,2.661874,4.300138,1.6382639999999995,False
2013-03-28,2.66307,4.299467,1.636397,False
2013-03-29,2.667666,4.307579,1.6399129999999995,False
2013-04-01,2.666747,4.314721,1.6479739999999996,False
2013-04-02,2.677779,4.311014,1.633235,False
2013-04-03,2.686973,4.311105,1.6241320000000004,False
2013-04-04,2.689732,4.30954,1.6198080000000004,False
2013-04-05,2.696513,4.29534,1.5988270000000004,False
2013-04-09,2.700765,4.270736,1.5699710000000002,False
2013-04-10,2.706282,4.242804,1.5365219999999997,False
2013-04-11,2.70996,4.239763,1.5298029999999998,False
2013-04-12,2.7175,4.234851,1.5173510000000001,False
2013-04-17,2.714558,4.205795,1.4912370000000004,False
2013-04-18,2.711799,4.190853,1.4790539999999996,False
2013-04-19,2.712718,4.193679,1.4809610000000002,False
2013-04-22,2.715477,4.19381,1.4783330000000001,False
2013-04-23,2.712718,4.191668,1.4789499999999998,False
2013-04-24,2.70996,4.187221,1.477261,False
2013-04-25,2.714466,4.21313,1.4986639999999998,False
2013-04-26,2.711799,4.208076,1.496277,False
2013-04-29,2.69626,4.190986,1.4947259999999996,False
2013-04-30,2.687157,4.17735,1.4901929999999997,False
2013-05-02,2.661874,4.174654,1.5127800000000002,False
2013-05-03,2.64928,4.18938,1.5400999999999998,False
2013-05-07,2.629976,4.185709,1.555733,False
2013-05-08,2.631814,4.183391,1.5515770000000004,False
2013-05-09,2.619865,4.174483,1.5546180000000005,False
2013-05-10,2.603321,4.173414,1.570093,False
2013-05-13,2.607916,4.187822,1.5799059999999998,False
2013-05-14,2.606078,4.211507,1.605429,False
2013-05-15,2.596887,4.206238,1.6093509999999998,False
2013-05-16,2.598174,4.199737,1.6015629999999996,False
2013-05-17,2.595049,4.190723,1.5956740000000003,False
2013-05-20,2.595049,4.187473,1.5924239999999998,False
2013-05-21,2.578966,4.188374,1.6094079999999997,False
2013-05-22,2.571154,4.187064,1.6159100000000004,False
2013-05-23,2.57483,4.200713,1.6258830000000004,False
2013-05-27,2.572992,4.203403,1.6304109999999996,False
2013-05-28,2.580344,4.20714,1.6267959999999997,False
2013-05-29,2.565824,4.237384,1.6715599999999995,False
2013-05-30,2.559208,4.257754,1.6985460000000003,False
2013-05-31,2.559208,4.257857,1.6986489999999996,False
2013-06-03,2.563803,4.365067,1.8012639999999998,False
2013-06-04,2.558749,4.390391,1.831642,False
2013-06-05,2.555532,4.373182,1.81765,False
2013-06-06,2.553695,4.363193,1.809498,False
2013-06-07,2.556727,4.36674,1.810013,False
2013-06-10,2.561965,4.429317,1.8673520000000003,False
2013-06-11,2.566835,4.555094,1.9882590000000002,False
2013-06-12,2.563803,4.603719,2.039916,False
2013-06-13,2.55737,4.545188,1.9878179999999994,False
2013-06-14,2.548181,4.523289,1.975108,False
2013-06-17,2.556451,4.564961,2.0085100000000002,False
2013-06-18,2.54083,4.569148,2.028318,False
2013-06-19,2.535317,4.557067,2.02175,False
2013-06-20,2.541749,4.654256,2.1125070000000004,False
2013-06-21,2.539544,4.701692,2.1621480000000006,False
2013-06-24,2.538074,4.713299,2.175225,False
2013-06-25,2.52521,4.695129,2.1699189999999997,False
2013-06-26,2.52521,4.70314,2.1779300000000004,False
2013-06-27,2.52521,4.660875,2.135665,False
2013-06-28,2.526129,4.636074,2.1099449999999997,False
2013-07-02,2.533479,4.636807,2.1033280000000003,False
2013-07-03,2.534398,4.634778,2.10038,False
2013-07-04,2.533479,4.644435,2.110956,False
2013-07-05,2.526129,4.649549,2.1234200000000003,False
2013-07-08,2.529804,4.689684,2.15988,False
2013-07-09,2.529437,4.644794,2.115357,False
2013-07-10,2.526129,4.639129,2.1129999999999995,False
2013-07-11,2.52521,4.626045,2.1008350000000005,False
2013-07-12,2.524291,4.625246,2.100955,False
2013-07-15,2.524291,4.62793,2.1036390000000003,False
2013-07-16,2.519697,4.627852,2.108155,False
2013-07-17,2.51786,4.630502,2.1126419999999997,False
2013-07-18,2.512347,4.629609,2.117262,False
2013-07-19,2.509591,4.629814,2.1202229999999997,False
2013-07-23,2.508672,4.632055,2.1233830000000005,False
2013-07-24,2.509591,4.652693,2.1431020000000003,False
2013-07-25,2.511245,4.649036,2.1377909999999996,False
2013-07-26,2.493054,4.642243,2.149189,False
2013-07-29,2.492136,4.636204,2.1440680000000003,False
2013-07-30,2.48938,4.662197,2.1728169999999998,False
2013-07-31,2.486624,4.658001,2.1713769999999997,False
2013-08-01,2.48497,4.643972,2.1590019999999996,False
2013-08-02,2.48203,4.646403,2.1643730000000003,False
2013-08-05,2.481112,4.63836,2.1572479999999996,False
2013-08-06,2.457229,4.635164,2.1779349999999997,False
2013-08-07,2.451717,4.636144,2.184427,False
2013-08-08,2.446206,4.624669,2.178463,False
2013-08-09,2.443451,4.618648,2.1751970000000003,False
2013-08-13,2.445288,4.630325,2.185037,False
2013-08-14,2.448043,4.643162,2.195119,False
2013-08-15,2.445288,4.635904,2.190616,False
2013-08-16,2.449605,4.637648,2.1880430000000004,False
2013-08-19,2.446206,4.637062,2.190856,False
2013-08-20,2.444369,4.637985,2.1936159999999996,False
2013-08-21,2.444369,4.641634,2.197265,False
2013-08-22,2.461617,4.801281,2.3396640000000004,False
2013-08-23,2.459066,4.790541,2.331475,False
2013-08-26,2.466414,4.78379,2.317376,False
2013-08-27,2.484786,4.836907,2.352121,False
2013-08-28,2.493973,4.853924,2.359951,False
2013-08-29,2.50316,4.855552,2.3523920000000005,False
2013-08-30,2.492044,4.84213,2.350086,False
2013-09-02,2.48497,4.853263,2.368293,False
2013-09-03,2.48396,4.852161,2.3682009999999996,False
2013-09-04,2.491033,4.872058,2.381025,False
2013-09-05,2.490023,4.888176,2.3981529999999998,False
2013-09-06,2.491033,4.889405,2.398372,False
2013-09-09,2.488507,4.885539,2.397032,False
2013-09-10,2.48396,4.884547,2.4005870000000002,False
2013-09-11,2.486317,4.886543,2.4002259999999995,False
2013-09-12,2.48497,4.877564,2.3925939999999994,False
2013-09-13,2.48497,4.881572,2.396602,False
2013-09-16,2.48396,4.878149,2.3941889999999995,False
2013-09-17,2.491033,4.877604,2.386571,False
2013-09-18,2.48497,4.838966,2.353996,False
2013-09-19,2.481826,4.732706,2.2508800000000004,False
2013-09-20,2.476886,4.688706,2.21182,False
2013-09-23,2.482949,4.696952,2.2140029999999995,False
2013-09-24,2.477897,4.634918,2.157021,False
2013-09-25,2.481939,4.633285,2.1513459999999998,False
2013-09-26,2.480928,4.638279,2.157351,False
2013-09-27,2.48396,4.662291,2.1783309999999996,False
2013-09-30,2.500128,4.656211,2.1560829999999997,False
2013-10-01,2.499118,4.661108,2.1619899999999994,False
2013-10-02,2.493973,4.648935,2.154962,False
2013-10-03,2.498566,4.655,2.1564340000000004,False
2013-10-04,2.499485,4.659348,2.1598629999999996,False
2013-10-07,2.500404,4.654941,2.154537,False
2013-10-08,2.50316,4.659222,2.156062,False
2013-10-09,2.500914,4.653333,2.152419,False
2013-10-10,2.501897,4.655402,2.1535049999999996,False
2013-10-11,2.501897,4.654742,2.1528449999999997,False
2013-10-14,2.505406,4.652802,2.1473960000000005,False
2013-10-15,2.505686,4.653984,2.1482980000000005,False
2013-10-16,2.505686,4.657894,2.152208,False
2013-10-17,2.504423,4.640119,2.1356960000000003,False
2013-10-18,2.497385,4.599922,2.1025370000000003,False
2013-10-21,2.497385,4.612921,2.115536,False
2013-10-22,2.500633,4.617193,2.11656,False
2013-10-24,2.49937,4.594784,2.095414,False
2013-10-25,2.496212,4.592592,2.09638,False
2013-10-28,2.496844,4.593886,2.0970420000000005,False
2013-10-29,2.494317,4.603901,2.1095839999999995,False
2013-10-30,2.493686,4.601415,2.1077290000000004,False
2013-10-31,2.493054,4.613122,2.120068,False
2013-11-01,2.491791,4.644899,2.1531079999999996,False
2013-11-04,2.488633,4.641193,2.1525600000000003,False
2013-11-05,2.48737,4.632457,2.1450869999999997,False
2013-11-06,2.48737,4.637174,2.149804,False
2013-11-07,2.48737,4.637188,2.1498180000000002,False
2013-11-08,2.488002,4.637202,2.1492000000000004,False
2013-11-11,2.505686,4.666647,2.1609610000000004,False
2013-11-12,2.505686,4.672354,2.1666680000000005,False
2013-11-13,2.50316,4.67337,2.1702100000000004,False
2013-11-14,2.505686,4.672385,2.1666990000000004,False
2013-11-15,2.504423,4.671301,2.1668779999999996,False
2013-11-18,2.509476,4.673894,2.164418,False
2013-11-19,2.508935,4.668063,2.159128,False
2013-11-20,2.508213,4.655431,2.147218,False
2013-11-21,2.508213,4.679046,2.1708329999999996,False
2013-11-22,2.509476,4.673417,2.163941,False
2013-11-25,2.515793,4.726227,2.210434,False
2013-11-26,2.515793,4.716578,2.200785,False
2013-11-27,2.280934,4.552,2.271066,False
2013-11-28,2.282377,4.570568,2.288191,False
2013-11-29,2.273723,4.576012,2.3022890000000005,False
2013-12-02,2.285983,4.603994,2.3180110000000003,False
2013-12-03,2.292293,4.610521,2.3182280000000004,False
2013-12-04,2.29608,4.594638,2.298558,False
2013-12-06,2.299866,4.595926,2.29606,False
2013-12-09,2.303653,4.581997,2.278344,False
2013-12-11,2.303653,4.569617,2.265964,False
2013-12-12,2.303653,4.565808,2.2621549999999995,False
2013-12-13,2.30239,4.571383,2.268993,False
2013-12-16,2.311226,4.57316,2.2619339999999997,False
2013-12-17,2.317537,4.573182,2.255645,False
2013-12-18,2.317537,4.572751,2.255214,False
2013-12-19,2.315012,4.57175,2.256738,False
2013-12-20,2.309964,4.572798,2.262834,False
2013-12-23,2.305456,4.552102,2.2466459999999997,False
2013-12-24,2.304915,4.553484,2.2485690000000003,False
2013-12-25,2.30239,4.556011,2.253621,False
2013-12-26,2.298604,4.549788,2.2511840000000003,False
2013-12-27,2.296801,4.537672,2.240871,False
2014-01-02,2.287245,4.507681,2.220436,False
2014-01-03,2.277148,4.506256,2.2291079999999996,False
2014-01-06,2.256483,4.513765,2.2572820000000005,False
2014-01-07,2.236234,4.519476,2.283242,False
2014-01-08,2.224513,4.549137,2.324624,False
2014-01-09,2.217392,4.561766,2.3443740000000006,False
2014-01-10,2.210417,4.560147,2.3497299999999997,False
2014-01-13,2.205986,4.551955,2.3459690000000006,False
2014-01-14,2.20182,4.553643,2.351823,False
2014-01-15,2.198995,4.546932,2.347937,False
2014-01-16,2.193903,4.544719,2.3508159999999996,False
2014-01-17,2.194516,4.54103,2.346514,False
2014-01-20,2.196085,4.539486,2.343401,False
2014-01-21,2.193084,4.545563,2.3524789999999998,False
2014-01-22,2.197892,4.547127,2.3492349999999997,False
2014-01-23,2.201557,4.547927,2.3463699999999994,False
2014-01-24,2.204652,4.546912,2.34226,False
2014-01-27,2.214471,4.545419,2.330948,False
2014-01-28,2.223726,4.546813,2.323087,False
2014-01-29,2.227573,4.535021,2.3074480000000004,False
2014-01-30,2.230663,4.534631,2.3039680000000002,False
2014-01-31,2.230535,4.53456,2.3040249999999998,False
2014-02-03,2.232388,4.532062,2.299674,False
2014-02-04,2.233316,4.530795,2.2974790000000005,False
2014-02-05,2.233779,4.530179,2.2964,False
2014-02-06,2.234642,4.530059,2.2954169999999996,False
2014-02-07,2.233811,4.531231,2.29742,False
2014-02-10,2.233396,4.522269,2.2888729999999997,False
2014-02-11,2.227774,4.515265,2.287491,False
2014-02-12,2.225331,4.503633,2.2783019999999996,False
2014-02-13,2.221891,4.488455,2.2665640000000002,False
2014-02-17,2.217342,4.474608,2.257266,False
2014-02-18,2.215068,4.471848,2.2567799999999996,False
2014-02-19,2.213931,4.463764,2.249833,False
2014-02-20,2.213281,4.453445,2.2401640000000005,False
2014-02-21,2.210513,4.443549,2.233036,False
2014-02-24,2.210361,4.445372,2.235011,False
2014-02-25,2.206519,4.436703,2.2301839999999995,False
2014-02-26,2.205078,4.435828,2.23075,False
2014-02-27,2.205903,4.419818,2.213915,False
2014-02-28,2.206109,4.409353,2.203244,False
2014-03-03,2.204924,4.404175,2.1992510000000003,False
2014-03-04,2.20025,4.402445,2.202195,False
2014-03-05,2.197672,4.410882,2.21321,False
2014-03-06,2.198288,4.41802,2.2197320000000005,False
2014-03-07,2.184565,4.417195,2.2326300000000003,False
2014-03-10,2.167948,4.418279,2.250331,False
2014-03-11,2.166889,4.421062,2.254173,False
2014-03-12,2.071525,4.420322,2.348797,False
2014-03-13,2.063644,4.409926,2.3462819999999995,False
2014-03-14,2.042104,4.402694,2.36059,False
2014-03-17,2.029917,4.399536,2.369619,False
2014-03-18,2.028131,4.401254,2.3731229999999996,False
2014-03-19,2.027198,4.400386,2.3731880000000003,False
2014-03-20,2.029472,4.411884,2.3824119999999995,False
2014-03-21,2.030223,4.416396,2.386173,False
2014-03-24,2.031961,4.414943,2.382982,False
2014-03-25,2.032417,4.411009,2.378592,False
2014-03-26,2.038376,4.395962,2.357586,False
2014-03-27,2.039866,4.371816,2.33195,False
2014-03-28,2.036642,4.35996,2.323318,False
2014-03-31,2.034172,4.358843,2.3246710000000004,False
2014-04-01,2.033246,4.359882,2.3266359999999997,False
2014-04-02,2.032899,4.359771,2.3268720000000003,False
2014-04-03,2.03007,4.357637,2.3275670000000006,False
2014-04-04,2.026886,4.355581,2.3286949999999997,False
2014-04-08,2.025825,4.348265,2.3224399999999994,False
2014-04-09,2.027712,4.341299,2.313587,False
2014-04-10,2.028386,4.330299,2.3019130000000003,False
2014-04-11,2.021843,4.328064,2.3062210000000003,False
2014-04-16,2.021145,4.320521,2.299376,False
2014-04-17,2.015781,4.303515,2.287734,False
2014-04-18,2.014064,4.302657,2.288593,False
2014-04-21,2.017068,4.292035,2.274967,False
2014-04-22,2.016949,4.287378,2.2704290000000005,False
2014-04-23,2.014669,4.276004,2.2613350000000003,False
2014-04-24,2.012788,4.253568,2.2407799999999995,False
2014-04-25,2.012161,4.252783,2.240622,False
2014-04-28,2.011239,4.25308,2.2418409999999995,False
2014-04-29,2.010779,4.255012,2.244233,False
2014-04-30,2.009759,4.261241,2.251482,False
2014-05-02,2.007789,4.264087,2.256298,False
2014-05-06,2.008176,4.265506,2.25733,False
2014-05-07,2.008603,4.25833,2.249727,False
2014-05-08,2.00855,4.254387,2.2458370000000003,False
2014-05-09,2.007406,4.249269,2.241863,False
2014-05-12,2.008019,4.256227,2.248208,False
2014-05-14,2.007157,4.248069,2.2409120000000002,False
2014-05-15,2.006774,4.203964,2.19719,False
2014-05-16,2.007165,4.20038,2.193215,False
2014-05-19,2.009019,4.207547,2.198528,False
2014-05-20,2.009784,4.208601,2.198817,False
2014-05-21,2.010183,4.211192,2.2010089999999995,False
2014-05-22,2.01036,4.209219,2.198859,False
2014-05-23,2.010439,4.208326,2.1978869999999997,False
2014-05-26,2.012715,4.233623,2.2209079999999997,False
2014-05-27,2.013223,4.251805,2.238582,False
2014-05-28,2.013393,4.247243,2.23385,False
2014-05-29,2.014588,4.24184,2.227252,False
2014-05-30,2.01512,4.247964,2.2328439999999996,False
2014-06-02,2.015085,4.23344,2.218355,False
2014-06-03,2.016573,4.22912,2.212547,False
2014-06-04,2.017235,4.226162,2.2089270000000005,False
2014-06-05,2.018649,4.223807,2.205158,False
2014-06-06,2.019726,4.216219,2.196493,False
2014-06-09,2.021325,4.217453,2.196128,False
2014-06-10,2.022597,4.223593,2.200996,False
2014-06-11,2.023161,4.222937,2.199776,False
2014-06-12,2.023412,4.22157,2.198158,False
2014-06-13,2.023524,4.230767,2.207243,False
2014-06-16,2.025805,4.221843,2.1960379999999997,False
2014-06-17,2.027389,4.233069,2.2056800000000005,False
2014-06-18,2.028093,4.233985,2.2058919999999995,False
2014-06-19,2.028406,4.235544,2.207138,False
2014-06-20,2.028545,4.236276,2.2077310000000003,False
2014-06-23,2.02974,4.246226,2.216486,False
2014-06-24,2.031379,4.249277,2.2178980000000004,False
2014-06-25,2.032108,4.250365,2.2182570000000004,False
2014-06-26,2.032992,4.250782,2.21779,False
2014-06-27,2.033385,4.251098,2.217713,False
2014-06-30,2.033559,4.251417,2.217858,False
2014-07-02,2.033637,4.261399,2.227762,False
2014-07-03,2.033671,4.260501,2.2268299999999996,False
2014-07-04,2.033686,4.259031,2.2253450000000004,False
2014-07-07,2.032573,4.254189,2.221616,False
2014-07-08,2.030957,4.251876,2.2209190000000003,False
2014-07-09,2.028303,4.249744,2.2214409999999996,False
2014-07-10,2.027379,4.247725,2.220346,False
2014-07-14,2.025847,4.247098,2.221251,False
2014-07-15,2.024046,4.243549,2.219503,False
2014-07-16,2.021516,4.23349,2.2119739999999997,False
2014-07-17,2.022121,4.228303,2.2061820000000005,False
2014-07-18,2.02239,4.217323,2.1949330000000002,False
2014-07-21,2.018027,4.204804,2.186777,False
2014-07-22,2.011605,4.18738,2.1757750000000002,False
2014-07-23,2.00539,4.18895,2.1835600000000004,False
2014-07-24,2.001507,4.190905,2.1893979999999997,False
2014-07-25,1.999781,4.192775,2.192994,False
2014-07-28,1.999014,4.191428,2.1924140000000003,False
2014-07-29,1.999794,4.193053,2.193259,False
2014-07-30,2.00014,4.187947,2.1878070000000003,False
2014-07-31,1.999367,4.189305,2.189938,False
2014-08-01,1.997817,4.193246,2.1954290000000003,False
2014-08-04,1.997516,4.193917,2.196401,False
2014-08-05,1.997349,4.17352,2.176171,False
2014-08-06,1.995575,4.16487,2.1692949999999995,False
2014-08-07,1.996221,4.156312,2.1600909999999995,False
2014-08-08,1.994631,4.123511,2.1288799999999997,False
2014-08-13,1.996165,4.138329,2.1421639999999997,False
2014-08-14,1.996847,4.141042,2.144195,False
2014-08-15,1.996029,4.145308,2.149279,False
2014-08-18,1.995105,4.147243,2.152138,False
2014-08-19,1.994232,4.145297,2.151065,False
2014-08-20,1.994307,4.157872,2.163565,False
2014-08-21,1.99434,4.17433,2.17999,False
2014-08-22,1.993685,4.180205,2.18652,False
2014-08-25,1.994064,4.183968,2.1899040000000003,False
2014-08-26,1.994232,4.180088,2.1858559999999994,False
2014-08-27,1.995428,4.179486,2.184058,False
2014-08-28,1.995959,4.176978,2.181019,False
2014-08-29,1.997316,4.154595,2.1572789999999995,False
2014-09-01,1.999159,4.159297,2.160138,False
2014-09-02,1.99878,4.160294,2.1615140000000004,False
2014-09-03,1.99969,4.165197,2.165507,False
2014-09-04,2.000094,4.166276,2.166182,False
2014-09-05,2.000274,4.168978,2.168704,False
2014-09-08,1.999025,4.154902,2.155877,False
2014-09-09,1.997488,4.159519,2.1620310000000007,False
2014-09-10,1.996874,4.161581,2.164707,False
2014-09-11,1.996602,4.160286,2.163684,False
2014-09-12,1.99556,4.160832,2.165272,False
2014-09-15,1.996018,4.167777,2.1717589999999998,False
2014-09-16,1.996221,4.170831,2.1746099999999995,False
2014-09-17,1.996312,4.163357,2.1670450000000003,False
2014-09-18,1.996351,4.163345,2.166994,False
2014-09-19,1.996369,4.158663,2.1622939999999997,False
2014-09-22,1.996043,4.151342,2.1552989999999994,False
2014-09-23,1.996494,4.141414,2.14492,False
2014-09-24,1.997554,4.138127,2.140573,False
2014-09-25,1.998024,4.135578,2.1375539999999997,False
2014-09-26,1.999354,4.127802,2.1284479999999997,False
2014-09-29,2.002659,4.124692,2.1220329999999996,False
2014-09-30,2.005896,4.114812,2.108916,False
2014-10-01,2.006189,4.087013,2.080824,False
2014-10-02,2.005367,4.051935,2.046568,False
2014-10-03,2.00623,4.055876,2.0496459999999996,False
2014-10-06,2.012851,4.051127,2.038276,False
2014-10-07,2.014266,4.036804,2.022538,False
2014-10-08,2.014832,4.024383,2.009551,False
2014-10-09,2.013848,4.003977,1.990129,False
2014-10-10,2.014903,4.008289,1.9933860000000005,False
2014-10-13,2.017236,3.991333,1.974097,False
2014-10-14,2.017161,3.989772,1.9726109999999997,False
2014-10-15,2.016123,3.975224,1.959101,False
2014-10-16,2.016575,3.92995,1.9133749999999998,False
2014-10-17,2.0171,3.922287,1.9051869999999997,False
2014-10-20,2.017256,3.92139,1.904134,False
2014-10-21,2.018582,3.914352,1.8957700000000002,False
2014-10-22,2.019111,3.915208,1.8960969999999997,False
2014-10-24,2.020858,3.917896,1.8970379999999998,False
2014-10-27,2.020998,3.934799,1.9138009999999999,False
2014-10-28,2.021054,3.935362,1.9143080000000001,False
2014-10-29,2.021077,3.956616,1.935539,False
2014-10-30,2.022094,3.962294,1.9402,False
2014-10-31,2.021341,3.954951,1.9336099999999998,False
2014-11-03,2.020719,3.924835,1.9041159999999997,False
2014-11-04,2.020471,3.917998,1.8975269999999997,False
2014-11-05,2.020057,3.881497,1.86144,False
2014-11-06,2.018706,3.892519,1.8738130000000002,False
2014-11-07,2.019161,3.899317,1.880156,False
2014-11-10,2.018335,3.890932,1.8725969999999998,False
2014-11-11,2.016995,3.881459,1.864464,False
2014-11-12,2.017783,3.856819,1.8390360000000001,False
2014-11-13,2.018098,3.849839,1.8317409999999996,False
2014-11-14,2.018224,3.857274,1.8390499999999999,False
2014-11-17,2.018309,3.837856,1.819547,False
2014-11-18,2.015467,3.826241,1.8107739999999999,False
2014-11-19,2.013605,3.822801,1.809196,False
2014-11-20,2.013047,3.83168,1.8186330000000002,False
2014-11-21,2.012879,3.832387,1.8195080000000003,False
2014-11-24,2.013268,3.830521,1.817253,False
2014-11-25,2.013903,3.839707,1.8258040000000002,False
2014-11-26,2.013665,3.858037,1.844372,False
2014-11-27,2.013546,3.857924,1.8443780000000003,False
2014-11-28,2.013487,3.858434,1.844947,False
2014-12-01,2.012503,3.829541,1.8170379999999997,False
2014-12-02,2.010945,3.826614,1.8156690000000002,False
2014-12-03,2.009173,3.817094,1.807921,False
2014-12-04,2.008641,3.813283,1.8046420000000003,False
2014-12-08,2.009541,3.814226,1.804685,False
2014-12-09,2.009916,3.814504,1.8045879999999999,False
2014-12-11,2.010066,3.805713,1.7956469999999998,False
2014-12-12,2.010284,3.794973,1.7846890000000002,False
2014-12-15,2.010205,3.791414,1.781209,False
2014-12-16,2.010182,3.819447,1.809265,False
2014-12-17,2.011181,3.843186,1.832005,False
2014-12-18,2.014987,3.853287,1.8382999999999998,False
2014-12-19,2.015478,3.865551,1.850073,False
2014-12-22,2.021245,3.864066,1.8428209999999998,False
2014-12-23,2.027441,3.86565,1.838209,False
2014-12-24,2.037248,3.868309,1.831061,False
2014-12-25,2.04117,3.868395,1.8272249999999999,False
2014-12-26,2.04173,3.867426,1.8256960000000002,False
2014-12-29,2.04198,3.866016,1.824036,False
2014-12-30,2.041046,3.856409,1.815363,False
2015-01-05,2.035168,3.758756,1.723588,False
2015-01-06,2.017856,3.736062,1.718206,False
2015-01-07,2.009351,3.724382,1.7150309999999998,False
2015-01-08,2.007823,3.725652,1.717829,False
2015-01-09,2.006203,3.729593,1.7233899999999998,False
2015-01-12,1.997488,3.729165,1.7316770000000001,False
2015-01-13,1.990976,3.719942,1.728966,False
2015-01-14,1.984338,3.712505,1.7281670000000002,False
2015-01-15,1.981683,3.714541,1.732858,False
2015-01-16,1.98147,3.70705,1.7255800000000001,False
2015-01-19,1.980032,3.711744,1.731712,False
2015-01-20,1.978628,3.726317,1.7476889999999998,False
2015-01-21,1.977602,3.73182,1.7542179999999998,False
2015-01-22,1.977088,3.739494,1.7624060000000001,False
2015-01-23,1.97658,3.721578,1.744998,False
2015-01-26,1.976325,3.716738,1.7404129999999998,False
2015-01-27,1.975372,3.715588,1.740216,False
2015-01-28,1.984433,3.722325,1.7378920000000002,False
2015-01-29,1.985366,3.718747,1.733381,False
2015-01-30,1.982807,3.726263,1.743456,False
2015-02-02,1.981528,3.721766,1.7402380000000002,False
2015-02-03,1.980889,3.723742,1.7428530000000002,False
2015-02-04,1.980569,3.725786,1.7452169999999998,False
2015-02-05,1.980409,3.721969,1.74156,False
2015-02-06,1.980329,3.722629,1.7423,False
2015-02-09,1.981802,3.722317,1.7405149999999998,False
2015-02-10,1.98319,3.734815,1.7516250000000002,False
2015-02-11,1.986631,3.74688,1.760249,False
2015-02-12,1.988482,3.757126,1.7686439999999999,False
2015-02-13,1.994433,3.777392,1.782959,False
2015-02-16,2.000955,3.791302,1.7903470000000001,False
2015-02-17,2.002703,3.785857,1.7831540000000001,False
2015-02-18,2.003577,3.792065,1.788488,False
2015-02-19,2.004014,3.792221,1.7882069999999999,False
2015-02-20,2.003225,3.792125,1.7889,False
2015-02-23,2.000812,3.794039,1.7932270000000003,False
2015-02-24,1.998598,3.795358,1.7967599999999997,False
2015-02-25,1.997491,3.78799,1.7904990000000003,False
2015-02-26,1.995929,3.756636,1.7607069999999998,False
2015-02-27,1.995148,3.754082,1.758934,False
2015-03-02,1.980965,3.746912,1.765947,False
2015-03-03,1.976574,3.717225,1.740651,False
2015-03-05,1.968268,3.708958,1.74069,False
2015-03-06,1.965148,3.70885,1.743702,False
2015-03-09,1.958486,3.729336,1.77085,False
2015-03-10,1.958828,3.759849,1.801021,False
2015-03-11,1.824078,3.747801,1.9237229999999998,False
2015-03-12,1.779372,3.743132,1.9637600000000002,False
2015-03-13,1.770137,3.759001,1.988864,False
2015-03-16,1.766548,3.753117,1.986569,False
2015-03-17,1.762783,3.758296,1.995513,False
2015-03-18,1.760268,3.763366,2.003098,False
2015-03-19,1.759989,3.753373,1.9933839999999998,False
2015-03-20,1.759539,3.755707,1.9961680000000002,False
2015-03-23,1.759908,3.756056,1.996148,False
2015-03-24,1.760987,3.745307,1.9843199999999999,False
2015-03-25,1.760755,3.740505,1.9797500000000001,False
2015-03-26,1.760708,3.722256,1.9615479999999998,False
2015-03-27,1.761123,3.721933,1.96081,False
2015-03-30,1.760157,3.718533,1.958376,False
2015-03-31,1.76006,3.714959,1.954899,False
2015-04-01,1.760373,3.701197,1.940824,False
2015-04-02,1.759009,3.69153,1.9325210000000002,False
2015-04-03,1.758873,3.689061,1.9301880000000002,False
2015-04-07,1.756423,3.692953,1.93653,False
2015-04-08,1.757437,3.697398,1.9399610000000003,False
2015-04-09,1.754165,3.699969,1.9458039999999999,False
2015-04-10,1.754014,3.701006,1.946992,False
2015-04-16,1.74821,3.681228,1.933018,False
2015-04-17,1.744104,3.685358,1.9412539999999998,False
2015-04-20,1.736642,3.686822,1.9501799999999998,False
2015-04-21,1.728055,3.682486,1.954431,False
2015-04-22,1.725445,3.660939,1.935494,False
2015-04-23,1.724176,3.658978,1.934802,False
2015-04-24,1.725854,3.625888,1.9000340000000002,False
2015-04-27,1.722119,3.627583,1.905464,False
2015-04-28,1.722421,3.629908,1.907487,False
2015-04-29,1.5712,3.622457,2.0512569999999997,False
2015-04-30,1.535567,3.608312,2.0727450000000003,False
2015-05-06,1.52832,3.647531,2.119211,False
2015-05-07,1.526777,3.720784,2.194007,False
2015-05-08,1.524456,3.729174,2.2047179999999997,False
2015-05-11,1.522941,3.73414,2.2111989999999997,False
2015-05-12,1.522103,3.777302,2.255199,False
2015-05-13,1.521512,3.782792,2.26128,False
2015-05-14,1.520668,3.796598,2.27593,False
2015-05-15,1.519492,3.802301,2.282809,False
2015-05-18,1.518912,3.806389,2.287477,False
2015-05-19,1.515777,3.804278,2.288501,False
2015-05-20,1.513772,3.807777,2.2940050000000003,False
2015-05-21,1.514177,3.79931,2.285133,False
2015-05-22,1.511333,3.794124,2.282791,False
2015-05-25,1.509758,3.799028,2.28927,False
2015-05-26,1.503405,3.799217,2.2958119999999997,False
2015-05-27,1.502633,3.802297,2.299664,False
2015-05-28,1.500313,3.801877,2.301564,False
2015-05-29,1.495828,3.799041,2.303213,False
2015-06-02,1.480734,3.802745,2.322011,False
2015-06-03,1.489845,3.828405,2.33856,False
2015-06-04,1.494204,3.877442,2.3832379999999995,False
2015-06-05,1.495173,3.878971,2.3837979999999996,False
2015-06-08,1.494314,3.889792,2.3954779999999998,False
2015-06-09,1.494228,3.888636,2.3944080000000003,False
2015-06-10,1.493429,3.902046,2.408617,False
2015-06-11,1.493061,3.910978,2.417917,False
2015-06-12,1.492915,3.907976,2.415061,False
2015-06-15,1.490843,3.902666,2.411823,False
2015-06-16,1.489216,3.903411,2.4141950000000003,False
2015-06-17,1.486534,3.905457,2.4189230000000004,False
2015-06-18,1.486546,3.907088,2.420542,False
2015-06-19,1.485544,3.90558,2.420036,False
2015-06-22,1.481659,3.904313,2.422654,False
2015-06-23,1.481271,3.909635,2.428364,False
2015-06-24,1.477505,3.899236,2.4217310000000003,False
2015-06-25,1.477636,3.896889,2.419253,False
2015-06-26,1.480706,3.898749,2.418043,False
2015-06-29,1.481628,3.900369,2.418741,False
2015-06-30,1.48331,3.900246,2.416936,False
2015-07-02,1.483607,3.900603,2.416996,False
2015-07-03,1.484229,3.895812,2.411583,False
2015-07-06,1.483472,3.887045,2.403573,False
2015-07-07,1.481156,3.884495,2.403339,False
2015-07-08,1.479224,3.824424,2.3452,False
2015-07-09,1.476632,3.803411,2.326779,False
2015-07-10,1.474898,3.799003,2.324105,False
2015-07-13,1.467943,3.792752,2.324809,False
2015-07-14,1.455484,3.792707,2.337223,False
2015-07-15,1.453999,3.789371,2.335372,False
2015-07-16,1.454662,3.786406,2.331744,False
2015-07-17,1.453835,3.785613,2.331778,False
2015-07-20,1.453607,3.784516,2.330909,False
2015-07-21,1.45069,3.783815,2.333125,False
2015-07-22,1.449392,3.783717,2.334325,False
2015-07-23,1.452781,3.788677,2.335896,False
2015-07-24,1.452452,3.789773,2.3373209999999998,False
2015-07-27,1.452386,3.789201,2.3368149999999996,False
2015-07-28,1.446201,3.789046,2.3428449999999996,False
2015-07-29,1.44357,3.789119,2.345549,False
2015-07-31,1.445319,3.789226,2.343907,False
2015-08-03,1.43955,3.78626,2.34671,False
2015-08-04,1.433366,3.769132,2.335766,False
2015-08-05,1.435147,3.765067,2.3299200000000004,False
2015-08-06,1.43651,3.765234,2.3287240000000002,False
2015-08-07,1.435776,3.762503,2.326727,False
2015-08-10,1.434697,3.756518,2.321821,False
2015-08-11,1.433297,3.756379,2.323082,False
2015-08-13,1.433261,3.752027,2.318766,False
2015-08-14,1.43412,3.734105,2.299985,False
2015-08-17,1.433286,3.723871,2.290585,False
2015-08-18,1.433119,3.704978,2.271859,False
2015-08-19,1.431074,3.696441,2.2653670000000004,False
2015-08-20,1.431344,3.696987,2.265643,False
2015-08-21,1.433411,3.698274,2.264863,False
2015-08-24,1.43483,3.724216,2.2893860000000004,False
2015-08-25,1.44052,3.746129,2.3056089999999996,False
2015-08-26,1.443736,3.752655,2.308919,False
2015-08-27,1.444379,3.751324,2.306945,False
2015-08-28,1.443941,3.757102,2.313161,False
2015-08-31,1.443253,3.760747,2.317494,False
2015-09-01,1.444015,3.763928,2.3199129999999997,False
2015-09-02,1.440831,3.767855,2.3270239999999998,False
2015-09-03,1.443326,3.771569,2.3282429999999996,False
2015-09-04,1.443762,3.769447,2.325685,False
2015-09-07,1.4432,3.770417,2.327217,False
2015-09-08,1.445546,3.795707,2.350161,False
2015-09-09,1.44625,3.806126,2.359876,False
2015-09-10,1.449409,3.814248,2.364839,False
2015-09-11,1.453334,3.817564,2.36423,False
2015-09-14,1.459654,3.81216,2.352506,False
2015-09-15,1.464556,3.791185,2.326629,False
2015-09-16,1.470117,3.788442,2.3183249999999997,False
2015-09-17,1.468657,3.780834,2.312177,False
2015-09-18,1.468779,3.764108,2.2953289999999997,False
2015-09-21,1.474273,3.76144,2.287167,False
2015-09-22,1.477004,3.761139,2.284135,False
2015-09-23,1.478327,3.759939,2.281612,False
2015-09-24,1.480302,3.766513,2.286211,False
2015-09-25,1.482335,3.77104,2.288705,False
2015-09-28,1.487773,3.772077,2.2843039999999997,False
2015-09-29,1.493166,3.772655,2.279489,False
2015-09-30,1.495251,3.749573,2.2543219999999997,False
2015-10-01,1.49487,3.732146,2.2372760000000005,False
2015-10-02,1.494756,3.726902,2.232146,False
2015-10-05,1.498752,3.712459,2.213707,False
2015-10-06,1.498545,3.706941,2.208396,False
2015-10-07,1.499261,3.690499,2.1912380000000002,False
2015-10-08,1.49351,3.691589,2.198079,False
2015-10-09,1.466292,3.680363,2.2140709999999997,False
2015-10-12,1.455995,3.678434,2.2224390000000005,False
2015-10-13,1.449935,3.678274,2.228339,False
2015-10-14,1.447444,3.679033,2.231589,False
2015-10-15,1.447195,3.653568,2.206373,False
2015-10-16,1.446139,3.657018,2.210879,False
2015-10-19,1.443012,3.676785,2.2337730000000002,False
2015-10-20,1.446411,3.693074,2.2466630000000003,False
2015-10-21,1.447391,3.672613,2.225222,False
2015-10-22,1.449299,3.662497,2.213198,False
2015-10-26,1.45291,3.64609,2.19318,False
2015-10-27,1.452422,3.648259,2.195837,False
2015-10-28,1.45454,3.651983,2.197443,False
2015-10-29,1.456712,3.654724,2.198012,False
2015-10-30,1.457836,3.657336,2.1995,False
2015-11-02,1.456018,3.654029,2.198011,False
2015-11-03,1.456001,3.651166,2.195165,False
2015-11-04,1.456933,3.652782,2.195849,False
2015-11-05,1.457119,3.652984,2.195865,False
2015-11-06,1.457268,3.651997,2.194729,False
2015-11-09,1.457313,3.662426,2.205113,False
2015-11-10,1.457326,3.660774,2.203448,False
2015-11-11,1.458335,3.660539,2.202204,False
2015-11-12,1.460148,3.651268,2.1911199999999997,False
2015-11-13,1.460074,3.654581,2.1945069999999998,False
2015-11-16,1.458665,3.655947,2.1972819999999995,False
2015-11-17,1.456874,3.653237,2.196363,False
2015-11-18,1.456188,3.649037,2.192849,False
2015-11-19,1.456152,3.650552,2.1944,False
2015-11-20,1.462848,3.657394,2.194546,False
2015-11-23,1.47408,3.65871,2.1846300000000003,False
2015-11-24,1.478456,3.654435,2.175979,False
2015-11-25,1.48235,3.636352,2.154002,False
2015-11-26,1.484135,3.628845,2.14471,False
2015-11-27,1.485497,3.624601,2.139104,False
2015-11-30,1.488789,3.631533,2.1427440000000004,False
2015-12-01,1.491925,3.624269,2.132344,False
2015-12-02,1.492552,3.621754,2.1292020000000003,False
2015-12-03,1.49304,3.621444,2.1284039999999997,False
2015-12-04,1.49496,3.639736,2.1447760000000002,False
2015-12-08,1.49741,3.635618,2.138208,False
2015-12-09,1.499813,3.635842,2.1360289999999997,False
2015-12-11,1.500024,3.637318,2.137294,False
2015-12-14,1.500569,3.636879,2.13631,False
2015-12-15,1.502083,3.630703,2.1286199999999997,False
2015-12-16,1.501583,3.626317,2.124734,False
2015-12-17,1.50482,3.624678,2.119858,False
2015-12-18,1.504787,3.620349,2.1155619999999997,False
2015-12-21,1.505279,3.61894,2.1136609999999996,False
2015-12-22,1.505426,3.614036,2.10861,False
2015-12-23,1.505548,3.6114,2.105852,False
2015-12-24,1.505607,3.608822,2.103215,False
2015-12-25,1.504502,3.60792,2.103418,False
2015-12-28,1.502677,3.60472,2.102043,False
2015-12-29,1.499111,3.593734,2.094623,False
2015-12-30,1.495927,3.590385,2.094458,False
2017-01-04,1.468426,3.458322,1.9898959999999999,False
2017-01-04,1.468426,3.458322,1.9898959999999999,False
2017-01-05,1.465321,3.456736,1.9914149999999997,False
2017-01-05,1.465321,3.456736,1.9914149999999997,False
2017-01-06,1.461225,3.45876,1.9975349999999998,False
2017-01-06,1.461225,3.45876,1.9975349999999998,False
2017-01-09,1.453756,3.46259,2.0088340000000002,False
2017-01-09,1.453756,3.46259,2.0088340000000002,False
2017-01-10,1.448234,3.457694,2.00946,False
2017-01-10,1.448234,3.457694,2.00946,False
2017-01-11,1.446415,3.455813,2.009398,False
2017-01-11,1.446415,3.455813,2.009398,False
2017-01-12,1.443616,3.449816,2.0062,False
2017-01-12,1.443616,3.449816,2.0062,False
2017-01-13,1.441671,3.452075,2.010404,False
2017-01-13,1.441671,3.452075,2.010404,False
2017-01-16,1.439387,3.453905,2.014518,False
2017-01-16,1.439387,3.453905,2.014518,False
2017-01-17,1.438584,3.454087,2.015503,False
2017-01-17,1.438584,3.454087,2.015503,False
2017-01-18,1.433019,3.454033,2.021014,False
2017-01-18,1.433019,3.454033,2.021014,False
2017-01-19,1.434847,3.45915,2.024303,False
2017-01-19,1.434847,3.45915,2.024303,False
2017-01-20,1.434525,3.45899,2.024465,False
2017-01-20,1.434525,3.45899,2.024465,False
2017-01-23,1.432503,3.458453,2.02595,False
2017-01-23,1.432503,3.458453,2.02595,False
2017-01-24,1.431069,3.460561,2.0294920000000003,False
2017-01-24,1.431069,3.460561,2.0294920000000003,False
2017-01-25,1.43249,3.49551,2.06302,False
2017-01-25,1.43249,3.49551,2.06302,False
2017-01-26,1.433701,3.510247,2.0765460000000004,False
2017-01-26,1.433701,3.510247,2.0765460000000004,False
2017-01-27,1.432793,3.514363,2.08157,False
2017-01-27,1.432793,3.514363,2.08157,False
2017-01-30,1.428885,3.515564,2.086679,False
2017-01-30,1.428885,3.515564,2.086679,False
2017-01-31,1.430019,3.518225,2.0882060000000005,False
2017-01-31,1.430019,3.518225,2.0882060000000005,False
2017-02-01,1.42904,3.518738,2.089698,False
2017-02-01,1.42904,3.518738,2.089698,False
2017-02-02,1.42951,3.517109,2.087599,False
2017-02-02,1.42951,3.517109,2.087599,False
2017-02-03,1.42845,3.517692,2.0892419999999996,False
2017-02-03,1.42845,3.517692,2.0892419999999996,False
2017-02-06,1.424695,3.51852,2.093825,False
2017-02-06,1.424695,3.51852,2.093825,False
2017-02-07,1.422171,3.517685,2.095514,False
2017-02-07,1.422171,3.517685,2.095514,False
2017-02-08,1.42068,3.521835,2.101155,False
2017-02-08,1.42068,3.521835,2.101155,False
2017-02-09,1.417659,3.522959,2.1053,False
2017-02-09,1.417659,3.522959,2.1053,False
2017-02-10,1.41811,3.530802,2.112692,False
2017-02-10,1.41811,3.530802,2.112692,False
2017-02-14,1.418112,3.532125,2.114013,False
2017-02-14,1.418112,3.532125,2.114013,False
2017-02-15,1.41857,3.529483,2.110913,False
2017-02-15,1.41857,3.529483,2.110913,False
2017-02-16,1.419668,3.529699,2.110031,False
2017-02-16,1.419668,3.529699,2.110031,False
2017-02-17,1.418364,3.531323,2.112959,False
2017-02-17,1.418364,3.531323,2.112959,False
2017-02-20,1.41624,3.532557,2.1163170000000004,False
2017-02-20,1.41624,3.532557,2.1163170000000004,False
2017-02-21,1.419653,3.534314,2.114661,False
2017-02-21,1.419653,3.534314,2.114661,False
2017-02-22,1.419615,3.55499,2.135375,False
2017-02-22,1.419615,3.55499,2.135375,False
2017-02-23,1.419718,3.557329,2.137611,False
2017-02-23,1.419718,3.557329,2.137611,False
2017-02-24,1.420664,3.553408,2.132744,False
2017-02-24,1.420664,3.553408,2.132744,False
2017-02-27,1.417915,3.552568,2.134653,False
2017-02-27,1.417915,3.552568,2.134653,False
2017-02-28,1.419416,3.552955,2.133539,False
2017-02-28,1.419416,3.552955,2.133539,False
2017-03-01,1.42094,3.555964,2.1350239999999996,False
2017-03-01,1.42094,3.555964,2.1350239999999996,False
2017-03-02,1.420774,3.555125,2.1343509999999997,False
2017-03-02,1.420774,3.555125,2.1343509999999997,False
2017-03-03,1.417689,3.555429,2.13774,False
2017-03-03,1.417689,3.555429,2.13774,False
2017-03-06,1.421021,3.555503,2.1344819999999998,False
2017-03-06,1.421021,3.555503,2.1344819999999998,False
2017-03-07,1.422254,3.555535,2.133281,False
2017-03-07,1.422254,3.555535,2.133281,False
2017-03-08,1.42377,3.555046,2.1312759999999997,False
2017-03-08,1.42377,3.555046,2.1312759999999997,False
2017-03-09,1.4252,3.561016,2.135816,False
2017-03-09,1.4252,3.561016,2.135816,False
2017-03-10,1.426061,3.560205,2.134144,False
2017-03-10,1.426061,3.560205,2.134144,False
2017-03-13,1.427214,3.55766,2.130446,False
2017-03-13,1.427214,3.55766,2.130446,False
2017-03-14,1.434233,3.558167,2.123934,False
2017-03-14,1.434233,3.558167,2.123934,False
2017-03-15,1.433606,3.576314,2.142708,False
2017-03-15,1.433606,3.576314,2.142708,False
2017-03-16,1.432946,3.575235,2.142289,False
2017-03-16,1.432946,3.575235,2.142289,False
2017-03-17,1.4346,3.576974,2.142374,False
2017-03-17,1.4346,3.576974,2.142374,False
2017-03-20,1.433247,3.575386,2.1421390000000002,False
2017-03-20,1.433247,3.575386,2.1421390000000002,False
2017-03-21,1.437861,3.579707,2.141846,False
2017-03-21,1.437861,3.579707,2.141846,False
2017-03-22,1.440204,3.578633,2.138429,False
2017-03-22,1.440204,3.578633,2.138429,False
2017-03-23,1.441209,3.578368,2.1371590000000005,False
2017-03-23,1.441209,3.578368,2.1371590000000005,False
2017-03-24,1.444265,3.579486,2.1352210000000005,False
2017-03-24,1.444265,3.579486,2.1352210000000005,False
2017-03-27,1.445499,3.574197,2.128698,False
2017-03-27,1.445499,3.574197,2.128698,False
2017-03-28,1.447524,3.573416,2.125892,False
2017-03-28,1.447524,3.573416,2.125892,False
2017-03-29,1.446672,3.564931,2.118259,False
2017-03-29,1.446672,3.564931,2.118259,False
2017-03-30,1.448611,3.553716,2.105105,False
2017-03-30,1.448611,3.553716,2.105105,False
2017-03-31,1.45032,3.539389,2.089069,False
2017-03-31,1.45032,3.539389,2.089069,False
2017-04-03,1.445725,3.510686,2.0649610000000003,False
2017-04-03,1.445725,3.510686,2.0649610000000003,False
2017-04-04,1.438693,3.512586,2.073893,False
2017-04-04,1.438693,3.512586,2.073893,False
2017-04-05,1.434149,3.514657,2.080508,False
2017-04-05,1.434149,3.514657,2.080508,False
2017-04-07,1.432485,3.512492,2.080007,False
2017-04-07,1.432485,3.512492,2.080007,False
2017-04-10,1.43022,3.514627,2.0844069999999997,False
2017-04-10,1.43022,3.514627,2.0844069999999997,False
2017-04-11,1.428448,3.514711,2.086263,False
2017-04-11,1.428448,3.514711,2.086263,False
2017-04-12,1.426249,3.506144,2.0798949999999996,False
2017-04-12,1.426249,3.506144,2.0798949999999996,False
2017-04-17,1.422673,3.502155,2.079482,False
2017-04-17,1.422673,3.502155,2.079482,False
2017-04-18,1.41769,3.503166,2.085476,False
2017-04-18,1.41769,3.503166,2.085476,False
2017-04-19,1.41625,3.503779,2.087529,False
2017-04-19,1.41625,3.503779,2.087529,False
2017-04-20,1.415776,3.504205,2.0884289999999996,False
2017-04-20,1.415776,3.504205,2.0884289999999996,False
2017-04-21,1.416058,3.504266,2.088208,False
2017-04-21,1.416058,3.504266,2.088208,False
2017-04-24,1.413378,3.513054,2.0996759999999997,False
2017-04-24,1.413378,3.513054,2.0996759999999997,False
2017-04-25,1.409316,3.517118,2.107802,False
2017-04-25,1.409316,3.517118,2.107802,False
2017-04-26,1.408736,3.531988,2.123252,False
2017-04-26,1.408736,3.531988,2.123252,False
2017-04-27,1.407201,3.532536,2.1253349999999998,False
2017-04-27,1.407201,3.532536,2.1253349999999998,False
2017-04-28,1.410417,3.532582,2.122165,False
2017-04-28,1.410417,3.532582,2.122165,False
2017-05-02,1.405692,3.532528,2.126836,False
2017-05-02,1.405692,3.532528,2.126836,False
2017-05-03,1.404599,3.530045,2.125446,False
2017-05-03,1.404599,3.530045,2.125446,False
2017-05-04,1.406582,3.531169,2.124587,False
2017-05-04,1.406582,3.531169,2.124587,False
2017-05-05,1.406606,3.529288,2.122682,False
2017-05-05,1.406606,3.529288,2.122682,False
2017-05-08,1.402735,3.518896,2.116161,False
2017-05-08,1.402735,3.518896,2.116161,False
2017-05-09,1.395204,3.525906,2.130702,False
2017-05-09,1.395204,3.525906,2.130702,False
2017-05-11,1.397679,3.52613,2.128451,False
2017-05-11,1.397679,3.52613,2.128451,False
2017-05-12,1.395393,3.52331,2.127917,False
2017-05-12,1.395393,3.52331,2.127917,False
2017-05-15,1.396389,3.522328,2.125939,False
2017-05-15,1.396389,3.522328,2.125939,False
2017-05-16,1.392702,3.520995,2.128293,False
2017-05-16,1.392702,3.520995,2.128293,False
2017-05-17,1.383755,3.518865,2.13511,False
2017-05-17,1.383755,3.518865,2.13511,False
2017-05-18,1.385259,3.516115,2.130856,False
2017-05-18,1.385259,3.516115,2.130856,False
2017-05-19,1.39099,3.517591,2.126601,False
2017-05-19,1.39099,3.517591,2.126601,False
2017-05-22,1.387348,3.519865,2.132517,False
2017-05-22,1.387348,3.519865,2.132517,False
2017-05-23,1.389682,3.522825,2.133143,False
2017-05-23,1.389682,3.522825,2.133143,False
2017-05-24,1.392081,3.517897,2.1258160000000004,False
2017-05-24,1.392081,3.517897,2.1258160000000004,False
2017-05-25,1.391344,3.516632,2.1252880000000003,False
2017-05-25,1.391344,3.516632,2.1252880000000003,False
2017-05-26,1.390596,3.510996,2.1204,False
2017-05-26,1.390596,3.510996,2.1204,False
2017-05-29,1.390831,3.510428,2.119597,False
2017-05-29,1.390831,3.510428,2.119597,False
2017-05-30,1.389179,3.510428,2.121249,False
2017-05-30,1.389179,3.510428,2.121249,False
2017-05-31,1.389091,3.510603,2.121512,False
2017-05-31,1.389091,3.510603,2.121512,False
2017-06-01,1.388944,3.510105,2.121161,False
2017-06-01,1.388944,3.510105,2.121161,False
2017-06-02,1.382636,3.507389,2.124753,False
2017-06-02,1.382636,3.507389,2.124753,False
2017-06-05,1.381542,3.506741,2.125199,False
2017-06-05,1.381542,3.506741,2.125199,False
2017-06-06,1.379759,3.504235,2.124476,False
2017-06-06,1.379759,3.504235,2.124476,False
2017-06-07,1.377886,3.475934,2.0980480000000004,False
2017-06-07,1.377886,3.475934,2.0980480000000004,False
2017-06-08,1.374627,3.456433,2.0818060000000003,False
2017-06-08,1.374627,3.456433,2.0818060000000003,False
2017-06-09,1.372698,3.43463,2.0619319999999997,False
2017-06-09,1.372698,3.43463,2.0619319999999997,False
2017-06-12,1.371968,3.446533,2.0745649999999998,False
2017-06-12,1.371968,3.446533,2.0745649999999998,False
2017-06-13,1.360464,3.433849,2.073385,False
2017-06-13,1.360464,3.433849,2.073385,False
2017-06-14,1.362302,3.400566,2.038264,False
2017-06-14,1.362302,3.400566,2.038264,False
2017-06-15,1.353814,3.374612,2.020798,False
2017-06-15,1.353814,3.374612,2.020798,False
2017-06-16,1.348659,3.367965,2.019306,False
2017-06-16,1.348659,3.367965,2.019306,False
2017-06-19,1.345285,3.379469,2.0341839999999998,False
2017-06-19,1.345285,3.379469,2.0341839999999998,False
2017-06-20,1.344787,3.389237,2.0444500000000003,False
2017-06-20,1.344787,3.389237,2.0444500000000003,False
2017-06-21,1.34277,3.386864,2.0440940000000003,False
2017-06-21,1.34277,3.386864,2.0440940000000003,False
2017-06-22,1.339408,3.366253,2.026845,False
2017-06-22,1.339408,3.366253,2.026845,False
2017-06-23,1.340685,3.369834,2.0291490000000003,False
2017-06-23,1.340685,3.369834,2.0291490000000003,False
2017-06-26,1.336156,3.376461,2.040305,False
2017-06-26,1.336156,3.376461,2.040305,False
2017-06-27,1.332412,3.358915,2.026503,False
2017-06-27,1.332412,3.358915,2.026503,False
2017-06-28,1.337959,3.379446,2.041487,False
2017-06-28,1.337959,3.379446,2.041487,False
2017-06-29,1.337874,3.390652,2.052778,False
2017-06-29,1.337874,3.390652,2.052778,False
2017-06-30,1.334445,3.36959,2.035145,False
2017-06-30,1.334445,3.36959,2.035145,False
2017-07-03,1.328471,3.356343,2.027872,False
2017-07-03,1.328471,3.356343,2.027872,False
2017-07-04,1.324316,3.356009,2.0316929999999997,False
2017-07-04,1.324316,3.356009,2.0316929999999997,False
2017-07-05,1.319267,3.36341,2.044143,False
2017-07-05,1.319267,3.36341,2.044143,False
2017-07-06,1.30718,3.35841,2.0512300000000003,False
2017-07-06,1.30718,3.35841,2.0512300000000003,False
2017-07-07,1.303122,3.368178,2.0650560000000002,False
2017-07-07,1.303122,3.368178,2.0650560000000002,False
2017-07-11,1.295442,3.373817,2.078375,False
2017-07-11,1.295442,3.373817,2.078375,False
2017-07-12,1.291234,3.37589,2.084656,False
2017-07-12,1.291234,3.37589,2.084656,False
2017-07-13,1.286669,3.370754,2.084085,False
2017-07-13,1.286669,3.370754,2.084085,False
2017-07-14,1.281151,3.367382,2.086231,False
2017-07-14,1.281151,3.367382,2.086231,False
2017-07-17,1.262951,3.366204,2.1032530000000005,False
2017-07-17,1.262951,3.366204,2.1032530000000005,False
2017-07-18,1.241119,3.364619,2.1235,False
2017-07-18,1.241119,3.364619,2.1235,False
2017-07-19,1.227111,3.366573,2.139462,False
2017-07-19,1.227111,3.366573,2.139462,False
2017-07-20,1.220908,3.372381,2.1514729999999997,False
2017-07-20,1.220908,3.372381,2.1514729999999997,False
2017-07-21,1.215948,3.370365,2.154417,False
2017-07-21,1.215948,3.370365,2.154417,False
2017-07-24,1.20664,3.367901,2.1612609999999997,False
2017-07-24,1.20664,3.367901,2.1612609999999997,False
2017-07-25,1.194132,3.370672,2.17654,False
2017-07-25,1.194132,3.370672,2.17654,False
2017-07-26,1.193289,3.370241,2.176952,False
2017-07-26,1.193289,3.370241,2.176952,False
2017-07-27,1.203084,3.378783,2.175699,False
2017-07-27,1.203084,3.378783,2.175699,False
2017-07-31,1.184492,3.361864,2.177372,False
2017-07-31,1.184492,3.361864,2.177372,False
2017-08-01,1.167077,3.354131,2.1870540000000003,False
2017-08-01,1.167077,3.354131,2.1870540000000003,False
2017-08-02,1.15699,3.341088,2.184098,False
2017-08-02,1.15699,3.341088,2.184098,False
2017-08-03,1.147097,3.333623,2.1865259999999997,False
2017-08-03,1.147097,3.333623,2.1865259999999997,False
2017-08-04,1.140551,3.331431,2.19088,False
2017-08-04,1.140551,3.331431,2.19088,False
2017-08-07,1.122979,3.341962,2.218983,False
2017-08-07,1.122979,3.341962,2.218983,False
2017-08-08,1.110472,3.331491,2.221019,False
2017-08-08,1.110472,3.331491,2.221019,False
2017-08-09,1.102473,3.272137,2.169664,False
2017-08-09,1.102473,3.272137,2.169664,False
2017-08-10,1.099218,3.272803,2.173585,False
2017-08-10,1.099218,3.272803,2.173585,False
2017-08-11,1.109262,3.290585,2.181323,False
2017-08-11,1.109262,3.290585,2.181323,False
2017-08-15,1.125394,3.307074,2.18168,False
2017-08-15,1.125394,3.307074,2.18168,False
2017-08-16,1.142922,3.309713,2.166791,False
2017-08-16,1.142922,3.309713,2.166791,False
2017-08-17,1.147928,3.303638,2.15571,False
2017-08-17,1.147928,3.303638,2.15571,False
2017-08-18,1.150092,3.289681,2.139589,False
2017-08-18,1.150092,3.289681,2.139589,False
2017-08-21,1.150702,3.283833,2.133131,False
2017-08-21,1.150702,3.283833,2.133131,False
2017-08-22,1.151087,3.285568,2.134481,False
2017-08-22,1.151087,3.285568,2.134481,False
2017-08-23,1.151072,3.28534,2.134268,False
2017-08-23,1.151072,3.28534,2.134268,False
2017-08-24,1.151445,3.276546,2.125101,False
2017-08-24,1.151445,3.276546,2.125101,False
2017-08-25,1.150748,3.248479,2.097731,False
2017-08-25,1.150748,3.248479,2.097731,False
2017-08-28,1.151057,3.222399,2.0713419999999996,False
2017-08-28,1.151057,3.222399,2.0713419999999996,False
2017-08-29,1.151751,3.220567,2.068816,False
2017-08-29,1.151751,3.220567,2.068816,False
2017-08-30,1.15379,3.22461,2.0708200000000003,False
2017-08-30,1.15379,3.22461,2.0708200000000003,False
2017-08-31,1.15398,3.214779,2.0607990000000003,False
2017-08-31,1.15398,3.214779,2.0607990000000003,False
2017-09-01,1.154984,3.187591,2.0326069999999996,False
2017-09-01,1.154984,3.187591,2.0326069999999996,False
2017-09-04,1.155257,3.190422,2.035165,False
2017-09-04,1.155257,3.190422,2.035165,False
2017-09-05,1.154116,3.197814,2.043698,False
2017-09-05,1.154116,3.197814,2.043698,False
2017-09-06,1.153359,3.175676,2.022317,False
2017-09-06,1.153359,3.175676,2.022317,False
2017-09-07,1.152686,3.171275,2.018589,False
2017-09-07,1.152686,3.171275,2.018589,False
2017-09-08,1.15047,3.134857,1.9843869999999997,False
2017-09-08,1.15047,3.134857,1.9843869999999997,False
2017-09-11,1.150884,3.145646,1.9947620000000001,False
2017-09-11,1.150884,3.145646,1.9947620000000001,False
2017-09-12,1.147124,3.194393,2.047269,False
2017-09-12,1.147124,3.194393,2.047269,False
2017-09-13,1.144375,3.195673,2.051298,False
2017-09-13,1.144375,3.195673,2.051298,False
2017-09-14,1.143643,3.224056,2.080413,False
2017-09-14,1.143643,3.224056,2.080413,False
2017-09-15,1.142117,3.228889,2.086772,False
2017-09-15,1.142117,3.228889,2.086772,False
2017-09-18,1.142323,3.22445,2.082127,False
2017-09-18,1.142323,3.22445,2.082127,False
2017-09-19,1.137729,3.21029,2.0725610000000003,False
2017-09-19,1.137729,3.21029,2.0725610000000003,False
2017-09-20,1.134536,3.20201,2.067474,False
2017-09-20,1.134536,3.20201,2.067474,False
2017-09-21,1.135562,3.197228,2.0616659999999998,False
2017-09-21,1.135562,3.197228,2.0616659999999998,False
2017-09-22,1.134762,3.189977,2.0552149999999996,False
2017-09-22,1.134762,3.189977,2.0552149999999996,False
2017-09-25,1.132605,3.158006,2.0254009999999996,False
2017-09-25,1.132605,3.158006,2.0254009999999996,False
2017-09-26,1.13375,3.178742,2.044992,False
2017-09-26,1.13375,3.178742,2.044992,False
2017-09-27,1.135966,3.197484,2.0615180000000004,False
2017-09-27,1.135966,3.197484,2.0615180000000004,False
2017-09-28,1.135798,3.208438,2.07264,False
2017-09-28,1.135798,3.208438,2.07264,False
2017-09-29,1.134725,3.199554,2.064829,False
2017-09-29,1.134725,3.199554,2.064829,False
2017-10-02,1.143644,3.211817,2.068173,False
2017-10-02,1.143644,3.211817,2.068173,False
2017-10-03,1.145732,3.20631,2.0605780000000005,False
2017-10-03,1.145732,3.20631,2.0605780000000005,False
2017-10-04,1.148743,3.204822,2.056079,False
2017-10-04,1.148743,3.204822,2.056079,False
2017-10-05,1.148652,3.201921,2.0532690000000002,False
2017-10-05,1.148652,3.201921,2.0532690000000002,False
2017-10-06,1.146592,3.199361,2.052769,False
2017-10-06,1.146592,3.199361,2.052769,False
2017-10-09,1.150555,3.201071,2.050516,False
2017-10-09,1.150555,3.201071,2.050516,False
2017-10-10,1.150066,3.175609,2.025543,False
2017-10-10,1.150066,3.175609,2.025543,False
2017-10-11,1.147107,3.164148,2.017041,False
2017-10-11,1.147107,3.164148,2.017041,False
2017-10-12,1.148782,3.150257,2.001475,False
2017-10-12,1.148782,3.150257,2.001475,False
2017-10-16,1.148944,3.152186,2.003242,False
2017-10-16,1.148944,3.152186,2.003242,False
2017-10-17,1.149363,3.151411,2.0020480000000003,False
2017-10-17,1.149363,3.151411,2.0020480000000003,False
2017-10-18,1.149878,3.114584,1.9647059999999998,False
2017-10-18,1.149878,3.114584,1.9647059999999998,False
2017-10-19,1.143439,3.108164,1.9647249999999998,False
2017-10-19,1.143439,3.108164,1.9647249999999998,False
2017-10-20,1.14156,3.114445,1.972885,False
2017-10-20,1.14156,3.114445,1.972885,False
2017-10-24,1.138134,3.122107,1.9839730000000002,False
2017-10-24,1.138134,3.122107,1.9839730000000002,False
2017-10-25,1.135635,3.15077,2.015135,False
2017-10-25,1.135635,3.15077,2.015135,False
2017-10-27,1.132022,3.165383,2.0333609999999998,False
2017-10-27,1.132022,3.165383,2.0333609999999998,False
2017-10-30,1.130808,3.162821,2.032013,False
2017-10-30,1.130808,3.162821,2.032013,False
2017-10-31,1.117033,3.158805,2.041772,False
2017-10-31,1.117033,3.158805,2.041772,False
2017-11-01,1.107861,3.154914,2.047053,False
2017-11-01,1.107861,3.154914,2.047053,False
2017-11-02,1.101619,3.151169,2.04955,False
2017-11-02,1.101619,3.151169,2.04955,False
2017-11-03,1.098749,3.14844,2.049691,False
2017-11-03,1.098749,3.14844,2.049691,False
2017-11-06,1.093145,3.145657,2.052512,False
2017-11-06,1.093145,3.145657,2.052512,False
2017-11-07,1.08796,3.145282,2.057322,False
2017-11-07,1.08796,3.145282,2.057322,False
2017-11-08,1.088279,3.141608,2.053329,False
2017-11-08,1.088279,3.141608,2.053329,False
2017-11-09,1.089932,3.148555,2.058623,False
2017-11-09,1.089932,3.148555,2.058623,False
2017-11-10,1.100577,3.160975,2.060398,False
2017-11-10,1.100577,3.160975,2.060398,False
2017-11-13,1.105194,3.161254,2.05606,False
2017-11-13,1.105194,3.161254,2.05606,False
2017-11-14,1.133832,3.16843,2.034598,False
2017-11-14,1.133832,3.16843,2.034598,False
2017-11-15,1.143026,3.16797,2.0249439999999996,False
2017-11-15,1.143026,3.16797,2.0249439999999996,False
2017-11-16,1.157148,3.165188,2.0080400000000003,False
2017-11-16,1.157148,3.165188,2.0080400000000003,False
2017-11-17,1.160413,3.160978,2.000565,False
2017-11-17,1.160413,3.160978,2.000565,False
2017-11-20,1.168553,3.161786,1.9932330000000003,False
2017-11-20,1.168553,3.161786,1.9932330000000003,False
2017-11-21,1.177609,3.16619,1.988581,False
2017-11-21,1.177609,3.16619,1.988581,False
2017-11-22,1.188283,3.179405,1.991122,False
2017-11-22,1.188283,3.179405,1.991122,False
2017-11-23,1.194296,3.180767,1.9864709999999999,False
2017-11-23,1.194296,3.180767,1.9864709999999999,False
2017-11-24,1.195474,3.182673,1.987199,False
2017-11-24,1.195474,3.182673,1.987199,False
2017-11-27,1.19733,3.184936,1.987606,False
2017-11-27,1.19733,3.184936,1.987606,False
2017-11-28,1.200327,3.184928,1.9846010000000003,False
2017-11-28,1.200327,3.184928,1.9846010000000003,False
2017-11-29,1.199822,3.155075,1.9552530000000001,False
2017-11-29,1.199822,3.155075,1.9552530000000001,False
2017-11-30,1.201015,3.164419,1.9634040000000001,False
2017-11-30,1.201015,3.164419,1.9634040000000001,False
2017-12-01,1.20129,3.166459,1.9651690000000002,False
2017-12-01,1.20129,3.166459,1.9651690000000002,False
2017-12-04,1.199965,3.165978,1.966013,False
2017-12-04,1.199965,3.165978,1.966013,False
2017-12-06,1.200666,3.163109,1.962443,False
2017-12-06,1.200666,3.163109,1.962443,False
2017-12-07,1.199967,3.162074,1.962107,False
2017-12-07,1.199967,3.162074,1.962107,False
2017-12-08,1.19852,3.164643,1.9661229999999998,False
2017-12-08,1.19852,3.164643,1.9661229999999998,False
2017-12-12,1.198088,3.168165,1.970077,False
2017-12-12,1.198088,3.168165,1.970077,False
2017-12-13,1.198034,3.175532,1.977498,False
2017-12-13,1.198034,3.175532,1.977498,False
2017-12-14,1.19773,3.172265,1.974535,False
2017-12-14,1.19773,3.172265,1.974535,False
2017-12-15,1.192661,3.168396,1.975735,False
2017-12-15,1.192661,3.168396,1.975735,False
2017-12-18,1.190081,3.169366,1.9792850000000002,False
2017-12-18,1.190081,3.169366,1.9792850000000002,False
2017-12-19,1.189769,3.16809,1.9783209999999998,False
2017-12-19,1.189769,3.16809,1.9783209999999998,False
2017-12-20,1.181946,3.162728,1.980782,False
2017-12-20,1.181946,3.162728,1.980782,False
2017-12-21,1.178357,3.162462,1.984105,False
2017-12-21,1.178357,3.162462,1.984105,False
2017-12-22,1.173961,3.156421,1.9824599999999999,False
2017-12-22,1.173961,3.156421,1.9824599999999999,False
2017-12-25,1.17176,3.158142,1.9863819999999999,False
2017-12-25,1.17176,3.158142,1.9863819999999999,False
2017-12-26,1.168288,3.155974,1.987686,False
2017-12-26,1.168288,3.155974,1.987686,False
2017-12-27,1.161418,3.156863,1.995445,False
2017-12-27,1.161418,3.156863,1.995445,False
2017-12-28,1.16091,3.154918,1.9940079999999998,False
2017-12-28,1.16091,3.154918,1.9940079999999998,False
2017-12-29,1.145048,3.152133,2.007085,False
2017-12-29,1.145048,3.152133,2.007085,False
2018-01-03,1.139458,3.147877,2.008419,False
2018-01-04,1.131917,3.138385,2.006468,False
2018-01-05,1.111304,3.123979,2.0126749999999998,False
2018-01-08,1.093766,3.121681,2.027915,False
2018-01-09,1.088534,3.12097,2.0324359999999997,False
2018-01-10,1.086586,3.117254,2.030668,False
2018-01-11,1.085681,3.103854,2.018173,False
2018-01-12,1.088056,3.10437,2.016314,False
2018-01-15,1.088827,3.093813,2.0049859999999997,False
2018-01-16,1.089382,3.090656,2.001274,False
2018-01-17,1.091318,3.099443,2.0081249999999997,False
2018-01-18,1.090852,3.108429,2.017577,False
2018-01-19,1.09484,3.106215,2.011375,False
2018-01-22,1.102849,3.106582,2.003733,False
2018-01-23,1.106992,3.107015,2.000023,False
2018-01-24,1.107819,3.105561,1.9977419999999997,False
2018-01-25,1.107824,3.106343,1.998519,False
2018-01-26,1.108339,3.106859,1.99852,False
2018-01-29,1.11169,3.120382,2.008692,False
2018-01-30,1.111607,3.140884,2.0292769999999996,False
2018-01-31,1.109854,3.143452,2.033598,False
2018-02-01,1.107817,3.145133,2.0373159999999997,False
2018-02-02,1.107298,3.146875,2.0395770000000004,False
2018-02-05,1.105898,3.191596,2.085698,False
2018-02-06,1.10509,3.19062,2.0855300000000003,False
2018-02-07,1.10549,3.218607,2.113117,False
2018-02-08,1.104848,3.24271,2.137862,False
2018-02-09,1.10405,3.260541,2.156491,False
2018-02-12,1.104355,3.267929,2.163574,False
2018-02-13,1.10699,3.26631,2.15932,False
2018-02-14,1.108285,3.26296,2.154675,False
2018-02-15,1.109645,3.267137,2.157492,False
2018-02-16,1.109266,3.266129,2.1568629999999995,False
2018-02-19,1.110878,3.26725,2.156372,False
2018-02-20,1.112395,3.275614,2.163219,False
2018-02-21,1.10971,3.272556,2.162846,False
2018-02-22,1.108895,3.270985,2.16209,False
2018-02-23,1.108636,3.270023,2.1613870000000004,False
2018-02-26,1.107844,3.28752,2.179676,False
2018-02-27,1.106592,3.298177,2.191585,False
2018-02-28,1.10558,3.301506,2.195926,False
2018-03-02,1.104574,3.307252,2.202678,False
2018-03-05,1.103066,3.310649,2.207583,False
2018-03-06,1.102564,3.315109,2.212545,False
2018-03-07,1.102564,3.317668,2.2151039999999997,False
2018-03-08,1.102564,3.315174,2.2126099999999997,False
2018-03-09,1.102564,3.315572,2.213008,False
2018-03-12,1.102564,3.315809,2.2132449999999997,False
2018-03-13,1.100052,3.316922,2.21687,False
2018-03-14,1.098634,3.317601,2.2189669999999997,False
2018-03-15,1.099734,3.313825,2.214091,False
2018-03-16,1.099012,3.314445,2.215433,False
2018-03-19,1.099106,3.315905,2.216799,False
2018-03-20,1.099173,3.320757,2.221584,False
2018-03-21,1.096774,3.315603,2.218829,False
2018-03-22,1.095613,3.312927,2.217314,False
2018-03-23,1.095866,3.314372,2.218506,False
2018-03-26,1.097329,3.317162,2.2198330000000004,False
2018-03-27,1.098075,3.320967,2.222892,False
2018-03-28,1.097733,3.338189,2.240456,False
2018-03-29,1.097565,3.332292,2.234727,False
2018-03-30,1.098667,3.334484,2.235817,False
2018-04-02,1.096222,3.336985,2.240763,False
2018-04-03,1.096491,3.325002,2.228511,False
2018-04-04,1.098369,3.3228,2.224431,False
2018-04-05,1.09777,3.315165,2.217395,False
2018-04-09,1.096355,3.312852,2.216497,False
2018-04-10,1.098523,3.312697,2.214174,False
2018-04-11,1.100301,3.3126,2.2122990000000002,False
2018-04-12,1.101747,3.309294,2.207547,False
2018-04-17,1.102564,3.312989,2.210425,False
2018-04-18,1.102564,3.343697,2.241133,False
2018-04-19,1.102564,3.340828,2.238264,False
2018-04-20,1.10382,3.344497,2.240677,False
2018-04-23,1.107143,3.34832,2.2411770000000004,False
2018-04-24,1.117579,3.351339,2.2337599999999997,False
2018-04-25,1.122426,3.366532,2.244106,False
2018-04-26,1.123885,3.385883,2.261998,False
2018-04-27,1.125814,3.382823,2.257009,False
2018-04-30,1.133999,3.383944,2.2499450000000003,False
2018-05-02,1.141647,3.392347,2.2507,False
2018-05-03,1.144112,3.396419,2.252307,False
2018-05-04,1.145258,3.394768,2.24951,False
2018-05-07,1.148425,3.398108,2.249683,False
2018-05-08,1.151753,3.410078,2.258325,False
2018-05-09,1.155058,3.419913,2.2648550000000003,False
2018-05-10,1.15692,3.413934,2.257014,False
2018-05-11,1.165915,3.411994,2.246079,False
2018-05-14,1.169485,3.414929,2.245444,False
2018-05-15,1.176793,3.425514,2.248721,False
2018-05-16,1.181427,3.445597,2.26417,False
2018-05-17,1.190047,3.463733,2.2736859999999997,False
2018-05-18,1.192789,3.465564,2.272775,False
2018-05-21,1.201769,3.496302,2.294533,False
2018-05-22,1.21157,3.51668,2.30511,False
2018-05-23,1.223214,3.517667,2.294453,False
2018-05-24,1.235727,3.521718,2.285991,False
2018-05-25,1.238166,3.52226,2.284094,False
2018-05-28,1.23746,3.521642,2.284182,False
2018-05-30,1.241569,3.517959,2.27639,False
2018-05-31,1.243483,3.503742,2.260259,False
2018-06-01,1.245125,3.496222,2.2510969999999997,False
2018-06-04,1.244159,3.500898,2.2567389999999996,False
2018-06-05,1.23871,3.484456,2.2457460000000005,False
2018-06-06,1.235617,3.482563,2.246946,False
2018-06-07,1.238884,3.483749,2.244865,False
2018-06-08,1.224618,3.485909,2.261291,False
2018-06-11,1.207489,3.483509,2.27602,False
2018-06-12,1.179339,3.490375,2.3110359999999996,False
2018-06-13,1.162761,3.495468,2.332707,False
2018-06-14,1.152791,3.496838,2.3440469999999998,False
2018-06-15,1.147619,3.499864,2.352245,False
2018-06-18,1.14399,3.512299,2.368309,False
2018-06-19,1.150503,3.512675,2.362172,False
2018-06-20,1.16119,3.57425,2.41306,False
2018-06-21,1.161993,3.589331,2.4273379999999998,False
2018-06-22,1.165131,3.595443,2.430312,False
2018-06-25,1.165676,3.602258,2.436582,False
2018-06-26,1.169587,3.601705,2.432118,False
2018-06-27,1.177849,3.596856,2.4190069999999997,False
2018-06-28,1.184092,3.597486,2.4133940000000003,False
2018-06-29,1.185994,3.603315,2.417321,False
2018-07-02,1.189402,3.604474,2.4150720000000003,False
2018-07-03,1.191887,3.603914,2.412027,False
2018-07-04,1.191349,3.604944,2.413595,False
2018-07-05,1.197196,3.61053,2.413334,False
2018-07-06,1.200206,3.61379,2.4135839999999997,False
2018-07-09,1.21226,3.612549,2.400289,False
2018-07-10,1.222154,3.61536,2.393206,False
2018-07-11,1.222968,3.637382,2.414414,False
2018-07-12,1.225576,3.645523,2.4199469999999996,False
2018-07-13,1.225896,3.646424,2.420528,False
2018-07-16,1.230709,3.644947,2.414238,False
2018-07-17,1.234249,3.643271,2.409022,False
2018-07-18,1.238222,3.652191,2.4139690000000003,False
2018-07-19,1.243512,3.654172,2.41066,False
2018-07-20,1.235392,3.642818,2.407426,False
2018-07-23,1.23351,3.63135,2.3978399999999995,False
2018-07-24,1.229842,3.608249,2.3784069999999997,False
2018-07-25,1.226798,3.560609,2.333811,False
2018-07-26,1.223861,3.557252,2.3333909999999998,False
2018-07-31,1.221268,3.448288,2.2270199999999996,False
2018-08-01,1.21829,3.419318,2.201028,False
2018-08-02,1.218214,3.410575,2.192361,False
2018-08-03,1.211005,3.391869,2.1808639999999997,False
2018-08-06,1.207564,3.377569,2.1700049999999997,False
2018-08-07,1.204407,3.377509,2.173102,False
2018-08-08,1.205085,3.359428,2.154343,False
2018-08-09,1.203079,3.357922,2.1548429999999996,False
2018-08-10,1.199682,3.357247,2.157565,False
2018-08-14,1.19897,3.357339,2.158369,False
2018-08-15,1.198247,3.358706,2.1604590000000004,False
2018-08-16,1.196498,3.360686,2.164188,False
2018-08-17,1.197926,3.358516,2.16059,False
2018-08-20,1.198747,3.368582,2.169835,False
2018-08-21,1.197555,3.370006,2.172451,False
2018-08-22,1.194005,3.371075,2.1770699999999996,False
2018-08-23,1.199097,3.385187,2.18609,False
2018-08-24,1.200252,3.389631,2.1893789999999997,False
2018-08-27,1.195821,3.386605,2.190784,False
2018-08-28,1.196706,3.386585,2.1898790000000004,False
2018-08-29,1.197736,3.389932,2.192196,False
2018-08-30,1.197535,3.404664,2.207129,False
2018-08-31,1.196709,3.406075,2.209366,False
2018-09-03,1.193967,3.401734,2.2077669999999996,False
2018-09-04,1.193248,3.400644,2.2073959999999997,False
2018-09-05,1.187912,3.451474,2.2635620000000003,False
2018-09-06,1.184472,3.440651,2.256179,False
2018-09-07,1.174004,3.427587,2.253583,False
2018-09-10,1.178406,3.436086,2.2576799999999997,False
2018-09-11,1.180136,3.442502,2.262366,False
2018-09-12,1.180719,3.471194,2.290475,False
2018-09-13,1.18223,3.484486,2.302256,False
2018-09-14,1.179301,3.496544,2.3172430000000004,False
2018-09-17,1.177074,3.492796,2.315722,False
2018-09-18,1.178041,3.490704,2.312663,False
2018-09-19,1.184756,3.484763,2.300007,False
2018-09-20,1.189709,3.484905,2.295196,False
2018-09-21,1.189289,3.485632,2.296343,False
2018-09-24,1.190262,3.480515,2.290253,False
2018-09-25,1.192758,3.478963,2.286205,False
2018-09-26,1.192591,3.47032,2.277729,False
2018-09-27,1.190993,3.463296,2.272303,False
2018-09-28,1.190894,3.461942,2.2710480000000004,False
2018-10-01,1.191475,3.472701,2.2812259999999998,False
2018-10-02,1.194842,3.459007,2.264165,False
2018-10-03,1.196247,3.457321,2.261074,False
2018-10-04,1.201075,3.476572,2.275497,False
2018-10-05,1.200935,3.4808,2.279865,False
2018-10-08,1.20128,3.485704,2.2844240000000005,False
2018-10-09,1.210117,3.490752,2.280635,False
2018-10-10,1.21287,3.488375,2.275505,False
2018-10-11,1.214861,3.487388,2.272527,False
2018-10-12,1.218805,3.490004,2.271199,False
2018-10-16,1.227321,3.486004,2.2586829999999996,False
2018-10-17,1.228037,3.467801,2.239764,False
2018-10-18,1.232991,3.470436,2.237445,False
2018-10-19,1.23488,3.474631,2.239751,False
2018-10-22,1.243045,3.480306,2.237261,False
2018-10-24,1.248415,3.476314,2.227899,False
2018-10-25,1.253328,3.481818,2.22849,False
2018-10-26,1.274149,3.478502,2.2043530000000002,False
2018-10-29,1.285639,3.470576,2.1849369999999997,False
2018-10-30,1.296957,3.480661,2.183704,False
2018-10-31,1.298757,3.453313,2.1545560000000004,False
2018-11-01,1.296758,3.421574,2.124816,False
2018-11-02,1.293979,3.419321,2.125342,False
2018-11-05,1.296777,3.420858,2.124081,False
2018-11-06,1.294186,3.418362,2.1241760000000003,False
2018-11-07,1.290189,3.414149,2.1239600000000003,False
2018-11-08,1.287385,3.415238,2.127853,False
2018-11-09,1.284748,3.424175,2.139427,False
2018-11-12,1.28655,3.428799,2.142249,False
2018-11-13,1.288005,3.430475,2.14247,False
2018-11-14,1.293465,3.436027,2.142562,False
2018-11-15,1.294776,3.420745,2.1259690000000004,False
2018-11-16,1.295066,3.420698,2.1256319999999995,False
2018-11-19,1.293971,3.398644,2.104673,False
2018-11-20,1.293394,3.396489,2.1030949999999997,False
2018-11-21,1.292254,3.370309,2.078055,False
2018-11-22,1.293242,3.360404,2.0671619999999997,False
2018-11-23,1.290978,3.343585,2.052607,False
2018-11-26,1.292605,3.342869,2.050264,False
2018-11-27,1.293286,3.352801,2.059515,False
2018-11-28,1.293497,3.352279,2.058782,False
2018-11-29,1.289963,3.336027,2.0460640000000003,False
2018-11-30,1.292579,3.333351,2.040772,False
2018-12-03,1.29454,3.339368,2.044828,False
2018-12-04,1.289111,3.319159,2.030048,False
2018-12-06,1.284381,3.313102,2.028721,False
2018-12-07,1.284715,3.307703,2.022988,False
2018-12-11,1.286157,3.313322,2.027165,False
2018-12-12,1.284603,3.314773,2.03017,False
2018-12-13,1.279543,3.317789,2.038246,False
2018-12-14,1.274851,3.319044,2.044193,False
2018-12-17,1.278297,3.319775,2.0414779999999997,False
2018-12-18,1.383319,3.314343,1.931024,False
2018-12-19,1.43915,3.309146,1.8699960000000002,False
2018-12-20,1.469523,3.308226,1.838703,False
2018-12-21,1.47889,3.304386,1.825496,False
2018-12-24,1.485686,3.301795,1.8161089999999998,False
2018-12-25,1.493705,3.301164,1.807459,False
2018-12-26,1.498876,3.293958,1.7950819999999998,False
2018-12-27,1.500763,3.30465,1.803887,False
2018-12-28,1.49931,3.310099,1.8107890000000002,False
2019-01-02,1.493395,3.27954,1.7861449999999999,False
2019-01-03,1.49254,3.272122,1.779582,False
2019-01-04,1.485624,3.274695,1.7890709999999999,False
2019-01-07,1.479861,3.30279,1.8229289999999998,False
2019-01-08,1.476054,3.360362,1.8843079999999999,False
2019-01-09,1.473907,3.404585,1.930678,False
2019-01-10,1.46769,3.404913,1.9372230000000001,False
2019-01-11,1.462093,3.384683,1.9225899999999998,False
2019-01-14,1.457594,3.343353,1.885759,False
2019-01-15,1.465694,3.35177,1.886076,False
2019-01-16,1.474527,3.350145,1.875618,False
2019-01-17,1.484506,3.366886,1.88238,False
2019-01-18,1.506483,3.398212,1.891729,False
2019-01-21,1.507239,3.389115,1.8818759999999999,False
2019-01-22,1.520426,3.380146,1.8597199999999998,False
2019-01-23,1.536417,3.358123,1.821706,False
2019-01-24,1.53081,3.353065,1.822255,False
2019-01-25,1.542723,3.348824,1.806101,False
2019-01-28,1.556192,3.346843,1.7906509999999998,False
2019-01-29,1.568798,3.333369,1.764571,False
2019-01-30,1.580516,3.338237,1.7577209999999999,False
2019-01-31,1.585293,3.335798,1.750505,False
2019-02-01,1.590471,3.324536,1.7340650000000002,False
2019-02-04,1.599368,3.335321,1.735953,False
2019-02-05,1.600248,3.337595,1.737347,False
2019-02-06,1.599433,3.335807,1.7363739999999999,False
2019-02-07,1.600994,3.326932,1.7259379999999998,False
2019-02-08,1.595623,3.334529,1.7389059999999998,False
2019-02-11,1.588746,3.330003,1.741257,False
2019-02-12,1.587407,3.334127,1.74672,False
2019-02-13,1.585771,3.328537,1.7427659999999998,False
2019-02-14,1.585706,3.330959,1.745253,False
2019-02-15,1.587145,3.333833,1.7466879999999998,False
2019-02-18,1.585664,3.333872,1.748208,False
2019-02-20,1.584972,3.314006,1.729034,False
2019-02-21,1.581478,3.317271,1.735793,False
2019-02-22,1.573682,3.307259,1.7335770000000001,False
2019-02-25,1.569804,3.31501,1.745206,False
2019-02-26,1.575377,3.319052,1.743675,False
2019-02-27,1.570009,3.318871,1.7488620000000001,False
2019-02-28,1.572821,3.317343,1.7445220000000001,False
2019-03-01,1.573157,3.319988,1.746831,False
2019-03-04,1.593393,3.324183,1.73079,False
2019-03-05,1.606221,3.323493,1.7172720000000001,False
2019-03-06,1.614715,3.314037,1.699322,False
2019-03-07,1.619344,3.318881,1.6995370000000003,False
2019-03-08,1.622999,3.316605,1.693606,False
2019-03-11,1.623449,3.317634,1.694185,False
2019-03-12,1.623099,3.322864,1.699765,False
2019-03-13,1.619256,3.322866,1.7036099999999998,False
2019-03-14,1.624093,3.326699,1.702606,False
2019-03-15,1.620778,3.325639,1.7048609999999997,False
2019-03-18,1.6174,3.32477,1.70737,False
2019-03-19,1.615532,3.326897,1.7113650000000002,False
2019-03-20,1.612554,3.32748,1.714926,False
2019-03-21,1.610706,3.316499,1.705793,False
2019-03-22,1.609379,3.313391,1.7040120000000003,False
2019-03-25,1.611705,3.2976,1.6858950000000001,False
2019-03-26,1.614851,3.287579,1.672728,False
2019-03-27,1.615013,3.281488,1.666475,False
2019-03-28,1.617938,3.283941,1.666003,False
2019-03-29,1.61999,3.291518,1.671528,False
2019-04-01,1.622275,3.315967,1.6936920000000002,False
2019-04-02,1.629039,3.316944,1.687905,False
2019-04-03,1.629381,3.320932,1.691551,False
2019-04-04,1.624028,3.321469,1.697441,False
2019-04-05,1.626174,3.32258,1.6964059999999999,False
2019-04-09,1.622775,3.287618,1.664843,False
2019-04-10,1.623664,3.281534,1.6578700000000002,False
2019-04-11,1.620041,3.278012,1.6579709999999999,False
2019-04-12,1.617301,3.283858,1.6665569999999998,False
2019-04-17,1.617151,3.30055,1.6833989999999999,False
2019-04-18,1.614654,3.297039,1.6823849999999998,False
2019-04-19,1.613292,3.299326,1.6860340000000003,False
2019-04-22,1.61468,3.302485,1.687805,False
2019-04-23,1.617421,3.298357,1.6809360000000002,False
2019-04-24,1.61792,3.29337,1.6754499999999999,False
2019-04-25,1.617344,3.290398,1.6730540000000003,False
2019-04-26,1.619566,3.289995,1.6704289999999997,False
2019-04-29,1.628436,3.288368,1.6599320000000002,False
2019-04-30,1.635155,3.289208,1.654053,False
2019-05-02,1.636196,3.291904,1.6557080000000002,False
2019-05-03,1.636903,3.290141,1.6532380000000002,False
2019-05-07,1.635644,3.284432,1.6487879999999997,False
2019-05-08,1.635833,3.282955,1.6471219999999998,False
2019-05-09,1.633721,3.281633,1.6479119999999998,False
2019-05-10,1.634782,3.279261,1.644479,False
2019-05-13,1.635347,3.278676,1.6433289999999998,False
2019-05-14,1.637883,3.278593,1.64071,False
2019-05-15,1.639201,3.27918,1.6399790000000003,False
2019-05-16,1.641789,3.277725,1.6359360000000003,False
2019-05-17,1.646109,3.282569,1.63646,False
2019-05-21,1.656504,3.286397,1.629893,False
2019-05-22,1.659283,3.283758,1.6244750000000001,False
2019-05-23,1.661112,3.274985,1.6138730000000001,False
2019-05-24,1.66527,3.269542,1.604272,False
2019-05-27,1.667666,3.270922,1.603256,False
2019-05-28,1.66838,3.268771,1.6003910000000001,False
2019-05-29,1.671294,3.261429,1.590135,False
2019-05-30,1.6791,3.263566,1.584466,False
2019-05-31,1.682981,3.241471,1.5584900000000002,False
2019-06-04,1.685866,3.216996,1.5311299999999999,False
2019-06-05,1.684515,3.209103,1.5245879999999998,False
2019-06-06,1.681899,3.192261,1.5103619999999998,False
2019-06-07,1.687714,3.196987,1.509273,False
2019-06-10,1.686354,3.185251,1.4988970000000001,False
2019-06-11,1.686481,3.18396,1.497479,False
2019-06-12,1.685676,3.176693,1.4910170000000003,False
2019-06-13,1.68217,3.152991,1.4708210000000002,False
2019-06-14,1.682167,3.142409,1.4602419999999998,False
2019-06-17,1.682829,3.146405,1.4635760000000002,False
2019-06-18,1.683553,3.151685,1.468132,False
2019-06-19,1.683905,3.023617,1.3397120000000002,False
2019-06-20,1.681384,3.002746,1.3213620000000001,False
2019-06-21,1.682263,3.015598,1.3333349999999997,False
2019-06-24,1.682498,3.010615,1.328117,False
2019-06-25,1.682615,3.006063,1.3234480000000002,False
2019-06-26,1.680756,3.008118,1.3273620000000002,False
2019-06-27,1.683443,3.012428,1.3289849999999999,False
2019-06-28,1.682048,3.008251,1.326203,False
2019-07-01,1.677742,3.001372,1.3236299999999999,False
2019-07-02,1.675135,2.9474,1.272265,False
2019-07-03,1.673173,2.890904,1.217731,False
2019-07-04,1.677711,2.888643,1.2109320000000001,False
2019-07-05,1.680167,2.88557,1.205403,False
2019-07-08,1.681524,2.884733,1.2032090000000002,False
2019-07-09,1.685174,2.884549,1.1993749999999999,False
2019-07-10,1.68765,2.752582,1.0649319999999998,False
2019-07-11,1.68681,2.730209,1.043399,False
2019-07-12,1.69125,2.734803,1.043553,False
2019-07-15,1.691084,2.734633,1.043549,False
2019-07-17,1.689869,2.716632,1.026763,False
2019-07-18,1.68885,2.697957,1.0091070000000002,False
2019-07-19,1.687506,2.66499,0.977484,False
2019-07-22,1.695749,2.661215,0.9654659999999999,False
2019-07-23,1.696474,2.665994,0.9695199999999999,False
2019-07-24,1.694278,2.650418,0.9561400000000002,False
2019-07-25,1.692947,2.616094,0.9231469999999999,False
2019-07-26,1.692394,2.589557,0.8971630000000002,False
2019-07-30,1.697629,2.551291,0.8536619999999999,False
2019-07-31,1.705318,2.508691,0.8033729999999999,False
2019-08-01,1.702248,2.488643,0.7863950000000002,False
2019-08-02,1.698845,2.424949,0.7261039999999999,False
2019-08-05,1.689229,2.378029,0.6888000000000001,False
2019-08-06,1.677352,2.366136,0.6887840000000001,False
2019-08-07,1.531724,2.292298,0.7605740000000001,False
2019-08-08,1.478894,2.153208,0.6743139999999999,False
2019-08-09,1.47468,2.13797,0.6632900000000002,False
2019-08-13,1.474367,2.114378,0.6400109999999999,False
2019-08-14,1.484269,1.991524,0.507255,False
2019-08-15,1.483339,1.91384,0.430501,False
2019-08-16,1.489931,1.903201,0.41327,False
2019-08-19,1.493481,1.896352,0.402871,False
2019-08-20,1.501576,1.918831,0.41725499999999993,False
2019-08-21,1.502736,1.915198,0.4124619999999999,False
2019-08-22,1.503006,1.921006,0.4179999999999999,False
2019-08-23,1.50304,1.919311,0.41627100000000006,False
2019-08-26,1.501472,1.892429,0.390957,False
2019-08-27,1.499808,1.883441,0.3836329999999999,False
2019-08-28,1.470643,1.879057,0.40841400000000005,False
2019-08-29,1.463424,1.871422,0.40799799999999986,False
2019-08-30,1.462297,1.875852,0.4135550000000001,False
2019-09-02,1.461474,1.87665,0.415176,False
2019-09-03,1.459628,1.878855,0.419227,False
2019-09-04,1.456041,1.87841,0.422369,False
2019-09-05,1.457422,1.888178,0.4307559999999999,False
2019-09-06,1.451432,1.916414,0.464982,False
2019-09-09,1.449929,1.958,0.5080709999999999,False
2019-09-10,1.448232,1.969533,0.521301,False
2019-09-11,1.439701,1.96893,0.5292290000000002,False
2019-09-12,1.439407,1.965067,0.5256599999999998,False
2019-09-13,1.427665,1.966189,0.538524,False
2019-09-16,1.418953,1.952158,0.5332050000000002,False
2019-09-17,1.41515,1.931349,0.5161990000000001,False
2019-09-18,1.410103,1.904522,0.49441899999999994,False
2019-09-19,1.408162,1.902115,0.4939530000000001,False
2019-09-20,1.400002,1.900695,0.500693,False
2019-09-23,1.394156,1.885594,0.49143800000000004,False
2019-09-24,1.388687,1.881575,0.492888,False
2019-09-25,1.389019,1.884235,0.4952160000000001,False
2019-09-26,1.388391,1.882754,0.4943630000000001,False
2019-09-27,1.387838,1.881692,0.493854,False
2019-09-30,1.38599,1.863214,0.47722399999999987,False
2019-10-01,1.390895,1.859452,0.4685570000000001,False
2019-10-02,1.393965,1.85355,0.45958500000000013,False
2019-10-03,1.393701,1.843895,0.450194,False
2019-10-04,1.392081,1.843956,0.451875,False
2019-10-07,1.390121,1.843254,0.453133,False
2019-10-08,1.390949,1.851072,0.46012300000000006,False
2019-10-09,1.391418,1.846766,0.45534799999999986,False
2019-10-10,1.390946,1.851022,0.46007599999999993,False
2019-10-11,1.391175,1.861733,0.47055800000000003,False
2019-10-15,1.390046,1.866683,0.4766370000000002,False
2019-10-16,1.390115,1.794814,0.4046989999999999,False
2019-10-17,1.394324,1.806111,0.4117870000000001,False
2019-10-18,1.402693,1.80121,0.398517,False
2019-10-21,1.409826,1.803887,0.394061,False
2019-10-22,1.413042,1.806074,0.39303200000000005,False
2019-10-24,1.410921,1.799446,0.388525,False
2019-10-25,1.410717,1.797471,0.38675400000000004,False
2019-10-28,1.412881,1.813901,0.40101999999999993,False
2019-10-29,1.41619,1.81824,0.40205,False
2019-10-30,1.416798,1.815256,0.398458,False
2019-10-31,1.415745,1.814766,0.39902100000000007,False
2019-11-01,1.414608,1.809789,0.395181,False
2019-11-04,1.41314,1.817216,0.4040759999999999,False
2019-11-05,1.41817,1.832971,0.414801,False
2019-11-06,1.332386,1.832361,0.49997499999999984,False
2019-11-07,1.313374,1.877148,0.563774,False
2019-11-08,1.310256,1.95886,0.648604,False
2019-11-11,1.308087,1.978073,0.669986,False
2019-11-12,1.296532,1.984836,0.688304,False
2019-11-13,1.295313,1.999092,0.7037790000000002,False
2019-11-14,1.2929,1.999339,0.706439,False
2019-11-15,1.289994,2.000971,0.7109769999999997,False
2019-11-18,1.289083,2.001657,0.7125739999999998,False
2019-11-19,1.287448,2.001816,0.7143679999999999,False
2019-11-20,1.284361,2.00121,0.7168489999999998,False
2019-11-21,1.283674,1.998044,0.71437,False
2019-11-22,1.284706,2.00868,0.7239740000000001,False
2019-11-25,1.282379,2.007268,0.7248889999999999,False
2019-11-26,1.281521,2.005192,0.7236710000000002,False
2019-11-27,1.279708,2.00483,0.725122,False
2019-11-28,1.277066,2.006534,0.7294679999999998,False
2019-11-29,1.267568,2.005232,0.7376639999999999,False
2019-12-02,1.266989,2.008447,0.741458,False
2019-12-03,1.25608,2.009311,0.7532309999999998,False
2019-12-04,1.244195,2.013355,0.7691599999999998,False
2019-12-06,1.241241,2.020786,0.7795450000000002,False
2019-12-09,1.229393,2.019727,0.7903340000000001,False
2019-12-11,1.222742,2.015037,0.792295,False
2019-12-12,1.215783,2.015964,0.8001809999999998,False
2019-12-13,1.213815,2.024986,0.8111710000000001,False
2019-12-16,1.211139,2.023987,0.812848,False
2019-12-17,1.206756,2.023483,0.8167270000000002,False
2019-12-18,1.195515,2.023039,0.8275239999999997,False
2019-12-19,1.189016,2.03865,0.849634,False
2019-12-20,1.180185,2.043352,0.863167,False
2019-12-23,1.163341,2.042316,0.8789750000000001,False
2019-12-24,1.156951,2.037854,0.8809029999999998,False
2019-12-25,1.154676,2.033577,0.8789010000000002,False
2019-12-26,1.153542,2.032659,0.8791170000000001,False
2019-12-27,1.15523,2.033681,0.8784510000000001,False
2019-12-30,1.154525,2.034103,0.879578,False
2020-01-02,1.145222,2.018951,0.873729,False
2020-01-03,1.130596,2.011092,0.8804960000000002,False
2020-01-06,1.120753,1.999493,0.8787399999999999,False
2020-01-07,1.104362,1.998914,0.894552,False
2020-01-08,1.102618,1.996789,0.8941709999999998,False
2020-01-09,1.105919,2.007947,0.902028,False
2020-01-10,1.106621,2.005621,0.899,False
2020-01-13,1.10646,2.008404,0.9019440000000001,False
2020-01-14,1.106399,2.009067,0.902668,False
2020-01-15,1.103956,2.012568,0.908612,False
2020-01-16,1.103683,2.020488,0.9168049999999999,False
2020-01-17,1.103916,2.042001,0.9380850000000001,False
2020-01-20,1.102799,2.043468,0.9406689999999998,False
2020-01-21,1.098399,2.047978,0.9495790000000002,False
2020-01-22,1.097277,2.052148,0.9548709999999998,False
2020-01-23,1.096908,2.048057,0.951149,False
2020-01-24,1.092475,2.050163,0.9576879999999999,False
2020-01-27,1.089164,2.045952,0.9567880000000002,False
2020-01-28,1.088291,2.050403,0.9621120000000003,False
2020-01-29,1.088253,2.050424,0.9621710000000001,False
2020-01-30,1.085811,2.04428,0.958469,False
2020-01-31,1.083217,2.027804,0.9445870000000001,False
2020-02-03,1.08155,2.016778,0.935228,False
2020-02-04,1.076716,2.018599,0.941883,False
2020-02-05,1.036495,2.011563,0.9750680000000003,False
2020-02-06,1.005885,2.00292,0.9970350000000001,False
2020-02-07,0.995947,1.988926,0.992979,False
2020-02-11,0.997416,1.990179,0.992763,False
2020-02-12,0.998981,1.992367,0.993386,False
2020-02-13,0.993144,1.978079,0.9849349999999999,False
2020-02-14,0.990845,1.968107,0.9772620000000001,False
2020-02-17,0.984129,1.953541,0.9694119999999999,False
2020-02-18,0.983606,1.867553,0.883947,False
2020-02-19,0.985912,1.767314,0.781402,False
2020-02-20,0.984028,1.736943,0.7529149999999999,False
2020-02-21,0.983595,1.716455,0.7328600000000001,False
2020-02-24,0.982431,1.694993,0.7125619999999999,False
2020-02-25,0.982629,1.702422,0.7197930000000001,False
2020-02-26,0.981024,1.684463,0.703439,False
2020-02-27,0.980746,1.688367,0.7076209999999999,False
2020-02-28,0.985514,1.701401,0.7158869999999999,False
2020-03-02,0.98334,1.67397,0.69063,False
2020-03-03,0.982292,1.682132,0.6998399999999999,False
2020-03-04,0.959971,1.59923,0.6392589999999999,False
2020-03-05,0.960394,1.599551,0.639157,False
2020-03-06,0.958439,1.560212,0.6017729999999999,False
2020-03-09,0.938547,1.467404,0.5288569999999999,False
2020-03-10,0.921089,1.456339,0.53525,False
2020-03-11,0.911565,1.478487,0.5669220000000001,False
2020-03-12,0.923419,1.577196,0.653777,False
2020-03-13,0.956132,1.703902,0.74777,False
2020-03-16,0.965099,1.72952,0.7644209999999999,False
2020-03-17,0.981604,1.763961,0.7823569999999999,False
2020-03-18,0.993278,1.93621,0.942932,False
2020-03-19,1.002119,2.208353,1.2062339999999998,False
2020-03-20,1.002119,2.241634,1.239515,False
2020-03-23,0.839796,2.236843,1.397047,False
2020-03-24,0.799483,2.269983,1.4705,False
2020-03-25,0.774169,2.28428,1.5101109999999998,False
2020-03-26,0.760657,2.293629,1.532972,False
2020-03-27,0.756816,2.325986,1.5691699999999997,False
2020-03-30,0.757476,2.347593,1.5901169999999998,False
2020-03-31,0.756668,2.37082,1.6141520000000003,False
2020-04-01,0.756816,2.415521,1.6587049999999999,False
2020-04-02,0.744683,2.440776,1.696093,False
2020-04-03,0.721935,2.439954,1.7180190000000002,False
2020-04-07,0.702396,2.42809,1.725694,False
2020-04-08,0.702287,2.464865,1.762578,False
2020-04-09,0.694522,2.458837,1.7643149999999999,False
2020-04-10,0.683248,2.452759,1.769511,False
2020-04-13,0.663263,2.455041,1.7917779999999999,False
2020-04-14,0.608952,2.441714,1.8327620000000002,False
2020-04-15,0.581598,2.431626,1.850028,False
2020-04-16,0.570813,2.429331,1.858518,False
2020-04-17,0.556787,2.423045,1.8662580000000002,False
2020-04-20,0.541734,2.419559,1.877825,False
2020-04-21,0.533243,2.403094,1.8698509999999997,False
2020-04-22,0.528293,2.3671,1.838807,False
2020-04-23,0.532562,2.355424,1.8228620000000002,False
2020-04-24,0.528155,2.299952,1.7717970000000003,False
2020-04-27,0.523067,2.2908,1.767733,False
2020-04-28,0.505894,2.279799,1.773905,False
2020-04-29,0.49732,2.260131,1.762811,False
2020-04-30,0.48092,2.242751,1.7618310000000001,False
2020-05-05,0.464029,2.198,1.733971,False
2020-05-07,0.458593,2.169347,1.710754,False
2020-05-08,0.445851,2.148817,1.7029660000000002,False
2020-05-11,0.441119,2.149675,1.7085559999999997,False
2020-05-12,0.438753,2.151864,1.7131110000000003,False
2020-05-13,0.433381,2.007646,1.5742649999999998,False
2020-05-14,0.431029,2.017014,1.585985,False
2020-05-15,0.431433,2.014218,1.582785,False
2020-05-18,0.431739,2.012594,1.5808550000000001,False
2020-05-19,0.436948,2.018947,1.5819989999999997,False
2020-05-20,0.424107,2.013329,1.5892220000000001,False
2020-05-21,0.423808,2.00605,1.5822420000000001,False
2020-05-22,0.417946,1.990635,1.572689,False
2020-05-25,0.424991,1.996205,1.5712139999999999,False
2020-05-26,0.429255,1.99919,1.569935,False
2020-05-27,0.430526,2.016104,1.585578,False
2020-05-28,0.435967,2.03235,1.596383,False
2020-05-29,0.440299,2.032839,1.59254,False
2020-06-01,0.442736,2.038518,1.5957819999999998,False
2020-06-02,0.448531,2.058814,1.610283,False
2020-06-04,0.451038,2.074911,1.6238730000000001,False
2020-06-05,0.449593,2.091244,1.641651,False
2020-06-08,0.450043,2.09444,1.644397,False
2020-06-09,0.441614,2.088746,1.647132,False
2020-06-10,0.440582,2.083323,1.642741,False
2020-06-11,0.440112,2.085399,1.6452869999999997,False
2020-06-12,0.43487,2.087097,1.652227,False
2020-06-15,0.431497,2.082379,1.650882,False
2020-06-16,0.429513,2.082281,1.652768,False
2020-06-17,0.42781,2.092206,1.664396,False
2020-06-18,0.424228,2.092354,1.6681259999999998,False
2020-06-19,0.422922,2.091508,1.6685860000000001,False
2020-06-22,0.42217,2.087644,1.6654740000000001,False
2020-06-23,0.431712,2.081343,1.6496309999999998,False
2020-06-24,0.43494,2.071466,1.636526,False
2020-06-25,0.434382,2.070884,1.636502,False
2020-06-26,0.426828,2.067581,1.6407530000000001,False
2020-06-29,0.424156,2.056435,1.632279,False
2020-06-30,0.426408,2.060545,1.634137,False
2020-07-01,0.425384,2.075888,1.650504,False
2020-07-02,0.427725,2.073935,1.64621,False
2020-07-03,0.43099,2.081927,1.6509369999999999,False
2020-07-07,0.431683,2.092229,1.660546,False
2020-07-08,0.431489,2.091563,1.6600739999999998,False
2020-07-09,0.430295,2.089437,1.6591420000000001,False
2020-07-10,0.428476,2.08202,1.653544,False
2020-07-13,0.429132,2.088123,1.6589909999999999,False
2020-07-14,0.431516,2.08837,1.6568539999999998,False
2020-07-15,0.434039,2.074974,1.640935,False
2020-07-16,0.434279,2.07535,1.6410709999999997,False
2020-07-17,0.437948,2.073703,1.635755,False
2020-07-20,0.441192,2.075513,1.634321,False
2020-07-21,0.441592,2.063439,1.6218469999999998,False
2020-07-22,0.440908,2.061814,1.620906,False
2020-07-23,0.44089,2.069144,1.628254,False
2020-07-24,0.444887,2.074141,1.629254,False
2020-07-29,0.44577,2.069389,1.6236190000000001,False
2020-07-30,0.447128,2.070986,1.623858,False
2020-07-31,0.44678,2.06883,1.6220500000000002,False
2020-08-03,0.445512,2.072156,1.6266440000000002,False
2020-08-04,0.445517,2.067973,1.622456,False
2020-08-05,0.447204,2.067439,1.6202349999999999,False
2020-08-06,0.450285,2.071888,1.621603,False
2020-08-07,0.451526,2.077428,1.625902,False
2020-08-10,0.456754,2.086501,1.629747,False
2020-08-11,0.460465,2.126563,1.6660979999999999,False
2020-08-13,0.461635,2.1252,1.663565,False
2020-08-14,0.461882,2.127583,1.6657009999999999,False
2020-08-17,0.461208,2.166108,1.7048999999999999,False
2020-08-18,0.462804,2.18009,1.7172859999999999,False
2020-08-19,0.463034,2.179663,1.7166290000000002,False
2020-08-20,0.464502,2.181708,1.717206,False
2020-08-21,0.463325,2.181405,1.7180799999999998,False
2020-08-24,0.464145,2.181314,1.717169,False
2020-08-25,0.463168,2.180723,1.717555,False
2020-08-26,0.467427,2.187852,1.7204249999999999,False
2020-08-27,0.466675,2.185479,1.718804,False
2020-08-28,0.469601,2.207814,1.738213,False
2020-08-31,0.465863,2.197839,1.731976,False
2020-09-01,0.466715,2.198244,1.7315289999999999,False
2020-09-02,0.468369,2.197109,1.7287400000000002,False
2020-09-03,0.468899,2.193627,1.7247280000000003,False
2020-09-08,0.470945,2.194774,1.7238289999999998,False
2020-09-09,0.469408,2.190758,1.7213500000000002,False
2020-09-10,0.469724,2.188883,1.719159,False
2020-09-11,0.470274,2.181997,1.7117229999999999,False
2020-09-14,0.47194,2.175024,1.703084,False
2020-09-15,0.471827,2.172712,1.7008850000000002,False
2020-09-16,0.472207,2.176484,1.7042769999999998,False
2020-09-17,0.47311,2.17921,1.7061,False
2020-09-18,0.472093,2.179009,1.706916,False
2020-09-21,0.47184,2.178202,1.7063620000000002,False
2020-09-22,0.474072,2.179811,1.705739,False
2020-09-23,0.474586,2.180251,1.7056650000000002,False
2020-09-24,0.474711,2.178817,1.704106,False
2020-09-25,0.474268,2.179363,1.705095,False
2020-09-28,0.474219,2.180772,1.7065530000000002,False
2020-09-29,0.474236,2.181811,1.7075750000000003,False
2020-09-30,0.473998,2.181952,1.707954,False
2020-10-01,0.474645,2.181941,1.7072960000000001,False
2020-10-02,0.47391,2.180878,1.7069679999999998,False
2020-10-05,0.473621,2.181477,1.707856,False
2020-10-06,0.476177,2.181317,1.7051399999999999,False
2020-10-07,0.476918,2.180428,1.70351,False
2020-10-08,0.477419,2.178838,1.7014189999999998,False
2020-10-09,0.478735,2.180794,1.7020590000000002,False
2020-10-12,0.47924,2.180648,1.7014080000000003,False
2020-10-14,0.481351,2.179556,1.6982049999999997,False
2020-10-15,0.480236,2.182233,1.701997,False
2020-10-16,0.479406,2.182793,1.7033870000000002,False
2020-10-19,0.478647,2.183604,1.7049569999999998,False
2020-10-20,0.478844,2.183613,1.7047689999999998,False
2020-10-21,0.478547,2.183633,1.7050859999999999,False
2020-10-22,0.478176,2.183683,1.7055069999999999,False
2020-10-26,0.478851,2.183946,1.705095,False
2020-10-27,0.478863,2.184199,1.705336,False
2020-10-28,0.479,2.182031,1.7030309999999997,False
2020-10-29,0.481881,2.183768,1.7018870000000001,False
2020-10-30,0.484236,2.184151,1.6999149999999998,False
2020-11-02,0.484418,2.18443,1.7000119999999999,False
2020-11-03,0.485195,2.184599,1.699404,False
2020-11-04,0.484646,2.182623,1.6979769999999998,False
2020-11-05,0.484285,2.17708,1.692795,False
2020-11-06,0.482066,2.176223,1.6941569999999997,False
2020-11-09,0.480116,2.172955,1.692839,False
2020-11-10,0.47822,2.172815,1.694595,False
2020-11-11,0.476518,2.178178,1.70166,False
2020-11-12,0.474749,2.17669,1.7019409999999997,False
2020-11-13,0.472812,2.175518,1.7027059999999998,False
2020-11-16,0.470492,2.176243,1.7057509999999998,False
2020-11-17,0.465618,2.176921,1.711303,False
2020-11-18,0.459747,2.167283,1.7075359999999997,False
2020-11-19,0.456954,2.168567,1.7116129999999998,False
2020-11-20,0.454441,2.169981,1.7155399999999998,False
2020-11-23,0.452864,2.161175,1.7083110000000001,False
2020-11-24,0.451285,2.164193,1.712908,False
2020-11-25,0.448777,2.162036,1.713259,False
2020-11-26,0.444969,2.163944,1.718975,False
2020-11-27,0.444783,2.159825,1.7150420000000002,False
2020-11-30,0.443513,2.152616,1.709103,False
2020-12-01,0.436343,2.14254,1.706197,False
2020-12-02,0.433893,2.133183,1.69929,False
2020-12-03,0.421074,2.111534,1.6904599999999999,False
2020-12-04,0.41338,2.095842,1.6824620000000001,False
2020-12-08,0.399652,2.093234,1.6935819999999997,False
2020-12-09,0.393219,2.093056,1.6998369999999998,False
2020-12-14,0.384583,2.088106,1.7035229999999997,False
2020-12-15,0.362657,2.074517,1.7118600000000002,False
2020-12-16,0.357423,2.084228,1.726805,False
2020-12-17,0.348681,2.081438,1.7327569999999999,False
2020-12-18,0.335849,2.060782,1.724933,False
2020-12-21,0.318249,2.063356,1.7451070000000002,False
2020-12-22,0.311442,2.061578,1.750136,False
2020-12-23,0.30231,2.061763,1.759453,False
2020-12-24,0.302692,2.062263,1.7595710000000002,False
2020-12-25,0.301127,2.062375,1.761248,False
2020-12-28,0.292618,2.063846,1.7712279999999998,False
2020-12-29,0.279719,2.062285,1.782566,False
2020-12-30,0.274767,2.062407,1.78764,False
2021-01-04,0.269472,2.054797,1.7853250000000003,False
2021-01-05,0.265463,2.047026,1.7815629999999998,False
2021-01-06,0.280201,2.060563,1.7803620000000002,False
2021-01-07,0.281322,2.05934,1.778018,False
2021-01-08,0.283743,2.059162,1.775419,False
2021-01-11,0.284517,2.060146,1.775629,False
2021-01-12,0.287485,2.06402,1.7765350000000002,False
2021-01-13,0.286836,2.104558,1.8177219999999998,False
2021-01-14,0.290585,2.113705,1.8231199999999999,False
2021-01-15,0.291336,2.118975,1.8276389999999998,False
2021-01-18,0.289795,2.114341,1.824546,False
2021-01-19,0.296204,2.11602,1.8198159999999999,False
2021-01-20,0.299183,2.121306,1.8221230000000002,False
2021-01-21,0.302192,2.120802,1.8186099999999998,False
2021-01-22,0.301723,2.119641,1.8179180000000001,False
2021-01-25,0.300615,2.113393,1.8127779999999998,False
2021-01-26,0.299454,2.113828,1.814374,False
2021-01-27,0.30055,2.115756,1.8152060000000003,False
2021-01-28,0.300866,2.115266,1.8144,False
2021-01-29,0.301098,2.115973,1.8148749999999998,False
2021-02-01,0.302605,2.116535,1.8139299999999998,False
2021-02-02,0.303465,2.116744,1.813279,False
2021-02-03,0.303973,2.116833,1.8128600000000001,False
2021-02-04,0.305195,2.116892,1.8116970000000001,False
2021-02-05,0.305904,2.116021,1.810117,False
2021-02-08,0.313591,2.145553,1.831962,False
2021-02-09,0.313743,2.143997,1.830254,False
2021-02-10,0.317348,2.144702,1.8273540000000001,False
2021-02-11,0.317832,2.143021,1.825189,False
2021-02-15,0.336257,2.168847,1.83259,False
2021-02-16,0.346033,2.174214,1.828181,False
2021-02-17,0.358152,2.184226,1.8260739999999998,False
2021-02-18,0.361172,2.188625,1.827453,False
2021-02-19,0.374196,2.205936,1.83174,False
2021-02-22,0.3996,2.366377,1.966777,False
2021-02-23,0.419712,2.395711,1.9759989999999998,False
2021-02-24,0.427134,2.423462,1.9963279999999997,False
2021-02-25,0.448556,2.491606,2.04305,False
2021-03-01,0.460303,2.501996,2.041693,False
2021-03-02,0.462434,2.525419,2.062985,False
2021-03-03,0.462399,2.597869,2.13547,False
2021-03-04,0.460021,2.623914,2.163893,False
2021-03-05,0.460401,2.682205,2.221804,False
2021-03-08,0.464896,2.804328,2.339432,False
2021-03-09,0.460274,2.810318,2.350044,False
2021-03-10,0.460126,2.799668,2.3395420000000002,False
2021-03-11,0.452893,2.784556,2.331663,False
2021-03-12,0.453152,2.844327,2.3911749999999996,False
2021-03-15,0.449402,2.895906,2.446504,False
2021-03-16,0.430429,2.894353,2.463924,False
2021-03-17,0.422546,2.903844,2.481298,False
2021-03-18,0.409083,2.923611,2.5145280000000003,False
2021-03-19,0.39649,2.924228,2.527738,False
2021-03-22,0.381048,2.912864,2.531816,False
2021-03-23,0.341116,2.90118,2.560064,False
2021-03-24,0.330619,2.902538,2.571919,False
2021-03-25,0.325634,2.903097,2.577463,False
2021-03-26,0.321375,2.905629,2.5842539999999996,False
2021-03-29,0.314756,2.905042,2.590286,False
2021-03-30,0.312049,2.919748,2.6076989999999998,False
2021-03-31,0.308424,2.91163,2.603206,False
2021-04-01,0.30207,2.905088,2.603018,False
2021-04-02,0.301148,2.893607,2.592459,False
2021-04-05,0.299296,2.903801,2.604505,False
2021-04-07,0.297755,2.911727,2.613972,False
2021-04-08,0.297472,2.907453,2.609981,False
2021-04-09,0.299902,2.908367,2.6084650000000003,False
2021-04-12,0.300158,2.913701,2.613543,False
2021-04-16,0.300187,2.91106,2.6108729999999998,False
2021-04-19,0.300191,2.90834,2.608149,False
2021-04-20,0.300191,2.91093,2.610739,False
2021-04-21,0.300191,2.906611,2.60642,False
2021-04-22,0.300191,2.909953,2.609762,False
2021-04-23,0.301226,2.907119,2.605893,False
2021-04-26,0.300302,2.86844,2.5681380000000003,False
2021-04-27,0.300203,2.834219,2.5340160000000003,False
2021-04-28,0.302047,2.83837,2.536323,False
2021-04-29,0.302844,2.823345,2.5205010000000003,False
2021-04-30,0.300485,2.804484,2.503999,False
2021-05-05,0.300223,2.768689,2.4684660000000003,False
2021-05-06,0.300191,2.686833,2.386642,False
2021-05-07,0.300652,2.688073,2.3874210000000002,False
2021-05-10,0.300556,2.689113,2.388557,False
2021-05-11,0.304478,2.686242,2.381764,False
2021-05-12,0.304215,2.681718,2.377503,False
2021-05-13,0.307208,2.68285,2.375642,False
2021-05-14,0.30775,2.680699,2.372949,False
2021-05-17,0.306371,2.680126,2.373755,False
2021-05-18,0.309578,2.695934,2.3863559999999997,False
2021-05-19,0.313053,2.778581,2.465528,False
2021-05-20,0.316502,2.798465,2.4819630000000004,False
2021-05-21,0.313796,2.76721,2.453414,False
2021-05-24,0.314901,2.767419,2.452518,False
2021-05-25,0.315249,2.76081,2.445561,False
2021-05-27,0.319247,2.762482,2.443235,False
2021-05-28,0.321443,2.767469,2.4460260000000003,False
2021-05-31,0.323505,2.77079,2.447285,False
2021-06-01,0.326116,2.772544,2.446428,False
2021-06-02,0.326843,2.772509,2.445666,False
2021-06-04,0.326832,2.775116,2.448284,False
2021-06-07,0.327503,2.771659,2.444156,False
2021-06-08,0.328329,2.765944,2.437615,False
2021-06-09,0.328719,2.752618,2.423899,False
2021-06-10,0.33093,2.748744,2.417814,False
2021-06-11,0.32974,2.742096,2.412356,False
2021-06-14,0.331777,2.748718,2.4169410000000005,False
2021-06-15,0.333395,2.754665,2.4212700000000003,False
2021-06-16,0.332215,2.747768,2.415553,False
2021-06-17,0.33577,2.761653,2.425883,False
2021-06-18,0.338144,2.769198,2.4310539999999996,False
2021-06-21,0.34005,2.760202,2.420152,False
2021-06-22,0.342996,2.766755,2.423759,False
2021-06-23,0.347463,2.764673,2.4172100000000003,False
2021-06-24,0.349916,2.766362,2.416446,False
2021-06-25,0.350556,2.763806,2.41325,False
2021-06-28,0.350874,2.762858,2.411984,False
2021-06-29,0.352064,2.764067,2.412003,False
2021-06-30,0.354564,2.740248,2.385684,False
2021-07-01,0.35265,2.715391,2.3627409999999998,False
2021-07-02,0.359233,2.710801,2.351568,False
2021-07-05,0.358402,2.698985,2.340583,False
2021-07-06,0.360566,2.701203,2.340637,False
2021-07-07,0.35733,2.692406,2.335076,False
2021-07-08,0.354356,2.668221,2.313865,False
2021-07-09,0.354404,2.673354,2.3189499999999996,False
2021-07-12,0.355118,2.6742,2.319082,False
2021-07-13,0.353874,2.653893,2.300019,False
2021-07-14,0.353077,2.651345,2.298268,False
2021-07-15,0.352848,2.643729,2.290881,False
2021-07-16,0.355175,2.642644,2.287469,False
2021-07-19,0.358133,2.649235,2.291102,False
2021-07-20,0.359856,2.636294,2.2764379999999997,False
2021-07-21,0.360885,2.549652,2.188767,False
2021-07-22,0.363505,2.552967,2.1894620000000002,False
2021-07-23,0.364394,2.474681,2.110287,False
2021-07-27,0.366575,2.484103,2.117528,False
2021-07-29,0.370545,2.484755,2.11421,False
2021-07-30,0.368121,2.485552,2.1174310000000003,False
2021-08-02,0.3655,2.486468,2.120968,False
2021-08-03,0.367834,2.489334,2.1215,False
2021-08-04,0.365977,2.470856,2.104879,False
2021-08-05,0.361466,2.459184,2.097718,False
2021-08-06,0.363402,2.46756,2.104158,False
2021-08-09,0.36276,2.476066,2.1133059999999997,False
2021-08-10,0.358547,2.472118,2.113571,False
2021-08-11,0.360832,2.50227,2.1414380000000004,False
2021-08-13,0.362383,2.499272,2.136889,False
2021-08-16,0.362348,2.502075,2.139727,False
2021-08-17,0.361391,2.502137,2.140746,False
2021-08-18,0.361824,2.504831,2.143007,False
2021-08-19,0.361763,2.503962,2.142199,False
2021-08-20,0.364338,2.503733,2.139395,False
2021-08-23,0.366476,2.516208,2.1497319999999998,False
2021-08-24,0.370917,2.521003,2.150086,False
2021-08-25,0.374527,2.549712,2.175185,False
2021-08-26,0.373601,2.552227,2.178626,False
2021-08-27,0.378782,2.550795,2.1720129999999997,False
2021-08-30,0.379473,2.544224,2.164751,False
2021-08-31,0.379249,2.53917,2.1599209999999998,False
2021-09-01,0.382303,2.544579,2.1622760000000003,False
2021-09-02,0.385609,2.562522,2.176913,False
2021-09-03,0.388129,2.563942,2.1758129999999998,False
2021-09-06,0.390969,2.564993,2.1740239999999997,False
2021-09-07,0.39607,2.565681,2.169611,False
2021-09-08,0.398306,2.629643,2.2313370000000003,False
2021-09-09,0.398084,2.621749,2.223665,False
2021-09-10,0.398753,2.623279,2.224526,False
2021-09-13,0.39994,2.626067,2.226127,False
2021-09-14,0.399317,2.624643,2.225326,False
2021-09-15,0.400199,2.594669,2.19447,False
2021-09-16,0.404095,2.632093,2.227998,False
2021-09-17,0.41358,2.650931,2.237351,False
2021-09-20,0.417683,2.652214,2.2345309999999996,False
2021-09-21,0.420408,2.650809,2.230401,False
2021-09-22,0.423482,2.651523,2.228041,False
2021-09-23,0.426147,2.653913,2.2277660000000004,False
2021-09-27,0.435384,2.667155,2.231771,False
2021-09-28,0.445518,2.683326,2.2378080000000002,False
2021-09-29,0.446338,2.686559,2.240221,False
2021-09-30,0.456208,2.704987,2.248779,False
2021-10-01,0.456769,2.70632,2.249551,False
2021-10-04,0.461204,2.707571,2.2463670000000002,False
2021-10-05,0.464114,2.712681,2.248567,False
2021-10-06,0.467081,2.71582,2.248739,False
2021-10-07,0.46705,2.736702,2.2696520000000002,False
2021-10-08,0.471981,2.767118,2.295137,False
2021-10-11,0.471563,2.794167,2.3226039999999997,False
2021-10-12,0.475154,2.843568,2.368414,False
2021-10-14,0.473772,2.844104,2.3703320000000003,False
2021-10-15,0.474618,2.847383,2.3727650000000002,False
2021-10-18,0.475828,2.869565,2.3937370000000002,False
2021-10-19,0.475223,2.873337,2.3981139999999996,False
2021-10-20,0.477676,2.888435,2.4107589999999997,False
2021-10-21,0.476065,2.881884,2.4058189999999997,False
2021-10-25,0.474541,2.878209,2.403668,False
2021-10-26,0.474149,2.87705,2.402901,False
2021-10-27,0.474105,2.873373,2.399268,False
2021-10-28,0.477441,2.879589,2.4021480000000004,False
2021-10-29,0.478145,2.88351,2.4053649999999998,False
2021-11-01,0.477073,2.884993,2.4079200000000003,False
2021-11-02,0.47508,2.883277,2.408197,False
2021-11-03,0.474327,2.880465,2.406138,False
2021-11-04,0.477502,2.88267,2.405168,False
2021-11-05,0.474812,2.881425,2.406613,False
2021-11-08,0.474736,2.874912,2.400176,False
2021-11-09,0.474727,2.873849,2.3991219999999998,False
2021-11-10,0.474726,2.868117,2.393391,False
2021-11-11,0.476341,2.867976,2.391635,False
2021-11-12,0.475178,2.863418,2.3882399999999997,False
2021-11-15,0.473774,2.858232,2.384458,False
2021-11-16,0.476736,2.866086,2.3893500000000003,False
2021-11-17,0.474103,2.904327,2.430224,False
2021-11-18,0.475355,2.909109,2.433754,False
2021-11-19,0.473174,2.922473,2.449299,False
2021-11-22,0.473119,2.926066,2.452947,False
2021-11-23,0.472597,2.933565,2.4609680000000003,False
2021-11-24,0.473154,2.92739,2.454236,False
2021-11-25,0.473308,2.933103,2.459795,False
2021-11-26,0.472114,2.923937,2.451823,False
2021-11-29,0.4731,2.907167,2.4340669999999998,False
2021-11-30,0.468668,2.868568,2.3998999999999997,False
2021-12-01,0.471158,2.864573,2.393415,False
2021-12-02,0.471417,2.868808,2.397391,False
2021-12-03,0.47098,2.871395,2.400415,False
2021-12-07,0.471769,2.880226,2.408457,False
2021-12-08,0.470656,2.883103,2.4124470000000002,False
2021-12-09,0.4695,2.888178,2.418678,False
2021-12-13,0.470433,2.888633,2.4182,False
2021-12-14,0.463663,2.890705,2.427042,False
2021-12-15,0.465312,2.908578,2.443266,False
2021-12-16,0.463415,2.907103,2.4436880000000003,False
2021-12-17,0.461972,2.899984,2.438012,False
2021-12-20,0.46084,2.89984,2.439,False
2021-12-21,0.461605,2.904759,2.443154,False
2021-12-22,0.461801,2.905405,2.443604,False
2021-12-23,0.462144,2.90706,2.444916,False
2021-12-24,0.462068,2.906823,2.4447550000000002,False
2021-12-27,0.46206,2.906988,2.444928,False
2021-12-28,0.460295,2.907255,2.4469600000000002,False
2021-12-29,0.458559,2.908544,2.449985,False
2021-12-30,0.461486,2.911071,2.4495850000000003,False
2022-01-04,0.460675,2.939227,2.4785519999999996,False
2022-01-05,0.452548,2.943614,2.491066,False
2022-01-06,0.454431,2.964914,2.510483,False
2022-01-07,0.452954,2.977672,2.524718,False
2022-01-10,0.453906,2.993615,2.539709,False
2022-01-11,0.451922,2.992048,2.540126,False
2022-01-12,0.449645,2.99248,2.542835,False
2022-01-13,0.448934,2.997914,2.5489800000000002,False
2022-01-14,0.447219,2.998225,2.551006,False
2022-01-17,0.448625,3.0201,2.571475,False
2022-01-18,0.447779,3.046049,2.59827,False
2022-01-19,0.447574,3.053683,2.606109,False
2022-01-20,0.448664,3.055441,2.606777,False
2022-01-21,0.445557,3.053519,2.607962,False
2022-01-24,0.444878,3.052784,2.607906,False
2022-01-25,0.447279,3.055287,2.608008,False
2022-01-26,0.446814,3.082149,2.635335,False
2022-01-27,0.449582,3.089075,2.639493,False
2022-01-28,0.449519,3.088914,2.639395,False
2022-01-31,0.448435,3.08649,2.638055,False
2022-02-01,0.446901,3.086842,2.639941,False
2022-02-02,0.44739,3.079831,2.632441,False
2022-02-03,0.44703,3.078539,2.6315090000000003,False
2022-02-04,0.448604,3.083832,2.635228,False
2022-02-07,0.44889,3.088736,2.639846,False
2022-02-08,0.448922,3.096237,2.647315,False
2022-02-09,0.446699,3.096812,2.6501129999999997,False
2022-02-10,0.447343,3.098074,2.650731,False
2022-02-11,0.447526,3.101316,2.6537900000000003,False
2022-02-14,0.445824,3.10125,2.655426,False
2022-02-15,0.446021,3.10171,2.655689,False
2022-02-17,0.445431,3.096979,2.651548,False
2022-02-18,0.444864,3.095842,2.6509780000000003,False
2022-02-21,0.445551,3.096797,2.651246,False
2022-02-22,0.445991,3.098493,2.652502,False
2022-02-23,0.446151,3.113781,2.66763,False
2022-02-24,0.445636,3.110736,2.6651000000000002,False
2022-02-25,0.446,3.109525,2.663525,False
2022-02-28,0.44582,3.110364,2.6645440000000002,False
2022-03-01,0.443794,3.106479,2.662685,False
2022-03-02,0.443583,3.089136,2.645553,False
2022-03-03,0.445249,3.094195,2.648946,False
2022-03-04,0.44583,3.095111,2.649281,False
2022-03-07,0.446022,3.095665,2.6496429999999997,False
2022-03-08,0.446872,3.12515,2.678278,False
2022-03-09,0.445627,3.132913,2.687286,False
2022-03-10,0.445999,3.136482,2.690483,False
2022-03-11,0.446869,3.142845,2.695976,False
2022-03-14,0.448475,3.157942,2.7094669999999996,False
2022-03-15,0.448876,3.159458,2.710582,False
2022-03-16,0.451147,3.18,2.728853,False
2022-03-17,0.448139,3.188523,2.740384,False
2022-03-18,0.450625,3.19837,2.747745,False
2022-03-21,0.451307,3.211146,2.759839,False
2022-03-22,0.455091,3.257102,2.8020110000000003,False
2022-03-23,0.459296,3.27443,2.815134,False
2022-03-24,0.461163,3.282618,2.821455,False
2022-03-25,0.467319,3.339805,2.8724860000000003,False
2022-03-28,0.476464,3.426104,2.94964,False
2022-03-29,0.476255,3.452931,2.976676,False
2022-03-30,0.4757,3.579475,3.1037749999999997,False
2022-03-31,0.475506,3.589392,3.113886,False
2022-04-01,0.477711,3.609318,3.131607,False
2022-04-04,0.480959,3.616462,3.135503,False
2022-04-05,0.480562,3.615752,3.13519,False
2022-04-07,0.483836,3.626854,3.1430179999999996,False
2022-04-08,0.48435,3.635741,3.151391,False
2022-04-11,0.485816,3.664085,3.1782690000000002,False
2022-04-12,0.487204,3.684044,3.19684,False
2022-04-18,0.488694,3.730712,3.242018,False
2022-04-19,0.488971,3.751207,3.262236,False
2022-04-20,0.491228,3.940756,3.449528,False
2022-04-21,0.488473,3.953771,3.465298,False
2022-04-22,0.487833,3.986671,3.4988379999999997,False
2022-04-25,0.488764,4.018109,3.529345,False
2022-04-26,0.487769,4.01804,3.530271,False
2022-04-27,0.487643,4.015608,3.5279650000000005,False
2022-04-28,0.486516,4.021549,3.5350330000000003,False
2022-04-29,0.486279,4.027291,3.541012,False
2022-05-03,0.486253,4.324416,3.838163,False
2022-05-05,0.486465,4.395844,3.9093790000000004,False
2022-05-06,0.4885,4.484842,3.9963420000000003,False
2022-05-09,0.490063,4.601511,4.111448,False
2022-05-10,0.489345,4.634624,4.1452789999999995,False
2022-05-11,0.486928,4.670898,4.18397,False
2022-05-12,0.487783,4.681375,4.193592,False
2022-05-13,0.488758,4.632668,4.14391,False
2022-05-17,0.487864,4.623233,4.135369,False
2022-05-18,0.483757,4.579318,4.095561,False
2022-05-19,0.479515,4.513869,4.0343539999999996,False
2022-05-20,0.475815,4.456611,3.980796,False
2022-05-23,0.469392,4.411459,3.9420669999999998,False
2022-05-24,0.462444,4.400233,3.937789,False
2022-05-25,0.457553,4.374321,3.9167680000000002,False
2022-05-26,0.452204,4.374626,3.922422,False
2022-05-27,0.450654,4.339543,3.888889,False
2022-05-30,0.446743,4.341838,3.895095,False
2022-05-31,0.44953,4.342414,3.8928839999999996,False
2022-06-01,0.442263,4.335542,3.893279,False
2022-06-02,0.440839,4.342172,3.9013329999999997,False
2022-06-06,0.439825,4.340226,3.9004010000000005,False
2022-06-07,0.436894,4.339799,3.902905,False
2022-06-08,0.430412,4.337087,3.9066750000000003,False
2022-06-09,0.43526,4.339246,3.903986,False
2022-06-10,0.439553,4.340293,3.90074,False
2022-06-13,0.459335,4.39529,3.9359550000000003,False
2022-06-14,0.481243,4.423152,3.941909,False
2022-06-15,0.48959,4.41695,3.9273599999999997,False
2022-06-16,0.492882,4.418024,3.925142,False
2022-06-17,0.496562,4.417037,3.9204749999999997,False
2022-06-20,0.497416,4.404673,3.907257,False
2022-06-21,0.498736,4.393641,3.8949049999999996,False
2022-06-22,0.500107,4.387245,3.887138,False
2022-06-23,0.498515,4.385877,3.887362,False
2022-06-24,0.499826,4.387359,3.887533,False
2022-06-27,0.50034,4.395161,3.894821,False
2022-06-28,0.498281,4.399034,3.9007530000000004,False
2022-06-29,0.499162,4.398839,3.8996769999999996,False
2022-06-30,0.498039,4.394455,3.896416,False
2022-07-01,0.497803,4.369999,3.8721959999999997,False
2022-07-04,0.497755,4.348243,3.850488,False
2022-07-05,0.499887,4.361286,3.8613989999999996,False
2022-07-06,0.499071,4.242736,3.743665,False
2022-07-07,0.499398,4.226904,3.727506,False
2022-07-08,0.499179,4.188783,3.689604,False
2022-07-11,0.49882,4.181674,3.6828540000000003,False
2022-07-12,0.497236,4.144898,3.6476620000000004,False
2022-07-14,0.498716,4.136894,3.638178,False
2022-07-15,0.498203,4.136676,3.6384729999999994,False
2022-07-18,0.498935,4.13664,3.637705,False
2022-07-19,0.500279,4.142024,3.6417450000000002,False
2022-07-20,0.500502,4.155642,3.6551400000000003,False
2022-07-21,0.499413,4.149452,3.650039,False
2022-07-22,0.50017,4.143355,3.643185,False
2022-07-25,0.500489,4.120569,3.6200799999999997,False
2022-07-26,0.500525,4.09092,3.5903949999999996,False
2022-07-27,0.500529,4.077266,3.5767369999999996,False
2022-08-01,0.500529,4.043779,3.5432499999999996,False
2022-08-02,0.506097,4.025122,3.5190249999999996,False
2022-08-03,0.510801,4.030001,3.5192000000000005,False
2022-08-04,0.508352,4.024541,3.5161890000000002,False
2022-08-05,0.507857,4.017825,3.509968,False
2022-08-08,0.513258,4.026617,3.513359,False
2022-08-09,0.510072,4.025749,3.515677,False
2022-08-10,0.510498,4.013009,3.502511,False
2022-08-11,0.510545,4.005747,3.4952020000000004,False
2022-08-15,0.516118,4.009013,3.4928950000000003,False
2022-08-16,0.520746,4.005858,3.485112,False
2022-08-17,0.523818,3.981564,3.457746,False
2022-08-18,0.527949,3.981898,3.453949,False
2022-08-19,0.53108,3.997419,3.4663389999999996,False
2022-08-22,0.531762,4.004913,3.473151,False
2022-08-23,0.531275,4.00594,3.474665,False
2022-08-24,0.526872,4.000636,3.473764,False
2022-08-25,0.528518,4.00324,3.474722,False
2022-08-26,0.526991,4.002394,3.475403,False
2022-08-29,0.535317,4.013331,3.478014,False
2022-08-30,0.531676,4.010834,3.479158,False
2022-08-31,0.534614,4.031765,3.497151,False
2022-09-01,0.539282,4.061679,3.522397,False
2022-09-02,0.540358,4.070514,3.5301560000000003,False
2022-09-05,0.536755,4.068243,3.531488,False
2022-09-06,0.538629,4.083479,3.5448499999999994,False
2022-09-07,0.53906,4.079687,3.5406269999999997,False
2022-09-08,0.538316,4.063824,3.5255080000000003,False
2022-09-09,0.538667,4.064034,3.525367,False
2022-09-12,0.542674,4.062858,3.5201840000000004,False
2022-09-13,0.546959,4.059863,3.512904,False
2022-09-14,0.552787,4.075851,3.523064,False
2022-09-15,0.547761,4.093668,3.545907,False
2022-09-16,0.554441,4.120722,3.566281,False
2022-09-19,0.552828,4.122097,3.5692690000000002,False
2022-09-20,0.560012,4.12343,3.563418,False
2022-09-21,0.554468,4.121698,3.5672300000000003,False
2022-09-22,0.563762,4.140178,3.5764159999999996,False
2022-09-23,0.574708,4.175281,3.600573,False
2022-09-26,0.592743,4.208202,3.615459,False
2022-09-27,0.621452,4.21828,3.596828,False
2022-09-28,0.683275,4.237974,3.5546990000000003,False
2022-09-29,0.717118,4.238906,3.521788,False
2022-09-30,0.731885,4.23352,3.5016350000000003,False
2022-10-03,0.743585,4.235662,3.4920769999999997,False
2022-10-04,0.753913,4.228418,3.4745049999999997,False
2022-10-05,0.765662,4.22778,3.4621180000000003,False
2022-10-06,0.770907,4.235241,3.464334,False
2022-10-07,0.772603,4.237691,3.4650879999999997,False
2022-10-10,0.779501,4.250103,3.4706020000000004,False
2022-10-11,0.79536,4.255405,3.4600449999999996,False
2022-10-12,0.791961,4.262003,3.470042,False
2022-10-17,0.803093,4.294214,3.491121,False
2022-10-18,0.802894,4.301302,3.4984079999999995,False
2022-10-19,0.805212,4.337802,3.53259,False
2022-10-20,0.806744,4.352994,3.5462499999999997,False
2022-10-21,0.805209,4.357187,3.5519779999999996,False
2022-10-25,0.80223,4.351561,3.5493310000000005,False
2022-10-26,0.807139,4.340471,3.5333319999999997,False
2022-10-27,0.804079,4.328466,3.524387,False
2022-10-28,0.801993,4.320477,3.5184840000000004,False
2022-10-31,0.806563,4.335933,3.5293699999999997,False
2022-11-01,0.814756,4.33339,3.5186339999999996,False
2022-11-02,0.816558,4.319305,3.502747,False
2022-11-03,0.826599,4.313952,3.4873529999999997,False
2022-11-04,0.828652,4.31318,3.484528,False
2022-11-07,0.816934,4.306783,3.4898490000000004,False
2022-11-08,0.824742,4.309135,3.4843930000000003,False
2022-11-09,0.823243,4.273122,3.449879,False
2022-11-10,0.822964,4.268518,3.4455540000000004,False
2022-11-11,0.817359,4.223858,3.406499,False
2022-11-14,0.808399,4.220572,3.4121729999999997,False
2022-11-15,0.794,4.135435,3.341435,False
2022-11-16,0.803321,4.134704,3.331383,False
2022-11-17,0.814151,4.127136,3.3129850000000003,False
2022-11-18,0.820181,4.127662,3.307481,False
2022-11-21,0.829089,4.117366,3.288277,False
2022-11-22,0.83771,4.121737,3.2840270000000005,False
2022-11-23,0.840622,4.117839,3.2772170000000003,False
2022-11-24,0.837941,4.10703,3.269089,False
2022-11-25,0.837309,4.089636,3.2523269999999997,False
2022-11-28,0.840676,4.07926,3.2385839999999995,False
2022-11-29,0.865686,4.080987,3.215301,False
2022-11-30,0.91678,4.065809,3.1490289999999996,False
2022-12-01,0.931245,4.063794,3.1325489999999996,False
2022-12-02,0.933887,4.039406,3.1055189999999997,False
2022-12-06,0.943876,4.02717,3.083294,False
2022-12-07,0.945636,3.972111,3.026475,False
2022-12-08,0.944828,3.948399,3.003571,False
2022-12-09,0.942299,3.940047,2.9977479999999996,False
2022-12-13,0.940804,3.939383,2.998579,False
2022-12-14,0.928256,3.900311,2.972055,False
2022-12-15,0.925411,3.876028,2.950617,False
2022-12-16,0.93045,3.85965,2.9292,False
2022-12-19,0.931567,3.869018,2.9374510000000003,False
2022-12-20,0.920648,3.874469,2.953821,False
2022-12-21,0.917093,3.862363,2.9452700000000003,False
2022-12-22,0.912433,3.849094,2.936661,False
2022-12-23,0.911941,3.847872,2.935931,False
2022-12-26,0.901494,3.832842,2.931348,False
2022-12-27,0.888601,3.830135,2.941534,False
2022-12-28,0.891002,3.816941,2.925939,False
2022-12-29,0.876612,3.799823,2.9232110000000002,False
2022-12-30,0.871884,3.78146,2.909576,False
2023-01-03,0.842895,3.78882,2.945925,False
2023-01-04,0.820832,3.744908,2.9240760000000003,False
2023-01-05,0.8148,3.738501,2.923701,False
2023-01-06,0.800552,3.726236,2.925684,False
2023-01-09,0.783722,3.693144,2.909422,False
2023-01-10,0.760602,3.654568,2.893966,False
2023-01-11,0.747095,3.513577,2.7664820000000003,False
2023-01-12,0.739144,3.487535,2.748391,False
2023-01-13,0.737856,3.4532,2.715344,False
2023-01-16,0.748533,3.445664,2.6971309999999997,False
2023-01-17,0.7613,3.454997,2.6936970000000002,False
2023-01-18,0.779479,3.448721,2.6692419999999997,False
2023-01-19,0.784233,3.311168,2.526935,False
2023-01-20,0.810242,3.285031,2.474789,False
2023-01-23,0.831289,3.294903,2.463614,False
2023-01-24,0.867685,3.289504,2.421819,False
2023-01-25,1.009129,3.290443,2.281314,False
2023-01-26,1.092826,3.27566,2.1828339999999997,False
2023-01-27,1.139832,3.280078,2.1402460000000003,False
2023-01-30,1.188509,3.28736,2.098851,False
2023-01-31,1.240393,3.30595,2.065557,False
2023-02-01,1.261594,3.282668,2.021074,False
2023-02-02,1.271888,3.280163,2.0082750000000003,False
2023-02-03,1.2763,3.285771,2.009471,False
2023-02-06,1.29942,3.293954,1.9945339999999998,False
2023-02-07,1.306459,3.294168,1.987709,False
2023-02-08,1.317644,3.263119,1.945475,False
2023-02-09,1.325591,3.251967,1.926376,False
2023-02-10,1.331694,3.265996,1.934302,False
2023-02-13,1.340581,3.282947,1.942366,False
2023-02-14,1.344099,3.290002,1.945903,False
2023-02-15,1.357248,3.327901,1.9706530000000002,False
2023-02-16,1.35545,3.329409,1.973959,False
2023-02-17,1.357616,3.340773,1.983157,False
2023-02-20,1.355845,3.335606,1.9797609999999999,False
2023-02-21,1.356672,3.3341,1.9774279999999997,False
2023-02-22,1.357863,3.360549,2.0026859999999997,False
2023-02-23,1.36146,3.361263,1.9998030000000002,False
2023-02-24,1.359094,3.352235,1.9931409999999998,False
2023-02-27,1.365061,3.360241,1.9951799999999997,False
2023-02-28,1.364037,3.356705,1.9926679999999999,False
2023-03-01,1.36503,3.353196,1.988166,False
2023-03-02,1.364428,3.351588,1.98716,False
2023-03-03,1.359619,3.352031,1.9924120000000003,False
2023-03-07,1.352328,3.329096,1.9767679999999999,False
2023-03-08,1.353366,3.335789,1.982423,False
2023-03-09,1.351573,3.325303,1.97373,False
2023-03-10,1.353385,3.309368,1.955983,False
2023-03-13,1.35381,3.293727,1.9399170000000001,False
2023-03-14,1.354814,3.28429,1.929476,False
2023-03-15,1.354621,3.202198,1.847577,False
2023-03-16,1.355177,3.193574,1.8383969999999998,False
2023-03-17,1.355238,3.187845,1.8326069999999999,False
2023-03-20,1.35301,3.158672,1.805662,False
2023-03-21,1.350339,3.167374,1.8170350000000002,False
2023-03-22,1.349312,3.147512,1.7981999999999998,False
2023-03-23,1.344574,3.105496,1.760922,False
2023-03-24,1.346778,3.096324,1.749546,False
2023-03-27,1.340833,3.092743,1.75191,False
2023-03-28,1.343928,3.095984,1.752056,False
2023-03-29,1.384244,3.100871,1.7166270000000001,False
2023-03-30,1.404667,3.104281,1.6996139999999997,False
2023-03-31,1.415542,3.113368,1.6978259999999998,False
2023-04-03,1.41837,3.122834,1.7044640000000002,False
2023-04-04,1.426131,3.132071,1.7059399999999998,False
2023-04-05,1.425115,3.128809,1.703694,False
2023-04-07,1.427067,3.128079,1.701012,False
2023-04-10,1.430889,3.128563,1.6976740000000001,False
2023-04-11,1.432027,3.130956,1.698929,False
2023-04-12,1.430352,3.136346,1.705994,False
2023-04-17,1.43184,3.135087,1.703247,False
2023-04-18,1.43662,3.133878,1.6972580000000002,False
2023-04-19,1.439321,3.138742,1.699421,False
2023-04-20,1.439024,3.13775,1.698726,False
2023-04-21,1.435709,3.115525,1.679816,False
2023-04-24,1.437749,3.107858,1.6701089999999998,False
2023-04-25,1.451742,3.102779,1.6510369999999999,False
2023-04-26,1.478416,3.122007,1.643591,False
2023-04-27,1.493635,3.136116,1.6424809999999999,False
2023-04-28,1.498397,3.147464,1.6490669999999998,False
2023-05-02,1.515718,3.147203,1.6314850000000003,False
2023-05-03,1.518963,3.140337,1.621374,False
2023-05-08,1.52676,3.142266,1.6155059999999999,False
2023-05-09,1.555938,3.147326,1.591388,False
2023-05-10,1.569229,3.16247,1.593241,False
2023-05-11,1.57513,3.166548,1.5914180000000002,False
2023-05-12,1.579306,3.166748,1.587442,False
2023-05-15,1.589645,3.175538,1.585893,False
2023-05-16,1.598282,3.177243,1.5789609999999998,False
2023-05-17,1.602883,3.215941,1.6130579999999999,False
2023-05-18,1.606443,3.231428,1.6249850000000001,False
2023-05-19,1.608251,3.235634,1.627383,False
2023-05-22,1.624443,3.238644,1.6142009999999998,False
2023-05-23,1.638736,3.258193,1.619457,False
2023-05-24,1.642556,3.260599,1.6180430000000001,False
2023-05-25,1.657508,3.285972,1.6284640000000001,False
2023-05-26,1.665141,3.288885,1.623744,False
2023-05-29,1.666772,3.287625,1.6208529999999999,False
2023-05-30,1.670731,3.281913,1.611182,False
2023-05-31,1.684801,3.306371,1.62157,False
2023-06-01,1.709242,3.293987,1.584745,False
2023-06-02,1.714135,3.29645,1.5823150000000001,False
2023-06-06,1.715969,3.295183,1.5792140000000001,False
2023-06-07,1.715714,3.297239,1.5815249999999998,False
2023-06-08,1.721264,3.305633,1.584369,False
2023-06-09,1.723931,3.312821,1.58889,False
2023-06-12,1.729088,3.326206,1.597118,False
2023-06-13,1.732116,3.327979,1.595863,False
2023-06-14,1.733197,3.329647,1.59645,False
2023-06-15,1.740674,3.35395,1.6132760000000002,False
2023-06-16,1.742883,3.356066,1.6131830000000003,False
2023-06-19,1.745715,3.352796,1.6070810000000002,False
2023-06-20,1.74709,3.348631,1.601541,False
2023-06-21,1.751084,3.34715,1.596066,False
2023-06-22,1.749071,3.341532,1.592461,False
2023-06-23,1.750431,3.341762,1.591331,False
2023-06-26,1.749553,3.336674,1.587121,False
2023-06-27,1.750199,3.334633,1.5844340000000001,False
2023-06-28,1.751748,3.339292,1.5875439999999998,False
2023-06-29,1.754589,3.337935,1.583346,False
2023-06-30,1.755692,3.340003,1.5843109999999998,False
2023-07-03,1.755083,3.329442,1.5743589999999998,False
2023-07-04,1.753879,3.301074,1.5471949999999999,False
2023-07-05,1.754749,3.305967,1.551218,False
2023-07-06,1.754765,3.306705,1.55194,False
2023-07-07,1.754959,3.30944,1.554481,False
2023-07-10,1.754981,3.310092,1.5551110000000001,False
2023-07-11,1.753864,3.310436,1.556572,False
2023-07-12,1.75327,3.312077,1.5588069999999998,False
2023-07-13,1.754681,3.309164,1.554483,False
2023-07-14,1.754438,3.306877,1.5524390000000001,False
2023-07-17,1.754923,3.305601,1.5506779999999998,False
2023-07-18,1.753857,3.298235,1.544378,False
2023-07-19,1.751951,3.27211,1.520159,False
2023-07-20,1.753191,3.265753,1.5125620000000002,False
2023-07-21,1.752434,3.264732,1.512298,False
2023-07-24,1.752238,3.263381,1.511143,False
2023-07-25,1.752216,3.267408,1.515192,False
2023-07-26,1.75185,3.263505,1.511655,False
2023-07-27,1.752019,3.262432,1.510413,False
2023-07-31,1.779048,3.263006,1.4839579999999999,False
2023-08-02,1.812948,3.263319,1.450371,False
2023-08-03,1.83549,3.2679,1.43241,False
2023-08-04,1.848427,3.266627,1.4182000000000001,False
2023-08-07,1.854167,3.264324,1.4101569999999999,False
2023-08-08,1.85943,3.257665,1.398235,False
2023-08-09,1.864726,3.2543,1.389574,False
2023-08-10,1.865497,3.250309,1.3848120000000002,False
2023-08-11,1.865905,3.254012,1.388107,False
2023-08-15,1.867078,3.267023,1.399945,False
2023-08-16,1.874028,3.289632,1.415604,False
2023-08-17,1.883424,3.309655,1.4262309999999998,False
2023-08-18,1.882348,3.314165,1.4318170000000001,False
2023-08-21,1.883313,3.324279,1.4409660000000002,False
2023-08-22,1.88755,3.333605,1.4460549999999999,False
2023-08-23,1.8942,3.347612,1.4534119999999997,False
2023-08-24,1.894751,3.346911,1.45216,False
2023-08-25,1.896272,3.349293,1.453021,False
2023-08-28,1.897023,3.34949,1.452467,False
2023-08-29,1.900707,3.348192,1.4474850000000001,False
2023-08-30,1.903861,3.348755,1.4448940000000001,False
2023-08-31,1.904547,3.349288,1.444741,False
2023-09-01,1.905855,3.349958,1.444103,False
2023-09-04,1.910889,3.358973,1.4480840000000001,False
2023-09-05,1.9229,3.361501,1.438601,False
2023-09-06,1.951682,3.383687,1.4320050000000002,False
2023-09-07,1.963693,3.40432,1.4406269999999999,False
2023-09-08,1.97953,3.396758,1.4172280000000002,False
2023-09-11,2.010027,3.42073,1.4107029999999998,False
2023-09-12,2.046249,3.450419,1.4041700000000001,False
2023-09-13,2.093031,3.535899,1.4428680000000003,False
2023-09-14,2.112475,3.554621,1.4421460000000002,False
2023-09-15,2.122524,3.562719,1.4401950000000001,False
2023-09-18,2.129142,3.565636,1.4364940000000002,False
2023-09-19,2.16732,3.648715,1.481395,False
2023-09-20,2.190582,3.660203,1.469621,False
2023-09-21,2.209825,3.645032,1.4352070000000001,False
2023-09-22,2.223193,3.667286,1.4440929999999996,False
2023-09-25,2.24077,3.689595,1.4488250000000003,False
2023-09-26,2.248234,3.705303,1.4570689999999997,False
2023-09-27,2.275133,3.71325,1.438117,False
2023-09-28,2.292855,3.736916,1.444061,False
2023-09-29,2.285201,3.725493,1.4402920000000003,False
2023-10-02,2.28814,3.708389,1.420249,False
2023-10-03,2.289919,3.749751,1.459832,False
2023-10-04,2.294162,3.855713,1.5615510000000001,False
2023-10-05,2.287506,3.864529,1.577023,False
2023-10-06,2.290928,3.871227,1.5802990000000001,False
2023-10-09,2.282045,3.888931,1.6068859999999998,False
2023-10-10,2.273835,3.891675,1.6178400000000002,False
2023-10-11,2.273349,3.885899,1.6125500000000001,False
2023-10-12,2.273031,3.882652,1.6096210000000002,False
2023-10-16,2.276759,3.896847,1.620088,False
2023-10-17,2.277003,3.902965,1.625962,False
2023-10-18,2.276091,3.919332,1.6432409999999997,False
2023-10-19,2.274623,3.926602,1.6519789999999999,False
2023-10-20,2.274052,3.923807,1.6497549999999999,False
2023-10-24,2.2641,3.918789,1.6546889999999999,False
2023-10-25,2.262574,3.921366,1.658792,False
2023-10-26,2.262292,3.925274,1.662982,False
2023-10-27,2.240225,3.923233,1.683008,False
2023-10-30,2.226078,3.9129,1.6868220000000003,False
2023-10-31,2.206434,3.91268,1.7062460000000002,False
2023-11-01,2.19818,3.968853,1.7706730000000004,False
2023-11-02,2.189378,3.964082,1.7747039999999998,False
2023-11-03,2.182918,3.959229,1.7763110000000002,False
2023-11-06,2.170802,3.947142,1.7763399999999998,False
2023-11-07,2.137171,3.946234,1.809063,False
2023-11-08,2.116522,3.913444,1.7969220000000004,False
2023-11-09,2.104062,3.866322,1.76226,False
2023-11-10,2.102602,3.887009,1.7844069999999999,False
2023-11-13,2.103001,3.908245,1.805244,False
2023-11-14,2.097243,3.901103,1.8038599999999998,False
2023-11-15,2.094476,3.834078,1.739602,False
2023-11-16,2.088621,3.822429,1.7338080000000002,False
2023-11-17,2.078284,3.80827,1.7299859999999998,False
2023-11-20,2.070922,3.779194,1.708272,False
2023-11-21,2.058049,3.753441,1.695392,False
2023-11-22,2.0521,3.751967,1.6998670000000002,False
2023-11-23,2.051324,3.757039,1.7057149999999996,False
2023-11-24,2.051571,3.776146,1.7245749999999997,False
2023-11-27,2.046107,3.825331,1.7792239999999997,False
2023-11-28,2.033765,3.805798,1.772033,False
2023-11-29,2.026711,3.786224,1.7595129999999997,False
2023-11-30,2.018521,3.764332,1.7458110000000002,False
2023-12-01,2.018803,3.763519,1.744716,False
2023-12-04,2.01233,3.754671,1.7423410000000001,False
2023-12-06,2.002883,3.684042,1.6811589999999996,False
2023-12-07,2.00607,3.680034,1.6739640000000002,False
2023-12-08,2.006705,3.676259,1.6695539999999998,False
2023-12-12,2.005822,3.670119,1.664297,False
2023-12-13,2.012818,3.670901,1.658083,False
2023-12-14,2.008294,3.601551,1.5932570000000004,False
2023-12-15,2.011343,3.603699,1.592356,False
2023-12-18,2.011963,3.604492,1.5925289999999999,False
2023-12-19,2.012571,3.6042,1.5916290000000002,False
2023-12-20,2.012314,3.586694,1.5743800000000001,False
2023-12-21,2.009359,3.55221,1.5428510000000002,False
2023-12-22,2.009694,3.532032,1.522338,False
2023-12-25,2.008732,3.525932,1.5171999999999999,False
2023-12-26,2.008513,3.522905,1.514392,False
2023-12-27,2.008488,3.512699,1.5042110000000002,False
2023-12-28,2.009482,3.513064,1.5035819999999998,False
2025-01-02,1.885441,2.829155,0.9437140000000002,False
2025-01-03,1.854342,2.822077,0.9677350000000002,False
2025-01-06,1.824126,2.855123,1.030997,False
2025-01-07,1.798125,2.86994,1.0718150000000002,False
2025-01-08,1.781382,2.891381,1.109999,False
2025-01-09,1.773473,2.882457,1.108984,False
2025-01-10,1.781916,2.904551,1.122635,False
2025-01-13,1.797941,2.937435,1.1394939999999998,False
2025-01-14,1.822656,2.94562,1.1229639999999999,False
2025-01-15,1.83306,2.968973,1.1359130000000002,False
2025-01-16,1.840329,2.951604,1.111275,False
2025-01-17,1.865461,2.947082,1.081621,False
2025-01-20,1.896313,2.949061,1.052748,False
2025-01-21,1.931467,2.937853,1.006386,False
2025-01-22,1.95954,2.897315,0.9377749999999998,False
2025-01-23,1.984136,2.852462,0.8683260000000002,False
2025-01-24,2.00526,2.851506,0.8462460000000003,False
2025-01-27,2.020379,2.832242,0.8118629999999998,False
2025-01-28,2.031862,2.824205,0.7923430000000002,False
2025-01-29,2.037335,2.831404,0.7940689999999999,False
2025-01-30,2.037155,2.842365,0.8052100000000002,False
2025-01-31,2.043335,2.860817,0.817482,False
2025-02-03,2.041456,2.8763,0.8348439999999999,False
2025-02-04,2.042669,2.872631,0.8299620000000001,False
2025-02-05,2.041654,2.849268,0.807614,False
2025-02-06,2.040395,2.85045,0.8100549999999997,False
2025-02-07,2.039863,2.842248,0.8023850000000001,False
2025-02-10,2.040993,2.842988,0.8019950000000002,False
2025-02-11,2.041054,2.842363,0.8013090000000003,False
2025-02-13,2.045947,2.859208,0.8132610000000002,False
