signal,anomaly_score,is_anomaly
-0.5928326621276414,0.5409611550254878,0
-0.6021116806099748,0.5607107793995252,0
-0.6505166450870554,-0.14225993044331334,0
-0.7888311959874589,0.7992434822601486,0
-0.7393961993552332,1.4360189840299797,0
-0.4703352151688943,1.442738920876126,0
-0.442762214575241,1.6621773209160513,0
-0.5947748837761226,1.8892534824086906,0
-0.6204253031649349,2.086535591371203,1
-0.5434936854420976,1.9339241573092962,0
-0.5930487070076473,2.1048722434245746,1
-0.4812553018306171,2.1523812244886784,1
-0.5269935305161936,2.011029878071642,0
-0.4941263392268409,1.2784514304404293,0
-0.559967653109812,0.9589899665300776,0
-0.587433722399224,0.6177652626379595,0
-0.7027449492586465,0.6359625414743211,0
-0.6038356751069228,0.8210906606483188,0
-0.5820347826707862,1.0206281819876564,0
-0.5032787859612928,1.3593015780007864,0
-0.450208124984874,1.1468505860950677,0
-0.6535216329634005,1.4023105092065917,0
-0.5228624905380662,1.0567089398094491,0
-0.4775432579833824,0.2425803510394089,0
-0.1681953593562435,-0.15206258433403852,0
0.031233705325361,0.2589063067128905,0
-0.0693100901911862,0.7575432878249961,0
0.0126494811025289,0.44936464497770395,0
0.1960453969624672,0.689642220528354,0
0.1794928675202082,0.7491135116237818,0
0.2472742207801168,0.5014205699503228,0
0.0788770570436656,0.47464337155136493,0
-0.0161914192414347,-0.01585030303415653,0
-0.0656700613039426,-0.6547729209825605,0
-0.1097039359362276,-1.3190000654220693,0
-0.1316488582923708,-1.0414794688599578,0
-0.1078904683071471,-1.3599623353098815,0
-0.283506586215662,-1.1504477249420408,0
-0.2852873197719993,-1.7772939531089857,0
-0.309298853252982,-1.8354306951240051,0
-0.2890713785792333,-1.5421574152574968,0
-0.4740494412876564,-1.424379874538855,0
-0.5380685584554905,-0.9402398875142077,0
-0.5619164215728061,-1.1373915695544297,0
-0.5746848922078351,-1.4780849880018532,0
-0.4282872076153932,-0.7220980730552492,0
-0.3458737238465433,-0.42299000240580154,0
-0.3055235235318045,-0.8227960392547393,0
-0.3274924508745979,-0.9950082564397736,0
-0.3549432442634202,-0.9320772346585727,0
-0.0081868473239286,-1.1522609994766768,0
-0.027384289842516,-1.3754721075881013,0
-0.1481337373176486,-1.0796204787843884,0
-0.1352648821929277,-0.3656996324569524,0
0.0659667387601532,-0.7081154992309484,0
0.2472742207801168,-1.1102023794069236,0
0.1759968685529753,-1.527094035159198,0
0.0971186646386306,-1.4684770241953644,0
0.0733428164812939,-1.5087625012966615,0
-0.0033836677191333,-0.782651558488881,0
-0.027384289842516,-0.7313754075322526,0
-0.0419858685502577,-0.8409194062799094,0
0.036285663882881,-1.1376314310292068,0
0.1997792635248491,-0.9953622706023274,0
0.2778020170052592,-0.6001915385928178,0
0.3602089539595759,-0.33581829497055476,0
0.3791903515981574,-0.17019780554652292,0
0.3772917753799991,-0.6482261265358521,0
0.3644774770431645,-0.2956101838908102,0
0.4065385782257686,0.3737289942711849,0
0.3497842429318037,0.6527919346351391,0
0.4029683820270173,0.405805364541104,0
0.421072506516525,0.5316436146610704,0
0.3699331558309875,0.6889953967094871,0
0.1759968685529753,1.1459970697877053,0
0.1594748909119321,0.48956339302308044,0
0.2142629995707697,0.08079272397698745,0
0.230872268072418,0.047749920286777055,0
0.3235293343332763,-0.6315069966500714,0
0.2236162152846013,-0.8322295626996256,0
0.1997792635248491,-0.8984870599680242,0
0.0936532174726013,-1.1156571677187734,0
0.1576155955810299,-0.4142355451092905,0
0.2126262959344229,-1.034293784169715,0
0.267460232295066,0.07757094867117398,0
0.3166813663188049,0.39210612483270063,0
0.5127999251119504,0.11277307158747425,0
0.6262256693822973,-0.340113582341579,0
0.5878766120469482,-0.276599027224544,0
0.567788802750184,-0.5241446311138636,0
0.4084437012584764,-0.45844945247559105,0
0.3753931991618367,-0.6197515002002061,0
0.3753931991618367,0.09340564146494552,0
0.3504934811742207,0.5150561023176472,0
0.4468582267392916,0.08535633051081207,0
0.355231192633554,0.8072312525343115,0
0.2453974672771179,0.9121884782727587,0
0.2437563990977245,-0.21794527192348556,0
0.2437563990977245,-0.23065890387261467,0
0.0733428164812939,0.7832088871710358,0
0.0422607232913048,0.8004959072232023,0
0.0710383377613134,0.9613476617684731,0
0.0606681835214236,0.6209819855352646,0
-0.082261871633478,1.4254646139813956,0
-0.0438102475368975,1.9657465400236769,0
0.016776156537626,1.5800210786661733,0
-0.1334557791068978,2.211495167259874,1
-0.0631669958761057,1.2635742906383074,0
-0.0858953537061681,2.0178968011286185,1
0.0112746500479975,1.4344623054118042,0
-0.0565678068143469,1.5883369620292165,0
0.3077144126631431,1.8660543718522233,0
0.331564458051982,1.548011258973255,0
0.3202231929878637,1.3285037811721192,0
0.4103510065626953,1.1151785780980692,0
0.2418818278662326,0.8291454624961202,0
0.1045165650749185,0.6948738385214448,0
0.1979134213794096,-0.25228501538172754,0
0.0551426720451083,-0.4704814076964197,0
0.1459993643060134,0.32314753708655,0
0.1265116796758975,0.6782538636478,0
0.3041769505371147,-0.23649819729020746,0
0.2564223029715384,0.3681060812738325,0
0.1239627865462348,0.31224485486333087,0
0.2660504848962884,0.4566959738531227,0
0.2583012387460606,0.3887050964215777,0
-0.2690250324412647,0.9216615067197784,0
-0.3073020748166388,0.3807336136364059,0
-0.1994476697243924,0.36788923196247697,0
-0.1004140060963145,0.07770896924441442,0
-0.1406856446365086,0.08266298812384901,0
-0.0949714209375945,-0.24319495161089538,0
-0.0674900757475725,-0.9200468996590082,0
-0.215821252902419,-0.9020715699759411,0
-0.1535479529466923,-1.236361464188147,0
-0.2144769736491034,-1.3111838130801996,0
-0.2542990642571688,-1.5117404916350883,0
-0.2285897235374439,-1.612578988308893,0
-0.2196314989678386,-1.3623265088196852,0
-0.1609873165417555,-1.3380310853503985,0
-0.1406856446365086,-1.0920564035683877,0
-0.2375392190209766,-0.9531327598670236,0
-0.2032644626043656,-1.2666285523677017,0
-0.3099666283365994,-1.457491565792785,0
-0.2990792757476198,-1.4158215377875842,0
-0.2745985538909127,-1.2147860545868743,0
-0.3889277585685231,-1.3086297333174295,0
-0.3509627810198164,-0.823485511664322,0
-0.3571517030367228,-0.9015452342583826,0
-0.2003467655886297,-0.36623408953448894,0
-0.1803484294239898,0.14351817399231628,0
-0.0271551513334437,-0.22165464149285233,0
-0.0271551513334437,0.13681095866112836,0
0.0661958772692418,0.12656522886487814,0
-0.0574778140361598,0.21968601477838373,0
-0.0881649160819065,-0.045264084551540726,0
-0.1708970114919734,-0.04724064321919525,0
-0.1816970732203356,-0.41404682762024864,0
-0.1228302990997297,-0.6290122877510781,0
0.0064649236286487,-0.6769359705026288,0
-0.0802170832238019,-0.35490882991655226,0
-0.0292108511006792,-0.3181439748495007,0
0.002111291955966,-0.18255318023384964,0
0.1704102534742445,-0.3077308195249599,0
0.212392792882304,-0.35332090941691524,0
0.3048840065080084,-0.3897777816491972,0
0.2109895922980597,-0.41407407962477455,0
0.2496201626588767,-0.4030161040175683,0
0.2158975209355893,-0.5148092691977398,0
0.148089980417495,-0.5164592841431361,0
0.1969794091709303,-0.652507959281906,0
0.0303149690174876,-0.5517178122417885,0
0.0181531698636807,-0.2149289831209743,0
-0.0542916976240752,-0.17229279229938912,0
-0.0406197665817827,-0.16918694641923537,0
0.0326129009229186,-0.16204012287215908,0
-0.0383371105769616,0.08145524166920097,0
-0.0542916976240752,0.2282603322213413,0
0.1295253966382991,0.3186764380658669,0
0.106369313591251,0.317551262159827,0
0.1620346953991787,0.13551505762879115,0
0.1065984521003436,0.19458338719543106,0
0.110995729203329,0.2438809502369358,0
0.065506279470465,0.13739013115115714,0
0.1179397171644782,0.13761686419739014,0
0.1153930063063184,-0.007028862794040819,0
-0.0447202547587145,-0.05762452065885976,0
-0.0040689009748839,-0.1730956500528257,0
-0.052923413384077,-0.06522134843126336,0
0.0188405853909383,0.053270037300264014,0
0.0498506636209322,-0.03925237339139021,0
0.1031308226628074,-0.0138073002675631,0
0.1225726795910934,-0.05353110887042551,0
0.0671189781201455,0.026628788400958184,0
0.0770330376133733,-0.015594409115849502,0
0.0671189781201455,0.0014808481550690927,0
0.0948076391040965,0.013154302873700965,0
0.0503111229106204,0.0023575254315590143,0
0.0510007207094012,-0.0072465617129325805,0
0.0464004923555089,-0.029458305746101695,0
-0.0702179151414759,-0.07101941600369267,0
0.0257234697496517,-0.0883711833088249,0
-0.0770375136262506,-0.20249591987705412,0
-0.2214231438817556,-0.2408895199709047,0
-0.3130741829741393,-0.3902403587296921,0
-0.2438001559978782,-0.2991701782499196,0
-0.3937724013321139,-0.28789386999717786,0
-0.3061912986154259,-0.3501731257901993,0
-0.3770234674535014,-0.23693770829600694,0
-0.3803317910704373,-0.18159309147141361,0
-0.4622455346623267,-0.2878538301797222,0
-0.5497829919486918,-0.2727595129080612,0
-0.5627827833643164,-0.19531645033358347,0
-0.5411062804045382,-0.353438318378366,0
-0.4958699741674292,-0.33028294158020033,0
-0.5172082250423706,-0.516802992329661,0
-0.3628976239360539,-0.24650181396873125,0
-0.3836401146873732,-0.32752079368947984,0
-0.2303791861798377,-0.4477033896827865,0
-0.1562517873539292,-0.3545291625301826,0
-0.1472302769103851,-0.2909516350626422,0
-0.1494867456570369,-0.12330737559798563,0
-0.2393286816633866,-0.037540978445763935,0
-0.2999674602542733,-0.2094263036213977,0
-0.4801641660730403,-0.10323210879024791,0
-0.5367657423609543,-0.029402750677558993,0
-0.6554507609827748,-0.19448876348351052,0
-0.7917925384334973,-0.07085154097417275,0
-0.8340151277082087,-0.10747570975672706,0
-0.8718600803235874,-0.06766560769792139,0
-1.024894052593533,-0.24715541256956824,0
-1.095905167695829,-0.18593369785696773,0
-0.9959287627732152,-0.08794838024109249,0
-1.0052492444143442,0.23821197140714057,0
-1.1674182052466129,0.25381887186612617,0
-1.1368336699620811,0.044210170318846956,0
-1.0444995798854495,0.07595403057027379,0
-1.0279928781450165,0.09093582113317648,0
-0.9783025557455288,0.21195492538856053,0
-1.0815392743117498,-0.006670181928891848,0
-0.9514868033676214,0.1962784347534102,0
-1.100005655872761,0.13398893162385234,0
-0.7790895359439343,0.1171347343636061,0
-0.8466461152377766,0.2370408666463333,0
-0.7706135933791562,0.4789114711696549,0
-1.0279928781450165,0.6891073694193346,0
-1.1633439043278706,0.39955725196313213,0
-0.9907480501963108,0.39200636521893895,0
-1.013526600271225,0.3134856853443981,0
-1.2242489200436153,0.4884205298071541,0
-1.3987149808636448,0.3646220249370232,0
-1.3417118666169552,0.42171793055374357,0
-1.4225322921797607,0.40971609834046707,0
-1.4506377670231176,0.3803469127769655,0
-1.38081380762504,0.3653176807831332,0
-1.364274371811884,0.23928424664249776,0
-1.3329107655964432,0.21139643079118298,0
-1.3289084796377002,0.1889311131499709,0
-1.3190948046341602,0.15967890602999193,0
-1.4020931371690728,0.06856979404833752,0
-1.1122962090459685,0.06595124752272356,0
-1.2007458558256738,0.09580779436787404,0
-1.3233022241153334,0.06483784482587426,0
-1.396726931513358,0.04705811579221355,0
-1.248502685662757,0.003885550925529114,0
-1.056244565179871,-0.006188558763076002,0
-1.191816000785761,-0.01435004314739461,0
-1.0879049603213695,0.03491168016012727,0
-1.1541761816928129,0.05425131023085915,0
-1.0712651400185051,0.04696354523113886,0
-1.036250593558261,0.09280413445561445,0
-1.0145588146978732,0.14888335232135405,0
-1.0615976772064992,0.13620390259798004,0
-0.8898900075815726,0.09409759880497126,0
-1.0162129765063492,0.22704658689090992,0
-0.95773028217241,0.18752396697419418,0
-0.8588406484643266,0.24085198284723366,0
-0.7727325790203508,0.3738745629087109,0
-0.8314858750221822,0.44811435557507917,0
-0.7888311959874589,0.4072299601041772,0
-0.9152021748855642,0.35461994171292305,0
-0.8584194700619108,0.4074337797419994,0
-0.868292066396343,0.4971213026548636,0
-0.693987493668437,0.467844543659543,0
-0.7606427948265432,0.23443874936849268,0
-0.7710369540530954,0.25309420795819265,0
-0.7321619692825961,0.16569604243751648,0
-0.8048992611533632,0.07577321830920027,0
-0.9241822221703128,0.018701392110336505,0
-0.8982655656566425,0.11593759136953122,0
-0.959809986926312,0.12770823789088667,0
-1.0312968372189222,0.0407047074444729,0
-1.069824840818528,0.080054188972574,0
-1.106768515298146,0.12157467256670512,0
-1.0535669180308238,0.16664890754453293,0
-0.9348207958065676,0.2133671291618813,0
-1.0182817699026916,0.284963370194388,0
-1.0498592387266152,0.6905654894143372,0
-1.1731161161726311,0.9259447215167256,0
-1.151118819300125,0.8308908244195624,0
-1.0954949006509969,1.069349440636289,0
-1.1535651456685807,0.9949805211949383,0
-1.095905167695829,1.345484888856916,0
-1.123552365521005,1.356483325225366,0
-1.1845032089385754,1.0731509660073941,0
-1.23234078282171,1.298777628959618,0
-1.0296448576819694,0.826806471083146,0
-1.1051296293902964,0.8104403666735586,0
-1.1217105283622315,0.25735129830132214,0
-1.1633439043278706,0.6949165843659911,0
-1.10656338177572,0.7088753367390463,0
-0.902241664357216,0.6695380088944796,0
-0.9729014337455882,0.8294271326880063,0
-1.0442944463630237,1.056635649425687,0
-0.8146147339387184,1.0986973143253276,0
-0.747263288167282,0.8960741671536854,0
-0.8053226218273023,1.0254994085362548,0
-0.8150359123411343,1.055362730003621,0
-0.6781638429122312,1.2870584471163589,0
-0.7189548620730221,1.2193106343072975,0
-0.730457615229264,0.9739012825590884,0
-0.6103017456062506,1.152274066327781,0
-0.5893781263192082,1.0516079828362344,0
-0.6685269319014248,1.0607596695710122,0
-0.7748537469330685,0.7785753381217938,0
-0.9076777027014028,0.863620035489745,0
-0.9410730036974126,0.6301545454389206,0
-0.9387816186065352,0.3089929183250119,0
-0.9200053544903596,0.39302958399966986,0
-0.934403981947182,0.5403764528594981,0
-0.9853556572824264,0.6755921796839619,0
-1.100005655872761,0.6185260369754099,0
-1.0714702735409314,0.6757510093116,0
-1.0463545106733096,0.8076102374158363,0
-0.9377406750938104,0.5748040221130204,0
-1.0370754921909762,0.5325639809585472,0
-1.0477969921448058,0.5856728732386126,0
-0.9855651553478788,0.8083227660882691,0
-0.8314858750221822,0.923705596459993,0
-0.8565296229298088,1.0179002717426462,0
-0.856739120995245,1.0420044478805977,0
-0.5655957313473221,0.9058307847712902,0
-0.5822508275507922,0.9965443190428688,0
-0.4661801702041006,0.7780713827796795,0
-0.5015351510207046,0.9491801460024115,0
-0.5833288696792659,0.910836044747734,0
-0.5041495122958334,1.0445581884061281,0
-0.5015351510207046,1.2336186305431391,0
-0.4526173527375767,0.9686261342721844,0
-0.5380685584554905,1.004769444134584,0
-0.3686369980208518,0.8587869288811075,0
-0.3986170440957048,0.7856693872024438,0
-0.4670552610816714,0.7711402877067339,0
-0.5419748244675555,0.766564417583362,0
-0.571439854464838,0.7733372340266295,0
-0.5820347826707862,0.5801226361546167,0
-0.467930351959222,0.5243302005990493,0
-0.3681961791748038,0.33548927939535717,0
-0.1627898728132522,0.30170325323314695,0
-0.0485959689695799,0.1960692797035062,0
-0.1269024177469648,0.1795854905815433,0
0.0401919298949664,0.16806058197085078,0
0.1024368603209963,0.12462608380709866,0
-0.0065850600318278,0.1160957906212705,0
0.0878789270435736,0.054743516064882015,0
0.0510007207094012,0.05344236333214989,0
-0.0125339321820619,0.021430088577621246,0
-0.0985983561957311,-0.006637049626575144,0
-0.0205319572850185,-0.03206439890033804,0
0.110995729203329,-0.04237364501202427,0
0.0602077242317354,-0.09100146311874302,0
0.1792593644680893,-0.07719727116077135,0
0.1353236920539892,-0.06668116187778497,0
0.1620346953991787,-0.0624792268101987,0
0.1323077928200847,-0.021559135196627225,0
0.0034839407389741,-0.013418221379702023,0
0.0349086505568467,0.029616881370370142,0
0.0243464564236173,0.1240211194619303,0
0.0475505494439779,0.14540755318129026,0
0.0602077242317354,0.13268395380941567,0
-0.0658970175415323,0.0442767542436075,0
0.0464004923555089,0.10035045839588401,0
-0.0702179151414759,0.21683116593052287,0
-0.0840775215340614,0.11025068076350991,0
-0.0287525740825142,0.08925591716671936,0
-0.0608908866858137,-0.018026977133246143,0
0.0291670942005255,0.01225327038906211,0
0.0011969201911228,0.018917604694674173,0
0.2860379097033649,0.12667004209424254,0
0.3656624504758756,-0.01562295112823584,0
0.4736652500311386,0.12304175135951122,0
0.4396894648120962,-0.03438179439064489,0
0.3450487137439774,0.17297334039502013,0
0.3244742578993353,0.15086499172082607,0
0.3001703000353415,0.1393008348459561,0
0.4427948371781292,0.3967016776782905,0
0.4043955875979078,0.5071960508148678,0
0.5327851676474995,0.4903525649770811,0
0.432049332237633,0.7069954970430151,0
0.4046334551930568,0.4697442204392109,0
0.5354366275383815,0.7124080426570939,0
0.5335074995190032,0.871244177305601,0
0.6715492664800318,0.6197705053858102,0
0.6325498922331579,0.6452532270930228,0
0.8161203898143065,0.5923737966088902,0
0.9131049004896822,0.49250992450488956,0
0.8347024317656315,0.7147772653236566,0
0.8451227782503735,0.34987644107982496,0
0.9978752374948716,0.4653484552186044,0
0.9258515484095478,0.7082235059960497,0
1.0331843906096498,0.7840910986998644,0
1.1737990556870077,0.5251114651288749,0
1.1502785332969532,0.5579148835359246,0
1.2233082495507517,0.1535438586526844,0
1.2851887406337388,0.36269684747648906,0
1.0901765934987802,0.10047098705371077,0
1.1313953378765362,0.48968196004616327,0
1.046581355441044,0.21327017043612595,0
1.0592363479572784,-0.002576047458878436,0
1.0752018463619557,0.208836016911055,0
1.176358860174254,-0.013622720368438163,0
1.0853515911788254,-0.3673968129669655,0
1.022074446326131,-0.6126597011292892,0
1.0825604659109669,-0.28277328074429176,0
0.9749875738441884,-0.12140885385098094,0
1.0496168951185847,-0.18711835512200284,0
1.1515551621332998,-0.19438422926115706,0
1.060502065436045,-0.2346635595868408,0
1.1599852769962316,-0.3488892806851751,0
1.133691087510444,-0.5110000122158078,0
1.407666547148866,-0.308007882372052,0
1.4296551149352954,-0.25174317091808074,0
1.4417143473279077,-0.04414056423063485,0
1.300715602463887,0.23322632495286696,0
1.3318326119981223,-0.09560154618590952,0
1.2813130264228734,-0.16673278680744755,0
1.300715602463887,-0.9246358197968393,0
1.3567934335881702,-0.9700562050582917,0
1.3635628398280928,-1.0194842552138819,0
1.5489991795546807,-1.327188212356357,0
1.5280930184397512,-1.4923936561851483,0
1.4215348826275078,-1.7600110561520854,0
1.4493239281011507,-1.7286717911410958,0
1.2955370721584856,-1.7897649070969937,0
1.352367786955488,-2.050612102129587,0
1.3807656861818602,-1.796534439853809,0
1.4212730100456965,-1.9001501489754382,0
1.4821845725759744,-2.1414420099517275,0
1.2616856764158135,-2.111147326570713,0
1.396165976264127,-2.4489000738967976,0
1.3625218963153882,-2.5229920271795563,0
1.2315397777058108,-2.3746365125334585,0
1.1041518602816631,-2.338245857044736,0
1.037479100951428,-1.8159508033261176,0
1.0962716778405277,-1.7814011809264176,0
1.1431294118133777,-1.2095950193055909,0
1.008454889800214,-1.2077205593449603,0
1.0336906776011638,-1.3868158097015468,0
1.0513888995888656,-1.7666297055869,0
0.9692089188721386,-2.112533157865879,0
1.0243461909733886,-1.9513529635452507,0
1.022831694541877,-1.4350242637461506,0
1.1569191855174914,-1.0978280937366027,0
1.249565340420786,-1.588797822399642,0
1.1878856183171624,-1.8045967828171616,0
1.1553872309138624,-1.7566019777053767,0
1.119674357568765,-1.1875817578466745,0
1.0782461151255525,-1.0210953489536303,0
1.1209488041336046,-1.4064061805554489,0
1.2176518017835287,-1.2622932435463565,0
1.0448115332422665,-2.424087057094187,0
1.0549329085294272,-2.5631059733463872,0
1.0546797650336883,-3.373539538914142,0
1.167658143643434,-4.0817026798907925,0
0.8317279956905064,-3.6537573088230215,0
0.7719010221032355,-3.2732258562655687,0
0.8600276926987099,-3.0048312056467177,0
0.8582862400296287,-3.036625249396871,0
0.8161203898143065,-3.5290033883120975,0
0.8766937002597475,-3.330848990774135,0
0.7908998779139462,-2.506683075087992,0
0.7867033697903568,-2.3844032504281794,0
0.7654938729348162,-2.288273162424777,0
0.7578581049033832,-1.710857481491166,0
0.8493432913606292,-1.4234954559376891,0
0.8754498054961238,-0.7724239939922076,0
0.8824221629869657,-1.3623466940539204,0
1.1166191774475842,-1.5800563193885813,0
1.0883980422139456,-1.7039966809862181,0
1.0049283390317691,-0.3776578170392373,0
1.022074446326131,-0.3072241148479181,0
1.014759472207422,-0.3236179838655687,0
1.156663859750209,-1.043857672334148,0
1.228451863511907,-0.7152656245176199,0
1.361219080220852,-0.6738950650366465,0
1.321711236710941,-0.8291648242339377,0
1.2176518017835287,0.08146470863634739,0
1.22485111551194,0.7323887378659149,0
1.3095232502989484,1.5068345764711555,0
1.239260654326342,2.048470589192648,1
1.253689833584364,1.562534828986254,0
1.189934771269865,1.6091287051469714,0
1.1375166094764777,1.4150653725226165,0
1.0787524021170665,2.5967607132378037,1
1.0746955593704413,2.5530244520554266,1
1.0886511857097048,2.194016657161606,1
1.0245993344691475,2.269126860229967,1
1.1953184350976924,3.1045003990834528,1
1.083828365661253,2.8705449828111145,1
1.026364792124875,2.7188628265362014,1
1.1008457189362344,2.9409571907620946,1
1.205324149994572,2.5819413249595864,1
1.2727847093417566,2.441682088961054,1
1.2346255096282075,2.3114459474832008,1
1.2323101195506434,1.2734024530361843,0
1.2624603828036765,0.5803504281462821,0
1.2356555417833486,0.4921555841612739,0
1.3141889467983028,1.6707158904079649,0
1.3891150569987405,2.1126962416240813,1
1.5048518268036213,1.528312180954537,0
1.5169939855138082,1.1019926758360696,0
1.611957712766154,1.136880694640919,0
1.5148815466871468,1.2365860315841364,0
1.6218172154715198,1.8209665949829983,0
1.5643732823787782,1.6027033108093587,0
1.4417143473279077,1.3185330463265263,0
1.3664281623274532,1.2895269133754401,0
1.4155139955172582,2.1182921186354657,1
1.5728645008441458,1.9087326397424966,0
1.8478198003928323,1.866774830738131,0
1.98719711752112,1.8101386974893423,0
1.9924323868859064,2.0093262578823445,0
1.832591909760269,2.067402797461071,1
1.9289348326101967,2.6590685327995245,1
1.963526018396501,2.23869122883392,1
1.9649008494510327,2.0648506821126364,1
2.0637795718015366,2.205752237758237,1
2.211776861414572,2.095074395496574,1
2.2140267833466702,1.8224785619490897,0
2.279436007469646,2.278425307061887,1
2.1935221601905206,2.2878281580641278,1
2.245556242197265,2.347070095382215,1
2.2622026093146625,2.7796148313895968,1
2.4294300755190044,1.7439627721541142,0
2.313983547825648,2.2765736390296443,1
2.1691330937374285,2.8596298015195085,1
2.193803673215972,3.401893196179647,1
1.9866471850993035,3.5976477998490295,1
1.9731542003212472,3.432467329661832,1
1.9585766266001885,3.021882677485472,1
2.051857822514385,2.4599440193958877,1
2.143401930302544,2.7809980236693157,1
2.351197823973138,2.328945097357512,1
2.417689454767613,2.5961036817381973,1
2.2497854843935774,2.1875768159969806,1
2.225557906032609,1.7822605135545757,0
2.109648736778041,1.787230179122908,0
2.011745489794792,1.645982894784227,0
2.0937814405915285,1.9607303275245809,0
2.0214151348783376,2.328121779194301,1
2.0734928623153848,2.489349124461478,1
1.9174277149109245,2.286069358254419,1
1.8459146773601407,2.1580878588314154,1
1.991607488253192,2.2503165822979114,1
2.073215713832963,2.752384981029968,1
2.11187683599498,2.3570482754242645,1
2.258532028626224,1.9448899010191256,0
2.2548636302092877,1.7665129593239592,0
2.057125825951916,1.6787324807531254,0
2.061005904705808,1.4147267841529447,0
2.117448175173121,0.6158589249586004,0
2.2140267833466702,0.05317089365469433,0
2.183422607618503,-0.48077228947177014,0
2.0618395324245986,-0.37563347285448695,0
2.009814179503911,-0.664006200718255,0
2.11243331523135,-0.36399509595776486,0
1.9569290116062656,-0.8992586490485469,0
2.132233064688109,-0.9907816338139164,0
2.090721895927321,-0.19597493939547475,0
2.14451925331829,-0.2632618048118717,0
2.333285739376974,0.03698909402895505,0
2.2424552343742583,0.007168279466280928,0
2.0637795718015366,0.08527717852672147,0
2.050194931619869,0.3028761263855265,0
2.0709941614305576,-0.1118706072599801,0
2.0316456237412632,-0.03864605457752568,0
2.005672228168204,-0.09134633343504027,0
2.020860837913495,0.23758497892201447,0
1.9563790791844653,0.13252720456359005,0
1.992709535368328,-0.09117879300347893,0
2.0859950958255515,-0.13483083558992168,0
2.1604563821932707,0.09701038529378045,0
2.176136003029486,0.14410643624291936,0
2.09934623295512,-0.16595089691147197,0
2.104636059107789,-0.16781365990482483,0
2.2008196761371166,-0.15192008476885832,0
2.1789380396549083,-0.06965577406033,0
2.1898734022172204,0.14169139454468233,0
2.128324616404525,0.037760354365558885,0
1.9962928251961665,0.23902728692163883,0
1.878338867531922,0.29295961177912055,0
1.9377097463725352,0.37864420651402425,0
1.810057774095053,0.32500027270680976,0
1.6964639949180291,0.3122627760342377,0
1.7206479278486948,0.1747268791800504,0
1.64450629241431,0.12936060310948058,0
1.4803427354172012,0.0720281562277648,0
1.406099676200995,0.015202029839147342,0
1.476130951393002,-0.022238636853111567,0
1.4134211971342534,-0.06710889264306887,0
1.3745069314764615,-0.0771845707571341,0
1.2539473416231492,-0.06450083388505286,0
1.2161111180938473,-0.12268184208511161,0
1.3448258565991935,-0.06512189437771675,0
1.408190292312493,0.005843235009520569,0
1.369815047718938,0.02011720982957309,0
1.1679134694106958,0.017178069960933177,0
1.160753436569557,0.05747159181822514,0
1.1209488041336046,0.06606409190937357,0
1.068609204114746,0.07233272286793888,0
1.1158575646888085,0.08119498333681979,0
1.1087302659203964,0.10386225821722478,0
0.9651913570127858,0.08529808793486113,0
0.9880593802198124,0.10303010915432627,0
0.9263534708580152,0.07540868384729206,0
0.812903721601002,0.05332928459011107,0
0.6525198588681012,0.032210233054503545,0
0.8866579519978274,0.0393604516461318,0
0.9341092638227966,0.028710701384866668,0
0.889150106068105,0.012041451704606545,0
0.9476349826735714,0.007682577450354213,0
0.9946018302221818,-0.0006657738463984633,0
1.103134921755609,0.0017708918785432713,0
1.1209488041336046,-0.0029886290690142995,0
1.1003394319447366,-0.008842565629036759,0
1.082305140143701,-0.022248426023039596,0
1.0349542128084277,-0.028015219988801857,0
1.1438953891152004,-0.04235618259891096,0
0.7023629402736519,-0.07349032110441005,0
0.7561341104064312,-0.05897658680751798,0
0.8198324336615412,-0.07218836341057659,0
0.7426062092841534,-0.06652855884724937,0
0.7251654953352369,-0.03134647033742105,0
0.7741203922341179,-0.02552118500135667,0
0.8759473634015611,-0.004932180938164031,0
0.9516438154468476,0.044140712066840594,0
0.8555540360926788,0.12757104101652944,0
0.6969770941743009,0.19724080428988663,0
0.6957528398543134,0.24180261318183222,0
0.9073589795903308,0.2204825611872938,0
0.8406556684588958,0.2442927618481837,0
0.8719647178864545,0.10878740382586514,0
0.8776888160706423,0.006890158541831486,0
0.9391153946784908,-0.13334619987761018,0
1.0422822805562395,-0.23336260061888484,0
1.0508826125973516,-0.30636135512401685,0
0.9961141443821544,-0.33583482499864753,0
0.9041139418473336,-0.35789389883050454,0
0.8841657979275499,-0.4627609079528559,0
0.908358459944272,-0.4600522540056183,0
0.9639365508915784,-0.4879792610252366,0
0.8610228085096048,-0.4818958066850945,0
0.847108645329137,-0.5060559710039738,0
0.8645013493047248,-0.4357818697659018,0
1.023335799261884,-0.41461912866522166,0
0.9358616278494372,-0.34730350198364596,0
0.92010126296717,-0.40933105872157804,0
1.0152635769274088,-0.37425337926114155,0
0.8421439776322222,-0.32223505733816626,0
0.8742059107324962,-0.3906382866084008,0
0.9601721325279844,-0.5050138057777992,0
0.9276039124361924,-0.4793909684362228,0
0.8841657979275499,-0.6894564683879826,0
0.7379339659702455,-0.7280734965440819,0
0.6945285855343258,-0.6320237212117717,0
0.6867007776095697,-0.7333335181543972,0
0.7689418619287163,-0.8641424792548351,0
0.7832466517104003,-0.7492156123595588,0
0.6242812654623293,-0.6898889685229781,0
0.3877448559374801,-0.6860622845675021,0
0.402016911646425,-0.4922043486121532,0
0.2980491321226278,-0.432433305107381,0
0.2954565935626584,-0.23791903348933482,0
0.3450487137439774,-0.07839303309754415,0
0.4664768476603111,-0.023983818412574784,0
0.5646441494968747,-0.10481029129527084,0
0.7209929921983098,-0.05371771661450714,0
0.7357233249254197,-0.1264810914781154,0
0.6598348329868101,-0.037360054939028636,0
0.8530684288369548,-0.2542917319699744,0
0.9166030817284344,-0.264605489300499,0
0.930604535769491,-0.13674385375139045,0
0.9644384733400662,-0.13560887431571886,0
0.8819224228100011,-0.0036608088360789103,0
0.7654938729348162,0.01349339218488533,0
0.7918884469103079,0.025894879239853404,0
0.738918170423581,-0.12700322124095229,0
0.8280094050287181,0.11818442679368932,0
0.8002880099720442,0.03211824248153174,0
0.6923266735755768,0.215432340099057,0
0.7561341104064312,0.09493154014437827,0
0.7563807070876367,0.07881997765026137,0
0.8171111410821752,0.2986163962387203,0
0.9316061983949352,0.06198715041574259,0
0.8166157654482408,0.2024927537489069,0
0.8901474041505067,0.16762892727418746,0
0.9098576804751618,0.3577679454023292,0
0.9001225672461705,0.5049420033777287,0
1.0856047346745803,0.1330528184964082,0
1.0400083536374751,0.35529676161499374,0
1.0435479980350064,0.10327217210309632,0
1.0622762521778493,0.017588147374598836,0
1.0354583175284184,0.04984037727478879,0
0.8319745923717119,-0.03081116715947675,0
0.7733806021905012,-0.23227184530094167,0
0.7224638431995029,-0.1636608837408606,0
0.6752133003539174,-0.4280023641678341,0
0.5371235234195805,-0.42994566179818217,0
0.6135903173096993,-0.43179650825014193,0
0.6218502149944674,-0.6234488220507749,0
0.5697222953125884,-0.00013854204344906972,0
0.5932079013583966,0.16159964722024717,0
0.6415561267760921,-0.21400277971237508,0
0.7460476514634999,-0.0530027079501092,0
0.6744800571248339,-0.4090060619234721,0
0.7332660871993882,0.039607570852902466,0
0.7182935223340828,-0.2851236127677034,0
0.5820652230021551,-0.37475765458066,0
0.507267866821102,-0.18508236008624657,0
0.5978146765268425,-0.22663082472752086,0
0.5217057751651968,-0.24225046800586358,0
0.5313383216329729,-0.42714468049885673,0
0.3960658572246637,-0.32778791591918666,0
0.3568919012565836,-0.35371386689727385,0
0.3951143868440714,-0.5355480925535788,0
0.353810533877213,-0.7640247691107211,0
0.2992253764692825,-0.8132659563933016,0
0.244928278901353,-0.5274916989206039,0
0.4034441172173155,-0.4952242576726249,0
0.3929757607592407,-0.3482392676547995,0
0.421072506516525,-0.6957652536476745,0
0.4679149645887813,-0.502508340369805,0
0.4597729095658343,-0.36138499505096333,0
0.3396039463137179,-0.37022707443774333,0
0.2601779922490799,0.039950441737718084,0
0.0924966135695788,-0.38048258898268444,0
0.2348527313160015,-0.6088632143725157,0
0.2360246111196299,-0.6126226286740633,0
0.259942306925454,-0.9219899157572554,0
0.4229819940922631,-1.12012145679298,0
0.4981372428017893,-1.1242471524134914,0
0.3469429254191096,-1.3573966019762747,0
0.3761046196757769,-1.2671547123480358,0
0.4032062496221664,-1.2336580933543497,0
0.2827426797155116,-1.213037529414888,0
0.2754495283119458,-0.7825737102502225,0
0.2121592898301811,-0.9406498406066287,0
0.339841813908863,-0.8632609271280259,0
0.384181206553262,-0.5110734441410127,0
0.2916878106560344,-0.7431396231198012,0
0.314791519186703,-0.4463580139188824,0
0.292866237274196,-0.43138113811938966,0
0.3041769505371147,-0.48076455364138676,0
0.3512049016881447,-0.6668444318782475,0
0.3991603182331169,-0.7019759181525318,0
0.3178619752084939,-0.6168535370577474,0
0.2566579882951846,-0.34331568941731094,0
0.3488371370942417,-0.7244992906705362,0
0.330855219809565,-0.8257501201959848,0
0.2252529189209441,-1.239841880258919,0
0.3055910624789225,-1.0906539110014608,0
0.3523898751208599,-0.9757094686702839,0
0.3782410634890884,-0.5864673019423698,0
0.5015001232066074,-1.0942081319590413,0
0.3476521636615265,-0.8547749991393374,0
0.4046334551930568,-0.6754003574035735,0
0.4258451343201207,-0.23694500648444752,0
0.3266019726265863,-0.1862359186934983,0
0.4542714030761854,-0.24610208627799718,0
0.470548966307526,-0.3895326719765581,0
0.567788802750184,-0.45110822876555795,0
0.510395061902278,-0.18768228458291114,0
0.2475077238322357,0.19442147985947988,0
0.381091110087839,-0.7054839520130565,0
0.4165442931226279,-0.4326681044913603,0
0.5433931894825385,-0.7109019707435189,0
0.5000598240066343,-0.661165320756518,0
0.6810770639150695,-0.9660331842668071,0
0.5990280194892502,-1.386659537097368,0
0.5075100989592772,-1.285223322518841,0
0.5308560396281253,-0.8959694314465387,0
0.4282303570861569,-1.0669085812454322,0
0.3939250488683097,-0.9200057843545603,0
0.3839433389581169,-1.0878727163880113,0
0.3344035932931732,-0.7377792199191534,0
0.3412624726652202,-0.3152460093777747,0
0.331564458051982,0.05597934419006945,0
0.3758667520806319,-0.10452469616263595,0
0.239068879883227,-0.25485733419326284,0
0.4213125563831973,-0.25421744308445465,0
0.4523575509574171,-0.18253517347562243,0
0.4621668614179269,-0.23081795091771132,0
0.5578791077999823,-0.5974990544682984,0
0.4880529661303813,-0.6668927447346392,0
0.4986173425351339,-0.904603200441344,0
0.4638450282130491,-0.9170606140516387,0
0.4155928227420356,-1.0435896619809837,0
0.3351106492640669,-1.1046866294083768,0
0.2853308537324508,-0.6211022703751345,0
0.2587704271218256,-0.47269600184364025,0
0.1759968685529753,-0.11537208943390559,0
0.2778020170052592,0.09347355613044317,0
0.1501805965289928,0.21967922743556842,0
0.2058503428799304,0.6315432319850629,0
0.2107560892459571,0.6786174987259609,0
0.2362581141717487,0.4813083089192902,0
0.2930997403263148,0.037433402159627545,0
0.2992253764692825,0.12148035187009575,0
0.2930997403263148,0.20889760323583126,0
0.2916878106560344,-0.414852112165513,0
0.3379497845052581,-0.8226088425909293,0
0.3848926270672022,-0.9528834035181482,0
0.3611582420686449,-0.7267475880522369,0
0.3488371370942417,-0.3238360082775719,0
0.3533369809584218,-0.2004863463187994,0
0.2827426797155116,-0.17213213435751315,0
0.2273609932045589,-0.38357545386128455,0
0.2400072566347366,-0.09184608107008398,0
0.0282483578926724,0.412993046107162,0
0.0906504118677795,0.29547392029692815,0
0.1397318805145583,-0.254932061204829,0
0.1913797004631128,-0.11626961773375093,0
0.2712202861156336,0.02473005817743635,0
0.2297003882687896,-0.26120297034631584,0
0.2505563571388793,0.30078734424998,0
0.2806258763458404,0.3937429181537867,0
0.314791519186703,0.6022875224125528,0
0.4485320289914038,0.7883733992636381,0
0.3516784546069359,0.28215812754146474,0
0.2067843550884139,0.1226619640452012,0
0.2432872107219799,-0.15556660317421891,0
0.1683152728197164,-0.029722034789096425,0
0.1260490381146861,0.25129500871856897,0
0.0862618638508669,0.26358435838655764,0
0.0749576974024977,0.25838620796668765,0
0.0418024462731236,0.3018457148913717,0
0.0383544572792235,0.4481313096470938,0
0.1172457548226712,0.4516929853776685,0
0.0786479185345771,0.3765837645413623,0
0.0671189781201455,-0.007978738283210662,0
0.1346275474406752,-0.10651065501110865,0
0.1538970049192579,-0.07173377474870872,0
0.1713420834112047,0.16527591486855436,0
0.1425164589678672,-0.17163012774724273,0
0.2236162152846013,-0.4014584307831429,0
0.2233827122324784,-0.4538583263630393,0
0.1869496892874046,-0.557069834401254,0
0.2091215678811172,-0.6823560611834668,0
0.0971186646386306,-0.5415111175645057,0
0.1128462954481585,-1.1299704911752448,0
0.1392670566818236,-1.1000261385273145,0
0.0758786159818741,-1.599675910767548,0
-0.053835602877397,-1.7280416184797902,0
-0.084306660043154,-1.368405635746946,0
-0.0597539232264314,-0.9795155329732658,0
0.0041735385377509,-1.0186183554557307,0
0.0606681835214236,-1.1141838256698797,0
0.032839857160488,-1.293929176715707,0
-0.0171036087347546,-1.0482435089418574,0
0.00531923108321,-0.5983845542052397,0
0.0346795120477541,-1.0498790362641908,0
0.0149430484649135,-1.156420014837963,0
0.0282483578926724,-1.2799731510566892,0
0.0717279355600902,-1.677048894769101,0
0.0980439477610372,-1.2931513949213147,0
0.0908817326483954,-1.2602856623049508,0
0.0395045143677088,-1.3830470676784126,0
0.0445608374682591,-1.35475123924987,0
-0.0171036087347546,-1.2583993949789982,0
-0.0321787403612711,-0.7607404791410372,0
-0.0262429618401035,-0.7861838314756044,0
-0.0501912094471434,-1.268428908038511,0
0.0030278459923121,-1.2001628175515702,0
0.0489297450415355,-1.035718015285142,0
0.0199884602079043,-1.1225733345506017,0
-0.0223607008147049,-0.9914003258162932,0
-0.083396652821337,-1.1874295059594187,0
-0.0947444647000088,-0.8457300343271129,0
-0.0161914192414347,-0.9568241559714482,0
0.1160869686481295,-0.7490633618870455,0
0.1302215412516131,-0.6272411397884395,0
0.0844156621490676,-0.03987701281487622,0
0.1713420834112047,-0.30515001362318667,0
0.2512612308382701,0.0723874590896661,0
0.2475077238322357,0.3016014726384075,0
0.2683986090465756,0.020234283939968595,0
0.2063173489841722,0.18193741973134248,0
0.1785610375832521,0.2849879008979513,0
0.0625122029516996,0.43945313794890195,0
0.0763390752715622,0.4693932426849794,0
0.0280192193835798,0.17094508674031844,0
0.1017428979791893,0.24937360630425043,0
0.2063173489841722,0.02434507764861439,0
0.3694596029122126,-0.22316447315683546,0
0.3979687979858523,0.09621544772749567,0
0.3424452638264121,0.4521438862129787,0
0.3512049016881447,-0.02371688611235112,0
0.3478900312566756,0.14731904243840757,0
0.333220802131965,-0.014955634349288033,0
0.1913797004631128,0.22895842360969382,0
0.2016472879418079,-0.11522165327138241,0
0.192311530400073,-0.06960893607819556,0
0.1883485253286024,-0.3334801036521528,0
0.0814150388157528,-0.43482421077326067,0
0.0606681835214236,-0.7696273505972315,0
0.0464004923555089,-0.21152357673264632,0
0.139035735901228,0.2788836366078895,0
0.1272078242892319,0.43518983502463554,0
0.1631978461167303,0.539032176025727,0
0.14437357202723,0.3764982834328852,0
0.0537634764475507,0.5697919825730214,0
0.0855700837805628,0.5787587121862706,0
0.1439109304660348,0.736250346141568,0
0.0648144994001609,0.6471500953564813,0
0.0424920440719207,0.6009886159488642,0
-0.0579339087828218,0.580572496390615,0
-0.0740827179947819,0.5558126341981539,0
-0.0672631195099869,0.7893536523664106,0
-0.0929288147994254,0.7384437944673213,0
-0.0729457545353955,0.7922010510677343,0
-0.0456346265235577,0.5807759821435856,0
-0.2034870542989088,0.6271769781728886,0
-0.1904632578966177,0.4015657193281149,0
-0.1370718030074547,0.6855288173092717,0
0.1114583707645445,0.2803505430706014,0
0.0441003781785546,-0.047020238627427116,0
0.0392731935870929,0.16396758117364726,0
0.0078375724116569,0.32004485530171345,0
0.0468587693736942,0.7456535499739317,0
0.0648144994001609,0.670782053591009,0
-0.0107030063808725,0.7726091483670552,0
-0.0724918420602405,0.367147460789078,0
-0.1269024177469648,0.2926684381986307,0
-0.1630146467793187,0.5179228810398956,0
-0.1825961690845688,0.4483478039550797,0
-0.1558022394218207,0.46203255874885063,0
-0.168644907288352,0.6207485310449119,0
-0.1810227513221607,0.6690938080749871,0
-0.0729457545353955,0.8322673895957573,0
-0.1449738081637497,0.6171803676044036,0
-0.1699957333562169,0.847085952383011,0
-0.1776489595597832,1.0009425943476553,0
-0.2214231438817556,0.3940809028471092,0
-0.349856369361654,0.33712597555635976,0
-0.3924521270654648,0.09482076002056848,0
-0.3814338381855734,-0.13423335946177392,0
-0.2708079482691252,-0.09396317932480891,0
-0.268355075086124,-0.0034738956006357185,0
-0.2970781327682464,0.08617489990952906,0
-0.2462573937239299,0.2528194791138448,0
-0.242682832982132,0.10336853975865415,0
-0.3101892200311426,-0.022896854478800903,0
-0.2281423578768424,-0.16888714745036365,0
-0.1821466211524604,-0.6494781733624302,0
-0.3239440773910059,-0.42209490194668,0
-0.198101208199574,-0.6474759813129064,0
-0.2772718364969297,-0.7851539889709576,0
-0.2460348020293704,-0.6822529348921603,0
-0.2999674602542733,-0.5884737090956471,0
-0.3463167249641186,-0.1670717203749222,0
-0.3039697462130366,-0.0766746583048189,0
-0.4210420661851561,0.10149243808462642,0
-0.4762338950742926,0.470638465728049,0
-0.4396939408249775,0.32121495997512844,0
-0.5185154056799329,0.22434234385366741,0
-0.4539310801896722,0.32577234336162014,0
-0.4012597749005263,-0.09013189847000282,0
-0.379890972224369,-0.10106130628880101,0
-0.3593623440815527,-0.04427348402652862,0
-0.3858442089176496,0.19390270634342954,0
-0.4078567816907618,0.5889734916011113,0
-0.3571517030367228,0.3644269438212574,0
-0.3146279602929275,0.3213420373410468,0
-0.2798992914011453,0.3467194501769568,0
-0.2817258526593084,0.18246837388485718,0
-0.2712531316582075,0.16425964431139403,0
-0.1976516602674492,-0.017597002486140524,0
-0.1020005174878256,-0.32818536158278033,0
-0.0497351147004855,-0.6006158082361404,0
-0.0570217192895019,-0.7732845158723658,0
-0.0981466259921034,-0.5714215166520413,0
-0.0924770845957937,-0.5098467717288455,0
-0.1445220779601179,-0.47932629904943985,0
-0.1805732033900522,-0.35462099222190535,0
-0.1533209967091229,-0.31294518605805316,0
-0.1246394021857799,-0.2191144440742204,0
-0.0520134061622804,-0.06580192941356364,0
-0.047229867001105,0.19735278530151096,0
-0.0298960843564297,0.06980792238896451,0
-0.0995061811460248,-0.01759078529134301,0
-0.198998121792284,0.05672991718810296,0
-0.2059552033825199,0.244893005575754,0
-0.2987672109209686,-0.18347246038495127,0
-0.2937414396216179,-0.6793850556127127,0
-0.2699175814909484,-1.1905515428804674,0
-0.3121859984674858,-1.2175987848679894,0
-0.3106322211487138,-1.1718569986547012,0
-0.2973007244627855,-1.1708486745709248,0
-0.2339602937361687,-0.5429652740941323,0
-0.2023653667401324,-0.3953180101562396,0
-0.1883726417851158,-0.44692003639507927,0
-0.1904632578966177,-0.4148819405163206,0
-0.214254381954544,-0.4571075841027638,0
-0.2935210301985817,-0.8125434559998539,0
-0.3084106687463082,-0.9206093804720896,0
-0.2935210301985817,-0.8134774766378056,0
-0.3259408558273532,-0.8142295082714918,0
-0.3132945923971755,-0.43738106875119015,0
-0.2999674602542733,-0.46844043647090255,0
-0.1900137099644889,0.10902428176676231,0
-0.1787728293900625,0.41521313113087316,0
-0.1828209430506312,0.521345717992906,0
-0.1418138790098345,1.3219947549002236,0
-0.227022852589573,1.1931496950726577,0
-0.2158452578890813,1.304413467196701,0
-0.1650419770168777,0.6703211849780135,0
-0.0861223099437375,0.21353924576528766,0
0.005775325829872,0.1680260744506298,0
-0.1069848256283807,-0.5512500699626408,0
-0.0840775215340614,-0.4737155208424636,0
-0.0577047702737292,-0.3264869189328711,0
-0.1226055251336673,-0.5064268387800321,0
-0.1042657153205175,-0.7812120896483439,0
-0.1886672484396705,-0.03372087783786233,0
-0.1630146467793187,0.15819800053726638,0
-0.1697709593901546,0.3813980188078213,0
-0.160083856134492,0.34207044174346873,0
-0.1497137018946062,-0.13508942661162734,0
-0.0010944648997587,0.06941432209572178,0
0.0355044106804688,0.14231006632132684,0
0.069423456840126,0.2171899467083306,0
0.069423456840126,0.4464126130047152,0
-0.0209880520316764,0.24958804295511544,0
-0.0383371105769616,0.2832766655890299,0
0.0276285927823635,1.0872523928005993,0
-0.0515573114156021,1.3174911283079043,0
-0.1275789219166427,1.3447115597369923,0
-0.1314219020547852,1.2016761147921604,0
-0.1212481522512651,0.9401163789696172,0
-0.0863492661813231,0.5859369044629238,0
-0.0951983771751638,0.09883296887327632,0
-0.0529015906689339,-0.05443777652432559,0
-0.0793092582735123,-0.5941113902567484,0
-0.1616616384399467,-0.7954297784510855,0
-0.1573800217272551,-1.0606522482890244,0
-0.1780985074918916,-0.7617034375544974,0
-0.1582812998629953,-0.6009666700549016,0
-0.2337377020416296,-0.8171948098157976,0
-0.2884036034956159,-0.9376182727921146,0
-0.2986340923585375,-0.39463719917371004,0
-0.2935210301985817,-0.4913427922848253,0
-0.3039697462130366,-0.46123361638377014,0
-0.2815032609647693,-0.16574413675831476,0
-0.1704452812883254,-0.21645392287828102,0
-0.2196314989678386,0.04442536751930715,0
-0.2482694480608627,0.17064599286716758,0
-0.3305956409691238,0.28382897453063727,0
-0.3659899026730042,0.09765406995535011,0
-0.4276281616178323,-0.22230282147789107,0
-0.4932534306207933,-0.10904324852371763,0
-0.4823464375881736,-0.12216204408176788,0
-0.5619164215728061,0.30706689578065527,0
-0.6167656338340755,-0.17917085771824115,0
-0.6245148799843033,0.5182081414029933,0
-0.6275264146751774,0.7136352098201211,0
-0.7093615964925182,1.0354476185832744,0
-0.6824629177970357,1.8201588423993922,0
-0.7229200494160158,1.8087072798624133,0
-0.629462089509089,1.172139853742861,0
-0.61088441210079,0.6604278828205027,0
-0.5508457581765557,0.9497415832132626,0
-0.5437097303220874,1.3341241410320974,0
-0.3398986644381236,1.5828404811038401,0
-0.2408933703397383,1.9409727972052857,0
-0.0711279223632929,2.0405906518961365,1
-0.0040689009748839,2.4373985526122084,1
-0.0802170832238019,2.181940655932751,1
0.0749576974024977,1.4791404920784457,0
0.3718317320491459,1.3599052726166252,0
0.393689363544688,0.9273366461868523,0
0.2445769331874294,1.455070629595759,0
0.1439109304660348,1.440881196074478,0
0.0037152615195859,1.2423148308358807,0
-0.0504181656847128,1.452929724823698,0
-0.0360566368436435,1.417883834016471,0
-0.306411708038458,1.4007489514335414,0
-0.4052184154289706,1.2294400415647369,0
-0.9620970074741836,1.5391923377806846,0
-0.894287284684562,1.50953194711048,0
-0.7657340342713396,1.5697226574695269,0
-0.6961239374817445,1.8937275381941663,0
-0.536981787240944,1.7353274955677844,0
-0.2464821676899719,1.6342901063120778,0
-0.0802170832238019,1.4277190397735398,0
-0.2790525700532874,1.7591167516681403,0
-0.2861776865501801,1.6195432566847703,0
-0.4197261564615373,1.43428442182086,0
-0.6141796420886392,1.4411208562956341,0
-0.6882175677824396,1.484591830069404,0
-0.693987493668437,1.7992548444965726,0
-0.5267753033646848,1.590815375371165,0
-0.5844090940792427,1.342987599355796,0
-0.4677121248077091,1.3630984725899258,0
-0.4580883074259893,1.3665891996184705,0
-0.4757952584997476,1.1434298962896616,0
-0.3615729851263786,0.9648330390246205,0
-0.5085489716703258,0.777779574326302,0
-0.5939107042561153,0.6872998297534241,0
-0.5783598374393208,0.6587356565029618,0
-0.5822508275507922,0.36009149326541134,0
-0.5975791026730474,0.5177818837857205,0
-0.6832987277873303,0.5604866390177581,0
-0.7430122232558104,0.6851304874560665,0
-0.6575959338821386,0.6623640527571553,0
-0.6554507609827748,0.6957929641113311,0
-0.6339772092738994,0.7492535045437724,0
-0.5595333810782932,0.6086696970729165,0
-0.4346507113535099,0.6505706363123841,0
-0.4087362371113588,0.5795055929934358,0
-0.5100285517575955,0.6996617847396952,0
-0.6303219044860499,0.7542891026851578,0
-0.7035982174210539,0.8680622083769559,0
-0.6329035316884558,0.7350913489400621,0
-0.628602274532128,0.7109932906660444,0
-0.6837264530042956,0.6801254087207776,0
-0.615257684217113,0.6356685016773929,0
-0.6575959338821386,0.6530262205093206,0
-0.6882175677824396,0.5798815847949726,0
-0.6618840974093634,0.5434868117837995,0
-0.4902004327711194,0.4658621085060848,0
-0.4670552610816714,0.39152738395236214,0
-0.3659899026730042,0.41431561908397424,0
-0.4210420661851561,0.37984767222482924,0
-0.5036061266885703,0.309260132871714,0
-0.5124006808945287,0.3284706332717917,0
-0.3681961791748038,0.31452953939782724,0
-0.3039697462130366,0.24697166672694087,0
-0.1900137099644889,0.21714985259272027,0
-0.1178525377737281,0.13997394191050527,0
-0.1042657153205175,0.15142862413806335,0
0.0119620655752551,0.09662301016665063,0
0.0971186646386306,0.04149824217886754,0
0.2836832387385445,0.007308345210768847,0
0.2500871687631184,0.0001939103577506441,0
0.2245524097646039,0.00019402950404069947,0
0.2733349072137978,0.0038643831121731613,0
0.3341657256980241,0.01337643533193498,0
0.1925450334521918,0.04820942214466509,0
0.1265116796758975,0.06703871958105687,0
0.2834497356864257,0.07373397608923081,0
0.1515728857556371,0.0662277093900298,0
0.1098369430288076,0.08750706909340476,0
0.051437175012423,0.08924866428766662,0
-0.0097886346160456,0.060819936044783085,0
0.1771622015420542,0.10489707865655677,0
0.2369608055996163,0.23111845636804482,0
0.1244276103789492,0.1984262033385699,0
0.0717279355600902,0.16620639526446607,0
0.0786479185345771,0.08739918406132023,0
0.1177083963838664,0.16891741294534213,0
0.0971186646386306,0.0607941111914502,0
0.1253528935013721,0.052137152867465855,0
0.1005862940761709,0.13120756627240435,0
0.1177083963838664,0.1998614210056359,0
0.2378970000796189,0.2912722994822117,0
0.1690135997045537,0.32649248881086546,0
0.2860379097033649,0.28706245211688,0
0.192311530400073,0.13645173536467534,0
0.2327446570323867,0.22895128340267776,0
0.2976475941638481,0.26495828201315785,0
0.417020028312926,0.22105007388668255,0
0.4288981321697743,0.17041706190665995,0
0.3829918685775206,0.1945339869140433,0
0.4760613841547585,0.2346885301165326,0
0.5048651858829326,-0.054367788294231084,0
0.6427738342815301,0.06436399304479498,0
0.7062822999148239,-0.18983056125315367,0
0.7563807070876367,-0.16524995853673374,0
0.8597789137459811,-0.6254177945740506,0
1.0734276596201513,-0.41886416991106495,0
0.9810171900404946,-0.41786863095734056,0
1.0983055548926242,-0.3254900745196459,0
1.261943184454599,-0.2723269814176216,0
1.097288616366586,-0.36370822548027587,0
1.0625293956736042,-0.3742367962086436,0
1.157942670858079,-0.5427122048966362,0
1.2629753988812469,-0.6979204247227538,0
1.2696858837902731,-0.7833951017821433,0
1.098052411396869,-1.25413792833918,0
1.01576768164742,-1.2151837133610852,0
1.0134981192716814,-1.4172294715348401,0
1.1183257137724234,-1.0239860257038216,0
1.1599852769962316,-1.6233783948647451,0
1.2258789653955575,-1.0915979551154533,0
1.2696858837902731,-1.5689403317775772,0
1.4003472084871105,-1.2530422275821012,0
1.2093046132381553,-0.9873154646096822,0
1.2645248116569845,-1.2383707084394544,0
1.1260444081214314,-1.019541263181537,0
1.119674357568765,-1.2431939151808975,0
1.1937799336795305,-1.03852586581436,0
1.207892683567875,-1.1000761101830239,0
1.1656111729622347,-1.3008037853997971,0
1.3461264904222063,-1.153579158503861,0
1.384156936116371,-0.9730280942773128,0
1.3552309271833254,-0.6143038071807503,0
1.2163686261326327,-1.0870921935691784,0
1.2025024729254936,-1.0610482144482316,0
1.1927542660674195,-1.2555484563446775,0
1.169447606285844,-0.7708978210461196,0
1.0752018463619557,-1.086845839985058,0
1.1413443137140102,-1.1750274246310402,0
1.1743118894930549,-1.5956472163251303,0
1.207892683567875,-1.3580171698177828,0
1.2578165090194815,-1.697752798735266,0
1.2109740509472415,-2.128785608680957,0
1.135986837144372,-2.2693408277772407,0
1.217909309822318,-2.3674497191915145,0
1.213027568442974,-1.3510207345521048,0
1.071092629098967,-1.4014591649375048,0
0.9619288610976554,-1.0649004352784843,0
0.8707208231228267,-0.8713907229545136,0
0.8976282309043697,-0.64827029939903,0
0.8282581839814469,-0.4070668607303168,0
0.9078609020388186,-0.8277917819218333,0
1.023588942757643,-0.6649241923525836,0
0.9943508689979298,-0.9276712691588803,0
1.0288896802678755,-0.2329433207488898,0
0.9840352715459264,-0.446879898260639,0
1.1158575646888085,-0.5013100274842347,0
1.0155145381516608,-0.7219355179052935,0
1.0701302473607952,-0.8600012040566118,0
1.0692682501123272,0.18945641524329418,0
1.1604981108022951,-0.037243133668719466,0
1.1592192996944253,0.4708696902537507,0
1.0238420862533817,-0.38548301191705586,0
1.0271242226121482,-0.09525435481854697,0
0.9596702100794968,0.8456059771357556,0
0.9749875738441884,1.0646483450419801,0
1.0726660468613751,1.7956832695459854,0
1.184297963946298,1.7905197122363785,0
1.228451863511907,2.0014826919871314,0
1.1571766935562766,1.6467682279763824,0
1.218422143628365,2.116026142451571,1
1.1469592983224377,2.03081799271454,1
1.1005925754404755,2.1001054711606617,1
1.0357114610241736,2.377269113395818,1
0.9076099408145828,1.5567436793122078,0
0.8406556684588958,1.7325450347062137,0
0.8418973809510166,1.3364145416133104,0
1.060502065436045,1.281049048312248,0
1.0064384709202343,1.8117666632723417,0
1.1617769219101648,1.4453111174452313,0
1.299938713804501,1.2082972422070415,0
1.179686824234826,1.3756360058138724,0
1.164077036087103,1.5980796431659692,0
1.093604942049044,1.898277009831579,0
1.1358842703831569,1.824672256564063,0
1.2125147346369065,2.044998399242085,1
1.2384881302099862,2.409017004565992,1
1.2462155536450543,2.4625668845948803,1
1.21688145993868,2.5040036373827137,1
1.2513678966922666,2.0993950301183175,1
1.2513678966922666,1.856995601921163,0
1.207892683567875,1.5240928743640425,0
1.313671748449209,1.340623430102453,0
1.3493518877215835,0.9196580096023965,0
1.3420194554307414,0.5153771476277477,0
1.4435518199436503,0.6830262661083407,0
1.3825922474400234,0.07279304118340764,0
1.63195604893081,-0.13681574271732092,0
1.7055924366658144,-0.18115249624998114,0
1.7624275160058311,-0.22500645616626688,0
1.7179593693420476,0.06827384246498339,0
1.7029060604306905,0.4917154531246691,0
1.698879769485281,0.4304214693494145,0
1.63996498539133,0.1550053808619299,0
1.75994409102161,-0.009302749027834893,0
1.7400090407309128,0.8169667093795597,0
1.768369841341532,0.9981225121443134,0
1.7782642603911236,0.28218083297787383,0
1.8611622084363444,-0.22376641533830235,0
1.976730943334552,-0.2908169775610276,0
1.891445590251788,-0.3906029848009325,0
1.929482582760486,-0.373494105472975,0
1.8374845624971927,-0.22307481833628579,0
1.846187461299516,-0.5207568169550647,0
1.8339492826426875,-0.12783687290477733,0
1.871248667379276,-0.13401806850163342,0
1.9048403728116552,0.3055246182569563,0
1.9588537750826136,0.35425487697282515,0
2.0447938096199083,0.3672768174745782,0
1.825800680805187,1.1234483797329893,0
1.954729281919016,0.8474887290185034,0
1.9563790791844653,1.1648947852377205,0
2.0454855896902124,0.44095840326999675,0
2.12023711816944,1.0679212037403623,0
1.992709535368328,0.9524077009044454,0
1.8366683929505343,0.9769004638104072,0
1.7899808761558482,0.2965782091736138,0
1.878203566697988,0.2857041288776924,0
1.7932564657000611,-0.1619270885385399,0
1.772695103484522,-0.6252760898591204,0
1.620486029847291,-1.0304087817352539,0
1.637293885056812,-1.5426176824965283,0
1.7500125733562693,-1.9707305545851295,0
1.7074735547118436,-1.7831615448189257,0
1.8002179118333232,-1.7708692309478982,0
1.805990019990844,-1.282579762188052,0
1.763507740405824,-1.3366190813812884,0
1.794175202007935,-1.959694539537791,0
1.6881451759023485,-2.1354270007619647,0
1.7155392302317651,-1.6575220015514465,0
1.72253341043775,-1.6412730645616829,0
1.6215509783466782,-1.6272016206701516,0
1.5672909793944978,-1.6535569087984996,0
1.573394792822306,-1.8156652537643816,0
1.4348947488431327,-2.128151578831472,0
1.5850830390573378,-1.8307614434497952,0
1.5939103273360355,-1.8346701565307704,0
1.7154584861857136,-1.160664155124557,0
1.7176909499456825,-1.4672259000570007,0
1.7365348644788232,-1.0822610342724073,0
1.719303648595363,-1.344937684885227,0
1.7377983996860829,-1.0774648597239533,0
1.6650982064310649,-1.3531487707680467,0
1.5836754739300836,-0.9620666288234001,0
1.6640267111171447,-0.4995701749384393,0
1.7271074515334732,-0.16370305890991968,0
1.80113883041272,0.352685871899946,0
1.774316531220259,0.5739431076696638,0
1.8095143884877696,1.3166915222997044,0
1.7894658600782776,0.9841598064694965,0
1.6597472766759762,1.5940110850437688,0
1.5893341039688096,1.1631132343926591,0
1.6522555385645377,1.298199444518141,0
1.5885375748657875,1.5629474403959902,0
1.4367322214588554,1.584816385070279,0
1.3596565738160111,1.8516749002842108,0
1.2243360994343693,1.4794784761868103,0
1.3089013029171366,1.545327627521569,0
1.3604378270184398,1.488161218595855,0
1.4703435673348917,1.910993555602863,0
1.4042665681282784,1.600578144055007,0
1.35991626412632,1.270277169951978,0
1.315747088660101,1.1088730467233714,0
1.4642964929664564,1.1152249647416965,0
1.3461264904222063,1.4141573619294174,0
1.2818280425004438,0.9533718582795342,0
1.3732019331104224,0.8523831819174568,0
1.2032728147703464,0.963799183931569,0
1.1535977682714484,1.0968032775246401,0
1.0868748166963773,1.1587162436035119,0
1.1077133273943582,1.473559120496401,0
1.076596317860123,1.3860743151011334,0
0.9898204733325298,1.8289132259784089,0
0.999387551654844,1.9093944872447264,0
1.0929677187666222,2.1461167286671143,1
1.0713981471110852,1.953982773405711,0
1.164334544125888,1.8796677266244983,0
1.2655570260836528,1.844291721601501,0
1.2645248116569845,2.1708888462231637,1
1.3414477002937857,1.7819426513510463,0
1.313671748449209,1.8702139372900992,0
1.3396276858501557,1.7648906275188678,0
1.4118499616433522,1.8468924663127577,0
1.4703435673348917,1.7943818740399147,0
1.4440755651072772,1.5182924663613848,0
1.439879056983688,1.2914642313845281,0
1.5787064416901386,1.32531001964178,0
1.555094263896449,1.4911170467562898,0
1.5649035743569384,1.3127350166824185,0
1.522805374558585,1.510427608048751,0
1.660281933197187,0.8640487948568627,0
1.6453071860603583,0.8727805152755997,0
1.661111196372928,0.7184954463388785,0
1.7446201804423809,0.546054431300729,0
1.728453913058308,0.5687518988299248,0
1.5466161390601678,0.2954488474226968,0
1.6079619736219646,0.2374442644348934,0
1.5233356665367614,-0.7267374681659963,0
1.5103926141805262,-0.7600267515566114,0
1.621284741221816,-0.7078882347015257,0
1.8089731851520297,-0.33736563319293905,0
1.7537900853489496,-0.4284034342197314,0
1.7603216239937396,-0.33072942990147075,0
1.6395110729161917,-0.37787458785454275,0
1.637293885056812,-0.364972656269108,0
1.7710736757487688,-0.09687618027884787,0
1.7829714200492572,-0.5316496569713778,0
1.90585076452316,-0.13138670893589974,0
1.8122269519810832,0.005331507616498044,0
1.9083952931097965,0.2954531913390524,0
1.831232354606348,0.5395010956812895,0
1.8887133863148384,0.4000705714779387,0
1.95179194445966,0.3202380308958478,0
1.8483653682716228,0.399713307690687,0
1.849452139486153,0.5652608414695175,0
1.843738952659541,0.542281408461168,0
1.922084682324202,0.6029046058102285,0
1.894450578128113,0.5013755313524938,0
1.879975571168269,0.5728805893796819,0
1.739282344316379,0.47622994143954606,0
1.8040936260441889,0.4233489436680351,0
1.8502683090328116,0.4537461664081738,0
1.8122269519810832,0.4736074567001097,0
1.8289780681312149,0.4932384728105405,0
1.8116857486453397,0.5146270386577246,0
1.6975376725034723,0.38513749187084295,0
1.719572067991728,0.47931019338721353,0
1.728453913058308,0.39742528997867493,0
1.4877166308668228,0.4084132891306175,0
1.3372904730574482,0.4560312041674338,0
1.2645248116569845,0.3522437349640839,0
1.335730148924147,0.34034045510624855,0
1.379982250707925,0.43602366957822064,0
1.373463805692234,0.2635681978822812,0
1.3682525413141136,0.19483733904376255,0
1.389900674744199,0.11555183557979969,0
1.3656469091250412,0.10466230473373932,0
1.3162642870091947,0.1495780291461777,0
1.2335976597445697,0.1443109332969457,0
1.214312926365377,0.0896829077041568,0
1.2325676275894286,0.1924166489535222,0
1.24647306168384,0.10247028701570134,0
1.1745650329888138,0.18712565152044652,0
1.1175881060003097,0.2288827029982105,0
1.2175492350223176,0.234743633094548,0
1.263232906920032,0.2425109236311261,0
1.2490481420716923,0.23054833400792696,0
1.0845899784200492,0.25011252377373283,0
1.1907029308431942,0.2374967064114025,0
1.1512998363660174,0.2109995912066804,0
1.155310851410837,0.18698352498596796,0
1.1184020932754448,0.15527789773174308,0
1.1005925754404755,0.09812458406840496,0
1.1163638516803225,0.0719185028061237,0
1.0797671583716015,0.040121388315681086,0
1.081037240393415,0.012599956585797227,0
1.1438953891152004,-0.011799330956541629,0
1.1720074107730905,-0.03860680485206299,0
1.2138000925593295,-0.06508967695057241,0
1.2999147088178349,-0.08003433043420334,0
1.252400111118931,-0.09587076812190244,0
1.2663295502000085,-0.143834980589071,0
1.2567842945928334,-0.15054929795787123,0
1.1981401121667503,-0.12867545370485992,0
1.1950631093304305,-0.17780494933775173,0
1.037225957455669,-0.12984428665682604,0
1.0170290345831563,-0.09755901803230231,0
0.989318550884046,-0.18639557575838242,0
1.0233117942752217,-0.10051927395082912,0
1.0129918322801674,-0.14938364437920654,0
1.1199296833360433,-0.05808485090985401,0
1.0929677187666222,-0.08422781996132271,0
0.9644384733400662,-0.05566560054751006,0
0.9526476603438192,0.048325884355970045,0
0.903764778404917,-0.02197586075776659,0
0.9421225648263388,-0.051145912785643025,0
1.028134614323653,-0.018744039289111263,0
1.0438011415307615,-0.14556998617053246,0
1.082811427135215,-0.37202639500079693,0
1.0498700386143438,-0.25725937317078634,0
1.1278535112074817,-0.31597345698035345,0
1.1240061665263088,-0.28678510139064284,0
1.1484912529260625,-0.5282605185842365,0
1.2045559904212464,-0.4788263239923808,0
1.2696858837902731,-0.42926496029268496,0
1.2870000259913124,-0.45312895085238475,0
1.2671042565878672,-0.5617469763425675,0
1.2094311849860369,-0.3709707219698802,0
1.1646400621380062,-0.5280485992683845,0
1.1771270197475836,-0.5681556210452791,0
1.1515551621332998,-0.5139384614171494,0
1.1515551621332998,-0.6759481004398835,0
1.1387910560413008,-0.577226676214685,0
1.1662767657743491,-0.75910349962038,0
1.0701302473607952,-0.5984037662318191,0
1.0014017882633204,-0.7801093311758368,0
1.001903710711788,-0.7697583223786231,0
0.988561302668296,-0.5980794607403166,0
0.92410136665441,-0.2972787014436576,0
1.0203089886703998,-0.07342743273613167,0
0.9888144461640552,-0.1383215018534945,0
0.9407433692287812,0.23616561237128889,0
0.921600483498076,0.22195501393178657,0
0.7664802596596546,0.6917704250573035,0
0.7168226713328898,0.7148534514401857,0
0.7768329557274316,0.7461021473209847,0
0.7973223029829715,0.6091580946077302,0
0.7563807070876367,0.6559912294494198,0
0.6818103071441529,0.5522495041086101,0
0.6898803472071048,0.5925962420434149,0
0.7013831003633467,0.6796706704605179,0
0.6788773342278234,0.44921933670186137,0
0.6427738342815301,0.8042161937449808,0
0.7627834917130257,0.5134888702106044,0
0.7480160603701506,0.7790457016620499,0
0.7581047015845888,0.6404867544028005,0
0.7889249221927624,0.27150373060217864,0
0.8220627151500074,-0.20733577385861204,0
0.8642547526234989,-0.13673378997364433,0
0.809933650068907,-0.23626294059185482,0
0.8369348955256006,-0.4945486274297344,0
0.7849750107503786,-1.0321625623373991,0
0.7603197071724449,-1.206461322721004,0
0.7637676961663612,-0.9612587758539122,0
0.9166030817284344,-1.2867548771649397,0
0.6842544512411017,-0.786059950508664,0
0.7627834917130257,-0.8020290910459079,0
0.7259009208358231,-0.7226736526831861,0
0.792381640272719,-0.20238353658932753,0
0.6818103071441529,-0.2554515584628807,0
0.7065267143245224,-0.25370574216217356,0
0.7480160603701506,-0.6270146789415351,0
0.7553965026343216,-0.9888686559043797,0
0.5547388190897032,-0.9649930673042606,0
0.4904534647970275,-0.609013959652212,0
0.4736652500311386,-1.1165359619410995,0
0.336057755101633,-0.20483996257503226,0
0.253137984341269,-0.6722892514050051,0
0.253137984341269,-0.32519602952285526,0
0.3396039463137179,0.1820810811825731,0
0.1699454296415098,-0.06504051045692268,0
0.1084512006166924,-0.27943475578849025,0
0.1135424400614929,-0.03844644888278528,0
0.0367461231725733,-0.6234280386850318,0
0.0489297450415355,-0.5008377679150104,0
0.2018807909939267,-0.922489180977538,0
0.2023477970981481,-1.541138753110695,0
0.269810538716856,-1.4777458735699647,0
0.2500871687631184,-1.5217664032642557,0
0.2257221072967091,-1.316113755597532,0
0.2231470269088566,-1.3436282861061115,0
0.1899808644219191,-1.6732803217052417,0
0.1713420834112047,-1.1448673863164422,0
0.297813446799002,-0.6176407223393727,0
0.2021142940460293,-0.9161521177572811,0
0.2360246111196299,-0.9053652447326648,0
0.1876480161722419,-0.8599274922752282,0
0.1434461066333001,-0.9265503460698257,0
0.197444233003665,-0.6229877071013544,0
0.2768614579822466,-1.0459426851612181,0
0.110995729203329,-1.0377475715502633,0
0.1732035610136099,-1.2163634779760917,0
0.1916132035152357,-0.9336851882356973,0
0.2672245469714401,-0.9251603703702371,0
0.2644050521738851,-0.5010895522520614,0
0.2587704271218256,-0.6034605198449547,0
0.2693391680695882,-0.45881753328465835,0
0.2414126394904839,0.02615911518268507,0
0.3244742578993353,-0.1662245239000962,0
0.2601779922490799,0.08612539257345592,0
0.3488371370942417,-0.5268317925435979,0
0.2184704190519388,-0.9125535078517999,0
0.1843855202571319,-1.0185839696090413,0
0.239068879883227,-0.7971937108343168,0
0.2086523795053726,-0.5297916434072696,0
0.3131417219212735,-0.40011418599208914,0
0.2700440417689749,-0.5807234697349113,0
0.336057755101633,-0.4586895673932995,0
0.4736652500311386,-0.22156566640842937,0
0.5019802229399358,-0.09033164389657787,0
0.417020028312926,-0.2952610587675127,0
0.416782160717777,0.007642504664140807,0
0.2686342943701973,0.18768417040021884,0
0.2938089785687318,-0.17404937221500144,0
0.239538068258992,0.20824145755875037,0
0.2902758809857336,0.21764852079034777,0
0.2585347417981835,0.38292028819710877,0
0.2226800208046149,0.22870576302599716,0
0.110995729203329,0.40849458748826295,0
-0.0656700613039426,0.6071625980590716,0
-0.0558847558301155,0.3931911697577564,0
0.0855700837805628,0.22313090118627552,0
0.1666851159979068,0.16465175880620428,0
0.2142629995707697,0.27482722113054525,0
0.4628848287464004,0.21809356866974033,0
0.4983772926684616,0.16525216498530632,0
0.4760613841547585,0.05699191256924737,0
0.4363462248509143,-0.09183320714916164,0
0.4368219600412124,-0.12429881147172292,0
0.4258451343201207,-0.13354507922941408,0
0.3334564874556071,0.04755596118971325,0
0.2259577926203349,0.09249227070116862,0
0.3183333458557618,0.02307656513671227,0
0.3521520075257108,0.0627390477015475,0
0.336057755101633,0.033871879528229336,0
0.2458666556528626,0.033082785758515205,0
0.2320419656045232,0.007673808467312618,0
0.2676937353471848,-0.00020905963676602545,0
0.2247859128167064,-0.03622496532527532,0
0.0142556329376559,-0.030988144904377037,0
-0.0033836677191333,-0.03218415855121931,0
0.0604390450123309,-0.04622070010164515,0
-0.0917940336115664,3.695457633199595e-05,0
-0.1291632510366265,-0.08785768482975818,0
-0.2124583724975967,0.13708734563622071,0
-0.5645133246758179,0.03530211752992045,0
-0.581386648030805,0.04425788171853291,0
-0.5211232201405083,0.14309810169869452,0
-0.1996724436904589,-0.020644761982451316,0
-0.309298853252982,0.03818674771458896,0
-0.4591838077265923,-0.0016045546151082233,0
-0.4388166676758834,-0.03905928523947909,0
-0.3909092611042563,-0.08708765645737924,0
-0.2946339886712976,-0.15106758228360048,0
-0.1526444925394288,-0.27268344889832563,0
-0.2558615706620135,0.0038811006466540764,0
-0.3033019711293989,0.09964130447451983,0
-0.2803903024920494,0.15838282583953442,0
-0.3232806668503985,-0.18035861758592475,0
-0.3172903315413851,-0.5119603168103251,0
-0.3679757697517676,-0.6874646335576082,0
-0.3460963155410864,-0.5884132234002035,0
-0.1672940812204829,-1.0597641807906313,0
-0.0385662490860502,-1.054001382397539,0
-0.2023653667401324,-0.5888780642533805,0
-0.2482694480608627,-0.5695442069117549,0
-0.3790093345322649,-0.4922465327660216,0
-0.5061113743879305,-0.19167861847027096,0
-0.5211232201405083,0.04745311325245754,0
-0.5822508275507922,0.41508753169233403,0
-0.545444636176615,0.3692938463304777,0
-0.5582349295267872,1.464222692292772,0
-0.6530917254749079,1.2185954063942381,0
-0.5241674889041095,2.2870788738109984,1
-0.6625278675063346,1.6975968880568448,0
-0.673024593494102,2.0242011026621762,1
-0.7342896840098471,2.708885883491681,1
-0.7110681328173533,2.6157979854128848,1
-0.6096557932377723,3.6547141938396557,1
-0.6365566542047821,2.9948507803877957,1
-0.6807301942140273,2.5592126292203945,1
-0.8580004739310019,3.0309052661126463,1
-0.9872236816993648,2.1274542207097817,1
-1.1492835289558891,1.6009550283192888,0
-1.2424446999367584,1.4802925157846323,0
-1.1842980754161492,1.5100515755329387,0
-1.233554125784118,1.636928543023766,0
-1.1979045383129796,0.9316362218745949,0
-1.0259262670201812,0.8905490890665404,0
-1.1773868215277228,1.792767066038877,0
-1.191204964761529,1.1861923156460412,0
-1.1296845484785218,1.1271968189634287,0
-1.1897843060051718,1.2276566675304486,0
-1.2272844597211598,1.637703141437259,0
-1.4705771818568452,1.3833752551005016,0
-1.432040449171183,1.7983787028426197,0
-1.3618804199597914,0.6525331197939185,0
-1.1625299170527357,1.7384737404854644,0
-1.3000392097640605,1.5997921437622882,0
-1.1055398964351324,1.0506065627254486,0
-1.122323746657987,0.5508585564890982,0
-0.9168737948661572,-0.5562785522453862,0
-0.8171483511677753,-0.09879139445903212,0
-0.9085156949632044,0.09741167530176092,0
-0.8236864366270983,-1.4966015113463025,0
-0.8264273696501045,-1.3977827817503368,0
-0.7493888206230097,-0.667372258557055,0
-0.8215783623434875,0.1311998240036406,0
-0.9679171256050332,0.4944566880871162,0
-0.790522456411684,0.20765023690576714,0
-0.836330517785773,1.0721188706484095,0
-0.8997298698433023,1.5825685835332406,0
-0.8865380385343341,-0.12601455840301323,0
-0.8516937092522745,-1.0900238896370211,0
-1.0319166023292108,-1.07798119133235,0
-1.268466105483167,-0.9606014525686891,0
-1.4054691112029778,-0.17607335153671025,0
-1.358888525712533,-0.3437760647158453,0
-1.330309497950401,-0.5803274760658697,0
-1.1643630251254318,1.0444278970937686,0
-1.2658473796650078,0.652621830200272,0
-1.2120980322473718,1.102996700407154,0
-1.190393159757901,2.3760567917573328,1
-1.1327484576857592,3.1933832616803985,1
-1.2133135574813028,4.009651725560367,1
-1.1290713301827666,2.682568764874664,1
-1.1020548088254631,4.132218797912614,1
-1.207032980060765,6.113112127450978,1
-1.347907335448411,6.691424126840546,1
-1.291000241148383,6.720809328213894,1
-1.3710525071378794,6.223604697286109,1
-1.3724469786360307,5.871120494837482,1
-1.6937449960800333,5.259351710871403,1
-1.824199004982937,3.1315113204643903,1
-1.8545413081292932,1.9551937199553802,0
-1.8613543597995184,4.183392112544146,1
-2.078446730124575,2.8982256785029614,1
-2.1048369395570403,2.8533944711531407,1
-2.10557454732915,2.540367647133092,1
-2.118463042897503,0.20332537304206885,0
-1.989124174738822,-0.5985436078114187,0
-1.899681594419745,-2.0383689219223067,0
-1.741968832021354,-1.8308511503155211,0
-1.8308440217465056,-0.7394581154255419,0
-1.7607298202369197,-0.07068427152933068,0
-1.7988999313080325,-0.28765723061921056,0
-1.7536505314418365,-1.9343299333294504,0
-1.9282758980824828,-0.22064456532258836,0
-1.7823146677930666,-0.10762486310132013,0
-1.81336620918184,-0.023963509937489098,0
-1.7842241553687883,-0.2542607038016517,0
-1.687001777098284,-0.7373499746493408,0
-1.8804426887423575,-0.01803165723753261,0
-1.8768572166430004,-1.924546863667199,0
-1.711833844668931,-2.574977521212722,0
-1.8526470964541613,-2.139409899985311,0
-1.803661647754048,-2.8470066471911113,0
-1.7844140129906043,-3.9544680681366686,0
-1.614827511278416,-3.2451726985685974,0
-1.5856461765781085,-3.6781418292441344,0
-1.696058203886054,-3.2607538677797065,0
-1.86892029514248,-2.906609276327544,0
-1.853026811697798,-2.8805251101648732,0
-1.835588280020388,-1.2803903190756694,0
-2.000873524576269,-1.4881471057369076,0
-2.100965589889201,-1.709478951870732,0
-2.276258731613461,-3.8176348382252723,0
-2.226022841335187,-5.899459692235109,0
-2.2220216465121974,-7.350820080425598,0
-2.218017178281935,-6.364518980082842,0
-2.2777044864922336,-5.522910055898636,0
-2.139783835600315,-3.03801951728583,0
-2.1195672722841463,-2.279185934258035,0
-2.0939583160541133,-1.8779974051686523,0
-2.2527152953724894,-1.0491083566605508,0
-2.331250882658958,-2.453226944350298,0
-2.252896423908245,-1.2527199017705177,0
-2.3522596105351075,-2.4502257552212923,0
-2.173315528566029,-2.780042699465268,0
-2.1434522340172477,-1.4134722012958125,0
-2.034729284861988,-1.4892607938699638,0
-1.9282758980824828,-1.297468063641157,0
-2.198338544894258,0.4556316139535453,0
-2.19469087805672,-0.20965853407688329,0
-2.1868412474167997,-1.3326326057556075,0
-2.124534122252588,-1.4976957464000489,0
-2.111283369612732,-1.3596383205952645,0
-2.218928276639501,-0.362795214744292,0
-2.475344088531424,-1.6108211344663812,0
-2.455508331594657,-1.1682537556576889,0
-2.7330812658257577,0.49028211137812694,0
-2.854287899183306,1.3182184502693977,0
-2.9046678193815785,0.8881768120397507,0
-2.6996739623364023,1.2948562299700237,0
-2.4774663475798877,1.7526926356712376,0
-2.54495636759253,1.046276399859574,0
-2.472866119225995,1.015645101359816,0
-2.194143127906422,1.4460822093410628,0
-2.3283746488020185,1.7762359447609022,0
-2.551625389342765,1.4453967472555533,0
-2.650539028037511,1.0655576328928211,0
-2.696222699935225,0.57488904580132,0
-2.714326824424737,1.0418936324095875,0
-2.700017670100036,0.9558636680313071,0
-2.620649546230544,0.7577884700487305,0
-2.642554096563653,1.396473551785081,0
-2.4466373978856573,1.9065759643091167,0
-2.414634386116288,1.6593001916535444,0
-2.5929292423096157,1.2025525797862995,0
-2.57019870220803,0.9420868863068736,0
-2.421577282941671,0.8231902281938794,0
-2.3732170550306506,0.6325804282357391,0
-2.2318418683302785,0.6062223572497157,0
-1.9971440225569217,1.2620939240725804,0
-2.22438613769884,1.1844225654260172,0
-2.2478204603640544,0.6649897789206214,0
-2.373574947559132,0.6680578404241522,0
-2.388949050383217,1.0278472447968487,0
-2.505194289451119,1.1126904898923131,0
-2.6237800147189967,0.9865251190639128,0
-2.295768238958716,0.9345814691968337,0
-2.1313340802937266,0.9659737934910038,0
-2.0174456944621686,0.7586630133926877,0
-2.129679918485267,0.5433441853427481,0
-1.813556066803656,0.5141697833172363,0
-1.5639936786049926,0.8035869284037193,0
-1.5809695687211744,0.7079640168780771,0
-1.510333804319485,0.6528355138145729,0
-1.4423320416365402,0.6213353500223917,0
-1.503258880067428,0.3556735751644132,0
-1.559696785991695,0.2889534414402208,0
-1.7156790070785803,0.3123796440647057,0
-1.5959661385731423,0.3034931363365488,0
-1.403481061852687,0.3450900761486037,0
-1.4183663358573873,0.26517778803040964,0
-1.4926421291463163,0.19882946093532286,0
-1.5328919449713674,0.1328360847118861,0
-1.5714112194849168,0.12597184665002306,0
-1.3867845024904375,0.06440895095806047,0
-1.1981074895638826,0.0505494332329687,0
-1.1692491310478224,0.039775303461007896,0
-1.2557674675366302,0.02651289770980192,0
-1.3068653550633682,0.00016484877884491883,0
-1.225865983236326,-0.01633240399543046,0
-1.1409188822384029,-0.043945655499621074,0
-1.2094640305286068,-0.06528486286939014,0
-1.1737271521968633,-0.06873834676925833,0
-1.0182817699026916,-0.08483751932663786,0
-0.927311599523012,-0.13129732578381534,0
-0.9928212081356794,-0.15944756303279875,0
-1.094469233038882,-0.10071485334099135,0
-1.0403750867218555,-0.059724453677054555,0
-1.01765982252088,-0.069329988848338,0
-1.048621890777541,-0.09183213726847837,0
-1.0609779120961944,-0.09899762592638565,0
-0.942949757200432,-0.0004960345378266762,0
-0.9934431555174912,-0.01787940869842316,0
-0.9990363174107714,0.04101501723107588,0
-1.013526600271225,0.13393174383273762,0
-0.9558578932124212,0.06256377991995946,0
-0.8661927211987847,0.1760502945295324,0
-0.9248085340951548,0.06921399480175795,0
-1.1643630251254318,0.12919520301752027,0
-1.0554218488186795,0.23088374461394828,0
-1.2094640305286068,0.3478605645376209,0
-0.9639672141626452,0.4301556392061763,0
-0.8232652582246864,0.5566210562418268,0
-0.81271615772056,0.4518112755371921,0
-0.763189505684703,0.45172793399091177,0
-0.5906743955991908,0.41477342025817526,0
-0.655880668471247,0.31275925600542304,0
-0.6457942095283159,0.3472820820959579,0
-0.7132002120876345,0.40887543732730824,0
-0.7048792108004469,0.4213442290388194,0
-0.6389222365271781,0.5313501689416552,0
-0.5818165555192774,0.29673745698534243,0
-0.5649475967073369,0.15934188302708518,0
-0.5395874194300123,0.2818048892425836,0
-0.4775432579833824,0.28415821991368106,0
-0.5280803017307443,0.2561358467396363,0
-0.570141402913328,0.11620828024725426,0
-0.6081478436208303,0.11476739640900256,0
-0.5893781263192082,0.08299484900788677,0
-0.3112978139608282,0.007114030576706068,0
-0.5085053262400232,-0.13911191092358263,0
-0.7176782332366756,-0.22704165699228165,0
-0.8276930871288917,-0.09357851900740653,0
-0.8295894810755268,-0.09344469791339811,0
-0.8550587719285956,-0.208800548493067,0
-0.8065905215775924,-0.2200534735854845,0
-0.9248085340951548,-0.23268554262594046,0
-0.828325945868267,-0.41819354493537225,0
-0.8186235667120147,-0.36672321658142343,0
-0.8991013756469369,-0.30189799207869317,0
-0.9466988996634158,-0.3450938161433243,0
-0.9124874291207477,-0.4166133839569612,0
-0.9158284868104064,-0.6750347594655955,0
-0.9718648547758938,-0.5807453523138054,0
-1.056449698702297,-0.4340582762161751,0
-1.07064755717974,-0.7227974457570118,0
-1.149894564980137,-0.5282124808427061,0
-1.046561826467259,-0.6504410593425823,0
-1.1086125347284426,-0.8231745357434599,0
-0.9408656879034836,-0.8536993533326032,0
-1.0675640075288462,-0.7197652556166793,0
-1.0191088508069297,-0.6127964204222429,0
-0.9053775885244484,-0.6674688995229096,0
-1.1572335440855128,-0.551535069111095,0
-1.1594747369315586,-0.37769329989969663,0
-1.0950846336061444,-0.3477827687726309,0
-0.9139495510358842,-0.38955275394541905,0
-0.8382269117324082,-0.4740711236992901,0
-0.8333822689688173,-0.7233873335280562,0
-1.0975462358752224,-0.46567649998331395,0
-1.0411999853545704,-0.4219488688186943,0
-0.922720100255176,-0.2621652978108131,0
-0.8489593230438176,0.037419944114928085,0
-0.7481121917866632,-0.26456154979849955,0
-0.5720879891048355,-0.07835374123885851,0
-0.6367726990847677,-0.008014464113234964,0
-0.7408845085285594,0.014608232442184704,0
-0.6880037051739569,0.1912806204517407,0
-0.628602274532128,0.24883006560013832,0
-0.6210712555334295,0.4132410707024163,0
-0.5093760525745679,0.5673400849849857,0
-0.6948429441023677,0.4059414462033487,0
-0.4954335198644033,0.16250454796581862,0
-0.4078567816907618,0.21742617015831323,0
-0.5117700044266605,0.4629220513724818,0
-0.4810370746790879,0.6655468190839237,0
-0.4930352034692845,0.4499245099635947,0
-0.5740345752963266,0.9252156637984351,0
-0.4858380720123762,1.1857133993291864,0
-0.335025652144836,1.0124612781501803,0
-0.2348550250573758,1.0083379749156343,0
-0.3593623440815527,1.2284808007490313,0
-0.4714263509264711,1.432289943858181,0
-0.379890972224369,1.171487177467293,0
-0.4223601581803023,1.3520924242342427,0
-0.388046120876419,1.4813411319566798,0
-0.3489725493980267,1.5688462192969552,0
-0.2259033473023037,0.9436344510015623,0
-0.3743763721056334,1.0341292038269025,0
-0.2482694480608627,0.9057353483842766,0
-0.2761566957527109,0.6862277787954165,0
-0.3148505519874666,0.4190122240844857,0
-0.3911318527987954,-0.022294398087948916,0
-0.3148505519874666,-0.16151000511459132,0
-0.2086481264321771,-0.23581173658158824,0
-0.2928532551149603,-0.4030526147867811,0
-0.300635235337911,-0.3404920639000882,0
-0.3418910783314365,-0.33349718929122424,0
-0.3994986817878089,-0.3610857408271492,0
-0.3640018533227174,-0.5543957476745837,0
-0.4956539292874395,-0.42613683544259295,0
-0.604481627475401,-0.33632957730416374,0
-0.5660300033788368,-0.4107630508209086,0
-0.5807363311192802,-0.28078744294796254,0
-0.6307518119745384,-0.28442531086248285,0
-0.7459888416024384,-0.2610089268054366,0
-0.6593111992930342,-0.20516241274028443,0
-0.6807301942140273,-0.12159868312917892,0
-0.7563960944580977,-0.1802188662504385,0
-0.7790895359439343,-0.3961673859882231,0
-0.8392787666027085,-0.445739344834217,0
-0.8418058370172159,-0.4714565951689229,0
-0.8699724154629884,-0.3840554111349242,0
-0.8234747562901389,-0.4985943206749334,0
-0.8928229804979225,-0.5554178307041666,0
-0.7727325790203508,-0.5453519790327798,0
-0.8865380385343341,-0.4655419947338795,0
-0.8624130269345972,-0.44128006590449703,0
-0.8875855288616084,-0.4617584664991242,0
-0.8703914115938973,-0.384391612348026,0
-0.7325875122280382,-0.4071065014565086,0
-0.7907341367486637,-0.3756437667027839,0
-0.7687041058034182,-0.4633201732340813,0
-0.7204475357893745,-0.49934157090643166,0
-0.6221471153903799,-0.2759612086817433,0
-0.4337734382044361,-0.3505529312713067,0
-0.4407894411255602,-0.4147003281792501,0
-0.4733947598331217,-0.31920879933321206,0
-0.4806006203760661,-0.3049080142683999,0
-0.3483069565859123,-0.25468185871826315,0
-0.4100565113780079,-0.3752725415417927,0
-0.5056749200849088,-0.29057719957625344,0
-0.4987025625940668,-0.18177994858558857,0
-0.413133514214332,-0.14690459641171655,0
-0.4888932521335571,-0.12728426820290364,0
-0.5764132512478134,-0.06953078401515381,0
-0.5041495122958334,-0.05603334965319331,0
-0.493908112075328,-0.1141936653696975,0
-0.545444636176615,-0.08742679479098078,0
-0.5973652400645647,-0.04633351200307287,0
-0.5350286542349034,-0.006197197690962367,0
-0.3902502151066954,0.038164700086702384,0
-0.3239440773910059,0.05031866817058379,0
-0.3090784438299458,0.09643614091873848,0
-0.0702179151414759,0.018020691335393784,0
0.0742637350606703,0.11436704426110397,0
0.0821090011575598,0.12443156716156231,0
0.1001236525149553,0.07854792552527988,0
0.084186523639975,0.10584135116791864,0
0.0408815276937472,0.13263805055933772,0
-0.083850565296492,0.10600813073441825,0
-0.1054004965083928,0.06873579222142022,0
-0.2191841333072371,0.05877998568378906,0
-0.2424580590160859,0.0768503690768112,0
-0.191362353760851,0.05561162619719879,0
-0.3737151438365655,0.03948692742247925,0
-0.2904069287464924,0.028125329974188384,0
-0.3392352538975121,0.030354598448822354,0
-0.320397886178925,0.011258225017311304,0
-0.4370621213777358,0.01575931634507778,0
-0.4234578407524123,0.028906258141878298,0
-0.3299300481570094,0.04251372380198186,0
-0.3290440459218628,0.059466273213287325,0
-0.4100565113780079,0.04689443887372294,0
-0.3757010109153291,0.04482802940596461,0
-0.368418770869343,0.032895339129685876,0
-0.4366234848031867,0.05153311991814599,0
-0.4997936983516233,0.07723346814817196,0
-0.5102467789091084,0.08435528050567911,0
-0.5638651900358165,0.0982132863848397,0
-0.564297279795812,0.10986452881487345,0
-0.5625645562128077,0.112658540869495,0
-0.5209049929889994,0.12086783923178146,0
-0.615473729097119,0.1309782257798216,0
-0.5805202862392906,0.1208692475651906,0
-0.7025310866501638,0.12590392309528575,0
-0.7057346612343816,0.1412181413723463,0
-0.6541654030603514,0.10712702624993653,0
-0.5742506201763325,0.13043807589457612,0
-0.4583065345775022,0.13712309191333172,0
-0.6202114405564685,0.07001980142481737,0
-0.745135573440031,0.08918800204073653,0
-0.7110681328173533,0.10506493183894751,0
-0.8361210197203166,0.14519185147123367,0
-0.8397021272766476,0.10099034088405756,0
-0.8880045249925173,0.02171696425916646,0
-0.8508535347189498,0.0505342412770009,0
-0.7917925384334973,0.05269682900217629,0
-0.7865005300093049,0.07455752011503884,0
-0.8213666820065281,0.06257319100245066,0
-0.9990363174107714,0.08410309044366146,0
-0.9421161294816568,0.033678155696866705,0
-0.897427573394841,0.03134049048945687,0
-0.9168737948661572,0.03512526664763761,0
-0.969994648087428,0.022753732661964166,0
-0.954402318111838,0.07722248512442001,0
-0.9783025557455288,0.060323167700881405,0
-1.0823619906729414,0.0787920601676426,0
-1.1229391472252497,0.05999158825640037,0
-1.2404239165137487,0.030063522152930875,0
-1.1358123668929965,0.01070354820562542,0
-1.1307058515476105,-0.10181693774683462,0
-1.285372162910873,-0.18517905981602498,0
-1.3008444679531388,-0.14813659268070592,0
-1.2371919723998546,-0.13677469851823615,0
-1.164771109898761,-0.23855020758520848,0
-1.1266184569997653,-0.29871945833822733,0
-1.1057450299575586,-0.33651497230136856,0
-1.05830244721865,-0.3063242650278842,0
-1.0226223079462915,-0.4543532057648556,0
-1.182877416659792,-0.5255447696338247,0
-1.2106795557625378,-0.5297553224131218,0
-1.1507107345267955,-0.5879491289309169,0
-1.11639233267987,-0.6368136077537662,0
-1.1796236498307384,-0.4506241806362723,0
-1.0918024972473983,-0.4566316218746228,0
-1.0854411757807845,-0.3664944421324492,0
-0.9391984324659208,-0.3623886271589243,0
-1.0755816730754388,-0.39967331788050053,0
-1.1270265417730945,-0.4395351787517093,0
-1.132135239390004,-0.43477898417346295,0
-1.1358123668929965,-0.3095516070750752,0
-1.039550188089141,-0.5633543465329661,0
-1.1053347629127064,-0.41957654849231785,0
-1.0907768296352836,-0.35113170691957146,0
-1.032121735851637,-0.2801608738541288,0
-0.8251616521713377,-0.33998048576457685,0
-0.8445424054971921,-0.4182476680621935,0
-0.8911469959743032,-0.4962686780567074,0
-0.8649313682630441,-0.5751200844411345,0
-0.9433665710598176,-0.4676599154889149,0
-0.9020321662917596,-0.5526686034993132,0
-0.8806699104301517,-0.39913275838347845,0
-0.5575846126152787,-0.516952493030219,0
-0.601031456209994,-0.5299411494369713,0
-0.6025415880984634,-0.29820072176034,0
-0.505022420901881,-0.13177467927144124,0
-0.4337734382044361,-0.14322219520245344,0
-0.4845287091033068,-0.30916804417059357,0
-0.5345943822034008,-0.45600529997293315,0
-0.5063274192679201,-0.369688835442255,0
-0.4438577148758441,-0.35364522427257644,0
-0.410935966798605,-0.24353827344546558,0
-0.3239440773910059,-0.19242530505122565,0
-0.382978886418289,-0.26445672715297686,0
-0.5324230220458472,-0.023387376739676446,0
-0.5395874194300123,-0.050571485419143906,0
-0.631827671831489,0.046184048802416305,0
-0.7125608065336895,-0.06883316576293305,0
-0.7619150591198595,-0.045236709046387234,0
-0.7153322913579117,-0.05392450547192876,0
-0.7636128663586218,-0.21596832391984752,0
-0.7621289217283421,-0.0344631664371063,0
-0.7033843548125712,-0.03690328438367587,0
-0.5432776405620917,-0.016761960749012005,0
-0.3465371343871344,0.011403727993929632,0
-0.5265570762131718,0.08172652264237466,0
-0.4742676684391653,0.13897378118395168,0
-0.3695230002560024,0.1516051942761226,0
-0.4342120747789649,0.012984241556780884,0
-0.3235010762734347,-0.031162098043728513,0
-0.2861776865501801,0.07661720380899448,0
-0.297745907851884,-0.08251729517788822,0
-0.2560863446280556,-0.04593635197930969,0
-0.1359413863626259,0.041591763783913875,0
-0.2099924056855089,-0.04102087281240716,0
-0.2326181967543602,-0.05156863285346904,0
-0.2638966943807191,-0.04928119490525736,0
-0.4414463048516182,-0.0663765715224668,0
-0.4670552610816714,-0.02110706627949741,0
-0.4311394364856711,-0.06515426644729487,0
-0.4405690317025443,-0.01911878891967024,0
-0.4232396136008994,-0.04688538429918995,0
-0.4585269440005344,-0.14239008956230859,0
-0.3803317910704373,-0.13351670805820332,0
-0.368418770869343,-0.12482617903075852,0
-0.4342120747789649,-0.06966481400987663,0
-0.4342120747789649,-0.08278016668565226,0
-0.5567160685522614,-0.04861821315903015,0
-0.5439279574735961,-0.0765489770606962,0
-0.5560679339122598,-0.13391865805459968,0
-0.5319887500143324,-0.25762381728294614,0
-0.5541169831777425,-0.22724127251544554,0
-0.5949909286561083,-0.21115238285269755,0
-0.5512996706517107,-0.15740369649990169,0
-0.6148255944571175,-0.1448149805432754,0
-0.6212851181418958,-0.22059070909118217,0
-0.6378463766702113,-0.15762755043818055,0
-0.6215011630219017,-0.2240332505364292,0
-0.6937736310599544,-0.13753121029647655,0
-0.564297279795812,-0.08206136944915161,0
-0.7374823472364649,-0.06737039519847589,0
-0.8074350606539433,-0.0877429560322721,0
-0.7793012162808937,-0.15478155535922916,0
-0.7453494360485137,-0.07592119967981353,0
-0.7425866803103642,-0.027035750005818378,0
-0.7042398052465019,-0.00109527947600675,0
-0.7517238511442101,-0.0033717212689801128,0
-0.8676613899284706,-0.0077885883882143235,0
-0.8251616521713377,-0.018715425301330163,0
-0.7487515973406083,-0.05492041556318214,0
-0.7285415808389928,-0.04872517253175324,0
-0.7459888416024384,-0.12789099980937293,0
-0.6768784849898283,-0.1501554281807494,0
-0.6635993628202549,-0.10581436851681568,0
-0.6539493581803658,-0.01748914932571662,0
-0.6642431329172303,0.0017535602275001061,0
-0.6077157538608347,-0.03752060425833551,0
-0.6189173535479887,0.03450402799796865,0
-0.6298919969975776,0.036401863967999576,0
-0.6918510498551297,0.0552964563183175,0
-0.6227930677588582,0.09346173072871942,0
-0.5999534140815243,0.06275002772670908,0
-0.5984432821930386,0.1031157605418445,0
-0.5187314505599226,-0.011548854326247963,0
-0.4260918424711773,-0.02070220382400745,0
-0.4392531219789255,0.03401049547500705,0
-0.4604953529071849,0.06756325602035049,0
-0.4670552610816714,0.10874841199342973,0
-0.4166491536252173,0.13904511190180788,0
-0.54826413097417,0.08550915380193122,0
-0.5497829919486918,0.08085970498937858,0
-0.5655957313473221,-0.041012349991345065,0
-0.5850594109907674,-0.05036516837473392,0
-0.449769488410329,-0.08581758389087785,0
-0.5867877700307457,-0.06171893605076342,0
-0.6871482547400263,-0.060225876162314784,0
-0.6309678568545282,-0.09294554673815897,0
-0.6417133617950201,-0.06392988006767365,0
-0.6764507597728588,-0.06979736931936072,0
-0.7110681328173533,-0.0958543965826751,0
-0.7142651605870216,-0.12481305486212935,0
-0.8158804514174852,-0.09680244042420372,0
-0.7585194446423184,-0.0937130763755372,0
-0.6307518119745384,-0.16769418507339293,0
-0.6331173942969385,-0.17231916911953388,0
-0.6451504394313609,-0.21384875339520382,0
-0.5844090940792427,-0.251755582137777,0
-0.5924005723676458,-0.3123584352040959,0
-0.8076467409909068,-0.19571045853767557,0
-0.8348574845130567,-0.14145250597433762,0
-0.9762250332631136,-0.15592032133819542,0
-1.0199359317111678,-0.1871808640286183,0
-1.0277855623510834,-0.18122750258912756,0
-0.9400320601847084,-0.2631138318653251,0
-0.9861871027296908,-0.1396090897527087,0
-0.9604341165796472,-0.3029850949817372,0
-0.9681244413989624,-0.30514797392195886,0
-0.8760565884471767,-0.2097565660712019,0
-0.8842335598143699,-0.1997977461968769,0
-0.8297989791409832,-0.06329315530427412,0
-0.8714410841926785,-0.0007154079601710991,0
-0.855268269994052,0.16963379384794028,0
-0.9452411422913094,0.20499282759695972,0
-0.8445424054971921,0.26285271442484925,0
-0.8234747562901389,0.48635230197862095,0
-0.7776077735851615,0.19127672803847784,0
-0.7604311144895635,0.3150434246601591,0
-0.7915808580965216,0.3927913177458069,0
-0.7981364017279778,0.4941784675931014,0
-0.7281182201650536,0.6798687065825504,0
-0.7551238301647774,0.7734644861641642,0
-0.7127724868706651,1.1184218889983786,0
-0.674309951416505,1.217785251997165,0
-0.5365496974809484,0.9299156367905065,0
-0.5768453410078049,0.9521960288678074,0
-0.5627827833643164,1.0428341858366965,0
-0.5895941711991978,1.2128962106631904,0
-0.5999534140815243,1.1381772286473244,0
-0.6548091731573268,0.8536001553722888,0
-0.6777339354237589,0.9592401829396209,0
-0.613749734600171,0.7557931027915344,0
-0.5876497672792136,0.6174269862851711,0
-0.6059917593638867,0.33311025385003007,0
-0.697618793469604,0.3614952200554262,0
-0.6361267467162894,0.1591465335995527,0
-0.6038356751069228,0.2568592453320925,0
-0.5043677394473464,-0.024238292274292538,0
-0.5510836257717048,0.15429262618556078,0
-0.5645133246758179,0.3161505124709311,0
-0.5280803017307443,-0.3731203780500175,0
-0.7396078796922129,-0.16418851360711798,0
-0.7663712575537613,-0.15986965852119556,0
-0.8101825404914829,-0.2816491028728015,0
-0.6768784849898283,-0.160223487134678,0
-0.8129256557859962,-0.40011867048577954,0
-0.8800414162338067,-0.12177748568386718,0
-0.8095474994805884,-0.22032506382554246,0
-0.8065905215775924,-0.24215363962013794,0
-0.7896757350638097,-0.12791655172786387,0
-0.8722790764544962,-0.06584648115243649,0
-0.9064228965801954,0.13696865970446295,0
-0.8241076150295344,0.29980474278042873,0
-0.8664022192642371,0.3320531195050728,0
-0.9204243506212684,0.27329594839446514,0
-0.8685015644617954,0.16729838716824955,0
-0.8194681057883657,0.1461808074324057,0
-0.8160921317544649,0.18031993385346956,0
-0.795386739618915,-0.09399436713073037,0
-0.7132002120876345,-0.3710513084816673,0
-0.6813739643109822,-0.3928411905848634,0
-0.6533055880833946,-0.9332579352567703,0
-0.6442906244544,-1.0056651012000577,0
-0.6738822261995396,-0.9295238749573446,0
-0.6399959141126217,-0.776378377554782,0
-0.5677605446903221,-0.9217078626283687,0
-0.5443600472335918,-0.9498399006922409,0
-0.5150325003417868,-1.075338544529743,0
-0.5132932299442288,-0.9263107993156706,0
-0.4442941691788658,-0.8687966502938618,0
-0.5150325003417868,-0.9561802154134591,0
-0.5193839497429503,-0.7974677732028018,0
-0.5365496974809484,-1.014024019708546,0
-0.6081478436208303,-0.734701070880847,0
-0.628602274532128,-0.6759088888399508,0
-0.6070698014923565,-0.5062697247091874,0
-0.6025415880984634,-0.20207031590675006,0
-0.6653146282311505,-0.33189379778296435,0
-0.6715275552347193,-0.30206416077104353,0
-0.6571682086651732,-0.23043073455455584,0
-0.7236445635590428,-0.2569583575275348,0
-0.4980500634110392,-0.16350080720741703,0
-0.4245577055960455,-0.1734281940742786,0
-0.4698965785943656,-0.30005866082022287,0
-0.4664005796271164,-0.3495952877055955,0
-0.489109297013563,-0.39629456768131904,0
-0.4926009314377657,-0.34993455415901087,0
-0.4515240347084929,-0.28357011129192433,0
-0.3403416655556786,-0.294515945980899,0
-0.3106322211487138,-0.34062152087726855,0
-0.3847421618025134,-0.25933457798799264,0
-0.2890713785792333,-0.3033557259056187,0
-0.1765229074579603,-0.2152904940406392,0
-0.1006387800623809,-0.09526527793756842,0
-0.0504181656847128,-0.21414946083059072,0
-0.1203425095724824,-0.17925009991197605,0
0.0092124034661883,-0.14182716041348986,0
-0.0333200683636837,-0.0756449342578526,0
-0.0091012190887718,-0.052483496758493474,0
-0.1060791829495939,-0.012245095117606802,0
-0.1875433786093749,0.004630530328840813,0
-0.2527365578523403,0.008501213580330137,0
-0.2113388672103477,0.004232205822490596,0
-0.2453648446742258,-0.019739104854466994,0
-0.1875433786093749,-0.05665921944164579,0
-0.1314219020547852,-0.059769588459725374,0
-0.1751720813900953,-0.039787001419256826,0
-0.2661269758691649,-0.044752895205134875,0
-0.296412539956132,-0.005804920048445157,0
-0.3148505519874666,0.0054502375552576586,0
-0.1922614496250883,-0.06088917160560736,0
-0.1729221594580133,-0.1591404128177488,0
-0.0976927135169647,-0.059126687741244494,0
-0.1094769796986582,0.01285471690877401,0
-0.1246394021857799,0.08437195320606834,0
-0.0383371105769616,0.04396302145270851,0
-0.0403906280726901,0.21131846408789504,0
-0.1302936676814756,0.04203667606358661,0
0.0151721869740061,0.022655152799667046,0
-0.0949714209375945,-0.022866272621444278,0
-0.0104760501433032,0.16381550914766116,0
-0.0239581235637754,0.0742441203836302,0
-0.0847583902467858,0.12444879838254402,0
-0.2178398540539013,0.14665521558664601,0
-0.2460348020293704,0.5231324209285548,0
-0.2696949897964093,0.010969478953832639,0
-0.3814338381855734,-0.1129298646498516,0
-0.3792297439552808,-0.3351796153303778,0
-0.3792297439552808,-0.07478417582013278,0
-0.4385962582528676,0.01003053487618993,0
-0.4559016713678461,-0.11472898523512626,0
-0.4714263509264711,-0.23513748414276592,0
-0.5011008789891898,-0.46107700737121454,0
-0.5469634971511571,-0.4589588774736603,0
-0.5865695428792369,-0.07021053613269347,0
-0.6468678871137594,0.1774128990591559,0
-0.5753330268478326,0.42394245808332015,0
-0.6683130692929421,0.32741793755786025,0
-0.705946341571341,0.05157894337232019,0
-0.7366312613455808,-0.006607951168317663,0
-0.6567383011766846,-0.36145714342987983,0
-0.7072273349507137,-0.23583504717100287,0
-0.6702421973123164,-0.31077775660650864,0
-0.6631716376032896,-0.19947228790912186,0
-0.5926166172476558,-0.059307768145804546,0
-0.5432776405620917,-0.5321503568776996,0
-0.5645133246758179,-0.19195203397131866,0
-0.5653796864673324,-0.7404464752454688,0
-0.4548061710672431,-0.40739127966736943,0
-0.8234747562901389,0.023679369859489912,0
-0.7097871394379602,0.5488825213408457,0
-0.856739120995245,0.156104576828081,0
-0.9491976005482468,-0.19193047724076182,0
-1.0364557270806876,-0.7579823639587459,0
-1.1327484576857592,-0.8484938179285945,0
-1.1950632208002814,-0.37418797920962893,0
-1.1883614649773115,-0.283876908650564,0
-1.0764022071651276,-0.10990641348760624,0
-1.0531544687144645,-0.6018085053858672,0
-1.1655850971739163,-0.8932698413406911,0
-1.3062608658536896,-0.6747943003177442,0
-1.2869804970175271,-1.1304965435909795,0
-1.3521016613004977,-1.2206853461089167,0
-1.2662489176237877,-0.7496817909422762,0
-1.1358123668929965,-0.7825183693728539,0
-1.1347910638239282,-0.7183082324512129,0
-1.1676211564975318,-0.9728727817895998,0
-1.2478960141815512,-0.8700157936755495,0
-1.2303178171271976,-0.8032871089171171,0
-1.2242489200436153,-0.8526299240265163,0
-1.0934435654267711,-0.2806393220625636,0
-1.1302977667742773,-0.2835245559990019,0
-1.1490783954334791,-0.7778260301905425,0
-1.1897843060051718,-0.7587760243640337,0
-1.2375956926301372,-0.6194629456159769,0
-1.2976299820113413,-0.58964915352537,0
-1.2317341113405085,-0.6128301459304272,0
-1.2183786096679137,-0.7635362038909205,0
-1.25919581608689,-0.7057837389881517,0
-1.5242676079435726,-0.6469420692046136,0
-1.497362382433553,-0.9418189431621431,0
-1.3726477476154266,-0.6185529918045122,0
-1.4225322921797607,-0.578714378564743,0
-1.428476799786985,-0.49868318674283846,0
-1.434019769435413,-0.2513798952439141,0
-1.390762783462514,-0.24430680856851042,0
-1.3794193361268725,-0.09887787044619499,0
-1.4219365320561386,-0.12995082541936995,0
-1.5213237236696633,-0.16254523421605221,0
-1.6744646272438504,-0.08091917930747441,0
-1.6064715936469824,-0.07752456836936468,0
-1.4581447810351702,-0.026999987200263822,0
-1.5328919449713674,0.008511319675181607,0
-1.5893473090677637,0.07505989103982455,0
-1.620651993952296,0.16019552615619193,0
-1.7179856680700882,0.26604789925222294,0
-1.6798679315153144,0.34004220234292365,0
-1.6037481187960931,0.3305536254965971,0
-1.6249226993074035,0.3578206862928447,0
-1.6126910674650885,0.4168157796502968,0
-1.6576567720343296,0.36776775879753254,0
-1.395336824558237,0.5045100470690976,0
-1.422333705471888,0.4981553318846164,0
-1.414599735222266,0.5838074937755915,0
-1.4038804175399595,0.5273948511215473,0
-1.3094731695239636,0.15417570075707956,0
-1.3507028252592834,0.25638306100385405,0
-1.380017278522018,0.13717176105164905,0
-1.38698308919831,0.34948674159128507,0
-1.4381791789432534,0.5562639839942398,0
-1.711833844668931,0.43790792321514826,0
-1.56614103377588,0.2459096712623576,0
-1.48299430677793,0.3146393414681982,0
-1.4316454580269402,0.41267318042635254,0
-1.4593297544678814,0.7039946475995507,0
-1.5949950277489098,0.6567433318335812,0
-1.6134679561244745,0.7195607624098443,0
-1.497362382433553,0.8431136055570084,0
-1.4478684644704187,0.7478873647451376,0
-1.3202972362389882,0.4765411064164039,0
-1.2698758528819445,0.6296456894432731,0
-1.2769224076042889,0.39692097642106133,0
-1.3447103076787468,0.6977064046961994,0
-1.3947388821630875,0.726224695666256,0
-1.249107174872456,0.69058948804181,0
-1.2962245991556105,0.7116054004900225,0
-1.320899543177164,0.4665850147402837,0
-1.20601822380623,0.25567904261627994,0
-1.2706811110710232,0.24183529374151932,0
-1.4421356372001743,0.06211275062927078,0
-1.4078499694259836,0.5475730926698509,0
-1.2775268968139837,0.09448115204158761,0
-1.01765982252088,0.24400334676744667,0
-0.7102148646549256,-0.11168630309760302,0
-0.723005158005114,0.18805388088476493,0
-0.5900262609591934,0.4330987503128407,0
-0.6288161371406107,0.560034880321035,0
-0.4919462499832309,0.43237643229291495,0
-0.5430594134105788,0.5862385161856569,0
-0.59909141683304,0.7741121575607963,0
-0.5521660324432252,0.5792880794686432,0
-0.4827828918911994,0.7277042929687507,0
-0.4456100789024887,0.7071639361249156,0
-0.496088201318938,0.6643868374140951,0
-0.5971491951845791,0.6943475361190372,0
-0.6354829766193385,0.7688205768537009,0
-0.6944152188854024,0.7967658455837322,0
-0.7238562438960022,0.6590072010037694,0
-0.8070138822515112,0.76554767280185,0
-0.6991158317289866,1.2538812895321294,0
-0.6571682086651732,1.1535768328159905,0
-0.6663861235450709,1.3677713745555733,0
-0.7082944657216241,1.1231980369051675,0
-0.5019716053237304,0.9851752460004591,0
-0.2547464299177703,0.9098013601761197,0
-0.3631180333590901,0.814083252579394,0
-0.489766160739621,0.6976771461568082,0
-0.3706250473711426,0.3717904506486326,0
-0.4225805676033385,0.425247844098792,0
0.137178622841845,0.41920165140313526,0
0.2933376079214639,0.2794330792335392,0
0.2869784687263774,0.11692208647073636,0
0.2009467787854473,-0.007531904140336497,0
0.3915485551883503,0.02562683702413884,0
0.6038792090673744,0.012714438570829878,0
0.3081857833104111,0.06201746401980487,0
0.2644050521738851,0.18756341964699774,0
0.3459958195815435,0.1261279726333956,0
0.2933376079214639,0.1342603582138513,0
0.414161252628115,0.14204378042394752,0
0.3777675105702932,0.047008548427321974,0
0.259942306925454,0.03265067937963736,0
0.207951870349012,-0.023694125098392724,0
0.2568914913473034,0.02336664131042438,0
0.2388353768311082,0.031219902857567598,0
0.2926305519505702,0.028066268016705528,0
0.2257221072967091,-0.10219334060333468,0
0.0756494774727855,-0.016587173905214126,0
0.0855700837805628,-0.13160669390985255,0
-0.15985908216845,-0.0854498443287911,0
0.0048587717935055,-0.11159414225385482,0
-0.0017796981555093,-0.09254981026717714,0
0.0179240313545921,-0.07151058337277572,0
0.0085249879389348,-0.055493073653486526,0
0.0924966135695788,0.015339407762451223,0
0.192311530400073,0.035771880326784376,0
0.2714537891677524,0.04458638055340523,0
0.1811230243420016,0.02951007706812394,0
0.3476521636615265,0.03502822610767436,0
0.376342487270926,0.040337211643722753,0
0.282273491339767,0.015159605071553213,0
0.0929592551307903,-0.01691630893096599,0
0.3578390070941497,-0.01891139414907337,0
0.3119611130315886,-0.0067229061511387585,0
0.4952566444018227,0.025935629041589484,0
0.3689838677218982,0.03056125750245116,0
0.437777794964835,0.07579855797469133,0
0.4959746117303125,0.07482535746572211,0
0.4117782121335857,0.022265623040358454,0
0.4487698965865529,-0.014516814591152076,0
0.4659989301984897,0.0028891974042724888,0
0.5975724443886632,-0.025478673929781624,0
0.7640142928475667,0.03941552243715066,0
0.6842544512411017,-0.05854179373762192,0
0.6744800571248339,-0.10408941962358094,0
0.548702656078864,-0.10155250574741459,0
0.539292701305627,-0.12657058061034895,0
0.6038792090673744,0.024759081544683866,0
0.5820652230021551,0.013692519612256218,0
0.7617992872597106,0.041771929507114884,0
0.785961397475217,0.05938009934138494,0
0.9168518606811468,0.13945522164906884,0
0.932356899796152,0.10608198176495179,0
0.9968670280548738,0.1636635309769387,0
1.1061857373337596,0.10887090832256491,0
1.1398123591103857,0.14881262624939953,0
1.130120891311697,0.104834653394286,0
1.0774845023667765,0.14320175880738217,0
1.0944931265556974,0.11068351969893418,0
1.0134981192716814,0.06864558447393436,0
0.9915815664452308,0.04314808340110722,0
1.0036691683675356,0.054695836698518824,0
0.9516438154468476,0.06826269253581621,0
0.9138534196193716,0.0503704270018005,0
0.8849143170572432,0.06354617810932595,0
0.7770795524086371,0.08430771424006508,0
0.8290001562966031,0.10733938812099376,0
0.7918884469103079,0.0875245633942436,0
0.8198324336615412,0.08433995200021695,0
0.936612329250654,0.1355271511015917,0
1.018290387518897,0.10590766364280572,0
1.0825604659109669,0.1345092784125329,0
1.0493659338943326,0.08353333436679337,0
1.0506294691015967,0.062191343187519496,0
0.7576115082221777,0.07032969798059183,0
0.6737468138957546,0.08451006201658627,0
0.4511616661671223,0.09891318107361763,0
0.4408831673308678,0.13331623262657694,0
0.7391647671047865,0.10415536678860342,0
0.734494706062402,0.1453975261791377,0
0.7254099097449191,0.11974225347514447,0
0.8791836720585018,0.08810760965362983,0
0.9038651628946252,0.11236944553884447,0
0.8513313407109201,0.09000033936896078,0
0.7973223029829715,0.09754066777644528,0
0.9046136820243144,0.08415666969361989,0
0.97021276376909,0.07111047400474159,0
0.8575420854429656,0.0686627437978206,0
0.9586685474540484,0.06893430059436369,0
0.8886503658911444,0.0020245270177813965,0
0.841399823045559,0.0011810291835605974,0
0.8582862400296287,-0.021040602713167506,0
0.7874431598339897,-0.04242683204506142,0
0.964187512115814,-0.028733687553132915,0
0.7973223029829715,-0.05867602850005478,0
0.8356953653050072,-0.07696636224474937,0
0.8513313407109201,-0.06494584015437913,0
0.91285393926543,-0.01942532788798666,0
0.9316061983949352,0.05574290219375559,0
0.975740457516908,0.029737052884963918,0
0.8294977142020444,0.02060004591255364,0
0.8742059107324962,0.0013645631942006806,0
0.8677354756901422,0.0229581937997033,0
0.9707168684890808,0.0638290278393964,0
1.0731723338528891,0.06698285378607846,0
0.9516438154468476,-0.007155553220753349,0
0.9528986215680508,0.023628237908579968,0
1.0102203474559452,-0.02135898440199668,0
0.9951059349421728,-0.027838157980421118,0
1.063288826160857,-0.09942710085803518,0
1.260393771678841,-0.16342829607042103,0
1.177892997049386,-0.19934030785369045,0
1.1133108538306484,-0.11914477964387664,0
1.014253185215908,-0.196919139194158,0
1.1316506636437982,-0.11175262479608823,0
1.1561532082156687,-0.1263373877523677,0
1.0283855755478848,-0.06890071948039468,0
0.8784373352003316,0.003320155132135775,0
0.9616778998734196,-0.050071762606564416,0
1.0041710908160193,-0.03030845418058815,0
1.0122367663359246,-0.06841429025775832,0
1.0089589945202049,-0.1380580113106947,0
0.9925897758852288,-0.18407799158404461,0
0.9694598800963704,-0.24919489157127048,0
0.9654423182370176,-0.27260033921042737,0
0.8635062334938096,-0.284515989301112,0
0.8220627151500074,-0.12078020607525881,0
0.7021185258639534,-0.11452057671623483,0
0.7679576574754011,-0.03684768914264628,0
0.70285395136456,-0.09054928933217905,0
0.7677110607941956,0.07255364361780435,0
0.8483503578212415,0.03706393941237833,0
0.9458804363754034,0.004583332924937058,0
0.868730591501037,0.0673475572337916,0
0.8448739992976447,0.1106049922675423,0
0.7642608895287722,0.2984062119888636,0
0.7790523258583139,0.26578176546826104,0
0.7965825129393589,0.26762435528019857,0
0.821567339516073,0.23120968618519702,0
0.8582862400296287,0.22832727127877564,0
0.8694769283592031,0.23859297382550562,0
0.7696838342438724,0.25481950350117294,0
0.7131455438299011,0.16678915627139954,0
0.6318210135471007,0.16526145154210314,0
0.6155325389581805,0.19723231327729662,0
0.5540143049466764,0.13579893211596775,0
0.5745625735331328,0.22018113486818772,0
0.6705737911127527,0.13277627626379154,0
0.6608103083540688,0.22884886415535208,0
0.6852342911514069,0.25198593062846336,0
0.7406399826490058,0.20374790757724523,0
0.7492446792331683,0.2455083144531886,0
0.8220627151500074,0.2104506002205891,0
0.7916396679575791,0.17278169142981611,0
0.7462920658731985,0.15596982202511084,0
0.7290914017909583,0.08248048702070997,0
0.6549574561504964,0.08259981039423783,0
0.6437471273772818,0.05134520042889025,0
0.5944212443208045,0.00012200391619816663,0
0.6172325284684621,0.046860926897313075,0
