2025-06-24 19:28:22,181 - tadGANs - INFO - Using device: cuda
2025-06-24 19:28:22,181 - tadGANs - INFO - Found 1 Excel files: ['u30_1day.xlsx']
2025-06-24 19:28:22,326 - tadGANs - WARNING - No recognizable signal column found in u30_1day.xlsx. Using first column.
2025-06-24 19:28:22,334 - tadGANs - INFO - Converted u30_1day.xlsx to csv_data/u30_1day.csv
2025-06-24 19:28:22,334 - tadGANs - INFO - Processing csv_data/u30_1day.csv
2025-06-24 19:28:22,353 - tadGANs - INFO - Training new models
2025-06-24 19:28:23,287 - tadGANs - INFO - Starting training
2025-06-24 19:28:27,672 - tadGANs - INFO - Epoch 1/1000 - Time: 4.19s - Loss: critic_x=0.5194, critic_z=5.7820, encoder=1.1461, decoder=0.8063
2025-06-24 19:28:28,813 - tadGANs - INFO - Epoch 2/1000 - Time: 1.14s - Loss: critic_x=0.0717, critic_z=5.5427, encoder=1.1356, decoder=0.8057
2025-06-24 19:28:29,989 - tadGANs - INFO - Epoch 3/1000 - Time: 1.18s - Loss: critic_x=-0.0713, critic_z=5.2980, encoder=1.1236, decoder=0.8045
2025-06-24 19:28:31,165 - tadGANs - INFO - Epoch 4/1000 - Time: 1.18s - Loss: critic_x=-0.1299, critic_z=5.0103, encoder=1.1144, decoder=0.8087
2025-06-24 19:28:32,372 - tadGANs - INFO - Epoch 5/1000 - Time: 1.21s - Loss: critic_x=-0.1872, critic_z=4.7378, encoder=1.0999, decoder=0.8107
2025-06-24 19:28:33,552 - tadGANs - INFO - Epoch 6/1000 - Time: 1.18s - Loss: critic_x=-0.2500, critic_z=4.4580, encoder=1.0822, decoder=0.8131
2025-06-24 19:28:34,688 - tadGANs - INFO - Epoch 7/1000 - Time: 1.14s - Loss: critic_x=-0.3222, critic_z=4.1551, encoder=1.0518, decoder=0.8070
2025-06-24 19:28:35,848 - tadGANs - INFO - Epoch 8/1000 - Time: 1.16s - Loss: critic_x=-0.3985, critic_z=3.8634, encoder=1.0251, decoder=0.8092
2025-06-24 19:28:37,045 - tadGANs - INFO - Epoch 9/1000 - Time: 1.20s - Loss: critic_x=-0.4733, critic_z=3.5689, encoder=0.9896, decoder=0.8093
2025-06-24 19:28:38,195 - tadGANs - INFO - Epoch 10/1000 - Time: 1.15s - Loss: critic_x=-0.5451, critic_z=3.2657, encoder=0.9489, decoder=0.8122
2025-06-24 19:28:38,207 - tadGANs - INFO - Models saved at epoch 10
2025-06-24 19:28:39,428 - tadGANs - INFO - Epoch 11/1000 - Time: 1.22s - Loss: critic_x=-0.6082, critic_z=2.9488, encoder=0.8937, decoder=0.8100
2025-06-24 19:28:40,614 - tadGANs - INFO - Epoch 12/1000 - Time: 1.19s - Loss: critic_x=-0.6615, critic_z=2.6320, encoder=0.8277, decoder=0.8083
2025-06-24 19:28:41,818 - tadGANs - INFO - Epoch 13/1000 - Time: 1.20s - Loss: critic_x=-0.7094, critic_z=2.2850, encoder=0.7499, decoder=0.8071
2025-06-24 19:28:42,997 - tadGANs - INFO - Epoch 14/1000 - Time: 1.18s - Loss: critic_x=-0.7482, critic_z=1.9398, encoder=0.6592, decoder=0.8108
2025-06-24 19:28:44,414 - tadGANs - INFO - Epoch 15/1000 - Time: 1.42s - Loss: critic_x=-0.7824, critic_z=1.5653, encoder=0.5420, decoder=0.8104
2025-06-24 19:28:45,726 - tadGANs - INFO - Epoch 16/1000 - Time: 1.31s - Loss: critic_x=-0.8081, critic_z=1.1850, encoder=0.4108, decoder=0.8124
2025-06-24 19:28:47,250 - tadGANs - INFO - Epoch 17/1000 - Time: 1.52s - Loss: critic_x=-0.8311, critic_z=0.7917, encoder=0.2560, decoder=0.8075
2025-06-24 19:28:48,810 - tadGANs - INFO - Epoch 18/1000 - Time: 1.56s - Loss: critic_x=-0.8489, critic_z=0.4126, encoder=0.0816, decoder=0.8097
2025-06-24 19:28:50,310 - tadGANs - INFO - Epoch 19/1000 - Time: 1.50s - Loss: critic_x=-0.8647, critic_z=0.0510, encoder=-0.1084, decoder=0.8024
2025-06-24 19:28:51,951 - tadGANs - INFO - Epoch 20/1000 - Time: 1.64s - Loss: critic_x=-0.8772, critic_z=-0.3500, encoder=-0.3228, decoder=0.8093
2025-06-24 19:28:51,964 - tadGANs - INFO - Models saved at epoch 20
2025-06-24 19:28:53,507 - tadGANs - INFO - Epoch 21/1000 - Time: 1.54s - Loss: critic_x=-0.8874, critic_z=-0.7386, encoder=-0.5508, decoder=0.8083
2025-06-24 19:28:55,094 - tadGANs - INFO - Epoch 22/1000 - Time: 1.59s - Loss: critic_x=-0.8932, critic_z=-1.1114, encoder=-0.7950, decoder=0.8014
2025-06-24 19:28:56,643 - tadGANs - INFO - Epoch 23/1000 - Time: 1.55s - Loss: critic_x=-0.8996, critic_z=-1.5076, encoder=-1.0626, decoder=0.8011
2025-06-24 19:28:58,269 - tadGANs - INFO - Epoch 24/1000 - Time: 1.63s - Loss: critic_x=-0.9034, critic_z=-1.9105, encoder=-1.3599, decoder=0.8007
2025-06-24 19:29:02,492 - tadGANs - INFO - Epoch 25/1000 - Time: 4.22s - Loss: critic_x=-0.9060, critic_z=-2.3055, encoder=-1.6634, decoder=0.7975
2025-06-24 19:29:04,111 - tadGANs - INFO - Epoch 26/1000 - Time: 1.62s - Loss: critic_x=-0.9066, critic_z=-2.6961, encoder=-1.9889, decoder=0.7935
2025-06-24 19:29:05,647 - tadGANs - INFO - Epoch 27/1000 - Time: 1.54s - Loss: critic_x=-0.9086, critic_z=-3.0773, encoder=-2.3389, decoder=0.7907
2025-06-24 19:29:07,216 - tadGANs - INFO - Epoch 28/1000 - Time: 1.57s - Loss: critic_x=-0.9061, critic_z=-3.4807, encoder=-2.6937, decoder=0.7881
2025-06-24 19:29:08,809 - tadGANs - INFO - Epoch 29/1000 - Time: 1.59s - Loss: critic_x=-0.9067, critic_z=-3.8581, encoder=-3.0767, decoder=0.7846
2025-06-24 19:29:10,359 - tadGANs - INFO - Epoch 30/1000 - Time: 1.55s - Loss: critic_x=-0.9065, critic_z=-4.2763, encoder=-3.4481, decoder=0.7758
2025-06-24 19:29:10,369 - tadGANs - INFO - Models saved at epoch 30
2025-06-24 19:29:12,010 - tadGANs - INFO - Epoch 31/1000 - Time: 1.64s - Loss: critic_x=-0.9007, critic_z=-4.6150, encoder=-3.8585, decoder=0.7721
2025-06-24 19:29:13,576 - tadGANs - INFO - Epoch 32/1000 - Time: 1.57s - Loss: critic_x=-0.8969, critic_z=-5.0184, encoder=-4.2880, decoder=0.7676
2025-06-24 19:29:15,180 - tadGANs - INFO - Epoch 33/1000 - Time: 1.60s - Loss: critic_x=-0.8931, critic_z=-5.4081, encoder=-4.7077, decoder=0.7643
2025-06-24 19:29:16,694 - tadGANs - INFO - Epoch 34/1000 - Time: 1.51s - Loss: critic_x=-0.8873, critic_z=-5.7936, encoder=-5.1471, decoder=0.7582
2025-06-24 19:29:18,267 - tadGANs - INFO - Epoch 35/1000 - Time: 1.57s - Loss: critic_x=-0.8814, critic_z=-6.2043, encoder=-5.6042, decoder=0.7510
2025-06-24 19:29:19,760 - tadGANs - INFO - Epoch 36/1000 - Time: 1.49s - Loss: critic_x=-0.8721, critic_z=-6.5597, encoder=-6.0959, decoder=0.7484
2025-06-24 19:29:21,200 - tadGANs - INFO - Epoch 37/1000 - Time: 1.44s - Loss: critic_x=-0.8608, critic_z=-6.9424, encoder=-6.5397, decoder=0.7342
2025-06-24 19:29:22,613 - tadGANs - INFO - Epoch 38/1000 - Time: 1.41s - Loss: critic_x=-0.8485, critic_z=-7.3188, encoder=-7.0088, decoder=0.7268
2025-06-24 19:29:24,027 - tadGANs - INFO - Epoch 39/1000 - Time: 1.41s - Loss: critic_x=-0.8371, critic_z=-7.7155, encoder=-7.5190, decoder=0.7221
2025-06-24 19:29:25,572 - tadGANs - INFO - Epoch 40/1000 - Time: 1.54s - Loss: critic_x=-0.8239, critic_z=-8.0766, encoder=-7.9739, decoder=0.7111
2025-06-24 19:29:25,585 - tadGANs - INFO - Models saved at epoch 40
2025-06-24 19:29:27,155 - tadGANs - INFO - Epoch 41/1000 - Time: 1.57s - Loss: critic_x=-0.8112, critic_z=-8.4884, encoder=-8.4506, decoder=0.7009
2025-06-24 19:29:28,779 - tadGANs - INFO - Epoch 42/1000 - Time: 1.62s - Loss: critic_x=-0.7967, critic_z=-8.8444, encoder=-8.9716, decoder=0.6955
2025-06-24 19:29:30,340 - tadGANs - INFO - Epoch 43/1000 - Time: 1.56s - Loss: critic_x=-0.7855, critic_z=-9.2336, encoder=-9.5085, decoder=0.6911
2025-06-24 19:29:31,971 - tadGANs - INFO - Epoch 44/1000 - Time: 1.63s - Loss: critic_x=-0.7722, critic_z=-9.5910, encoder=-10.0277, decoder=0.6904
2025-06-24 19:29:36,194 - tadGANs - INFO - Epoch 45/1000 - Time: 4.22s - Loss: critic_x=-0.7594, critic_z=-9.9977, encoder=-10.4802, decoder=0.6827
2025-06-24 19:29:37,779 - tadGANs - INFO - Epoch 46/1000 - Time: 1.58s - Loss: critic_x=-0.7489, critic_z=-10.3457, encoder=-11.0170, decoder=0.6833
2025-06-24 19:29:39,436 - tadGANs - INFO - Epoch 47/1000 - Time: 1.66s - Loss: critic_x=-0.7398, critic_z=-10.7584, encoder=-11.4890, decoder=0.6849
2025-06-24 19:29:41,012 - tadGANs - INFO - Epoch 48/1000 - Time: 1.58s - Loss: critic_x=-0.7330, critic_z=-11.1463, encoder=-12.0651, decoder=0.6980
2025-06-24 19:29:42,911 - tadGANs - INFO - Epoch 49/1000 - Time: 1.90s - Loss: critic_x=-0.7252, critic_z=-11.5042, encoder=-12.5677, decoder=0.7101
2025-06-24 19:29:44,985 - tadGANs - INFO - Epoch 50/1000 - Time: 2.07s - Loss: critic_x=-0.7192, critic_z=-11.8954, encoder=-13.0346, decoder=0.7197
2025-06-24 19:29:44,995 - tadGANs - INFO - Models saved at epoch 50
2025-06-24 19:29:47,191 - tadGANs - INFO - Epoch 51/1000 - Time: 2.20s - Loss: critic_x=-0.7145, critic_z=-12.2943, encoder=-13.6968, decoder=0.7456
2025-06-24 19:29:49,291 - tadGANs - INFO - Epoch 52/1000 - Time: 2.10s - Loss: critic_x=-0.7108, critic_z=-12.6700, encoder=-14.2241, decoder=0.7586
2025-06-24 19:29:51,291 - tadGANs - INFO - Epoch 53/1000 - Time: 2.00s - Loss: critic_x=-0.7120, critic_z=-13.0995, encoder=-14.7577, decoder=0.7790
2025-06-24 19:29:53,307 - tadGANs - INFO - Epoch 54/1000 - Time: 2.02s - Loss: critic_x=-0.7118, critic_z=-13.5106, encoder=-15.3052, decoder=0.7993
2025-06-24 19:29:55,294 - tadGANs - INFO - Epoch 55/1000 - Time: 1.99s - Loss: critic_x=-0.7107, critic_z=-13.8954, encoder=-15.8006, decoder=0.8113
2025-06-24 19:29:57,306 - tadGANs - INFO - Epoch 56/1000 - Time: 2.01s - Loss: critic_x=-0.7038, critic_z=-14.2309, encoder=-16.3612, decoder=0.8324
2025-06-24 19:29:59,319 - tadGANs - INFO - Epoch 57/1000 - Time: 2.01s - Loss: critic_x=-0.6963, critic_z=-14.6778, encoder=-16.9243, decoder=0.8439
2025-06-24 19:30:01,330 - tadGANs - INFO - Epoch 58/1000 - Time: 2.01s - Loss: critic_x=-0.6878, critic_z=-15.0826, encoder=-17.4610, decoder=0.8463
2025-06-24 19:30:03,371 - tadGANs - INFO - Epoch 59/1000 - Time: 2.04s - Loss: critic_x=-0.6863, critic_z=-15.4783, encoder=-18.0914, decoder=0.8552
2025-06-24 19:30:05,411 - tadGANs - INFO - Epoch 60/1000 - Time: 2.04s - Loss: critic_x=-0.6854, critic_z=-15.8761, encoder=-18.5410, decoder=0.8541
2025-06-24 19:30:05,420 - tadGANs - INFO - Models saved at epoch 60
2025-06-24 19:30:07,426 - tadGANs - INFO - Epoch 61/1000 - Time: 2.01s - Loss: critic_x=-0.6835, critic_z=-16.3030, encoder=-19.2430, decoder=0.8639
2025-06-24 19:30:12,065 - tadGANs - INFO - Epoch 62/1000 - Time: 4.64s - Loss: critic_x=-0.6762, critic_z=-16.6957, encoder=-19.7554, decoder=0.8684
2025-06-24 19:30:14,086 - tadGANs - INFO - Epoch 63/1000 - Time: 2.02s - Loss: critic_x=-0.6717, critic_z=-17.0950, encoder=-20.3472, decoder=0.8682
2025-06-24 19:30:16,162 - tadGANs - INFO - Epoch 64/1000 - Time: 2.08s - Loss: critic_x=-0.6657, critic_z=-17.5116, encoder=-20.8996, decoder=0.8718
2025-06-24 19:30:18,237 - tadGANs - INFO - Epoch 65/1000 - Time: 2.08s - Loss: critic_x=-0.6603, critic_z=-17.9218, encoder=-21.5444, decoder=0.8887
2025-06-24 19:30:20,340 - tadGANs - INFO - Epoch 66/1000 - Time: 2.10s - Loss: critic_x=-0.6409, critic_z=-18.3393, encoder=-22.1063, decoder=0.8864
2025-06-24 19:30:22,430 - tadGANs - INFO - Epoch 67/1000 - Time: 2.09s - Loss: critic_x=-0.6516, critic_z=-18.7429, encoder=-22.7240, decoder=0.8788
2025-06-24 19:30:24,531 - tadGANs - INFO - Epoch 68/1000 - Time: 2.10s - Loss: critic_x=-0.6564, critic_z=-19.2234, encoder=-23.3242, decoder=0.8733
2025-06-24 19:30:26,610 - tadGANs - INFO - Epoch 69/1000 - Time: 2.08s - Loss: critic_x=-0.6547, critic_z=-19.6008, encoder=-23.8713, decoder=0.8607
2025-06-24 19:30:28,737 - tadGANs - INFO - Epoch 70/1000 - Time: 2.13s - Loss: critic_x=-0.6566, critic_z=-19.9985, encoder=-24.5343, decoder=0.8530
2025-06-24 19:30:28,747 - tadGANs - INFO - Models saved at epoch 70
2025-06-24 19:30:30,833 - tadGANs - INFO - Epoch 71/1000 - Time: 2.09s - Loss: critic_x=-0.6552, critic_z=-20.4265, encoder=-25.1137, decoder=0.8531
2025-06-24 19:30:32,867 - tadGANs - INFO - Epoch 72/1000 - Time: 2.03s - Loss: critic_x=-0.6560, critic_z=-20.8890, encoder=-25.7283, decoder=0.8500
2025-06-24 19:30:34,874 - tadGANs - INFO - Epoch 73/1000 - Time: 2.01s - Loss: critic_x=-0.6577, critic_z=-21.2706, encoder=-26.3139, decoder=0.8482
2025-06-24 19:30:36,907 - tadGANs - INFO - Epoch 74/1000 - Time: 2.03s - Loss: critic_x=-0.6624, critic_z=-21.6601, encoder=-26.9780, decoder=0.8540
2025-06-24 19:30:38,940 - tadGANs - INFO - Epoch 75/1000 - Time: 2.03s - Loss: critic_x=-0.6658, critic_z=-22.1444, encoder=-27.5367, decoder=0.8488
2025-06-24 19:30:41,044 - tadGANs - INFO - Epoch 76/1000 - Time: 2.10s - Loss: critic_x=-0.6734, critic_z=-22.5562, encoder=-28.3208, decoder=0.8631
2025-06-24 19:30:45,689 - tadGANs - INFO - Epoch 77/1000 - Time: 4.64s - Loss: critic_x=-0.6844, critic_z=-23.0296, encoder=-28.9183, decoder=0.8620
2025-06-24 19:30:47,819 - tadGANs - INFO - Epoch 78/1000 - Time: 2.13s - Loss: critic_x=-0.6885, critic_z=-23.4745, encoder=-29.5549, decoder=0.8649
2025-06-24 19:30:49,923 - tadGANs - INFO - Epoch 79/1000 - Time: 2.10s - Loss: critic_x=-0.6960, critic_z=-23.8537, encoder=-30.1423, decoder=0.8693
2025-06-24 19:30:52,087 - tadGANs - INFO - Epoch 80/1000 - Time: 2.16s - Loss: critic_x=-0.7048, critic_z=-24.4131, encoder=-30.7659, decoder=0.8692
2025-06-24 19:30:52,097 - tadGANs - INFO - Models saved at epoch 80
2025-06-24 19:30:54,263 - tadGANs - INFO - Epoch 81/1000 - Time: 2.17s - Loss: critic_x=-0.7132, critic_z=-24.8625, encoder=-31.4589, decoder=0.8700
2025-06-24 19:30:56,417 - tadGANs - INFO - Epoch 82/1000 - Time: 2.15s - Loss: critic_x=-0.7228, critic_z=-25.2468, encoder=-32.1626, decoder=0.8822
2025-06-24 19:30:58,522 - tadGANs - INFO - Epoch 83/1000 - Time: 2.10s - Loss: critic_x=-0.7296, critic_z=-25.7594, encoder=-32.7977, decoder=0.8912
2025-06-24 19:31:00,576 - tadGANs - INFO - Epoch 84/1000 - Time: 2.05s - Loss: critic_x=-0.7386, critic_z=-26.1628, encoder=-33.4731, decoder=0.8970
2025-06-24 19:31:02,634 - tadGANs - INFO - Epoch 85/1000 - Time: 2.06s - Loss: critic_x=-0.7436, critic_z=-26.6058, encoder=-34.2250, decoder=0.9012
2025-06-24 19:31:04,681 - tadGANs - INFO - Epoch 86/1000 - Time: 2.05s - Loss: critic_x=-0.7533, critic_z=-27.1766, encoder=-34.8637, decoder=0.8979
2025-06-24 19:31:06,745 - tadGANs - INFO - Epoch 87/1000 - Time: 2.06s - Loss: critic_x=-0.7566, critic_z=-27.5647, encoder=-35.6460, decoder=0.8983
2025-06-24 19:31:08,836 - tadGANs - INFO - Epoch 88/1000 - Time: 2.09s - Loss: critic_x=-0.7553, critic_z=-27.9874, encoder=-36.2286, decoder=0.8816
2025-06-24 19:31:10,939 - tadGANs - INFO - Epoch 89/1000 - Time: 2.10s - Loss: critic_x=-0.7555, critic_z=-28.5601, encoder=-37.0813, decoder=0.8891
2025-06-24 19:31:13,033 - tadGANs - INFO - Epoch 90/1000 - Time: 2.09s - Loss: critic_x=-0.7542, critic_z=-28.9968, encoder=-37.6748, decoder=0.8848
2025-06-24 19:31:13,043 - tadGANs - INFO - Models saved at epoch 90
2025-06-24 19:31:15,183 - tadGANs - INFO - Epoch 91/1000 - Time: 2.14s - Loss: critic_x=-0.7529, critic_z=-29.5324, encoder=-38.3946, decoder=0.8772
2025-06-24 19:31:17,306 - tadGANs - INFO - Epoch 92/1000 - Time: 2.12s - Loss: critic_x=-0.7528, critic_z=-29.9698, encoder=-39.0819, decoder=0.8778
2025-06-24 19:31:22,029 - tadGANs - INFO - Epoch 93/1000 - Time: 4.72s - Loss: critic_x=-0.7555, critic_z=-30.4907, encoder=-39.9140, decoder=0.8801
2025-06-24 19:31:24,160 - tadGANs - INFO - Epoch 94/1000 - Time: 2.13s - Loss: critic_x=-0.7527, critic_z=-30.8720, encoder=-40.6179, decoder=0.8702
2025-06-24 19:31:26,352 - tadGANs - INFO - Epoch 95/1000 - Time: 2.19s - Loss: critic_x=-0.7512, critic_z=-31.4522, encoder=-41.4071, decoder=0.8699
2025-06-24 19:31:28,589 - tadGANs - INFO - Epoch 96/1000 - Time: 2.24s - Loss: critic_x=-0.7545, critic_z=-31.9066, encoder=-41.9517, decoder=0.8683
2025-06-24 19:31:30,849 - tadGANs - INFO - Epoch 97/1000 - Time: 2.26s - Loss: critic_x=-0.7502, critic_z=-32.4322, encoder=-42.8244, decoder=0.8614
2025-06-24 19:31:33,101 - tadGANs - INFO - Epoch 98/1000 - Time: 2.25s - Loss: critic_x=-0.7467, critic_z=-32.9506, encoder=-43.5701, decoder=0.8507
2025-06-24 19:31:35,227 - tadGANs - INFO - Epoch 99/1000 - Time: 2.13s - Loss: critic_x=-0.7472, critic_z=-33.4669, encoder=-44.3889, decoder=0.8524
2025-06-24 19:31:37,308 - tadGANs - INFO - Epoch 100/1000 - Time: 2.08s - Loss: critic_x=-0.7453, critic_z=-33.9731, encoder=-45.2517, decoder=0.8504
2025-06-24 19:31:37,318 - tadGANs - INFO - Models saved at epoch 100
2025-06-24 19:31:39,469 - tadGANs - INFO - Epoch 101/1000 - Time: 2.15s - Loss: critic_x=-0.7408, critic_z=-34.5132, encoder=-45.8215, decoder=0.8441
2025-06-24 19:31:41,551 - tadGANs - INFO - Epoch 102/1000 - Time: 2.08s - Loss: critic_x=-0.7356, critic_z=-35.0315, encoder=-46.7504, decoder=0.8290
2025-06-24 19:31:43,773 - tadGANs - INFO - Epoch 103/1000 - Time: 2.22s - Loss: critic_x=-0.7352, critic_z=-35.5163, encoder=-47.5612, decoder=0.8225
2025-06-24 19:31:45,924 - tadGANs - INFO - Epoch 104/1000 - Time: 2.15s - Loss: critic_x=-0.7320, critic_z=-36.0808, encoder=-48.3875, decoder=0.8126
2025-06-24 19:31:48,131 - tadGANs - INFO - Epoch 105/1000 - Time: 2.21s - Loss: critic_x=-0.7285, critic_z=-36.6277, encoder=-49.2521, decoder=0.8193
2025-06-24 19:31:50,306 - tadGANs - INFO - Epoch 106/1000 - Time: 2.17s - Loss: critic_x=-0.7251, critic_z=-37.1230, encoder=-50.1780, decoder=0.8078
2025-06-24 19:31:52,481 - tadGANs - INFO - Epoch 107/1000 - Time: 2.17s - Loss: critic_x=-0.7260, critic_z=-37.6437, encoder=-50.9658, decoder=0.8057
2025-06-24 19:31:57,295 - tadGANs - INFO - Epoch 108/1000 - Time: 4.81s - Loss: critic_x=-0.7252, critic_z=-38.1916, encoder=-51.7443, decoder=0.8050
2025-06-24 19:31:59,476 - tadGANs - INFO - Epoch 109/1000 - Time: 2.18s - Loss: critic_x=-0.7158, critic_z=-38.5822, encoder=-52.4518, decoder=0.8042
2025-06-24 19:32:01,707 - tadGANs - INFO - Epoch 110/1000 - Time: 2.23s - Loss: critic_x=-0.7228, critic_z=-39.2644, encoder=-53.2538, decoder=0.7903
2025-06-24 19:32:01,717 - tadGANs - INFO - Models saved at epoch 110
2025-06-24 19:32:03,909 - tadGANs - INFO - Epoch 111/1000 - Time: 2.19s - Loss: critic_x=-0.7173, critic_z=-39.7880, encoder=-54.3804, decoder=0.8020
2025-06-24 19:32:06,105 - tadGANs - INFO - Epoch 112/1000 - Time: 2.20s - Loss: critic_x=-0.7167, critic_z=-40.3000, encoder=-55.0897, decoder=0.7884
2025-06-24 19:32:08,340 - tadGANs - INFO - Epoch 113/1000 - Time: 2.23s - Loss: critic_x=-0.7175, critic_z=-40.9700, encoder=-55.8122, decoder=0.7821
2025-06-24 19:32:10,577 - tadGANs - INFO - Epoch 114/1000 - Time: 2.24s - Loss: critic_x=-0.7127, critic_z=-41.3192, encoder=-56.6313, decoder=0.7801
2025-06-24 19:32:12,701 - tadGANs - INFO - Epoch 115/1000 - Time: 2.12s - Loss: critic_x=-0.7160, critic_z=-41.9313, encoder=-57.5911, decoder=0.7831
2025-06-24 19:32:14,899 - tadGANs - INFO - Epoch 116/1000 - Time: 2.20s - Loss: critic_x=-0.7134, critic_z=-42.4081, encoder=-58.2611, decoder=0.7754
2025-06-24 19:32:17,059 - tadGANs - INFO - Epoch 117/1000 - Time: 2.16s - Loss: critic_x=-0.7172, critic_z=-43.0363, encoder=-59.1780, decoder=0.7596
2025-06-24 19:32:19,312 - tadGANs - INFO - Epoch 118/1000 - Time: 2.25s - Loss: critic_x=-0.7149, critic_z=-43.5712, encoder=-60.2114, decoder=0.7649
2025-06-24 19:32:21,664 - tadGANs - INFO - Epoch 119/1000 - Time: 2.35s - Loss: critic_x=-0.7131, critic_z=-44.2650, encoder=-60.9559, decoder=0.7421
2025-06-24 19:32:23,891 - tadGANs - INFO - Epoch 120/1000 - Time: 2.23s - Loss: critic_x=-0.7127, critic_z=-44.8429, encoder=-61.9602, decoder=0.7377
2025-06-24 19:32:23,902 - tadGANs - INFO - Models saved at epoch 120
2025-06-24 19:32:26,175 - tadGANs - INFO - Epoch 121/1000 - Time: 2.27s - Loss: critic_x=-0.7149, critic_z=-45.3646, encoder=-62.9922, decoder=0.7449
2025-06-24 19:32:31,090 - tadGANs - INFO - Epoch 122/1000 - Time: 4.91s - Loss: critic_x=-0.7120, critic_z=-45.9471, encoder=-63.7683, decoder=0.7342
2025-06-24 19:32:33,321 - tadGANs - INFO - Epoch 123/1000 - Time: 2.23s - Loss: critic_x=-0.7115, critic_z=-46.4805, encoder=-64.6736, decoder=0.7148
2025-06-24 19:32:35,693 - tadGANs - INFO - Epoch 124/1000 - Time: 2.37s - Loss: critic_x=-0.7112, critic_z=-47.0464, encoder=-65.5013, decoder=0.7018
2025-06-24 19:32:38,028 - tadGANs - INFO - Epoch 125/1000 - Time: 2.33s - Loss: critic_x=-0.7071, critic_z=-47.5395, encoder=-66.5990, decoder=0.6997
2025-06-24 19:32:40,458 - tadGANs - INFO - Epoch 126/1000 - Time: 2.43s - Loss: critic_x=-0.7053, critic_z=-48.2244, encoder=-67.3888, decoder=0.6899
2025-06-24 19:32:42,789 - tadGANs - INFO - Epoch 127/1000 - Time: 2.33s - Loss: critic_x=-0.6985, critic_z=-48.7886, encoder=-68.2870, decoder=0.6919
2025-06-24 19:32:45,047 - tadGANs - INFO - Epoch 128/1000 - Time: 2.26s - Loss: critic_x=-0.6948, critic_z=-49.3418, encoder=-69.1788, decoder=0.6679
2025-06-24 19:32:47,340 - tadGANs - INFO - Epoch 129/1000 - Time: 2.29s - Loss: critic_x=-0.6907, critic_z=-49.9813, encoder=-70.1181, decoder=0.6557
2025-06-24 19:32:49,588 - tadGANs - INFO - Epoch 130/1000 - Time: 2.25s - Loss: critic_x=-0.6871, critic_z=-50.5389, encoder=-71.1128, decoder=0.6552
2025-06-24 19:32:49,598 - tadGANs - INFO - Models saved at epoch 130
2025-06-24 19:32:51,760 - tadGANs - INFO - Epoch 131/1000 - Time: 2.16s - Loss: critic_x=-0.6838, critic_z=-51.1935, encoder=-72.2248, decoder=0.6485
2025-06-24 19:32:53,946 - tadGANs - INFO - Epoch 132/1000 - Time: 2.19s - Loss: critic_x=-0.6767, critic_z=-51.7721, encoder=-73.1811, decoder=0.6396
2025-06-24 19:32:56,199 - tadGANs - INFO - Epoch 133/1000 - Time: 2.25s - Loss: critic_x=-0.6694, critic_z=-52.3938, encoder=-74.0025, decoder=0.6159
2025-06-24 19:32:58,449 - tadGANs - INFO - Epoch 134/1000 - Time: 2.25s - Loss: critic_x=-0.6634, critic_z=-52.8773, encoder=-74.8740, decoder=0.6108
2025-06-24 19:33:00,728 - tadGANs - INFO - Epoch 135/1000 - Time: 2.28s - Loss: critic_x=-0.6652, critic_z=-53.6784, encoder=-75.9203, decoder=0.6129
2025-06-24 19:33:05,654 - tadGANs - INFO - Epoch 136/1000 - Time: 4.93s - Loss: critic_x=-0.6593, critic_z=-54.2759, encoder=-76.9895, decoder=0.6123
2025-06-24 19:33:07,935 - tadGANs - INFO - Epoch 137/1000 - Time: 2.28s - Loss: critic_x=-0.6492, critic_z=-54.7623, encoder=-78.0517, decoder=0.6181
2025-06-24 19:33:10,196 - tadGANs - INFO - Epoch 138/1000 - Time: 2.26s - Loss: critic_x=-0.6422, critic_z=-55.4503, encoder=-79.0467, decoder=0.5942
2025-06-24 19:33:12,566 - tadGANs - INFO - Epoch 139/1000 - Time: 2.37s - Loss: critic_x=-0.6413, critic_z=-56.1930, encoder=-80.0689, decoder=0.6003
2025-06-24 19:33:14,928 - tadGANs - INFO - Epoch 140/1000 - Time: 2.36s - Loss: critic_x=-0.6329, critic_z=-56.5105, encoder=-80.9538, decoder=0.6017
2025-06-24 19:33:14,939 - tadGANs - INFO - Models saved at epoch 140
2025-06-24 19:33:17,309 - tadGANs - INFO - Epoch 141/1000 - Time: 2.37s - Loss: critic_x=-0.6288, critic_z=-57.3658, encoder=-81.9080, decoder=0.6020
2025-06-24 19:33:19,570 - tadGANs - INFO - Epoch 142/1000 - Time: 2.26s - Loss: critic_x=-0.6230, critic_z=-57.9660, encoder=-83.0118, decoder=0.5812
2025-06-24 19:33:21,806 - tadGANs - INFO - Epoch 143/1000 - Time: 2.24s - Loss: critic_x=-0.6110, critic_z=-58.7030, encoder=-84.0469, decoder=0.5706
2025-06-24 19:33:24,051 - tadGANs - INFO - Epoch 144/1000 - Time: 2.24s - Loss: critic_x=-0.6094, critic_z=-59.1774, encoder=-85.2071, decoder=0.5767
2025-06-24 19:33:26,316 - tadGANs - INFO - Epoch 145/1000 - Time: 2.27s - Loss: critic_x=-0.5979, critic_z=-59.7972, encoder=-86.0023, decoder=0.5680
2025-06-24 19:33:28,636 - tadGANs - INFO - Epoch 146/1000 - Time: 2.32s - Loss: critic_x=-0.6033, critic_z=-60.4709, encoder=-87.1933, decoder=0.5691
2025-06-24 19:33:30,949 - tadGANs - INFO - Epoch 147/1000 - Time: 2.31s - Loss: critic_x=-0.5926, critic_z=-61.0664, encoder=-88.1336, decoder=0.5570
2025-06-24 19:33:33,238 - tadGANs - INFO - Epoch 148/1000 - Time: 2.29s - Loss: critic_x=-0.5905, critic_z=-61.7795, encoder=-89.1844, decoder=0.5718
2025-06-24 19:33:35,541 - tadGANs - INFO - Epoch 149/1000 - Time: 2.30s - Loss: critic_x=-0.5809, critic_z=-62.5314, encoder=-90.4678, decoder=0.5520
2025-06-24 19:33:40,401 - tadGANs - INFO - Epoch 150/1000 - Time: 4.86s - Loss: critic_x=-0.5822, critic_z=-63.2047, encoder=-91.4348, decoder=0.5477
2025-06-24 19:33:40,412 - tadGANs - INFO - Models saved at epoch 150
2025-06-24 19:33:42,668 - tadGANs - INFO - Epoch 151/1000 - Time: 2.26s - Loss: critic_x=-0.5698, critic_z=-63.7379, encoder=-92.4963, decoder=0.5301
2025-06-24 19:33:44,926 - tadGANs - INFO - Epoch 152/1000 - Time: 2.26s - Loss: critic_x=-0.5596, critic_z=-64.4102, encoder=-93.4029, decoder=0.5465
2025-06-24 19:33:47,173 - tadGANs - INFO - Epoch 153/1000 - Time: 2.25s - Loss: critic_x=-0.5587, critic_z=-65.1448, encoder=-94.6881, decoder=0.5421
2025-06-24 19:33:49,614 - tadGANs - INFO - Epoch 154/1000 - Time: 2.44s - Loss: critic_x=-0.5534, critic_z=-65.8506, encoder=-95.8361, decoder=0.5498
2025-06-24 19:33:51,982 - tadGANs - INFO - Epoch 155/1000 - Time: 2.37s - Loss: critic_x=-0.5567, critic_z=-66.5397, encoder=-96.7491, decoder=0.5510
2025-06-24 19:33:54,239 - tadGANs - INFO - Epoch 156/1000 - Time: 2.26s - Loss: critic_x=-0.5500, critic_z=-67.0243, encoder=-97.9581, decoder=0.5543
2025-06-24 19:33:56,466 - tadGANs - INFO - Epoch 157/1000 - Time: 2.23s - Loss: critic_x=-0.5315, critic_z=-67.8011, encoder=-99.1625, decoder=0.5595
2025-06-24 19:33:58,709 - tadGANs - INFO - Epoch 158/1000 - Time: 2.24s - Loss: critic_x=-0.5318, critic_z=-68.5425, encoder=-100.4399, decoder=0.5274
2025-06-24 19:34:00,968 - tadGANs - INFO - Epoch 159/1000 - Time: 2.26s - Loss: critic_x=-0.5214, critic_z=-69.1592, encoder=-101.4446, decoder=0.5262
2025-06-24 19:34:03,301 - tadGANs - INFO - Epoch 160/1000 - Time: 2.33s - Loss: critic_x=-0.5134, critic_z=-69.8696, encoder=-102.3891, decoder=0.5091
2025-06-24 19:34:03,324 - tadGANs - INFO - Models saved at epoch 160
2025-06-24 19:34:05,573 - tadGANs - INFO - Epoch 161/1000 - Time: 2.25s - Loss: critic_x=-0.5175, critic_z=-70.5742, encoder=-103.4531, decoder=0.5081
2025-06-24 19:34:07,892 - tadGANs - INFO - Epoch 162/1000 - Time: 2.32s - Loss: critic_x=-0.5131, critic_z=-71.1441, encoder=-104.5787, decoder=0.5060
2025-06-24 19:34:10,144 - tadGANs - INFO - Epoch 163/1000 - Time: 2.25s - Loss: critic_x=-0.4989, critic_z=-71.9459, encoder=-105.8533, decoder=0.4991
2025-06-24 19:34:15,035 - tadGANs - INFO - Epoch 164/1000 - Time: 4.89s - Loss: critic_x=-0.5041, critic_z=-72.6966, encoder=-107.1817, decoder=0.4971
2025-06-24 19:34:17,287 - tadGANs - INFO - Epoch 165/1000 - Time: 2.25s - Loss: critic_x=-0.4981, critic_z=-73.1906, encoder=-108.1876, decoder=0.4951
2025-06-24 19:34:19,613 - tadGANs - INFO - Epoch 166/1000 - Time: 2.33s - Loss: critic_x=-0.4947, critic_z=-73.9639, encoder=-109.1817, decoder=0.5024
2025-06-24 19:34:22,064 - tadGANs - INFO - Epoch 167/1000 - Time: 2.45s - Loss: critic_x=-0.4930, critic_z=-74.7136, encoder=-110.3991, decoder=0.5040
2025-06-24 19:34:24,534 - tadGANs - INFO - Epoch 168/1000 - Time: 2.47s - Loss: critic_x=-0.4815, critic_z=-75.4169, encoder=-111.6477, decoder=0.5114
2025-06-24 19:34:26,906 - tadGANs - INFO - Epoch 169/1000 - Time: 2.37s - Loss: critic_x=-0.4747, critic_z=-76.1143, encoder=-112.8747, decoder=0.5020
2025-06-24 19:34:29,218 - tadGANs - INFO - Epoch 170/1000 - Time: 2.31s - Loss: critic_x=-0.4723, critic_z=-76.7976, encoder=-114.0267, decoder=0.4996
2025-06-24 19:34:29,230 - tadGANs - INFO - Models saved at epoch 170
2025-06-24 19:34:31,619 - tadGANs - INFO - Epoch 171/1000 - Time: 2.39s - Loss: critic_x=-0.4659, critic_z=-77.5261, encoder=-115.2771, decoder=0.5164
2025-06-24 19:34:33,927 - tadGANs - INFO - Epoch 172/1000 - Time: 2.31s - Loss: critic_x=-0.4584, critic_z=-78.2630, encoder=-116.4099, decoder=0.4865
2025-06-24 19:34:36,306 - tadGANs - INFO - Epoch 173/1000 - Time: 2.38s - Loss: critic_x=-0.4559, critic_z=-78.9214, encoder=-117.5707, decoder=0.4864
2025-06-24 19:34:38,668 - tadGANs - INFO - Epoch 174/1000 - Time: 2.36s - Loss: critic_x=-0.4447, critic_z=-79.6729, encoder=-118.5619, decoder=0.4847
2025-06-24 19:34:40,949 - tadGANs - INFO - Epoch 175/1000 - Time: 2.28s - Loss: critic_x=-0.4404, critic_z=-80.4959, encoder=-120.2283, decoder=0.4953
2025-06-24 19:34:43,208 - tadGANs - INFO - Epoch 176/1000 - Time: 2.26s - Loss: critic_x=-0.4348, critic_z=-81.0649, encoder=-121.0657, decoder=0.4961
2025-06-24 19:34:45,499 - tadGANs - INFO - Epoch 177/1000 - Time: 2.29s - Loss: critic_x=-0.4248, critic_z=-81.8889, encoder=-122.5890, decoder=0.4923
2025-06-24 19:34:50,066 - tadGANs - INFO - Epoch 178/1000 - Time: 4.57s - Loss: critic_x=-0.4186, critic_z=-82.6445, encoder=-123.6569, decoder=0.4886
2025-06-24 19:34:52,351 - tadGANs - INFO - Epoch 179/1000 - Time: 2.28s - Loss: critic_x=-0.4112, critic_z=-83.3479, encoder=-124.8219, decoder=0.4668
2025-06-24 19:34:54,669 - tadGANs - INFO - Epoch 180/1000 - Time: 2.32s - Loss: critic_x=-0.3975, critic_z=-84.0824, encoder=-126.0551, decoder=0.4714
2025-06-24 19:34:54,680 - tadGANs - INFO - Models saved at epoch 180
2025-06-24 19:34:57,096 - tadGANs - INFO - Epoch 181/1000 - Time: 2.42s - Loss: critic_x=-0.3999, critic_z=-84.9446, encoder=-127.2403, decoder=0.4772
2025-06-24 19:34:59,396 - tadGANs - INFO - Epoch 182/1000 - Time: 2.30s - Loss: critic_x=-0.3921, critic_z=-85.6298, encoder=-128.8857, decoder=0.4498
2025-06-24 19:35:01,750 - tadGANs - INFO - Epoch 183/1000 - Time: 2.35s - Loss: critic_x=-0.3767, critic_z=-86.2975, encoder=-129.7066, decoder=0.4704
2025-06-24 19:35:04,199 - tadGANs - INFO - Epoch 184/1000 - Time: 2.45s - Loss: critic_x=-0.3653, critic_z=-87.1160, encoder=-131.3686, decoder=0.4593
2025-06-24 19:35:06,666 - tadGANs - INFO - Epoch 185/1000 - Time: 2.47s - Loss: critic_x=-0.3576, critic_z=-87.8082, encoder=-132.3292, decoder=0.4230
2025-06-24 19:35:09,032 - tadGANs - INFO - Epoch 186/1000 - Time: 2.37s - Loss: critic_x=-0.3458, critic_z=-88.6767, encoder=-133.7484, decoder=0.4463
2025-06-24 19:35:11,379 - tadGANs - INFO - Epoch 187/1000 - Time: 2.35s - Loss: critic_x=-0.3460, critic_z=-89.5621, encoder=-134.6670, decoder=0.4215
2025-06-24 19:35:13,727 - tadGANs - INFO - Epoch 188/1000 - Time: 2.35s - Loss: critic_x=-0.3256, critic_z=-90.0758, encoder=-136.0903, decoder=0.4055
2025-06-24 19:35:16,141 - tadGANs - INFO - Epoch 189/1000 - Time: 2.41s - Loss: critic_x=-0.3186, critic_z=-90.9014, encoder=-137.5180, decoder=0.4092
2025-06-24 19:35:18,472 - tadGANs - INFO - Epoch 190/1000 - Time: 2.33s - Loss: critic_x=-0.3146, critic_z=-91.8445, encoder=-138.8806, decoder=0.3983
2025-06-24 19:35:18,483 - tadGANs - INFO - Models saved at epoch 190
2025-06-24 19:35:20,832 - tadGANs - INFO - Epoch 191/1000 - Time: 2.35s - Loss: critic_x=-0.2997, critic_z=-92.5203, encoder=-140.4955, decoder=0.3820
2025-06-24 19:35:25,451 - tadGANs - INFO - Epoch 192/1000 - Time: 4.62s - Loss: critic_x=-0.2960, critic_z=-93.2395, encoder=-141.4212, decoder=0.3861
2025-06-24 19:35:27,774 - tadGANs - INFO - Epoch 193/1000 - Time: 2.32s - Loss: critic_x=-0.2692, critic_z=-93.9894, encoder=-142.5987, decoder=0.3747
2025-06-24 19:35:30,051 - tadGANs - INFO - Epoch 194/1000 - Time: 2.28s - Loss: critic_x=-0.2643, critic_z=-94.7848, encoder=-144.0084, decoder=0.3681
2025-06-24 19:35:32,394 - tadGANs - INFO - Epoch 195/1000 - Time: 2.34s - Loss: critic_x=-0.2493, critic_z=-95.4575, encoder=-145.2482, decoder=0.3596
2025-06-24 19:35:34,781 - tadGANs - INFO - Epoch 196/1000 - Time: 2.39s - Loss: critic_x=-0.2458, critic_z=-96.2279, encoder=-146.6987, decoder=0.3784
2025-06-24 19:35:37,093 - tadGANs - INFO - Epoch 197/1000 - Time: 2.31s - Loss: critic_x=-0.2264, critic_z=-97.0320, encoder=-147.5543, decoder=0.3295
2025-06-24 19:35:39,476 - tadGANs - INFO - Epoch 198/1000 - Time: 2.38s - Loss: critic_x=-0.2188, critic_z=-97.8999, encoder=-149.2465, decoder=0.3174
2025-06-24 19:35:41,794 - tadGANs - INFO - Epoch 199/1000 - Time: 2.32s - Loss: critic_x=-0.2041, critic_z=-98.7072, encoder=-150.8081, decoder=0.3599
2025-06-24 19:35:44,095 - tadGANs - INFO - Epoch 200/1000 - Time: 2.30s - Loss: critic_x=-0.1973, critic_z=-99.4683, encoder=-152.1185, decoder=0.3352
2025-06-24 19:35:44,106 - tadGANs - INFO - Models saved at epoch 200
2025-06-24 19:35:46,400 - tadGANs - INFO - Epoch 201/1000 - Time: 2.29s - Loss: critic_x=-0.1833, critic_z=-100.4373, encoder=-153.2283, decoder=0.3198
2025-06-24 19:35:48,745 - tadGANs - INFO - Epoch 202/1000 - Time: 2.35s - Loss: critic_x=-0.1752, critic_z=-101.0614, encoder=-154.8885, decoder=0.3230
2025-06-24 19:35:51,093 - tadGANs - INFO - Epoch 203/1000 - Time: 2.35s - Loss: critic_x=-0.1608, critic_z=-101.8491, encoder=-156.2244, decoder=0.3168
2025-06-24 19:35:53,379 - tadGANs - INFO - Epoch 204/1000 - Time: 2.29s - Loss: critic_x=-0.1469, critic_z=-102.7069, encoder=-157.6712, decoder=0.3066
2025-06-24 19:35:55,606 - tadGANs - INFO - Epoch 205/1000 - Time: 2.23s - Loss: critic_x=-0.1361, critic_z=-103.5895, encoder=-159.0393, decoder=0.3224
2025-06-24 19:36:00,925 - tadGANs - INFO - Epoch 206/1000 - Time: 5.32s - Loss: critic_x=-0.1252, critic_z=-104.4122, encoder=-160.2592, decoder=0.3003
2025-06-24 19:36:03,304 - tadGANs - INFO - Epoch 207/1000 - Time: 2.38s - Loss: critic_x=-0.1163, critic_z=-105.1227, encoder=-161.7288, decoder=0.3009
2025-06-24 19:36:05,654 - tadGANs - INFO - Epoch 208/1000 - Time: 2.35s - Loss: critic_x=-0.1049, critic_z=-105.9428, encoder=-163.0459, decoder=0.3045
2025-06-24 19:36:08,015 - tadGANs - INFO - Epoch 209/1000 - Time: 2.36s - Loss: critic_x=-0.1028, critic_z=-106.8052, encoder=-164.5234, decoder=0.3309
2025-06-24 19:36:10,381 - tadGANs - INFO - Epoch 210/1000 - Time: 2.37s - Loss: critic_x=-0.0922, critic_z=-107.6963, encoder=-165.7816, decoder=0.3308
2025-06-24 19:36:10,392 - tadGANs - INFO - Models saved at epoch 210
2025-06-24 19:36:12,640 - tadGANs - INFO - Epoch 211/1000 - Time: 2.25s - Loss: critic_x=-0.0958, critic_z=-108.3155, encoder=-167.2510, decoder=0.3589
2025-06-24 19:36:14,970 - tadGANs - INFO - Epoch 212/1000 - Time: 2.33s - Loss: critic_x=-0.1072, critic_z=-109.3330, encoder=-168.8440, decoder=0.3876
2025-06-24 19:36:17,286 - tadGANs - INFO - Epoch 213/1000 - Time: 2.32s - Loss: critic_x=-0.1106, critic_z=-109.9724, encoder=-170.0747, decoder=0.4120
2025-06-24 19:36:19,578 - tadGANs - INFO - Epoch 214/1000 - Time: 2.29s - Loss: critic_x=-0.1190, critic_z=-111.1100, encoder=-171.3806, decoder=0.4314
2025-06-24 19:36:21,953 - tadGANs - INFO - Epoch 215/1000 - Time: 2.37s - Loss: critic_x=-0.1218, critic_z=-111.9589, encoder=-173.2742, decoder=0.4460
2025-06-24 19:36:24,397 - tadGANs - INFO - Epoch 216/1000 - Time: 2.44s - Loss: critic_x=-0.1210, critic_z=-112.6838, encoder=-174.6496, decoder=0.4598
2025-06-24 19:36:26,880 - tadGANs - INFO - Epoch 217/1000 - Time: 2.48s - Loss: critic_x=-0.1219, critic_z=-113.4680, encoder=-176.0325, decoder=0.4892
2025-06-24 19:36:29,334 - tadGANs - INFO - Epoch 218/1000 - Time: 2.45s - Loss: critic_x=-0.1209, critic_z=-114.3512, encoder=-177.5507, decoder=0.5097
2025-06-24 19:36:34,661 - tadGANs - INFO - Epoch 219/1000 - Time: 5.33s - Loss: critic_x=-0.1224, critic_z=-115.1891, encoder=-179.3137, decoder=0.5284
2025-06-24 19:36:37,201 - tadGANs - INFO - Epoch 220/1000 - Time: 2.54s - Loss: critic_x=-0.1216, critic_z=-116.0834, encoder=-180.6361, decoder=0.5282
2025-06-24 19:36:37,214 - tadGANs - INFO - Models saved at epoch 220
2025-06-24 19:36:39,622 - tadGANs - INFO - Epoch 221/1000 - Time: 2.41s - Loss: critic_x=-0.1220, critic_z=-116.8747, encoder=-181.7839, decoder=0.5412
2025-06-24 19:36:41,981 - tadGANs - INFO - Epoch 222/1000 - Time: 2.36s - Loss: critic_x=-0.1229, critic_z=-117.7683, encoder=-183.7053, decoder=0.5533
2025-06-24 19:36:44,479 - tadGANs - INFO - Epoch 223/1000 - Time: 2.50s - Loss: critic_x=-0.1240, critic_z=-118.5753, encoder=-184.6442, decoder=0.5642
2025-06-24 19:36:46,869 - tadGANs - INFO - Epoch 224/1000 - Time: 2.39s - Loss: critic_x=-0.1291, critic_z=-119.6284, encoder=-186.4680, decoder=0.5841
2025-06-24 19:36:49,255 - tadGANs - INFO - Epoch 225/1000 - Time: 2.39s - Loss: critic_x=-0.1327, critic_z=-120.4418, encoder=-188.2812, decoder=0.6005
2025-06-24 19:36:51,543 - tadGANs - INFO - Epoch 226/1000 - Time: 2.29s - Loss: critic_x=-0.1325, critic_z=-121.4934, encoder=-189.3995, decoder=0.6100
2025-06-24 19:36:53,931 - tadGANs - INFO - Epoch 227/1000 - Time: 2.39s - Loss: critic_x=-0.1304, critic_z=-121.8852, encoder=-191.1633, decoder=0.6291
2025-06-24 19:36:56,197 - tadGANs - INFO - Epoch 228/1000 - Time: 2.27s - Loss: critic_x=-0.1281, critic_z=-122.9999, encoder=-192.1435, decoder=0.6409
2025-06-24 19:36:58,538 - tadGANs - INFO - Epoch 229/1000 - Time: 2.34s - Loss: critic_x=-0.1296, critic_z=-123.8643, encoder=-193.8622, decoder=0.6398
2025-06-24 19:37:00,962 - tadGANs - INFO - Epoch 230/1000 - Time: 2.42s - Loss: critic_x=-0.1263, critic_z=-124.6467, encoder=-194.9421, decoder=0.6379
2025-06-24 19:37:00,973 - tadGANs - INFO - Models saved at epoch 230
2025-06-24 19:37:03,328 - tadGANs - INFO - Epoch 231/1000 - Time: 2.35s - Loss: critic_x=-0.1279, critic_z=-125.5694, encoder=-196.4599, decoder=0.6469
2025-06-24 19:37:05,718 - tadGANs - INFO - Epoch 232/1000 - Time: 2.39s - Loss: critic_x=-0.1248, critic_z=-126.7214, encoder=-198.4585, decoder=0.6434
2025-06-24 19:37:11,116 - tadGANs - INFO - Epoch 233/1000 - Time: 5.40s - Loss: critic_x=-0.1301, critic_z=-127.4096, encoder=-199.6435, decoder=0.6437
2025-06-24 19:37:13,438 - tadGANs - INFO - Epoch 234/1000 - Time: 2.32s - Loss: critic_x=-0.1271, critic_z=-128.1866, encoder=-201.3786, decoder=0.6551
2025-06-24 19:37:15,821 - tadGANs - INFO - Epoch 235/1000 - Time: 2.38s - Loss: critic_x=-0.1233, critic_z=-129.3533, encoder=-203.2922, decoder=0.6403
2025-06-24 19:37:18,104 - tadGANs - INFO - Epoch 236/1000 - Time: 2.28s - Loss: critic_x=-0.1240, critic_z=-130.1367, encoder=-204.5316, decoder=0.6411
2025-06-24 19:37:20,415 - tadGANs - INFO - Epoch 237/1000 - Time: 2.31s - Loss: critic_x=-0.1260, critic_z=-130.7957, encoder=-206.1708, decoder=0.6388
2025-06-24 19:37:22,738 - tadGANs - INFO - Epoch 238/1000 - Time: 2.32s - Loss: critic_x=-0.1252, critic_z=-131.8705, encoder=-207.3623, decoder=0.6396
2025-06-24 19:37:25,088 - tadGANs - INFO - Epoch 239/1000 - Time: 2.35s - Loss: critic_x=-0.1226, critic_z=-132.7333, encoder=-209.2345, decoder=0.6282
2025-06-24 19:37:27,452 - tadGANs - INFO - Epoch 240/1000 - Time: 2.36s - Loss: critic_x=-0.1256, critic_z=-133.5708, encoder=-210.4599, decoder=0.6292
2025-06-24 19:37:27,463 - tadGANs - INFO - Models saved at epoch 240
2025-06-24 19:37:30,011 - tadGANs - INFO - Epoch 241/1000 - Time: 2.55s - Loss: critic_x=-0.1293, critic_z=-134.7141, encoder=-212.1141, decoder=0.6186
2025-06-24 19:37:32,580 - tadGANs - INFO - Epoch 242/1000 - Time: 2.57s - Loss: critic_x=-0.1260, critic_z=-135.4578, encoder=-214.1575, decoder=0.6093
2025-06-24 19:37:35,054 - tadGANs - INFO - Epoch 243/1000 - Time: 2.47s - Loss: critic_x=-0.1347, critic_z=-136.3960, encoder=-215.5447, decoder=0.5928
2025-06-24 19:37:37,464 - tadGANs - INFO - Epoch 244/1000 - Time: 2.41s - Loss: critic_x=-0.1278, critic_z=-137.3853, encoder=-217.6023, decoder=0.6150
2025-06-24 19:37:39,784 - tadGANs - INFO - Epoch 245/1000 - Time: 2.32s - Loss: critic_x=-0.1303, critic_z=-138.2862, encoder=-219.1288, decoder=0.6110
2025-06-24 19:37:44,997 - tadGANs - INFO - Epoch 246/1000 - Time: 5.21s - Loss: critic_x=-0.1346, critic_z=-139.3747, encoder=-220.4242, decoder=0.6068
2025-06-24 19:37:47,450 - tadGANs - INFO - Epoch 247/1000 - Time: 2.45s - Loss: critic_x=-0.1358, critic_z=-140.3338, encoder=-222.4212, decoder=0.6174
2025-06-24 19:37:49,773 - tadGANs - INFO - Epoch 248/1000 - Time: 2.32s - Loss: critic_x=-0.1382, critic_z=-141.0466, encoder=-223.3960, decoder=0.6140
2025-06-24 19:37:52,208 - tadGANs - INFO - Epoch 249/1000 - Time: 2.44s - Loss: critic_x=-0.1397, critic_z=-141.9878, encoder=-225.8058, decoder=0.6279
2025-06-24 19:37:54,659 - tadGANs - INFO - Epoch 250/1000 - Time: 2.45s - Loss: critic_x=-0.1408, critic_z=-143.1261, encoder=-226.9020, decoder=0.6237
2025-06-24 19:37:54,670 - tadGANs - INFO - Models saved at epoch 250
2025-06-24 19:37:57,086 - tadGANs - INFO - Epoch 251/1000 - Time: 2.42s - Loss: critic_x=-0.1445, critic_z=-144.0013, encoder=-228.8424, decoder=0.6104
2025-06-24 19:37:59,514 - tadGANs - INFO - Epoch 252/1000 - Time: 2.43s - Loss: critic_x=-0.1495, critic_z=-144.9327, encoder=-230.0809, decoder=0.6125
2025-06-24 19:38:01,970 - tadGANs - INFO - Epoch 253/1000 - Time: 2.46s - Loss: critic_x=-0.1489, critic_z=-145.9124, encoder=-232.0420, decoder=0.6047
2025-06-24 19:38:04,286 - tadGANs - INFO - Epoch 254/1000 - Time: 2.32s - Loss: critic_x=-0.1503, critic_z=-146.7869, encoder=-233.7493, decoder=0.6019
2025-06-24 19:38:06,582 - tadGANs - INFO - Epoch 255/1000 - Time: 2.30s - Loss: critic_x=-0.1549, critic_z=-147.6961, encoder=-235.0078, decoder=0.5892
2025-06-24 19:38:08,922 - tadGANs - INFO - Epoch 256/1000 - Time: 2.34s - Loss: critic_x=-0.1563, critic_z=-148.7030, encoder=-237.0380, decoder=0.5973
2025-06-24 19:38:11,365 - tadGANs - INFO - Epoch 257/1000 - Time: 2.44s - Loss: critic_x=-0.1568, critic_z=-149.5330, encoder=-238.3690, decoder=0.5822
2025-06-24 19:38:13,766 - tadGANs - INFO - Epoch 258/1000 - Time: 2.40s - Loss: critic_x=-0.1565, critic_z=-150.5657, encoder=-240.3845, decoder=0.5913
2025-06-24 19:38:16,084 - tadGANs - INFO - Epoch 259/1000 - Time: 2.32s - Loss: critic_x=-0.1590, critic_z=-151.4929, encoder=-241.9789, decoder=0.5760
2025-06-24 19:38:21,283 - tadGANs - INFO - Epoch 260/1000 - Time: 5.20s - Loss: critic_x=-0.1619, critic_z=-152.6501, encoder=-244.3100, decoder=0.5749
2025-06-24 19:38:21,314 - tadGANs - INFO - Models saved at epoch 260
2025-06-24 19:38:23,743 - tadGANs - INFO - Epoch 261/1000 - Time: 2.43s - Loss: critic_x=-0.1643, critic_z=-153.4351, encoder=-245.8081, decoder=0.5794
2025-06-24 19:38:26,023 - tadGANs - INFO - Epoch 262/1000 - Time: 2.28s - Loss: critic_x=-0.1658, critic_z=-154.3070, encoder=-247.0468, decoder=0.5716
2025-06-24 19:38:28,524 - tadGANs - INFO - Epoch 263/1000 - Time: 2.50s - Loss: critic_x=-0.1652, critic_z=-155.6054, encoder=-248.7091, decoder=0.5723
2025-06-24 19:38:30,967 - tadGANs - INFO - Epoch 264/1000 - Time: 2.44s - Loss: critic_x=-0.1669, critic_z=-156.3735, encoder=-250.7861, decoder=0.5747
2025-06-24 19:38:33,343 - tadGANs - INFO - Epoch 265/1000 - Time: 2.38s - Loss: critic_x=-0.1679, critic_z=-157.2992, encoder=-252.3724, decoder=0.5853
2025-06-24 19:38:35,696 - tadGANs - INFO - Epoch 266/1000 - Time: 2.35s - Loss: critic_x=-0.1700, critic_z=-158.4486, encoder=-254.3326, decoder=0.5898
2025-06-24 19:38:38,109 - tadGANs - INFO - Epoch 267/1000 - Time: 2.41s - Loss: critic_x=-0.1694, critic_z=-159.4559, encoder=-255.6649, decoder=0.5944
2025-06-24 19:38:40,515 - tadGANs - INFO - Epoch 268/1000 - Time: 2.41s - Loss: critic_x=-0.1698, critic_z=-160.3449, encoder=-257.6692, decoder=0.5819
2025-06-24 19:38:42,856 - tadGANs - INFO - Epoch 269/1000 - Time: 2.34s - Loss: critic_x=-0.1732, critic_z=-161.2559, encoder=-259.3650, decoder=0.5841
2025-06-24 19:38:45,366 - tadGANs - INFO - Epoch 270/1000 - Time: 2.51s - Loss: critic_x=-0.1719, critic_z=-162.3231, encoder=-260.9115, decoder=0.5696
2025-06-24 19:38:45,377 - tadGANs - INFO - Models saved at epoch 270
2025-06-24 19:38:47,798 - tadGANs - INFO - Epoch 271/1000 - Time: 2.42s - Loss: critic_x=-0.1747, critic_z=-163.1994, encoder=-262.8703, decoder=0.5696
2025-06-24 19:38:50,250 - tadGANs - INFO - Epoch 272/1000 - Time: 2.45s - Loss: critic_x=-0.1751, critic_z=-164.4285, encoder=-264.3342, decoder=0.5598
2025-06-24 19:38:55,594 - tadGANs - INFO - Epoch 273/1000 - Time: 5.34s - Loss: critic_x=-0.1755, critic_z=-165.3630, encoder=-266.6107, decoder=0.5468
2025-06-24 19:38:58,111 - tadGANs - INFO - Epoch 274/1000 - Time: 2.52s - Loss: critic_x=-0.1748, critic_z=-166.6955, encoder=-268.4906, decoder=0.5515
2025-06-24 19:39:00,553 - tadGANs - INFO - Epoch 275/1000 - Time: 2.44s - Loss: critic_x=-0.1781, critic_z=-167.2921, encoder=-270.3507, decoder=0.5371
2025-06-24 19:39:03,041 - tadGANs - INFO - Epoch 276/1000 - Time: 2.49s - Loss: critic_x=-0.1801, critic_z=-168.2748, encoder=-271.8645, decoder=0.5404
2025-06-24 19:39:05,406 - tadGANs - INFO - Epoch 277/1000 - Time: 2.36s - Loss: critic_x=-0.1777, critic_z=-169.3308, encoder=-273.7406, decoder=0.5482
2025-06-24 19:39:07,731 - tadGANs - INFO - Epoch 278/1000 - Time: 2.33s - Loss: critic_x=-0.1794, critic_z=-170.3106, encoder=-275.4170, decoder=0.5496
2025-06-24 19:39:10,040 - tadGANs - INFO - Epoch 279/1000 - Time: 2.31s - Loss: critic_x=-0.1796, critic_z=-171.4789, encoder=-276.7176, decoder=0.5533
2025-06-24 19:39:12,459 - tadGANs - INFO - Epoch 280/1000 - Time: 2.42s - Loss: critic_x=-0.1781, critic_z=-172.5088, encoder=-279.0659, decoder=0.5680
2025-06-24 19:39:12,470 - tadGANs - INFO - Models saved at epoch 280
2025-06-24 19:39:14,882 - tadGANs - INFO - Epoch 281/1000 - Time: 2.41s - Loss: critic_x=-0.1828, critic_z=-173.3375, encoder=-280.1939, decoder=0.5691
2025-06-24 19:39:17,310 - tadGANs - INFO - Epoch 282/1000 - Time: 2.43s - Loss: critic_x=-0.1864, critic_z=-174.2144, encoder=-282.3918, decoder=0.5660
2025-06-24 19:39:19,663 - tadGANs - INFO - Epoch 283/1000 - Time: 2.35s - Loss: critic_x=-0.1831, critic_z=-175.2908, encoder=-284.5206, decoder=0.5722
2025-06-24 19:39:22,070 - tadGANs - INFO - Epoch 284/1000 - Time: 2.41s - Loss: critic_x=-0.1878, critic_z=-176.6420, encoder=-285.9496, decoder=0.5685
2025-06-24 19:39:24,526 - tadGANs - INFO - Epoch 285/1000 - Time: 2.46s - Loss: critic_x=-0.1882, critic_z=-177.4951, encoder=-287.3530, decoder=0.5789
2025-06-24 19:39:26,820 - tadGANs - INFO - Epoch 286/1000 - Time: 2.29s - Loss: critic_x=-0.1891, critic_z=-178.5391, encoder=-289.8291, decoder=0.6109
2025-06-24 19:39:31,869 - tadGANs - INFO - Epoch 287/1000 - Time: 5.05s - Loss: critic_x=-0.1896, critic_z=-179.6182, encoder=-291.5278, decoder=0.5978
2025-06-24 19:39:34,177 - tadGANs - INFO - Epoch 288/1000 - Time: 2.31s - Loss: critic_x=-0.1954, critic_z=-180.7050, encoder=-293.3216, decoder=0.6029
2025-06-24 19:39:36,609 - tadGANs - INFO - Epoch 289/1000 - Time: 2.43s - Loss: critic_x=-0.1916, critic_z=-182.0244, encoder=-295.3228, decoder=0.5980
2025-06-24 19:39:39,094 - tadGANs - INFO - Epoch 290/1000 - Time: 2.48s - Loss: critic_x=-0.1937, critic_z=-182.7750, encoder=-296.9104, decoder=0.6001
2025-06-24 19:39:39,105 - tadGANs - INFO - Models saved at epoch 290
2025-06-24 19:39:41,503 - tadGANs - INFO - Epoch 291/1000 - Time: 2.40s - Loss: critic_x=-0.1959, critic_z=-183.6723, encoder=-299.0614, decoder=0.6002
2025-06-24 19:39:43,904 - tadGANs - INFO - Epoch 292/1000 - Time: 2.40s - Loss: critic_x=-0.1932, critic_z=-184.9688, encoder=-300.8039, decoder=0.5851
2025-06-24 19:39:46,374 - tadGANs - INFO - Epoch 293/1000 - Time: 2.47s - Loss: critic_x=-0.1917, critic_z=-186.0341, encoder=-302.6986, decoder=0.5909
2025-06-24 19:39:48,820 - tadGANs - INFO - Epoch 294/1000 - Time: 2.45s - Loss: critic_x=-0.1895, critic_z=-187.0830, encoder=-304.6557, decoder=0.5740
2025-06-24 19:39:51,353 - tadGANs - INFO - Epoch 295/1000 - Time: 2.53s - Loss: critic_x=-0.1931, critic_z=-187.7124, encoder=-306.2979, decoder=0.5828
2025-06-24 19:39:53,885 - tadGANs - INFO - Epoch 296/1000 - Time: 2.53s - Loss: critic_x=-0.1899, critic_z=-188.9714, encoder=-308.4291, decoder=0.5836
2025-06-24 19:39:56,342 - tadGANs - INFO - Epoch 297/1000 - Time: 2.46s - Loss: critic_x=-0.1900, critic_z=-190.0113, encoder=-310.2164, decoder=0.5720
2025-06-24 19:39:58,814 - tadGANs - INFO - Epoch 298/1000 - Time: 2.47s - Loss: critic_x=-0.1902, critic_z=-191.4452, encoder=-312.3342, decoder=0.5628
2025-06-24 19:40:01,241 - tadGANs - INFO - Epoch 299/1000 - Time: 2.43s - Loss: critic_x=-0.1884, critic_z=-192.4255, encoder=-313.4353, decoder=0.5481
2025-06-24 19:40:06,441 - tadGANs - INFO - Epoch 300/1000 - Time: 5.20s - Loss: critic_x=-0.1929, critic_z=-193.2879, encoder=-316.4342, decoder=0.5544
2025-06-24 19:40:06,452 - tadGANs - INFO - Models saved at epoch 300
2025-06-24 19:40:08,823 - tadGANs - INFO - Epoch 301/1000 - Time: 2.37s - Loss: critic_x=-0.1914, critic_z=-194.3823, encoder=-317.0661, decoder=0.5388
2025-06-24 19:40:11,266 - tadGANs - INFO - Epoch 302/1000 - Time: 2.44s - Loss: critic_x=-0.1912, critic_z=-195.3988, encoder=-319.1859, decoder=0.5346
2025-06-24 19:40:13,664 - tadGANs - INFO - Epoch 303/1000 - Time: 2.40s - Loss: critic_x=-0.1908, critic_z=-196.6251, encoder=-321.7039, decoder=0.5326
2025-06-24 19:40:16,003 - tadGANs - INFO - Epoch 304/1000 - Time: 2.34s - Loss: critic_x=-0.1907, critic_z=-197.7715, encoder=-323.6765, decoder=0.5188
2025-06-24 19:40:18,335 - tadGANs - INFO - Epoch 305/1000 - Time: 2.33s - Loss: critic_x=-0.1899, critic_z=-198.8972, encoder=-325.3634, decoder=0.5241
2025-06-24 19:40:20,681 - tadGANs - INFO - Epoch 306/1000 - Time: 2.35s - Loss: critic_x=-0.1915, critic_z=-199.6810, encoder=-327.7674, decoder=0.5340
2025-06-24 19:40:23,129 - tadGANs - INFO - Epoch 307/1000 - Time: 2.45s - Loss: critic_x=-0.1901, critic_z=-201.0332, encoder=-329.7379, decoder=0.5291
2025-06-24 19:40:25,524 - tadGANs - INFO - Epoch 308/1000 - Time: 2.39s - Loss: critic_x=-0.1906, critic_z=-201.8365, encoder=-331.2952, decoder=0.5250
2025-06-24 19:40:27,889 - tadGANs - INFO - Epoch 309/1000 - Time: 2.36s - Loss: critic_x=-0.1889, critic_z=-203.2259, encoder=-333.4879, decoder=0.5287
2025-06-24 19:40:30,329 - tadGANs - INFO - Epoch 310/1000 - Time: 2.44s - Loss: critic_x=-0.1886, critic_z=-204.5690, encoder=-335.0042, decoder=0.5054
2025-06-24 19:40:30,340 - tadGANs - INFO - Models saved at epoch 310
2025-06-24 19:40:32,823 - tadGANs - INFO - Epoch 311/1000 - Time: 2.48s - Loss: critic_x=-0.1858, critic_z=-205.4534, encoder=-336.8451, decoder=0.5068
2025-06-24 19:40:35,257 - tadGANs - INFO - Epoch 312/1000 - Time: 2.43s - Loss: critic_x=-0.1867, critic_z=-205.8768, encoder=-339.0019, decoder=0.5166
2025-06-24 19:40:40,416 - tadGANs - INFO - Epoch 313/1000 - Time: 5.16s - Loss: critic_x=-0.1874, critic_z=-207.5257, encoder=-340.7114, decoder=0.5152
2025-06-24 19:40:42,927 - tadGANs - INFO - Epoch 314/1000 - Time: 2.51s - Loss: critic_x=-0.1854, critic_z=-208.6554, encoder=-343.8056, decoder=0.5228
2025-06-24 19:40:45,342 - tadGANs - INFO - Epoch 315/1000 - Time: 2.41s - Loss: critic_x=-0.1814, critic_z=-209.7829, encoder=-345.0716, decoder=0.5186
2025-06-24 19:40:47,823 - tadGANs - INFO - Epoch 316/1000 - Time: 2.48s - Loss: critic_x=-0.1834, critic_z=-210.8142, encoder=-347.3795, decoder=0.5101
2025-06-24 19:40:50,302 - tadGANs - INFO - Epoch 317/1000 - Time: 2.48s - Loss: critic_x=-0.1827, critic_z=-212.2641, encoder=-349.1282, decoder=0.5060
2025-06-24 19:40:52,721 - tadGANs - INFO - Epoch 318/1000 - Time: 2.42s - Loss: critic_x=-0.1798, critic_z=-213.1749, encoder=-351.5592, decoder=0.5048
2025-06-24 19:40:55,050 - tadGANs - INFO - Epoch 319/1000 - Time: 2.33s - Loss: critic_x=-0.1834, critic_z=-214.3885, encoder=-353.0599, decoder=0.5026
2025-06-24 19:40:57,507 - tadGANs - INFO - Epoch 320/1000 - Time: 2.46s - Loss: critic_x=-0.1815, critic_z=-215.3570, encoder=-355.1470, decoder=0.4952
2025-06-24 19:40:57,517 - tadGANs - INFO - Models saved at epoch 320
2025-06-24 19:41:00,058 - tadGANs - INFO - Epoch 321/1000 - Time: 2.54s - Loss: critic_x=-0.1845, critic_z=-216.3297, encoder=-357.1450, decoder=0.5121
2025-06-24 19:41:02,438 - tadGANs - INFO - Epoch 322/1000 - Time: 2.38s - Loss: critic_x=-0.1836, critic_z=-217.6772, encoder=-359.0345, decoder=0.5156
2025-06-24 19:41:04,869 - tadGANs - INFO - Epoch 323/1000 - Time: 2.43s - Loss: critic_x=-0.1809, critic_z=-218.4433, encoder=-361.8116, decoder=0.5116
2025-06-24 19:41:07,192 - tadGANs - INFO - Epoch 324/1000 - Time: 2.32s - Loss: critic_x=-0.1813, critic_z=-219.7727, encoder=-363.2268, decoder=0.5073
2025-06-24 19:41:09,633 - tadGANs - INFO - Epoch 325/1000 - Time: 2.44s - Loss: critic_x=-0.1764, critic_z=-220.7890, encoder=-364.7975, decoder=0.4953
2025-06-24 19:41:12,032 - tadGANs - INFO - Epoch 326/1000 - Time: 2.40s - Loss: critic_x=-0.1790, critic_z=-222.1213, encoder=-367.7424, decoder=0.5045
2025-06-24 19:41:17,411 - tadGANs - INFO - Epoch 327/1000 - Time: 5.38s - Loss: critic_x=-0.1793, critic_z=-223.4681, encoder=-369.4422, decoder=0.4956
2025-06-24 19:41:20,061 - tadGANs - INFO - Epoch 328/1000 - Time: 2.65s - Loss: critic_x=-0.1758, critic_z=-224.5322, encoder=-370.7709, decoder=0.4884
2025-06-24 19:41:22,743 - tadGANs - INFO - Epoch 329/1000 - Time: 2.68s - Loss: critic_x=-0.1743, critic_z=-225.4553, encoder=-374.3697, decoder=0.4795
2025-06-24 19:41:25,189 - tadGANs - INFO - Epoch 330/1000 - Time: 2.45s - Loss: critic_x=-0.1709, critic_z=-226.5996, encoder=-375.6631, decoder=0.4782
2025-06-24 19:41:25,200 - tadGANs - INFO - Models saved at epoch 330
2025-06-24 19:41:27,586 - tadGANs - INFO - Epoch 331/1000 - Time: 2.39s - Loss: critic_x=-0.1754, critic_z=-227.7021, encoder=-377.7765, decoder=0.4797
2025-06-24 19:41:30,042 - tadGANs - INFO - Epoch 332/1000 - Time: 2.46s - Loss: critic_x=-0.1714, critic_z=-229.0354, encoder=-379.5284, decoder=0.4804
2025-06-24 19:41:32,435 - tadGANs - INFO - Epoch 333/1000 - Time: 2.39s - Loss: critic_x=-0.1728, critic_z=-230.3377, encoder=-381.6336, decoder=0.4711
2025-06-24 19:41:34,817 - tadGANs - INFO - Epoch 334/1000 - Time: 2.38s - Loss: critic_x=-0.1702, critic_z=-231.5145, encoder=-383.7769, decoder=0.4743
2025-06-24 19:41:37,168 - tadGANs - INFO - Epoch 335/1000 - Time: 2.35s - Loss: critic_x=-0.1708, critic_z=-233.1212, encoder=-386.1026, decoder=0.4912
2025-06-24 19:41:39,556 - tadGANs - INFO - Epoch 336/1000 - Time: 2.39s - Loss: critic_x=-0.1712, critic_z=-233.6382, encoder=-388.5893, decoder=0.4880
2025-06-24 19:41:41,998 - tadGANs - INFO - Epoch 337/1000 - Time: 2.44s - Loss: critic_x=-0.1704, critic_z=-234.8144, encoder=-391.2920, decoder=0.5082
2025-06-24 19:41:44,455 - tadGANs - INFO - Epoch 338/1000 - Time: 2.46s - Loss: critic_x=-0.1686, critic_z=-236.1364, encoder=-392.2240, decoder=0.4890
2025-06-24 19:41:46,796 - tadGANs - INFO - Epoch 339/1000 - Time: 2.34s - Loss: critic_x=-0.1699, critic_z=-236.9772, encoder=-394.4543, decoder=0.4933
2025-06-24 19:41:51,648 - tadGANs - INFO - Epoch 340/1000 - Time: 4.85s - Loss: critic_x=-0.1657, critic_z=-238.4610, encoder=-397.2230, decoder=0.4902
2025-06-24 19:41:51,662 - tadGANs - INFO - Models saved at epoch 340
2025-06-24 19:41:54,034 - tadGANs - INFO - Epoch 341/1000 - Time: 2.37s - Loss: critic_x=-0.1665, critic_z=-239.5218, encoder=-399.1181, decoder=0.4928
2025-06-24 19:41:56,350 - tadGANs - INFO - Epoch 342/1000 - Time: 2.32s - Loss: critic_x=-0.1664, critic_z=-241.0882, encoder=-400.9354, decoder=0.4765
2025-06-24 19:41:58,666 - tadGANs - INFO - Epoch 343/1000 - Time: 2.32s - Loss: critic_x=-0.1658, critic_z=-241.9063, encoder=-403.2262, decoder=0.4724
2025-06-24 19:42:00,987 - tadGANs - INFO - Epoch 344/1000 - Time: 2.32s - Loss: critic_x=-0.1645, critic_z=-242.8159, encoder=-405.3528, decoder=0.4669
2025-06-24 19:42:03,362 - tadGANs - INFO - Epoch 345/1000 - Time: 2.38s - Loss: critic_x=-0.1656, critic_z=-244.1711, encoder=-407.2366, decoder=0.4705
2025-06-24 19:42:05,759 - tadGANs - INFO - Epoch 346/1000 - Time: 2.40s - Loss: critic_x=-0.1611, critic_z=-245.3228, encoder=-409.4554, decoder=0.4569
2025-06-24 19:42:08,149 - tadGANs - INFO - Epoch 347/1000 - Time: 2.39s - Loss: critic_x=-0.1624, critic_z=-247.4339, encoder=-411.3703, decoder=0.4605
2025-06-24 19:42:10,598 - tadGANs - INFO - Epoch 348/1000 - Time: 2.45s - Loss: critic_x=-0.1616, critic_z=-247.9220, encoder=-413.9159, decoder=0.4598
2025-06-24 19:42:12,990 - tadGANs - INFO - Epoch 349/1000 - Time: 2.39s - Loss: critic_x=-0.1618, critic_z=-248.9607, encoder=-415.7096, decoder=0.4674
2025-06-24 19:42:15,371 - tadGANs - INFO - Epoch 350/1000 - Time: 2.38s - Loss: critic_x=-0.1617, critic_z=-250.2736, encoder=-417.7816, decoder=0.4696
2025-06-24 19:42:15,394 - tadGANs - INFO - Models saved at epoch 350
2025-06-24 19:42:17,792 - tadGANs - INFO - Epoch 351/1000 - Time: 2.40s - Loss: critic_x=-0.1540, critic_z=-251.5782, encoder=-419.8588, decoder=0.4647
2025-06-24 19:42:20,163 - tadGANs - INFO - Epoch 352/1000 - Time: 2.37s - Loss: critic_x=-0.1563, critic_z=-252.6915, encoder=-422.3408, decoder=0.4596
2025-06-24 19:42:25,481 - tadGANs - INFO - Epoch 353/1000 - Time: 5.32s - Loss: critic_x=-0.1539, critic_z=-253.9940, encoder=-424.7528, decoder=0.4531
2025-06-24 19:42:27,915 - tadGANs - INFO - Epoch 354/1000 - Time: 2.43s - Loss: critic_x=-0.1517, critic_z=-255.1900, encoder=-427.3457, decoder=0.4437
2025-06-24 19:42:30,369 - tadGANs - INFO - Epoch 355/1000 - Time: 2.45s - Loss: critic_x=-0.1482, critic_z=-256.7145, encoder=-428.5649, decoder=0.4308
2025-06-24 19:42:32,891 - tadGANs - INFO - Epoch 356/1000 - Time: 2.52s - Loss: critic_x=-0.1475, critic_z=-257.7052, encoder=-431.1157, decoder=0.4459
2025-06-24 19:42:35,355 - tadGANs - INFO - Epoch 357/1000 - Time: 2.46s - Loss: critic_x=-0.1463, critic_z=-259.2146, encoder=-434.0519, decoder=0.4420
2025-06-24 19:42:37,705 - tadGANs - INFO - Epoch 358/1000 - Time: 2.35s - Loss: critic_x=-0.1470, critic_z=-260.2162, encoder=-435.9297, decoder=0.4422
2025-06-24 19:42:40,093 - tadGANs - INFO - Epoch 359/1000 - Time: 2.39s - Loss: critic_x=-0.1453, critic_z=-260.9654, encoder=-437.8964, decoder=0.4413
2025-06-24 19:42:42,590 - tadGANs - INFO - Epoch 360/1000 - Time: 2.50s - Loss: critic_x=-0.1431, critic_z=-262.5767, encoder=-439.7162, decoder=0.4279
2025-06-24 19:42:42,601 - tadGANs - INFO - Models saved at epoch 360
2025-06-24 19:42:44,925 - tadGANs - INFO - Epoch 361/1000 - Time: 2.32s - Loss: critic_x=-0.1409, critic_z=-264.2760, encoder=-442.0243, decoder=0.4353
2025-06-24 19:42:47,252 - tadGANs - INFO - Epoch 362/1000 - Time: 2.33s - Loss: critic_x=-0.1437, critic_z=-264.9791, encoder=-444.6316, decoder=0.4344
2025-06-24 19:42:49,637 - tadGANs - INFO - Epoch 363/1000 - Time: 2.39s - Loss: critic_x=-0.1452, critic_z=-266.5379, encoder=-447.1823, decoder=0.4361
2025-06-24 19:42:51,915 - tadGANs - INFO - Epoch 364/1000 - Time: 2.28s - Loss: critic_x=-0.1467, critic_z=-267.6621, encoder=-449.5866, decoder=0.4350
2025-06-24 19:42:54,357 - tadGANs - INFO - Epoch 365/1000 - Time: 2.44s - Loss: critic_x=-0.1426, critic_z=-268.8658, encoder=-451.4818, decoder=0.4305
2025-06-24 19:42:56,765 - tadGANs - INFO - Epoch 366/1000 - Time: 2.41s - Loss: critic_x=-0.1409, critic_z=-270.1573, encoder=-454.2307, decoder=0.4303
2025-06-24 19:43:01,749 - tadGANs - INFO - Epoch 367/1000 - Time: 4.98s - Loss: critic_x=-0.1398, critic_z=-271.3621, encoder=-455.4151, decoder=0.4158
2025-06-24 19:43:04,190 - tadGANs - INFO - Epoch 368/1000 - Time: 2.44s - Loss: critic_x=-0.1396, critic_z=-272.2431, encoder=-458.4614, decoder=0.4185
2025-06-24 19:43:06,695 - tadGANs - INFO - Epoch 369/1000 - Time: 2.50s - Loss: critic_x=-0.1337, critic_z=-274.0684, encoder=-460.0258, decoder=0.4204
2025-06-24 19:43:09,093 - tadGANs - INFO - Epoch 370/1000 - Time: 2.40s - Loss: critic_x=-0.1295, critic_z=-275.3828, encoder=-463.3165, decoder=0.4250
2025-06-24 19:43:09,105 - tadGANs - INFO - Models saved at epoch 370
2025-06-24 19:43:11,441 - tadGANs - INFO - Epoch 371/1000 - Time: 2.34s - Loss: critic_x=-0.1302, critic_z=-276.3310, encoder=-464.7395, decoder=0.4181
2025-06-24 19:43:13,822 - tadGANs - INFO - Epoch 372/1000 - Time: 2.38s - Loss: critic_x=-0.1254, critic_z=-277.3871, encoder=-467.2934, decoder=0.4162
2025-06-24 19:43:16,192 - tadGANs - INFO - Epoch 373/1000 - Time: 2.37s - Loss: critic_x=-0.1240, critic_z=-279.0936, encoder=-469.4697, decoder=0.4230
2025-06-24 19:43:18,573 - tadGANs - INFO - Epoch 374/1000 - Time: 2.38s - Loss: critic_x=-0.1248, critic_z=-280.3517, encoder=-472.0257, decoder=0.4300
2025-06-24 19:43:20,934 - tadGANs - INFO - Epoch 375/1000 - Time: 2.36s - Loss: critic_x=-0.1253, critic_z=-281.2147, encoder=-474.0402, decoder=0.4288
2025-06-24 19:43:23,426 - tadGANs - INFO - Epoch 376/1000 - Time: 2.49s - Loss: critic_x=-0.1205, critic_z=-282.5253, encoder=-476.2426, decoder=0.4342
2025-06-24 19:43:25,742 - tadGANs - INFO - Epoch 377/1000 - Time: 2.32s - Loss: critic_x=-0.1240, critic_z=-284.2331, encoder=-479.2294, decoder=0.4259
2025-06-24 19:43:28,179 - tadGANs - INFO - Epoch 378/1000 - Time: 2.44s - Loss: critic_x=-0.1226, critic_z=-284.9788, encoder=-480.8803, decoder=0.4067
2025-06-24 19:43:30,540 - tadGANs - INFO - Epoch 379/1000 - Time: 2.36s - Loss: critic_x=-0.1282, critic_z=-286.3754, encoder=-483.6098, decoder=0.4023
2025-06-24 19:43:35,731 - tadGANs - INFO - Epoch 380/1000 - Time: 5.19s - Loss: critic_x=-0.1254, critic_z=-287.6273, encoder=-485.4327, decoder=0.3930
2025-06-24 19:43:35,774 - tadGANs - INFO - Models saved at epoch 380
2025-06-24 19:43:38,238 - tadGANs - INFO - Epoch 381/1000 - Time: 2.46s - Loss: critic_x=-0.1236, critic_z=-289.2506, encoder=-487.5550, decoder=0.3899
2025-06-24 19:43:40,832 - tadGANs - INFO - Epoch 382/1000 - Time: 2.59s - Loss: critic_x=-0.1244, critic_z=-290.4816, encoder=-490.9178, decoder=0.3760
2025-06-24 19:43:43,284 - tadGANs - INFO - Epoch 383/1000 - Time: 2.45s - Loss: critic_x=-0.1188, critic_z=-291.4876, encoder=-492.4451, decoder=0.3914
2025-06-24 19:43:45,755 - tadGANs - INFO - Epoch 384/1000 - Time: 2.47s - Loss: critic_x=-0.1170, critic_z=-293.0022, encoder=-494.8740, decoder=0.3926
2025-06-24 19:43:48,196 - tadGANs - INFO - Epoch 385/1000 - Time: 2.44s - Loss: critic_x=-0.1208, critic_z=-294.2998, encoder=-497.5514, decoder=0.3896
2025-06-24 19:43:50,623 - tadGANs - INFO - Epoch 386/1000 - Time: 2.43s - Loss: critic_x=-0.1172, critic_z=-295.4277, encoder=-499.6956, decoder=0.3866
2025-06-24 19:43:53,054 - tadGANs - INFO - Epoch 387/1000 - Time: 2.43s - Loss: critic_x=-0.1176, critic_z=-297.2158, encoder=-503.3436, decoder=0.3959
2025-06-24 19:43:55,478 - tadGANs - INFO - Epoch 388/1000 - Time: 2.42s - Loss: critic_x=-0.1157, critic_z=-298.2831, encoder=-504.8446, decoder=0.4046
2025-06-24 19:43:57,814 - tadGANs - INFO - Epoch 389/1000 - Time: 2.34s - Loss: critic_x=-0.1122, critic_z=-300.1444, encoder=-507.5303, decoder=0.4166
2025-06-24 19:44:00,183 - tadGANs - INFO - Epoch 390/1000 - Time: 2.37s - Loss: critic_x=-0.1105, critic_z=-300.8769, encoder=-509.2515, decoder=0.4208
2025-06-24 19:44:00,194 - tadGANs - INFO - Models saved at epoch 390
2025-06-24 19:44:02,489 - tadGANs - INFO - Epoch 391/1000 - Time: 2.29s - Loss: critic_x=-0.1081, critic_z=-302.1868, encoder=-511.8177, decoder=0.4281
2025-06-24 19:44:04,771 - tadGANs - INFO - Epoch 392/1000 - Time: 2.28s - Loss: critic_x=-0.1061, critic_z=-303.2089, encoder=-514.4706, decoder=0.4324
2025-06-24 19:44:07,132 - tadGANs - INFO - Epoch 393/1000 - Time: 2.36s - Loss: critic_x=-0.1069, critic_z=-304.7558, encoder=-517.6515, decoder=0.4442
2025-06-24 19:44:12,066 - tadGANs - INFO - Epoch 394/1000 - Time: 4.93s - Loss: critic_x=-0.1057, critic_z=-306.2146, encoder=-519.0140, decoder=0.4365
2025-06-24 19:44:14,565 - tadGANs - INFO - Epoch 395/1000 - Time: 2.50s - Loss: critic_x=-0.1018, critic_z=-307.5312, encoder=-521.0078, decoder=0.4376
2025-06-24 19:44:17,016 - tadGANs - INFO - Epoch 396/1000 - Time: 2.45s - Loss: critic_x=-0.1052, critic_z=-308.8616, encoder=-524.0452, decoder=0.4487
2025-06-24 19:44:19,366 - tadGANs - INFO - Epoch 397/1000 - Time: 2.35s - Loss: critic_x=-0.1060, critic_z=-310.2924, encoder=-526.4438, decoder=0.4466
2025-06-24 19:44:21,731 - tadGANs - INFO - Epoch 398/1000 - Time: 2.36s - Loss: critic_x=-0.1093, critic_z=-311.7588, encoder=-529.6504, decoder=0.4523
2025-06-24 19:44:24,197 - tadGANs - INFO - Epoch 399/1000 - Time: 2.47s - Loss: critic_x=-0.1090, critic_z=-313.0051, encoder=-531.7513, decoder=0.4459
2025-06-24 19:44:26,648 - tadGANs - INFO - Epoch 400/1000 - Time: 2.45s - Loss: critic_x=-0.1150, critic_z=-313.9324, encoder=-534.1818, decoder=0.4434
2025-06-24 19:44:26,659 - tadGANs - INFO - Models saved at epoch 400
2025-06-24 19:44:29,092 - tadGANs - INFO - Epoch 401/1000 - Time: 2.43s - Loss: critic_x=-0.1135, critic_z=-315.2761, encoder=-536.0845, decoder=0.4392
2025-06-24 19:44:31,545 - tadGANs - INFO - Epoch 402/1000 - Time: 2.45s - Loss: critic_x=-0.1197, critic_z=-316.3244, encoder=-537.6575, decoder=0.4290
2025-06-24 19:44:33,921 - tadGANs - INFO - Epoch 403/1000 - Time: 2.38s - Loss: critic_x=-0.1172, critic_z=-318.1288, encoder=-541.4851, decoder=0.4386
2025-06-24 19:44:36,368 - tadGANs - INFO - Epoch 404/1000 - Time: 2.45s - Loss: critic_x=-0.1235, critic_z=-319.5072, encoder=-543.9148, decoder=0.4461
2025-06-24 19:44:38,781 - tadGANs - INFO - Epoch 405/1000 - Time: 2.41s - Loss: critic_x=-0.1268, critic_z=-320.6649, encoder=-545.6589, decoder=0.4387
2025-06-24 19:44:41,282 - tadGANs - INFO - Epoch 406/1000 - Time: 2.50s - Loss: critic_x=-0.1272, critic_z=-322.1928, encoder=-548.4023, decoder=0.4389
2025-06-24 19:44:46,644 - tadGANs - INFO - Epoch 407/1000 - Time: 5.36s - Loss: critic_x=-0.1288, critic_z=-323.7934, encoder=-551.1256, decoder=0.4459
2025-06-24 19:44:49,311 - tadGANs - INFO - Epoch 408/1000 - Time: 2.67s - Loss: critic_x=-0.1299, critic_z=-324.9939, encoder=-552.8856, decoder=0.4583
2025-06-24 19:44:51,865 - tadGANs - INFO - Epoch 409/1000 - Time: 2.55s - Loss: critic_x=-0.1320, critic_z=-326.4511, encoder=-556.0384, decoder=0.4442
2025-06-24 19:44:54,223 - tadGANs - INFO - Epoch 410/1000 - Time: 2.36s - Loss: critic_x=-0.1341, critic_z=-327.8561, encoder=-558.6767, decoder=0.4623
2025-06-24 19:44:54,236 - tadGANs - INFO - Models saved at epoch 410
2025-06-24 19:44:56,565 - tadGANs - INFO - Epoch 411/1000 - Time: 2.33s - Loss: critic_x=-0.1363, critic_z=-328.8728, encoder=-561.0481, decoder=0.4658
2025-06-24 19:44:58,876 - tadGANs - INFO - Epoch 412/1000 - Time: 2.31s - Loss: critic_x=-0.1341, critic_z=-330.0743, encoder=-563.9390, decoder=0.4680
2025-06-24 19:45:01,217 - tadGANs - INFO - Epoch 413/1000 - Time: 2.34s - Loss: critic_x=-0.1329, critic_z=-331.6379, encoder=-565.5070, decoder=0.4559
2025-06-24 19:45:03,661 - tadGANs - INFO - Epoch 414/1000 - Time: 2.44s - Loss: critic_x=-0.1377, critic_z=-333.1827, encoder=-568.7143, decoder=0.4693
2025-06-24 19:45:06,028 - tadGANs - INFO - Epoch 415/1000 - Time: 2.37s - Loss: critic_x=-0.1346, critic_z=-334.9394, encoder=-570.7558, decoder=0.4717
2025-06-24 19:45:08,447 - tadGANs - INFO - Epoch 416/1000 - Time: 2.42s - Loss: critic_x=-0.1329, critic_z=-335.7263, encoder=-574.2114, decoder=0.4575
2025-06-24 19:45:10,869 - tadGANs - INFO - Epoch 417/1000 - Time: 2.42s - Loss: critic_x=-0.1395, critic_z=-337.4525, encoder=-576.7209, decoder=0.4567
2025-06-24 19:45:13,173 - tadGANs - INFO - Epoch 418/1000 - Time: 2.30s - Loss: critic_x=-0.1347, critic_z=-338.8315, encoder=-579.5202, decoder=0.4536
2025-06-24 19:45:15,475 - tadGANs - INFO - Epoch 419/1000 - Time: 2.30s - Loss: critic_x=-0.1399, critic_z=-340.5069, encoder=-581.5278, decoder=0.4548
2025-06-24 19:45:20,304 - tadGANs - INFO - Epoch 420/1000 - Time: 4.83s - Loss: critic_x=-0.1356, critic_z=-340.9081, encoder=-583.5681, decoder=0.4452
2025-06-24 19:45:20,315 - tadGANs - INFO - Models saved at epoch 420
2025-06-24 19:45:22,658 - tadGANs - INFO - Epoch 421/1000 - Time: 2.34s - Loss: critic_x=-0.1368, critic_z=-342.8085, encoder=-585.2165, decoder=0.4435
2025-06-24 19:45:25,078 - tadGANs - INFO - Epoch 422/1000 - Time: 2.42s - Loss: critic_x=-0.1362, critic_z=-344.5428, encoder=-588.3009, decoder=0.4438
2025-06-24 19:45:27,495 - tadGANs - INFO - Epoch 423/1000 - Time: 2.42s - Loss: critic_x=-0.1412, critic_z=-345.3733, encoder=-590.9659, decoder=0.4360
2025-06-24 19:45:29,876 - tadGANs - INFO - Epoch 424/1000 - Time: 2.38s - Loss: critic_x=-0.1422, critic_z=-346.7570, encoder=-594.5565, decoder=0.4512
2025-06-24 19:45:32,260 - tadGANs - INFO - Epoch 425/1000 - Time: 2.38s - Loss: critic_x=-0.1382, critic_z=-348.1576, encoder=-596.8009, decoder=0.4581
2025-06-24 19:45:34,700 - tadGANs - INFO - Epoch 426/1000 - Time: 2.44s - Loss: critic_x=-0.1375, critic_z=-349.8972, encoder=-597.9077, decoder=0.4514
2025-06-24 19:45:37,086 - tadGANs - INFO - Epoch 427/1000 - Time: 2.39s - Loss: critic_x=-0.1393, critic_z=-351.2906, encoder=-602.0517, decoder=0.4512
2025-06-24 19:45:39,428 - tadGANs - INFO - Epoch 428/1000 - Time: 2.34s - Loss: critic_x=-0.1434, critic_z=-352.6348, encoder=-604.3131, decoder=0.4434
2025-06-24 19:45:41,821 - tadGANs - INFO - Epoch 429/1000 - Time: 2.39s - Loss: critic_x=-0.1407, critic_z=-354.4221, encoder=-606.6377, decoder=0.4622
2025-06-24 19:45:44,139 - tadGANs - INFO - Epoch 430/1000 - Time: 2.32s - Loss: critic_x=-0.1449, critic_z=-355.4611, encoder=-610.2546, decoder=0.4496
2025-06-24 19:45:44,150 - tadGANs - INFO - Models saved at epoch 430
2025-06-24 19:45:46,430 - tadGANs - INFO - Epoch 431/1000 - Time: 2.28s - Loss: critic_x=-0.1418, critic_z=-357.2597, encoder=-613.3241, decoder=0.4616
2025-06-24 19:45:48,766 - tadGANs - INFO - Epoch 432/1000 - Time: 2.34s - Loss: critic_x=-0.1432, critic_z=-358.5147, encoder=-614.9552, decoder=0.4625
2025-06-24 19:45:51,121 - tadGANs - INFO - Epoch 433/1000 - Time: 2.36s - Loss: critic_x=-0.1407, critic_z=-359.7427, encoder=-618.2677, decoder=0.4675
2025-06-24 19:45:56,357 - tadGANs - INFO - Epoch 434/1000 - Time: 5.24s - Loss: critic_x=-0.1462, critic_z=-361.3987, encoder=-620.1843, decoder=0.4741
2025-06-24 19:45:58,914 - tadGANs - INFO - Epoch 435/1000 - Time: 2.56s - Loss: critic_x=-0.1420, critic_z=-362.6353, encoder=-621.6249, decoder=0.4686
2025-06-24 19:46:01,463 - tadGANs - INFO - Epoch 436/1000 - Time: 2.55s - Loss: critic_x=-0.1451, critic_z=-364.2291, encoder=-625.5836, decoder=0.4804
2025-06-24 19:46:03,762 - tadGANs - INFO - Epoch 437/1000 - Time: 2.30s - Loss: critic_x=-0.1402, critic_z=-365.2624, encoder=-627.5447, decoder=0.4762
2025-06-24 19:46:06,074 - tadGANs - INFO - Epoch 438/1000 - Time: 2.31s - Loss: critic_x=-0.1450, critic_z=-366.7574, encoder=-630.7810, decoder=0.4798
2025-06-24 19:46:08,385 - tadGANs - INFO - Epoch 439/1000 - Time: 2.31s - Loss: critic_x=-0.1478, critic_z=-368.3835, encoder=-632.7875, decoder=0.4793
2025-06-24 19:46:10,843 - tadGANs - INFO - Epoch 440/1000 - Time: 2.46s - Loss: critic_x=-0.1431, critic_z=-370.3216, encoder=-635.1805, decoder=0.4747
2025-06-24 19:46:10,854 - tadGANs - INFO - Models saved at epoch 440
2025-06-24 19:46:13,235 - tadGANs - INFO - Epoch 441/1000 - Time: 2.38s - Loss: critic_x=-0.1407, critic_z=-371.5742, encoder=-638.6886, decoder=0.4815
2025-06-24 19:46:15,621 - tadGANs - INFO - Epoch 442/1000 - Time: 2.39s - Loss: critic_x=-0.1410, critic_z=-372.8897, encoder=-640.6974, decoder=0.4831
2025-06-24 19:46:17,980 - tadGANs - INFO - Epoch 443/1000 - Time: 2.36s - Loss: critic_x=-0.1435, critic_z=-374.3134, encoder=-644.2900, decoder=0.4921
2025-06-24 19:46:20,417 - tadGANs - INFO - Epoch 444/1000 - Time: 2.44s - Loss: critic_x=-0.1414, critic_z=-375.5636, encoder=-646.5537, decoder=0.5026
2025-06-24 19:46:22,830 - tadGANs - INFO - Epoch 445/1000 - Time: 2.41s - Loss: critic_x=-0.1377, critic_z=-376.8331, encoder=-648.8293, decoder=0.4963
2025-06-24 19:46:25,222 - tadGANs - INFO - Epoch 446/1000 - Time: 2.39s - Loss: critic_x=-0.1381, critic_z=-378.5386, encoder=-652.2570, decoder=0.4859
2025-06-24 19:46:30,015 - tadGANs - INFO - Epoch 447/1000 - Time: 4.79s - Loss: critic_x=-0.1404, critic_z=-379.9049, encoder=-654.7344, decoder=0.4854
2025-06-24 19:46:32,363 - tadGANs - INFO - Epoch 448/1000 - Time: 2.35s - Loss: critic_x=-0.1394, critic_z=-381.1994, encoder=-656.2675, decoder=0.4954
2025-06-24 19:46:34,684 - tadGANs - INFO - Epoch 449/1000 - Time: 2.32s - Loss: critic_x=-0.1375, critic_z=-382.6984, encoder=-659.8450, decoder=0.4944
2025-06-24 19:46:37,100 - tadGANs - INFO - Epoch 450/1000 - Time: 2.42s - Loss: critic_x=-0.1369, critic_z=-384.2594, encoder=-661.3646, decoder=0.5009
2025-06-24 19:46:37,110 - tadGANs - INFO - Models saved at epoch 450
2025-06-24 19:46:39,405 - tadGANs - INFO - Epoch 451/1000 - Time: 2.29s - Loss: critic_x=-0.1369, critic_z=-385.8071, encoder=-665.5750, decoder=0.4964
2025-06-24 19:46:41,820 - tadGANs - INFO - Epoch 452/1000 - Time: 2.41s - Loss: critic_x=-0.1389, critic_z=-387.7261, encoder=-668.3504, decoder=0.5073
2025-06-24 19:46:44,124 - tadGANs - INFO - Epoch 453/1000 - Time: 2.30s - Loss: critic_x=-0.1395, critic_z=-388.6485, encoder=-670.4021, decoder=0.5123
2025-06-24 19:46:46,458 - tadGANs - INFO - Epoch 454/1000 - Time: 2.33s - Loss: critic_x=-0.1349, critic_z=-389.9184, encoder=-673.6695, decoder=0.5016
2025-06-24 19:46:48,800 - tadGANs - INFO - Epoch 455/1000 - Time: 2.34s - Loss: critic_x=-0.1373, critic_z=-391.6790, encoder=-676.8577, decoder=0.5083
2025-06-24 19:46:51,278 - tadGANs - INFO - Epoch 456/1000 - Time: 2.48s - Loss: critic_x=-0.1347, critic_z=-393.4904, encoder=-680.0050, decoder=0.5002
2025-06-24 19:46:53,687 - tadGANs - INFO - Epoch 457/1000 - Time: 2.41s - Loss: critic_x=-0.1386, critic_z=-395.0790, encoder=-681.8853, decoder=0.5197
2025-06-24 19:46:56,048 - tadGANs - INFO - Epoch 458/1000 - Time: 2.36s - Loss: critic_x=-0.1383, critic_z=-395.6088, encoder=-684.7268, decoder=0.5004
2025-06-24 19:46:58,371 - tadGANs - INFO - Epoch 459/1000 - Time: 2.32s - Loss: critic_x=-0.1361, critic_z=-397.5687, encoder=-686.6648, decoder=0.4897
2025-06-24 19:47:00,659 - tadGANs - INFO - Epoch 460/1000 - Time: 2.29s - Loss: critic_x=-0.1320, critic_z=-399.3165, encoder=-689.9065, decoder=0.4991
2025-06-24 19:47:00,670 - tadGANs - INFO - Models saved at epoch 460
2025-06-24 19:47:05,962 - tadGANs - INFO - Epoch 461/1000 - Time: 5.29s - Loss: critic_x=-0.1340, critic_z=-400.9454, encoder=-692.6266, decoder=0.4925
2025-06-24 19:47:08,263 - tadGANs - INFO - Epoch 462/1000 - Time: 2.30s - Loss: critic_x=-0.1351, critic_z=-402.6134, encoder=-695.8792, decoder=0.4939
2025-06-24 19:47:10,720 - tadGANs - INFO - Epoch 463/1000 - Time: 2.46s - Loss: critic_x=-0.1320, critic_z=-403.7680, encoder=-698.3496, decoder=0.4935
2025-06-24 19:47:13,185 - tadGANs - INFO - Epoch 464/1000 - Time: 2.47s - Loss: critic_x=-0.1358, critic_z=-405.0744, encoder=-700.9574, decoder=0.5073
2025-06-24 19:47:15,619 - tadGANs - INFO - Epoch 465/1000 - Time: 2.43s - Loss: critic_x=-0.1362, critic_z=-406.3893, encoder=-705.0451, decoder=0.5071
2025-06-24 19:47:18,046 - tadGANs - INFO - Epoch 466/1000 - Time: 2.43s - Loss: critic_x=-0.1344, critic_z=-408.1036, encoder=-706.3358, decoder=0.4899
2025-06-24 19:47:20,444 - tadGANs - INFO - Epoch 467/1000 - Time: 2.40s - Loss: critic_x=-0.1328, critic_z=-409.9759, encoder=-709.6712, decoder=0.4761
2025-06-24 19:47:22,816 - tadGANs - INFO - Epoch 468/1000 - Time: 2.37s - Loss: critic_x=-0.1352, critic_z=-411.3571, encoder=-712.4944, decoder=0.4750
2025-06-24 19:47:25,241 - tadGANs - INFO - Epoch 469/1000 - Time: 2.42s - Loss: critic_x=-0.1308, critic_z=-413.0249, encoder=-714.5527, decoder=0.4789
2025-06-24 19:47:27,573 - tadGANs - INFO - Epoch 470/1000 - Time: 2.33s - Loss: critic_x=-0.1289, critic_z=-414.1693, encoder=-717.7939, decoder=0.4838
2025-06-24 19:47:27,584 - tadGANs - INFO - Models saved at epoch 470
2025-06-24 19:47:29,980 - tadGANs - INFO - Epoch 471/1000 - Time: 2.40s - Loss: critic_x=-0.1313, critic_z=-416.6306, encoder=-720.8494, decoder=0.4926
2025-06-24 19:47:32,349 - tadGANs - INFO - Epoch 472/1000 - Time: 2.37s - Loss: critic_x=-0.1311, critic_z=-417.1665, encoder=-723.3911, decoder=0.4819
2025-06-24 19:47:34,738 - tadGANs - INFO - Epoch 473/1000 - Time: 2.39s - Loss: critic_x=-0.1308, critic_z=-419.2432, encoder=-726.9501, decoder=0.4744
2025-06-24 19:47:40,002 - tadGANs - INFO - Epoch 474/1000 - Time: 5.26s - Loss: critic_x=-0.1307, critic_z=-420.5695, encoder=-729.6044, decoder=0.4958
2025-06-24 19:47:42,428 - tadGANs - INFO - Epoch 475/1000 - Time: 2.43s - Loss: critic_x=-0.1278, critic_z=-421.7842, encoder=-731.7790, decoder=0.4885
2025-06-24 19:47:44,909 - tadGANs - INFO - Epoch 476/1000 - Time: 2.48s - Loss: critic_x=-0.1332, critic_z=-424.2612, encoder=-734.8874, decoder=0.5175
2025-06-24 19:47:47,387 - tadGANs - INFO - Epoch 477/1000 - Time: 2.48s - Loss: critic_x=-0.1286, critic_z=-424.7558, encoder=-738.1851, decoder=0.5061
2025-06-24 19:47:49,890 - tadGANs - INFO - Epoch 478/1000 - Time: 2.50s - Loss: critic_x=-0.1323, critic_z=-427.1805, encoder=-739.9237, decoder=0.5140
2025-06-24 19:47:52,323 - tadGANs - INFO - Epoch 479/1000 - Time: 2.43s - Loss: critic_x=-0.1292, critic_z=-428.5368, encoder=-744.5175, decoder=0.5272
2025-06-24 19:47:54,700 - tadGANs - INFO - Epoch 480/1000 - Time: 2.38s - Loss: critic_x=-0.1272, critic_z=-430.1167, encoder=-745.6920, decoder=0.5158
2025-06-24 19:47:54,710 - tadGANs - INFO - Models saved at epoch 480
2025-06-24 19:47:57,017 - tadGANs - INFO - Epoch 481/1000 - Time: 2.31s - Loss: critic_x=-0.1264, critic_z=-431.9094, encoder=-749.8860, decoder=0.5178
2025-06-24 19:47:59,363 - tadGANs - INFO - Epoch 482/1000 - Time: 2.35s - Loss: critic_x=-0.1310, critic_z=-432.7736, encoder=-752.9685, decoder=0.5158
2025-06-24 19:48:01,715 - tadGANs - INFO - Epoch 483/1000 - Time: 2.35s - Loss: critic_x=-0.1265, critic_z=-434.3955, encoder=-755.4974, decoder=0.5199
2025-06-24 19:48:04,141 - tadGANs - INFO - Epoch 484/1000 - Time: 2.43s - Loss: critic_x=-0.1294, critic_z=-435.3901, encoder=-757.2020, decoder=0.5119
2025-06-24 19:48:06,476 - tadGANs - INFO - Epoch 485/1000 - Time: 2.33s - Loss: critic_x=-0.1297, critic_z=-437.7310, encoder=-760.3518, decoder=0.5077
2025-06-24 19:48:08,842 - tadGANs - INFO - Epoch 486/1000 - Time: 2.37s - Loss: critic_x=-0.1306, critic_z=-439.0579, encoder=-763.8874, decoder=0.5067
2025-06-24 19:48:11,230 - tadGANs - INFO - Epoch 487/1000 - Time: 2.39s - Loss: critic_x=-0.1275, critic_z=-441.3363, encoder=-766.7761, decoder=0.5146
2025-06-24 19:48:16,294 - tadGANs - INFO - Epoch 488/1000 - Time: 5.06s - Loss: critic_x=-0.1284, critic_z=-442.3249, encoder=-768.9952, decoder=0.5268
2025-06-24 19:48:18,663 - tadGANs - INFO - Epoch 489/1000 - Time: 2.37s - Loss: critic_x=-0.1291, critic_z=-443.9735, encoder=-772.3077, decoder=0.5168
2025-06-24 19:48:21,040 - tadGANs - INFO - Epoch 490/1000 - Time: 2.38s - Loss: critic_x=-0.1269, critic_z=-445.1572, encoder=-775.8932, decoder=0.5025
2025-06-24 19:48:21,056 - tadGANs - INFO - Models saved at epoch 490
2025-06-24 19:48:23,525 - tadGANs - INFO - Epoch 491/1000 - Time: 2.47s - Loss: critic_x=-0.1273, critic_z=-446.8743, encoder=-778.4531, decoder=0.5115
2025-06-24 19:48:25,949 - tadGANs - INFO - Epoch 492/1000 - Time: 2.42s - Loss: critic_x=-0.1269, critic_z=-449.0116, encoder=-782.0609, decoder=0.5193
2025-06-24 19:48:28,367 - tadGANs - INFO - Epoch 493/1000 - Time: 2.42s - Loss: critic_x=-0.1244, critic_z=-450.1815, encoder=-784.6571, decoder=0.5165
2025-06-24 19:48:30,723 - tadGANs - INFO - Epoch 494/1000 - Time: 2.36s - Loss: critic_x=-0.1247, critic_z=-450.8664, encoder=-787.3354, decoder=0.5184
2025-06-24 19:48:33,087 - tadGANs - INFO - Epoch 495/1000 - Time: 2.36s - Loss: critic_x=-0.1240, critic_z=-453.4733, encoder=-789.6008, decoder=0.5127
2025-06-24 19:48:35,385 - tadGANs - INFO - Epoch 496/1000 - Time: 2.30s - Loss: critic_x=-0.1272, critic_z=-454.8175, encoder=-793.4629, decoder=0.5299
2025-06-24 19:48:37,782 - tadGANs - INFO - Epoch 497/1000 - Time: 2.40s - Loss: critic_x=-0.1249, critic_z=-456.3059, encoder=-795.3117, decoder=0.5082
2025-06-24 19:48:40,230 - tadGANs - INFO - Epoch 498/1000 - Time: 2.45s - Loss: critic_x=-0.1243, critic_z=-458.0850, encoder=-798.4319, decoder=0.5141
2025-06-24 19:48:42,642 - tadGANs - INFO - Epoch 499/1000 - Time: 2.41s - Loss: critic_x=-0.1226, critic_z=-459.6031, encoder=-802.2644, decoder=0.5037
2025-06-24 19:48:45,054 - tadGANs - INFO - Epoch 500/1000 - Time: 2.41s - Loss: critic_x=-0.1262, critic_z=-461.6793, encoder=-805.7798, decoder=0.4944
2025-06-24 19:48:45,066 - tadGANs - INFO - Models saved at epoch 500
2025-06-24 19:48:50,266 - tadGANs - INFO - Epoch 501/1000 - Time: 5.20s - Loss: critic_x=-0.1272, critic_z=-463.0931, encoder=-808.0879, decoder=0.5212
2025-06-24 19:48:52,701 - tadGANs - INFO - Epoch 502/1000 - Time: 2.44s - Loss: critic_x=-0.1233, critic_z=-464.5782, encoder=-811.5541, decoder=0.5154
2025-06-24 19:48:55,086 - tadGANs - INFO - Epoch 503/1000 - Time: 2.38s - Loss: critic_x=-0.1267, critic_z=-466.1407, encoder=-813.1586, decoder=0.5293
2025-06-24 19:48:57,478 - tadGANs - INFO - Epoch 504/1000 - Time: 2.39s - Loss: critic_x=-0.1249, critic_z=-467.9701, encoder=-816.9451, decoder=0.5184
2025-06-24 19:48:59,838 - tadGANs - INFO - Epoch 505/1000 - Time: 2.36s - Loss: critic_x=-0.1241, critic_z=-469.3333, encoder=-819.3758, decoder=0.5245
2025-06-24 19:49:02,213 - tadGANs - INFO - Epoch 506/1000 - Time: 2.37s - Loss: critic_x=-0.1238, critic_z=-471.0926, encoder=-823.4264, decoder=0.5260
2025-06-24 19:49:04,594 - tadGANs - INFO - Epoch 507/1000 - Time: 2.38s - Loss: critic_x=-0.1223, critic_z=-472.9471, encoder=-826.8171, decoder=0.5213
2025-06-24 19:49:07,023 - tadGANs - INFO - Epoch 508/1000 - Time: 2.43s - Loss: critic_x=-0.1182, critic_z=-474.5576, encoder=-828.8702, decoder=0.5410
2025-06-24 19:49:09,423 - tadGANs - INFO - Epoch 509/1000 - Time: 2.40s - Loss: critic_x=-0.1174, critic_z=-476.0537, encoder=-832.0672, decoder=0.5364
2025-06-24 19:49:11,975 - tadGANs - INFO - Epoch 510/1000 - Time: 2.55s - Loss: critic_x=-0.1172, critic_z=-477.5894, encoder=-835.4868, decoder=0.5376
2025-06-24 19:49:11,987 - tadGANs - INFO - Models saved at epoch 510
2025-06-24 19:49:14,379 - tadGANs - INFO - Epoch 511/1000 - Time: 2.39s - Loss: critic_x=-0.1243, critic_z=-479.0643, encoder=-838.5581, decoder=0.5369
2025-06-24 19:49:16,698 - tadGANs - INFO - Epoch 512/1000 - Time: 2.32s - Loss: critic_x=-0.1203, critic_z=-481.7077, encoder=-842.8001, decoder=0.5385
2025-06-24 19:49:19,068 - tadGANs - INFO - Epoch 513/1000 - Time: 2.37s - Loss: critic_x=-0.1216, critic_z=-482.2744, encoder=-844.3915, decoder=0.5336
2025-06-24 19:49:21,418 - tadGANs - INFO - Epoch 514/1000 - Time: 2.35s - Loss: critic_x=-0.1214, critic_z=-484.3838, encoder=-848.0061, decoder=0.5493
2025-06-24 19:49:26,551 - tadGANs - INFO - Epoch 515/1000 - Time: 5.13s - Loss: critic_x=-0.1182, critic_z=-485.7512, encoder=-850.1735, decoder=0.5501
2025-06-24 19:49:28,979 - tadGANs - INFO - Epoch 516/1000 - Time: 2.43s - Loss: critic_x=-0.1154, critic_z=-487.0396, encoder=-854.2167, decoder=0.5558
2025-06-24 19:49:31,472 - tadGANs - INFO - Epoch 517/1000 - Time: 2.49s - Loss: critic_x=-0.1182, critic_z=-489.3282, encoder=-855.8188, decoder=0.5434
2025-06-24 19:49:33,906 - tadGANs - INFO - Epoch 518/1000 - Time: 2.43s - Loss: critic_x=-0.1159, critic_z=-490.4172, encoder=-859.7137, decoder=0.5548
2025-06-24 19:49:36,276 - tadGANs - INFO - Epoch 519/1000 - Time: 2.37s - Loss: critic_x=-0.1149, critic_z=-492.7240, encoder=-862.3750, decoder=0.5512
2025-06-24 19:49:38,698 - tadGANs - INFO - Epoch 520/1000 - Time: 2.42s - Loss: critic_x=-0.1196, critic_z=-493.7729, encoder=-866.0349, decoder=0.5518
2025-06-24 19:49:38,734 - tadGANs - INFO - Models saved at epoch 520
2025-06-24 19:49:41,110 - tadGANs - INFO - Epoch 521/1000 - Time: 2.37s - Loss: critic_x=-0.1151, critic_z=-495.5694, encoder=-869.0605, decoder=0.5657
2025-06-24 19:49:43,565 - tadGANs - INFO - Epoch 522/1000 - Time: 2.46s - Loss: critic_x=-0.1130, critic_z=-497.1066, encoder=-871.7853, decoder=0.5411
2025-06-24 19:49:45,906 - tadGANs - INFO - Epoch 523/1000 - Time: 2.34s - Loss: critic_x=-0.1139, critic_z=-499.1825, encoder=-874.3703, decoder=0.5563
2025-06-24 19:49:48,229 - tadGANs - INFO - Epoch 524/1000 - Time: 2.32s - Loss: critic_x=-0.1152, critic_z=-500.5502, encoder=-877.0103, decoder=0.5563
2025-06-24 19:49:50,636 - tadGANs - INFO - Epoch 525/1000 - Time: 2.41s - Loss: critic_x=-0.1149, critic_z=-502.0763, encoder=-881.2326, decoder=0.5528
2025-06-24 19:49:52,975 - tadGANs - INFO - Epoch 526/1000 - Time: 2.34s - Loss: critic_x=-0.1141, critic_z=-503.7804, encoder=-884.3148, decoder=0.5486
2025-06-24 19:49:55,311 - tadGANs - INFO - Epoch 527/1000 - Time: 2.34s - Loss: critic_x=-0.1118, critic_z=-505.3278, encoder=-886.9457, decoder=0.5492
2025-06-24 19:50:00,393 - tadGANs - INFO - Epoch 528/1000 - Time: 5.08s - Loss: critic_x=-0.1110, critic_z=-507.9308, encoder=-890.0300, decoder=0.5461
2025-06-24 19:50:02,744 - tadGANs - INFO - Epoch 529/1000 - Time: 2.35s - Loss: critic_x=-0.1135, critic_z=-509.6889, encoder=-893.3329, decoder=0.5597
2025-06-24 19:50:05,132 - tadGANs - INFO - Epoch 530/1000 - Time: 2.39s - Loss: critic_x=-0.1105, critic_z=-510.2764, encoder=-896.7682, decoder=0.5677
2025-06-24 19:50:05,142 - tadGANs - INFO - Models saved at epoch 530
2025-06-24 19:50:07,566 - tadGANs - INFO - Epoch 531/1000 - Time: 2.42s - Loss: critic_x=-0.1049, critic_z=-512.6872, encoder=-900.6863, decoder=0.5545
2025-06-24 19:50:09,916 - tadGANs - INFO - Epoch 532/1000 - Time: 2.35s - Loss: critic_x=-0.1109, critic_z=-514.3628, encoder=-902.1624, decoder=0.5602
2025-06-24 19:50:12,355 - tadGANs - INFO - Epoch 533/1000 - Time: 2.44s - Loss: critic_x=-0.1076, critic_z=-515.2497, encoder=-906.0541, decoder=0.5428
2025-06-24 19:50:14,722 - tadGANs - INFO - Epoch 534/1000 - Time: 2.37s - Loss: critic_x=-0.1085, critic_z=-517.6614, encoder=-909.8524, decoder=0.5374
2025-06-24 19:50:17,156 - tadGANs - INFO - Epoch 535/1000 - Time: 2.43s - Loss: critic_x=-0.1043, critic_z=-518.8584, encoder=-911.5753, decoder=0.5495
2025-06-24 19:50:19,595 - tadGANs - INFO - Epoch 536/1000 - Time: 2.44s - Loss: critic_x=-0.1047, critic_z=-521.2191, encoder=-915.8873, decoder=0.5420
2025-06-24 19:50:22,100 - tadGANs - INFO - Epoch 537/1000 - Time: 2.50s - Loss: critic_x=-0.1016, critic_z=-522.3003, encoder=-918.0321, decoder=0.5438
2025-06-24 19:50:24,528 - tadGANs - INFO - Epoch 538/1000 - Time: 2.43s - Loss: critic_x=-0.1018, critic_z=-523.8680, encoder=-922.1158, decoder=0.5641
2025-06-24 19:50:26,947 - tadGANs - INFO - Epoch 539/1000 - Time: 2.42s - Loss: critic_x=-0.1030, critic_z=-525.7980, encoder=-924.4351, decoder=0.5498
2025-06-24 19:50:29,301 - tadGANs - INFO - Epoch 540/1000 - Time: 2.35s - Loss: critic_x=-0.1004, critic_z=-527.5964, encoder=-927.6532, decoder=0.5495
2025-06-24 19:50:29,313 - tadGANs - INFO - Models saved at epoch 540
2025-06-24 19:50:31,659 - tadGANs - INFO - Epoch 541/1000 - Time: 2.35s - Loss: critic_x=-0.1001, critic_z=-528.6485, encoder=-930.2994, decoder=0.5459
2025-06-24 19:50:36,820 - tadGANs - INFO - Epoch 542/1000 - Time: 5.16s - Loss: critic_x=-0.0978, critic_z=-531.0617, encoder=-935.3551, decoder=0.5609
2025-06-24 19:50:39,274 - tadGANs - INFO - Epoch 543/1000 - Time: 2.45s - Loss: critic_x=-0.0972, critic_z=-533.2564, encoder=-937.4398, decoder=0.5510
2025-06-24 19:50:41,731 - tadGANs - INFO - Epoch 544/1000 - Time: 2.46s - Loss: critic_x=-0.0990, critic_z=-534.0457, encoder=-941.9564, decoder=0.5577
2025-06-24 19:50:44,204 - tadGANs - INFO - Epoch 545/1000 - Time: 2.47s - Loss: critic_x=-0.1013, critic_z=-536.3318, encoder=-945.1939, decoder=0.5522
2025-06-24 19:50:46,731 - tadGANs - INFO - Epoch 546/1000 - Time: 2.53s - Loss: critic_x=-0.0957, critic_z=-537.7918, encoder=-948.1197, decoder=0.5601
2025-06-24 19:50:49,161 - tadGANs - INFO - Epoch 547/1000 - Time: 2.43s - Loss: critic_x=-0.0982, critic_z=-540.2569, encoder=-951.0393, decoder=0.5616
2025-06-24 19:50:51,608 - tadGANs - INFO - Epoch 548/1000 - Time: 2.45s - Loss: critic_x=-0.0951, critic_z=-541.6638, encoder=-953.4341, decoder=0.5456
2025-06-24 19:50:54,084 - tadGANs - INFO - Epoch 549/1000 - Time: 2.48s - Loss: critic_x=-0.0950, critic_z=-542.5944, encoder=-956.5158, decoder=0.5368
2025-06-24 19:50:56,567 - tadGANs - INFO - Epoch 550/1000 - Time: 2.48s - Loss: critic_x=-0.0951, critic_z=-545.3296, encoder=-960.0739, decoder=0.5459
2025-06-24 19:50:56,577 - tadGANs - INFO - Models saved at epoch 550
2025-06-24 19:50:58,924 - tadGANs - INFO - Epoch 551/1000 - Time: 2.35s - Loss: critic_x=-0.0958, critic_z=-546.9156, encoder=-962.3285, decoder=0.5471
2025-06-24 19:51:01,313 - tadGANs - INFO - Epoch 552/1000 - Time: 2.39s - Loss: critic_x=-0.0939, critic_z=-548.1398, encoder=-967.1670, decoder=0.5418
2025-06-24 19:51:03,666 - tadGANs - INFO - Epoch 553/1000 - Time: 2.35s - Loss: critic_x=-0.0966, critic_z=-550.0857, encoder=-970.5240, decoder=0.5431
2025-06-24 19:51:06,085 - tadGANs - INFO - Epoch 554/1000 - Time: 2.42s - Loss: critic_x=-0.0899, critic_z=-551.5425, encoder=-972.4491, decoder=0.5333
2025-06-24 19:51:11,363 - tadGANs - INFO - Epoch 555/1000 - Time: 5.28s - Loss: critic_x=-0.0911, critic_z=-553.3013, encoder=-976.1869, decoder=0.5417
2025-06-24 19:51:13,762 - tadGANs - INFO - Epoch 556/1000 - Time: 2.40s - Loss: critic_x=-0.0960, critic_z=-555.3900, encoder=-978.7326, decoder=0.5553
2025-06-24 19:51:16,269 - tadGANs - INFO - Epoch 557/1000 - Time: 2.51s - Loss: critic_x=-0.0857, critic_z=-557.0336, encoder=-983.0082, decoder=0.5449
2025-06-24 19:51:18,758 - tadGANs - INFO - Epoch 558/1000 - Time: 2.49s - Loss: critic_x=-0.0862, critic_z=-559.1609, encoder=-986.1689, decoder=0.5551
2025-06-24 19:51:21,286 - tadGANs - INFO - Epoch 559/1000 - Time: 2.53s - Loss: critic_x=-0.0924, critic_z=-559.9470, encoder=-988.1870, decoder=0.5730
2025-06-24 19:51:23,602 - tadGANs - INFO - Epoch 560/1000 - Time: 2.32s - Loss: critic_x=-0.0847, critic_z=-562.5920, encoder=-991.1873, decoder=0.5603
2025-06-24 19:51:23,612 - tadGANs - INFO - Models saved at epoch 560
2025-06-24 19:51:26,029 - tadGANs - INFO - Epoch 561/1000 - Time: 2.42s - Loss: critic_x=-0.0834, critic_z=-563.8984, encoder=-995.0859, decoder=0.5645
2025-06-24 19:51:28,488 - tadGANs - INFO - Epoch 562/1000 - Time: 2.46s - Loss: critic_x=-0.0830, critic_z=-565.9376, encoder=-999.3805, decoder=0.5535
2025-06-24 19:51:30,901 - tadGANs - INFO - Epoch 563/1000 - Time: 2.41s - Loss: critic_x=-0.0817, critic_z=-567.7678, encoder=-1002.5353, decoder=0.5441
2025-06-24 19:51:33,216 - tadGANs - INFO - Epoch 564/1000 - Time: 2.32s - Loss: critic_x=-0.0797, critic_z=-569.6644, encoder=-1007.4066, decoder=0.5580
2025-06-24 19:51:35,587 - tadGANs - INFO - Epoch 565/1000 - Time: 2.37s - Loss: critic_x=-0.0811, critic_z=-570.9661, encoder=-1008.4290, decoder=0.5523
2025-06-24 19:51:37,885 - tadGANs - INFO - Epoch 566/1000 - Time: 2.30s - Loss: critic_x=-0.0777, critic_z=-572.3754, encoder=-1012.4226, decoder=0.5473
2025-06-24 19:51:40,246 - tadGANs - INFO - Epoch 567/1000 - Time: 2.36s - Loss: critic_x=-0.0787, critic_z=-575.0689, encoder=-1016.5473, decoder=0.5399
2025-06-24 19:51:45,352 - tadGANs - INFO - Epoch 568/1000 - Time: 5.11s - Loss: critic_x=-0.0723, critic_z=-576.5266, encoder=-1019.6771, decoder=0.5534
2025-06-24 19:51:47,736 - tadGANs - INFO - Epoch 569/1000 - Time: 2.38s - Loss: critic_x=-0.0760, critic_z=-578.4303, encoder=-1023.0897, decoder=0.5670
2025-06-24 19:51:50,221 - tadGANs - INFO - Epoch 570/1000 - Time: 2.48s - Loss: critic_x=-0.0752, critic_z=-580.1147, encoder=-1025.6316, decoder=0.5506
2025-06-24 19:51:50,232 - tadGANs - INFO - Models saved at epoch 570
2025-06-24 19:51:52,706 - tadGANs - INFO - Epoch 571/1000 - Time: 2.47s - Loss: critic_x=-0.0705, critic_z=-581.6935, encoder=-1029.2819, decoder=0.5499
2025-06-24 19:51:55,179 - tadGANs - INFO - Epoch 572/1000 - Time: 2.47s - Loss: critic_x=-0.0737, critic_z=-583.4534, encoder=-1031.7825, decoder=0.5492
2025-06-24 19:51:57,645 - tadGANs - INFO - Epoch 573/1000 - Time: 2.47s - Loss: critic_x=-0.0743, critic_z=-585.5502, encoder=-1035.7446, decoder=0.5438
2025-06-24 19:52:00,014 - tadGANs - INFO - Epoch 574/1000 - Time: 2.37s - Loss: critic_x=-0.0664, critic_z=-587.5403, encoder=-1040.1613, decoder=0.5568
2025-06-24 19:52:02,344 - tadGANs - INFO - Epoch 575/1000 - Time: 2.33s - Loss: critic_x=-0.0639, critic_z=-589.4161, encoder=-1043.5448, decoder=0.5658
2025-06-24 19:52:04,662 - tadGANs - INFO - Epoch 576/1000 - Time: 2.32s - Loss: critic_x=-0.0666, critic_z=-591.2494, encoder=-1046.5719, decoder=0.5504
2025-06-24 19:52:07,049 - tadGANs - INFO - Epoch 577/1000 - Time: 2.39s - Loss: critic_x=-0.0681, critic_z=-592.3570, encoder=-1048.8680, decoder=0.5726
2025-06-24 19:52:09,496 - tadGANs - INFO - Epoch 578/1000 - Time: 2.45s - Loss: critic_x=-0.0672, critic_z=-594.8426, encoder=-1053.6940, decoder=0.5814
2025-06-24 19:52:11,877 - tadGANs - INFO - Epoch 579/1000 - Time: 2.38s - Loss: critic_x=-0.0658, critic_z=-595.9535, encoder=-1056.2371, decoder=0.5786
2025-06-24 19:52:14,258 - tadGANs - INFO - Epoch 580/1000 - Time: 2.38s - Loss: critic_x=-0.0649, critic_z=-597.9289, encoder=-1060.6175, decoder=0.5975
2025-06-24 19:52:14,270 - tadGANs - INFO - Models saved at epoch 580
2025-06-24 19:52:16,600 - tadGANs - INFO - Epoch 581/1000 - Time: 2.33s - Loss: critic_x=-0.0649, critic_z=-599.9052, encoder=-1064.1083, decoder=0.5772
2025-06-24 19:52:21,815 - tadGANs - INFO - Epoch 582/1000 - Time: 5.21s - Loss: critic_x=-0.0699, critic_z=-602.0231, encoder=-1067.9224, decoder=0.5787
2025-06-24 19:52:24,298 - tadGANs - INFO - Epoch 583/1000 - Time: 2.48s - Loss: critic_x=-0.0663, critic_z=-603.1203, encoder=-1069.8802, decoder=0.5835
2025-06-24 19:52:26,767 - tadGANs - INFO - Epoch 584/1000 - Time: 2.47s - Loss: critic_x=-0.0660, critic_z=-604.8465, encoder=-1073.6014, decoder=0.5994
2025-06-24 19:52:29,226 - tadGANs - INFO - Epoch 585/1000 - Time: 2.46s - Loss: critic_x=-0.0632, critic_z=-607.4299, encoder=-1076.9517, decoder=0.6022
2025-06-24 19:52:31,729 - tadGANs - INFO - Epoch 586/1000 - Time: 2.50s - Loss: critic_x=-0.0644, critic_z=-608.9799, encoder=-1079.6261, decoder=0.5916
2025-06-24 19:52:34,173 - tadGANs - INFO - Epoch 587/1000 - Time: 2.44s - Loss: critic_x=-0.0634, critic_z=-610.8194, encoder=-1082.7547, decoder=0.5943
2025-06-24 19:52:36,600 - tadGANs - INFO - Epoch 588/1000 - Time: 2.43s - Loss: critic_x=-0.0635, critic_z=-612.9556, encoder=-1087.1126, decoder=0.6084
2025-06-24 19:52:38,983 - tadGANs - INFO - Epoch 589/1000 - Time: 2.38s - Loss: critic_x=-0.0630, critic_z=-613.8978, encoder=-1090.1617, decoder=0.6087
2025-06-24 19:52:41,391 - tadGANs - INFO - Epoch 590/1000 - Time: 2.41s - Loss: critic_x=-0.0631, critic_z=-616.3687, encoder=-1093.5433, decoder=0.6061
2025-06-24 19:52:41,401 - tadGANs - INFO - Models saved at epoch 590
2025-06-24 19:52:43,821 - tadGANs - INFO - Epoch 591/1000 - Time: 2.42s - Loss: critic_x=-0.0653, critic_z=-617.9227, encoder=-1098.0367, decoder=0.6008
2025-06-24 19:52:46,197 - tadGANs - INFO - Epoch 592/1000 - Time: 2.38s - Loss: critic_x=-0.0617, critic_z=-619.5346, encoder=-1100.4592, decoder=0.5868
2025-06-24 19:52:48,683 - tadGANs - INFO - Epoch 593/1000 - Time: 2.49s - Loss: critic_x=-0.0633, critic_z=-621.5634, encoder=-1103.7709, decoder=0.6063
2025-06-24 19:52:51,112 - tadGANs - INFO - Epoch 594/1000 - Time: 2.43s - Loss: critic_x=-0.0595, critic_z=-624.2054, encoder=-1108.3744, decoder=0.6034
2025-06-24 19:52:56,312 - tadGANs - INFO - Epoch 595/1000 - Time: 5.20s - Loss: critic_x=-0.0586, critic_z=-625.7093, encoder=-1112.2297, decoder=0.6104
2025-06-24 19:52:58,731 - tadGANs - INFO - Epoch 596/1000 - Time: 2.42s - Loss: critic_x=-0.0603, critic_z=-628.9696, encoder=-1114.7846, decoder=0.5959
2025-06-24 19:53:01,250 - tadGANs - INFO - Epoch 597/1000 - Time: 2.52s - Loss: critic_x=-0.0618, critic_z=-629.6001, encoder=-1118.9524, decoder=0.6065
2025-06-24 19:53:03,707 - tadGANs - INFO - Epoch 598/1000 - Time: 2.46s - Loss: critic_x=-0.0616, critic_z=-631.0949, encoder=-1122.4752, decoder=0.5714
2025-06-24 19:53:06,152 - tadGANs - INFO - Epoch 599/1000 - Time: 2.44s - Loss: critic_x=-0.0591, critic_z=-632.3467, encoder=-1123.5464, decoder=0.5720
2025-06-24 19:53:08,630 - tadGANs - INFO - Epoch 600/1000 - Time: 2.48s - Loss: critic_x=-0.0573, critic_z=-635.2159, encoder=-1128.8983, decoder=0.5838
2025-06-24 19:53:08,642 - tadGANs - INFO - Models saved at epoch 600
2025-06-24 19:53:10,951 - tadGANs - INFO - Epoch 601/1000 - Time: 2.31s - Loss: critic_x=-0.0584, critic_z=-636.8960, encoder=-1132.0436, decoder=0.5620
2025-06-24 19:53:13,438 - tadGANs - INFO - Epoch 602/1000 - Time: 2.49s - Loss: critic_x=-0.0593, critic_z=-638.6601, encoder=-1134.2490, decoder=0.5788
2025-06-24 19:53:15,861 - tadGANs - INFO - Epoch 603/1000 - Time: 2.42s - Loss: critic_x=-0.0567, critic_z=-640.6010, encoder=-1138.7959, decoder=0.5688
2025-06-24 19:53:18,330 - tadGANs - INFO - Epoch 604/1000 - Time: 2.47s - Loss: critic_x=-0.0576, critic_z=-643.2294, encoder=-1142.6781, decoder=0.5879
2025-06-24 19:53:20,724 - tadGANs - INFO - Epoch 605/1000 - Time: 2.39s - Loss: critic_x=-0.0561, critic_z=-644.5669, encoder=-1145.4413, decoder=0.5801
2025-06-24 19:53:23,156 - tadGANs - INFO - Epoch 606/1000 - Time: 2.43s - Loss: critic_x=-0.0531, critic_z=-646.6773, encoder=-1150.2245, decoder=0.5674
2025-06-24 19:53:25,583 - tadGANs - INFO - Epoch 607/1000 - Time: 2.43s - Loss: critic_x=-0.0522, critic_z=-648.0949, encoder=-1154.5110, decoder=0.5685
2025-06-24 19:53:30,674 - tadGANs - INFO - Epoch 608/1000 - Time: 5.09s - Loss: critic_x=-0.0474, critic_z=-650.0432, encoder=-1156.9485, decoder=0.5862
2025-06-24 19:53:33,002 - tadGANs - INFO - Epoch 609/1000 - Time: 2.33s - Loss: critic_x=-0.0483, critic_z=-651.6868, encoder=-1160.0896, decoder=0.5796
2025-06-24 19:53:35,550 - tadGANs - INFO - Epoch 610/1000 - Time: 2.55s - Loss: critic_x=-0.0516, critic_z=-654.6864, encoder=-1163.8328, decoder=0.5840
2025-06-24 19:53:35,560 - tadGANs - INFO - Models saved at epoch 610
2025-06-24 19:53:37,966 - tadGANs - INFO - Epoch 611/1000 - Time: 2.41s - Loss: critic_x=-0.0451, critic_z=-655.8202, encoder=-1167.4557, decoder=0.5732
2025-06-24 19:53:40,420 - tadGANs - INFO - Epoch 612/1000 - Time: 2.45s - Loss: critic_x=-0.0478, critic_z=-657.7583, encoder=-1170.4033, decoder=0.5918
2025-06-24 19:53:42,795 - tadGANs - INFO - Epoch 613/1000 - Time: 2.38s - Loss: critic_x=-0.0472, critic_z=-659.4725, encoder=-1175.9058, decoder=0.5869
2025-06-24 19:53:45,174 - tadGANs - INFO - Epoch 614/1000 - Time: 2.38s - Loss: critic_x=-0.0437, critic_z=-661.8966, encoder=-1179.3440, decoder=0.5896
2025-06-24 19:53:47,493 - tadGANs - INFO - Epoch 615/1000 - Time: 2.32s - Loss: critic_x=-0.0450, critic_z=-663.7623, encoder=-1182.0011, decoder=0.5880
2025-06-24 19:53:49,860 - tadGANs - INFO - Epoch 616/1000 - Time: 2.37s - Loss: critic_x=-0.0461, critic_z=-665.0650, encoder=-1186.9750, decoder=0.6000
2025-06-24 19:53:52,167 - tadGANs - INFO - Epoch 617/1000 - Time: 2.31s - Loss: critic_x=-0.0432, critic_z=-667.4353, encoder=-1190.1588, decoder=0.6104
2025-06-24 19:53:54,518 - tadGANs - INFO - Epoch 618/1000 - Time: 2.35s - Loss: critic_x=-0.0444, critic_z=-668.9876, encoder=-1195.7476, decoder=0.6209
2025-06-24 19:53:56,870 - tadGANs - INFO - Epoch 619/1000 - Time: 2.35s - Loss: critic_x=-0.0476, critic_z=-670.8288, encoder=-1196.7813, decoder=0.6143
2025-06-24 19:53:59,186 - tadGANs - INFO - Epoch 620/1000 - Time: 2.32s - Loss: critic_x=-0.0472, critic_z=-672.5726, encoder=-1199.7097, decoder=0.6220
2025-06-24 19:53:59,197 - tadGANs - INFO - Models saved at epoch 620
2025-06-24 19:54:01,591 - tadGANs - INFO - Epoch 621/1000 - Time: 2.39s - Loss: critic_x=-0.0448, critic_z=-674.7477, encoder=-1202.2938, decoder=0.6296
2025-06-24 19:54:06,747 - tadGANs - INFO - Epoch 622/1000 - Time: 5.16s - Loss: critic_x=-0.0460, critic_z=-676.7190, encoder=-1207.2412, decoder=0.6168
2025-06-24 19:54:09,118 - tadGANs - INFO - Epoch 623/1000 - Time: 2.37s - Loss: critic_x=-0.0413, critic_z=-679.2266, encoder=-1210.3505, decoder=0.6116
2025-06-24 19:54:11,448 - tadGANs - INFO - Epoch 624/1000 - Time: 2.33s - Loss: critic_x=-0.0426, critic_z=-680.1964, encoder=-1214.7258, decoder=0.6127
2025-06-24 19:54:13,839 - tadGANs - INFO - Epoch 625/1000 - Time: 2.39s - Loss: critic_x=-0.0424, critic_z=-683.1178, encoder=-1219.7643, decoder=0.6086
2025-06-24 19:54:16,266 - tadGANs - INFO - Epoch 626/1000 - Time: 2.43s - Loss: critic_x=-0.0428, critic_z=-685.2405, encoder=-1221.7154, decoder=0.6139
2025-06-24 19:54:18,638 - tadGANs - INFO - Epoch 627/1000 - Time: 2.37s - Loss: critic_x=-0.0428, critic_z=-686.3001, encoder=-1225.6825, decoder=0.6190
2025-06-24 19:54:20,936 - tadGANs - INFO - Epoch 628/1000 - Time: 2.30s - Loss: critic_x=-0.0401, critic_z=-689.1914, encoder=-1228.9681, decoder=0.6213
2025-06-24 19:54:23,276 - tadGANs - INFO - Epoch 629/1000 - Time: 2.34s - Loss: critic_x=-0.0392, critic_z=-690.5734, encoder=-1232.6607, decoder=0.6420
2025-06-24 19:54:25,622 - tadGANs - INFO - Epoch 630/1000 - Time: 2.35s - Loss: critic_x=-0.0394, critic_z=-691.6052, encoder=-1237.2895, decoder=0.6330
2025-06-24 19:54:25,636 - tadGANs - INFO - Models saved at epoch 630
2025-06-24 19:54:27,970 - tadGANs - INFO - Epoch 631/1000 - Time: 2.33s - Loss: critic_x=-0.0407, critic_z=-693.8420, encoder=-1240.2778, decoder=0.6372
2025-06-24 19:54:30,367 - tadGANs - INFO - Epoch 632/1000 - Time: 2.40s - Loss: critic_x=-0.0417, critic_z=-695.4541, encoder=-1243.1281, decoder=0.6436
2025-06-24 19:54:32,868 - tadGANs - INFO - Epoch 633/1000 - Time: 2.50s - Loss: critic_x=-0.0388, critic_z=-698.4355, encoder=-1248.6808, decoder=0.6252
2025-06-24 19:54:35,479 - tadGANs - INFO - Epoch 634/1000 - Time: 2.61s - Loss: critic_x=-0.0405, critic_z=-699.8686, encoder=-1251.9957, decoder=0.6250
2025-06-24 19:54:40,498 - tadGANs - INFO - Epoch 635/1000 - Time: 5.02s - Loss: critic_x=-0.0414, critic_z=-701.9962, encoder=-1254.3858, decoder=0.6263
2025-06-24 19:54:43,019 - tadGANs - INFO - Epoch 636/1000 - Time: 2.52s - Loss: critic_x=-0.0406, critic_z=-704.2982, encoder=-1257.3349, decoder=0.6388
2025-06-24 19:54:45,502 - tadGANs - INFO - Epoch 637/1000 - Time: 2.48s - Loss: critic_x=-0.0386, critic_z=-705.6217, encoder=-1261.2537, decoder=0.6420
2025-06-24 19:54:48,018 - tadGANs - INFO - Epoch 638/1000 - Time: 2.52s - Loss: critic_x=-0.0367, critic_z=-708.3251, encoder=-1267.2012, decoder=0.6328
2025-06-24 19:54:50,444 - tadGANs - INFO - Epoch 639/1000 - Time: 2.43s - Loss: critic_x=-0.0426, critic_z=-710.1351, encoder=-1270.2266, decoder=0.6244
2025-06-24 19:54:52,849 - tadGANs - INFO - Epoch 640/1000 - Time: 2.41s - Loss: critic_x=-0.0397, critic_z=-712.6358, encoder=-1274.3798, decoder=0.6210
2025-06-24 19:54:52,861 - tadGANs - INFO - Models saved at epoch 640
2025-06-24 19:54:55,216 - tadGANs - INFO - Epoch 641/1000 - Time: 2.35s - Loss: critic_x=-0.0450, critic_z=-713.1903, encoder=-1276.6855, decoder=0.5956
2025-06-24 19:54:57,624 - tadGANs - INFO - Epoch 642/1000 - Time: 2.41s - Loss: critic_x=-0.0398, critic_z=-715.9797, encoder=-1280.2542, decoder=0.6053
2025-06-24 19:55:00,058 - tadGANs - INFO - Epoch 643/1000 - Time: 2.43s - Loss: critic_x=-0.0410, critic_z=-719.1470, encoder=-1284.6611, decoder=0.6120
2025-06-24 19:55:02,463 - tadGANs - INFO - Epoch 644/1000 - Time: 2.41s - Loss: critic_x=-0.0354, critic_z=-720.3716, encoder=-1290.2735, decoder=0.6147
2025-06-24 19:55:04,788 - tadGANs - INFO - Epoch 645/1000 - Time: 2.32s - Loss: critic_x=-0.0377, critic_z=-721.9998, encoder=-1291.4696, decoder=0.6251
2025-06-24 19:55:07,262 - tadGANs - INFO - Epoch 646/1000 - Time: 2.47s - Loss: critic_x=-0.0373, critic_z=-724.2251, encoder=-1296.7578, decoder=0.6049
2025-06-24 19:55:09,629 - tadGANs - INFO - Epoch 647/1000 - Time: 2.37s - Loss: critic_x=-0.0361, critic_z=-726.0387, encoder=-1299.1217, decoder=0.6132
2025-06-24 19:55:14,695 - tadGANs - INFO - Epoch 648/1000 - Time: 5.07s - Loss: critic_x=-0.0357, critic_z=-727.9567, encoder=-1303.1534, decoder=0.6156
2025-06-24 19:55:17,115 - tadGANs - INFO - Epoch 649/1000 - Time: 2.42s - Loss: critic_x=-0.0361, critic_z=-729.2650, encoder=-1307.6325, decoder=0.6210
2025-06-24 19:55:19,596 - tadGANs - INFO - Epoch 650/1000 - Time: 2.48s - Loss: critic_x=-0.0335, critic_z=-731.9759, encoder=-1311.8423, decoder=0.6197
2025-06-24 19:55:19,609 - tadGANs - INFO - Models saved at epoch 650
2025-06-24 19:55:21,926 - tadGANs - INFO - Epoch 651/1000 - Time: 2.32s - Loss: critic_x=-0.0356, critic_z=-734.3454, encoder=-1316.0415, decoder=0.6048
2025-06-24 19:55:24,383 - tadGANs - INFO - Epoch 652/1000 - Time: 2.46s - Loss: critic_x=-0.0350, critic_z=-735.8737, encoder=-1318.0622, decoder=0.6026
2025-06-24 19:55:26,875 - tadGANs - INFO - Epoch 653/1000 - Time: 2.49s - Loss: critic_x=-0.0319, critic_z=-737.7111, encoder=-1322.5106, decoder=0.6087
2025-06-24 19:55:29,533 - tadGANs - INFO - Epoch 654/1000 - Time: 2.66s - Loss: critic_x=-0.0353, critic_z=-739.1586, encoder=-1326.5958, decoder=0.6141
2025-06-24 19:55:31,992 - tadGANs - INFO - Epoch 655/1000 - Time: 2.46s - Loss: critic_x=-0.0350, critic_z=-742.4845, encoder=-1328.9524, decoder=0.6207
2025-06-24 19:55:34,351 - tadGANs - INFO - Epoch 656/1000 - Time: 2.36s - Loss: critic_x=-0.0338, critic_z=-744.3172, encoder=-1334.6957, decoder=0.6326
2025-06-24 19:55:36,704 - tadGANs - INFO - Epoch 657/1000 - Time: 2.35s - Loss: critic_x=-0.0331, critic_z=-745.3638, encoder=-1338.1077, decoder=0.6558
2025-06-24 19:55:39,072 - tadGANs - INFO - Epoch 658/1000 - Time: 2.37s - Loss: critic_x=-0.0352, critic_z=-748.0068, encoder=-1342.1771, decoder=0.6607
2025-06-24 19:55:41,385 - tadGANs - INFO - Epoch 659/1000 - Time: 2.31s - Loss: critic_x=-0.0309, critic_z=-749.7858, encoder=-1344.9658, decoder=0.6585
2025-06-24 19:55:43,986 - tadGANs - INFO - Epoch 660/1000 - Time: 2.60s - Loss: critic_x=-0.0352, critic_z=-751.2969, encoder=-1348.8715, decoder=0.6636
2025-06-24 19:55:44,000 - tadGANs - INFO - Models saved at epoch 660
2025-06-24 19:55:46,612 - tadGANs - INFO - Epoch 661/1000 - Time: 2.61s - Loss: critic_x=-0.0341, critic_z=-753.8380, encoder=-1352.7675, decoder=0.6842
2025-06-24 19:55:52,618 - tadGANs - INFO - Epoch 662/1000 - Time: 6.01s - Loss: critic_x=-0.0339, critic_z=-755.9346, encoder=-1356.4864, decoder=0.6807
2025-06-24 19:55:55,047 - tadGANs - INFO - Epoch 663/1000 - Time: 2.43s - Loss: critic_x=-0.0342, critic_z=-757.5049, encoder=-1361.0720, decoder=0.6920
2025-06-24 19:55:57,412 - tadGANs - INFO - Epoch 664/1000 - Time: 2.37s - Loss: critic_x=-0.0368, critic_z=-760.6356, encoder=-1362.5733, decoder=0.6693
2025-06-24 19:55:59,852 - tadGANs - INFO - Epoch 665/1000 - Time: 2.44s - Loss: critic_x=-0.0366, critic_z=-761.8355, encoder=-1368.9285, decoder=0.6596
2025-06-24 19:56:02,195 - tadGANs - INFO - Epoch 666/1000 - Time: 2.34s - Loss: critic_x=-0.0351, critic_z=-763.9110, encoder=-1371.3292, decoder=0.6497
2025-06-24 19:56:04,563 - tadGANs - INFO - Epoch 667/1000 - Time: 2.37s - Loss: critic_x=-0.0331, critic_z=-766.3783, encoder=-1376.5132, decoder=0.6405
2025-06-24 19:56:06,971 - tadGANs - INFO - Epoch 668/1000 - Time: 2.41s - Loss: critic_x=-0.0271, critic_z=-767.9750, encoder=-1380.0404, decoder=0.6378
2025-06-24 19:56:09,345 - tadGANs - INFO - Epoch 669/1000 - Time: 2.37s - Loss: critic_x=-0.0316, critic_z=-769.8319, encoder=-1384.4086, decoder=0.6335
2025-06-24 19:56:11,691 - tadGANs - INFO - Epoch 670/1000 - Time: 2.35s - Loss: critic_x=-0.0343, critic_z=-772.3087, encoder=-1387.2718, decoder=0.6263
2025-06-24 19:56:11,702 - tadGANs - INFO - Models saved at epoch 670
2025-06-24 19:56:14,079 - tadGANs - INFO - Epoch 671/1000 - Time: 2.38s - Loss: critic_x=-0.0376, critic_z=-774.7278, encoder=-1389.9536, decoder=0.6252
2025-06-24 19:56:16,425 - tadGANs - INFO - Epoch 672/1000 - Time: 2.35s - Loss: critic_x=-0.0417, critic_z=-775.9614, encoder=-1394.2160, decoder=0.6370
2025-06-24 19:56:18,792 - tadGANs - INFO - Epoch 673/1000 - Time: 2.37s - Loss: critic_x=-0.0439, critic_z=-778.0355, encoder=-1398.5942, decoder=0.6345
2025-06-24 19:56:21,206 - tadGANs - INFO - Epoch 674/1000 - Time: 2.41s - Loss: critic_x=-0.0434, critic_z=-780.5018, encoder=-1402.7639, decoder=0.6436
2025-06-24 19:56:26,989 - tadGANs - INFO - Epoch 675/1000 - Time: 5.78s - Loss: critic_x=-0.0450, critic_z=-782.8735, encoder=-1408.4020, decoder=0.6660
2025-06-24 19:56:29,318 - tadGANs - INFO - Epoch 676/1000 - Time: 2.33s - Loss: critic_x=-0.0410, critic_z=-785.4387, encoder=-1409.1022, decoder=0.6729
2025-06-24 19:56:31,630 - tadGANs - INFO - Epoch 677/1000 - Time: 2.31s - Loss: critic_x=-0.0434, critic_z=-786.1313, encoder=-1415.0534, decoder=0.6870
2025-06-24 19:56:34,037 - tadGANs - INFO - Epoch 678/1000 - Time: 2.41s - Loss: critic_x=-0.0398, critic_z=-788.7481, encoder=-1418.2115, decoder=0.7014
2025-06-24 19:56:36,438 - tadGANs - INFO - Epoch 679/1000 - Time: 2.40s - Loss: critic_x=-0.0420, critic_z=-791.0501, encoder=-1424.0797, decoder=0.7095
2025-06-24 19:56:38,890 - tadGANs - INFO - Epoch 680/1000 - Time: 2.45s - Loss: critic_x=-0.0371, critic_z=-792.9225, encoder=-1425.7253, decoder=0.7153
2025-06-24 19:56:38,901 - tadGANs - INFO - Models saved at epoch 680
2025-06-24 19:56:41,310 - tadGANs - INFO - Epoch 681/1000 - Time: 2.41s - Loss: critic_x=-0.0371, critic_z=-795.3033, encoder=-1429.7483, decoder=0.7368
2025-06-24 19:56:43,671 - tadGANs - INFO - Epoch 682/1000 - Time: 2.36s - Loss: critic_x=-0.0359, critic_z=-797.6739, encoder=-1434.9544, decoder=0.7297
2025-06-24 19:56:46,034 - tadGANs - INFO - Epoch 683/1000 - Time: 2.36s - Loss: critic_x=-0.0378, critic_z=-799.3476, encoder=-1439.1454, decoder=0.7173
2025-06-24 19:56:48,514 - tadGANs - INFO - Epoch 684/1000 - Time: 2.48s - Loss: critic_x=-0.0324, critic_z=-801.9723, encoder=-1441.4775, decoder=0.7224
2025-06-24 19:56:51,007 - tadGANs - INFO - Epoch 685/1000 - Time: 2.49s - Loss: critic_x=-0.0354, critic_z=-803.4975, encoder=-1445.7886, decoder=0.7231
2025-06-24 19:56:53,397 - tadGANs - INFO - Epoch 686/1000 - Time: 2.39s - Loss: critic_x=-0.0333, critic_z=-805.1985, encoder=-1450.5297, decoder=0.7187
2025-06-24 19:56:55,839 - tadGANs - INFO - Epoch 687/1000 - Time: 2.44s - Loss: critic_x=-0.0342, critic_z=-807.6568, encoder=-1455.7384, decoder=0.7150
2025-06-24 19:56:58,202 - tadGANs - INFO - Epoch 688/1000 - Time: 2.36s - Loss: critic_x=-0.0317, critic_z=-809.9681, encoder=-1456.9070, decoder=0.7204
2025-06-24 19:57:03,524 - tadGANs - INFO - Epoch 689/1000 - Time: 5.32s - Loss: critic_x=-0.0299, critic_z=-812.3960, encoder=-1461.1244, decoder=0.7191
2025-06-24 19:57:05,928 - tadGANs - INFO - Epoch 690/1000 - Time: 2.40s - Loss: critic_x=-0.0287, critic_z=-814.7825, encoder=-1465.9041, decoder=0.7305
2025-06-24 19:57:05,939 - tadGANs - INFO - Models saved at epoch 690
2025-06-24 19:57:08,341 - tadGANs - INFO - Epoch 691/1000 - Time: 2.40s - Loss: critic_x=-0.0326, critic_z=-817.1246, encoder=-1469.3661, decoder=0.7364
2025-06-24 19:57:10,732 - tadGANs - INFO - Epoch 692/1000 - Time: 2.39s - Loss: critic_x=-0.0269, critic_z=-818.1324, encoder=-1475.0451, decoder=0.7331
2025-06-24 19:57:13,179 - tadGANs - INFO - Epoch 693/1000 - Time: 2.45s - Loss: critic_x=-0.0321, critic_z=-819.8356, encoder=-1477.6121, decoder=0.7423
2025-06-24 19:57:15,567 - tadGANs - INFO - Epoch 694/1000 - Time: 2.39s - Loss: critic_x=-0.0306, critic_z=-822.7051, encoder=-1481.3047, decoder=0.7371
2025-06-24 19:57:17,972 - tadGANs - INFO - Epoch 695/1000 - Time: 2.41s - Loss: critic_x=-0.0307, critic_z=-824.5736, encoder=-1484.4659, decoder=0.7502
2025-06-24 19:57:20,289 - tadGANs - INFO - Epoch 696/1000 - Time: 2.32s - Loss: critic_x=-0.0313, critic_z=-826.1259, encoder=-1490.7580, decoder=0.7543
2025-06-24 19:57:22,598 - tadGANs - INFO - Epoch 697/1000 - Time: 2.31s - Loss: critic_x=-0.0334, critic_z=-829.1596, encoder=-1494.1353, decoder=0.7450
2025-06-24 19:57:24,963 - tadGANs - INFO - Epoch 698/1000 - Time: 2.37s - Loss: critic_x=-0.0297, critic_z=-830.8133, encoder=-1497.6463, decoder=0.7501
2025-06-24 19:57:27,291 - tadGANs - INFO - Epoch 699/1000 - Time: 2.33s - Loss: critic_x=-0.0301, critic_z=-831.9309, encoder=-1502.0851, decoder=0.7501
2025-06-24 19:57:29,634 - tadGANs - INFO - Epoch 700/1000 - Time: 2.34s - Loss: critic_x=-0.0322, critic_z=-835.4719, encoder=-1507.1877, decoder=0.7580
2025-06-24 19:57:29,645 - tadGANs - INFO - Models saved at epoch 700
2025-06-24 19:57:31,933 - tadGANs - INFO - Epoch 701/1000 - Time: 2.29s - Loss: critic_x=-0.0296, critic_z=-837.6326, encoder=-1508.9722, decoder=0.7330
2025-06-24 19:57:37,512 - tadGANs - INFO - Epoch 702/1000 - Time: 5.58s - Loss: critic_x=-0.0300, critic_z=-840.4925, encoder=-1515.3564, decoder=0.7491
2025-06-24 19:57:39,829 - tadGANs - INFO - Epoch 703/1000 - Time: 2.32s - Loss: critic_x=-0.0286, critic_z=-841.8794, encoder=-1519.3424, decoder=0.7529
2025-06-24 19:57:42,223 - tadGANs - INFO - Epoch 704/1000 - Time: 2.39s - Loss: critic_x=-0.0282, critic_z=-844.2537, encoder=-1522.5141, decoder=0.7503
2025-06-24 19:57:44,592 - tadGANs - INFO - Epoch 705/1000 - Time: 2.37s - Loss: critic_x=-0.0280, critic_z=-845.7893, encoder=-1526.5747, decoder=0.7504
2025-06-24 19:57:46,899 - tadGANs - INFO - Epoch 706/1000 - Time: 2.31s - Loss: critic_x=-0.0272, critic_z=-847.7605, encoder=-1530.8583, decoder=0.7511
2025-06-24 19:57:49,208 - tadGANs - INFO - Epoch 707/1000 - Time: 2.31s - Loss: critic_x=-0.0259, critic_z=-850.4319, encoder=-1534.7073, decoder=0.7675
2025-06-24 19:57:51,613 - tadGANs - INFO - Epoch 708/1000 - Time: 2.41s - Loss: critic_x=-0.0251, critic_z=-852.6827, encoder=-1539.2398, decoder=0.7614
2025-06-24 19:57:53,987 - tadGANs - INFO - Epoch 709/1000 - Time: 2.37s - Loss: critic_x=-0.0240, critic_z=-855.7161, encoder=-1543.4228, decoder=0.7638
2025-06-24 19:57:56,349 - tadGANs - INFO - Epoch 710/1000 - Time: 2.36s - Loss: critic_x=-0.0228, critic_z=-856.9132, encoder=-1546.9279, decoder=0.7812
2025-06-24 19:57:56,359 - tadGANs - INFO - Models saved at epoch 710
2025-06-24 19:57:58,716 - tadGANs - INFO - Epoch 711/1000 - Time: 2.36s - Loss: critic_x=-0.0210, critic_z=-858.5164, encoder=-1551.7545, decoder=0.7968
2025-06-24 19:58:01,073 - tadGANs - INFO - Epoch 712/1000 - Time: 2.36s - Loss: critic_x=-0.0212, critic_z=-859.9533, encoder=-1554.2979, decoder=0.7988
2025-06-24 19:58:03,355 - tadGANs - INFO - Epoch 713/1000 - Time: 2.28s - Loss: critic_x=-0.0205, critic_z=-862.3718, encoder=-1559.9483, decoder=0.7935
2025-06-24 19:58:05,639 - tadGANs - INFO - Epoch 714/1000 - Time: 2.28s - Loss: critic_x=-0.0188, critic_z=-865.7575, encoder=-1562.2521, decoder=0.7878
2025-06-24 19:58:08,044 - tadGANs - INFO - Epoch 715/1000 - Time: 2.40s - Loss: critic_x=-0.0199, critic_z=-868.3794, encoder=-1568.2462, decoder=0.7867
2025-06-24 19:58:13,765 - tadGANs - INFO - Epoch 716/1000 - Time: 5.72s - Loss: critic_x=-0.0203, critic_z=-870.2099, encoder=-1570.2552, decoder=0.7930
2025-06-24 19:58:16,148 - tadGANs - INFO - Epoch 717/1000 - Time: 2.38s - Loss: critic_x=-0.0204, critic_z=-872.2187, encoder=-1575.0944, decoder=0.7973
2025-06-24 19:58:18,516 - tadGANs - INFO - Epoch 718/1000 - Time: 2.37s - Loss: critic_x=-0.0206, critic_z=-873.8050, encoder=-1579.9302, decoder=0.7956
2025-06-24 19:58:20,919 - tadGANs - INFO - Epoch 719/1000 - Time: 2.40s - Loss: critic_x=-0.0199, critic_z=-877.1169, encoder=-1582.9084, decoder=0.7840
2025-06-24 19:58:23,260 - tadGANs - INFO - Epoch 720/1000 - Time: 2.34s - Loss: critic_x=-0.0243, critic_z=-878.1283, encoder=-1588.3530, decoder=0.7933
2025-06-24 19:58:23,270 - tadGANs - INFO - Models saved at epoch 720
2025-06-24 19:58:25,652 - tadGANs - INFO - Epoch 721/1000 - Time: 2.38s - Loss: critic_x=-0.0192, critic_z=-880.7751, encoder=-1590.7720, decoder=0.8019
2025-06-24 19:58:27,982 - tadGANs - INFO - Epoch 722/1000 - Time: 2.33s - Loss: critic_x=-0.0243, critic_z=-882.8929, encoder=-1596.9796, decoder=0.8110
2025-06-24 19:58:30,404 - tadGANs - INFO - Epoch 723/1000 - Time: 2.42s - Loss: critic_x=-0.0252, critic_z=-884.7567, encoder=-1601.0776, decoder=0.8183
2025-06-24 19:58:32,682 - tadGANs - INFO - Epoch 724/1000 - Time: 2.28s - Loss: critic_x=-0.0242, critic_z=-887.9200, encoder=-1605.9555, decoder=0.8202
2025-06-24 19:58:35,029 - tadGANs - INFO - Epoch 725/1000 - Time: 2.35s - Loss: critic_x=-0.0264, critic_z=-889.9477, encoder=-1610.7720, decoder=0.8072
2025-06-24 19:58:37,281 - tadGANs - INFO - Epoch 726/1000 - Time: 2.25s - Loss: critic_x=-0.0275, critic_z=-891.0124, encoder=-1614.9417, decoder=0.8175
2025-06-24 19:58:39,617 - tadGANs - INFO - Epoch 727/1000 - Time: 2.34s - Loss: critic_x=-0.0312, critic_z=-894.3455, encoder=-1618.2154, decoder=0.8124
2025-06-24 19:58:41,990 - tadGANs - INFO - Epoch 728/1000 - Time: 2.37s - Loss: critic_x=-0.0328, critic_z=-895.7744, encoder=-1620.5029, decoder=0.8135
2025-06-24 19:58:44,307 - tadGANs - INFO - Epoch 729/1000 - Time: 2.32s - Loss: critic_x=-0.0329, critic_z=-897.7974, encoder=-1626.4627, decoder=0.8176
2025-06-24 19:58:49,868 - tadGANs - INFO - Epoch 730/1000 - Time: 5.56s - Loss: critic_x=-0.0347, critic_z=-900.0905, encoder=-1631.0942, decoder=0.8213
2025-06-24 19:58:49,882 - tadGANs - INFO - Models saved at epoch 730
2025-06-24 19:58:52,214 - tadGANs - INFO - Epoch 731/1000 - Time: 2.33s - Loss: critic_x=-0.0328, critic_z=-902.7491, encoder=-1633.8991, decoder=0.8290
2025-06-24 19:58:54,570 - tadGANs - INFO - Epoch 732/1000 - Time: 2.36s - Loss: critic_x=-0.0381, critic_z=-904.8727, encoder=-1637.2681, decoder=0.8228
2025-06-24 19:58:56,875 - tadGANs - INFO - Epoch 733/1000 - Time: 2.30s - Loss: critic_x=-0.0379, critic_z=-907.6209, encoder=-1642.1693, decoder=0.8369
2025-06-24 19:58:59,190 - tadGANs - INFO - Epoch 734/1000 - Time: 2.32s - Loss: critic_x=-0.0366, critic_z=-909.3218, encoder=-1645.3603, decoder=0.8379
2025-06-24 19:59:01,631 - tadGANs - INFO - Epoch 735/1000 - Time: 2.44s - Loss: critic_x=-0.0369, critic_z=-912.4180, encoder=-1651.9432, decoder=0.8564
2025-06-24 19:59:04,068 - tadGANs - INFO - Epoch 736/1000 - Time: 2.44s - Loss: critic_x=-0.0397, critic_z=-914.1807, encoder=-1653.2770, decoder=0.8477
2025-06-24 19:59:06,447 - tadGANs - INFO - Epoch 737/1000 - Time: 2.38s - Loss: critic_x=-0.0400, critic_z=-915.9473, encoder=-1659.6593, decoder=0.8513
2025-06-24 19:59:08,827 - tadGANs - INFO - Epoch 738/1000 - Time: 2.38s - Loss: critic_x=-0.0404, critic_z=-917.8712, encoder=-1663.9073, decoder=0.8420
2025-06-24 19:59:11,140 - tadGANs - INFO - Epoch 739/1000 - Time: 2.31s - Loss: critic_x=-0.0423, critic_z=-919.9667, encoder=-1668.9385, decoder=0.8667
2025-06-24 19:59:13,515 - tadGANs - INFO - Epoch 740/1000 - Time: 2.37s - Loss: critic_x=-0.0420, critic_z=-923.5236, encoder=-1673.3079, decoder=0.8589
2025-06-24 19:59:13,526 - tadGANs - INFO - Models saved at epoch 740
2025-06-24 19:59:15,899 - tadGANs - INFO - Epoch 741/1000 - Time: 2.37s - Loss: critic_x=-0.0405, critic_z=-926.2831, encoder=-1675.9157, decoder=0.8694
2025-06-24 19:59:18,249 - tadGANs - INFO - Epoch 742/1000 - Time: 2.35s - Loss: critic_x=-0.0448, critic_z=-927.4921, encoder=-1680.8718, decoder=0.8717
2025-06-24 19:59:23,903 - tadGANs - INFO - Epoch 743/1000 - Time: 5.65s - Loss: critic_x=-0.0442, critic_z=-930.1168, encoder=-1685.7906, decoder=0.8705
2025-06-24 19:59:26,338 - tadGANs - INFO - Epoch 744/1000 - Time: 2.43s - Loss: critic_x=-0.0456, critic_z=-931.7019, encoder=-1688.2630, decoder=0.8712
2025-06-24 19:59:28,786 - tadGANs - INFO - Epoch 745/1000 - Time: 2.45s - Loss: critic_x=-0.0445, critic_z=-934.2964, encoder=-1693.6476, decoder=0.8741
2025-06-24 19:59:31,206 - tadGANs - INFO - Epoch 746/1000 - Time: 2.42s - Loss: critic_x=-0.0464, critic_z=-936.0820, encoder=-1697.3260, decoder=0.8748
2025-06-24 19:59:33,627 - tadGANs - INFO - Epoch 747/1000 - Time: 2.42s - Loss: critic_x=-0.0459, critic_z=-939.6793, encoder=-1704.0242, decoder=0.8721
2025-06-24 19:59:36,027 - tadGANs - INFO - Epoch 748/1000 - Time: 2.40s - Loss: critic_x=-0.0463, critic_z=-941.5078, encoder=-1707.3422, decoder=0.8830
2025-06-24 19:59:38,381 - tadGANs - INFO - Epoch 749/1000 - Time: 2.35s - Loss: critic_x=-0.0467, critic_z=-943.6183, encoder=-1711.7344, decoder=0.8775
2025-06-24 19:59:40,738 - tadGANs - INFO - Epoch 750/1000 - Time: 2.36s - Loss: critic_x=-0.0533, critic_z=-944.7437, encoder=-1715.1438, decoder=0.8838
2025-06-24 19:59:40,749 - tadGANs - INFO - Models saved at epoch 750
2025-06-24 19:59:43,172 - tadGANs - INFO - Epoch 751/1000 - Time: 2.42s - Loss: critic_x=-0.0486, critic_z=-948.2843, encoder=-1720.6219, decoder=0.8858
2025-06-24 19:59:45,507 - tadGANs - INFO - Epoch 752/1000 - Time: 2.33s - Loss: critic_x=-0.0508, critic_z=-950.1132, encoder=-1723.5165, decoder=0.8803
2025-06-24 19:59:47,860 - tadGANs - INFO - Epoch 753/1000 - Time: 2.35s - Loss: critic_x=-0.0500, critic_z=-952.7088, encoder=-1726.5078, decoder=0.8820
2025-06-24 19:59:50,207 - tadGANs - INFO - Epoch 754/1000 - Time: 2.35s - Loss: critic_x=-0.0490, critic_z=-954.7821, encoder=-1732.6923, decoder=0.8938
2025-06-24 19:59:52,565 - tadGANs - INFO - Epoch 755/1000 - Time: 2.36s - Loss: critic_x=-0.0492, critic_z=-957.3096, encoder=-1738.1372, decoder=0.8943
2025-06-24 19:59:54,890 - tadGANs - INFO - Epoch 756/1000 - Time: 2.33s - Loss: critic_x=-0.0487, critic_z=-959.3290, encoder=-1739.8205, decoder=0.8923
2025-06-24 20:00:00,388 - tadGANs - INFO - Epoch 757/1000 - Time: 5.50s - Loss: critic_x=-0.0523, critic_z=-960.9391, encoder=-1745.4042, decoder=0.8884
2025-06-24 20:00:02,730 - tadGANs - INFO - Epoch 758/1000 - Time: 2.34s - Loss: critic_x=-0.0513, critic_z=-964.4510, encoder=-1750.1025, decoder=0.8973
2025-06-24 20:00:05,086 - tadGANs - INFO - Epoch 759/1000 - Time: 2.36s - Loss: critic_x=-0.0522, critic_z=-966.3561, encoder=-1754.7373, decoder=0.9056
2025-06-24 20:00:07,356 - tadGANs - INFO - Epoch 760/1000 - Time: 2.27s - Loss: critic_x=-0.0516, critic_z=-968.0154, encoder=-1757.2971, decoder=0.9299
2025-06-24 20:00:07,367 - tadGANs - INFO - Models saved at epoch 760
2025-06-24 20:00:09,668 - tadGANs - INFO - Epoch 761/1000 - Time: 2.30s - Loss: critic_x=-0.0504, critic_z=-969.5972, encoder=-1763.1262, decoder=0.9298
2025-06-24 20:00:12,030 - tadGANs - INFO - Epoch 762/1000 - Time: 2.36s - Loss: critic_x=-0.0515, critic_z=-973.5560, encoder=-1766.1510, decoder=0.9364
2025-06-24 20:00:14,412 - tadGANs - INFO - Epoch 763/1000 - Time: 2.38s - Loss: critic_x=-0.0522, critic_z=-975.6185, encoder=-1770.3639, decoder=0.9606
2025-06-24 20:00:16,761 - tadGANs - INFO - Epoch 764/1000 - Time: 2.35s - Loss: critic_x=-0.0521, critic_z=-978.2710, encoder=-1776.9631, decoder=0.9542
2025-06-24 20:00:19,047 - tadGANs - INFO - Epoch 765/1000 - Time: 2.29s - Loss: critic_x=-0.0514, critic_z=-979.1570, encoder=-1779.2122, decoder=0.9547
2025-06-24 20:00:21,385 - tadGANs - INFO - Epoch 766/1000 - Time: 2.34s - Loss: critic_x=-0.0509, critic_z=-982.3038, encoder=-1782.1811, decoder=0.9459
2025-06-24 20:00:23,664 - tadGANs - INFO - Epoch 767/1000 - Time: 2.28s - Loss: critic_x=-0.0492, critic_z=-983.0207, encoder=-1788.5364, decoder=0.9672
2025-06-24 20:00:25,987 - tadGANs - INFO - Epoch 768/1000 - Time: 2.32s - Loss: critic_x=-0.0500, critic_z=-986.1065, encoder=-1792.4757, decoder=0.9519
2025-06-24 20:00:28,276 - tadGANs - INFO - Epoch 769/1000 - Time: 2.29s - Loss: critic_x=-0.0515, critic_z=-988.5853, encoder=-1795.6639, decoder=0.9817
2025-06-24 20:00:30,575 - tadGANs - INFO - Epoch 770/1000 - Time: 2.30s - Loss: critic_x=-0.0496, critic_z=-991.2796, encoder=-1803.6870, decoder=0.9759
2025-06-24 20:00:30,590 - tadGANs - INFO - Models saved at epoch 770
2025-06-24 20:00:36,421 - tadGANs - INFO - Epoch 771/1000 - Time: 5.83s - Loss: critic_x=-0.0519, critic_z=-993.8838, encoder=-1808.9249, decoder=0.9805
2025-06-24 20:00:38,797 - tadGANs - INFO - Epoch 772/1000 - Time: 2.38s - Loss: critic_x=-0.0513, critic_z=-995.9074, encoder=-1810.6457, decoder=0.9837
2025-06-24 20:00:41,139 - tadGANs - INFO - Epoch 773/1000 - Time: 2.34s - Loss: critic_x=-0.0501, critic_z=-997.7710, encoder=-1814.1077, decoder=0.9774
2025-06-24 20:00:43,430 - tadGANs - INFO - Epoch 774/1000 - Time: 2.29s - Loss: critic_x=-0.0527, critic_z=-1001.6972, encoder=-1820.6698, decoder=0.9548
2025-06-24 20:00:45,780 - tadGANs - INFO - Epoch 775/1000 - Time: 2.35s - Loss: critic_x=-0.0507, critic_z=-1003.1211, encoder=-1824.8387, decoder=0.9821
2025-06-24 20:00:48,190 - tadGANs - INFO - Epoch 776/1000 - Time: 2.41s - Loss: critic_x=-0.0505, critic_z=-1006.5857, encoder=-1828.8119, decoder=0.9727
2025-06-24 20:00:50,574 - tadGANs - INFO - Epoch 777/1000 - Time: 2.38s - Loss: critic_x=-0.0517, critic_z=-1007.5592, encoder=-1834.9537, decoder=0.9803
2025-06-24 20:00:52,966 - tadGANs - INFO - Epoch 778/1000 - Time: 2.39s - Loss: critic_x=-0.0517, critic_z=-1010.6454, encoder=-1838.1060, decoder=0.9816
2025-06-24 20:00:55,273 - tadGANs - INFO - Epoch 779/1000 - Time: 2.31s - Loss: critic_x=-0.0514, critic_z=-1011.7667, encoder=-1841.4602, decoder=0.9843
2025-06-24 20:00:57,537 - tadGANs - INFO - Epoch 780/1000 - Time: 2.26s - Loss: critic_x=-0.0516, critic_z=-1015.1496, encoder=-1845.3751, decoder=0.9853
2025-06-24 20:00:57,548 - tadGANs - INFO - Models saved at epoch 780
2025-06-24 20:00:59,849 - tadGANs - INFO - Epoch 781/1000 - Time: 2.30s - Loss: critic_x=-0.0519, critic_z=-1017.3594, encoder=-1851.0702, decoder=0.9944
2025-06-24 20:01:02,202 - tadGANs - INFO - Epoch 782/1000 - Time: 2.35s - Loss: critic_x=-0.0533, critic_z=-1019.3146, encoder=-1853.7198, decoder=0.9928
2025-06-24 20:01:04,523 - tadGANs - INFO - Epoch 783/1000 - Time: 2.32s - Loss: critic_x=-0.0559, critic_z=-1021.0921, encoder=-1860.0946, decoder=0.9850
2025-06-24 20:01:10,072 - tadGANs - INFO - Epoch 784/1000 - Time: 5.55s - Loss: critic_x=-0.0529, critic_z=-1023.9661, encoder=-1863.6666, decoder=1.0013
2025-06-24 20:01:12,354 - tadGANs - INFO - Epoch 785/1000 - Time: 2.28s - Loss: critic_x=-0.0553, critic_z=-1026.7070, encoder=-1867.8215, decoder=1.0058
2025-06-24 20:01:14,662 - tadGANs - INFO - Epoch 786/1000 - Time: 2.31s - Loss: critic_x=-0.0567, critic_z=-1028.1070, encoder=-1874.2871, decoder=1.0328
2025-06-24 20:01:17,075 - tadGANs - INFO - Epoch 787/1000 - Time: 2.41s - Loss: critic_x=-0.0562, critic_z=-1031.0306, encoder=-1879.6755, decoder=1.0281
2025-06-24 20:01:19,384 - tadGANs - INFO - Epoch 788/1000 - Time: 2.31s - Loss: critic_x=-0.0564, critic_z=-1034.6410, encoder=-1882.1677, decoder=1.0334
2025-06-24 20:01:21,718 - tadGANs - INFO - Epoch 789/1000 - Time: 2.33s - Loss: critic_x=-0.0608, critic_z=-1036.0504, encoder=-1887.4060, decoder=1.0529
2025-06-24 20:01:24,204 - tadGANs - INFO - Epoch 790/1000 - Time: 2.49s - Loss: critic_x=-0.0598, critic_z=-1039.2032, encoder=-1890.7131, decoder=1.0636
2025-06-24 20:01:24,216 - tadGANs - INFO - Models saved at epoch 790
2025-06-24 20:01:26,682 - tadGANs - INFO - Epoch 791/1000 - Time: 2.47s - Loss: critic_x=-0.0583, critic_z=-1040.0578, encoder=-1896.0859, decoder=1.0687
2025-06-24 20:01:29,186 - tadGANs - INFO - Epoch 792/1000 - Time: 2.50s - Loss: critic_x=-0.0612, critic_z=-1042.4711, encoder=-1900.8606, decoder=1.0528
2025-06-24 20:01:31,568 - tadGANs - INFO - Epoch 793/1000 - Time: 2.38s - Loss: critic_x=-0.0627, critic_z=-1043.9478, encoder=-1904.5613, decoder=1.0605
2025-06-24 20:01:33,892 - tadGANs - INFO - Epoch 794/1000 - Time: 2.32s - Loss: critic_x=-0.0621, critic_z=-1047.4482, encoder=-1910.2048, decoder=1.0620
2025-06-24 20:01:36,178 - tadGANs - INFO - Epoch 795/1000 - Time: 2.29s - Loss: critic_x=-0.0660, critic_z=-1050.9454, encoder=-1914.8296, decoder=1.0668
2025-06-24 20:01:38,457 - tadGANs - INFO - Epoch 796/1000 - Time: 2.28s - Loss: critic_x=-0.0621, critic_z=-1052.4071, encoder=-1918.1359, decoder=1.0831
2025-06-24 20:01:40,770 - tadGANs - INFO - Epoch 797/1000 - Time: 2.31s - Loss: critic_x=-0.0679, critic_z=-1054.1783, encoder=-1923.1380, decoder=1.0998
2025-06-24 20:01:43,139 - tadGANs - INFO - Epoch 798/1000 - Time: 2.37s - Loss: critic_x=-0.0682, critic_z=-1057.9151, encoder=-1927.7028, decoder=1.1029
2025-06-24 20:01:45,495 - tadGANs - INFO - Epoch 799/1000 - Time: 2.36s - Loss: critic_x=-0.0667, critic_z=-1059.8025, encoder=-1930.9726, decoder=1.1104
2025-06-24 20:01:47,939 - tadGANs - INFO - Epoch 800/1000 - Time: 2.44s - Loss: critic_x=-0.0686, critic_z=-1060.3056, encoder=-1935.5854, decoder=1.1107
2025-06-24 20:01:47,950 - tadGANs - INFO - Models saved at epoch 800
2025-06-24 20:01:50,352 - tadGANs - INFO - Epoch 801/1000 - Time: 2.40s - Loss: critic_x=-0.0696, critic_z=-1064.5982, encoder=-1941.3307, decoder=1.1053
2025-06-24 20:01:52,915 - tadGANs - INFO - Epoch 802/1000 - Time: 2.56s - Loss: critic_x=-0.0703, critic_z=-1067.2707, encoder=-1947.0108, decoder=1.1234
2025-06-24 20:01:55,451 - tadGANs - INFO - Epoch 803/1000 - Time: 2.54s - Loss: critic_x=-0.0747, critic_z=-1068.8327, encoder=-1947.9174, decoder=1.1321
2025-06-24 20:02:02,141 - tadGANs - INFO - Epoch 804/1000 - Time: 6.69s - Loss: critic_x=-0.0719, critic_z=-1070.9785, encoder=-1954.9218, decoder=1.1226
2025-06-24 20:02:04,931 - tadGANs - INFO - Epoch 805/1000 - Time: 2.79s - Loss: critic_x=-0.0712, critic_z=-1075.6293, encoder=-1960.8446, decoder=1.1229
2025-06-24 20:02:07,750 - tadGANs - INFO - Epoch 806/1000 - Time: 2.82s - Loss: critic_x=-0.0724, critic_z=-1076.4188, encoder=-1966.1792, decoder=1.1260
2025-06-24 20:02:10,546 - tadGANs - INFO - Epoch 807/1000 - Time: 2.80s - Loss: critic_x=-0.0760, critic_z=-1079.1981, encoder=-1969.2398, decoder=1.1207
2025-06-24 20:02:13,462 - tadGANs - INFO - Epoch 808/1000 - Time: 2.92s - Loss: critic_x=-0.0730, critic_z=-1080.9433, encoder=-1972.9610, decoder=1.1390
2025-06-24 20:02:16,255 - tadGANs - INFO - Epoch 809/1000 - Time: 2.79s - Loss: critic_x=-0.0744, critic_z=-1084.9146, encoder=-1978.4672, decoder=1.1422
2025-06-24 20:02:18,974 - tadGANs - INFO - Epoch 810/1000 - Time: 2.72s - Loss: critic_x=-0.0750, critic_z=-1085.7692, encoder=-1984.8814, decoder=1.1417
2025-06-24 20:02:18,988 - tadGANs - INFO - Models saved at epoch 810
2025-06-24 20:02:21,608 - tadGANs - INFO - Epoch 811/1000 - Time: 2.62s - Loss: critic_x=-0.0747, critic_z=-1087.9523, encoder=-1986.6836, decoder=1.1439
2025-06-24 20:02:24,223 - tadGANs - INFO - Epoch 812/1000 - Time: 2.62s - Loss: critic_x=-0.0768, critic_z=-1091.1665, encoder=-1990.1221, decoder=1.1486
2025-06-24 20:02:26,742 - tadGANs - INFO - Epoch 813/1000 - Time: 2.52s - Loss: critic_x=-0.0821, critic_z=-1093.8213, encoder=-1998.0858, decoder=1.1628
2025-06-24 20:02:29,333 - tadGANs - INFO - Epoch 814/1000 - Time: 2.59s - Loss: critic_x=-0.0775, critic_z=-1095.3083, encoder=-2001.1772, decoder=1.1583
2025-06-24 20:02:31,939 - tadGANs - INFO - Epoch 815/1000 - Time: 2.61s - Loss: critic_x=-0.0765, critic_z=-1097.7356, encoder=-2007.2912, decoder=1.1689
2025-06-24 20:02:32,946 - tadGANs - INFO - Epoch 816/1000 - Time: 1.01s - Loss: critic_x=-0.0805, critic_z=-1100.6050, encoder=-2011.6037, decoder=1.1621
2025-06-24 20:02:35,522 - tadGANs - INFO - Epoch 817/1000 - Time: 2.58s - Loss: critic_x=-0.0803, critic_z=-1102.6249, encoder=-2014.9475, decoder=1.1837
2025-06-24 20:02:38,130 - tadGANs - INFO - Epoch 818/1000 - Time: 2.61s - Loss: critic_x=-0.0811, critic_z=-1106.1624, encoder=-2019.2057, decoder=1.1792
2025-06-24 20:02:40,704 - tadGANs - INFO - Epoch 819/1000 - Time: 2.57s - Loss: critic_x=-0.0796, critic_z=-1108.7272, encoder=-2022.6086, decoder=1.1890
2025-06-24 20:02:43,261 - tadGANs - INFO - Epoch 820/1000 - Time: 2.56s - Loss: critic_x=-0.0801, critic_z=-1111.0173, encoder=-2028.9217, decoder=1.1957
2025-06-24 20:02:43,273 - tadGANs - INFO - Models saved at epoch 820
2025-06-24 20:02:45,938 - tadGANs - INFO - Epoch 821/1000 - Time: 2.67s - Loss: critic_x=-0.0821, critic_z=-1113.2451, encoder=-2036.0377, decoder=1.1919
2025-06-24 20:02:48,480 - tadGANs - INFO - Epoch 822/1000 - Time: 2.54s - Loss: critic_x=-0.0821, critic_z=-1115.7632, encoder=-2039.1050, decoder=1.1786
2025-06-24 20:02:50,973 - tadGANs - INFO - Epoch 823/1000 - Time: 2.49s - Loss: critic_x=-0.0831, critic_z=-1119.0844, encoder=-2045.9248, decoder=1.1791
2025-06-24 20:02:53,238 - tadGANs - INFO - Epoch 824/1000 - Time: 2.27s - Loss: critic_x=-0.0826, critic_z=-1120.0833, encoder=-2049.0022, decoder=1.1762
2025-06-24 20:02:55,566 - tadGANs - INFO - Epoch 825/1000 - Time: 2.33s - Loss: critic_x=-0.0832, critic_z=-1122.1123, encoder=-2051.6764, decoder=1.1866
2025-06-24 20:02:57,906 - tadGANs - INFO - Epoch 826/1000 - Time: 2.34s - Loss: critic_x=-0.0849, critic_z=-1126.2213, encoder=-2058.9846, decoder=1.1838
2025-06-24 20:03:00,280 - tadGANs - INFO - Epoch 827/1000 - Time: 2.37s - Loss: critic_x=-0.0850, critic_z=-1128.1031, encoder=-2062.1087, decoder=1.1966
2025-06-24 20:03:02,681 - tadGANs - INFO - Epoch 828/1000 - Time: 2.40s - Loss: critic_x=-0.0870, critic_z=-1131.1064, encoder=-2068.6336, decoder=1.1973
2025-06-24 20:03:06,302 - tadGANs - INFO - Epoch 829/1000 - Time: 3.62s - Loss: critic_x=-0.0867, critic_z=-1132.3032, encoder=-2073.2717, decoder=1.2116
2025-06-24 20:03:08,565 - tadGANs - INFO - Epoch 830/1000 - Time: 2.26s - Loss: critic_x=-0.0883, critic_z=-1135.9147, encoder=-2077.8091, decoder=1.2321
2025-06-24 20:03:08,576 - tadGANs - INFO - Models saved at epoch 830
2025-06-24 20:03:11,114 - tadGANs - INFO - Epoch 831/1000 - Time: 2.54s - Loss: critic_x=-0.0876, critic_z=-1138.2397, encoder=-2078.5317, decoder=1.2316
2025-06-24 20:03:13,643 - tadGANs - INFO - Epoch 832/1000 - Time: 2.53s - Loss: critic_x=-0.0907, critic_z=-1141.2816, encoder=-2088.0433, decoder=1.2288
2025-06-24 20:03:16,151 - tadGANs - INFO - Epoch 833/1000 - Time: 2.51s - Loss: critic_x=-0.0902, critic_z=-1143.0592, encoder=-2088.8835, decoder=1.2425
2025-06-24 20:03:18,705 - tadGANs - INFO - Epoch 834/1000 - Time: 2.55s - Loss: critic_x=-0.0906, critic_z=-1146.3345, encoder=-2095.3463, decoder=1.2406
2025-06-24 20:03:21,342 - tadGANs - INFO - Epoch 835/1000 - Time: 2.64s - Loss: critic_x=-0.0933, critic_z=-1147.9632, encoder=-2099.3725, decoder=1.2401
2025-06-24 20:03:23,925 - tadGANs - INFO - Epoch 836/1000 - Time: 2.58s - Loss: critic_x=-0.0949, critic_z=-1151.3807, encoder=-2106.6371, decoder=1.2491
2025-06-24 20:03:26,295 - tadGANs - INFO - Epoch 837/1000 - Time: 2.37s - Loss: critic_x=-0.0908, critic_z=-1153.6955, encoder=-2113.5064, decoder=1.2698
2025-06-24 20:03:28,651 - tadGANs - INFO - Epoch 838/1000 - Time: 2.36s - Loss: critic_x=-0.0924, critic_z=-1156.7065, encoder=-2115.6519, decoder=1.2740
2025-06-24 20:03:30,994 - tadGANs - INFO - Epoch 839/1000 - Time: 2.34s - Loss: critic_x=-0.0947, critic_z=-1159.1345, encoder=-2120.7834, decoder=1.2802
2025-06-24 20:03:33,301 - tadGANs - INFO - Epoch 840/1000 - Time: 2.31s - Loss: critic_x=-0.0948, critic_z=-1160.6970, encoder=-2122.6931, decoder=1.2893
2025-06-24 20:03:33,312 - tadGANs - INFO - Models saved at epoch 840
2025-06-24 20:03:35,685 - tadGANs - INFO - Epoch 841/1000 - Time: 2.37s - Loss: critic_x=-0.0946, critic_z=-1163.3396, encoder=-2132.1330, decoder=1.3016
2025-06-24 20:03:38,295 - tadGANs - INFO - Epoch 842/1000 - Time: 2.61s - Loss: critic_x=-0.0953, critic_z=-1165.3847, encoder=-2133.8119, decoder=1.2830
2025-06-24 20:03:42,051 - tadGANs - INFO - Epoch 843/1000 - Time: 3.76s - Loss: critic_x=-0.0960, critic_z=-1168.1398, encoder=-2140.7754, decoder=1.2815
2025-06-24 20:03:44,470 - tadGANs - INFO - Epoch 844/1000 - Time: 2.42s - Loss: critic_x=-0.0930, critic_z=-1168.8327, encoder=-2140.6103, decoder=1.2849
2025-06-24 20:03:46,797 - tadGANs - INFO - Epoch 845/1000 - Time: 2.33s - Loss: critic_x=-0.0953, critic_z=-1172.3136, encoder=-2148.1088, decoder=1.2801
2025-06-24 20:03:49,114 - tadGANs - INFO - Epoch 846/1000 - Time: 2.32s - Loss: critic_x=-0.0981, critic_z=-1176.2766, encoder=-2153.5456, decoder=1.2760
2025-06-24 20:03:51,426 - tadGANs - INFO - Epoch 847/1000 - Time: 2.31s - Loss: critic_x=-0.0946, critic_z=-1178.1290, encoder=-2156.7720, decoder=1.2998
2025-06-24 20:03:53,766 - tadGANs - INFO - Epoch 848/1000 - Time: 2.34s - Loss: critic_x=-0.0916, critic_z=-1180.2337, encoder=-2161.7010, decoder=1.2980
2025-06-24 20:03:56,194 - tadGANs - INFO - Epoch 849/1000 - Time: 2.43s - Loss: critic_x=-0.0928, critic_z=-1184.1189, encoder=-2168.3611, decoder=1.3094
2025-06-24 20:03:58,543 - tadGANs - INFO - Epoch 850/1000 - Time: 2.35s - Loss: critic_x=-0.0913, critic_z=-1185.1632, encoder=-2175.7014, decoder=1.3197
2025-06-24 20:03:58,554 - tadGANs - INFO - Models saved at epoch 850
2025-06-24 20:04:00,792 - tadGANs - INFO - Epoch 851/1000 - Time: 2.24s - Loss: critic_x=-0.0937, critic_z=-1189.1688, encoder=-2176.8025, decoder=1.3025
2025-06-24 20:04:03,136 - tadGANs - INFO - Epoch 852/1000 - Time: 2.34s - Loss: critic_x=-0.0912, critic_z=-1189.3214, encoder=-2180.4721, decoder=1.3015
2025-06-24 20:04:05,493 - tadGANs - INFO - Epoch 853/1000 - Time: 2.36s - Loss: critic_x=-0.0890, critic_z=-1193.6762, encoder=-2187.1584, decoder=1.3102
2025-06-24 20:04:07,841 - tadGANs - INFO - Epoch 854/1000 - Time: 2.35s - Loss: critic_x=-0.0911, critic_z=-1196.7465, encoder=-2192.9718, decoder=1.3098
2025-06-24 20:04:10,158 - tadGANs - INFO - Epoch 855/1000 - Time: 2.32s - Loss: critic_x=-0.0909, critic_z=-1198.4309, encoder=-2196.2131, decoder=1.3224
2025-06-24 20:04:15,280 - tadGANs - INFO - Epoch 856/1000 - Time: 5.12s - Loss: critic_x=-0.0924, critic_z=-1201.1556, encoder=-2200.1361, decoder=1.3357
2025-06-24 20:04:17,687 - tadGANs - INFO - Epoch 857/1000 - Time: 2.41s - Loss: critic_x=-0.0923, critic_z=-1204.6130, encoder=-2209.9907, decoder=1.3273
2025-06-24 20:04:20,091 - tadGANs - INFO - Epoch 858/1000 - Time: 2.40s - Loss: critic_x=-0.0870, critic_z=-1204.7751, encoder=-2210.3352, decoder=1.3224
2025-06-24 20:04:22,648 - tadGANs - INFO - Epoch 859/1000 - Time: 2.56s - Loss: critic_x=-0.0882, critic_z=-1209.5850, encoder=-2216.1852, decoder=1.3103
2025-06-24 20:04:25,170 - tadGANs - INFO - Epoch 860/1000 - Time: 2.52s - Loss: critic_x=-0.0899, critic_z=-1212.0263, encoder=-2221.7177, decoder=1.3092
2025-06-24 20:04:25,181 - tadGANs - INFO - Models saved at epoch 860
2025-06-24 20:04:27,646 - tadGANs - INFO - Epoch 861/1000 - Time: 2.47s - Loss: critic_x=-0.0894, critic_z=-1213.7355, encoder=-2226.1917, decoder=1.3013
2025-06-24 20:04:30,052 - tadGANs - INFO - Epoch 862/1000 - Time: 2.41s - Loss: critic_x=-0.0884, critic_z=-1217.3369, encoder=-2232.0357, decoder=1.2919
2025-06-24 20:04:32,567 - tadGANs - INFO - Epoch 863/1000 - Time: 2.52s - Loss: critic_x=-0.0875, critic_z=-1218.7822, encoder=-2234.3096, decoder=1.2985
2025-06-24 20:04:35,032 - tadGANs - INFO - Epoch 864/1000 - Time: 2.46s - Loss: critic_x=-0.0885, critic_z=-1221.1731, encoder=-2239.6861, decoder=1.3135
2025-06-24 20:04:37,575 - tadGANs - INFO - Epoch 865/1000 - Time: 2.54s - Loss: critic_x=-0.0885, critic_z=-1224.0663, encoder=-2245.9187, decoder=1.3124
2025-06-24 20:04:40,032 - tadGANs - INFO - Epoch 866/1000 - Time: 2.46s - Loss: critic_x=-0.0884, critic_z=-1226.2975, encoder=-2251.8653, decoder=1.3207
2025-06-24 20:04:42,425 - tadGANs - INFO - Epoch 867/1000 - Time: 2.39s - Loss: critic_x=-0.0877, critic_z=-1229.1668, encoder=-2257.3227, decoder=1.3268
2025-06-24 20:04:44,797 - tadGANs - INFO - Epoch 868/1000 - Time: 2.37s - Loss: critic_x=-0.0888, critic_z=-1231.6779, encoder=-2262.2019, decoder=1.3303
2025-06-24 20:04:47,169 - tadGANs - INFO - Epoch 869/1000 - Time: 2.37s - Loss: critic_x=-0.0902, critic_z=-1235.4267, encoder=-2265.6943, decoder=1.3563
2025-06-24 20:04:51,469 - tadGANs - INFO - Epoch 870/1000 - Time: 4.30s - Loss: critic_x=-0.0879, critic_z=-1237.9495, encoder=-2271.2906, decoder=1.3568
2025-06-24 20:04:51,480 - tadGANs - INFO - Models saved at epoch 870
2025-06-24 20:04:53,911 - tadGANs - INFO - Epoch 871/1000 - Time: 2.43s - Loss: critic_x=-0.0919, critic_z=-1240.4798, encoder=-2277.1228, decoder=1.3645
2025-06-24 20:04:56,284 - tadGANs - INFO - Epoch 872/1000 - Time: 2.37s - Loss: critic_x=-0.0896, critic_z=-1241.2467, encoder=-2281.4299, decoder=1.3581
2025-06-24 20:04:58,646 - tadGANs - INFO - Epoch 873/1000 - Time: 2.36s - Loss: critic_x=-0.0938, critic_z=-1245.3572, encoder=-2286.2678, decoder=1.3409
2025-06-24 20:05:01,008 - tadGANs - INFO - Epoch 874/1000 - Time: 2.36s - Loss: critic_x=-0.0910, critic_z=-1248.3813, encoder=-2292.9178, decoder=1.3535
2025-06-24 20:05:03,292 - tadGANs - INFO - Epoch 875/1000 - Time: 2.28s - Loss: critic_x=-0.0910, critic_z=-1250.1593, encoder=-2295.5340, decoder=1.3803
2025-06-24 20:05:05,584 - tadGANs - INFO - Epoch 876/1000 - Time: 2.29s - Loss: critic_x=-0.0919, critic_z=-1253.1351, encoder=-2299.7948, decoder=1.3798
2025-06-24 20:05:07,899 - tadGANs - INFO - Epoch 877/1000 - Time: 2.31s - Loss: critic_x=-0.0905, critic_z=-1256.3954, encoder=-2309.1861, decoder=1.3992
2025-06-24 20:05:10,201 - tadGANs - INFO - Epoch 878/1000 - Time: 2.30s - Loss: critic_x=-0.0887, critic_z=-1258.4421, encoder=-2309.6600, decoder=1.3894
2025-06-24 20:05:12,537 - tadGANs - INFO - Epoch 879/1000 - Time: 2.34s - Loss: critic_x=-0.0911, critic_z=-1260.1210, encoder=-2315.8199, decoder=1.3822
2025-06-24 20:05:14,838 - tadGANs - INFO - Epoch 880/1000 - Time: 2.30s - Loss: critic_x=-0.0928, critic_z=-1263.2527, encoder=-2321.2588, decoder=1.3872
2025-06-24 20:05:14,849 - tadGANs - INFO - Models saved at epoch 880
2025-06-24 20:05:17,175 - tadGANs - INFO - Epoch 881/1000 - Time: 2.33s - Loss: critic_x=-0.0962, critic_z=-1265.6353, encoder=-2325.7142, decoder=1.3815
2025-06-24 20:05:19,477 - tadGANs - INFO - Epoch 882/1000 - Time: 2.30s - Loss: critic_x=-0.0925, critic_z=-1268.1804, encoder=-2330.0595, decoder=1.3771
2025-06-24 20:05:24,776 - tadGANs - INFO - Epoch 883/1000 - Time: 5.30s - Loss: critic_x=-0.0934, critic_z=-1271.1668, encoder=-2335.7770, decoder=1.3986
2025-06-24 20:05:27,336 - tadGANs - INFO - Epoch 884/1000 - Time: 2.56s - Loss: critic_x=-0.0960, critic_z=-1274.6824, encoder=-2341.2657, decoder=1.4088
2025-06-24 20:05:29,977 - tadGANs - INFO - Epoch 885/1000 - Time: 2.64s - Loss: critic_x=-0.0923, critic_z=-1276.5418, encoder=-2346.2965, decoder=1.4076
2025-06-24 20:05:32,618 - tadGANs - INFO - Epoch 886/1000 - Time: 2.64s - Loss: critic_x=-0.0915, critic_z=-1279.1901, encoder=-2348.0992, decoder=1.4026
2025-06-24 20:05:34,979 - tadGANs - INFO - Epoch 887/1000 - Time: 2.36s - Loss: critic_x=-0.0928, critic_z=-1282.2633, encoder=-2355.9214, decoder=1.3946
2025-06-24 20:05:37,356 - tadGANs - INFO - Epoch 888/1000 - Time: 2.38s - Loss: critic_x=-0.0943, critic_z=-1284.7780, encoder=-2362.9756, decoder=1.4045
2025-06-24 20:05:39,694 - tadGANs - INFO - Epoch 889/1000 - Time: 2.34s - Loss: critic_x=-0.0935, critic_z=-1288.4467, encoder=-2366.9562, decoder=1.4077
2025-06-24 20:05:41,946 - tadGANs - INFO - Epoch 890/1000 - Time: 2.25s - Loss: critic_x=-0.0911, critic_z=-1289.4298, encoder=-2372.9648, decoder=1.3875
2025-06-24 20:05:41,958 - tadGANs - INFO - Models saved at epoch 890
2025-06-24 20:05:44,294 - tadGANs - INFO - Epoch 891/1000 - Time: 2.34s - Loss: critic_x=-0.0931, critic_z=-1292.1002, encoder=-2375.7276, decoder=1.3919
2025-06-24 20:05:46,612 - tadGANs - INFO - Epoch 892/1000 - Time: 2.32s - Loss: critic_x=-0.0906, critic_z=-1296.7514, encoder=-2380.5469, decoder=1.3969
2025-06-24 20:05:48,915 - tadGANs - INFO - Epoch 893/1000 - Time: 2.30s - Loss: critic_x=-0.0917, critic_z=-1298.0264, encoder=-2388.8308, decoder=1.3974
2025-06-24 20:05:51,297 - tadGANs - INFO - Epoch 894/1000 - Time: 2.38s - Loss: critic_x=-0.0929, critic_z=-1300.7623, encoder=-2390.8194, decoder=1.4043
2025-06-24 20:05:53,635 - tadGANs - INFO - Epoch 895/1000 - Time: 2.34s - Loss: critic_x=-0.0901, critic_z=-1302.5892, encoder=-2396.3399, decoder=1.3970
2025-06-24 20:05:55,971 - tadGANs - INFO - Epoch 896/1000 - Time: 2.34s - Loss: critic_x=-0.0933, critic_z=-1305.9067, encoder=-2402.8042, decoder=1.3988
2025-06-24 20:06:00,420 - tadGANs - INFO - Epoch 897/1000 - Time: 4.45s - Loss: critic_x=-0.0919, critic_z=-1309.4685, encoder=-2410.2714, decoder=1.4024
2025-06-24 20:06:02,722 - tadGANs - INFO - Epoch 898/1000 - Time: 2.30s - Loss: critic_x=-0.0926, critic_z=-1311.5144, encoder=-2411.6821, decoder=1.4063
2025-06-24 20:06:05,009 - tadGANs - INFO - Epoch 899/1000 - Time: 2.29s - Loss: critic_x=-0.0920, critic_z=-1313.3204, encoder=-2419.0479, decoder=1.4153
2025-06-24 20:06:07,413 - tadGANs - INFO - Epoch 900/1000 - Time: 2.40s - Loss: critic_x=-0.0914, critic_z=-1316.8049, encoder=-2421.2229, decoder=1.3979
2025-06-24 20:06:07,426 - tadGANs - INFO - Models saved at epoch 900
2025-06-24 20:06:09,760 - tadGANs - INFO - Epoch 901/1000 - Time: 2.33s - Loss: critic_x=-0.0908, critic_z=-1319.4417, encoder=-2427.4471, decoder=1.3913
2025-06-24 20:06:12,104 - tadGANs - INFO - Epoch 902/1000 - Time: 2.34s - Loss: critic_x=-0.0879, critic_z=-1321.4480, encoder=-2433.4714, decoder=1.3988
2025-06-24 20:06:14,465 - tadGANs - INFO - Epoch 903/1000 - Time: 2.36s - Loss: critic_x=-0.0879, critic_z=-1325.6046, encoder=-2437.4203, decoder=1.3826
2025-06-24 20:06:16,821 - tadGANs - INFO - Epoch 904/1000 - Time: 2.36s - Loss: critic_x=-0.0893, critic_z=-1326.6417, encoder=-2442.4639, decoder=1.3905
2025-06-24 20:06:19,124 - tadGANs - INFO - Epoch 905/1000 - Time: 2.30s - Loss: critic_x=-0.0879, critic_z=-1330.1083, encoder=-2448.0340, decoder=1.3906
2025-06-24 20:06:21,425 - tadGANs - INFO - Epoch 906/1000 - Time: 2.30s - Loss: critic_x=-0.0877, critic_z=-1331.8014, encoder=-2451.7955, decoder=1.3856
2025-06-24 20:06:23,793 - tadGANs - INFO - Epoch 907/1000 - Time: 2.37s - Loss: critic_x=-0.0895, critic_z=-1334.9998, encoder=-2458.5814, decoder=1.3864
2025-06-24 20:06:26,186 - tadGANs - INFO - Epoch 908/1000 - Time: 2.39s - Loss: critic_x=-0.0881, critic_z=-1337.6232, encoder=-2462.2130, decoder=1.4003
2025-06-24 20:06:28,513 - tadGANs - INFO - Epoch 909/1000 - Time: 2.33s - Loss: critic_x=-0.0874, critic_z=-1340.4626, encoder=-2468.4184, decoder=1.4048
2025-06-24 20:06:30,907 - tadGANs - INFO - Epoch 910/1000 - Time: 2.39s - Loss: critic_x=-0.0880, critic_z=-1343.9640, encoder=-2473.6992, decoder=1.3897
2025-06-24 20:06:30,919 - tadGANs - INFO - Models saved at epoch 910
2025-06-24 20:06:36,249 - tadGANs - INFO - Epoch 911/1000 - Time: 5.33s - Loss: critic_x=-0.0872, critic_z=-1344.9438, encoder=-2477.4605, decoder=1.4114
2025-06-24 20:06:38,795 - tadGANs - INFO - Epoch 912/1000 - Time: 2.55s - Loss: critic_x=-0.0885, critic_z=-1349.6586, encoder=-2483.9606, decoder=1.4067
2025-06-24 20:06:41,323 - tadGANs - INFO - Epoch 913/1000 - Time: 2.53s - Loss: critic_x=-0.0864, critic_z=-1351.6764, encoder=-2491.2707, decoder=1.4104
2025-06-24 20:06:43,732 - tadGANs - INFO - Epoch 914/1000 - Time: 2.41s - Loss: critic_x=-0.0884, critic_z=-1354.4001, encoder=-2494.0756, decoder=1.4008
2025-06-24 20:06:46,117 - tadGANs - INFO - Epoch 915/1000 - Time: 2.39s - Loss: critic_x=-0.0889, critic_z=-1356.8480, encoder=-2501.2035, decoder=1.4013
2025-06-24 20:06:48,504 - tadGANs - INFO - Epoch 916/1000 - Time: 2.39s - Loss: critic_x=-0.0871, critic_z=-1359.6211, encoder=-2506.2973, decoder=1.3828
2025-06-24 20:06:50,907 - tadGANs - INFO - Epoch 917/1000 - Time: 2.40s - Loss: critic_x=-0.0864, critic_z=-1361.8643, encoder=-2511.9528, decoder=1.4004
2025-06-24 20:06:53,274 - tadGANs - INFO - Epoch 918/1000 - Time: 2.37s - Loss: critic_x=-0.0873, critic_z=-1364.9003, encoder=-2517.0400, decoder=1.3941
2025-06-24 20:06:55,607 - tadGANs - INFO - Epoch 919/1000 - Time: 2.33s - Loss: critic_x=-0.0854, critic_z=-1367.4463, encoder=-2521.7991, decoder=1.3894
2025-06-24 20:06:57,969 - tadGANs - INFO - Epoch 920/1000 - Time: 2.36s - Loss: critic_x=-0.0868, critic_z=-1370.8130, encoder=-2524.6706, decoder=1.3916
2025-06-24 20:06:57,980 - tadGANs - INFO - Models saved at epoch 920
2025-06-24 20:07:00,328 - tadGANs - INFO - Epoch 921/1000 - Time: 2.35s - Loss: critic_x=-0.0879, critic_z=-1373.4777, encoder=-2534.1912, decoder=1.4022
2025-06-24 20:07:02,628 - tadGANs - INFO - Epoch 922/1000 - Time: 2.30s - Loss: critic_x=-0.0871, critic_z=-1376.7408, encoder=-2537.2918, decoder=1.4005
2025-06-24 20:07:04,930 - tadGANs - INFO - Epoch 923/1000 - Time: 2.30s - Loss: critic_x=-0.0865, critic_z=-1379.5392, encoder=-2544.8646, decoder=1.4065
2025-06-24 20:07:09,631 - tadGANs - INFO - Epoch 924/1000 - Time: 4.70s - Loss: critic_x=-0.0869, critic_z=-1381.5003, encoder=-2547.7995, decoder=1.3988
2025-06-24 20:07:11,997 - tadGANs - INFO - Epoch 925/1000 - Time: 2.37s - Loss: critic_x=-0.0835, critic_z=-1384.5525, encoder=-2552.6884, decoder=1.4088
2025-06-24 20:07:14,330 - tadGANs - INFO - Epoch 926/1000 - Time: 2.33s - Loss: critic_x=-0.0882, critic_z=-1387.2847, encoder=-2559.5480, decoder=1.4291
2025-06-24 20:07:16,682 - tadGANs - INFO - Epoch 927/1000 - Time: 2.35s - Loss: critic_x=-0.0893, critic_z=-1390.3019, encoder=-2561.4773, decoder=1.4254
2025-06-24 20:07:19,052 - tadGANs - INFO - Epoch 928/1000 - Time: 2.37s - Loss: critic_x=-0.0897, critic_z=-1392.6944, encoder=-2569.9612, decoder=1.4210
2025-06-24 20:07:21,388 - tadGANs - INFO - Epoch 929/1000 - Time: 2.34s - Loss: critic_x=-0.0889, critic_z=-1394.3205, encoder=-2573.9781, decoder=1.4125
2025-06-24 20:07:23,703 - tadGANs - INFO - Epoch 930/1000 - Time: 2.31s - Loss: critic_x=-0.0893, critic_z=-1398.6063, encoder=-2579.3999, decoder=1.4104
2025-06-24 20:07:23,713 - tadGANs - INFO - Models saved at epoch 930
2025-06-24 20:07:26,004 - tadGANs - INFO - Epoch 931/1000 - Time: 2.29s - Loss: critic_x=-0.0912, critic_z=-1401.6340, encoder=-2585.9578, decoder=1.4195
2025-06-24 20:07:28,302 - tadGANs - INFO - Epoch 932/1000 - Time: 2.30s - Loss: critic_x=-0.0918, critic_z=-1402.9663, encoder=-2588.5904, decoder=1.4224
2025-06-24 20:07:30,616 - tadGANs - INFO - Epoch 933/1000 - Time: 2.31s - Loss: critic_x=-0.0900, critic_z=-1404.9978, encoder=-2596.6804, decoder=1.4196
2025-06-24 20:07:32,881 - tadGANs - INFO - Epoch 934/1000 - Time: 2.26s - Loss: critic_x=-0.0937, critic_z=-1409.1076, encoder=-2597.9954, decoder=1.4123
2025-06-24 20:07:35,320 - tadGANs - INFO - Epoch 935/1000 - Time: 2.44s - Loss: critic_x=-0.0915, critic_z=-1410.4804, encoder=-2603.4131, decoder=1.3922
2025-06-24 20:07:37,622 - tadGANs - INFO - Epoch 936/1000 - Time: 2.30s - Loss: critic_x=-0.0909, critic_z=-1414.3914, encoder=-2610.4715, decoder=1.3947
2025-06-24 20:07:39,955 - tadGANs - INFO - Epoch 937/1000 - Time: 2.33s - Loss: critic_x=-0.0900, critic_z=-1417.7162, encoder=-2617.0046, decoder=1.3985
2025-06-24 20:07:45,350 - tadGANs - INFO - Epoch 938/1000 - Time: 5.40s - Loss: critic_x=-0.0919, critic_z=-1420.3744, encoder=-2620.3002, decoder=1.3914
2025-06-24 20:07:47,878 - tadGANs - INFO - Epoch 939/1000 - Time: 2.53s - Loss: critic_x=-0.0931, critic_z=-1423.2244, encoder=-2628.0135, decoder=1.3900
2025-06-24 20:07:50,355 - tadGANs - INFO - Epoch 940/1000 - Time: 2.48s - Loss: critic_x=-0.0916, critic_z=-1425.8401, encoder=-2635.8044, decoder=1.3902
2025-06-24 20:07:50,367 - tadGANs - INFO - Models saved at epoch 940
2025-06-24 20:07:52,768 - tadGANs - INFO - Epoch 941/1000 - Time: 2.40s - Loss: critic_x=-0.0910, critic_z=-1427.7724, encoder=-2634.3205, decoder=1.4001
2025-06-24 20:07:55,049 - tadGANs - INFO - Epoch 942/1000 - Time: 2.28s - Loss: critic_x=-0.0908, critic_z=-1430.6493, encoder=-2641.2627, decoder=1.4037
2025-06-24 20:07:57,398 - tadGANs - INFO - Epoch 943/1000 - Time: 2.35s - Loss: critic_x=-0.0901, critic_z=-1434.1007, encoder=-2648.6579, decoder=1.3896
2025-06-24 20:07:59,672 - tadGANs - INFO - Epoch 944/1000 - Time: 2.27s - Loss: critic_x=-0.0929, critic_z=-1436.9873, encoder=-2653.7808, decoder=1.3912
2025-06-24 20:08:01,996 - tadGANs - INFO - Epoch 945/1000 - Time: 2.32s - Loss: critic_x=-0.0890, critic_z=-1439.0177, encoder=-2657.0178, decoder=1.3861
2025-06-24 20:08:04,372 - tadGANs - INFO - Epoch 946/1000 - Time: 2.38s - Loss: critic_x=-0.0913, critic_z=-1442.3675, encoder=-2664.8766, decoder=1.3995
2025-06-24 20:08:06,730 - tadGANs - INFO - Epoch 947/1000 - Time: 2.36s - Loss: critic_x=-0.0925, critic_z=-1446.2928, encoder=-2669.5782, decoder=1.3748
2025-06-24 20:08:09,030 - tadGANs - INFO - Epoch 948/1000 - Time: 2.30s - Loss: critic_x=-0.0915, critic_z=-1448.9809, encoder=-2673.6427, decoder=1.3722
2025-06-24 20:08:11,336 - tadGANs - INFO - Epoch 949/1000 - Time: 2.31s - Loss: critic_x=-0.0923, critic_z=-1450.3088, encoder=-2680.9388, decoder=1.3972
2025-06-24 20:08:13,710 - tadGANs - INFO - Epoch 950/1000 - Time: 2.37s - Loss: critic_x=-0.0927, critic_z=-1454.7607, encoder=-2686.6094, decoder=1.3758
2025-06-24 20:08:13,721 - tadGANs - INFO - Models saved at epoch 950
2025-06-24 20:08:18,287 - tadGANs - INFO - Epoch 951/1000 - Time: 4.57s - Loss: critic_x=-0.0903, critic_z=-1456.9259, encoder=-2691.5799, decoder=1.3874
2025-06-24 20:08:20,588 - tadGANs - INFO - Epoch 952/1000 - Time: 2.30s - Loss: critic_x=-0.0903, critic_z=-1460.4333, encoder=-2698.9687, decoder=1.3878
2025-06-24 20:08:22,977 - tadGANs - INFO - Epoch 953/1000 - Time: 2.39s - Loss: critic_x=-0.0929, critic_z=-1463.0627, encoder=-2702.1530, decoder=1.3753
2025-06-24 20:08:25,414 - tadGANs - INFO - Epoch 954/1000 - Time: 2.44s - Loss: critic_x=-0.0935, critic_z=-1463.8853, encoder=-2705.7514, decoder=1.3678
2025-06-24 20:08:27,782 - tadGANs - INFO - Epoch 955/1000 - Time: 2.37s - Loss: critic_x=-0.0907, critic_z=-1467.5520, encoder=-2711.1011, decoder=1.3659
2025-06-24 20:08:30,148 - tadGANs - INFO - Epoch 956/1000 - Time: 2.37s - Loss: critic_x=-0.0955, critic_z=-1472.9446, encoder=-2720.9359, decoder=1.3637
2025-06-24 20:08:32,535 - tadGANs - INFO - Epoch 957/1000 - Time: 2.39s - Loss: critic_x=-0.0926, critic_z=-1474.0687, encoder=-2724.2441, decoder=1.3665
2025-06-24 20:08:34,872 - tadGANs - INFO - Epoch 958/1000 - Time: 2.34s - Loss: critic_x=-0.0928, critic_z=-1478.3695, encoder=-2729.7605, decoder=1.3642
2025-06-24 20:08:37,188 - tadGANs - INFO - Epoch 959/1000 - Time: 2.32s - Loss: critic_x=-0.0888, critic_z=-1477.9379, encoder=-2732.4828, decoder=1.3655
2025-06-24 20:08:39,557 - tadGANs - INFO - Epoch 960/1000 - Time: 2.37s - Loss: critic_x=-0.0922, critic_z=-1482.7189, encoder=-2736.8836, decoder=1.3709
2025-06-24 20:08:39,581 - tadGANs - INFO - Models saved at epoch 960
2025-06-24 20:08:41,945 - tadGANs - INFO - Epoch 961/1000 - Time: 2.36s - Loss: critic_x=-0.0915, critic_z=-1485.4628, encoder=-2743.8673, decoder=1.3641
2025-06-24 20:08:44,340 - tadGANs - INFO - Epoch 962/1000 - Time: 2.39s - Loss: critic_x=-0.0909, critic_z=-1488.0347, encoder=-2752.4077, decoder=1.3671
2025-06-24 20:08:46,789 - tadGANs - INFO - Epoch 963/1000 - Time: 2.45s - Loss: critic_x=-0.0894, critic_z=-1490.3190, encoder=-2756.0654, decoder=1.3662
2025-06-24 20:08:49,146 - tadGANs - INFO - Epoch 964/1000 - Time: 2.36s - Loss: critic_x=-0.0920, critic_z=-1493.1746, encoder=-2760.9562, decoder=1.3580
2025-06-24 20:08:54,471 - tadGANs - INFO - Epoch 965/1000 - Time: 5.32s - Loss: critic_x=-0.0916, critic_z=-1494.8153, encoder=-2768.3364, decoder=1.3605
2025-06-24 20:08:56,867 - tadGANs - INFO - Epoch 966/1000 - Time: 2.40s - Loss: critic_x=-0.0905, critic_z=-1499.8063, encoder=-2775.1652, decoder=1.3739
2025-06-24 20:08:59,365 - tadGANs - INFO - Epoch 967/1000 - Time: 2.50s - Loss: critic_x=-0.0900, critic_z=-1502.3273, encoder=-2780.0331, decoder=1.3593
2025-06-24 20:09:01,824 - tadGANs - INFO - Epoch 968/1000 - Time: 2.46s - Loss: critic_x=-0.0895, critic_z=-1504.6201, encoder=-2786.4885, decoder=1.3559
2025-06-24 20:09:04,211 - tadGANs - INFO - Epoch 969/1000 - Time: 2.39s - Loss: critic_x=-0.0895, critic_z=-1506.6121, encoder=-2786.7385, decoder=1.3688
2025-06-24 20:09:06,658 - tadGANs - INFO - Epoch 970/1000 - Time: 2.45s - Loss: critic_x=-0.0917, critic_z=-1510.7834, encoder=-2794.9527, decoder=1.3692
2025-06-24 20:09:06,671 - tadGANs - INFO - Models saved at epoch 970
2025-06-24 20:09:09,130 - tadGANs - INFO - Epoch 971/1000 - Time: 2.46s - Loss: critic_x=-0.0897, critic_z=-1514.0241, encoder=-2799.2608, decoder=1.3658
2025-06-24 20:09:11,473 - tadGANs - INFO - Epoch 972/1000 - Time: 2.34s - Loss: critic_x=-0.0892, critic_z=-1515.4975, encoder=-2806.2697, decoder=1.3744
2025-06-24 20:09:13,813 - tadGANs - INFO - Epoch 973/1000 - Time: 2.34s - Loss: critic_x=-0.0894, critic_z=-1518.0555, encoder=-2810.7792, decoder=1.3826
2025-06-24 20:09:16,187 - tadGANs - INFO - Epoch 974/1000 - Time: 2.37s - Loss: critic_x=-0.0903, critic_z=-1523.1756, encoder=-2817.7564, decoder=1.3738
2025-06-24 20:09:18,548 - tadGANs - INFO - Epoch 975/1000 - Time: 2.36s - Loss: critic_x=-0.0887, critic_z=-1524.9963, encoder=-2821.8768, decoder=1.3543
2025-06-24 20:09:20,933 - tadGANs - INFO - Epoch 976/1000 - Time: 2.38s - Loss: critic_x=-0.0914, critic_z=-1528.9210, encoder=-2826.2364, decoder=1.3480
2025-06-24 20:09:23,277 - tadGANs - INFO - Epoch 977/1000 - Time: 2.34s - Loss: critic_x=-0.0912, critic_z=-1531.2415, encoder=-2831.6777, decoder=1.3529
2025-06-24 20:09:25,643 - tadGANs - INFO - Epoch 978/1000 - Time: 2.37s - Loss: critic_x=-0.0892, critic_z=-1533.2653, encoder=-2839.3866, decoder=1.3418
2025-06-24 20:09:30,461 - tadGANs - INFO - Epoch 979/1000 - Time: 4.82s - Loss: critic_x=-0.0901, critic_z=-1536.0258, encoder=-2846.4489, decoder=1.3440
2025-06-24 20:09:32,775 - tadGANs - INFO - Epoch 980/1000 - Time: 2.31s - Loss: critic_x=-0.0934, critic_z=-1538.5670, encoder=-2851.0055, decoder=1.3334
2025-06-24 20:09:32,787 - tadGANs - INFO - Models saved at epoch 980
2025-06-24 20:09:35,087 - tadGANs - INFO - Epoch 981/1000 - Time: 2.30s - Loss: critic_x=-0.0897, critic_z=-1543.1787, encoder=-2855.9658, decoder=1.3446
2025-06-24 20:09:37,406 - tadGANs - INFO - Epoch 982/1000 - Time: 2.32s - Loss: critic_x=-0.0919, critic_z=-1544.5726, encoder=-2860.4860, decoder=1.3342
2025-06-24 20:09:39,760 - tadGANs - INFO - Epoch 983/1000 - Time: 2.35s - Loss: critic_x=-0.0913, critic_z=-1548.0064, encoder=-2867.1086, decoder=1.3561
2025-06-24 20:09:42,067 - tadGANs - INFO - Epoch 984/1000 - Time: 2.31s - Loss: critic_x=-0.0917, critic_z=-1551.4844, encoder=-2874.8135, decoder=1.3449
2025-06-24 20:09:44,497 - tadGANs - INFO - Epoch 985/1000 - Time: 2.43s - Loss: critic_x=-0.0879, critic_z=-1554.4707, encoder=-2876.5227, decoder=1.3452
2025-06-24 20:09:46,838 - tadGANs - INFO - Epoch 986/1000 - Time: 2.34s - Loss: critic_x=-0.0914, critic_z=-1556.4004, encoder=-2885.0865, decoder=1.3565
2025-06-24 20:09:49,182 - tadGANs - INFO - Epoch 987/1000 - Time: 2.34s - Loss: critic_x=-0.0913, critic_z=-1559.8473, encoder=-2889.2838, decoder=1.3493
2025-06-24 20:09:51,525 - tadGANs - INFO - Epoch 988/1000 - Time: 2.34s - Loss: critic_x=-0.0901, critic_z=-1563.0240, encoder=-2894.9758, decoder=1.3395
2025-06-24 20:09:53,865 - tadGANs - INFO - Epoch 989/1000 - Time: 2.34s - Loss: critic_x=-0.0923, critic_z=-1566.4078, encoder=-2902.2517, decoder=1.3255
2025-06-24 20:09:56,201 - tadGANs - INFO - Epoch 990/1000 - Time: 2.34s - Loss: critic_x=-0.0884, critic_z=-1569.0244, encoder=-2907.8362, decoder=1.3207
2025-06-24 20:09:56,212 - tadGANs - INFO - Models saved at epoch 990
2025-06-24 20:09:58,673 - tadGANs - INFO - Epoch 991/1000 - Time: 2.46s - Loss: critic_x=-0.0922, critic_z=-1570.9016, encoder=-2912.4494, decoder=1.3194
2025-06-24 20:10:03,981 - tadGANs - INFO - Epoch 992/1000 - Time: 5.31s - Loss: critic_x=-0.0889, critic_z=-1575.0099, encoder=-2920.5931, decoder=1.3158
2025-06-24 20:10:06,487 - tadGANs - INFO - Epoch 993/1000 - Time: 2.51s - Loss: critic_x=-0.0934, critic_z=-1579.3617, encoder=-2923.5974, decoder=1.3209
2025-06-24 20:10:09,164 - tadGANs - INFO - Epoch 994/1000 - Time: 2.68s - Loss: critic_x=-0.0913, critic_z=-1579.8233, encoder=-2926.6062, decoder=1.3217
2025-06-24 20:10:11,557 - tadGANs - INFO - Epoch 995/1000 - Time: 2.39s - Loss: critic_x=-0.0918, critic_z=-1584.5408, encoder=-2935.9003, decoder=1.3288
2025-06-24 20:10:13,878 - tadGANs - INFO - Epoch 996/1000 - Time: 2.32s - Loss: critic_x=-0.0911, critic_z=-1585.5349, encoder=-2941.7298, decoder=1.3211
2025-06-24 20:10:16,184 - tadGANs - INFO - Epoch 997/1000 - Time: 2.31s - Loss: critic_x=-0.0902, critic_z=-1591.4851, encoder=-2947.6875, decoder=1.3253
2025-06-24 20:10:18,506 - tadGANs - INFO - Epoch 998/1000 - Time: 2.32s - Loss: critic_x=-0.0920, critic_z=-1592.0153, encoder=-2952.6055, decoder=1.3337
2025-06-24 20:10:20,910 - tadGANs - INFO - Epoch 999/1000 - Time: 2.40s - Loss: critic_x=-0.0923, critic_z=-1595.8573, encoder=-2954.0970, decoder=1.3388
2025-06-24 20:10:23,279 - tadGANs - INFO - Epoch 1000/1000 - Time: 2.37s - Loss: critic_x=-0.0904, critic_z=-1599.8091, encoder=-2960.7118, decoder=1.3267
2025-06-24 20:10:23,289 - tadGANs - INFO - Models saved at epoch 1000
2025-06-24 20:10:23,300 - tadGANs - INFO - Training completed in 2519.82s
2025-06-24 20:10:23,302 - tadGANs - INFO - Calculating anomaly scores
2025-06-24 20:11:40,056 - tadGANs - INFO - Using statistical threshold: 2.1607
2025-06-24 20:11:40,058 - tadGANs - INFO - Pruning false positives
2025-06-24 20:11:40,977 - tadGANs - INFO - Plot saved to results/u30_1day_results_plot.png
2025-06-24 20:11:40,983 - tadGANs - INFO - Results saved to results/u30_1day_results.csv
2025-06-24 20:11:41,086 - tadGANs - INFO - Results exported to Excel: results/u30_1day_results.xlsx
2025-06-24 20:11:41,087 - tadGANs - INFO - Successfully processed csv_data/u30_1day.csv
