signal,anomaly_score,is_anomaly
-1.652979455683007,0.07102584366753179,0
-1.6409828472340673,0.07262632350846344,0
-1.5919065388229734,0.07423277494697447,0
-1.534469347827483,0.07577569513359464,0
-1.570458285654267,0.07674995512519646,0
-1.575184329894159,0.0779323323128899,0
-1.6148089935854897,0.07949601801483235,0
-1.6079018688348885,0.0810984245359801,0
-1.657341616704432,0.08304526717989272,0
-1.5933607404167864,0.08500929927479224,0
-1.5991771030320243,0.08693542257869324,0
-1.536650428338192,0.08888809330125146,0
-1.5657326851743958,0.09096198368716864,0
-1.5726398099250003,0.0931033691399752,0
-1.539922270984271,0.09549630559843737,0
-1.4835753983641264,0.09793430434692793,0
-1.5039328893974628,0.10005949068771339,0
-1.5057505304497256,0.10205790339232988,0
-1.5028421272620995,0.10384746914990561,0
-1.4610363830600566,0.10569833707731492,0
-1.4632174635707658,0.10726329564727859,0
-1.412323514107409,0.10968557890252088,0
-1.3530686820596558,0.11186939653249123,0
-1.352341359382739,0.11406154352676792,0
-1.2065666357432738,0.11629893594262525,0
-1.2036586763156654,0.11777312057465598,0
-1.2181998047337672,0.11958533009501442,0
-1.0248025305170003,0.12168663790759536,0
-1.0567931905408303,0.12320993562306655,0
-1.1702138146980192,0.12462801019337175,0
-1.1585810894675432,0.12656119509787409,0
-1.1040518578996614,0.1286251573609489,0
-1.088419967346196,0.1300254936865265,0
-1.1643974520827811,0.1313046613379551,0
-1.1178656636408462,0.13284673463568772,0
-1.0582473921346465,0.13426689760090835,0
-1.0600650331869093,0.13544661134901445,0
-1.12695386890216,0.13662517176709033,0
-1.075696479980357,0.138148779849214,0
-1.0887834068046425,0.13955279615026547,0
-1.0495226263317794,0.14079698224769863,0
-0.9902673505240084,0.1418229889865822,0
-0.94482632421744,0.1427550829897529,0
-0.9691829805737726,0.14358778765671107,0
-0.9731817021367444,0.14446894636568486,0
-0.9931757537116346,0.14572622811257005,0
-0.9371923205499396,0.14697962116070307,0
-0.9855417500441372,0.1482782516280024,0
-1.0375260178828396,0.14964860457409979,0
-1.088419967346196,0.15108569571317018,0
-1.092418688909168,0.15266193208613482,0
-0.9644569363338804,0.1539696701695826,0
-1.003354277348294,0.15481619977314076,0
-1.0397070983935486,0.15609123234425612,0
-1.0237122121416546,0.15750503372617292,0
-1.1127766237025285,0.158675393166805,0
-1.121137506286925,0.16038974027295624,0
-1.1265904294437137,0.16227272560529646,0
-1.0695166779066694,0.16403980506432442,0
-1.1011434547120351,0.1657755422322182,0
-1.074606161605011,0.167387855455837,0
-1.1182295468593169,0.1690217104944113,0
-1.1334975541943149,0.17085060157726809,0
-1.095690531555247,0.17254810296581466,0
-1.1171387847239502,0.17381693541485962,0
-1.0673355973959602,0.1753599251865876,0
-1.0444331426334408,0.1768606115800545,0
-0.9928123142531882,0.17784672162086135,0
-0.9829967863149576,0.17856697871799787,0
-1.0288012520799723,0.17932976898847325,0
-1.1080505794626363,0.18066392446912327,0
-1.078604883167983,0.18260921408635536,0
-1.0767872421157203,0.18433699907064713,0
-1.0062626805359234,0.18593575188985118,0
-1.0055358016190272,0.18726233840964426,0
-1.0208038089540252,0.18836855024181887,0
-1.0946002131799013,0.18927640101106313,0
-1.0575200694577296,0.1909102666396409,0
-1.0455239047688074,0.19212487575405907,0
-1.020076930037129,0.19317438315798002,0
-0.9608216542293552,0.19444730155927947,0
-0.8746656458561104,0.19509378076584913,0
-0.8546715942812204,0.1955928477754444,0
-0.8692127226993223,0.1962140223728949,0
-0.9324662763100474,0.19711681542911721,0
-0.939373401060652,0.1982291336689519,0
-0.8612148358133543,0.1994350533020511,0
-0.9604582147709052,0.19992653008686234,0
-0.9666380168445928,0.2009876637021553,0
-0.9277406758301762,0.2018590568577436,0
-0.9433721226236238,0.20239109983570372,0
-0.9375557600083892,0.20228782557108563,0
-0.932102836851601,0.20253835157419636,0
-0.9219243132149416,0.2024021151262772,0
-0.9310125184762552,0.20202177462057044,0
-1.001900519514502,0.2015755182192706,0
-1.008443761046636,0.20138921255972658,0
-1.0131698052865246,0.20152109296741966,0
-1.0938728905029842,0.2015765362403682,0
-1.1135035026194249,0.201890938506454,0
-1.1258635505268142,0.2026094739330755,0
-1.1487655615293126,0.20330597219232124,0
-1.1451302794247873,0.20442920144180426,0
-1.1556726862799171,0.20540289218582602,0
-1.1633066899474145,0.20627617078333985,0
-1.0531579084363047,0.2074872515034884,0
-1.03679913896594,0.20800074056480947,0
-1.0375260178828396,0.2084365509659926,0
-0.9815425847211412,0.2089260840852081,0
-0.9437360058420944,0.20902166100956082,0
-0.932102836851601,0.20920278996766692,0
-0.8921147337018208,0.2098232277045929,0
-0.887752572680396,0.21005249594805023,0
-0.887025250003479,0.21028255783819438,0
-0.8495821105828786,0.21022744545094912,0
-0.8626690374071674,0.20998310520634295,0
-0.8717572426684811,0.20975578145164825,0
-0.9426452437067276,0.20933697557240508,0
-0.9517334489680414,0.20855103669943478,0
-0.9764535447828236,0.20797482873257603,0
-0.762698779532717,0.2076553260085619,0
-0.7536105742714033,0.20606300423437,0
-0.7797844279199777,0.2041944635383826,0
-0.7485210905730648,0.20260635962212456,0
-0.7685151421479549,0.20071450093683368,0
-0.7019897458911507,0.1988028834514538,0
-0.6303744221759872,0.19633204508433008,0
-0.5994745242875207,0.19369206468070196,0
-0.6169240558932486,0.1911488830725391,0
-0.6296475432590878,0.18833023764252052,0
-0.6354639058743257,0.18560447430190447,0
-0.7114413906109107,0.1827847882051145,0
-0.6812683716393437,0.180501810443846,0
-0.7216199142475702,0.1776344390264244,0
-0.7390694458533015,0.17535571221258536,0
-0.7321623211027002,0.17296626428842438,0
-0.7208930353306742,0.17044537093028395,0
-0.7670609405541385,0.1679812827733558,0
-0.7245283174351996,0.16564672796747812,0
-0.7514294937606909,0.16313515536249162,0
-0.7652432995018759,0.16040821578355588,0
-0.7601542595635582,0.15775478149890612,0
-0.7387060063948517,0.15525253649436763,0
-0.7179846321430448,0.15250689740843312,0
-0.6572755985014784,0.14969325352619228,0
-0.6485508326986145,0.14675505507317635,0
-0.6012921653397834,0.14376282959579523,0
-0.6314651843113505,0.14050400213311312,0
-0.6216496563731199,0.13747181000509837,0
-0.7030800642664965,0.13474331051927357,0
-0.7139859105800729,0.1322138173898501,0
-0.6936284195467332,0.13000346168538565,0
-0.6743612468887391,0.12763563683001486,0
-0.680904932180894,0.12558811388946392,0
-0.7052611447772056,0.12341212460142488,0
-0.688902375306841,0.12130884741195952,0
-0.6518226753446903,0.11929009972713642,0
-0.6801780532639979,0.117388039718351,0
-0.6492781553755315,0.11540372015992217,0
-0.6885389358483947,0.11337691883210096,0
-0.6983544637866252,0.11184424590596934,0
-0.6878120569314953,0.11037171605818094,0
-0.7467034495208021,0.10867361872229432,0
-0.7623353400742673,0.10733195147291749,0
-0.7572458563759288,0.1060332291861591,0
-0.7521563726775903,0.10461435794789967,0
-0.7928717985042875,0.10312916024514059,0
-0.8103208863499978,0.10166811997355765,0
-0.7910541574520247,0.10049836212524664,0
-0.7550647758652164,0.09876192715479022,0
-0.6558213969076654,0.09739808983681705,0
-0.6743612468887391,0.09559664500578877,0
-0.7016258626726801,0.0939552158652295,0
-0.7259825190290127,0.09255835474390582,0
-0.7590634974281916,0.09121874020878987,0
-0.7663340616372425,0.0902897671722375,0
-0.7572458563759288,0.08931265175934852,0
-0.7863281132121326,0.08809236721201913,0
-0.8143196079129696,0.0870948541767516,0
-0.7863281132121326,0.08608738922306675,0
-0.7856012342952364,0.08508204424279499,0
-0.7376152442594884,0.08398244579531453,0
-0.6885389358483947,0.0830550978936032,0
-0.700172104838888,0.0818277873561983,0
-0.6910838995775743,0.08062572213123274,0
-0.7412505263640139,0.07932482669788975,0
-0.7648798600434294,0.07842897632115237,0
-0.7565189774590327,0.07770197936778843,0
-0.7870549921290286,0.07685103752302772,0
-0.8026868826824972,0.07605266442348785,0
-0.9579132510417256,0.07538267091411943,0
-0.9619124163647216,0.07501294943834835,0
-1.0178954057663958,0.07456314770147217,0
-1.021167248412475,0.07424940864435478,0
-1.0062626805359234,0.07384253942038818,0
-1.0131698052865246,0.07323752009483504,0
-0.9989921163268723,0.07276526241841866,0
-1.0058992410774736,0.07206952124381873,0
-1.0011731968375848,0.07147696082509947,0
-0.9779073026166156,0.07090174577608103,0
-0.9520968884264912,0.07025015947059443,0
-0.9604582147709052,0.06975804076390318,0
-0.959367452635542,0.06939270473544015,0
-0.973545141595194,0.06907171061554718,0
-0.9375557600083892,0.06906450339350531,0
-0.963366174198514,0.06878039812759888,0
-0.9520968884264912,0.06851129223660044,0
-0.9244688331841004,0.06841851858851401,0
-0.9390099616022022,0.06815667059939456,0
-0.8848441694927699,0.06779482610442987,0
-0.8106843258084442,0.06738903270932986,0
-0.8277704179557257,0.06663899825936868,0
-0.8234078131742834,0.06584362846599566,0
-0.91428986578742,0.06526919488529795,0
-0.932102836851601,0.06496297249056016,0
-0.9350112400392272,0.06462422576176581,0
-0.9608216542293552,0.06432292937321318,0
-1.1218648289638422,0.06414521386464325,0
-1.111685861567162,0.0644021833719931,0
-1.1138669420778744,0.06485575036155282,0
-1.138950477351103,0.06535473067149114,0
-1.168032734187307,0.0660964152268272,0
-1.1640340126243316,0.06684149339302604,0
-1.158944528925993,0.06764611106987281,0
-1.2385572957671036,0.06826088365827425,0
-1.2781819594584374,0.06925612365448082,0
-1.2331043726103157,0.07030327711419684,0
-1.2429194567885284,0.07120107045709231,0
-1.3050826920239078,0.07192229371571147,0
-1.3192603809835632,0.07291528030162382,0
-1.2894512452304605,0.07394892851280024,0
-1.2934499667934354,0.07493719385036046,0
-1.3167158610144012,0.07578564233139835,0
-1.2898146846889098,0.07679095753184861,0
-1.3087179741284334,0.07758201924579097,0
-1.3465249967675044,0.07825538328001322,0
-1.3316204288909528,0.07909785559971583,0
-1.356340524705735,0.07988695539459655,0
-1.3396178720169,0.08050450200982157,0
-1.461399822518503,0.08104031895968035,0
-1.434135206734562,0.0821133629011694,0
-1.4152319172950385,0.08312681249905612,0
-1.4479494562357678,0.08417977924110555,0
-1.4494036578295808,0.0853866963765422,0
-1.4577645404139774,0.08684383475224368,0
-1.4464952546419547,0.08830417903585273,0
-1.426864642525511,0.08968498301821191,0
-1.4192306388580136,0.09101841157192563,0
-1.3574308430810806,0.09238699543800018,0
-1.380696737302047,0.09353822663943509,0
-1.3428897146629788,0.09483798125191514,0
-1.330529666755586,0.09606049810083996,0
-1.2727290363016492,0.09722262396441396,0
-1.301083970460936,0.09833621318004307,0
-1.258914786800443,0.0994247165911925,0
-1.2563702668312846,0.10056465355356574,0
-1.214927962087688,0.10172339328029556,0
-1.2029313536387485,0.10295821534122242,0
-1.216018280463034,0.10409013016771335,0
-1.1553092468214676,0.10506945282776274,0
-1.1578537667906263,0.1057372241170466,0
-1.1956607894296971,0.10644922425133062,0
-1.183300741522305,0.10726321749012856,0
-1.1444034005078911,0.10814995676776,0
-1.161489048895152,0.10863230395462334,0
-1.208747716253983,0.1091843454083435,0
-1.2371030941732906,0.10981345094125262,0
-1.2421925778716292,0.11051461542365953,0
-1.2236527278905551,0.11119532188960328,0
-1.167669294728857,0.11192286098145787,0
-1.1785751410424334,0.11262943481431056,0
-1.1382235984342068,0.1130913958052114,0
-1.131679913142052,0.11344943056389999,0
-1.089874168940009,0.11388661911625518,0
-1.074606161605011,0.11414249500098873,0
-1.0622461136976185,0.11413904238393367,0
-1.0713343189589322,0.11393139100747836,0
-1.0738788389280942,0.11398444857251312,0
-1.1102316599733488,0.11386078311560412,0
-1.1120493010256116,0.11362495910415189,0
-1.0836943668663248,0.11363587453423905,0
-1.0535213478947545,0.113385539542933,0
-1.0622461136976185,0.11319695503848634,0
-1.0626095531560682,0.11284787341999163,0
-1.0826036047309582,0.11275512685523291,0
-1.0164416479326035,0.11278603249231788,0
-0.9920849915762712,0.11268357238863105,0
-0.9902673505240084,0.11244288698294184,0
-1.0077168821297364,0.11229264178575103,0
-1.021167248412475,0.11223447080557675,0
-1.082967044189408,0.11226980037304084,0
-1.1062329384103735,0.11247889212004747,0
-1.1098682205148993,0.11267565034952541,0
-1.1440399610494414,0.1130902627060343,0
-1.168032734187307,0.11377051935898777,0
-1.1902078662729092,0.11445937246116196,0
-1.1963881121066144,0.11534776083284425,0
-1.1902078662729092,0.11626981703383135,0
-1.192025507325172,0.1171155013120859,0
-1.1985691926173234,0.11785558264201723,0
-1.1025976563058484,0.11873814852353698,0
-1.0906010478569053,0.11907907133125718,0
-1.0767872421157203,0.11977033710954377,0
-1.031346215809152,0.12042545203907007,0
-1.0197130468186586,0.12098731549683633,0
-1.028437812621526,0.12144547916970683,0
-1.0237122121416546,0.12190133528270526,0
-0.9975379147330594,0.12229111982593133,0
-0.9979013541915058,0.12263411006982068,0
-1.0048084789421103,0.12307619587417057,0
-1.035344937372127,0.12344163607759645,0
-1.0269836110277095,0.12385608468680162,0
-1.0142601236618705,0.12441907402985852,0
-0.9989921163268723,0.12487439701268262,0
-1.033890735778314,0.12539645204381036,0
-1.016077764714133,0.1262123348004159,0
-1.0015366362960312,0.12709040550569853,0
-1.0131698052865246,0.1277333264772592,0
-0.9401007237375688,0.12863332226381358,0
-0.9251957121009964,0.1292579579679514,0
-0.8866618105450327,0.13011490425953273,0
-0.8739383231791935,0.13066330218690614,0
-0.8655774405947968,0.13138024462970602,0
-0.9030205800153972,0.13200611078585853,0
-0.9012029389631344,0.13262991841057545,0
-0.8812088873882444,0.1331459166313371,0
-0.9233780710487336,0.13356194188425066,0
-0.9604582147709052,0.1341615524557371,0
-0.9731817021367444,0.13473640692096184,0
-0.9673653395215098,0.13532092589910577,0
-0.9586405737186426,0.13582021759457388,0
-1.0051719184005568,0.13644225726158057,0
-0.9986286768684228,0.13686179867038065,0
-1.030255453673789,0.13734396905455382,0
-1.1025976563058484,0.13814082495133767,0
-1.1087774583795325,0.13915713669695168,0
-1.10695981732727,0.1398849740871787,0
-1.14694792047705,0.14087660557284323,0
-1.1360420741634736,0.14186394214794523,0
-1.116411905807054,0.1425725611986832,0
-1.103688418441215,0.14322557185443874,0
-1.0949636526383475,0.14393421160275272,0
-1.071697758417382,0.14448464732032337,0
-0.9899039110655588,0.14510535899585192,0
-1.0109887247758156,0.1454215728831831,0
-1.00735344267129,0.14599438045091975,0
-0.9782711858350864,0.1465250749714001,0
-0.9997189952437684,0.14693157049179953,0
-1.008443761046636,0.14759939228802177,0
-0.996083713139243,0.14835710854657969,0
-0.9531876505618544,0.1486909687962647,0
-0.9731817021367444,0.14888097024595878,0
-0.9371923205499396,0.1492518963744181,0
-0.9553687310725668,0.1493384479910656,0
-0.9197427889442082,0.14945454369589523,0
-0.9106545836828944,0.14940975786026559,0
-0.8557619126565661,0.14941307226159334,0
-0.8713938032100313,0.14891212901698586,0
-0.9215604299964708,0.14853430064805553,0
-0.9499158079157788,0.1484400411504122,0
-0.9586405737186426,0.1485216349117689,0
-0.9597308920939884,0.14866278361550628,0
-0.93428391736231,0.14878386288233786,0
-1.0091710837235528,0.14884053642387685,0
-1.0026273984313978,0.14920515578748184,0
-1.0382533405597565,0.14950465154743134,0
-1.049886065790229,0.1501687790953681,0
-1.041161299987365,0.15080402225426845,0
-1.0258932926523638,0.15119431725072946,0
-0.9946299553054508,0.15166876028506268,0
-1.030618893132235,0.15205120950476142,0
-1.030255453673789,0.1525092169749624,0
-1.0244390910585508,0.15297177783841442,0
-1.0382533405597565,0.15365835934781288,0
-1.0509768279255955,0.15417690916607682,0
-1.1338609936527644,0.1549998449650314,0
-1.124772788391451,0.15608639553756948,0
-1.1182295468593169,0.15703322910709103,0
-1.167669294728857,0.15811237075515214,0
-1.154945807363018,0.15936540214222744,0
-1.1494928842062295,0.1603550974789814,0
-1.1331341147358651,0.16146813617589742,0
-1.1396773562679992,0.1624049919031209,0
-1.1022342168473986,0.1632929592970315,0
-1.0796952015433288,0.16381971000253948,0
-1.0495226263317794,0.16426904502507694,0
-1.049159186873333,0.1643448231813982,0
-1.0360718162890232,0.16440397419678426,0
-1.0015366362960312,0.16453932115005887,0
-1.0029908378898476,0.16425840098265482,0
-1.0109887247758156,0.1640607187319037,0
-1.0208038089540252,0.16419337537175896,0
-0.982269907398058,0.16427556318196812,0
-0.9502792473742284,0.16432786057726678,0
-0.95682293266638,0.16429518247248492,0
-0.9350112400392272,0.16429540478906274,0
-0.9379191994668356,0.16426669900015106,0
-0.9524603278849374,0.16435025217040847,0
-0.9869955078779292,0.16453611760397074,0
-0.9873593910964,0.16497389501845036,0
-0.993902632628534,0.16553522673214613,0
-0.933557038445414,0.16622318061536734,0
-0.8946596974310005,0.166844824787209,0
-0.8801185690128986,0.1673984342101781,0
-0.8928420563787378,0.167700688996114,0
-0.9310125184762552,0.16832429269470772,0
-0.9193793494857618,0.16898414328473046,0
-0.8848441694927699,0.1694633050942205,0
-0.8873891332219496,0.1698711679146652,0
-0.8688488394808517,0.17038620696318468,0
-0.8895702137326587,0.17097836306373013,0
-0.8757559642314562,0.17173893243599453,0
-0.8844807300343202,0.1724446020059901,0
-0.8626690374071674,0.17302771594616387,0
-0.8001423627133384,0.17370268954498885,0
-0.7877823148059456,0.17391379053006895,0
-0.8059587253285729,0.1742377606191077,0
-0.7765130290339228,0.1750218199395728,0
-0.7463400100623524,0.17563585328953651,0
-0.692901540629837,0.175960633918644,0
-0.7121682695278102,0.17593142315474017,0
-0.6714532874611306,0.17593750910952521,0
-0.6681814448150548,0.1758012600633795,0
-0.7227106763829368,0.1755269502273708,0
-0.7336165226965132,0.17548393957549743,0
-0.7503387316253276,0.17531798368069149,0
-0.7456131311454564,0.1750855522152009,0
-0.761244577938904,0.17493029334990368,0
-0.812501966860707,0.17477905724120088,0
-0.8128658500791774,0.17506597254512896,0
-0.7917810363689207,0.17536995566111968,0
-0.8695761621577687,0.17597317194245138,0
-0.859760634219538,0.17686727028965274,0
-0.8106843258084442,0.17778959283257764,0
-0.8463102679368028,0.17801915943501828,0
-0.8957500158063463,0.1785636800090352,0
-0.8881160121388456,0.1792408068717885,0
-0.9026571405569476,0.17979720132947904,0
-0.9346478005807808,0.1805285075606032,0
-0.9390099616022022,0.18123805389409545,0
-0.9310125184762552,0.18183732300381528,0
-0.94482632421744,0.18222730532261822,0
-0.9386465221437524,0.18308608485248432,0
-0.9015663784215808,0.1836759574993213,0
-0.8695761621577687,0.1845359789521287,0
-0.887025250003479,0.18507308967103936,0
-0.859760634219538,0.1855601194112222,0
-0.8299514984664382,0.1859863687228454,0
-0.8357678610816761,0.18622708428890308,0
-0.8972042174001593,0.18661078749803398,0
-0.9084735031721854,0.18728273674636445,0
-0.8830265284405071,0.18797434374010807,0
-0.9175617084334992,0.18831823282391785,0
-0.9164713900581534,0.18891053724613346,0
-0.9262864742363632,0.18944862784762598,0
-0.92483227264255,0.1900567007279409,0
-0.9579132510417256,0.19090145558300559,0
-0.9499158079157788,0.19228308679343806,0
-0.9295583168824388,0.1936698663263256,0
-0.9553687310725668,0.1948461101644118,0
-0.9295583168824388,0.19565848612406864,0
-0.9266499136948128,0.1964689508790911,0
-0.9571863721248296,0.1975678859467841,0
-0.910291144224448,0.1984762389638089,0
-0.9310125184762552,0.1993737465590659,0
-0.9022937010984978,0.20031996942017533,0
-0.887752572680396,0.20117798699079667,0
-0.9357381189561264,0.2018751153289805,0
-0.9179251478919456,0.20307881988800303,0
-0.9026571405569476,0.20434486531711524,0
-0.9208335510795748,0.2054524423372522,0
-0.9175617084334992,0.20674625276010847,0
-0.8506724289582244,0.2079800142616822,0
-0.9277406758301762,0.20873564450715004,0
-0.9041113421507606,0.21004604016265363,0
-0.8659408800532432,0.2111055487896925,0
-0.8837538511174241,0.21179693767980268,0
-0.8579429931672753,0.21253727298313285,0
-0.8546715942812204,0.21334701538153833,0
-0.9004760600462351,0.21372441867028544,0
-0.932830159528518,0.21425880267016256,0
-0.9124722247351572,0.21500314995048694,0
-0.9288309942055218,0.21559093822787884,0
-0.9749993431890072,0.21608147152064597,0
-0.9706367384075648,0.21677702093895265,0
-1.0178954057663958,0.21760907848198574,0
-1.0346180584552311,0.2185320661326413,0
-1.0400709816120193,0.21961851140633412,0
-1.0589742710515426,0.22080930073453042,0
-1.033890735778314,0.22205115576181458,0
-1.003354277348294,0.2235476120514979,0
-1.0015366362960312,0.22477540186582626,0
-0.972818262678298,0.22579658748290385,0
-0.9782711858350864,0.22626070719181662,0
-0.9586405737186426,0.22685536802304873,0
-0.9542779689372002,0.22720965888125216,0
-0.92483227264255,0.22761053459944883,0
-0.8932054958371842,0.22786816291711465,0
-0.8826630889820575,0.22817073115242067,0
-0.8568526747919295,0.2282143870969346,0
-0.812501966860707,0.22840290657691756,0
-0.7856012342952364,0.22834929480802904,0
-0.7765130290339228,0.22815075087233133,0
-0.7648798600434294,0.22796753185914007,0
-0.7616080173973504,0.22769239094488483,0
-0.7677882632310555,0.2273173214110583,0
-0.7928717985042875,0.22680194364568657,0
-0.7721504242524804,0.22678058185627956,0
-0.7605176990220046,0.22639911309634267,0
-0.7139859105800729,0.22604913546668504,0
-0.706715346371022,0.22542940146650745,0
-0.6972637016512586,0.22481113104966632,0
-0.7408870869055643,0.22419849543270443,0
-0.7194388337368611,0.22372094786850646,0
-0.7230741158413866,0.22317675370290233,0
-0.7056250279956762,0.22219664550296775,0
-0.6321920632282498,0.22137221811545932,0
-0.6085627295488343,0.21995190166063372,0
-0.6478239537817151,0.21853029694815715,0
-0.706715346371022,0.21699178366545233,0
-0.6936284195467332,0.2158648009528181,0
-0.6743612468887391,0.21470925826903964,0
-0.7128955922047271,0.21338869483766018,0
-0.7154401121738859,0.21212412613567336,0
-0.7405236474471145,0.21069673341550824,0
-0.7932352379627338,0.20963891574382568,0
-0.7739680653047432,0.20850591548898306,0
-0.7877823148059456,0.20745100618351103,0
-0.747430772197719,0.20663420443819888,0
-0.7332530832380636,0.20550733030636528,0
-0.6336462648220629,0.20441812884592678,0
-0.6460063127294523,0.20285934290798882,0
-0.6420075911664805,0.20116461359409718,0
-0.7307081195088839,0.19926422679030906,0
-0.7263459584874623,0.1978041083159411,0
-0.7241648779767499,0.19635461726432535,0
-0.7328896437796172,0.1947015034302042,0
-0.7238014385183035,0.193174402498162,0
-0.7790575490030817,0.19151237152358805,0
-0.7790575490030817,0.19006589946982536,0
-0.8248620147680996,0.18867267093645107,0
-0.7587000579697418,0.1875572129238037,0
-0.7696059042833182,0.18622862852485977,0
-0.7132590316631735,0.18482631197609134,0
-0.7408870869055643,0.18302352394759744,0
-0.7630622189911667,0.18148375860620233,0
-0.7539740137298531,0.1799756717327621,0
-0.7648798600434294,0.17854275937219471,0
-0.7412505263640139,0.1769612659492807,0
-0.7467034495208021,0.1752299264328547,0
-0.7743315047631895,0.17358361553350096,0
-0.7943255563380796,0.17197388970908756,0
-0.7743315047631895,0.1704556113036986,0
-0.7950528790149965,0.16880178871029566,0
-0.7601542595635582,0.16746204450317104,0
-0.7387060063948517,0.1655648660802714,0
-0.6561848363661118,0.1635675396871655,0
-0.6376449863850381,0.16107655773998836,0
-0.6852670932023155,0.15848918507067733,0
-0.747430772197719,0.1561343686769451,0
-0.7525198121360367,0.1542437876418354,0
-0.682359133774707,0.15256355564466584,0
-0.716166991090782,0.15042259718167436,0
-0.7052611447772056,0.1484136438911655,0
-0.7470668889792484,0.14669148333887339,0
-0.7194388337368611,0.1450739963824229,0
-0.7034435037249429,0.14336125376103487,0
-0.6827225732331568,0.1415004612765578,0
-0.6300109827175374,0.1395621472771993,0
-0.6958095000574456,0.13735759788424362,0
-0.6725436058364764,0.13533475968811445,0
-0.6627285216582667,0.13332398779119894,0
-0.6638192837936333,0.131292456301689,0
-0.6492781553755315,0.12918262573985775,0
-0.6652730416274255,0.12707075588144734,0
-0.7019897458911507,0.12493793902369536,0
-0.7536105742714033,0.12321577146678382,0
-0.7212564747891238,0.12167582438170021,0
-0.7583366185112954,0.11984737301697711,0
-0.7761491458154522,0.11830726335709268,0
-0.7616080173973504,0.11682580222070868,0
-0.7765130290339228,0.11528756608289907,0
-0.8215901721220206,0.11390442527172194,0
-0.825952776903463,0.11262465230378356,0
-0.7965070806088129,0.11132107797931919,0
-0.789236516399762,0.10989656805560817,0
-0.7910541574520247,0.10840456995570254,0
-0.7917810363689207,0.10675608353443261,0
-0.7943255563380796,0.10527775203350613,0
-0.7597903763450876,0.10369476999880686,0
-0.7663340616372425,0.10229003750819632,0
-0.7754222668985562,0.10071592640566274,0
-0.8757559642314562,0.09923665945424645,0
-0.8710303637515849,0.09826530701725027,0
-0.8783009279606359,0.09707572914235181,0
-0.8710303637515849,0.0958134421785719,0
-0.8710303637515849,0.09463641494375517,0
-0.8655774405947968,0.093903640339971,0
-0.8743017626376399,0.0929332417219215,0
-0.8219540553404912,0.09222741407469122,0
-0.8234078131742834,0.09124245511833332,0
-0.8401304658631185,0.09034935394786538,0
-0.8299514984664382,0.08952181095474981,0
-0.8350409821647767,0.08863367146139828,0
-0.8543077110627498,0.08763483020318821,0
-0.860487956896455,0.0869396037531704,0
-0.8444926268845401,0.08612063101151636,0
-0.8459468284783531,0.08528754491721158,0
-0.8401304658631185,0.08449063209849979,0
-0.8423115463738277,0.08368821970637884,0
-0.8394031431862016,0.0827643363990575,0
-0.853217392687404,0.08175831811525693,0
-0.8466737073952525,0.08108351561546563,0
-0.8208632932051245,0.08021707291673402,0
-0.9277406758301762,0.07938209634010482,0
-0.9219243132149416,0.07878937284632932,0
-0.9241053937256508,0.07819484181587234,0
-0.9401007237375688,0.0775920592035572,0
-0.9546418521556708,0.07684549207537414,0
-0.9539145294787538,0.07615063310575836,0
-0.9604582147709052,0.07541497606221872,0
-0.9931757537116346,0.0747522005050913,0
-1.0069895594528195,0.07428384743207575,0
-1.0251659699754467,0.07394090596635051,0
-1.0124424826096077,0.07362279239054266,0
-1.0542482268116506,0.07334049161284564,0
-1.0113521642342618,0.07314683173710687,0
-0.9906307899824548,0.07276230057644865,0
-1.0015366362960312,0.07234505350031174,0
-0.9877228305548464,0.07183048580697701,0
-1.003354277348294,0.07143509582760514,0
-1.0433423804980742,0.07099995823495649,0
-1.035344937372127,0.0708125477266762,0
-1.0549755494885675,0.07064442519041748,0
-1.0604284726453557,0.07069173684900719,0
-1.1055060594934776,0.07065396652150556,0
-1.1033245352227443,0.0707829953561775,0
-1.1175022241823998,0.07091302937593792,0
-1.091691809992272,0.07111640105044938,0
-1.111685861567162,0.0712506305252966,0
-1.1120493010256116,0.0714761200018354,0
-1.0847846852416707,0.07158102826631983,0
-1.10695981732727,0.0717251037979399,0
-1.1167753452655005,0.07190281415384127,0
-1.1215009457453715,0.07217093424904286,0
-1.1127766237025285,0.072625859487538,0
-1.1338609936527644,0.07293708782138211,0
-1.160398730519806,0.07340865764514605,0
-1.1473118036955203,0.074033580274108,0
-1.167669294728857,0.07466605433931786,0
-1.1640340126243316,0.07529084189186758,0
-1.153128166310755,0.0759931544925788,0
-1.1556726862799171,0.07666129734454984,0
-1.1585810894675432,0.07754087927562803,0
-1.2305594088811358,0.07824028562568472,0
-1.2243796068074515,0.0793050550410939,0
-1.2807264794275963,0.08033929291528877,0
-1.2854525236674883,0.08163183774792457,0
-1.2843617615321217,0.08270534129686291,0
-1.2469181783515004,0.08393740041395348,0
-1.2258338084012643,0.0850869502434703,0
-1.2123829983585084,0.08607758864595054,0
-1.2461912994346045,0.08718263702779284,0
-1.1760301773132538,0.08832705505412008,0
-1.166215093135044,0.08919671291442953,0
-1.1720314557502818,0.090096014806044,0
-1.1825738626054083,0.09094678859555962,0
-1.2072939584201907,0.09172073235028114,0
-1.1978418699404063,0.09287094080358503,0
-1.225470368942818,0.0940207257731365,0
-1.2174724820568503,0.09532519745991842,0
-1.2065666357432738,0.09675771286561445,0
-1.222198526296739,0.09816247757561299,0
-1.2243796068074515,0.09961307201946187,0
-1.2156548410045875,0.10101775564558814,0
-1.1818469836885126,0.10243691454824545,0
-1.1916620678667222,0.10362825762530642,0
-1.2171090425984006,0.10491977812920125,0
-1.2000233942111398,0.10631471016907325,0
-1.2105653573062456,0.10754416134544091,0
-1.190935188949826,0.10900692756644036,0
-1.1763940605317242,0.11030541455062315,0
-1.212746881576979,0.11159286379392122,0
-1.201477152044932,0.1131418334782177,0
-1.1989326320757732,0.11488961433327936,0
-1.220744324702926,0.11667321321491575,0
-1.263276947821865,0.11838750153508815,0
-1.2298325299642396,0.120199371281853,0
-1.2458278599761543,0.12202694874096519,0
-1.1902078662729092,0.1237737302996195,0
-1.2051124341494577,0.1252848381163764,0
-1.2091115994724535,0.12681138110967635,0
-1.1945704710543517,0.1281263701248983,0
-1.2556429441543675,0.12925499089964826,0
-1.245464420517708,0.13048252717891698,0
-1.2378299730901867,0.13183673894050665,0
-1.1135035026194249,0.13317136884713657,0
-1.1331341147358651,0.13425327023713177,0
-1.102961095764298,0.13518112581952438,0
-1.099689253118219,0.13615536843168752,0
-1.1127766237025285,0.13729812434334074,0
-1.1025976563058484,0.13819862757324916,0
-1.10695981732727,0.1393681890328046,0
-1.1218648289638422,0.14039628306864615,0
-1.0775141210326198,0.141563502342988,0
-1.0978716120659562,0.14254895889305155,0
-1.093146011586085,0.14373449566028548,0
-1.0807859636786954,0.14481649870195248,0
-1.1098682205148993,0.14605031556942077,0
-1.1167753452655005,0.14726503033354277,0
-1.154218484686101,0.14851690005906223,0
-1.0680624763128563,0.1496305557730104,0
-1.0866023262939333,0.15049003616768075,0
-1.0906010478569053,0.1513247896262731,0
-1.112412740484058,0.15212899828431922,0
-1.103688418441215,0.15307644006818205,0
-1.1156845831301372,0.15405647956898302,0
-1.1756667378548074,0.1550497641926712,0
-1.194206587835881,0.15646406357950138,0
-1.2018410352634026,0.1579422468762109,0
-1.1702138146980192,0.159577559551584,0
-1.1524008436338382,0.1608539907265847,0
-1.1233185867976343,0.16201591828940426,0
-1.1149577042132377,0.16293823556355055,0
-1.1298622720897893,0.16371474621460325,0
-1.105142176275007,0.1646468142474512,0
-1.1225917078807384,0.16530052171579215,0
-1.1255001110683678,0.1660798579347878,0
-1.158217650009097,0.16694946614413586,0
-1.121137506286925,0.1680211723705555,0
-1.1113224221087123,0.16882310428697175,0
-1.1255001110683678,0.16991194813167732,0
-1.075696479980357,0.17080781048898463,0
-1.0495226263317794,0.17161965523553793,0
-1.0604284726453557,0.17220479279430626,0
-1.0288012520799723,0.17289181079886656,0
-1.0400709816120193,0.1734067484444218,0
-1.0466142231441533,0.17395551367602305,0
-1.0375260178828396,0.17464222077426272,0
-1.0437062637165446,0.1751046205803391,0
-1.0644271942083308,0.17583934667706538,0
-1.026620171569263,0.17662357016953045,0
-1.020076930037129,0.17737957860199954,0
-1.0095345231819992,0.17813851726840546,0
-0.9677287789799562,0.17885824119553384,0
-1.003354277348294,0.17917133881946215,0
-0.953551090020304,0.17954497483143678,0
-0.9473712879466198,0.179682008510669,0
-0.9179251478919456,0.17981740443034352,0
-0.9084735031721854,0.1797896642668346,0
-0.91428986578742,0.17986367248363266,0
-0.9044747816092102,0.17994446456828403,0
-0.8652135573763262,0.17989140812127177,0
-0.898294979535526,0.17973142179690083,0
-0.8833899678989535,0.17976273946379012,0
-0.8964773384832633,0.18007591428056263,0
-0.8743017626376399,0.18067884984639834,0
-0.891024415326475,0.1812143943627328,0
-0.8822996495236077,0.18186842546386287,0
-0.8750290853145568,0.18266932877129569,0
-0.8855714921696869,0.18350101304096275,0
-0.8659408800532432,0.18401039713279274,0
-0.8681219605639556,0.18450652830681555,0
-0.9033840194738436,0.18526005095428028,0
-0.8990218584524221,0.1860923664196744,0
-0.8968407779417097,0.18693104041670047,0
-0.9113819063598116,0.18772928097267014,0
-0.8448560663429897,0.18880275562405172,0
-0.8266796558203624,0.18952387286004535,0
-0.8055952858701265,0.19089547883861668,0
-0.7994150400364214,0.19223367555189197,0
-0.7637895416680837,0.19391832161645622,0
-0.7739680653047432,0.19526217795416656,0
-0.7834197100245032,0.1967651265256876,0
-0.7837835932429738,0.19810820831994486,0
-0.8008692416302344,0.19958257322070472,0
-0.8012326810886842,0.20082189679426188,0
-0.7856012342952364,0.20235890268564527,0
-0.8099574468915481,0.2039173199919947,0
-0.8019600037656011,0.20522536589483817,0
-0.7961431973903423,0.20656736831687936,0
-0.7997784794948678,0.2079356632919438,0
-0.7696059042833182,0.2096359092327803,0
-0.689629697983758,0.21091485841524205,0
-0.6779965289932646,0.21193655994705518,0
-0.7499752921668779,0.21289036885035106,0
-0.7292543616750917,0.2142518840422819,0
-0.7412505263640139,0.2157406439177343,0
-0.74415892955164,0.2173061800706798,0
-0.7710601058771346,0.2190360464805213,0
-0.7888726331812914,0.22076492807054612,0
-0.8484913484475152,0.2223905611378113,0
-0.8906605321080044,0.22458719020534149,0
-0.9008394995046848,0.2266100924490379,0
-0.8902970926495581,0.2288070264916683,0
-0.8942958142125299,0.23103160817538596,0
-0.8463102679368028,0.2334897245328226,0
-0.8761194036899026,0.23567942804522335,0
-0.8488547879059616,0.23791880592857614,0
-0.8081398058392854,0.2405090504467751,0
-0.8593971947610917,0.24331749058181734,0
-0.8288607363310715,0.24626325055952075,0
-0.8343136594878597,0.25150721570211676,0
-0.8172280111005991,0.25486934887703927,0
-0.8335867805709637,0.2581674752746696,0
-0.8132292895376239,0.2615789929797885,0
-0.7932352379627338,0.2650814024218875,0
-0.7557916547821157,0.27271187468915514,0
-0.7834197100245032,0.27722647644483256,0
-0.7994150400364214,0.28068470960492536,0
-0.8724841215853771,0.2841349688198718,0
-0.8608513963549047,0.28789424634851213,0
-0.877573605283719,0.2916951129177174,0
-0.8717572426684811,0.29545829573255283,0
-0.8721206821269307,0.3022016556429167,0
-0.8753925247730066,0.3063844865913404,0
-0.870303041074668,0.31129220984760464,0
-0.8459468284783531,0.3160791458667324,0
-0.8226809342573872,0.3204558842992209,0
-0.8023234432240475,0.32454247437978706,0
-0.8768467263668196,0.3288627788886465,0
-0.8695761621577687,0.3336340230096778,0
-0.8833899678989535,0.3381527609349591,0
-0.9350112400392272,0.34245884448567104,0
-0.9364654416330432,0.346944930890218,0
-0.9375557600083892,0.3512037014682916,0
-0.9317393973931511,0.35559951129531847,0
-0.9470074047281491,0.35995946385367456,0
-0.9244688331841004,0.3644236193962416,0
-0.9233780710487336,0.3691312144601134,0
-0.8902970926495581,0.3733271406031263,0
-0.9131995474120742,0.3775630342013326,0
-0.8979310963170554,0.382042568550006,0
-0.9030205800153972,0.38644743143357496,0
-0.9455536468943572,0.3911615487316004,0
-0.9110184669013652,0.3976182853488777,0
-0.9019302616400514,0.40195866183156115,0
-0.8953865763478966,0.4065537965099263,0
-0.910291144224448,0.41094056422732683,0
-0.8953865763478966,0.41479526257324895,0
-0.8873891332219496,0.41847677524458743,0
-0.8350409821647767,0.4229514351438643,0
-0.8546715942812204,0.42682792008734144,0
-0.8488547879059616,0.4312814100786096,0
-0.8899336531911084,0.43520914600148136,0
-0.9281041152886258,0.43943941836892547,0
-0.922287752673388,0.44423560315984467,0
-0.9371923205499396,0.44887779788921967,0
-0.9313759579347016,0.4531830583002042,0
-0.8906605321080044,0.4578777469283558,0
-0.8972042174001593,0.46214245668600445,0
-0.9208335510795748,0.4664389186578933,0
-0.9059289832030232,0.4707870392426942,0
-0.8822996495236077,0.4754342429258449,0
-0.8143196079129696,0.47958265478790035,0
-0.7528836953545073,0.4832137113490929,0
-0.7503387316253276,0.487188852697339,0
-0.7325257605611466,0.4906972810304062,0
-0.6987179032450717,0.494079548838669,0
-0.6856309764207861,0.496909154272852,0
-0.7456131311454564,0.4996593064542788,0
-0.7394328853117512,0.503397278791519,0
-0.7194388337368611,0.50767028699605,0
-0.692901540629837,0.5113211357104429,0
-0.689629697983758,0.5145445894598836,0
-0.6947191816820998,0.5178579665029239,0
-0.6660003643043424,0.5208817387622653,0
-0.6732709285133933,0.52297865947371,0
-0.4976866253608075,0.5248700507988145,0
-0.4856904606718853,0.5261283773202408,0
-0.4198914995719564,0.5270382556790136,0
-0.4177104190612472,0.5274833463559503,0
-0.429707027510187,0.5285635214248053,0
-0.4413397527406628,0.5292347495753055,0
-0.4366141522607915,0.5304781377625125,0
-0.5242243622278492,0.5318141026361307,0
-0.4551540022418652,0.5328276650537828,0
-0.4075318954245878,0.5336164165243505,0
-0.4838728196196226,0.5347475764325897,0
-0.4827820574842559,0.5354761615107959,0
-0.4809644164319932,0.5369889784793425,0
-0.4351599506669752,0.5379275387420427,0
-0.456244320617211,0.5386032990125492,0
-0.4358868295838746,0.5392208217590543,0
-0.4304339064270864,0.5406074367409424,0
-0.4384317933130542,0.5417953559526122,0
-0.3944445248402781,0.5425379063712833,0
-0.3769954369945677,0.5427876135560149,0
-0.3806307190990932,0.543582050462542,0
-0.3799033964221762,0.5443065551718854,0
-0.3988071296217205,0.5449671304337012,0
-0.3889916016834899,0.545788374823093,0
-0.4213457011657727,0.5463215258567079,0
-0.4046234922369584,0.547850733651423,0
-0.4006247706739833,0.5483619861157194,0
-0.3639085101702822,0.5491521666679606,0
-0.3769954369945677,0.5502834679811501,0
-0.3958987264340944,0.5508782584046706,0
-0.306107435956321,0.5519512902492424,0
-0.2370370759703371,0.5526213675911055,0
-0.2086816980510328,0.5530545996833724,0
-0.0818102638510878,0.5536399631648157,0
-0.1167093270625503,0.5540591289210368,0
-0.1207080486255222,0.5542628678271657,0
-0.0890808280601387,0.5550885583660035,0
-0.1003505575921857,0.5719968638655817,0
-0.0505469265041749,0.5838426064798783,0
-0.0370965602214364,0.585624307367339,0
-0.0629069744115644,0.5859328661538038,0
-0.1068937991243197,0.5863777378691547,0
-0.0916257917893184,0.5872561752583143,0
-0.0916257917893184,0.587780431255564,0
-0.1181630848963425,0.5884187476549407,0
-0.0116495854897581,0.5895979338806426,0
-0.0127399038651039,0.5894786652672523,0
0.0406985655674114,0.5903983807290029,0
0.0290658403369389,0.5904061733459547,0
-0.0120130249482078,0.5905663376982511,0
-0.0389142012736991,0.5920436520061596,0
0.058511536631589,0.5936565406004437,0
0.0745068666435072,0.5940511013693944,0
-0.0523645675564377,0.5931559033922376,0
-0.0858094291740838,0.5941085113684602,0
-0.1003505575921857,0.596244676037595,0
-0.1436100596280208,0.5977406496197044,0
-0.1287054917514725,0.598775434423083,0
-0.1130740449580249,0.5991725694884409,0
-0.1414289791173116,0.6000450842748762,0
-0.0970787149461066,0.6012757406135393,0
-0.0898081507370557,0.6028152057040211,0
-0.0810833849341917,0.6045734687316687,0
-0.1141643633333706,0.6056140713156021,0
-0.0818102638510878,0.6065878797388974,0
-0.0221919923448881,0.608207127015508,0
0.0083444660851318,0.6088487392440654,0
-0.0916257917893184,0.609252139534692,0
-0.0810833849341917,0.6100576456836597,0
-0.1116198433642085,0.6112791896060297,0
-0.2330383544073653,0.6119610013268352,0
-0.1737830785995912,0.6135980658184068,0
-0.1047127186136073,0.6147499728139982,0
-0.0825375865280048,0.6154169228666727,0
-0.0858094291740838,0.6158057674551102,0
-0.1167093270625503,0.6167652243328039,0
-0.1185269681148131,0.6196503454506558,0
-0.0861728686325302,0.6200499434181774,0
-0.1272512901576562,0.6216420193611015,0
-0.1712385586304323,0.6231342532054533,0
-0.1385210196897031,0.6235695857827995,0
-0.1897784086115061,0.6231244580775239,0
-0.1519713859724384,0.6230174218419505,0
-0.1363394954189698,0.6252359339023793,0
-0.1512445070555423,0.6278165689473734,0
-0.1723288770057781,0.6302196695888297,0
-0.1748738407349578,0.6312075563903484,0
-0.1450642612218371,0.6321146736353633,0
-0.1123467222811079,0.6336754258601146,0
-0.1101656417703955,0.6347315154626377,0
-0.1447008217633874,0.6326052221085068,0
-0.1556066680769638,0.6315020882405801,0
-0.1330680965329149,0.631406482408864,0
-0.0669056959745395,0.6347888074613908,0
-0.079265743881929,0.6342699093430744,0
-0.079265743881929,0.6324864202755738,0
-0.1781452396210127,0.6325889081589526,0
-0.1439739428464913,0.6377230158152463,0
-0.2384912775641535,0.6377327054638997,0
-0.2490332406592594,0.6410384102888045,0
-0.2701180543695161,0.6419440365453782,0
-0.2824781022769055,0.6401037496385905,0
-0.2475794828254672,0.6387606993782861,0
-0.2108627785617419,0.6349793142685647,0
-0.2272215480321065,0.633814543187879,0
-0.214134621207821,0.6352148262884321,0
-0.2054098554049537,0.6335413244037594,0
-0.2054098554049537,0.6327525826942922,0
-0.2424899991271254,0.6311428631090565,0
-0.2424899991271254,0.6264559050895864,0
-0.2661193328065409,0.6259097701085937,0
-0.2544861638160475,0.6227219219707621,0
-0.2777520580370167,0.6177105964244795,0
-0.2334017938658117,0.6145048065760434,0
-0.2453979585547339,0.6110335238290464,0
-0.187597328100797,0.6133128963841393,0
-0.2028653354357949,0.6099106013660053,0
-0.1923229285806682,0.6030674262947117,0
-0.2570311275452273,0.600156947272477,0
-0.2563038048683103,0.598563721693094,0
-0.2443076401793881,0.5972123026144166,0
-0.2195875443646092,0.5933682450438987,0
-0.2294030723028398,0.5935191164192576,0
-0.197048972820557,0.5881176135503179,0
-0.1992300533312694,0.5859127861247587,0
-0.2006842549250825,0.581698385669423,0
-0.2079548191341334,0.5782551069159154,0
-0.187597328100797,0.5758475727736588,0
-0.2003208154666361,0.5709095732551728,0
-0.1719654375473284,0.5672901748685537,0
-0.1116198433642085,0.5621009892591373,0
-0.0745396996420369,0.5611021136023978,0
-0.0581809301716723,0.5587741185513185,0
-0.0556364102025134,0.5532919838627209,0
-0.0374599996798861,0.5498766528766286,0
-0.0192835891572588,0.5463580014384657,0
0.0705077013205112,0.5419685199606559,0
0.1323074970974442,0.5354526257016115,0
0.1526654318908048,0.5294425956555869,0
0.1003172808336319,0.526089839339151,0
0.0795959065818249,0.5222346906274341,0
0.1006807202920816,0.520457693369624,0
0.0675997418929027,0.5174480504812415,0
0.0457880492657499,0.515246977929815,0
0.0810501081756412,0.5120022304082097,0
0.0697808224036151,0.5077243103050159,0
0.1054067645319737,0.4994415689480056,0
0.0966819987291064,0.49665217931947114,0
0.0926832771661346,0.4920032226623821,0
0.1264911344822096,0.48866321905458215,0
0.1501204681616251,0.48573025849642665,0
0.1708418424134321,0.4809924319534026,0
0.1432133434110206,0.4799807454649086,0
0.1453948676817539,0.47601254729346176,0
0.1951980550097438,0.47369542629682404,0
0.1930169744990313,0.47063368228530544,0
0.1722956002472243,0.46817179917774465,0
0.0748703061019536,0.46465796618509053,0
0.1017714824274483,0.45318797863802135,0
0.1283087755344723,0.44773184247242226,0
0.1410322629003114,0.4435296047383465,0
0.1632073949859107,0.4378049814387551,0
0.130126416586735,0.43130787440679236,0
0.1366701018788866,0.4292518617942299,0
0.164661596579727,0.42424653422349917,0
0.1922896518221144,0.4185938908919927,0
0.255180209734414,0.4144323568851758,0
0.282444825518355,0.4096808081187701,0
0.3155258039175339,0.408086886715335,0
0.417313702844247,0.40321760706365006,0
0.5183747228540607,0.3997188159013274,0
0.4256750291886613,0.39525424243992624,0
0.4005914939154327,0.39208017204508994,0
0.4005914939154327,0.3894788703028868,0
0.1246734934299468,0.3854208520912602,0
0.2271887150335769,0.3812463919446322,0
0.4082254975829333,0.37693011051968967,0
0.4045902154784079,0.3734512884880328,0
0.4965630302269079,0.3695410694621697,0
0.5125583602388262,0.3648086467206944,0
0.5260087265215614,0.35954128280623926,0
0.4700252933598663,0.35612186313407534,0
0.4056809776137712,0.35126638152206585,0
0.2162828687200005,0.3473745990075726,0
-0.0512742491810919,0.3422163449125222,0
-0.159605389639939,0.33265869582647056,0
-0.0178293875634457,0.3230769292587251,0
-0.1908687269868519,0.30309754015826923,0
-0.1861431265069806,0.29689481828426956,0
-0.1665125143905402,0.2898090284707554,0
0.1352159002850735,0.284175537608736,0
0.4740240149228382,0.2775271856441469,0
0.3725999992145956,0.2736671451831076,0
0.4373077544191371,0.267150039569858,0
0.3420635407845755,0.26037431747866563,0
0.3351564160339743,0.25558102405287375,0
0.1948346155512941,0.25097999197147364,0
0.1759308823517498,0.24681506413898582,0
0.3486067823167095,0.24122144693513276,0
0.3776890391529133,0.2360933047223418,0
0.5350969317828751,0.23271982449408393,0
0.4907466676116733,0.22685157511323167,0
0.4929277481223825,0.22361145447184907,0
0.7503054548667738,0.21957581551366198,0
0.7815692359737109,0.2164220453062674,0
0.8248287380095458,0.21470213001998636,0
0.7175879159260445,0.21335551822143373,0
0.6928682638712832,0.2106196744568736,0
0.5794471959540768,0.2090286239649782,0
0.6245247828021987,0.2048168377352667,0
0.5394590928042966,0.20147884252592774,0
0.7230408390828328,0.1977785745793569,0
0.7397634917716679,0.1957191658456933,0
0.7041375496433093,0.19363740172930255,0
0.6619683659828167,0.19183580302657113,0
0.6568788822844782,0.18889805837569973,0
0.6310684680943502,0.18619988534123474,0
0.5612707854314495,0.18281573011218424,0
0.5987143686120707,0.180106641171179,0
0.6437919554601894,0.1768951260789333,0
0.6347037501988757,0.17450363454695367,0
0.5612707854314495,0.1722785148336123,0
0.697957747569625,0.1698229860635155,0
0.6546978017737658,0.16827521574205417,0
0.6016227717997001,0.16588587809601943,0
0.6347037501988757,0.16398614318891058,0
0.6692389301918676,0.16138615458248046,0
0.7572125796173783,0.15886013307472305,0
0.8128325733206236,0.15784366480775994,0
0.7343105686148798,0.1557892987822154,0
0.7793877117029775,0.15483481677362923,0
0.8026536059239466,0.15296662852067497,0
0.6932317033297329,0.15072569126702695,0
0.7444890922515391,0.14865221479728094,0
0.6361579517926921,0.14762578321810865,0
0.6561520033675822,0.14551925621278955,0
0.6670578496811586,0.1442237542149359,0
0.7528504185959535,0.14233155073027645,0
0.7561222612420325,0.1404296808303768,0
0.7103173517169936,0.1384392159474237,0
0.6107109770610138,0.136032768604926,0
0.6874153407144951,0.1345957967407077,0
0.5321885285952457,0.13309618823028835,0
0.6125286181132765,0.13068247405326838,0
0.6721468896194762,0.1292007673166317,0
0.6670578496811586,0.1271125812496493,0
0.7350374475317758,0.12664909576496006,0
0.725222363353566,0.12435759721113344,0
0.6925048244128369,0.12212036326299693,0
0.7263126817289118,0.11983787979890294,0
0.7248584801350955,0.11683963324079417,0
0.7088635938832014,0.11517985318483714,0
0.7855679575366826,0.11354994362217732,0
0.8248287380095458,0.113028261887336,0
0.8808121711712442,0.11184987957345367,0
0.8579101601687457,0.11142051407785555,0
0.8444593501259895,0.11038844101604492,0
0.8822663727650573,0.10904873245485566,0
0.8906276991094748,0.10861876113442707,0
0.9567896559078294,0.10743420203965373,0
0.8848108927342161,0.10756561687771127,0
0.9240721169671,0.10658362923750879,0
0.9404308864374648,0.10755419837148322,0
0.9975046379745056,0.10784923163375557,0
1.0385835032596524,0.10833101673335235,0
0.9793282274518782,0.10928977940182505,0
0.9756929453473528,0.10847225568536328,0
1.0222247337892878,0.1085932711466243,0
1.0207705321954748,0.10806967796166173,0
1.0236789353831008,0.10762955664235593,0
0.9775105863996156,0.10843211304168969,0
1.012409649611078,0.10886003932268921,0
1.0400377048534657,0.1072565646646953,0
1.1363726806233905,0.10553717228281084,0
1.215258124787587,0.10604837488172282,0
1.306140177400724,0.1054968922405668,0
1.3359497569138448,0.1065731182074398,0
1.458458586332344,0.10671831900407068,0
1.508261773660334,0.10789200258689063,0
1.540252433684167,0.10827007011475344,0
1.4995374516174906,0.10862922107058193,0
1.5740607347602629,0.10852987825819041,0
1.5856934599907353,0.1098814468542082,0
1.7136552125660227,0.11060880171882129,0
1.8223502362433404,0.11187529873520828,0
1.8965100799276629,0.11294822362310891,0
1.7460093120483056,0.11521920451032269,0
1.7979940236470255,0.11661921583980124,0
1.464274948947582,0.11745101274360784,0
1.472636275291996,0.11718444719138574,0
1.5518851589146394,0.11786976361688914,0
1.4802702789594968,0.1180030074474922,0
1.6547638199767192,0.11838559033830652,0
1.707111971033889,0.1191205209388097,0
1.5591557231236903,0.12092601937151963,0
1.4686375537290242,0.12136920499472269,0
1.4715455131566328,0.12160440208333757,0
1.446461977883401,0.12111131567849165,0
1.388661347429464,0.12276052602729648,0
1.493720645242232,0.12494595963143101,0
1.4242868457978015,0.12573673856629117,0
1.580603976292397,0.12659458895533815,0
1.5915098226059732,0.12745143735678147,0
1.5936909031166824,0.1281458834066018,0
1.4708186342397334,0.12978108368227606,0
1.4460985384249545,0.1296645989504312,0
1.432648172142216,0.13125307232712158,0
1.465729150541395,0.13164219956002376,0
1.508261773660334,0.1331936554450219,0
1.5427969536533257,0.13471525344246615,0
1.4831786821471262,0.13618294313431029,0
1.538798232090354,0.13860035916911642,0
1.550431401080847,0.1405451528235,0
1.564608646280479,0.14039251837084785,0
1.491176125273073,0.1415050540663419,0
1.5351629499858284,0.142758193026775,0
1.350127002113476,0.14434482411314634,0
1.340675357393716,0.14514990480520593,0
1.199990117452586,0.14673997482029433,0
1.230526575882606,0.14838133695333924,0
1.1919922305666182,0.149168139413699,0
1.246885345352971,0.14906790185929975,0
1.3250439106002685,0.15046233649973118,0
1.300323814785486,0.1512355309263723,0
1.3763012995220711,0.15165376346745382,0
1.3464917200089506,0.1523391744754607,0
1.3912058673986227,0.15367683327089943,0
1.3497635626550295,0.15753222856518476,0
1.286146125825834,0.1589912214141905,0
1.3043225363484612,0.16123653770193117,0
1.416652842130301,0.16336761441081446,0
1.4275586884438776,0.16542874040364688,0
1.3039590968900117,0.16922581562585598,0
1.3504908853319466,0.1718776902362304,0
1.3573975663225268,0.17418276211029915,0
1.3486732442796838,0.1770865370024429,0
1.3690307353130202,0.17855861514661858,0
1.383571863731122,0.18151320543986302,0
1.435192692111378,0.18267990170915907,0
1.3497635626550295,0.18569991605165212,0
1.353035405301105,0.1887536602775606,0
1.3555799252702645,0.19005415534788353,0
1.3777555011158875,0.19162079312515515,0
1.2592449495003393,0.19424741343530777,0
1.2207110479443757,0.19568131147087736,0
1.2636075542817815,0.19753718750218635,0
1.3108662216406128,0.19767421900577706,0
1.3766647389805209,0.20085139621329512,0
1.326134228975614,0.20359268257057264,0
1.5104432979310671,0.20602656321717272,0
1.5286197084536943,0.20918102149654733,0
1.1756334610962536,0.21227711070390615,0
1.2563369900727308,0.21422165285889452,0
1.2028980768801945,0.21603604444559413,0
1.2461580226760538,0.21742467338250135,0
1.293780129493331,0.21909194112462543,0
1.29959693586859,0.22098625673516945,0
1.2894179684719096,0.2234386202978797,0
1.2494298653221296,0.22465920445026585,0
1.2043522784740108,0.22565710135929593,0
1.2461580226760538,0.22651521396772292,0
1.1196504716945794,0.22855191067394362,0
0.9996861622452388,0.22877912222081656,0
1.0029575611312938,0.22950210448433003,0
0.9164381132995996,0.22993812762501342,0
0.8938990979955298,0.23035100660616867,0
1.0334940195613138,0.2313269940972726,0
1.0756632032218032,0.2310808252327913,0
1.116015189590054,0.23370942865611807,0
1.1127433469439747,0.2334042806236777,0
1.2068972422031905,0.23401274895483665,0
1.2396147811439198,0.23485276573900782,0
1.108017302704086,0.23654852645006902,0
1.1043820205995605,0.23837720031263568,0
1.1269210359036304,0.23761915468104056,0
1.0865690495353797,0.23745743204497446,0
1.172362062210199,0.23705213909704007,0
1.1861758679513836,0.2370589325898408,0
1.2992330526501197,0.2372149376151079,0
1.293780129493331,0.23697356055903912,0
1.2701507958139158,0.23686108036638895,0
1.224346330048901,0.237623672122073,0
1.2537920263435511,0.2368715171846908,0
1.2726957595430954,0.2369274971918016,0
1.2628802316048648,0.2370093803249135,0
1.2719684368661783,0.23673508603855792,0
1.3130473021513251,0.23799377334586894,0
1.3206813058188258,0.23650016370162003,0
1.508261773660334,0.23613767655492016,0
1.5373440304965376,0.23698216342726203,0
1.370848376365283,0.23722866885040772,0
1.3904789884817268,0.23743506431530084,0
1.1061996616518233,0.237579970992128,0
1.162546534271968,0.23719673436723707,0
1.138190321675653,0.23703106937927357,0
1.17708766269007,0.23518773664382778,0
1.1650914980011478,0.23419041426074794,0
1.088750573806113,0.23370102817784053,0
1.1258302737682635,0.23196160505252292,0
1.2218018100797388,0.23217705318747944,0
1.2196207295690298,0.2321366535063302,0
1.1847216663575673,0.23203771879396187,0
1.1818137069299586,0.2323774208072874,0
1.1665452558349398,0.2318286631084735,0
1.145460885884704,0.23399455304713948,0
1.1200139111530256,0.23466019132450197,0
1.1541856516875713,0.23527788905812877,0
1.2032619600986652,0.2361661179378235,0
1.0931127348275345,0.237079233448597,0
1.0992925369012188,0.23773561272885765,0
0.9418850880312778,0.23897453729044343,0
1.021861294330838,0.2395025637500259,0
1.0982022185258729,0.24030706897503806,0
1.1105622664332655,0.24076279437536072,0
1.1298289953312388,0.24290533034345552,0
1.0727552437941947,0.24366288257356375,0
1.060758635345255,0.24327672487411311,0
0.9720576632428272,0.2431923440133489,0
0.8771768890667188,0.2437857929446807,0
0.8855382154111331,0.24338712968572157,0
0.8942629812140003,0.24341897218931452,0
1.006592843235819,0.24267828777073677,0
0.9982319606514224,0.2424302926229043,0
0.9691497038152188,0.24180771567285797,0
0.8891734975156586,0.24120228484798667,0
0.7208597585721236,0.24082300619621697,0
0.7005022675387839,0.23981308045848063,0
0.739036169094751,0.23835890310721783,0
0.6743284138902095,0.23726095423984647,0
0.6194352991038569,0.23656230706384174,0
0.6114378559779099,0.23459603069588658,0
0.5376414517520339,0.2331663848098859,0
0.6790540143700807,0.23038399612405291,0
0.6968669854342584,0.2287064637191451,0
0.6997753886218878,0.22708324307908914,0
0.6895964212252075,0.22634927192834162,0
0.7237681617597497,0.22552833226954952,0
0.7299479638334373,0.22447701351326574,0
0.7161341580922523,0.22380378463322054,0
0.7357643264486718,0.2245910758157031,0
0.7692091880663181,0.2242770528119693,0
0.7561222612420325,0.22427473299827855,0
0.7084997106647308,0.2250498252165285,0
0.7383092901778516,0.22461438974940406,0
0.7092270333416478,0.22383520020806302,0
0.7357643264486718,0.22423110812059655,0
0.6626952448997161,0.22399552687023824,0
0.5601804670561037,0.22288005649977932,0
0.6688754907334213,0.2214039144402584,0
0.7150433959568857,0.22064494969866907,0
0.7168610370091485,0.22042023052304885,0
0.7695726275247677,0.21878662997699283,0
0.7644831438264292,0.2182821363187176,0
0.8251926212280164,0.21776542980496938,0
0.7761163128169226,0.2157121675569512,0
0.7321290443441464,0.21534254725545524,0
0.7866582759120284,0.21364493668110598,0
0.7455798543869026,0.21334154785925638,0
0.8564559585749293,0.21217106188597,0
0.9058957064444728,0.21135761431309652,0
0.8709970869930311,0.21226611458098227,0
0.8997159043707885,0.21099770385306255,0
0.9542451359386706,0.21083934469258733,0
0.9138931495704198,0.21143458517488684,0
0.8986251422354219,0.21127969772878546,0
0.9066225853613687,0.21101567476491745,0
0.9022604243399474,0.21116841579013262,0
0.8848108927342161,0.2116635040133847,0
0.8662710427531424,0.21151306567406175,0
0.8633630833255338,0.21119390948945785,0
0.9509732932925916,0.2112935856862737,0
0.8942629812140003,0.2111700611749063,0
0.92443555642555,0.21216938231753454,0
1.0385835032596524,0.213324594068007,0
1.0952938153382468,0.21459432065752365,0
1.1185597095592126,0.21553465496028895,0
1.1127433469439747,0.21757229433226902,0
1.0643939174497803,0.21875739805596023,0
1.0687565222312227,0.2199286765890669,0
1.1200139111530256,0.2200720913580195,0
1.2276181726949766,0.22092659762300382,0
1.2287089348303433,0.22325052041879986,0
1.2777852432414372,0.22415335735095668,0
1.2796028842937,0.2255853420676485,0
1.261062590552602,0.22786804152633797,0
1.2897814079303591,0.22906202128195582,0
1.3388577163414532,0.22977539132884586,0
1.3504908853319466,0.23014530449647855,0
1.330132950538586,0.23216249517427842,0
1.354853046353368,0.23305090643451654,0
1.3563072479471812,0.23484478711105528,0
1.3730294568759955,0.2359086728339127,0
1.241068538977712,0.23813359670996978,0
1.3086851411299036,0.2391838189444343,0
1.334132115861582,0.24010986518237012,0
1.3174094631727469,0.2410572829253117,0
1.3210447452772722,0.24266682204639176,0
1.3246800273817978,0.24462889083428307,0
1.2636075542817815,0.2469351883686864,0
1.2148946853291376,0.24719980620977408,0
1.1803595053361455,0.2481825691262352,0
1.198535915858773,0.24941257889970092,0
0.8869924170049494,0.2494451062975366,0
0.865544163836243,0.24811692748990136,0
0.9160746738411532,0.2480137040042825,0
0.8960806222662631,0.24809951487843318,0
0.9178923148934158,0.24726367643499744,0
0.8935356585370834,0.24500883068497797,0
0.8971709406416088,0.24462792360837812,0
0.9080767869551852,0.24350478196622208,0
0.8470043138551693,0.24100657317357752,0
0.876086570691373,0.23947706203317987,0
0.8946264206724467,0.23872873492642513,0
0.9189826332687616,0.23970292358234008,0
0.958607296960092,0.23892805509928958,0
0.987689553796296,0.23774133057597338,0
0.9807824290456946,0.23802219561013754,0
1.0185894516847622,0.238481081458004,0
1.0022306822143978,0.23907144754728685,0
1.01640837117405,0.23920672819451225,0
1.0705741632834855,0.23996454334093495,0
1.0854787311600338,0.24120889450010485,0
1.0349482211551269,0.24120761740609808,0
1.0138634074448702,0.24150274877954092,0
1.021861294330838,0.2416111827791251,0
0.9927790374946344,0.24262770908689218,0
1.000413041162135,0.2431659457516266,0
0.987326114337846,0.24282535959106843,0
0.9775105863996156,0.2430461060480585,0
0.9804189895872448,0.24436213717233607,0
0.9804189895872448,0.24503010536335515,0
1.0956572547966932,0.24397518949195632,0
1.0280410964045257,0.24476603678633213,0
1.0480351479794157,0.24625716640028986,0
1.018952891143212,0.24691855382937908,0
1.020407092737025,0.24648842899965898,0
1.0007764806205848,0.24673606472084816,0
0.8368253464584889,0.24687856601175862,0
0.7037741101848596,0.24661054351363132,0
0.7234047223013034,0.24506939143961393,0
0.8019267270070473,0.24412308325944906,0
0.7968372433087088,0.24392616607711065,0
0.892081456943267,0.24211773403763936,0
0.9346145238222268,0.24020598617871766,0
0.9277073990716256,0.23951929756895152,0
0.9153473511642362,0.23935865266039577,0
0.9102578674658944,0.239334349199063,0
0.9131662706535236,0.23872559866598497,0
0.9938693558699802,0.2369399153822731,0
1.0025941216728471,0.2363026388983739,0
0.939340124302098,0.23653610006780895,0
0.9538812527202,0.23544680244112165,0
1.0425822248226275,0.23451864971111488,0
1.0149541695802369,0.23397353453059508,0
1.0367658622073896,0.23492989758727265,0
1.0298587374567885,0.23444160693978844,0
1.0138634074448702,0.23407284832046765,0
1.0945669364213475,0.23354591630646432,0
0.967332062762956,0.23341486352667437,0
0.9484283295634116,0.23396437601139305,0
0.9727849859197444,0.23403787299664147,0
0.94442960800044,0.23461764846289412,0
0.953154373803304,0.23481864919274567,0
0.9993222790267684,0.23483318657200644,0
0.954608575397117,0.23440708412174951,0
0.8171947343420486,0.23397256849900194,0
0.7982914449025218,0.23380878091913992,0
0.8433690317506438,0.23267773774139416,0
0.8949898601308964,0.23161381767124267,0
0.8975343801000553,0.23086398687122625,0
0.7921111990688167,0.23079670111477898,0
0.7993817632778676,0.22855190321843566,0
0.8004725254132342,0.22654268542477235,0
0.7488516970329816,0.2232964021638671,0
0.6968669854342584,0.2215173781840264,0
0.8197396980712283,0.2196541294269174,0
0.8259195001449126,0.21643908486282326,0
0.8593639180025378,0.21399547277924613,0
0.8353711448646759,0.21155814813409632,0
0.8386429875107516,0.21032373662296402,0
0.8291913427909883,0.20769277723508747,0
0.8233749801757537,0.2049017599129586,0
0.8171947343420486,0.2037523211639464,0
0.8306455443848046,0.20118762146484204,0
0.9593341758769882,0.1987858074043859,0
0.9702400221905646,0.19558374603203704,0
0.8629992001070633,0.19283714837046542,0
0.8542748780642202,0.1908269000445466,0
0.8720874053683769,0.1882803604452454,0
0.92443555642555,0.18511920500841658,0
0.9138931495704198,0.1829822291072074,0
0.965877861169143,0.1808509409216661,0
1.0040483232666604,0.17856463356957464,0
0.9556988937724628,0.17677484013924327,0
0.9746026269720072,0.17503410298489222,0
0.9880529932547456,0.17450032545697478,0
0.9204368348625748,0.17205747362736232,0
0.96442365957533,0.16996128623749168,0
0.9411577653543608,0.16761575620800073,0
0.8499122732827777,0.1657332501519624,0
0.9567896559078294,0.16428545594183314,0
1.0418553459057285,0.16278463512888264,0
1.0818434490555082,0.16077209570998297,0
1.0920219726921678,0.15992753673656163,0
1.1552759700629172,0.15910186577280158,0
1.2119862821415082,0.15807647405064565,0
1.2290723742887897,0.15735147344621228,0
1.2225286889966382,0.1569843515708424,0
1.17708766269007,0.1569096851406995,0
1.2356156158209235,0.15466780386727158,0
1.203988839015561,0.15377675794729095,0
1.1683628968872026,0.15253637641037257,0
1.0040483232666604,0.15142828703630104,0
0.9222544759148374,0.14994697045049715,0
0.92443555642555,0.1480360926029719,0
0.9287981612069922,0.14640851326717355,0
0.9178923148934158,0.14488248415324087,0
0.8862650943280325,0.1436731259096127,0
0.9153473511642362,0.14129785373522874,0
0.8393698664276478,0.13982125217228672,0
0.9168015527580492,0.13859917147724576,0
0.9004427832876846,0.13652198492173262,0
0.9189826332687616,0.13473530838090259,0
0.9218910364563876,0.13364215477546657,0
0.8899003764325579,0.13396209851175533,0
0.920073395404125,0.13363754530996685,0
0.9324334433115178,0.13168502270011162,0
0.8746323690975566,0.13072352487070185,0
0.8462769911782523,0.13049827441697065,0
0.9698765827321182,0.12965652826675175,0
0.9960508801407134,0.12882684306497788,0
0.9593341758769882,0.12893883026807204,0
0.9382498059267524,0.12933976144728868,0
0.9880529932547456,0.12945471310448878,0
1.022951612706184,0.12928437299778972,0
1.011682326934161,0.1294035938538534,0
1.0193163306016584,0.1296938526818649,0
1.0007764806205848,0.12923154020872887,0
1.028404535862972,0.12931981257537317,0
1.082206888513958,0.12888024512384993,0
0.9800555501287952,0.1283982113470301,0
1.0331305801028643,0.12792167315939734,0
1.0716644816588312,0.12734041576021798,0
0.9411577653543608,0.12697284327018707,0
0.9713307843259312,0.1260431865199963,0
0.9764202680242696,0.12627762838903422,0
1.0498527890316784,0.12520493839786587,0
1.0811161263785911,0.12519773133494366,0
1.0593044337514386,0.12542304902374288,0
1.0422187853641778,0.12491539366657803,0
1.02695077802918,0.12449497096541752,0
1.1389172005925523,0.12310983224685774,0
1.13673612008184,0.12347968675681467,0
1.0978387790674264,0.12435665700759486,0
1.1338277168942106,0.12436190810951236,0
1.1738158200439908,0.12381244156491066,0
1.090931654316822,0.12436857257553534,0
0.957880418043196,0.12504229891470675,0
0.927343959613176,0.12370169939689499,0
0.9640602201168804,0.12459626617181473,0
0.9833273927748742,0.12394274590073452,0
1.015681048497133,0.12431047932342973,0
0.993142476953084,0.1244128091236205,0
1.006229403777373,0.12402633885779744,0
1.0571233532407294,0.12457001729187907,0
1.078935045867882,0.12520656748109923,0
1.110198383214795,0.1262907286690445,0
1.1138336653193206,0.12667828062232286,0
1.1305563180081557,0.12761646794940515,0
1.2294358137472394,0.12936459000683476,0
1.1814502674715124,0.13097145254904008,0
1.2374332568731865,0.13267249718789528,0
1.3483093610612134,0.13366972494014998,0
1.340675357393716,0.13595558779489691,0
1.367939973177657,0.13801184908698455,0
1.3792092589496798,0.1400888639997008,0
1.4370103331636408,0.14221121118551552,0
1.2966885326809603,0.14476698358620949,0
1.343583760581342,0.14707339683280019,0
1.499900891075937,0.14867918054177975,0
1.4217423258286397,0.15067679624810731,0
1.4708186342397334,0.15312011997125954,0
1.5824216173446597,0.15554987716116425,0
1.6871179194589987,0.15799357862605787,0
1.8550677751840696,0.16052606491749846,0
1.658035662622795,0.16334037760568013,0
1.702385926794,0.1658290643155036,0
1.6464024936323016,0.16822152199660884,0
1.5624275657697697,0.17118113601769128,0
1.4493703810710303,0.17343800999870007,0
1.374847097928258,0.17549741640293437,0
1.4988101289405735,0.1767251923223576,0
1.4482796189356637,0.1781512246707351,0
1.44973382052948,0.1801412902044541,0
1.4210150031517226,0.18176782155916957,0
1.4788160773656838,0.1834249319700403,0
1.5696981299788204,0.1850469379424435,0
1.5413431958195336,0.18665713086785293,0
1.48972192367926,0.1900817084086351,0
1.38938822634636,0.19237612906208063,0
1.4675467915936575,0.19424438254903317,0
1.5246205431306985,0.19545536021460433,0
1.415198640536488,0.19795751547415166,0
1.451914901040189,0.2002002185953211,0
1.4290128900376906,0.20274062387520952,0
1.412654120567326,0.2047361865719863,0
1.4686375537290242,0.208067164785996,0
1.496992487888311,0.2107954448953176,0
1.5068080158265418,0.213713570075999,0
1.6078685920763378,0.21740679839031687,0
1.640222691558617,0.22026730275636003,0
1.603506431054913,0.22457754242296324,0
1.6471298163092185,0.22815221963455742,0
1.548249876810114,0.23321739698962093,0
1.5358902726627457,0.23552546248402267,0
1.5089890963372508,0.23910170909046324,0
1.458458586332344,0.24293986043713148,0
1.3210447452772722,0.24635206062089582,0
1.350854324790393,0.24981491946597142,0
1.2945074521702482,0.2537823684459127,0
1.3046859758069076,0.2570263934902208,0
1.3795731421681503,0.26017279114141184,0
1.2068972422031905,0.26397553219269815,0
1.2323442169348688,0.26848299482246063,0
1.225800531642714,0.27130432731620013,0
1.2512475063743922,0.27506157130099557,0
1.2774213600229667,0.27792972108495945,0
1.189811150055909,0.2811187221643184,0
1.1272844753620768,0.28382970913024536,0
1.1734523805855444,0.28516346567152157,0
1.0687565222312227,0.2867082072907824,0
1.009137806964999,0.2883503899565733,0
1.0313129390506015,0.2900396664119324,0
1.048398587437862,0.29172488700363525,0
1.0400377048534657,0.2946699869048739,0
1.132010075841948,0.29658634326992533,0
1.1341916001126813,0.29874931049382547,0
1.156003292739834,0.3010400315682464,0
1.218893406892113,0.30402314970261524,0
1.1501864863645752,0.30792972881927316,0
1.1545490911460177,0.3116074570789961,0
1.168726780105673,0.3167564874916419,0
1.1374629989987362,0.3213164091938195,0
1.1396445232694694,0.3243731557202324,0
1.2239828905904513,0.3271870613211343,0
1.1472785269369667,0.3301058402388449,0
1.1247395116328969,0.33394598180614055,0
1.1549125306044674,0.33701378713939995,0
1.1709078606163823,0.34036033744341704,0
1.1596385748443594,0.34412765455043814,0
1.2421593011130787,0.34675084959272495,0
1.0840245295662208,0.35058977661054963,0
1.0167718106324997,0.35333770395510505,0
1.0378566243427565,0.3561005977351343,0
1.1483688453123124,0.35855967782938786,0
1.1116525848086114,0.3606930775262962,0
1.108017302704086,0.3626636982662518,0
1.10692698432874,0.3645354206405909,0
1.0756632032218032,0.3657349823354487,0
1.0785716064094326,0.36671899422509685,0
1.058214115376093,0.36678784423629013,0
1.0458540674687034,0.3685631432506549,0
1.0320398179674974,0.3694005896287419,0
0.9971411985160592,0.3706211995115748,0
0.9782379090765324,0.37124243024678866,0
0.8433690317506438,0.3726667638480014,0
0.7455798543869026,0.3730475370625498,0
0.7564857007004789,0.3732450097501805,0
0.766300784878692,0.3720388101397877,0
0.7277668833227249,0.3719556402231952,0
0.7034106707264133,0.3724987532744811,0
0.7430348906577229,0.3709848447301831,0
0.6350671896573254,0.3689956034243333,0
0.6274331859898248,0.3673842112627468,0
0.6521528380445861,0.3672663036496255,0
0.6550612412322155,0.36580651405573195,0
0.6168907791346981,0.36317862749514257,0
0.6648763254104253,0.3614800101435063,0
0.7172244764675981,0.3587967260228559,0
0.6877787801729447,0.357586725062159,0
0.6830527359330526,0.3557877685792464,0
0.6881422196313944,0.35521871568512275,0
0.8015632875486008,0.3535378960880133,0
0.8473677533136156,0.3526430098657016,0
0.8695428853992181,0.35139210516837627,0
0.8771768890667188,0.3501496716764059,0
0.829554782249438,0.35016100426481095,0
0.9404308864374648,0.34993219712188844,0
0.8837205743588703,0.3497094202571232,0
0.9342510843637803,0.3481699488678778,0
0.9604249380123548,0.3497397708639649,0
0.9662413006275928,0.34864637473917626,0
0.9447930474588864,0.3476534094775796,0
0.9771471469411692,0.3460321365056136,0
0.9146204722473368,0.34591228025072707,0
0.8848108927342161,0.3439403879990832,0
0.8379161085938556,0.34008917459959004,0
0.8197396980712283,0.3379650689311098,0
0.7917477596103702,0.3370042811809333,0
0.7423080117408267,0.33362264371155786,0
0.7888398001827618,0.329593875244117,0
0.7924750822872872,0.32521741538953314,0
0.8284640201140713,0.32233029694942467,0
0.7499420154083274,0.31949275103490954,0
0.7517596564605901,0.3156165588031554,0
0.7030467875079427,0.31290424692508534,0
0.6652402086288959,0.30979503139178316,0
0.6063483722795714,0.30630308408553464,0
0.6543343623153194,0.30321602149913013,0
0.6201626217807739,0.2993965356772987,0
0.6743284138902095,0.2954201981402068,0
0.6477906770231646,0.2932456959379257,0
0.6775998127762644,0.2892430497264924,0
0.7208597585721236,0.2856373036534843,0
0.6368848307095881,0.2832241712029482,0
0.6059849328211216,0.2816852197515515,0
0.4929277481223825,0.2789527797015825,0
0.515829759124881,0.27411212847721317,0
0.495835707549991,0.2706152882711002,0
0.4722063738705754,0.2695255088697842,0
0.4900193449347564,0.2663390651393841,0
0.5125583602388262,0.2631934191164464,0
0.4198586665734267,0.26144579904869303,0
0.3398824602738664,0.2585984021411426,0
0.352242064421235,0.2549539739087871,0
0.4747513375997551,0.25151200197992907,0
0.4678442128491539,0.24880982575741564,0
0.4820219018088061,0.24780900832445343,0
0.5928980059968328,0.24506599088516193,0
0.6954127838404454,0.24389623890709758,0
0.660150724930554,0.24190965249476706,0
0.6612410433058998,0.24064980542714035,0
0.6205260612392236,0.23934959392040425,0
0.499834872872987,0.2379586678277399,0
0.5412767338565594,0.2344624516065572,0
0.5107407191865635,0.2336660425426316,0
0.5096499570511968,0.23192607942663965,0
0.406771295989117,0.2300854586624007,0
0.4623912896923657,0.22684893669447792,0
0.4333090328561619,0.2244047571646444,0
0.3551504676088644,0.22189941832339063,0
0.3671470760578074,0.21671275048614017,0
0.4405795970652129,0.21265533416871238,0
0.4322182707207953,0.20977771079796848,0
0.4471232823573677,0.2052965860960679,0
0.487838264424044,0.20045722783444783,0
0.4758416559751009,0.1961335189177309,0
0.3991372923216197,0.19249875224607688,0
0.3856869260388811,0.1879381139863674,0
0.4187679044380601,0.18275854881929376,0
0.4213124244072189,0.17836814396543932,0
0.3544235886919683,0.1752044920216069,0
0.5187381623125105,0.16989499347699033,0
0.5332792907306123,0.1671281386380806,0
0.6626952448997161,0.16319167475936436,0
0.6554246806906652,0.15979169305863905,0
0.8015632875486008,0.1566970785607955,0
0.8586370390856417,0.1533340155932482,0
0.8862650943280325,0.15111743800092756,0
0.8869924170049494,0.148415673417922,0
0.88408401381732,0.14648810966527992,0
0.8397337496461182,0.143935157213477,0
0.8073796501638355,0.14074572758706716,0
0.7546680596482161,0.13791786584942536,0
0.7579399022942953,0.1354880595759206,0
0.7819326754321572,0.13198327972338098,0
0.8124691338621773,0.12878498289469167,0
0.7644831438264292,0.12692637558037476,0
0.7946561627979963,0.12471804832815203,0
0.7859313969951324,0.12246484757629009,0
0.9862353522024828,0.11989591377452254,0
0.967332062762956,0.11925473587846719,0
0.8637265227839802,0.11678091432836384,0
0.8706336475345848,0.11470667633007138,0
0.9295250401238884,0.11252660442217464,0
0.9411577653543608,0.11056630813637085,0
0.9753295058889064,0.1087365444827773,0
0.9113486296012612,0.10595963189793643,0
1.0327671406444143,0.1039006642506029,0
1.0095012464234487,0.10180678840696698,0
0.8993520211523179,0.09954616163412873,0
0.945883809594253,0.09761454311113518,0
0.9375224832498352,0.09567599734121755,0
1.0400377048534657,0.09382842007247448,0
1.0400377048534657,0.09265751533990872,0
0.9349779632806764,0.09038049185950588,0
0.967332062762956,0.0887736374525159,0
1.0360389832904937,0.08788555025575069,0
1.0109554480172618,0.08658119334775209,0
1.0531246316777545,0.08538600463970263,0
1.0538515105946504,0.08353100945362,0
1.1265571526851597,0.08286994621673169,0
1.1741797032624617,0.08252521264666278,0
1.108744625381003,0.08095984859402332,0
1.2156215642460335,0.08003066285263725,0
1.2465214621345002,0.07944946437861027,0
1.2425227405715282,0.0783845995999543,0
1.2534285868851047,0.07759714886882764,0
1.3294060716216898,0.07654952170697843,0
1.412654120567326,0.07622649676175243,0
1.371938694740629,0.0752378750444401,0
1.3617601711039693,0.07489946322224104,0
1.4261044868500643,0.07487096511341498,0
1.4417363774035297,0.0749989523764463,0
1.4442808973726915,0.0745710917486488,0
1.4690009931874706,0.07433443145033952,0
1.4955382862944948,0.07406423714498434,0
1.4515514615817426,0.07416877934817452,0
1.44973382052948,0.07460691918228357,0
1.4290128900376906,0.07486471604654736,0
1.4530056631755557,0.07507574438840006,0
1.4468258611018714,0.07485474850549705,0
1.4050201168998286,0.07459708349881304,0
1.2108959637661625,0.07420773776969257,0
1.2228921284550849,0.07352916009491531,0
1.2428861800299746,0.07407661622712605,0
1.2636075542817815,0.07367866163484783,0
1.2228921284550849,0.073288844700559,0
1.210532524307716,0.07244151546827082,0
1.1709078606163823,0.07253115503251126,0
1.178541864283883,0.07205284977551979,0
1.1065631011102697,0.0711983558273782,0
1.1349184790295772,0.07047903348300545,0
1.129102116414339,0.07005636108222853,0
1.1022009400888482,0.06978091463973907,0
1.0985656579843226,0.06857688902733504,0
1.047671708520966,0.0680948825472432,0
1.0142272906633407,0.06700235933267956,0
1.0440364264164406,0.06552062820641232,0
1.0872963722122966,0.06456441467538789,0
1.1192865884761087,0.06379056387973557,0
1.1040185811411107,0.06299105693419703,0
1.1556394095213631,0.06207728453069078,0
1.1563667321982805,0.06135070109390527,0
1.0327671406444143,0.060354996368667445,0
1.028404535862972,0.059167719183348726,0
1.088750573806113,0.058171515222847046,0
1.2076241211200869,0.057698128513025394,0
1.388297464210993,0.05723663109481852,0
1.3683034126361031,0.056995395116699134,0
1.442463256320429,0.05691734364420698,0
1.4148352010780385,0.056617919947124305,0
1.5995077094919412,0.05644452135266065,0
1.6336790062664626,0.05723020731211741,0
1.4839055610640222,0.057551213666630636,0
1.5158962210878553,0.057674203608177446,0
1.6867544800005525,0.05783119118333216,0
1.6442214131215924,0.05841549216892035,0
1.536253712121192,0.05949562475654646,0
1.608959354211701,0.05940044794236307,0
1.586056899449185,0.06008747784347312,0
1.6376781715894586,0.06061807477608696,0
1.5965993063043118,0.06127715312174593,0
1.650765098413744,0.062098765728002756,0
1.7899961367610575,0.062371238547627474,0
1.7852705362811865,0.06381567983118143,0
1.7525529973404572,0.064320915683898,0
1.6696683878532708,0.06480518943498731,0
1.7267425831503325,0.06536275326198218,0
1.7489177152359316,0.06605548517688464,0
1.859430379965512,0.06652964959017073,0
1.7172904946705485,0.06735667513460436,0
1.6882082378343446,0.06787712950579432,0
1.7361942278700926,0.0683209020000012,0
1.69184351993887,0.0686305206426666,0
1.736921106786992,0.06913501599946123,0
1.6347697684018292,0.07028049830879445,0
1.6696683878532708,0.07068031682336165,0
1.6874813589174484,0.07053758932068688,0
1.657308339945878,0.07066662388775989,0
1.6725767910408968,0.07086964930297766,0
1.6733036699577963,0.07135177518660027,0
1.6489474573614813,0.07210820125345901,0
1.7612777631433243,0.07213928878672445,0
1.8132620309820269,0.07313536572819421,0
1.883786592561824,0.07387564485024503,0
1.7725470489153472,0.07504418016170422,0
1.80490114839763,0.07636818055604239,0
1.8408900862244144,0.0778374156393323,0
1.820169155732628,0.07985731546979945,0
1.7627315209771166,0.08166403884998277,0
1.7620046420602204,0.08314040784659435,0
1.7747281294260595,0.08496790500914642,0
1.6671238678841087,0.08693173600158509,0
1.6391319294232507,0.08865168710498965,0
1.5511582799977437,0.08978465725356032,0
1.6318613652141998,0.09046199499186718,0
1.6176841200145684,0.0919621014068602,0
1.608959354211701,0.09212647261573238,0
1.5740607347602629,0.09238597643004437,0
1.502445411045099,0.09279159238867526,0
1.506080693149625,0.09263671606209936,0
1.5566112031545316,0.09218563140118126,0
1.5780594563232346,0.09160133515012753,0
1.6293168452450408,0.09119332919951259,0
1.536253712121192,0.09103198545023208,0
1.5566112031545316,0.09061222234009873,0
1.5838758189384723,0.0901126096465772,0
1.500991209451283,0.08990167402154511,0
1.5769686941878711,0.08918433245990004,0
1.5718792104895296,0.0892429830218988,0
1.5467961189763215,0.08880130590252114,0
1.5078983342018877,0.08888747216151836,0
1.5467961189763215,0.08878952919650145,0
1.5558843242376357,0.08845657792080269,0
1.5580654047483449,0.08815027559927696,0
1.4748173558027085,0.08840970850454515,0
1.4668199126767616,0.08805959372045338,0
1.3919327463155189,0.08802930009662792,0
1.415198640536488,0.08729968380382977,0
1.431920849465299,0.08642709392656706,0
1.396658790555411,0.08656076172176341,0
1.3904789884817268,0.08601828089783033,0
1.3792092589496798,0.08545855047796423,0
1.422469204745539,0.08491871885862547,0
1.4246502852562482,0.08441415710486797,0
1.4170162815887508,0.08375077675314666,0
1.377391617897417,0.08329844125883723,0
1.4410090547266128,0.08250781575461108,0
1.436646893705191,0.08196029464115366,0
1.459549348467711,0.080876568304275,0
1.5500675178623766,0.08012868349084648,0
1.5609733641759531,0.0792093078485972,0
1.5642452068220325,0.07858752135649331,0
1.536253712121192,0.07833713782349823,0
1.6264084420574116,0.0772676550755482,0
1.6274992041927785,0.0766220681385885,0
1.5940547863351529,0.07595029793273332,0
1.579513657917051,0.07593064147042962,0
1.5649725294989492,0.07568027147120741,0
1.5715157710310832,0.07503786634766803,0
1.596235866845862,0.07486850215811362,0
1.5108067373895135,0.07440215854915386,0
1.5653359689573956,0.07392995990653758,0
1.6020522294611,0.07308988647632096,0
1.493720645242232,0.07261907325585744,0
1.48172448055331,0.07225584884553397,0
1.4620938684368694,0.0706426242479829,0
1.48972192367926,0.06947483954339886,0
1.4675467915936575,0.06854995465390654,0
1.4333750510591154,0.06724221578243988,0
1.4017482742537497,0.06635021186251215,0
1.398112992149224,0.06528256671248472,0
1.3926600689924358,0.06449336164647439,0
1.3842987426480216,0.06327940451268395,0
1.354853046353368,0.06221461604521374,0
1.3315871521324023,0.06176646271808275,0
1.2879637668780963,0.06104969513786167,0
1.2952343310871477,0.06010807888112174,0
1.321408628495743,0.05941598850553927,0
1.3326779142677656,0.058439076339294446,0
1.4130175600257755,0.05774795375885057,0
1.4119267978904089,0.05734056725027016,0
1.3861163837002843,0.05682858730410272,0
1.4108364795150632,0.05618254674164255,0
1.478452637907234,0.055095504878354906,0
1.5068080158265418,0.05403974506953203,0
1.4846324399809183,0.05341317348966235,0
1.4904492463561771,0.052484167976915075,0
1.4410090547266128,0.05168155671469102,0
1.4115633584319625,0.05127416625163256,0
1.40938227792125,0.0499172704889117,0
1.412654120567326,0.0493287405743507,0
1.4304670916315068,0.04820008873170676,0
1.3868437063772012,0.04733155049254303,0
1.3788458194912334,0.04712143642826813,0
1.382117662137309,0.04616770315987595,0
1.431920849465299,0.04566604790315508,0
1.4602762273846066,0.04496367584120898,0
1.4620938684368694,0.0443560541502471,0
1.511533616306413,0.04460777619065626,0
1.4155620799949344,0.04448105764604532,0
1.438101095299004,0.04400607896082886,0
1.4061104352751743,0.04383163962309836,0
1.3472190426858677,0.04347624904026531,0
1.2425227405715282,0.04304239606179625,0
1.2018077585048488,0.04196213099752186,0
1.1570936111151795,0.041246591447704546,0
1.0912950937752717,0.03994059659747125,0
1.0716644816588312,0.03868935216168421,0
1.0494893495732287,0.037634277027254,0
1.0425822248226275,0.03629476488978927,0
1.0920219726921678,0.03531511961085733,0
1.1621830948135183,0.03372300952828094,0
1.203988839015561,0.032338582328237934,0
1.246885345352971,0.030623996187237996,0
1.2341618579871316,0.029113828858029513,0
1.445371659508055,0.027740705821873414,0
1.422469204745539,0.026254123771667397,0
1.4282855673607735,0.025285259096775658,0
1.5467961189763215,0.02411919449383987,0
1.5944182257935993,0.022941994142554975,0
1.6456756147154057,0.021797359273441258,0
1.6231370431713568,0.02107502811757317,0
1.6184109989314646,0.020476775061423196,0
1.6514919773306431,0.0197415120555347,0
1.6627612631026665,0.019044246600549326,0
1.667850746801008,0.01820495036840257,0
1.6954788020433955,0.017778617228376176,0
1.655490698893615,0.017165344405512213,0
1.6322252484326705,0.016233981519729136,0
1.6569449004874317,0.0155508282526648,0
1.6783931536561347,0.014747737605212976,0
1.64240377206933,0.013922246069068424,0
1.5886018631783647,0.012803444112831278,0
1.532981869475116,0.011703075379091935,0
1.5791497746985803,0.010536804888752334,0
1.464274948947582,0.009376229284280078,0
1.5111701768479633,0.008174371087040265,0
1.5704254526557373,0.007075482181047012,0
1.5642452068220325,0.0060190148525145655,0
1.650765098413744,0.005185678560037393,0
1.64240377206933,0.00423983142278746,0
1.6282260831096742,0.0034622773497098606,0
1.7067485315754425,0.0026907164492699144,0
1.678029714197685,0.002059724178132279,0
1.7172904946705485,0.0014556278758375146,0
1.7521895578820108,0.000893426073109982,0
1.8536135735902528,0.00048305179175143234,0
1.880514749915748,0.00012173922306719661,0
1.8477972109750187,-0.00018060146511149206,0
1.9673980809659093,-0.0004596297728812327,0
1.7969032615116622,-0.0006787859334802155,0
1.7765457704783223,-0.000932645779324356,0
1.820169155732628,-0.001071515800159743,0
1.8179880752219155,-0.0011757198191458538,0
1.703113249470917,-0.0012586248951417843,0
1.6293168452450408,-0.001293678725285368,0
1.628589966328145,-0.0013159274227144498,0
1.6449487357985095,-0.0012310368534169606,0
1.8190783935972612,-0.0011000071267623006,0
1.7859974151980855,-0.0010787606035465097,0
1.80490114839763,-0.0008614816526951367,0
1.848887973110382,-0.0006391037461567375,0
1.83471028415073,-0.0004489167108844206,0
1.8514324930795445,-0.00019379409769614898,0
1.9168680147210235,2.2484325485737677e-05,0
1.9208662925239743,0.0002584119996832429,0
2.0070223008972192,0.0006969117365396214,0
1.9779400440610155,0.0011941654863982002,0
1.9361342998589723,0.001641491053123416,0
1.9434048640680237,0.0022393500964865334,0
1.8336195220153635,0.002480566750003866,0
1.8630656620700377,0.003228712837709768,0
1.863429101528484,0.003836518640293399,0
1.805991466772976,0.004614421949227095,0
1.8052645878560765,0.005048728964208747,0
1.788178495708795,0.005751023250273192,0
1.7612777631433243,0.006728898616758206,0
1.879060548321932,0.007493618636132693,0
1.8038103862622636,0.00864789206848676,0
1.7187446962643649,0.009616510834265936,0
1.776909209936772,0.01028522509701169,0
1.8056280273145264,0.011560192980202152,0
1.7812718147182145,0.012638521229333115,0
1.795449059917846,0.013646621200699876,0
1.759823561549508,0.014958967016612344,0
1.7707294078630844,0.01588892441920465,0
1.7703659684046382,0.017220545007320585,0
1.800901983074634,0.018351147051444618,0
1.8238044378371532,0.019172800295666887,0
1.885240350395616,0.020726364704571197,0
1.901963003084451,0.021546047790770635,0
1.840526646765968,0.022592399748614732,0
1.8027196241268968,0.023296458464902886,0
1.83471028415073,0.023992310831731548,0
1.8372548041198888,0.024761956909150316,0
1.8263489578063123,0.025509349676955236,0
1.7939953020840536,0.026906357574838956,0
1.7754550083429557,0.028655124725375354,0
1.6834826373544731,0.030177919044837825,0
1.6740309926347132,0.03171833178651852,0
1.716927055212102,0.03407990339591473,0
1.7510987957466442,0.03651353397966815,0
1.809263309419052,0.03957852143020543,0
1.7903600199795282,0.04182523251207329,0
1.780907931499744,0.04426885196814385,0
1.8496148520272813,0.04740663684598643,0
1.812898591523577,0.050558735518757315,0
1.8328926430984671,0.0532469849200035,0
1.8292573609939415,0.05612528997301009,0
1.875425266217406,0.05868426861392698,0
2.025198711419846,0.061390532665885546,0
2.13716557774324,0.06313765874652562,0
2.194603212498752,0.0653865813662505,0
2.255676129358788,0.06643291433508003,0
2.283667624059625,0.06780018669380178,0
2.358554790420868,0.06910602362131565,0
2.372732035620499,0.07012970311005003,0
2.292391946102468,0.07203418065959565,0
2.3469211776703505,0.07293269100887799,0
2.3018440345822526,0.07450309567080413,0
2.2811231040904665,0.07662030113954069,0
2.293482708237835,0.07778303653871597,0
2.277487821985941,0.08049116578352956,0
2.2833037408411547,0.08361307703381428,0
2.3723681524020286,0.08570339564224021,0
2.284031507278096,0.08721293984575727,0
2.344740540919662,0.08934269217458905,0
2.3476489441072914,0.09209483196014186,0
2.4021781756751737,0.09539305694242685,0
2.49960302606042,0.09856793568855308,0
2.569037269264874,0.10234755725458532,0
2.6581016808257485,0.10467395111659081,0
2.779519748108881,0.10759565941802686,0
2.759162700835565,0.10944570569196507,0
2.893304255484537,0.11269783160122293,0
2.91511594811169,0.11447149277581807,0
2.9580124544490998,0.11519372449791171,0
2.9074823882042136,0.11673225650938489,0
2.999091319734246,0.11935943487414638,0
3.004180359672564,0.12229971251492308,0
3.0390794228840265,0.12357407933675217,0
3.129961475497163,0.12505686299219088,0
3.0605272322927086,0.12466231342480466,0
3.0990615776086967,0.1262559708301502,0
3.1575890869795296,0.12726689280088577,0
2.9169335891639525,0.12799566142917812,0
2.9005748196935883,0.13176916738918265,0
2.888942094463116,0.13336023037822964,0
2.908209267121109,0.13675752543347414,0
2.926385677643737,0.13716003161187548,0
2.96491913543968,0.14019386269264109,0
2.7686139017953044,0.14514560601500395,0
2.799513799683771,0.14848258139321113,0
2.796969279714612,0.1533415705627231,0
2.796242400797716,0.15596336346981746,0
2.87840013136801,0.1606549390457864,0
2.85513379338702,0.1638781537083836,0
2.849317874531806,0.1676567684169041,0
2.916570593465527,0.1732851579524083,0
3.0445323460408145,0.17759633744128467,0
2.931111721883629,0.18139990569061448,0
2.994001392275884,0.18527488405556336,0
3.1223270280696416,0.18989129809813757,0
3.090700251264279,0.19276867681802598,0
3.2077561575259903,0.19383105165994063,0
3.286641601690184,0.196797563490861,0
3.242291337518982,0.19981499966016553,0
3.1241446691219044,0.20300397321528177,0
2.927112556560633,0.20681242815136458,0
2.91802435129932,0.21157755381543086,0
3.0005450775680385,0.21734278267464718,0
2.946379729218627,0.22291285354494456,0
2.955830930178366,0.22855543026734707,0
2.883125288087857,0.23252235685080527,0
2.9692821839811465,0.23773049100158353,0
2.892577376567641,0.2437745819650896,0
2.9965467997650874,0.24946593426551922,0
3.055438192354391,0.25549130033221606,0
2.818780972341765,0.2599114448478696,0
2.8278691776030787,0.26771173104414636,0
2.8271422986861827,0.2727609647794356,0
2.9307478386651584,0.27806521798736256,0
2.8006045618191377,0.2836317138778915,0
2.9140251859763238,0.28999717596994345,0
2.844954825990339,0.29582421115362934,0
2.9103899038717977,0.3010007263246443,0
2.995456037629721,0.3055528542659514,0
2.859495954408441,0.3109121060067027,0
2.908936146038006,0.31494886680775847,0
2.8602237208453825,0.3198092882268467,0
2.796969279714612,0.32450285300514614,0
2.888942094463116,0.3298160309292282,0
2.9005748196935883,0.3347769281855668,0
2.9002118239951624,0.3384457245148209,0
2.8834891713063278,0.3444778421330433,0
3.0172677302568736,0.34931587525361246,0
3.1216001491527456,0.3567957232654304,0
3.0005450775680385,0.36117353270659885,0
3.0183584923922404,0.36403311619542017,0
3.0623448733449714,0.36882218047142906,0
3.21793512492267,0.3736576828961344,0
3.214299842818145,0.37756830829915616,0
3.246653498540404,0.38127834518628256,0
3.3902471416691595,0.3856572293522719,0
3.362619530186793,0.3880127084195446,0
3.351713683873217,0.38965387702256543,0
3.147047123884424,0.38864267172446515,0
3.1343236365185847,0.39624220446328573,0
3.1801285460436235,0.40123004846943383,0
3.2117553228489863,0.4071673667427329,0
2.9885484691190958,0.40904342999570925,0
3.090700251264279,0.4159258910553934,0
3.0808851670860693,0.4208451778819893,0
3.181582303877416,0.42590720572817414,0
3.2597408691247134,0.42998317350535525,0
3.29064076701318,0.43405931409848664,0
3.256832465937084,0.437410365980621,0
3.1695856954284727,0.4444460852705315,0
3.123781673423479,0.450008889419398,0
3.1288707133617963,0.45491862628325336,0
3.2441089785712447,0.4590034111823916,0
3.280098803918074,0.46314042152165913,0
3.3902471416691595,0.46530179048939857,0
3.405879032222628,0.4673136175145912,0
3.306635653265074,0.47292731621281014,0
3.356439728113109,0.4762039871869422,0
3.521845063869017,0.47879983985645286,0
3.53347778909949,0.48182940723105283,0
3.5680129690924822,0.4854964741215315,0
3.557470118477331,0.4871190048663467,0
3.4502292963938297,0.4884081417259397,0
3.557470118477331,0.4921977915524134,0
3.591278419553427,0.4974045829749236,0
3.585098617479743,0.5015513828692333,0
3.5305693859118605,0.5053448027067433,0
3.620360676389631,0.5105337882434519,0
3.5043955322632865,0.5128610693456944,0
3.49021739954361,0.5190064371562092,0
3.502940886909449,0.5245583875553496,0
3.568375964790908,0.5305118737808808,0
3.50330477012792,0.5376731634854519,0
3.53347778909949,0.5464907464127239,0
3.571648251197008,0.5561512043034789,0
3.5709213722801114,0.5603837031208282,0
3.71306037005503,0.5679402895688299,0
3.8224827164092647,0.5769515938546251,0
3.819210430003165,0.5842137632091036,0
3.760682920632332,0.5886788581271892,0
3.7839483710932766,0.599031878831666,0
3.846838929005576,0.6083876376388266,0
3.9628040731319207,0.6158269487264596,0
3.986797290029807,0.6200846702563689,0
4.076588580507577,0.6293389684005921,0
4.105670837343781,0.6346476693130265,0
4.1445681783581945,0.6388210261695615,0
4.051505488994369,0.6415685963482255,0
4.0216963532412695,0.6472360036326463,0
4.135116977398455,0.6525878451828397,0
4.06168445639105,0.6574384806673367,0
4.098037277436304,0.6646931859244632,0
4.0569584121511575,0.6700029408203103,0
4.053323130046632,0.6752899259227254,0
3.944991545827764,0.679897225363126,0
3.912274006887035,0.6866249911822313,0
3.965349480621125,0.6964021739197606,0
4.099854918488567,0.7038976420259153,0
4.064228976360209,0.7131870644386912,0
4.113668280469728,0.7208539389257886,0
4.159473189994767,0.7256729217286321,0
4.2212729857717,0.7341615197789759,0
4.303793712040418,0.7418367470331694,0
4.337965896334985,0.7479330654673171,0
4.414669816228446,0.7537332004040074,0
4.306338232009578,0.7644785615854424,0
4.38086151515235,0.7754184961503136,0
4.402673207779502,0.7822083747185941,0
4.409943771988553,0.786904300158702,0
4.502643465653953,0.7932715671560572,0
4.575712990962932,0.8008098226384387,0
4.393222006819763,0.8054658553642431,0
4.39431276895513,0.8138110430404806,0
4.385224563693816,0.8266266139125482,0
4.400492571028814,0.8351518400037818,0
4.1362077395338215,0.8429092289301284,0
4.24817371833717,0.8527666592669206,0
4.20854949840586,0.8601321349678096,0
3.9311772963265583,0.8708626246886425,0
3.890462314259882,0.8821287461476245,0
3.820665075357002,0.8942296379201715,0
3.774860165831963,0.9113756652494958,0
3.7657719605706497,0.9281211440178456,0
3.92899665957587,0.947317037667095,0
3.98897881430054,0.9584490529164384,0
4.0656827341940005,0.9762317450644868,0
4.152566509004187,0.9920691879140884,0
4.289979462539213,1.0128324063312073,0
3.951535231119919,1.0326455304762099,0
3.964258718485758,1.0577938283698076,0
4.03550971522243,1.0813703782823376,0
4.097673394217834,1.0982079799420432,0
4.017333304699803,1.121002684063492,0
4.052959246828162,1.1460576058040985,0
4.086040668987361,1.1685339534302837,0
3.9871611732482775,1.188055702668939,0
4.030784558502583,1.1974997156685347,0
4.126391767835567,1.2167654942111932,0
4.245266202669586,1.2368421677712824,0
4.376863237349399,1.2646655567819955,0
4.20854949840586,1.2866111310450754,0
4.094038112113308,1.3025708852901203,0
4.077315459424473,1.3225260588491732,0
4.051868484692795,1.3331874841943678,0
4.023150111075061,1.359197417335378,0
3.8621069363405742,1.37597640659308,0
3.994794733155754,1.402988743251712,0
3.9351764616495535,1.4243076728996567,0
3.963167956350391,1.448540110927639,0
4.031511437419479,1.462036003450546,0
3.9529889889537113,1.4872531906263666,0
3.9126378901055054,1.5132763478240683,0
3.996612374208017,1.535837245792883,0
4.104580075208414,1.5607303083425756,0
4.054050008963528,1.5760795547463229,0
4.030056792065642,1.599349913405643,0
4.096582632082467,1.6150085680441657,0
4.124938010001775,1.6423317396794828,0
4.195099132123126,1.6705462806967861,0
4.284890422600896,1.6920722769018945,0
4.157655548942504,1.7104367033622987,0
4.172196677360605,1.7350219075410498,0
4.299431551018997,1.760427368912884,0
4.422667259354393,1.7867523278401056,0
4.415033699446916,1.8149139315606568,0
4.453931040461329,1.831929661396161,0
4.499735949986369,1.8515456172731473,0
4.483377180516004,1.8760414903383218,0
4.534998008896257,1.9087500734827612,0
4.3903136036321335,1.935703731294815,0
4.496827546798739,1.96703203298459,0
4.505188873143156,1.9911691727570744,0
4.701130223569061,2.0123877707034796,0
4.662959761471544,2.0356942184849625,0
4.740754443500372,2.057683256555535,0
4.811279448840192,2.083136433854901,0
4.877805288857017,2.100002533343882,0
4.821094533018402,2.115674628490821,0
4.862173398303549,2.1337732625112027,0
5.033031657216245,2.1484031701283377,0
5.026487971924091,2.170901930272246,0
5.013764484558251,2.1814639042076065,0
5.075200397116714,2.1994456051837004,0
4.921428674111323,2.211939563235444,0
5.095922215128545,2.228915413738243,0
5.051571063437298,2.248334761901468,0
5.1264582297985415,2.2575340355691416,0
5.1177339077556985,2.271079699716248,0
5.155176603416274,2.291630046138958,0
4.997405715087887,2.3003696102540396,0
5.042119862477559,2.320819885642816,0
4.919974028757486,2.3383125223871906,0
4.751297294115522,2.35981915434071,0
4.945421003489164,2.3832132656559746,0
5.015946008828985,2.405949227417946,0
5.036666939320771,2.4359797876072067,0
5.041392983560663,2.4660463316351606,0
4.998132594004783,2.479123616671454,0
4.948329406676793,2.5000255961580358,0
5.027941729757883,2.515690065811411,0
5.123186830912486,2.5231608740526923,0
5.287501404533028,2.5528494071054437,0
5.324581104495179,2.563241419403437,0
5.34457515607007,2.584495123642193,0
5.472173912946931,2.6036489287123508,0
5.475081428614516,2.613525672796862,0
5.489986440251088,2.62974427700782,0
5.410737112868424,2.6399753231700167,0
5.392197706647371,2.6574742881639146,0
5.430731164443314,2.674015792666113,0
5.420552197046634,2.678322225113297,0
5.563418961258494,2.6919417832582173,0
5.659027058111522,2.7022608889546755,0
5.790987976009806,2.7093592088983116,0
5.776809843290129,2.7182665022054864,0
5.853150767485165,2.7278272921284046,0
5.69719752020904,2.7468791809977633,0
5.388198541324375,2.7549440174134885,0
5.167537095083688,2.7629454930739903,0
5.229699886559047,2.7975036077469375,0
5.549968594975758,2.814243994070845,0
5.908770761188413,2.843080554461802,0
6.15233466219162,2.865981257849255,0
6.089081108580894,2.8966912071840643,0
6.13961117482578,2.9114047417119195,0
6.531858646416105,2.929769087597403,0
6.466786564233073,2.9493476578288638,0
6.821226569424305,2.9755936635255873,0
6.8015964010678855,2.990159882131606,0
6.349003779054465,2.994552874002624,0
6.551488814772525,3.026659828387961,0
6.371178467380044,3.0304922197837842,0
6.553306455824788,3.0619882535736545,0
6.5035032684967975,3.0795586484663406,0
6.453336197950337,3.0955447551223783,0
6.107984398020418,3.1141030276674635,0
6.187596721101508,3.1337290562477795,0
6.476238652712857,3.1674364793675074,0
6.840129858863829,3.1876447793824334,0
6.731071395728065,3.207297203272801,0
6.422800183280341,3.2316422003404037,0
6.563848418919894,3.2572043001638957,0
6.144337219065672,3.2795503602361094,0
6.218133623291548,3.3206653138235596,0
6.004014974822971,3.3511350796783765,0
6.146881739034831,3.3882794168982406,0
6.006196499093704,3.4341624966352255,0
6.176690874787931,3.4911790186643605,0
6.363544907472567,3.5224731494919888,0
6.468968088503805,3.5558824909789237,0
6.4071682927268725,3.5916557050230713,0
6.666364084283548,3.647263924426448,0
6.431888388541655,3.6906940826230135,0
6.411894336966765,3.735925861919621,0
6.497323466423113,3.7913122092094094,0
6.394807801059459,3.837973466171835,0
6.691811059015226,3.889331976279665,0
6.617650771570879,3.9313647328023196,0
6.702353022110332,3.9864487743207793,0
6.619468412623142,4.0413056411868595,0
6.517680513696429,4.086138900252896,0
6.551852697990995,4.126825429482842,0
6.511136828404274,4.162101592802029,0
6.512591473758111,4.199227535966114,0
6.729253754675802,4.243846208589911,0
6.912108622037442,4.268733472967984,0
6.785600627295946,4.312588806981898,0
6.749975572687633,4.336573773120317,0
6.761608297918106,4.373554786871773,0
6.682722853753912,4.4020847795391,0
6.717621029445329,4.445119421953943,0
6.498413341038435,4.4973177491781815,0
6.533676287468368,4.547871235844864,0
6.5569417379293125,4.587221017359006,0
6.339551690574681,4.635424550004502,0
6.414801852634349,4.676971215309514,0
6.568574463159785,4.732291116583519,0
6.609653328444932,4.7901599282988165,0
6.550035056938732,4.8411552324171705,0
6.553306455824788,4.870400194303911,0
6.552215693689421,4.915559805168155,0
6.460606762159388,4.966402013669258,0
6.477329414848223,5.013334185377895,0
6.498413341038435,5.071524129135329,0
6.638735585281136,5.115978808382771,0
6.622376815810771,5.172442489908103,0
6.543491371646578,5.223969755022921,0
6.6260120979152966,5.281237822485766,0
6.580934954827199,5.360596874739332,0
6.627829738967559,5.429014637872536,0
6.805594678870837,5.476112540781263,0
6.941190878873646,5.53909556865876,0
6.777240188471574,5.606776280500932,0
6.693264816849018,5.669444653362393,0
6.558759378981575,5.737653313231241,0
6.4682412095869095,5.811612513836025,0
6.520225033665588,5.888480012496729,0
6.419891780092712,5.967781858084326,0
6.410439691612927,6.014685354573548,0
6.6085625663095655,6.093852791477587,0
6.705624420996386,6.167962154979939,0
6.732889036780327,6.2457758182694665,0
6.725982355789747,6.307637919910739,1
6.799778760015623,6.364892530761959,1
6.940827883175221,6.429871786167183,1
6.62819362218603,6.494496436971794,1
6.612924727330987,6.560703077114779,1
6.648550669459346,6.644581623360154,1
6.563121540002997,6.725278846455178,1
6.566029943190626,6.820662249307051,1
6.550398052637158,6.89600719989223,1
6.483872212620333,6.975479850723483,1
6.592930675756097,7.077315973090569,1
6.569301342076681,7.155843737294726,1
6.705624420996386,7.257317623669635,1
6.703443784245699,7.351283959977542,1
6.7572461368966845,7.4485663834051055,1
6.815410650569092,7.56661799431874,1
6.914290146308176,7.684085301077316,1
7.066608111479774,7.813014607015368,1
7.341798789288343,7.932841243954429,1
7.501024322970567,8.044406340730957,1
7.401417948314588,8.153771181495872,1
7.573729965061075,8.275225905198248,1
7.664249021975787,8.44291375048465,1
7.683152311415311,8.56473342693089,1
7.684243073550678,8.647401370631101,1
7.659885973434321,8.713150421144077,1
7.7053269997408895,8.845955379494995,1
7.824564430273334,8.956918415126141,1
7.848920642869645,9.06225886548613,1
7.823110672439541,9.125943344951162,1
7.684606069249103,9.229931373226488,1
7.78566708925892,9.344584468907458,1
8.037228433388073,9.457748687656563,1
8.182276721870666,9.573373243856478,1
8.005965539801181,9.695565128208738,1
8.023414183886867,9.791345487605819,1
8.163009549212672,9.921910444849741,1
8.328777880667007,10.050326483721282,1
8.40112052705909,10.210556578581777,1
8.498182381745911,10.310501392650584,1
8.397121361736096,10.425553987380948,1
8.54653181124011,10.548662879901272,1
8.792640232212475,10.65457500978214,1
8.894792014357659,10.818684879488185,1
9.137265153225496,10.980396600375785,1
8.784642789086528,11.034452194125095,1
8.892246606868454,11.172032261518083,1
9.37464925215502,11.249150097099205,1
9.484071598509257,11.32572693566392,1
9.622938309878071,11.38319907473345,1
9.998464016299607,11.467589845820005,1
9.670196977236904,11.593689753010995,1
10.202765805549886,11.686103553142777,1
9.29867132365841,11.720233244462413,1
9.141263431028449,11.813532413289499,1
9.436085164713482,11.932828621678816,1
9.410274306763334,12.03480710877401,1
8.986763941586117,12.043545467516376,1
8.856984547958566,12.08517953934509,1
8.920601984787762,12.12284798831446,1
8.984583304835429,12.169917596985595,1
8.915149061630974,12.187588851241529,1
8.980948022730903,12.219163165969402,1
8.789731829024845,12.289156540325125,1
8.908242380640393,12.342434864366558,1
8.906787735286557,12.38067599153137,1
8.977675736324803,12.420537720717846,1
9.386281089865449,12.515886482742696,1
9.36810467934282,12.54938061414664,1
9.722908567752524,12.527243074577628,1
9.659291130923329,12.535320191477997,1
9.298308327959983,12.647051229464045,1
9.228147205838637,12.736980624533073,1
9.202700231106956,12.813189045613006,1
9.262318502613155,12.86190715989248,1
9.185250699501225,12.976879816736703,1
9.258683220508631,13.058287556720586,1
9.313939330993408,13.121553199979958,1
9.485889239561518,13.220091760499034,1
9.58040657427918,13.274708808355582,1
9.77343863399741,13.291152173587431,1
9.849779558192443,13.329424300827727,1
9.658201256308006,13.36190032293743,1
9.704368274011426,13.41145089753468,1
9.749809300317995,13.466789359057513,1
9.75380846564099,13.545815698815511,1
9.66038278057874,13.590853568755769,1
9.731270781616988,13.702227445608232,1
9.69382631091632,13.781472155887545,1
10.017730301437558,13.783468770802838,1
10.070805775171648,13.816634046891243,1
10.094798992069531,13.845871467068292,1
10.086800661423542,13.916769744015046,1
10.243117791918136,13.893533846939114,1
10.214035535081932,13.8992514833099,1
10.293647858163023,13.97093826148625,1
10.596104039275575,13.958686862129422,1
10.734970750644395,13.906626055070658,1
10.726974195038494,13.83882941276646,1
10.90328537710798,13.871031584975198,1
10.161687827784784,13.871205121213555,1
10.32527552248843,13.859099131129362,1
10.163505468837046,13.850010104228215,1
10.122789599250323,13.85135923576884,1
10.568111657054695,13.822364813414618,1
10.732791001413752,13.792306433414312,1
10.613188800142794,13.91457638755475,1
10.614644333016676,13.906766846537273,1
10.762235366428335,13.916685502065821,1
11.176657526344242,13.924277752231463,1
11.12176618659798,13.963075112260494,1
11.2566337326438,13.951081934169965,1
11.220280911598548,13.913126902072005,1
11.118856895890303,13.8309153559864,1
11.7412179022011,13.773527427792828,1
12.003684205123784,13.727508815899306,1
12.283600927172246,13.742346604291871,1
12.528620361049336,13.622241131205781,1
12.90487205886772,13.477662224051729,1
12.90559805026457,13.427981479707244,1
13.711540802853904,13.323480486678365,1
13.772612832193897,13.199051863139905,1
11.57508480000825,13.06251204747331,1
11.24282037066264,12.979510773785831,1
12.265062408471238,12.923363994281418,1
12.32577055459276,12.776491243525214,1
12.111288910425756,12.69194063332222,1
12.437738308436195,12.606162456436522,1
12.800174869233333,12.533613484481819,1
12.628952727102163,12.394120113287435,1
12.875425918813049,12.335363391322288,1
12.337768050561747,12.238637303098711,1
12.695115571420564,12.158230563916431,1
