signal,anomaly_score,is_anomaly
-0.6767520014819994,0.6656314684251464,0
-0.6861933372342084,0.6963311669573533,0
-0.7354450466226503,0.709607534191644,0
-0.8761791250117599,0.722147353995638,0
-0.8258793651823352,0.7397855731714321,0
-0.5521117146102889,0.7645888558509798,0
-0.5240563813014717,0.7771671775818334,0
-0.6787281982880983,0.7867527471161098,0
-0.7048273188034664,0.804613462617295,0
-0.6265499412699707,0.8182758069150363,0
-0.6769718256211112,0.8341633321310793,0
-0.5632228256413573,0.8485450908423641,0
-0.6097611502016561,0.8479359879893421,0
-0.5763190152618816,0.8561255378007223,0
-0.6433120869880826,0.8575120403625307,0
-0.6712586184502727,0.8579727920309442,0
-0.7885869771394742,0.8518887253594282,0
-0.6879474894553335,0.8590832172905577,0
-0.6657652354185253,0.8574377975608969,0
-0.5856315651548135,0.869558424809754,0
-0.5316325425400831,0.8650967584521038,0
-0.7385026005574665,0.8789040621554028,0
-0.6055578462085068,0.8607554167880302,0
-0.5594458472513055,0.8509808678902541,0
-0.2446865458510716,0.8653510882153471,0
-0.0417688814458446,0.8689724474036725,0
-0.1440714830712756,0.8670354195414814,0
-0.0606781983004403,0.8710390361354975,0
0.1259258504482716,0.8887443352722176,0
0.1090837686795766,0.8993476897771577,0
0.1780508167659981,0.9083184796661313,0
0.0067078923411152,0.9230691098539753,0
-0.0900236106478555,0.9099172605273096,0
-0.14036777939425,0.9301241873231516,0
-0.1851719357460901,0.9318800931783737,0
-0.2075007392089757,0.9444398510316128,0
-0.1833267452451218,0.9406994465436301,0
-0.3620149045402691,0.9185124991776819,0
-0.3638267883534778,0.9247930757825327,0
-0.3882583540358815,0.9366514378809209,0
-0.3676770414565642,0.9457373558614359,0
-0.5558909134462026,0.9627783310155844,0
-0.6210299128880413,0.952829033783404,0
-0.645294945131697,0.957764695313374,0
-0.6582867737973098,0.9699975224507236,0
-0.5093281639815382,0.9612296752684536,0
-0.4254730264740129,0.955092960796117,0
-0.3844169827161891,0.9680578139524315,0
-0.4067702110834029,0.943377974503035,0
-0.4347011994246628,0.9341325723927354,0
-0.0818790152717642,0.9434410655514608,0
-0.1014122774100823,0.9505872648703233,0
-0.2242739871563228,0.958393825486583,0
-0.2111800179816357,0.9377812825570012,0
-0.006428265304717,0.9182003611480979,0
0.1780508167659981,0.9106112318897968,0
0.1055266144286324,0.9155746178939437,0
0.0252685991973428,0.9311324946326882,0
0.001076841666701,0.9313422177868584,0
-0.0769918139569512,0.9329639526771303,0
-0.1014122774100823,0.9456203478575177,0
-0.116269280589305,0.9404590340197656,0
-0.036628549304185,0.9302875356565445,0
0.1297250332968146,0.918344018127646,0
0.209112633755084,0.9431145744483674,0
0.2929611099250731,0.9417537957777521,0
0.3122745479242793,0.946937864601959,0
0.3103427600351917,0.9684404917110294,0
0.2973043020067512,0.9878240428166833,0
0.3401011753106113,0.991241845721285,0
0.2823540401018646,1.0124836978824048,0
0.3364685259007789,1.0143555552280596,0
0.3548893446684821,1.0415208736516837,0
0.3028554166305781,1.0781122193040582,0
0.1055266144286324,1.1095523897502713,0
0.088715618901835,1.1149232309029722,0
0.1444621324001586,1.110668518753154,0
0.1613619457609372,1.1128822238221976,0
0.2556398560861517,1.1322792612403532,0
0.153978963311235,1.1362680458877943,0
0.1297250332968146,1.1425647885574928,0
0.0217425311882838,1.1418098507607888,0
0.0868237990380224,1.15071321300181,0
0.1427967980130105,1.1586859992538703,0
0.1985899408741618,1.1774442902824098,0
0.2486720970103283,1.1751332277191406,0
0.4482213450618088,1.1857957886311432,0
0.5636312385370117,1.1815276403807218,0
0.524611343623224,1.1951476967824168,0
0.5041721395782933,1.2086401817962893,0
0.3420396245372517,1.2462189595335147,0
0.3084109721460999,1.2728651432940679,0
0.3084109721460999,1.3232606574516734,0
0.2830756850029621,1.3196194290461405,0
0.3811261328265376,1.3117979374871576,0
0.287896272942281,1.326424332796265,0
0.176141233335414,1.3398878811900365,0
0.1744714580565503,1.3601022706308226,0
0.1744714580565503,1.373248287836956,0
0.001076841666701,1.3615528559327634,0
-0.0305489685681698,1.3690951093805583,0
-0.0012679491504075,1.3472315262433079,0
-0.0118195078273736,1.390402857280129,0
-0.1572498291882407,1.4045427980008962,0
-0.1181255733195045,1.4199312730771452,0
-0.0564793351989901,1.3901470857761635,0
-0.2093392683723871,1.4186922658652616,0
-0.1378209280048548,1.3923668597199135,0
-0.1609468715277095,1.4007586498129747,0
-0.0620770791856447,1.4078090872906144,0
-0.1311062997558655,1.4155662384744703,0
0.2395482850146105,1.3763902676534698,0
0.2638155377041239,1.3999305333882492,0
0.2522758806241209,1.4126025189742393,0
0.3439802942097374,1.4110342639271598,0
0.1725640950718076,1.4066730838909962,0
0.0327959106272521,1.4084093783294962,0
0.1278265520954616,1.3839660852561915,0
-0.0174416767183938,1.3874772388635492,0
0.0750043657809866,1.372522944611407,0
0.0551757843446645,1.3739641414076313,0
0.235948942292517,1.384041237180708,0
0.1873589257672311,1.3830853956093923,0
0.0525823035924208,1.3774688424451322,0
0.1971555328553608,1.3674474019880085,0
0.1892707296436729,1.3487471951237897,0
-0.3472800258827829,1.3316564281607166,0
-0.3862266460835608,1.308257394489279,0
-0.2764855508621852,1.2822418306011056,0
-0.1757194977646294,1.239623417907026,0
-0.2166956054718702,1.2081502556590753,0
-0.1701817058159121,1.162876916700103,0
-0.1422196312327711,1.1002500032223252,0
-0.2931455560712269,1.0388794262355425,0
-0.2297829133090169,0.991560198060591,0
-0.2917777614279201,0.9425052628759828,0
-0.3322964572901451,0.8995257116540631,0
-0.3061373847368356,0.8717262962265598,0
-0.2970224545245117,0.8412394337449505,0
-0.2373524132100549,0.8223323121946595,0
-0.2166956054718702,0.7855483538449607,0
-0.3152434331657488,0.7546133171135556,0
-0.2803691106530269,0.7242540024107805,0
-0.3889378104658255,0.7111836869888868,0
-0.3778600061225164,0.6876812736861667,0
-0.3529510445824927,0.6714085693755015,0
-0.4692802026394013,0.6482784922299168,0
-0.4306511061951105,0.6103800076945456,0
-0.4369482906243797,0.5893937879678889,0
-0.2774003745521959,0.5667399657146213,0
-0.2570522087871001,0.5351737328780767,0
-0.1011791305958981,0.5071408637836899,0
-0.1011791305958981,0.47116328166903904,0
-0.0061951184905163,0.44224601555982584,0
-0.132032225675124,0.4052242979689786,0
-0.1632561352112256,0.3863215170835837,0
-0.2474354578127907,0.35880531440800717,0
-0.258424444322106,0.34271518716228033,0
-0.1985279175310177,0.32255646571440943,0
-0.0669709418380147,0.30252136221070103,0
-0.1551692714272304,0.2814298210549763,0
-0.1032707905861395,0.26376285456169635,0
-0.0714007313078285,0.2516113655271963,0
0.0998422730538337,0.2280658054260721,0
0.1425592103071107,0.21221023231456376,0
0.2366683667477567,0.20061281259081193,0
0.1411314636258459,0.1959668044166873,0
0.1804377960542395,0.18397987055286788,0
0.1461252463414447,0.1767213329831951,0
0.0771315529048247,0.16112457819650086,0
0.1268762012718584,0.1539355366355486,0
-0.0427036891485012,0.14527491599838752,0
-0.0550782338679279,0.1378603660561062,0
-0.1287903747348132,0.12400703401736293,0
-0.1148792814874946,0.11591374410009768,0
-0.0403655596689453,0.10662890941976468,0
-0.1125566951288896,0.09447733173945355,0
-0.1287903747348132,0.09410304847048197,0
0.0582422200628747,0.08821055812810993,0
0.0346810691534914,0.08424190254080129,0
0.0913202018833346,0.07791893196563388,0
0.0349142159676962,0.07387491558460697,0
0.0393884143545007,0.0685902634370638,0
-0.0068967793789639,0.061864263453730355,0
0.0464538730477159,0.05841919786486663,0
0.0438626127413094,0.05022766479980501,0
-0.1190514992387671,0.04399805520366754,0
-0.0776890339537038,0.03665400722052323,0
-0.127398155187145,0.02849055845092168,0
-0.054378793425334,0.018416760812327713,0
-0.0228262579034935,0.0031930542133098614,0
0.031385927512796,-0.009547036769091775,0
0.0511678795862656,-0.021135779856768105,0
-0.0052558698961607,-0.03329694785229888,0
0.0048316155982534,-0.047103304322373675,0
-0.0052558698961607,-0.06070156914363546,0
0.0229171470426774,-0.07184094450344815,0
-0.0223577438292466,-0.08725566997593025,0
-0.0216560829407949,-0.09960062505490183,0
-0.0263367827916058,-0.1190017021719749,0
-0.1449951885446763,-0.13763912740285425,0
-0.0473755072159181,-0.15576644969813888,0
-0.1519340818244558,-0.1823900906329602,0
-0.2988454405669724,-0.20106800939159888,0
-0.3920997253555531,-0.21802509890993435,0
-0.3216138923080485,-0.23412739130770407,0
-0.4742095924253638,-0.2574385752234681,0
-0.3850964391461372,-0.2724085835473991,0
-0.4571676705302193,-0.2919550080088335,0
-0.4605338664381079,-0.3054228988902273,0
-0.5438805218460948,-0.3208415548079218,0
-0.63294926620831,-0.3340635554937672,0
-0.6461764621339648,-0.345635820563543,0
-0.6241207735105757,-0.35742508672869683,0
-0.5780931514956567,-0.3634881382607325,0
-0.5998046710123767,-0.3694882312883388,0
-0.4427947245461901,-0.3682254264633343,0
-0.4639000623459965,-0.3816483099078177,0
-0.3079581503334384,-0.38855277939075517,0
-0.2325340457165773,-0.40207344552862284,0
-0.2233547225746171,-0.40943874029234556,0
-0.2256506635830402,-0.4315107928568825,0
-0.3170641987623682,-0.43874319325053035,0
-0.3787637275832713,-0.4480052226860485,0
-0.5621126027165796,-0.4525586001239205,0
-0.6197043067158673,-0.4543166007378049,0
-0.7404654746884518,-0.4599259297004138,0
-0.8791922700295813,-0.46011545039796503,0
-0.9221534563262944,-0.45662750260748847,0
-0.9606604282488652,-0.4475881135992543,0
-1.1163714138930556,-0.46075105908354286,0
-1.1886247218367785,-0.45181681324523204,0
-1.0868994361322255,-0.4561044167487577,0
-1.096382960355584,-0.44388109836059797,0
-1.261388732325902,-0.4604700200315979,0
-1.2302691837447322,-0.45344063662121803,0
-1.136319899405236,-0.44964779348293216,0
-1.1195244469993892,-0.44274664912740014,0
-1.068964895005578,-0.4368309921727632,0
-1.174007526809334,-0.44058638952695317,0
-1.0416800564065438,-0.4267711136525422,0
-1.1927969395880509,-0.43126457365997706,0
-0.8662670547394669,-0.41539200979179314,0
-0.9350053969033784,-0.4121103492198838,0
-0.8576428430598728,-0.40208312103547317,0
-1.1195244469993892,-0.3945996509201111,0
-1.257243159924832,-0.38844601363366166,0
-1.0816280976854518,-0.3812643540879535,0
-1.10480511146285,-0.37099252670769695,0
-1.3192135831393903,-0.3493939153107595,0
-1.4967315674718225,-0.3426172465553296,0
-1.4387313014362293,-0.33002017167546316,0
-1.520965513473597,-0.31466491090024623,0
-1.549562635569712,-0.2984609583924606,0
-1.4785172501681214,-0.2825744268779711,0
-1.461688491074536,-0.26944986704046764,0
-1.4297762433250758,-0.2588168371997701,0
-1.4257039456370404,-0.24685827621840428,0
-1.4157186006516964,-0.22963761746382286,0
-1.5001688176469044,-0.2123150979123421,0
-1.2053024906126082,-0.18720580673440432,0
-1.2952993813399438,-0.17013749210876114,0
-1.419999620249596,-0.09725767209514084,0
-1.4947087413028957,-0.07741386703280931,0
-1.3438916183110712,-0.05544584910596246,0
-1.1482703389674065,-0.03620214586152052,0
-1.2862133169236598,-0.017407375861683713,0
-1.180484567352403,-0.00033572375961138124,0
-1.247915066910953,0.013835493059845633,0
-1.163553667749727,0.029817993829904736,0
-1.1279266140940096,0.04389263380814626,0
-1.1058553823496695,0.0612694020933933,0
-1.1537170926363218,0.07291694584993079,0
-0.979005751857676,0.08622544629862153,0
-1.1075384803036223,0.09568289363398316,0
-1.0480327519820556,0.10616498615353757,0
-0.9474132483105646,0.11700771088727978,0
-0.8597988959797713,0.12569989154569555,0
-0.9195799595866964,0.1325205681016735,0
-0.8761791250117599,0.13710996978362405,0
-1.0047607032663917,0.14603530144305385,0
-0.9469847022616094,0.15342199307339266,0
-0.957029999284874,0.1577443646864817,0
-0.7796763279453114,0.16657442685963558,0
-0.8474976259733792,0.16653592906897555,0
-0.8580736095546859,0.17279970755864413,0
-0.8185185871911573,0.17432974616658392,0
-0.8925282678018631,0.17674682968506866,0
-1.0138978379372026,0.17990892729770921,0
-0.9875278230281792,0.18420029740995572,0
-1.0501488368766418,0.1839581739914485,0
-1.122886202015579,0.1815031534600486,0
-1.1620881734890447,0.18295062468640563,0
-1.199678101275747,0.18814922124505684,0
-1.1455458519100488,0.1919809570492014,0
-1.0247225114536649,0.19931355879797344,0
-1.109643462968977,0.20115959394962094,0
-1.1417733144116915,0.20700060340789112,0
-1.2671863164390431,0.20414307355490038,0
-1.244804222275769,0.2051533723422709,0
-1.1882072780170791,0.2144277763071348,0
-1.2472933420730887,0.219444749464829,0
-1.1886247218367785,0.2203642853859792,0
-1.216755550304488,0.2214029335781431,0
-1.2787726028818946,0.222774602773206,0
-1.3274469963494462,0.2201971656086148,0
-1.1212053245074842,0.21487679293750833,0
-1.1980105464427615,0.21600312449966313,0
-1.21488149400748,0.21524424048254134,0
-1.257243159924832,0.2108683483298933,0
-1.1994693793658868,0.2105864790747087,0
-0.9915734753660326,0.20675880796350626,0
-1.0634692915279933,0.19802290546155885,0
-1.1361111774953758,0.19335924922479725,0
-0.902413692723974,0.18475884929440922,0
-0.8338840724699019,0.16281063574201537,0
-0.8929590342966762,0.14915534172229078,0
-0.9028422387729296,0.13793144196223184,0
-0.7635758750903597,0.12465978366168591,0
-0.8050804489097847,0.11941250157877706,0
-0.8167844189826572,0.1090576070479028,0
-0.6945266705074932,0.10012624018916715,0
-0.6732370357022087,0.08365037786711636,0
-0.753770386218836,0.06968766590795163,0
-0.8619571693455277,0.0633097944592913,0
-0.9971046059772136,0.05559086889089629,0
-1.0310840888125703,0.051826911494635655,0
-1.0287526206705715,0.038776319678025854,0
-1.0096479045812048,0.03672876769351145,0
-1.024298406296409,0.024085245322240767,0
-1.0761413759912613,0.01210112512333096,0
-1.1927969395880509,-0.005038057855570592,0
-1.1637623896595866,-0.026263101168186455,0
-1.1382072783773372,-0.041183389790233706,0
-1.0276934680003371,-0.0588653568718875,0
-1.1287659426251282,-0.06522876930089755,0
-1.1396749930838728,-0.07806167614354607,0
-1.0763545387928164,-0.08955212803550106,0
-0.9195799595866964,-0.1003394641715317,0
-0.9450617961559156,-0.11956586817536848,0
-0.945274958957454,-0.1400036357054062,0
-0.6490386168340141,-0.15763786745843555,0
-0.6659850595576371,-0.17498269054146665,0
-0.5478839857127946,-0.18676412735246425,0
-0.5838574289210384,-0.1952426400632235,0
-0.6670819598073053,-0.2061396994581116,0
-0.5865175230487805,-0.21541253447922773,0
-0.5838574289210384,-0.22686766871007089,0
-0.534083914757965,-0.23073657129222708,0
-0.6210299128880413,-0.234932251506324,0
-0.4486344971304642,-0.2351665616502318,0
-0.4791389822113262,-0.23537784589691577,0
-0.5487743844984606,-0.2374332098309426,0
-0.6250045109586848,-0.23680554473981344,0
-0.6549849708190575,-0.24066952838007066,0
-0.6657652354185253,-0.2417822013116177,0
-0.549664783284106,-0.24190275979381548,0
-0.4481859670688673,-0.24328935222127526,0
-0.2391865014817673,-0.23885663321093484,0
-0.1229950110675296,-0.23001615800886788,0
-0.2026712694862462,-0.2207886227511715,0
-0.0326539512335208,-0.21280584349263587,0
0.0306798257326452,-0.19918277000211065,0
-0.0802492080182128,-0.18599627300698057,0
0.0158672314704296,-0.1711861086164856,0
-0.0216560829407949,-0.15115080376963153,0
-0.0863021434040254,-0.13204823941427074,0
-0.1738720868178239,-0.11663301831890582,0
-0.0944400774425639,-0.10070022658096814,0
0.0393884143545007,-0.08300700126921062,0
-0.0122880219016205,-0.061226398146203447,0
0.1088461809736768,-0.038178990200709126,0
0.0641419446850697,-0.022529285647969837,0
0.0913202018833346,-0.00644066512880242,0
0.0610732885210223,0.011269806260851268,0
-0.070004070868482,0.022942284830294254,0
-0.0380296506352265,0.034086304202612175,0
-0.0487766085469596,0.04783428750855534,0
-0.0251666078289072,0.061139060141613855,0
-0.0122880219016205,0.07519071101263748,0
-0.1405987057626178,0.1061744063781592,0
-0.0263367827916058,0.1177029858883992,0
-0.1449951885446763,0.1490739681457143,0
-0.1590972401350462,0.16090741618672233,0
-0.1028044969577505,0.1716149797575061,0
-0.1355050029837818,0.18585743064881666,0
-0.0438716436653585,0.20133540415718226,0
-0.0723310981187861,0.2410907212827951,0
0.2174925963912214,0.27586028260069234,0
0.2985100041030422,0.29602883884383224,0
0.4084020896421735,0.31431402432917976,0
0.3738319682108332,0.32736115981145886,0
0.277535672608387,0.34246490085887815,0
0.2566013091390068,0.3650589016472679,0
0.2318722037127826,0.388127399298768,0
0.3769916626547196,0.4215541328177368,0
0.3379206974863679,0.4463318946853668,0
0.4685561881518074,0.4704746612834073,0
0.3660581872916301,0.49078334000694235,0
0.3381627260839668,0.5168218934043535,0
0.4712540298589873,0.5423578373972742,0
0.469291155727998,0.5677590996994274,0
0.6097476783859327,0.5887111980200017,0
0.5700660906089684,0.6023649856515991,0
0.7568477750256428,0.6185120785687772,0
0.8555288294704934,0.6262914479728685,0
0.7757548714343974,0.6333396438702728,0
0.7863575003659068,0.6413179952558249,0
0.9417820484955118,0.6539987189842289,0
0.8684984536775984,0.6571898477438777,0
0.9777088623409071,0.6596136720685339,0
1.1207832906554305,0.6601896995626033,0
1.0968513252891965,0.6632148501672253,0
1.1711585456437432,0.6685598060565029,0
1.2341215081530212,0.6684042796114036,0
1.0356980261472692,0.6658293129907092,0
1.0776378073532022,0.6741686188986813,0
0.9913401794111932,0.6793425804784209,0
1.004216544892622,0.6929697424649156,0
1.020461326727781,0.7049037101366001,0
1.12338787363693,0.7243070158635243,0
1.0307886203739527,0.7366941658748806,0
0.9664045725209502,0.7559647159674551,0
1.0279486701323943,0.7781732821184785,0
0.9184940124256248,0.8013651737995495,0
0.9944288195878864,0.8242524420842393,0
1.0981502861111676,0.8401689448360273,0
1.0055044034853418,0.8537402719087523,0
1.1067278684278925,0.8695948239914912,0
1.0799737163869003,0.8855279535508395,0
1.3587418110121026,0.9138292512059558,0
1.381115023391962,0.9376857388368617,0
1.3933852071564774,0.9618868179993404,0
1.2499199803724368,0.9793382359084343,0
1.281581317740904,1.005932649162921,0
1.2301779963242587,1.0370937753106186,0
1.2499199803724368,1.0683217157921256,0
1.3069787773678372,1.1078166752087704,0
1.3138666003930732,1.1530346407492944,0
1.5025467660111007,1.2022423294750675,0
1.4812748947726042,1.245139922687385,0
1.3728527443858665,1.28463426340368,0
1.4011279018337788,1.3363321917491238,0
1.2446508623715002,1.380760149279408,0
1.302475713184989,1.445336435055282,0
1.3313703750249284,1.4966323501206953,0
1.3725862908839268,1.5469945998365304,0
1.4345633754360214,1.6064777314341085,0
1.2102073063535914,1.642872173828836,0
1.347040061385067,1.6871166922963416,0
1.3128074477228595,1.7243379139592259,0
1.1795340673881651,1.7690839107040923,0
1.0499177613676602,1.829233974788183,0
0.982078699772788,1.906959389396194,0
1.0418997314050005,2.0011298900802186,0
1.0895771446861209,2.082730523012717,0
0.9525467699740328,2.1600391266490484,0
0.9782240057780024,2.2372032494780885,0
0.9962318216177012,2.2967270731420584,0
0.9126142718160798,2.369719166108805,0
0.96871605665032,2.4393542954972376,0
0.9671750672307332,2.516931679507517,0
1.1036081420093182,2.574072972410915,0
1.1978749501052974,2.6259585890232606,0
1.1351162686141474,2.6938247747256243,0
1.1020493890229397,2.758544574783392,0
1.06571179269536,2.8259553007718767,0
1.0235588486878682,2.915966120203082,0
1.0670085330714902,3.008121105688108,1
1.1654031500017512,3.0788176722167178,1
0.9895393978272156,3.1466335888872368,1
0.9998378256773308,3.2227295404712506,1
0.999580253958802,3.3086502702152405,1
1.114534956034851,3.4009110089042123,1
0.7727284037414828,3.4711708951359643,1
0.7118548807765926,3.561460965897894,1
0.801523145518206,3.6692295353159867,1
0.7997512297302722,3.756825930249709,1
0.7568477750256428,3.8550401194229673,1
0.8184806904710684,3.95998262788736,1
0.7311860823426034,4.069318289832876,1
0.7269161649739598,4.195475873106839,1
0.7053356517623703,4.31795279887014,1
0.6975663117348663,4.427510188149091,1
0.7906518426388951,4.53030178851924,1
0.8172150363368358,4.627335129205606,1
0.8243093608260907,4.719992798498772,1
1.062603168506017,4.806882040281715,1
1.0338883627798976,4.887056276361281,1
0.9489585294811952,4.954257031562381,1
0.9664045725209502,5.046590049808745,1
0.9589616380333272,5.136210945036741,1
1.1033483498449108,5.232791743366326,1
1.1763921365110832,5.3266995456250825,1
1.3114818415506857,5.408501359417888,1
1.2712828898907682,5.471259199150405,1
1.1654031500017512,5.557561779104328,1
1.1727284008593533,5.638758152516776,1
1.258881699821143,5.7326133969503195,1
1.187390004803809,5.810977103260567,1
1.202071592760894,5.866864940196736,1
1.1372012672668528,5.90824030204762,1
1.0838661579611402,5.975610232675166,1
1.0240739921249633,6.0306767042306335,1
1.0199461832906858,6.08056187493669,1
1.0341459344984474,6.1257065531488255,1
0.9689736283688698,6.161582819358442,1
1.1426791071776492,6.1840655709322725,1
1.0292387491709678,6.196043954723935,1
0.9707699690611278,6.208627532383829,1
1.0465537859056129,6.239045334909601,1
1.15285985139776,6.247116020995597,1
1.2215004939443008,6.230891735716918,1
1.1826737778194056,6.207936145468662,1
1.1803178847730411,6.205392846465744,1
1.2109955646301664,6.213985039353742,1
1.1837218282603843,6.231332893582504,1
1.263629013047448,6.209667377772297,1
1.339865800845229,6.182344301830317,1
1.4576271464750974,6.148182980584527,1
1.4699817071818948,6.105092867098502,1
1.5666066287700593,6.060334813017018,1
1.4678323155995323,6.0170910247962635,1
1.5766386031182515,5.982203127190197,1
1.518189807021057,5.935831229290037,1
1.3933852071564774,5.88833118781161,1
1.316782045793503,5.854645002057589,1
1.3667265342870027,5.802470009263942,1
1.5268295618215817,5.770416199759294,1
1.806594636633194,5.733905949375769,1
1.9484100721510416,5.650585845048306,1
1.9537369217440577,5.549003236911544,1
1.7911003654951767,5.464292263027547,1
1.889128608860265,5.407884977073104,1
1.924324896021169,5.344193408052708,1
1.9257237769063733,5.275847039783616,1
2.0263321783486123,5.192931780552135,1
2.176918374972094,5.098253497367966,1
2.17920765464296,5.0021033042787275,1
2.2457610780909545,4.87539364331222,1
2.1583443454407734,4.740171170277742,1
2.2112886562769893,4.631514996554839,1
2.2282262172172014,4.508847658612228,1
2.398378982666736,4.383091075797879,1
2.280912956334868,4.240216561688904,1
2.133528642626409,4.115198665469964,1
2.158630782955363,4.025375393504979,1
1.947850519796956,3.921330712416513,1
1.9341215031092944,3.831406501696143,1
1.9192889248344327,3.745037873439546,1
2.014201882672626,3.6569728442019485,1
2.107347365614596,3.5678961164517724,1
2.3187782194069078,3.482611207652441,1
2.3864329839962646,3.363120235731749,1
2.2155918803333714,3.253385300929256,1
2.190940490511877,3.1656603418029747,1
2.073003729659904,3.0769869952506674,1
1.9733878675123968,2.9847775200696605,1
2.056858867887957,2.9035961712403937,0
1.983226663071676,2.8143947629404225,0
2.0362153828248823,2.741713343335221,0
1.8774201978956933,2.6687457777230064,0
1.8046561874065703,2.5924537413633075,0
1.952897593212939,2.5320754914464834,0
2.035933386201992,2.451283329397913,0
2.0752708048722663,2.3824370674418582,0
2.224491427298299,2.3120642274893086,0
2.220758857825233,2.2220124355038156,0
2.019562038953401,2.135507612479975,0
2.023509991673859,2.0639837201780415,0
2.080939603126135,1.9901992066082461,0
2.17920765464296,1.9182545842849144,0
2.148068122049145,1.842199303809091,0
2.024358201988392,1.7559026772303754,0
1.9714227729355704,1.6790056315375492,0
2.075837018563909,1.608640009648652,0
1.9176124882180372,1.5335668313830488,0
2.0959831237566937,1.4644629765458737,0
2.0537458028069198,1.3913705581003446,0
2.108484233889556,1.3151608434805069,0
2.300552799873976,1.2235178936680118,0
2.2081334027247976,1.129238667765359,0
2.0263321783486123,1.0409363383117232,0
2.012509902935296,0.960790788208586,0
2.033672972327165,0.8865538750332818,0
1.993636113214276,0.8178615781882174,0
1.967208366713169,0.7583287550118185,0
1.982662669825895,0.7028152068079864,0
1.917052935863968,0.6518074399946722,0
1.954018918366948,0.6014684149927059,0
2.048936317096836,0.556728386360792,0
2.12470014992867,0.5137080151195151,0
2.140654053357562,0.4686465702854112,0
2.0625210048042733,0.4239275596771316,0
2.067903365543532,0.38158590085780464,0
2.1657695163616086,0.3399740108757023,0
2.143505105828355,0.29672603824648264,0
2.154631759980354,0.25440472005777987,0
2.0920063052401963,0.2169271892632807,0
1.9576648904518732,0.1809460624331263,0
1.83764757183889,0.1487591848135138,0
1.8980570216212325,0.12198799369776955,0
1.7681720416529303,0.09526779604379532,0
1.6525911738473011,0.07518391526668453,0
1.6771981547518051,0.05942719082208322,0
1.5997245786158147,0.04180404578581119,0
1.432689319139013,0.0277080077430862,0
1.3571475308921312,0.017846658928980068,0
1.4284038586494188,0.009394377703194946,0
1.364597126717307,0.0029200784154413805,0
1.325002136328466,-0.0028878187882607253,0
1.2023336053711386,-0.008025104927518689,0
1.1638355152319826,-0.010825520418366038,0
1.294801852329002,-0.013594362113431888,0
1.359274718015986,-0.020883217438210585,0
1.3202281777519789,-0.029738546045056286,0
1.1147947481992375,-0.038089925001031186,0
1.1075094653669273,-0.04486442424938233,0
1.0670085330714902,-0.053059206047801136,0
1.0137533598163444,-0.058858168968322834,0
1.061828232904535,-0.06395615222480448,0
1.0545762567599677,-0.07081728836507242,0
0.9085264310070936,-0.07650114135535742,0
0.9317944830643142,-0.08007860682438316,0
0.8690091562229781,-0.08262058382447744,0
0.7535748378434304,-0.08507747532495112,0
0.5903853905780203,-0.08545807274798588,0
0.8286192462200258,-0.08498686245109575,0
0.8769006207722229,-0.08805009218270371,0
0.83115499538019,-0.09173528287761985,0
0.8906629441476187,-0.09477910928541843,0
0.9384513797212198,-0.09922969290807207,0
1.0488830336017747,-0.10279514662440475,0
1.0670085330714902,-0.10823359015650805,0
1.0460386424685342,-0.11405615933931841,0
1.0276888779680036,-0.11884584145410347,0
0.979509643924885,-0.12285433997448962,0
1.0903565211793187,-0.1268295214997761,0
0.641100373781303,-0.131372947123421,0
0.695812159513737,-0.1333360522926708,0
0.7606247534156947,-0.13609000002774865,0
0.682047615692504,-0.1382759251349198,0
0.66430181246305,-0.13883382869918376,0
0.7141130742055614,-0.1419722612598648,0
0.8177212979905164,-0.14566047733999377,0
0.8947419031731901,-0.14808205875693856,0
0.7969712315266514,-0.15048957641197472,0
0.6356203134246486,-0.151450877567764,0
0.6343746433030619,-0.1526609220352839,0
0.8496823955486623,-0.1526853094483255,0
0.781812247711909,-0.15219686235858337,0
0.8136689843151269,-0.15116504567625827,0
0.8194932137784503,-0.14945776997513288,0
0.881994323551034,-0.1493303380074865,0
0.9869659010876176,-0.15005718630287515,0
0.995716678180606,-0.14973198588015288,0
0.9399901486949322,-0.14625686932757573,0
0.8463805925704101,-0.14266137869999052,0
0.8260834970598617,-0.14315016162737845,0
0.8506993597477598,-0.14193216389318666,0
0.9072496746436052,-0.1381846516254669,0
0.8025356688255879,-0.137246500311696,0
0.7883781060889756,-0.13440933841547828,0
0.8060750595097441,-0.12992377060604124,0
0.9676879902219874,-0.12603377244813255,0
0.8786836387893878,-0.11914288856761569,0
0.8626475788640724,-0.11529833560822436,0
0.9594745610245606,-0.10892907862040138,0
0.7833265917812973,-0.09878959958294545,0
0.8159493822025992,-0.09511417409309646,0
0.9034194055531688,-0.08754064079214191,0
0.8702814716947674,-0.07947659143715993,0
0.8260834970598617,-0.07498970149153866,0
0.6772936411286421,-0.0667926035302863,0
0.6331289731814752,-0.06625657742964182,0
0.6251642339192207,-0.06040513759887795,0
0.7088439562046248,-0.05828908765554201,0
0.7233989787483114,-0.05626733900524158,0
0.5616528212850922,-0.04948912011944063,0
0.3209786956544564,-0.050156563193590804,0
0.3355004115103877,-0.05315328540509135,0
0.2297139303470304,-0.05527281667946542,0
0.227076040677792,-0.05964952465136296,0
0.277535672608387,-0.060273972362780454,0
0.4010879410138275,-0.061247570714289434,0
0.5009724771091112,-0.06404522106475773,0
0.6600563199987471,-0.0616754738691046,0
0.6750443294830675,-0.05982774014764248,0
0.5978283250656433,-0.05336892335025473,0
0.7944421437040441,-0.053502641536997075,0
0.8590882041672911,-0.04569596921005932,0
0.8733345847378682,-0.037951185504612225,0
0.9077603771890056,-0.0330364222551429,0
0.8238008787265482,-0.022411871464335275,0
0.7053356517623703,-0.011321405587907146,0
0.732191944312449,-0.004894466220273269,0
0.6782950622067929,0.0045827920376592945,0
0.7689447640138741,0.008738213854867748,0
0.7407384403872972,0.02075509558137474,0
0.6308885433193152,0.029095418903857924,0
0.695812159513737,0.038673374781160605,0
0.6960630698947299,0.04654510149490344,0
0.7578558574413299,0.052864347426606006,0
0.8743537693828027,0.06723354542286238,0
0.7573518162334864,0.07930102464508491,0
0.8321697391334132,0.08760647257957856,0
0.8522248060463833,0.09605783031583544,0
0.8423193971116265,0.1080926618753087,0
1.0310461920924985,0.12031520906666834,0
0.9846521965124064,0.13730321330990544,0
0.9882537596803372,0.1560896523940773,0
1.0073096259610144,0.1789658759807045,0
0.9800225669161224,0.20032489277118246,0
0.7729793141224756,0.22563200047168627,0
0.7133603430625828,0.24591480155926337,0
0.6615529005013268,0.2635046930447278,0
0.6134758069672783,0.28003665324771143,0
0.4729704345006787,0.2904345643252827,0
0.5507748570682286,0.29840624428814205,0
0.5591792446087066,0.30785066558346225,0
0.5061394546009776,0.320793485364243,0
0.5300358928336153,0.3287583453901638,0
0.5792298706299778,0.3371732728697123,0
0.6855492587972016,0.34629052736845145,0
0.612729737161836,0.3586807712267856,0
0.6725441074565,0.3685823892130247,0
0.6573096284828652,0.38134126240060595,0
0.5186982963259195,0.3930575261644997,0
0.4425925148332524,0.4081243160656876,0
0.5347232540219831,0.41970496888576003,0
0.457282984573748,0.43979791782526506,0
0.4670840325535726,0.45560642765756004,0
0.3294452556787131,0.46503593741504046,0
0.2895860322337905,0.4718729759993806,0
0.3284771412883219,0.47619295812275125,0
0.2864507626942447,0.48127271704697266,0
0.2309107506599275,0.48127573075799357,0
0.1756638374777525,0.484110399718242,0
0.3369525830959766,0.472543792242266,0
0.3263011043557776,0.4748894038557136,0
0.3548893446684821,0.4818300573102322,0
0.4025512148286682,0.4859280615198901,0
0.394266731364069,0.49215484270594745,0
0.2719956602137953,0.5039723464297753,0
0.1911803130742776,0.5071366101396795,0
0.0205656948880284,0.5141650071560903,0
0.165412038990469,0.4911211846648551,0
0.1666044184116711,0.4909491612543872,0
0.1909405049225366,0.4951054976402689,0
0.3568322347868214,0.4980685407311294,0
0.4333021693988033,0.5110544019558486,0
0.2794630196057797,0.5215876793430928,0
0.3091348374930552,0.5239636287614854,0
0.3367105544983778,0.5266895232155403,0
0.2141397231584216,0.5322740131164743,0
0.2067189931292857,0.5341786555329043,0
0.1423216226012068,0.53161584170054,0
0.27223768881139,0.5279378495882913,0
0.3173527075821603,0.5279812607720435,0
0.2232413306956565,0.5342291806252714,0
0.2467491909046346,0.5377256586506391,0
0.2244403714543949,0.5427104245459232,0
0.235948942292517,0.5429726541965345,0
0.2837995503499009,0.5487832248232569,0
0.3325938478933478,0.5582947552372113,0
0.2498733582149285,0.5673753760271327,0
0.1875987339189928,0.5714481211159455,0
0.2813903666031724,0.5706142552937005,0
0.2630938928030265,0.5761164369845088,0
0.155644297698379,0.5762842316144315,0
0.237387791203017,0.579130557797093,0
0.2850052524461961,0.58579453923262,0
0.3113086539797458,0.5899116797181717,0
0.4367238764529343,0.5977692317807453,0
0.2801846645068772,0.610450985381935,0
0.3381627260839668,0.6169403971305147,0
0.3597454597414141,0.6262564083295384,0
0.2587662438422993,0.6351510066583546,0
0.3886689873773936,0.6439971831962024,0
0.4052312929690354,0.6513669714325062,0
0.5041721395782933,0.6656528388004229,0
0.4457744137356259,0.6732681631349902,0
0.1782884044718979,0.6931125651447279,0
0.3142085562592247,0.6983796343914286,0
0.3502819195307016,0.7090380854522111,0
0.4793497754263723,0.7134508122835603,0
0.4352583821922565,0.7260076463802481,0
0.6194421449649675,0.7387340817405382,0
0.535957821914318,0.7586231493275863,0
0.4428389843225462,0.7715935518286847,0
0.4665933140208222,0.7795175514545519,0
0.3621724070549512,0.7849195588903749,0
0.327266998300311,0.8022044318587421,0
0.3171106789845656,0.8128799391061189,0
0.2667043377543718,0.8199889318381847,0
0.2736831990594429,0.820142487092553,0
0.2638155377041239,0.8251378487759409,0
0.3088928088954605,0.8340952978249118,0
0.1697019403717583,0.838105361903034,0
0.3551335937119387,0.8458861051251823,0
0.3867216563673551,0.8551204103025932,0
0.3967025604610001,0.8647975399344624,0
0.4940890949755741,0.8796464865643508,0
0.4230414891281258,0.8828947530434784,0
0.4337906674857166,0.897568352451346,0
0.3984100833192768,0.8973916429597288,0
0.3493138051403103,0.9054119776708498,0
0.2674237622096115,0.9176712236779807,0
0.216773171935961,0.9268182641025314,0
0.1897481255013344,0.9259758482126952,0
0.1055266144286324,0.9339816890336947,0
0.209112633755084,0.9355013651603222,0
0.0792587400286793,0.9339309756469026,0
0.1359023136502009,0.9253100317191941,0
0.1408938759199626,0.9311786962057435,0
0.1668420061175709,0.9336494335356021,0
0.2246779591602946,0.9430662857406046,0
0.2309107506599275,0.9591963480254119,0
0.2246779591602946,0.955237672816424,0
0.2232413306956565,0.9572102844274425,0
0.2703125622598593,0.9707778312891241,0
0.3180765729291156,0.9814342871301405,0
0.2939270038696066,1.0055155888018077,0
0.2813903666031724,1.0054578931766385,0
0.2859689259448883,1.0012788150011227,0
0.2141397231584216,1.0051036981028882,0
0.1577892483890257,1.0126684047828463,0
0.1706567320870606,1.0176903506042383,0
-0.0448064513679944,1.0121492852755898,0
0.0186871976993254,1.007920586357653,0
0.0686272453011301,1.0196355731095637,0
0.1211785372219665,1.0276411830325531,0
0.2024157690729033,1.040832693113474,0
0.1601695663397351,1.051097096727362,0
0.1813903673237006,1.062891300162406,0
0.2119858906843809,1.0886862885023991,0
0.2467491909046346,1.1147107169258479,0
0.382829214793136,1.1303130102688594,0
0.2842813870992573,1.1370096924656683,0
0.1368526644738084,1.1474932466952392,0
0.1739940621989095,1.1414149700472902,0
0.09771064503828,1.1462211796933652,0
0.0547050498245598,1.1517472632846963,0
0.0142218810959314,1.162019098350497,0
0.002719971595362,1.1757964518652573,0
-0.0310152621965754,1.1893558085282563,0
-0.0345235666388298,1.1882844062046631,0
0.0457477712675692,1.1954078182889427,0
0.0064747455269144,1.2166839457005054,0
-0.0052558698961607,1.22401145684547,0
0.0634336224590818,1.2242839908992114,0
0.0830401593104302,1.2284121325236037,0
0.1007904034315833,1.2547546077167748,0
0.0714605342051355,1.261690797295117,0
0.153978963311235,1.2784213976829106,0
0.1537413756053311,1.2991516998455162,0
0.1166710321474232,1.3139868934809693,0
0.1392307619786558,1.3438172023235153,0
0.0252685991973428,1.3595802764513134,0
0.0412713524349028,1.347795367240392,0
0.0681542903351677,1.3324777984718896,0
0.0036569997438557,1.3399535959821427,0
-0.1283263015522447,1.3561106260770985,0
-0.1593303869492511,1.3506948756326869,0
-0.1343481506961763,1.3388282384579275,0
-0.0693024099800344,1.3351120809940011,0
-0.0118195078273736,1.33694179288197,0
-0.0401346333005982,1.345457426394834,0
-0.0909517570129552,1.3355017641472258,0
-0.0681366759090142,1.330412574393497,0
-0.0382627974494314,1.3185893550047258,0
-0.0583445097126,1.3159604971635084,0
-0.0448064513679944,1.3152023272073283,0
-0.0005662882619599,1.2988121753321986,0
0.0262100682375356,1.2985924114212493,0
0.018922564959388,1.290296370620853,0
-0.0333533916761147,1.2652908329541936,0
-0.0282086186427561,1.253697048728834,0
-0.0909517570129552,1.244476239733426,0
-0.1062905969415179,1.2294972449187214,0
-0.1002509842307777,1.2228657044443592,0
-0.1246181569835407,1.199693431617913,0
-0.0704681440510339,1.179738266646159,0
-0.0237632860520079,1.1682502620774555,0
-0.0532108389084725,1.1599618674028658,0
-0.096300811064479,1.1593595945112487,0
-0.1584044610299885,1.1524609582406862,0
-0.1699507794475485,1.1452475112795575,0
-0.0900236106478555,1.1421641628078238,0
0.0445687145214601,1.1485812401065358,0
0.0589505422888626,1.1442255050486034,0
0.0123433839072284,1.1477012382511342,0
0.1007904034315833,1.1382969552781448,0
0.1821075713331032,1.1381162280572668,0
0.1782884044718979,1.13486610649299,0
0.1995447325894642,1.1466088437578827,0
0.1363774890620046,1.156433045693292,0
0.1081356383018311,1.1711395963699993,0
-0.0099432310845284,1.1736633107925767,0
0.0041255138181026,1.1741224898620681,0
-0.0450395981821993,1.1814695581073709,0
0.0299737239524985,1.1715426989175841,0
0.1363774890620046,1.1789527000286162,0
0.3023735798812382,1.1685863867335462,0
0.3313814844594998,1.163912494718976,0
0.2748866807098802,1.1614845610431543,0
0.2837995503499009,1.1555831904248506,0
0.280426693104476,1.1548973004337029,0
0.2655008561039178,1.155515507814448,0
0.1211785372219665,1.1679096503984752,0
0.1316257349440212,1.1643308132772963,0
0.1221266675997162,1.1758064373439614,0
0.1180943379369724,1.1749300588675484,0
0.0092902708641112,1.1792966360991308,0
-0.0118195078273736,1.1711877276846283,0
-0.0263367827916058,1.1621168226251661,0
0.0679189230751257,1.1493258753919227,0
0.0558841065706731,1.1285960478814963,0
0.0925036995211221,1.122254186598019,0
0.0733501336230738,1.116098451425895,0
-0.0188449984952931,1.1166905545917545,0
0.0135179997616219,1.1182240478537304,0
0.0728793991029857,1.1152291875143021,0
-0.0076006607132734,1.1157088326546758,0
-0.0303136013081071,1.10568743245973,0
-0.1324962988576759,1.0941845220843984,0
-0.1489275981442077,1.1055898524792582,0
-0.1419887048644075,1.113267808861176,0
-0.168103368500743,1.1165247943861507,0
-0.147770745856598,1.1261247974604227,0
-0.1199818660497246,1.1236784807165607,0
-0.280595596129679,1.114132288848357,0
-0.2673439752996794,1.1104335566395187,0
-0.2130185471450472,1.1131998272387686,0
0.0398591488746095,1.1049402758879554,0
-0.0286771327170195,1.0779900793332347,0
-0.0335887589361774,1.0770853274464323,0
-0.0655742813986681,1.0751403304887115,0
-0.025870489163196,1.0780923197963042,0
-0.0076006607132734,1.0729148304493972,0
-0.0844391893362732,1.066370719807901,0
-0.1473088931198874,1.0785718975791594,0
-0.2026712694862462,1.0707087301767246,0
-0.2394152074042773,1.0622045303329068,0
-0.2593392680121127,1.065657773833502,0
-0.2320766338715822,1.057030404799158,0
-0.2451439576960666,1.0523978527048004,0
-0.257738326554601,1.0482996309874946,0
-0.147770745856598,1.0501942055773776,0
-0.2210587815662105,1.0499536881155875,0
-0.2465184136769262,1.0548523259243303,0
-0.2543055172712389,1.0585401068081166,0
-0.2988454405669724,1.0479689812362354,0
-0.4295253401494066,1.0384852866426457,0
-0.4728662226864018,1.0403084464482282,0
-0.4616551915921168,1.0520085015922473,0
-0.3490941301418495,1.0590540937924509,0
-0.346598349006981,1.0624071478456223,0
-0.3758238572784967,1.0645206816455637,0
-0.3241141143346366,1.0670473478061087,0
-0.3204770240330887,1.0673158692290083,0
-0.3891642959424776,1.071648499637427,0
-0.3056821933376817,1.0867635025019877,0
-0.2588818561671177,1.082743928397521,0
-0.4031597661320741,1.0792941141117633,0
-0.2751155357730412,1.088085679786273,0
-0.3556710907481514,1.090327714424958,0
-0.323887628857968,1.0946687208868329,0
-0.3787637275832713,1.0941134045604304,0
-0.4259237769814719,1.1028965766531422,0
-0.3828360252713273,1.10600197378395,0
-0.5019562837610878,1.108051623414423,0
-0.5581135797415746,1.1153169812694348,0
-0.5209344344370397,1.1234954258657421,0
-0.6011347180762456,1.126783197560083,0
-0.5354206231593702,1.1260242917563152,0
-0.481827942135108,1.1061447347932407,0
-0.4600853363764903,1.0861643687441787,0
-0.4391976022699585,1.0679336590804107,0
-0.4661427126540185,1.0584480395534703,0
-0.4885403499382395,1.0470821813018931,0
-0.4369482906243797,1.0389297736785543,0
-0.3936806828004356,1.0215108355939952,0
-0.3583445075509864,1.0204090144119449,0
-0.3602030207270437,1.0243595603275297,0
-0.3495471010951497,1.0370807554938377,0
-0.2746581239280296,1.0491168227954293,0
-0.1773337618972507,1.0531089869426564,0
-0.1241540838009929,1.0809945654071331,0
-0.1315681524925762,1.097389429324814,0
-0.1734124545269752,1.1033577050039232,0
-0.1676437362098901,1.0999205727028458,0
-0.2205991492753577,1.1261018233545608,0
-0.2572809147096059,1.1216372830298014,0
-0.2295519869406699,1.117086482248692,0
-0.200368667140287,1.1130100518698445,0
-0.126472229267903,1.1067627307862193,0
-0.1216050119657192,1.0934638271268093,0
-0.1039680105828922,1.0569099233009116,0
-0.1747957922912287,1.030157491188244,0
-0.2760281390171901,1.0043300050648027,0
-0.2831069203854983,0.9795540708289164,0
-0.377542482366046,0.9615504080552763,0
-0.3724287955745683,0.9505486079592066,0
-0.3481881882352368,0.9581866616285657,0
-0.3911960038947982,0.9592102371602628,0
-0.3896150464499323,0.9670039331449166,0
-0.3760503427551447,0.966688106409993,0
-0.3116019019725225,0.9617034656201039,0
-0.2794542869630202,0.953094551181687,0
-0.2652167881758207,0.9309432114017147,0
-0.2673439752996794,0.926180629415577,0
-0.2915512759512514,0.9182016529642777,0
-0.3722045305437574,0.907880263828051,0
-0.3873546325751059,0.894167514819607,0
-0.3722045305437574,0.879722545961597,0
-0.405191474084399,0.8667185296546026,0
-0.392323990386364,0.8650485130688389,0
-0.3787637275832713,0.862146817618777,0
-0.2668865634546636,0.8494602033732919,0
-0.2554490468837348,0.8350330246954535,0
-0.2595679739346185,0.8128744071717972,0
-0.2178435759760817,0.7911547302113524,0
-0.3045431046168642,0.774299396331195,0
-0.2931699809755676,0.7721819737222199,0
-0.2414780015984955,0.7646869932408117,0
-0.1611777978960565,0.7683080944485643,0
-0.0676726027264622,0.7575708924292125,0
-0.1824052602175789,0.757022708286246,0
-0.1590972401350462,0.7627112043736707,0
-0.132263152043471,0.7500249472291045,0
-0.1982992116085119,0.7411370244863342,0
-0.1796385846890512,0.7145124391233162,0
-0.2655165483655197,0.7111241544650618,0
-0.2394152074042773,0.6954734456176007,0
-0.2462897077544204,0.68808222880889,0
-0.2364331486283492,0.6682358060691618,0
-0.2258815899513872,0.6546316579166286,0
-0.0746625662607892,0.6496406716768872,0
-0.0374234689183129,0.641784947224803,0
-0.002911079079052,0.6436251272777971,0
-0.002911079079052,0.6338755615215536,0
-0.0949041506251117,0.6262468315028017,0
-0.1125566951288896,0.619899961564676,0
-0.0454370579892736,0.6102722723820244,0
-0.1260081560853346,0.5947711998464719,0
-0.2033596076995884,0.5881378331395437,0
-0.2072698128406121,0.5878639820337391,0
-0.196918094290112,0.5925218604603688,0
-0.1614087242644201,0.6060757688304447,0
-0.1704126321842591,0.61929586659876,0
-0.1273759507286579,0.6243681302184833,0
-0.1542455659538298,0.6849684033826802,0
-0.2380385309775765,0.6867825387883738,0
-0.2336820162207888,0.690482352307325,0
-0.2547629291162339,0.6913124949349947,0
-0.2345990603566367,0.6848923137638527,0
-0.3113754164958745,0.6768392851214029,0
-0.3669975850266202,0.6706824498138155,0
-0.3774070351692163,0.6776122127426608,0
-0.3722045305437574,0.6681689842681017,0
-0.3828360252713273,0.6584344076023358,0
-0.3599765352503957,0.6652073531284272,0
-0.2469758255219212,0.6747319177680525,0
-0.2970224545245117,0.6632778867315832,0
-0.3261613654078875,0.6691647367056838,0
-0.4099276850814481,0.6650721430026265,0
-0.4459410963149876,0.6670552478378377,0
-0.5086575893349883,0.6738043169155814,0
-0.5754308369220733,0.6819822109639984,0
-0.5643330485661144,0.6796815375518155,0
-0.645294945131697,0.6888517684065748,0
-0.7011036311138157,0.6917066399066181,0
-0.7089884343255036,0.6982344254517975,0
-0.712052649597852,0.717052540283026,0
-0.7953193689552516,0.7264333021276135,0
-0.7679501534139354,0.7397454394685244,0
-0.8091149990183862,0.74957648893248,0
-0.7140221850663775,0.7769616100985884,0
-0.6951195295493179,0.7897626154695356,0
-0.6340306233370274,0.8037120171160509,0
-0.6267697654090659,0.8024409166126898,0
-0.4193934457380019,0.789298614017044,0
-0.3186562584364859,0.7861695834891671,0
-0.1459211144639389,0.7503803881562452,0
-0.0776890339537038,0.7031688304884216,0
-0.1551692714272304,0.6639964899135838,0
0.002719971595362,0.6295663314025814,0
0.3047872045196657,0.609896812039401,0
0.3270271901485741,0.5758983984450377,0
0.1753063456959905,0.5378329317907824,0
0.0728793991029857,0.4987919936035207,0
-0.0697687036084234,0.4601342283073527,0
-0.1248490833518878,0.4253778316401013,0
-0.1102363292161217,0.3930927134488503,0
-0.385320704176944,0.3508114939939072,0
-0.4858558309061568,0.308447445244337,0
-1.0524758641269665,0.27227628514075225,0
-0.9834799502444846,0.25539258104358453,0
-0.8526779261403344,0.2364616118353401,0
-0.781850144431998,0.22591971176760323,0
-0.6199241308549626,0.20724988579842696,0
-0.3243428202571218,0.19538180179705014,0
-0.1551692714272304,0.1769187357835089,0
-0.3574829745613809,0.1491292962590502,0
-0.3647327302600947,0.12015076766309227,0
-0.500617354913825,0.09431488064258607,0
-0.6984724027821134,0.07879322988804496,0
-0.7738054691191563,0.058660162457045084,0
-0.7796763279453114,0.05033679363622842,0
-0.6095391056167072,0.03355450384687093,0
-0.6681810805028107,0.020469608438290505,0
-0.5494427386991528,0.00751096272478685,0
-0.5396505725027222,-0.00506365201411121,0
-0.5576672701258149,-0.023912758971918982,0
-0.4414469139155332,-0.038053003601089465,0
-0.5909939418814262,-0.04842018286860642,0
-0.6778489017316676,-0.06573123067707769,0
-0.6620260046079278,-0.0741802005789455,0
-0.6659850595576371,-0.08352598898549078,0
-0.6815814712047288,-0.09728117841527904,0
-0.7688005841743056,-0.10589617054449979,0
-0.829558643955016,-0.11355458410629204,0
-0.7426481729585322,-0.12715800795746543,0
-0.7404654746884518,-0.13506034933254912,0
-0.7186162875290649,-0.14551209735158144,0
-0.6428702182640177,-0.152281946059697,0
-0.51580298407877,-0.16072551171274085,0
-0.4894351896156004,-0.17104426931860992,0
-0.5924994041674205,-0.17411049878289653,0
-0.7148970407310926,-0.18326825332835728,0
-0.7894551714666326,-0.18961418109384257,0
-0.7175238281710957,-0.19715683505238277,0
-0.7131473294016624,-0.2046716676339109,0
-0.7692357915608137,-0.20813615168311486,0
-0.6995693030317817,-0.2148132036016434,0
-0.7426481729585322,-0.2212632207181161,0
-0.7738054691191563,-0.22443079927070214,0
-0.747011349052856,-0.22949929331726107,0
-0.5723244331785715,-0.23167882769896078,0
-0.5487743844984606,-0.23377200769622147,0
-0.4459410963149876,-0.23362271392319636,0
-0.5019562837610878,-0.2326518785142926,0
-0.5859646320322515,-0.23047679694756704,0
-0.5949130288058481,-0.22946814443299132,0
-0.4481859670688673,-0.22729021718467282,0
-0.3828360252713273,-0.22308420483833052,0
-0.2668865634546636,-0.21971893335348422,0
-0.1934630805482463,-0.21537722087755334,0
-0.1796385846890512,-0.20669686904174306,0
-0.0613776387430508,-0.19559654648601332,0
0.0252685991973428,-0.18420540860778276,0
0.2150967353195818,-0.1698840695129706,0
0.1809129714660432,-0.158514206724386,0
0.1549315345806961,-0.14591915423511648,0
0.2045673811011028,-0.13300439787436358,0
0.2664623091567729,-0.12150108675542219,0
0.122364255305616,-0.11222237449173122,0
0.0551757843446645,-0.10082588943066091,0
0.214859147613682,-0.0890588742311969,0
0.0806753844806717,-0.08025855719832033,0
0.0382093576084123,-0.06643887700335574,0
-0.0212119937708929,-0.052210672650476804,0
-0.0835088225253322,-0.03263731635390036,0
0.1067123325122818,-0.011541984555511779,0
0.1675569896811157,0.006506281710974567,0
0.0530552585583626,0.02380732140113251,0
-0.0005662882619599,0.042733410254236,0
0.0064747455269144,0.06519037977856766,0
0.0462185057876574,0.09939226807220791,0
0.0252685991973428,0.12400124962410841,0
0.0539967275985719,0.1561859853332354,0
0.0287968876522472,0.18245710143005692,0
0.0462185057876574,0.2379583085194041,0
0.1685095609505768,0.3155372548885808,0
0.0984211877101257,0.3407466842337849,0
0.2174925963912214,0.3739386408181918,0
0.1221266675997162,0.40416446069178813,0
0.1632670882998222,0.4394082582987463,0
0.2293053683107209,0.47579709634250433,0
0.3507659767258993,0.5109446262799952,0
0.3628518634848953,0.5507560693082456,0
0.3161425645941702,0.5926019591031365,0
0.4108401391849666,0.6401440545245509,0
0.4401478039529066,0.685457514961337,0
0.5804688794140118,0.7298753389610088,0
0.6450882945270603,0.771105792048932,0
0.6960630698947299,0.8067530333597118,0
0.8012700146913554,0.8470012059673545,0
1.0186561042521085,0.8850270272722254,0
0.9246291043078826,0.9158511271926201,0
1.043969186936759,0.9470154936128297,0
1.210469318963836,0.9844320228136635,0
1.04293445917089,1.018478727418479,0
1.00756719767956,1.0577642558384999,0
1.10464953111274,1.099382403708381,0
1.211519589850656,1.1325010911730882,0
1.218347460837967,1.1648913574099857,0
1.0437116152182135,1.1934383230656362,0
0.9599874840158188,1.2319742419716873,0
0.9576782203323028,1.280214837801581,0
1.0643395571603584,1.3291858837662092,0
1.1067278684278925,1.3793213651899807,0
1.173774230854474,1.4153129290554625,0
1.218347460837967,1.4589369074319227,0
1.351294435632764,1.5001429469486378,0
1.156909944627292,1.54363739115191,0
1.2130961064038186,1.5986419324796488,0
1.0721932741301443,1.6409397234755025,0
1.06571179269536,1.6819298752253293,0
1.1411136928537342,1.7252080793856845,0
1.1554733161626538,1.7651041719165843,0
1.1124521778279828,1.8027318991751318,0
1.2961252380553183,1.8404805794115704,0
1.3348209478750992,1.8648506566561107,0
1.3053889381395607,1.8851884663674006,0
1.1640975278422272,1.9155383056995157,0
1.1499888149143005,1.9440267602513026,0
1.1400700833044548,1.9822316768146533,0
1.1163557216314703,2.0245653413058373,0
1.020461326727781,2.063422518919707,0
1.087760819981213,2.1070383348893396,0
1.121305095430062,2.1437491187316766,0
1.1554733161626538,2.1809486075684172,0
1.2062704558623651,2.213067583932228,0
1.1586085857021955,2.2379540424936835,0
1.0823096254206193,2.2604614326223116,0
1.165665162612,2.290585272557585,0
1.1606980252465997,2.311622299125779,0
1.0162802271931144,2.338127944809539,0
0.9052068644620328,2.37233272508474,0
0.8124033301808903,2.4195982734399077,0
0.8397814275056046,2.4719369752902582,0
0.7691978948407248,2.525247136768182,0
0.8501930980940626,2.5801715957619304,0
0.967945561940537,2.6345518247667545,0
0.9381960284485114,2.6706837868805127,0
0.9733390249090308,2.704465500547756,0
0.9276999809177918,2.740562709812882,0
1.061828232904535,2.7887795277850644,0
0.959729912297269,2.8369253712223865,0
1.0153010105734714,2.891289765027975,0
1.0144239344629151,2.9458116799649168,0
1.1072496732025403,2.9949845805517734,1
1.1059484919347111,3.0301265498293803,1
0.968203133659066,3.059568345921813,1
0.9715426842167728,3.0958176362305108,1
0.9029087030077684,3.1331209584626682,1
0.9184940124256248,3.1569893644100437,1
1.0178811686506262,3.1689002688971817,1
1.1314658556375272,3.1648720209562895,1
1.1763921365110832,3.1661789746163773,1
1.1038701546195628,3.1725106941738925,1
1.1661869673866314,3.191627619261912,1
1.0934740271520558,3.199993965812547,1
1.046296214187063,3.2146358268178488,1
0.980280138634668,3.22643970336734,1
0.8499377468213707,3.255849252727064,1
0.781812247711909,3.275870995898753,1
0.7830756814003044,3.3008711561953104,1
1.0055044034853418,3.3205437904334,1
0.9504950780090664,3.3275781486792764,1
1.1085508544703695,3.330508684164538,1
1.2491295016500037,3.317521843677195,1
1.1267740535574646,3.293053490687763,1
1.1108912043957668,3.2838318111823277,1
1.039186346576878,3.2665509003625823,1
1.0822052644656872,3.2614740591566953,1
1.1601762204719477,3.2531012683619513,1
1.1866039669730752,3.2407740214496727,1
1.1944665657262594,3.238615770136401,1
1.1646193326168586,3.2504133359147094,1
1.1997090383769933,3.260683143609336,1
1.1997090383769933,3.272421417350765,1
1.1554733161626538,3.2812107949045366,1
1.2631027673811008,3.302432824513627,1
1.2994070570209413,3.3131102235733216,1
1.2919463589665097,3.326541566954902,1
1.3952548225617865,3.3401657427970264,1
1.3332288882009855,3.339353571070606,1
1.5869547945351716,3.3531847191942474,1
1.661879298835888,3.3498194020485346,1
1.7197085905410592,3.3301176246043216,1
1.674462565465175,3.3108805615994275,1
1.659145929995116,3.302736326685346,1
1.6550492074027356,3.296384252466814,1
1.5951038308029453,3.294103622049898,1
1.7171817231642892,3.2964523867648925,1
1.6968979503288335,3.2956014555482454,1
1.7257548645893357,3.2848127917616123,1
1.735822366071104,3.266997281438539,1
1.8201704425572376,3.253023616730145,1
1.937760813856684,3.2285725450815526,1
1.850983569611172,3.192917591714872,1
1.889685940768489,3.1815482050928496,1
1.7960786050898288,3.168957331373225,1
1.804933743137745,3.1567664474147814,1
1.792481482813593,3.1354280598080746,1
1.830433343273773,3.1205171529545073,1
1.864612666235596,3.112642343728522,1
1.919570921457328,3.102155615082889,1
2.0070142994576905,3.092425817426949,1
1.7841903380114368,3.0732133451654557,1
1.9153742788017103,3.082926467341269,1
1.917052935863968,3.0846800761647257,1
2.007718180792,3.079136615388483,1
2.083777332921819,3.07380358752906,1
1.954018918366948,3.0569208734857214,1
1.7952481583421045,3.0470038128669894,1
1.7477439398372303,3.0511224985948857,1
1.8375099041962235,3.059715130875797,1
1.7510768290573804,3.0632931634234857,1
1.7301557882631098,3.0676971445753436,1
1.5752841311500378,3.068073900979419,1
1.5923860050831198,3.080287082850688,1
1.707076474103087,3.0937225910130484,1
1.6637933231581714,3.0985906783140567,1
1.7581600513173836,3.1073184307280455,1
1.7640331305893966,3.1100001600347027,1
1.7208077112365812,3.1022977393365356,1
1.752011636760037,3.098950691889295,1
1.6441268342688815,3.0974574830306825,1
1.6720000910180413,3.0822434359554225,1
1.6791166199657832,3.057130051710802,1
1.576367708724613,3.022504789335592,1
1.5211585431218717,2.998391553064835,1
1.527369130163001,2.980427317635121,1
1.3864463138766978,2.9681487414455567,0
1.5392618381330878,2.953787154183314,0
1.5482435415944398,2.9436105877969108,0
1.6719179345216169,2.9255531729226134,0
1.6741894506256785,2.900134221623538,0
1.693363000536377,2.8710792637361617,0
1.675830360108482,2.835727069900196,0
1.694648638683255,2.805234698210895,0
1.6206767056519829,2.76608530260112,0
1.5378296505601443,2.724389664295106,0
1.6195864667398716,2.692865389908202,0
1.683770674466412,2.657923745363107,0
1.759097079465898,2.6257899660870905,0
1.731805579529307,2.5906988485670768,0
1.7676191506363803,2.5373584063597483,0
1.7472199146167413,2.495710488481155,0
1.6152321724289418,2.4604332225584455,0
1.5435872666479735,2.433037327722333,0
1.6076093818275026,2.4083914856336803,0
1.542776803912895,2.3715690088952535,0
1.3883159292819862,2.331312072336676,0
1.3098920023224132,2.306925163751732,0
1.172204375638864,2.2972830719093773,0
1.2582488727540266,2.2851904058284376,0
1.3106869219365576,2.275448251741447,0
1.4225152362564757,2.2622505636984016,0
1.355282356378517,2.252417816150848,0
1.3101562353785157,2.2416219699090045,0
1.2652144113840087,2.2255158587448496,0
1.4163623808074135,2.2246480814783456,0
1.2961252380553183,2.2120765896465557,0
1.230702021544748,2.197379923173686,0
1.3236743097104549,2.179858979359218,0
1.1507726322991971,2.164478363048812,0
1.100228623426316,2.1455059095199767,0
1.032338491576917,2.1409537120760795,0
1.0535415289940986,2.1346393410210305,0
1.021880191625631,2.135720953257921,0
0.9335863828648938,2.1391797819897223,0
0.9433208174692242,2.1471072611550412,0
1.038537976388811,2.148072299636129,0
1.0165910896120487,2.1486790801371893,0
1.1111532170060114,2.149238383565295,0
1.2141463772906589,2.146919540912213,0
1.2130961064038186,2.1385941443283447,0
1.2913646021539409,2.1323241761467497,0
1.2631027673811008,2.12107291102222,0
1.2895127503154198,2.1148999755883358,0
1.3629984057056364,2.1064817551300368,0
1.4225152362564757,2.0914024835545066,0
1.3957877295656698,2.076856151009665,0
1.3915178121970262,2.064703155418702,0
1.5327736953607671,2.053699773799222,0
1.5087484712688526,2.036033796760513,0
1.5187293753624769,2.0182360560674804,0
1.475894754479183,1.9952905560592582,0
1.6157761816620808,1.9812116603000425,0
1.6005394822425885,1.9518266806453326,0
1.6166199510848944,1.9228233033324356,0
1.7015897524088923,1.8898516875426197,0
1.6851406895555725,1.8540296751866352,0
1.5001220391434211,1.8196360234247773,0
1.5625409924195808,1.7899416868111562,0
1.476434322820619,1.757706875868259,0
1.4632648584870478,1.7267546205070956,0
1.5760968143309535,1.6961404882089892,0
1.7670684800657093,1.6612644251712911,0
1.7109200658686166,1.6162041128302835,0
1.7175658602962705,1.5716342955528975,0
1.5946419780662513,1.525250295275781,0
1.5923860050831198,1.4806817597552977,0
1.728505996996896,1.4361173645653582,0
1.7406118677685418,1.3864537171848175,0
1.8656407326639288,1.335836102163974,0
1.7703791648273557,1.2764577260041385,0
1.8682297725244772,1.2217373314653257,0
1.7897170277309231,1.1617880547990322,0
1.848203571407551,1.1121304866752122,0
1.9123855586882503,1.0569664680047697,0
1.807149748095585,0.9985345591177869,0
1.8082555301286471,0.9504601986833955,0
1.802442402894572,0.9017299924382722,0
1.882158629338584,0.8552302384746104,0
1.8540411235459675,0.8067171128047744,0
1.8393129062260385,0.7610582332439513,0
1.6961585418609442,0.7190186773639698,0
1.762103563146146,0.6817988055149679,0
1.809085976876372,0.6452760335936998,0
1.7703791648273557,0.6063982795254453,0
1.7874233071683536,0.5665187980210885,0
1.7698284942566802,0.5274192226723543,0
1.6536836332052702,0.49529477351660695,0
1.6761034749479782,0.46131406517616746,0
1.6851406895555725,0.4292032962217758,0
1.4401922056645775,0.39613885241986624,0
1.2871346528105685,0.37487609956355583,0
1.2130961064038186,0.35581367942838,0
1.2855470340281705,0.3389931422056973,0
1.3305732349649428,0.3217916147972364,0
1.3239407632123943,0.30348879138768997,0
1.3186383385237233,0.2814704970497285,0
1.3406651613510725,0.25857402619246844,0
1.3159871261793752,0.23544420813010714,0
1.2657406570503558,0.20931246842020063,0
1.1816279478242644,0.1843850491797481,0
1.1620058678519651,0.16175482971604105,0
1.1805798973832855,0.1420403534771494,0
1.194728578336504,0.118935463005809,0
1.1215626671486116,0.08909421341513954,0
1.063589046463217,0.067408945572065,0
1.1652987890468234,0.04927962334871773,0
1.2117816024609005,0.0291557868847698,0
1.1973487044389504,0.009806880621183978,0
1.0300136847724706,-0.00836145840270896,0
1.1379828642058918,-0.02225101092723319,0
1.09789049394676,-0.037271372416233024,0
1.10197167341821,-0.05155518424650127,0
1.0644172727650838,-0.06521449736735815,0
1.046296214187063,-0.0796532496392698,0
1.0623433763416303,-0.09331285423769296,0
1.0251064994449952,-0.10376734723126091,0
1.0263987989294303,-0.11434388842261277,0
1.0903565211793187,-0.12411860032262846,0
1.11896030461297,-0.1350489626312955,0
1.1614840630773335,-0.14653669394572383,0
1.2491050767456588,-0.1568317488868217,0
1.2007593092638298,-0.1644141824548603,0
1.214932415121393,-0.17259679155965899,0
1.2052201849755453,-0.17803102607823676,0
1.1455501436610884,-0.18330057734106123,0
1.1424193150132624,-0.18645998910200762,0
0.9818211280542384,-0.19148464728571296,0
0.9612709017168392,-0.193390754511334,0
0.9330756803194976,-0.196722848563662,0
0.9676635653176466,-0.19708212916632148,0
0.9571630768952072,-0.19651124839117678,0
1.0659715848597635,-0.1985272452280143,0
1.038537976388811,-0.19899350846739064,0
0.9077603771890056,-0.19662985306767397,0
0.8957633082639868,-0.19613229777880767,0
0.8460253212344893,-0.19399631044432275,0
0.8850540979316874,-0.19302677632966853,0
0.9725707506451056,-0.18835784531035882,0
0.9885113313988828,-0.18268764554557188,0
1.028204021405099,-0.17716683545190906,0
0.994686391306436,-0.17269911046056,0
1.074034023739414,-0.1701106747347535,0
1.070119377706691,-0.16210615893245556,0
1.0950327801384303,-0.15793135234518435,0
1.1520782544587254,-0.14431226062077868,0
1.218347460837967,-0.1337061987858638,0
1.2359644782081485,-0.12346968547655159,0
1.215720673397964,-0.10533763833983718,0
1.1570387304865688,-0.0922637684355236,0
1.1114640794249455,-0.07463013421369993,0
1.124169470575969,-0.058528173785910895,0
1.0981502861111676,-0.03533685869895089,0
1.0981502861111676,-0.012763248140388357,0
1.085162898337254,0.00886802612691058,0
1.1131294138120895,0.03268309176548094,0
1.0153010105734714,0.05609836108663956,0
0.9453702889883536,0.07226770151015738,0
0.9458809915337332,0.0852784577783273,0
0.9323051856097104,0.10366171841079287,0
0.8667176561062706,0.12025738500251891,0
0.9646082318286882,0.13292729899659322,0
0.93256275732826,0.15023476529368426,0
0.8836507761547882,0.1669723429880228,0
0.8641730251627124,0.187018817343607,0
0.7063392932863582,0.20805562470283584,0
0.6558130479802856,0.2233975880142735,0
0.7168730883965363,0.23196483635406012,0
0.7377208544777725,0.24850193684269437,0
0.6960630698947299,0.2677648975147794,0
0.6201882147704099,0.28121439017110045,0
0.6283994235219788,0.30062516592125516,0
0.6401033935948514,0.3170576508151239,0
0.6172039355486446,0.3332530317929615,0
0.5804688794140118,0.3559710282334048,0
0.7025778580172531,0.3728998514247595,0
0.6875521009534825,0.393384659409624,0
0.6978172221158592,0.4117102557089035,0
0.7291765788487863,0.4306383485307821,0
0.7628940490739192,0.44575256567576865,0
0.8058241491287306,0.4595573547920155,0
0.7505528110422148,0.48683626996849644,0
0.7780263875384591,0.5058481063372594,0
0.7251575718611356,0.5301745969423098,0
0.7000709746531328,0.5439750775505358,0
0.7035792790954039,0.5583352390846945,0
0.8590882041672911,0.5666007677533356,0
0.6226751141218885,0.5902435753251477,0
0.7025778580172531,0.6022450594458063,0
0.6650501027143295,0.6298666230551222,0
0.7326937650744347,0.6412071421678525,0
0.6201882147704099,0.6331367067342364,0
0.6453369844622119,0.6607988925713711,0
0.6875521009534825,0.6831380123967212,0
0.6950616488165997,0.7081982348556797,0
0.4908938733980911,0.7298205466605685,0
0.4254839795626137,0.7492657488553122,0
0.4084020896421735,0.7654921959959002,0
0.2683874357083078,0.7959456934613509,0
0.1840171547636872,0.8106169590447068,0
0.1840171547636872,0.7990466308708553,0
0.2719956602137953,0.794887572921953,0
0.0993693180878712,0.800976399146905,0
0.036799374493952,0.8118815084420096,0
0.0419796746609114,0.8144520866819767,0
-0.036160035229934,0.7962163118812781,0
-0.0237632860520079,0.7781576507186462,0
0.131863322649921,0.7626939322474773,0
0.132338498061704,0.7600003567557109,0
0.2009813610541023,0.7570722193305146,0
0.1809129714660432,0.7492488784411738,0
0.1561216935560405,0.7487839021286213,0
0.1535015674535942,0.7448122831088168,0
0.1197552314324214,0.7405199290905327,0
0.1007904034315833,0.726073843898065,0
0.2294741221952894,0.7041112231871449,0
0.1321009103558043,0.6748048862261397,0
0.1666044184116711,0.6402058701361726,0
0.1173815748192689,0.6155485526378167,0
0.0724064441370232,0.5824505952852409,0
0.1273491562378208,0.5579579925337513,0
0.2081556215939445,0.5374284839267878,0
0.0393884143545007,0.5161145059662653,0
0.102684443741233,0.48853230649231594,0
0.1214161249278705,0.4663334259195299,0
0.1983501327224208,0.43915293399174954,0
0.1954813166848187,0.4161920567864712,0
0.1897481255013344,0.39519854320766734,0
0.2005017447506037,0.3750133436977311,0
0.1720866992141626,0.3549346777616431,0
0.2566013091390068,0.33962219124217013,0
0.1911803130742776,0.3253570868118116,0
0.2813903666031724,0.3116275513753292,0
0.1487431519980539,0.2920048020319175,0
0.1140620082742287,0.2792712839800281,0
0.1697019403717583,0.2712755161794581,0
0.138753366121015,0.25718121366629304,0
0.2450705338423976,0.24996001621802566,0
0.2012189487600021,0.23376164429861981,0
0.2683874357083078,0.22814575177230223,0
0.4084020896421735,0.22148381583147875,0
0.4372123745398311,0.2092702417386668,0
0.3507659767258993,0.20708150545442336,0
0.3505239481283004,0.19735087082327205,0
0.1997845407412011,0.18917140481581185,0
0.2253996040613922,0.17910175710655632,0
0.1701793362294198,0.17820501960050517,0
0.2218047022309977,0.173800600608992,0
0.1895083173495768,0.16010539145038905,0
0.1530263920417905,0.14644788809604461,0
0.0393884143545007,0.13183273519509905,0
-0.14036777939425,0.11619737097367258,0
-0.1304113002049665,0.10675610705167163,0
0.0135179997616219,0.09486691596878753,0
0.0960519719886722,0.0833363362891671,0
0.1444621324001586,0.07491886999762612,0
0.3974330871454916,0.06778306546293109,0
0.4335464184422599,0.06242056354943301,0
0.4108401391849666,0.05844953809853283,0
0.3704302451693479,0.05396349990056505,0
0.3709143023645456,0.04578430841739399,0
0.3597454597414141,0.035527943793583226,0
0.2657406642556754,0.025929402968188218,0
0.1563615017077815,0.014156842238554063,0
0.2503529745184272,0.0019554796988312936,0
0.2847632238485972,-0.01215257824774479,0
0.2683874357083078,-0.02737579207971207,0
0.1766186291930549,-0.04215605984084362,0
0.1625521047362816,-0.06005905224503906,0
0.1988275285800616,-0.0758159009576098,0
0.1551691222865794,-0.09132542829259328,0
-0.059043950155194,-0.10658013670231843,0
-0.0769918139569512,-0.128201584654653,0
-0.0120526546415785,-0.15217705796666556,0
-0.1669487366589953,-0.16885622856941734,0
-0.2049716513863477,-0.18726977735303857,0
-0.2897238490170917,-0.19701887605489005,0
-0.6479372756926469,-0.21030507076186394,0
-0.665105763001227,-0.22466702743265204,0
-0.6037881508664308,-0.23923525960629538,0
-0.2767142567846951,-0.2509920220844433,0
-0.3882583540358815,-0.27375249976179516,0
-0.5407652363191949,-0.27864452428520564,0
-0.520041815205516,-0.28963369481026185,0
-0.4712963674707711,-0.29260273292883165,0
-0.3733369579270181,-0.300477593903231,0
-0.2288636487273112,-0.3081556246656612,0
-0.3338862965184215,-0.32116666958748114,0
-0.3821565688413627,-0.3273932010491831,0
-0.3588441078671308,-0.3351273346631885,0
-0.4024847505938085,-0.3439186927358184,0
-0.3963896267368631,-0.35169451846176586,0
-0.4479617020380564,-0.3565911461722147,0
-0.4256995119506651,-0.3654231914359857,0
-0.2437695017152029,-0.3669928050132437,0
-0.1127898419430903,-0.3814790089446118,0
-0.2794542869630202,-0.4010672386331605,0
-0.3261613654078875,-0.4233088871035071,0
-0.4591882762532882,-0.42671943969627685,0
-0.5885137038675045,-0.42955007442207244,0
-0.6037881508664308,-0.4386548772788048,0
-0.6659850595576371,-0.4297462904453556,0
-0.6285350198594429,-0.4348605915876166,0
-0.6415490529835427,-0.4265495356902576,0
-0.7380651727250966,-0.4357000069598706,0
-0.6068856728265221,-0.4096695782309897,0
-0.7476663805784759,-0.40618608756555563,0
-0.7583467251147148,-0.3997001813801312,0
-0.8206835218944498,-0.3862358931274288,0
-0.7970557576095888,-0.3807958966092895,0
-0.693869418536032,-0.4004783824510085,0
-0.7212408545232102,-0.41051604764646876,0
-0.766187119409412,-0.4247058142696695,0
-0.9465583766584952,-0.42570365638024743,0
-1.0780420776384472,-0.4051291147337361,0
-1.242936827316301,-0.43355524058256784,0
-1.3377276606327737,-0.4162370501449216,0
-1.2785638809720348,-0.4149686567435382,0
-1.3286815642417813,-0.40239630995532877,0
-1.292408360843859,-0.41890430241413584,0
-1.1174216847798757,-0.4333880794036151,0
-1.2715317289665584,-0.47295791751471933,0
-1.2855915920857954,-0.4320937995695959,0
-1.2229950031416736,-0.4492080235119818,0
-1.2841460818377426,-0.4235576764697245,0
-1.3223022233160877,-0.42282835187049583,0
-1.5698508492968664,-0.38120575617787233,0
-1.5306399960400068,-0.37096852980337985,0
-1.459252661977605,-0.3851664386770974,0
-1.2564149336229653,-0.38142176797064553,0
-1.396329667493602,-0.3881786994769325,0
-1.198427990262465,-0.3748457159766893,0
-1.215505439291202,-0.3582783419438043,0
-1.0064615647871364,-0.35323215455980056,0
-0.9049916303552712,-0.3517539376892697,0
-0.9979572571834252,-0.34133059701206886,0
-0.9116440861204612,-0.3527888511488066,0
-0.914432966107476,-0.352590790989084,0
-0.8360467867273366,-0.3155136241853376,0
-0.9094991354298184,-0.3099641109210297,0
-1.0583977932076651,-0.3161271838049252,0
-0.8778999705451461,-0.3260158954391595,0
-0.9245093493726588,-0.3660118858730652,0
-0.9890177421932226,-0.4162537693226431,0
-0.9755951470327968,-0.39116103684558434,0
-0.9401412881533472,-0.4418143520551489,0
-1.1235168086368374,-0.38751447102151804,0
-1.3642042569425867,-0.4286881389929762,0
-1.5036038473761284,-0.4277745973236512,0
-1.4562084307178818,-0.46062958890602923,0
-1.4271294718724268,-0.48817771510432656,0
-1.2582801081365589,-0.466945398159659,0
-1.3615397219231458,-0.46698889129191373,0
-1.3068501406491988,-0.5298540148153537,0
-1.28476558622977,-0.4787957169577678,0
-1.2261125091144107,-0.5490129900302686,0
-1.3080869289873915,-0.5408179977438218,0
-1.2223710578579512,-0.5216908823924695,0
-1.1948819382407565,-0.5142976274604774,0
-1.3016964858324462,-0.5677260384624108,0
-1.4450351472030512,-0.6331489809429084,0
-1.3871325807848331,-0.6674210091478462,0
-1.4685851958831828,-0.7534642607711064,0
-1.4700040607810163,-0.8001804962833425,0
-1.7969225236532973,-0.8201837152596626,0
-1.929658556092393,-0.9221770271792861,0
-1.9605316351842688,-0.9799029907010698,0
-1.9674638671264957,-0.9901213455427197,0
-2.1883538202378205,-1.044218057487997,0
-2.215205671896204,-1.0584553606681442,0
-2.2159561825933416,-1.0823736714655545,0
-2.2290701357806704,-1.0697491802106096,0
-2.0974687511706764,-1.065101569840636,0
-2.0064615575818165,-1.066584595192616,0
-1.845989936036224,-1.0983734793508861,0
-1.936419813704214,-1.1459472103684452,0
-1.86507910900464,-1.179503457130056,0
-1.9039169273587704,-1.2394866895301673,0
-1.857875982668758,-1.296731659919519,0
-2.0355560595482185,-1.2634405212007134,0
-1.887041538902353,-1.2889345473432505,0
-1.9186362628953264,-1.291404741136177,0
-1.888984429020676,-1.3611747191086063,0
-1.7900613459782473,-1.39643228211779,0
-1.9868861069723451,-1.3608792829259275,0
-1.9832379144415664,-1.2918988180436366,0
-1.8153277993000496,-1.2430792539309168,0
-1.958604288186876,-1.176905197588174,0
-1.9087619402024505,-1.0668472621690872,0
-1.889177607809585,-1.0803097674825566,0
-1.7166245403967162,-1.0028527137193382,0
-1.6869327384967907,-0.9625614251515556,0
-1.799276196253783,-0.9009446983961148,0
-1.9751621528868268,-0.8415173875396558,0
-1.9589906457646984,-0.8315316005360853,0
-1.9412470629810856,-0.8281767077519745,0
-2.109423631624542,-0.7762103036844862,0
-2.2112666009591364,-0.7130620635688145,0
-2.3896261342685365,-0.6682959900345347,0
-2.3385114708123385,-0.6482421914924528,0
-2.334440283347224,-0.64420199956628,0
-2.330365765213335,-0.569218770783099,0
-2.3910971796438507,-0.5450656953081068,0
-2.250763891730586,-0.5338235559078839,0
-2.2301936813805203,-0.5314575258516427,0
-2.204136749336285,-0.5347025488872322,0
-2.365670854220874,-0.44977731726234327,0
-2.4455802594537874,-0.4226096079582562,0
-2.365855151226385,-0.3988508684576516,0
-2.46695649164722,-0.36506660322624124,0
-2.2848821524315466,-0.3259497319585893,0
-2.254496461203647,-0.31608011864067975,0
-2.1438716285341664,-0.2744134447979619,0
-2.0355560595482185,-0.26299581193336713,0
-2.310342894765191,-0.18690421898373658,0
-2.3066314195277005,-0.18582514409306805,0
-2.298644475806938,-0.18390371516240683,0
-2.2352474161340607,-0.1595994004025964,0
-2.221764868935718,-0.13749314629647122,0
-2.331292801355514,-0.11698163185956627,0
-2.5921940784524544,-0.09940111882986481,0
-2.572011335903144,-0.12245196817919972,0
-2.8544398355112857,-0.12765208133455003,0
-2.9777667286629987,-0.12226565730325463,0
-3.029027941545266,-0.13449622217847515,0
-2.820448140223744,-0.1551227080561076,0
-2.594353462041123,-0.1758013744003138,0
-2.663024080606636,-0.20490627236841202,0
-2.589672762190312,-0.23147827878017596,0
-2.3060740876194683,-0.23460656022369225,0
-2.442653711824106,-0.2477664948277139,0
-2.669809763122802,-0.2792153610182442,0
-2.7704536916986338,-0.3023233005107708,0
-2.816936505112711,-0.31997060616456413,0
-2.835357323880418,-0.34222858199097433,0
-2.8207978604450448,-0.35431440440013,0
-2.740041355120536,-0.36057743011261545,0
-2.762329080335201,-0.3781031941403069,0
-2.5629852235248016,-0.3932496672152385,0
-2.530422385141433,-0.41282890159571356,0
-2.711836141716871,-0.42205959656023706,0
-2.688707977748159,-0.41784872863773226,0
-2.5374867336117157,-0.43160006106854243,0
-2.4882805433631887,-0.42931776485995315,0
-2.344432289670112,-0.45044855166131786,0
-2.105628889667702,-0.45550797468313525,0
-2.3368461364251902,-0.4493509489458791,0
-2.3606903941803767,-0.4540704210777291,0
-2.488644696482512,-0.4596972931887002,0
-2.504287737492456,-0.4493226328098008,0
-2.6225664470052608,-0.43604682944537415,0
-2.7432265846916875,-0.42445518965073986,0
-2.4094769201633417,-0.41253878772027514,0
-2.2421663254011945,-0.3935838836966132,0
-2.126285697405887,-0.3830234048673209,0
-2.240483227447258,-0.36521517708222667,0
-1.9188294416842355,-0.3451658944562329,0
-1.6649014747777424,-0.3320442073905998,0
-1.682174323041234,-0.3205509749575359,0
-1.6103029317836344,-0.30884654606880957,0
-1.541111618666402,-0.29059043910733273,0
-1.6031042463394474,-0.2738467612205421,0
-1.660529416900008,-0.26000050735628777,0
-1.8192402248869144,-0.24262874703664886,0
-1.6974332269192094,-0.22649299376402285,0
-1.5015810212071976,-0.21507150336326183,0
-1.516726682346851,-0.19980921624513026,0
-1.592301777281472,-0.18223359238501993,0
-1.633255680530226,-0.16387554101190457,0
-1.6724487702202977,-0.14265555155524595,0
-1.4845923900124418,-0.1275855753644489,0
-1.2926148623078613,-0.1148236724349718,0
-1.263251686393675,-0.1045833550595884,0
-1.3512834825441673,-0.0913430070017554,0
-1.4032752221109177,-0.07536452260086667,0
-1.3208589335138925,-0.059740566336625174,0
-1.2344258583750538,-0.04351458556980846,0
-1.304170062508811,-0.030054889099958702,0
-1.2678080412769075,-0.01590941412556863,0
-1.109643462968977,-0.002961701846886702,0
-1.0170819572854335,0.008652376766585139,0
-1.083737521242502,0.019993446204538124,0
-1.1871636684677955,0.031619044273738135,0
-1.1321232567496229,0.044636322394406895,0
-1.1090106359018612,0.05487232058334955,0
-1.140514321615012,0.06530103327469197,0
-1.153086486015047,0.07578757332159483,0
-1.0329936722431754,0.08542853486789304,0
-1.0843703483096183,0.09179681708854451,0
-1.0900613510219697,0.10097761938978705,0
-1.10480511146285,0.10921095135732443,0
-1.0461276094431498,0.11696841474428557,0
-0.9548939303776214,0.12021165972677643,0
-1.0145351058960177,0.12446820323499715,0
-1.2582801081365589,0.12887492457128497,0
-1.1474332308821458,0.13848313626084555,0
-1.304170062508811,0.14349189721649408,0
-1.0543787862200102,0.1536295923674262,0
-0.91121554007151,0.15751543783885183,0
-0.9004819048348864,0.16101300130159532,0
-0.8500888862797857,0.16275473660831616,0
-0.6745559805368259,0.1627062571812577,0
-0.740902902520801,0.15877497607477323,0
-0.7306400018042657,0.15570258132366088,0
-0.7992251332045803,0.15122408131213685,0
-0.7907585731803195,0.14967566742896193,0
-0.7236478178240975,0.1474948803289115,0
-0.6655431908335764,0.14612869673107276,0
-0.6483791444167117,0.1402427577421449,0
-0.6225753431993064,0.13690634200333465,0
-0.5594458472513055,0.13356598097478212,0
-0.610866932234739,0.12824048807227315,0
-0.6536638055385785,0.1299296177060064,0
-0.6923350904540188,0.13103753530181103,0
-0.6732370357022087,0.13305226688820235,0
-0.3902922824340392,0.13363984737592938,0
-0.5909495329644356,0.13085930386139255,0
-0.8037814880878134,0.1316806777325729,0
-0.915720824700216,0.13382447518928398,0
-0.917650392143446,0.1373501072268165,0
-0.9435652156533154,0.1432627055688563,0
-0.8942491133352536,0.14881572748585045,0
-1.0145351058960177,0.15227628911510413,0
-0.9163647539965676,0.1593270167608887,0
-0.9064926517495664,0.16125108310826822,0
-0.9883782537885496,0.16784261511437523,0
-1.036808398212661,0.16871267766199363,0
-1.0019984686295795,0.176796233009366,0
-1.005397971225207,0.18438246691399346,0
-1.062414579749458,0.193915947726562,0
-1.1484790608772664,0.20672007919572571,0
-1.162925281574326,0.21660032923057806,0
-1.243558552154182,0.2888297232222373,0
-1.1384182207330549,0.3078217556479577,0
-1.2015543780186126,0.3231204607581552,0
-1.0308731464568734,0.346400226375602,0
-1.1597877915889223,0.3685044571523311,0
-1.1104850119459535,0.38497013638292504,0
-0.9947642560518,0.4036973229723897,0
-1.25102591154615,0.4151632290429555,0
-1.2533063094336263,0.43287149878668363,0
-1.1877898341973592,0.45999717222076286,0
-1.0034861673487652,0.4750161194128814,0
-0.9264389168158887,0.4862982509255195,0
-0.9215095270299264,0.4876494876503305,0
-1.1902944971156422,0.4963032914158841,0
-1.1329625852807412,0.5149908333855386,0
-1.012410139218017,0.5166602322281972,0
-0.9373590695038851,0.5374651866179404,0
-0.8347478259053652,0.546559685647699,0
-0.6556444432363723,0.5637584028330357,0
-0.7214606786623013,0.571625575402128,0
-0.8273937092517235,0.580466272215868,0
-0.7735878654259022,0.5892099794139171,0
-0.7131473294016624,0.6004793910466036,0
-0.7054845707749441,0.6089217095082856,0
-0.5918354908584067,0.6153444706657588,0
-0.7805467427183275,0.617303424261329,0
-0.5776490623257504,0.6248762186217148,0
-0.4885403499382395,0.628540530639616,0
-0.5942713199553378,0.6127652098562203,0
-0.5630007810563877,0.6194015583799936,0
-0.5752087923371244,0.6109933461980763,0
-0.6576250809341496,0.6115822280108331,0
-0.5678857619253596,0.6062456293406058,0
-0.4144351901559955,0.6121450834809713,0
-0.3125122847708342,0.6043880237271237,0
-0.4391976022699585,0.6007936566230467,0
-0.5532219375350667,0.5936278600494131,0
-0.4600853363764903,0.5872165635104859,0
-0.5032974330542127,0.5793792835425015,0
-0.4683831425161992,0.5752983787834434,0
-0.4286260595803466,0.5705588192781732,0
-0.3034040158960466,0.5541748492597058,0
-0.4544742697147219,0.5342808746278174,0
-0.3261613654078875,0.523000688857535,0
-0.3545364429190535,0.5030782263367682,0
-0.3939071682770836,0.48688859051724437,0
-0.4715228529474191,0.4642667782207548,0
-0.3939071682770836,0.45105629416006365,0
-0.2858469505638069,0.43930909831300247,0
-0.3715250741138093,0.422040113057996,0
-0.379443184013236,0.40493381868594913,0
-0.4214207127986235,0.3816745858007635,0
-0.4800360423345284,0.36459288779523485,0
-0.4439182701460609,0.34401156419724244,0
-0.5778733273565614,0.3191232310667963,0
-0.6886047414267946,0.3050760815682829,0
-0.6494804855580749,0.29226667762437164,0
-0.6644440701380503,0.27768858254560225,0
-0.7153344685634584,0.2589401315859508,0
-0.8325873320937677,0.24466810118147647,0
-0.7443934433962676,0.2335198308545953,0
-0.766187119409412,0.22222004849413787,0
-0.8431766383501882,0.2111665499498564,0
-0.8662670547394669,0.2054463172580055,0
-0.9275091717153708,0.19650486131734865,0
-0.930080448009115,0.1898409404118179,0
-0.9587397425890086,0.18378992214312995,0
-0.9114287028730648,0.17424603342671177,0
-0.981990031079462,0.1668932414790934,0
-0.8597988959797713,0.1591633142256831,0
-0.9755951470327968,0.15256815332184348,0
-0.9510481181662508,0.14779840279571713,0
-0.976660961040584,0.14382440785719994,0
-0.9591660681921228,0.13743662097543372,0
-0.8189515741318075,0.12920141279512254,0
-0.8781153537925631,0.1212768893867953,0
-0.8556999529415334,0.11309469221427532,0
-0.8065992338708678,0.10848093262950666,0
-0.7065792505787545,0.1036197855615903,0
-0.5149103648472669,0.09555757982778187,0
-0.5220490982534918,0.08712134617878714,0
-0.5552247796913475,0.08239583538572316,0
-0.5625566918864857,0.07979782338570018,0
-0.4279488235962398,0.07360222412987492,0
-0.4907785593545624,0.06907423567455115,0
-0.5880696146976024,0.06294256055600547,0
-0.5809752902083476,0.05839070312756768,0
-0.4939093880023925,0.05409995951111885,0
-0.5709943861147027,0.05281758390044806,0
-0.660045366910134,0.05194911165501189,0
-0.5865175230487805,0.05244886691847933,0
-0.5760969706769284,0.05295988732538755,0
-0.6285350198594429,0.05426965347707347,0
-0.6813638675114748,0.055179437204219486,0
-0.6179368318196325,0.05634156296080348,0
-0.4706257928242211,0.057305757350275696,0
-0.4031597661320741,0.057073668334698444,0
-0.3880340890050706,0.056737207736088306,0
-0.1449951885446763,0.05795514087155271,0
0.0020138698151947,0.053729236234708315,0
0.0099963726442578,0.047608445283880696,0
0.0283261531321384,0.04028144316927756,0
0.0121102370930235,0.03230910370917658,0
-0.0319522903450691,0.021473875193454284,0
-0.1588663137666991,0.0022885540532679256,0
-0.1807932165308155,-0.007797670812675395,0
-0.2965672631253579,-0.018985504377775336,0
-0.3202483181105994,-0.028561176940521717,0
-0.2682587989896861,-0.03676983583826858,0
-0.4538014746223306,-0.04295631487339751,0
-0.369035954316477,-0.04369338642402299,0
-0.4187184301997321,-0.04911088012768458,0
-0.3995515416265908,-0.05226211329883409,0
-0.5182565767425098,-0.05351655107448809,0
-0.5044143173165266,-0.05307712752957709,0
-0.4092504490973412,-0.05096119732964945,0
-0.4083489480824275,-0.049685917976623716,0
-0.4907785593545624,-0.04899795517220209,0
-0.4558220803453995,-0.04539508782563655,0
-0.4484124525455153,-0.04087289048977215,0
-0.5178102671267458,-0.03843004856010771,0
-0.5820855131331046,-0.03460005158778992,0
-0.5927214487523735,-0.030134949564200254,0
-0.647277803275328,-0.028148819793241762,0
-0.6477174515535351,-0.026087108600734626,0
-0.645954417549016,-0.02317478493426591,0
-0.6035661062814819,-0.020819995901281703,0
-0.6997891271708935,-0.018927893649619065,0
-0.664224245998955,-0.01648703793007725,0
-0.7883693734462203,-0.012809266128261998,0
-0.7916289879533397,-0.007574511939383751,0
-0.7391576320830657,-0.0034129329680603177,0
-0.6578449050732614,-9.16466815703285e-06,0
-0.5398726170876752,0.0004760686589245842,0
-0.704609715110229,-0.0009307049012938222,0
-0.8317191377666094,0.0002112697941102382,0
-0.7970557576095888,0.003327203129538453,0
-0.9242961865710998,0.005486089139470395,0
-0.927939938210184,0.00912314765563965,0
-0.977087286643698,0.013297192773837717,0
-0.939286416501278,0.017379446498279685,0
-0.8791922700295813,0.0206872846631844,0
-0.8738076888444651,0.02334896653798535,0
-0.9092837521824224,0.025392922218589128,0
-1.0900613510219697,0.02767183767278532,0
-1.0321454619286587,0.03406332854546529,0
-0.9866751718219676,0.03758673921097448,0
-1.0064615647871364,0.03920661294450776,0
-1.0605116576564102,0.0422880261312561,0
-1.044646572061521,0.04621566648794665,0
-1.068964895005578,0.049460464040208284,0
-1.174844634894595,0.0538396964750774,0
-1.2161316050207658,0.058498639106951064,0
-1.3356715277761082,0.06444840423058804,0
-1.2292300150871476,0.07206848107656448,0
-1.2240341717992622,0.07952734164614605,0
-1.3814060509389017,0.0853905204062005,0
-1.3971490120120749,0.09616104691838294,0
-1.3323830474729654,0.10683762101589642,0
-1.258695331510421,0.11803663236146004,0
-1.2198752767230827,0.12660242444876108,0
-1.1986367121723251,0.13713860954045176,0
-1.1503642194035264,0.14535702879935333,0
-1.1140599297637024,0.15399843758604875,0
-1.277118370723982,0.15985237620907086,0
-1.3054068508470038,0.16967375983427574,0
-1.2443889989019066,0.1841198294825269,0
-1.2094702674721816,0.19172645274849368,0
-1.2738076859623355,0.20483696707462834,0
-1.184450283639673,0.21194152280397657,0
-1.1779776839882783,0.2267529237785499,0
-1.0291767258278277,0.23522199935751323,0
-1.167945709640107,0.2420798676873096,0
-1.220290500096945,0.2543322514373561,0
-1.2254885638306885,0.2721092582405441,0
-1.2292300150871476,0.2832470814152743,0
-1.1312839282185043,0.2881952290283886,0
-1.1982192683526052,0.30207795751137195,0
-1.1834066740903897,0.3102775125958999,0
-1.123725530546697,0.329079967998006,0
-0.9131451075147564,0.33379770704353295,0
-0.9328648871044308,0.33779146229056783,0
-0.9802847286670222,0.33731835780156866,0
-0.9536105126765968,0.3437123044816637,0
-1.0334177774004316,0.3458233281107421,0
-0.9913603125644734,0.34715141053080156,0
-0.9696243681434084,0.3493561507978404,0
-0.6408873601203826,0.3491465846592874,0
-0.6850942165386988,0.3454106575876519,0
-0.6866307650665742,0.3441990055334925,0
-0.5874057013885886,0.34228209092116274,0
-0.5149103648472669,0.338819529081543,0
-0.5665534944156494,0.33648044715688363,0
-0.6174949630955842,0.33192930909326535,0
-0.5887335280065997,0.3289571790473871,0
-0.5251710451179444,0.32702923775222464,0
-0.4916733990319233,0.3187280465648773,0
-0.4031597661320741,0.3057737886364232,0
-0.4632272672535887,0.2918259526523554,0
-0.6152856194753011,0.2834581200454781,0
-0.6225753431993064,0.27363183084819076,0
-0.7164291483672688,0.2680184984200987,0
-0.7985745425706554,0.25989604223057333,0
-0.8487921459036515,0.25419500226895136,0
-0.8013945087995678,0.25139204751646005,0
-0.8505196527745782,0.24977694997718056,0
-0.8490097495969054,0.24831127994901633,0
-0.7892375677733785,0.24736117993616896,0
-0.6263301171308588,0.24365624552799808,0
-0.4261480420122621,0.23665738662619798,0
-0.6093170610317541,0.2291550161565811,0
-0.5561129580311516,0.22620526442952107,0
-0.449535998145382,0.22021226041045142,0
-0.5153566744630101,0.21260485775790186,0
-0.4027090156246194,0.20578123316716682,0
-0.3647327302600947,0.20081030712761605,0
-0.3765033137084614,0.1917370586073355,0
-0.3341150024409067,0.18582251128546004,0
-0.2118683561949985,0.18015930273422656,0
-0.2872147452071302,0.17121531246548125,0
-0.3102363277750569,0.1659267484174368,0
-0.3420619781363939,0.1607045858200987,0
-0.5227174524542046,0.15385045110085369,0
-0.5487743844984606,0.15115033216205373,0
-0.5122302867068791,0.1463659067443244,0
-0.5218248332227016,0.14162905355732835,0
-0.5041922727315736,0.1398889819296661,0
-0.540096882118482,0.13833328070556844,0
-0.4605338664381079,0.1378102647801617,0
-0.4484124525455153,0.131209228795358,0
-0.5153566744630101,0.12595655683031004,0
-0.5153566744630101,0.12197242070752748,0
-0.6400036226722734,0.12034007703483747,0
-0.6269918099940149,0.11968002280150089,0
-0.6393441502549545,0.12032613454204702,0
-0.6148437507512403,0.12109761754879585,0
-0.6373590716654823,0.11910373245005798,0
-0.6789480224271894,0.11418589985110075,0
-0.634492476073738,0.11073442542043771,0
-0.6991296547535746,0.10778009635689642,0
-0.7057021744681815,0.10457513835688276,0
-0.7225531380202705,0.10009485503359213,0
-0.7059219986072933,0.09794717455356935,0
-0.7794587242520574,0.09515085253679025,0
-0.6477174515535351,0.09351014602736546,0
-0.8239320341722968,0.08741604267162337,0
-0.8951084258790178,0.08345044852472351,0
-0.8664824379868631,0.0838771888939766,0
-0.8319367414598634,0.08354008468270076,0
-0.8291256570143616,0.08131989254661853,0
-0.7901079825463946,0.07850189277232084,0
-0.8384226637863469,0.0764171032911621,0
-0.9563882904343596,0.07444241678708914,0
-0.9131451075147564,0.07621972952605638,0
-0.8353984165392901,0.078823386986296,0
-0.8148348675267816,0.08201426112124914,0
-0.8325873320937677,0.08349871226542045,0
-0.7622680324849943,0.08629793846182886,0
-0.7487566194905872,0.08637251539542258,0
-0.7389378079439746,0.08647945767839532,0
-0.7494116510162112,0.08888957243160665,0
-0.6918954421758117,0.09163410749876334,0
-0.7032929907214489,0.09353208855357364,0
-0.7144596128987433,0.09435266040830144,0
-0.7775025114586249,0.09919820035194885,0
-0.7072365025502155,0.10233713686243705,0
-0.6839973162890348,0.10328627041129279,0
-0.682460767761143,0.10499630918925072,0
-0.6013545422153409,0.10596046127568254,0
-0.5070943954569145,0.10284554622529031,0
-0.5204859043754386,0.10038736977160231,0
-0.5420997242747628,0.09745750245149103,0
-0.5487743844984606,0.09176840292680476,0
-0.497486526265999,0.0879770167963587,0
-0.631403835897045,0.08171467686024415,0
-0.63294926620831,0.07862146282310159,0
-0.6490386168340141,0.0799973056948187,0
-0.6688427733659873,0.0822281652254648,0
-0.5311862329243233,0.08472091448005174,0
-0.6706013664788115,0.08360046118581785,0
-0.7727174506528861,0.08559446675055887,0
-0.7155542927025537,0.08854383764747105,0
-0.7264877680656391,0.09229801942842407,0
-0.7618328250984822,0.09703456050241854,0
-0.7970557576095888,0.10249143516685374,0
-0.8003087107791554,0.10664492916599862,0
-0.9037015513166936,0.11328037249011984,0
-0.8453371321617816,0.12332081341539858,0
-0.7153344685634584,0.134761418991257,0
-0.7177414318643498,0.14386659785809186,0
-0.7299849702786624,0.15255848407030118,0
-0.6681810805028107,0.17224429555094398,0
-0.6763123532037922,0.17789206169184732,0
-0.8953238091264183,0.18507331873556526,0
-0.9230105484242216,0.19305205237375764,0
-1.0668510305568122,0.19865743642831818,0
-1.11132656092293,0.20862248472254585,0
-1.119313504643688,0.22045687739549263,0
-1.0300249361423568,0.23099353861582816,0
-1.0769873658599325,0.24181762338901883,0
-1.0507838843896158,0.2569249681805449,0
-1.0586087355633622,0.26621710693903283,0
-0.9649303456175088,0.27694035767139236,0
-0.9732503562157048,0.2853459148561856,0
-0.917863554945005,0.2966373355645784,0
-0.9602341026457512,0.3083266447195803,0
-0.9437783784548746,0.32101952854513105,0
-1.0353251403851744,0.32905099013303774,0
-0.9328648871044308,0.34125784640890044,0
-0.9114287028730648,0.3521101304327684,0
-0.8647593720076355,0.36614044991797956,0
-0.8472822427259623,0.3766371264639734,0
-0.8789768867821686,0.38697788757692286,0
-0.8856471061141673,0.39326048966416843,0
-0.8144041010319685,0.4000264972114005,0
-0.8418821184199118,0.4094893083787249,0
-0.7987899258180682,0.42320556322724484,0
-0.7596545677200801,0.43116922721983486,0
-0.6194844825767555,0.4346007543704976,0
-0.660485015188337,0.4353709119838284,0
-0.6461764621339648,0.4365207097639259,0
-0.673456859841304,0.4409138002655625,0
-0.6839973162890348,0.4436459415930574,0
-0.7398126636086897,0.4420377930735478,0
-0.7631384472580104,0.4456271165727994,0
-0.6980349749497683,0.4479394674114342,0
-0.671478442589368,0.4573943424620588,0
-0.6901412899546865,0.4562181824226558,0
-0.7833711498389223,0.4669644258639544,0
-0.7208034266908403,0.47506186530768585,0
-0.6879474894553335,0.477443006819117,0
-0.5867395676337336,0.48140278020104615,0
-0.6342726519346262,0.48186477783643444,0
-0.6479372756926469,0.49080556415979815,0
-0.610866932234739,0.4884001790207714,0
-0.8260947484297522,0.485308092913852,0
-0.8533262963284016,0.4962321800235758,0
-0.8979039672035689,0.5072106244702802,0
-0.7622680324849943,0.5232908063404236,0
-0.9006950676364249,0.5301555502963874,0
-0.968984879738756,0.5399555892528901,0
-0.8972578174613637,0.553001046336656,0
-0.8942491133352536,0.5654334455231209,0
-0.8770384375555241,0.573893995044407,0
-0.9610867538519792,0.5762827079682851,0
-0.9958278496137252,0.5910666800938722,0
-0.9120726321694372,0.5941938152003857,0
-0.9551070931791764,0.5915173027955432,0
-1.0100742301843189,0.5878827622970009,0
-0.9572431620864292,0.5848072128394493,0
-0.9073519642933304,0.5643039123514243,0
-0.9039169345641106,0.557190567758147,0
-0.8828493443437585,0.5427979315172853,0
-0.7992251332045803,0.5318868734337941,0
-0.7668421509350153,0.5136494465284327,0
-0.7382827764183547,0.4888261435749647,0
-0.7291101146139473,0.4679870162944853,0
-0.7592193603335721,0.4414731510188604,0
-0.7247402771820666,0.4209445285802639,0
-0.6512412991167404,0.4017497503397433,0
-0.627431458272222,0.3867157321924267,0
-0.5975908865003945,0.36777864999961246,0
-0.5958211911583186,0.35774719466591076,0
-0.5256151342878465,0.3386612649159911,0
-0.5975908865003945,0.32288783167731633,0
-0.6020184555243547,0.30856873826534753,0
-0.6194844825767555,0.293539638076131,0
-0.6923350904540188,0.2754763505511099,0
-0.7131473294016624,0.2655767960794722,0
-0.6912381902043505,0.25121206298794946,0
-0.6866307650665742,0.2335088822612546,0
-0.7505018899283226,0.21959811523573863,0
-0.7568234992619325,0.20647895295909496,0
-0.7422129655720242,0.19215557932656988,0
-0.8098521870404346,0.1814744006042393,0
-0.5803113768993337,0.1706540800264428,0
-0.5055334220246984,0.1569110188207277,0
-0.5516654049945455,0.14370204648926727,0
-0.5481082507435848,0.12931795754362566,0
-0.5712142102538145,0.11723306363637846,0
-0.5747669236130595,0.10593064209433059,0
-0.532971471387346,0.09575783043307258,0
-0.4198441962454401,0.08553874375784423,0
-0.3896150464499323,0.07148065244924358,0
-0.4650213875000096,0.05711901908345989,0
-0.3676770414565642,0.04509961490256801,0
-0.2531597672128645,0.036151783622516954,0
-0.1759482036871393,0.02422814364323788,0
-0.1248490833518878,0.012731539136274752,0
-0.1959966092625526,0.0005724066842599702,0
-0.0641754005134637,-0.010909596192314856,0
-0.1074518901208225,-0.024646969900053998,0
-0.0828093820827218,-0.0361403724495951,0
-0.1814837751900154,-0.04628216214194671,0
-0.2643730187530072,-0.0570976508243376,0
-0.3307066180618852,-0.06506760087548093,0
-0.2885847602962949,-0.07503038031711416,0
-0.323205951982162,-0.08346952710324543,0
-0.2643730187530072,-0.09510997415631058,0
-0.2072698128406121,-0.10470161992946565,0
-0.2517853112320049,-0.11595712982012506,0
-0.3443312737945977,-0.1296073102808654,0
-0.3751466212943898,-0.14164299298400082,0
-0.3939071682770836,-0.14891420854394097,0
-0.2691736226796969,-0.16379242242741907,0
-0.2494960315611552,-0.1728332739343178,0
-0.1729506017902811,-0.18650112052655474,0
-0.1849410093777431,-0.19436591031003553,0
-0.200368667140287,-0.21356173312111754,0
-0.1125566951288896,-0.22846769030875658,0
-0.1146461346732898,-0.23915056382112546,0
-0.2061218423364171,-0.2550446561671301,0
-0.0581113628983952,-0.26454876629476387,0
-0.1701817058159121,-0.28126513496928823,0
-0.0842082629679261,-0.30920376061140237,0
-0.0979261774263314,-0.32962921047553256,0
-0.1597900192401039,-0.3543607995899466,0
-0.2951994684820305,-0.37284971378842563,0
-0.323887628857968,-0.38613008812470256,0
-0.3479617027585888,-0.40354691857393743,0
-0.4616551915921168,-0.41767939063362935,0
-0.4594125412840784,-0.4363193828834918,0
-0.4594125412840784,-0.4541263368963174,0
-0.5198175501747258,-0.4704552138561315,0
-0.5374256857615088,-0.4990235020266386,0
-0.5532219375350667,-0.5253461002665282,0
-0.5834155601969777,-0.5397660635690754,0
-0.6300804501707288,-0.5479130195909533,0
-0.6703793218938626,-0.5660182192575052,0
-0.7317324611622349,-0.5970695145460166,0
-0.6589462462146246,-0.6217924842239814,0
-0.753552782525582,-0.641170142684882,0
-0.7918443712007359,-0.6734196348083054,0
-0.8230660602909963,-0.6606605609248118,0
-0.7417755377396583,-0.675122107598481,0
-0.7931477729144022,-0.6707368723297948,0
-0.7555156566565672,-0.6951302713204307,0
-0.7483214121040792,-0.7105475508029159,0
-0.6765321773429083,-0.7130742432610077,0
-0.6263301171308588,-0.7103297244816877,0
-0.6479372756926469,-0.6993927139876964,0
-0.6488187926949188,-0.7062113670186648,0
-0.5363110219450361,-0.7209595268860745,0
-0.9114287028730648,-0.7262964655483086,0
-0.7957523558959018,-0.7283347454111131,0
-0.945274958957454,-0.7222750281143,0
-1.039350808710382,-0.7032650762034671,0
-1.1281353360038695,-0.6794363404684788,0
-1.2261125091144107,-0.6512931101882431,0
-1.28951734034777,-0.6253739188013281,0
-1.2826983511438528,-0.6244579751088903,0
-1.1687805972795304,-0.6273759279334818,0
-1.1451261876444874,-0.603502403827123,0
-1.2595235578123083,-0.5780801863002539,0
-1.4026601586106102,-0.55050063207171,0
-1.38304251953001,-0.5195413672290515,0
-1.4493028441258575,-0.4898920933284606,0
-1.3619482839594552,-0.4599725962011045,0
-1.2292300150871476,-0.43465994920642576,0
-1.2281908464295797,-0.40611914703734475,0
-1.2615952337899206,-0.3757343334835026,0
-1.3432743343649016,-0.3506561522840617,0
-1.3253886430469437,-0.31577222985273407,0
-1.3192135831393903,-0.28059404233706636,0
-1.186120058918516,-0.25539725333680197,0
-1.223618948425396,-0.23333399286459852,0
-1.2427281054064576,-0.2115147805510253,0
-1.2841460818377426,-0.19324608930914064,0
-1.332793829955112,-0.1706676240256312,0
-1.3938782952757036,-0.1459237880841609,0
-1.3268297124032808,-0.12980409159080397,0
-1.3132405838041483,-0.11217637461671297,0
-1.354771802973772,-0.09731309087486496,0
-1.624480478532876,-0.07647531894821182,0
-1.5971046016540194,-0.06997563446134664,0
-1.4702083417991774,-0.061116712468238445,0
-1.520965513473597,-0.05337114693058658,0
-1.5270140079677312,-0.05071168909161184,0
-1.5326539404255397,-0.04616052148996102,0
-1.4886402627961324,-0.036815352802399,0
-1.4770983852702713,-0.030560317150801142,0
-1.5203593317566837,-0.02825305996871664,0
-1.621485097081859,-0.02560721094623623,0
-1.7773048845726764,-0.021146081162524588,0
-1.7081224532388588,-0.01837872965567586,0
-1.5572009692921065,-0.013849466784634923,0
-1.633255680530226,-0.008544950095250217,0
-1.6906986146575909,-0.004231841918412407,0
-1.722550910369114,0.0008728845778205863,0
-1.821587236149885,0.004937903572581929,0
-1.7828027084961189,0.010175047971910586,0
-1.7053513368186362,0.01502886641985372,0
-1.7268963228966456,0.018875659796847844,0
-1.714450723910009,0.027370023295657665,0
-1.7602030106395947,0.031436901479895404,0
-1.4932943172967612,0.03545112178803487,0
-1.520763452901294,0.03594900236863088,0
-1.5128941928105526,0.036879478203227276,0
-1.501987362797666,0.040084376168061,0
-1.4059286549011236,0.0393783115870822,0
-1.447879538336292,0.04327554175134902,0
-1.4777067874330427,0.048303815156272314,0
-1.484794450584745,0.05050577993205434,0
-1.536886110214749,0.05313983795498356,0
-1.8153277993000496,0.05547520540432145,0
-1.6670863934936806,0.06104776090109834,0
-1.5824851861806966,0.06545726542256791,0
-1.5302380953412376,0.06859915904068316,0
-1.5584066713883973,0.06988996751128795,0
-1.696445128516168,0.07136735489483549,0
-1.715241202632442,0.08187382377616081,0
-1.5971046016540194,0.08301901159969431,0
-1.5467448897866576,0.07883158902785535,0
-1.4169420663147796,0.07246639076983509,0
-1.365638664961388,0.07329744952068297,0
-1.3728084846095143,0.07741431385264581,0
-1.4417821940334887,0.07272030534903402,0
-1.4926859151339855,0.07522973407265356,0
-1.344506681811399,0.06879556810674181,0
-1.3924483281486182,0.07216488749921454,0
-1.41755490936925,0.07815216505290287,0
-1.3006639785124143,0.08178493906556249,0
-1.3664580094798606,0.0782527378058885,0
-1.5409117785399402,0.08084629295495796,0
-1.5060263537979663,0.07231939154371926,0
-1.3734235481098385,0.05913652140596398,0
-1.1090106359018612,0.04912572807715147,0
-0.7961875632824098,0.043896938390228075,0
-0.8092015964065262,0.041068908573850336,0
-0.6738965081195111,0.03416754048791868,0
-0.7133649330949163,0.03152074512580186,0
-0.5741007898582045,0.030000839018893073,0
-0.6261080725459057,0.028981868998703825,0
-0.6831202401784618,0.015732108715331112,0
-0.6353739930760101,0.0030923362761616706,0
-0.5647771377360206,-0.010761436993204629,0
-0.5269540631351135,-0.02259204658853475,0
-0.5783151960806056,-0.035528505614705774,0
-0.6811440433723837,-0.043400429867946046,0
-0.7201483951652411,-0.05123015688270353,0
-0.7801115353318194,-0.06646040542240175,0
-0.8100675702878307,-0.08550517801413927,0
-0.894679879830046,-0.09685472535365915,0
-0.7848943756917046,-0.10804576871874064,0
-0.7422129655720242,-0.11242528503819518,0
-0.7515921288404339,-0.12239504336873727,0
-0.7942335709348352,-0.12983005034805525,0
-0.5843015180909447,-0.13878424148147345,0
-0.3327516486892989,-0.14687668014124963,0
-0.443018989577001,-0.15231050850541142,0
-0.5718825644545273,-0.1659697755192485,0
-0.450657323299395,-0.1678712120546075,0
-0.5035216980850236,-0.1727414741034001,0
0.0660293236571667,-0.17472962161064667,0
0.2249199877578935,-0.17772292370327025,0
0.2184496085523609,-0.18050060136812093,0
0.1309129718263177,-0.18384971586428803,0
0.3248489327701886,-0.18538716618604054,0
0.5408938730378167,-0.189570429490214,0
0.2400279013181091,-0.19335823656184936,0
0.1954813166848187,-0.19684768997168783,0
0.2784993461070834,-0.1980103201648036,0
0.2249199877578935,-0.20269714731932853,0
0.3478571926630223,-0.2036529647983135,0
0.3108268172303852,-0.20396800451595087,0
0.1909405049225366,-0.2048531631808109,0
0.1380406030033115,-0.2070391405793647,0
0.1878363216248926,-0.20667039958359013,0
0.1694643526658585,-0.20557882108326953,0
0.2242005633026538,-0.20241587970909,0
0.1561216935560405,-0.2017417501770585,0
0.003423852929655,-0.19942215745876438,0
0.0135179997616219,-0.19455916461041114,0
-0.236204442705864,-0.18756115882898164,0
-0.0686051899832776,-0.18595986389757121,0
-0.0753597862575419,-0.18257105742297272,0
-0.0553113806821286,-0.17557255020368995,0
-0.0648748409560535,-0.1679276298400595,0
0.0205656948880284,-0.16055338064456393,0
0.1221266675997162,-0.14710310342883373,0
0.2026533567788031,-0.14061576929242173,0
0.1107424417291678,-0.13509937337454872,0
0.2801846645068772,-0.12984158564786313,0
0.309376866090654,-0.12601982604013812,0
0.2136623273007808,-0.12253349359028248,0
0.0210364294081331,-0.11712744707050332,0
0.2905497057324868,-0.05264771035035901,0
0.2438692726378015,-0.0448315544626153,0
0.4303711808774268,-0.036821995952074596,0
0.3018895226860239,-0.031750873772303574,0
0.371886857646636,-0.025668573261308867,0
0.4311017075619349,-0.020467588827543393,0
0.3454324657953264,-0.015558188243973248,0
0.3830712433907348,-0.00930670475039227,0
0.400601663372772,-0.002900784266372992,0
0.5344767845326851,0.003296334419871644,0
0.7038301894763968,0.0059688514773470775,0
0.6226751141218885,0.004888007986378327,0
0.612729737161836,0.0041883330804655585,0
0.4847521201782973,0.003399661141469027,0
0.4751775576751206,0.003617825407293847,0
0.5408938730378167,0.004251224278473243,0
0.5186982963259195,0.005384443857267365,0
0.701576436939123,0.00657336478789455,0
0.7261612133851235,0.005211813049142365,0
0.8593413349941252,0.004468186817864173,0
0.8751176027550538,0.0018871802253895022,0
0.9407562025130204,0.00012790858406989128,0
1.0519872168994189,-0.003171684503572718,0
1.0862020669948385,-0.008405309675510125,0
1.0763410669770723,-0.014460163366795238,0
1.022783913086386,-0.021359443244018277,0
1.0400900680376328,-0.027457190519104908,0
0.9576782203323028,-0.034058754582154176,0
0.9353782826654568,-0.03939928126677816,0
0.947677332226012,-0.04296849719844576,0
0.8947419031731901,-0.04571804105120058,0
0.8562904423968825,-0.04810104320646831,0
0.8268451099862549,-0.050130980972524754,0
0.7171239987775292,-0.051362768279063074,0
0.7699528464295776,-0.050866089507680415,0
0.732191944312449,-0.05025426926623978,0
0.7606247534156947,-0.04926398596916949,0
0.8794474721616388,-0.049128951815254535,0
0.962554319417864,-0.050295766206111786,0
1.0279486701323943,-0.05293359601374806,0
0.994173468315178,-0.05476852944286968,0
0.9954591064620604,-0.05499260594436564,0
0.6973154013538735,-0.05535424173533779,0
0.6119836673563979,-0.052068472791071914,0
0.3855048520418082,-0.04788497870973757,0
0.3750465520905224,-0.04081239028083692,0
0.6785459725877857,-0.033620124049559844,0
0.6737942184697816,-0.03058073689096443,0
0.664550502398185,-0.026066652861182718,0
0.8210142191853746,-0.02060415605411998,0
0.8461274617435801,-0.017444874941452297,0
0.7926746688078259,-0.015034752124263803,0
0.7377208544777725,-0.01165524018491398,0
0.8468890746699691,-0.008252144518380428,0
0.9136356769068558,-0.0062024453249791825,0
0.7989940576955781,-0.0063913683328470266,0
0.9018895183628296,-0.004542108819524589,0
0.8306465132806515,-0.004932399099486624,0
0.7825694197466031,-0.0046271015928655975,0
0.7997512297302722,-0.004203173105928353,0
0.727668896116955,-0.005003011270308708,0
0.9075050259162972,-0.0035357759386601415,0
0.7377208544777725,-0.00537346687154752,0
0.7767651742959256,-0.004564419173474962,0
0.7926746688078259,-0.005471075566062266,0
0.8552734781977849,-0.0060536931310878565,0
0.8743537693828027,-0.007145923358736308,0
0.919260066243713,-0.00609383679665829,0
0.7704591080832623,-0.007327614849368962,0
0.8159493822025992,-0.004102774398243455,0
0.8093657602587445,0.0014639824643246297,0
0.9141485998980932,0.007751690983740675,0
1.0183963120877215,0.016778195974595893,0
0.8947419031731901,0.023259683958956827,0
0.8960186595366745,0.03163769272873392,0
0.954343110666295,0.03627178197348174,0
0.9389643027124572,0.038294080133582244,0
1.0083399128351842,0.04166569837215734,0
1.208892802410653,0.04288870775794,0
1.124948847069146,0.039817558532631143,0
1.0592369725981283,0.04012571975398605,0
0.958446494596232,0.04405478280484166,0
1.0778975995175892,0.04954784190520184,0
1.1028287655161206,0.052296986414089,0
0.9728261019177932,0.054474146761954265,0
0.8202548267048393,0.05920396412235493,0
0.9049515131893408,0.06571474307396574,0
0.948188034771408,0.0712690189648888,0
0.9563948026312614,0.07366925411686134,0
0.9530596929652704,0.07493252211967816,0
0.9364041286479484,0.07868886321005122,0
0.9128696230887676,0.08151658029263471,0
0.9087817822797816,0.08412897655897497,0
0.8050625362023416,0.08883440945821755,0
0.7628940490739192,0.09480672415406796,0
0.6408516838461514,0.09981467590620985,0
0.7078425351264946,0.10511463114281581,0
0.6415999740974516,0.10521015416256088,0
0.7075916247455019,0.10763087981095866,0
0.7896415397773545,0.10779102342760265,0
0.8888777056845918,0.10302801447674542,0
0.8103782835661265,0.09938878386027787,0
0.7861043695390562,0.09717334741499961,0
0.7040810998573895,0.09298838925472477,0
0.719131281825505,0.08957933623470807,0
0.736968123334798,0.08253919188667523,0
0.7623900078660758,0.07831591489858337,0
0.7997512297302722,0.07475223428370324,0
0.8111376760466578,0.06805732118108969,0
0.7095989077934777,0.06520856210636759,0
0.6520715967238304,0.06304796719496751,0
0.569324461695221,0.06431663644077447,0
0.5527510538743274,0.06684500235902269,0
0.4901566853760427,0.06808778199712592,0
0.5110644034952244,0.06967422844920974,0
0.608755139091176,0.06866641232400424,0
0.5988208643603794,0.06533724537325625,0
0.6236720943083401,0.06664856923527783,0
0.6800469939820603,0.06757363646333764,0
0.6888022119667684,0.0655379877449438,0
0.7628940490739192,0.06269288512707598,0
0.7319388134855984,0.05942866105594292,0
0.6857979487323532,0.06230695333960626,0
0.66829639454636,0.06426073851491693,0
0.592865628591942,0.06793498000962894,0
0.5814591982629066,0.07241747472385239,0
0.5312704607259503,0.08036443359302761,0
0.5544807811911078,0.08997183191640291,0
0.6378607432868335,0.10019074455815652,0
0.707340714364509,0.1074231864714159,0
0.7030796787792595,0.11279284609167448,0
0.7060861624595076,0.11990960571410704,0
0.7176258195395314,0.12444731738860199,0
0.7553356514021125,0.12902393720210534,0
0.8278576332936368,0.13094263531150746,0
0.7830756814003044,0.13280999942709493,0
0.7782795183653097,0.13569989098887972,0
0.7805488140235343,0.13946416971693493,0
0.7560928234368065,0.14138705502268648,0
0.8919352596193874,0.14511466155732922,0
0.963067242409118,0.14602148062327885,0
0.959729912297269,0.14464529308048868,0
0.9913401794111932,0.1439126300950383,0
0.9818211280542384,0.14345957058688524,0
0.9684584849317746,0.14236263714332537,0
0.937427754184586,0.14411777501586495,0
0.9046961619166533,0.1476687297209517,0
1.012463280777767,0.1489752858484967,0
1.0675281174002846,0.14602062557273568,0
1.048623241437388,0.14068312958765056,0
1.0251064994449952,0.1344315514785608,0
1.0253662916093986,0.13036599926918563,0
0.9777088623409071,0.12400047725105033,0
0.983621909638216,0.11884868376854,0
0.8983146005451017,0.11438426758959912,0
0.9174703868889912,0.11223731019066213,0
0.8677368407512094,0.1095855846383118,0
0.8463805925704101,0.10738724210452427,0
0.8111376760466578,0.10620955501506327,0
0.7475307842410117,0.10676959975168665,0
0.8281129845663245,0.1079549991098836,0
0.7825694197466031,0.10656172104454568,0
0.7896415397773545,0.10556491078475386,0
0.7201349233494929,0.10417112136148254,0
0.7497978594533785,0.10440026850379171,0
0.7762589126422408,0.10075609539891048,0
0.9415244767769664,0.09759182523904178,0
0.839272945406062,0.09029563416945176,0
0.9913401794111932,0.08539011944512297,0
1.1847698787013627,0.07885403058017121,0
1.218347460837967,0.06948844989258815,0
1.4812748947726042,0.059327630524250476,0
1.4070054219974908,0.045099318600063915,0
1.3845811393630838,0.029521864475027852,0
1.1674948099920135,0.014003102827072525,0
1.073490014506279,0.0027559370966031686,0
1.1059484919347111,-0.0077935194394514835,0
1.0789367681751736,-0.020265662187930324,0
1.0346632983813795,-0.03225273065893034,0
1.1239074579657202,-0.04300603043439902,0
1.2696997120000693,-0.053873098121092554,0
1.2428101127622475,-0.06465695359972606,0
1.2175614230072331,-0.07474551593588345,0
1.203381655812117,-0.08464526927087881,0
1.2015475675404217,-0.09222179620437253,0
1.1688026525973787,-0.09867880350630512,0
1.1724663882491086,-0.10451465615396895,0
1.0550958410887576,-0.11038164197868518,0
1.0183963120877215,-0.11432257767796991,0
