signal,anomaly_score,is_anomaly
-0.6767520014819994,0.6298149257110058,0
-0.6861933372342084,0.6595393362535072,0
-0.7354450466226503,0.6722651220743991,0
-0.8761791250117599,0.6843166750250393,0
-0.8258793651823352,0.7013954397632798,0
-0.5521117146102889,0.7253722795229847,0
-0.5240563813014717,0.7374253229708029,0
-0.6787281982880983,0.7466828459434746,0
-0.7048273188034664,0.7639364810391284,0
-0.6265499412699707,0.7771649272113288,0
-0.6769718256211112,0.7925371285282001,0
-0.5632228256413573,0.8064266059498097,0
-0.6097611502016561,0.8057923504350376,0
-0.5763190152618816,0.813796862378699,0
-0.6433120869880826,0.8152065667885418,0
-0.6712586184502727,0.8158668716125863,0
-0.7885869771394742,0.8100032566385708,0
-0.6879474894553335,0.8171764770109508,0
-0.6657652354185253,0.8154941771352839,0
-0.5856315651548135,0.8272754955218247,0
-0.5316325425400831,0.8227950533087552,0
-0.7385026005574665,0.8362219239167675,0
-0.6055578462085068,0.8183946428166927,0
-0.5594458472513055,0.8088406083709689,0
-0.2446865458510716,0.8228174935505719,0
-0.0417688814458446,0.8264866749348533,0
-0.1440714830712756,0.8246504049049423,0
-0.0606781983004403,0.8286721475645826,0
0.1259258504482716,0.8460141266903544,0
0.1090837686795766,0.8563095343052696,0
0.1780508167659981,0.8649687364492413,0
0.0067078923411152,0.8792818068826421,0
-0.0900236106478555,0.8663963511327094,0
-0.14036777939425,0.8861177739170977,0
-0.1851719357460901,0.8878515661565922,0
-0.2075007392089757,0.9001900551734447,0
-0.1833267452451218,0.8965888002986822,0
-0.3620149045402691,0.8753929014208661,0
-0.3638267883534778,0.8814752931668808,0
-0.3882583540358815,0.8930398205957717,0
-0.3676770414565642,0.9019195604579795,0
-0.5558909134462026,0.9186254959374116,0
-0.6210299128880413,0.9087787556995935,0
-0.645294945131697,0.9134467797813598,0
-0.6582867737973098,0.9253260842750998,0
-0.5093281639815382,0.9167699518066514,0
-0.4254730264740129,0.9106994094261902,0
-0.3844169827161891,0.9233962843020512,0
-0.4067702110834029,0.8994080997880467,0
-0.4347011994246628,0.89019461895713,0
-0.0818790152717642,0.8992521375648654,0
-0.1014122774100823,0.9062209634156955,0
-0.2242739871563228,0.9138339148560276,0
-0.2111800179816357,0.8936863708917333,0
-0.006428265304717,0.874852844385989,0
0.1780508167659981,0.8674397898117442,0
0.1055266144286324,0.8721150271622885,0
0.0252685991973428,0.8872705428684486,0
0.001076841666701,0.8874613839639339,0
-0.0769918139569512,0.8889159258139406,0
-0.1014122774100823,0.9014113968211803,0
-0.116269280589305,0.8963502477109248,0
-0.036628549304185,0.886434003079441,0
0.1297250332968146,0.8748742427963278,0
0.209112633755084,0.898904871003074,0
0.2929611099250731,0.897723936200833,0
0.3122745479242793,0.9026884584574212,0
0.3103427600351917,0.9235211666760287,0
0.2973043020067512,0.9425305734746809,0
0.3401011753106113,0.9457681649541333,0
0.2823540401018646,0.9663505769738622,0
0.3364685259007789,0.9681279357796952,0
0.3548893446684821,0.9944094476874148,0
0.3028554166305781,1.030071880945326,0
0.1055266144286324,1.060566459467579,0
0.088715618901835,1.0658684179427895,0
0.1444621324001586,1.0616783629600801,0
0.1613619457609372,1.0635793049103142,0
0.2556398560861517,1.0824568846503575,0
0.153978963311235,1.0862252491235331,0
0.1297250332968146,1.0923857412060989,0
0.0217425311882838,1.0916411645159405,0
0.0868237990380224,1.100255467211823,0
0.1427967980130105,1.1081442618476083,0
0.1985899408741618,1.1263945526499413,0
0.2486720970103283,1.1241479999088253,0
0.4482213450618088,1.1344767951978987,0
0.5636312385370117,1.1299413694046283,0
0.524611343623224,1.1429898793855233,0
0.5041721395782933,1.1558463330860986,0
0.3420396245372517,1.1923023751761708,0
0.3084109721460999,1.2180303885457862,0
0.3084109721460999,1.2672033861509335,0
0.2830756850029621,1.2634612702284065,0
0.3811261328265376,1.2556714149888204,0
0.287896272942281,1.2697145876729974,0
0.176141233335414,1.2826895165772632,0
0.1744714580565503,1.3023756848108268,0
0.1744714580565503,1.3151553705424501,0
0.001076841666701,1.3036211947739547,0
-0.0305489685681698,1.311006611663579,0
-0.0012679491504075,1.2895451847319837,0
-0.0118195078273736,1.3317462996416138,0
-0.1572498291882407,1.3455189453588337,0
-0.1181255733195045,1.3606683742764407,0
-0.0564793351989901,1.3316228211606984,0
-0.2093392683723871,1.3595383450353329,0
-0.1378209280048548,1.333848228791142,0
-0.1609468715277095,1.3421648190395876,0
-0.0620770791856447,1.3491969281799636,0
-0.1311062997558655,1.3569047825551943,0
0.2395482850146105,1.3187894008630991,0
0.2638155377041239,1.3419238328199816,0
0.2522758806241209,1.3544355838786486,0
0.3439802942097374,1.3530352841118543,0
0.1725640950718076,1.348863457148574,0
0.0327959106272521,1.3507751553919063,0
0.1278265520954616,1.3270417830381682,0
-0.0174416767183938,1.3306775091206782,0
0.0750043657809866,1.316196814041258,0
0.0551757843446645,1.3177457530017245,0
0.235948942292517,1.3276533287299952,0
0.1873589257672311,1.3267820439576363,0
0.0525823035924208,1.3214107045077952,0
0.1971555328553608,1.3118259232624216,0
0.1892707296436729,1.293771722914426,0
-0.3472800258827829,1.277384253064393,0
-0.3862266460835608,1.2547476525436998,0
-0.2764855508621852,1.2295965240994642,0
-0.1757194977646294,1.1882546354257018,0
-0.2166956054718702,1.1578815947041268,0
-0.1701817058159121,1.1140909519940367,0
-0.1422196312327711,1.0533492586551885,0
-0.2931455560712269,0.9938062984429407,0
-0.2297829133090169,0.9479096027648313,0
-0.2917777614279201,0.9004264352326393,0
-0.3322964572901451,0.8587893994082684,0
-0.3061373847368356,0.8319810474837792,0
-0.2970224545245117,0.8025114374332617,0
-0.2373524132100549,0.7843474955475112,0
-0.2166956054718702,0.748759549944633,0
-0.3152434331657488,0.7188449095613542,0
-0.2803691106530269,0.689496569577942,0
-0.3889378104658255,0.6769411870739226,0
-0.3778600061225164,0.6541747283328208,0
-0.3529510445824927,0.6384487544361445,0
-0.4692802026394013,0.6161366266438993,0
-0.4306511061951105,0.5793810094473464,0
-0.4369482906243797,0.5591242565253819,0
-0.2774003745521959,0.5372342659042025,0
-0.2570522087871001,0.5067700261388558,0
-0.1011791305958981,0.4798072640959512,0
-0.1011791305958981,0.4451225250753197,0
-0.0061951184905163,0.41735759843799686,0
-0.132032225675124,0.3817355044357189,0
-0.1632561352112256,0.3637426192534538,0
-0.2474354578127907,0.3373057560741429,0
-0.258424444322106,0.32200127510057547,0
-0.1985279175310177,0.302691440557261,0
-0.0669709418380147,0.28356809632292856,0
-0.1551692714272304,0.2634698696687942,0
-0.1032707905861395,0.24659391403796133,0
-0.0714007313078285,0.23515452118346844,0
0.0998422730538337,0.21266994690157812,0
0.1425592103071107,0.19769274545167798,0
0.2366683667477567,0.1867698142936439,0
0.1411314636258459,0.18251592004929076,0
0.1804377960542395,0.17118510286643238,0
0.1461252463414447,0.16442581847288204,0
0.0771315529048247,0.14955608895173428,0
0.1268762012718584,0.14288101601164271,0
-0.0427036891485012,0.13473688239924708,0
-0.0550782338679279,0.1278840828717716,0
-0.1287903747348132,0.11476758181964158,0
-0.1148792814874946,0.10716534503938782,0
-0.0403655596689453,0.0984600898983325,0
-0.1125566951288896,0.08703135217521764,0
-0.1287903747348132,0.08693616882820804,0
0.0582422200628747,0.08145732370207816,0
0.0346810691534914,0.0778413264680247,0
0.0913202018833346,0.07193285729203337,0
0.0349142159676962,0.06824389160106084,0
0.0393884143545007,0.06334668656142074,0
-0.0068967793789639,0.05706071967299851,0
0.0464538730477159,0.05388348833783473,0
0.0438626127413094,0.04614905351375252,0
-0.1190514992387671,0.04028178394218735,0
-0.0776890339537038,0.03335014186502986,0
-0.127398155187145,0.025630639349685305,0
-0.054378793425334,0.016091776285008307,0
-0.0228262579034935,0.0016752133396579242,0
0.031385927512796,-0.010405813555012529,0
0.0511678795862656,-0.021389086896039307,0
-0.0052558698961607,-0.032963536412472925,0
0.0048316155982534,-0.0460756771759797,0
-0.0052558698961607,-0.05904202419867439,0
0.0229171470426774,-0.06959333311418485,0
-0.0223577438292466,-0.084375451746939,0
-0.0216560829407949,-0.09603535959979974,0
-0.0263367827916058,-0.11465935451710968,0
-0.1449951885446763,-0.13251572112585913,0
-0.0473755072159181,-0.14989450142954489,0
-0.1519340818244558,-0.1753580227061288,0
-0.2988454405669724,-0.19327660425600557,0
-0.3920997253555531,-0.20955858749371142,0
-0.3216138923080485,-0.22500375083876478,0
-0.4742095924253638,-0.24750349961300866,0
-0.3850964391461372,-0.2619449085130129,0
-0.4571676705302193,-0.280814720787537,0
-0.4605338664381079,-0.29371778764776757,0
-0.5438805218460948,-0.3085219449862864,0
-0.63294926620831,-0.32123205614980116,0
-0.6461764621339648,-0.3324566076466278,0
-0.6241207735105757,-0.34386873544617547,0
-0.5780931514956567,-0.3495797063389362,0
-0.5998046710123767,-0.3553355386965848,0
-0.4427947245461901,-0.35397056708699454,0
-0.4639000623459965,-0.3669729915939217,0
-0.3079581503334384,-0.37355520753259147,0
-0.2325340457165773,-0.3866511874609455,0
-0.2233547225746171,-0.3936276736782178,0
-0.2256506635830402,-0.4150801344057236,0
-0.3170641987623682,-0.42197346814684916,0
-0.3787637275832713,-0.4309207488582563,0
-0.5621126027165796,-0.4352164243774331,0
-0.6197043067158673,-0.43679475102609283,0
-0.7404654746884518,-0.44213089750617446,0
-0.8791922700295813,-0.44217375233103123,0
-0.9221534563262944,-0.43866435172471646,0
-0.9606604282488652,-0.42971801776835306,0
-1.1163714138930556,-0.4426468524747909,0
-1.1886247218367785,-0.43386464963077553,0
-1.0868994361322255,-0.43808813760321574,0
-1.096382960355584,-0.4260117900529747,0
-1.261388732325902,-0.4423279139641453,0
-1.2302691837447322,-0.43551958858353823,0
-1.136319899405236,-0.4318358159713231,0
-1.1195244469993892,-0.42503510568481573,0
-1.068964895005578,-0.4192352677660915,0
-1.174007526809334,-0.42300608206898915,0
-1.0416800564065438,-0.40951093257598525,0
-1.1927969395880509,-0.4139881812640091,0
-0.8662670547394669,-0.3986235974743314,0
-0.9350053969033784,-0.39548586165196375,0
-0.8576428430598728,-0.3857969344447495,0
-1.1195244469993892,-0.3785615786744294,0
-1.257243159924832,-0.37272054434546986,0
-1.0816280976854518,-0.3659765739823864,0
-1.10480511146285,-0.35610354975708985,0
-1.3192135831393903,-0.33509900374013785,0
-1.4967315674718225,-0.3287710758036045,0
-1.4387313014362293,-0.3168735066899139,0
-1.520965513473597,-0.3022152817276918,0
-1.549562635569712,-0.28672367953447686,0
-1.4785172501681214,-0.2715183968345364,0
-1.461688491074536,-0.25899042812836676,0
-1.4297762433250758,-0.2489001792011921,0
-1.4257039456370404,-0.23755607183985863,0
-1.4157186006516964,-0.22106162106091717,0
-1.5001688176469044,-0.20457259337154043,0
-1.2053024906126082,-0.18047935374552865,0
-1.2952993813399438,-0.16413817557036228,0
-1.419999620249596,-0.09456211529327625,0
-1.4947087413028957,-0.0756403168646463,0
-1.3438916183110712,-0.05462837320841271,0
-1.1482703389674065,-0.03630497697128923,0
-1.2862133169236598,-0.018297707920598264,0
-1.180484567352403,-0.002037781160744377,0
-1.247915066910953,0.011480384625375156,0
-1.163553667749727,0.026730094705477932,0
-1.1279266140940096,0.04016227962396067,0
-1.1058553823496695,0.05671271898619621,0
-1.1537170926363218,0.06780613018712667,0
-0.979005751857676,0.0804732915217796,0
-1.1075384803036223,0.08945966765395519,0
-1.0480327519820556,0.09940269654102245,0
-0.9474132483105646,0.10968692674643087,0
-0.8597988959797713,0.11788997125191555,0
-0.9195799595866964,0.12430289426074508,0
-0.8761791250117599,0.12852473137641685,0
-1.0047607032663917,0.1369575842749386,0
-0.9469847022616094,0.14391650893394473,0
-0.957029999284874,0.14787408420033538,0
-0.7796763279453114,0.15624077753967155,0
-0.8474976259733792,0.1560481344559414,0
-0.8580736095546859,0.1619354950369342,0
-0.8185185871911573,0.16321939970516183,0
-0.8925282678018631,0.16535020889560353,0
-1.0138978379372026,0.16818415412516716,0
-0.9875278230281792,0.17214504230306998,0
-1.0501488368766418,0.1717348839215621,0
-1.122886202015579,0.16920700562542348,0
-1.1620881734890447,0.17045917106050087,0
-1.199678101275747,0.1752999908819072,0
-1.1455458519100488,0.17876110756474725,0
-1.0247225114536649,0.18561382715864427,0
-1.109643462968977,0.18720547429790946,0
-1.1417733144116915,0.19262891904710186,0
-1.2671863164390431,0.18960378717331391,0
-1.244804222275769,0.1902721392313428,0
-1.1882072780170791,0.19900243412340557,0
-1.2472933420730887,0.2036651552257043,0
-1.1886247218367785,0.20432349127332697,0
-1.216755550304488,0.2051434203798121,0
-1.2787726028818946,0.20625045764751088,0
-1.3274469963494462,0.20357570392343202,0
-1.1212053245074842,0.19821637991686514,0
-1.1980105464427615,0.19919388978345867,0
-1.21488149400748,0.19831099742786334,0
-1.257243159924832,0.19393154186566253,0
-1.1994693793658868,0.1934792134475625,0
-0.9915734753660326,0.18959339152984936,0
-1.0634692915279933,0.18103072150361116,0
-1.1361111774953758,0.1763961798781119,0
-0.902413692723974,0.16790907301647057,0
-0.8338840724699019,0.1464971153513595,0
-0.8929590342966762,0.13317899110154674,0
-0.9028422387729296,0.12203718329302532,0
-0.7635758750903597,0.10893171824206023,0
-0.8050804489097847,0.10386020833779072,0
-0.8167844189826572,0.09381602449694483,0
-0.6945266705074932,0.08528217538923409,0
-0.6732370357022087,0.06940156571908819,0
-0.753770386218836,0.055983116520193936,0
-0.8619571693455277,0.049979863870455464,0
-0.9971046059772136,0.042550902729238185,0
-1.0310840888125703,0.038942816081828674,0
-1.0287526206705715,0.026303951325884554,0
-1.0096479045812048,0.024302191178912937,0
-1.024298406296409,0.011939099453804934,0
-1.0761413759912613,0.0002526598794552651,0
-1.1927969395880509,-0.016472999472477795,0
-1.1637623896595866,-0.037199485996084546,0
-1.1382072783773372,-0.05162657319643626,0
-1.0276934680003371,-0.06878041137294949,0
-1.1287659426251282,-0.074980124949415,0
-1.1396749930838728,-0.0875903041799118,0
-1.0763545387928164,-0.0987770036027248,0
-0.9195799595866964,-0.1092839447828265,0
-0.9450617961559156,-0.1279646938702816,0
-0.945274958957454,-0.14772367600646655,0
-0.6490386168340141,-0.16476303403501275,0
-0.6659850595576371,-0.18143436425352624,0
-0.5478839857127946,-0.19266549123981033,0
-0.5838574289210384,-0.20068677427071868,0
-0.6670819598073053,-0.21105194939341038,0
-0.5865175230487805,-0.21985583504790798,0
-0.5838574289210384,-0.23071960962102173,0
-0.534083914757965,-0.23413145592765747,0
-0.6210299128880413,-0.23792831374294637,0
-0.4486344971304642,-0.2378217308444502,0
-0.4791389822113262,-0.23761785634427784,0
-0.5487743844984606,-0.23928770132503072,0
-0.6250045109586848,-0.2384600093385914,0
-0.6549849708190575,-0.24207031246473762,0
-0.6657652354185253,-0.24296540210809267,0
-0.549664783284106,-0.242865808867332,0
-0.4481859670688673,-0.24400892731609475,0
-0.2391865014817673,-0.23943220927473557,0
-0.1229950110675296,-0.23042652259594498,0
-0.2026712694862462,-0.22102994964992104,0
-0.0326539512335208,-0.21283306872447216,0
0.0306798257326452,-0.1990484379392116,0
-0.0802492080182128,-0.18561897008465741,0
0.0158672314704296,-0.1705468179646513,0
-0.0216560829407949,-0.15025989474253795,0
-0.0863021434040254,-0.13092586286601648,0
-0.1738720868178239,-0.11533573758898998,0
-0.0944400774425639,-0.09927629387984002,0
0.0393884143545007,-0.08143257164213,0
-0.0122880219016205,-0.059482002889176905,0
0.1088461809736768,-0.03630675079161849,0
0.0641419446850697,-0.020583751127014056,0
0.0913202018833346,-0.004399285818191869,0
0.0610732885210223,0.013397879563569127,0
-0.070004070868482,0.02511348502008303,0
-0.0380296506352265,0.03630788486334269,0
-0.0487766085469596,0.05011115793105264,0
-0.0251666078289072,0.06346199823895543,0
-0.0122880219016205,0.07756654040405528,0
-0.1405987057626178,0.10864527278242304,0
-0.0263367827916058,0.12020363335530747,0
-0.1449951885446763,0.1516543400460036,0
-0.1590972401350462,0.1635093583094182,0
-0.1028044969577505,0.17424188029732401,0
-0.1355050029837818,0.18851116407353616,0
-0.0438716436653585,0.2040016105916734,0
-0.0723310981187861,0.24381441186556027,0
0.2174925963912214,0.2786110911056349,0
0.2985100041030422,0.2987765307904933,0
0.4084020896421735,0.317034084807201,0
0.3738319682108332,0.33008252799701626,0
0.277535672608387,0.34517087613754777,0
0.2566013091390068,0.3677256455427843,0
0.2318722037127826,0.39077664894344605,0
0.3769916626547196,0.42409189698427924,0
0.3379206974863679,0.4488142238903743,0
0.4685561881518074,0.47288273831216415,0
0.3660581872916301,0.4931338082833621,0
0.3381627260839668,0.5190912344670455,0
0.4712540298589873,0.544537252092607,0
0.469291155727998,0.5698084229614,0
0.6097476783859327,0.5906681897713424,0
0.5700660906089684,0.6042807997055708,0
0.7568477750256428,0.6203371061917751,0
0.8555288294704934,0.6280869289764743,0
0.7757548714343974,0.6350901528138003,0
0.7863575003659068,0.6430126328858333,0
0.9417820484955118,0.655619960021187,0
0.8684984536775984,0.6587941081977241,0
0.9777088623409071,0.6612135273778917,0
1.1207832906554305,0.6618035682139419,0
1.0968513252891965,0.6647919013510319,0
1.1711585456437432,0.6700976856169167,0
1.2341215081530212,0.6699492876745372,0
1.0356980261472692,0.6673966138724098,0
1.0776378073532022,0.675665386613492,0
0.9913401794111932,0.6807954165614515,0
1.004216544892622,0.6943044005112031,0
1.020461326727781,0.7061676375499396,0
1.12338787363693,0.7254198911082473,0
1.0307886203739527,0.7377354915120303,0
0.9664045725209502,0.756888122154275,0
1.0279486701323943,0.7789176332881639,0
0.9184940124256248,0.801935029646505,0
0.9944288195878864,0.8246691189398606,0
1.0981502861111676,0.8404693021794806,0
1.0055044034853418,0.8539006087825813,0
1.1067278684278925,0.8696274621665993,0
1.0799737163869003,0.8854520467325303,0
1.3587418110121026,0.913552420967658,0
1.381115023391962,0.9372278637254787,0
1.3933852071564774,0.9612372679875371,0
1.2499199803724368,0.9785424916966636,0
1.281581317740904,1.0049252107514008,0
1.2301779963242587,1.0358042053933847,0
1.2499199803724368,1.0667639517349456,0
1.3069787773678372,1.1058826874524346,0
1.3138666003930732,1.1506579109396677,0
1.5025467660111007,1.1993515410169286,0
1.4812748947726042,1.2417927957876842,0
1.3728527443858665,1.280862196697318,0
1.4011279018337788,1.331988819416058,0
1.2446508623715002,1.3759625733964795,0
1.302475713184989,1.4398540761977734,0
1.3313703750249284,1.4906271716142012,0
1.3725862908839268,1.540416294112468,0
1.4345633754360214,1.5991625428430534,0
1.2102073063535914,1.6351161533252896,0
1.347040061385067,1.6788581382080687,0
1.3128074477228595,1.7156431469621192,0
1.1795340673881651,1.7598681452306963,0
1.0499177613676602,1.8193101635176272,0
0.982078699772788,1.8961439148731962,0
1.0418997314050005,1.989178015928737,0
1.0895771446861209,2.0697752299850944,0
0.9525467699740328,2.1461275476561967,0
0.9782240057780024,2.2223402861228316,0
0.9962318216177012,2.2811774542367003,0
0.9126142718160798,2.3532667182197535,0
0.96871605665032,2.4220603276155073,0
0.9671750672307332,2.498651317984305,0
1.1036081420093182,2.5551099560108277,0
1.1978749501052974,2.6063298815351987,0
1.1351162686141474,2.673263634668791,0
1.1020493890229397,2.7371585236542515,0
1.06571179269536,2.8037228638785803,0
1.0235588486878682,2.8925487440133977,0
1.0670085330714902,2.9834914737188147,1
1.1654031500017512,3.0532696309294263,1
0.9895393978272156,3.120182220273692,1
0.9998378256773308,3.195310749173029,1
0.999580253958802,3.2801174239897137,1
1.114534956034851,3.371137626697377,1
0.7727284037414828,3.4404639264756414,1
0.7118548807765926,3.5295630397612006,1
0.801523145518206,3.6358826039357033,1
0.7997512297302722,3.7223042899063925,1
0.7568477750256428,3.8192153429250104,1
0.8184806904710684,3.9227306916188813,1
0.7311860823426034,4.030555639551094,1
0.7269161649739598,4.154995606307255,1
0.7053356517623703,4.275788010226032,1
0.6975663117348663,4.38383537754017,1
0.7906518426388951,4.48523577553002,1
0.8172150363368358,4.580955927526564,1
0.8243093608260907,4.672354034660609,1
1.062603168506017,4.7580768157940545,1
1.0338883627798976,4.8371242024545476,1
0.9489585294811952,4.903420273917172,1
0.9664045725209502,4.994432208783384,1
0.9589616380333272,5.08281032495906,1
1.1033483498449108,5.178050032859582,1
1.1763921365110832,5.2706171916272835,1
1.3114818415506857,5.351244575149522,1
1.2712828898907682,5.413129140785208,1
1.1654031500017512,5.4981748072423535,1
1.1727284008593533,5.578240629717801,1
1.258881699821143,5.670731295291583,1
1.187390004803809,5.747960101250164,1
1.202071592760894,5.803104066799814,1
1.1372012672668528,5.8439532360917354,1
1.0838661579611402,5.910362752461127,1
1.0240739921249633,5.96466830259663,1
1.0199461832906858,6.013866959165981,1
1.0341459344984474,6.058423298478995,1
0.9689736283688698,6.093847485963637,1
1.1426791071776492,6.116088774288539,1
1.0292387491709678,6.1279254993193915,1
0.9707699690611278,6.140426678207607,1
1.0465537859056129,6.170429279248347,1
1.15285985139776,6.178455324335438,1
1.2215004939443008,6.162549700799545,1
1.1826737778194056,6.139996930987206,1
1.1803178847730411,6.137542864136315,1
1.2109955646301664,6.146043673990375,1
1.1837218282603843,6.163111402630757,1
1.263629013047448,6.141820602568908,1
1.339865800845229,6.114944831637546,1
1.4576271464750974,6.081312983881163,1
1.4699817071818948,6.038853399742345,1
1.5666066287700593,5.994770181121328,1
1.4678323155995323,5.952133179455095,1
1.5766386031182515,5.917679820900656,1
1.518189807021057,5.87192209853631,1
1.3933852071564774,5.825055093180229,1
1.316782045793503,5.79175112543711,1
1.3667265342870027,5.740266844488073,1
1.5268295618215817,5.708603391113275,1
1.806594636633194,5.672523848514354,1
1.9484100721510416,5.590375268585189,1
1.9537369217440577,5.490269127146136,1
1.7911003654951767,5.406739282672721,1
1.889128608860265,5.351093145566557,1
1.924324896021169,5.288267005406815,1
1.9257237769063733,5.220850192394336,1
2.0263321783486123,5.139124141365091,1
2.176918374972094,5.045794402858669,1
2.17920765464296,4.951004317744588,1
2.2457610780909545,4.82604579387341,1
2.1583443454407734,4.69272492235906,1
2.2112886562769893,4.585537900985451,1
2.2282262172172014,4.464544834732411,1
2.398378982666736,4.340504100740783,1
2.280912956334868,4.199611730285148,1
2.133528642626409,4.0763287031222015,1
2.158630782955363,3.987681017204415,1
1.947850519796956,3.8850241709697344,1
1.9341215031092944,3.7962467556513575,1
1.9192889248344327,3.710964837183782,1
2.014201882672626,3.6241013773034734,1
2.107347365614596,3.536181787541562,1
2.3187782194069078,3.451959639184127,1
2.3864329839962646,3.3340734917681254,1
2.2155918803333714,3.2257619311214016,1
2.190940490511877,3.1391623729588636,1
2.073003729659904,3.051643644085297,1
1.9733878675123968,2.960671993332398,0
2.056858867887957,2.880529803606385,0
1.983226663071676,2.7924722595980125,0
2.0362153828248823,2.720673351825301,0
1.8774201978956933,2.648593145995255,0
1.8046561874065703,2.5732656350415617,0
1.952897593212939,2.5135882599974555,0
2.035933386201992,2.4338105140032913,0
2.0752708048722663,2.365793538254741,0
2.224491427298299,2.296228317464114,0
2.220758857825233,2.2072693413861093,0
2.019562038953401,2.1218283145071566,0
2.023509991673859,2.0511098355231074,0
2.080939603126135,1.9781783490965952,0
2.17920765464296,1.9070640800862184,0
2.148068122049145,1.8318597668001975,0
2.024358201988392,1.74658272340974,0
1.9714227729355704,1.670527710395117,0
2.075837018563909,1.600893592842156,0
1.9176124882180372,1.5265869994223393,0
2.0959831237566937,1.4582307025330792,0
2.0537458028069198,1.3858905760337337,0
2.108484233889556,1.3104386815718205,0
2.300552799873976,1.2197026634343524,0
2.2081334027247976,1.1263005878628447,0
2.0263321783486123,1.0387602847760224,0
2.012509902935296,0.9592949968173548,0
2.033672972327165,0.8856592064614182,0
1.993636113214276,0.8175046494715424,0
1.967208366713169,0.7584005424726445,0
1.982662669825895,0.7033076470459515,0
1.917052935863968,0.6526465793447721,0
1.954018918366948,0.6026300073460713,0
2.048936317096836,0.558174219116585,0
2.12470014992867,0.5153999786615949,0
2.140654053357562,0.4705797718301589,0
2.0625210048042733,0.42609210479904236,0
2.067903365543532,0.3839444237954028,0
2.1657695163616086,0.3424570639129669,0
2.143505105828355,0.2993202189505057,0
2.154631759980354,0.25707855595570306,0
2.0920063052401963,0.21962495057418144,0
1.9576648904518732,0.1836417787094788,0
1.83764757183889,0.15140483471115987,0
1.8980570216212325,0.12456234893302,0
1.7681720416529303,0.0977344716630977,0
1.6525911738473011,0.07754113683518596,0
1.6771981547518051,0.06167965812832116,0
1.5997245786158147,0.0439150868444689,0
1.432689319139013,0.029678335996350287,0
1.3571475308921312,0.019705658854143174,0
1.4284038586494188,0.011141906370756068,0
1.364597126717307,0.004588218661231384,0
1.325002136328466,-0.0013012637622407167,0
1.2023336053711386,-0.006529078726266188,0
1.1638355152319826,-0.009386372759984614,0
1.294801852329002,-0.012206077221089764,0
1.359274718015986,-0.019630752609036274,0
1.3202281777519789,-0.02864411119897467,0
1.1147947481992375,-0.037175272103629795,0
1.1075094653669273,-0.0440589816547716,0
1.0670085330714902,-0.0524146647584609,0
1.0137533598163444,-0.05836329112238627,0
1.061828232904535,-0.0635913739594729,0
1.0545762567599677,-0.07060666423895785,0
0.9085264310070936,-0.0764400608283334,0
0.9317944830643142,-0.08011445886532821,0
0.8690091562229781,-0.08273276267576553,0
0.7535748378434304,-0.08526643473339089,0
0.5903853905780203,-0.08569157609782724,0
0.8286192462200258,-0.08518858883694429,0
0.8769006207722229,-0.08835277381963048,0
0.83115499538019,-0.09218684755338817,0
0.8906629441476187,-0.0953137175115807,0
0.9384513797212198,-0.09990438357586422,0
1.0488830336017747,-0.10365081081140257,0
1.0670085330714902,-0.10935939372718102,0
1.0460386424685342,-0.11547568799786585,0
1.0276888779680036,-0.12053348226179711,0
0.979509643924885,-0.12486063690142779,0
1.0903565211793187,-0.12915696077771363,0
0.641100373781303,-0.13408181682004644,0
0.695812159513737,-0.13615963132034556,0
0.7606247534156947,-0.13903080318718317,0
0.682047615692504,-0.1413898710736711,0
0.66430181246305,-0.14208677257858193,0
0.7141130742055614,-0.14528798227142936,0
0.8177212979905164,-0.14912404757636438,0
0.8947419031731901,-0.15182474064297466,0
0.7969712315266514,-0.1546373515127454,0
0.6356203134246486,-0.15591828079029588,0
0.6343746433030619,-0.15733754852595308,0
0.8496823955486623,-0.15759926060312066,0
0.781812247711909,-0.15734190574491427,0
0.8136689843151269,-0.1565339002538747,0
0.8194932137784503,-0.15517288155875428,0
0.881994323551034,-0.15531565766882413,0
0.9869659010876176,-0.1563511608154293,0
0.995716678180606,-0.1564357464103913,0
0.9399901486949322,-0.1534562846339431,0
0.8463805925704101,-0.15036001596889867,0
0.8260834970598617,-0.151153761901278,0
0.8506993597477598,-0.15023686565517205,0
0.9072496746436052,-0.14686421237055775,0
0.8025356688255879,-0.14627905226950436,0
0.7883781060889756,-0.14381816678094617,0
0.8060750595097441,-0.13972017297155548,0
0.9676879902219874,-0.13620915620872287,0
0.8786836387893878,-0.12979349173049964,0
0.8626475788640724,-0.12634210470436327,0
0.9594745610245606,-0.12046298448849853,0
0.7833265917812973,-0.11090349843479541,0
0.8159493822025992,-0.10758835888617915,0
0.9034194055531688,-0.10051964011188652,0
0.8702814716947674,-0.09296631774472947,0
0.8260834970598617,-0.08887181280005176,0
0.6772936411286421,-0.08111583992600375,0
0.6331289731814752,-0.08071751716845328,0
0.6251642339192207,-0.07518359763560842,0
0.7088439562046248,-0.07324649592170385,0
0.7233989787483114,-0.071454338329719,0
0.5616528212850922,-0.06504982662614998,0
0.3209786956544564,-0.06579692140550908,0
0.3355004115103877,-0.06868774809270421,0
0.2297139303470304,-0.07068076503171225,0
0.227076040677792,-0.07483565314730123,0
0.277535672608387,-0.07546214396159447,0
0.4010879410138275,-0.07640455195414463,0
0.5009724771091112,-0.07916283030464372,0
0.6600563199987471,-0.07683457927530765,0
0.6750443294830675,-0.07513436713142917,0
0.5978283250656433,-0.0688484457421943,0
0.7944421437040441,-0.06901681549907658,0
0.8590882041672911,-0.06156551272239261,0
0.8733345847378682,-0.05416554350799016,0
0.9077603771890056,-0.049604495654182866,0
0.8238008787265482,-0.03949850787810937,0
0.7053356517623703,-0.028884530625259648,0
0.732191944312449,-0.022797543175472945,0
0.6782950622067929,-0.013773833948173449,0
0.7689447640138741,-0.009910865685979986,0
0.7407384403872972,0.0016404994003832178,0
0.6308885433193152,0.009531261420364076,0
0.695812159513737,0.018750487083683275,0
0.6960630698947299,0.02629921099103809,0
0.7578558574413299,0.03233410141103747,0
0.8743537693828027,0.04625960378278365,0
0.7573518162334864,0.05786653480965524,0
0.8321697391334132,0.06587043532034982,0
0.8522248060463833,0.0739202981872375,0
0.8423193971116265,0.08545839630333388,0
1.0310461920924985,0.09714839645032966,0
0.9846521965124064,0.11339918062498387,0
0.9882537596803372,0.1314356686554082,0
1.0073096259610144,0.15326404982626438,0
0.9800225669161224,0.17383096891683206,0
0.7729793141224756,0.19807349419343206,0
0.7133603430625828,0.2176503078429767,0
0.6615529005013268,0.23461881461066636,0
0.6134758069672783,0.2505949585141148,0
0.4729704345006787,0.26062961235868654,0
0.5507748570682286,0.26831896396513494,0
0.5591792446087066,0.2774361657716267,0
0.5061394546009776,0.2899511620585377,0
0.5300358928336153,0.29763829792945923,0
0.5792298706299778,0.30579650460642543,0
0.6855492587972016,0.3145913831679956,0
0.612729737161836,0.32654695467291406,0
0.6725441074565,0.3361063709411036,0
0.6573096284828652,0.34841525259978773,0
0.5186982963259195,0.359698288099831,0
0.4425925148332524,0.3743137273631216,0
0.5347232540219831,0.3855724600039283,0
0.457282984573748,0.4050792875056219,0
0.4670840325535726,0.42035108322484827,0
0.3294452556787131,0.4294708650441886,0
0.2895860322337905,0.4361067965501067,0
0.3284771412883219,0.4402861879273636,0
0.2864507626942447,0.4451774086804131,0
0.2309107506599275,0.44514075575729023,0
0.1756638374777525,0.44789660639702517,0
0.3369525830959766,0.4366344287390201,0
0.3263011043557776,0.43891390660830215,0
0.3548893446684821,0.44565324065880974,0
0.4025512148286682,0.4495973500776479,0
0.394266731364069,0.45561268837883034,0
0.2719956602137953,0.4670196432039387,0
0.1911803130742776,0.47004948736769947,0
0.0205656948880284,0.47689392564052857,0
0.165412038990469,0.4553042437960861,0
0.1666044184116711,0.4551773103136429,0
0.1909405049225366,0.4592132853330022,0
0.3568322347868214,0.46214409455000227,0
0.4333021693988033,0.47479910903854106,0
0.2794630196057797,0.4849992944099903,0
0.3091348374930552,0.4872917088882652,0
0.3367105544983778,0.48991376463704855,0
0.2141397231584216,0.4953319346711196,0
0.2067189931292857,0.49718634074956775,0
0.1423216226012068,0.4946691748650641,0
0.27223768881139,0.4910796962127318,0
0.3173527075821603,0.4911201110115631,0
0.2232413306956565,0.49711030824831914,0
0.2467491909046346,0.5005162882383509,0
0.2244403714543949,0.5053708977762473,0
0.235948942292517,0.5056086465884554,0
0.2837995503499009,0.5113605911080075,0
0.3325938478933478,0.520761571886266,0
0.2498733582149285,0.5297273889773022,0
0.1875987339189928,0.5337461533659271,0
0.2813903666031724,0.5329611055567428,0
0.2630938928030265,0.5383394829263031,0
0.155644297698379,0.5385714794717661,0
0.237387791203017,0.5415267384079107,0
0.2850052524461961,0.5480207266399807,0
0.3113086539797458,0.5521215881426184,0
0.4367238764529343,0.5598242794555965,0
0.2801846645068772,0.5720504049637084,0
0.3381627260839668,0.5783802434475723,0
0.3597454597414141,0.5874700458202431,0
0.2587662438422993,0.5961517653747346,0
0.3886689873773936,0.6048380830366303,0
0.4052312929690354,0.6120247387158111,0
0.5041721395782933,0.6260395337741471,0
0.4457744137356259,0.6337622542174669,0
0.1782884044718979,0.6530626318453053,0
0.3142085562592247,0.6582609230711913,0
0.3502819195307016,0.6686641905054846,0
0.4793497754263723,0.6729631741672608,0
0.4352583821922565,0.6853351395798511,0
0.6194421449649675,0.6977814116190092,0
0.535957821914318,0.7173717253180643,0
0.4428389843225462,0.7300656026603457,0
0.4665933140208222,0.7378192686460853,0
0.3621724070549512,0.743154095743508,0
0.327266998300311,0.7599318250293413,0
0.3171106789845656,0.7704183104748774,0
0.2667043377543718,0.7773903363328484,0
0.2736831990594429,0.7776184805187102,0
0.2638155377041239,0.7825417678298698,0
0.3088928088954605,0.7912552347421735,0
0.1697019403717583,0.7951710029364766,0
0.3551335937119387,0.8027301035306587,0
0.3867216563673551,0.8118037963671499,0
0.3967025604610001,0.8211722147593135,0
0.4940890949755741,0.8356051625403187,0
0.4230414891281258,0.8387108569718215,0
0.4337906674857166,0.8529787858769527,0
0.3984100833192768,0.8529906571449414,0
0.3493138051403103,0.8607522380161039,0
0.2674237622096115,0.8725889410059763,0
0.216773171935961,0.8814742205724553,0
0.1897481255013344,0.8805563594529087,0
0.1055266144286324,0.8883837584979487,0
0.209112633755084,0.8899431777464508,0
0.0792587400286793,0.888361098272149,0
0.1359023136502009,0.880047958030032,0
0.1408938759199626,0.8857936722960866,0
0.1668420061175709,0.8882985331114169,0
0.2246779591602946,0.8974620585377362,0
0.2309107506599275,0.912959677125146,0
0.2246779591602946,0.9091992174462417,0
0.2232413306956565,0.9110025109485612,0
0.2703125622598593,0.9241537531391891,0
0.3180765729291156,0.9345176186972125,0
0.2939270038696066,0.9577265726852497,0
0.2813903666031724,0.9578300760735633,0
0.2859689259448883,0.953936407579339,0
0.2141397231584216,0.9576746557420126,0
0.1577892483890257,0.9651497624653886,0
0.1706567320870606,0.9701699577807626,0
-0.0448064513679944,0.9649909873531943,0
0.0186871976993254,0.9610067825451545,0
0.0686272453011301,0.9723100864663439,0
0.1211785372219665,0.9798554862642359,0
0.2024157690729033,0.9925558771168382,0
0.1601695663397351,1.0026844285908811,0
0.1813903673237006,1.014344476486139,0
0.2119858906843809,1.0393667646956266,0
0.2467491909046346,1.0644147174244707,0
0.382829214793136,1.0794042450308061,0
0.2842813870992573,1.0859390023151798,0
0.1368526644738084,1.0961125830422063,0
0.1739940621989095,1.0902551049145905,0
0.09771064503828,1.094908592207069,0
0.0547050498245598,1.1002871859831336,0
0.0142218810959314,1.110210515423741,0
0.002719971595362,1.1237219589285496,0
-0.0310152621965754,1.136918762836517,0
-0.0345235666388298,1.1358167115516662,0
0.0457477712675692,1.1427200783839464,0
0.0064747455269144,1.1634295821682916,0
-0.0052558698961607,1.170483291739785,0
0.0634336224590818,1.1707545703179798,0
0.0830401593104302,1.174732235919697,0
0.1007904034315833,1.2002646144274443,0
0.0714605342051355,1.2069661902118634,0
0.153978963311235,1.2232420484435547,0
0.1537413756053311,1.2433508658312573,0
0.1166710321474232,1.2577078659799996,0
0.1392307619786558,1.2868168551541994,0
0.0252685991973428,1.3021047883116048,0
0.0412713524349028,1.2905130590774432,0
0.0681542903351677,1.2754583819206025,0
0.0036569997438557,1.2827044385214212,0
-0.1283263015522447,1.2985100794705673,0
-0.1593303869492511,1.2932841891502542,0
-0.1343481506961763,1.2818298332632232,0
-0.0693024099800344,1.2782786700038786,0
-0.0118195078273736,1.2800743729738338,0
-0.0401346333005982,1.2884347873115072,0
-0.0909517570129552,1.2787297291063966,0
-0.0681366759090142,1.2737583197308624,0
-0.0382627974494314,1.2622635005208958,0
-0.0583445097126,1.2597080201533664,0
-0.0448064513679944,1.2590495709054434,0
-0.0005662882619599,1.243147585410767,0
0.0262100682375356,1.2429674368082264,0
0.018922564959388,1.2349911818519146,0
-0.0333533916761147,1.2106915300418966,0
-0.0282086186427561,1.199483364103169,0
-0.0909517570129552,1.1906192346066606,0
-0.1062905969415179,1.1761416090656018,0
-0.1002509842307777,1.1698114697165187,0
-0.1246181569835407,1.1473223303295663,0
-0.0704681440510339,1.1279409493921273,0
-0.0237632860520079,1.1169136521567482,0
-0.0532108389084725,1.1089069260960243,0
-0.096300811064479,1.1085128129371438,0
-0.1584044610299885,1.1018759133099276,0
-0.1699507794475485,1.0948952214550218,0
-0.0900236106478555,1.0918933720263813,0
0.0445687145214601,1.09826080665157,0
0.0589505422888626,1.0940252314140584,0
0.0123433839072284,1.0974782447053135,0
0.1007904034315833,1.0883315685968113,0
0.1821075713331032,1.0882083873914215,0
0.1782884044718979,1.0850966813429541,0
0.1995447325894642,1.096662567220229,0
0.1363774890620046,1.1063509446188666,0
0.1081356383018311,1.1207397112123845,0
-0.0099432310845284,1.1232373471885053,0
0.0041255138181026,1.1236754792132426,0
-0.0450395981821993,1.1309729732748688,0
0.0299737239524985,1.1214811340807376,0
0.1363774890620046,1.1288887425176306,0
0.3023735798812382,1.1189383520228016,0
0.3313814844594998,1.1145261572296767,0
0.2748866807098802,1.112325600730982,0
0.2837995503499009,1.1067338456312827,0
0.280426693104476,1.1062025804423532,0
0.2655008561039178,1.1069138307184745,0
0.1211785372219665,1.1191170256013663,0
0.1316257349440212,1.1157256957093378,0
0.1221266675997162,1.1270534652053614,0
0.1180943379369724,1.1262994963576516,0
0.0092902708641112,1.130661644666715,0
-0.0118195078273736,1.1229259362222401,0
-0.0263367827916058,1.1142578941249681,0
0.0679189230751257,1.1019452161377996,0
0.0558841065706731,1.0818801999981023,0
0.0925036995211221,1.0758721774698525,0
0.0733501336230738,1.0699784292020145,0
-0.0188449984952931,1.0706727111512637,0
0.0135179997616219,1.0722778388461267,0
0.0728793991029857,1.0695454822410544,0
-0.0076006607132734,1.0700941343458756,0
-0.0303136013081071,1.0604692639227475,0
-0.1324962988576759,1.0493225316087662,0
-0.1489275981442077,1.060513727597348,0
-0.1419887048644075,1.0680359201640455,0
-0.168103368500743,1.0712008457057454,0
-0.147770745856598,1.080613469546247,0
-0.1199818660497246,1.0782250759182128,0
-0.280595596129679,1.0688909871371626,0
-0.2673439752996794,1.0652500837416072,0
-0.2130185471450472,1.0679337598363567,0
0.0398591488746095,1.059902432543026,0
-0.0286771327170195,1.0338586116284096,0
-0.0335887589361774,1.033058572597592,0
-0.0655742813986681,1.0312417625892094,0
-0.025870489163196,1.0341979964502233,0
-0.0076006607132734,1.029147367741539,0
-0.0844391893362732,1.0227885235004013,0
-0.1473088931198874,1.0343262130848936,0
-0.2026712694862462,1.0265571445193644,0
-0.2394152074042773,1.0181789789364875,0
-0.2593392680121127,1.0215372775363252,0
-0.2320766338715822,1.0130171135004358,0
-0.2451439576960666,1.0084579455568237,0
-0.257738326554601,1.004451438689116,0
-0.147770745856598,1.0062436751755033,0
-0.2210587815662105,1.0060228595358325,0
-0.2465184136769262,1.0108022643762824,0
-0.2543055172712389,1.014383128261069,0
-0.2988454405669724,1.003977804575929,0
-0.4295253401494066,0.9946565882198981,0
-0.4728662226864018,0.9963547877479091,0
-0.4616551915921168,1.0076934357830287,0
-0.3490941301418495,1.0144695669710548,0
-0.346598349006981,1.0177219012762337,0
-0.3758238572784967,1.01979677103468,0
-0.3241141143346366,1.022256340884429,0
-0.3204770240330887,1.0225614929813795,0
-0.3891642959424776,1.0268343028167672,0
-0.3056821933376817,1.0416057862594221,0
-0.2588818561671177,1.0376987510439892,0
-0.4031597661320741,1.0343096637997007,0
-0.2751155357730412,1.042859179645719,0
-0.3556710907481514,1.045085098645584,0
-0.323887628857968,1.0493432129505262,0
-0.3787637275832713,1.0488686180537432,0
-0.4259237769814719,1.0575485897385097,0
-0.3828360252713273,1.0606431378949048,0
-0.5019562837610878,1.0627405325109986,0
-0.5581135797415746,1.0699117584113034,0
-0.5209344344370397,1.0779729218584642,0
-0.6011347180762456,1.081263931165531,0
-0.5354206231593702,1.0805699778846523,0
-0.481827942135108,1.0612399768942185,0
-0.4600853363764903,1.0418232753956878,0
-0.4391976022699585,1.0241263501268867,0
-0.4661427126540185,1.014971943894956,0
-0.4885403499382395,1.0039627160178128,0
-0.4369482906243797,0.9960522355543457,0
-0.3936806828004356,0.9791190017264216,0
-0.3583445075509864,0.9780549236777112,0
-0.3602030207270437,0.9819173207555542,0
-0.3495471010951497,0.9942719356742529,0
-0.2746581239280296,1.0059428752546946,0
-0.1773337618972507,1.0097853159081045,0
-0.1241540838009929,1.03661074729024,0
-0.1315681524925762,1.052646933321673,0
-0.1734124545269752,1.058509633905468,0
-0.1676437362098901,1.0551224065026852,0
-0.2205991492753577,1.0801060755958096,0
-0.2572809147096059,1.0757147376552216,0
-0.2295519869406699,1.0712356433849077,0
-0.200368667140287,1.0672079575110271,0
-0.126472229267903,1.061194523994311,0
-0.1216050119657192,1.0483632720296343,0
-0.1039680105828922,1.0130025913726521,0
-0.1747957922912287,0.9871990947842191,0
-0.2760281390171901,0.9622166710834839,0
-0.2831069203854983,0.9382047007788196,0
-0.377542482366046,0.9207468654059651,0
-0.3724287955745683,0.9099825363388361,0
-0.3481881882352368,0.9173918405373869,0
-0.3911960038947982,0.9184138869078302,0
-0.3896150464499323,0.926043242631092,0
-0.3760503427551447,0.9257999365973897,0
-0.3116019019725225,0.9210817207425591,0
-0.2794542869630202,0.912856637227182,0
-0.2652167881758207,0.8913970070108989,0
-0.2673439752996794,0.8868870297452858,0
-0.2915512759512514,0.8792435887568402,0
-0.3722045305437574,0.869261527829636,0
-0.3873546325751059,0.8559280703083152,0
-0.3722045305437574,0.841896672646995,0
-0.405191474084399,0.8292201258040648,0
-0.392323990386364,0.8276682911186725,0
-0.3787637275832713,0.8249606490035157,0
-0.2668865634546636,0.8126797560712458,0
-0.2554490468837348,0.7987404023165983,0
-0.2595679739346185,0.7772544444431618,0
-0.2178435759760817,0.7562125427980665,0
-0.3045431046168642,0.7399545737633215,0
-0.2931699809755676,0.7380447546438543,0
-0.2414780015984955,0.7308865482012575,0
-0.1611777978960565,0.7345948887915126,0
-0.0676726027264622,0.7242444005432718,0
-0.1824052602175789,0.7238388471189259,0
-0.1590972401350462,0.7294930795580556,0
-0.132263152043471,0.7172424983171203,0
-0.1982992116085119,0.7087380355777108,0
-0.1796385846890512,0.6829102084660553,0
-0.2655165483655197,0.6797691360187071,0
-0.2394152074042773,0.6646255936533689,0
-0.2462897077544204,0.6575826701281294,0
-0.2364331486283492,0.6383083851844652,0
-0.2258815899513872,0.6251457566428382,0
-0.0746625662607892,0.6203985229109925,0
-0.0374234689183129,0.6129214163968412,0
-0.002911079079052,0.614870007553467,0
-0.002911079079052,0.6054827412457633,0
-0.0949041506251117,0.5982350956196947,0
-0.1125566951288896,0.5921673742040664,0
-0.0454370579892736,0.5829032995197121,0
-0.1260081560853346,0.5679212230348133,0
-0.2033596076995884,0.5615334510832736,0
-0.2072698128406121,0.5613174972428583,0
-0.196918094290112,0.5658980832693155,0
-0.1614087242644201,0.5791447206307698,0
-0.1704126321842591,0.5920770760684709,0
-0.1273759507286579,0.5970114415975908,0
-0.1542455659538298,0.6554313349045033,0
-0.2380385309775765,0.657247703509037,0
-0.2336820162207888,0.6608587989540933,0
-0.2547629291162339,0.6616521635270137,0
-0.2345990603566367,0.6553716455584232,0
-0.3113754164958745,0.647528453031394,0
-0.3669975850266202,0.6414636046905482,0
-0.3774070351692163,0.6480617502060856,0
-0.3722045305437574,0.6388049785296179,0
-0.3828360252713273,0.6291911926092874,0
-0.3599765352503957,0.6356683189247931,0
-0.2469758255219212,0.6448859011226138,0
-0.2970224545245117,0.633661004750569,0
-0.3261613654078875,0.6393320501673412,0
-0.4099276850814481,0.6352662907420055,0
-0.4459410963149876,0.6370286885359456,0
-0.5086575893349883,0.6434813518980338,0
-0.5754308369220733,0.6513058636415888,0
-0.5643330485661144,0.6488278411703173,0
-0.645294945131697,0.6576077408878328,0
-0.7011036311138157,0.6601531179983342,0
-0.7089884343255036,0.6663105652491639,0
-0.712052649597852,0.6844645144815995,0
-0.7953193689552516,0.6934305781551517,0
-0.7679501534139354,0.7061765817545296,0
-0.8091149990183862,0.7155846487548826,0
-0.7140221850663775,0.7420882441602118,0
-0.6951195295493179,0.7543642612566701,0
-0.6340306233370274,0.767788652049529,0
-0.6267697654090659,0.7663861295873782,0
-0.4193934457380019,0.7533924538972092,0
-0.3186562584364859,0.7502488660776607,0
-0.1459211144639389,0.7152655280566748,0
-0.0776890339537038,0.6691417472520499,0
-0.1551692714272304,0.6309954453568475,0
0.002719971595362,0.5974793624644855,0
0.3047872045196657,0.5785326852256726,0
0.3270271901485741,0.5454724500343676,0
0.1753063456959905,0.5084854574694582,0
0.0728793991029857,0.4705553119015846,0
-0.0697687036084234,0.43308332656784865,0
-0.1248490833518878,0.3995049131699596,0
-0.1102363292161217,0.36828358495816227,0
-0.385320704176944,0.327285531674102,0
-0.4858558309061568,0.2861232236069732,0
-1.0524758641269665,0.2510019255854895,0
-0.9834799502444846,0.2345463961842596,0
-0.8526779261403344,0.21608199149588703,0
-0.781850144431998,0.20565294449714613,0
-0.6199241308549626,0.1875678112757969,0
-0.3243428202571218,0.17631246187781746,0
-0.1551692714272304,0.15883911475582074,0
-0.3574829745613809,0.13231921537644006,0
-0.3647327302600947,0.10463554619217293,0
-0.500617354913825,0.07994354645265109,0
-0.6984724027821134,0.06515613121425545,0
-0.7738054691191563,0.04570007631601195,0
-0.7796763279453114,0.037538377300650086,0
-0.6095391056167072,0.021150766930873026,0
-0.6681810805028107,0.008496668965766672,0
-0.5494427386991528,-0.004100463031464731,0
-0.5396505725027222,-0.016243521484629684,0
-0.5576672701258149,-0.03421316238253696,0
-0.4414469139155332,-0.04787050774462797,0
-0.5909939418814262,-0.057789339050046955,0
-0.6778489017316676,-0.07452402388150839,0
-0.6620260046079278,-0.08274951576831754,0
-0.6659850595576371,-0.09182442316918968,0
-0.6815814712047288,-0.1051464499722973,0
-0.7688005841743056,-0.11348264016047631,0
-0.829558643955016,-0.12084717835488418,0
-0.7426481729585322,-0.13404134289917954,0
-0.7404654746884518,-0.1416864213892095,0
-0.7186162875290649,-0.15177726963929722,0
-0.6428702182640177,-0.15827550660396508,0
-0.51580298407877,-0.16639352902339113,0
-0.4894351896156004,-0.1762136548965046,0
-0.5924994041674205,-0.17893531659578424,0
-0.7148970407310926,-0.18770699114327427,0
-0.7894551714666326,-0.19382763744319328,0
-0.7175238281710957,-0.2011961674584571,0
-0.7131473294016624,-0.20850832293595514,0
-0.7692357915608137,-0.2119128244074379,0
-0.6995693030317817,-0.2184340490289777,0
-0.7426481729585322,-0.22462932201646138,0
-0.7738054691191563,-0.22764991426610487,0
-0.747011349052856,-0.23251396169760014,0
-0.5723244331785715,-0.23455070705037476,0
-0.5487743844984606,-0.23635302630463903,0
-0.4459410963149876,-0.23600208812002338,0
-0.5019562837610878,-0.23476834909783015,0
-0.5859646320322515,-0.23239259748872082,0
-0.5949130288058481,-0.23112654131635973,0
-0.4481859670688673,-0.22872853738939283,0
-0.3828360252713273,-0.224355538813549,0
-0.2668865634546636,-0.22075940673919725,0
-0.1934630805482463,-0.21619441503750927,0
-0.1796385846890512,-0.20735019607647648,0
-0.0613776387430508,-0.19606822728571352,0
0.0252685991973428,-0.18437934053256477,0
0.2150967353195818,-0.16973002456230893,0
0.1809129714660432,-0.15817599687727207,0
0.1549315345806961,-0.14535455703209188,0
0.2045673811011028,-0.13224719618067077,0
0.2664623091567729,-0.12057197954848616,0
0.122364255305616,-0.11114719249021512,0
0.0551757843446645,-0.09966381293336297,0
0.214859147613682,-0.0877928517212857,0
0.0806753844806717,-0.07891862179208957,0
0.0382093576084123,-0.06495384453990682,0
-0.0212119937708929,-0.050601496292444155,0
-0.0835088225253322,-0.030858528377232037,0
0.1067123325122818,-0.009593937350357096,0
0.1675569896811157,0.008570900259478102,0
0.0530552585583626,0.025973466488042003,0
-0.0005662882619599,0.04499130395896281,0
0.0064747455269144,0.06753381978526654,0
0.0462185057876574,0.10184275947638383,0
0.0252685991973428,0.12651463931025525,0
0.0539967275985719,0.1587596404880884,0
0.0287968876522472,0.18505662425521902,0
0.0462185057876574,0.24061872452146543,0
0.1685095609505768,0.3182310465404413,0
0.0984211877101257,0.34342212265641164,0
0.2174925963912214,0.37654321978152017,0
0.1221266675997162,0.4067040313793555,0
0.1632670882998222,0.44183530342244387,0
0.2293053683107209,0.4781115238778246,0
0.3507659767258993,0.5131183062018825,0
0.3628518634848953,0.5527547379505433,0
0.3161425645941702,0.5944129796732563,0
0.4108401391849666,0.6417089749551066,0
0.4401478039529066,0.6867579725948232,0
0.5804688794140118,0.7309041061645111,0
0.6450882945270603,0.771857501666356,0
0.6960630698947299,0.8072726189014231,0
0.8012700146913554,0.8472344032702622,0
1.0186561042521085,0.8849609767542662,0
0.9246291043078826,0.9155364692414042,0
1.043969186936759,0.94648038324624,0
1.210469318963836,0.9835606244185918,0
1.04293445917089,1.0173053986028977,0
1.00756719767956,1.0562320864120454,0
1.10464953111274,1.0974752504922067,0
1.211519589850656,1.1302884306421497,0
1.218347460837967,1.1623500667624471,0
1.0437116152182135,1.190626464955946,0
0.9599874840158188,1.228796846081152,0
0.9576782203323028,1.2765499851749087,0
1.0643395571603584,1.3250391325428421,0
1.1067278684278925,1.3746628518631359,0
1.173774230854474,1.4102879966013802,0
1.218347460837967,1.4534348205827952,0
1.351294435632764,1.4941901536013529,0
1.156909944627292,1.5371739775664075,0
1.2130961064038186,1.5915677706774087,0
1.0721932741301443,1.633407174620981,0
1.06571179269536,1.6739506108280902,0
1.1411136928537342,1.7167266332221662,0
1.1554733161626538,1.7561842874906501,0
1.1124521778279828,1.7933769870498386,0
1.2961252380553183,1.83069396141344,0
1.3348209478750992,1.8547430094831654,0
1.3053889381395607,1.874819782416503,0
1.1640975278422272,1.9047851570503758,0
1.1499888149143005,1.93295993354259,0
1.1400700833044548,1.9707189327600059,0
1.1163557216314703,2.012538813003121,0
1.020461326727781,2.050935793603925,0
1.087760819981213,2.0940517033869397,0
1.121305095430062,2.1303194666577046,0
1.1554733161626538,2.1670657921463756,0
1.2062704558623651,2.1988096691660783,0
1.1586085857021955,2.2233924713526076,0
1.0823096254206193,2.2456361288459044,0
1.165665162612,2.2753900298293943,0
1.1606980252465997,2.2961369160230984,0
1.0162802271931144,2.3223127260987186,0
0.9052068644620328,2.3561076946265023,0
0.8124033301808903,2.4028157111962103,0
0.8397814275056046,2.454540995152684,0
0.7691978948407248,2.507216931972691,0
0.8501930980940626,2.561496600497356,0
0.967945561940537,2.6152179756296503,0
0.9381960284485114,2.650945929676759,0
0.9733390249090308,2.6843454482829534,0
0.9276999809177918,2.7200349315897294,0
1.061828232904535,2.767668937711299,0
0.959729912297269,2.8152104067949892,0
1.0153010105734714,2.8688850112643363,0
1.0144239344629151,2.9227074621977955,0
1.1072496732025403,2.971267304252226,0
1.1059484919347111,3.0059652208940744,1
0.968203133659066,3.035039386522751,1
0.9715426842167728,3.070874356106575,1
0.9029087030077684,3.1077171353132287,1
0.9184940124256248,3.1313349608569365,1
1.0178811686506262,3.143176110396935,1
1.1314658556375272,3.1392768642244175,1
1.1763921365110832,3.1406073597282815,1
1.1038701546195628,3.146874606847047,1
1.1661869673866314,3.1657649412950444,1
1.0934740271520558,3.1740502507870656,1
1.046296214187063,3.1885085322763924,1
0.980280138634668,3.200180545258963,1
0.8499377468213707,3.229219815377765,1
0.781812247711909,3.2490482764793014,1
0.7830756814003044,3.2737626116062435,1
1.0055044034853418,3.2932811922382488,1
0.9504950780090664,3.300242148766504,1
1.1085508544703695,3.3031746366159345,1
1.2491295016500037,3.2903937428044796,1
1.1267740535574646,3.2662943069734105,1
1.1108912043957668,3.2572005841083422,1
1.039186346576878,3.240165717502944,1
1.0822052644656872,3.235144871166818,1
1.1601762204719477,3.2269064544888284,1
1.1866039669730752,3.2147481662225625,1
1.1944665657262594,3.2126011662013814,1
1.1646193326168586,3.224193403573828,1
1.1997090383769933,3.2342949219428694,1
1.1997090383769933,3.245855210946517,1
1.1554733161626538,3.2545088866453447,1
1.2631027673811008,3.275397202113796,1
1.2994070570209413,3.2859194969424537,1
1.2919463589665097,3.2991537155566526,1
1.3952548225617865,3.312570043192236,1
1.3332288882009855,3.311770109573713,1
1.5869547945351716,3.3254259539425663,1
1.661879298835888,3.3220928041130504,1
1.7197085905410592,3.3026934896780817,1
1.674462565465175,3.2837140283283968,1
1.659145929995116,3.2756945215821514,1
1.6550492074027356,3.2694344822749843,1
1.5951038308029453,3.267181642874236,1
1.7171817231642892,3.2695273329410477,1
1.6968979503288335,3.2686798279146627,1
1.7257548645893357,3.2580125472246855,1
1.735822366071104,3.2404587145481227,1
1.8201704425572376,3.226640474844609,1
1.937760813856684,3.202497356897547,1
1.850983569611172,3.1673517289959814,1
1.889685940768489,3.1561562103710146,1
1.7960786050898288,3.1437257656121123,1
1.804933743137745,3.131725799078519,1
1.792481482813593,3.110694046409441,1
1.830433343273773,3.095976428061416,1
1.864612666235596,3.0882063556644495,1
1.919570921457328,3.0778626472423567,1
2.0070142994576905,3.0682881778177085,1
1.7841903380114368,3.049333026937465,1
1.9153742788017103,3.058901912446959,1
1.917052935863968,3.0605772608011366,1
2.007718180792,3.0551083410944937,1
2.083777332921819,3.049836642607471,1
1.954018918366948,3.033154784343621,1
1.7952481583421045,3.0233631686703424,1
1.7477439398372303,3.027410068779571,1
1.8375099041962235,3.0358985861135737,1
1.7510768290573804,3.0394184721579407,1
1.7301557882631098,3.0437758573252642,1
1.5752841311500378,3.0441334290734496,1
1.5923860050831198,3.056195645589731,1
1.707076474103087,3.0694708032869182,1
1.6637933231581714,3.074274946927587,1
1.7581600513173836,3.0828917673407985,1
1.7640331305893966,3.085529692939647,1
1.7208077112365812,3.0779259901369405,1
1.752011636760037,3.074621646273999,1
1.6441268342688815,3.0731314456022862,1
1.6720000910180413,3.0581161360672002,1
1.6791166199657832,3.0333115313315964,1
1.576367708724613,2.9991363155663455,1
1.5211585431218717,2.9753488725356845,1
1.527369130163001,2.9576366326792574,0
1.3864463138766978,2.945503538297109,0
1.5392618381330878,2.931374955349923,0
1.5482435415944398,2.9213073969216032,0
1.6719179345216169,2.9034891142815487,0
1.6741894506256785,2.878375163550039,0
1.693363000536377,2.849659751579447,0
1.675830360108482,2.8147443405220125,0
1.694648638683255,2.784615214818186,0
1.6206767056519829,2.7459819622381456,0
1.5378296505601443,2.704847946846752,0
1.6195864667398716,2.6737111027308154,0
1.683770674466412,2.639225587827683,0
1.759097079465898,2.60749034635021,0
1.731805579529307,2.572816944523867,0
1.7676191506363803,2.5201692092211325,0
1.7472199146167413,2.4790293525556373,0
1.6152321724289418,2.4441400480398627,0
1.5435872666479735,2.4170408223639717,0
1.6076093818275026,2.392656234096418,0
1.542776803912895,2.356280064792891,0
1.3883159292819862,2.3165598787026913,0
1.3098920023224132,2.292469065206458,0
1.172204375638864,2.282893679748014,0
1.2582488727540266,2.2709859472302365,0
1.3106869219365576,2.2613641527112476,0
1.4225152362564757,2.248345451105041,0
1.355282356378517,2.2386220285092016,0
1.3101562353785157,2.2279599195811848,0
1.2652144113840087,2.2121025977908593,0
1.4163623808074135,2.2112274871469815,0
1.2961252380553183,2.1987779905348606,0
1.230702021544748,2.184283509031492,0
1.3236743097104549,2.1669806592770207,0
1.1507726322991971,2.1517374437368164,0
1.100228623426316,2.1330176754054224,0
1.032338491576917,2.1284972085043763,0
1.0535415289940986,2.122265891097509,0
1.021880191625631,2.123331911131182,0
0.9335863828648938,2.1267363112414186,0
0.9433208174692242,2.1345137871913153,0
1.038537976388811,2.1354420896911805,0
1.0165910896120487,2.1359686876032447,0
1.1111532170060114,2.1364715029996013,0
1.2141463772906589,2.1341410080159586,0
1.2130961064038186,2.1258786928149354,0
1.2913646021539409,2.1196492057440413,0
1.2631027673811008,2.108487700432411,0
1.2895127503154198,2.1023535201620405,0
1.3629984057056364,2.09400253118361,0
1.4225152362564757,2.079090060338764,0
1.3957877295656698,2.0647007747696167,0
1.3915178121970262,2.0526964709776974,0
1.5327736953607671,2.041829185432736,0
1.5087484712688526,2.0243572453309477,0
1.5187293753624769,2.006741339300444,0
1.475894754479183,1.9840493122219085,0
1.6157761816620808,1.9700896143117455,0
1.6005394822425885,1.9410307584411395,0
1.6166199510848944,1.9123505842835957,0
1.7015897524088923,1.8797608059358228,0
1.6851406895555725,1.8443487746342861,0
1.5001220391434211,1.810309583480025,0
1.5625409924195808,1.7809298534611466,0
1.476434322820619,1.749030903732207,0
1.4632648584870478,1.7184179435109086,0
1.5760968143309535,1.6881164182365063,0
1.7670684800657093,1.6536227061710742,0
1.7109200658686166,1.6090378483351575,0
1.7175658602962705,1.564935788566182,0
1.5946419780662513,1.5190390265562392,0
1.5923860050831198,1.4749117938880358,0
1.728505996996896,1.4307702719814734,0
1.7406118677685418,1.381587136348648,0
1.8656407326639288,1.3314700685250256,0
1.7703791648273557,1.2726748230572782,0
1.8682297725244772,1.2184619188571097,0
1.7897170277309231,1.1590747244352495,0
1.848203571407551,1.1098349294776935,0
1.9123855586882503,1.0551481356679728,0
1.807149748095585,0.9972069086091683,0
1.8082555301286471,0.9495291578247035,0
1.802442402894572,0.9011969672931354,0
1.882158629338584,0.8550620106313928,0
1.8540411235459675,0.8069214235927105,0
1.8393129062260385,0.7616070357949053,0
1.6961585418609442,0.7198725930407751,0
1.762103563146146,0.6829068496607454,0
1.809085976876372,0.6466123859170857,0
1.7703791648273557,0.6079594917070595,0
1.7874233071683536,0.568318285909485,0
1.7698284942566802,0.529435536930265,0
1.6536836332052702,0.4974775676009697,0
1.6761034749479782,0.4636463020859558,0
1.6851406895555725,0.43166955926686423,0
1.4401922056645775,0.3987329545914481,0
1.2871346528105685,0.37753204189965067,0
1.2130961064038186,0.35851308397207776,0
1.2855470340281705,0.3417337283316263,0
1.3305732349649428,0.3245678281334244,0
1.3239407632123943,0.3062985566174286,0
1.3186383385237233,0.284299223803233,0
1.3406651613510725,0.2614084111117746,0
1.3159871261793752,0.23827029287710258,0
1.2657406570503558,0.2121241454367932,0
1.1816279478242644,0.18715122409691917,0
1.1620058678519651,0.16446850069467553,0
1.1805798973832855,0.14469632254957485,0
1.194728578336504,0.12150651459956076,0
1.1215626671486116,0.09152552253111296,0
1.063589046463217,0.06971953334228705,0
1.1652987890468234,0.05147399740810442,0
1.2117816024609005,0.031200233362354772,0
1.1973487044389504,0.01168229340457138,0
1.0300136847724706,-0.006664292237330976,0
1.1379828642058918,-0.020704873692188132,0
1.09789049394676,-0.0359159980454417,0
1.10197167341821,-0.050390742377963614,0
1.0644172727650838,-0.06425351543943533,0
1.046296214187063,-0.07892303904630159,0
1.0623433763416303,-0.09281585244360518,0
1.0251064994449952,-0.10350103267561118,0
1.0263987989294303,-0.11434069802724799,0
1.0903565211793187,-0.12436882618548917,0
1.11896030461297,-0.13559530006017134,0
1.1614840630773335,-0.14743790006741755,0
1.2491050767456588,-0.1580557874577963,0
1.2007593092638298,-0.16603634782565246,0
1.214932415121393,-0.17467853903113234,0
1.2052201849755453,-0.18058961190620335,0
1.1455501436610884,-0.18630851716020141,0
1.1424193150132624,-0.18989330581347066,0
0.9818211280542384,-0.19529056701095882,0
0.9612709017168392,-0.19755785036558388,0
0.9330756803194976,-0.20121774333811365,0
0.9676635653176466,-0.20198810406047618,0
0.9571630768952072,-0.2017995439561558,0
1.0659715848597635,-0.2041772742469957,0
1.038537976388811,-0.2050653396391823,0
0.9077603771890056,-0.20323432012163606,0
0.8957633082639868,-0.2031862363809372,0
0.8460253212344893,-0.20151312646896488,0
0.8850540979316874,-0.20094648643846785,0
0.9725707506451056,-0.19673263828601237,0
0.9885113313988828,-0.19160668433368272,0
1.028204021405099,-0.1866015492989469,0
0.994686391306436,-0.1825637681175671,0
1.074034023739414,-0.18032341917573946,0
1.070119377706691,-0.1728792140592725,0
1.0950327801384303,-0.16917401678499863,0
1.1520782544587254,-0.15631030862459447,0
1.218347460837967,-0.14640717455012536,0
1.2359644782081485,-0.13691570933576375,0
1.215720673397964,-0.11968868796506278,0
1.1570387304865688,-0.10741831161204402,0
1.1114640794249455,-0.09067001123423628,0
1.124169470575969,-0.07542433470857546,0
1.0981502861111676,-0.05314937448694764,0
1.0981502861111676,-0.031459910758718984,0
1.085162898337254,-0.010749220058724002,0
1.1131294138120895,0.012041226102324712,0
1.0153010105734714,0.034509181430426854,0
0.9453702889883536,0.05003840614648279,0
0.9458809915337332,0.06254616861035633,0
0.9323051856097104,0.08028732853627003,0
0.8667176561062706,0.09626320939344533,0
0.9646082318286882,0.10844703321266469,0
0.93256275732826,0.12512611367225215,0
0.8836507761547882,0.14122548020451722,0
0.8641730251627124,0.16054703420092692,0
0.7063392932863582,0.1808743720628434,0
0.6558130479802856,0.19571272327717143,0
0.7168730883965363,0.20394487155098098,0
0.7377208544777725,0.21990586931489245,0
0.6960630698947299,0.23856777055521494,0
0.6201882147704099,0.2515365509160249,0
0.6283994235219788,0.27036523019114755,0
0.6401033935948514,0.2863389857756457,0
0.6172039355486446,0.30203283468004843,0
0.5804688794140118,0.3241002160312425,0
0.7025778580172531,0.3405817779736238,0
0.6875521009534825,0.36058627704169005,0
0.6978172221158592,0.378498160933458,0
0.7291765788487863,0.39729346693428236,0
0.7628940490739192,0.41255958962019745,0
0.8058241491287306,0.42655109598897073,0
0.7505528110422148,0.45322862425497323,0
0.7780263875384591,0.4718141838407918,0
0.7251575718611356,0.49569363933019,0
0.7000709746531328,0.5095082540830991,0
0.7035792790954039,0.5241147534189023,0
0.8590882041672911,0.5330517042406462,0
0.6226751141218885,0.5562351713259788,0
0.7025778580172531,0.5681644447732106,0
0.6650501027143295,0.5949784193582751,0
0.7326937650744347,0.6061482900963113,0
0.6201882147704099,0.5987632245537567,0
0.6453369844622119,0.6257753362208947,0
0.6875521009534825,0.6478322408645081,0
0.6950616488165997,0.6722202371424116,0
0.4908938733980911,0.6930935855919635,0
0.4254839795626137,0.7120324148376651,0
0.4084020896421735,0.7275872238257521,0
0.2683874357083078,0.7571670007983919,0
0.1840171547636872,0.7714114462816094,0
0.1840171547636872,0.7600928507935556,0
0.2719956602137953,0.7562090661148558,0
0.0993693180878712,0.7621085990196497,0
0.036799374493952,0.7727721172525781,0
0.0419796746609114,0.7753733816336015,0
-0.036160035229934,0.7576712250491086,0
-0.0237632860520079,0.7401112785111406,0
0.131863322649921,0.725148588819379,0
0.132338498061704,0.7226180485814256,0
0.2009813610541023,0.71991301584817,0
0.1809129714660432,0.7121852465134271,0
0.1561216935560405,0.7116764656789017,0
0.1535015674535942,0.7078585393890274,0
0.1197552314324214,0.7036624848859586,0
0.1007904034315833,0.6895594629381229,0
0.2294741221952894,0.6682894102608483,0
0.1321009103558043,0.6400640917708803,0
0.1666044184116711,0.6067095440203322,0
0.1173815748192689,0.583013293784492,0
0.0724064441370232,0.5512172134023149,0
0.1273491562378208,0.5276921778196709,0
0.2081556215939445,0.5079605051649421,0
0.0393884143545007,0.487505014776316,0
0.102684443741233,0.4609894142198767,0
0.1214161249278705,0.43976042829192186,0
0.1983501327224208,0.4137389684098615,0
0.1954813166848187,0.3917601764449233,0
0.1897481255013344,0.3718176070096186,0
0.2005017447506037,0.35267270152627084,0
0.1720866992141626,0.33359730774395446,0
0.2566013091390068,0.3191089163532114,0
0.1911803130742776,0.30565413240783373,0
0.2813903666031724,0.2926560398090015,0
0.1487431519980539,0.2738826762806723,0
0.1140620082742287,0.26180226178744637,0
0.1697019403717583,0.25432929012005384,0
0.138753366121015,0.240907509805499,0
0.2450705338423976,0.2341784783701358,0
0.2012189487600021,0.21864390100138617,0
0.2683874357083078,0.2134186337812757,0
0.4084020896421735,0.2071733372643149,0
0.4372123745398311,0.1954541328214883,0
0.3507659767258993,0.1934299680124933,0
0.3505239481283004,0.18410988075944518,0
0.1997845407412011,0.1763495577150056,0
0.2253996040613922,0.1667846994544761,0
0.1701793362294198,0.16612205499412572,0
0.2218047022309977,0.1621302392453002,0
0.1895083173495768,0.14917789120623084,0
0.1530263920417905,0.13632929301768926,0
0.0393884143545007,0.12253995640686163,0
-0.14036777939425,0.10777192384725828,0
-0.1304113002049665,0.09893926069843528,0
0.0135179997616219,0.08777647234199973,0
0.0960519719886722,0.07695803309826281,0
0.1444621324001586,0.06911323791288682,0
0.3974330871454916,0.06247545441795101,0
0.4335464184422599,0.057492866420137,0
0.4108401391849666,0.05381104739125924,0
0.3704302451693479,0.04963584217472456,0
0.3709143023645456,0.041941012710085324,0
0.3597454597414141,0.03228294690289638,0
0.2657406642556754,0.023242594643692167,0
0.1563615017077815,0.012175550025882765,0
0.2503529745184272,0.0007078350813233458,0
0.2847632238485972,-0.012517389521333062,0
0.2683874357083078,-0.026839492778235406,0
0.1766186291930549,-0.04072778932793284,0
0.1625521047362816,-0.057647513869836076,0
0.1988275285800616,-0.07229947567016248,0
0.1551691222865794,-0.08672837521118015,0
-0.059043950155194,-0.10088985939771207,0
-0.0769918139569512,-0.12121233714306927,0
-0.0120526546415785,-0.14377941523029036,0
-0.1669487366589953,-0.15935681810336855,0
-0.2049716513863477,-0.17673243887218879,0
-0.2897238490170917,-0.1855323228986663,0
-0.6479372756926469,-0.19790260798752546,0
-0.665105763001227,-0.21148014026455933,0
-0.6037881508664308,-0.22528213163108837,0
-0.2767142567846951,-0.23620368124115906,0
-0.3882583540358815,-0.2578753016241858,0
-0.5407652363191949,-0.2619910970323607,0
-0.520041815205516,-0.27219296128841175,0
-0.4712963674707711,-0.2745402621444413,0
-0.3733369579270181,-0.28160657938069106,0
-0.2288636487273112,-0.2884359965758343,0
-0.3338862965184215,-0.3005270952948538,0
-0.3821565688413627,-0.305922617615861,0
-0.3588441078671308,-0.3128480770648512,0
-0.4024847505938085,-0.3208094673609137,0
-0.3963896267368631,-0.3278665583499296,0
-0.4479617020380564,-0.3321054415206165,0
-0.4256995119506651,-0.34018487467017483,0
-0.2437695017152029,-0.34103904023147213,0
-0.1127898419430903,-0.35451818160563764,0
-0.2794542869630202,-0.37296069102112533,0
-0.3261613654078875,-0.3940072964701026,0
-0.4591882762532882,-0.3965221265189324,0
-0.5885137038675045,-0.39844881446345154,0
-0.6037881508664308,-0.40661960273237296,0
-0.6659850595576371,-0.39710403707528097,0
-0.6285350198594429,-0.4013928920695105,0
-0.6415490529835427,-0.39245162625516006,0
-0.7380651727250966,-0.400731768325355,0
-0.6068856728265221,-0.37450886032489744,0
-0.7476663805784759,-0.37038626633601346,0
-0.7583467251147148,-0.36330770441127747,0
-0.8206835218944498,-0.34934587848646104,0
-0.7970557576095888,-0.34332911992189097,0
-0.693869418536032,-0.36192778974828066,0
-0.7212408545232102,-0.37108934273109667,0
-0.766187119409412,-0.3843523649445379,0
-0.9465583766584952,-0.3847296846283615,0
-1.0780420776384472,-0.3640514997277213,0
-1.242936827316301,-0.3914227088235124,0
-1.3377276606327737,-0.3739535656068573,0
-1.2785638809720348,-0.37228854591477595,0
-1.3286815642417813,-0.35952839942999376,0
-1.292408360843859,-0.3753452934131218,0
-1.1174216847798757,-0.3891112003890261,0
-1.2715317289665584,-0.42731452685852034,0
-1.2855915920857954,-0.3866284943853772,0
-1.2229950031416736,-0.4027441612290028,0
-1.2841460818377426,-0.3767962539157041,0
-1.3223022233160877,-0.375318563354527,0
-1.5698508492968664,-0.3338056574032022,0
-1.5306399960400068,-0.32330997850720444,0
-1.459252661977605,-0.3367530464166633,0
-1.2564149336229653,-0.3325839550383913,0
-1.396329667493602,-0.3387593820357025,0
-1.198427990262465,-0.32521558742627793,0
-1.215505439291202,-0.30831243428632915,0
-1.0064615647871364,-0.3026823435719465,0
-0.9049916303552712,-0.3004437806338256,0
-0.9979572571834252,-0.2893741259086513,0
-0.9116440861204612,-0.29982807062841244,0
-0.914432966107476,-0.29883790578415287,0
-0.8360467867273366,-0.2616440399459407,0
-0.9094991354298184,-0.2554470125089658,0
-1.0583977932076651,-0.2607909155025238,0
-0.8778999705451461,-0.2697771029626446,0
-0.9245093493726588,-0.3082421786548178,0
-0.9890177421932226,-0.3568482193166805,0
-0.9755951470327968,-0.3315696830101192,0
-0.9401412881533472,-0.3806842164553153,0
-1.1235168086368374,-0.32688839155167815,0
-1.3642042569425867,-0.36676645261106317,0
-1.5036038473761284,-0.36543603699572946,0
-1.4562084307178818,-0.39724944955520214,0
-1.4271294718724268,-0.42382734942447,0
-1.2582801081365589,-0.40247054918108144,0
-1.3615397219231458,-0.4018667895997966,0
-1.3068501406491988,-0.4631004688479548,0
-1.28476558622977,-0.4125891172589003,0
-1.2261125091144107,-0.48112629682632607,0
-1.3080869289873915,-0.4726425729006467,0
-1.2223710578579512,-0.45360699291016854,0
-1.1948819382407565,-0.4461595839303784,0
-1.3016964858324462,-0.4983756553575912,0
-1.4450351472030512,-0.5624392268769938,0
-1.3871325807848331,-0.5960277323520943,0
-1.4685851958831828,-0.6803658376817908,0
-1.4700040607810163,-0.726123790940792,0
-1.7969225236532973,-0.7455999304821435,0
-1.929658556092393,-0.8457273129106856,0
-1.9605316351842688,-0.9025600389823409,0
-1.9674638671264957,-0.9127817003301872,0
-2.1883538202378205,-0.9660301933174505,0
-2.215205671896204,-0.9802442397104003,0
-2.2159561825933416,-1.0039529798018278,0
-2.2290701357806704,-0.9918860277417952,0
-2.0974687511706764,-0.987736619399553,0
-2.0064615575818165,-0.9895585494047731,0
-1.845989936036224,-1.0210413910024123,0
-1.936419813704214,-1.0679205496117294,0
-1.86507910900464,-1.1011204516433335,0
-1.9039169273587704,-1.160260948108777,0
-1.857875982668758,-1.2167007511804038,0
-2.0355560595482185,-1.1842914053092704,0
-1.887041538902353,-1.2097181140408908,0
-1.9186362628953264,-1.2125258580952027,0
-1.888984429020676,-1.2813628018789878,0
-1.7900613459782473,-1.3162724639610364,0
-1.9868861069723451,-1.281673292623323,0
-1.9832379144415664,-1.2143665658611846,0
-1.8153277993000496,-1.1668284670336364,0
-1.958604288186876,-1.102178935959304,0
-1.9087619402024505,-0.9945782953589706,0
-1.889177607809585,-1.00815375282727,0
-1.7166245403967162,-0.9324897978469644,0
-1.6869327384967907,-0.8932175572654302,0
-1.799276196253783,-0.8330289730301337,0
-1.9751621528868268,-0.775077624837982,0
-1.9589906457646984,-0.7656990024217828,0
-1.9412470629810856,-0.7627137493472321,0
-2.109423631624542,-0.7120604147097925,0
-2.2112666009591364,-0.6504378552622778,0
-2.3896261342685365,-0.6070090087671736,0
-2.3385114708123385,-0.5879736213634177,0
-2.334440283347224,-0.5846371499506567,0
-2.330365765213335,-0.5116911593515526,0
-2.3910971796438507,-0.48870863219028243,0
-2.250763891730586,-0.47839563577382666,0
-2.2301936813805203,-0.47673763517559364,0
-2.204136749336285,-0.4805482128702378,0
-2.365670854220874,-0.39780667654404184,0
-2.4455802594537874,-0.37185606039435665,0
-2.365855151226385,-0.34931023033012226,0
-2.46695649164722,-0.3168951823629406,0
-2.2848821524315466,-0.27929928853153796,0
-2.254496461203647,-0.2703610685639751,0
-2.1438716285341664,-0.23017277921225204,0
-2.0355560595482185,-0.21961042068225342,0
-2.310342894765191,-0.14549119932719068,0
-2.3066314195277005,-0.14514001594465095,0
-2.298644475806938,-0.1440832535897519,0
-2.2352474161340607,-0.12096061073452288,0
-2.221764868935718,-0.09987444743766902,0
-2.331292801355514,-0.08030141919950633,0
-2.5921940784524544,-0.06364982086217831,0
-2.572011335903144,-0.08699481639300133,0
-2.8544398355112857,-0.09282609530809185,0
-2.9777667286629987,-0.08833166827909388,0
-3.029027941545266,-0.10123087617475628,0
-2.820448140223744,-0.12240429683887437,0
-2.594353462041123,-0.14350427667080376,0
-2.663024080606636,-0.1727630586808618,0
-2.589672762190312,-0.1995801197455314,0
-2.3060740876194683,-0.20334064105219918,0
-2.442653711824106,-0.21680765150671236,0
-2.669809763122802,-0.24826175982283752,0
-2.7704536916986338,-0.27162001982199974,0
-2.816936505112711,-0.2896260906239906,0
-2.835357323880418,-0.31222871323013907,0
-2.8207978604450448,-0.3248212518913102,0
-2.740041355120536,-0.33176544664228624,0
-2.762329080335201,-0.34968478818031534,0
-2.5629852235248016,-0.36529892712172046,0
-2.530422385141433,-0.38524003126182466,0
-2.711836141716871,-0.3948784088889274,0
-2.688707977748159,-0.39138851854897694,0
-2.5374867336117157,-0.40558022391422077,0
-2.4882805433631887,-0.40402727211958595,0
-2.344432289670112,-0.42551009784436106,0
-2.105628889667702,-0.431131572119918,0
-2.3368461364251902,-0.4254913021595124,0
-2.3606903941803767,-0.43068401753461816,0
-2.488644696482512,-0.4368375459552991,0
-2.504287737492456,-0.4273442037676933,0
-2.6225664470052608,-0.41505885077684207,0
-2.7432265846916875,-0.4045734960693939,0
-2.4094769201633417,-0.393796477266189,0
-2.2421663254011945,-0.37588434277402116,0
-2.126285697405887,-0.36618827328028647,0
-2.240483227447258,-0.3493295078050341,0
-1.9188294416842355,-0.3303233211811687,0
-1.6649014747777424,-0.3180411544202275,0
-1.682174323041234,-0.30714826725474387,0
-1.6103029317836344,-0.29616075035842665,0
-1.541111618666402,-0.2787151745010003,0
-1.6031042463394474,-0.2626664846454528,0
-1.660529416900008,-0.24952708266535545,0
-1.8192402248869144,-0.23293669361875885,0
-1.6974332269192094,-0.21760307262068287,0
-1.5015810212071976,-0.2069218265933083,0
-1.516726682346851,-0.19241086972901478,0
-1.592301777281472,-0.17567616235005212,0
-1.633255680530226,-0.15813993203869758,0
-1.6724487702202977,-0.1377188450620701,0
-1.4845923900124418,-0.12348971441423663,0
-1.2926148623078613,-0.11140744894204534,0
-1.263251686393675,-0.10172869869258397,0
-1.3512834825441673,-0.08908951165232988,0
-1.4032752221109177,-0.07385971148547128,0
-1.3208589335138925,-0.058898123249206125,0
-1.2344258583750538,-0.04336705198238327,0
-1.304170062508811,-0.030557709673620953,0
-1.2678080412769075,-0.017061390204946018,0
-1.109643462968977,-0.004721543505667833,0
-1.0170819572854335,0.006382032527119797,0
-1.083737521242502,0.01725064347543348,0
-1.1871636684677955,0.028362500925106546,0
-1.1321232567496229,0.040790194430266,0
-1.1090106359018612,0.050583437758055905,0
-1.140514321615012,0.06054309212580985,0
-1.153086486015047,0.07056502506475769,0
-1.0329936722431754,0.07977874973739536,0
-1.0843703483096183,0.08586752146928202,0
-1.0900613510219697,0.09465435315540323,0
-1.10480511146285,0.10253574772674984,0
-1.0461276094431498,0.10996497701239816,0
-0.9548939303776214,0.11306609546728515,0
-1.0145351058960177,0.11714476175038628,0
-1.2582801081365589,0.12136313267376578,0
-1.1474332308821458,0.13058373962950431,0
-1.304170062508811,0.13538498304143315,0
-1.0543787862200102,0.14512511431739164,0
-0.91121554007151,0.14886570074267677,0
-0.9004819048348864,0.15225339017129128,0
-0.8500888862797857,0.15393616096182708,0
-0.6745559805368259,0.15390581965176822,0
-0.740902902520801,0.15013055427586405,0
-0.7306400018042657,0.14718932249386374,0
-0.7992251332045803,0.14289055505221332,0
-0.7907585731803195,0.141414372860371,0
-0.7236478178240975,0.1393263664813719,0
-0.6655431908335764,0.1380173711858855,0
-0.6483791444167117,0.1323586373250607,0
-0.6225753431993064,0.1291583300490994,0
-0.5594458472513055,0.12595305555128794,0
-0.610866932234739,0.12083388662831004,0
-0.6536638055385785,0.12245458395336241,0
-0.6923350904540188,0.12351249616549066,0
-0.6732370357022087,0.12544406739891226,0
-0.3902922824340392,0.12599859864952728,0
-0.5909495329644356,0.1233229691961934,0
-0.8037814880878134,0.12410453291201169,0
-0.915720824700216,0.1261509017626356,0
-0.917650392143446,0.12951354351318223,0
-0.9435652156533154,0.13516752162854248,0
-0.8942491133352536,0.14047933055909026,0
-1.0145351058960177,0.1437897574569563,0
-0.9163647539965676,0.15054306227977085,0
-0.9064926517495664,0.15234807290087038,0
-0.9883782537885496,0.15868372963727242,0
-1.036808398212661,0.15946593857794758,0
-1.0019984686295795,0.16721453333794006,0
-1.005397971225207,0.17445760537463814,0
-1.062414579749458,0.18358091629887013,0
-1.1484790608772664,0.19586219354707735,0
-1.162925281574326,0.20522972670403405,0
-1.243558552154182,0.27434260293321144,0
-1.1384182207330549,0.29249087061833706,0
-1.2015543780186126,0.30708566287376526,0
-1.0308731464568734,0.32941261997997195,0
-1.1597877915889223,0.3506800545134253,0
-1.1104850119459535,0.3664474842065468,0
-0.9947642560518,0.3844423552098806,0
-1.25102591154615,0.39542340105080864,0
-1.2533063094336263,0.4124319244351565,0
-1.1877898341973592,0.43861259470853636,0
-1.0034861673487652,0.4530647877190238,0
-0.9264389168158887,0.46390048406244544,0
-0.9215095270299264,0.46509129782120695,0
-1.1902944971156422,0.47340616174385275,0
-1.1329625852807412,0.4914691154011478,0
-1.012410139218017,0.49291780285487635,0
-0.9373590695038851,0.5130593718351522,0
-0.8347478259053652,0.5217936582004541,0
-0.6556444432363723,0.5385065390452128,0
-0.7214606786623013,0.5461461989596681,0
-0.8273937092517235,0.5547235530371598,0
-0.7735878654259022,0.5631876536799534,0
-0.7131473294016624,0.5741586891056437,0
-0.7054845707749441,0.5823861796038613,0
-0.5918354908584067,0.5886612168635633,0
-0.7805467427183275,0.5906020009838429,0
-0.5776490623257504,0.5979673262061201,0
-0.4885403499382395,0.6015694377827198,0
-0.5942713199553378,0.5862475323374109,0
-0.5630007810563877,0.5927681849278765,0
-0.5752087923371244,0.5846434703725786,0
-0.6576250809341496,0.5852963964839493,0
-0.5678857619253596,0.5801187170629325,0
-0.4144351901559955,0.5859158039708737,0
-0.3125122847708342,0.5783865525118295,0
-0.4391976022699585,0.5750086482523069,0
-0.5532219375350667,0.5681416161802448,0
-0.4600853363764903,0.5619667243407116,0
-0.5032974330542127,0.5544766013326577,0
-0.4683831425161992,0.5506377177233981,0
-0.4286260595803466,0.5461646355384474,0
-0.3034040158960466,0.5303337101800228,0
-0.4544742697147219,0.5110911326834517,0
-0.3261613654078875,0.5002111466628262,0
-0.3545364429190535,0.4809536177819865,0
-0.3939071682770836,0.46537911528218734,0
-0.4715228529474191,0.443503690860348,0
-0.3939071682770836,0.4307718509492482,0
-0.2858469505638069,0.4195024523566004,0
-0.3715250741138093,0.4028953767398372,0
-0.379443184013236,0.3864165166094385,0
-0.4214207127986235,0.3639476595999681,0
-0.4800360423345284,0.3475230507771539,0
-0.4439182701460609,0.32769024716730233,0
-0.5778733273565614,0.30370779781929236,0
-0.6886047414267946,0.290207451997596,0
-0.6494804855580749,0.2778767781077989,0
-0.6644440701380503,0.2638815847440244,0
-0.7153344685634584,0.24583299674935322,0
-0.8325873320937677,0.23210864643933107,0
-0.7443934433962676,0.2213793898550274,0
-0.766187119409412,0.21051651754599895,0
-0.8431766383501882,0.1998886583600419,0
-0.8662670547394669,0.19440652795941707,0
-0.9275091717153708,0.1857849121773755,0
-0.930080448009115,0.17940283547809738,0
-0.9587397425890086,0.17362015336558922,0
-0.9114287028730648,0.1644276411521091,0
-0.981990031079462,0.15736535856555825,0
-0.8597988959797713,0.14994259522847803,0
-0.9755951470327968,0.1436319339072301,0
-0.9510481181662508,0.13906161391018804,0
-0.976660961040584,0.13523363842616,0
-0.9591660681921228,0.129097585195402,0
-0.8189515741318075,0.12119157906475563,0
-0.8781153537925631,0.1136180978098561,0
-0.8556999529415334,0.10578556275491972,0
-0.8065992338708678,0.10138679708994185,0
-0.7065792505787545,0.09677268901753107,0
-0.5149103648472669,0.08909623872657632,0
-0.5220490982534918,0.08108213709549739,0
-0.5552247796913475,0.07660575785945625,0
-0.5625566918864857,0.07418108318634514,0
-0.4279488235962398,0.06829927198607029,0
-0.4907785593545624,0.0640369112843121,0
-0.5880696146976024,0.0582351550247037,0
-0.5809752902083476,0.053929447776395356,0
-0.4939093880023925,0.0498683237230597,0
-0.5709943861147027,0.048657599286333654,0
-0.660045366910134,0.04783675443092129,0
-0.5865175230487805,0.048314780632323806,0
-0.5760969706769284,0.04880183518979765,0
-0.6285350198594429,0.0500469974464696,0
-0.6813638675114748,0.05091355596575976,0
-0.6179368318196325,0.05201837192738521,0
-0.4706257928242211,0.05293777529638693,0
-0.4031597661320741,0.05271743291207259,0
-0.3880340890050706,0.05239727069510437,0
-0.1449951885446763,0.05355531481913414,0
0.0020138698151947,0.04952642097552721,0
0.0099963726442578,0.0436797970079497,0
0.0283261531321384,0.036685378772618786,0
0.0121102370930235,0.029053246508070844,0
-0.0319522903450691,0.018702295955906112,0
-0.1588663137666991,0.000340989649407403,0
-0.1807932165308155,-0.009334459962678333,0
-0.2965672631253579,-0.020076770439160542,0
-0.3202483181105994,-0.029282217745226158,0
-0.2682587989896861,-0.03716928789352707,0
-0.4538014746223306,-0.043112946924235986,0
-0.369035954316477,-0.0439039533606445,0
-0.4187184301997321,-0.0491606544793745,0
-0.3995515416265908,-0.052212416728540094,0
-0.5182565767425098,-0.05346121625838626,0
-0.5044143173165266,-0.053014572089979076,0
-0.4092504490973412,-0.05098898537513286,0
-0.4083489480824275,-0.0497473650548198,0
-0.4907785593545624,-0.04907289903414383,0
-0.4558220803453995,-0.04557814045512702,0
-0.4484124525455153,-0.04122478889993652,0
-0.5178102671267458,-0.038908473103461585,0
-0.5820855131331046,-0.03519538698443051,0
-0.5927214487523735,-0.03091437604220963,0
-0.647277803275328,-0.028940686829289762,0
-0.6477174515535351,-0.02694594543635153,0
-0.645954417549016,-0.02410949135700954,0
-0.6035661062814819,-0.021849613890194686,0
-0.6997891271708935,-0.020002558833094097,0
-0.664224245998955,-0.017649488782429563,0
-0.7883693734462203,-0.014063050323138914,0
-0.7916289879533397,-0.009045566088378164,0
-0.7391576320830657,-0.005075898948801297,0
-0.6578449050732614,-0.0018215385384145481,0
-0.5398726170876752,-0.0013717874812917083,0
-0.704609715110229,-0.002658677680429188,0
-0.8317191377666094,-0.0015653570066754268,0
-0.7970557576095888,0.001424374463627221,0
-0.9242961865710998,0.003490608278338676,0
-0.927939938210184,0.006971111446405189,0
-0.977087286643698,0.010965588617327524,0
-0.939286416501278,0.014859439279314757,0
-0.8791922700295813,0.018012382586198156,0
-0.8738076888444651,0.020536796784273028,0
-0.9092837521824224,0.022506663517059128,0
-1.0900613510219697,0.02467144925063528,0
-1.0321454619286587,0.030769068629722632,0
-0.9866751718219676,0.03411899234600437,0
-1.0064615647871364,0.035661689788158146,0
-1.0605116576564102,0.038587311505351836,0
-1.044646572061521,0.04232845461194585,0
-1.068964895005578,0.04542558105051942,0
-1.174844634894595,0.04960560977340376,0
-1.2161316050207658,0.0540565354722052,0
-1.3356715277761082,0.05973097661422367,0
-1.2292300150871476,0.06700980266378087,0
-1.2240341717992622,0.07413928996085394,0
-1.3814060509389017,0.07974486414699652,0
-1.3971490120120749,0.09005069760611575,0
-1.3323830474729654,0.10026668309024189,0
-1.258695331510421,0.11099174549453521,0
-1.2198752767230827,0.11918987950943057,0
-1.1986367121723251,0.12929768274397294,0
-1.1503642194035264,0.13716205766144468,0
-1.1140599297637024,0.14544671850625307,0
-1.277118370723982,0.15104171847472322,0
-1.3054068508470038,0.16046011184075706,0
-1.2443889989019066,0.17434789461228603,0
-1.2094702674721816,0.18161576242868588,0
-1.2738076859623355,0.19422483756595754,0
-1.184450283639673,0.20098140278395624,0
-1.1779776839882783,0.21521128972056422,0
-1.0291767258278277,0.22328951977062175,0
-1.167945709640107,0.22984389292298218,0
-1.220290500096945,0.24160630251917453,0
-1.2254885638306885,0.2587165989533931,0
-1.2292300150871476,0.26940686763171473,0
-1.1312839282185043,0.2740768965375465,0
-1.1982192683526052,0.28746409895934505,0
-1.1834066740903897,0.2953177928231807,0
-1.123725530546697,0.3134565495057614,0
-0.9131451075147564,0.31793177665874217,0
-0.9328648871044308,0.3217883184438656,0
-0.9802847286670222,0.3212678643619114,0
-0.9536105126765968,0.3274381392988363,0
-1.0334177774004316,0.32944936610043585,0
-0.9913603125644734,0.33068589104284485,0
-0.9696243681434084,0.3327805135546489,0
-0.6408873601203826,0.3325610195930225,0
-0.6850942165386988,0.3289717783522621,0
-0.6866307650665742,0.32780059302694575,0
-0.5874057013885886,0.32594336904382687,0
-0.5149103648472669,0.3226067552906207,0
-0.5665534944156494,0.32036356654076037,0
-0.6174949630955842,0.31596006572927243,0
-0.5887335280065997,0.3131370446658479,0
-0.5251710451179444,0.3113424318689257,0
-0.4916733990319233,0.3033935881783614,0
-0.4031597661320741,0.29093552352856966,0
-0.4632272672535887,0.2775403981266348,0
-0.6152856194753011,0.26953706751036943,0
-0.6225753431993064,0.26009688968239036,0
-0.7164291483672688,0.2547370690334102,0
-0.7985745425706554,0.24692063437200065,0
-0.8487921459036515,0.24141749563829853,0
-0.8013945087995678,0.2387288807071747,0
-0.8505196527745782,0.2371857745984267,0
-0.8490097495969054,0.23578651118363894,0
-0.7892375677733785,0.23488244695125687,0
-0.6263301171308588,0.23133910799513993,0
-0.4261480420122621,0.2246078970311115,0
-0.6093170610317541,0.2174308011697082,0
-0.5561129580311516,0.21462047195700015,0
-0.449535998145382,0.20886673018181134,0
-0.5153566744630101,0.20157672206480562,0
-0.4027090156246194,0.19503706376970462,0
-0.3647327302600947,0.1903001230055258,0
-0.3765033137084614,0.18159647756504446,0
-0.3341150024409067,0.17594290874790877,0
-0.2118683561949985,0.17053481861085962,0
-0.2872147452071302,0.161948204852901,0
-0.3102363277750569,0.15689161112159616,0
-0.3420619781363939,0.15189516864885358,0
-0.5227174524542046,0.14531672591575545,0
-0.5487743844984606,0.14272982506320173,0
-0.5122302867068791,0.13813467092248524,0
-0.5218248332227016,0.13359567375526518,0
-0.5041922727315736,0.1319378839654763,0
-0.540096882118482,0.13045708133048492,0
-0.4605338664381079,0.12997093991722045,0
-0.4484124525455153,0.12364016506949199,0
-0.5153566744630101,0.11860656766148678,0
-0.5153566744630101,0.11478495429574871,0
-0.6400036226722734,0.11321980277648373,0
-0.6269918099940149,0.11258422439975314,0
-0.6393441502549545,0.11320816349786536,0
-0.6148437507512403,0.11394753399664198,0
-0.6373590716654823,0.112044580490198,0
-0.6789480224271894,0.10732849223089934,0
-0.634492476073738,0.10402203986393865,0
-0.6991296547535746,0.10119030337351623,0
-0.7057021744681815,0.09812106509502362,0
-0.7225531380202705,0.09382908013841487,0
-0.7059219986072933,0.09177255456366562,0
-0.7794587242520574,0.08909343204971304,0
-0.6477174515535351,0.08752127793392352,0
-0.8239320341722968,0.08168325506594894,0
-0.8951084258790178,0.07788633972787057,0
-0.8664824379868631,0.07829383063154184,0
-0.8319367414598634,0.07796730460757857,0
-0.8291256570143616,0.07583531349311862,0
-0.7901079825463946,0.07313732351084591,0
-0.8384226637863469,0.07113949749945918,0
-0.9563882904343596,0.06925222436485216,0
-0.9131451075147564,0.070953043982374,0
-0.8353984165392901,0.07344508090282104,0
-0.8148348675267816,0.07649534512751112,0
-0.8325873320937677,0.07791872881557128,0
-0.7622680324849943,0.08059950945760203,0
-0.7487566194905872,0.08067032685273737,0
-0.7389378079439746,0.08077390841525477,0
-0.7494116510162112,0.08308246660177174,0
-0.6918954421758117,0.08571296509917418,0
-0.7032929907214489,0.08753276418077588,0
-0.7144596128987433,0.08832275174543941,0
-0.7775025114586249,0.09296859368834727,0
-0.7072365025502155,0.09598063501492328,0
-0.6839973162890348,0.09689191966569667,0
-0.682460767761143,0.0985322360733686,0
-0.6013545422153409,0.09945677628587896,0
-0.5070943954569145,0.09646886677396536,0
-0.5204859043754386,0.09410949943943188,0
-0.5420997242747628,0.0912979952039029,0
-0.5487743844984606,0.08584441647517774,0
-0.497486526265999,0.08220724109323639,0
-0.631403835897045,0.07620793013886955,0
-0.63294926620831,0.0732409304107635,0
-0.6490386168340141,0.07455904394514451,0
-0.6688427733659873,0.0767000301013207,0
-0.5311862329243233,0.07908808063132282,0
-0.6706013664788115,0.07801664267483514,0
-0.7727174506528861,0.07992821092591049,0
-0.7155542927025537,0.08275762667527292,0
-0.7264877680656391,0.08635689614387954,0
-0.7618328250984822,0.09089827954744084,0
-0.7970557576095888,0.09612807979536811,0
-0.8003087107791554,0.10010458938689705,0
-0.9037015513166936,0.1064579891738798,0
-0.8453371321617816,0.11606873499741185,0
-0.7153344685634584,0.12702609258762715,0
-0.7177414318643498,0.13573837519583698,0
-0.7299849702786624,0.14406118614687258,0
-0.6681810805028107,0.162875766557054,0
-0.6763123532037922,0.16825078132517082,0
-0.8953238091264183,0.17510891867312137,0
-0.9230105484242216,0.18271426507037097,0
-1.0668510305568122,0.18802708459125772,0
-1.11132656092293,0.197548237331228,0
-1.119313504643688,0.2088630941660937,0
-1.0300249361423568,0.2189347518125765,0
-1.0769873658599325,0.22928293862262986,0
-1.0507838843896158,0.24377526217236753,0
-1.0586087355633622,0.2526097436601608,0
-0.9649303456175088,0.26286355733524047,0
-0.9732503562157048,0.27089009279405546,0
-0.917863554945005,0.28173151867085994,0
-0.9602341026457512,0.2929381408851396,0
-0.9437783784548746,0.30511225514354035,0
-1.0353251403851744,0.31272715854474714,0
-0.9328648871044308,0.32438216382933305,0
-0.9114287028730648,0.33475357872890604,0
-0.8647593720076355,0.34820498683896645,0
-0.8472822427259623,0.35822399379641673,0
-0.8789768867821686,0.36813460974854306,0
-0.8856471061141673,0.3740271425203394,0
-0.8144041010319685,0.3804184508561187,0
-0.8418821184199118,0.3894435478091154,0
-0.7987899258180682,0.4026110847573414,0
-0.7596545677200801,0.4101977060049496,0
-0.6194844825767555,0.41341531082214716,0
-0.660485015188337,0.4140738733545508,0
-0.6461764621339648,0.4151076176653635,0
-0.673456859841304,0.4193444779198219,0
-0.6839973162890348,0.42195113050134947,0
-0.7398126636086897,0.42031186586915636,0
-0.7631384472580104,0.4237578474840663,0
-0.6980349749497683,0.42594646704907957,0
-0.671478442589368,0.4351346980332409,0
-0.6901412899546865,0.43397253918286954,0
-0.7833711498389223,0.4444447971693048,0
-0.7208034266908403,0.4523208156724796,0
-0.6879474894553335,0.4546487555984825,0
-0.5867395676337336,0.45850540011544244,0
-0.6342726519346262,0.4590017861464872,0
-0.6479372756926469,0.46777861608123533,0
-0.610866932234739,0.46548311617787286,0
-0.8260947484297522,0.4625008852547215,0
-0.8533262963284016,0.4731563713323526,0
-0.8979039672035689,0.4838500662552437,0
-0.7622680324849943,0.4995025312642061,0
-0.9006950676364249,0.5061809946149811,0
-0.968984879738756,0.5156724925182342,0
-0.8972578174613637,0.52831158796119,0
-0.8942491133352536,0.5403779450469782,0
-0.8770384375555241,0.5485211966771737,0
-0.9610867538519792,0.550868093603532,0
-0.9958278496137252,0.5652570877665118,0
-0.9120726321694372,0.568306372096157,0
-0.9551070931791764,0.5657384344698276,0
-1.0100742301843189,0.5622398922971394,0
-0.9572431620864292,0.5592946094351411,0
-0.9073519642933304,0.5393860146475109,0
-0.9039169345641106,0.5325408268404419,0
-0.8828493443437585,0.5185754036991486,0
-0.7992251332045803,0.5079932679041649,0
-0.7668421509350153,0.4903230704597992,0
-0.7382827764183547,0.46628141445071514,0
-0.7291101146139473,0.4461302616209904,0
-0.7592193603335721,0.4204669240928504,0
-0.7247402771820666,0.4006134796688774,0
-0.6512412991167404,0.38202250467676885,0
-0.627431458272222,0.3675149513374396,0
-0.5975908865003945,0.34923405484236114,0
-0.5958211911583186,0.3396598850054317,0
-0.5256151342878465,0.32125587541280876,0
-0.5975908865003945,0.30611123033484905,0
-0.6020184555243547,0.29231070460513203,0
-0.6194844825767555,0.2778408226986001,0
-0.6923350904540188,0.2604166200428921,0
-0.7131473294016624,0.250942031587042,0
-0.6912381902043505,0.23712339449201947,0
-0.6866307650665742,0.22008660709800698,0
-0.7505018899283226,0.20672806238120167,0
-0.7568234992619325,0.19411563946259688,0
-0.7422129655720242,0.18034380364575514,0
-0.8098521870404346,0.1702028480725075,0
-0.5803113768993337,0.1598989932201752,0
-0.5055334220246984,0.14678511970024705,0
-0.5516654049945455,0.13423352388115395,0
-0.5481082507435848,0.12054404227052651,0
-0.5712142102538145,0.10908861861581122,0
-0.5747669236130595,0.0983814814169506,0
-0.532971471387346,0.0887730448127825,0
-0.4198441962454401,0.07914921949133653,0
-0.3896150464499323,0.06587756204863775,0
-0.4650213875000096,0.05236886263075564,0
-0.3676770414565642,0.04109765376243981,0
-0.2531597672128645,0.0327631017219058,0
-0.1759482036871393,0.021642419034388377,0
-0.1248490833518878,0.010947922146966165,0
-0.1959966092625526,-0.00033783627927807776,0
-0.0641754005134637,-0.010972538595993925,0
-0.1074518901208225,-0.023683943667523272,0
-0.0828093820827218,-0.034327681422784466,0
-0.1814837751900154,-0.04359044198712406,0
-0.2643730187530072,-0.053584304274192314,0
-0.3307066180618852,-0.06077226514672417,0
-0.2885847602962949,-0.07009270273214273,0
-0.323205951982162,-0.07787642463856233,0
-0.2643730187530072,-0.08883238878509228,0
-0.2072698128406121,-0.09774280365761327,0
-0.2517853112320049,-0.10830168637609726,0
-0.3443312737945977,-0.1212270329168702,0
-0.3751466212943898,-0.13258747780353014,0
-0.3939071682770836,-0.13925554715827598,0
-0.2691736226796969,-0.153410003553157,0
-0.2494960315611552,-0.16161420098275175,0
-0.1729506017902811,-0.1744398830933693,0
-0.1849410093777431,-0.18154932405727411,0
-0.200368667140287,-0.19984419243472298,0
-0.1125566951288896,-0.21390942922261721,0
-0.1146461346732898,-0.22370334047318607,0
-0.2061218423364171,-0.23862136185961694,0
-0.0581113628983952,-0.2473444224860279,0
-0.1701817058159121,-0.26306965841171337,0
-0.0842082629679261,-0.29001071054633576,0
-0.0979261774263314,-0.3094273597027385,0
-0.1597900192401039,-0.33315135907120064,0
-0.2951994684820305,-0.35075823962501296,0
-0.323887628857968,-0.36327990778285757,0
-0.3479617027585888,-0.3799484531096798,0
-0.4616551915921168,-0.3933752812724857,0
-0.4594125412840784,-0.41127023407761404,0
-0.4594125412840784,-0.4283972589035524,0
-0.5198175501747258,-0.44404039389262656,0
-0.5374256857615088,-0.47166185371385766,0
-0.5532219375350667,-0.4970985143597782,0
-0.5834155601969777,-0.510901238314519,0
-0.6300804501707288,-0.518669973812441,0
-0.6703793218938626,-0.536389832133997,0
-0.7317324611622349,-0.5668455088858512,0
-0.6589462462146246,-0.5911691841100299,0
-0.753552782525582,-0.6101913039862561,0
-0.7918443712007359,-0.6419716326218915,0
-0.8230660602909963,-0.62950798241102,0
-0.7417755377396583,-0.6437857341914285,0
-0.7931477729144022,-0.6395251833425944,0
-0.7555156566565672,-0.6636046214981863,0
-0.7483214121040792,-0.6788614309199937,0
-0.6765321773429083,-0.6814235926937668,0
-0.6263301171308588,-0.67872297099109,0
-0.6479372756926469,-0.6679274625157281,0
-0.6488187926949188,-0.6745679042307875,0
-0.5363110219450361,-0.6889894651220171,0
-0.9114287028730648,-0.6940714250202732,0
-0.7957523558959018,-0.6961347357526213,0
-0.945274958957454,-0.6902031700405088,0
-1.039350808710382,-0.6716074246990217,0
-1.1281353360038695,-0.648297960381538,0
-1.2261125091144107,-0.6208859375995914,0
-1.28951734034777,-0.5958190152623883,0
-1.2826983511438528,-0.5953078033375973,0
-1.1687805972795304,-0.5985032379996695,0
-1.1451261876444874,-0.5753662596261174,0
-1.2595235578123083,-0.5506697241527362,0
-1.4026601586106102,-0.5240733711231402,0
-1.38304251953001,-0.4941492205959568,0
-1.4493028441258575,-0.4655029070650742,0
-1.3619482839594552,-0.4366454723989719,0
-1.2292300150871476,-0.41220264113546207,0
-1.2281908464295797,-0.3844110944910963,0
-1.2615952337899206,-0.3549475117255663,0
-1.3432743343649016,-0.33073633377670175,0
-1.3253886430469437,-0.2968571173523856,0
-1.3192135831393903,-0.2627169093039998,0
-1.186120058918516,-0.23833531197042038,0
-1.223618948425396,-0.21697435712990598,0
-1.2427281054064576,-0.19591438328918473,0
-1.2841460818377426,-0.17838706437197263,0
-1.332793829955112,-0.15662474297497805,0
-1.3938782952757036,-0.13275275610037057,0
-1.3268297124032808,-0.11734553140999217,0
-1.3132405838041483,-0.10046157765006582,0
-1.354771802973772,-0.08662771448963481,0
-1.624480478532876,-0.06664804827644552,0
-1.5971046016540194,-0.06083687120256998,0
-1.4702083417991774,-0.052752538109068416,0
-1.520965513473597,-0.04569952986575662,0
-1.5270140079677312,-0.043724114317195986,0
-1.5326539404255397,-0.03986592312239321,0
-1.4886402627961324,-0.03129186904894989,0
-1.4770983852702713,-0.025682044654486445,0
-1.5203593317566837,-0.0239516658061681,0
-1.621485097081859,-0.021944704997191818,0
-1.7773048845726764,-0.018107056144273673,0
-1.7081224532388588,-0.016027664347870136,0
-1.5572009692921065,-0.012201502030801241,0
-1.633255680530226,-0.0076806660772125055,0
-1.6906986146575909,-0.004012871903140602,0
-1.722550910369114,0.0003828612026416626,0
-1.821587236149885,0.0038917716664058494,0
-1.7828027084961189,0.00838575978716652,0
-1.7053513368186362,0.012535899480149595,0
-1.7268963228966456,0.015779130541770037,0
-1.714450723910009,0.023468364478853813,0
-1.7602030106395947,0.026928994235842055,0
-1.4932943172967612,0.030314995865713765,0
-1.520763452901294,0.03044820142240061,0
-1.5128941928105526,0.031048909872132286,0
-1.501987362797666,0.033830257773722124,0
-1.4059286549011236,0.032824556241679605,0
-1.447879538336292,0.03628293703309293,0
-1.4777067874330427,0.040830080127690446,0
-1.484794450584745,0.04264213807255445,0
-1.536886110214749,0.044841630941375867,0
-1.8153277993000496,0.0467912250186425,0
-1.6670863934936806,0.051720309746839006,0
-1.5824851861806966,0.055634597355693094,0
-1.5302380953412376,0.058384394945145086,0
-1.5584066713883973,0.05938280189102831,0
-1.696445128516168,0.0604989671256616,0
-1.715241202632442,0.07037347674877512,0
-1.5971046016540194,0.07118071548226437,0
-1.5467448897866576,0.0670268390905028,0
-1.4169420663147796,0.06090327531902383,0
-1.365638664961388,0.06152483012394536,0
-1.3728084846095143,0.06529617324014136,0
-1.4417821940334887,0.06063857312008411,0
-1.4926859151339855,0.06303195867511373,0
-1.344506681811399,0.05701560193713674,0
-1.3924483281486182,0.06036033876556166,0
-1.41755490936925,0.06596667734231557,0
-1.3006639785124143,0.06911904950693042,0
-1.3664580094798606,0.06519403399201422,0
-1.5409117785399402,0.06729123764883602,0
-1.5060263537979663,0.05847512664292944,0
-1.3734235481098385,0.04532225524954371,0
-1.1090106359018612,0.03538761290138085,0
-0.7961875632824098,0.029779240338173245,0
-0.8092015964065262,0.026754074279682395,0
-0.6738965081195111,0.019725747990711567,0
-0.7133649330949163,0.01701177962225148,0
-0.5741007898582045,0.015334083247247504,0
-0.6261080725459057,0.014225743902241727,0
-0.6831202401784618,0.0010524185935667319,0
-0.6353739930760101,-0.011505454051512704,0
-0.5647771377360206,-0.025177739084074086,0
-0.5269540631351135,-0.036771641863692625,0
-0.5783151960806056,-0.049409527504865866,0
-0.6811440433723837,-0.05716765513014506,0
-0.7201483951652411,-0.06492305014393467,0
-0.7801115353318194,-0.07984352575566996,0
-0.8100675702878307,-0.09845325502750991,0
-0.894679879830046,-0.10960935370026696,0
-0.7848943756917046,-0.12058907992260387,0
-0.7422129655720242,-0.12488545659873926,0
-0.7515921288404339,-0.13462900985661957,0
-0.7942335709348352,-0.14189013680958681,0
-0.5843015180909447,-0.15066049504190296,0
-0.3327516486892989,-0.15841770042970427,0
-0.443018989577001,-0.16354945921214267,0
-0.5718825644545273,-0.17673141764865813,0
-0.450657323299395,-0.1784727684011593,0
-0.5035216980850236,-0.18298914792432602,0
0.0660293236571667,-0.1846718609086234,0
0.2249199877578935,-0.186915519783584,0
0.2184496085523609,-0.18939844223688462,0
0.1309129718263177,-0.19241630816194974,0
0.3248489327701886,-0.19362043849425875,0
0.5408938730378167,-0.19745589663946592,0
0.2400279013181091,-0.20095320169826852,0
0.1954813166848187,-0.2040747574150588,0
0.2784993461070834,-0.20489888958498959,0
0.2249199877578935,-0.2091720424558678,0
0.3478571926630223,-0.20978562200908332,0
0.3108268172303852,-0.20979689528235168,0
0.1909405049225366,-0.2102559047713305,0
0.1380406030033115,-0.21195837090687594,0
0.1878363216248926,-0.2111701908433686,0
0.1694643526658585,-0.20974475249298324,0
0.2242005633026538,-0.20622889389937174,0
0.1561216935560405,-0.20517476034790996,0
0.003423852929655,-0.20254198828866052,0
0.0135179997616219,-0.197403450644719,0
-0.236204442705864,-0.19008929910092587,0
-0.0686051899832776,-0.18817607516120333,0
-0.0753597862575419,-0.18443194194508375,0
-0.0553113806821286,-0.1771745132737475,0
-0.0648748409560535,-0.16926864065194222,0
0.0205656948880284,-0.1616380083840123,0
0.1221266675997162,-0.14791219016545393,0
0.2026533567788031,-0.14124994352874956,0
0.1107424417291678,-0.13558985198794163,0
0.2801846645068772,-0.13020361935631097,0
0.309376866090654,-0.12626758624315057,0
0.2136623273007808,-0.12271130686166591,0
0.0210364294081331,-0.11719890446589543,0
0.2905497057324868,-0.05179611425628132,0
0.2438692726378015,-0.043825678040836,0
0.4303711808774268,-0.035691227247035634,0
0.3018895226860239,-0.03054333762697392,0
0.371886857646636,-0.024382043022302992,0
0.4311017075619349,-0.019100764885349023,0
0.3454324657953264,-0.01414305088732524,0
0.3830712433907348,-0.007805494101586419,0
0.400601663372772,-0.0013210504014888249,0
0.5344767845326851,0.004941611070569467,0
0.7038301894763968,0.007639558405126576,0
0.6226751141218885,0.006563537660407974,0
0.612729737161836,0.00584898389613323,0
0.4847521201782973,0.005045730976499034,0
0.4751775576751206,0.005258431700630824,0
0.5408938730378167,0.005903152290356348,0
0.5186982963259195,0.0070522701399099745,0
0.701576436939123,0.008253080179493623,0
0.7261612133851235,0.006870712254370054,0
0.8593413349941252,0.006111783091795009,0
0.8751176027550538,0.0034956714796771605,0
0.9407562025130204,0.0017108521968186411,0
1.0519872168994189,-0.0016423618939025004,0
1.0862020669948385,-0.006960864871814958,0
1.0763410669770723,-0.013100808048913042,0
1.022783913086386,-0.02011881789391822,0
1.0400900680376328,-0.02631618149693566,0
0.9576782203323028,-0.03305502125404287,0
0.9353782826654568,-0.03851079617147316,0
0.947677332226012,-0.04216652542535892,0
0.8947419031731901,-0.04499326468250562,0
0.8562904423968825,-0.04742570773279029,0
0.8268451099862549,-0.04948274121181542,0
0.7171239987775292,-0.05076257006361316,0
0.7699528464295776,-0.05025349453213455,0
0.732191944312449,-0.049619903180932456,0
0.7606247534156947,-0.04861645720121206,0
0.8794474721616388,-0.048470291203618246,0
0.962554319417864,-0.04968284828311748,0
1.0279486701323943,-0.05237421649398303,0
0.994173468315178,-0.05424753829551981,0
0.9954591064620604,-0.054484087877660015,0
0.6973154013538735,-0.05485450148438178,0
0.6119836673563979,-0.05149103008863245,0
0.3855048520418082,-0.04719345275562216,0
0.3750465520905224,-0.039953380950714656,0
0.6785459725877857,-0.032619090331164155,0
0.6737942184697816,-0.02951846099879494,0
0.664550502398185,-0.024914775718806622,0
0.8210142191853746,-0.01934883694485542,0
0.8461274617435801,-0.016136939418486495,0
0.7926746688078259,-0.013680545008817997,0
0.7377208544777725,-0.01023810828725505,0
0.8468890746699691,-0.006768630814950089,0
0.9136356769068558,-0.004694164328355479,0
0.7989940576955781,-0.004884240328359479,0
0.9018895183628296,-0.0030092771872185366,0
0.8306465132806515,-0.003399590398411656,0
0.7825694197466031,-0.003096129199543184,0
0.7997512297302722,-0.00265654592757097,0
0.727668896116955,-0.0034664840426571674,0
0.9075050259162972,-0.0019778982158698906,0
0.7377208544777725,-0.0038467693190098384,0
0.7767651742959256,-0.0030279021814870115,0
0.7926746688078259,-0.003943495983207171,0
0.8552734781977849,-0.004527579949854113,0
0.8743537693828027,-0.005636238353558444,0
0.919260066243713,-0.004574265241177192,0
0.7704591080832623,-0.005822233587474081,0
0.8159493822025992,-0.0025516951576702047,0
0.8093657602587445,0.0030907636684261238,0
0.9141485998980932,0.009459063111477423,0
1.0183963120877215,0.01859683155962959,0
0.8947419031731901,0.025156395971808874,0
0.8960186595366745,0.03362743519990065,0
0.954343110666295,0.038309165986419716,0
0.9389643027124572,0.04035056649418244,0
1.0083399128351842,0.04375787822727279,0
1.208892802410653,0.044991612281167645,0
1.124948847069146,0.041888326182706444,0
1.0592369725981283,0.04220430944025589,0
0.958446494596232,0.046172607965314104,0
1.0778975995175892,0.05171588072271391,0
1.1028287655161206,0.05448880510317444,0
0.9728261019177932,0.056685170391227745,0
0.8202548267048393,0.06145215166634206,0
0.9049515131893408,0.06801039916152103,0
0.948188034771408,0.07360281630542624,0
0.9563948026312614,0.0760185564363211,0
0.9530596929652704,0.07728952805141888,0
0.9364041286479484,0.08106875218373898,0
0.9128696230887676,0.08391243243454533,0
0.9087817822797816,0.0865385045390029,0
0.8050625362023416,0.09126706809745687,0
0.7628940490739192,0.09726811245928758,0
0.6408516838461514,0.10229929758444271,0
0.7078425351264946,0.10762337576387548,0
0.6415999740974516,0.10772082336284997,0
0.7075916247455019,0.11015436931617495,0
0.7896415397773545,0.1103152036915623,0
0.8888777056845918,0.10553165944712238,0
0.8103782835661265,0.10187722574151925,0
0.7861043695390562,0.09965244450939553,0
0.7040810998573895,0.09544870456239839,0
0.719131281825505,0.0920222545137126,0
0.736968123334798,0.08494467400151598,0
0.7623900078660758,0.08069511953987821,0
0.7997512297302722,0.07710913617580156,0
0.8111376760466578,0.07036942813008822,0
0.7095989077934777,0.06750070037533945,0
0.6520715967238304,0.06532408291173487,0
0.569324461695221,0.06660202958589502,0
0.5527510538743274,0.06914864161699262,0
0.4901566853760427,0.07040045249786285,0
0.5110644034952244,0.0719988117103347,0
0.608755139091176,0.07098439354774665,0
0.5988208643603794,0.0676303795964913,0
