signal,anomaly_score,is_anomaly
-3.401287193393998,0.5741620294041779,0
-3.342169272145884,0.5780738505555751,0
-3.100326809074446,0.5816452189739202,0
-2.817282868077572,0.584034395570475,0
-2.994632258224179,0.5873865862634846,0
-3.017921666424689,0.5906590674685434,0
-3.2131874998939907,0.594574753289591,0
-3.1791499751389813,0.5986447542739893,0
-3.4227834265030297,0.6022578529654198,0
-3.10749294904374,0.6073442842719308,0
-3.1361553221220664,0.6120953968741605,0
-2.8280309846320715,0.6155595158361488,0
-2.971345036822553,0.6191798083206258,0
-3.005382561577579,0.623148539538424,0
-2.8441542528632877,0.6261272397490817,0
-2.566483276744229,0.6290287105898599,0
-2.66680267591778,0.6311546551355618,0
-2.675759804179685,0.635321082648242,0
-2.661427524241096,0.6380086924450826,0
-2.4554135742172787,0.6397320592731237,0
-2.466161690771778,0.6440079265632475,0
-2.215362099438435,0.6467232045482587,0
-1.923361030179656,0.6496233403723023,0
-1.9197768667955668,0.6519277213724178,0
-1.201415617550564,0.6533159905671952,0
-1.1870855244108431,0.6545444431561372,0
-1.258742550506084,0.6556480233707284,0
-0.3057027913600539,0.6558967185583242,0
-0.4633491234891243,0.6542016779823379,0
-1.022273052312462,0.6535808960149537,0
-0.96494830615581,0.6538773267631889,0
-0.6962344582986569,0.653660884525821,0
-0.6192022805267325,0.6534320566567576,0
-0.9936106792341362,0.6519541134459621,0
-0.7643073210098087,0.6515378796752257,0
-0.4705152634584349,0.6507699604423759,0
-0.47947239172034,0.650216355816367,0
-0.8090929623193341,0.6504738549962596,0
-0.5565023826933968,0.6508296891266311,0
-0.620993268819327,0.6492857991012916,0
-0.4275206104415039,0.6489753825696005,0
-0.135517354383857,0.6477438134262912,0
0.0884108521637705,0.6463055008112303,0
-0.0316159786250849,0.6463715575895699,0
-0.0513212234414895,0.6444027134853494,0
-0.1498496343224457,0.643625971772122,0
0.1260303535040017,0.6418493257083492,0
-0.1122301329822308,0.6396688059750547,0
-0.3684026891933897,0.635727235814852,0
-0.6192022805267325,0.6352906783181683,0
-0.6389075253431372,0.6349208248342597,0
-0.0083265704245748,0.6347735812698132,0
-0.2000082405097872,0.6331587885409327,0
-0.3791508057478892,0.630425322782136,0
-0.300329826482238,0.629978737395411,0
-0.739229111315588,0.6294099663622666,0
-0.7804305892410244,0.627613850091182,0
-0.8073019740267398,0.6263671298475862,0
-0.52604902132246,0.625555315675141,0
-0.6819021783600683,0.6227780793131513,0
-0.5511294178155809,0.6214944768460383,0
-0.7661004961013034,0.6204677724086922,0
-0.8413394987817494,0.6202564962975692,0
-0.655030793574353,0.6201924052648468,0
-0.7607253444246035,0.6191545093175833,0
-0.5153009047679604,0.6191910607526783,0
-0.4024402139483993,0.6185943197893374,0
-0.1480586460298512,0.6185892675145882,0
-0.0996888413362366,0.6175834833294435,0
-0.3254080361764586,0.61761875158106,0
-0.7159397031150779,0.6156245217877508,0
-0.5708346626319856,0.6145952888838515,0
-0.5618775343700805,0.6142009264935868,0
-0.2143405204483922,0.6146962311067875,0
-0.2107585438631869,0.6145260182906088,0
-0.285997546543633,0.6132204273781625,0
-0.649657828696537,0.6118972402780047,0
-0.4669311000743458,0.6110978385550379,0
-0.4078153656250992,0.6109651483592757,0
-0.2824155699584277,0.6094349264875505,0
0.0095876860992353,0.6083547060771601,0
0.4341546909939804,0.6066874975452007,0
0.5326831018749365,0.6057221637304787,0
0.4610260757796957,0.6037444722518206,0
0.1493197617045118,0.6027353594524019,0
0.1152822369494858,0.6011334797493415,0
0.5004387522114053,0.6012782476618972,0
0.0113786743918461,0.6003796155495789,0
-0.0190746869790906,0.5996695867376048,0
0.1726069831061379,0.5979754389468671,0
0.0955769921330812,0.5972535312894887,0
0.1242393652113909,0.5975198091910202,0
0.1511107499971062,0.5975180972157613,0
0.2012693561844477,0.5977651449395035,0
0.1564837148749222,0.5981419293213017,0
-0.1928442873393767,0.5976408735242821,0
-0.225088637002908,0.5979280097592514,0
-0.2483780452034018,0.5976143992731116,0
-0.6460736653124478,0.5977891602292251,0
-0.7428110879007932,0.5978911253918462,0
-0.8037199974415182,0.5984622957355523,0
-0.9165785014621954,0.5990935260677204,0
-0.8986642449383851,0.5995975424440589,0
-0.9506160262172212,0.6002828756468624,0
-0.9882355275574364,0.6005005596523387,0
-0.4454348669653141,0.6003299016114528,0
-0.3648207126081682,0.6003391378899819,0
-0.3684026891933897,0.6000292690161975,0
-0.0925227013669259,0.5998247351036147,0
0.0937838170415865,0.5990038197990175,0
0.1511107499971062,0.5992179569532267,0
0.3481675717590185,0.5981665516753704,0
0.3696638048680502,0.5986189753576148,0
0.3732479682521394,0.5981600055385801,0
0.5577634983680574,0.597726201935223,0
0.4932726122421109,0.5973659542190031,0
0.4484869709325854,0.5977307036391791,0
0.0991589687182864,0.5980726828943883,0
0.0543733274087609,0.5979774804501876,0
-0.0674444916727053,0.5969813230148378,0
0.9859146666468916,0.5964493198311793,0
1.030700307956417,0.5969451494524473,0
0.9017185357045404,0.5981042990285805,0
1.0557807044495215,0.5984026046830927,0
0.9572522935685656,0.5983923367675071,0
1.2850818758749651,0.5983917111386584,0
1.6379940414733534,0.5981113030077577,0
1.79026522192574,0.5982691531036518,0
1.7042759158919103,0.5997402904220926,0
1.6415760180585748,0.6001006813248607,0
1.6129136449802488,0.600226171019579,0
1.2385052462728452,0.600566428196496,0
1.3871944501400104,0.6004267088381101,0
1.1883466400855036,0.6011634851342559,0
1.102357334051658,0.6014424489008205,0
1.1363948588066677,0.601785353064485,0
1.191928616670709,0.6020826052400662,0
0.9644184335378762,0.6018295954300811,0
1.1740143601468986,0.6016873734077423,0
1.041448424510933,0.6015383394239291,0
0.9733755617997812,0.6005683257506964,0
0.998453771494002,0.5996153176748947,0
1.1041483223442687,0.5974620277073235,0
1.206260896609314,0.596339538400209,0
1.5054281058373875,0.5950036117966573,0
1.5484227588543025,0.5948264415913452,0
1.781308093663835,0.594445728634785,0
1.6326188897966698,0.59432701546392,0
1.6809886944902843,0.5946191909231314,0
1.2797089109971491,0.5937817623006835,0
1.2259661414257186,0.5929820961599848,0
1.3262855405992855,0.5917978460391099,0
1.4212319748950364,0.5905507148386828,0
1.3889854384326212,0.5905664749457197,0
1.2689607944426495,0.5898877677424834,0
1.3495749487997957,0.5886943321341238,0
1.5322994906231029,0.5887496275896128,0
1.3925674150178264,0.5881450603064772,0
1.544838595470213,0.5885954219829769,0
1.35136593709239,0.5893044502105459,0
1.302996132398775,0.5897621318976856,0
1.3549479136776117,0.5909923945502186,0
1.0647378327114267,0.5902592062308896,0
0.9877056549395024,0.589640382438153,0
1.0127860514326068,0.5896074147696836,0
1.0378664479257114,0.5888409642594178,0
0.83722546277971,0.5881162900545202,0
0.7512383435447482,0.5861975372523442,0
0.8461825910416152,0.5849018439995215,0
1.0235341679871228,0.5833132865491732,0
1.512594245806682,0.5824110613001843,0
1.4212319748950364,0.5823796413330621,0
1.28687505096646,0.5820538672213951,0
1.1668482201776045,0.58188783340787,0
1.0038289231707018,0.5826498738226925,0
0.9680004101230814,0.5829267653521134,0
1.0127860514326068,0.5839065515394246,0
0.8694719992421253,0.584554839075901,0
0.7315330987283435,0.5846358835996895,0
0.8694719992421253,0.584796080380787,0
0.8730539758273305,0.5847684186570518,0
1.1095234740209523,0.5845514048690936,0
1.35136593709239,0.5847639618796533,0
1.2940390041368703,0.5855535728228487,0
1.3388246454463957,0.5855484069462907,0
1.091609217497142,0.586039462218421,0
0.9751665500923756,0.5865275357168479,0
1.016368028017812,0.5869725691970625,0
0.86589002265692,0.5870971333953477,0
0.7888578448849793,0.5871063026932303,0
0.0239199660378403,0.5874368311452325,0
0.0042125344225354,0.587180918743596,0
-0.271665266605028,0.5855606895465107,0
-0.2877885348362437,0.5850282785601323,0
-0.2143405204483922,0.5840766968984882,0
-0.2483780452034018,0.5830354749933324,0
-0.1785120074007717,0.581354547155796,0
-0.2125495321557814,0.5809923305155876,0
-0.1892601239552876,0.5797779098013252,0
-0.0746084448431157,0.577991127827356,0
0.0525823391161501,0.5770129384850856,0
0.0113786743918461,0.577494418014957,0
0.0167538260685297,0.5765308515813001,0
-0.0531122117341003,0.5759362993749398,0
0.1242393652113909,0.5760023860003552,0
-0.0029514187478749,0.5763860177910742,0
0.0525823391161501,0.5754892698698258,0
0.1887302513373374,0.574269713885166,0
0.1170732252420966,0.574116134563849,0
0.3839960848066389,0.5743141945481868,0
0.7494473552521537,0.5741249791071315,0
0.6652490375109187,0.5729344455723149,0
0.6867474574188179,0.5728452410806069,0
0.2388910443235628,0.5720189440449056,0
0.1511107499971062,0.5717772941308925,0
0.1367784700585175,0.5715984639142585,0
0.0095876860992353,0.5717360429517112,0
-0.7840147526251136,0.5674769313124637,0
-0.7338539596388881,0.5683183478178576,0
-0.744602076193404,0.5702837501921829,0
-0.8682108835674647,0.5709905373453379,0
-1.0115249357579463,0.5713031414308947,0
-0.9918196909415252,0.5718542309327108,0
-0.9667392944484208,0.5725998835538139,0
-1.3590619496796346,0.5730736311883655,0
-1.5543277831489524,0.5741718496513207,0
-1.3321905648939192,0.5754996558484681,0
-1.3805581827886664,0.5766380289630811,0
-1.6868915319860345,0.5796106211977365,0
-1.7567575697886806,0.5813488904985926,0
-1.6098615410129775,0.5832270936190418,0
-1.6295667858293983,0.5859423428319728,0
-1.744218464941554,0.5873493286149544,0
-1.611652529305588,0.5885573524867159,0
-1.7048057885098444,0.5903445902035233,0
-1.891114493717257,0.5914236705495522,0
-1.8176664793294053,0.5937349049673717,0
-1.939484298410872,0.5951527766772486,0
-1.857076968962231,0.5967135401138652,0
-2.457204562509873,0.5989253652219989,0
-2.3228476385812966,0.601727442447691,0
-2.2296943793770403,0.6049026793445904,0
-2.390922688091332,0.6075679780803563,0
-2.3980888280606263,0.6103326738526376,0
-2.439290305986063,0.6131452351099501,0
-2.383756548122038,0.6168783260012463,0
-2.2870191255336763,0.6200752274285487,0
-2.2493996241934613,0.6226368178239492,0
-1.944857263288688,0.6246988975667178,0
-2.0595089424008437,0.626468706776775,0
-1.8732002371934469,0.6287204767838165,0
-1.8122913276527055,0.6303542256388699,0
-1.527456398363237,0.6323591241302774,0
-1.6671862871696297,0.6338493986465784,0
-1.4593813488532017,0.6358418696298928,0
-1.446842244006091,0.6371532406265502,0
-1.2426192822748685,0.6391099927775048,0
-1.183501361026754,0.6406302415586873,0
-1.247992247152684,0.6419989827997289,0
-0.9488250379246106,0.6431886420225206,0
-0.9613641427717208,0.643929775887738,0
-1.1476728479791336,0.6447351667054065,0
-1.0867639384383925,0.6459883655296631,0
-0.8950822683531799,0.6469207615291431,0
-0.9792783992955312,0.6475420983670317,0
-1.2121637341050635,0.6480463357811187,0
-1.3518958097103402,0.649272272426247,0
-1.3769762062034447,0.651292870526098,0
-1.2856139352917992,0.6527002862520014,0
-1.0097339474653355,0.6540188547889777,0
-1.0634767170367665,0.6552437246416841,0
-0.8646289069822595,0.6574758912134129,0
-0.8323823705198442,0.6582851157489641,0
-0.6263684204960269,0.6593154165420326,0
-0.5511294178155809,0.6599189732801802,0
-0.4902205082748396,0.6604069556923754,0
-0.5350061495843651,0.6604524108261866,0
-0.5475452544314917,0.6603160296201908,0
-0.7266878196695937,0.6605707089079339,0
-0.7356449479314989,0.6602339492562895,0
-0.5959150591251063,0.6598862713874797,0
-0.4472258552579248,0.6601685089679661,0
-0.4902205082748396,0.6603819732488485,0
-0.4920114965674503,0.6603427101019477,0
-0.5905399074484065,0.660108617930843,0
-0.2645013134346176,0.6603724823585143,0
-0.1444744826457621,0.6605510213551339,0
-0.135517354383857,0.6608208190330715,0
-0.2215066604176865,0.6606800890212375,0
-0.2877885348362437,0.6608247327892103,0
-0.5923308957410173,0.6610562807244225,0
-0.7069825748531728,0.6611138807280499,0
-0.724896831376983,0.6621019015224696,0
-0.8932912800605692,0.6627271850369842,0
-1.0115249357579463,0.663781194885866,0
-1.1208014631934182,0.6648013161876299,0
-1.1512570113632228,0.6653798424466723,0
-1.1208014631934182,0.6673873294760536,0
-1.1297585914553234,0.6683015574497998,0
-1.1620051279177224,0.6693527903117027,0
-0.6890683183293627,0.670258235177475,0
-0.6299503970812321,0.6713469260700323,0
-0.5618775343700805,0.6714721417402766,0
-0.3379493278224528,0.6714961439478974,0
-0.2806223948669331,0.6709755885312573,0
-0.3236170478838641,0.670656203394103,0
-0.300329826482238,0.6707631354283159,0
-0.1713458674314774,0.6709820567140545,0
-0.1731368557240719,0.6698969793721867,0
-0.2071743804790978,0.6702090619263168,0
-0.3576545726388738,0.6700075067643865,0
-0.3164509079145535,0.670311124642801,0
-0.2537510100812178,0.6708774112396199,0
-0.1785120074007717,0.6707133461446683,0
-0.3504884326695794,0.6711719366524308,0
-0.2627081383431229,0.6714279705517315,0
-0.1910511122478821,0.6710344999586165,0
-0.2483780452034018,0.6713121348011698,0
0.1116980735653967,0.6711916600599941,0
0.1851482747521322,0.6701401398341023,0
0.3750389565447338,0.6692091002666726,0
0.4377388543780696,0.6685784667666207,0
0.4789403323035059,0.6671574179372399,0
0.2944248021875879,0.6653472859950874,0
0.303381930449493,0.6643482704281782,0
0.4019103413304492,0.6638069543295692,0
0.1941054030140373,0.6627813366955193,0
0.0113786743918461,0.660901752656116,0
-0.0513212234414895,0.6604685592957068,0
-0.0226588503631798,0.6594929060157199,0
0.0203358026537512,0.6586376562183711,0
-0.2089653687716922,0.6581410130894259,0
-0.176721019108161,0.6571448823818139,0
-0.3325741761457693,0.6561072381894608,0
-0.6890683183293627,0.6548314486536652,0
-0.7195216797002831,0.6550805912601558,0
-0.710564551438378,0.6563532930688459,0
-0.9076213732002903,0.6575367081959091,0
-0.8538786036288597,0.6581947655467242,0
-0.7571433678393982,0.657899657073254,0
-0.6944434700060625,0.6588181209717463,0
-0.6514488169891315,0.6600205990411955,0
-0.5367971378769759,0.6602219691288592,0
-0.1337263660912462,0.6611173213166811,0
-0.2376299286489022,0.6613159364462464,0
-0.219715672125092,0.6610023387726031,0
-0.0764016199346104,0.660364068371556,0
-0.1820939839859769,0.6595711736656857,0
-0.225088637002908,0.6591759394813138,0
-0.1641797274621667,0.6583989426823229,0
0.0472071874394665,0.6580950820337954,0
-0.0513212234414895,0.6577998082114296,0
0.1260303535040017,0.6572616668361153,0
0.0364590708849506,0.6567318907128163,0
0.2120196595378475,0.6561519840380666,0
0.256805300847373,0.6566248166327107,0
0.5273101369971206,0.6566799667448632,0
0.4502779592251961,0.6570072710642209,0
0.2030625312759424,0.656898152136681,0
0.063330455670666,0.6567650426310259,0
0.0203358026537512,0.656260746795193,0
0.0149628377759352,0.6561098294374723,0
0.1403626334426067,0.6555378520339197,0
-0.2286728003869971,0.6555933237119503,0
-0.1964262639245819,0.6554496089125683,0
-0.3719868525774788,0.6553585430969366,0
-0.4293115987341146,0.6558029121188375,0
-0.3863169457171999,0.656015457233212,0
-0.3110779430367376,0.6566149459004991,0
-0.1570157742917563,0.6566914136679234,0
-0.3343651644383637,0.6567587152459029,0
-0.3325741761457693,0.6569167250154653,0
-0.3039118030674432,0.6570615662813472,0
-0.3719868525774788,0.6562262012990125,0
-0.4346867504108145,0.6562898805340441,0
-0.8431304870743601,0.6555322110419955,0
-0.7983448457648346,0.6555332678200566,0
-0.7661004961013034,0.6556873505125559,0
-1.0097339474653355,0.6553317275194988,0
-0.947034049632,0.6552645700106349,0
-0.9201626648462844,0.6550729486294617,0
-0.8395485104891386,0.6554336999868272,0
-0.8717928601526699,0.6556782049809468,0
-0.6872773300367518,0.6557031486735427,0
-0.5762076275098015,0.65568122575294,0
-0.4275206104415039,0.6557988410049619,0
-0.4257296221489094,0.6554351719745327,0
-0.361236549224079,0.6560673514490859,0
-0.1910511122478821,0.6561899651317616,0
-0.1982172522171927,0.6555197902837168,0
-0.2376299286489022,0.6549034065705945,0
-0.285997546543633,0.6547585246435245,0
-0.0961068647510151,0.6546581541877197,0
0.0615394673780552,0.6543156960331725,0
0.0292929309156563,0.6548367959762033,0
0.1367784700585175,0.6552883866793482,0
0.1224483769187965,0.6552706536633431,0
0.0507913508235556,0.6557899570639234,0
-0.1193940861526412,0.6552374478268955,0
-0.1211872612441359,0.6551020157630512,0
-0.1534316109076672,0.6542750166863495,0
0.1439446100278119,0.6533932232698371,0
0.3356262801130243,0.6530144249708131,0
0.4072833062082651,0.6528767303845803,0
0.3445834083749294,0.6529709322636882,0
0.1564837148749222,0.6527967673522559,0
0.2138106478304419,0.6524389008213065,0
0.3839960848066389,0.6519754858182206,0
0.3714547931606447,0.6519284526297555,0
0.4628192508711904,0.6518497167882868,0
0.3607066766061451,0.6512874151911097,0
0.4287817261161644,0.6503912097204397,0
0.3857870730992497,0.6501702465964767,0
0.4932726122421109,0.6491721941551127,0
0.8013969497320896,0.6489661858994757,0
0.8623058592728309,0.6482103059695985,0
0.7727345766537799,0.6480456290274389,0
0.917839617136856,0.648114607085265,0
1.0665288210040376,0.6474733972167186,0
1.3298675171844907,0.6473300246656694,0
1.2349232696876238,0.6473848303649634,0
1.4355620680347574,0.6471041808691415,0
1.451685336265957,0.6474870781823128,0
1.1829714884088038,0.6475240504174717,0
1.1292287188373733,0.6468786169608765,0
1.0468235761876166,0.6467610026844997,0
1.0701107975892428,0.6466129359665784,0
0.993080806616186,0.6461108797787284,0
0.7404902269902486,0.6462234588369613,0
0.7386970518987539,0.6459387561025332,0
0.8426006144564099,0.6455099202144924,0
0.4592350874871013,0.6447508974301615,0
0.5076048921807159,0.6430975545705137,0
0.7494473552521537,0.6414611842476148,0
0.5738867665992569,0.6404323411818206,0
0.3302533152352083,0.639245123140229,0
0.3678728165754394,0.6385221747214674,0
0.2962157904801987,0.6372815997030259,0
0.138569458351112,0.636419119910071,0
0.1170732252420966,0.6356978489537639,0
0.1564837148749222,0.6344331518591567,0
0.0884108521637705,0.6333541906983274,0
0.1188642135347073,0.6319268454109478,0
0.3015909421568986,0.6316223754436024,0
0.4592350874871013,0.6305554492834509,0
0.3732479682521394,0.6295284069966445,0
0.5076048921807159,0.628993727435389,0
0.6545009209564028,0.6283047338603833,0
0.6258385478780767,0.6276102826719567,0
0.3230871752659139,0.6270248069994837,0
0.2675534174018726,0.626307727631521,0
0.392953213068544,0.6255286947871781,0
0.2227677760923471,0.624750642383221,0
0.228140740970163,0.6235740431857321,0
0.1797731230754323,0.6226052472067616,0
0.1869392630447267,0.6221097998327635,0
0.0239199660378403,0.6207048344715906,0
0.063330455670666,0.6193157601523241,0
0.1636498548442329,0.6180036171119582,0
0.0364590708849506,0.6171239835707932,0
0.1636498548442329,0.6157476998829751,0
0.1779821347828215,0.6147956818427344,0
0.0275019426230455,0.6131358216099972,0
0.2585962891399675,0.6106339339490962,0
0.1564837148749222,0.6100614482590271,0
0.2980067787728094,0.6085111011294948,0
0.3696638048680502,0.6073491381428325,0
0.133196493473296,0.6057381477537556,0
0.2209767877997526,0.6049135831871982,0
0.2962157904801987,0.603476308985283,0
0.2066445078611476,0.6030249384012148,0
0.2227677760923471,0.6009489839592422,0
0.5523905334902415,0.5996333664287713,0
0.1726069831061379,0.5978811149798223,0
0.2890496505109043,0.5969465572916998,0
0.4771493440109114,0.5961087551965228,0
0.3893690496844549,0.5950800533101629,0
0.516562020442621,0.5941873816195773,0
0.5326831018749365,0.5934177721836912,0
0.3069639070347145,0.5927066118393944,0
0.1475265866130171,0.591846353338275,0
0.2478481725854679,0.591231447086584,0
0.167234018228322,0.5902711499137101,0
-0.0602783517033946,0.589625798956063,0
-0.0387799317954953,0.5889937380810388,0
-0.271665266605028,0.5886503662859515,0
-0.3540725960536686,0.5878153397488545,0
-0.3809439808393839,0.5872698316267404,0
-0.4740972400436402,0.5865421329891041,0
-0.3504884326695794,0.5861161649031761,0
-0.2000082405097872,0.5856646277202762,0
-0.1910511122478821,0.5850511649833112,0
-0.0495302351488951,0.5842481534669479,0
-0.0764016199346104,0.5835279197319401,0
0.0203358026537512,0.5832622135882553,0
0.0418342225616505,0.5830284448689301,0
0.1869392630447267,0.5815541188279003,0
0.3427924200823349,0.5818934939209468,0
0.3947442013611548,0.5814974520963109,0
0.521934985320437,0.5810586357920208,0
0.7404902269902486,0.5809298186362597,0
0.8730539758273305,0.5807952997827696,0
0.917839617136856,0.5812217271998654,0
0.9751665500923756,0.5819325916038918,0
0.9912898183235914,0.5827786537144038,0
0.960834270153787,0.5830203174518235,0
0.83722546277971,0.5831609845119323,0
0.9393380370447552,0.5834950520128152,0
0.9966627832014074,0.5843197646455539,0
1.2259661414257186,0.5850264284007871,0
1.261794654473339,0.5858343234702117,0
1.308371284075475,0.5862808194180591,0
1.0934002057897527,0.5867401408783953,0
1.1990947566400032,0.5869426925821974,0
1.181180500116193,0.5873814769864935,0
1.267167619351155,0.5885260959253611,0
1.6290369132114482,0.5895234374571102,0
1.7454795806162144,0.5908467874255587,0
1.552004735439524,0.5923099000054483,0
1.261794654473339,0.5947105061715512,0
1.3262855405992855,0.5956408202545602,0
1.4212319748950364,0.5974190776292899,0
1.2313391063035346,0.5988237045116483,0
1.2188000014564242,0.5998404104036806,0
1.0951911940823635,0.6007082443350373,0
0.8354344744871156,0.6018004502134439,0
0.9303809087828502,0.60200112751097,0
0.8623058592728309,0.6021899132102204,0
1.0611536693273376,0.602921082015198,0
1.131019707129984,0.6033260068980785,0
1.6218707732421538,0.6039654181440395,0
1.5609618637014289,0.6060327233733515,0
1.5806671085178337,0.6068339444629433,0
1.1435609987759785,0.6077141071501587,0
1.1650572318849937,0.6089870617141409,0
1.1758053484395097,0.6101298983728715,0
1.1328106954225785,0.6113080885974468,0
1.1775963367321038,0.6113837689971187,0
0.9053005122897456,0.6124314353080728,0
0.9053005122897456,0.6123388011599871,0
0.6795813174495073,0.6126605873604032,0
1.0056199114633124,0.6124743251670706,0
0.951877141891882,0.6128339956648862,0
1.22954811801094,0.6136356806380259,0
1.0934002057897527,0.6136244449694344,0
0.9841236783542808,0.6143365103858731,0
1.0289093196638064,0.6149370804799604,0
0.9751665500923756,0.6157639296401873,0
1.091609217497142,0.6158468984926785,0
1.0647378327114267,0.6166552109932734,0
0.9285899204902558,0.6161545370890734,0
0.8300615096092996,0.6166046736155784,0
0.9285899204902558,0.616696102049471,0
0.8264773462252105,0.6171967992482392,0
0.998453771494002,0.6169632359904323,0
1.1041483223442687,0.6168867632815006,0
1.5108032575140875,0.6171549020454316,0
1.602165528425733,0.6180103710826097,0
1.3674892053236058,0.6193519828939659,0
1.0611536693273376,0.6188469669827806,0
1.036075459633117,0.6190947807122975,0
1.3818192984633269,0.6193154700300882,0
1.215218024871219,0.6201951814698963,0
1.2689607944426495,0.621050092346235,0
1.0629468444188324,0.6215789593996047,0
1.1990947566400032,0.6226306126569005,0
1.2779179227045547,0.6225910931832135,0
1.380028310170716,0.6230629137166289,0
1.639785029765964,0.6232188198993209,0
1.3155374240447697,0.6232718302298353,0
1.4301891031569416,0.6231881507712761,0
1.478556721051672,0.6231447329800199,0
1.4731815693749724,0.6227911763063148,0
1.544838595470213,0.6233984150667511,0
1.466017616204562,0.6232845789721438,0
1.2850818758749651,0.6238345628738838,0
1.030700307956417,0.6231391781813229,0
1.1901376283780982,0.6237013918585743,0
1.007410899755907,0.6228817684026657,0
0.9196327922283506,0.622446692712362,0
0.9912898183235914,0.6221211323655642,0
0.917839617136856,0.6215527632024592,0
0.695704585680723,0.6207068483322677,0
0.6742061657728238,0.6202665969324279,0
0.8193112062558998,0.6192647192313179,0
0.8551397193035203,0.6183722072305153,0
0.8461825910416152,0.6183862478673956,0
0.8426006144564099,0.6170683922264899,0
0.8300615096092996,0.616533693358637,0
1.0002469465854966,0.6155335604288446,0
0.9680004101230814,0.6145829456050937,0
0.923214768813556,0.6142449911492306,0
0.4287817261161644,0.6134927707002384,0
0.4520689475177906,0.6121736755785327,0
0.4162404344701702,0.6112064060914635,0
0.4520689475177906,0.6094383751483705,0
0.4520689475177906,0.6088732542413011,0
0.4789403323035059,0.6078483403454147,0
0.4359478660854751,0.6073864456441962,0
0.6939114105892285,0.6067765271584022,0
0.6867474574188179,0.6062470657152307,0
0.6043401279701773,0.6063047554506404,0
0.6545009209564028,0.605545973655839,0
0.6294205244632982,0.6055441162313997,0
0.5344762769664312,0.6051947207389532,0
0.5040207287966267,0.6053527579378865,0
0.582843894861162,0.6051502763065061,0
0.5756777548918676,0.6045488850947713,0
0.6043401279701773,0.6049677487304645,0
0.5935920114156779,0.6044039498110858,0
0.6079242913542665,0.6034721408819763,0
0.5398492418442472,0.6024688138176698,0
0.5720957783066462,0.6019742109244547,0
0.6992865622659283,0.6012401482641658,0
0.1726069831061379,0.6005580580979547,0
0.2012693561844477,0.6002885327692055,0
0.1905212396299481,0.5997527193629955,0
0.1116980735653967,0.5991359530469804,0
0.0400410474701559,0.5977095064828365,0
0.043625210854245,0.5970808622609581,0
0.0113786743918461,0.5959640512764168,0
-0.1498496343224457,0.5903936911228579,0
-0.2179224970335974,0.5898288442024376,0
-0.3074937796526484,0.5889227622113877,0
-0.2447938818193127,0.5884784679673541,0
-0.45080783184313,0.5874898333903587,0
-0.2394209169414967,0.5874782748946139,0
-0.1373083426764514,0.5874020947001207,0
-0.1910511122478821,0.5869007722295505,0
-0.1229782495367304,0.5862330820119623,0
-0.2000082405097872,0.5853984105802906,0
-0.3970650622716994,0.5852398163601367,0
-0.3576545726388738,0.584886089053705,0
-0.4543919952272192,0.5845008762968614,0
-0.4812633800129345,0.5851105330028266,0
-0.7034005982679676,0.5851817879728431,0
-0.6926502949145679,0.585570956968601,0
-0.7625163327172142,0.5862826672497399,0
-0.635325548757932,0.5863339296101123,0
-0.7338539596388881,0.5867359461259242,0
-0.7356449479314989,0.58680316066451,0
-0.6012880240029224,0.5872223538023403,0
-0.710564551438378,0.5875819319345694,0
-0.7589343561319927,0.587367435088423,0
-0.7822215775336189,0.58740581131827,0
-0.739229111315588,0.5902838830934896,0
-0.8431304870743601,0.5908909908425217,0
-0.9739054344177152,0.592305705438017,0
-0.9094145482917848,0.5929369982483762,0
-1.0097339474653355,0.593386338751413,0
-0.9918196909415252,0.5940733294945693,0
-0.9380769213700948,0.5945483093061057,0
-0.9506160262172212,0.5948974193253483,0
-0.96494830615581,0.5958506214150047,0
-1.319649273247925,0.5968119885037092,0
-1.2891959118770044,0.5976120095399712,0
-1.5668668879960628,0.5985411916514486,0
-1.5901562961965727,0.5995519162886115,0
-1.584781144519873,0.6012486388927902,0
-1.400263427605071,0.6027084820821073,0
-1.2963620518462988,0.6038859583736502,0
-1.230077990628874,0.6051750974066298,0
-1.3966814510198655,0.6060917755586275,0
-1.050935425390772,0.6074431864697621,0
-1.0025678074960411,0.6086232119864696,0
-1.031230180574367,0.609417878835396,0
-1.083181961853187,0.6104306717444168,0
-1.204999780934653,0.6116416810542844,0
-1.1584209645336332,0.6127642494814534,0
-1.2945710635537044,0.613934366264312,0
-1.255158387121995,0.6151714836623753,0
-1.201415617550564,0.6162395721856759,0
-1.2784477953224886,0.616898701006588,0
-1.2891959118770044,0.6174993021073442,0
-1.2462012588600897,0.6186430652196739,0
-1.0795999852679818,0.6192973524098156,0
-1.1279676031627126,0.6202467235353019,0
-1.253367398829384,0.6207910636427758,0
-1.169171267887033,0.6224896292416962,0
-1.221120862366969,0.6230445241382477,0
-1.1243856265775074,0.6242564059427052,0
-1.052728600482267,0.6244618915268634,0
-1.2318711657203687,0.6249666470635016,0
-1.1763352210574434,0.6261308331595488,0
-1.163796116210333,0.6260283458119716,0
-1.2712816553531945,0.6274486421003106,0
-1.4808775819622169,0.6278460141073562,0
-1.3160672966627198,0.629197389726648,0
-1.394890462727255,0.6297560048188509,0
-1.1208014631934182,0.630721306673071,0
-1.1942494775812535,0.6320266247491227,0
-1.2139569091965583,0.6322474919212079,0
-1.1422998831013176,0.633205944436883,0
-1.443258080622002,0.6337494729246558,0
-1.3930994744346603,0.6358103501675567,0
-1.3554777862955454,0.6368092868287002,0
-0.7428110879007932,0.6381709194611347,0
-0.8395485104891386,0.6383903579640411,0
-0.6908593066219734,0.6390369054251182,0
-0.6747360383907576,0.639486944853615,0
-0.739229111315588,0.639249704971828,0
-0.6890683183293627,0.6390932034567585,0
-0.710564551438378,0.6389887287449768,0
-0.7840147526251136,0.6385107387124701,0
-0.5654595109553019,0.6387900043350117,0
-0.6657789101288525,0.6387783400899291,0
-0.6424916887272264,0.6389376334122475,0
-0.5815827791865014,0.6386775750441069,0
-0.724896831376983,0.6372805358443917,0
-0.7589343561319927,0.637841181777197,0
-0.9434498862479108,0.6371498696880867,0
-0.5188828813531656,0.6377082415485756,0
-0.6102451522648275,0.6366286990511032,0
-0.6299503970812321,0.6369464846429627,0
-0.7374359362240933,0.636636683148785,0
-0.6944434700060625,0.6369661035008432,0
-0.7535592044553091,0.6372908528629562,0
-1.0491444370981775,0.6375497560921521,0
-1.140506708009823,0.638272760560876,0
-1.178128396148938,0.6385662959671952,0
-1.022273052312462,0.6391508257357833,0
-0.9344927579860056,0.6397567595947398,0
-0.791178705795524,0.6400154255834738,0
-0.7499772278700876,0.6397315246225304,0
-0.8234252422579391,0.6399441630764561,0
-0.701607423176473,0.640763932608086,0
-0.7875967292103188,0.6409212298538906,0
-0.8019290091489237,0.6415383810772706,0
-0.9631573178632156,0.6426742592193266,0
-0.7804305892410244,0.6428482122419454,0
-0.7320629713462774,0.6429675779082197,0
-0.8019290091489237,0.6428317727846713,0
-0.5565023826933968,0.6432438754932356,0
-0.4275206104415039,0.6428270522206776,0
-0.4812633800129345,0.6430056745113731,0
-0.3254080361764586,0.6432816846084156,0
-0.3809439808393839,0.6432269773504666,0
-0.4131883305029152,0.6430563306225712,0
-0.3684026891933897,0.6429330698599665,0
-0.3988582373631941,0.6422228430546523,0
-0.5009686248293554,0.6416921426645706,0
-0.314659919621959,0.6416658632743824,0
-0.2824155699584277,0.6407280318866849,0
-0.2304637886795916,0.6407857259113245,0
-0.0244498386557742,0.6403384766093063,0
-0.2000082405097872,0.6400366736358198,0
0.0454161991468557,0.6397270528809051,0
0.0758695605177763,0.6391688023130551,0
0.2209767877997526,0.638466771424438,0
0.2675534174018726,0.6390941687199866,0
0.2388910443235628,0.6384554227018563,0
0.2872586622182935,0.6387589406288041,0
0.4807335073950006,0.638382014869776,0
0.3177120235892141,0.6384762947869387,0
0.3911622247759496,0.638744845661101,0
0.3266691518511191,0.638610705986775,0
0.4359478660854751,0.6383124501663334,0
0.3535405366368345,0.637828432408051,0
0.3965351896537655,0.6373211719195268,0
0.4323637027013859,0.6366700107276888,0
0.3804119214225498,0.636120975737859,0
0.4771493440109114,0.6355597118009685,0
0.4664012274563956,0.6348609590887407,0
0.2926338138949934,0.6343252182371616,0
0.3141300470040088,0.6338009888331798,0
0.3248781635585247,0.6329165331599749,0
0.2532211374632839,0.6323025166335928,0
0.5810529065685512,0.6312996504407133,0
0.6706241891876022,0.6306297640191508,0
0.7745255649463744,0.6293063236625975,0
0.8049811131161788,0.6279870928038833,0
0.9805395149701917,0.6264718345390394,0
0.9303809087828502,0.6243939765966824,0
0.8838042791807302,0.622568658763871,0
0.8820111040892356,0.6207586470991253,0
0.7978149731468844,0.619476970136679,0
0.7960239848542736,0.6182678289662593,0
0.8730539758273305,0.6165336235332477,0
0.7530293318373589,0.6145786312494843,0
0.7924398214701845,0.6125886439164229,0
0.8211043813473945,0.6101367498150774,0
0.8031901248235843,0.6086155012361911,0
0.951877141891882,0.6063820453521022,0
1.3459907854157065,0.60474105389365,0
1.4033177183712262,0.6035087345779813,0
1.0486145644802274,0.601774014126603,0
1.150724951946389,0.5996436700803195,0
1.091609217497142,0.5979250647093579,0
1.0772769375585534,0.5954157412386004,0
0.9447110019225712,0.5923151253408762,0
0.856932894395015,0.5900468776138699,0
0.563138650044741,0.5873810455341337,0
0.3553337117283291,0.5844999647333194,0
0.3051729187421038,0.5817046479010547,0
0.3571247000209236,0.579066341440721,0
0.337419455204519,0.5766116867327038,0
0.5738867665992569,0.5740708238692086,0
0.42699073782357,0.5719163316462859,0
0.5613476617521466,0.5699097299942942,0
0.761986460099264,0.5669566730815029,0
0.5093958804733104,0.5641743036600189,0
0.6598760726331027,0.5605277661650873,0
0.6330046878473874,0.5568009611318314,0
0.7172008187897385,0.5519756265118942,0
0.6365866644325926,0.5474782266888886,0
0.7369060636061594,0.5438218602058358,0
0.8354344744871156,0.5400201704881004,0
1.0199521914019012,0.5358595769837828,0
0.8838042791807302,0.5317346326588919,0
0.8049811131161788,0.5274276640299224,0
0.4449049943473802,0.5234805840178538,0
0.502229740504016,0.5188958964326239,0
0.4198245978542593,0.5149241908145012,0
0.4484869709325854,0.5106737553197851,0
0.4466959826399747,0.5068158653207887,0
0.4305727144087752,0.5026161262564528,0
0.4556531109018797,0.49867600557081676,0
0.5756777548918676,0.494629776681947,0
0.6903294340040231,0.49036440531226294,0
0.79064883317759,0.4861714237157962,0
0.4234065744394809,0.48214832380006795,0
0.4592350874871013,0.476922309274935,0
0.3911622247759496,0.47214932031749485,0
0.1367784700585175,0.4680930968598503,0
0.1296123300892069,0.46368595630425163,0
0.1242393652113909,0.45936188029645547,0
0.152901738289717,0.4560848280774914,0
0.0776627356092709,0.453078680153676,0
0.1887302513373374,0.44957505062820735,0
0.1941054030140373,0.4461404541993925,0
0.3571247000209236,0.4424967309539871,0
0.2442640092013788,0.43868042184094935,0
0.3195051986807087,0.4350829261856439,0
0.2944248021875879,0.4313523172419806,0
0.0848266887796814,0.4274893026403946,0
0.2550121257558784,0.42289170850488655,0
0.2997977670654039,0.41884509614774923,0
0.3320443035278191,0.41523274017375356,0
0.2585962891399675,0.41138580685733517,0
0.3320443035278191,0.4075736141037149,0
0.3714547931606447,0.403934220109236,0
0.6294205244632982,0.40126898360125973,0
0.5326831018749365,0.39856327050866436,0
0.5613476617521466,0.3952979883292477,0
0.3589156883135344,0.39193949390890753,0
0.1708159948135272,0.3886786178519068,0
0.1994783678918533,0.38547114819865486,0
0.1260303535040017,0.38278757771787825,0
0.1546927265823277,0.38021129681419985,0
0.3553337117283291,0.3778597857573885,0
0.3230871752659139,0.3752042894865794,0
0.2066445078611476,0.3719777742965602,0
0.2800925222489992,0.36897140590686395,0
0.3965351896537655,0.36612200414831847,0
0.7315330987283435,0.36355977733486405,0
1.0342822845416224,0.3614517491733518,0
1.0468235761876166,0.3586785893544966,0
1.134603870514073,0.3563736057709146,0
1.301205144106181,0.3538088684174748,0
1.365696030232111,0.35173609720345,0
1.0701107975892428,0.34947301919232454,0
1.100566345759047,0.3476521601117045,0
1.1990947566400032,0.34515706922611494,0
1.3298675171844907,0.34385903235159915,0
1.3459907854157065,0.3415984153585226,0
1.3209103889225855,0.3388863887607704,0
1.4624334528204728,0.33612301187962856,0
1.4266049397728524,0.33475429660638034,0
2.2918644045924257,0.33361916814211806,0
2.350980139041672,0.3326493188230425,0
2.6752299315617507,0.3313963649890033,0
2.6859780481162505,0.32989636243424575,0
2.626860126868136,0.3288736885049769,0
2.569535380711484,0.3283195882804124,0
2.59282260211311,0.32790273496311445,0
2.16108945724907,0.32731680166775845,0
2.5014603312014647,0.32640825430935155,0
2.736136654303592,0.32523699859579847,0
2.359937267303577,0.3244237557508643,0
2.365312418980277,0.32384352444159675,0
2.374269547242182,0.323219872437989,0
2.5999887420824206,0.32265095730465343,0
2.496087366323649,0.3217842218210023,0
2.5964067654971994,0.3212036491745409,0
2.6232781502829146,0.3201400497796683,0
2.583865473851205,0.3192141034991809,0
2.800629727228422,0.3181990868272489,0
2.886616846463384,0.3175441031454796,0
2.868702589939574,0.31781908827813504,0
2.872286753323663,0.3175613288376359,0
2.779131307320523,0.31772550147382067,0
2.8275011120141373,0.31694218083684367,0
2.66806379159244,0.31657447443277564,0
2.7504689342421966,0.31608603814121805,0
2.7701741790586176,0.31620130961095105,0
2.9511077325893145,0.3153215627738288,0
2.886616846463384,0.315041057516012,0
2.793463587259112,0.31439581308123715,0
3.235944848677683,0.3135991569519977,0
3.576315722630077,0.3132354891659825,0
3.716047798235337,0.3132510628830833,0
4.3412557882761,0.31306333443516277,0
4.169277176208408,0.3131612403482064,0
4.149571931392003,0.3130037995854395,0
4.305427275228479,0.31277439512380384,0
4.249891330565554,0.31228547498746906,0
4.495317957021081,0.3121835335911901,0
4.561599831439638,0.31155117361854107,0
4.434409047480356,0.3111749452396483,0
4.217646980902023,0.31057968212701864,0
4.292885983582485,0.31045109611452126,0
4.292885983582485,0.30974730206228357,0
4.162113223037998,0.3097709738391409,0
4.68699962710631,0.30920878460976353,0
4.681626662228494,0.3085031330725473,0
4.944965358408947,0.3077527237089648,0
4.887640612252311,0.30760229311070614,0
4.685208638813699,0.3072927529531181,0
4.5526427031777335,0.3069659433902795,0
5.032745652735387,0.30673341439388907,0
5.111568818799939,0.3062951703117024,0
4.486360828759176,0.3060577314500434,0
4.321548356660795,0.30552012798603984,0
4.249891330565554,0.3046621883895697,0
4.036713427371327,0.3034298776696619,0
4.110161441759161,0.30228429141060986,0
4.187191432732218,0.30076274328040464,0
4.047461543925826,0.30040918171725034,0
4.26601459879677,0.29927877201087943,0
4.301843111844391,0.29866146044860237,0
4.344837764861305,0.2979129332633563,0
4.181818467854402,0.29697159737913387,0
4.3412557882761,0.29601088516473134,0
4.635047845827474,0.2954424153709088,0
4.785528037987266,0.2944479420545315,0
4.292885983582485,0.2939504332828021,0
4.344837764861305,0.2926391273661624,0
4.194357572701529,0.2913078341322,0
3.596020967446482,0.28934340120028573,0
3.8880242235041447,0.2873036221312109,0
4.228395097456539,0.2848923467099102,0
4.33767162489201,0.28315746328443137,0
4.321548356660795,0.2807302991567563,0
4.169277176208408,0.2787834915163653,0
4.160320047946503,0.2772612020597511,0
4.319757368368201,0.2763888955870308,0
4.117327581728472,0.27457056124400353,0
3.900563328351255,0.2728310249540932,0
4.061791637065547,0.27020859008722464,0
3.80920105743961,0.26765271630433224,0
3.995509762647006,0.26518046853486876,0
4.0725419404189465,0.26353709966941635,0
3.9990917392322114,0.261786965349179,0
3.8951903634734393,0.2606865967961648,0
3.882649071827445,0.2599373426026641,0
4.029547287402016,0.2595000746881802,0
4.190775596116308,0.2590361562191534,0
4.201523712670824,0.25881588693233964,0
4.031338275694626,0.25882557725631067,0
3.977595506123196,0.25765952524497415,0
4.088663021851263,0.2558496652983039,0
4.414703802663935,0.2542702253244191,0
4.35379489312321,0.2527757445338726,0
4.35379489312321,0.250948426846041,0
3.8665279903951295,0.24926797201078466,0
4.034920252279831,0.2472468284109699,0
3.569149582660766,0.24671550652382188,0
3.5171999881808302,0.244952527240143,0
3.4132964256231744,0.2424557283014298,0
3.352387516082449,0.23918837189739509,0
3.5243639413512406,0.23603873810156933,0
3.7052996816808377,0.23234025353140028,0
3.624685527323692,0.22950046953823075,0
3.689176413449622,0.2265683666070388,0
3.732171066466553,0.2234712747265723,0
3.732171066466553,0.2207230666748465,0
3.5494443378443616,0.21853341685488362,0
3.5494443378443616,0.21627429100035112,0
3.433001670439596,0.2145111473486926,0
3.490328603395115,0.21176956977996242,0
3.3756769242829434,0.20856981275169428,0
3.594229979153887,0.20536937926371088,0
3.5351142447046406,0.2014655590622513,0
3.819949173994109,0.1980712444542659,0
3.7447101713136632,0.19549970979978987,0
3.796661952592483,0.19328632906626583,0
3.477787311749121,0.19180870467045977,0
3.48137147513321,0.18993608268695453,0
3.5404872095824564,0.1878111772748256,0
3.6623050286639054,0.1853375706190403,0
3.613935223970292,0.18298581770435582,0
3.773372544391989,0.17997660262079804,0
3.762624427837473,0.17776263851339869,0
3.755458287868179,0.17508141141897227,0
3.719629774820559,0.17329378517113095,0
3.819949173994109,0.1708061949518118,0
3.7572492761607736,0.16792035786872303,0
3.89698135176605,0.16574265137278965,0
4.194357572701529,0.16431119191050347,0
4.377084301323721,0.16198259458408584,0
4.457698455680866,0.15923487077260418,0
4.470237560527976,0.15671153910356278,0
4.559808843147027,0.15493441673773153,0
4.649380125766078,0.15276277935758906,0
5.091861387184633,0.15037114059641454,0
5.396403748089408,0.14845186024114845,0
5.496725334061858,0.14731626801817324,0
5.238759602759204,0.14624201165989872,0
5.136647028494159,0.14521067608791255,0
5.240550591051815,0.1433220470466596,0
5.077531294044912,0.14209451926176972,0
4.970045754902052,0.14071690322581878,0
5.14381316846347,0.13907218736691487,0
5.088279410599428,0.13837265045931244,0
5.263839999252325,0.13686359677926155,0
5.220845346235395,0.1358662673392749,0
5.201140101418989,0.13383064053495589,0
5.367741375011097,0.13174900305455117,0
5.484184042415864,0.12994829306058392,0
5.586296616680909,0.12884891702533174,0
5.450146517660838,0.12748616327890072,0
5.460896821014238,0.12639233236510464,0
5.70632126067088,0.1248548377672542,0
5.695573144116365,0.12325336769065233,0
5.593460569851319,0.1216939037766233,0
5.113359807092533,0.11971303984279322,0
5.245925742728515,0.11790176474920988,0
5.376698503273003,0.11635175672645164,0
5.439398401106338,0.11483803060853456,0
5.548674928541794,0.11208118013989805,0
5.385655631534908,0.10985439297413871,0
5.4179021679973065,0.1080740718395984,0
5.555841068511104,0.10637022098998458,0
5.691988980732275,0.10473552007410465,0
6.001906493313749,0.10343628478267408,0
6.136263417242326,0.10167093350246058,0
6.2992827142492285,0.1004203312911393,0
6.8008818969159135,0.09877579354886867,0
7.298899102997378,0.09784146098855986,0
6.842085561640218,0.09676367116644903,0
6.718476754266157,0.09484041129950567,0
6.718476754266157,0.0931915787745995,0
5.358784246749193,0.09132153593981848,0
5.863967592799967,0.08946152741520469,0
6.756096255606389,0.08710052145415716,0
6.738181999082578,0.08579676900455128,0
7.191413563854517,0.08369350051611245,0
7.270236729919068,0.0821187793105626,0
7.336518604337609,0.07975909956488061,0
7.060638616511162,0.07800234933730493,0
6.743557150759262,0.07544450870388769,0
5.810224823228537,0.07264952326342745,0
4.491733793636992,0.07020791254237187,0
3.957890261306775,0.06762236726171303,0
4.656546265735373,0.06456745143873348,0
3.8038280925617936,0.0618462735006556,0
3.82711531396342,0.058510628939873986,0
3.923852736551765,0.055441265485851904,0
5.410736028028012,0.05324327909455294,0
7.080343861327567,0.051588360423942846,0
6.580537853752375,0.05041719072544512,0
6.89941030779687,0.04877032860499332,0
6.430057661592583,0.046899655570148954,0
6.396020136837573,0.04496974159739794,0
5.70453027237827,0.04330520040455391,0
5.61137482637513,0.04170708824851883,0
6.4623020112561145,0.04040405149392341,0
6.605616063446596,0.03888221968426763,0
7.381304245647135,0.037701033166578045,0
7.162751190776207,0.03604838383027846,0
7.173499307330706,0.03504255437869011,0
8.441827357137143,0.03375546838734421,0
8.595891712681023,0.03282241805746614,0
8.809069615875252,0.03171618860865182,0
8.28059904842285,0.030997969164030373,0
8.158783416140269,0.029839993897161562,0
7.599857300518062,0.028776510559371783,0
7.821994518773096,0.027574659163636366,0
7.40280047875615,0.026468962095879813,0
8.307470433208566,0.025415474216280664,0
8.389877762657207,0.02446171843920559,0
8.214317174004309,0.02361542329824828,0
8.00651223568788,0.022717553417460897,0
7.981431839194776,0.02191324714963724,0
7.854241055235494,0.02078107541430059,0
7.510286017899012,0.01984666299935913,0
7.694803734813814,0.018973607594224073,0
7.91694095306883,0.018229609128146078,0
7.872155311759305,0.017616976295473003,0
7.510286017899012,0.017195736205571945,0
8.183863812633389,0.01650395847069709,0
7.970683722640261,0.015978311011811342,0
7.709136014752419,0.015351517730929163,0
7.872155311759305,0.014732889566452034,0
8.042340748735501,0.014143637391935292,0
8.475864881892168,0.013508049302824968,0
8.749953881426006,0.01298918907062883,0
8.363006377871491,0.012370148025018318,0
8.585141409327624,0.011887888050317177,0
8.699793088439796,0.01146450553974698,0
8.160574404432879,0.01096144388686922,0
8.413164984058833,0.010477308320034103,0
7.879321451728615,0.010042198900709957,0
7.977849862609571,0.009313201307656074,0
8.031592632181003,0.00878164839225851,0
8.454368648783136,0.008277652382357895,0
8.470491917014352,0.007821846082891049,0
8.24477053537523,0.007384933549585938,0
7.753921656061943,0.00700478533309223,0
8.131912031354553,0.006695373574867681,0
7.3669719657085295,0.006302971591654481,0
7.762878784323849,0.00592740409941737,0
8.056670841875222,0.005546547683546405,0
8.031592632181003,0.00523268744895996,0
8.366588354456695,0.00486223914566215,0
8.318220736561965,0.004584057400392949,0
8.156992427847674,0.004196692155785178,0
8.323593701439782,0.0039761166991537505,0
8.316427561470471,0.0037163947023913704,0
8.237606582204819,0.0035251762082820146,0
8.615596957497429,0.003301579387230002,0
8.809069615875252,0.003245639831726383,0
9.084949603701714,0.0030578425175697547,0
8.972091099681037,0.0029652105054258724,0
8.905807038463614,0.002755967490635601,0
9.092115743671007,0.0027348286180180646,0
9.13331940839533,0.0025307875937509634,0
9.459358002409118,0.002490908131129338,0
9.10465484851812,0.002465412479762799,0
9.298129693694827,0.0024574954604075446,0
9.378743848051974,0.002392544075960882,0
9.659996800756236,0.00238501193171562,0
9.862428774194848,0.0023165551575279435,0
9.570425518137183,0.0023333610220321473,0
9.552511261613375,0.0023323359587237554,0
9.781814619837702,0.002455851204572041,0
9.774648479868407,0.0024406420592396256,0
9.788980759806996,0.0024937667296553766,0
9.56146838987528,0.002479193886683477,0
9.733447001942972,0.0025506993142604705,0
9.869594914164145,0.002500865376206592,0
10.344322712045113,0.002526593576181025,0
10.733061203892252,0.002572666582454402,0
11.180917616987507,0.002603805811101196,0
11.32781583256208,0.002719243336174163,0
11.931525402694929,0.00290966104905599,0
12.17694984235157,0.0030454137474690444,0
12.334596174480655,0.003155214049596699,0
12.13395737613354,0.0032624180334477064,0
12.501199634871648,0.0032982264166457366,0
12.558524381028285,0.0034003180904515614,0
13.189105335946849,0.0036100282352115017,0
13.724742043368558,0.0037630333751936707,0
14.090193313814057,0.004099376789526479,0
13.348542656368544,0.004345261958940995,0
13.60471739937857,0.0045330940493092334,0
11.960187775773251,0.0046652808841960575,0
12.001391440497557,0.004822552089689027,0
12.391920920637292,0.004829255445651743,0
12.039010941837788,0.004808637744471125,0
12.898895254980678,0.00480354350033569,0
13.156860986283316,0.004911417308868201,0
12.427749433684912,0.00512464958010376,0
11.981686195681151,0.005319859050624455,0
11.996016288820874,0.005581854522988857,0
11.872407481446796,0.005742858801061722,0
11.587572552157328,0.005967147732057516,0
12.105292816256329,0.006116805601238341,0
11.76313095401134,0.006235556346135235,0
12.53344398453518,0.006454271158985202,0
12.587186754106613,0.006634898454266588,0
12.59793487066111,0.006805041560222271,0
11.992434312235652,0.007075536174361118,0
11.870616493154202,0.007153230586019791,0
11.804334618735645,0.007500798773115599,0
11.967353915742548,0.00769712529684537,0
12.17694984235157,0.007867211697113253,0
12.347135279327768,0.007954977165303847,0
12.053343221776393,0.008263064221791117,0
12.327430034511362,0.008326973219015332,0
12.38475696746688,0.00859770534380332,0
12.454620818470628,0.008784028044796112,0
12.09275371140922,0.009181276006650956,0
12.309515777987553,0.009390113289180367,0
11.397679683565826,0.00970333067916982,0
11.351103053963708,0.01003148592341899,0
10.657822201211792,0.010297644930064484,0
10.808302393371584,0.010444904216049274,0
10.618409524780082,0.01076441556746254,0
10.88891654772873,0.010778058591987242,0
11.274073062990649,0.01109139725361269,0
11.152255243909185,0.011266043188417112,0
11.526663642616588,0.011671251543833064,0
11.379765427042017,0.011877288482063394,0
11.600111657004438,0.012308532769110064,0
11.395888695273232,0.012768725088344113,0
11.082389206106551,0.013340965523664712,0
11.171960488725604,0.013868343764209708,0
11.72551145267111,0.014367926775518625,0
11.77925422224254,0.014942070046751375,0
11.170169500432992,0.015471563599195125,0
11.39947285865732,0.016062139154100926,0
11.433508196613449,0.0167409821667293,0
11.390515730395416,0.01718026182955882,0
11.490835129568966,0.01785243518676674,0
11.562492155664208,0.01854556236625101,0
11.816873723582772,0.01898662901669534,0
11.395888695273232,0.01952887446397653,0
11.412011963504431,0.02013947281753291,0
11.42455106835154,0.020452928366325587,0
11.533829782585896,0.021027944543491925,0
10.94982327047057,0.021697947924225858,0
10.75993258867797,0.02217390128150267,0
10.97132169037847,0.022694503809610994,0
11.204207025188005,0.023077746433988227,0
11.528454630909197,0.023830482760424824,0
11.279446027868463,0.024692086648836053,0
12.18770014570497,0.02542107145221072,0
12.27727142832402,0.026194266191398242,0
10.537795370422936,0.026921973543825146,0
10.93549317733085,0.027229246580475982,0
10.672152294351513,0.027887692135470803,0
10.88533238434464,0.02836842619876906,0
11.120008707446768,0.029185283265989428,0
11.14867326732398,0.02992929808122405,0
11.098512474337753,0.030430299463259848,0
10.90145565257584,0.030821045381115096,0
10.679318434320823,0.031214590326786994,0
10.88533238434464,0.031421812761742135,0
10.261917569395372,0.03212848992219068,0
9.670747104109635,0.03252214594622662,0
9.686868185541952,0.03309256693110892,0
9.260510192354596,0.03320645084737514,0
9.149440489827644,0.03337841568650029,0
9.837348377701744,0.03359887995831098,0
10.045153316018157,0.033845519912900184,0
10.244003312871564,0.034067452358235835,0
10.227880044640347,0.03447448966429583,0
10.691859725966818,0.03486554626453193,0
10.85308803468111,0.03544691144178389,0
10.204590636439852,0.035851843877454846,0
10.186676379916042,0.03636479345468604,0
10.297746082442991,0.03650239070303313,0
10.098896085589589,0.036887233494858035,0
10.52167428899062,0.03704747422374973,0
10.589747151701772,0.03728579343038911,0
11.146880092232482,0.03723452593395834,0
11.120008707446768,0.03762630751988846,0
11.003566040042,0.03800791514239756,0
10.77784684520178,0.038664891067517713,0
10.922951885684856,0.038820300675672034,0
11.016107331687996,0.03889165395643414,0
10.967737526994382,0.03889019935682645,0
11.012523168303906,0.038367229249465756,0
11.214955141742518,0.03854840519197505,0
11.25257464308275,0.03874133339117807,0
12.17694984235157,0.0390251058514048,0
12.320263894542052,0.03949282037920095,0
11.49979225783087,0.03952069005054833,0
11.596529680419232,0.039484678734236583,0
10.195633508177949,0.03951167442432954,0
10.473304484297008,0.039378358131177196,0
10.353279840307016,0.0391009488461645,0
10.544961510392246,0.03876260871551687,0
10.485845775943,0.03845504349650048,0
10.109646388942986,0.03837184415752424,0
10.292370930766293,0.038105946424912295,0
10.765307740354652,0.03789361549108024,0
10.754559623800152,0.038013048216334784,0
10.58258101173246,0.03792603845628452,0
10.56825091859274,0.03807857726327491,0
10.49300972911341,0.0378306258919528,0
10.389108353354638,0.03784839978181882,0
10.263708557687966,0.03815810211749136,0
10.43210300637157,0.03822292689595933,0
10.673945469443009,0.03842714403218637,0
10.131142622052002,0.03879556302480701,0
10.161595983422922,0.03873703864625125,0
9.385909988021266,0.03888797852374533,0
9.780023631545092,0.038909160873954574,0
10.156223018545106,0.03909738052496256,0
10.217131928085848,0.03933593227220978,0
10.312076175582714,0.03952249431098934,0
10.030823222878434,0.039406005197696645,0
9.97170530163032,0.03943935589343622,0
9.534597005089564,0.039245250562205014,0
9.067035347177905,0.03914023077021657,0
9.108239011902208,0.03882138991093238,0
9.15123366491914,0.038382299029505094,0
9.704782442065762,0.03796525843256488,0
9.663580964140325,0.037800221090511746,0
9.520266911949845,0.03761511405625297,0
9.12615326842602,0.0371465125025576,0
8.296722316654066,0.03662573657119458,0
8.1964029174805,0.03630086184415489,0
8.386293599273117,0.035961244502118725,0
8.067421145228623,0.035629008003343,0
7.796914122279975,0.03517987377612899,0
7.75750363264715,0.034580174433094975,0
7.393843350494246,0.03401064778295948,0
8.090708366630249,0.0334677459164487,0
8.178488660956688,0.03290991717336358,0
8.192820940895293,0.032503712077907594,0
8.14266014790907,0.0321489476529951,0
8.311054596592655,0.03177147199095603,0
8.341507957963591,0.031337986631953814,0
8.27343509525244,0.031057082183020873,0
8.370170331041901,0.030952265913557122,0
8.534982803140283,0.030858164889513245,0
8.470491917014352,0.03072360626592157,0
8.235813407113325,0.030607264186925384,0
8.382711622687896,0.030405425936542486,0
8.239397570497413,0.03029606519002125,0
8.370170331041901,0.029893191681636365,0
8.010094212273103,0.029623129257357574,0
7.504913053021196,0.0295327429534105,0
8.040549760442907,0.029424618571257024,0
8.26805994357574,0.02928887902953683,0
8.277017071837646,0.02892221321672351,0
8.536773791432893,0.028441609873428995,0
8.511693394939789,0.02814885497609506,0
8.810862790966747,0.027985017167751928,0
8.569020327895307,0.027793583474624947,0
8.352256074518092,0.027605733518434688,0
8.620969922375243,0.027289650846526594,0
8.418540135735515,0.027142983482961226,0
8.964924959711727,0.026985787819318797,0
9.208558411075776,0.02681003961335183,0
9.036581985806968,0.02689267540262145,0
9.178105049704856,0.027077720477863176,0
9.446818897562007,0.027006529382346836,0
9.2479689007086,0.027105886032580555,0
9.172729898028155,0.027177963214537484,0
9.21214038766098,0.027264563672193494,0
9.190644154551965,0.02729553174489146,0
9.10465484851812,0.0275637664742188,0
9.013292577606476,0.027722385592547465,0
8.998962484466754,0.027880650835616305,0
9.430695629330792,0.02789187960265614,0
9.15123366491914,0.028247574382438478,0
9.299920681987436,0.02823406338169215,0
9.862428774194848,0.028681024235554332,0
10.141890738606516,0.029204014764829644,0
10.256542417718672,0.02991669845262442,0
10.227880044640347,0.030238752470810027,0
9.98961955815413,0.03048166349676261,0
10.01111797806203,0.030549709348399852,0
10.263708557687966,0.03096915017863226,0
10.793970113432978,0.03134066148055982,0
10.79934526510968,0.03182325838334291,0
11.041187728181116,0.03236152253787094,0
11.05014485644302,0.03305352560996181,0
10.958780398732475,0.03370467456774907,0
11.100303462630364,0.03409925573680217,0
11.342145925701802,0.034310642428319056,0
11.39947285865732,0.03461035633256555,0
11.29915127268487,0.03530564393451247,0
11.420969091766336,0.03568968774396972,0
11.42813523173563,0.0362789674444459,0
11.510540374385387,0.036921324746068525,0
10.86025198785152,0.037553235443129315,0
11.193458908633504,0.03779042758643272,0
11.318858704300174,0.03808740040415407,0
11.236451374851534,0.03832423589038634,0
11.254365631375345,0.03886782710019451,0
11.272279887899154,0.03918344029257116,0
10.97132169037847,0.03955537495294309,0
10.731270215599643,0.0398184585539239,0
10.561084778623446,0.040147403145320136,0
10.650656061242495,0.04052160078777813,0
9.11540515187152,0.04078748537253261,0
9.009710601021252,0.04062402796760964,0
9.258719204062,0.04037385576547249,0
9.160190793181044,0.040010968815049064,0
9.267676332323909,0.03959869775781108,0
9.147649501535051,0.03929060940521342,0
9.16556375805886,0.039178340850317114,0
9.219306527630293,0.03877490336881275,0
8.918348330109607,0.03851417568003106,0
9.061662382300089,0.038180367578200536,0
9.153024653211734,0.03772718180664209,0
9.273049297201725,0.037415607068205126,0
9.468315130671025,0.03715203693760419,0
9.611629182861506,0.03709467499640103,0
9.577591658106495,0.03713010369240923,0
9.763900363313892,0.03736387646269252,0
9.683286208956746,0.037569478109631835,0
9.753152246759376,0.03790112276976253,0
10.020075106323937,0.038082012472850084,0
10.09352312071177,0.038100313167266954,0
9.84451451767104,0.03842375266290817,0
9.740610955113382,0.03868541438937855,0
9.780023631545092,0.038970457603328,0
9.63670957935461,0.03889909479336025,0
9.67432908069484,0.038889842046157364,0
9.609838194568894,0.03900218998114913,0
9.56146838987528,0.03918234070319876,0
9.575800669813884,0.03930319828724254,0
9.575800669813884,0.03915956017008521,0
10.143681726899112,0.03902458992435119,0
9.810476992916028,0.03923027522247956,0
9.909005403796984,0.03949639095763892,0
9.765691351606502,0.039352243436510455,0
9.772857491575795,0.03934750532667826,0
9.676120068987451,0.039490409154238675,0
8.868187537123381,0.03956321195009122,0
8.212526185711699,0.039333338511073915,0
8.30926360830006,0.03892809674190238,0
8.696211111854574,0.038420988991223454,0
8.67113071536147,0.038236520282594624,0
9.14048336156574,0.0379301256623155,0
9.350081474973647,0.037722421441941496,0
9.316043950218637,0.03763974009113057,0
9.255135040677912,0.037748363261693334,0
9.230054644184792,0.0374723156758662,0
9.244386924123395,0.03726999986042505,0
9.642082544232426,0.03700317650084628,0
9.685077197249356,0.036939081783512406,0
9.373368696375271,0.03682679813056204,0
9.445025722470511,0.036775571642549174,0
9.88213401901127,0.036682566631785395,0
9.745986106790085,0.03657581202101296,0
9.853471645932943,0.03638732061073465,0
9.819434121177933,0.036245826970077284,0
9.740610955113382,0.035904982454052554,0
10.138308762021296,0.03563399523615241,0
9.511309783687938,0.0356261723966702,0
9.4181543376848,0.03571635529983273,0
9.538181168473654,0.035516936464845945,0
9.398449092868391,0.03535489030221043,0
9.441443745885309,0.03532908453012934,0
9.66895392901814,0.03515114140219017,0
9.448609885854603,0.03512306408042247,0
8.771450114535037,0.03493827892249689,0
8.678296855330764,0.034609019502765195,0
8.900434073585798,0.03413470908624502,0
9.154815641504346,0.033950365164316605,0
9.167354746351457,0.03375901645381017,0
8.64784130716096,0.033427194352620024,0
8.68366982020858,0.03291223100102457,0
8.68904497188528,0.03242206067808856,0
8.434663403966733,0.03170241894034445,0
8.178488660956688,0.031008378332141758,0
8.78399140618103,0.030233638285433493,0
8.81444476755195,0.029558446900550032,0
8.979255052851448,0.029148313659156412,0
8.861021397154088,0.02874999171780916,0
8.877144665385288,0.02837192632903743,0
8.83056803578315,0.027754396960770224,0
8.801905662704842,0.027056327545028482,0
8.771450114535037,0.02666818786050978,0
8.83773417575246,0.0260824147799934,0
9.471897107256227,0.025333007990135135,0
9.52563987682766,0.024535922272904444,0
8.99716930937526,0.023756421060244563,0
8.954176843157228,0.022865971870278858,0
9.041954950684785,0.02203977030473792,0
9.299920681987436,0.021245175610018804,0
9.2479689007086,0.020782122048713252,0
9.504143643718644,0.020357094537483147,0
9.69224333721865,0.01973666666877205,0
9.45398285073242,0.019166861490077156,0
9.54713829673556,0.018819349765355927,0
9.613420171154116,0.0184893069565848,0
9.280215437171016,0.01805174171566684,0
9.49697750374935,0.01755326367562623,0
9.382325824637178,0.017102628888910516,0
8.932678423249328,0.016738383764904233,0
9.459358002409118,0.016231160220597868,0
9.878552042426048,0.01585418563811961,0
10.07560886418796,0.01557063414080233,0
10.1257674703753,0.015215243402157623,0
10.437475971249386,0.014924002985593078,0
10.716937935661038,0.014434633479319673,0
10.801136253402271,0.014090288170898187,0
10.768889716939874,0.01377528698858331,0
10.544961510392246,0.013449822268001368,0
10.833380603065804,0.013282283281259253,0
10.677527446028211,0.01284844811027833,0
10.501966857375317,0.012484365543458035,0
9.69224333721865,0.011986138388508259,0
9.289172565432922,0.011660374317074255,0
9.299920681987436,0.01121671332258356,0
9.321419101895335,0.010797761075718657,0
9.267676332323909,0.010306375983322949,0
9.11182098848743,0.009766109141044458,0
9.255135040677912,0.009296749376807939,0
8.880726641970492,0.00900048960518036,0
9.262301180647206,0.008692890882199898,0
9.18168702629006,0.008336730735371856,0
9.273049297201725,0.008123689566425722,0
9.28738157714031,0.007922802790398198,0
9.12973524501124,0.007719205169616719,0
9.278424448878406,0.007497377338077307,0
9.339333358419148,0.007356708704876521,0
9.054496242330778,0.007149066956233145,0
8.914764166725519,0.007024364050745807,0
9.523848888535063,0.006796047010982801,0
9.652832847585826,0.006573363279957952,0
9.471897107256227,0.0064756220226528,0
9.367995731497455,0.006441698696429947,0
9.613420171154116,0.006362280112188317,0
9.785396596422908,0.00625298079582201,0
9.729862838558882,0.0061522943440423025,0
9.767482339899097,0.006010222188459046,0
9.676120068987451,0.005928789789674796,0
9.812267981208622,0.005778766199891267,0
10.077399852480571,0.0057859936935828185,0
9.574009681521272,0.005706441157489395,0
9.835557389409132,0.0056067316223401996,0
10.025448071201753,0.0055077286031441075,0
9.382325824637178,0.005472970019043784,0
9.53101502850436,0.005402500340890324,0
9.556095424997464,0.005272121313618068,0
9.91796253205889,0.005156290172126017,0
10.07202470080387,0.004987106522764802,0
9.96453916166101,0.004971749559755598,0
9.880343030718658,0.004922592361311197,0
9.805104028038212,0.004825552888957313,0
10.35686181689224,0.004774653926720543,0
10.346113700337725,0.00478256409390261,0
10.154432030252512,0.004761762423618289,0
10.33178142039912,0.004870707667719666,0
10.528838242161031,0.004844084962816764,0
10.120394505497485,0.004953094390322574,0
9.46473315408582,0.0049514388007183665,0
9.314252961926028,0.004970750925287259,0
9.49518651545674,0.004898407361084114,0
9.59013294975249,0.004958148152678601,0
9.749568083375287,0.00501020157521948,0
9.63850056764722,0.005028802127941792,0
9.702991453773167,0.005068001893511318,0
9.95379104510651,0.0050284410038559605,0
10.061276584249372,0.00503684917081964,0
10.215338752994352,0.0051942800593057096,0
10.233253009518164,0.005376271872856268,0
10.315660338966802,0.005615568992579991,0
10.802927241694883,0.005880502670912566,0
10.566459930300146,0.006155536194149815,0
10.84233773132771,0.006536130703348276,0
11.388722555303922,0.006840115943872062,0
11.351103053963708,0.0072021876543241084,0
11.485459977892283,0.007622493148643418,0
11.540993735756308,0.008250037656094654,0
11.825830851844676,0.008649666037149489,0
11.134340987385372,0.00926954546830472,0
11.365435333902294,0.009741526905538145,0
12.135748364426131,0.010220319479565277,0
11.750591849164216,0.010672271788097654,0
11.992434312235652,0.011238931492843591,0
12.542401112797084,0.011779970721681538,0
13.05833257540236,0.012416701361963257,0
13.88597035208285,0.013101774373217367,0
12.915018523211875,0.013899280706893832,0
13.13357157808282,0.014679383301866173,0
12.857691590256358,0.015293173902032936,0
12.443872701916128,0.01600743174592298,0
11.8867397613854,0.01658304328119725,0
11.519497502647292,0.01707546620990981,0
12.13037321274945,0.01748512877567264,0
11.8813646097087,0.017903783113936932,0
11.888530749678011,0.018395031978570016,0
11.747007685780124,0.018883043321834075,0
12.031844801868496,0.019335443267577322,0
12.479701214963749,0.020061509462279234,0
12.339971326157356,0.02076042923330224,0
12.085587571439923,0.02160754097218905,0
11.591154528742534,0.02224288479705809,0
11.976311044004452,0.02292721016039251,0
12.257563996708717,0.02363981959635187,0
11.718345312701816,0.024583731712744552,0
11.899278866232512,0.025339619272341015,0
11.786420362211835,0.026138641003789754,0
11.705806207854687,0.02698636077686843,0
11.981686195681151,0.027558086143018735,0
12.121416084487544,0.028435965208138254,0
12.16978588918116,0.029450348028585545,0
12.667800908463756,0.030508780211756535,0
12.827238228885438,0.03150266778302137,0
12.646304675354724,0.03276691674249927,0
12.861275753640449,0.03384000131354037,0
12.374006664113482,0.034924910236251175,0
12.31309994137164,0.03596337930220253,0
12.18053400573566,0.03684493600063389,0
11.931525402694929,0.03792921738284996,0
11.254365631375345,0.039048831876744815,0
11.401263846949917,0.04031951630110175,0
11.123592870830857,0.041329471933820444,0
11.173751477018198,0.04242550015830315,0
11.542786910847802,0.04340274162573864,0
10.691859725966818,0.044705881047863376,0
10.817259521633488,0.045609330805302654,0
10.785012985171074,0.04691827163170057,0
10.910412780837746,0.0482027001340352,0
11.039394553089622,0.04930272503797806,0
10.607661408225583,0.05045093512647671,0
10.299537070735589,0.051808985682593234,0
10.527047253868435,0.05253824794893483,0
10.01111797806203,0.053305908247101304,0
9.717323733711757,0.054302530804793636,0
9.826600261147227,0.055030491149924664,0
9.91079639208958,0.055595573402565636,0
9.869594914164145,0.05637151727350555,0
10.322824292137213,0.05731230725229494,0
10.333574595490614,0.05839860765580092,0
10.441060134633474,0.05970097220331363,0
10.750975460416065,0.06083033937428718,0
10.412395574756264,0.06199554931858209,0
10.433893994664164,0.06292735370940593,0
10.503760032466811,0.06432589396630965,0
10.349695676922927,0.06570000740599921,0
10.360445980276328,0.06721023246982882,0
10.776055856909167,0.06818970190114693,0
10.398065481616545,0.06947849735641079,0
10.286995779089594,0.07047249990357077,0
10.435684982956776,0.07186710877333123,0
10.51450814902131,0.07297663430422231,0
10.458974391157286,0.07452817498817488,0
10.86562713952822,0.07576815572639574,0
10.086356980742476,0.07709356374401811,0
9.754943235051988,0.07839389425467377,0
9.858846797609644,0.07941633055612166,0
10.40343844649436,0.08018661171031352,0
10.222504892963665,0.08112124180165327,0
10.204590636439852,0.08180930284701042,0
10.199217671562035,0.08277050232230439,0
10.045153316018157,0.08312890464431949,0
10.05948559595676,0.08359007513340987,0
9.959166196783194,0.08398202972484796,0
9.898257287242467,0.08480537863328919,0
9.830182237732432,0.08511268919895279,0
9.658205812463642,0.0853300356368603,0
9.565052553259369,0.08548461263564683,0
8.900434073585798,0.08589697449758377,0
8.418540135735515,0.08572123928465977,0
8.472282905306946,0.0857880086516254,0
8.520650523201693,0.08560650020740264,0
8.330759841409076,0.08614402142980669,0
8.210735197419105,0.0861626911963152,0
8.405998844089522,0.08597162566483439,0
7.873946300051916,0.08560686262218897,0
7.836326798711684,0.08524535319083186,0
7.958142430994266,0.0849339880797353,0
7.972474710932872,0.08483408807271431,0
7.784375017432865,0.08440611614989266,0
8.020842328827602,0.08433437018002769,0
8.278808060130256,0.08413645246196721,0
8.133703019647163,0.0836226149849,0
8.110413611446653,0.08305778047252502,0
8.135494007939775,0.08251397616176243,0
8.69442012356198,0.08225292308488341,0
8.920139318402201,0.08204445616007575,0
9.029415845837674,0.08163786452231384,0
9.067035347177905,0.08159933345442699,0
8.832359024075762,0.0816412910865094,0
9.378743848051974,0.08144244271179843,0
9.099281883640304,0.08151410020515337,0
9.348290486681051,0.08121910657117322,0
9.47727225893293,0.08080532491018942,0
9.505934632011256,0.0803106194890368,0
9.400240081160987,0.07998076834401796,0
9.559677401582686,0.0795653681775452,0
9.25155306409269,0.07897082050631757,0
9.10465484851812,0.07867697079030433,0
8.873562688800082,0.07785831720311098,0
8.78399140618103,0.0771715348552621,0
8.646050318868365,0.07626401522241809,0
8.402416867504316,0.0751176337276405,0
8.631720225728644,0.07359010211879882,0
8.649634482252454,0.0729468621760569,0
8.826983872399062,0.07141932217172428,0
8.440036368844547,0.07024643538508096,0
8.448993497106454,0.06901864412479679,0
8.208942022327609,0.06809232046087361,0
8.022635503919098,0.06723087876012063,0
7.732423236154045,0.06525138055644931,0
7.968892734347666,0.06370955583438173,0
7.800498285664064,0.06204743611050648,0
8.067421145228623,0.060548028034060127,0
7.936646197885251,0.05899621669020748,0
8.083542226660938,0.05762475213856164,0
8.296722316654066,0.05602552815847725,0
7.882903428313821,0.055063420089456985,0
7.7306322478614335,0.05357168241488911,0
7.173499307330706,0.05231764057801148,0
7.286357811351384,0.05092107819142583,0
7.187829400470428,0.05014992817250255,0
7.071386733065662,0.04904055600751322,0
7.159167027392118,0.04767630919199937,0
7.270236729919068,0.04636050338506139,0
6.8134231885619085,0.04571469672027406,0
6.419309545038083,0.04459722885492319,0
6.480216267779925,0.0434448090391876,0
7.083928024711656,0.042266996098865986,0
7.049890499956646,0.04118572118691282,0
7.119756537759276,0.04022537169373451,0
7.666141361735487,0.03924006462029544,0
8.171322520987395,0.03858017889169144,0
7.997555107425976,0.03809378519256382,0
8.002928072303792,0.03739896553678037,0
7.802289273956674,0.036763505681852625,0
7.207536832085733,0.0358824381531551,0
7.411757607018055,0.034944618104080415,0
7.261279601657163,0.03416249903004398,0
7.255904449980464,0.033464315088972886,0
6.748930115637077,0.03263063583463195,0
7.023019115170931,0.031833490204489036,0
6.879705062980449,0.030801919633675727,0
6.49454854771853,0.029631638353413207,0
6.55366646896666,0.028279276083992142,0
6.91553357602807,0.026972467251550284,0
6.874329911303749,0.02599422810603071,0
6.947780112490484,0.024787686342799972,0
7.148418910837602,0.023744881872458837,0
7.089300989589471,0.022585423579503848,0
6.711310614296863,0.021536514788674525,0
6.645028739878306,0.020304266544199673,0
6.808048036885208,0.01924059716451613,0
6.820587141732319,0.01833578967668219,0
6.490966571133325,0.01742647338311382,0
7.300690091289989,0.016372283249145445,0
7.37234711738523,0.015495146219934834,0
8.010094212273103,0.014605855649623963,0
7.974265699225483,0.01382104527409423,0
8.69442012356198,0.013027034170002644,0
8.975673076266244,0.012268798765938461,0
9.11182098848743,0.011662298898339252,0
9.11540515187152,0.011106072109530374,0
9.101072871932914,0.010575604649973602,0
8.882519817061986,0.009904945813163542,0
8.72308249664029,0.009113105915510202,0
8.463325777045041,0.008524051407066175,0
8.479449045276258,0.00794466529598688,0
8.597682700973618,0.007445191476022655,0
8.74816289313341,0.0069231774656673736,0
8.511693394939789,0.006462662427973374,0
8.660382598806954,0.0059677900306927285,0
8.617387945790039,0.005585669911089723,0
9.604463042892212,0.005123131486071706,0
9.511309783687938,0.004930119500409757,0
9.000753472759348,0.004636271870697938,0
9.034790997514374,0.0043325337029045015,0
9.32500107848054,0.003968295675649683,0
9.382325824637178,0.0035421806855118502,0
9.55072027332078,0.003263138396527895,0
9.23542979586149,0.0029834444011095367,0
9.833766401116522,0.0027390186476373675,0
9.719114722004369,0.002413035439704923,0
9.17631187461336,0.002156620260278833,0
9.405615232837688,0.00189849193345414,0
9.364411568113368,0.0017439608510859855,0
9.869594914164145,0.0014810697224086097,0
9.869594914164145,0.0012677295809115751,0
9.351872463266258,0.0011551773842573738,0
9.511309783687938,0.0010624704934810007,0
9.849889669347736,0.000940721678404312,0
9.72628086197366,0.0007995547564355625,0
9.93408580029009,0.0006943870062075333,0
9.937667776875294,0.0006286558398050522,0
10.2959529073515,0.000553860117198229,0
10.530631417252524,0.0004971549173474882,0
10.208174799823942,0.0004393401699562421,0
10.734852192184848,0.0003916346052168159,0
10.887123372637236,0.0003308380886888715,0
10.86741812782083,0.00029339721041813445,0
10.92116089739226,0.00024209209426963375,0
11.295569296099664,0.00022071567252891119,0
11.705806207854687,0.00019035268793829113,0
11.505165222708689,0.00016967017630838653,0
11.455006616521343,0.00013283317609186896,0
11.772088082273246,0.00011377926333576336,0
11.84912026004517,0.000106606621123489,0
11.861659364892295,9.417571633254741e-05,0
11.983477183973749,7.720594771043632e-05,0
12.114249944518232,6.345415197250852e-05,0
11.897487877939918,6.402031148597154e-05,0
11.888530749678011,4.6902703216925946e-05,0
11.786420362211835,3.5894783104657217e-05,0
11.90465401790921,1.922798402540654e-05,0
11.87420065653829,1.414790398372055e-05,0
11.668186706514474,-2.9616396007103034e-06,0
10.711564970783222,-1.0979968307522173e-05,0
10.770680705232468,-2.157613881516471e-05,0
10.869209116113424,-1.991147212934125e-05,0
10.97132169037847,-2.1708804418763987e-05,0
10.770680705232468,-2.3549752197711586e-05,0
10.709773982490628,-3.641686360586295e-05,0
10.51450814902131,-3.550513412871784e-05,0
10.55212765036154,-3.757054835965778e-05,0
10.197424496470544,-3.5328322000040256e-05,0
10.337156572075818,-2.1709692197239663e-05,0
10.308494198997492,-1.1113720944516114e-05,0
10.175928263361527,4.732740521430908e-06,0
10.158014006837716,2.582973650674768e-05,0
9.907214415504374,5.323142000552995e-05,0
9.742404130204877,9.323185732635685e-05,0
9.889300158980564,0.00013437022820222513,0
10.102480248973675,0.00017799400686928897,0
10.260124394303878,0.00021031664161565096,0
10.184885391623432,0.0002620422989743233,0
10.43926695954198,0.00031378075540435376,0
10.442851122926069,0.00033573073400989666,0
9.833766401116522,0.00038007357362695234,0
9.812267981208622,0.00042897813327971067,0
10.109646388942986,0.0004924059450922688,0
10.695441702552024,0.0005314378219820735,0
11.585779377065831,0.0005452869203519824,0
11.487250966184876,0.000562012830451455,0
11.852702236630392,0.0005688757924187559,0
11.716554324409204,0.000545076899183286,0
12.62659943053832,0.0005205055068184882,0
12.794991692423022,0.0004928639173176914,0
12.0569251983616,0.0004582328172174636,0
12.214571530490684,0.0004428824323876754,0
13.056541587109765,0.00042083205487330344,0
12.846943473701858,0.0003476058374782177,0
12.314890929664235,0.0003006629322334114,0
12.67317606014044,0.0002603347667385558,0
12.560315369320897,0.00023823687804111756,0
12.814699124038327,0.00019799506440354705,0
12.612267150599717,0.00016354727707763687,0
12.879190010164256,0.000124629705291988,0
13.56530472294686,0.00010644498871111688,0
13.542017501545237,8.461469778919349e-05,0
13.380789192830942,6.144382519152636e-05,0
12.97234326936853,5.006602231003142e-05,0
13.253598408871676,4.153406225524119e-05,0
13.362874936307133,3.326674413293905e-05,0
13.90746877199075,2.729009538117053e-05,0
13.207019592470656,1.0937228626940935e-05,0
13.063705540280177,6.674630116114783e-07,0
13.300175038473798,-2.2932696777385919e-07,0
13.081619796803984,-4.295073577673264e-06,0
13.303757015059018,-4.346078510040441e-06,0
12.800366844099722,-3.4908642968943804e-06,0
12.97234326936853,-5.385891915757868e-07,0
13.06012356369497,3.999391361925716e-06,0
12.911434359827789,1.0722055018064091e-05,0
12.98667554930712,1.8593308735369745e-05,0
12.99025752589234,2.561158755216177e-05,0
12.870232881902352,3.568615364738085e-05,0
13.423783845847874,4.89169279518888e-05,0
13.679956402059032,7.399502997083382e-05,0
14.027493415980722,0.00010046787099184985,0
13.479317603711898,0.0001330204532515506,0
13.638754924133597,0.0001787151767371452,0
13.816104314280205,0.00022843179675538988,0
13.713993926814044,0.0003018028731685152,0
13.430947799018284,0.00038697143625685855,0
13.42736582243308,0.0004904378571375407,0
13.490065720266417,0.0005782294222031575,0
12.959804164521405,0.0006863136011652031,0
12.821863077208738,0.0007588093889811132,0
12.388338944052087,0.0008509919819680305,0
12.786034564161117,0.0009193200951116408,0
12.716170713157371,0.0010206380920819947,0
12.67317606014044,0.0010585795886867023,0
12.501199634871648,0.0010857876691450935,0
12.14828746927326,0.0011076964569944313,0
12.16620172579707,0.001128338716026246,0
12.415210328837803,0.0011240325848923575,0
12.520904879688054,0.0010762415760263756,0
12.773495459314006,0.0010557067188651883,0
12.314890929664235,0.0010534063427539376,0
12.415210328837803,0.0010248770890728673,0
12.549567252766378,0.000991295032600544,0
12.14112132930395,0.0010121479121255278,0
12.51552972801137,0.000996477359753851,0
12.49044933151825,0.000998763588996945,0
12.366842710943072,0.000979383498889543,0
12.175158854058976,0.0009642008586184712,0
12.366842710943072,0.0009518884999215105,0
12.411628352252595,0.0009361191058688812,0
12.422376468807096,0.0009443332002235279,0
12.012139557052071,0.000929276203667388,0
11.972729067419248,0.0008999663080002016,0
11.603693633589645,0.0008900737361451964,0
11.718345312701816,0.0008914976108981359,0
11.800750455351556,0.0008705423392341526,0
11.626983041790153,0.0008381735023006848,0
11.596529680419232,0.0008068291849870982,0
11.540993735756308,0.0007698713066873311,0
11.754173825749437,0.0007338057765626305,0
11.764921942303936,0.0006810003949244101,0
11.72730244096372,0.0006539407507681127,0
11.532036607494405,0.0006164022205629668,0
11.845536096661082,0.0005864478121384006,0
11.824039863552066,0.0005237876106446193,0
11.936900554371627,0.00045888722128539154,0
12.382963792375389,0.00040628772397362337,0
12.436706561946815,0.0003559012228620525,0
12.452829830178034,0.00030985759589586935,0
12.314890929664235,0.00027934366240293636,0
12.7591631793754,0.00025026055456103905,0
12.7645383310521,0.00022374764257126288,0
12.599728045752604,0.00021266979759692833,0
12.528071019657364,0.00020373343293176677,0
12.456413993562125,0.00019191869029135217,0
12.488658343225651,0.0001775159766866122,0
12.610476162307105,0.00017768212754459673,0
12.189491133997564,0.00015582043036384616,0
12.458204981854715,0.00012882145668317307,0
12.63913853538543,0.0001016436160325529,0
12.105292816256329,8.151965944693448e-05,0
12.046177081807082,6.2771205773382e-05,0
11.949439659218736,4.111109954451069e-05,0
12.085587571439923,2.0565671665732622e-05,0
11.976311044004452,2.7223240548995913e-06,0
11.807916595320869,-7.615431947807957e-06,0
11.65206343828326,-1.0188966096266354e-05,0
11.634149181759447,-7.259522685140951e-06,0
11.607277796973731,4.362309205029261e-06,0
11.566074132249428,1.5520812111709577e-05,0
11.420969091766336,4.0591350484267664e-05,0
11.30631741265418,6.794905343843605e-05,0
11.091346334368458,9.944026429217481e-05,0
11.12717484741608,0.00013004948176093692,0
11.25615880646684,0.00017129063725644143,0
11.311692564330864,0.000209083657114471,0
11.7075971961473,0.00026938892150488413,0
11.7022220444706,0.00031017631484262566,0
11.575031260511334,0.00038636744991758695,0
11.696849079592784,0.00046096906010116833,0
12.030053813575885,0.0005534689245548303,0
12.16978588918116,0.0006194556983344681,0
12.060507174946803,0.0006712965927336436,0
12.089171734824014,0.000762712379234408,0
11.845536096661082,0.000834173337843282,0
11.700431056178004,0.000895370763470359,0
11.68968293962349,0.000961281793579521,0
11.705806207854687,0.001086117907708592,0
11.793586502181146,0.0011766024785073055,0
11.578615423895425,0.0013442548712525673,0
11.539202747463714,0.0014488958564265245,0
11.555326015694911,0.0015706553460454217,0
11.800750455351556,0.0016718459339354636,0
11.940482530956832,0.0017954895123236051,0
11.949439659218736,0.0019335398662099228,0
12.193073110582786,0.002088460135583161,0
11.72013630099441,0.002183979090356571,0
11.83120600352136,0.0022819506864526417,0
11.67355967139229,0.0024210874604366672,0
11.383349590426104,0.0025299316758707383,0
10.86741812782083,0.0027480432756674983,0
10.666779329473696,0.0029635203553393034,0
10.44643309951129,0.0032056304499548183,0
10.122185493790097,0.0033578789545282827,0
10.025448071201753,0.003604721353075447,0
9.91617154376628,0.003846614998660278,0
9.88213401901127,0.004217997339777355,0
10.1257674703753,0.0045806547213122885,0
10.471513496004397,0.004991252584002765,0
10.677527446028211,0.005344015675099774,0
10.88891654772873,0.00575357679773081,0
10.826216649895397,0.006175090173753803,0
11.86703451656898,0.006718506483623538,0
11.754173825749437,0.0071720982241079475,0
11.782836198827743,0.007640000184517301,0
12.366842710943072,0.008067569530322689,0
12.601519034045198,0.00852220704172327,0
12.854109613671152,0.008985484897436374,0
12.743042097943086,0.009367431016675329,0
12.719752689742576,0.009856041348590649,0
12.88277198674948,0.01023403941444595,0
12.938305744613505,0.01068152776994917,0
12.963386141106623,0.011074970501779403,0
13.099534053327796,0.011516690872436208,0
12.902477231565884,0.012070136205813894,0
12.787827739252611,0.012622097973787981,0
12.909643371535196,0.013134219392722545,0
13.015337922385443,0.013783156111244631,0
12.837986345439951,0.01442951666345958,0
12.57285666096689,0.015241682144772083,0
12.298767661433036,0.01601884060106181,0
12.526277844565868,0.017108192002266494,0
11.960187775773251,0.01817056672148994,0
12.191282122290175,0.01936981378873466,0
12.48328537834784,0.02052535170364531,0
12.452829830178034,0.02180247421254781,0
12.879190010164256,0.02304163294098378,0
12.837986345439951,0.024322943565475562,0
12.768120307637307,0.02567831757818591,0
13.15506999799072,0.026924928242956874,0
13.013546934092831,0.028486153254443747,0
13.207019592470656,0.030083047253487438,0
13.378998204538348,0.03154499789623999,0
13.87880421211354,0.03314312725822948,0
14.011370147749522,0.03472255874927395,0
13.85014183903523,0.036179039078752945,0
14.439521316028356,0.037514283170866886,0
13.599342247701887,0.03894848782912314,0
13.49902284852832,0.04004421291335808,0
13.713993926814044,0.04192799677815279,0
13.703245810259526,0.043242504113256856,0
13.137155741466913,0.04479195143154984,0
12.773495459314006,0.046295517054677944,0
12.769913482728802,0.048081248713937694,0
12.850527637085948,0.04969672114389671,0
13.708618775137342,0.051828528065341224,0
13.545599478130455,0.053451372237466856,0
13.638754924133597,0.055367890245606045,0
13.855516990711914,0.0569697451193057,0
13.785650952909284,0.05888276392809515,0
13.86805609555904,0.061114345702528286,0
14.190514899786509,0.063327126124897,0
14.210217957804028,0.06568371882844587,0
14.634784962698774,0.06803688127446893,0
14.491470910508292,0.07045459159357854,0
14.285456960484474,0.07330308455484895,0
14.321285473532097,0.0757855496777577,0
13.780275801232584,0.0778211574342907,0
13.92538302851456,0.08013199833961639,0
13.927174016807154,0.08222900934066954,0
13.644127889011411,0.08487499711701851,0
13.640545912426193,0.08769300083742033,0
13.556347594684956,0.09041436018758427,0
13.423783845847874,0.09302906788961916,0
14.004204007780212,0.09526558396147713,0
13.633379772456896,0.09785003496590784,0
13.214185732439969,0.10065378226541483,0
13.50081383682093,0.10317743712182753,0
13.6423369007188,0.10569553201088949,0
13.52231225672883,0.10834666770833735,0
13.592176107732575,0.11066686951734545,0
13.416617705878563,0.11310646477216,0
13.470360475449992,0.116532874593658,0
13.4685694871574,0.11986770612073593,0
13.619047492518291,0.12279257799486827,0
13.731908183337852,0.12505982748206235,0
14.034657369151132,0.12753091403090566,0
14.117064698599773,0.1299491553263297,0
13.814313325987609,0.13304331654506021,0
13.628004620780196,0.13527408596981616,0
13.785650952909284,0.13812341594655914,0
13.798190057756392,0.14097322928358755,0
13.744447288184965,0.1441918684243609,0
13.585012154562166,0.14759026231705025,0
13.49364769685162,0.1512635338881443,0
13.04041831887855,0.1541569495606293,0
12.99384168927643,0.15772538998342212,0
13.205228604178062,0.16168862552560942,0
13.373623052861648,0.16582910032084475,0
13.660251157242612,0.1697266706204542,0
13.567097898038355,0.17335174906062017,0
13.520519081637335,0.17688298192865884,0
13.859098967297134,0.18152439721365002,0
13.678165413766422,0.18532044976850148,0
13.776693824647378,0.18965119133263342,0
13.758779568123568,0.19258030430625825,0
13.9862897512564,0.19628700398406412,0
14.724356245317823,0.19925034956126084,0
15.276116220970737,0.2026529741223994,0
15.559162348766494,0.20528321926289175,0
15.860122733086062,0.2077415532757713,0
15.998061633599844,0.2096196407148101,0
16.367097067429448,0.2122726094577066,0
16.436960918433194,0.21455946490606195,0
16.041054099817874,0.21760369901146248,0
16.309767947675027,0.22012484487972736,0
16.087632916218894,0.2225722781921122,0
15.985522528752734,0.2251655414359846,0
16.046429251494573,0.22786646965971666,0
15.967608272228922,0.23078232571251706,0
15.996268458508348,0.23405961844586137,0
16.435167743341697,0.23752040507317596,0
15.99985480869134,0.24031163127388666,0
16.299022017919413,0.2432304952553665,0
16.313354297858016,0.2461233198950617,0
16.58206814571517,0.2505346661246003,0
17.062166721675055,0.25412337073640345,0
17.404330770718946,0.25687579991935583,0
17.843230055552294,0.2590857364047734,0
18.44156447400844,0.2615373592988431,0
18.34124726163377,0.26396238517029363,0
19.00228157792326,0.2658001493008737,0
19.10976711706612,0.2685635448080614,0
19.321156218766635,0.2702560365837683,0
19.072149802524788,0.2728491221052256,0
19.52358819220525,0.2754231853816695,0
19.54866640189947,0.2763739943206648,0
19.72064501396716,0.277739741571692,0
20.168501427062417,0.2800723044663176,0
19.82633737801853,0.28166577561567485,0
20.01623024661003,0.28264294775298476,0
20.304647152484705,0.28474634206676,0
19.118724245328025,0.2867408416652093,0
19.03811009097088,0.290219936836854,0
18.980785344814244,0.29437851292492606,0
19.075731779109997,0.2980156283049858,0
19.165303061729045,0.30029518634247737,0
19.35519155672276,0.30390992847065873,0
18.38782170443701,0.3067580997166234,0
18.5400928848894,0.31079980257735335,0
18.52755378004229,0.315087037498651,0
18.523971803457083,0.3204799892797639,0
18.928835750334308,0.32598023784561064,0
18.81418188442325,0.3303417373058125,0
18.785521698143825,0.33421876208576945,0
19.116935443834315,0.33913672753359375,0
19.747516398752875,0.34458419856701283,0
19.18859246992956,0.3487630887247115,0
19.498505608913245,0.35316222685940557,0
20.1308797389233,0.3577207032625218,0
19.975026581885707,0.36038444739007136,0
20.55186476723284,0.36426085756924975,0
20.940603259079964,0.36790051978447086,0
20.72205020420904,0.37287061765453455,0
20.13983686718521,0.3771943012131076,0
19.16888503831425,0.3815052355425921,0
19.124099397004723,0.38607807545103373,0
19.530752145375654,0.3908996734103488,0
19.26383147261,0.3970603517005443,0
19.31040591541324,0.4026947948375688,0
18.952120784937037,0.409104244485207,0
19.376692163429563,0.4159438030325211,0
18.998699601338053,0.42192191366442977,0
19.51104908735814,0.427990271440678,0
19.801259168324307,0.4349600173513102,0
18.63503931918515,0.44209897662925585,0
18.679824960494678,0.44903265929083214,0
18.676242983909468,0.45701109089823944,0
19.18679929483806,0.46447055375099094,0
18.5454680365661,0.4710162339461988,0
19.104391965389414,0.4780497885444591,0
18.764021091437023,0.48559791372460487,0
19.08647770886561,0.4923675570547682,0
19.50567393568144,0.49961596480153975,0
18.835678117532268,0.5051106799258186,0
19.0793137556952,0.5094961391751249,0
18.839264467715257,0.5137751250870233,0
18.52755378004229,0.5195792667405107,0
18.980785344814244,0.5244992036403711,0
19.03811009097088,0.5288163274226371,0
19.03632128947717,0.5335822130567072,0
18.95391396002853,0.5396387068522551,0
19.6131594748243,0.5446314421133752,0
20.12729776233809,0.5508072184453495,0
19.530752145375654,0.5572216253988205,0
19.618534626501,0.5624480026810018,0
19.835294506280437,0.566891755215279,0
20.602025560219065,0.571726538305306,0
20.584111303695256,0.5759680895470869,0
20.74354643731805,0.5801564222471788,0
21.45115957000856,0.5867495470380413,0
21.315013844586268,0.5919954835667833,0
21.26127107501484,0.5959763713341375,0
20.25269755800477,0.5995022978579998,0
20.189997660171432,0.6044334742354719,0
20.415719041810554,0.610402480703162,0
20.571572198848145,0.6161762438607218,0
19.471634224127527,0.6225655489907551,0
19.975026581885707,0.6287493634970087,0
19.926658963990977,0.6334280488401255,0
20.422882994980963,0.637237551950312,0
20.808039510242885,0.6425187351142277,0
20.96031069069527,0.6471814607850782,0
20.79370723030428,0.6526027805808504,0
20.363765073732832,0.6575882182439268,0
20.138048065691496,0.6609312795835967,0
20.16312627538572,0.6641833926160388,0
20.73100733247094,0.6682083089007306,0
20.908361096215334,0.6722226399767396,0
21.45115957000856,0.6751123005309588,0
21.528191747780497,0.680739115064211,0
21.039131669960923,0.6829399447376122,0
21.284560483215348,0.6853596349508634,0
22.099659155048712,0.6890415177655322,0
22.15698390120535,0.6938377095977435,0
22.327169338181545,0.6965684710350204,0
22.275215370103822,0.7004923087983979,0
21.746744802651424,0.7052222057093659,0
22.275215370103822,0.7103438986736125,0
22.441818830494817,0.7139530345009029,0
22.411365469123897,0.7184522857457276,0
22.142651621266744,0.7221347893673631,0
22.5851328826853,0.7273840609637906,0
22.013669849014867,0.7344817549842525,0
21.943801624413336,0.7396915921540486,0
22.006501522246676,0.7438472412523568,0
22.328958139675255,0.747784152290344,0
22.00829469733817,0.7543372820164511,0
22.15698390120535,0.7594782275061718,0
22.34508359470536,0.7646962061378082,0
22.34150161812015,0.7695837510520475,0
23.04194642404246,0.7759325474404999,0
23.58116729484826,0.7807909947016197,0
23.56504183981816,0.787244154092582,0
23.276624933943488,0.7918015378612688,0
23.39127442625676,0.7973924521109368,0
23.70119193883823,0.803409073839311,0
24.272654972508665,0.8101998758995089,0
24.390890815004926,0.8155801146387904,0
24.83337207642348,0.8201974464545615,0
24.976686128613963,0.8269580120262209,0
25.168367798699173,0.8306489602248178,0
24.709765455848306,0.8358787376925239,0
24.562869427072616,0.8425451082046168,0
25.12179335589594,0.8507975280538357,0
24.759926248834528,0.8555704451496908,0
24.93906881407263,0.8613489114473147,0
24.73663684063402,0.8661495325330435,0
24.718722584110207,0.8705785647065627,0
24.184876864981103,0.8751555289588115,0
24.023648556266817,0.8828185110434934,0
24.28519845095356,0.8908420140140635,0
24.94802594233453,0.8948533300905174,0
24.77246535368164,0.9022025964846875,0
25.016096618246788,0.9075174070430552,0
25.24181799988591,0.9128189987870133,0
25.546360360790683,0.9157221780581856,0
25.953013109161617,0.9234528336853338,0
26.121409744644104,0.926229691975817,0
26.49939793313783,0.9341821562501605,0
25.965552214008728,0.9419736660322722,0
26.33279447274684,0.9491577764982084,0
26.440280011889698,0.9546583619695969,0
26.47610852493732,0.9649771745692586,0
26.93292206629448,0.9735331380621978,0
27.293000371862178,0.9820804168946127,0
26.393705569086464,0.9886963909536376,0
26.399080720763163,0.9968864097282288,0
26.354295079453635,1.0044475499713907,0
26.429534082134083,1.0142312921813097,0
25.12716850757264,1.025596026706253,0
25.678924109627765,1.036610441881745,0
25.483660462957346,1.0494834886218338,0
24.11680181547107,1.0592729832364611,0
23.916163017123957,1.0702372304288041,0
23.572210166586355,1.079458888158668,0
23.346488784947237,1.0928098665217028,0
23.301703143637702,1.1050512063000937,0
24.106055885715456,1.119731384647853,0
24.401641118358324,1.1353411332267762,0
24.779629306852048,1.1544935392295912,0
25.207782661929784,1.1687600782969283,0
25.88493805965158,1.1869382922292142,0
24.217123401443523,1.2028098254014254,0
24.27982329927686,1.2239575158734382,0
24.63094010298487,1.2446323552421195,0
24.93727563898113,1.2660430768455933,0
24.54136882036582,1.2835368346085767,0
24.716929409018714,1.3005100258552167,0
24.8799508928245,1.3203707496160542,0
24.39268399009642,1.3415546172141948,0
24.60765506838214,1.3639630288118911,0
25.07879651608012,1.3834261472360574,0
25.664596203286944,1.4004650896538355,0
26.31309141472932,1.4162768548259794,0
25.483660462957346,1.4339644781580634,0
24.919361382457325,1.455217874620932,0
24.83695405300869,1.4759467701212354,0
24.71155425734201,1.4962850307450608,0
24.570033380243025,1.5122700147841612,0
23.77643094151868,1.528507351394444,0
24.43030130463775,1.5494496857873006,0
24.136509247086376,1.5726491894522736,0
24.27444814760016,1.59362754276611,0
24.611237044967343,1.6125792839435715,0
24.22428735461393,1.6301157768396917,0
24.02544173135831,1.6526351390146734,0
24.439258432899656,1.6730905402076919,0
24.97131097693726,1.6980278371543138,0
24.722304560695413,1.7157936125669158,0
24.60406871819915,1.7313833347879541,0
24.93190048730444,1.7481811347496443,0
25.071632562909716,1.7754840131202534,0
25.417378588538806,1.801072286336293,0
25.859859849957363,1.826590960324921,0
25.232860871624005,1.849893137025634,0
25.304517897719244,1.8678257963700025,0
25.9315168760526,1.890820572162013,0
26.538808422770654,1.9087148964319962,0
26.501191108229325,1.9306993531653478,0
26.692872778314538,1.9510687844148722,0
26.91859415995366,1.97430125995422,0
26.837980005596517,1.999375556056763,0
27.09236157351506,2.019623464735614,0
26.379373289147857,2.0404354419348034,0
26.904261880015053,2.061173405382884,0
26.94546554473937,2.083724347517159,0
27.91104222193363,2.103056563566813,0
27.722942528433624,2.124205268420358,0
28.106305868604046,2.140180964092946,0
28.45384506932464,2.159865382451953,0
28.78167683842992,2.1765078240776745,0
28.50221268721937,2.1956215871492115,0
28.70464466065798,2.214564021777371,0
29.54661471727706,2.2294254888155884,0
29.514368180814643,2.2460914344026985,0
29.45166828298131,2.253327474284372,0
29.754417468794585,2.271327394297798,0
28.99664791671564,2.289127895750556,0
29.856532229858534,2.312572832982991,0
29.63797480138982,2.3302439066720284,0
30.007010235219425,2.347923041219372,0
29.964017769001394,2.3584511422233994,0
30.148531112318413,2.374122465846772,0
29.371054128624163,2.3893006488466315,0
29.591400358586583,2.408775772136234,0
28.989479589947447,2.4283936297537534,0
28.15825983668177,2.4486417582930593,0
29.11487938561412,2.4742332036660972,0
29.462418586334707,2.496374378962562,0
29.56452897380087,2.5116285277389494,0
29.58781838200138,2.530323687260582,0
29.374636105209365,2.5410791695963173,0
29.129211665552724,2.5507306694858314,0
29.52153213398505,2.56257536120434,0
29.99088915378711,2.5769924746764534,0
30.80061267394377,2.5948861755831363,0
30.98333721576708,2.6102547245275876,0
31.081865626648035,2.626765127496554,0
31.71065778007289,2.639604836615922,0
31.72498568641371,2.653130862011725,0
31.798435887600444,2.6651274450174185,0
31.407904220661827,2.674865495427477,0
31.316544136549066,2.6843163420378926,0
31.506432631542783,2.699403228086457,0
31.45627183855656,2.718661657130788,0
32.160302994661855,2.732141280373794,0
32.63144881595762,2.742801548316528,0
33.281737202491485,2.7510851796601328,0
33.21186897788996,2.7552834015428913,0
33.58806836488997,2.761410850999616,0
32.819548509457626,2.7698907268574033,0
31.29683670493376,2.780871671448308,0
30.20944220865804,2.791657349015865,0
30.51577337105652,2.810596357915116,0
32.09402112024331,2.8265344777703936,0
33.86215736442382,2.8397374574629746,0
35.06241255151911,2.8620122613063446,0
34.75070623744392,2.877330108717493,0
34.99971265368577,2.8929225233366154,0
36.932663556763565,2.898389225442448,0
36.61199574082869,2.9126250566522476,0
38.35863575190019,2.9246796140282165,0
38.26190051611072,2.942405531176607,0
36.03157557889635,2.952893262810413,0
37.02939879255303,2.9726695797888723,0
36.140849919532926,2.981528948186979,0
37.03835592081493,2.9952848222733723,0
36.79293148115829,3.008986757113558,0
36.54571386641015,3.023060643157067,0
34.84385949664818,3.0422575405389396,0
35.23617996508051,3.064675703544287,0
36.65857455722971,3.0872647878777735,0
38.45178901110444,3.0989257868273747,0
37.91436131539014,3.1184438325269106,0
36.39523586104926,3.13398104036457,0
37.09030551529487,3.15832267926584,0
35.02300206188628,3.1762995959273495,0
35.38666234403919,3.204449623255226,0
34.331510010628094,3.2286571913796913,0
35.035541166733395,3.2621930319680317,0
34.34226031398149,3.296821928119203,0
35.18243719550908,3.327725316099753,0
36.1032326049916,3.360353126021659,0
36.62274604418209,3.3938011382199855,0
36.31820368327732,3.4243821073065384,0
37.59549104814454,3.45691712256553,0
36.44002150235878,3.485512438998864,0
36.34149309147783,3.5253370746575428,0
36.76247811978737,3.5741225650024964,0
36.257292586937695,3.622109484164262,0
37.72089084381121,3.658827771514194,0
37.35543738656681,3.6927775725832146,0
37.77284043829115,3.7242023432124074,0
37.36439451482872,3.7635580561405635,0
36.86279533216203,3.797665498281911,0
37.03119196764452,3.8304850210026284,0
36.83054879569962,3.8682052017247313,0
36.837717122467815,3.901379405593129,0
37.90540418712823,3.92909944774225,0
38.80649216499544,3.9615263977887483,0
38.18307516324729,3.9922748148041656,0
38.00751894819218,4.023145057090125,0
38.06484369434881,4.050470205395592,0
37.67610520250169,4.078723166553583,0
37.8480794409716,4.116361741974829,0
36.76784889786628,4.1530384827806905,0
36.94162068502547,4.201821266800952,0
37.05627017733874,4.2538839597062585,0
35.984996762495335,4.3008618445495195,0
36.35582099781865,4.343939873166528,0
37.11359492349538,4.384655372105708,0
37.31602689693399,4.419969563051737,0
37.02223483938261,4.466551890165042,0
37.03835592081493,4.499471274529507,0
37.03298076913823,4.542968803995297,0
36.58154237945777,4.588623619077044,0
36.66394970890641,4.635490496816064,0
36.76784889786628,4.683129678824979,0
37.45934094912447,4.731815606589989,0
37.37872679476733,4.780792789223342,0
36.9899883029202,4.834600610836269,0
37.396641051291134,4.8859465332637475,0
37.174506019835,4.933245955573525,0
37.40559817955304,4.982471513142936,0
38.28160357412825,5.031459559325925,0
38.94980621718592,5.090649781252671,0
38.14187587212075,5.140614377351638,0
37.72805479698162,5.188550953601831,0
37.06522730560064,5.234422928317827,0
36.61916406759688,5.300181762829041,0
36.87533443700914,5.3649865344031475,0
36.38090358111065,5.424394860563866,0
36.33432476470964,5.476358269866558,0
37.31065174525729,5.539708953481584,0
37.788961519723465,5.595668530644579,1
37.92331844365204,5.665249547894801,1
37.88928310569592,5.731980344328214,1
38.252943387848816,5.802267488174238,1
38.94801741569221,5.870232867517516,1
37.40739135464453,5.924462805480521,1
37.3321479783663,5.985178920571361,1
37.5077085670192,6.051104990379821,1
37.08672353870966,6.121212806497103,1
37.10105581864826,6.193966725389125,1
37.02402364087632,6.259178670032506,1
36.69619187177104,6.3163043768119,1
37.23361956748535,6.386436657036476,1
37.11717690008058,6.458020766445949,1
37.788961519723465,6.527309989373411,1
37.77821558996785,6.615341462634722,1
38.0433474612398,6.697610311852629,1
38.32997556562076,6.778824342886363,1
38.81724246834884,6.846741085421039,1
39.56784806725737,6.9285269928596165,1
40.92395641139025,7.018425335177559,1
41.708601721852695,7.122059237895147,1
41.21775284253941,7.215935663260758,1
42.0668868523289,7.318482620622086,1
42.51295446393044,7.419656887899916,1
42.6061077231347,7.520917708502946,1
42.6114828748114,7.5836163597212085,1
42.49145385722364,7.664214046079454,1
42.71538206377127,7.733110390747674,1
43.3029705524718,7.802150326224872,1
43.42299519646177,7.8727597191432075,1
43.29580659930139,7.975663433018442,1
42.61327167630511,8.082081724221819,1
43.11128888238659,8.177238050256866,1
44.3509545591147,8.244844760002431,1
45.0657360185734,8.338424716534188,1
44.1968945771686,8.415628696363871,1
44.28287950960466,8.50317821918367,1
44.97078958427765,8.588618916540847,1
45.78767705760472,8.66767934011549,1
46.14417338658721,8.753275289754965,1
46.62248316105339,8.842058567580743,1
46.12446595497191,8.969462062597753,1
46.86074364753962,9.080464538796527,1
48.073537939482016,9.172187338307388,1
48.5769302972402,9.239084579276907,1
49.77181033265878,9.343966600270774,1
48.03412744984919,9.410605542098464,1
48.5643868187953,9.497666973731805,1
50.94161215838314,9.570321570375844,1
51.48083302918894,9.644595584805154,1
52.16515238008115,9.728434273716385,1
54.01570032730809,9.83865065230914,1
52.39803771489069,9.936188630367054,1
55.02247629562888,10.021934846932547,1
50.56720157287684,10.089419424396441,1
49.7915133906763,10.16178679409178,1
51.24436134419642,10.221431402633975,1
51.117168373438254,10.293491332474476,1
49.03015748841437,10.334622544246766,1
48.3906194052339,10.387846370266598,1
48.70411889440058,10.412660806526823,1
49.01941155865875,10.454411207130226,1
48.67724750961487,10.497756557489511,1
49.00149730213494,10.574649702152541,1
48.05920565954341,10.620524077204799,1
48.64321217165874,10.664014955279853,1
48.636043844890544,10.715104122253823,1
48.98537184710485,10.780503286461595,1
50.99893253094199,10.8284760413649,1
50.90936124832295,10.86301700829274,1
52.657794434485936,10.905227267329561,1
52.344294945319255,10.973637440343783,1
50.56541277138313,11.041439362232468,1
50.21966674575403,11.108895131823749,1
50.094266950087366,11.183520450367052,1
50.38805900763874,11.256993102063085,1
50.00827764405352,11.317233412957599,1
50.37014475111493,11.377211143810005,1
50.64244057555729,11.430442396254081,1
51.48979015745085,11.493347849128625,1
51.95556082706992,11.546931330680149,1
52.90680085072778,11.592013500665828,1
53.2830002377278,11.612838651537857,1
52.33892416724034,11.65949159674725,1
52.56642997677539,11.723389946891041,1
52.790358183323015,11.765136913205232,1
52.81006561493832,11.787475922760981,1
52.34967447059374,11.79098137236411,1
52.69900247280804,11.850103033901505,1
52.51448038229545,11.863966329920375,1
54.110642388006056,11.898116235181952,1
54.3721922826928,11.940448360961648,1
54.49042812518906,11.970193045750307,1
54.45101326195845,11.984971978174464,1
55.22132629248229,12.022595590985757,1
55.078012240291805,12.022793123712155,1
55.470332708724136,12.046655667720842,1
56.960802350383375,12.070992054210752,1
57.64512170127559,12.070376902278642,1
57.60571558524054,12.056566708302988,1
58.474557026645336,12.091062883345419,1
54.82004869578805,12.108176490899567,1
55.62619023935951,12.123242749254029,1
54.82900582404996,12.104378479744714,1
54.628362652105054,12.108099111814008,1
56.82285907627181,12.100866310239784,1
57.63438014511775,12.115511144553428,1
57.04499410772794,12.12596119632506,1
57.05216680809392,12.088567780773872,1
57.77947862520416,12.062059452997335,1
59.82170386891852,12.077900279736845,1
59.55120559316544,12.069921198504383,1
60.21581751244235,12.01438409820373,1
60.03667494720425,11.956523217790986,1
59.53686893962905,11.91684907546834,1
62.60379315538359,11.852051504593147,1
63.89719722808535,11.81586356817906,1
65.27659498041874,11.74014544610266,1
66.48402286787999,11.707813019471834,1
68.33814841809435,11.62906564251349,1
68.34172602108177,11.557078799841646,1
72.31332019128872,11.484107123337369,1
72.6142762020105,11.384796523241123,1
61.78510813336723,11.294964699911317,1
60.1477468365301,11.212455776985195,1
65.18523926990375,11.152316382915906,1
65.48440210553404,11.094918587478794,1
64.42746097062924,11.032364369209562,1
66.03616645478473,10.960404708963408,1
67.82221258189128,10.882596288741881,1
66.9784493501807,10.800003268177406,1
68.19304119081237,10.743729018091072,1
65.54352440037995,10.677230521435597,1
67.30449231779227,10.597832920563631,1
