signal,anomaly_score,is_anomaly
-1.4802808623273378,2.4823208154562133,0
-1.5237130628236948,2.7185427720665105,1
-1.6336684043071532,2.640742553661387,1
-1.6721528157709973,2.5734083378297883,0
-1.6782003931082947,2.4555928852408786,0
-1.7744113169063207,2.339030224119058,0
-1.8277396197756268,1.988305289462453,0
-1.825540567473982,1.8395625087083658,0
-1.785956577428523,2.020599480879595,0
-1.883816869098971,1.9263164849250634,0
-1.9365954875390552,1.4662942297940103,0
-2.041602830266831,1.4468695304640247,0
-1.8777692917616733,1.30525803283895,0
-1.7315288008391867,1.056407593788629,0
-1.8332374078221167,0.8183942043558765,0
-1.772212159743091,0.6203753383043231,0
-1.7254812235018888,1.028011136255433,0
-1.67490165736345,1.2572531760889962,0
-1.6529107149006597,1.1625689480190426,0
-1.7628659515225331,1.2336326233836052,0
-1.8585271908913368,1.3626473723711443,0
-1.7265808020835036,1.3988266232504136,0
-1.7573682683376286,1.3285437891084235,0
-1.8029997308588,1.6927843297204428,0
-1.868972872831924,1.9355091761744523,0
-1.9651837966299497,1.8161597141512773,0
-1.9921228427100075,1.832298637927799,0
-2.0602952467079456,1.8200280222812102,0
-1.882717290517356,1.7002788199227417,0
-1.9047083378417315,1.4418842619676215,0
-1.8156445699626176,1.493106700301807,0
-1.8095969926253204,1.363866202998657,0
-1.8717218192859613,1.5336739788407958,0
-1.7705628967322529,1.3877226838065035,0
-1.749121533837101,1.6497043607841326,0
-1.7337277482792457,1.3834274985472579,0
-1.6831483918639771,1.343659388030242,0
-1.699091966712639,0.928374452945541,0
-1.6457635589817476,1.0007179977028433,0
-1.6100279891103553,0.8955806491695686,0
-1.595733886995701,1.0941980278760302,0
-1.6006818857513834,1.0979484719417931,0
-1.526462114139317,1.0351088003714435,0
-1.417606141514303,0.8409459409999289,0
-1.4945749644419926,0.7785544489732701,0
-1.3961648834807368,0.6094489371193271,0
-1.4209048772591486,0.7641227871700794,0
-1.384619622958534,0.8936302465160996,0
-1.457190131559763,0.9556269228894626,0
-1.5033713833717424,0.9733466236438961,0
-1.3868187801217635,0.9971409853451434,0
-1.2911575407529603,1.003143457325919,0
-1.3329406879616503,0.9076925525548253,0
-1.307101115601623,0.917385589311577,0
-1.2224354523257992,0.9458031289829804,0
-1.3136983773681432,1.0992296323709343,0
-1.3318411093800346,1.0633798311281384,0
-1.3356895295541025,1.2423173325385197,0
-1.3967147776331288,1.1427626990699795,0
-1.394515620469899,1.149401031519646,0
-1.393416041888284,0.9774378488324972,0
-1.4786313895933303,0.9047031340852292,0
-1.5385570590907418,0.889836960004906,0
-1.5281113771501544,0.7795786576431578,0
-1.425852876014831,0.6564682574078189,0
-1.4527920269564731,0.5994302744459996,0
-1.3175467975422106,0.7253749906521122,0
-1.2823611218232107,0.6135394731164848,0
-1.18285167200351,0.5944528447190468,0
-1.205392508618692,0.547407289997562,0
-1.2196866107333468,0.42168116550499196,0
-1.2823611218232107,0.43714322845924997,0
-1.314248271520535,0.5508404435858362,0
-1.2427771317777514,0.6576907593842414,0
-1.1575617840727055,0.5442236834356429,0
-1.1273241071093882,0.45627287231188773,0
-1.0970864301460712,0.42329927277839,0
-1.1570120996434827,0.5098051313684334,0
-1.0800432767157944,0.5647887046626655,0
-1.0091220311254023,0.7644928255434107,0
-0.970637829384728,0.8112228173071561,0
-0.9766854067220256,1.0044280671142036,0
-1.0393599178118893,1.0902301326329495,0
-1.1014845347493607,1.0237246457408158,0
-1.0943375885536184,0.9161885463375271,0
-1.064649596019524,0.9925906485686311,0
-1.0459571795784095,0.8315079713156797,0
-1.113030004994734,0.8699815735077403,0
-1.0459571795784095,0.9656969417854089,0
-0.9596422532917483,1.0564269593005213,0
-0.9338026809317213,0.8877264057781233,0
-0.960741831873363,0.9878278634877166,0
-0.8777254316083775,0.77680034275168,0
-0.8452885974818296,0.6006268919452431,0
-0.8518860689715205,0.42211032924313346,0
-0.8535353319823575,0.36420478613383217,0
-0.8760761685975397,0.42379570447680065,0
-0.8579334365856472,0.43104881692031016,0
-0.8282456537747226,0.3378606416150114,0
-0.7765665090546682,0.4550020960444616,0
-0.7809648233811286,0.35192552825174217,0
-0.7892113481584859,0.21853714617263426,0
-0.8018563969854738,0.17372825148480972,0
-0.8068043957411558,0.3319962742645443,0
-0.798007976811406,0.4601539980545359,0
-0.8282456537747226,0.4719154135078136,0
-0.7694195628589268,0.4762500331759,0
-0.7325844144059194,0.5966000796006987,0
-0.6847538995831026,0.40684610874982313,0
-0.7215888383129391,0.489911296172313,0
-0.8035056599963107,0.5619805711052642,0
-0.8139513419368984,0.5055650507501949,0
-0.8353925999704651,0.5428780446479324,0
-0.861782066482885,0.5715260286358403,0
-0.960741831873363,0.7277110464062775,0
-0.8634313294937224,0.6920922248010513,0
-0.7870124007184257,0.7510958967633697,0
-0.8156008146709061,0.6150507269786402,0
-0.8002069242514661,0.6533181579802633,0
-0.7463288320913516,0.7151558051533329,0
-0.8821237459348371,0.7215521838754735,0
-0.9541443603836732,0.7775830843254946,0
-0.8705784854126352,0.7649201989388117,0
-0.7589736711951693,0.7658248420069667,0
-0.844189018900215,0.7734362417470086,0
-0.8079037645996006,0.5988411722142548,0
-0.9393005738397966,0.6143954461824921,0
-0.8936690064570394,0.516301049639988,0
-1.01956792278916,0.4663046169359585,0
-1.0047239265221126,0.4429121733145484,0
-1.0404594963935048,0.3226913345565876,0
-0.9283049977468164,0.4951165851921384,0
-1.041009180822727,0.3868909930060046,0
-0.9898799302550654,0.22619180688518345,0
-0.975035933988018,0.22928102467480427,0
-1.014070029881085,0.23129563126168928,0
-1.0465068640076314,0.2625796142594491,0
-1.0305634988821402,0.5065359582277384,0
-1.041009180822727,0.5184985190165095,0
-1.071796751938437,0.5865610943921717,0
-1.130072948701841,0.41220201868740114,0
-1.1416184189472132,0.4985189202903156,0
-1.1965960896889425,0.42385133546830267,0
-1.2394786057560765,0.3618666411664143,0
-1.2141889275484423,0.4760185110602924,0
-1.298854381101095,0.4695254972854294,0
-1.3290922677875827,0.5046176995460278,0
-1.2565215494631836,0.4647556514971569,0
-1.1960461955365496,0.4273949403734198,0
-1.203193351455462,0.2829965500087774,0
-1.136120526039138,0.288928948414878,0
-1.1498649437245705,0.24263941845575684,0
-1.2081413502111442,0.2816916501720594,0
-1.110280953679111,0.30837644145439863,0
-1.0553032829373816,0.3244922583658642,0
-0.9865811945102204,0.25022058957389537,0
-0.940399942698241,0.2596865613402459,0
-0.9288546821760392,0.21577175190535325,0
-0.8502365962375128,0.15127427493235618,0
-0.8337433369596278,0.10957260373651645,0
-0.914560580061384,0.14098160478430152,0
-0.8568340677272029,0.18659897857218297,0
-0.9299542607576538,0.21063949270742396,0
-0.8991666896419441,0.1775033643832699,0
-0.8821237459348371,0.1392639196331977,0
-0.9184090002354516,0.13448658955322454,0
-0.9530449915252288,0.11929255529091948,0
-1.0437580224151797,0.11181454456184076,0
-1.1284236856910033,0.08932999259719218,0
-1.0580523342530048,0.1072340568203419,0
-1.036610866496267,0.11553639318510976,0
-0.9997759277664302,0.11554969733860328,0
-0.8832233245164517,0.1375674191281345,0
-0.978884354162086,0.12576829461406946,0
-0.9563435175469036,0.11765797756297836,0
-1.0327624463221992,0.13421094532120556,0
-1.1053329549234283,0.10883413386793342,0
-1.0871904326347064,0.08920132270188608,0
-1.1355708416099153,0.09308371035686148,0
-1.1207268453428685,0.08675437365946048,0
-1.113030004994734,0.064889162707303,0
-1.00857234669618,0.04747455821317533,0
-0.954694254536066,0.027177799758486828,0
-1.0558531770897743,0.020440999057921166,0
-0.976135512569633,0.008875979554176579,0
-1.0454074951491872,-0.001170187217520969,0
-0.914560580061384,-0.012352417164738573,0
-0.8716778542710796,-0.013480527716592541,0
-0.8491370176558974,-0.020878641159689102,0
-0.8177997621109651,-0.020127050952157992,0
-0.824397233600656,-0.0222992252556568,0
-0.7617225127876213,-0.02700246600539988,0
-0.7281863098026299,-0.018731630328984655,0
-0.762822091369236,-0.0016436785654688486,0
-0.7089439992091225,-0.0232268728205764,0
-0.7424804119172842,-0.014801409329767501,0
-0.7281863098026299,-0.02731652841938723,0
-0.7331343085583124,-0.019710841691267623,0
-0.7556751451734945,-0.016545079610476715,0
-0.7364328345799871,-0.0023099057518757918,0
-0.664412220131151,-0.007910635790411642,0
-0.7287359942318519,-0.020361272219668578,0
-0.7056454731874477,-0.028793532630186133,0
-0.7237879954761695,-0.01825782876957181,0
-0.7545755665918787,-0.02034890079877028,0
-0.7974580826590133,-0.018646188251741844,0
-0.7677700901249191,-0.018609826106404166,0
-0.8238473394482629,-0.020233878318586657,0
-0.9250062620019712,-0.01928628919548462,0
-0.9354521536657288,-0.0295857679526808,0
-1.00857234669618,-0.037408463801184774,0
-1.0459571795784095,-0.047229723393000245,0
-1.0783940137049566,-0.05627963319847085,0
-1.0333123404745923,-0.06719039032053942,0
-1.02836434171891,-0.0671803935944505,0
-1.0124207668702474,-0.0694731950323934,0
-1.0459571795784095,-0.07004927041452712,0
-1.1196272667612537,-0.09804554218021558,0
-0.9827327743361524,-0.1143695024923354,0
-0.9959275075923628,-0.1297231496617905,0
-1.0041742420928903,-0.10772348089133017,0
-0.9893302458258434,-0.11022190820757195,0
-0.8903702707121943,-0.08380515550064556,0
-0.8606824879012696,-0.0823291667681838,0
-0.864530908075337,-0.0703238776768693,0
-0.9689883566507204,-0.0827601782837164,0
-0.9129111073273763,-0.08031668423547023,0
-1.0146199240334774,-0.08496097789307999,0
-0.7831639805443591,-0.06256740712980562,0
-0.6941000029420745,-0.06809606062493541,0
-0.6600139058046904,-0.06206019227753564,0
-0.6539663284673934,-0.07363550304808365,0
-0.7012471588609873,-0.10463177919982858,0
-0.7650212485324663,-0.08623986182088389,0
-0.7061951576166697,-0.10050090753931536,0
-0.6699099033160554,-0.11129659986110765,0
-0.5967895005624339,-0.12083657789662745,0
-0.5885429757850766,-0.13450153646664886,0
-0.6951995815236903,-0.11601694468859218,0
-0.7028964218718243,-0.12093633964344004,0
-0.6479187511300952,-0.12135762351301406,0
-0.6358238061786705,-0.10805266657439282,0
-0.6297762288413735,-0.10115891329896574,0
-0.6154819170035486,-0.10140760995834615,0
-0.5901922387959141,-0.08929934180368959,0
-0.5863438186218466,-0.0937977071154899,0
-0.5379634096466369,-0.08958363293601226,0
-0.5291669907168871,-0.07247674548242194,0
-0.5451105655655498,-0.07493044270790136,0
-0.5478594071580025,-0.05694221582832041,0
-0.6242783359332984,-0.05424901412295664,0
-0.573149295088807,-0.045117515068962576,0
-0.5456604597179424,-0.035515522318858884,0
-0.5330154108909548,-0.0298110091683966,0
-0.6446202251084204,-0.022465838773501584,0
-0.7072947361982848,-0.018984750782372634,0
-0.6286766502597585,-0.010376374101699202,0
-0.5868937127742393,-0.008441837607385608,0
-0.6220793884932383,-0.005770243776996349,0
-0.6160318111559412,-0.005390215685232753,0
-0.6930004243604598,-0.0017608074260210787,0
-0.6770570592349674,0.0012859025644585507,0
-0.6193305469007863,0.0030902619965080835,0
-0.601187814888894,0.012410331383878424,0
-0.5775473996920968,0.02207740307761462,0
-0.601187814888894,0.03761295915289412,0
-0.5445608811363271,0.05164589225891004,0
-0.5780972938444894,0.05648332142548225,0
-0.6077850766554141,0.08155778456925314,0
-0.5978890791440485,0.11438264765827194,0
-0.5390629882282527,0.13917936912472118,0
-0.5577554046693675,0.16536318957270363,0
-0.5418118298207047,0.1999334276805631,0
-0.5868937127742393,0.22659561672467918,0
-0.6330749645862186,0.23325464048124417,0
-0.6237286515040761,0.22044072507996426,0
-0.5874433972034616,0.20686186296014067,0
-0.5401625668098673,0.16746586895020998,0
-0.5912918173775291,0.17318282303225097,0
-0.5764478211104818,0.1675878964256067,0
-0.5813958198661642,0.1973598647437393,0
-0.567651402180732,0.14253136368397992,0
-0.5654522450175015,0.15119466996010372,0
-0.5291669907168871,0.1229687618170434,0
-0.5550065630769146,0.07562049865011014,0
-0.5077257326833203,0.010804109947469855,0
-0.5330154108909548,-0.015489542187303074,0
-0.5297168848692801,-0.031089644713005363,0
-0.5319160420325101,0.0072544580248864515,0
-0.5418118298207047,0.017800703297360176,0
-0.6088846552370287,0.12283192825763037,0
-0.5693006651915693,0.15075274594962637,0
-0.5764478211104818,0.17754797102783906,0
-0.5797465568553268,0.2536336654097425,0
-0.736982728732379,0.27619228868555673,0
-0.7919603994741081,0.3107850331095723,0
-0.8353925999704651,0.32309481637323534,0
-0.8403405987261472,0.31204885280717304,0
-0.8777254316083775,0.3919480931228088,0
-0.815050920518513,0.4385889158352107,0
-0.8210984978558105,0.4524683135250866,0
-0.8194492348449727,0.4813111353239972,0
-0.8502365962375128,0.5030731784064897,0
-0.8986170052127218,0.48809997142938744,0
-0.8601325937488777,0.4348433777783659,0
-0.878825010189992,0.4538540518911565,0
-0.8639810139229451,0.380701337161751,0
-0.8771757471791547,0.3547879649623677,0
-0.8419900714601548,0.38027539475750544,0
-0.7793155603702913,0.3573775827312613,0
-0.7331343085583124,0.3177901578289827,0
-0.7193898908728801,0.2808365332127159,0
-0.7391816761724391,0.23966831347468132,0
-0.6957494756760821,0.23320572289151792,0
-0.6891520041863921,0.17271009560972567,0
-0.6589143272230755,0.1560771976776608,0
-0.6292263346889809,0.21953580543637252,0
-0.5830450828770016,0.19912286457951273,0
-0.5654522450175015,0.25877523834038285,0
-0.5813958198661642,0.2986947417237511,0
-0.5775473996920968,0.36297005119366843,0
-0.6066854980737983,0.3983848276701101,0
-0.6198802313300087,0.3545552938739506,0
-0.7281863098026299,0.3627687076427923,0
-0.7375324131616018,0.4494640360833888,0
-0.7732679830329934,0.4541616708451054,0
-0.7947092410665609,0.5947055253038667,0
-0.7765665090546682,0.5471942716871007,0
-0.7732679830329934,0.6082253419049469,0
-0.809003343181216,0.6638659009133295,0
-0.7892113481584859,0.575392309383741,0
-0.816150499100128,0.532615498978428,0
-0.8810241673532221,0.4673476982175135,0
-0.8722277484234722,0.4312955142872035,0
-0.9986763491848152,0.4634774897400605,0
-0.9601919377209712,0.4485254406832335,0
-0.9486466771987684,0.4116513860337913,0
-0.978884354162086,0.33917241430002415,0
-0.8991666896419441,0.2856530345054949,0
-0.8716778542710796,0.2415863755367243,0
-0.8711281698418573,0.240344150340757,0
-0.8156008146709061,0.22161944142973097,0
-0.8260464966114929,0.24896606408322805,0
-0.8035056599963107,0.2691590288216827,0
-0.7881119793000415,0.20912486934843028,0
-0.7342336774167567,0.23425727996650905,0
-0.7122427349539672,0.20381582455951117,0
-0.6715591663268932,0.18904234746577225,0
-0.6776067436641902,0.2148291046652429,0
-0.8128517633552826,0.2052144117926287,0
-0.763371985521629,0.1941429743523316,0
-0.7710688258697638,0.1958603875191242,0
-0.8447389130526076,0.2746420896299522,0
-0.8425397558893776,0.2966675709214703,0
-0.8810241673532221,0.2680347498430174,0
-0.8953182694678763,0.27847543643528005,0
-0.8518860689715205,0.30032279366221243,0
-0.9876807730918356,0.25085430045615614,0
-0.9920790874182952,0.28310302181049224,0
-0.981633195754538,0.24352396258349354,0
-0.9678887780691056,0.22314583673342972,0
-0.9469974141879308,0.20030570618791835,0
-1.042108759404342,0.21753032003274786,0
-1.056952755671389,0.24418488603805139,0
-1.0415588652519494,0.16328189876000154,0
-1.071246857786044,0.17064474929702234,0
-1.124575265516936,0.1474864386134632,0
-1.16305967698078,0.11932691985658683,0
-1.1515142067354078,0.09623622381164897,0
-1.1366704201915308,0.06575869905518904,0
-1.1163285310164086,0.04267831763859662,0
-1.069047700622814,0.038283761783829806,0
-1.0415588652519494,0.045135007082345156,0
-1.0311131833113625,0.045815848780563016,0
-0.970087935232336,0.0429000502871032,0
-0.913461001479769,0.032018617799631464,0
-1.0201176072183826,0.022732388246713506,0
-0.9986763491848152,0.008814331888787745,0
-1.0695975947752066,-0.001593245690140048,0
-1.0602512816930638,-0.013478904675742925,0
-1.025065605974065,-0.026059053887813686,0
-1.0003256121956523,-0.045573842798292616,0
-0.9678887780691056,-0.05700454599585481,0
-0.9425990998614714,-0.06552075644862354,0
-0.9711875138139506,-0.0683811719892569,0
-0.9502959402096056,-0.08713062677423634,0
-0.9107121598873162,-0.08023311464781026,0
-0.9288546821760392,-0.08139529131796351,0
-0.984931931499383,-0.06570969753174843,0
-0.9535946759544508,-0.07563787293065527,0
-0.8683793282494048,-0.07774744897114683,0
-0.8210984978558105,-0.10722267411881206,0
-0.8051549230071485,-0.09644132663350376,0
-0.768319984277311,-0.0836094471018611,0
-0.7430303060696768,-0.08300436939860194,0
-0.7985576612406283,-0.08218381184922442,0
-0.7749172460438312,-0.09575842719938053,0
-0.8057048171595405,-0.04149141089718047,0
-0.7754669304730536,-0.06681283514429649,0
-0.7859128221368111,-0.06792655213483675,0
-0.798007976811406,-0.08957650703359875,0
-0.7765665090546682,-0.06480589832936844,0
-0.8298949167855604,-0.042672406837224855,0
-0.8172500776817431,-0.01589368567621443,0
-0.8848725875272895,-0.019976324383854258,0
-0.8870717446905195,-0.022597308123594877,0
-0.929404576328431,-0.08811519068829994,0
-0.912361422898154,-0.1387600063294806,0
-0.8342932311120204,-0.0838114882665221,0
-0.896967742201884,-0.10259350172019967,0
-0.8821237459348371,-0.09838842703210286,0
-0.8397909142969252,-0.13174394270141812,0
-0.8936690064570394,-0.012441596103536692,0
-0.8694789068310195,-0.02207938081680868,0
-0.9409498368506336,-0.018027593947580002,0
-0.9480969927695464,-0.007832240611899252,0
-0.9744862495587951,0.01724909914422125,0
-0.9046645825500192,0.04316164121561391,0
-0.9013658468051746,0.03654124599593561,0
-0.8260464966114929,0.13919333328938568,0
-0.7985576612406283,0.11169930101393555,0
-0.8024060814146958,0.2795282513126725,0
-0.8909201648645869,0.27738868782062104,0
-0.85848333073804,0.36029406773567746,0
-0.84968691180829,0.2729891918688883,0
-0.7908608208924935,0.289186194402584,0
-0.7584239867659465,0.34688704451651897,0
-0.7584239867659465,0.3700678688678891,0
-0.7573244081843316,0.361031592392935,0
-0.7809648233811286,0.44070930963678673,0
-0.7298355728134669,0.37435262393320756,0
-0.7221387324653321,0.43919417264195904,0
-0.7160911551280347,0.34195135217625977,0
-0.6303259132705963,0.5470317446005794,0
-0.649018329711711,0.48753887216928793,0
-0.6347242275970559,0.46333410980214285,0
-0.66661116757121,0.3408835114799664,0
-0.6605637999570831,0.3450878896081234,0
-0.7204892597313245,0.34060048836013945,0
-0.7292858883842446,0.4540078212003337,0
-0.753475988010264,0.2553527146440069,0
-0.7089439992091225,0.09679554496921684,0
-0.7914105053217163,0.14278182288757416,0
-0.7754669304730536,0.32428957204767106,0
-0.70179705301338,0.33269073314340264,0
-0.6809054794090352,0.3958883964265793,0
-0.7193898908728801,0.20767969877739742,0
-0.6726587449085077,0.07165710644455973,0
-0.6495682238641028,0.0941258493410162,0
-0.649018329711711,0.311480105499672,0
-0.6402219107819611,0.4883886272722233,0
-0.681455163838258,0.34497468867502107,0
-0.6715591663268932,0.3123523823544389,0
-0.6479187511300952,0.3704226538626448,0
-0.616581495585164,0.6342830604759441,0
-0.6325250704338259,0.6199164102928298,0
-0.6072353922261914,0.6431335999079828,0
-0.5379634096466369,0.6309742790514508,0
-0.5242189919612047,1.1413900370335828,0
-0.5115741528573882,0.9850912389702582,0
-0.5159724671838478,0.7494544828958756,0
-0.5027777339276382,0.7479038341949559,0
-0.4423023800010039,0.5839599913903318,0
-0.3482906133662083,0.6907311085353739,0
-0.3565371381435652,0.5386066103417718,0
-0.3779783961771319,0.721250304667849,0
-0.3581866108775728,0.6155096342370653,0
-0.3818268163511997,0.9100194959476697,0
-0.380727447492755,0.969566818638872,0
-0.4390036442561589,1.2201132003693282,0
-0.459345323708111,1.4402186537277728,0
-0.4697912153718685,1.7069760457036751,0
-0.3922727080149572,1.6935429335367906,0
-0.4175623862225918,1.7649162643987684,0
-0.3768788175955173,1.860957911371626,0
-0.3114554649132009,1.9358813576068226,0
-0.2603262143455392,1.9039505813727513,0
-0.3065074661575185,1.925366474453961,0
-0.3131047279240383,1.9956698351305688,0
-0.3510394549586604,1.9987830561500541,0
-0.3455415620505849,1.9741838418685813,0
-0.2927630484720862,1.9864934131582666,0
-0.3416931418765183,1.947097061981582,0
-0.3334466170991603,1.8055425176194893,0
-0.4247095421415038,1.9211554082493232,0
-0.3845758676668228,1.5572055319292175,0
-0.3477407192138153,1.4175059159553038,0
-0.3131047279240383,1.3824285220886563,0
-0.3598358738884102,1.6052659161362992,0
-0.3895238664225052,1.6512025076342236,0
-0.3653335570733154,1.6774029616466957,0
-0.3510394549586604,1.4335132297334356,0
-0.3587362953067952,1.3481281418705944,0
-0.3422430360289101,1.5134339580788525,0
-0.3076070447391335,1.3891690578854023,0
-0.2927630484720862,1.423337623299591,0
-0.2867154711347891,1.103156273964015,0
-0.2042489650221954,1.1230461788427868,0
-0.2223916970340873,0.6509623522801263,0
-0.2113961209411075,0.47489550209787795,0
-0.1795091809669531,0.9211240096297844,0
-0.1822580225594051,1.18978657334637,0
-0.1129860399798518,0.8172447498108533,0
-0.0920946760986769,0.7849292777011321,0
-0.1234319316436093,0.9155636047707559,0
-0.1074883567949466,1.02023349115837,0
-0.0398658469493998,1.2499478742247148,0
-0.0063294342412382,1.452649384004951,0
0.006315404862579,1.644032871348566,0
0.0338044499566138,1.5885012991051708,0
0.0024669846885116,1.507476118224751,0
0.0156617179447211,1.7471571534467627,0
0.0145621393631065,1.6396458987615328,0
-0.0173250103342177,1.7154324724349044,0
-0.010727538844528,1.9548606404410291,0
0.043150553315586,1.5591088534143727,0
0.10582506440545,1.6409012753771695,0
0.1003273812205452,1.5464803383327395,0
0.134963162787152,1.6484272408620224,0
0.1030760130898274,1.36018261505378,0
0.0447998163264234,1.4451500698398705,0
0.057444865153411,1.2573479991889756,0
0.1162709560692075,1.4930264338013948,0
0.0970284357525299,1.024563343612856,0
0.0255577154560863,1.1917586560813296,0
-0.0162254317526031,1.1246055691880568,0
-0.104189621050102,1.1704592105602616,0
-0.1393752967691006,1.2714098324191294,0
-0.2465817966601069,0.9742307089164937,0
-0.2416337979044248,1.1235084191673883,0
-0.2471316908124999,0.9176408982005875,0
-0.1696131834555886,0.6287510568216409,0
-0.1289296148285137,0.6573092394950856,0
-0.110237198387399,0.9302775024788564,0
-0.0981420437128037,0.7125091710526027,0
-0.110237198387399,0.7756199906694289,0
-0.0503115288899875,0.4585092923206977,0
-0.0074290128228532,0.4811194608838408,0
0.0123629821998764,0.5454697467694248,0
-0.0371170053569478,0.9457785852959486,0
-0.1124363555506291,1.1393162846109663,0
-0.1481717156988509,1.1106147509757465,0
-0.1338776135841962,0.9839492976149604,0
-0.0613071049829673,1.4694200246857534,0
-0.0596578419721303,1.3304086636617904,0
-0.1393752967691006,1.8270760539384137,0
-0.1960024402448374,1.3850290346737177,0
-0.0904452033646697,1.2020028936035678,0
-0.1278300362468988,0.9663717331583241,0
-0.1635656061182904,1.3543092217036596,0
-0.1498211884328581,1.6391829162170848,0
-0.1371763493290416,1.491421520862404,0
-0.0739519440867846,1.4702655249219094,0
-0.0893456247830539,1.6663311148621271,0
-0.01567553760021,1.412570980809226,0
0.0816347550562602,1.0863677935076217,0
0.0338044499566138,1.4659627431417368,0
0.1206688509493271,1.2801107423859732,0
0.1025265383837752,1.1643991846311113,0
0.0860330693827203,0.8314132293550643,0
0.0382023448367334,1.0544931633330454,0
0.0689901256756132,1.2870584684468243,0
-0.0371170053569478,1.428879021917298,0
-0.0096281699860832,1.3328717910766323,0
-0.0173250103342177,1.3025293122531163,0
-0.007978697252076,1.0773457298417155,0
-0.0893456247830539,1.2016097614345078,0
-0.0145761687417657,1.1547236868149284,0
0.1003273812205452,1.106761921860828,0
0.1723479956693814,1.2241759828774885,0
0.1860924133548137,0.9218636078138173,0
0.2036852512143134,0.7150311606531049,0
0.139361477113612,0.5609061249142676,0
0.1558545266683265,0.5972327507610008,0
0.2630612362825026,0.3062392951134661,0
0.2531652387711378,0.40515907389801736,0
0.25811302780365,0.28692905660783585,0
0.2724073396414749,0.16051084929222165,0
0.2207281949214205,0.07641611114932785,0
0.2399707152380981,0.07154477116211058,0
0.247667555586233,0.18612329742777114,0
0.2427193471073803,0.4621142749404423,0
0.2685589194674074,0.35412456770261835,0
0.1959884108661786,0.2932834914734507,0
0.233373243748408,0.6146995962376591,0
0.2608620791192726,0.4109879510633906,0
0.3317833247096641,0.47691010765815006,0
0.3873108896037858,0.5642935024961603,0
0.2954978606858794,0.3891257691944353,0
0.4098515164957977,0.5629437208684869,0
0.4219466711703926,0.5715987655212346,0
0.3856612071466079,0.6145247380411921,0
0.3999555189844329,0.6608580721171026,0
0.41919761985477,0.5591401296729054,0
0.4290936173661348,0.7237486725270308,0
0.4290936173661348,1.2498748755301456,0
0.4175483568439326,0.9371768903077681,0
0.4703268704224317,0.7869410989145694,0
0.4642792930851342,0.8836572012986964,0
0.4483357182364719,0.6397241533703424,0
0.3862111012990006,0.6625810709954505,0
0.2306241924327854,0.941562370659199,0
0.1674002066368693,0.9922090789827495,0
0.2487669244446777,0.8055296650545233,0
0.1844431503439763,0.6259758189109327,0
0.1168204307752597,0.5303478819031001,0
0.0585442340118557,0.8090282193282113,0
0.1008768559265974,0.7411881320880518,0
0.057444865153411,0.827453457452911,0
0.1245172711233945,0.824729123758362,0
0.1129720106011922,0.7038527584390669,0
0.132764005623922,0.6819996637743605,0
0.1470583174617469,0.7613254093641304,0
0.1624519981580166,0.9414007288774108,0
0.1761964158434489,0.9791675157261314,0
0.0755871777189628,1.0159680204550041,0
0.1190195879384897,0.9292990620468957,0
0.0761370718713554,0.968670899327166,0
0.139361477113612,0.9832176052086063,0
0.1019766442313826,0.9728566628800431,0
0.2691088136198001,1.184431397015395,0
0.2416199782489355,1.3293818176432264,0
0.3763151037876357,1.2131434297398795,0
0.4989154940980815,0.9812479814486167,0
0.5368498016863631,0.7342326331445118,0
0.5753344228733778,1.221802169328884,0
0.5637891623511755,1.330734636699556,0
0.5747845287209852,1.0405260773152052,0
0.5088114916094464,1.0448037929940388,0
0.5560923220030407,1.11332764352322,0
0.5588409538723229,1.2315522038232587,0
0.5731352657101477,1.3601657294774763,0
0.3680683692871082,1.2687612217928241,0
0.3653197374178261,1.2848506155992099,0
0.4027045703000555,1.479935800956236,0
0.2405201899441502,1.5228228116447062,0
0.2416199782489355,1.4515629436079671,0
0.279004811131165,1.503555085369221,0
0.3174890128718391,1.3540153997772928,0
0.3724666836135683,1.3606028982166525,0
0.231174086585178,1.45654495249077,0
0.2658098681517848,1.000593977975449,0
0.3086928036652596,1.104115091726335,0
0.3257357473723666,0.7588865764831232,0
0.2751563909570975,1.1718019866053504,0
0.3543239516016759,1.0499029516091083,0
0.279004811131165,1.1366326452821123,0
0.218529457204531,0.9879268209868917,0
0.2900001775009746,0.8743777725894897,0
0.2641606051409474,0.6857352588236109,0
0.2927492288165972,0.7390891201771664,0
0.3015454380231768,0.6501648721669291,0
0.1789454671590715,0.8451710015407252,0
0.1717981015169888,0.8569817896776087,0
0.2168797747473531,0.9011486287309355,0
0.1932393595505559,0.9578928773106442,0
0.1844431503439763,0.7246287787884456,0
0.0728385458496806,0.5529591160601437,0
0.0975783299049226,0.6128073766635536,0
0.122318533406505,0.7666406892946551,0
0.1509067376358143,0.7719202791591485,0
0.2014860940510834,0.5273954014186131,0
0.2295248235743406,0.6014108853394169,0
0.2278755605635032,0.48684424351078603,0
0.2768056539679349,0.39609770232294045,0
0.2850523884684624,0.40764173458673625,0
0.2663597623041774,0.26141890881705204,0
0.3202380641874618,0.37484810479078534,0
0.360921423091366,0.2986388566540278,0
0.3361816390361241,0.24188473766907498,0
0.3400300592101916,0.18237747892410058,0
0.2768056539679349,0.289253617839973,0
0.2245766150954879,0.23993287289028248,0
0.2234772462370432,0.15783866498950663,0
0.2119319857148409,0.2168442470534036,0
0.3059437523496369,0.2764185033677275,0
0.3675188945810561,0.21493954437459478,0
0.2696582883258522,0.392147833400145,0
0.291649440511812,0.33458304588869464,0
0.2872515456316924,0.19191005602596664,0
0.3389302709054063,0.1688737137198993,0
0.4087521476373529,0.2054997498090897,0
0.3911593097778533,0.16544033418786655,0
0.390059521473068,-0.034928574438388774,0
0.4615306612158521,0.09007881976277612,0
0.4725260275856617,0.05901528931108553,0
0.4334919316925949,0.055866538684284775,0
0.4637298183790821,0.03939229004289294,0
0.5258544353165535,-0.09241536975668546,0
0.6385588281156345,-0.17692325413866147,0
0.634710407941567,-0.23201202143433447,0
0.699584076194661,-0.2062552914998289,0
0.5852304203847427,-0.2230592823413561,0
0.5857798950907948,-0.05381304685836625,0
0.5830312632215127,-0.07746219164008607,0
0.6198662019513494,-0.064817531875938,0
0.5214561209900934,-0.06844346301450353,0
0.4005054131368255,0.09120900821574578,0
0.4208468828656074,-0.02048196189725676,0
0.4450371922147971,-0.06206466935666284,0
0.452734032562932,0.02707003696364862,0
0.3334325877205015,0.14788457954024248,0
0.2729572337938675,0.03925987896190748,0
0.2987968061538947,0.12014946272349049,0
0.3015454380231768,0.18005605889251167,0
0.1509067376358143,0.04777023163147839,0
0.1723479956693814,-0.04598140157197246,0
0.2003867251926386,0.06312229168215312,0
0.2146806175841231,0.1204599273143929,0
0.1844431503439763,0.11016480741830768,0
0.137162319950382,0.10752659406579897,0
0.0893315954043951,0.08474785585993867,0
0.0002678275252812,0.04500692823075881,0
-0.0299698494380353,-0.04706784363196387,0
-0.0321690066012658,-0.14600493663805889,0
-0.0810991000056967,-0.15957265474728144,0
-0.1107870925397917,-0.08951388158880784,0
-0.1657647632815208,-0.11695611447238205,0
-0.1921540200707708,-0.24182141107132074,0
-0.206448122185425,-0.1659150430941478,0
-0.4395535384085519,-0.09311382700352389,0
-0.4087659672928419,-0.11066442496302248,0
-0.3972207067706393,-0.19984958407716075,0
-0.3972207067706393,-0.08544254325004029,0
-0.380727447492755,-0.0003281571247188632,0
-0.5638029820066645,0.10198316281307611,0
-0.4978297351719559,0.28119231452467236,0
-0.7292858883842446,0.30231186772298785,0
-0.6627627473971432,0.2973013726391516,0
-0.66661116757121,0.3356694159427123,0
-0.7364328345799871,0.5009759732086405,0
-0.6726587449085077,0.461434028041997,0
-0.7012471588609873,0.607757841457342,0
-0.5901922387959141,0.4540768107788834,0
-0.5736989795180294,0.6560100854545836,0
-0.6704595877452777,0.5463974546201421,0
-0.6088846552370287,0.7088607254083102,0
-0.6973987386869199,0.41905110481449737,0
-0.6616631688155274,0.46448360469240185,0
-0.6891520041863921,0.43409652122741377,0
-0.6105339182478662,0.5130949721726101,0
-0.6864031625939401,0.3951896923256385,0
-0.7589736711951693,0.285466901618487,0
-0.9590923591393558,0.1541992698213426,0
-0.9063138455608566,0.07248243778981159,0
-0.978884354162086,-0.08756360515069454,0
-0.9948279290107478,-0.19430518749903306,0
-1.16305967698078,-0.15522157550251878,0
-0.9601919377209712,-0.14713691557358574,0
-1.048706021170862,-0.04396878313078208,0
-1.0091220311254023,0.0651804055424851,0
-1.0047239265221126,0.1635019328539291,0
-0.9425990998614714,0.0034191727984805896,0
-0.912361422898154,0.13496505871375408,0
-0.864530908075337,0.26352793978477196,0
-0.8337433369596278,0.21548732862693398,0
-0.7644715641032436,0.16316189014988966,0
-0.6226290729224611,0.012462847615717589,0
-0.6099842338186438,0.32260155772220456,0
-0.664961904560373,0.5160262131317633,0
-0.7243378896285622,0.36500187313131993,0
-0.6363734906078934,0.062157078742268224,0
-0.6253779145149131,0.06960683095708915,0
-0.6385726477711233,0.18369866371165017,0
-0.5434613025547124,0.2889554333327846,0
-0.6110838124002588,0.16111843650603092,0
-0.608334970807806,0.10687584018579555,0
-0.5802962412845496,0.044969337349712764,0
-0.5495088798920102,0.05170825107269723,0
-0.6429707523744131,-0.18790873211886586,0
-0.5704002437731839,-0.16926645277805574,0
-0.5198208873579152,-0.16339778359485932,0
-0.5440109869839351,-0.1626614977187635,0
-0.4631939536053487,-0.04483318242446729,0
-0.5016781553460224,-0.22796886785447587,0
-0.5511581429028473,-0.06314187695899698,0
-0.5319160420325101,-0.03241920697928692,0
-0.6072353922261914,0.05176066713765707,0
-0.6028370778997317,-0.040516478505386665,0
-0.6198802313300087,0.05542099549728116,0
-0.5819457140185572,0.40976755514983837,0
-0.5379634096466369,0.5012423747254183,0
-0.5099248898465504,0.5732847919190432,0
-0.4450512215934563,0.9571610175373837,0
-0.4175623862225918,1.0613032396646167,0
-0.3719310285630051,1.2391293388472342,0
-0.3697318713997747,1.2543674769607251,0
-0.3532386121218904,1.2260276075226948,0
-0.4510987989307538,1.2879920162181022,0
-0.4499992203491388,1.1757483784362814,0
-0.3708314499813905,0.9530875051605466,0
-0.3554375595619505,0.7961731096902339,0
-0.4335059610712541,0.6855511540344452,0
-0.3900735508517272,0.5888280300051163,0
-0.3917228138625642,0.34345403416688475,0
-0.4104152303036797,0.1797951231293938,0
-0.3862251306776598,0.4680273410147704,0
-0.4186619648042068,0.271824851034126,0
-0.3790779747587477,0.27675711817177034,0
-0.3746798701554571,-0.0377357412004618,0
-0.2982609413801613,-0.2442431129248992,0
-0.2790186307866539,-0.3886978067257722,0
-0.2839666295423363,-0.5166851485464582,0
-0.2526293739974043,-0.37394455894674083,0
-0.255928109742249,-0.4685109973924268,0
-0.2119458053703299,-0.23578020185862314,0
-0.2036992805929726,-0.3270248079641888,0
-0.2553782155898572,0.023179505428667563,0
-0.2674733702644516,-0.26667995821321194,0
-0.2058984377562031,-0.22397549955274854,0
-0.2350365361379046,0.18442266757848474,0
-0.2410841134752021,0.3299983448756034,0
-0.1949028616632228,0.33875518962761386,0
-0.1151851971430815,0.060606256049673055,0
-0.0607572108305747,-0.08565804777375764,0
-0.0673546823202644,0.03369987684286487,0
-0.0871466773429949,0.2705341893289519,0
-0.0332683754597101,0.13706361675022855,0
0.0393021331415186,0.1505424759264905,0
0.0162114023739439,0.05680746495831552,0
0.0508473936637209,0.4151472043133335,0
-0.0057795400888456,0.2789349487657492,0
0.0112634036182614,0.20751149341415462,0
-0.01567553760021,0.321550053609543,0
0.0200600322711815,0.01595539906012774,0
0.004116247699349,-0.1950445894412521,0
0.0173109809555589,-0.36607984440568275,0
0.1107728534379622,-0.47014733754754023,0
0.1437597914400721,-0.38729333461761856,0
0.1212187451017197,-0.3683146178558004,0
0.0838339122194903,-0.4365053130183915,0
-0.0211734305082855,-0.09796291564192772,0
-0.0101778544153056,-0.10301111274006734,0
0.0123629821998764,-0.03731562041689608,0
-0.0046801712304012,-0.31629950547862407,0
-0.1030900424684862,0.08429679191929242,0
-0.0959430962727447,0.14307339371736255,0
-0.078899942842467,0.23921183204026233,0
-0.1256308790836683,-0.1100884288259296,0
-0.0860470987613791,0.1819946661627571,0
-0.109137619805784,0.34239755507958153,0
-0.111336776969014,0.38574457292736886,0
-0.1454228741063988,0.46323284124243685,0
-0.1047395152024938,0.5837926233892462,0
-0.0915447819462843,0.552370512292044,0
-0.0448138457050822,0.44785284847992773,0
-0.0508614230423801,0.44388635366708235,0
-0.0321690066012658,0.3275916780184118,0
-0.0382163742153926,0.11618600378598362,0
-0.1245315102252239,0.05285646828050878,0
-0.3175030422504983,0.11527379732542051,0
-0.2779190522050393,-0.14755755743802731,0
-0.2498805324049519,-0.19649286451103662,0
-0.2680230546936736,-0.22951546005467888,0
-0.3900735508517272,-0.3480171396070141,0
-0.5599545618325971,-0.4491740503224813,0
-0.5736989795180294,-0.5588152468698872,0
-0.5610541404142121,-0.6800317387666003,0
-0.6600139058046904,-0.38310118912163826,0
-0.6099842338186438,-0.5204245901172566,0
-0.5330154108909548,-0.5326116615858332,0
-0.573149295088807,-0.598008628237036,0
-0.5725994009364144,-0.5404179425468231,0
-0.689701898338785,-0.46214021853261705,0
-0.6270273872489207,-0.5318797012102214,0
-0.6143825481451038,-0.417497690398716,0
-0.6462694881192582,-0.4976675448345605,0
-0.5379634096466369,-0.1596468648236378,0
-0.5456604597179424,0.15397787671634838,0
-0.3867748151068818,0.2447181157140537,0
-0.3438922990397479,0.2193883871798723,0
-0.3180527266797203,0.18336122436816876,0
-0.3219011468537882,0.05253971945048189,0
-0.2366857991487424,-0.17626040010412974,0
-0.2339369575562896,0.20048345550795524,0
-0.2867154711347891,0.1665670520753723,0
-0.2526293739974043,0.08718624426759836,0
-0.4087659672928419,-0.036197836017024906,0
-0.3488402977954303,-0.18907614864102976,0
-0.3394941944364581,-0.19753186624683464,0
-0.3312474599359306,-0.05062710479447882,0
-0.3219011468537882,-0.06578214828931907,0
-0.1789592868145605,0.02790625540927259,0
-0.1916041259183777,-0.01845250849694255,0
-0.191054441489155,-0.22400376732647964,0
-0.2256902230557621,-0.14674757608495215,0
-0.3334466170991603,-0.3663614551057014,0
-0.3796278689111396,-0.15331104933583828,0
-0.4609947964421186,-0.08027214029143127,0
-0.4428520644302267,-0.14148109526048364,0
-0.4104152303036797,-0.0634339344353105,0
-0.3801775533403623,-0.028767155674137786,0
-0.4291076467447944,0.09309381100699571,0
-0.4214108063966592,0.2623725832997091,0
-0.4115148088852943,0.00423817736110634,0
-0.3746798701554571,-0.03531268989340741,0
-0.3098062019023635,-0.034703081676593445,0
-0.2806678937974913,0.0345005627886296,0
-0.5352145680541849,-0.04207574983445209,0
-0.4412028014193889,-0.04895741089471834,0
-0.4945312091502811,0.08694570946592366,0
-0.552807405913685,0.16636112189533997,0
-0.6924507399312375,-0.0865868923656868,0
-0.6127330754110966,0.03911162786726308,0
-0.504976891090868,0.0826571132489871,0
-0.4813364758940708,-0.13883850495593197,0
-0.3620350310516406,0.1382160877868346,0
-0.4648432166161861,0.07668898649357016,0
-0.5066261541017058,0.004092714419481028,0
-0.4846352116389154,-0.11831879661251178,0
-0.4109651244560716,-0.2968282367556339,0
-0.4038179685371595,-0.2964918212620001,0
-0.4401032228377739,-0.4006066402667018,0
-0.4582459548496666,-0.43093253089974615,0
-0.5231196231027603,-0.3603794665810226,0
-0.5522577214844623,-0.3433668465614695,0
-0.4813364758940708,-0.22042947159038803,0
-0.4346055396528687,-0.16390248517845843,0
-0.383476289085207,-0.45759294397560185,0
-0.4719903725350989,-0.19571904674656512,0
-0.5357644622065779,-0.3462265226522434,0
-0.4082162828636195,-0.26248857023543937,0
-0.4060171257003895,-0.34947251285950637,0
-0.3939219710257946,-0.2126803888139258,0
-0.3208017779953438,-0.23960356067609195,0
-0.3455415620505849,-0.20942577651486866,0
-0.4362548026637065,-0.112973403429913,0
-0.4725400569643209,0.07472231403168957,0
-0.4857347902205312,-0.0301883357704231,0
-0.0431643729710746,-0.14509945595793527,0
-0.238884956311972,-0.06857906230790678,0
-0.3065074661575185,-0.18874822629239793,0
-0.3054078875759038,-0.0785987492328451,0
-0.3076070447391335,-0.2409007604285263,0
-0.2773693677758165,-0.12968976286117428,0
-0.3515891393878831,-0.17496850681096537,0
-0.395571234036632,-0.2458751637591322,0
-0.399969548363092,-0.43021663061919574,0
-0.4274583837339566,-0.3415836414818555,0
-0.5286173062876651,-0.42745695772635794,0
-0.5533573000660769,-0.35315148787040385,0
-0.6072353922261914,-0.20591911495146836,0
-0.6176810741667786,-0.15021690404663576,0
-0.5978890791440485,-0.1305603537677322,0
-0.601187814888894,-0.2043906831431429,0
-0.6077850766554141,-0.27883983042165356,0
-0.6099842338186438,-0.41535120048944335,0
-0.5572057202401447,-0.3565540382817761,0
-0.493981314997888,-0.10709907059473313,0
-0.5550065630769146,-0.21824863863287897,0
-0.5978890791440485,-0.10159807657688394,0
-0.567651402180732,-0.12873562146319864,0
-0.5363141466357999,-0.05072534707068609,0
-0.5445608811363271,-0.2549650678397818,0
-0.5704002437731839,-0.25486969313307706,0
-0.5236693075319826,-0.3332147350797984,0
-0.424159647989112,-0.2666291204676718,0
-0.4098655458744569,-0.16988836970770785,0
-0.3862251306776598,-0.13285322563591576,0
-0.432956066918861,-0.25702300585744714,0
-0.4478000631859091,-0.38402177245228436,0
-0.4741893199751579,-0.2784759144537418,0
-0.5225697289503677,-0.24010871718374827,0
-0.4115148088852943,-0.17136038505611154,0
-0.39282239244418,-0.12323173376580848,0
-0.3548878751327278,-0.1051399497904978,0
-0.4032682841079375,-0.07827269230911492,0
-0.3592859797360172,-0.00464298546067185,0
-0.3543379809803352,0.05756688716120687,0
-0.3752295545846799,0.11880896740011078,0
-0.3785282903295249,0.17919258946163302,0
-0.3609354524700248,0.1470087541461642,0
-0.3801775533403623,0.23469348038380466,0
-0.327948724191086,0.15442784953441277,0
-0.3647838726440927,0.18120410577922544,0
-0.4659427951978007,0.25618467687248214,0
-0.3614851368992476,0.449116573936247,0
-0.2806678937974913,0.28569216580220474,0
-0.3251998825986332,0.3198514462624601,0
-0.3120053590655935,0.03003799831996856,0
-0.2900142068796338,0.6350547929810763,0
-0.3065074661575185,0.2389435636399484,0
-0.4681419523610311,0.4873389202418615,0
-0.4247095421415038,-0.5739664195515164,0
-0.4170127017933698,0.27977818040324115,0
-0.2889146282980188,0.3311494487473923,0
-0.2889146282980188,-0.3702761820558377,0
-0.2465817966601069,-1.1284049645393601,0
-0.2564777941714717,1.6272404900904984,0
-0.2443826394968768,2.860449250316391,1
-0.2707721060092967,1.744106716677851,0
-0.2476813752417219,1.1368761254445483,0
-0.1987512818372902,2.8835361489705034,1
-0.191054441489155,0.6525995828332111,0
-0.1509207670144739,2.822816930675136,1
-0.1514704514436959,2.5698741884659273,0
-0.135526876595034,2.020346340653657,0
-0.1784096023853385,0.572090324093454,0
-0.174011288058878,3.169266057234761,1
-0.141574453932331,2.5269493398519365,0
-0.110237198387399,0.7328450847637846,0
-0.1080380412241694,2.23541637761916,0
-0.110237198387399,1.3280529265237562,0
-0.144323295524783,0.34895483045642267,0
-0.1377260337582636,0.9756694506923324,0
-0.0349178481937178,0.7947248103287895,0
-0.0228226935191229,-3.2845229171252757,0
-0.0541599490640549,1.5169377841861402,0
-0.2240409600449247,-1.581808982357696,0
-0.2267898016373768,-0.6342760969052018,0
-0.2553782155898572,-1.869889385296379,0
-0.3081567291683559,-1.4508268986209514,0
-0.2999102043909986,0.7947736411479269,0
-0.3230007254354028,-2.7965990776792324,0
-0.2839666295423363,5.656437974860775,1
-0.2828670509607217,2.199869146331227,0
-0.2938626270537012,4.1856256823801825,1
-0.3818268163511997,5.831926175107127,1
-0.4450512215934563,6.656905003697636,1
-0.5220200445211457,5.792700519535975,1
-0.5797465568553268,6.0675295599690156,1
-0.5610541404142121,7.651677694546759,1
-0.5693006651915693,4.293574017921563,1
-0.6347242275970559,6.312473230510954,1
-0.66661116757121,7.276082886496975,1
-0.7463288320913516,7.035458745987941,1
-0.7738176674622161,5.175160816047847,1
-0.7111431563723523,4.829750386827285,1
-0.7001475802793723,4.740557748033189,1
-0.7347835715691494,6.047152557964135,1
-0.7760168246254462,3.9216580991281216,1
-0.7556751451734945,6.34183251502142,1
-0.6880526353279477,0.2530841780035535,0
-0.6743082176425154,1.7451798966834295,0
-0.6396722263527383,3.0455277049610934,1
-0.6396722263527383,1.9190130385764952,0
-0.5714998223547997,4.771292059831629,1
-0.5445608811363271,4.117561946482848,1
-0.5665518235991173,0.8977998907710849,0
-0.6737583234901228,2.079923640856349,0
-0.7578740926135535,0.6508314293799579,0
-0.8221980764374255,4.486636519728784,1
-0.912361422898154,5.733837113103616,1
-1.0404594963935048,1.756627377324211,0
-0.9310538393392688,0.06991022967864413,0
-0.9074134241424716,3.4659529124123076,1
-0.929404576328431,4.999139548954278,1
-0.97778477558047,4.853938825313163,1
-1.2317817654079413,2.421487578431801,0
-1.7898051024641757,7.444322808414541,1
-1.6122271462735855,4.619210041564163,1
-1.6880963906196595,2.781702520357598,1
-1.7694633181506385,4.506480595840957,1
-1.7568184790468206,5.524650208663798,1
-1.9234007542828464,2.9127631762113704,1
-2.019611678080872,7.652357624842812,1
-2.381364747366986,4.1449989931879845,1
-2.114723128158868,2.6980899385351993,1
-2.268110775000268,1.3742584285070851,0
-2.2169815244326068,-0.7636851866351814,0
-2.181246059422799,1.856254990032515,0
-2.15485680263355,-0.503888693050661,0
-2.25876456677971,1.0273780349083421,0
-2.3186902362771216,3.3288273048866244,1
-2.396758532924841,2.8760209918120307,1
-2.375317274891273,-0.21353680368468922,0
-2.384663483111832,-0.47992305912986427,0
-2.1092253401123777,-1.089166887192115,0
-1.9431927493055756,2.733858295146681,1
-2.067442297765274,-0.6725600183961762,0
-2.202137633027144,2.317920687410488,0
-2.121870179216195,2.589046197271787,0
-2.24996814784996,4.119856765351024,1
-2.269210353581883,2.8943397640287714,1
-2.3956589543432263,3.916273765018914,1
-2.4088535827378506,2.807106600324413,1
-2.4088535827378506,4.379886111353159,1
-2.4968178768969347,3.0333879660101193,1
-5.570069755248861,3.8686828508957314,1
-2.950933449807007,3.731778499600079,1
-2.7436676583747004,3.8678195840773486,1
-2.5941283792765755,3.796319283203649,1
-2.5699381747889705,3.6030341855966403,1
-2.7986453291164297,3.6445014493348755,1
-2.8228354811732417,3.4996484359149966,1
-2.6732962020751168,3.2356286459649968,1
-2.465480621352002,3.5781891961377816,1
-2.4138015814935327,3.90219150995899,1
-2.380265273646956,3.462200851379334,1
-2.151008382459483,3.548623811579376,1
-2.182345638004415,3.699678396122428,1
-2.2065358424920185,3.7432352344556135,1
-2.141112384948118,3.6921943552920107,1
-2.1740990083654714,3.504985524688111,1
-2.0839355570431577,3.09804023752519,1
-2.110874603123216,3.1242561217401663,1
-1.9860753702342957,2.9373216796468906,1
-1.883267079808164,2.8917101710294126,1
-1.7518704802911385,2.6088174512211575,0
-1.714485647408909,2.516358571816219,0
-1.6600576610964022,2.581937199255587,0
-1.6364174556227753,2.6087468890803733,0
-1.673252394352612,2.528498311339698,0
-1.6127770404259787,2.291300365005233,0
-1.6974424939786312,1.9660036591650443,0
-1.6479627161449772,2.28977096081915,0
-1.550102319612944,1.9720560129197675,0
-1.552851370928567,1.9492003183937248,0
-1.4775318110117148,1.9082183231653227,0
-1.451142554222466,1.817399613466357,0
-1.444545292455946,1.9013491074566802,0
-1.326893110624353,2.2766342486727695,0
-1.401662776388812,2.3684447578346175,0
-1.360429523332515,2.2581771119315,0
-1.3241442690319003,2.5888382775403027,0
-1.5033713833717424,2.5720195193504254,0
-1.5077696976982025,2.77698060582008,1
-1.4604888673046077,2.626308612889473,0
-1.3912168847250543,2.7069342850447184,1
-1.4143076154926284,2.523861551137361,0
-1.3659272065174195,2.530402428368335,0
-1.3158975345313728,2.560786746922986,0
-1.2768634386383055,2.300957723686297,0
-1.281811437393988,2.379482537807662,0
-1.4115587739001765,2.5122644425812264,0
-1.3725244682839397,2.42432866611402,0
-1.385169307387757,2.5329454310552886,0
-1.3186463761238252,2.3278543755012318,0
-1.3422867913206222,1.9718600762579839,0
-1.3120491143573054,2.0523286479661222,0
-1.266417546974548,2.241912379650476,0
-1.267517125556164,2.0364552946777015,0
-1.2680670197085555,1.8893884831974208,0
-1.2526731292891158,1.9696176513410106,0
-1.3230446904502848,2.0729462352092853,0
-1.2719154398826236,1.6987906351769355,0
-1.296655433661036,1.8009158614383904,0
-1.2862095419972783,1.7357103275598025,0
-1.2361798700112314,1.506781113014482,0
-1.2609198637896435,1.8826433948537924,0
-1.2697162827193935,1.9095776197391874,0
-1.2576211280447982,1.7486518110727682,0
-1.1943969325257118,1.4569246786201349,0
-1.197695458547387,1.59134352329813,0
-1.243327025930144,1.5985242367105437,0
-1.2312318712555494,1.5610618800842164,0
-1.2141889275484423,1.6413794657521854,0
-1.2449762889409817,1.6907093602224696,0
-1.232331449837164,1.6381821580974685,0
-1.3065514311724005,1.6970609944899466,0
-1.2873091205788931,2.0449576171972623,0
-1.246625761674989,1.81262872270583,0
-1.208691034640367,1.9024358396130545,0
-1.1817520934218952,2.033912955216954,0
-1.1949466169549343,1.713634384391324,0
-1.2350802914296168,2.0066669271023474,0
-1.1954965111073277,1.863985350795267,0
-1.2136390333960494,1.6229149129169462,0
-1.1553628366326454,1.4957651694088059,0
-1.1790030421062725,1.2659678876238376,0
-1.19164809093326,1.3037653004228509,0
-1.1432676819580505,1.2559176826157528,0
-1.1432676819580505,1.1481983031632905,0
-1.1410685247948205,1.1767163417834634,0
-1.1603106256651576,1.2301746627426484,0
-1.1735053589213675,1.1212279656039539,0
-1.1581116782250973,1.0487305396697122,0
-1.1179780037504163,0.6755142135910943,0
-1.1157788465871858,0.8163596919130166,0
-1.1350209474575237,0.8155118383279917,0
-1.1388693676315909,0.9516285831138054,0
-1.1586613626543203,1.1585411473247282,0
-1.150414837876963,1.0380760484719946,0
-1.2191369263041243,0.8663003994078181,0
-1.2268337666522589,0.8246292553160881,0
-1.3147979559497578,0.745584919766699,0
-1.4802808623273378,0.8773893697226532,0
-1.4093596167369464,0.9358734290424146,0
-1.450592869793243,0.7696935867242239,0
-1.4489433970592356,0.681398516747886,0
-1.4527920269564731,0.7246314839163625,0
-1.3967147776331288,0.6974959429084431,0
-1.2933566979161906,0.6298195228742698,0
-1.248824709115049,0.5827572850446051,0
-1.2411278687669138,0.4804354111957672,0
-1.340087634157392,0.43844884263247696,0
-1.3241442690319003,0.6418719834090344,0
-1.306001537020008,0.5864957777173959,0
-1.2851099634156629,0.4308361811310322,0
-1.2884086991605082,0.41423353041897776,0
-1.2691665982901714,0.3931898002504696,0
-1.3411872127390077,0.3635382410908219,0
-1.290057962171346,0.2525757811725407,0
-1.3725244682839397,0.2214922253708439,0
-1.4643372874786755,0.11888831527897069,0
-1.345035632913075,0.09736008032681462,0
-1.2653181781161036,0.07101047825414018,0
-1.304901958438393,0.035506396954297886,0
-1.2367297641636246,0.004395455795948221,0
-1.2691665982901714,-0.017675038472048373,0
-1.3334903723908724,-0.028710650525705508,0
-1.2911575407529603,-0.039799083489473024,0
-1.2449762889409817,-0.018332075189662785,0
-1.2493746032674409,-0.015195928440294448,0
-1.2537727078707317,-0.014523552653823863,0
-1.2565215494631836,-0.010004914119643242,0
-1.2218857678965764,0.0023698314574614274,0
-1.3005038538351028,0.004729769393426644,0
-1.2669674411269412,-0.01245838190771941,0
-1.3103998513464683,-0.003647351754340567,0
-1.3813208872136888,-0.011272979269985465,0
-1.3257935320427376,-0.026585804495579596,0
-1.445644871037561,-0.05183997073567494,0
-1.5127176964538849,-0.04654698648966726,0
-1.5336090603350596,-0.07315456073578126,0
-1.4775318110117148,-0.11656360482124013,0
-1.4308008747705134,-0.06071101360066967,0
-1.3488840530871418,-0.04665510573754621,0
-1.3686760481098723,-0.057972754054592845,0
-1.4593892887229931,-0.045864296815595645,0
-1.2862095419972783,-0.06522811600258661,0
-1.2273834510814816,-0.09731216481174684,0
-1.2224354523257992,-0.09623983238516716,0
-1.240578184337691,-0.10600889019139355,0
-1.2950059609270284,-0.028749467609888956,0
-1.2284830296630966,-0.15658944734926505,0
-1.2235350309074142,0.06777015586041941,0
-1.202093772873847,-0.054776004739259705,0
-1.206491877477137,0.006300525573811371,0
-1.1839510408619542,0.0798391219584275,0
-1.1339213688759076,0.11334418109319487,0
-1.0322127618929773,-0.06830916585314009,0
-0.9882306672442276,0.10343125548481073,0
-0.9981266647555924,0.09887487420668886,0
-1.00857234669618,-0.00773335437768442,0
-1.052004756915707,0.010934409250626066,0
-1.0118710824410246,0.21365483731507506,0
-0.9920790874182952,0.28640214798481745,0
-0.957992990280911,0.5173559046515981,0
-0.9854818256517756,0.7325224521608726,0
-0.9942782445815258,0.7126477942512393,0
-0.9986763491848152,0.8285728296734868,0
-0.929404576328431,0.5147226038845306,0
-0.9409498368506336,0.8630383530226502,0
-0.9178591060830588,0.631840234915054,0
-0.8832233245164517,0.7602660241738656,0
-0.8722277484234722,0.6073078632993585,0
-0.8425397558893776,0.5143458410879586,0
-0.8018563969854738,0.5971025663512114,0
-0.876625853026762,0.6800800254168331,0
-0.9162098430722216,1.002759806700768,0
-0.8557344891455871,1.0246095642789652,0
-0.84968691180829,0.9920326012781023,0
-0.8832233245164517,0.6556767071775037,0
-0.8623317509121073,0.8980878866956504,0
-0.8403405987261472,0.9293192828664923,0
-0.8337433369596278,1.457557100247353,0
-0.8832233245164517,1.524689121435222,0
-0.7562248296027165,1.176838045226614,0
-0.7177404181388725,1.2039270415650403,0
-0.7067448420458922,1.6599275721564453,0
-0.6292263346889809,1.5747099165339464,0
-0.6286766502597585,1.8950186187304563,0
-0.575898136681259,1.879991121323218,0
-0.592391395959144,1.3682382427601782,0
-0.5561061416585297,1.4187149806531203,0
-0.6226290729224611,1.3524190743690974,0
-0.5885429757850766,1.3874195994246796,0
-0.5742486639472517,1.4771442600525124,0
-0.5802962412845496,1.4236120438820816,0
-0.6275770716781435,1.3868786243745814,0
-0.6000882363072789,1.5100243082235814,0
-0.6088846552370287,1.3857289194103992,0
-0.5956901317039895,1.6712826832767262,0
-0.6237286515040761,1.6903829179114302,0
-0.6314254918522109,1.6366739981491245,0
-0.5572057202401447,1.7316667536913881,0
-0.4906827889762132,1.5203252159913396,0
-0.4395535384085519,0.9106859051733682,0
-0.4098655458744569,1.1332967022516098,0
-0.3757794487370729,0.8841855776064658,0
-0.3142043065056537,0.7905288335493623,0
-0.2927630484720862,0.8297640086593644,0
-0.2751702106125865,0.424043374090238,0
-0.299360310238606,0.6986730886425171,0
-0.23173780039306,0.9987619701586222,0
-0.1998508604189052,1.0948487694288946,0
-0.1399251909214936,0.7420886929396867,0
-0.174011288058878,0.6956148556978005,0
-0.2443826394968768,0.9385336739481493,0
-0.1206828803279863,1.0092468924572142,0
-0.1107870925397917,0.9367864179173288,0
-0.0255715351115757,0.9188047999516004,0
-0.0085285914044678,1.0738772739072011,0
-0.1201331958987639,1.1567884372441053,0
-0.1674140262923582,1.2542240342998552,0
-0.2163441196967899,1.4770309109438933,0
-0.1322283505733584,1.5390202610100596,0
0.0079648775965866,1.506319126684384,0
0.1322141114715294,1.5157402683337566,0
0.0750377030129107,1.7345174744327212,0
0.0178608751079515,1.9628431986173305,0
0.0415012903047486,1.5874650313077567,0
0.1283656912974619,1.103832369733902,0
0.10582506440545,1.4689418029169565,0
0.0937299097308551,1.0257315493086832,0
0.0612932853274784,0.9316924429311744,0
0.0502974995113283,1.4555821960639022,0
-0.2025997020113576,1.6438559420842067,0
-0.1245315102252239,1.4033869204262521,0
-0.1173843543063115,1.42401109173201,0
-0.3257497767510258,0.9352762471590006,0
-0.1377260337582636,1.382152448335932,0
-0.2817674723791059,1.5072721538108491,0
-0.1492712942804663,1.255234896063671,0
-0.1168344601539185,1.1470178503123676,0
-0.1723620250480406,1.1687413879641106,0
-0.2487809538233369,1.0254233129390775,0
-0.1228820374912163,1.1859826841925838,0
-0.2768194736234235,1.2217439232750749,0
-0.2394346407411944,1.143291084590272,0
-0.2152445411151749,1.4045358793769804,0
-0.2245908541973178,1.07029423468942,0
-0.2399845348935871,0.811710123345314,0
-0.2190929612892423,0.7093958695349569,0
-0.1927037044999927,0.7315617707064745,0
-0.0294199552856423,0.8079066414424058,0
-0.0123770115785352,0.6123924554903867,0
-0.0305195338672581,0.7141633749912822,0
-0.0167751161818258,0.3930887990455553,0
-0.0684542609018802,0.5726962208503916,0
-0.1283799303992918,1.024508944117405,0
-0.1239816160728313,1.3236408731621772,0
-0.0849475201797645,1.025890591408165,0
-0.0975923592835818,0.7391173262713109,0
-0.0409654255310156,0.31737134191427824,0
0.009614140607424,0.6880948567073852,0
0.0728385458496806,0.6393222823068615,0
-0.0057795400888456,0.3947366588285801,0
0.0442499221740308,0.30534947679089736,0
0.1102233787319101,0.599999405216104,0
0.1069244332638948,1.1565760399575005,0
0.0563450768486257,0.8085590033628925,0
0.0667909685123832,0.43133003139373477,0
0.067890337370828,0.7712884782399778,0
0.0876823323935577,0.6986229188232098,0
0.1316646367654772,0.6750275444350201,0
0.007414983444194,0.47880526105563775,0
0.0926305408724104,0.2249094582975901,0
0.1421101089828942,0.20259384091384716,0
0.09922759291576,0.29127302731963645,0
-0.0178746947634404,0.29735246814707156,0
-0.0898955189354469,0.5058544583996974,0
-0.0057795400888456,0.6122983909388652,0
0.1300153737546398,0.3567502162331954,0
0.1311147426130846,0.33562284585515073,0
0.1388115829612194,0.17496227413902932,0
0.1739972586802188,-0.02752267522792663,0
0.1448591602985169,0.06789301754915587,0
0.2218279832262058,0.06942780621090822,0
0.2828532313052324,0.06030310717033562,0
0.2817534430004471,-0.08263716175210847,0
0.3262856415247592,-0.1779283043300121,0
0.3048443834911921,-0.18786168411482937,0
0.3499260567215564,-0.0045639418959058185,0
0.3449778482427037,0.07808767331454142,0
0.3631205802545961,-0.09015902312603605,0
0.3972068871151507,-0.15525057869778222,0
0.3955572046579728,-0.08765397030211237,0
0.4637298183790821,-0.09130621558633281,0
0.4653790813899195,-0.05302858089704123,0
0.4043538333108929,-0.021932513598775707,0
0.4373403518666623,0.05752109188319024,0
0.5483954816549058,0.0076801237126364105,0
0.515408543652796,0.0798760094615405,0
0.5165083319575813,-0.007186899405021662,0
0.5286034866321762,0.030201229516814636,0
0.569836739688473,0.10820072793794604,0
0.507162228598609,0.048813209021903406,0
0.5110106487726764,-0.017213036088538195,0
0.5379495899911484,-0.022164662586762852,0
0.634710407941567,0.008038857482988295,0
0.6308619877674996,-0.05234664146151026,0
0.5324519068062435,0.031147551212131416,0
0.4681277132592016,0.011273389976001191,0
0.5088114916094464,0.15951006502505802,0
0.5978750497653897,0.21316393102864892,0
0.5725853715577551,0.16815230706351209,0
0.6358097768000117,0.06416493054003096,0
0.5192569638268634,0.290904440921658,0
0.4378902460190549,0.10269131926555654,0
0.4466864552256345,0.1988920386541263,0
0.1503568434834217,0.5088913300625048,0
0.2053345142251508,0.49597825619048885,0
0.3636704744069887,0.5078723263497669,0
0.4521845578568799,0.36011545342576967,0
0.4609807670634595,0.3911807084636953,0
0.4521845578568799,0.440578161285422,0
0.4378902460190549,0.3478654346117197,0
0.4785736049229592,0.09765888380308427,0
0.5461963244916759,0.15167319395150444,0
0.5643386370572276,0.23676887884575573,0
0.4164489879854878,0.29060985836227027,0
0.3779643667984731,0.37593197404772033,0
0.2454683984230029,0.4189967847887237,0
0.2971471236967168,0.31416053637788033,0
0.2526153446187452,0.11762371904649181,0
0.153655788951437,0.09593362022805514,0
0.2531652387711378,0.1272543832911672,0
0.3059437523496369,0.13198318600700829,0
0.2971471236967168,0.1601507155149213,0
0.2614119732716652,0.09333788862946131,0
0.1981875680294086,0.08646596448505822,0
0.1597029468423939,0.08139494212301449,0
0.0975783299049226,0.05685886324668143,0
0.0002678275252812,-0.014207393017935213,0
-0.0750515226683996,0.024248649658378463,0
0.1074743274162874,0.07345607899563458,0
0.2119319857148409,0.10234426872277111,0
0.2570136589452052,0.044386118670669876,0
0.2053345142251508,0.020600456446682302,0
0.2779050228263797,0.008073497078921837,0
0.3037445951864069,0.021118263009379846,0
0.26471049929334,0.03734885577776097,0
0.2696582883258522,0.018573927753581458,0
0.3466271112535411,0.010154736616975944,0
0.3081429095128669,0.0019729587119446715,0
0.2564637647928126,-5.997611168211794e-05,0
0.3086928036652596,-0.012233440622155867,0
0.2449185042706103,-0.02793014916983776,0
0.3317833247096641,-0.023776524124834025,0
0.3719167894611757,3.768813782703634e-05,0
0.3724666836135683,0.0005322797167084491,0
0.490668759597554,-0.006053247255400529,0
0.490668759597554,-0.038063521942341604,0
0.4554830838785546,-0.008944104505058555,0
0.3631205802545961,-0.06399810056720183,0
0.3779643667984731,0.0021550497094658884,0
0.4697773957163795,-0.06686392416361016,0
0.5286034866321762,0.022218215034958418,0
0.5659883195144055,0.1298960847469203,0
0.6468051431698214,0.0707244469125774,0
0.6380089339632418,0.0697219826258374,0
0.6127192557556073,0.1491683831840752,0
0.6237146221254168,0.12096615083345655,0
0.6704455583666186,0.24562594141207608,0
0.7661070074585924,0.19637451669893605,0
0.8381276219074286,0.09391739005839185,0
0.7556611157948349,0.22078190508332532,0
0.8034918403408219,0.23829127740389636,0
0.8612181429518332,0.29816913737298284,0
0.9255419170525344,0.23547754705242985,0
0.9321393885422246,0.20459006109236602,0
0.921144022172415,0.48548390847138384,0
0.9689743272720612,0.7981575322504457,0
1.0223027350029532,0.7504974458020722,0
1.0310993636558732,1.1420887345529296,0
1.0596875678851825,1.235281355110753,0
1.1097174495943996,1.484144963230827,0
1.034397889677548,1.3713659415128876,0
1.103669872257102,1.5292514600336506,0
1.103669872257102,1.8957631734535938,0
1.1525999656615338,0.9969966017453716,0
1.043194518330468,0.6614299239459211,0
1.0514408333846552,0.7649808474250146,0
1.0932239805933446,0.8138689586133904,0
1.1196134471057644,0.4515345725836395,0
1.1119166067576296,0.7821033160829501,0
0.9442345432168194,0.6622959093878577,0
0.8315301504177386,0.6807816425966633,0
0.9667751701088314,0.6215096247550085,0
1.003060634132616,0.5420407873579086,0
1.1251111302906691,0.9394818872715243,0
0.9706235902828988,0.28693137904536975,0
0.9843680079683312,-0.3439600472078941,0
0.940386123042752,-0.7154604577915825,0
0.9453339120752644,-0.17076278300374426,0
0.9387368600319148,-0.0009744801598725618,0
0.8067903663624967,-0.1895398092231508,0
0.8425259362338887,-0.1305119605295739,0
0.6825407130412134,-0.3149712693143412,0
0.7182762829126055,0.3928846396529951,0
0.8144872067106315,-0.5164591415311629,0
0.808439629373334,-1.8378763173069,0
0.2454683984230029,-2.2076084751044274,0
0.3444279540903111,-0.9970566272278076,0
0.137162319950382,-0.27692630161502413,0
0.10362590724222,-0.8569013638330147,0
0.1547551578098817,-0.6475946113732202,0
0.1415606342768421,0.29886954192168136,0
0.3191382758826765,0.39905277021973,0
0.4598813982050147,-1.0140233211370016,0
0.4769243419121218,0.07607273460503228,0
0.3988561501259881,-0.5445661752266243,0
0.4389896148774997,-0.5426924740989078,0
0.4180982509963252,0.21619620985060153,0
0.3873108896037858,0.9221166467934565,0
0.3950077299519207,0.9173875223939164,0
0.4780237107705665,2.193841934620655,0
0.3944578357995281,2.2919902950290827,0
0.249866712749463,3.047283041814237,1
0.4087521476373529,2.950883737319739,1
0.4989154940980815,0.6530896935494499,0
0.5555424278506481,1.2455204734154057,0
0.6534026146595114,0.8928793278634304,0
0.6759436609978638,2.140929127849473,0
0.707830391248848,1.2668252594794776,0
0.7314708064456451,1.844394972581025,0
0.6336106196367818,1.1249981955737842,0
0.6814413441827687,1.9209695607998492,0
0.7314708064456451,4.019363703482695,1
0.7787516368392394,3.5074410344988705,1
0.8672657202891306,2.2732487167860564,0
0.8364783588965913,2.6106179937661738,0
0.7996434201667544,1.9120356174296465,0
0.9640265382395492,1.361454650559046,0
1.0420947300256829,2.602426202796413,0
1.0135065257963736,3.314846929770847,1
1.1069683982787768,4.393118914897594,1
1.195482481728668,3.359212408554003,1
1.279598250852099,0.7352853518390062,0
1.2762997248304244,2.3229555747502357,0
1.1795389068800055,1.1576378578943314,0
1.0789296687555197,1.1943240542678395,0
1.2048285850876403,1.04357989782866,0
1.3010395088856663,0.009489196288337259,0
1.2603561499817622,0.7009387850551195,0
1.2719014105039643,2.5439123784075437,0
1.3450218132575855,4.43647154530791,1
1.347770445126868,4.4265910200923555,1
1.3510693905948832,4.591422977710673,1
1.4615742067843935,2.6315707396787458,1
1.573728705431082,2.2453297976902156,0
1.5193009288417454,2.627943162071667,0
1.4115447445215172,2.4115760344930206,0
1.4280382135225722,0.6618616088714948,0
1.4401329487508263,-0.1539260163565358,0
1.617161115650609,1.0376698020883772,0
1.7469084521567968,2.4220869785175263,0
1.5605341818980425,1.3913147056171962,0
1.6479488964894886,-1.5324598136024536,0
1.5434912381909351,1.0700844172644524,0
1.5055565111563132,1.634682783125409,0
1.575927862594312,1.3583574081747503,0
1.5621834449088796,-0.7610754823986907,0
1.6012175408019464,2.6695350577310903,1
1.5341447153856225,2.9711395532529954,1
1.7612027639946215,3.1658809817310947,1
2.183981186221349,1.0989071833184119,0
2.5792703536308688,5.159254018300174,1
2.418185761579748,3.305556516511311,1
2.8585570216659755,2.1930544302266957,0
3.063074023936621,2.9216298761971085,1
3.2994777564582534,5.20066522098397,1
2.474812695332316,2.5197769473969895,0
2.327472520966628,1.379247969518125,0
2.5094488963452632,0.8668539447402881,0
2.161990034035389,0.2550980244496835,0
1.8007867540400813,-1.6893316902054485,0
1.7238179311123922,0.9055840495166912,0
2.1603407710245506,2.331988801903675,0
2.2549020123654,1.2973982659564325,0
2.662836648048246,2.358166975383602,0
2.64304465302552,0.7051063273500433,0
2.8173237686096786,-1.657993892542162,0
2.6749313832765007,-1.655203962583269,0
2.7606968348571117,1.7583676522813798,0
2.324173994944956,0.6855907207556117,0
2.2296123341577627,-0.14574417100257991,0
2.426432496080276,0.20906055699193377,0
2.0119008083540795,-1.229338915918272,0
1.956373243459956,-2.7179644634036917,0
2.1768338205792666,-1.3216337187205405,0
2.1042633119780385,-2.731354849648831,0
1.7892414935178789,-1.42666747261562,0
1.7782457077017289,-3.0799930834280924,0
1.9008460980121744,-4.842582278452324,0
1.6825846780560956,-0.31688464139672073,0
2.0294936462135773,1.7930881984178808,0
2.230162228310157,-0.7194112320410508,0
2.37860177153429,-0.18050390163615024,0
2.4478737541138456,-1.426234441619511,0
2.137249830533809,-1.605242757715304,0
2.147695722197563,-2.5241506740878012,0
2.20487255010252,-2.5170729765052813,0
2.110310889315333,-1.6448043752193628,0
1.9162397787084444,-3.9093488385194415,0
2.0899690001402123,-4.577736917661264,0
2.107561837999711,-3.138848426879348,0
2.2911874763891857,-2.2193634349409965,0
2.254352537659344,-2.1545923447750104,0
2.2807415847254253,-2.338820611715974,0
2.1290035154796203,-2.4640074526946067,0
2.4258826019278867,-2.272044165756951,0
2.450622805429468,-2.587347667273646,0
2.533638786248112,-2.0814758572649854,0
2.166387928915506,-1.6659175043461327,0
1.9833126041247684,-3.0468643220806837,0
2.310429577259523,0.3221749051549888,0
2.333520098303927,0.6339892037502155,0
2.5732227762935698,-1.2249080743718548,0
2.7771898844118263,-0.7986693106425009,0
2.678230328744517,0.014851480945914741,0
2.5237427887367456,-0.6078931968482716,0
2.6677844370807624,0.022247830043023147,0
2.7238618961272745,-0.23053703395562816,0
2.5622274099237594,1.04991441510697,0
2.533638786248112,-0.7565907221202259,0
2.564426567086993,-0.7292416471925295,0
2.7711423070745265,0.5626922046351068,0
2.825020608957812,2.8666438565383436,1
2.803029456771852,1.7673907662087172,0
2.835466500621572,0.36237025229056713,0
2.9239805840714594,0.3496526263745575,0
3.033935925554918,-0.1322687240124602,0
3.0135940363797973,-0.3190045691308408,0
3.063623918089016,0.28013132824523423,0
3.212063461313149,1.6061717125487405,0
3.1790769427573786,1.3503253744929227,0
3.132895481222227,1.0138239611139195,0
3.147189793060053,0.29862544072310127,0
3.037234451576595,1.1186762248772666,0
2.838215132490856,1.2550053752502488,0
2.9635641546705784,0.9039218811091458,0
2.522093525725913,0.15630381054434814,0
2.5820194049464917,0.04967767338978449,0
2.3368190437719374,0.551270354027012,0
2.2312615971686016,1.7790211742530972,0
2.415437129710465,0.36601872052719636,0
2.522643419878301,0.43877948255868043,0
2.64304465302552,0.5468695865934602,0
2.534188680400506,0.9197974537304036,0
2.313178628575145,0.4351049425718954,0
2.459968908788439,1.1017196894277062,0
1.9690182922869437,0.6240837350985229,0
1.915689884556052,0.22710782517289885,0
2.1465963533391186,-0.15293515303067412,0
2.259850220844249,-0.12603671089255702,0
2.221365599657235,0.5458920409171826,0
1.767799816037971,0.2255708596500581,0
1.7930899136919465,-1.0314702382510041,0
1.7645012900162966,-0.9381750184127134,0
1.8640107398359973,-0.8138598385680644,0
2.1394489876970355,-0.6278854080660994,0
2.228512965299318,-0.7568712049989826,0
2.1207567809790926,-0.48385310230306683,0
1.7958385455612285,-0.6947911599684471,0
1.7051253049481074,-0.8017982980956404,0
1.8150806464315656,-0.3155718129857728,0
1.7205194050907175,-0.05902562447177163,0
1.845868427270445,0.1120072076969452,0
1.799686965735296,-0.02991552943795102,0
1.9206380930349043,-0.3814651311534843,0
1.6605935258701356,-0.5374118059918116,0
1.6897316242518376,-0.12135039462394233,0
1.4830158842643013,0.17738366859412402,0
1.366463071291153,0.07093186093053948,0
1.39230264365118,0.05874781045686456,0
1.488513567449206,-0.4183466476044076,0
1.4742192556113811,-0.41092717389946953,0
1.5528373415499075,-0.2261136568290757,0
1.6853333099253776,-0.3253585265782653,0
1.5616335507564871,0.14017165453313316,0
1.4142937958371398,0.4917804465282717,0
1.255957835655302,0.08910158773707622,0
1.3428226560943557,-0.045055138883610166,0
1.4742192556113811,0.08049824672595177,0
1.4890630421552582,0.1365239152424154,0
1.459375469067504,-0.293679154826182,0
1.6523467913696082,-0.5244201469327328,0
1.715571196611865,-0.45352649195949507,0
1.5852739659532842,-0.33732985427596895,0
1.614961958487379,-0.5787215719671484,0
1.832124009585013,-0.5100795138613794,0
1.5368937667012452,-0.344618125395355,0
1.4219906361852748,-0.28274032611591915,0
1.2603561499817622,-0.3268435530643797,0
1.2746504618195869,-0.17702123652449356,0
1.275199936525639,-0.227634431044261,0
1.0036105282850087,-0.5417847722702,0
1.0915747175825072,-0.18333662631836678,0
1.270252147493127,-0.04746421487893749,0
1.3246799240824634,0.10848402949369258,0
1.2988403517224365,0.12534548877513801,0
1.363164545269478,0.044215318633845514,0
1.1773397497167757,-0.2292386223168274,0
1.1778896438691684,-0.271916277042931,0
1.211975950729723,-0.2162915558748559,0
1.1416041798453838,-0.07924847959089895,0
1.0585881990267378,-0.22442707326195052,0
1.0888256662668845,-0.41199043384466083,0
0.8276817302436711,-0.3809951285951946,0
0.7160771257493754,-0.43362909501813485,0
0.8144872067106315,-0.4250246188861826,0
1.015155788807211,-0.1470124879399229,0
0.9645764323919418,-0.1530824308711302,0
0.868914983299968,-0.17824538334556628,0
1.0965225066150197,-0.35038742429775344,0
1.2554079415029094,-0.323742551112326,0
1.3235805552240187,-0.20626821637389928,0
1.3615148628123002,-0.09071433830662604,0
1.5918714374429743,0.04255884693456213,0
1.508855037177988,0.06711604782696674,0
1.4109948503691243,0.09366723099134404,0
1.2966411945592062,0.02538050538796178,0
1.3978003268360848,0.1168716932420072,0
1.2053784792400328,0.11130820375916037,0
1.1971317447395051,0.20086763901279894,0
1.0519907275370477,0.11446797753557696,0
1.202079953218358,0.013780154783747285,0
1.2257203684151552,-0.05114244938359102,0
1.1745911178474937,-0.003266418058715648,0
1.1487515454874664,-0.04232198356221824,0
1.1894349043913706,-0.016595999784444693,0
1.3318272897245462,-0.03522031767335186,0
1.3961510638252477,-0.0651081510331906,0
1.3312773955721535,-0.07890089695808673,0
1.255957835655302,-0.07984785803461213,0
1.3571169679321806,-0.06312752730330666,0
1.446730420240517,-0.043435532726253445,0
1.3461211821160306,-0.03557075460081753,0
1.590222174432137,-0.02074818253559302,0
1.5451405012017727,-0.007731895748858843,0
1.386804960466275,-0.011684486545209077,0
1.2174736339146277,-0.008501538114271862,0
1.2526593096336271,-0.0027707343640816415,0
1.3895535923355575,0.0018461663837486446,0
1.2196727910778578,0.006905219243191069,0
1.277399093688869,0.005696721103909549,0
1.2042786909352476,-0.00014972720791018318,0
0.9871170592839538,-0.0009238056917628578,0
0.9013520271496852,-0.0014993746446805923,0
0.8821099262793481,-0.005738226933651979,0
0.9491823322493316,-0.011042644014151632,0
0.7836998453180921,-0.013793367444566633,0
0.6924367105525783,-0.01396034581723599,0
0.7452152241310774,-0.019473718279387674,0
0.7979937377095765,-0.015699066861952913,0
0.9271915995097124,-0.015056397303328434,0
0.9640265382395492,-0.019414477855268807,0
0.8958543439647804,-0.019922702343354536,0
0.7281722804239703,-0.0012726202967070375,0
0.5808321060582826,0.011210948076008656,0
0.4576822410417847,0.045838957665573006,0
0.4274443543552974,0.05296435892487078,0
0.4032540450061077,0.0501815822585238,0
0.5214561209900934,0.03200937365393698,0
0.6435066171481466,0.03801407025915778,0
0.7474143812943075,0.05183415790680017,0
0.683090607193606,0.060127268169892174,0
0.5830312632215127,0.0605723221040538,0
0.6325112507783369,0.05462409690334635,0
0.6819908188888208,0.04624961805661393,0
0.8029419461884292,0.05336594168508621,0
0.7589596418165097,0.061484687931850815,0
0.8727634034740354,0.07664536395260178,0
0.871114140463198,0.03277261769815289,0
0.839776884918266,0.056734820063684105,0
0.8089895235257266,0.05909955805380748,0
0.91124802466105,0.11219892146331385,0
0.7281722804239703,0.15268845731093272,0
0.5033133889782011,0.12863740266076487,0
0.548944956360958,0.08936807360540697,0
0.5544426395458628,0.10014890176966305,0
0.6017234699394571,0.0652787170182859,0
0.6286628306042695,0.0414896198692585,0
0.7545617469363901,0.032165950147701954,0
0.808439629373334,0.10182377758204132,0
0.8892568724750903,0.056238882542874916,0
0.90684971033459,-0.018642666540420894,0
0.8683655085939158,0.07730661721809932,0
0.9150964448351177,0.1731657335349328,0
0.9689743272720612,0.07668878789170946,0
0.986017690425509,0.1569029384495003,0
0.9041006590189674,0.08104090794152828,0
0.9052004473237526,0.07607232766679432,0
0.9524812777173468,0.13276017154023076,0
0.8793608749637255,0.18853154735602085,0
0.7815006881548621,0.29876828492881785,0
0.8348290958857538,0.18387957601843966,0
0.699584076194661,0.07128409637342989,0
0.6704455583666186,0.06466203448971077,0
0.5335512756646883,0.06725331146377062,0
0.5731352657101477,0.024723014721932134,0
0.7397175409461726,0.05561207058621197,0
0.8128379436997941,0.05098432995380777,0
0.7902968973614417,0.1652912900459108,0
0.8815600321269556,0.22936779472903499,0
0.90465055317136,0.2267153031806545,0
0.8452745681031708,0.30497472852171265,0
0.8194349957431436,0.20082740968952453,0
0.8139373125582389,0.2796620381998911,0
0.6957352365742531,0.41708572207750677,0
0.6858396585092287,0.4822735732940934,0
0.5643386370572276,0.5463569297387777,0
0.6435066171481466,0.33167015679430506,0
0.6946358677158083,0.47060610894020855,0
0.6594501919968089,0.30949478916337475,0
0.7347697519136605,0.41031570116381577,0
0.7699554276326598,0.39346053611749937,0
0.795794999992687,0.3630618145314224,0
0.8793608749637255,0.2891205783569219,0
0.9222433910308596,0.06589854717845381,0
0.7639078502953623,0.06537465435125059,0
0.7133284938800933,0.12995335497453248,0
0.6616493491600389,0.0632565133165597,0
0.7144278627385381,0.02845935617312895,0
0.6110699927447698,-0.19339978832841487,0
0.4202974081595552,-0.15101693830611465,0
0.2157804058889083,-0.09135317090139582,0
0.2564637647928126,-0.03743019216613476,0
0.1679496813429214,-0.06461821892063738,0
0.2174296688997457,-0.10990363048903576,0
0.310342066676097,-0.1490829297467577,0
0.3966569929627581,-0.11723628920996848,0
0.3449778482427037,-0.15045339710679959,0
0.3064936465020295,-0.04581646084028982,0
0.5016641259673636,-0.019865379300361332,0
0.5231053840009309,-0.050295119551317866,0
0.5104607546202838,-0.05439239960663761,0
0.5874295775479726,-0.024486438873474223,0
0.6589002978444163,-0.01190877522501431,0
0.9200442338676296,0.06167123741351203,0
0.935987808716292,0.025841898607006746,0
0.9304901255313872,0.03720042406753021,0
0.9354379145638994,-0.016094827675670872,0
0.8826594009854003,-0.028379274047557596,0
0.9810694819466564,0.02354981035515377,0
1.0761810368862377,0.02863914298558127,0
1.0157056829596036,0.04554079715833888,0
1.0354972585359927,0.014103485260628273,0
0.942585280205982,0.025121095206300837,0
0.9442345432168194,0.04804820631886042,0
0.8507726707344161,-0.011845372513251363,0
0.7479642754467001,-0.03385834143420547,0
0.7798514251440247,-0.04659631190391832,0
0.8287815185484564,-0.06374181828294893,0
0.7358691207721052,-0.03481677370191378,0
0.5835811573739053,-0.02215292475371091,0
0.6088708355815399,-0.026286967932479678,0
0.7199255459234428,-0.01720353183915748,0
0.6583508231383641,-0.013458464233931954,0
0.4384401401714475,-0.0027102685258873606,0
0.2702081824782448,0.0067420033766550985,0
0.2680090253150148,0.023847684854740356,0
0.4208468828656074,0.04686231672980878,0
0.5209066462840413,0.07274712451601753,0
0.551144113524188,0.0839447070405179,0
0.4879197082819314,0.05622797291960994,0
0.3950077299519207,0.05618345838642992,0
0.3493761625691638,0.04140178111307338,0
0.4082022534849603,0.08226833900946554,0
0.3944578357995281,0.07214110484489782,0
0.502763914272149,0.12699418857529848,0
0.4494355065412572,0.05424252773129049,0
0.4323925628341501,-0.027383109738911064,0
0.4565824527369994,-0.05452094816798997,0
0.507162228598609,-0.07499381045086354,0
0.5857798950907948,-0.09420081095716765,0
0.4477862435304198,-0.19501941085719804,0
0.4939672856192288,-0.18818967383806293,0
0.3174890128718391,-0.09913069931469047,0
0.2421694529549876,-0.16515439159030515,0
0.3526746885908385,-0.29283015859389294,0
0.4428380350515671,-0.1356844768692147,0
0.4653790813899195,-0.21316751131970155,0
0.4428380350515671,-0.31326430850266757,0
0.486270445271094,-0.20110246385188427,0
0.4180982509963252,-0.2130155469354057,0
0.356523108764906,-0.20970669415221369,0
0.1888414646704364,-0.21283847253784063,0
0.3152898557086091,-0.1847052696476177,0
0.2520654504663525,-0.15836142838737408,0
0.3812633122664884,-0.27438776335851095,0
0.4450371922147971,-0.3176515365086644,0
0.3746658407767983,-0.2991965611640908,0
0.486270445271094,-0.07023294070072596,0
0.3202380641874618,-0.2350889993786065,0
0.3009959633171247,-0.3072650839218538,0
0.312541223839327,-0.4893529886123357,0
0.2207281949214205,-0.35500395377011956,0
0.3229866960567439,-0.4175888872607758,0
0.3394801650577989,-0.2465342156049202,0
0.3823626811249331,-0.4316783222408468,0
0.3356317448837315,-0.3089333638996579,0
0.4455870863671898,-0.31987496817866945,0
0.4461369805195824,-0.33483057343574635,0
0.5593908480247155,-0.33366951928214394,0
0.5115601234787286,-0.23588661701773495,0
0.6127192557556073,-0.3206208665115263,0
0.6632986121708764,-0.25878704535371677,0
0.7259731232607403,-0.47963422119275,0
0.645155880158984,-0.28728428957873176,0
0.5753344228733778,-0.14129941582462693,0
0.6632986121708764,-0.18792538583228965,0
0.6413074599849166,-0.3184786309095925,0
0.6567011406811862,-0.26199439729049157,0
0.7358691207721052,-0.4962553631433229,0
0.8276817302436711,-0.5862840753722403,0
0.8766118236481029,-0.6694554749066355,0
0.8298808874069011,-0.39917639865369775,0
0.9019015018557374,-0.6162938732241752,0
0.9288408625205498,-0.7966890815694266,0
0.9959136879368738,-0.8594136263499644,0
0.9722732727400768,-0.6899088047115379,0
0.868914983299968,-0.6983771168089405,0
0.9821692702514416,-0.5291262158230838,0
1.0519907275370477,-0.48183228866725725,0
1.0036105282850087,-0.5395563931016102,0
1.0574884107219529,-0.7185790447355794,0
1.1388555479761016,-0.47780557813340646,0
1.0519907275370477,-0.3214824117523456,0
1.07233261671217,-0.36404238242104003,0
1.0349477838299406,-0.4062746205346664,0
0.9513814894125616,-0.39436254273143456,0
0.8628674059626705,-0.45143185523029994,0
0.9183949708567924,-0.3101320142410287,0
0.9656758012503868,-0.30916279245122624,0
0.9365377028686848,-0.19699576195213678,0
0.9161958136935624,-0.28151170376781876,0
0.8359284647441986,-0.259825078698198,0
0.8447250933971187,-0.2282121369066511,0
0.887607609464253,-0.21924056686738244,0
0.90245139600813,-0.24308400760222384,0
0.9607280122178744,-0.1471757884215556,0
0.9865671651315612,-0.10273022337007096,0
1.0965225066150197,-0.1088544937332051,0
1.202079953218358,-0.08594132753960651,0
1.264754464308222,-0.2410358793743272,0
1.311485400549424,-0.17961964684619605,0
1.2746504618195869,-0.28243142031655377,0
1.3098361375385863,-0.19266849650009454,0
1.2977409828639914,-0.13245129760049867,0
1.3829561208458674,-0.08591162582079796,0
1.3653632829863676,-0.1684058151752237,0
1.4555270488934366,-0.06419936074647929,0
1.4890630421552582,-0.061632446151018816,0
1.5280975574946656,0.003644804927772597,0
1.5127034573520557,-0.02656077847051799,0
1.4621241009367862,-0.023840411821829825,0
1.4263885310653943,-0.03784616754893433,0
1.448379683251354,-0.006329439597785992,0
1.4291375823810168,-0.015020985991603472,0
1.4681716782740837,0.017059420762766866,0
1.6490482653479337,0.023565967718752683,0
1.5407421868753126,0.02079069583472971,0
1.4901628304600434,0.006053669949363794,0
1.3818567519874223,0.0012600574618120528,0
1.404397798325775,-0.001118588305571085,0
1.1289595504647367,-0.0009769878230638505,0
1.0239519980137906,-0.004006711373399345,0
1.0503414645262104,-0.003094944027319104,0
1.2477111011547746,0.006489744111730658,0
1.2251704742627627,0.0026812570930533886,0
1.0888256662668845,0.0032768695753288175,0
1.0569389360159005,-0.009683529158828183,0
1.3197321350499511,-0.003139814171715573,0
1.263105201297385,-0.011839906513234006,0
1.263105201297385,0.011764068560910081,0
1.354367916616558,0.011216684917319003,0
1.4120946386739095,-0.026380042449171137,0
1.3780083318133551,-0.033977770192773024,0
1.198781007750343,-0.018351020754076776,0
1.102570083952317,-0.03239563387991569,0
1.193283324565438,-0.00778000456589786,0
1.073431985570615,-0.0409985848758966,0
1.2015300590659654,-0.06219548139641886,0
1.0239519980137906,-0.07722370977685697,0
0.9530307524233992,-0.07390305139545365,0
0.921144022172415,-0.05408076589737252,0
1.032198732514318,-0.021323164496241418,0
0.9249924423464824,-0.061248885761875135,0
0.9420353860535896,-0.05295489812723259,0
0.7523625897731602,-0.01148589710531453,0
0.6402080911264718,0.015105274315126559,0
0.6627487180184837,-0.006271064685368478,0
0.74136680395701,-0.0006445925511205645,0
0.8012926831775918,-0.02417971701275485,0
0.8012926831775918,-0.026100674035571626,0
0.7133284938800933,-0.021456471116326516,0
0.5066123344462163,-0.012833230963392407,0
0.6709954525190112,-0.013280263317952143,0
0.7650072191538071,-0.002786481644349186,0
0.7743533225127793,-0.0036613336984165383,0
0.7375183837829425,-0.0007747037187258788,0
0.6517533516486741,0.002341356340028176,0
0.6143685187664446,0.007555922495006178,0
0.699584076194661,0.007195535699872061,0
0.779301530991632,0.016295719647045768,0
0.6748438726930786,0.014521295471497048,0
0.5709361085469178,0.009644614879536164,0
0.5143091747943512,0.010160489628882222,0
0.4747251847488917,-0.0013498955666661177,0
0.3130906985453791,-0.03111290734860411,0
0.3108915413821491,-0.044164958001938544,0
0.4147997249746504,-0.04802786589348621,0
0.4197475140071626,-0.00529951295693936,0
0.2707580766306375,-0.029252196833089158,0
0.3180389070242318,-0.07084015137645713,0
0.4340418258449875,-0.05698569863151795,0
0.42579509134446,-0.06310902919066265,0
0.4829719192494192,-0.11283539628801284,0
0.5363003269803109,-0.052606722345346975,0
0.5791828430474453,-0.06780354636732468,0
0.5610401110355528,-0.05308938774532232,0
0.5428973790236605,-0.07880357535173968,0
0.6534026146595114,-0.038326407559419816,0
0.5731352657101477,-0.07056290459881015,0
0.4444872980624045,-0.05242893612943229,0
0.4378902460190549,-0.07941607154232745,0
0.3680683692871082,-0.0563530242199397,0
0.4956165486300662,-0.04826162138370689,0
0.4675782385531495,-0.07871237364033062,0
0.5566417967090929,-0.14197713301708711,0
0.3895096273206754,-0.07646409799664274,0
0.4703268704224317,-0.06502209511204692,0
0.4224965653227853,-0.05714164701787137,0
0.4582317157478368,-0.049947068185585176,0
0.4945171797716214,-0.07462172991052267,0
0.4791234990753518,-0.05916552069096685,0
0.4879197082819314,-0.0547084487700799,0
0.5714860026993104,-0.06376971126420958,0
0.5346510639694736,-0.03821318119971808,0
0.6325112507783369,-0.042908913153028395,0
0.5874295775479726,-0.08909681211919206,0
0.6270131481470916,-0.12142287428746874,0
0.7518126956207675,-0.0736373575417948,0
0.7875482654921595,-0.05347614003892403,0
0.7199255459234428,-0.03632629658568976,0
0.7771023738284021,-0.022600127820049255,0
0.6687962953557811,-0.00260971700084667,0
0.5571916908614855,-0.1732996777555272,0
0.4725260275856617,-0.123378646822612,0
0.5000148629565263,-0.12305242794250587,0
0.5291529613382283,-0.10984054218646937,0
0.5593908480247155,0.009293767469573468,0
0.6891381845309035,0.006905188492554861,0
0.7232240719451176,-0.04813436215840917,0
0.7276223862715777,-0.012900872978549287,0
0.7798514251440247,0.014600136225801204,0
0.712228705575308,-0.014783462093307068,0
0.7886476343506043,0.106850377006195,0
0.8524219337452535,0.03017570871652847,0
0.7968943688511317,-0.007771300228183477,0
0.7820505823072547,0.003254275952183137,0
0.8205347840479289,-0.0906121756910251,0
0.7039819710747806,-0.10844486185981327,0
0.7639078502953623,-0.12485653604851576,0
0.8348290958857538,-0.11577771403943173,0
0.8166863638738615,-0.17303924638595566,0
0.8012926831775918,-0.11856034063810766,0
0.8953044498123878,-0.08341855240366285,0
0.8276817302436711,-0.0802822553360663,0
0.7952451058402944,-0.0688215756963399,0
0.8491229882772382,-0.15407868491327328,0
0.8381276219074286,-0.10344396074427684,0
0.7875482654921595,-0.14799041748416414,0
0.7831499511656995,-0.19016842452278815,0
0.7628080619905772,-0.23789839677058083,0
0.8815600321269556,-0.19244096699298205,0
0.9662256954027792,-0.09031315419728982,0
0.9541305407281844,-0.06926285780444327,0
1.046493044352143,-0.1091754333026753,0
1.0877262974084398,-0.08645726098065923,0
0.9893162164471836,-0.16189797076431708,0
0.9557798037390216,-0.1660710404470497,0
0.931589494389832,-0.14239639016852332,0
1.004160002991061,-0.13554179907541322,0
0.986017690425509,-0.09153497634635423,0
0.9711734844352914,-0.042133959191396224,0
1.0712328284073849,-0.023405136454174982,0
1.1009208209414794,0.044198270624588844,0
1.1800888010323984,0.09595808657967005,0
1.195482481728668,-0.025528767635553538,0
1.2592563616769767,0.0398786451212631,0
1.276849618982817,-0.02319172322854491,0
1.250460152470397,-0.12601728517600266,0
1.1844871153588583,-0.10751396554512943,0
1.2383649977958022,-0.038589169667463036,0
1.1729414353903156,0.014806820009029954,0
1.2081275305556556,0.020698791922532725,0
1.1943831128702234,0.025468965030130408,0
1.1916340615546006,-0.06037080554056446,0
1.0448437813413056,-0.05165369845342755,0
1.0470429385045354,-0.03601465266226384,0
1.0695835653965475,-0.02705507854587158,0
1.053639990547885,-0.0511493244623819,0
1.0816787200711424,-0.05706945951420644,0
1.0514408333846552,-0.03994152218345901,0
1.0932239805933446,-0.025912154986732806,0
1.1086176612896144,-0.01732622473354509,0
1.0415448358732902,-0.015025649971878989,0
1.003060634132616,-0.004794195618017028,0
0.841976042081496,0.006126297917262983,0
0.8392269907658734,0.014988553094061503,0
0.7930459486770643,0.02433073216689844,0
0.8133878378521867,0.03894084475826206,0
0.8078897352209414,0.05167833771931018,0
0.8414261479291034,0.08058844845583027,0
0.8562703539193209,0.0689948586699543,0
0.8012926831775918,0.06458628416898274,0
0.8485735135711862,0.07388162647229787,0
0.7880977401982117,0.06892643438991783,0
0.8216341529063736,0.07664825519061985,0
0.8546210909084836,0.10848978004873266,0
0.9002522388449,0.06856673265873417,0
0.8859583464534155,0.08801079600588033,0
0.8562703539193209,0.06121760581239588,0
0.7633579561429698,0.0425423452134909,0
0.7248737544022955,0.07153547701985698,0
0.7716046906434972,0.00859267820195667,0
0.887607609464253,0.012094749521048175,0
0.8546210909084836,0.08257277979745335,0
0.7820505823072547,0.10865267518630115,0
0.7314708064456451,0.0866614991169504,0
0.5791828430474453,0.1455437595851414,0
0.5258544353165535,0.13397581422488403,0
0.5709361085469178,0.11810739798054554,0
0.6523032458010667,0.13572304530203522,0
0.6512034574962814,0.18059722495196137,0
0.772704059501942,0.16740932618760576,0
0.7815006881548621,0.0969178247053551,0
0.8144872067106315,0.1410192190716887,0
0.8210846782003215,0.1391459533626551,0
0.8117381553950088,0.13695069528205694,0
0.9150964448351177,0.12920156052322776,0
0.9832686391098864,0.1346993206331198,0
1.0162551576656558,0.20498317246677372,0
0.9370875970210772,0.08738697897241313,0
0.9865671651315612,0.11366224843812374,0
0.942585280205982,0.08856108048294338,0
0.9464337003800496,0.14399681628572544,0
0.9926147424688584,0.3301756621865283,0
0.9816193760990488,0.38897953973063115,0
1.082778088929587,0.23783150145167947,0
1.0514408333846552,0.3325506171058636,0
1.1102669243004517,0.27743946460623675,0
1.0706833537013327,0.420505325552829,0
1.0250517863185755,0.45312646814179197,0
0.9744724299033068,0.15030410162916183,0
1.0124067374915884,0.029252342523510833,0
1.040995361167238,0.07753406170731113,0
1.0184543148288858,0.005828542951049278,0
1.0019612652741712,0.3351754212087293,0
0.9387368600319148,0.3316443055993772,0
1.053639990547885,0.1691552050628816,0
1.0519907275370477,0.3840962245418023,0
0.9041006590189674,0.36894268779344946,0
0.8848585581486302,0.17265720491892167,0
0.7298215434348078,0.20113206532384975,0
0.7644573250014145,0.10005183152979341,0
0.8023920520360366,0.2100343420449747,0
0.7408173292509579,0.1914472213330442,0
0.6665971381925511,0.11465922017976621,0
0.6072215725707024,-0.008332247370439945,0
0.7820505823072547,0.20886925499931713,0
0.6940859735634157,0.11733305253009305,0
0.5406982218604305,0.1584637838368232,0
0.5088114916094464,0.3275858796525915,0
0.5231053840009309,0.4182218796620139,0
0.634710407941567,0.34247182928303094,0
0.6874889215200661,0.5047194176340413,0
0.7232240719451176,0.44883824565551694,0
0.9002522388449,0.5100235126054412,0
0.806240472210104,0.460351293598381,0
0.730921331739593,0.4068782653919469,0
0.795794999992687,0.2726565578530874,0
0.7127785997277006,0.18281345010606379,0
0.5874295775479726,0.3037121833733541,0
0.5692868455360803,0.4074220899570358,0
0.4532839267153246,0.21755271367137316,0
0.5126599117835138,0.49485851271993037,0
0.6127192557556073,0.31278435133481475,0
0.7551112216424423,0.23452713972930517,0
0.6512034574962814,0.1805216959609792,0
0.5956758926021597,0.27509082573493415,0
0.6720952408237965,0.20151903403730456,0
0.5423479043176084,0.25811981450048715,0
0.3658692121238782,0.12365248326460354,0
0.3031947010340142,0.13047239974186495,0
0.3004460691647321,0.037517158251863414,0
0.2190789319105831,0.035588186944544485,0
0.2762557598155423,0.22944866246679446,0
0.1135219047535849,0.27049219750979114,0
0.1992869368878534,0.25018697379276406,0
0.2905500716533672,0.21257739270580803,0
0.2729572337938675,0.18292347792740435,0
0.3521247944384459,0.039665630902162206,0
0.4126005678114204,0.256479527501126,0
0.3972068871151507,0.16120127429132902,0
0.4543832955737694,0.2736936226281416,0
0.452734032562932,0.37955828674810327,0
0.3675188945810561,0.5131317228501303,0
0.4329420375402023,0.5882454686923051,0
0.3301340616988267,0.5681365179830739,0
0.2190789319105831,0.5341480628963561,0
0.2471176614338403,0.5453920257018537,0
0.2465677672814477,0.4710538211636945,0
0.3378309020469615,0.3737731809454371,0
0.3526746885908385,0.46109865748929346,0
0.551144113524188,0.3843656508686022,0
0.5879790522540248,0.2520511617886921,0
0.7397175409461726,0.3370706443012689,0
0.5434472731760531,0.20162914226885706,0
0.5253045411641608,0.3479343873185377,0
0.6687962953557811,0.1735765716599982,0
0.6528527205071188,0.254969872040078,0
0.557741585013878,0.4123824070525888,0
0.3790641551032583,0.7078834348221548,0
0.3686182634395009,0.41064470872321474,0
0.3840119441357705,0.5143791597804377,0
0.3042944893387995,0.5911276308240521,0
0.3779643667984731,0.48761040020140706,0
0.4620801359219042,0.39813821474270084,0
0.3895096273206754,0.6844887528953425,0
0.3576228970696912,0.5537152339639506,0
0.4450371922147971,0.5205349094853232,0
0.2031353570619208,0.3854679113378222,0
0.1937892537029486,0.4985584875385449,0
0.2707580766306375,0.5563238794206253,0
0.3064936465020295,0.5622735823362406,0
0.3191382758826765,0.5401810419642237,0
0.4279942485076901,0.699555103532434,0
0.4565824527369994,0.1680715204907264,0
0.4400894031822849,0.4739973448163539,0
0.4769243419121218,0.41040701709910765,0
0.3680683692871082,0.4224959074772046,0
0.2394208210857055,0.4349221871853017,0
0.2438191354121655,0.4897873292201408,0
0.2608620791192726,0.13582971650830744,0
0.2757058656631497,0.326656976563358,0
0.1833433620391911,0.5128127275776866,0
0.3009959633171247,0.5539080891882681,0
0.3136405926977717,0.8462819490249145,0
0.2850523884684624,1.0927700488009273,0
0.3526746885908385,1.0867312847378925,0
0.4153491996807025,1.2472825745852976,0
0.2889008086425298,1.3036211811377283,0
0.2795542858372171,1.1759135845651865,0
0.2768056539679349,1.2438981487438103,0
0.2372216639224754,1.2728766178586344,0
0.2427193471073803,1.3058597963919212,0
0.343878479384259,1.4204420377660374,0
0.26690965645657,1.523181268018919,0
0.2537151329235304,1.3753526665220492,0
0.1932393595505559,1.4155757984256274,0
0.2575635530975978,1.4769843726987772,0
0.2696582883258522,1.4230636849777993,0
0.3631205802545961,1.2498671229281546,0
0.3482763742643785,0.9857281070375256,0
0.4180982509963252,0.8569168290575867,0
0.3862111012990006,1.2111866623858973,0
0.3515753197323938,1.049303115394671,0
0.3790641551032583,1.219931434468191,0
0.3422292163734216,1.4240989042484877,0
0.3174890128718391,1.425862572356425,0
0.3053938581972443,1.1111759723131025,0
0.3526746885908385,1.02083493993477,0
0.3262856415247592,0.9339646791366749,0
0.3801635239617031,1.0481419651093014,0
0.4016047819952703,1.0365233231048374,0
0.4417386661931223,0.862051544142559,0
0.5192569638268634,1.0074566616418292,0
0.5648885312096203,1.1101751861226894,0
0.5428973790236605,1.2666730129254786,0
0.5808321060582826,1.4601943337213068,0
0.5297028554906209,1.2237098585470467,0
0.5626893740463903,1.2477299334160232,0
0.7083802854012407,0.9414490144125935,0
0.8320800445701312,0.8662642862911907,0
0.7595095359689024,0.9181830451421298,0
0.8991528699864552,0.8640656301556382,0
0.8243832042219963,0.9480088349593038,0
0.7804008998500768,0.6979070143229031,0
0.6709954525190112,0.6970847146752187,0
0.6462556684637693,1.0241204155429506,0
0.601173995233405,0.8381017783006052,0
0.603373152396635,0.8835336578042726,0
0.5214561209900934,0.798995496519753,0
0.5544426395458628,0.6958563725841437,0
0.4912186537499467,1.2748671046680604,0
0.4972662310872441,0.8906745042925447,0
0.486270445271094,0.7888340446883312,0
0.5209066462840413,0.5900396598348928,0
0.4956165486300662,0.35706980488080314,0
0.4038039391585003,0.9776456383699234,0
0.3807134181140957,1.196569027824217,0
0.4021546761476629,1.5503350859852356,0
0.4747251847488917,1.9075891373856886,0
0.5297028554906209,1.7796257921182732,0
0.4224965653227853,1.259793225985391,0
0.4180982509963252,1.3376585521974174,0
0.387860364309838,1.7826041350644786,0
0.4488856123888646,1.7246012114151612,0
0.4708767645748243,1.3028923971478716,0
0.488469602434324,1.541343530912085,0
0.3691681575918935,1.4160760208432204,0
0.3856612071466079,1.9121386179721327,0
0.2883509144901372,1.4587822910668597,0
0.2713079707830301,1.2210653915071876,0
0.3664191062762709,0.7313198939853797,0
0.3339824818728941,0.8140045566146352,0
0.2575635530975978,0.07956954376853514,0
0.2515159757603004,0.06449137765126059,0
0.1443092661461242,0.23993514751453107,0
0.1470583174617469,0.2853120825785638,0
0.1844431503439763,0.46331663729432937,0
0.1289155854498546,0.6246367179759647,0
0.1410107401244494,1.33314840919942,0
0.2196288260629757,1.7395352960898112,0
0.1575042091255044,1.4523114191182067,0
0.1921399906921112,1.4992077633612133,0
0.2141311428780709,1.4302628976029135,0
0.1767463099958415,1.3597851643324472,0
0.1910406218336664,1.2862085045929248,0
0.2515159757603004,1.3827837290544283,0
0.2526153446187452,1.6508220330081569,0
0.298246912001502,1.4254049510566065,0
0.2921993346642046,1.3328873650078443,0
0.3279349045355966,1.5341647273800174,0
0.3427786910794737,1.162887045813188,0
0.3119913296869343,1.305311807241584,0
0.4285441426600827,0.9020994438943144,0
0.4131500425174725,1.3010867127902213,0
0.4411887720407297,0.8542763291403832,0
0.1794949418651236,0.7981782958323472,0
-0.0931940449571217,0.937164653152665,0
-0.1641152905475132,1.4616691155409525,0
-0.2256902230557621,1.2387124148407085,0
-0.0734022596575626,1.3585278077185878,0
-0.1987512818372902,1.1290203782747852,0
-0.1201331958987639,1.4793356639984414,0
-0.1184839328879261,1.300516159094013,0
-0.1294792992577361,2.0052850418154513,0
-0.0668047881678725,1.7310984688047533,0
0.0546958138377883,2.214846839332305,0
-0.0332683754597101,1.9038919454847547,0
0.0343539246626659,1.655939097883976,0
-0.077800364260852,1.1611890165975869,0
-0.0492119503083728,1.0925892867883396,0
-0.0365671112045552,1.2615819983222138,0
-0.0898955189354469,1.7055811981689526,0
-0.1795091809669531,2.1146105289691075,0
-0.3010097829726132,2.005024848805938,0
-0.2443826394968768,1.9687531943303165,0
-0.296611468646154,1.9858153396240312,0
-0.360385558317633,2.2293899978776524,0
-0.2526293739974043,2.452628732060981,0
-0.3087066233207485,2.5308009897023647,0
-0.20754770076704,2.3040793489952476,0
-0.1465224526880135,2.056409019778333,0
-0.0953932021203517,1.8814546569906996,0
-0.0008317510563334,1.8053471243454478,0
-0.0294199552856423,1.4919585549423637,0
-0.1135359341322437,1.2921352858399229,0
-0.0657052095862571,1.1180458646776907,0
-0.0547098432164479,1.0760916142992105,0
-0.0618567894121893,1.1881926737722632,0
-0.1162847757246965,1.6460715897943672,0
-0.1366264551766486,1.2850118282112637,0
-0.1184839328879261,1.9977898989607654,0
-0.1536696086069259,1.7634693336886218,0
-0.1014407794576492,1.777977093011783,0
-0.1509207670144739,1.5833671758329289,0
-0.1591672917918311,1.7171703749360234,0
-0.0640559465754197,1.6069611710193148,0
-0.015125853170988,1.6848705785159663,0
-0.045913424286698,1.521685439515315,0
-0.0173250103342177,2.1995440962122568,0
0.0491981306528835,2.3247632415246495,0
0.0882322265459503,2.4466875679786924,0
0.0711892828388432,1.71717417962126,0
0.2454683984230029,1.794229088998978,0
0.2394208210857055,1.47285809073255,0
0.5110106487726764,1.6365653352403364,0
0.4444872980624045,1.523202467002795,0
0.6132687304616594,1.6131386303861666,0
0.6297621994627143,1.5969244502144828,0
0.6182169389405121,1.082625801867605,0
0.2652603934457326,1.1104640070375564,0
0.0376528701306812,1.275110800481961,0
0.067890337370828,1.5930887626672805,0
0.0854831752303277,1.4345223635690982,0
0.1008768559265974,1.1683052945149075,0
0.0783362290345855,0.9609784776753008,0
0.0970284357525299,1.2175363707551072,0
0.2069837772359882,1.0653927856081937,0
0.1822439931807463,0.8990171431516574,0
0.1547551578098817,1.0046199038969168,0
0.233373243748408,1.065449949814033,0
0.2553643959343678,1.044315260894697,0
0.25811302780365,1.1555168083463563,0
0.1586035779839492,1.4287656777525368,0
0.2619614479777174,1.3730715024407762,0
0.1811446243223015,1.2362751833342303,0
0.1558545266683265,0.9234233131670396,0
0.1481576863201917,0.8625059761591481,0
0.2119319857148409,0.7677051080573127,0
0.2009361998986908,1.1776201228631562,0
0.1932393595505559,1.0112724088506855,0
0.1388115829612194,0.9649148478640366,0
0.0860330693827203,0.9186105491068982,0
0.1289155854498546,0.9655128556932809,0
0.0810852803502081,1.0791814168443838,0
0.166300418332084,0.8841863067904093,0
0.3037445951864069,0.763637206340104,0
0.3471770054059337,0.9783154338543657,0
0.3064936465020295,0.6418495595139733,0
0.2003867251926386,0.8312073031747153,0
0.1432098972876795,0.8266358972095238,0
0.0810852803502081,0.640997475250978,0
0.036553081825896,0.9549351691764492,0
0.0107137191890386,0.8316580397233683,0
0.0107137191890386,0.9291661789671127,0
0.0151118237923292,0.5280591139471534,0
-0.0283205864271979,0.7054675037625896,0
-0.0569087906565069,0.36700233381143343,0
0.0151118237923292,0.5190924480135195,0
-0.0486622658791501,0.46767117726739216,0
-0.0145761687417657,0.5537087636173359,0
-0.0734022596575626,0.18393749294030273,0
-0.0261214292639675,0.15886347259378678,0
-0.0090782758336906,0.37054603768551747,0
-0.0013814354855558,0.2607359313683789,0
0.0612932853274784,0.49811257937028325,0
-0.0239222721007379,0.3519555385757951,0
0.0255577154560863,-0.028952381599322632,0
0.0502974995113283,-0.2374364277596025,0
0.0178608751079515,-0.32389979690149195,0
0.1047252761006648,-0.09765032737760673,0
0.0156617179447211,0.13671542863574804,0
-0.0112774329969206,0.1861900614649916,0
-0.0997915164468114,0.5408520404391148,0
-0.0783502584132447,0.4206507350871131,0
-0.0580083692381227,0.4322764465131735,0
-0.0008317510563334,0.8584195211058133,0
-0.0723026810759468,0.5986823621122787,0
-0.0547098432164479,0.5618203493897708,0
-0.0211734305082855,0.8597912109696377,0
0.0458991851848682,0.5123481316808749,0
0.0200600322711815,0.5509524404798393,0
-0.0063294342412382,0.6777365275798423,0
-0.0552595276456699,1.183363376508367,0
-0.0574586848088999,1.255402501725701,0
-0.015125853170988,1.0389257963826637,0
0.0717387575448954,1.1893551193006042,0
0.0711892828388432,0.8718036465751925,0
0.1118726417427475,0.9175547685477744,0
-0.012926696007758,0.8554580958957895,0
-0.0723026810759468,0.7380845308466111,0
-0.1047395152024938,0.4644544831304004,0
-0.1762104452221081,0.7259244301483764,0
-0.1542192930361487,0.839175192089929,0
-0.109687513958177,0.8077277644107466,0
-0.1074883567949466,0.4880726530753192,0
-0.0624066835645823,0.5141270206886552,0
-0.1195835114695415,0.5108559172843644,0
-0.2630750559379912,0.3637905780790012,0
-0.2306382218114446,0.6555369510985387,0
-0.2740706320309715,0.8263317234488019,0
-0.2977110472277686,1.3152586498642063,0
-0.3422430360289101,0.6846632796281894,0
-0.3378447217024509,0.2551167026987048,0
-0.3389443002840654,-0.010554815361783475,0
-0.3224510410061808,0.5941630594288526,0
-0.2850662081239513,0.35982775174822496,0
-0.104189621050102,0.009254414932473847,0
-0.1201331958987639,0.2610718992554298,0
-0.1305788778393508,0.7486163441374927,0
-0.1943529675108297,0.44911751849688014,0
-0.1762104452221081,0.14657255122429635,0
-0.1712624464664256,0.38626982547204797,0
-0.1487216098512435,0.2446299627716598,0
-0.1448731896771761,0.4288269477856038,0
-0.1718121308956476,0.26484785157077706,0
-0.2245908541973178,0.5346002031787382,0
-0.2339369575562896,0.7440811730276794,0
-0.2163441196967899,0.7153531988947825,0
-0.1954525460924455,0.5499184055333026,0
-0.1454228741063988,0.37806292430365757,0
-0.2856158925531737,0.44516336815201024,0
-0.2746205261833645,0.18652535877364,0
-0.1976517032556752,0.11158700831920962,0
-0.20754770076704,0.07967225118250876,0
-0.1619161333842831,0.24671451486223028,0
-0.2333872731270676,0.20670086295566298,0
