signal,anomaly_score,is_anomaly
-1.1189203176295464,0.6688264910385839,0
-1.1298084121494592,0.6787825927916322,0
-1.1866072890417647,0.6975345983789816,0
-1.3489069877168112,0.7137309942787828,0
-1.2908994606332036,0.7366367369900011,0
-0.9751805693496772,0.7415912144647269,0
-0.9428261304364554,0.7535999425907486,0
-1.1211993402360372,0.7745474714682846,0
-1.1512978028387937,0.7967062126296335,0
-1.0610254613265024,0.8250475522078694,0
-1.1191738268857814,0.8619873023634581,0
-0.9879943099370952,0.9018729432209601,0
-1.041664011969709,0.9319526803801238,0
-1.0030973159291878,0.9806814005424807,0
-1.0803561822885923,1.0263601224233152,0
-1.1125851469234804,1.0900799731144262,0
-1.247892511559399,1.1255718897889728,0
-1.131831364800143,1.1533410866707727,0
-1.1062499762173907,1.180407279518019,0
-1.0138368898747416,1.1935028786331163,0
-0.9515632373277976,1.203762629563537,0
-1.1901333723329155,1.2348355997241331,0
-1.0368166077067444,1.277647970108765,0
-0.9836385599892205,1.3375639251279479,0
-0.6206465941685291,1.35921380204407,0
-0.3866345043763451,1.382931886810676,0
-0.504613615104409,1.3880214322780777,0
-0.4084414218108458,1.3718038828839412,0
-0.1932427916700791,1.3561112768382688,0
-0.2126656978162511,1.3383060680510095,0
-0.1331303695499466,1.3305850631964673,0
-0.3307293116297188,1.329600908925979,0
-0.4422836271671928,1.3289362813710137,0
-0.5003423682419332,1.3477465419976116,0
-0.5520121639199076,1.348262186424895,0
-0.5777625586734862,1.351175669081393,0
-0.5498842225873384,1.339020897403545,0
-0.7559539588044429,1.3571357588417408,0
-0.7580434896436256,1.3658859778795045,0
-0.786218866878487,1.3723426204012243,0
-0.7624837426769089,1.3767012459367467,0
-0.979538879997124,1.4002683472965245,0
-1.054659562225733,1.4374322962608141,0
-1.0826428869937188,1.4300315305247415,0
-1.0976255401066122,1.413205457938187,0
-0.9258410102693504,1.403280455542354,0
-0.8291361914677721,1.4090342499772162,0
-0.7817888566434302,1.4048312898120465,0
-0.8075674190921259,1.396710486605692,0
-0.8397784588301281,1.3682941847137642,0
-0.4328909811890451,1.3928885549659906,0
-0.4554174551993019,1.353999412272869,0
-0.5971060831333512,1.3413634630405245,0
-0.5820056378408022,1.339153663318278,0
-0.3458784102138715,1.3423639523268223,0
-0.1331303695499466,1.3502938232313708,0
-0.2167679385078957,1.3405603984856151,0
-0.3093244240257884,1.3457834219544678,0
-0.3372232457083894,1.3460661734355597,0
-0.4272548814622583,1.3412255158822408,0
-0.4554174551993019,1.3223947713413995,0
-0.4725510959407803,1.2970865626780148,0
-0.3807064848999653,1.29150283178655,0
-0.1888614347266307,1.283876706404178,0
-0.0973087434354135,1.2729897805809995,0
-0.0006116067324944,1.283435399395916,0
0.0216613580215272,1.299883775393249,0
0.0194335494062168,1.3203816490711748,0
0.0043971216026231,1.319665313189378,0
0.0537520448803112,1.3012204897599764,0
-0.0128440685202651,1.3018233599141575,0
0.0495627404036956,1.2917654673513572,0
0.0708063039354778,1.2763912446771795,0
0.0107988704972069,1.2360442020276907,0
-0.2167679385078957,1.2144114584849541,0
-0.2361549948602533,1.2015334506710558,0
-0.17186607176128,1.2174246980508536,0
-0.1523765874266091,1.2183927547474653,0
-0.0436518449005698,1.2069290625584965,0
-0.1608909134564199,1.1819708394942057,0
-0.1888614347266307,1.174712100633089,0
-0.3133908149236328,1.1694160946959302,0
-0.2383367108835417,1.1694370808657106,0
-0.1737865964296552,1.1601231920992956,0
-0.1094438986399818,1.169397781860882,0
-0.0516873201130466,1.1579365480942971,0
0.1784401884498943,1.158467399862636,0
0.31153510866784,1.156003758293806,0
0.2665359353380506,1.1436299206751388,0
0.242964695908193,1.1071945139509058,0
0.0559875355942999,1.1011891088331889,0
0.0172057407909017,1.065581672544621,0
0.0172057407909017,1.0348795507834794,0
-0.0120118411639692,1.0144876843394155,0
0.1010635299108387,0.993381886731362,0
-0.0064525624239269,0.9764673613201331,0
-0.1353325711696691,0.9590683633247877,0
-0.137258217237179,0.9584260868901784,0
-0.137258217237179,0.9536594917434096,0
-0.3372232457083894,0.9362671350472023,0
-0.3736952895106171,0.9433997978640304,0
-0.3399273444414664,0.9408289527983025,0
-0.3520957887402866,0.9136262650402937,0
-0.5198113669801511,0.9126742134589338,0
-0.4746918407711196,0.9038386050906683,0
-0.403599138946997,0.8850324462117298,0
-0.5798828179073725,0.8617323628303752,0
-0.4974052458491173,0.8628600789149177,0
-0.5240749317439438,0.8546409633952073,0
-0.410054662532281,0.8469544765540422,0
-0.4896616903862191,0.84873389847803,0
-0.0622092345961798,0.8499363181951026,0
-0.0342233491286268,0.8094536267580907,0
-0.047531304730678,0.7741437375396603,0
0.0582255870078416,0.7424737274016171,0
-0.1394578581573533,0.7029347436951007,0
-0.3006436525247328,0.6772977233769968,0
-0.1910508328485831,0.6715164817473095,0
-0.3585794800207306,0.6576918400743385,0
-0.2519673146298705,0.6429820545482081,0
-0.2748343616813382,0.6433702589036702,0
-0.0663601285794327,0.6380360375635956,0
-0.1223959170035085,0.6240046747768899,0
-0.2778252587648782,0.6138172339186441,0
-0.111098110554347,0.598787290872775,0
-0.1201911546842186,0.5711483196980779,0
-0.7389611565386597,0.5502801294517665,0
-0.7838758267830692,0.536723026291746,0
-0.6573183725362439,0.5244019337359156,0
-0.5411112659022007,0.49716115466717686,0
-0.5883664155424606,0.4669708114730665,0
-0.5347248812049783,0.43869770389423973,0
-0.5024779916731807,0.40246514789839666,0
-0.6765313013186831,0.3866827234856305,0
-0.6034591787363457,0.3605019969835245,0
-0.6749539103910625,0.3481489972064319,0
-0.7216815559223944,0.32706557146507786,0
-0.6915139544315719,0.31831470476154855,0
-0.6810022827466653,0.3103594454748918,0
-0.6121886035289859,0.2967499793629984,0
-0.5883664155424606,0.2772755389441293,0
-0.7020153833182329,0.2628324048667179,0
-0.6617970360629091,0.2463858264838691,0
-0.7870024409431697,0.2416945699781997,0
-0.7742271108491382,0.23173082270077683,0
-0.7455011832093761,0.2237428619108521,0
-0.8796562330442649,0.20685993916416467,0
-0.8351077428366303,0.1861636391582205,0
-0.8423698867826461,0.17411697483142186,0
-0.6583733807540761,0.15595648069725057,0
-0.6349071300060944,0.14340693874193083,0
-0.4551485817457484,0.11279123958672699,0
-0.4551485817457484,0.09883784411198242,0
-0.345609536760299,0.07527938111114478,0
-0.4907295021018404,0.06526517705322867,0
-0.5267380592840955,0.05175260232746289,0
-0.623816740221127,0.040003207255320306,0
-0.6364896423328308,0.030536128380631765,0
-0.5674147717602762,0.02200683497843961,0
-0.4156984443577508,0.013028809797038413,0
-0.517411991494461,0.007124836770287143,0
-0.4575607607292085,0.004716642498422971,0
-0.4208070399756287,0.002328589056233204,0
-0.2233233293759495,0.0003187305591588235,0
-0.1740605912823434,1.0074093343695939e-05,0
-0.0655304619227042,0.0008092648456238203,0
-0.1757071210980494,0.0021807640043437684,0
-0.1303776175252804,0.005788809643302537,0
-0.169948107792477,0.008558637396163471,0
-0.2495141644534803,0.01792080766183301,0
-0.1921468122593406,0.025201032921998757,0
-0.3877125588901978,0.03276548318887617,0
-0.4019833375259945,0.04059839881991175,0
-0.4869908807474083,0.05106123080514573,0
-0.4709480980175717,0.06270183158005724,0
-0.3850161422557991,0.07619274635854775,0
-0.4682696062800826,0.09488815185995324,0
-0.4869908807474083,0.10121621423335679,0
-0.2712980355919606,0.11017556857084876,0
-0.2984696186001464,0.12025530611697258,0
-0.2331512942789146,0.1402221085161717,0
-0.2982007451465691,0.15201151593713796,0
-0.2930409355375346,0.17271156280833191,0
-0.3464187178205696,0.18644240252280148,0
-0.2848927895444987,0.20546275002343323,0
-0.2878811259284952,0.2179471133686211,0
-0.4757596524867457,0.2334894803293072,0
-0.428058941123418,0.2512992673031035,0
-0.4853853221246323,0.26527593544389066,0
-0.4011767171652864,0.2808655575581223,0
-0.3647891764484625,0.2934822275641969,0
-0.3022696967439618,0.30802135504026423,0
-0.279456424383223,0.3456943366352195,0
-0.3445263608473306,0.36699007561631547,0
-0.3328931027560977,0.4050865391323343,0
-0.3445263608473306,0.42550349565963697,0
-0.3120362048575484,0.45545816743844253,0
-0.3642488688417644,0.48049509257036577,0
-0.363439687781489,0.5350642599451696,0
-0.3688376424494021,0.5816199983585792,0
-0.5056788661204631,0.6289987442511872,0
-0.3931002707598843,0.6611453195810171,0
-0.5136810522386881,0.7042818757112463,0
-0.6831046170836418,0.7291203479163155,0
-0.7906488771135198,0.7764922952608544,0
-0.7093620303496525,0.8132276328273162,0
-0.8853409860626601,0.8547727501565525,0
-0.7825724307081177,0.8721720667053479,0
-0.8656876169562925,0.8943601289663545,0
-0.8695696374859682,0.938251106138953,0
-0.9656880560888074,0.9841114776928885,0
-1.0684053974521692,1.0220677251467944,0
-1.0836594847181835,1.0155524742475859,0
-1.0582240560102232,1.0333734322641444,0
-1.0051433148758968,1.0452063482668388,0
-1.0301818351524024,1.07337656864106,0
-0.8491122087184171,1.091563748667299,0
-0.8734516580156437,1.1109166857056454,0
-0.693613728068981,1.1119934917059735,0
-0.6066318854884919,1.1353590164433451,0
-0.5960459535164081,1.1569392045870859,0
-0.5986937168592176,1.1901010873440092,0
-0.7041151569556611,1.2024369152111751,0
-0.7752693155691717,1.2338140208479709,0
-0.986713960158164,1.2245530917569,0
-1.0531308245897018,1.2387724091870753,0
-1.1923970307420406,1.2649882457795856,0
-1.352381857016801,1.2811495029314688,0
-1.4019262720617542,1.2712664573219974,0
-1.446333923793713,1.2719768476049031,0
-1.625905540986342,1.2519580214783297,0
-1.7092307045982351,1.2448420049032523,0
-1.591917375755208,1.2333658681843254,0
-1.6028541235667293,1.2468171881132921,0
-1.7931448291084398,1.2285952456774383,0
-1.7572566248054076,1.2166683714239819,0
-1.648910865813913,1.2036543832581255,0
-1.6295417343584655,1.2150005858343473,0
-1.5712346054266009,1.2146639205848397,0
-1.6923736194090362,1.189462950534531,0
-1.5397687292599425,1.158941258755474,0
-1.7140422590674091,1.1471322548173242,0
-1.3374760248906568,1.128479678079676,0
-1.4167476011024949,1.1124078089114424,0
-1.3275302678080123,1.0972661835960769,0
-1.6295417343584655,1.077110396414346,0
-1.7883640030339694,1.0745510929959987,0
-1.5858382750049254,1.0450963973941758,0
-1.612566856989587,1.0332739517221166,0
-1.85983056699355,1.0204042307382009,0
-2.064550814543662,0.989752925052153,0
-1.9976627813934924,0.9630345255165258,0
-2.0924982895178523,0.9376628935278549,0
-2.1254775391232,0.9057856001501925,0
-2.043545396070753,0.8919409472141929,0
-2.0241378541219426,0.8664697281268653,0
-1.9873354800767544,0.8319593613800215,0
-1.982639157087693,0.8042368103314402,0
-1.9711236911761103,0.7784164791236617,0
-2.068514777459198,0.7166304305963263,0
-1.7284641189771277,0.6698358187053928,0
-1.832251832755683,0.6420259265816307,0
-1.9760607199236184,0.6038025280683852,0
-2.0622180172464706,0.5515423088101997,0
-1.888290181879307,0.5041426781799321,0
-1.6626925508341688,0.4636749925878544,0
-1.8217734501650236,0.4345694319042206,0
-1.6998431800192222,0.4058327304736474,0
-1.7776065041915108,0.38240954059532756,0
-1.6803178458907368,0.3557452624206477,0
-1.6392314214853028,0.3335278774793151,0
-1.6137780678804328,0.30341608420560556,0
-1.6689739468495537,0.277664977339301,0
-1.467490423540519,0.2597814027336983,0
-1.6157190781452802,0.23826940614736933,0
-1.547094890694909,0.2126427729580823,0
-1.431056790231678,0.1955524578764601,0
-1.3300167070786733,0.1829880971161258,0
-1.3989584212742348,0.17859629501001809,0
-1.3489069877168112,0.16146268547136014,0
-1.4971919777118396,0.1495216507218014,0
-1.430562575217021,0.13729538094917978,0
-1.4421471800166454,0.12344431800525663,0
-1.237616424233818,0.11791315091652445,0
-1.3158304315282852,0.10888519500970943,0
-1.3280270435222368,0.09586393710439231,0
-1.2824107415990045,0.08708968305941146,0
-1.367761418561149,0.0784182065867981,0
-1.507729256392315,0.07066254286000247,0
-1.477318388443489,0.054812267041048995,0
-1.5495352373735052,0.024614497256820883,0
-1.6334186334890253,0.016868244578941236,0
-1.6786277841825763,0.009172600649796067,0
-1.7219778669971353,0.003197686102220311,0
-1.659550572476726,-0.0008858564045667713,0
-1.5202126667367537,-0.0034651423797609346,0
-1.6181466213261062,-0.004698985699480119,0
-1.655199943927962,-0.005425364463031639,0
-1.7998308156539622,-0.004106938776118826,0
-1.7740189641109954,-0.0027267429330588904,0
-1.7087492930813768,-0.0003505769116939526,0
-1.776889508315322,0.005154997114295472,0
-1.7092307045982351,0.014200273822388802,0
-1.7416722072964328,0.02481226168678909,0
-1.8131925459467373,0.03927044686955266,0
-1.869325640953992,0.05604971507679741,0
-1.6314801839237454,0.07614487877879542,0
-1.7200547816292164,0.10046966739784981,0
-1.7395109768696166,0.12050341043408698,0
-1.7883640030339694,0.14311050616181759,0
-1.721737161238694,0.16506265940562476,0
-1.4819839830378712,0.1862523307658023,0
-1.5648968740209677,0.20771250410529343,0
-1.6486701600554723,0.22499969876137466,0
-1.3791616529926238,0.2530699626056311,0
-1.300130782539203,0.2727324849752057,0
-1.3682581942753735,0.29293017620464273,0
-1.379655868007281,0.31086261304410756,0
-1.2190487917399624,0.3290229960193441,0
-1.266913387874982,0.3468510523620334,0
-1.2804108352443175,0.37206378627521564,0
-1.1394187175900037,0.39096402486709775,0
-1.114866730229515,0.41546655888855305,0
-1.2077407424925743,0.4350205203355994,0
-1.332505707048902,0.4463471262962427,0
-1.4883626856364345,0.47744671636664127,0
-1.5275490709699466,0.5084972185848176,0
-1.524860336434231,0.533338011963126,0
-1.5028280774386265,0.5622411024926927,0
-1.5197235731212122,0.5736252517675583,0
-1.5795107863975189,0.5981933274476329,0
-1.7140422590674091,0.6203809872322237,0
-1.680558551649178,0.6499407471236032,0
-1.651087460438072,0.6588897460888162,0
-1.5236388827451348,0.702821562226239,0
-1.640199365918159,0.70856713227422,0
-1.652780082845795,0.7309698802451491,0
-1.579756613555071,0.738112576526458,0
-1.3989584212742348,0.7297299983148126,0
-1.428345009399937,0.7365480835865618,0
-1.42859083655747,0.7316365891580041,0
-1.0869602264482356,0.7197183508831493,0
-1.106503485473626,0.7038572375852018,0
-0.9703049973915764,0.7024306569705636,0
-1.0117908909280326,0.7006470279268192,0
-1.1077684710551956,0.6838595457835582,0
-1.0148586089983218,0.6790266571574292,0
-1.0117908909280326,0.6527152712678775,0
-0.9543902496396458,0.6402322022072947,0
-1.054659562225733,0.6158360650755426,0
-0.8558468485555287,0.5967904195099507,0
-0.8910257390810552,0.5678534012040718,0
-0.9713318379142724,0.5608175822491286,0
-1.059243214434236,0.5342406599772046,0
-1.0938177798641138,0.5295564826393995,0
-1.1062499762173907,0.5291455571310433,0
-0.9723586784369446,0.5166776521853523,0
-0.855329587244856,0.5239334408732222,0
-0.6143037413637564,0.5049970570849573,0
-0.4803074549014532,0.49883301194653307,0
-0.5721930371351984,0.48746033996915006,0
-0.3761228326914385,0.4667605890444111,0
-0.3030839992033529,0.453715243492521,0
-0.4310114277136,0.43658663292656585,0
-0.3201664259536556,0.42139240528626604,0
-0.363439687781489,0.3898500115951667,0
-0.4379918947082447,0.3799323329150715,0
-0.5389807638700881,0.3614347244781039,0
-0.4473768585877141,0.3568410422913888,0
-0.2930409355375346,0.3421335925066238,0
-0.3526360963469847,0.33067947339034504,0
-0.2129396926689393,0.3192012900832771,0
-0.2644942568668064,0.31058486116173856,0
-0.2331512942789146,0.30413025721557296,0
-0.2680331436557276,0.2802990163720086,0
-0.419196359953761,0.2811480773714429,0
-0.3823222863209439,0.2761414796064569,0
-0.3947160721808629,0.24588633205121685,0
-0.3674881537824286,0.24164462253029984,0
-0.3526360963469847,0.2324751594233564,0
-0.500608680995967,0.22068523663944778,0
-0.3688376424494021,0.20910958360008453,0
-0.5056788661204631,0.19342063389353584,0
-0.5219418690122638,0.19076621577969613,0
-0.4570230138220778,0.17850241523460683,0
-0.4947344362102825,0.1789277413849932,0
-0.389059486857623,0.16501074431351787,0
-0.4218799730903657,0.15407271238955877,0
-0.0876446633041402,0.13887957963028624,0
0.005787581462522,0.1326960929749168,0
0.1325191632792657,0.11956118888882682,0
0.0926516318633603,0.1053915076532369,0
-0.0184007865607591,0.10311221784790858,0
-0.0425430619920183,0.08825153308250061,0
-0.0710615729676103,0.08238668036793004,0
0.0962955073341622,0.07038393052177663,0
0.051237437914514,0.05832806741444896,0
0.2018910750005289,0.05224837015849004,0
0.0836866227113899,0.04319381228672888,0
0.0515165541663178,0.0383749940159373,0
0.2050023249632967,0.022219596804217295,0
0.202738666554167,0.019257738552933053,0
0.3647182777845035,0.015245231830170194,0
0.3189560159864607,0.013419184829598614,0
0.5343595020918541,0.011809485916160423,0
0.6481621118410964,0.010514140614487988,0
0.5561638588268065,0.008661778877885868,0
0.5683911992154617,0.008887962741471498,0
0.7476324861651349,0.006638146461408303,0
0.6631191579583973,0.0061518496846752445,0
0.789064605010867,0.00677114194197352,0
0.9540632810198796,0.006732825388078059,0
0.9264640611855596,0.005932656032963895,0
1.0121578718884583,0.005891221362416111,0
1.0847690685503666,0.004742206518053099,0
0.8559398346632664,0.006520051580935176,0
0.9043063279116212,0.004942693799939191,0
0.804784739596426,0.00534510296642702,0
0.8196342363323026,0.005088216956539523,0
0.8383683142974032,0.0024950384644277933,0
0.9570669816012184,0.001731261324235816,0
0.8502781279408916,0.0016636376907960442,0
0.7760280835619413,0.000828165975488751,0
0.847002993206413,2.1623117529894138e-05,0
0.7207758692025673,-0.00048218377328603337,0
0.8083466726813677,-0.0002699122174670644,0
0.9279620704268872,-0.00040151615669054794,0
0.8211194420758365,-0.0007701973347806386,0
0.937854052818784,-0.0002807403132102611,0
0.9070001838464524,-0.0002975176133182281,0
1.2284857705342345,8.787859442681909e-05,0
1.2542873792789506,0.0006184306291291221,0
1.2684378050355485,0.0017861115405525558,0
1.1029884459043569,0.0023974970196363396,0
1.1395014608995149,0.003785700911806173,0
1.0802212661356592,0.006055455936873388,0
1.1029884459043569,0.008990110662943756,0
1.1687907424420143,0.01155653423710716,0
1.1767340324704043,0.01730720507852637,0
1.3943269166977506,0.021376483254068046,0
1.3697954149337148,0.027295140231592515,0
1.2447590162242617,0.03249466751732724,0
1.2773669643936996,0.039611499288948665,0
1.096911905853618,0.045667495089343646,0
1.163597643738728,0.05432995568115818,0
1.196920027084811,0.06432592515038288,0
1.2444517322773263,0.07574604522878632,0
1.3159259783355663,0.08127157892158782,0
1.0571903343125186,0.09026908257056303,0
1.2149908838644423,0.09500388390161849,0
1.1755125787813323,0.10546610300089639,0
1.0218168306205968,0.11585401977027686,0
0.8723385546316275,0.12951981186007355,0
0.7941040617406881,0.1472360671533867,0
0.8630918685282858,0.17456759361410837,0
0.9180752094340824,0.1935136519670265,0
0.760046757621507,0.21758995402090364,0
0.7896586873082891,0.2347663502135851,0
0.8104259607223238,0.25699823453294274,0
0.7139951367734384,0.2709995254702061,0
0.7786937718016554,0.292944695416747,0
0.7769166463085048,0.31668674114205175,0
0.9342562699400468,0.33066271758472077,0
1.0429682089683112,0.33816504240747397,0
0.9705925966656902,0.3610250029981338,0
0.9324586588504382,0.3884966313411292,0
0.8905528105864831,0.4094131940314897,0
0.8419404901805714,0.43429152012935,0
0.8920482591282626,0.47629653840052105,0
1.0055205386345445,0.4946080062409115,0
0.8027080122550135,0.5293398339628693,0
0.8145845368042358,0.5533823952283882,0
0.8142874956555463,0.5875917850782367,0
0.946857472464136,0.6189762393784216,0
0.5526736253294747,0.6503922159827633,0
0.4824720469514639,0.6934248150545175,0
0.5858807771954694,0.7372899231390355,0
0.5838373389483087,0.7719390416536904,0
0.5343595020918541,0.8213400319280942,0
0.6054368397186393,0.8766713733489679,0
0.5047654973019577,0.9378601773171118,0
0.4998412720522486,1.0044433702860824,0
0.4749538330496646,1.055360633219467,0
0.4659939452968099,1.093186515502176,0
0.573343592160307,1.1512077727275807,0
0.6039772409706742,1.2079898796495716,0
0.612158676057957,1.2532338750409393,0
0.886967831205516,1.301846076583669,0
0.8538528645236273,1.344058974446504,0
0.7559086671360528,1.3794140066982612,0
0.7760280835619413,1.435033040921427,0
0.7674446186440881,1.4878997023497753,0
0.933956668091766,1.5441538964125734,0
1.0181934407462672,1.5994622575382744,0
1.173983841145301,1.6516986494891555,0
1.1276249363502686,1.6841173601508546,0
1.0055205386345445,1.7168550646936034,0
1.013968286475837,1.7798373598873523,0
1.1133234293197731,1.8267470668450232,0
1.0308765856562163,1.8901607989599458,0
1.0478079311325976,1.9497071143767808,0
0.9729970935504912,1.9468043064853462,0
0.9114890901713488,1.9944713994455399,0
0.8425345724779936,2.032949394803459,0
0.837774231999981,2.092202202011529,0
0.8541499056723407,2.0952753654325695,0
0.778990812950369,2.145816992862466,0
0.9793143393596712,2.167809762602859,0
0.8484907596495096,2.158450066008826,0
0.7810624188926419,2.1874187245283516,0
0.8684590948015002,2.2270714779128458,0
0.9910551468323524,2.2398728734150497,0
1.0702140522636552,2.260875705989516,0
1.0254376597953785,2.2290454800464667,0
1.0227207575645023,2.2233632060424404,0
1.05809938265554,2.2324793192872687,0
1.0266463099866756,2.2718902248877217,0
1.1187982049744307,2.2713654570662904,0
1.2067172635930774,2.239929735201723,0
1.3425239646427831,2.2183903101924125,0
1.3567716969825785,2.1886848847883456,0
1.468203098941243,2.140061526218635,0
1.3542929398105763,2.1123791145984794,0
1.4797723395435491,2.0911434659094508,0
1.412367045082702,2.04123840048424,0
1.2684378050355485,1.9913757745368597,0
1.1800962309898353,1.9580570222361953,0
1.2376940461441894,1.911296849391855,0
1.4223307270622323,1.8734980171118851,0
1.744966067851448,1.8397240329406999,0
1.9085128272111789,1.8045680878243848,0
1.914655945450412,1.7631197215460823,0
1.7270975063368952,1.7317960593210144,0
1.8401472704161344,1.68635515922665,0
1.880736919107344,1.6421360553428432,0
1.8823501598287795,1.5786230749458778,0
1.998375456794216,1.530540458198883,0
2.172036979407375,1.4767934652182386,0
2.174677060651501,1.4234280559879766,0
2.251428908498455,1.3448681994954488,0
2.1506167276061023,1.278353621160673,0
2.2116740478630894,1.2210623597086905,0
2.231207064090234,1.155244296314788,0
2.427433471207008,1.1007538228850202,0
2.291967343198508,1.0544126005948393,0
2.121998349347745,0.9886860085044991,0
2.150947057849063,0.9473982619485813,0
1.9078675309226,0.8951125048192765,0
1.8920347255565009,0.8372768999279632,0
1.8749292525101775,0.7852682647989595,0
1.984386355109772,0.7482781382964673,0
2.091805140861335,0.702295316997325,0
2.3356349527582334,0.6606207138465341,0
2.413656907585868,0.6118953398726673,0
2.2166366836061613,0.5820905796481646,0
2.188207797115089,0.5496150628529012,0
2.052198800800324,0.5242347167425647,0
1.937318136537229,0.4858988655254458,0
2.033579954315307,0.4566188686713431,0
1.9486645962779987,0.41709860094361695,0
2.009773130526143,0.39409699932414277,0
1.826644701647683,0.3565669189803375,0
1.7427305771374784,0.331409607264802,0
1.9136880010175557,0.3009911993399782,0
2.009447921682298,0.27833501628686563,0
2.054813275048862,0.2486904780858237,0
2.226899967433968,0.22521138247288308,0
2.2225954314772447,0.20062989738836381,0
1.9905678838423917,0.185056078192068,0
1.9951208076562097,0.16414319942070973,0
2.0613507410200302,0.14394350688346083,0
2.174677060651501,0.12861988354939569,0
2.1387658100524485,0.11451883382818681,0
1.9960989948873165,0.09573011015527975,0
1.935051917428556,0.08287802854907202,0
2.055466253436124,0.06280969309014375,0
1.8729959243440133,0.04926636336450615,0
2.078699480524338,0.03971978365855504,0
2.0299898535352288,0.030013959773262766,0
2.093116219034945,0.018767289513621062,0
2.314616730787555,0.002687215277489702,0
2.2080352937913985,-0.0009260067639273447,0
1.998375456794216,-0.002081260395154666,0
1.9824351020467168,0.0004631235451683499,0
2.0068411295324187,0.0038498036965951806,0
1.9606691558051224,0.01113425041824465,0
1.9301917096677967,0.019266109092229016,0
1.948014178590309,0.026799482619778908,0
1.8723506280554536,0.036285178531759874,0
1.9149811542942563,0.04843566667235735,0
2.0244433782929616,0.060250772635488475,0
2.1118170079057945,0.06728495702186629,0
2.1302156342288425,0.08786468624894979,0
2.0401097381877964,0.10262828444748698,0
2.04631687391598,0.11936182167281606,0
2.1591797069275023,0.14318793998643772,0
2.133503572461096,0.16497923235476805,0
2.1463352379454,0.18573112252744525,0
2.074113267616273,0.2227593684183427,0
1.9191858229682144,0.25672670054925584,0
1.7807774511677594,0.2752386581607939,0
1.850443843338188,0.29269984133629334,0
1.7006557227027157,0.3169040229003582,0
1.5673636286188026,0.3415020291452471,0
1.5957413011187185,0.357379331305057,0
1.5063959328463348,0.3691404213588498,0
1.31376474790875,0.37011382636008844,0
1.2266471882517005,0.38565643995641036,0
1.3088225977621313,0.41011489969134146,0
1.235238335268232,0.406035266907856,0
1.189575940752935,0.4076516851704868,0
1.048110093680422,0.41270949719598304,0
1.0037126847467135,0.41231126220557734,0
1.154747866066846,0.42112411558796753,0
1.2291003384281096,0.4424835079360951,0
1.1840704367035977,0.4693058559914757,0
0.947157074312393,0.48822959309019565,0
0.9387554190631412,0.4942764909385478,0
0.8920482591282626,0.519602571535199,0
0.8306324409331833,0.5430546911461246,0
0.886074147059837,0.5528109384595626,0
0.8777109023039527,0.5712147079977431,0
0.7092808888874669,0.5839714388036484,0
0.7361144595539901,0.5786012783919158,0
0.6637081188566846,0.587561215012689,0
0.5305850309436028,0.5927930162722864,0
0.3423889776401905,0.6024334232928767,0
0.6171289938997071,0.6083640561854948,0
0.6728088450852393,0.6145929966365221,0
0.620053312794753,0.6411048651829411,0
0.6886800609446962,0.6474525542813416,0
0.7437914368283893,0.6776503027016149,0
0.8711452686376723,0.6928916850875422,0
0.8920482591282626,0.7042680323627853,0
0.8678650125040971,0.7335739159104142,0
0.8467033913581513,0.7741368818885491,0
0.7911413323522795,0.794255979161291,0
0.9189740149788964,0.7907113443605106,0
0.4008753555411081,0.8177084815233492,0
0.4639709926461214,0.85382571274434,0
0.5387152520397289,0.8600198481857685,0
0.4480972160871209,0.8690313550404347,0
0.4276321052209106,0.8872923913336377,0
0.4850762784017758,0.8825589848562454,0
0.6045610804698459,0.9044003825278127,0
0.6933840660324173,0.9178428036376707,0
0.5806313431018916,0.9459079930192967,0
0.3945555490323607,0.9658342858746527,0
0.3931189965804161,0.9727132162147194,0
0.6414197899053016,0.9780681295528946,0
0.5631494472205669,0.9967075914117867,0
0.5998878037768045,1.0094412109698607,0
0.6066045187170066,1.0332905350237027,0
0.6786830898708951,1.0515574768285603,0
0.799740161467494,1.0821166489883733,0
0.8098318784249016,1.1163258270595844,0
0.7455660016219536,1.1385263395603935,0
0.6376120296628032,1.1663222055034812,0
0.6142046750046612,1.1967132618375835,0
0.6425925903028037,1.214089082563091,0
0.7078084866417031,1.2366631452854546,0
0.5870484561938367,1.2725517687800323,0
0.5707214358130854,1.2931293794248333,0
0.5911302112890281,1.3233200717938214,0
0.7775081679063786,1.340791826496551,0
0.67486508683017,1.3707585606629473,0
0.6563717146234915,1.3898821506102579,0
0.768036140241938,1.4204528754028463,0
0.5648958443190188,1.441507992280326,0
0.6025176422227042,1.4448605076344005,0
0.703391279904445,1.4831510515144815,0
0.6651753997033327,1.5086358764958374,0
0.6142046750046612,1.5349780603039394,0
0.4426147583337803,1.5638841824369367,0
0.3916824441284715,1.5853923551998457,0
0.3824972148145369,1.5875875956174346,0
0.4789997383510368,1.6102096657770633,0
0.4957851239526499,1.6160832903200546,0
0.3092535253618246,1.6370956529779805,0
0.0316993002882537,1.6383342425353236,0
0.048446275396485,1.6414044493415623,0
-0.073550572937834,1.6338249921644779,0
-0.0765926840125355,1.6015767043306288,0
-0.0184007865607591,1.6139688652906024,0
0.1240842189357716,1.6195352834051884,0
0.2392747278453453,1.6186703639706412,0
0.4227360476663329,1.614491291022562,0
0.4400207696816949,1.6330699848958938,0
0.3509724425580436,1.6419167911942742,0
0.5777147063055288,1.6332780563276577,0
0.6522669132323035,1.6556741051059753,0
0.6686963615953491,1.7024809906803353,0
0.7083974475400143,1.711074265764192,0
0.6115722758592131,1.7581213401769926,0
0.4749538330496646,1.780337462664625,0
0.5059254942016659,1.7949672460838852,0
0.4437696338343775,1.8456469120133463,0
0.5483101932829169,1.8657782463700054,0
0.5157816267997719,1.8658433816218845,0
0.3890986982746365,1.8674567845658858,0
0.4639709926461214,1.891803229403265,0
0.4642603516961519,1.901762170710393,0
0.5355220596911106,1.925023224758032,0
0.6698717226923947,1.9290808016444436,0
0.5349407808914823,1.9730030635844704,0
0.6212235524926686,2.0134997499297973,0
0.6443517908990305,2.0445443606895424,0
0.6329285101715352,2.093834724971983,0
0.8505751690896003,2.113109536220097,0
0.7970719125282315,2.165508356522302,0
0.8012253672110279,2.196016522985882,0
0.82320129081636,2.231798082156921,0
0.7917328539501343,2.258988977002556,0
0.5529629843795051,2.295952960107954,0
0.4842082012516845,2.327534218677277,0
0.424461959168308,2.333968341682916,0
0.369017692342087,2.350483777318009,0
0.2069817457215068,2.3922337036893184,0
0.2967086582279839,2.3816162224702393,0
0.3064009060543886,2.392652868664675,0
0.2452334757164335,2.405632117231077,0
0.2727917243578235,2.4431142669798667,0
0.3295240230616348,2.4428139269719087,0
0.4521354392898101,2.4716278314047146,0
0.3681572972906549,2.495453245050455,0
0.4371374219795791,2.509675094193914,0
0.4195684623132786,2.527831112868976,0
0.2597167924155351,2.5255330389113824,0
0.1719488150707911,2.5473651197230396,0
0.2781973611244197,2.5367760125493577,0
0.1888904033454177,2.519239660799439,0
0.2001933311936901,2.4950051481255255,0
0.0414632477022682,2.5172037222035843,0
-0.0045038700603966,2.5192865142656435,0
0.0403467826950575,2.491456864960801,0
-0.008119577836067,2.520173738102226,0
-0.0721703558761617,2.527209613813645,0
-0.1358831215746177,2.5475283548362437,0
0.0501209729073033,2.5535979588326545,0
0.0378372971283759,2.575890506583734,0
0.0708063039354778,2.5591774616454273,0
0.1257717199443839,2.54404592138349,0
0.116217749894107,2.5178844050394966,0
-0.024789731957568,2.4958156463012866,0
-0.1179889530644722,2.4828436608272524,0
-0.3147479856892893,2.4707691593912515,0
-0.1477058714331351,2.4548821471491187,0
-0.1463307757705737,2.450342972252764,0
-0.1182655086167087,2.445643221993089,0
0.0730469160485821,2.4372881156471684,0
0.1612348481208013,2.436023427448675,0
-0.0161780993445596,2.4309412853260826,0
0.0180405288467649,2.4047665438708155,0
0.0498418566554995,2.414363639568532,0
-0.0915113196364784,2.403158364299639,0
-0.1000691775587628,2.4076878738655627,0
-0.1743345861350363,2.400936777355293,0
-0.024510615705769,2.3754108286949203,0
0.0275176779102973,2.3834983653691353,0
-0.0810150121489092,2.364038618667397,0
-0.0539048859301304,2.363349883554867,0
-0.0796322343876886,2.353694652586003,0
-0.0663601285794327,2.31614147999283,0
-0.011177053108125,2.294494970400201,0
0.0450943196752761,2.254012991203999,0
-0.0503019816522539,2.230267925549095,0
-0.1221193614512482,2.214350020890514,0
-0.0139554121283601,2.21495666255938,0
-0.0350555764849226,2.1808554886927283,0
-0.1589703887880495,2.1566337155679056,0
-0.0647007952659518,2.1462346192510786,0
-0.0097865932482214,2.1345807805998205,0
0.0205474537138839,2.1159102459245878,0
0.1651808861394275,2.110553083990925,0
-0.0153458719882637,2.1101693612298265,0
0.0515165541663178,2.086179770611317,0
0.0764065538684692,2.0694923416414044,0
-0.0400463799231306,2.0663422901672917,0
0.1097622263087992,2.034606241547023,0
0.1288624843106699,2.0126851137596438,0
0.242964695908193,1.9906386515393417,0
0.1756182975371617,1.9505362324135933,0
-0.1328563746972584,1.9247694823691113,0
0.023891727336405,1.9105838868885117,0
0.0654928523529684,1.8959441215686328,0
0.2143386355511529,1.8735857237943039,0
0.1634908244312717,1.8581944801226524,0
0.3758982920539856,1.8282708762325994,0
0.2796211100785704,1.8032724423026316,0
0.1722330527217058,1.797551045883047,0
0.1996274165914041,1.7975487036070572,0
0.0792053984851813,1.7853860212452344,0
0.0389512014360192,1.7759244602205606,0
0.0272385616584982,1.7684433503172756,0
-0.0308918790038758,1.7612646466214055,0
-0.0228436002936098,1.7603915895575117,0
-0.0342233491286268,1.7600424655987408,0
0.0177614125949658,1.7424589854807426,0
-0.1427585998874055,1.715439631970252,0
0.071087980886849,1.698007017190315,0
0.1075164927965792,1.6863663227541446,0
0.1190268373090456,1.6686774682535168,0
0.2313365592160709,1.6707435139925482,0
0.1494018554640573,1.6714175019994275,0
0.1617982020235437,1.7108646131866938,0
0.1209960152690053,1.7179664726569275,0
0.0643763873457578,1.7115211220409379,0
-0.0300622123471473,1.7288486367716631,0
-0.0884743299608926,1.7289593289211656,0
-0.1196406042792701,1.7322601104568753,0
-0.2167679385078957,1.7317956510512127,0
-0.0973087434354135,1.733306606630402,0
-0.247061014277071,1.7251038531482492,0
-0.1817375685567474,1.728467761189965,0
-0.1759811159507185,1.7071795311731477,0
-0.1460567809178855,1.680007670279538,0
-0.0793582395350005,1.6688286269214907,0
-0.0721703558761617,1.6581626334063553,0
-0.0793582395350005,1.6442256111402336,0
-0.0810150121489092,1.6470022041897456,0
-0.0267307422223963,1.6474971562332321,0
0.0283524659661605,1.6194197236106747,0
0.0005022975751488,1.6059563198546951,0
-0.0139554121283601,1.606037337315245,0
-0.0086752496401264,1.5949755196122075,0
-0.0915113196364784,1.5822052189504368,0
-0.1564967530151823,1.5696008962270969,0
-0.1416574990775323,1.545080510893487,0
-0.3901375413714518,1.5253618697476716,0
-0.3169143375152165,1.5200305195295283,0
-0.2593216437599732,1.5160024361395206,0
-0.1987175673247367,1.4932539362228965,0
-0.1050318133018346,1.4579289455676492,0
-0.1537516830891705,1.4189632348726138,0
-0.1292790774149555,1.3983420880550248,0
-0.0939951982075721,1.3783261986817235,0
-0.0539048859301304,1.3764294255399185,0
0.1030275864717065,1.3516260997910254,0
-0.0106213813040656,1.339304499306989,0
-0.1806415891459851,1.3363627483813767,0
-0.1378087676421037,1.3454042656859868,0
-0.2257816009514744,1.329180397298326,0
-0.2753772299876037,1.3156755208297242,0
-0.3220639043260054,1.2940340283811547,0
-0.3353283280355831,1.2707061404464024,0
-0.3742330364177669,1.2518802707281684,0
-0.3782789417191391,1.2482839895682147,0
-0.285707092003885,1.2434399088533035,0
-0.3309981850832914,1.2329768874693336,0
-0.3445263608473306,1.2275627675454073,0
-0.265311120025741,1.2181461644226435,0
-0.2427001429300805,1.2071254502941218,0
-0.2222299106647546,1.204257478527351,0
-0.2560541911241729,1.1932549564867156,0
-0.1608909134564199,1.1675024337949482,0
-0.1611649083091128,1.1421271211586457,0
-0.203915787427134,1.114791646338759,0
-0.1778990799195454,1.104227671903175,0
-0.3093244240257884,1.0943279633785343,0
-0.2908694623124918,1.0738114787722914,0
-0.259867072765806,1.066017409665143,0
-0.3342477128221869,1.044555822792667,0
-0.486455694539802,1.0373045206447298,0
-0.5222107424658411,1.0406626482245342,0
-0.4934003117406513,1.037408402204578,0
-0.4183871788934903,1.0253290712674161,0
-0.3520957887402866,1.005352248966196,0
-0.3847498295017892,0.9921171087214978,0
-0.4433539995823624,0.9789539537569273,0
-0.4170428116256087,0.9739218937169408,0
-0.3825911597745212,0.9466671016024766,0
-0.4057501265755819,0.9334230868856274,0
-0.3901375413714518,0.919095978782763,0
-0.3391181633811957,0.9052303102355931,0
-0.3082386874132765,0.8648860146602502,0
-0.3166429033620718,0.8420491674721234,0
-0.3769294530521465,0.8151649437663272,0
-0.370996312176651,0.8085951210119697,0
-0.4433539995823624,0.7833149290571956,0
-0.4610433121278812,0.7695667370703291,0
-0.4540782093305549,0.7560445710704932,0
-0.4821793262782343,0.7534487381194903,0
-0.4197315461613481,0.7522595083977873,0
-0.3658697916618826,0.7414710564241896,0
-0.3998297891978565,0.7232144011121061,0
-0.4495227248171882,0.7128465533523208,0
-0.5211429307502149,0.7038002653364688,0
-0.5344585684509493,0.6991993242388931,0
-0.4422836271671928,0.6898461022462727,0
-0.2870668234691042,0.6850814037743588,0
-0.270481172433026,0.6735417600813451,0
-0.3242302561519326,0.6759303881185719,0
-0.2222299106647546,0.6683317143211046,0
-0.1284519714577705,0.6679451201410809,0
-0.1328563746972584,0.6585757472721422,0
-0.1083427978301086,0.644329432586767,0
-0.1811895788513662,0.6243681769894273,0
-0.2137591165274413,0.6101074038954513,0
-0.3499319976139267,0.5977662189624213,0
-0.3337074052154888,0.5898925252394341,0
-0.3904064148250291,0.5854127786990627,0
-0.3038983016627392,0.5770037899195389,0
-0.1811895788513662,0.5631855771132159,0
0.0102431986931666,0.5481481887991219,0
0.0436961777166942,0.539064751912211,0
-0.0214557011332736,0.5186877416065989,0
-0.011177053108125,0.5006813669978136,0
-0.0150667557364598,0.4782342884776397,0
-0.0322797781642311,0.46247089710695655,0
-0.1987175673247367,0.42056750603575593,0
-0.1866694759051156,0.40951072782988984,0
-0.1976241486135418,0.40085488271485964,0
-0.2022743790105627,0.39108900180250833,0
-0.327751218043968,0.3835071632478692,0
-0.3520957887402866,0.3747443958931298,0
-0.3688376424494021,0.36389665163284274,0
-0.2601385069189268,0.35391893797587254,0
-0.2740174985223798,0.33401109172756305,0
-0.2317864414146036,0.32063761491848847,0
-0.2538750358004708,0.30610487267241837,0
-0.3601978421412766,0.2969975574987594,0
-0.3228756460858482,0.2937646729388005,0
-0.2544179041067172,0.2876882158488116,0
-0.3472304595804124,0.27805151249073257,0
-0.3734238553574724,0.27195352012394747,0
-0.4912646883094277,0.2650772353773202,0
-0.5102138650374005,0.2624838094949782,0
-0.5022116789191517,0.25805300471768033,0
-0.5323280664188366,0.2549079645695719,0
-0.5088797405677645,0.24870356531062177,0
-0.4768325856014827,0.251508468821929,0
-0.6620582274178081,0.25322128446391795,0
-0.6467759724566576,0.26040681986618275,0
-0.5841258970746883,0.26538952349219486,0
-0.2924980672312643,0.2650363095648708,0
-0.3715366197833682,0.2618554269623199,0
-0.3772008872052912,0.2562172753386805,0
-0.4140877643358831,0.2509528955826165,0
-0.3682998955422475,0.2482599056972351,0
-0.3472304595804124,0.2475755023489261,0
-0.4358434677792271,0.24873609645088596,0
-0.5083471150597256,0.25202401443740896,0
-0.5721930371351984,0.2606292225090834,0
-0.6145674934182228,0.26435033790329254,0
-0.6375446505506582,0.26980373087201115,0
-0.6061043813795878,0.27711349800629664,0
-0.6211740982774333,0.27782287065250305,0
-0.6356983861694603,0.27869619321327643,0
-0.5088797405677645,0.2793263812805399,0
-0.5933981901736178,0.27556433320578544,0
-0.6227591713037323,0.2769623401905575,0
-0.6317395446530639,0.27523603438104977,0
-0.6831046170836418,0.2804981536959361,0
-0.8338094681608182,0.2856391746206528,0
-0.8837917628301756,0.2878993464134763,0
-0.8708627907626693,0.2988635361351791,0
-0.7410532480774097,0.3054193873079761,0
-0.7381750217744096,0.3091229553677656,0
-0.7718789493546049,0.3078190056991536,0
-0.7122453780517921,0.30059354028296864,0
-0.7080509521760417,0.2963311229430544,0
-0.7872636322980687,0.3002996122803839,0
-0.690989011022216,0.29692833380782335,0
-0.637017146441754,0.30051260178792183,0
-0.8034037216110982,0.3037737130971079,0
-0.6557384209090797,0.30422169792720916,0
-0.7486380401677031,0.3027170120652321,0
-0.711984186696874,0.2981711201442423,0
-0.7752693155691717,0.2954595954987174,0
-0.829656013478017,0.2924632840306889,0
-0.7799656385582575,0.2808506216723858,0
-0.9173394877373334,0.27445341902312514,0
-0.982102140254506,0.2692372250064959,0
-0.939225786858151,0.26830068799909307,0
-1.0317156941875447,0.2678058517317115,0
-0.9559317907734473,0.2675615847313079,0
-0.8941267462455916,0.2579252392550545,0
-0.8690523761752714,0.2505816844460433,0
-0.8449638754347363,0.2403835428785979,0
-0.8760379645690509,0.23141473174332594,0
-0.9018677410089224,0.22966057728775796,0
-0.8423698867826461,0.22474656658706246,0
-0.7924720951987164,0.22338240584201294,0
-0.7517211224353346,0.22672056371362537,0
-0.7538644279652413,0.2321749392367386,0
-0.741575630787203,0.24123257236196397,0
-0.6552109168001564,0.2546379334352821,0
-0.54297289448076,0.25895288101681846,0
-0.4816441400706519,0.26167340282930346,0
-0.490194315894258,0.3223275041876225,0
-0.5384506990616212,0.33528705950134313,0
-0.5317980016103651,0.3440260923529068,0
-0.5928681253651462,0.3499342894833054,0
-0.635170882060556,0.3453719776862264,0
-0.6031928659823358,0.34726362135962996,0
-0.5695375916937298,0.3486717975044249,0
-0.4843175104090301,0.34094215911025727,0
-0.4787044569782447,0.33940356572216707,0
-0.4583648203903682,0.3200280135141386,0
-0.5400460148861468,0.2955939283540564,0
-0.6567908684273398,0.27905198220637634,0
-0.6649543786177178,0.26572903796049474,0
-0.7738609308123824,0.26227635812506117,0
-0.7679636397306822,0.2603337033764401,0
-0.7400084826578088,0.2708946435892391,0
-0.7896066723934864,0.28191362800845804,0
-0.7877834543083089,0.2927077354972776,0
-0.7721401407094991,0.2966915258844713,0
-0.6978158360433907,0.2933073844442444,0
-0.6607420278450816,0.2836212447203785,0
-0.6443228222802435,0.27191906923147824,0
-0.6467759724566576,0.27385760245309715,0
-0.6746927190361444,0.2645506605570107,0
-0.7677050090753315,0.25549271157316306,0
-0.7851766621584296,0.23833360402247253,0
-0.7677050090753315,0.2302813246052475,0
-0.8057467617065206,0.2235349814544727,0
-0.7909075077688705,0.21746588015495127,0
-0.7752693155691717,0.20795967413953684,0
-0.6462484683477296,0.19444195951850576,0
-0.6330583049253339,0.17359693512745392,0
-0.6378084026051198,0.16288008481016203,0
-0.5896902972138653,0.1510621848146668,0
-0.6896753721490378,0.14187859886937068,0
-0.6765594690138146,0.13268352753571572,0
-0.6169463833074549,0.12728712297084535,0
-0.5243412444979538,0.12248870527650028,0
-0.4165076254180215,0.11474584314346274,0
-0.5488215322708518,0.1039341557396807,0
-0.5219418690122638,0.1016345866386439,0
-0.4909958148558504,0.0943754779265491,0
-0.5671510197058146,0.08951948287024311,0
-0.5456309006217769,0.08134683542772252,0
-0.6446685167205654,0.07514034747256683,0
-0.6145674934182228,0.06657519995307722,0
-0.6224954192492705,0.06421825334235991,0
-0.6111284739120428,0.06669647113206999,0
-0.5989600296132275,0.07126314432392789,0
-0.4245687076260862,0.07012515965856571,0
-0.3816232153416649,0.06634335303429063,0
-0.3418222621142537,0.06006179035328608,0
-0.3418222621142537,0.05464966381539755,0
-0.4479120447952965,0.04679975257682071,0
-0.4682696062800826,0.03630593514964357,0
-0.3908647800458908,0.029809149559411326,0
-0.4837823242014238,0.025296833077393194,0
-0.5729868539981124,0.024398590930245333,0
-0.5774962459194574,0.026648751529673085,0
-0.5655582645808517,0.030761091064832317,0
-0.5246075572519828,0.034509556923868104,0
-0.5349911939589882,0.033704580792175004,0
-0.4853597151290635,0.033587243205701334,0
-0.516346740478407,0.03502148086107181,0
-0.6129798596923756,0.039516956929744204,0
-0.6079557671598966,0.04227265015024062,0
-0.632267048761968,0.04428103919611953,0
-0.6090133360772724,0.04841716160870807,0
-0.6975546446884964,0.06193416843924501,0
-0.7617001686122262,0.06912836561311124,0
-0.773704728139345,0.07506106813956104,0
-0.7677050090753315,0.07912547518260675,0
-0.7799656385582575,0.08450232629523091,0
-0.753603236610347,0.08989586118414034,0
-0.6232866754126364,0.09158165737900327,0
-0.6810022827466653,0.08949695903165596,0
-0.7146063430440955,0.08952768689961753,0
-0.8112087338633795,0.09412771615349554,0
-0.8527407199918815,0.09513764375403848,0
-0.925067679002894,0.10076284546080373,0
-1.002073036106059,0.10853276653529813,0
-0.9892746597160024,0.11534695842339467,0
-1.0826428869937188,0.1238301477626572,0
-1.1470035096803208,0.13019898622341708,0
-1.1560965538101926,0.1450325164786709,0
-1.159630319199998,0.1617941592086893,0
-1.2556565526187504,0.17308044036152695,0
-1.2240933698688945,0.18726781134103485,0
-1.27156617897157,0.2048476149963389,0
-1.1619016597077867,0.23037794229257125,0
-1.140102424371945,0.23526549985179143,0
-1.0696524581368294,0.24652007415457786,0
-1.0612789705827184,0.27602464324764064,0
-0.8221249960784286,0.28672573111119637,0
-0.7059511785386325,0.2889034993035446,0
-0.5067466778360892,0.2928820024761245,0
-0.428058941123418,0.3021616200238063,0
-0.517411991494461,0.3099758987624817,0
-0.3353283280355831,0.3223741790434348,0
0.0130266791125173,0.3299254905532981,0
0.0386746458837875,0.3263464173475509,0
-0.1362953942034146,0.3191078563790458,0
-0.2544179041067172,0.31346414210843343,0
-0.4189249258006211,0.3255088218384467,0
-0.4824456390322442,0.32811888688765545,0
-0.4655936752421371,0.33386635328635483,0
-0.7828310613634637,0.3380756511835462,0
-0.8987718552435017,0.3429266844961074,0
-1.5522188505101338,0.3574135245239524,0
-1.4726502331495586,0.3882911106224551,0
-1.3218045435967107,0.4178005048025058,0
-1.2401233491009322,0.441440167289092,0
-1.0533843338459177,0.46671744271295107,0
-0.7125091301062298,0.483340962908675,0
-0.517411991494461,0.5029926882460334,0
-0.7507275710069096,0.4997818306153849,0
-0.7590882550632312,0.5047669396659329,0
-0.9157953859039646,0.5121569002141144,0
-1.1439690807042786,0.5204299734795758,0
-1.2308459346029108,0.5373415976481454,0
-1.237616424233818,0.5581289433630271,0
-1.0414079420139304,0.5793980774710398,0
-1.109036017336309,0.5963745234601944,0
-0.9721026084811611,0.6103501732245112,0
-0.9608099234311154,0.6190030405902945,0
-0.9815874396433766,0.62500136553975,0
-0.8475578640868217,0.6269484839354529,0
-1.0200209793069048,0.6107940623325461,0
-1.120185303211116,0.6250123426108974,0
-1.1019377581620136,0.6197175717272081,0
-1.106503485473626,0.6292026049622002,0
-1.1244898391678342,0.6309019024191036,0
-1.2250741177995446,0.6424286301270291,0
-1.2951425398005434,0.6538977927043321,0
-1.1949141984073814,0.6634198770186177,0
-1.1923970307420406,0.6475278555353169,0
-1.1671997470929538,0.6472495452267909,0
-1.079846603076574,0.6504603630982124,0
-0.9333080101799928,0.6521722782787451,0
-0.9028997029307292,0.6384258668999906,0
-1.02175713360713,0.6216055612587579,0
-1.1629105753335731,0.6360283910326059,0
-1.2488937450865023,0.6487971879313307,0
-1.1659398829105,0.6434670784192106,0
-1.1608927440820005,0.6508272719917294,0
-1.22557601491288,0.6582510583652966,0
-1.1452340662858485,0.680447061683005,0
-1.1949141984073814,0.6689406947207802,0
-1.2308459346029108,0.6505193222484662,0
-1.1999459730385196,0.6440594693352052,0
-0.9984906174246404,0.6416487850636358,0
-0.9713318379142724,0.6282251265233101,0
-0.8527407199918815,0.6220197354916274,0
-0.9173394877373334,0.6045908033845591,0
-1.0142209948084262,0.5875216511689483,0
-1.024540614026481,0.5661839285305633,0
-0.855329587244856,0.5596510551918614,0
-0.7799656385582575,0.5463818978095261,0
-0.6462484683477296,0.5474249024970981,0
-0.5615738160688676,0.5302407996583485,0
-0.5456309006217769,0.5272885575158227,0
-0.4092480421715729,0.5111913296752121,0
-0.3093244240257884,0.5004770317437095,0
-0.0904076581270378,0.46996050835062786,0
-0.1298296278198992,0.4442907527509173,0
-0.159792373346095,0.4214362767701239,0
-0.1025504954302891,0.4010237050648128,0
-0.0311709952556796,0.3853407082560622,0
-0.1973501537608536,0.3742370761661954,0
-0.2748343616813382,0.3618720630736679,0
-0.090681652979726,0.35861417077207114,0
-0.2454272879591828,0.34975639668871916,0
-0.2944006670027299,0.31854932149051174,0
-0.3629275478699271,0.29510210426162825,0
-0.4347705346645092,0.2841516581450771,0
-0.2154005249440126,0.2581039599587213,0
-0.1452322356602679,0.23505508900572084,0
-0.2772798297590692,0.218588039660081,0
-0.3391181633811957,0.20973125201034373,0
-0.3309981850832914,0.19571708828493795,0
-0.2851642236976386,0.18192349398873206,0
-0.3093244240257884,0.16448696727446555,0
-0.2761940931465383,0.14988387647016108,0
-0.3052554724283909,0.13382767350570074,0
-0.2851642236976386,0.12540159528371886,0
-0.144133695549943,0.10699747586932758,0
-0.2249621770929725,0.09812366548169921,0
-0.0876446633041402,0.08651743717173516,0
-0.1976241486135418,0.07291075170121297,0
-0.1501795072060022,0.06153237192925599,0
-0.0740217416564706,0.053207714370226054,0
0.0660510848565761,0.04288894429578005,0
0.079988972549864,0.03180060609623553,0
0.0261220966512828,0.019813526029150846,0
0.1353308113937764,0.007165478570546927,0
0.1691294848576021,0.0030304930401075666,0
0.3309528934149012,0.000842676298735712,0
0.4054743719469771,-0.0002747254776304164,0
0.4642603516961519,-0.0008918769644108232,0
0.5855888574458716,-0.0013269374873764797,0
0.8362864655568797,-0.0006199048482186038,0
0.7278510820808661,0.00012081893416477281,0
0.865478440516182,0.0013664046063886581,0
1.057492496860343,0.0032333724047628443,0
0.8642851545222459,0.005961470341526482,0
0.8234983319650686,0.00827894600866927,0
0.9354572380326612,0.012673648170026879,0
1.0587037077511887,0.015594455331594495,0
1.0665778588915316,0.018681405587313314,0
0.8651813993674732,0.021858415186550337,0
0.7686276618398167,0.02590057309667238,0
0.765964534299665,0.03355337271635488,0
0.8889702982597515,0.04143692866690887,0
0.937854052818784,0.052131812652291505,0
1.015174375967567,0.05696958943713716,0
1.0665778588915316,0.06406827389427273,0
1.2198971842172466,0.07112733724610999,0
0.9957258628258264,0.07589982793298498,0
1.0605218044372458,0.08896471202476205,0
0.8980274925958038,0.09476053437483277,0
0.8905528105864831,0.1017871331459609,0
0.9775090461714032,0.10837872101218295,0
0.9940690902119176,0.11810444737619924,0
0.9444555362788788,0.12466175003582604,0
1.15627404300331,0.1331079258491627,0
1.2008993541976845,0.13902913477952242,0
1.1669572815585914,0.1434428173694342,0
1.0040148472945385,0.15019141009035036,0
0.9877441623040544,0.15842826737208962,0
0.9763055173792216,0.16386036596521697,0
0.9489572461015644,0.17724953751193434,0
0.8383683142974032,0.18928085722567473,0
0.9159805571957842,0.19812022349023575,0
0.954665045415961,0.20027765608125989,0
0.9940690902119176,0.2100009253139867,0
1.0526502139964704,0.22428398093880758,0
0.9976847979875832,0.22779921535825465,0
0.9096940397813076,0.23818394816801666,0
1.0058227011823735,0.24810758273481964,0
1.0000944162714998,0.25226721612221614,0
0.8335465170300026,0.2688920597284232,0
0.7054526430484915,0.27746366319462684,0
0.5984282050288345,0.29507207692002496,0
0.6300016305769219,0.3192713052823955,0
0.5486021130325146,0.33666813446752264,0
0.6420087508036129,0.35196341483473575,0
0.777805209055092,0.3629068034743161,0
0.7434969563792242,0.3766808535727968,0
0.7840251482810506,0.3906557223005955,0
0.7313925295693594,0.4041092381217587,0
0.886074147059837,0.4278077543765858,0
0.7683306206911032,0.45095218334476794,0
0.8324172485249981,0.4793264015525873,0
0.8314057721996634,0.5049907841074326,0
0.9384558172148842,0.5344910154703975,0
0.936955247273989,0.540506946570497,0
0.7781022502037817,0.5573988074503538,0
0.7819535423387776,0.5674671892691487,0
0.7028023190061338,0.580824057362159,0
0.7207758692025673,0.5959253969784103,0
0.8353927814112007,0.5989988402737365,0
0.9663828065926214,0.6065073726506179,0
1.0181934407462672,0.6111334287846123,0
0.9345584324878712,0.62889345611268,0
1.0064244655784549,0.6407913879715668,0
0.92256923715809,0.6449369825786029,0
0.8681620536527866,0.6574240998130622,0
0.7920298950988429,0.6627159353601911,0
0.6417142703544668,0.698951696262853,0
0.5631494472205669,0.7005608481894396,0
0.5646064852689885,0.7137778125271377,0
0.8211194420758365,0.7204260168610164,0
0.7576806712300688,0.7305531030568447,0
0.9399563871557796,0.716719816838008,0
1.1020768368617682,0.7152186548507792,0
0.9609720484269144,0.7131564917920737,0
0.9426553644897264,0.7027552594539074,0
0.859962693668618,0.6962050270350545,0
0.9095736869020848,0.6897258100711986,0
0.9994926518753946,0.6938830721265489,0
1.0299700980127435,0.6936538206392125,0
1.0390375351470271,0.6925040935063929,0
1.0046166116906194,0.6965599381430798,0
1.0450833468030627,0.6908710187231709,0
1.0450833468030627,0.7037191963457645,0
0.9940690902119176,0.7054956056694772,0
1.1181913191792143,0.7015667339127972,0
1.160058756949807,0.7016769836611433,0
1.1514548064354768,0.7059443126252231,0
1.270593914063249,0.7147534963333051,0
1.1990633326147178,0.7161972086381415,0
1.4916693496892437,0.7247817145472195,0
1.5780750348692203,0.7260347107823187,0
1.6447658941534269,0.719234230700124,0
1.592586519263458,0.7100363582794527,0
1.5749228137135272,0.7070664465233016,0
1.570198323029329,0.7058178551424787,0
1.501067117066488,0.7008805186485744,0
1.6418518180566075,0.7005804122917911,0
1.618459827595808,0.6917938649895499,0
1.6517386790494124,0.6841790190605674,0
1.6633488908446248,0.6718091405535709,0
1.7606221849480566,0.6717481632962091,0
1.8962317121317995,0.671836232892885,0
1.7961570127121076,0.662440468373316,0
1.8407900060051408,0.6624671712107084,0
1.732838594745563,0.6528521611542645,0
1.7430506645821886,0.6530113853098505,0
1.728690261461877,0.649058779992637,0
1.7724577383043678,0.6532909901289249,0
1.8118745865980943,0.6382260941744216,0
1.8752544613540272,0.6255818905583012,0
1.97609737064106,0.6150157897351863,0
1.7191286093129172,0.6152096014020912,0
1.8704147391897168,0.621113712100267,0
1.8723506280554536,0.6158616353424243,0
1.9769091124009024,0.6028144258633011,0
2.0646233150549227,0.6009313974895294,0
1.9149811542942563,0.5954057425821457,0
1.731880893110933,0.5912968826342003,0
1.6770972867706282,0.5888282092855176,0
1.7806186877951784,0.5858198787030852,0
1.6809408968069413,0.5954079107728776,0
1.6568139855730433,0.6002407633010427,0
1.4782103128132706,0.5932255356827844,0
1.4979328208076996,0.5950978026503485,0
1.6301980743689215,0.6019223407426985,0
1.5802823578880585,0.6039456287704659,0
1.68910952839643,0.6045378354581498,0
1.6958825787269045,0.6100658808237439,0
1.6460334404345591,0.6152717046604932,0
1.682018951320794,0.6263478869845649,0
1.5576022419043316,0.6159684858022642,0
1.589746703453816,0.6145589074524729,0
1.5979537455366677,0.5881622839411692,0
1.479459934197498,0.5704392952126625,0
1.4157907003915158,0.5582001239817924,0
1.4229529770547666,0.5587490783489122,0
1.2604356189173234,0.547265585112366,0
1.4366680838865231,0.5498894543660265,0
1.4470261135979596,0.5381463846559095,0
1.5896519575701855,0.5293342280091586,0
1.5922715532178398,0.5213539174224814,0
1.6143831938997322,0.5048028914713147,0
1.5941639101910787,0.4948120487094131,0
1.615865838943718,0.47010996373461916,0
1.530558693874047,0.4586635996105188,0
1.4350164326717252,0.437676659889229,0
1.5293013903911603,0.42495197837902615,0
1.6033209718099009,0.40365066926113424,0
1.69019014360985,0.39462841972645013,0
1.6587165853445087,0.3783360209387128,0
1.700018108512796,0.3579639228771696,0
1.6764929616749795,0.3442248508151537,0
1.5242798585582489,0.33217680824833845,0
1.4416563266251827,0.3325519103346459,0
1.5154889769762063,0.3174521791923475,0
1.4407216712865736,0.3152147129081622,0
1.262591727945,0.3027509152559454,0
1.172150380261883,0.29793695457264135,0
1.0133639613801884,0.29180803964363705,0
1.1125936299457906,0.29408056554602713,0
1.1730671107036013,0.2889178676518925,0
1.302031622534771,0.29444918412870974,0
1.2244962006231108,0.2941769873103689,0
1.1724551035092745,0.28243537097523974,0
1.1206265444587191,0.28043264692882025,0
1.29493592406,0.2906838771582655,0
1.15627404300331,0.281267366966406,0
1.0808255912313078,0.2743992987673471,0
1.18804464241736,0.27539695121459834,0
0.988648089247984,0.26974163714119814,0
0.9303588852130052,0.27087976143221604,0
0.8520654962322499,0.2658307137964002,0
0.8765176163100166,0.26659247664498736,0
0.8400046013148588,0.26349909360596485,0
0.7381809440971713,0.26767620037560513,0
0.7494070509586992,0.2680542831823172,0
0.8592149693977259,0.26562248397195437,0
0.8339050149680993,0.26264153483308295,0
0.9429575270375508,0.25046864549193887,0
1.0617330153281153,0.2492369150337197,0
1.0605218044372458,0.24495321401009582,0
1.150783903151334,0.24642675618044835,0
1.1181913191792143,0.235779602636338,0
1.1486482797200863,0.2348583276809918,0
1.2333946315865822,0.22630027700689662,0
1.302031622534771,0.22278299043075409,0
1.271208481957124,0.21757623979722449,0
1.266284256707415,0.21453762423259165,0
1.4291857197785431,0.20927357383773226,0
1.4014789505627938,0.2029269941120715,0
1.4129892950752363,0.19325205053484648,0
1.363590839905075,0.18232010937949505,0
1.524907229949923,0.17633257381926598,0
1.5073357095840547,0.16568573899444897,0
1.52588029578189,0.15754202726456107,0
1.62387058576151,0.15239946893170164,0
1.604900923437084,0.14349565161119285,0
1.3915306327806058,0.13310040172570503,0
1.463514458050864,0.12689846903211519,0
1.3642130898976284,0.12051311837210808,0
1.3490255808201128,0.11306439482519978,0
1.4791475288514233,0.10418943572571594,0
1.6993830550224678,0.095992661935469,0
1.634630645303522,0.08739281312409533,0
1.6422948190801272,0.07741584153091091,0
1.500534491558468,0.06941335290745113,0
1.4979328208076996,0.05990365073054898,0
1.6549113858015587,0.050415141498019934,0
1.6688723197908717,0.03904049004728069,0
1.8130601904933716,0.0312192004289553,0
1.7032010580631929,0.023538144013134924,0
1.8160459661778008,0.017393467401296766,0
1.7255021905123695,0.010697805883734217,0
1.7929510168656904,0.006160440149414109,0
1.8669680375848827,0.002834507754391479,0
1.745606242740916,0.0007904255268856345,0
1.7468814711207123,-1.4450938842594317e-05,0
1.7401775596782991,0.0002716475749250306,0
1.83210923450409,0.001881558838440121,0
1.7996830960032348,0.004618867534304589,0
1.7826979758361343,0.0072918129696731395,0
1.6176071146430542,0.011714916160565582,0
1.6936573308111378,0.015926117790136182,0
1.747839172755342,0.022019684353362087,0
1.7032010580631929,0.028355137464730066,0
1.722856987869123,0.036076465157886435,0
1.7025660045728597,0.04343709432666746,0
1.5686234928012568,0.05010219666188754,0
1.594478876236697,0.05916580790120981,0
1.604900923437084,0.06619507195937212,0
1.3224173517146696,0.07528825004538067,0
1.145905770493642,0.08161629094580954,0
1.0605218044372458,0.09223321540554455,0
1.1440748703098105,0.09929123715543181,0
1.196000735943544,0.10509119285012468,0
1.1883519263642952,0.11088703937555865,0
1.1822369758201985,0.12162307276153293,0
1.2076391154339117,0.135684856330801,0
1.1791795005481356,0.14833072561989247,0
1.121233430253935,0.18481681436253877,0
1.0242315703036242,0.2011934903797038,0
1.0016026683110542,0.21881465994943128,0
1.0230229201123269,0.2383577255038081,0
1.0393396976948517,0.25194674996401906,0
0.9549620865646744,0.2693656863520901,0
0.8881047818092037,0.28920443711858246,0
1.005400185755326,0.3124114691455524,0
1.059005870299013,0.3301748024096058,0
1.0423613231730953,0.3477149422469852,0
0.8493844437952125,0.3677269371173431,0
0.9738984597948532,0.38942063446916964,0
0.9276624685786063,0.40803277298343194,0
0.9323690343659188,0.42142382581896237,0
0.889059922744266,0.4467986947279708,0
0.8681620536527866,0.47527040594940967,0
0.8866682293572591,0.4910562311839506,0
0.8437252977723861,0.5247192987621081,0
0.8452156249150548,0.5527620337859638,0
0.9189740149788964,0.5780611303507719,0
0.9519609466829032,0.5971593275195,0
1.001000903914973,0.6265780729514487,0
1.102048669166632,0.6434122070100511,0
1.0462945576939275,0.6791796881431682,0
1.0626395029715885,0.7029458459010248,0
1.0514390031056249,0.7378711499740429,0
0.9826253238879452,0.756372176537107,0
0.9790147375114142,0.7855388952989723,0
0.7938070205919746,0.8034110411489878,0
0.7701077461842349,0.8264156753646901,0
0.7375919831988649,0.8571022663508072,0
0.7774800002112472,0.8837038463436242,0
0.7653704520022429,0.9172611010109114,0
0.8908524124347591,0.9356551366623703,0
0.8592149693977259,0.9811554116872739,0
0.7083974475400143,0.9967715111923604,0
0.694561987829035,1.0200242060052158,0
0.6372023177335546,1.033336795937293,0
0.6822117338615896,1.0627565659151101,0
0.7831391462340545,1.0849995557587118,0
0.8015224083597365,1.1130343095114923,0
0.8472974736555734,1.1373646617615196,0
0.8086437138300812,1.1767635022506213,0
0.9001503125292574,1.1895866850566152,0
0.8956357992087969,1.233010119841231,0
0.9243668482476938,1.274181784668305,0
0.9901537805879947,1.324425783280456,0
1.0665778588915316,1.3585880834771662,0
1.0868944491833876,1.4079968074432594,0
1.063548551314605,1.450143739759858,0
0.9958743834001854,1.4945289311601193,0
0.9433160249756476,1.5231332400593989,0
0.9579683478455804,1.5770129914873814,0
0.9279620704268872,1.6045611682831795,0
0.9279620704268872,1.6514551541343674,0
0.9129845387131096,1.6742755127370545,0
0.945236549644018,1.6964308593326693,0
0.8324172485249981,1.7238909139238103,0
0.7517705766505938,1.7754281321354832,0
0.7523595375488812,1.7869465118550691,0
0.7367034204522966,1.8409459061693185,0
0.66106547691301,1.858595914599558,0
0.7739564776196635,1.8914816985509846,0
0.7370004616010101,1.9228809457881086,0
0.6805933717410436,1.966362651904706,0
0.6581309152197375,2.0131582334494458,0
0.4761112692498054,2.036334536062269,0
0.4178425508113035,2.0458376233146724,0
0.4882592279521724,2.0604477178445473,0
0.5123016361006618,2.085659554827079,0
0.4642603516961519,2.086946153113475,0
0.3767586871054177,2.0924852145546597,0
0.3862281540702909,2.079859177480623,0
0.3997256014396266,2.0948143000353143,0
0.3733171068996942,2.1081646108943266,0
0.3309528934149012,2.1379743268046165,0
0.4717734441988354,2.121633377327961,0
0.4544451902909807,2.134054619845504,0
0.4662833043468403,2.1029680171316825,0
0.502448064202128,2.064444713327443,0
0.5413322869878395,2.0260490344203874,0
0.5908408522389739,1.993171068065778,0
0.5270999188453865,1.955532078076967,0
0.5587834544744608,1.9151351044791218,0
0.4978131980024493,1.8853217541326879,0
0.4688824143980413,1.8571633843766377,0
0.4729283196994326,1.8156542182981241,0
0.6522669132323035,1.7953300084446422,0
0.379626670610196,1.7928586898243186,0
0.4717734441988354,1.7395632986116578,0
0.4284950609718863,1.6840677501578698,0
0.5065042123017267,1.6582306337476627,0
0.3767586871054177,1.6382877858092442,0
0.4057611702974593,1.6282541648782436,0
0.4544451902909807,1.602386163153783,0
0.4631054761955784,1.5555579308187202,0
0.227651712552339,1.5202007715476034,0
0.152218624977679,1.4887539212529646,0
0.1325191632792657,1.4369555974355757,0
-0.0289508687390475,1.4151238730523295,0
-0.1262497698380479,1.379576769465208,0
-0.1262497698380479,1.3411744108529362,0
-0.024789731957568,1.3043170637573684,0
-0.2238687583817823,1.2557669676185175,0
-0.2960267112219637,1.2400732239722239,0
-0.2900525991535333,1.2062291946726555,0
-0.3801661772932624,1.1626302967311246,0
-0.3658697916618826,1.1440936050048298,0
-0.1863954810524275,1.1255818530476784,0
-0.1858474913470702,1.0924842834109851,0
-0.1066860252161998,1.0697976902294033,0
-0.1298296278198992,1.0215877035506846,0
-0.158419838383101,0.9935690778401266,0
-0.1614414638613445,0.9649051415116207,0
-0.2003589757413032,0.9390125901051627,0
-0.2222299106647546,0.906751900660865,0
-0.0738271284900705,0.8714811128684531,0
-0.1861214861997583,0.8082778497376596,0
-0.1463307757705737,0.7542331095957758,0
-0.203096363568632,0.696699022532734,0
-0.2549633331125501,0.6478749730118608,0
-0.1916013832535078,0.5955739163500773,0
-0.0984124049448302,0.5452543295758769,0
-0.2930409355375346,0.5052048656160314,0
-0.2200456339419226,0.4702291065266387,0
-0.1984435724720437,0.4341193561332023,0
-0.1097204541922182,0.38734413998411493,0
-0.1130288780209487,0.3411151715101529,0
-0.1196406042792701,0.3027577812935217,0
-0.1072391363206919,0.2776699459328992,0
-0.1400084085622827,0.24592414903296597,0
-0.0425430619920183,0.2170572693505821,0
-0.1179889530644722,0.1904436828119703,0
-0.0139554121283601,0.16503894002028774,0
-0.166929043013777,0.143913788002531,0
-0.2069246094075836,0.123987981371128,0
-0.1427585998874055,0.11275407162841765,0
-0.17844963032447,0.09133682792339885,0
-0.0558407747958431,0.07801942936483976,0
-0.1064120303635116,0.06353028940248472,0
-0.0289508687390475,0.05982684827534229,0
0.1325191632792657,0.04691737325561686,0
0.1657442400421509,0.0366957419753347,0
0.0660510848565761,0.02562299620117003,0
0.0657719686047723,0.01971647537790021,0
-0.1080662422778769,0.011988314112743807,0
-0.0785260121787046,0.008948115597711729,0
-0.1422080494824569,0.00621117045421578,0
-0.0826717847628418,0.002298175376809787,0
-0.1199171598315256,0.0007114552026382039,0
-0.1619894535667257,0.00010689894599849503,0
-0.2930409355375346,0.002528034858280984,0
-0.5003423682419332,0.0070438706267962475,0
-0.488860191424622,0.012432677870031082,0
-0.3228756460858482,0.01661216167586729,0
-0.2276944435211856,0.02256076716091506,0
-0.17186607176128,0.028428442551930742,0
0.1198693074635681,0.03945043926667542,0
0.1615165250721725,0.04969139154042256,0
0.1353308113937764,0.057494751090825566,0
0.0887286401407546,0.06691030940952156,0
0.0892868726443623,0.08636894081900247,0
0.0764065538684692,0.11930536930482645,0
-0.0320032226119755,0.14506142222213203,0
-0.1581432828308645,0.18055899829409977,0
-0.0497488705477619,0.20680471908280512,0
-0.0100657095000253,0.24198518542999076,0
-0.0289508687390475,0.29806831133316514,0
-0.1347820207647445,0.3727322983425641,0
-0.1510040524636151,0.42583263479956707,0
-0.1091699037872936,0.5057759515794182,0
-0.1595183784934259,0.5965055868388713,0
-0.4065567469362899,0.6790333161169642,0
-0.4272548814622583,0.7437736153918968,0
-0.3523646621938638,0.815691328483005,0
-0.5309965026487726,0.9049329000307059,0
-0.5748459218770996,0.9834271415972877,0
-0.6725852633000522,1.0610227292313488,0
-1.08569011946755,1.1095137063771003,0
-1.1054894484487283,1.1546486357718198,0
-1.034775730159151,1.1982699238503536,0
-0.6575821245907103,1.2403187434460479,0
-0.786218866878487,1.316579572418272,0
-0.9620953946091574,1.3834723969988738,0
-0.9381963856358876,1.4709959440549618,0
-0.881981348242773,1.5260696953625874,0
-0.7690109658498265,1.6372034565136981,0
-0.6023990491194027,1.7265833899672376,0
-0.7235150168058174,1.7916110246068275,0
-0.7791820644935509,1.8640570271941197,0
-0.7522972798358472,1.9674821656749732,0
-0.8026252689455072,2.049444643340649,0
-0.7955961486592733,2.141161743811403,0
-0.8550709565895052,2.193390714319114,0
-0.8293973828226711,2.271077455965298,0
-0.6195890252511296,2.348852466281557,0
-0.4685384797336551,2.46881448190189,0
-0.6607420278450816,2.572082737179453,0
-0.7146063430440955,2.6661573557370937,0
-0.8680178535539163,2.7724153568954892,0
-1.0171606779008096,2.9000105351499132,0
-1.034775730159151,3.014340696552342,0
-1.106503485473626,3.1307745319177562,0
-1.0633147267311962,3.2439355786416173,0
-1.0783229868396584,3.347134727508441,0
-1.1896289145200083,3.443457331147395,0
-1.038347906042324,3.5721568285059893,0
-1.20070137940809,3.6656022663104513,0
-1.2130183442812643,3.76657485559981,0
-1.2849074236678923,3.851751397983148,0
-1.2576590196729809,3.9293733000013416,0
-1.138660750520885,4.0857971192128,0
-1.170226493970313,4.19367602060435,0
-1.2220601744199793,4.357905249646166,0
-1.4300709209019122,4.512370025706629,1
-1.58170274521901,4.639659897991029,1
-1.771865415782843,4.768687028086997,1
-1.881181679906761,4.845971841250908,1
-1.812951840188296,4.957345464403751,1
-1.8707493899081424,5.096315440890417,1
-1.8289178019313883,5.178339187471589,1
-1.6271167518771876,5.299386163222607,1
-1.8048421046886236,5.437324019801479,1
-1.8210564542888348,5.589037811057803,1
-1.74886777305395,5.778058365407717,1
-1.819389438876676,5.955781899977688,1
-1.8633925000784963,6.119589698625519,1
-2.148874650983115,6.316679843317386,1
-2.103655257491338,6.407814984419096,1
-2.021328766707004,6.511791957269644,1
-1.787408862098907,6.606103222936666,1
-1.9487636626371176,6.687428627351422,1
-1.7205361931460796,6.769810167889921,1
-1.7402305334453725,6.925229164339192,1
-1.4991534735731449,7.059093161203227,1
-1.382134625179259,7.274128227165213,1
-1.489345994266633,7.501509709153404,1
-1.3898064810545234,7.698023779146938,1
-1.3930227196991671,7.895601229644508,1
-1.3026249039085234,8.0539015957323,1
-1.3873328452816611,8.252620494209038,1
-1.559048236230876,8.47688944392878,1
-1.3508915298741322,8.655703579127344,1
-1.40464317429263,8.870981751062411,1
-1.4790366178468048,9.050736373164808,1
-1.4635571890196868,9.304967347127233,1
-1.4226704991797685,9.509108097679974,1
-1.6341458721634403,9.562398437298006,1
-1.9117154614343776,9.64447156042022,1
-2.0724761796751663,9.76565008788907,1
-2.0178180476131957,9.884315869037072,1
-1.9842831262038076,10.002117701577248,1
-1.7895598497274727,10.141235173061764,1
-1.9086426219649728,10.373828367727981,1
-1.845572591855528,10.536828083329361,1
-1.8201038740533209,10.623163359999584,1
-1.7524629952331434,10.697888294750006,1
-1.846998901509246,10.769881007599244,1
-1.748148216478194,10.913232327664348,1
-1.71644675595221,10.96525922161165,1
-1.839629208181806,11.00050133880946,1
-2.0049326074381866,10.947452490879751,1
-1.938157245068557,10.936155959504994,1
-2.0320913869485784,10.922856343670189,1
-2.033727673966015,10.931411595122405,1
-2.4107420305654217,10.96187133833393,1
-2.563818089433147,10.953456363391963,1
-2.599422056085265,10.922969699085005,1
-2.607416560104811,10.98554719954038,1
-2.862154952118095,11.01183008314851,1
-2.893121491870985,10.996498649322934,1
-2.8939870083215284,10.945606011958052,1
-2.909110499910093,10.8990011072595,1
-2.757342958516411,10.747576853026624,1
-2.652390126439056,10.613455285559269,1
-2.467328369394422,10.496350593358915,1
-2.57161541958675,10.409743896727926,1
-2.489342703493117,10.341788745612142,1
-2.534131899459169,10.283455222901887,1
-2.4810357941275,10.212881217472862,1
-2.6859429727453485,10.165206818039705,1
-2.514670582819653,10.02535984913706,1
-2.551106776828066,9.899683877262968,1
-2.5169111949327383,9.743421310343336,1
-2.402829468931716,9.651210225130612,1
-2.629814999137186,9.600310724428114,1
-2.6256077697636653,9.608618002042045,1
-2.431967669200294,9.52082344002108,1
-2.597199368869065,9.433047867029016,1
-2.5397193458943663,9.326917671500485,1
-2.5171339757942697,9.243156704704841,1
-2.318139452455488,9.165665149874007,1
-2.283897777968138,9.089456764465368,1
-2.413456372096706,9.04917197820964,1
-2.6162945054718296,8.953090208142193,1
-2.597644930592133,8.89680351616269,1
-2.5771823804254708,8.823416880948313,1
-2.771129764935777,8.82160518851673,1
-2.8885788108553885,8.769738054751047,1
-3.0942695635379147,8.642699638202663,1
-3.035322259716587,8.424285694657085,1
-3.030627217077299,8.191678143901946,1
-3.025928333388675,7.9839787493762016,1
-3.09596602699498,7.773904901665192,1
-2.9341285345901267,7.538011570731702,1
-2.9104062138863425,7.3883365116997,1
-2.8803564045751755,7.285326328925508,1
-3.066643456358228,7.1844692917192265,1
-3.1587979120455407,7.035696527875085,1
-3.066855994421528,6.852959426616014,1
-3.183449766688804,6.602114428758441,1
-2.9734749636460127,6.464692234017524,1
-2.9384330705468447,6.312817950586828,1
-2.810856457876011,6.151393286527419,1
-2.6859429727453485,5.999481838252064,1
-3.002837225125911,5.855433380729198,1
-2.9985570158149923,5.6621817115234085,1
-2.989346179505465,5.473872066520285,1
-2.916234366079981,5.251400151162333,1
-2.900685798364825,5.0858264301557,1
-3.0269974254540704,5.0107510932378325,1
-3.3278783431497305,4.913061305787184,1
-3.3046028645188024,4.760678036041521,1
-3.630309764427659,4.60617229854731,1
-3.7725348589190695,4.447376883253497,0
-3.8316511689112143,4.2829447936743765,0
-3.5911092952465644,4.1026878788744074,0
-3.3303686234697234,3.931206767715832,0
-3.409562098345062,3.7528072554678684,0
-3.3249706688018104,3.5975923891044244,0
-2.997914280225976,3.4655185930455823,0
-3.155422910028316,3.3817691906645533,0
-3.417387596193801,3.2792666883051886,0
-3.533453864352164,3.1497531795050495,0
-3.5870595488958505,3.0684929182008083,0
-3.6083031124276377,2.933196724299937,0
-3.591512605426923,2.7944326089485476,0
-3.4983812428582968,2.6530083166933913,0
-3.5240842646700505,2.576742420106535,0
-3.294193620816209,2.506997906921805,0
-3.2566409618005805,2.4305913864538304,0
-3.4658539567249163,2.346110101018515,0
-3.4391817101305224,2.259837863785755,0
-3.264787827443828,2.1820577017070395,0
-3.208041444892458,2.063663877425001,0
-3.0421503650875503,1.9507986293385982,0
-2.7667535293914494,1.8540389090755796,0
-3.033401735048212,1.8033411942117648,0
-3.0608998072500078,1.7706154744721143,0
-3.2084613996199427,1.680718458289088,0
-3.22650152800488,1.6155872598038317,0
-3.362904872051556,1.5288203035464714,0
-3.502054566374009,1.4395484049968963,0
-3.1171622175849465,1.3478271957478647,0
-2.924213505902185,1.277368474943922,0
-2.7905757173779744,1.1972715909098597,0
-2.9222724956373574,1.1375159047614884,0
-2.551329557689598,1.061714569087352,0
-2.258490516955309,1.0055668036766152,0
-2.278410198815686,0.9586897156791905,0
-2.195525475527745,0.9163470581582387,0
-2.11573151660609,0.8660688867850371,0
-2.1872236875612394,0.8337318805772695,0
-2.253448499525925,0.7919344529736043,0
-2.4364796218211877,0.7493018936422866,0
-2.2960073261771186,0.7208236978624172,0
-2.0701433823779705,0.68298151134984,0
-2.0876099140619577,0.647011298037206,0
-2.17476588421237,0.6111903976790386,0
-2.221995426857061,0.571355421860799,0
-2.2671943347523853,0.54540042660029,0
-2.0505514700609906,0.5124659214197888,0
-1.829155946990262,0.46557345305842573,0
-1.7952932560374812,0.439748338186535,0
-1.8968147507073445,0.42420781607390584,0
-1.956773530854002,0.4057605219418806,0
-1.8617280453659049,0.3909603324073554,0
-1.762050254377672,0.36739471619538755,0
-1.8424818274892183,0.3381203953548105,0
-1.8005478115301508,0.32135918395077734,0
-1.6181466213261062,0.30010599811293354,0
-1.511401299558253,0.28855788772090657,0
-1.5882709395848624,0.27573029815347727,0
-1.7075457642891902,0.2761371487565547,0
-1.644071143649608,0.2631980415497078,0
-1.6174168219521237,0.2537242539811223,0
-1.653748027278675,0.23699706565214115,0
-1.668246708175119,0.22590424828913067,0
-1.529751272589693,0.22079580649360167,0
-1.589000738958845,0.21989554460099323,0
-1.595563811925577,0.2094066419169315,0
-1.612566856989587,0.21160860842142368,0
-1.5448978104742783,0.20779451188558895,0
-1.439683787042005,0.2104878070448543,0
-1.5084641771654133,0.20828701249135637,0
-1.7895598497274727,0.20264343678435115,0
-1.6617271671008798,0.19719087075784283,0
-1.8424818274892183,0.19462109648146897,0
-1.5544133700311924,0.18472718682144984,0
-1.3893122660398711,0.1837896164167647,0
-1.3769338443773134,0.18518889318833312,0
-1.3188187679122816,0.18667793928479628,0
-1.1163877857668634,0.18797049001554036,0
-1.1929014885549245,0.18699099039896774,0
-1.1810659351986128,0.18448745141499542,0
-1.2601608231409844,0.19680688383204506,0
-1.250396875726965,0.20255385753632468,0
-1.173002292291,0.20305147588049427,0
-1.1059939062616122,0.20368717315149099,0
-1.0861996986795686,0.20314260139909943,0
-1.0564418091179757,0.20465178793696395,0
-0.9836385599892205,0.20760871449508184,0
-1.042939240349529,0.20603194446979362,0
-1.0922941636271934,0.2019816196229103,0
-1.1368913071264364,0.19441589850465155,0
-1.114866730229515,0.18770021873970993,0
-0.7885644676734481,0.18521882892973274,0
-1.019969765315748,0.19095098987021103,0
-1.265415378633654,0.18091518100491644,0
-1.3945079254427248,0.17105972507232994,0
-1.396733173358468,0.16630667495856635,0
-1.4266190978979385,0.15975658444311883,0
-1.3697459607184748,0.15255617957597747,0
-1.5084641771654133,0.14864592425950587,0
-1.3952505283144825,0.13614482117328683,0
-1.3838656580803688,0.12924292307245397,0
-1.4782991363741391,0.1265703708896405,0
-1.5341505544300411,0.1168471546956788,0
-1.4940064674618996,0.11294123385269826,0
-1.497926898484938,0.09963723794612958,0
-1.5636805417309871,0.0887636890505702,0
-1.6629332565926098,0.07978278755508249,0
-1.679593167915889,0.06621159788850371,0
-1.772582411659051,0.05236183345825731,0
-1.6513307268960804,0.0416840926313965,0
-1.724141658123519,0.02849203458081321,0
-1.527305804511962,0.021864587540034595,0
-1.6759748994406511,0.012614838883868015,0
-1.61911712645853,0.010181403493397686,0
-1.4856637083024684,0.009666300981566001,0
-1.7811940442720402,0.007611248208260596,0
-1.783823882717945,0.004682610951087858,0
-1.7082678815644945,0.0028849859647392343,0
-1.495722136165648,0.0033625934932324645,0
-1.4068684222083732,0.0033961037757423936,0
-1.401183669189978,0.002796036641519786,0
-1.711156350665745,0.0012254526266725332,0
-1.6450390880824644,0.0009727006627190169,0
-1.5060135876885667,0.0006389014871764266,0
-1.419461942633803,9.030462822466958e-06,0
-1.3011268946671954,-0.00011373684939683882,0
-1.094578307632795,-1.5721244564482104e-05,0
-1.1704800032265243,2.89027787658227e-06,0
-1.2926458577316555,0.00010977486210716956,0
-1.2305949860462433,0.00024833370398927746,0
-1.1608927440820005,0.00044118505808219007,0
-1.1520557699079312,0.0003575800095817153,0
-1.020991484439333,0.00022223367640526392,0
-1.2386202184604886,0.0003200813786421411,0
-1.00463117496433,0.0004337669601555349,0
-0.9018677410089224,2.9432127107912573e-05,0
-1.0238005718542718,-0.00016647971374282757,0
-0.9877382399812928,-0.0004064141352865622,0
-1.0018169661502805,-0.00040455699153514157,0
-1.0968624516383778,-0.00037501524099885306,0
-0.9933717790085312,-0.0002926963801160328,0
-0.8164069539657816,-0.0001854516547157446,0
-0.6988657228621071,-9.701585502882463e-05,0
-0.8449638754347363,0.0003126722939280332,0
-0.9764609191286082,0.000801313851560581,0
-0.8690523761752714,0.0011702253969097885,0
-0.9188861502702744,0.0020938539100832498,0
-0.8786217104229097,0.003268764950818276,0
-0.8327723848398957,0.00478368267619804,0
-0.6883617332758597,0.006819349240652912,0
-0.8625814883926214,0.008708966221875006,0
-0.7146063430440955,0.009474541126506498,0
-0.7473295226936645,0.010407756531496472,0
-0.7927332865536106,0.012802471138714952,0
-0.8822425395976672,0.013974249946217317,0
-0.7927332865536106,0.015993773173040533,0
-0.6681142818720701,0.018894314887167394,0
-0.7669214350106439,0.019505658737483594,0
-0.7760528896338783,0.024718973993800603,0
-0.8244629147747307,0.02680003955156486,0
-0.8920602617024105,0.031247915777332057,0
-0.8504079226946903,0.03396494073896787,0
-1.0048898056196809,0.03776816104787376,0
-1.1325893318692617,0.04368663563961972,0
-1.0874698056602492,0.048460054684292125,0
-1.104726359980475,0.05494668481109746,0
-1.163415033146476,0.0640905664374291,0
-1.2986353339974188,0.06826575346596907,0
-1.1969269082598433,0.07663718371791306,0
-1.2220601744199793,0.0786723615110049,0
-1.3108473101887363,0.0835444082365426,0
-1.3374760248906568,0.08434406310650737,0
-1.4081026793952582,0.08633374865547055,0
-1.4110679694832151,0.09402429724656033,0
-1.4441189186761725,0.09474695957923021,0
-1.3895580931974232,0.09472907226005227,0
-1.4709320037462663,0.09786993968725335,0
-1.3300167070786733,0.1018483733994243,0
-1.4635571890196868,0.10829445633842354,0
-1.4352486554078565,0.11129400861120163,0
-1.4647863248074613,0.11406334866276503,0
-1.4446105729912813,0.11825621082777305,0
-1.282910078012773,0.12852569768861932,0
-1.3511399177312564,0.1304643581477677,0
-1.325289655694908,0.13883841249471043,0
-1.2686649063725446,0.1430349030208242,0
-1.1533181947899336,0.15411192777838256,0
-0.9322786089577532,0.16428282551184292,0
-0.940511258036169,0.17485435753248896,0
-0.9787706701297788,0.18400882996572474,0
-0.9872261000697308,0.1932828186826677,0
-0.8319913714747564,0.19816859635312137,0
-0.9044489261632138,0.20332809389667195,0
-1.0166485379892476,0.2130481354150369,0
-1.0084671029019647,0.22269410602773249,0
-0.9080595125397496,0.2307727994290411,0
-0.9969567583894982,0.22523913939042892,0
-1.0996536141564115,0.22595583585912257,0
-1.0148586089983218,0.22880542470627405,0
-1.0028412459734044,0.22683995049969388,0
-1.0633147267311962,0.22913135962673722,0
-1.1242388906111669,0.22817605674981306,0
-1.0510925077416566,0.23181085405629356,0
-0.8812080169763168,0.23540844628499236,0
-0.8034037216110982,0.23578100072348976,0
-0.7859602362231363,0.23182430382412925,0
-0.5056788661204631,0.2308724652919581,0
-0.3361426304949932,0.24217228469481886,0
-0.3269369155845817,0.25433657737547044,0
-0.3057983407346612,0.2724676580436578,0
-0.3244991296055099,0.2947728387071884,0
-0.3753136516311631,0.3177288586006631,0
-0.5216755562582539,0.33120558953997,0
-0.5469624643918599,0.34668496168023427,0
-0.6804773393373094,0.3567817931863701,0
-0.7077872001215991,0.37106120753800087,0
-0.6478309806744851,0.37888857571131,0
-0.8618055964266169,0.39359798016631137,0
-0.7640508908063031,0.3953087451183008,0
-0.8213465434128329,0.4034660470361476,0
-0.7992425848296235,0.4110031197810601,0
-0.9361375831914084,0.4136925296891531,0
-0.9201741821478648,0.4092597876574638,0
-0.8104277204982403,0.4020951825227962,0
-0.8093880764777551,0.40483554360509366,0
-0.9044489261632138,0.4014488158657553,0
-0.8641358330242407,0.39544810492463395,0
-0.8555907785997502,0.39833471174944085,0
-0.9356228825802744,0.4004403780637606,0
-1.0097474526808718,0.4048699769960698,0
-1.0220132035629137,0.402822615757995,0
-1.0849295916988642,0.40855872065247456,0
-1.085436610211315,0.40241415853251594,0
-1.083403414762405,0.3979707867058429,0
-1.0345196602033724,0.39943160709483333,0
-1.1454875755420837,0.40562038856434285,0
-1.1044728507242592,0.40196137250167835,0
-1.2476415630027315,0.39973546934288967,0
-1.2514006699536406,0.3918636027307467,0
-1.1908887787024622,0.37868906173862377,0
-1.097115960894613,0.3695325651512511,0
-0.9610659933868988,0.3681091110093621,0
-1.1510468542821448,0.36504290976596154,0
-1.2976341004703154,0.3584856110137814,0
-1.2576590196729809,0.35349827903774117,0
-1.4043973471350732,0.34843088348813644,0
-1.408599455109483,0.3396692094301555,0
-1.46527797912257,0.329549097183391,0
-1.4216846298500023,0.3227612199057648,0
-1.352381857016801,0.3125301929482514,0
-1.3461721605890498,0.3041774261523671,0
-1.3870844574245609,0.30154990529505943,0
-1.595563811925577,0.29418958340531415,0
-1.5287730853586052,0.2795255347593592,0
-1.4763350798132904,0.2722231569964725,0
-1.4991534735731449,0.2753415855622217,0
-1.5614860222099238,0.27133367866103003,0
-1.5431898238692128,0.2753633928277156,0
-1.5712346054266009,0.2694365334427734,0
-1.693339003142325,0.2574897132971989,0
-1.740952650720677,0.253169489916048,0
-1.8788104721162076,0.242939614775311,0
-1.7560582174123367,0.23467476921621713,0
-1.7500661804470254,0.22629735824984631,0
-1.9315532009089136,0.21562197727182125,0
-1.9497085607739533,0.20389619833732703,0
-1.8750180760710704,0.19666571386389747,0
-1.7900387005447878,0.18222838105667857,0
-1.7452699901751938,0.17334868469771153,0
-1.720776898904521,0.16311553570100396,0
-1.66510729051722,0.1459460746709802,0
-1.6232398527466467,0.14132048221014595,0
-1.8112848247761373,0.13462811161573235,0
-1.843908137142936,0.12228156160704914,0
-1.7735401132936806,0.11796571879384178,0
-1.7332705520471858,0.10898830062129011,0
-1.807466821735412,0.1048370408516408,0
-1.7044165894295225,0.09930565116470941,0
-1.6969521502184235,0.0914066561031037,0
-1.5253494300497723,0.08392987227488849,0
-1.685382909616141,0.07480439376421794,0
-1.7457488409925086,0.0669905106047417,0
-1.7517434386573874,0.06031802117898042,0
-1.7560582174123367,0.05675033396591627,0
-1.6431031992167515,0.05321564780109207,0
-1.7202954873876386,0.04656306346598242,0
-1.703213060637336,0.04455336621507866,0
-1.6343865779218816,0.035502538216977554,0
-1.3915375139556332,0.03495315737603175,0
-1.4142790867287434,0.03520811208592695,0
-1.4689653864858505,0.033038403188002406,0
-1.4382037026975818,0.02991719446453801,0
-1.5302403662052344,0.028252319229762502,0
-1.4817381558803144,0.027164954417549153,0
-1.4566714679086723,0.024551190774506723,0
-1.077559898371424,0.024411244410528117,0
-1.1285408658683411,0.026209520700635536,0
-1.130312869962362,0.027259117770741498,0
-1.0158828888214506,0.027018648193060355,0
-0.9322786089577532,0.028274780807597034,0
-0.9918353592738408,0.029989654284956473,0
-1.0505829285296573,0.0317233878289474,0
-1.0174141871570257,0.032879415343324454,0
-0.9441116016144973,0.03665041610890352,0
-0.9054808880850208,0.040729807204571665,0
-0.8034037216110982,0.04971793772937255,0
-0.8726757660496203,0.05681380254057484,0
-1.048035032469613,0.06468690215868994,0
-1.0564418091179757,0.071611230207799,0
-1.1646774580284784,0.0779356273903738,0
-1.2594105381705247,0.08582868294771412,0
-1.3173233193704974,0.08681667393047679,0
-1.2626626266089829,0.08674568706625257,0
-1.3193155436264823,0.09006305632634262,0
-1.317574267927165,0.09054250590119643,0
-1.2486427965298348,0.0915073884992695,0
-1.0607719520702674,0.09456054679860902,0
-0.8299146441333439,0.10331808276585436,0
-1.041151872058147,0.10965267667561542,0
-0.9797949499529026,0.11315310044477896,0
-0.8568864925760187,0.11767149530615564,0
-0.9327933095688636,0.12419503921822872,0
-0.8028838996008579,0.12432627929714392,0
-0.7590882550632312,0.13023305624343087,0
-0.7726625234193115,0.13428643131354334,0
-0.7237787688602552,0.13995164968815033,0
-0.5827994547037401,0.14655868404526828,0
-0.6696916727997099,0.15440232357447164,0
-0.6962410058153182,0.15799466178619756,0
-0.7329435125777605,0.16289101801279215,0
-0.9412820286030816,0.16689938982227992,0
-0.9713318379142724,0.17050540695955826,0
-0.9291878445914435,0.1697470334008665,0
-0.940252627380842,0.17234838359053464,0
-0.9199181121920814,0.16916569119206967,0
-0.9613246240422448,0.16690697485068867,0
-0.8695696374859682,0.17242171966706146,0
-0.8555907785997502,0.17961001341393482,0
-0.9327933095688636,0.18517408270889343,0
-0.9327933095688636,0.18715646386861723,0
-1.076540739947411,0.18990866384535335,0
-1.0615350405384971,0.1852828425190606,0
-1.075780212178725,0.18092306759484156,0
-1.0475254532575993,0.17603529809500268,0
-1.0734909467740312,0.17750969359159033,0
-1.1214528494922484,0.17810456970315344,0
-1.0701850836448683,0.18558454850896527,0
-1.1447270477733973,0.18785937621187332,0
-1.15230671846458,0.19440399064352606,0
-1.1717398674089785,0.20198533327119872,0
-1.152560227720815,0.21129847176928296,0
-1.2373654756771504,0.21091733256969805,0
-1.085436610211315,0.21425549103454844,0
-1.2886537271209837,0.22190451980595186,0
-1.3707369514473515,0.22620178171602034,0
-1.337724412747757,0.22206771138948603,0
-1.297885049026983,0.22401930942522907,0
-1.2946432033867703,0.23555903830434488,0
-1.2496465907565055,0.24697877272965438,0
-1.3053648524354196,0.24752760263126178,0
-1.4414071378444315,0.25160258209645286,0
-1.3915375139556332,0.25123189742567437,0
-1.3018771796376551,0.25273603245299414,0
-1.278162541032554,0.24789610430402148,0
-1.2986353339974188,0.24658009308804374,0
-1.217540539700408,0.24623501031906536,0
-1.2019586828909763,0.2524181666194582,0
-1.190635269446251,0.25325237741822715,0
-1.202714089260552,0.25384475845734533,0
-1.1363842886139852,0.2495084391887151,0
-1.14952835944434,0.2500168691237763,0
-1.1624061175206897,0.248490590164891,0
-1.2351094993667038,0.2410623411315018,0
-1.1540761618590525,0.23620786547022593,0
-1.1272758802867762,0.23797997214530645,0
-1.1255038761927365,0.23145126750646017,0
-1.0319692034437606,0.23075785647339037,0
-0.9232649465141746,0.2328347137140531,0
-0.9387085255474732,0.24074266453359228,0
-0.9636343750434152,0.24112336640429907,0
-0.9713318379142724,0.24662807490435062,0
-0.9121847995274336,0.24970334442422965,0
-1.0666231505599266,0.2488133607381859,0
-1.0684053974521692,0.24907388399755467,0
-1.0869602264482356,0.24184371435356675,0
-1.1097991058045624,0.22866150822448303,0
-0.9510485367166684,0.2276523884629967,0
-1.1118271798543615,0.22277257610958712,0
-1.2295911918195723,0.21439301524058785,0
-1.163668542402692,0.2125977423558439,0
-1.1762774270254597,0.21091200748949132,0
-1.2170386425870678,0.20805541221014337,0
-1.2576590196729809,0.19732281779855249,0
-1.261410444525212,0.1970090147014023,0
-1.3806468587361578,0.18959720228936155,0
-1.3133388708585083,0.17723508531431298,0
-1.163415033146476,0.16288927142725937,0
-1.1661908314671674,0.15214573874943316,0
-1.1803105288290616,0.14384114077865007,0
-1.109036017336309,0.13609680367120947,0
-1.1184132991170952,0.13118362612008758,0
-1.3709853393044569,0.12583642599048678,0
-1.4029147020910877,0.11646635260502815,0
-1.568796819447529,0.11083650445263475,0
-1.6200876315909536,0.10266906290889023,0
-1.629298467900476,0.09351277805145107,0
-1.5263276172808744,0.08422304035735313,0
-1.5804864129290537,0.07680215904255706,0
-1.5502675974470552,0.06895714115229264,0
-1.5592915026888603,0.06299632929054366,0
-1.451258149043422,0.056747352349564475,0
-1.460853090286629,0.05228320022256189,0
-1.3969790005160247,0.046043184681974644,0
-1.4458422694786042,0.041459159232213334,0
-1.426864925055495,0.0340117478973531,0
-1.5324400071254087,0.02842132208970247,0
-1.4142790867287434,0.021778528598434422,0
-1.3895580931974232,0.017578770028588483,0
-1.3357373098908878,0.013758234552747176,0
-1.315582043671161,0.010541794509805774,0
-1.3521334691596816,0.008363745299284726,0
-1.359825810631423,0.006045420949693397,0
-1.2776657653183294,0.0040609724927955,0
-1.3093544223465194,0.0031516972064354197,0
-1.2596589260276445,0.0013816431177620728,0
-1.2145265963208187,0.0006357762875613544,0
-1.0528773153334667,0.00021486767659091954,0
-1.100160632668858,7.033292636051042e-06,0
-1.0836594847181835,-0.00016375550488605144,0
-1.115120239485731,-0.00022594391655939285,0
-1.1272758802867762,-0.0004626613256744274,0
-1.1916441850720374,-0.0005154566320157195,0
-1.2185443339270787,-0.00044063919665382896,0
-1.1434646228913998,-0.0005164899253553957,0
-1.1128386561796966,-0.000546115503616737,0
-1.1343613359633016,-0.0006373701643841297,0
-1.2418774282980434,-0.00044631206746018954,0
-1.1697220361574057,5.013603893312781e-05,0
-1.131831364800143,0.00019579143529767948,0
-1.0151146789541052,0.00026759621004761254,0
-1.069931574388633,0.0005009946682044335,0
-1.08569011946755,0.0005086960995175322,0
-1.042939240349529,0.0006557256349380616,0
-1.2911478484903278,0.0007124310788092994,0
-1.322552267867603,0.0008980666032054637,0
-1.3739608721906544,0.0010928335014690619,0
-1.217540539700408,0.0011726288128497463,0
-1.3771796715348463,0.0012829235537101234,0
-1.4559339864360308,0.0019715054785081347,0
-1.3732157086193344,0.0025895523825774825,0
-1.3697459607184748,0.003342590253505043,0
-1.349897978445688,0.004743321441986582,0
-1.4468255781088215,0.004047565392818167,0
-1.4868902833906708,0.004603213438038029,0
-1.3903006960692044,0.004270196435410338,0
-1.439929614199557,0.003875305826201776,0
-1.5033197317537352,0.0037480462919855,0
-1.4423930071741975,0.0025013196301901393,0
-1.3848566488092455,0.0018078017305237894,0
-1.380895246593282,0.0014480579610012328,0
-1.3565993291885527,0.0011732410151347786,0
-1.2601608231409844,0.0009050454297597945,0
-1.222815580789531,0.0003115837190229905,0
-1.1898798630766807,2.5261400341017984e-05,0
-1.1793016132032752,-0.00016554657884830298,0
-1.2140246992074837,-0.0002805828293389402,0
-1.174262156473454,-0.0005033120776416076,0
-1.089500440409597,-0.0005043299514129275,0
-1.062042059050948,-0.0004908387332019946,0
-1.0276288176932424,0.00033379954723505476,0
-1.0255879401456491,0.0009593020485541711,0
-0.9446237415260592,0.0016261135691398817,0
-1.0276288176932424,0.004212767566925376,0
-1.0327348526115576,0.003788410161407569,0
-1.0528773153334667,0.009766246181666115,0
-1.1368913071264364,0.01336572163441752,0
-1.1608927440820005,0.01640013194529584,0
-1.1356263215448663,0.01968877064693924,0
-1.130312869962362,0.0248491122029113,0
-1.2039713927434386,0.03222673880514264,0
-1.211261704384586,0.03861037245217801,0
-1.194412301294046,0.04552138862114997,0
-1.2724163312247756,0.05476151390065156,0
-1.0077014537341675,0.0585812900632799,0
-0.9214647747250224,0.06959664343940691,0
-0.9746658687385668,0.07976846196339986,0
-0.9705636280469032,0.0922573438637208,0
-0.9972102676457332,0.10621946987727816,0
-1.001307386938262,0.11850929844634167,0
-0.9531073391611664,0.13142930174076597,0
-0.8226448180886498,0.14663042391429748,0
-0.7877834543083089,0.16571946806939358,0
-0.8747448112923497,0.1890977889261226,0
-0.7624837426769089,0.20918417575395282,0
-0.6304182236812027,0.23134346130682565,0
-0.5413750179566672,0.2549345051183855,0
-0.4824456390322442,0.2802346210454412,0
-0.564495574264346,0.31469418272882005,0
-0.412474523614448,0.3599703340746928,0
-0.4623825579966281,0.4123903515893641,0
-0.4339639143037821,0.4569092730508328,0
-0.5477588419543413,0.5023656032410826,0
-0.6433497564482764,0.5457179753235121,0
-0.7198480950389903,0.5869499064680366,0
-0.6712716244268979,0.6314871908320853,0
-0.7111980519326191,0.6585514872533109,0
-0.6433497564482764,0.7018673517501595,0
-0.5774962459194574,0.7443547167396367,0
-0.6288331506549037,0.7962422360633363,0
-0.7355605475258472,0.8313373662040584,0
-0.7710979359894656,0.8773959040473275,0
-0.7927332865536106,0.9313304434248624,0
-0.6488859888923172,0.978662159408543,0
-0.6261930694107966,1.0301319652924144,0
-0.5379180735536014,1.102054038008982,0
-0.5517458511658977,1.158266841358836,0
-0.5695375916937298,1.2261283638963931,0
-0.4682696062800826,1.287990247621455,0
-0.4706792245639944,1.372405926357459,0
-0.5761723642480717,1.447847278388618,0
-0.4054812531220046,1.5037475135777332,0
-0.5347248812049783,1.560890594120792,0
-0.4355771550252172,1.6235575798009128,0
-0.4513971568935175,1.6753319762236132,0
-0.5227408072743126,1.733465721479714,0
-0.6788999484096648,1.7933795769126044,0
-0.711984186696874,1.8695821655655982,0
-0.7397472913029146,1.9443635621843112,0
-0.8708627907626693,2.0062497069712792,0
-0.8682764842092432,2.066196876819733,0
-0.8682764842092432,2.107701036304028,0
-0.9379377549805606,2.1492162012155482,0
-0.9582441024741852,2.2025572229604284,0
-0.9764609191286082,2.2790462500906337,0
-1.0112813117160189,2.33585311297223,0
-1.0650969736234626,2.379110944868926,0
-1.1115711098985832,2.3723852010506934,0
-1.182325799381067,2.3790444122890246,0
-1.0983860678752937,2.353916443683496,0
-1.2074897939359066,2.35486372506864,0
-1.2516490578107409,2.3490240561585036,0
-1.2876550542934475,2.3295547894564024,0
-1.1939078434811432,2.3058746985213947,0
-1.2531521884511796,2.317545634191062,0
-1.2097534523450315,2.296381699906187,0
-1.2014567857776413,2.2904938870788607,0
-1.118666808373335,2.2771998188589926,0
-1.0607719520702674,2.301532615571339,0
-1.08569011946755,2.3046888891482866,0
-1.0867067171920195,2.318456954717511,0
-0.9569586312961432,2.3492093196250092,0
-1.3895580931974232,2.3749599381257673,0
-1.2561558890325184,2.3418748703787395,0
-1.42859083655747,2.3317161281367786,0
-1.5370825554237704,2.3507447467648066,0
-1.6394721272437438,2.3497825884011876,0
-1.7524629952331434,2.2977005382089724,0
-1.825583771107089,2.2109559577310858,0
-1.8177198627649729,2.1421377874697707,0
-1.6863457326498863,2.105444947554408,0
-1.6590666002602954,2.0880510712575426,0
-1.7909938414798738,2.0616570246028587,0
-1.9560642170764964,1.9765251926021448,0
-1.933440436483042,1.8476172618404858,0
-2.009854271988352,1.743618097785689,0
-1.909113790683609,1.6710189415176493,0
-1.7560582174123367,1.5244671691248,0
-1.754859810019285,1.470611109622889,0
-1.7933829741673326,1.4078347675710534,0
-1.8875783074022288,1.3536019989296224,0
-1.8669518724638945,1.2898226483189341,0
-1.85983056699355,1.2196602668806606,0
-1.7063422354970084,1.1458938190997938,0
-1.7495873296297058,1.0852689052383462,0
-1.7716247100244211,1.040014603479355,0
-1.819389438876676,1.0058796099780443,0
-1.8754918054892504,0.9703385909511784,0
-1.9459366503252504,0.915939738801164,0
-1.868613766476919,0.8431788200816377,0
-1.8529422851829729,0.7784220668385202,0
-1.9008376097126911,0.7339194783379913,0
-2.2118755422044982,0.6866188314078204,0
-2.180304677355978,0.6366851809343045,0
-2.0339632583253406,0.5851427026984967,0
-2.0924982895178523,0.5462856248032846,0
-2.099473635113405,0.4953927984018252,0
-2.1059778119903023,0.45655706861212353,0
-2.0552196253549164,0.4221004793619367,0
-2.041909109053298,0.37513587135735393,0
-2.091799218538573,0.33545294257234876,0
-2.2084211585009808,0.2932078038727627,0
-2.388118249971944,0.247754367526486,0
-2.3083345338485386,0.2002448248103209,0
-2.134286345602157,0.1737672994196467,0
-2.221995426857061,0.15099484692258264,0
-2.288240724418219,0.12646206647350594,0
-2.324973959575346,0.10222433643972789,0
-2.4391862812538365,0.07797512873224426,0
-2.394458542077144,0.05280836565778059,0
-2.3051387808003527,0.034614496918711685,0
-2.3299852486100256,0.020088188243914798,0
-2.31563252758835,0.010285541538126252,0
-2.3683957419775146,0.0015123672403378567,0
-2.06058685162815,-0.004960850115842364,0
-2.092265265858094,-0.006936795290436207,0
-2.0831901466251272,-0.006114811213646604,0
-2.0706119903970586,-0.0026929388138942786,0
-1.959833566825632,0.005172711286820357,0
-2.008212863571761,0.016583478738586174,0
-2.0426107407321443,0.02981933672157732,0
-2.050784493720749,0.04382838392293463,0
-2.110858505347537,0.05616557764476985,0
-2.431967669200294,0.08074947933909142,0
-2.261010245320217,0.10927750812953971,0
-2.163445031467188,0.137807783532766,0
-2.103191770871365,0.16628958291119847,0
-2.1356768054620554,0.19302936497060735,0
-2.2948678148738826,0.23100581985521598,0
-2.3165441366309385,0.25468490867841853,0
-2.180304677355978,0.3058023651988517,0
-2.122228011384309,0.3461355429876338,0
-1.9725346366324672,0.3968808037288912,0
-1.9133696733487429,0.43934484508056615,0
-1.9216381722209777,0.48080427285515515,0
-2.0011811825859604,0.5207624014479594,0
-2.0598852199492987,0.5715157296109222,0
-1.8889994956568363,0.6159145950982998,0
-1.94428755981002,0.6568461451091674,0
-1.9732413897104293,0.700116612449027,0
-1.8384384828874132,0.7344456415472441,0
-1.9143145714855785,0.767124342811364,0
-2.1155010536458803,0.7969642316526476,0
-2.0752699028927624,0.8643250033056188,0
-1.9223474859985024,0.931112382442132,0
-1.6174168219521237,0.983626676443635,0
-1.2566577861458537,1.008245633404386,0
-1.2716660462543352,1.0005870659564824,0
-1.115627257998182,1.0455544556720562,0
-1.161143692638668,1.0607248154537863,0
-1.0005391770709169,1.1026772203763016,0
-1.060515882114484,1.1516933804475844,0
-1.1262644039614225,1.1842029486810872,0
-1.0712016813693377,1.1869071514600185,0
-0.9897867996275692,1.200500513119157,0
-0.9461678433594328,1.1988249187474787,0
-1.0053993848316751,1.2011420028236561,0
-1.1239853813549554,1.220830771611145,0
-1.168966629787859,1.2302909533395434,0
-1.2381183213471534,1.247927790399568,0
-1.2726647190818758,1.289201166316242,0
-1.3702427364326757,1.3011454197572379,0
-1.243634068194722,1.3066803543091368,0
-1.194412301294046,1.2859894195845634,0
-1.2052286962263252,1.2821407386863428,0
-1.2544043705349746,1.2818871371817744,0
-1.0123030308395993,1.2702455207633134,0
-0.7222064993317502,1.2665125105119355,0
-0.8493708393737678,1.2412906597095856,0
-0.997981038212646,1.2385116952767772,0
-0.8581796458527247,1.2197147558939498,0
-0.9191447809256252,1.2139991775345254,0
-0.2623176622426527,1.2177011157056683,0
-0.0790791232831966,1.1798039279222534,0
-0.0865410017947235,1.1626966508037122,0
-0.187491460463185,1.1423413330486623,0
0.0361625996175575,1.1332460863852356,0
0.2853135451956247,1.1154039333841406,0
-0.0616561234916878,1.0838708028751152,0
-0.1130288780209487,1.0445682226307806,0
-0.0172894429526593,1.0241930749391261,0
-0.0790791232831966,1.0005199512964273,0
0.0626965684358238,0.9843950674945077,0
0.0199917819098198,0.9533224570421899,0
-0.1182655086167087,0.920100764034778,0
-0.1792716148825394,0.888615976428124,0
-0.12184536659856,0.8605592416749743,0
-0.1430325947400936,0.8341943042101246,0
-0.0799087899399251,0.7977074786342784,0
-0.158419838383101,0.7791216910065433,0
-0.3345165862757594,0.7542452650798226,0
-0.3228756460858482,0.722505711183503,0
-0.610864721857605,0.7101017879836332,0
-0.4175831192323259,0.6886437838473889,0
-0.4253727672872459,0.6581884914431315,0
-0.402252210979567,0.6392743380753276,0
-0.4132811439751512,0.6242749896715966,0
-0.3147479856892893,0.6151004677125425,0
-0.1976241486135418,0.5942391092197457,0
-0.1047578184491464,0.5751250685631187,0
-0.210752855246559,0.5767413248085086,0
-0.0153458719882637,0.5696120897960668,0
0.0183196450985688,0.5417647725458327,0
-0.092061870041403,0.512268526096269,0
-0.3142051173830238,0.506501955545499,0
-0.0033925264522968,0.48802325267855395,0
-0.057226113256631,0.47434697281745036,0
0.1578547247044658,0.45489985644452097,0
0.0096849661895398,0.45654834639432684,0
0.0904084590506886,0.4384858744378313,0
0.1586971948590073,0.43699161835916644,0
0.05990028451866,0.42465041019954997,0
0.1033067027235104,0.3800379626277407,0
0.1235234257325965,0.3820222002474338,0
0.2779131234735001,0.37592832416841043,0
0.4732176787494631,0.36910862446235954,0
0.379626670610196,0.3667478301162964,0
0.3681572972906549,0.36997780899914257,0
0.220568817575381,0.36486100010169437,0
0.2095270810820028,0.3704252991533943,0
0.2853135451956247,0.36251131523362506,0
0.2597167924155351,0.371012893078337,0
0.470618568698262,0.36328995040725676,0
0.49897063420259,0.3695803587340646,0
0.6525588329818822,0.36325574005362316,0
0.6707526033403037,0.37462710910471014,0
0.7464494429694062,0.394095014253451,0
0.8747251266195235,0.40441469393658386,0
0.9141829461061804,0.4016705550938843,0
0.9028108793698416,0.41440009866435445,0
0.8410468060348922,0.4285200531143946,0
0.8610048983886516,0.4338565424986441,0
0.765964534299665,0.44031658729418804,0
0.7402474286403334,0.44999978516764644,0
0.7544311434911781,0.44799251250251426,0
0.6933840660324173,0.4546744553291122,0
0.6490404317894333,0.4564551013476559,0
0.6150829949530029,0.4684466097001447,0
0.4885485870022028,0.47384360730611363,0
0.5494727508821924,0.475817177700471,0
0.5059254942016659,0.46826832790076905,0
0.5387152520397289,0.48046860908626743,0
0.6757459674780791,0.4822355104180059,0
0.7715878305286579,0.485206430718073,0
0.847002993206413,0.4775463231371501,0
0.8080521922322025,0.4794185482247559,0
0.8095348372761929,0.47290343147619707,0
0.4657045862467795,0.4664587922851994,0
0.3672969022392276,0.45484951944120905,0
0.1061132294388816,0.4515273541266527,0
0.0940523345214905,0.4429266561395696,0
0.4440589928844079,0.41841759667896516,0
0.4385790958306346,0.4084428701451247,0
0.4279189035713737,0.4050452470011537,0
0.6083585979141177,0.3985131993049143,0
0.6373201099132292,0.3870078268276886,0
0.5756763894575028,0.38657760867500596,0
0.5123016361006618,0.3728902437608275,0
0.6381984298615662,0.3710280860820127,0
0.7151730585700323,0.37336319758434267,0
0.5829641403990827,0.37279524799444036,0
0.7016269579090835,0.36989212893244094,0
0.6194669125960139,0.36721084066030585,0
0.5640226457697929,0.36745361125729953,0
0.5838373389483087,0.36392219161617123,0
0.500709349202359,0.36570767728303394,0
0.7081029670908492,0.3661190281254941,0
0.5123016361006618,0.37074977271720166,0
0.5573289771256112,0.36867000688691326,0
0.5756763894575028,0.37158490067696426,0
0.6478676313919312,0.37638842933728456,0
0.6698717226923947,0.37507137749166297,0
0.7216593105500199,0.3699603102375592,0
0.5500565903813689,0.36809097087905857,0
0.6025176422227042,0.35983539443816237,0
0.5949251680337326,0.35819796535477777,0
0.7157645801678871,0.350081873768007,0
0.8359868637086227,0.3444864288613332,0
0.6933840660324173,0.3385397452368123,0
0.6948564682781764,0.3270809608978533,0
0.7621183635637848,0.31876721592092155,0
0.7443829584262441,0.3233552048366271,0
0.8243894554111805,0.3294509128761768,0
1.0556744001742622,0.33120545679720026,0
0.9588671533903704,0.32743730388953135,0
0.8830858106758405,0.3172820296770402,0
0.7668505363466659,0.3110507446525795,0
0.9046059297598782,0.30590607229816374,0
0.9333574643952328,0.30075479743644495,0
0.7834336266831958,0.29545544318505185,0
0.6074828386653435,0.28771155759028977,0
0.7051581625993454,0.28495283136293936,0
0.7550201043894845,0.2801960322065011,0
0.7644844499552229,0.27200467189751376,0
0.7606382792193618,0.27350139679361757,0
0.741430471836062,0.2670297487232149,0
0.7142896172225798,0.26057550370788707,0
0.7095753693366083,0.2578821427260953,0
0.589962532290637,0.2486379370006847,0
0.5413322869878395,0.24461858085332291,0
0.400588557190626,0.23703135175643292,0
0.4778448628504634,0.23533070912073487,0
0.4014515129416254,0.23622747546145006,0
0.477555503800433,0.23618284790252056,0
0.5721784738614879,0.23949176664352037,0
0.6866212585001933,0.2502502144789296,0
0.5960928470321,0.25391787399813154,0
0.5680992794658638,0.26097709711054273,0
0.4735070377994935,0.26512951831990084,0
0.4908634594024843,0.26830536119784926,0
0.5114335589505753,0.28091220265661027,0
0.5407510081882113,0.283832203679964,0
0.5838373389483087,0.28700054660349633,0
0.5969686062808695,0.28542417566386347,0
0.4798703762007145,0.2887749198977806,0
0.4135277720563588,0.2926053176578105,0
0.3181007423341395,0.28670820291122556,0
0.2989876808344748,0.2795577110644555,0
0.2268015602991334,0.28101566400608546,0
0.2509131073356939,0.28347286103762637,0
0.3635736450821329,0.29318587414984815,0
0.3521170752603905,0.29788927902242174,0
0.3807764247116776,0.29097844111459686,0
0.4457900257854938,0.29313899202615146,0
0.455886864142041,0.288040837270055,0
0.5413322869878395,0.2836611094729726,0
0.5056335744520681,0.29085846175072516,0
0.4524222376402922,0.28242905022409065,0
0.4322388037254579,0.2775965494343441,0
0.3452492790462858,0.27622945935798787,0
0.3320949654176997,0.2620447342365667,0
0.2742154733119742,0.25989964651663405,0
0.3009824657900224,0.24362049492889876,0
0.3971392948862243,0.2309415209339886,0
0.4772661447504026,0.2225775924858218,0
0.4723521622989201,0.21206585691824098,0
0.4758193495002076,0.20925797070084565,0
0.4891273051022827,0.19955517544046536,0
0.5326156656929695,0.19889634078232196,0
0.6162506739513702,0.1974794891264391,0
0.5646064852689885,0.19931671439004742,0
0.5590753742240585,0.19546864223727414,0
0.5616924091721691,0.19664548879496363,0
0.5334888642421954,0.1978656501784082,0
0.6901473417913205,0.1964124977911502,0
0.7721793521265318,0.1913554196548443,0
0.7683306206911032,0.1943422862830378,0
0.804784739596426,0.19974474661834118,0
0.7938070205919746,0.1923628068696054,0
0.7783967306529468,0.20047820295959504,0
0.7426109543322281,0.1923572258517049,0
0.7048636821502041,0.19246951138305662,0
0.829144674490082,0.1976991025184753,0
0.8926474628248003,0.19922455256750227,0
0.8708456667894153,0.19682182732835962,0
0.8437252977723861,0.20796543299465153,0
0.8440248996206622,0.21729339395404906,0
0.789064605010867,0.2227546750499493,0
0.7958837479333871,0.22443086669002366,0
0.6975042316209905,0.22653063307164095,0
0.719595386706406,0.24526052188855568,0
0.6622408380100603,0.24636382713872695,0
0.6376120296628032,0.24074295995927542,0
0.5969686062808695,0.23686604872157316,0
0.5236148067471846,0.23639577289198768,0
0.6165451544005115,0.24059629440862013,0
0.5640226457697929,0.237437658351898,0
0.5721784738614879,0.23101842751492999,0
0.4920208956026251,0.23676611529526798,0
0.5262292809957279,0.24287196900112998,0
0.5567451376264347,0.2535127599570033,0
0.7473354450164261,0.261957282498637,0
0.629415230378178,0.26884682867275217,0
0.804784739596426,0.2794707689273915,0
1.027854960177973,0.27837546612717695,0
1.0665778588915316,0.2917822569773475,0
1.3697954149337148,0.3050271413401982,0
1.2841451361232896,0.31849102892632963,0
1.2582846312887337,0.3331711072880305,0
1.0079327176180282,0.353341000784853,0
0.8995229411375881,0.374826922920906,0
0.936955247273989,0.40569486484238504,0
0.9058043371529492,0.46397059084872777,0
0.8547465486693064,0.4827573894303384,0
0.9576661852977514,0.5081358068377486,0
1.1257991575655524,0.5342742990887154,0
1.0947890859201836,0.5586195322445959,0
1.0656713712480586,0.5804546444549488,0
1.0493187438717193,0.6098710529463608,0
1.0472036060369678,0.6377099775708233,0
1.0094409696575826,0.6604497631117545,0
1.0136661239280127,0.6745040790846327,0
0.8783101060004858,0.7030493157886087,0
0.8359868637086227,0.7330724020651429,0
