signal,anomaly_score,is_anomaly
-1.4328335256196716,0.007994152414349684,0
-1.4250794328116003,0.008143176706225158,0
-1.3933586134052804,0.00989346887615224,0
-1.3562336783447126,0.012785472494210018,0
-1.379495383114068,0.016865595777230843,0
-1.3825500952693532,0.013063327632960905,0
-1.408161777192534,0.01463368103230677,0
-1.4036973082068998,0.017507118105844748,0
-1.4356530392803737,0.017997238193984924,0
-1.3942985469013236,0.022974923609588884,0
-1.3980579940580686,0.02506239296040536,0
-1.3576434351750617,0.027112154399042396,0
-1.376440957786214,0.02622933236489955,0
-1.3809054267718504,0.02399769114796799,0
-1.3597582138343038,0.0253611291111726,0
-1.3233380137751958,0.031088392752614515,0
-1.336496222237515,0.034187552317523136,0
-1.337671067400712,0.0410722554317762,0
-1.335791200408626,0.041933572053422255,0
-1.3087697616550942,0.04439713478628659,0
-1.3101795184854432,0.04562931439553778,0
-1.2772838539159264,0.047203481205097785,0
-1.2389840736921616,0.049806274116695456,0
-1.2385139635304243,0.05180886566954923,0
-1.14429143880751,0.045610007630294706,0
-1.142411858642853,0.034921900550888105,0
-1.1518106199484297,0.02569100500226113,0
-1.026806922487807,0.020235280559460223,0
-1.0474843120910455,0.029251663697630742,0
-1.1207945355435691,0.02137165561166322,0
-1.1132756412300793,0.031107297095753356,0
-1.0780302863341684,0.038824220055902275,0
-1.0679265031997032,0.03611988886158076,0
-1.1170350883868243,0.036970852129381455,0
-1.086958937478007,0.02510899605025879,0
-1.048424245587091,0.0321500520229114,0
-1.0495990907502877,0.036980398334708536,0
-1.0928331632939925,0.052500594645543235,0
-1.0597025870573238,0.05137177250390045,0
-1.068161414866855,0.04808590375529346,0
-1.0427849314382571,0.03255971551215782,0
-1.0044848643870634,0.02755320830525952,0
-0.9751137353071376,0.01955045721565981,0
-0.9908568325904362,0.026764160319986418,0
-0.9934414345839822,0.021792580414845938,0
-1.0063647313791495,0.00792079037013894,0
-0.9701794429871956,0.00546935555655769,0
-1.0014304390592097,0.008252244253546608,0
-1.0350308386301863,0.005133089919149089,0
-1.0679265031997032,0.021634077284250788,0
-1.070511105193249,0.023077917329826676,0
-0.987802120435151,0.019099698810663687,0
-1.0129436921965944,0.029427175410380927,0
-1.0364405954605351,0.030956770180588896,0
-1.0261021874863472,0.04464151451664315,0
-1.0836696004830018,0.05682080553950906,0
-1.0890737161372497,0.05597361249934525,0
-1.0925982516268409,0.057462848176178805,0
-1.0557082282334247,0.06540697214682337,0
-1.0761504193420823,0.06214002084519054,0
-1.058997852055864,0.0650271141580362,0
-1.0871941359725927,0.05998839270538842,0
-1.0970627206124748,0.07117038010715196,0
-1.0726258838524911,0.06181017372686055,0
-1.0864891141437016,0.06812003741541821,0
-1.054298471403076,0.05645463758513331,0
-1.0394953076158204,0.050225631283009387,0
-1.0061298197119977,0.04088370800905329,0
-0.9997854837342752,0.05172847751569267,0
-1.029391524481353,0.07049385411667232,0
-1.0806148883277165,0.08646854470809623,0
-1.06158245404941,0.09120501699985264,0
-1.0604076088862129,0.07903313599803714,0
-1.0148235591886827,0.08404776291499057,0
-1.0143537358543768,0.0690975455121314,0
-1.0242223204942589,0.057741104273491,0
-1.0719211488510314,0.05191805815430125,0
-1.0479541354253537,0.05851425916367979,0
-1.0402003294447115,0.06548706414435058,0
-1.0237524971599532,0.05980320886984896,0
-0.9854524301087568,0.05091235716392446,0
-0.9297648841041908,0.041263480270958594,0
-0.9168415873090232,0.036530163129174516,0
-0.9262403486145996,0.03525909504286386,0
-0.9671247308319104,0.031019573819669407,0
-0.9715891998175464,0.019564702259543567,0
-0.9210708578000742,0.01987757217156992,0
-0.985217518441603,0.026333122706436656,0
-0.989211877265502,0.02448469604428883,0
-0.9640703055040564,0.03603028447705475,0
-0.9741738018110924,0.030528478368543475,0
-0.9704143546543496,0.027552840844831564,0
-0.9668898191647584,0.03600511051089454,0
-0.9603108583473134,0.036109939113135446,0
-0.9661850841632986,0.047126513493956544,0
-1.0120040455279828,0.057785320541083894,0
-1.0162333160190338,0.06496636664243251,0
-1.0192880281743169,0.07708614471724393,0
-1.071451038689294,0.0641701985494185,0
-1.0841394238173074,0.06825349288679461,0
-1.0921284282925328,0.06355062654064442,0
-1.1069313052523568,0.07739287825091588,0
-1.1045816149259629,0.0886974983563464,0
-1.1113957742379932,0.09035923731722535,0
-1.1163300665579332,0.08862260447762889,0
-1.0451346217646516,0.09148327952883276,0
-1.0345610152958782,0.08347185669362622,0
-1.0350308386301863,0.0952097634856872,0
-0.9988455502382302,0.08238599235103636,0
-0.974409000305678,0.09158653312815486,0
-0.9668898191647584,0.08427709761475685,0
-0.9410432255744238,0.09196624108430035,0
-0.9382237119137218,0.09480013367585204,0
-0.9377536017519844,0.08200515232543003,0
-0.913551963486584,0.07977049916027243,0
-0.9220107912961172,0.075977757060167,0
-0.9278850171121024,0.07555409419843662,0
-0.9737039784767868,0.08349509540515264,0
-0.9795782042927718,0.08322387574135989,0
-0.9955562132432244,0.0886487507495718,0
-0.8573943073202807,0.08222699564460056,0
-0.8515200815042955,0.08640127222819882,0
-0.8684377371233598,0.08401552611069686,0
-0.8482304576818585,0.09464016655123184,0
-0.8611537544770257,0.0899159321882202,0
-0.8181545936004728,0.08573458905914058,0
-0.7718655220740515,0.09651412999637854,0
-0.7518931542997019,0.092950984346264,0
-0.7631717825973643,0.09808223777756082,0
-0.7713956987397435,0.09323399166470672,0
-0.7751551458964886,0.09844936779668793,0
-0.8242637310836098,0.10201197714981505,0
-0.8047611866435683,0.10991489179158943,0
-0.8308426919010549,0.1217799494583136,0
-0.8421213201987192,0.11124570201534102,0
-0.8376568512130851,0.10383870830352857,0
-0.830372868566749,0.10389276220995988,0
-0.8602138209809805,0.10996447269187767,0
-0.8327225588931431,0.11858950746636288,0
-0.8501103246739445,0.1229304245800135,0
-0.8590389758177835,0.11780441756232893,0
-0.8557496388227778,0.11002049521934999,0
-0.8418864085315653,0.11162959390880378,0
-0.8284930015746608,0.10289381118752958,0
-0.7892532878548529,0.11280324330847974,0
-0.7836139737060217,0.09968951905976169,0
-0.7530679994628989,0.10260452461599606,0
-0.7725705439029404,0.09712435487417387,0
-0.7662262079252181,0.09742856368806523,0
-0.8188593286019327,0.09178789753102864,0
-0.8259083995811148,0.08778255916448416,0
-0.8127501911187935,0.08818826481067062,0
-0.800296717657932,0.08110307392970764,0
-0.8045262749764143,0.07541084542916746,0
-0.8202690854322815,0.07642948663928664,0
-0.8096954789635082,0.07151692269507097,0
-0.7857287523652619,0.06385949102432134,0
-0.8040564516421085,0.06920342662105287,0
-0.784084083867759,0.0719903754309097,0
-0.8094605672963564,0.07199284115522159,0
-0.8158049032740787,0.06657955302847342,0
-0.8089907439620484,0.05813349143649603,0
-0.8470556125186613,0.059312972795992874,0
-0.8571593956531267,0.05216603984797115,0
-0.8538697718306896,0.048298954016054066,0
-0.8505801480082524,0.05060255448575164,0
-0.8768968517603243,0.04356646009974571,0
-0.8881751932305575,0.036998268904986906,0
-0.8757220065971273,0.03678998960435114,0
-0.8524600150003385,0.03474560970383629,0
-0.7883133543588099,0.03160797790388191,0
-0.800296717657932,0.025110456119838226,0
-0.8179193951058875,0.02197124124171588,0
-0.8336624923891861,0.022286530197412318,0
-0.8550446169938866,0.01746037040089137,0
-0.8597439976466748,0.01636228336951123,0
-0.8538697718306896,0.019381158338764793,0
-0.8726672944418421,0.019261590362937387,0
-0.8907597952241033,0.019087281071170897,0
-0.8726672944418421,0.021075590208675943,0
-0.8721974711075362,0.02550938077308016,0
-0.8411813867026763,0.021842342485581326,0
-0.8094605672963564,0.02170245963098682,0
-0.8169797484372758,0.020841951173746945,0
-0.8111055226212907,0.023106467984900587,0
-0.8435310770290703,0.021978187628482287,0
-0.8588040641506317,0.022783849668472116,0
-0.8533999484963837,0.023858584021424125,0
-0.8731371177761479,0.021953217072265305,0
-0.8832409009106154,0.021028956390071935,0
-0.9835725631166689,0.02082329267683513,0
-0.986157451937648,0.022913982748280878,0
-1.0223424535021708,0.02018411780355459,0
-1.024457232161413,0.018769890246584618,0
-1.0148235591886827,0.01683912379096154,0
-1.0192880281743169,0.01837109965404045,0
-1.0101241785358943,0.01832626533833905,0
-1.0145886475215289,0.01799016208358479,0
-1.0115339353662456,0.018121950944210857,0
-0.996495859911836,0.018152213921677072,0
-0.9798131159599258,0.015625525812859455,0
-0.985217518441603,0.016536966028672415,0
-0.984512496612714,0.015285639993368206,0
-0.9936763462511362,0.015108831586251308,0
-0.9704143546543496,0.01316440554676313,0
-0.9870970986062598,0.012766228027124002,0
-0.9798131159599258,0.011019972811072714,0
-0.9619555268448164,0.011060891791687249,0
-0.9713542881503926,0.010150132095878,0
-0.9363438449216356,0.010204632539312444,0
-0.8884101048977093,0.00952476474480622,0
-0.8994538215282197,0.008968215597695069,0
-0.8966340210400885,0.00868280198698251,0
-0.95537627919994,0.008111776901193168,0
-0.9668898191647584,0.00775995947219524,0
-0.9687696861568446,0.007387939246972531,0
-0.9854524301087568,0.007132457391978711,0
-1.0895438262989867,0.007323574421337238,0
-1.0829645786541104,0.007151705950869663,0
-1.0843743354844615,0.006684829202948461,0
-1.100587256102066,0.006762111450928085,0
-1.1193847787132185,0.005582324873846024,0
-1.1168001767196705,0.005607490320782569,0
-1.113510552897233,0.005655231883179226,0
-1.164968828410749,0.005574101452779465,0
-1.1905805103339313,0.006169375504750796,0
-1.1614442929211577,0.006125127705461708,0
-1.1677883420714503,0.007763539297119372,0
-1.2079679892873014,0.009141936775044095,0
-1.217131838925726,0.011025527219367606,0
-1.1978644929802655,0.012203540278952547,0
-1.2004490949738136,0.013662655465928372,0
-1.2154871704282209,0.014618624519629034,0
-1.1980994046474194,0.014551948383176553,0
-1.2103176796136956,0.01268239958007998,0
-1.2347545163736813,0.014344818881063807,0
-1.225120843400951,0.01597370959393988,0
-1.2410988523514035,0.016906883746187693,0
-1.2302900473880451,0.017580103807044646,0
-1.3090046733222462,0.01968500322526523,0
-1.2913819958742907,0.01798351943379369,0
-1.2791637209080144,0.01683533917905265,0
-1.3003109338455612,0.016095052200319326,0
-1.301250867341604,0.018263682285165596,0
-1.306654982995852,0.018911416434530214,0
-1.299371000349518,0.01930876021351289,0
-1.2866826152215023,0.02110182615639758,0
-1.2817483229015625,0.02101194122349343,0
-1.2418035873528634,0.022980899150989446,0
-1.256841662807271,0.02588765138840987,0
-1.2324048260472873,0.030201836556082936,0
-1.22441582157206,0.032812581016126996,0
-1.1870559748443403,0.033123341526991354,0
-1.2053833872937556,0.03846495996842023,0
-1.17812703687307,0.03537313479677063,0
-1.176482368375567,0.035831563386123116,0
-1.1496958412891871,0.035651324326361714,0
-1.141941748481116,0.036891487680038866,0
-1.150400576290647,0.03265541763738823,0
-1.1111608625708391,0.028454987488592903,0
-1.112805531068342,0.03231851175671801,0
-1.137242367828328,0.030391259733585193,0
-1.1292533633531006,0.02977218203951489,0
-1.104111791591657,0.028291526684537476,0
-1.1151552213947362,0.034050577940454844,0
-1.1457011956378589,0.032465229658184123,0
-1.1640288949147055,0.0359541738244287,0
-1.1673185187371429,0.036984246475041636,0
-1.1553351554380205,0.03947761359229367,0
-1.1191498670460645,0.03995686554067363,0
-1.1261989380252466,0.03581064753691286,0
-1.10011743276776,0.03544271315048165,0
-1.0958878754492778,0.03616717441114305,0
-1.068866436695746,0.029840176361865225,0
-1.058997852055864,0.02767651799460093,0
-1.0510088475806367,0.023212981742472463,0
-1.056883073396622,0.021277819593030347,0
-1.0585277418941268,0.02505643809413959,0
-1.0820246451580675,0.027766999771099303,0
-1.0831994903212645,0.03168445497521512,0
-1.0648720778718492,0.031202367951043405,0
-1.0453695334318056,0.03172568272335681,0
-1.0510088475806367,0.03375186154199405,0
-1.0512437592477906,0.03091821180636008,0
-1.064167056042958,0.03139177112546854,0
-1.021402806833559,0.032744889029135256,0
-1.0056597095502604,0.029513256194875662,0
-1.0044848643870634,0.03045362270931223,0
-1.0157634926847257,0.03178877421347538,0
-1.024457232161413,0.03261262926750758,0
-1.064401967710112,0.03252985691675732,0
-1.0794400431645197,0.03028605655419067,0
-1.0817897334909137,0.030132254086959045,0
-1.1038768799245031,0.03689009475877424,0
-1.1193847787132185,0.03847547636268787,0
-1.133717832338737,0.040812668170677815,0
-1.1377124779900651,0.04808745736527384,0
-1.133717832338737,0.047726685549660704,0
-1.134892677501934,0.05268139177325704,0
-1.139122234820414,0.05428757085219564,0
-1.0770903528381253,0.05571874293142713,0
-1.069336260030052,0.055902402126326425,0
-1.0604076088862129,0.04995105126211877,0
-1.0310364798062872,0.04382568033974734,0
-1.0235172986653678,0.04219062853076954,0
-1.0291566128142011,0.040644120148118926,0
-1.0261021874863472,0.03731224535250679,0
-1.0091842450398516,0.03473714346876524,0
-1.0094191567070034,0.031597386897921395,0
-1.0138836256926398,0.03758952693065506,0
-1.0336210817998353,0.0326819220518345,0
-1.028216679318156,0.03684936859870128,0
-1.0199927631757766,0.03499200305034672,0
-1.0101241785358943,0.03224147363179875,0
-1.032681148303792,0.025190041076971842,0
-1.0211676083389738,0.023736995066832488,0
-1.0117688470333974,0.02007926397678539,0
-1.0192880281743169,0.021861472335437383,0
-0.9720593099792838,0.023819030468963595,0
-0.9624253501791222,0.02615541066847733,0
-0.9375186900848328,0.025793578718511467,0
-0.9292947739424536,0.01824426464778747,0
-0.9238906582882056,0.017806745049743975,0
-0.948092296553606,0.013467061990813841,0
-0.946917451390409,0.015921811195703784,0
-0.9339941545952416,0.019376359548599967,0
-0.9612505050159252,0.016867973405274902,0
-0.985217518441603,0.020999078894730815,0
-0.9934414345839822,0.020528614723804028,0
-0.9896819874272392,0.028269420942847536,0
-0.984042673278406,0.03725158184972555,0
-1.0141185373597916,0.04228971850629715,0
-1.0098892668687407,0.0470655240137146,0
-1.030331457977398,0.044458680777595065,0
-1.0770903528381253,0.04555686319022654,0
-1.0810847116620224,0.047408093321570796,0
-1.0799098664988251,0.0518032566629154,0
-1.1057564600891598,0.060027579839508974,0
-1.0987073891099777,0.05888994958346874,0
-1.0860192908093955,0.0558125292852525,0
-1.0777953746670166,0.05623063631935487,0
-1.0721560605181832,0.05627596789646761,0
-1.0571179850637755,0.053103745883592415,0
-1.0042499527199094,0.06080409510535419,0
-1.017878271343968,0.05590512216826102,0
-1.0155285810175738,0.06017289135531725,0
-0.9967310584064214,0.05955216068268703,0
-1.0105940018702004,0.057497574988843864,0
-1.0162333160190338,0.056668671166820804,0
-1.0082443115438064,0.054791678109399035,0
-0.9805181377888148,0.05697718030308411,0
-0.9934414345839822,0.06094094149971274,0
-0.9701794429871956,0.05451176020269648,0
-0.981927894619166,0.058914738883212484,0
-0.9589008146895311,0.05228266045776529,0
-0.953026588873546,0.03989049239019032,0
-0.9175463223104832,0.041695348120484095,0
-0.9276501054449484,0.041082137887371036,0
-0.960075659852728,0.046654438292471144,0
-0.9784033591295748,0.04168654180920472,0
-0.984042673278406,0.0436484152051277,0
-0.9847474082798656,0.04875149908023657,0
-0.9682995759951072,0.04391218130940547,0
-1.016703426180771,0.03974326089192393,0
-1.0124738688622887,0.04507451588570213,0
-1.0355009487919231,0.04791490790018834,0
-1.0430198431054114,0.03931338143975731,0
-1.0373805289565805,0.031683568952015094,0
-1.027511944316696,0.03983724110417865,0
-1.0073046648751949,0.043445901659122384,0
-1.03056636964455,0.04616664424233714,0
-1.030331457977398,0.048121597062043546,0
-1.026572010820653,0.05249754908785102,0
-1.0355009487919231,0.04472211222771977,0
-1.0437248649343027,0.0414507817519781,0
-1.0972976322796288,0.044474286271142686,0
-1.0914234064636437,0.04323039328982691,0
-1.0871941359725927,0.041488901180073236,0
-1.1191498670460645,0.036798486002646985,0
-1.1109259509036853,0.03927411912320737,0
-1.107401415414094,0.03734490968208665,0
-1.096827808945321,0.02857252424952977,0
-1.101057079436372,0.03890468025201373,0
-1.0768554411709714,0.039561844815532064,0
-1.0622871890508698,0.030466198267157154,0
-1.0427849314382571,0.03266651967876977,0
-1.0425500197711055,0.033148166192343745,0
-1.0340909051341411,0.031500552034484805,0
-1.0117688470333974,0.037573139118881736,0
-1.0127087805294426,0.04789170082255728,0
-1.017878271343968,0.05723027237814719,0
-1.0242223204942589,0.056714319203249416,0
-0.9993156603999672,0.057921335020194045,0
-0.9786382707967288,0.06171652013251885,0
-0.9828678281152088,0.057344570447279225,0
-0.9687696861568446,0.05812342106904642,0
-0.9706492663215014,0.0591853287426027,0
-0.9800480276270775,0.06477464958678622,0
-1.0023700857278213,0.07290394911954338,0
-1.0026052842224065,0.07164181909993837,0
-1.0068345547134574,0.07554218590889204,0
-0.9678297526608016,0.07604553118511077,0
-0.942688180899358,0.07305724024640223,0
-0.9332894195937818,0.068005436242385,0
-0.941513335736161,0.07504719099453683,0
-0.9661850841632986,0.06867388141131132,0
-0.9586659030223792,0.06492040952698853,0
-0.9363438449216356,0.06846587949384986,0
-0.93798880024657,0.06595587547161258,0
-0.9260051501200144,0.06059527570879134,0
-0.9393985570769188,0.06943869825477259,0
-0.9304696191056504,0.05905081366956719,0
-0.9361089332544816,0.05207143817337873,0
-0.9220107912961172,0.045983290226316684,0
-0.8815962324131125,0.04270030460990876,0
-0.8736072279378851,0.03385519024843486,0
-0.8853556795698554,0.039752159326547465,0
-0.866323245291551,0.030699629108721024,0
-0.8468207008515074,0.03138840794672376,0
-0.8122803677844876,0.034407824505105794,0
-0.8247335544179178,0.023822572755639065,0
-0.7984171374932751,0.03297438338599719,0
-0.7963023588340351,0.02640449842420794,0
-0.831547713729946,0.02842703737144269,0
-0.8385967847091281,0.037052862805522384,0
-0.8494053028450554,0.04480304457083737,0
-0.8463508775172015,0.0454711275445488,0
-0.8564543738242376,0.05205499568766687,0
-0.8895849500609063,0.049853883111972135,0
-0.8898201485554916,0.045616372069158105,0
-0.8761918299314332,0.03499579324433869,0
-0.9264752602817514,0.04507854203031664,0
-0.9201309243040292,0.03779012061220465,0
-0.8884101048977093,0.03736512559586041,0
-0.911437184827344,0.03060022605413587,0
-0.943392915900818,0.02710063976540373,0
-0.9384586235808756,0.013253308176919257,0
-0.947857384886452,0.024259916234166717,0
-0.9685347744896928,0.035344069860954765,0
-0.9713542881503926,0.0439429262400231,0
-0.9661850841632986,0.05832135522779053,0
-0.9751137353071376,0.051332815298424206,0
-0.9711193764832386,0.05610943380858482,0
-0.9471523630575608,0.051980670900626566,0
-0.9264752602817514,0.06615755850677238,0
-0.9377536017519844,0.07347193895813853,0
-0.9201309243040292,0.07639453217882322,0
-0.9008635783585708,0.07828532691513353,0
-0.9046230255153158,0.06995783703502396,0
-0.9443328493968608,0.06561917946231914,0
-0.951616832043197,0.05493156855371849,0
-0.9351689997584388,0.057902183691693664,0
-0.9574910578591822,0.06588521745437749,0
-0.9567863228577224,0.07746552400159187,0
-0.9631303720080134,0.06872679977484047,0
-0.9621904385119704,0.06969756937198494,0
-0.9835725631166689,0.06872006383484694,0
-0.9784033591295748,0.06358116595643591,0
-0.9652451506672536,0.07865824163368249,0
-0.981927894619166,0.07809994609608788,0
-0.9652451506672536,0.07179383258709143,0
-0.9633652836751674,0.05576696001047156,0
-0.983102739782363,0.04889587034825476,0
-0.952791677206394,0.037036977066761345,0
-0.9661850841632986,0.04333894632156014,0
-0.947622473219298,0.04156541492281377,0
-0.9382237119137218,0.05180792350599944,0
-0.9692395094911526,0.0466687644425823,0
-0.957725969526334,0.04046955120198559,0
-0.947857384886452,0.02539354005288332,0
-0.9596058365184224,0.014490415088463356,0
-0.9574910578591822,0.01883962400603711,0
-0.914256698488044,0.012923543222989315,0
-0.9640703055040564,0.03159259061002916,0
-0.948797318382495,0.027182964803465434,0
-0.9241255699553574,0.014632898287438518,0
-0.9356391099201758,0.012794736162613875,0
-0.918956079140832,0.005691662690208692,0
-0.9168415873090232,0.024323734069894788,0
-0.9464476280561008,0.039049362176952276,0
-0.9673599293264956,0.04324949740391316,0
-0.954201434036743,0.048711709047566165,0
-0.9647750405055162,0.036994221601674676,0
-0.9946162797471793,0.03884682236227556,0
-0.991796479259048,0.04833305001698906,0
-1.0223424535021708,0.06993226021689525,0
-1.0331512584655294,0.057417140354465164,0
-1.0366757939551206,0.0728548211450714,0
-1.0488940689213966,0.07009713985601594,0
-1.032681148303792,0.06909864599640946,0
-1.0129436921965944,0.06183762952299752,0
-1.0117688470333974,0.05600907789529089,0
-0.9932065229168304,0.06435640938216794,0
-0.9967310584064214,0.06352125714853836,0
-0.984042673278406,0.07563542493279223,0
-0.9812228727902746,0.07274989783046976,0
-0.9621904385119704,0.09360059710535658,0
-0.9417482474033128,0.09259486281164822,0
-0.9349340880912846,0.11229752364665925,0
-0.9182513441393724,0.10376947862155772,0
-0.8895849500609063,0.10719894213986145,0
-0.8721974711075362,0.09085348645009918,0
-0.866323245291551,0.08086274853663503,0
-0.8588040641506317,0.07601426542997755,0
-0.8566892854913895,0.07049357053749676,0
-0.8606839311427178,0.08651397682936068,0
-0.8768968517603243,0.08577135957539037,0
-0.8635034448034198,0.10254654179629773,0
-0.8559845504899296,0.07383189226771383,0
-0.8259083995811148,0.07795848419107756,0
-0.8212090189283268,0.0766947343416046,0
-0.8150998814451875,0.07949658933805812,0
-0.8432961653619163,0.09328913240015398,0
-0.8294329350707059,0.08968827469554605,0
-0.8317826253971,0.08219862900146964,0
-0.8205042839268669,0.07011239244465933,0
-0.7730403672372484,0.07292531376329549,0
-0.7577673801156871,0.07157410442186524,0
-0.7831441503717138,0.07403965563200328,0
-0.8212090189283268,0.0711434686722178,0
-0.8127501911187935,0.06578703778396985,0
-0.800296717657932,0.06651360742415742,0
-0.825203664579655,0.05274954249008069,0
-0.8268483330771579,0.07179674047442056,0
-0.8430612536947623,0.06602140167644396,0
-0.8771317634274762,0.0707653291110637,0
-0.8646782899666169,0.07109843890142421,0
-0.8736072279378851,0.0690405302483744,0
-0.8475257226803986,0.060858431468367884,0
-0.8383618730419742,0.05775057811757289,0
-0.7739803007332915,0.0592675424582018,0
-0.7819693052085167,0.05180103071222125,0
-0.7793847032149708,0.05440133819131623,0
-0.8367169177170399,0.06183816210171598,0
-0.83389740405634,0.07575238161842975,0
-0.832487647225989,0.0762085144621374,0
-0.8381269613748223,0.07961671107415415,0
-0.8322527355588372,0.08563085986156767,0
-0.8679679137890539,0.08627670378115734,0
-0.8679679137890539,0.08780670838021075,0
-0.8975739545361336,0.08499578542071903,0
-0.8548097053267326,0.08136227148811456,0
-0.8618587763059148,0.07960718452112793,0
-0.8254385762468068,0.08614800837380855,0
-0.8432961653619163,0.09503057049100694,0
-0.8576292189874346,0.09376072254689401,0
-0.8517549931714495,0.08866770865512424,0
-0.8588040641506317,0.0851558996149132,0
-0.8435310770290703,0.09105573884414396,0
-0.8470556125186613,0.09077093761705958,0
-0.8649132016337687,0.08876347195180186,0
-0.8778364984289361,0.08194903263757002,0
-0.8649132016337687,0.09385276297929039,0
-0.8783066085906732,0.08874428318582302,0
-0.8557496388227778,0.0934929058723098,0
-0.8418864085315653,0.09069709520388493,0
-0.7885482660259617,0.0882097233621531,0
-0.7765649027268395,0.08826454282693437,0
-0.8073457886371143,0.09073531936035577,0
-0.8475257226803986,0.0924686223306507,0
-0.8508150596754043,0.08343384484556306,0
-0.8054662084724573,0.07771338702640875,0
-0.8273181564114637,0.07542831342819158,0
-0.8202690854322815,0.07188503204348898,0
-0.8472905241858132,0.06360245995343188,0
-0.8294329350707059,0.0627866468532314,0
-0.8190942402690845,0.06729056958052552,0
-0.8057011201396114,0.057155950107859246,0
-0.7716306104068974,0.06052703101662926,0
-0.8141599479491445,0.055966493461566964,0
-0.799121872494735,0.05517239970562783,0
-0.792777823344444,0.05405257327458307,0
-0.7934828451733352,0.04662740460823923,0
-0.784084083867759,0.047395971660178574,0
-0.7944224918419469,0.048926091615527946,0
-0.8181545936004728,0.051610051609626235,0
-0.8515200815042955,0.060790393321529704,0
-0.8306077802339029,0.058988884611352675,0
-0.8545747936595808,0.053822945051201054,0
-0.8660880467969657,0.05070694739158193,0
-0.8566892854913895,0.04578377825176349,0
-0.866323245291551,0.04607613835515494,0
-0.8954591758768915,0.04463990950731701,0
-0.8982789763650227,0.042439683516585794,0
-0.8792465420867184,0.0422258172335017,0
-0.8745471614339303,0.04347832718980845,0
-0.8757220065971273,0.04259333024375908,0
-0.8761918299314332,0.04799652127982122,0
-0.8778364984289361,0.04650891006259758,0
-0.8555144403281925,0.04416196311377256,0
-0.8597439976466748,0.04180720319398525,0
-0.8656182234626598,0.040484915849044484,0
-0.9304696191056504,0.042228983033244794,0
-0.9274151937777968,0.03592404893560056,0
-0.9321145744305848,0.03482015262743968,0
-0.9274151937777968,0.0375837119548491,0
-0.9274151937777968,0.03571910427556916,0
-0.9238906582882056,0.038234408677336455,0
-0.9295296856096054,0.03485395068816866,0
-0.8956943743714768,0.03367706893655946,0
-0.8966340210400885,0.028175291524563544,0
-0.9074428260034472,0.023855689953527364,0
-0.9008635783585708,0.02345439815009314,0
-0.904153202181008,0.02190244080432755,0
-0.916606388814438,0.023265804427409466,0
-0.9206010344657664,0.022287214294507703,0
-0.910262339664147,0.024958054817884014,0
-0.91120227316019,0.02398084425278182,0
-0.9074428260034472,0.024705354428209578,0
-0.908852582833796,0.022179133097681134,0
-0.90697271584171,0.021226493888236594,0
-0.9159016538129782,0.01711412078183885,0
-0.911672096494498,0.017513467851649936,0
-0.8949893525425856,0.018372019876903532,0
-0.9640703055040564,0.018488016537079672,0
-0.9603108583473134,0.016444132936351857,0
-0.9617206151776624,0.015479689525190654,0
-0.9720593099792838,0.014163636159862455,0
-0.98145807128486,0.013754975861863016,0
-0.9809879611231228,0.015272010488883114,0
-0.985217518441603,0.01468237579133102,0
-1.0063647313791495,0.01567041823075749,0
-1.0152933825229886,0.015159097993699749,0
-1.0270418341549588,0.014730798335616154,0
-1.0188179180125796,0.013740988537838228,0
-1.0458393567661113,0.012923433463465072,0
-1.01811318301112,0.011301743473577989,0
-1.0047197760542153,0.011757463688091023,0
-1.0117688470333974,0.012280435682104142,0
-1.0028401958895583,0.012066364262105648,0
-1.0129436921965944,0.011499443774035584,0
-1.0387902857869291,0.011509628374928065,0
-1.0336210817998353,0.011544794879337857,0
-1.0463094669278483,0.011233078070253252,0
-1.0498340024174395,0.010980411960143856,0
-1.0789702198302136,0.0099536438303436,0
-1.0775601761724312,0.010079817777974377,0
-1.0867240258108557,0.00950041968846727,0
-1.070041281858943,0.010093393330483072,0
-1.0829645786541104,0.010989906509478295,0
-1.0831994903212645,0.012420402138276207,0
-1.065576812873309,0.011241325625738756,0
-1.0799098664988251,0.011740243206385559,0
-1.0862542024765476,0.011069006403808184,0
-1.0893086278044015,0.011091336935220106,0
-1.0836696004830018,0.010788470200300193,0
-1.0972976322796288,0.011344623450450599,0
-1.1144504863932765,0.012689789084103276,0
-1.1059916585837453,0.012816472668234942,0
-1.1191498670460645,0.013684570115377588,0
-1.1168001767196705,0.013215496690687334,0
-1.109751105740488,0.013483508237093295,0
-1.1113957742379932,0.012810451619243482,0
-1.1132756412300793,0.01378669106177728,0
-1.1597993375962232,0.013285273644669247,0
-1.1558049787723264,0.016255545832839873,0
-1.1922251788314342,0.016128414851251223,0
-1.1952798909867195,0.01822777878664358,0
-1.1945748691578284,0.016950197232663937,0
-1.1703729440649966,0.018613785595708598,0
-1.1567449122683693,0.018706179939256568,0
-1.148050885964253,0.01760315745025961,0
-1.1699031207306907,0.018135691304400195,0
-1.1245539827003124,0.014019646856326824,0
-1.1182099335500213,0.018687724556737145,0
-1.1219693807067666,0.01663765620214376,0
-1.1287835400187949,0.01675187703437251,0
-1.144761548969247,0.015753883163656366,0
-1.1386521246586767,0.017844879105015445,0
-1.1565100006012174,0.01880067002901004,0
-1.1513405097866922,0.01841363723582004,0
-1.14429143880751,0.01859369204768836,0
-1.1543952219419753,0.020931798822087205,0
-1.1558049787723264,0.01789811125924412,0
-1.1501656646234952,0.01762489122113252,0
-1.1283137166844888,0.01882598217377633,0
-1.1346577658347798,0.023507196195495916,0
-1.1511055981195382,0.02663524210121837,0
-1.1400621683164591,0.03108632286323165,0
-1.146876040801056,0.034219011037375464,0
-1.134187942500474,0.036575353992715,0
-1.1247891811948978,0.03320148912821835,0
-1.1482860844588385,0.033469972974663746,0
-1.1410018149850707,0.03463431373888295,0
-1.139357146487568,0.03647372621190288,0
-1.1534552884459324,0.03885088148339519,0
-1.1809465505337695,0.03479259584919041,0
-1.1593295142619175,0.033877458053037775,0
-1.1696682090635366,0.03621007932059003,0
-1.133717832338737,0.03182175410993581,0
-1.143351505311465,0.03303813928341249,0
-1.1459363941324443,0.03989844275340171,0
-1.136537632826868,0.03881229902362554,0
-1.17601225821383,0.04824786022353363,0
-1.1694332973963848,0.04407064222175721,0
-1.1644987182490114,0.04138205366214494,0
-1.0841394238173074,0.040747893936566,0
-1.096827808945321,0.04214572075893074,0
-1.077325264505279,0.043684297433974915,0
-1.0752104858460372,0.0481729819902206,0
-1.0836696004830018,0.04611964791737958,0
-1.0770903528381253,0.04413825395720084,0
-1.0799098664988251,0.03657411609935543,0
-1.0895438262989867,0.03215185371627352,0
-1.060877432220521,0.03361131485779053,0
-1.0740356406828402,0.029936278629170292,0
-1.0709812153549862,0.03316916036251101,0
-1.062992210879761,0.03511966952143549,0
-1.0817897334909137,0.030132246718698113,0
-1.0862542024765476,0.03718875363155297,0
-1.110455840741948,0.03548327102131416,0
-1.0547682947373818,0.04004840486291855,0
-1.066751658036506,0.04880283853553269,0
-1.069336260030052,0.044704793338580226,0
-1.0834344019884163,0.04890020487710695,0
-1.0777953746670166,0.04893119452553126,0
-1.0855491806476585,0.04870667056582634,0
-1.1243190710331603,0.0454174553655126,0
-1.1363024343322827,0.04712644106445896,0
-1.141237013479656,0.04414251404390941,0
-1.1207945355435691,0.041117414572798605,0
-1.109280995578751,0.03265782811714627,0
-1.0904834729675985,0.03845497958480835,0
-1.0850793573133506,0.03170140659687635,0
-1.0947130302860808,0.038612160468572146,0
-1.0787350213356282,0.04530547051586268,0
-1.0900136496332926,0.0488508678382213,0
-1.091893516625381,0.053037979662846284,0
-1.1130407295629274,0.059094029139366705,0
-1.0890737161372497,0.05637306622741477,0
-1.0827296669869564,0.06073339432747482,0
-1.091893516625381,0.05612360181038789,0
-1.0597025870573238,0.05145228592166445,0
-1.0427849314382571,0.05888493232090279,0
-1.0498340024174395,0.05235250401515705,0
-1.029391524481353,0.05544049001128253,0
-1.0366757939551206,0.05164852675451,0
-1.0409050644461717,0.049739126912476575,0
-1.0350308386301863,0.048999139040695736,0
-1.0390254842815143,0.046264656974867716,0
-1.0524186044109878,0.047227980205027505,0
-1.027981767651004,0.04420387934879361,0
-1.0237524971599532,0.03906797369608541,0
-1.0169383378479229,0.04781769797927916,0
-0.9899168990943912,0.03994333679339636,0
-1.0129436921965944,0.04749513711292313,0
-0.9807530494559688,0.047801160403531745,0
-0.976758690632072,0.051717573584008074,0
-0.957725969526334,0.052901740208132875,0
-0.951616832043197,0.06282179059246285,0
-0.95537627919994,0.05679341694614121,0
-0.949032230049649,0.06613598205555515,0
-0.9236554597936202,0.061853615779725826,0
-0.945037871225752,0.060243468901250305,0
-0.9354039114255904,0.06163181477170446,0
-0.943863026062555,0.049226797593809504,0
-0.9295296856096054,0.05915343631836402,0
-0.940338490572964,0.06076898129648753,0
-0.9346991764241308,0.05981020176760083,0
-0.9299997957713424,0.05028069586357619,0
-0.9368139550833728,0.04980321076890812,0
-0.9241255699553574,0.03644830571048772,0
-0.9255353267857084,0.04575828574028115,0
-0.948327208220758,0.05139373955215091,0
-0.945507694560058,0.07013923433404451,0
-0.944097937729707,0.07644998744544008,0
-0.9534966990352832,0.07193059490391279,0
-0.910497251331301,0.061285582084689136,0
-0.8987487996993307,0.04693377630725747,0
-0.8851207679027036,0.04570466147593789,0
-0.8811261222513752,0.036488748304954015,0
-0.8580993291491719,0.036827667775953254,0
-0.8646782899666169,0.02901716173826178,0
-0.8707874274497538,0.019126426548595296,0
-0.8710226259443392,0.008123772322720895,0
-0.8820660557474183,0.019791116240562744,0
-0.8823009674145723,0.011917233540948063,0
-0.8721974711075362,0.012968772933344162,0
-0.8879402815634034,0.018035643091707312,0
-0.8827710775763095,0.028337207252620945,0
-0.8790113435921331,0.031059250253035485,0
-0.8813610339185272,0.027963227206409254,0
-0.8618587763059148,0.024089971008348338,0
-0.8101655891252455,0.0261504125762334,0
-0.8026464079843261,0.03881050757199761,0
-0.8491703911779015,0.05963930668584062,0
-0.8357772710484282,0.06089277366042466,0
-0.8435310770290703,0.05994997459899742,0
-0.8454109440211564,0.04137773233995799,0
-0.8627987098019599,0.016001305354778884,0
-0.8743119629393449,0.011499281247766214,0
-0.9128469416576952,0.013486723394934333,0
-0.9401032920783786,0.017490097099921723,0
-0.946682539723255,0.03295886770106798,0
-0.9398683804112268,0.057827191229213565,0
-0.9424529824047728,0.038342475593934375,0
-0.911437184827344,0.05369498688392158,0
-0.9307045307728024,0.044564829549698044,0
-0.9130818533248468,0.06597350096967024,0
-0.8867654364002064,0.061156013873614905,0
-0.9198960126368771,0.06312474425582594,0
-0.9001585565296796,0.04258482159057123,0
-0.9036830920192708,0.03469199979882193,0
-0.8926396622161916,0.015473471977978501,0
-0.9032132686849648,0.018300346220066644,0
-0.8900550602226435,0.015674632197953835,0
-0.8771317634274762,0.018386515610465316,0
-0.8529298383346465,0.010052235384854693,0
-0.8707874274497538,0.01605343868084823,0
-0.8811261222513752,0.022980590363108844,0
-0.9283548404464084,0.010088091221452383,0
-0.9208359461329204,0.010985079297385764,0
-0.9316444642688476,0.02800850170555558,0
-0.9278850171121024,0.013720233169509547,0
-0.9281199287792564,0.02258350313074528,0
-0.9302347074384966,0.025740650053315762,0
-0.9269450836160594,0.023562617508089818,0
-0.91120227316019,0.010113111183726856,0
-0.8961641977057827,0.001845866962553387,0
-0.8830059892434613,-0.029713753017960247,0
-0.9311746409345396,-0.04560193248057486,0
-0.9264752602817514,-0.03820319927547695,0
-0.9354039114255904,-0.043962426548554895,0
-0.9687696861568446,-0.018209041924184294,0
-0.9697096196528896,-0.04355736310055037,0
-0.9704143546543496,-0.036860873570571925,0
-0.9666549074976044,-0.03491178587752786,0
-0.9765234921374866,-0.014011024780718999,0
-0.9619555268448164,-0.029292188968922127,0
-0.9612505050159252,-0.023406908201288826,0
-0.9398683804112268,-0.012272395739749793,0
-0.9546715441984802,-0.03004120523952108,0
-0.9448026727311668,-0.06276344273736315,0
-0.948092296553606,-0.062012064390589934,0
-0.9755838454688748,-0.06873594049077163,0
-0.9532617873681312,-0.06712691191979803,0
-0.947387561552146,-0.033060329397873844,0
-0.943158004233664,-0.017473178188011324,0
-0.952791677206394,-0.05068542986169997,0
-0.943158004233664,-0.07755136899081701,0
-0.93798880024657,-0.06789550980651336,0
-0.904153202181008,-0.07286528436656264,0
-0.9168415873090232,-0.03428311624298934,0
-0.9130818533248468,-0.002111129952699353,0
-0.9396334687440728,0.03336913689123715,0
-0.9643052171712104,0.06763434487172126,0
-0.9605457700144652,0.04106470172890841,0
-0.9701794429871956,0.03289390920138238,0
-0.9664199958304504,0.045413526337000486,0
-0.9401032920783786,0.06625374912548626,0
-0.9443328493968608,0.13488472732207654,0
-0.9596058365184224,0.14778353133161687,0
-0.949972163545692,0.11669223337920165,0
-0.9346991764241308,0.03537867363660145,0
-0.8907597952241033,0.010721183397472293,0
-0.8510502581699897,0.023108981550678056,0
-0.8494053028450554,0.04283936643522778,0
-0.837891762880237,0.0832293582830979,0
-0.8160398149412306,0.10759304410992429,0
-0.8075809871316996,0.09700556284797691,0
-0.8463508775172015,0.057134238999785585,0
-0.8423562318658733,0.037696447921757595,0
-0.8294329350707059,0.026937809120163497,0
-0.8122803677844876,0.04410635863300188,0
-0.8101655891252455,0.06211074379235425,0
-0.8134552129476847,0.044678373417192316,0
-0.7948926020036841,0.021456158997836476,0
-0.7995919826564722,-0.031912699351521946,0
-0.6861018251606682,0.003900997107549235,0
-0.6783480191800262,0.013298795451772927,0
-0.6358183948103477,0.011719992543681395,0
-0.6344086379799989,0.0035959836827189687,0
-0.6421627307880702,0.027136115231053297,0
-0.6496816251015602,0.007579661039622087,0
-0.6466271997737064,-0.03109742627733488,0
-0.7032546792743157,-0.030031164302260667,0
-0.6586105630728285,-0.030548838398354688,0
-0.6278296771625539,-0.0031749837425933494,0
-0.6771731740168292,0.04644486023290554,0
-0.676468152187938,0.04187279388954423,0
-0.675293307024741,0.036823880328505004,0
-0.6456872662776613,0.017520910221116067,0
-0.6593152980742883,0.03586482692156345,0
-0.6461570896119692,0.0864990612275929,0
-0.6426325541223781,0.07796536560788604,0
-0.6478020449369034,0.05872050833125275,0
-0.6193705625255893,0.07825371448739604,0
-0.6080922210553562,0.09739098308082583,0
-0.6104419113817503,0.07149595455111969,0
-0.6099718012200132,0.11461691662610851,0
-0.6221903630137207,0.1271888644095234,0
-0.6158460270359982,0.16789725390918692,0
-0.636758328306393,0.1599169787715059,0
-0.6259498101704657,0.12098123287242724,0
-0.6233652081769177,0.10578483142780408,0
-0.5996333932458252,0.09472811352513355,0
-0.6080922210553562,0.05272332478743922,0
-0.6203104960216346,0.12279793288621599,0
-0.5622732596906721,0.11398945085335851,0
-0.5176291434891849,0.1533903875190255,0
-0.4993014442123404,0.12659499571811575,0
-0.4172971944557002,0.10601986916844543,0
-0.439854451051029,0.0879381875863104,0
-0.442439053044575,0.05345747452958783,0
-0.4219965751084882,0.00941463743887519,0
-0.4292808445822558,0.0715865044578858,0
-0.3970899150141987,0.0953236264275595,0
-0.3883961755375116,0.0583088389467238,0
-0.405078919489424,0.03798611669785147,0
-0.4335101150733067,0.06458151659171336,0
-0.4236415304334225,0.03540142553486415,0
-0.4236415304334225,0.049319386948450485,0
-0.4407940977196408,0.05428232770752966,0
-0.3719483432527531,0.016157886434843345,0
-0.372653078254213,0.02776347114047924,0
-0.3381127451871933,0.031155408311989995,0
-0.3456316395006813,0.032420834670295745,0
-0.3721832549199071,0.005256633649959429,0
-0.3895710207007086,-0.003405926326152406,0
-0.3265992052223769,-0.02907670942165315,0
-0.3162605104207555,0.017693399696701438,0
-0.3982647601773958,-0.00023726445328064945,0
-0.4198820832766796,-0.00044951521561634444,0
-0.4292808445822558,-0.033024407904896025,0
-0.4572419300043991,-0.07862138664065998,0
-0.447608257031671,-0.10645114719419595,0
-0.437504760724635,-0.05996078923192462,0
-0.4558321731740503,0.0033292869449194156,0
-0.4271660659230136,0.030922426150448837,0
-0.4224666852702254,0.06692275841181788,0
-0.4168273711213943,0.08066892122737718,0
-0.4382094957260948,0.08000090526882692,0
-0.4172971944557002,0.08411407885565277,0
-0.3787625025647835,0.01970326749469187,0
-0.3590250464575858,0.048340443272208294,0
-0.4236415304334225,-0.007512631404771697,0
-0.4168273711213943,-0.004109460141101727,0
-0.4365648272285898,0.012278178002528813,0
-0.515044541495639,0.02733701100503541,0
-0.4767444744444428,-0.0016428137979391227,0
-0.4321003582429557,-0.05020857517217546,0
-0.4177673046174373,-0.094180915365493,0
-0.4198820832766796,-0.11998274184977423,0
-0.439854451051029,-0.10513561329800125,0
-0.4410292962142261,-0.05713118076895338,0
-0.4201169949438314,-0.04829189305945072,0
-0.4466683235356259,-0.009868608727054546,0
-0.4750998059469399,-0.029162173460419983,0
-0.4539525930093934,0.02397693209339661,0
-0.4870831692460621,-0.0057225357899669755,0
-0.4626463324860785,-0.09977125183300922,0
-0.4525425493516111,-0.06816247495655942,0
-0.4621765091517726,-0.11220983077090355,0
-0.4758045409483998,-0.07152878567047871,0
-0.477449496273334,0.07571465816955285,0
-0.4581818635004444,0.11206674664091824,0
-0.4370346505628978,0.1134264604603813,0
-0.4356248937325468,0.11975418697171737,0
-0.4579469518332903,0.17642240735516707,0
-0.4649960228124725,0.1438010902208759,0
-0.4504280575198023,0.07772139644813214,0
-0.4076635214829721,0.09582217386857134,0
-0.4156525259581973,0.04671851254223591,0
-0.4156525259581973,-0.04570956662841086,0
-0.4795639881051428,-0.005365791077582433,0
-0.4574771284989845,-0.05273541041294305,0
-0.5185690769852301,0.056560426950821106,0
-0.5253829494698269,0.1149634510974017,0
-0.5390112680938854,0.10523501756943504,0
-0.5470002725691107,0.09868680394623472,0
-0.5244433028012152,-0.05436777939696838,0
-0.5007112010426893,-0.1405898427684108,0
-0.5112848075114625,-0.20305230261386106,0
-0.5028259797019315,-0.21321786330342105,0
-0.4971866655530982,-0.2927106124427511,0
-0.4971866655530982,-0.17393103998795087,0
-0.5211536789787761,-0.00028822544555509854,0
-0.5211536789787761,-0.14574175749117962,0
-0.5364266661003374,-0.19829059859128573,0
-0.5289074849594181,-0.24924816331723287,0
-0.5439455604138276,-0.21150759237518366,0
-0.5152794531627909,-0.3139606354357611,0
-0.5230332591434329,-0.2596040958304149,0
-0.4856734124157132,-0.30231376079832284,0
-0.4955419970555953,-0.4363344395130779,0
-0.4887278377435671,-0.3588509217535815,0
-0.5305524402843522,-0.41758937778905714,0
-0.5300823301226151,-0.2444211924480739,0
-0.5223285241419731,-0.08484782156277491,0
-0.5063505151915226,0.09741864564428482,0
-0.512694851169245,0.18933629379099554,0
-0.4917825498988503,0.13808051920130412,0
-0.4931923067292013,-0.0469096105778678,0
-0.4941322402252443,0.048704586202550804,0
-0.4988316208780324,0.032323841802529736,0
-0.4856734124157132,0.0833971720745363,0
-0.4938973285580925,0.07242764515591196,0
-0.4755696292812458,-0.03306602706908525,0
-0.4365648272285898,0.05100480648093655,0
-0.412597813802912,-0.20607550003561317,0
-0.4020242073341387,-0.20502263581504748,0
-0.4003795388366359,-0.20418996765891206,0
-0.3886310872046656,-0.18430685231071778,0
-0.3768826355726953,0.15958068951026685,0
-0.3188453992417349,0.25254574087880455,0
-0.2789006636930359,0.2780142734617377,0
-0.2657421684032832,0.07998321404815116,0
-0.2995777664688452,-0.03389111955249775,0
-0.3129711734257498,-0.2225801813703718,0
-0.2993428548016912,-0.266192134731756,0
-0.3207249794063918,-0.2823492958922205,0
-0.3348231213647561,-0.2520744412590028,0
-0.3120312399297046,-0.12379982641267849,0
-0.3193152225760408,0.028352786334505792,0
-0.296288142646406,0.19336929681898624,0
-0.3019274567952393,0.27214261351684127,0
-0.3045120587887852,0.3100178368987681,0
-0.2826601108497789,0.316231219101736,0
-0.2673871237282175,0.19423809588902252,0
-0.2539937167713129,0.24802933847993722,0
-0.2718515927138537,0.11212229779419663,0
-0.2704415490560714,0.14781933018422774,0
-0.2382509063154457,0.16214579293845147,0
-0.2396606631457967,0.17185646157461923,0
-0.2530540701027012,0.21935225906457692,0
-0.3160255987536037,0.332836232952118,0
-0.2986378329728001,0.3613613140970959,0
-0.2814852656865818,0.3800017141715331,0
-0.2732613495442026,0.24690011963331826,0
-0.2589282959186864,0.08678676757878206,0
-0.2803104205233848,0.1393994292217047,0
-0.2760808632049046,-0.030823781715813504,0
-0.2579883624226412,-0.09469784674501672,0
-0.2401307733075339,-0.2607681400537789,0
-0.1994810159299437,-0.23746614755163978,0
-0.1818583384819882,-0.010521359510518859,0
-0.1604762138772877,-0.12068406695475407,0
-0.094684884738254,-0.09421345787943085,0
-0.0293633789335283,-0.09513615418754129,0
-0.0892804822565768,-0.2938771419132121,0
-0.1054934028741812,-0.16741267466815138,0
-0.1054934028741812,-0.23599146255127307,0
-0.2838349560129759,-0.31882881180387457,0
-0.217573516712205,-0.25890013168790554,0
-0.1005591105542391,-0.3488633338268914,0
-0.1029088008806332,-0.3028894754398328,0
-0.0434615208918926,-0.4462814850463574,0
-0.0331228260902712,-0.3589622147323046,0
-0.0244290866135862,-0.24494194658412813,0
-0.0606143750055401,-0.1405728427009811,0
-0.1022037790517441,-0.23801732115689003,0
-0.2246225876913871,-0.2627414988215263,0
-0.3975600251759359,-0.38994973413634754,0
-0.4675806248060206,-0.3382096178839864,0
-0.3759427020766522,-0.4790357716289116,0
-0.487787904247522,-0.5537206455100451,0
-0.484733478919668,-0.4435711861223359,0
-0.4720450937916547,-0.522917603440136,0
-0.2770207967009477,-0.35076355791066743,0
-0.0580297730119942,-0.1928494879187742,0
-0.1235859036564425,-0.1764526896141644,0
-0.0817615879430866,-0.11782618880868018,0
-0.1433233597636402,-0.1677491262451581,0
-0.1477878287492743,-0.17043331003750978,0
-0.2384858179825997,-0.2397460745053782,0
-0.2507043797763072,-0.3140540993558312,0
-0.1390940892725893,-0.18123324352814532,0
-0.1202965666614368,-0.12447548426000342,0
-0.018554860797601,-0.03496397366542772,0
-0.0472209680486356,0.06782658657212615,0
-0.0458112112182867,0.11642391470970231,0
0.1205466917939543,0.1691473386100782,0
0.1407542580628892,0.21483903332845847,0
0.1687153434850326,0.06918426990246146,0
0.0993994788564078,0.11043879497723309,0
0.0834217567333865,0.14932109947829386,0
0.0101112464534335,0.12314848235895594,0
0.0392474638662074,0.25101931950505146,0
-0.0157353471369011,0.24681094587058042,0
0.1029240143459989,0.0882351644390499,0
0.1137328193093575,0.041271609680930126,0
0.0907057393797227,0.12254221855915551,0
0.063449388959037,0.044055901153072584,0
0.0601597651365999,0.10590695747962135,0
0.0434770211846875,-0.002552063456427378,0
-0.0016372051785367,-0.061144521339883864,0
0.022564719914295,-0.03077657295959128,0
0.0517009373270667,-0.003120741043489106,0
0.0458267115110816,-0.015817866536749402,0
-0.0016372051785367,-0.001382273134676016,0
0.0867113805558258,0.06524758003051893,0
0.0587500083062489,0.056860231605894554,0
0.0244445869063832,0.19929912593094146,0
0.0458267115110816,0.255002772741129,0
0.0681487696118252,0.1177225632532671,0
0.1250111607795906,0.010367352057542675,0
0.1609615375043906,0.12242021632149754,0
0.1102082838197664,0.17702520679573858,0
0.1393442144051068,0.23330807913798957,0
0.1543822898595163,0.2710294433558529,0
0.0836566684005405,0.24578423878712324,0
0.1167872446372114,0.15813866779857202,0
0.0467666450071268,0.22500031474797472,0
0.0596899418022941,0.2103689678433733,0
0.0667390127814763,0.29012673492143043,0
0.1221916471188886,0.22297603450271544,0
0.1243064257781308,0.29062903212196295,0
0.0947000982036197,0.20136360266182812,0
0.0303188127223683,0.18945716770109042,0
0.0798972212437955,0.1288681340847379,0
-0.0204347277896892,0.1289154862434793,0
0.0314936578855654,0.17437878175935706,0
0.070028349776482,0.10818467998168628,0
0.0667390127814763,0.12637872293418315,0
0.1106781071540722,0.004379491306292082,0
0.1043340580037812,0.09492207444029814,0
0.0831868450662347,0.028027881820095444,0
0.1050387930052411,-0.01903887058068243,0
0.1040988595091959,-0.010829642630400572,0
0.093760451535008,-0.0472696399796848,0
0.1433388600564351,0.04085449116941843,0
0.1687153434850326,0.07488547602645479,0
0.2049006318769887,0.16538156938538057,0
0.1900977549171645,0.14326060613324332,0
0.1814037286130481,0.1863316105294237,0
0.2058405653730317,0.24711748095137717,0
0.211244967854711,0.25798631218765017,0
0.2540092170641099,0.4056168318690543,0
0.2074852338705346,0.30775582640826826,0
0.2328620041265634,0.39923324976413105,0
0.2434356105953367,0.3211374087438388,0
0.2803256339887505,0.2296252123892611,0
0.3068772494079763,0.25851991273515595,0
0.2685771823567802,0.3385602789761907,0
0.2662274920303861,0.5396997897711493,0
0.2963036429392031,0.5161202946902567,0
0.29536370944316,0.557307571655833,0
0.2972435764352461,0.5243868178299343,0
0.2674023371935831,0.4031149247880196,0
0.289959593788912,0.5016198075842132,0
0.3078171829040194,0.5094010178442351,0
0.370083976553462,0.42848856007377495,0
0.4210721419052423,0.38621022320004245,0
0.4798144000650938,0.39398615129952835,0
0.4990820328379834,0.3452185080343616,0
0.5782664821064903,0.44837281823898356,0
0.610457124847116,0.4724559333716628,0
0.6311345144503567,0.3662384189312674,0
0.6048180975257161,0.4516766647384511,0
0.6529867492167944,0.3963258618486062,0
0.6605056435302824,0.3258130568392356,0
0.7432146282883804,0.3528458728027028,0
0.8134704264130503,0.3200334206838314,0
0.8614041664369746,0.3016746026462337,0
0.7641269295587751,0.234689779638421,0
0.797727615957181,0.28189405386312427,0
0.5820259292632354,0.21848178812022628,0
0.5874303317449125,0.1950904742515622,0
0.6386534087638447,0.09264988658701784,0
0.5923646240648547,0.16329178326386554,0
0.7051497597317696,0.08263938351982625,0
0.7389853577973294,0.13519475183467777,0
0.6433527894166329,0.2771423008724185,0
0.5848457297513666,0.25158871454865556,0
0.5867253099160236,0.4380509524790311,0
0.570512389298417,0.37743655596843745,0
0.5331525425706973,0.33330059836767384,0
0.6010583635415397,0.4216342905817272,0
0.5561793356729008,0.5259784607366808,0
0.6572160197078454,0.4957681301549354,0
0.6642650906870275,0.4822026574884237,0
0.6656748475173764,0.4867540516894215,0
0.5862554865817156,0.46141166268021117,0
0.5702774776312651,0.5718247807753155,0
0.561583738154578,0.5539661931385594,0
0.5829658627592784,0.5527368196035284,0
0.610457124847116,0.42558089495337376,0
0.6327791829478596,0.22594853573549667,0
0.5942444910569429,0.36582754576870413,0
0.6301945809543137,0.3596671529780306,0
0.637713762095233,0.550652732229549,0
0.646877324906224,0.3951541232696469,0
0.5994136950440369,0.49827251413616763,0
0.6278448906279196,0.5107343318366391,0
0.5082455956489743,0.43282699218052295,0
0.5021364581658373,0.49244251857006016,0
0.411203557265358,0.3906154416192238,0
0.4309410133725557,0.47846487354262995,0
0.4060340664508327,0.342554606553493,0
0.4415146198413289,0.4028041745186234,0
0.4920329618588013,0.40941208991746103,0
0.4760549529083487,0.3865420009281423,0
0.52516353809547,0.5002931694822866,0
0.5058959053225803,0.4217350022154437,0
0.5347972110682002,0.5632578845776864,0
0.5080106839818225,0.4318605408349834,0
0.4668911032699264,0.560357676417121,0
0.4786395549018967,0.6878578102009869,0
0.5512450433529587,0.7296105568017026,0
0.5582941143321408,0.7050330749790755,0
0.4784046432347427,0.6727254925970898,0
0.5084807941435597,0.8298264931605901,0
0.5129449763017625,0.853694568040902,0
0.5073059489803626,0.9038147209723257,0
0.5204641574426818,0.9233992438877023,0
0.5298629187482581,0.9373006725824482,0
0.563228406652083,0.8848783721655065,0
0.5080106839818225,0.7196736996645401,0
0.5101254626410626,0.701947587196707,0
0.5117701311385654,0.6685353438639883,0
0.5261034715915152,0.7362473728033684,0
0.4495033374891228,0.8448085740757808,0
0.4245966773948333,0.9323407370416176,0
0.4523231379772541,0.9553134172767589,0
0.4828691122203769,0.855948450484917,0
0.525398449762624,0.8279682643460176,0
0.4927376968602611,0.7516152653000662,0
0.6118671685048984,0.7116864558090416,0
0.6236156201368687,0.8228330442801085,0
0.3954604599820595,0.8746905776865269,0
0.4476237573244659,0.8614908106592275,0
0.4130831374300149,0.875215784020057,0
0.4410445096795918,0.7583710072238988,0
0.4718253955898664,0.7178020263552791,0
0.4755851295740428,0.6988536231167867,0
0.4690058819291665,0.7929889154756419,0
0.4431592883388318,0.9661105320072061,0
0.41402307092606,0.9092524180093909,0
0.4410445096795918,0.9313104879122417,0
0.3592754584175368,0.8720560127628492,0
0.2817356776465328,0.7878363788285131,0
0.2838501694783416,0.8797387050383211,0
0.2279277118066213,0.9167286758697248,0
0.2133594596865197,1.1030898414985486,0
0.3035876255855392,1.0536898466175328,0
0.3308439760062228,1.0821374580487233,0
0.3569257680911428,0.9796557822991654,0
0.3548109894319006,0.9994449985937807,0
0.4156680262509943,1.0227709325055747,0
0.4368152391885408,1.1144956027475212,0
0.3517562772766174,1.005694144671383,0
0.3494065869502234,0.920296224341947,0
0.3639748390703249,0.8549085584282052,0
0.3378930469854049,0.8128059778882277,0
0.3933459681502507,0.7198705962592253,0
0.4022746192940897,0.7183817745309422,0
0.4753499310794575,0.6806325108005682,0
0.4718253955898664,0.7839061033296469,0
0.456552408468305,0.7187019179458065,0
0.4269463677212274,0.7492294160510466,0
0.4459788019995317,0.6146813861876024,0
0.4581973637932393,0.5194351890523716,0
0.4518530278155169,0.4444544428080784,0
0.4577272536315021,0.2902836978687315,0
0.4842788690507279,0.26613804516302664,0
0.48921316137067,0.2586238800360594,0
0.610457124847116,0.38048878110333034,0
0.6292546474582684,0.3499211977702539,0
0.5216390026058789,0.40962353892026415,0
0.5343273877338943,0.34922090404766054,0
0.3505814321134204,0.21795339857086096,0
0.3870016321725283,0.2333132016689721,0
0.371258821716659,0.1963119584191498,0
0.3964003934781046,0.16807616369046474,0
0.3886465874974626,0.19618638224579069,0
0.3393030906431873,0.20346548381743063,0
0.3632698172414338,0.1894746464195808,0
0.4253016992237224,0.14813894571064065,0
0.4238919423933735,0.12956837184860884,0
0.4013346857980446,0.047401842764022026,0
0.3994551056333877,0.1425052425590507,0
0.3895862341660743,0.17533421531992183,0
0.3759582023694471,0.2574959628744919,0
0.3595103700846887,0.2785220853056414,0
0.3815975165182804,0.39420763935501896,0
0.4133183359246002,0.36690991575637294,0
0.3421226043038872,0.44826329567049483,0
0.3461169631277841,0.5242603887857535,0
0.2443755440913797,0.41156489184815864,0
0.2960687312720491,0.4724766804487625,0
0.3454122281263243,0.3814637992279825,0
0.3534012326015517,0.307737014036787,0
0.3658544192349818,0.31414593973730986,0
0.3289643958415659,0.2762562788672906,0
0.3212103030334947,0.2807866677207885,0
0.263877801703992,0.29827042671805165,0
0.2025509415505946,0.2067712672617187,0
0.2079553440322718,0.14405152836270466,0
0.2135946581811051,0.18419501516000653,0
0.2861998598047356,0.20753133417300346,0
0.2807957441504877,0.1262761085036923,0
0.2619982215393352,0.027935597450559665,0
0.2103050343586658,-0.034068094263689196,0
0.10151425751565,0.07690613166197267,0
0.0883560490533287,0.04996519106177291,0
0.1132627091476203,0.12953765553922478,0
0.0714383934342644,0.05463032849208493,0
0.0359578400437681,0.07028351387838444,0
0.0307886360566742,0.10196285483462499,0
-0.0169101923000981,0.0669937462036488,0
0.0744928187621183,0.1093773773165359,0
0.0860063587269346,0.015394583411362506,0
0.0878862257190228,-0.024945767690095186,0
0.0813069780741465,0.04996210361125922,0
0.1033941245077361,0.09471159153293716,0
0.1073884833316351,0.12219985591526272,0
0.0984598321877961,0.204472556999792,0
0.1111479304883781,0.2288665386215749,0
0.1327652535876618,0.3913476985511634,0
0.1243064257781308,0.41568034117987906,0
0.0935252530404226,0.5193855906901258,0
0.1127928858133123,0.6357871288005984,0
0.0939953632021598,0.5757408770847577,0
0.1111479304883781,0.5984958937264758,0
0.063919212293345,0.5697199287012479,0
-0.0023419401799966,0.49786027037859687,0
0.0679138579446733,0.46253494553749147,0
0.0977548103589049,0.4370614687597797,0
0.0989296555221019,0.4530823899249005,0
0.1330001652548158,0.5199448456854898,0
0.1297105414323787,0.5231105556044098,0
0.1689505419796179,0.4203774488092583,0
0.1372297225732981,0.3385942217858164,0
0.108798240161984,0.22339316065142803,0
0.1440435950578949,0.32222044785544196,0
0.1174922664661004,0.3064328062634549,0
0.1891578214211193,0.28103192193515947,0
0.2211135524945931,0.24559169748133244,0
0.1985565827266955,0.20872322304177307,0
0.2171191936706961,0.30002085217287905,0
0.2523645485666071,0.4244629383670591,0
0.226282756481687,0.5513217290938904,0
0.216414171841805,0.5622070757272212,0
0.2215833758288989,0.5842473675336526,0
0.218763862168199,0.5329800147661564,0
0.2074852338705346,0.5019252569864726,0
0.1955018705714124,0.4525658107941179,0
0.1936222904067555,0.5427401681376388,0
0.2502497699073649,0.590671697086872,0
0.2135946581811051,0.6585693178766243,0
0.2330969157937174,0.6132155703781762,0
0.3068772494079763,0.7532467751741313,0
0.3435323611342382,0.7371541123030914,0
0.3585704365886457,0.8239209225866434,0
0.3548109894319006,0.7449813514679333,0
0.3235599933598888,0.881713106923006,0
0.32637979384802,0.917520644021988,0
0.3595103700846887,0.7914456705119653,0
0.4290611463804675,0.8006136839213295,0
0.4297661682093586,0.7434813105330429,0
0.4614869876156784,0.6702053556699887,0
0.4626618327788755,0.623262822214759,0
0.4506781826523198,0.6270832177079692,0
0.4692407935963205,0.6451508302277051,0
0.5009616130026403,0.5919898780868135,0
0.5084807941435597,0.5543363445945788,0
0.495322298853807,0.572908318156402,0
0.5113003078042596,0.6222730541081412,0
0.5122402413003027,0.5355616606090591,0
0.5230487594362299,0.5157219556182017,0
0.4377548858571525,0.4930984057657328,0
0.481459355390028,0.5177394147261551,0
0.4979071876747864,0.3996790372615398,0
0.4870983827114278,0.23860485521351224,0
0.4894480730378219,0.20503116363834117,0
0.4917977633642159,0.19447639689556379,0
0.4523231379772541,0.3341780225495153,0
0.4208372302380883,0.3977322222036523,0
0.3985151721373447,0.41320924367763706,0
0.410263623769315,0.5184685855976753,0
0.208895277528317,0.4288874436573175,0
0.1950320472371044,0.33479353426275926,0
0.2276928001394694,0.2257281489845396,0
0.2147695033443021,0.2926913033975637,0
0.2288676453026664,0.3392884036302573,0
0.2131245480193679,0.3659355501366704,0
0.2154742383457619,0.2835411552311618,0
0.2225233093249441,0.24879282045091886,0
0.1830486839379823,0.24984767822219947,0
0.2018462065491348,0.19247976701648126,0
0.2138295698482569,0.30665573941716806,0
0.2295723803041263,0.29635839436845934,0
0.255184062227307,0.35625743204663385,0
0.2739815848384594,0.38551829329216153,0
0.2695171158528253,0.32299692361228755,0
0.293953952612809,0.3483255855714447,0
0.2833803461440357,0.39037738524211696,0
0.292544195782458,0.44569732608080387,0
0.327554639011217,0.4045581458132679,0
0.3371883119839451,0.51958036732856,0
0.3045275590815823,0.48977619436125286,0
0.2908992404575237,0.4776149638259362,0
0.2960687312720491,0.4935884213312787,0
0.2772712086608966,0.3689879303142167,0
0.2822055009808387,0.47961225493685666,0
0.2737466731713055,0.3903093012531165,0
0.2674023371935831,0.3534547779094467,0
0.2692822041856714,0.3792792498374578,0
0.2692822041856714,0.409390834981303,0
0.3437672728013901,0.3694631219961005,0
0.3000630900959481,0.36309607982549286,0
0.3129863868911154,0.4186474748844468,0
0.294188864279963,0.3977496290293767,0
0.295128797776006,0.3746432364611832,0
0.2824404126479927,0.38147934774502157,0
0.1764694362931059,0.3580922193588534,0
0.0904708277125687,0.3204370869823734,0
0.1031592128405842,0.32374784660074063,0
0.1539124665252084,0.25453742562728376,0
0.1506228427027713,0.24720863204343388,0
0.2121846145233227,0.19233885229843456,0
0.2396761634385916,0.09879552864463956,0
0.2352116944529574,0.08119890585270619,0
0.2272226899777322,0.10719843402893434,0
0.223933066155293,0.0974223825863558,0
0.2258129331473812,0.25016200305845504,0
0.2779759436623564,0.21626517017547975,0
0.2836152578111897,0.2181459661524991,0
0.2427305887664455,0.2387587987130292,0
0.2521293500720217,0.3160454707450939,0
0.3094618514015244,0.33616700462826155,0
0.2916042622864149,0.24713561452952965,0
0.3057024042447793,0.2502023364111617,0
0.3012379352591451,0.3037389895884883,0
0.2908992404575237,0.29127383790386474,0
0.3430625377999303,0.23651729434289395,0
0.2608233763761381,0.21005959827512616,0
0.2486048145824306,0.27680569603136035,0
0.2643479118657292,0.3156666525753516,0
0.2460202125888847,0.390446665434942,0
0.2516595267377159,0.39332423587609755,0
0.2815004791519475,0.3484327992272852,0
0.2525994602337589,0.3262216919159417,0
0.1637810511650926,0.21798536780125352,0
0.1515627761988143,0.1946105705062435,0
0.1806989936115882,0.24419192105488613,0
0.2140644815154109,0.22300539866655084,0
0.2157091500129138,0.16572138830029137,0
0.147568130547486,0.1027303363229968,0
0.1522675112002741,0.09735990785562997,0
0.1529725330291653,0.06858193170742832,0
0.1196070451253426,0.13157128272760255,0
0.0860063587269346,0.051715586241231994,0
0.1654260064900268,0.0038526972075617334,0
0.1694203653139238,0.06874602143456973,0
0.1910374015857761,0.09810348393987767,0
0.1755295027970629,0.0669412977798822,0
0.177644281456303,0.03081339248005515,0
0.1715351439731638,0.02488888846606242,0
0.1677756968164209,0.03587491597806904,0
0.1637810511650926,0.06019112495443324,0
0.172475077469209,0.0640557553526418,0
0.2556538855616128,-0.04161471426100909,0
0.262702956540795,-0.09978053040829833,0
0.1933870919121702,-0.15419685785096782,0
0.1877480645907704,-0.21547012459750015,0
0.1992613177281554,-0.28178387624994633,0
0.2330969157937174,-0.3252175447403859,0
0.226282756481687,-0.2167709046677137,0
0.2598834428800951,-0.14346237477032717,0
0.2845551913072328,0.0026659541831170245,0
0.2533041952352188,-0.010593736296000106,0
0.2655227570289263,-0.07452761618296246,0
0.2742164965056134,0.01744012041275258,0
0.2305123138001693,0.16239296836961864,0
0.2589435093840521,0.1572334910121057,0
0.2439054339296425,0.17324949325600444,0
0.1849282641026391,0.229343240504965,0
0.2540092170641099,0.19382698751087132,0
0.3089920280672164,0.16299121801171956,0
0.334838621657551,0.17550433100661572,0
0.341417582474996,0.1035737538873382,0
0.3823022515197403,0.16079835601923143,0
0.4189573632460001,0.19797367899971954,0
0.4300010798765105,0.19373312814343246,0
0.4257715225580303,0.14115927842441842,0
0.3964003934781046,0.18108184337123187,0
0.4342303503675614,0.1504072325086688,0
0.4137881592589061,0.12452842291255795,0
0.3907610793292713,0.09726753752142359,0
0.2845551913072328,0.08480804833330573,0
0.2316871589633664,0.10988405986244709,0
0.2330969157937174,0.010938775569155342,0
0.2359167162818486,0.004957716218093552,0
0.2288676453026664,-0.048650341897149334,0
0.2084251673665798,0.03311725796815241,0
0.2272226899777322,0.07609732242859078,0
0.1781141047906088,-0.046912082829519586,0
0.2281626234737753,-0.04032342446854807,0
0.217589017005002,-0.05707835873443109,0
0.2295723803041263,-0.04311586281436593,0
0.2314522472962124,0.09237483493586211,0
0.2107748576929738,0.07401562435659904,0
0.2302774021330153,-0.052476639543215325,0
0.2382664066082427,0.03473845659734913,0
0.2009062730530896,0.14297670489261594,0
0.1825785737762451,0.16419065010070233,0
0.2624680448736431,0.19969656541850644,0
0.2793859873201388,0.20396943723385175,0
0.2556538855616128,0.1735166669818621,0
0.2420258537649856,0.2598781231906128,0
0.2742164965056134,0.25760293530922534,0
0.2967734662735089,0.2452993551355735,0
0.2894894836271748,0.3191120062576821,0
0.2944237759471148,0.39589231988487417,0
0.2824404126479927,0.44524430649787483,0
0.3002980017631,0.3278359277400166,0
0.3350735333247051,0.3446769657623169,0
0.2690472925185174,0.2488057905359318,0
0.3033527139183852,0.39713629006372286,0
0.3282593740126768,0.4160025733873901,0
0.2439054339296425,0.3337941682993872,0
0.2634079783696862,0.2677966761829054,0
0.2666976021921233,0.16838630603964652,0
0.3141612320543125,0.20659720806297763,0
0.3343685114958138,0.18193799276976624,0
0.3202703695374495,0.17832959763071105,0
0.3092269397343704,0.1648529644989784,0
0.2993583550944883,0.14812649037493023,0
0.371728645050967,0.1826561722798144,0
0.370318888220616,0.1690712753077839,0
0.3451773164591725,0.2767475972907672,0
0.3684390212285277,0.2698303763813876,0
0.3942856148188624,0.32205832146110197,0
0.3407128474735362,0.43059437461944494,0
0.2547142388930011,0.3224065024686103,0
0.2349767827858035,0.38683952727110366,0
0.2587085977168981,0.38847848213568725,0
0.2711620711777596,0.5463828760267755,0
0.2920740856207208,0.4534003597656853,0
0.2775061203280505,0.44736492936943134,0
0.2859649481375838,0.48522037113981814,0
0.3188606127071006,0.4678795955867168,0
0.332958754665465,0.5858102481109209,0
0.3531660341069663,0.6367275783919975,0
0.3555157244333604,0.7296819278393666,0
0.366324529396719,0.7099411730961402,0
0.4302359915436645,0.7452893554450876,0
0.3992201939662358,0.8776738575775702,0
0.4354051955307584,0.9624888314023128,0
0.5070707504857773,0.9820670459067903,0
0.5021364581658373,0.9878636886258115,0
0.5197591356137928,0.9151398261915651,0
0.5270431182601268,0.9534561013359144,0
0.56440325181528,1.0237038803507976,0
0.4737052625819546,1.0531395657956923,0
0.5040163251579234,0.9863411999895912,0
0.6050530091928681,1.136920277024554,0
0.5545346671753957,1.0278986409929627,0
0.5862554865817156,0.9488211365122303,0
0.6583908648710424,0.9455663519909435,0
0.7260620610021622,0.9624363424604914,0
0.834617639350597,1.0186348806337135,0
0.7072645383910097,1.0328063830787135,0
0.7359306456420464,0.9748940590455192,0
0.6997453572500902,0.8373086556279237,0
0.645467568075875,0.8970975737925712,0
0.5723922562905052,0.7939440772632955,0
0.524223604599427,0.786305084644381,0
0.604347987363979,0.7892510275292041,0
0.571687234461614,0.7374425666555173,0
0.5726271679576592,0.6748661501291017,0
0.5540645570136585,0.7181264476952067,0
0.5914246905688116,0.6854614123947328,0
0.6501669487286632,0.6264562518858163,0
0.6318395362792478,0.6037125635114218,0
0.5984737615479938,0.6351961502773442,0
0.5336223659050032,0.7772597271323678,0
0.5841407079224755,0.8623346904013218,0
0.6210307313158893,0.9572250099224382,0
0.5503051098569156,0.9421185927516268,0
0.574036924788008,0.9827206622683555,0
0.5592340478281839,0.8726450160381598,0
0.5486604413594106,1.0831274679120912,0
0.5848457297513666,1.054771794490039,0
0.603173142200782,1.1678802752202553,0
0.6095174781785043,1.1330721933734982,0
0.6748386971558008,1.1607520193816918,0
0.6957509984261934,1.088962024616322,0
0.6720191834950987,1.0185697001444705,0
0.7002154674118275,1.1030279457258119,0
0.6363037184374507,1.1587476344567085,0
0.6283150007896567,1.181803358114297,0
0.6109272350088532,1.070535119111699,0
0.5782664821064903,1.1208811439728263,0
0.4894480730378219,1.0240257254933551,0
0.5087157058107116,1.0929376821489944,0
0.4722955057516036,1.0998502886158952,0
0.4788744665690486,1.1489752528765393,0
0.5272783167547122,1.0900247881986884,0
0.4156680262509943,1.1395762550190194,0
0.4321158585357527,1.0193010920547967,0
0.4278863012172704,1.0441554648491544,0
0.4443341335020289,1.0231894815588205,0
0.4612517891210931,1.115820911417867,0
0.4046243096204838,1.0613898066573766,0
0.3642097507374768,1.1104894972081987,0
0.3940507031517106,1.123815046341117,0
0.32637979384802,1.025524226949284,0
0.2878448151296698,1.0317849412449953,0
0.3021778687551882,0.9347200417674871,0
0.3132212985582673,0.897519733036969,0
0.3078171829040194,0.9638846037382628,0
0.3672641760653307,1.049000619969534,0
0.3686742197231131,1.0636170662518623,0
0.3827723616814774,1.1348859344813333,0
0.4234218322316363,1.0935854673030656,0
0.379012627697301,1.0107462219692438,0
0.3818324281854323,0.9972736076149767,0
0.3909962778238566,1.1259233179614454,0
0.3707887115549218,1.0396497679869092,0
0.3721987552127042,1.1146384385597745,0
0.4267114560540734,1.0891258243990218,0
0.3771330475326441,1.0843494129741802,0
0.3625647954125426,1.0645711081353855,0
0.3820673398525863,1.1105844143098766,0
0.3924060346542055,1.0871359882384104,0
0.3851220520078715,1.1236410408684896,0
0.4384599076860437,1.1410870403572722,0
0.336248378487902,1.1332382634231908,0
0.292779107449612,1.1030625126860527,0
0.3064074260736705,0.9981235728744031,0
0.377837782534104,0.9855516223284723,0
0.3541059676030115,0.98178525884375,0
0.3517562772766174,0.9210633935268445,0
0.3510515422751576,0.9741900869023784,0
0.3308439760062228,0.8702780867392287,0
0.332723842998311,0.9064490321533002,0
0.3195656345359897,0.7150168820650975,0
0.3115766300607644,0.5733765567033566,0
0.302647692089494,0.4434840740414857,0
0.2800907223215986,0.38735047233975517,0
0.2678724473553203,0.38745214166291375,0
0.1806989936115882,0.32021968681374036,0
0.1174922664661004,0.3474172780030671,0
0.1245413374452826,0.2859337457389323,0
0.1308853865955757,0.28247712481291753,0
0.1059787265012841,0.28598250555399163,0
0.0902359160454169,0.36144846817387133,0
0.1158473111411662,0.4345934951332049,0
0.0460616231782356,0.4148491496747953,0
0.0411273308582935,0.4629573782446871,0
0.0571050529813147,0.5267193103001919,0
0.0589849199734029,0.5270749225132283,0
0.0343131715462653,0.5363361785557925,0
0.0653289691236939,0.45807728481988896,0
0.0991645671892559,0.49656811291504044,0
0.0801321329109494,0.33935270144195406,0
0.0770774207556642,0.4008314102598403,0
0.0803670445781034,0.33674628654321,0
0.1536775548580565,0.4874492492538304,0
0.1832835956051341,0.41896948344534307,0
0.1976166492306525,0.5298064467442514,0
0.2025509415505946,0.48310090439875103,0
0.1717700556403178,0.581963141731606,0
0.2434356105953367,0.6792319258760409,0
0.2067804988690747,0.5847579735340765,0
0.2394412517714397,0.4759428695162543,0
0.256358907390504,0.3229184175518989,0
0.2601183545472491,0.29754960315363665,0
0.2462551242560366,0.12788424213230212,0
0.2671674255264313,-0.05202094247494663,0
0.2267528666434242,-0.07739452270775596,0
0.2074852338705346,-0.10280701201238453,0
0.1771744581219971,-0.12168448446242686,0
0.1654260064900268,-0.13050052332092268,0
0.1473332188803342,-0.18788354341359736,0
0.1153774878068604,-0.06907233991462373,0
0.1454536387156773,-0.05400353870827731,0
0.1478033290420714,0.013482805194718074,0
0.1710650338114266,-0.09095429396533504,0
0.1203117801268025,-0.16753025272993455,0
0.1214866252899995,-0.19049857494122793,0
0.0900007175508315,-0.11899320385156258,0
0.0655641676182792,-0.23874678626663995,0
0.0274990122342371,-0.19515822886574158,0
0.0585150966390971,-0.2571641342445921,0
0.0364279502055053,-0.2756391984648554,0
0.0714383934342644,-0.1753812290964715,0
0.0542855393206148,-0.1601874868296771,0
0.0735528852660731,-0.07698937289340264,0
0.10151425751565,-0.052788567004018745,0
0.0472364683414326,-0.029893469017633966,0
0.0272641005670831,0.05411051669159484,0
-0.0458112112182867,0.05457102538219289,0
-0.0310083342584625,0.12250465889796744,0
-0.0439316310536298,0.10646886976679919,0
-0.0592046181751912,0.05343820710896036,0
-0.0476910782103728,0.14798267978256377,0
-0.0331228260902712,0.13633155288899412,0
-0.0930399294133198,0.17319948467611943,0
-0.1447331165939891,0.16579330232928946,0
-0.1367443989461952,0.17458813408057458,0
-0.057559662850257,0.18764656329830595,0
-0.0620241318358911,0.2710220792544836,0
-0.0528602821974689,0.2696821932179756,0
0.0188052727575499,0.34035811261172433,0
0.0850664252308916,0.2510969263787761,0
0.06227454379584,0.17763061444281575,0
0.0629792787972998,0.13493258435397293,0
0.0366628618726593,0.08162350921710729,0
-0.0413467422326504,0.17273720159370842,0
-0.0145605019737041,0.14592561021303105,0
-0.0342976712534682,0.004495022101576844,0
-0.0350026930823594,0.022839096927532963,0
-0.1014990440502843,0.0063084733398341,0
-0.0655486673254822,0.018370929676922425,0
-0.0843461899366347,-0.06539133616399577,0
-0.134864531954107,-0.03360079818588027,0
-0.1271104391460336,-0.08118864003910888,0
-0.0796468092838466,-0.14389237223243256,0
-0.0850512117655259,-0.19505572504649238,0
-0.0754172519653643,-0.21646183929982993,0
-0.0491008350407238,-0.19975512769119388,0
-0.0568549278487972,-0.16257245964966682,0
-0.1064333363702243,-0.11253878077052314,0
-0.1151270758469115,-0.15643636188967078,0
-0.0937449512422109,-0.2108187905403132,0
-0.0921002827447081,-0.17377735956286428,0
-0.1353343552884129,-0.1768096990015866,0
-0.0291284672663743,-0.15296899247121543,0
-0.019729705960798,-0.20819521069848362,0
0.063919212293345,-0.029194079832585946,0
0.0592198316405569,0.05899907383306708,0
0.1536775548580565,-0.025564697345743497,0
0.1905675782514703,-0.06447637064470943,0
0.2084251673665798,-0.06534488210300464,0
0.208895277528317,0.03663445618335911,0
0.2070154105362287,0.03735562449750919,0
0.1783493032851942,0.0660689447427176,0
0.1574370020147995,0.02542201137420834,0
0.1233664922820856,0.17272348716131064,0
0.1254812709413278,0.0874673199899274,0
0.140989169730041,0.04056489689241783,0
0.1607266258372387,0.03939880000213687,0
0.1297105414323787,0.07629240397139386,0
0.1492130858724203,0.18049276776834466,0
0.1435737717235891,0.2350860796776311,0
0.2730416513424164,0.16875923166017054,0
0.2608233763761381,0.17440159523606352,0
0.1938572020739074,0.1362585120233744,0
0.1983216710595437,0.07761610925323495,0
0.2363865396161545,0.11146606319857122,0
0.2439054339296425,0.10980032267840563,0
0.2659925803632342,0.14784476734732785,0
0.2246380879841842,0.12167175731759686,0
0.3031178022512312,0.009771374900705196,0
0.2880797267968238,-0.11427118734174282,0
0.2168839951761108,-0.09969225783560025,0
0.2469601460849277,-0.004699921207086756,0
0.2415557436032485,-0.0005326909991766956,0
0.3078171829040194,-0.02860477162015772,0
0.3078171829040194,-0.041267413650986684,0
0.2399110751057456,-0.01503411510507812,0
0.2608233763761381,0.07773462675293233,0
0.3052325809104734,0.08600289232096014,0
0.2890196602928669,-0.0018661523717819878,0
0.3162760107135526,-0.012485600727788688,0
0.3167458340478584,0.062305650512835375,0
0.3637396405757396,0.05897123216438029,0
0.3945208133134477,0.039123900490055236,0
0.3522263874383546,0.0390907315936488,0
0.4213070535723941,0.059472177030298445,0
0.4412794213467436,0.0464166465389046,0
0.4386948193531977,0.0727857020996854,0
0.4457438903323799,0.10928913420428804,0
0.4948524755195012,0.1496197592601316,0
0.5486604413594106,0.2333526825158402,0
0.5223437376073388,0.23773522499169883,0
0.5157647767898937,0.19306221328717388,0
0.5573541808360978,0.18109186727576124,0
0.567457963970563,0.21961697158090163,0
0.569102632468068,0.3222430855421025,0
0.5850806414185186,0.3416456712199853,0
0.6022332087047367,0.28136905390931394,0
0.5738020131208562,0.24705391646556724,0
0.5726271679576592,0.15695832542554386,0
0.5592340478281839,0.21544676241935332,0
0.5747419466168993,0.15435650281465046,0
0.5707475877930023,0.15473489967531265,0
0.5437261490394706,0.16792014605859182,0
0.4182526282445402,0.15152086228264333,0
0.4260064342251822,0.1011448174236259,0
0.4389297310203495,0.06012377133314353,0
0.4523231379772541,0.010619852017013159,0
0.4260064342251822,-0.0021036303647172486,0
0.4180177165773883,0.08901249001241682,0
0.3924060346542055,0.06404664580547798,0
0.3973403269741477,0.09469194822676658,0
0.3508163437805723,0.03805236433143742,0
0.3691440430574189,0.038293780554093965,0
0.3653845959006738,0.07213908822663818,0
0.3479968301198723,0.024129295483713196,0
0.3456471397934783,0.08648724060711638,0
0.3127514752239614,0.09821941965598954,0
0.2911344389521091,0.08204089694412939,0
0.3104017848975674,0.07784449065545128,0
0.3383631571471421,0.00810912727802877,0
0.3590402599229515,0.13478335995619328,0
0.3491716752830694,0.14633708584008057,0
0.3825371631868921,0.09909556121932574,0
0.3830072733486293,0.1544777182065272,0
0.3031178022512312,0.09064073180939042,0
0.3002980017631,0.12558272583842703,0
0.3393030906431873,0.09863506081454182,0
0.4161378495853001,0.12139377763668882,0
0.532917344076112,0.11701168042647629,0
0.5199940472809447,0.11482400229056468,0
0.567927787304871,0.11523122350833294,0
0.5500701981897616,0.1426100973955184,0
0.6694345815015529,0.17561405395190915,0
0.6915214411077111,0.14940037428748615,0
0.5947143143912488,0.23655329179315726,0
0.6153917039944895,0.2146553685918328,0
0.7258271493350102,0.2423041198879126,0
0.6983356004197414,0.28684343698098724,0
0.6285499124568087,0.26061956688119475,0
0.6755437189846899,0.3511021232177516,0
0.6607405551974365,0.33579626169958965,0
0.6941063299286905,0.4172999172222226,0
0.6675547145094646,0.3357587565564609,0
0.7025651577382216,0.29530002291191776,0
0.7925581251426557,0.2917473412297015,0
0.7895036998148018,0.30207361407751016,0
0.7683564868772552,0.3008071267243677,0
0.7147834327044998,0.25457212607893304,0
0.751673742925345,0.2319672354410662,0
0.7660067965508612,0.180596034377235,0
0.8374374398387282,0.180924033060276,0
0.7455643186147745,0.16363800549823013,0
0.726766796003622,0.2072852118430626,0
0.757782880408482,0.21947690979937481,0
0.729116486330016,0.15568185271711152,0
0.75825270374279,0.12820307174279724,0
0.6922264629366023,0.16319116247624774,0
0.7147834327044998,0.11552873579447419,0
0.7262969726693161,0.1672022284444245,0
0.7067944282292725,0.14126320352071592,0
0.7166632996965859,0.16315365957312947,0
0.7171331230308939,0.08077860766844548,0
0.7013903125750245,0.07730201598737402,0
0.7739958010260886,0.12232166404272714,0
0.8075962005970653,0.08844572866398663,0
0.8531802502945954,0.17263994628527113,0
0.7812797836724226,0.14181945752040204,0
0.8021920849428172,0.19812463165546193,0
0.8254537897121725,0.22406043477588497,0
0.8120606695826994,0.31694627996899294,0
0.7749354476947002,0.3270726763271949,0
0.7744656243603943,0.4296737792477667,0
0.7826895405027736,0.4051919486274511,0
0.7131387642069948,0.4160830773665967,0
0.6950459765973022,0.44874882002683275,0
0.6381835854295389,0.4408355336199963,0
0.6903465959445141,0.3913515484479594,0
0.6811830331335231,0.3903503754470042,0
0.6755437189846899,0.36466696692750694,0
0.6529867492167944,0.29073611823970014,0
0.6066976776903731,0.2615709930906177,0
0.6090473680167671,0.22950863351039397,0
0.64170812091913,0.17220338338690283,0
0.6555713512103404,0.10628419290763784,0
0.6887019274470112,0.06992165783045834,0
0.6285499124568087,0.07317682059167226,0
0.64170812091913,0.06042057221668676,0
0.6593307983670854,0.02712878245354284,0
0.6057577441943278,0.02994880669668191,0
0.6548663293814513,0.01820383529341708,0
0.651576705559012,0.002437507757186972,0
0.635364071768839,-0.02334896509759558,0
0.6102222131799642,-0.018957697293796785,0
0.635364071768839,-0.03075330149399783,0
0.6412382975848241,-0.06272044836469062,0
0.642648054415173,-0.10042983688801471,0
0.5888400885752636,-0.1060083157709359,0
0.5836708845881696,-0.0455665155656752,0
0.535267034402506,-0.022225880746167926,0
0.5503051098569156,0.04313717499846543,0
0.5611136279928407,0.01944035365312047,0
0.5383217465577913,0.029774325814181657,0
0.5343273877338943,0.03816964603319205,0
0.5270431182601268,0.14118059062917127,0
0.5550044905097037,0.21365176815741907,0
0.5564142473400526,0.1873762345287104,0
0.5514799550201126,0.1878600545214781,0
0.5258682730969299,0.15759590090509146,0
0.5669878538088259,0.2288697615642266,0
0.564168340148126,0.21390264968712008,0
0.5789715039353815,0.18532639903492512,0
0.6374785636006477,0.1860914868415074,0
0.6445276345798299,0.12378592090844996,0
0.6466424132390721,0.088400333207651,0
0.6285499124568087,0.10819643637318291,0
0.686822060454923,0.10629471422199997,0
0.6875270822838141,0.11348381087283615,0
0.6659100460119618,0.12346673971055609,0
0.6565112847063855,0.11151889991768194,0
0.6471125234008093,0.08762409287911035,0
0.6513417938918602,0.04610137723068827,0
0.6673198028423106,0.034526424864832816,0
0.6121020801720503,0.038791741872186696,0
0.6473474350679611,0.025130488416558565,0
0.6710792499990558,-0.03521917283394739,0
0.6010583635415397,-0.058439085055821766,0
0.5933045575608977,-0.08819484949627451,0
0.5806161724328844,-0.059043308703414024,0
0.5984737615479938,-0.060902296095030284,0
0.5841407079224755,-0.08065245334187324,0
0.5620535614888859,-0.06204743959153145,0
0.5416113703802284,-0.06769404759783323,0
0.5392616800538343,0.01122768781184958,0
0.5357371445642433,0.02130176519969735,0
0.5303327420825661,0.03478407079400589,0
0.5113003078042596,0.059365688451024426,0
0.4962622323498522,0.10054140206615045,0
0.4680659484331235,0.1424987544560596,0
0.4727653290859115,0.11379983302559603,0
0.4896832715324072,0.13619747106859878,0
0.4969672541787412,0.14727777695475708,0
0.5488953530265646,0.06802065683143252,0
0.5481903311976734,0.10475066710907964,0
0.5315075872457631,0.10589491216773117,0
0.5474855961962135,0.1138379810478822,0
0.5911897789016577,0.13949493661021595,0
0.6095174781785043,0.16002955382329168,0
0.5951841377255546,0.12734982130843334,0
0.5989438717097311,0.08608084540637514,0
0.5669878538088259,0.09365774078438932,0
0.5479554195305215,0.11132292870089726,0
0.5465456627001705,0.155931948848959,0
0.5486604413594106,0.1465545475644647,0
0.560173981324229,0.10497386360545213,0
0.5319776974075003,0.11250283048330093,0
0.526808206592975,0.09728828369934964,0
0.528922985252215,0.07332670011428248,0
0.5611136279928407,0.07480872956976467,0
0.5794413272696873,0.04704500903144209,0
0.5806161724328844,0.10899382406405535,0
0.6125719035063582,0.05419641120995542,0
0.5505400215240674,0.04588480565642142,0
0.565108273644169,0.021086393480310682,0
0.5444308840409304,-0.04844281791726168,0
0.5063660154843175,-0.02790143701264079,0
0.4386948193531977,0.021897263973736984,0
0.412378402428555,0.01618536949220808,0
0.3834770966829373,-0.01192591013461242,0
0.3409477591406902,0.01766143664096778,0
0.3282593740126768,-0.05638537226857213,0
0.3139263203871585,-0.04309655153232638,0
0.3094618514015244,-0.027999919307272785,0
0.341417582474996,-0.00531457863021539,0
0.3867667205053744,0.0008338466910150498,0
0.4137881592589061,-0.020223964907655934,0
0.4415146198413289,-0.010850554825042678,0
0.4332907036989498,-0.07032112744728809,0
0.5698076542969571,-0.08683067733713273,0
0.5550044905097037,-0.06202736669136375,0
0.5587639376664466,-0.09384357181867284,0
0.635364071768839,-0.03064724109733771,0
0.6661449576791136,-0.038492124171845124,0
0.6992755339157845,-0.09467043997427477,0
0.6847075686231142,-0.05593338554522061,0
0.681652856467829,-0.05110282075274498,0
0.7030349810725295,-0.059340180602892464,0
0.7103189637188636,-0.06619597867583198,0
0.7136085875413029,-0.05889398009171333,0
0.7314661766564101,-0.0896322522017181,0
0.7056195830660754,-0.05523268883990983,0
0.6905817944390994,-0.039562817796520426,0
0.7065595165621206,-0.05850159855995764,0
0.720422746853331,-0.10346340641542925,0
0.6971607552565444,-0.10126199013631197,0
0.6623855105223707,-0.09639276111027739,0
0.6264351337975685,-0.07947794008088728,0
0.6562760862118002,-0.047665856329177844,0
0.5820259292632354,-0.06211359906347622,0
0.6123369918392042,-0.09290912404186137,0
0.6506370588904004,-0.0781761204038824,0
0.6466424132390721,-0.08317287583305634,0
0.7025651577382216,-0.0683793080189341,0
0.6971607552565444,-0.0232174640953566,0
0.68799690561812,-0.005935290910473726,0
0.7387504461301776,-0.015166442967775997,0
0.720187835186177,-0.035649477065142834,0
0.7455643186147745,-0.017221483330549417,0
0.7681215752101034,-0.02870281373102205,0
0.8336777058545517,-0.008161540566465227,0
0.8510654716353553,0.008819879237625967,0
0.8299182586978088,-0.005884087475478535,0
0.9072231278016588,-0.009110008705694242,0
0.7970225941282919,-0.008111858210710388,0
0.7838643856659706,-0.006718447991762522,0
0.8120606695826994,-0.008855361851007267,0
0.8106509127523484,0.008313521284084656,0
0.7364007558037836,-0.008254387077522355,0
0.6887019274470112,0.005125295694798385,0
0.6882321041127053,0.013943093910198009,0
0.6988057105814786,0.020923240734695918,0
0.8113556477538082,0.01597488026560327,0
0.7899735231491097,0.017481659816542483,0
0.8021920849428172,0.014615694762911883,0
0.8306232805266979,0.01458292618162343,0
0.8214594308882756,0.01947321039988799,0
0.8322679490242029,0.014633684461731461,0
0.8745626617267273,0.01302335499315156,0
0.8771469768928418,0.012190715045613046,0
0.932834522897408,0.00602681059656431,0
0.9140370002862556,0.0023117231091708615,0
0.887015561532724,-1.0829129201382868e-05,0
0.8917149421855121,-0.0011403658314007134,0
0.8207544090593845,-0.004422255176588179,0
0.8397871301651222,-0.007198593314143332,0
0.8400220418322741,-0.011117710996152823,0
0.8028968199442771,-0.012272851028302811,0
0.8024269966099691,-0.009761170318989572,0
0.7913832799794587,-0.013509542632074724,0
0.7739958010260886,-0.009041491840776945,0
0.8501255381393101,-0.002994233977640204,0
0.801487063113926,-0.0048815244959789185,0
0.7465042521108196,-0.003482755357352026,0
0.7840992973331247,0.0013166298965911556,0
0.8026619082771231,-0.007365576947200954,0
0.7869190978212559,-0.009030946771399397,0
0.7960826606322468,0.005885298748391289,0
0.7730558675300434,0.0054148297407156576,0
0.7801049385092256,0.004461124823027822,0
0.7798700268420737,-0.010833535027117593,0
0.7996071961218378,-0.03899664164502855,0
0.8144103599090934,-0.05233402720100123,0
0.8541198969632071,-0.047832272589066395,0
0.8649287019265657,-0.021279785968991837,0
0.8252188780450207,-0.035228133684704815,0
0.8007820412850349,-0.04267044004699743,0
0.8214594308882756,-0.056369232633346145,0
0.8231040993857784,-0.05838877306679629,0
0.8160550284065963,-0.03272625680859842,0
0.7951430139636351,-0.00874132236176579,0
0.7831593638370794,0.015156130523433892,0
0.7237123706757681,-0.0009744638708791935,0
0.7176032331926311,0.051963849631257754,0
0.7453294069476226,0.04738158219890143,0
0.7674165533812122,0.0745585467297425,0
0.8050115986035171,0.11609127964091044,0
0.792793323637241,0.11520144681679387,0
0.7866838993266705,0.18715224989741608,0
0.8310931038610059,0.21452331622461557,0
0.8073612889299112,0.20684016797581958,0
0.8202845857250786,0.21505152362459953,0
0.8179348953986845,0.16692752347916803,0
0.8477758478129162,0.22241164487960877,0
0.9445829745293784,0.1977746639458991,0
1.0169535513132886,0.16679371185848052,0
1.0540787732012875,0.14173236846804577,0
1.0935536854156809,0.1726328862218556,0
1.111646186197942,0.1979841688033132,0
1.1600500363836057,0.1838427548346384,0
1.1692135991945969,0.13392144502302988,0
1.1172852135193418,0.08337229700743089,0
1.1525305684152527,0.17623596283122087,0
1.1233946378299124,0.1876619595751826,0
1.1100015177004392,0.14438470905455394,0
1.1179902353482332,0.10653444581981122,0
1.1076518273740452,0.0379505646199955,0
1.111410987703357,0.08568556444741082,0
1.1689784007000112,0.08691119605166599,0
1.1118813846925275,0.1015025354124512,0
1.1511210984123352,0.13814008452012055,0
1.1530009654044235,0.12317042103212283,0
1.1882463203003344,0.16595931937139022,0
1.2512175621238033,0.1565033195252946,0
1.2960968768198755,0.20088286694839574,0
1.3536642898165303,0.11736119298365481,0
1.432143717256146,0.11000573673835042,0
1.4189857956212582,0.2548839425243693,0
1.505689139203253,0.15533088473411455,0
1.519787281161617,0.2162890042865781,0
1.5475137417440403,0.25678207524623237,0
1.5148532756691089,0.24983720914196392,0
1.574065357163266,0.30200079656437057,0
1.577354694158272,0.25090257797824883,0
1.5999119507536008,0.2943216407333502,0
1.6586542089134524,0.279067847804342,0
1.6137748942173795,0.3959121386686577,0
1.6386818411391029,0.30420209346144694,0
1.6765115112011282,0.33642001743451605,0
1.5209621263248143,0.39417906235413713,0
1.5103885198560412,0.2583905925581572,0
1.502869625542553,0.2935511109079682,0
1.5153230990034146,0.2989575235943238,0
1.527071550635385,0.3920761829893892,0
1.551977923902243,0.3486194535310196,0
1.4250946462769638,0.38677316634216496,0
1.445067014051313,0.32279628185257353,0
1.4434223455538104,0.19653662097128918,0
1.4429525222195043,0.36454834780737844,0
1.4960557530579564,0.4104548586251503,0
1.4810173907761155,0.44498564899813636,0
1.4772582304468038,0.3615568260904213,0
1.520727501485094,0.26742288362558,0
1.603436486243192,0.28853351084528744,0
1.5301262627906702,0.25332865035552593,0
1.5707754465133956,0.27877057302987696,0
1.6537196297660788,0.27078007733424425,0
1.6332774386574236,0.35365998117282543,0
1.7089373524363394,0.39074750151485776,0
1.7599255177881177,0.24094122393872644,0
1.7312594105370829,0.3599296981036594,0
1.654894474929276,0.2951653825521391,0
1.5275413739696908,0.38365287065108866,0
1.5216671481537056,0.4672617590778516,0
1.575005003831878,0.485972210016804,0
1.5399948474305525,0.4907335999030236,0
1.546103698086258,0.3452784179612795,0
1.4991098915583767,0.41056639579424853,0
1.554798011217808,0.39015435564564654,0
1.5052193158689473,0.522207212752332,0
1.5724206886657632,0.3829141265426096,0
1.6104855572223742,0.37787752453693446,0
1.4575204875121748,0.35662805282912174,0
1.46339471332816,0.39721145757001713,0
1.462924889993854,0.41103222016966906,0
1.5298910642960848,0.4106810708642075,0
1.4457720358802044,0.5126799214657399,0
1.5190822593327262,0.35176692993297903,0
1.474438143131239,0.3129294648630528,0
1.5167325690063322,0.2909019428891266,0
1.571715666836872,0.4109819778674864,0
1.4838369044368154,0.46867826164875753,0
1.5157929223377204,0.4432872003634981,0
1.484307301425986,0.23833889215446857,0
1.4434223455538104,0.16839060768724098,0
1.502869625542553,0.17544477626049138,0
1.5103885198560412,0.32232951659406517,0
1.5101538950163207,0.3352967733003226,0
1.499345090052962,0.5912482644575571,0
1.5858138087952365,0.5316765593174912,0
1.653249806431773,0.3401490335631211,0
1.575005003831878,0.4083375668573682,0
1.5865188306241276,0.32565733751762943,0
1.614949739380577,0.5134884034734754,0
1.7155166000812156,0.47841320560909983,0
1.7131669097548217,0.3853665330324933,0
1.7340789241977828,0.10277053894796016,0
1.826891692090348,0.1963592014781239,0
1.809034389802672,0.2706192084281109,0
1.80198531882349,0.520067375905396,0
1.6696976387165314,0.5903018148983129,0
1.6614737225741525,0.5274989964004523,0
1.6910800501486634,0.6090795966743061,0
1.7115222412573188,0.71475937899743,0
1.5672509110238044,0.7250231743510857,0
1.6332774386574236,0.9018890467556187,0
1.6269333895071325,1.1440308485313841,0
1.692019696817275,1.0531568577264352,0
1.7425380388347471,1.0057364803190407,0
1.7625104066090969,0.8563663479105441,0
1.740658171842659,0.799068734229534,0
1.6842656040092017,0.8642909923952271,0
1.6546598500895553,1.070521327744581,0
1.657949187084561,0.9711677845313115,0
1.73243425570028,0.9765265444593977,0
1.7556965341245,0.8128467413198958,0
1.826891692090348,0.6070516518405447,0
1.836995475224816,0.42630426083738976,0
1.7728488145832848,0.5089426032383442,0
1.8050400309787755,0.590896730852079,0
1.911950940829705,0.3376738439534823,0
1.9194698351431927,0.49950886804048034,0
1.9417918932439369,0.32155567639399135,0
1.934977447104475,0.24854760388632316,0
1.8656615824758505,0.35063847511893464,0
1.934977447104475,0.609185203436755,0
1.9568296818709128,0.5149661385820838,0
1.952835323047016,0.5224318434304479,0
1.9175899681511048,0.8055294341124565,0
1.975627204482065,0.8316737375165651,0
1.9006723125320408,0.8813770989564976,0
1.891508176066185,0.8166190255866627,0
1.899732092208564,0.6692067000578378,0
1.942026518083657,0.6344240522646695,0
1.8999672907031493,0.9728144252056767,0
1.9194698351431927,1.007074308833157,0
1.9441415835703304,0.9755204057699421,0
1.943671760236025,1.049014762559598,0
2.0355443078051136,1.3487799520185006,0
2.106270216091521,1.3306980003220643,0
2.1041551506048477,1.4053781487937036,0
2.066325480542822,1.3494016557734172,0
2.081363269169798,1.33248905874533,0
2.122013026547388,1.5422809135584608,0
2.1969679184974127,1.3815438808508829,0
2.212476104113559,1.1700072667683026,0
2.27051334044452,0.7756630420922276,0
2.289310863055672,0.9501315285162685,0
2.314452434817116,1.2077287520634155,0
2.254300706654347,1.3188928840239607,0
2.235033360708888,1.3072183467429817,0
2.30834358416141,1.0966409130732473,0
2.260879954299223,0.9689262960557095,0
2.284376857563164,1.1181500507808533,0
2.2578252421439378,1.2304157184217568,0
2.255475551817544,1.1133470741313582,0
2.1854546653600275,0.898614845332917,0
2.164307452422481,0.9531060443635904,0
2.1986131606497805,0.7048053211733132,0
2.2855517027263605,0.6866468709632486,0
2.2625246227967257,0.7562927744006346,0
2.294480067042766,0.7026307078784545,0
2.3240863946172774,0.9019285282127505,0
2.3640311301659764,0.6908957466902236,0
2.4173689858441487,0.9036891728871606,0
2.439456419105172,0.9607807210388979,0
2.4890345407991674,1.2236145979694162,0
2.419013654341652,1.3648910957007319,0
2.4671823060327296,1.5544669857760605,0
2.481280447991094,1.3311309989392597,0
2.4859798286438823,1.42597602249082,0
2.5458969319669307,1.2943875944961993,0
2.5931259369893973,1.3965222223285274,0
2.4751715973353883,1.2402902656952361,0
2.47587661916428,1.4175368163759738,0
2.4700023933482944,1.5340264306903253,0
2.4798709779881767,1.6136814389876293,0
2.3090486059903013,1.7371682810645528,0
2.3814186091193466,1.7837069452357095,0
2.355807214023597,2.322309059465934,0
2.176525727388757,1.929906739130508,0
2.150209310464117,1.8980211604649504,0
2.105095370928324,1.7633243969815366,0
2.0754890433538127,1.8547025146804295,0
2.069614817537828,1.655872309106344,0
2.17511625738584,1.7243509742530634,0
2.213886147771342,1.901872714237552,0
2.263464269465337,1.644641335046158,0
2.319622212459074,1.9280065279664131,0
2.4084400478728782,2.0535966931495535,0
2.18968422267851,1.8954954355971345,0
2.197908138820889,2.1355300456389927,0
2.243961725025294,1.9014285547655256,0
2.2841416590685784,1.9733278717534735,0
2.232213273393324,1.6354607661476799,0
2.2552403533229586,1.5212611383413952,0
2.27662276475509,1.6178798191908361,0
2.212711302608145,1.383668249745968,0
2.240907586524873,1.4655580792807499,0
2.302703983185145,0.6282246994786882,0
2.379539315782123,0.7342380026549042,0
2.464597990866615,0.6679775022285113,0
2.355807214023597,1.4847050479518924,0
2.2817919687421844,1.6629079451103497,0
2.270983163778826,1.927518051635475,0
2.254535331494067,2.2712057095147924,0
2.2359730073775,1.455399703367586,0
2.13188161118727,1.367178732961457,0
2.217645308100653,1.0959213453502774,0
2.1791106162097367,1.3501672071287598,0
2.197203116991998,1.2845557975184816,0
2.2413774098591794,1.776171140536415,0
2.190623869347122,1.7472810710169093,0
2.1645426509170664,1.4730433604068134,0
2.2188201532638505,1.5459259606378934,0
2.288605841226781,1.2896314314106454,0
2.2559453751518497,0.9758408219160548,0
2.2404371895357027,1.581901758090103,0
2.2834366372396877,1.2891671116673038,0
2.3017643365165337,2.00616903687518,0
2.347113474546912,2.2490383017622393,0
2.4051507108778725,2.1324566011505794,0
2.3229115494540804,2.1648706131216606,0
2.3323103107596563,2.4287672068832316,0
2.414549472183449,2.7299927397590755,0
2.4942037447862613,2.5483733127926445,0
2.4892697392937526,2.613965867257392,0
2.514411311055196,3.2489896137449925,0
2.5440176386297075,3.205492494237272,0
2.533444032160934,4.006282744559339,0
2.5668095200647567,4.634187573103848,0
2.4732917303433,4.227792031572188,0
2.542137771637619,4.289453384968098,0
2.5475421741192985,3.744095480378758,0
2.6741902532499924,3.0592547842741675,0
2.6495185048228547,2.807591635479513,0
2.699801648345741,3.9242034884343227,0
2.745385984870705,4.184983700894815,0
2.7883854325746897,4.336042856595571,0
2.7517300340209965,3.3786554288923814,0
2.7782816494402223,2.8298659063216527,0
2.888717094780743,2.7267493801292098,0
2.884487537462261,2.924493451239245,0
2.8762636213198816,3.2074601165514913,0
2.9159731583739954,2.2323648690872484,0
2.8165817164914184,2.2972690491381895,0
2.929366852158333,2.0511572670668876,0
2.9007001712524336,1.2770181901003055,0
2.949104021438097,2.791754824393896,0
2.943464994116697,2.3435632178903134,0
2.9676663455546644,1.9010735130365837,0
2.865690014851108,1.8607088187737395,0
2.894591320596728,2.1316887868853973,0
2.8156414961679417,3.485390825445847,0
2.706616094485203,3.942237927357058,0
2.8320893284527004,5.056813811793261,0
2.877673664977664,4.668940222903693,0
2.891066785107137,3.7794222704974625,0
2.8941214972624225,2.7368954925197793,0
2.866159838185414,2.495056281004186,0
2.8339691954447885,3.3842544663761074,0
2.8854271841308723,3.4818617564175995,0
2.946989529606289,4.185131400876581,0
3.053195417628327,3.5097663095197342,0
3.0771621442265737,3.6703322682351005,0
3.090085441021741,3.9533911764744247,0
3.1725598009401184,4.313284001718562,0
3.174439094277342,5.982568419958616,1
3.1840730540775035,4.905672922341399,0
3.13284969023114,4.0524610700702155,0
3.120866613759449,2.867524348214154,0
3.145772987026308,2.637423370087981,0
3.139193739381431,3.5199969511949285,0
3.2315366839396904,3.8639791404587736,0
3.2933336542548277,3.5605332113466037,0
3.378627527833905,2.7240451072123912,0
3.3694633913680487,1.945334167184638,0
3.418806888222324,1.6384314091327503,0
3.318005402681965,2.401687483233832,0
3.11828172493847,3.5662267679673367,0
2.9756556368573235,3.9252248074181275,0
3.0158349972457428,4.316053378760361,0
3.2228429444630056,3.593155102930301,0
3.4547572649471263,3.106203361016066,0
3.612186516815529,3.950399268499307,0
3.5713021345982177,3.502024109381067,0
3.603962600673149,5.164232945388363,0
3.857494531083987,4.133298012442414,0
3.815434730048615,5.129799375150623,0
4.044529536872036,4.99777586988661,0
4.031841438571454,5.854701949287395,0
3.7393049929353928,6.050605500900755,1
3.870182629384569,5.902611930123839,0
3.753637759733478,6.23337344792654,1
3.871357474547766,5.698556385278086,0
3.8391668318071406,6.179842771890705,1
3.8067409905719294,6.107468835005682,1
3.583520409564494,5.663093568717372,0
3.6349783982505777,5.421322187408771,0
3.821544154359185,6.007956745256194,1
4.056747811838312,5.686216845718946,0
3.9862571020464896,6.875668342048975,1
3.787003821292165,6.451911600623806,1
3.878171347032363,6.849619697136717,1
3.607017312828434,6.268171028239168,1
3.654716141185207,7.144111485638147,1
3.516319036767677,7.145060793678221,1
3.608661981325937,7.1382357781821115,1
3.51772908042546,6.101086617612502,1
3.627929327271396,5.986889313870278,1
3.748703754240969,6.732696197180666,1
3.816844773706397,5.808216914681414,0
3.776900038157698,6.653344088247916,1
3.944433073160568,5.4181513863662465,0
3.792878047108151,5.328801245110557,0
3.7799547503129833,6.572231933829792,1
3.835172472983244,7.551350843346688,1
3.768910746855039,7.829998459063761,1
3.960880905445326,7.9855106941962415,1
3.912946878593968,6.539563784662368,1
3.9676947779299225,6.99437837392973,1
3.914121723757165,6.961247458784514,1
3.8483303946181313,5.875488839322116,0
3.8704178278791534,4.760887509196765,0
3.844100837299649,5.531005824966157,0
3.8450410576231255,6.172831691392859,1
3.9850822568832927,6.231092625708562,1
4.103271795031887,4.442562063522217,0
4.0215024569424,3.090681888991661,0
3.998475950667631,3.7419697038581914,0
4.005994844981119,5.32486424421183,0
3.955006679629341,4.986956546483177,0
3.977563362569805,5.46743965186789,0
3.83587692115727,5.308577316684944,0
3.858669376247184,5.452165856968595,0
3.87370716487416,6.183070063913586,1
3.733195568624823,5.400020370907892,0
3.7818340436502074,3.8580953147116466,0
3.881226059187648,4.1038886293386065,0
3.907777674606874,3.9310819848016916,0
3.869242982715957,3.624757601052974,0
3.871357474547766,3.9926597386788405,0
3.870652452718875,3.0357041392683084,0
3.811440371224718,4.21291565591663,0
3.822249176188077,5.450601977803768,0
3.83587692115727,5.240867951935518,0
3.9265751972180265,6.353884028764203,1
3.916001590749253,6.155401449267167,1
3.8650134253974753,7.135229151116656,1
3.918351281075648,9.394830142790129,1
3.889215350490307,8.689661411294892,1
3.919526126238845,9.188901051072472,1
4.034425753737568,9.205885515661425,1
4.12206931764304,10.027610302108087,1
4.016098628115587,9.889588861567258,1
3.9618205521139376,9.476093528832756,1
3.874882010037357,9.966452444014733,1
3.816374950372091,9.087384764491352,1
3.849975063115634,9.123157223429622,1
3.785123954300077,8.274100741492045,1
3.7790145299895066,8.668714376067571,1
3.907072652777983,9.933525526578407,1
3.9698092697617313,9.805105310259457,1
3.987431947209687,8.904872459781528,1
3.982967765051484,7.842629620370258,1
4.030666593408257,7.706906187102143,1
4.121834692803319,8.27771322333289,1
3.9197613247334298,8.838806657151553,1
3.909892166438683,9.10261786511366,1
3.932919246368318,8.673928910751027,1
3.877701523698057,8.384584060122577,1
3.8795813906901455,7.028320295342982,1
3.869477607555678,8.437505341885451,1
3.8264781598516935,9.264722911466755,1
3.896968869643516,9.616139529549688,1
3.8816958825219534,11.378111953274628,1
3.9698092697617313,10.618958861375349,1
3.9683997997588136,10.297410723540066,1
4.003175331320419,11.660386655445107,1
4.040770376542724,13.38011121433378,1
4.104681838689669,15.060563387989086,1
4.203133633903635,15.44373120227893,1
4.381005076880692,17.183863134536246,1
4.4839216279077245,16.20363086386867,1
4.419540342426473,15.92373735473928,1
4.530915434435606,17.355146332474195,1
4.589423067755737,19.495482353616666,1
4.601641342722013,21.399495583251085,1
4.602346364550904,17.823449121274123,1
4.586602980440173,16.117333245236786,1
4.615974109520098,13.654049900917013,1
4.693044066956796,12.980944843750136,1
4.708786877412663,12.824229906194775,1
4.692104420288184,16.701158453940142,1
4.602580989390625,19.570723861877447,1
4.667902495195353,17.65791201543844,1
4.8305009510508485,14.797280771166497,1
4.92425393926689,16.936178783871558,1
4.8102939584367785,20.149260969214414,1
4.821572013079578,17.598624909431777,1
4.911800465806029,12.668197066784424,1
5.01894600049668,10.459835981535845,1
5.06570518218484,15.73933863405946,1
5.128441799168589,20.21970012183875,1
5.063120293363861,15.954495854612235,1
5.159692795240603,11.584429912523225,1
5.318766715606508,8.45332206015463,1
5.384793243240127,7.862148832655941,1
5.5415174732796375,12.58461179908431,1
5.313597511619413,12.232714256162774,1
5.383148001087759,13.10876963251331,1
5.694952366324142,11.351811288770264,1
5.76567827461055,13.843463430350202,1
5.855435756692965,9.792915203018044,1
6.098159455795309,9.977865043334706,1
5.885981730936088,10.903220602311563,1
6.230211363752818,12.906196338590192,1
5.645843494309588,15.759608603212472,1
5.544101788445752,18.474205044291775,1
5.734661903378256,14.900494746731319,1
5.717978872598913,10.524407480194505,1
5.444239949574004,12.1493762976751,1
5.360356119652709,14.119306829066272,1
5.401475700364605,11.830166408885901,1
5.442830479571087,10.315516445344546,1
5.397951164875014,9.151670797917928,1
5.440480789244693,6.010492416465526,1
5.316886848614419,10.926304590221651,1
5.393486982716811,9.126264043158953,1
5.392546762393335,2.9863923061884114,0
5.438365723758019,8.680037692446827,1
5.702470686982766,12.30820675152438,1
5.690722235350796,13.735840731888558,1
5.920052240668801,14.918702289457114,1
5.878932659956906,17.021434949473843,1
5.645608869469867,7.605764054932372,1
5.600259731439489,10.641239575226464,1
5.58381189915473,15.44480054729983,1
5.622346591045647,19.27566200007034,1
