signal,anomaly_score,is_anomaly
-1.335425612077224,-0.014776122172371788,0
-1.3977348321236902,-0.011755338369023411,0
-1.555480271900609,-0.008408647642261902,0
-1.6106912359976395,-0.00485032391800625,0
-1.619367283325458,-0.0007046365789101141,0
-1.757394543130262,0.003842055688669443,0
-1.8339010272644685,0.009161964012198254,0
-1.8307461966965728,0.015293938476402784,0
-1.773957742096707,0.021850143391056488,0
-1.9143512376557628,0.02937492811079325,0
-1.9900691269763264,0.03791786481533973,0
-2.1407160099282616,0.04654987136720736,0
-1.9056751903279443,0.056329156869912585,0
-1.6958739178974398,0.06517981374472272,0
-1.8417883293408692,0.07258316242889089,0
-1.754239562124592,0.08032589567304511,0
-1.687197870569621,0.08948161816633406,0
-1.6146348118169536,0.09774935574784348,0
-1.583085904386898,0.10615008577761521,0
-1.7408311937260428,0.11431921925412358,0
-1.878069858717204,0.12512718598336645,0
-1.6887753610724554,0.13611933703767473,0
-1.7329440420874167,0.14479210340873838,0
-1.7984083935773263,0.15571620558435054,0
-1.893055567180813,0.16714944586756697,0
-2.031082826985617,0.18224888336581682,0
-2.069730441678429,0.2006845437050621,0
-2.16753274672536,0.21690897509991902,0
-1.912773747152928,0.23323579962613714,0
-1.944322805020757,0.24885301141315547,0
-1.8165490830466064,0.26464199754814466,0
-1.8078730357187884,0.27650267095503733,0
-1.8969992934379003,0.29086689836962915,0
-1.7518734768081137,0.3054357676143124,0
-1.721113013753928,0.31668190986900313,0
-1.69902859802756,0.3327488527181801,0
-1.6264658401504417,0.34641940527323073,0
-1.6493390011282258,0.35880026128731235,0
-1.5728323665562451,0.3746172153961182,0
-1.5215649782785263,0.3856291693454287,0
-1.501058203492769,0.39635446314360956,0
-1.5081567603177524,0.4069281758376334,0
-1.4016787088185518,0.4191731835681046,0
-1.2455104586689187,0.4251757456625071,0
-1.355932386862982,0.43298917203988174,0
-1.2147501460525083,0.4425139687057465,0
-1.2502429301774245,0.4450064099533802,0
-1.198186947086063,0.44373296791263445,0
-1.3022989132687857,0.44687102826453756,0
-1.3685520100101134,0.4506164745316043,0
-1.2013419280917328,0.45635614311137723,0
-1.064103263100573,0.4633530926465074,0
-1.1240466987061095,0.4707910236318089,0
-1.0869764240783577,0.47223305730275983,0
-0.9655123632399985,0.47497386622839494,0
-1.0964410662198196,0.48384906228225316,0
-1.1224692082032734,0.48906910508258183,0
-1.1279902745254222,0.4945848143745871,0
-1.2155390417416994,0.502478395226982,0
-1.21238406073603,0.5143623626492937,0
-1.2108065702331947,0.5228838568023721,0
-1.3330592258851977,0.5387689478277913,0
-1.4190305025986396,0.5493013355861731,0
-1.40404479413503,0.564491877599635,0
-1.2573414870024078,0.5760271650274649,0
-1.2959892521329943,0.5871214209803514,0
-1.1019621325419675,0.5934770869812254,0
-1.051483639953441,0.60394864016887,0
-0.908724209515681,0.6096129760440354,0
-0.9410620126349274,0.6154527144286458,0
-0.9615687874206852,0.6157594266325829,0
-1.051483639953441,0.6210120787465687,0
-1.0972299619090105,0.6285127923169096,0
-0.9946951853535748,0.6348977952194251,0
-0.8724425297015731,0.6387699591188052,0
-0.8290625939380297,0.6432852825090669,0
-0.7856826581744868,0.6442367437935259,0
-0.8716539348879294,0.6469721691990821,0
-0.7612320066938674,0.6497848109357449,0
-0.6594861258276226,0.6474800241402044,0
-0.6042754626061396,0.6472456274525776,0
-0.6129515099339585,0.6429063219307759,0
-0.7028663624667137,0.6394712189806946,0
-0.7919923193102776,0.6454623926154753,0
-0.7817390823551731,0.6440303814070013,0
-0.7391477414052738,0.6489849536921315,0
-0.7123310046081758,0.6484997540420365,0
-0.8085558191522724,0.6518375274214172,0
-0.7123310046081758,0.6551678795625696,0
-0.5885008584533384,0.6579076539373505,0
-0.551430583825587,0.659971642270574,0
-0.590078348956173,0.6646442185268647,0
-0.4709803734342931,0.66907995296163,0
-0.424445456665079,0.6721716301010493,0
-0.4339103996820905,0.6775982426103933,0
-0.4362764849985681,0.6803149998750977,0
-0.4686142881178144,0.6821090698867456,0
-0.4425861461343593,0.6841696573896879,0
-0.3999951060600079,0.6831280958896974,0
-0.3258545568045048,0.6830034433422181,0
-0.3321645188158456,0.6854894326820016,0
-0.3439952462737852,0.688799675228893,0
-0.3621362366186144,0.6920644415020334,0
-0.3692347934435971,0.6949172933713418,0
-0.3566151702964656,0.6953896321819565,0
-0.3999951060600079,0.6940397827142982,0
-0.3156013198494015,0.6976193994584957,0
-0.2627564410688477,0.6990115147919072,0
-0.1941372590110418,0.698385871308516,0
-0.2469818369160455,0.6944456560152592,0
-0.364502321935092,0.6950881825848364,0
-0.3794880303987022,0.6952617923621726,0
-0.410248343015113,0.6887420148939952,0
-0.4481075133320565,0.6826586502211028,0
-0.590078348956173,0.6820718391180944,0
-0.4504735986485346,0.6805564012303014,0
-0.3408405661436634,0.6786582576219025,0
-0.3818544165907293,0.6755087114101322,0
-0.3597698504265874,0.6716777839281082,0
-0.2824746210409626,0.6675622507963908,0
-0.4772903354456327,0.6604552777650204,0
-0.5806134059391632,0.6573748076926379,0
-0.4607271364791886,0.6546522823400295,0
-0.3006153105102429,0.652048366479798,0
-0.4228679661622445,0.6527772435103916,0
-0.3708119830708833,0.6478937562098641,0
-0.5593180363397627,0.6494122780711272,0
-0.4938535344120775,0.6472626900873455,0
-0.6744721351667811,0.6441238786422767,0
-0.6531764646918312,0.647940112076531,0
-0.7044438529695494,0.6527078846296909,0
-0.5435434321869606,0.6570374219044289,0
-0.7052324477831924,0.6630257342155139,0
-0.6318807942168814,0.668134906479989,0
-0.6105851237419314,0.6726134230391321,0
-0.6665846826526058,0.6736273228235599,0
-0.7131195994218182,0.6851177435485591,0
-0.6902467393195834,0.7271672671178089,0
-0.7052324477831924,0.740294265569991,0
-0.7494012792359278,0.7485513093349072,0
-0.8330061697573434,0.7558562751044321,0
-0.8495696695993364,0.7662672768279504,0
-0.9284423894877958,0.7834741727596132,0
-0.9899630147206184,0.8024130529837191,0
-0.9536816357820594,0.8150260609085371,0
-1.0751453957448684,0.8372254479902156,0
-1.118525632383961,0.8609524042613373,0
-1.0144133653256897,0.8823593240884978,0
-0.9276534937986038,0.9065681479345078,0
-0.9379070316292571,0.9255480940591254,0
-0.8416822170851612,0.9473838664923288,0
-0.861400397057276,0.9658141959846509,0
-0.94500558845424,0.9827275926249979,0
-0.8046119424574096,1.0015919777561682,0
-0.7257392225689504,1.0164954748199044,0
-0.6271483227083762,1.0261545474592564,0
-0.5608952259670484,1.0382220268510074,0
-0.5443320270006042,1.0463605837040215,0
-0.4315440134900634,1.063603252587705,0
-0.4078822576986349,1.0650347040992296,0
-0.5238252522148458,1.0703134525161206,0
-0.4410089565070738,1.0708706849440526,0
-0.5459095175034387,1.075980986476039,0
-0.5017406860507039,1.0802942253461665,0
-0.4772903354456327,1.0944379454573108,0
-0.529346318536994,1.1034858321611176,0
-0.5790362163118776,1.1116212320806522,0
-0.7091760236025056,1.1192653483259392,0
-0.8306400844408647,1.1309923526877586,0
-0.729683099263813,1.1432612452278224,0
-0.6989224857718522,1.157479056434991,0
-0.6460779078668479,1.1643347097235086,0
-0.4788678259484673,1.1748784465268847,0
-0.6161061900640803,1.1793942316179746,0
-0.5837683869448339,1.1970804432707587,0
-0.6934014194497035,1.207319981785797,0
-0.7975133856324264,1.2210408081669994,0
-0.7714855445245202,1.239273392324957,0
-0.8408936222715175,1.2570654440154632,0
-0.8195979517965682,1.274686526664798,0
-0.8085558191522724,1.290746782500266,0
-0.6586975310139794,1.3104533980305109,0
-0.5814023016283552,1.3222275725430277,0
-0.7265281182581423,1.3338833711919182,0
-0.6121626142447665,1.3494257704163861,0
-0.7115424097945326,1.3606450123765903,0
-0.5238252522148458,1.3733645872147306,0
-0.4623043261064742,1.3841877628472525,0
-0.4299665229872278,1.39160541107689,0
-0.3850090967208494,1.392829864800751,0
-0.3944740397378608,1.4022936192781659,0
-0.3045588863295555,1.4167303041813692,0
-0.256446779933057,1.4195212311854182,0
-0.30613637683239,1.4227345447171558,0
-0.2288411474467668,1.428705207726717,0
-0.2769535547188143,1.4203302183636697,0
-0.256446779933057,1.4159803153946822,0
-0.2635453367580402,1.4151140679299847,0
-0.2958831398772866,1.415748923021384,0
-0.2682775073909965,1.4155372224716527,0
-0.1649544368974661,1.4106166393962831,0
-0.2572353747466995,1.3937520267137933,0
-0.2241089768138106,1.3859469787052061,0
-0.2501368179217162,1.3784255100621554,0
-0.2943056493744505,1.3763810195689767,0
-0.3558262746072737,1.3765583031589665,0
-0.3132349336573745,1.3811900364538192,0
-0.3936851440486683,1.3794590711090724,0
-0.5388109606784555,1.3762339003125978,0
-0.553796970017614,1.3738713644241136,0
-0.6586975310139794,1.3834058271409808,0
-0.7123310046081758,1.392231010833775,0
-0.7588659213773887,1.4077401161414194,0
-0.694190315138896,1.4228990477028145,0
-0.6870917583139127,1.4274700691433166,0
-0.6642185973361278,1.434438307072199,0
-0.7123310046081758,1.4498863431854243,0
-0.8180204612937332,1.4679178092852192,0
-0.6216272563862274,1.4833700477362695,0
-0.6405568415446997,1.4958455840364953,0
-0.6523878698781882,1.5016151205352697,0
-0.6310921994032388,1.5168005224624925,0
-0.4891210629035723,1.5294954591063128,0
-0.4465300228292209,1.546408724183931,0
-0.4520510891513691,1.5487318199861597,0
-0.6019090764141125,1.5508687190329962,0
-0.5214588660228188,1.5487213530453978,0
-0.6673735783417978,1.5521924480242926,0
-0.3353194998215163,1.5593079799521876,0
-0.2075454769718158,1.5603696358833719,0
-0.1586444748861253,1.5473262570211033,0
-0.1499684275583075,1.541392073299879,0
-0.2177990148024698,1.5387152058070956,0
-0.3092913578380607,1.5348334185652648,0
-0.2248975716274531,1.5280274896353903,0
-0.1728415885360919,1.5175181835200546,0
-0.0679407266641775,1.502602668716556,0
-0.0561099992062379,1.4887053171921423,0
-0.209122967474652,1.4835852680014636,0
-0.2201651001189474,1.4750703036121333,0
-0.141292380230488,1.4681841921416101,0
-0.1239405864504002,1.4641691757664161,0
-0.1152645391225824,1.4561612162267215,0
-0.0947574634612756,1.4476602673719985,0
-0.0584760845227161,1.4411984059514553,0
-0.0529550182005678,1.438593844990112,0
0.0164530595464305,1.4425236936711718,0
0.0290726826935621,1.4399242226485935,0
0.0061995217157766,1.444825275065967,0
0.0022559458964628,1.4503815338564094,0
-0.1073770866084072,1.4453023064662995,0
-0.034025733917645,1.4376840739741976,0
0.0054106260265846,1.4300644457191396,0
0.0235516163714133,1.4213066258198999,0
-0.1365602095975318,1.4135628840247172,0
-0.2264750621302881,1.4036011922470473,0
-0.1136870486197474,1.3925767725877172,0
-0.0537439138897598,1.3805433150138862,0
-0.1042224064782854,1.3690522520322403,0
-0.0955463591504676,1.3542588363064036,0
-0.2059679864689813,1.3400425892468104,0
-0.1830951263667447,1.3315007285063447,0
-0.1002788306589728,1.31972815161032,0
-0.0742506886755177,1.3094994009885033,0
-0.0403353950534363,1.2961245663788508,0
-0.0742506886755177,1.2849021996697303,0
0.0069881165294202,1.2747240136016122,0
-0.0411242907426283,1.261964086338801,0
-0.0837153308169797,1.2397351352818404,0
-0.069518217167012,1.2268704584154255,0
0.0148755690435944,1.2044936329589118,0
-0.0119411677535037,1.1887451399535098,0
0.0109319932242817,1.179055280275444,0
-0.0537439138897598,1.165639340053143,0
-0.1199970106310876,1.1529794707721608,0
-0.1065884917947641,1.146823855179554,0
-0.0545325087034029,1.1356105558616278,0
0.0132980785407599,1.123549463249537,0
-0.0600535750255511,1.1154412241364757,0
-0.0387579045506012,1.097534040593368,0
-0.0458564613755845,1.0895124544677757,0
-0.0261382814034697,1.074058692260369,0
-0.022983300397799,1.0557170329022314,0
0.0290726826935621,1.043922693377315,0
-0.0079975919341899,1.031387485282686,0
0.0598329953099728,1.016532034559674,0
0.0235516163714133,1.0018562931454273,0
0.0282837870043696,0.9874334891918881,0
0.0251288059986994,0.9770729731033325,0
0.0109319932242817,0.9624772043387376,0
-0.0852928213198142,0.9502553443129,0
-0.0285043667199478,0.9383413768033839,0
-0.0387579045506012,0.9329828756475518,0
-0.0434903760591064,0.9271876338017252,0
-0.2690664030801874,0.91811275232283,0
-0.3479391229686467,0.9146855622003598,0
-0.410248343015113,0.9148782863940399,0
-0.4173468998400957,0.913628455356579,0
-0.4709803734342931,0.9121187229335856,0
-0.3810655209015367,0.9112214307174774,0
-0.3897415682293551,0.9137074759262811,0
-0.3873754829128764,0.9163201777043971,0
-0.4315440134900634,0.9159146697794742,0
-0.5009520912370607,0.9175227879312022,0
-0.44574112714003,0.921507220189577,0
-0.4725578639371276,0.9249497917326981,0
-0.4512621934621783,0.9248819782208384,0
-0.4701917786206495,0.926967246078789,0
-0.4197132860321227,0.9280663277198322,0
-0.3297984334993675,0.9266398468752829,0
-0.2635453367580402,0.926598659326032,0
-0.2438271567859254,0.923050119741294,0
-0.2722210832103092,0.9189815786623294,0
-0.2099118631638429,0.9159415581440297,0
-0.2004469201468325,0.9107435155137367,0
-0.1570669843832902,0.9057080586485632,0
-0.1144756434333905,0.8966860964381291,0
-0.0482225466920627,0.8890079300959329,0
-0.022983300397799,0.8801766141449222,0
-0.0458564613755845,0.8751277284966706,0
-0.0403353950534363,0.8685517764240979,0
-0.0821378403141435,0.8643103048797992,0
-0.1010674254726158,0.8552907730700592,0
-0.256446779933057,0.8439106385766934,0
-0.269854997893831,0.8351888491700876,0
-0.3211223861715486,0.8296798852544014,0
-0.3518826987879604,0.8295009685912491,0
-0.3258545568045048,0.828962315109312,0
-0.3211223861715486,0.8283087053275597,0
-0.3723894735737189,0.8287859803912478,0
-0.3439952462737852,0.8303591282624314,0
-0.3826430114043718,0.833210718027406,0
-0.4757128449427977,0.8341098480366715,0
-0.4630932217956662,0.8378119704061837,0
-0.6445004173640129,0.8545752960849914,0
-0.5892894532669821,0.8659875027007565,0
-0.5727262543005368,0.8759538063144208,0
-0.6161061900640803,0.885463578877241,0
-0.5017406860507039,0.8991186135983781,0
-0.4623043261064742,0.905418222035523,0
-0.4615157312928311,0.9096942839085559,0
-0.3818544165907293,0.9128695661415454,0
-0.3968401250543384,0.9142542294111354,0
-0.364502321935092,0.918268157064371,0
-0.3424180566464996,0.9162682346887343,0
-0.2651225263853258,0.9208468058631842,0
-0.2335736189552714,0.9221123544446876,0
-0.1752076738525706,0.9244063702262503,0
-0.1838837211803884,0.9239101101589454,0
-0.3779105398958661,0.922460099398425,0
-0.3069252725215826,0.9262851697285411,0
-0.317967405165879,0.9277911499168932,0
-0.4236568618514365,0.9304057262429836,0
-0.4205018808457664,0.9366019271216303,0
-0.4757128449427977,0.9413397799608993,0
-0.4962196197285551,0.9719117120492451,0
-0.4339103996820905,0.9781747263114035,0
-0.6287258132112118,0.991283705055835,0
-0.6350357752225515,1.0029634432633494,0
-0.6200497658833929,1.010106893689289,0
-0.600331585911278,1.017420098842202,0
-0.5703601689840582,1.0243375594559894,0
-0.7068099382860275,1.0357372891920298,0
-0.7281056087609769,1.051133772655054,0
-0.7060210425968355,1.0613732518507273,0
-0.7486123835467353,1.0756134895457445,0
-0.8251190181187165,1.0876544538158923,0
-0.8803299822157472,1.1055704714450263,0
-0.8637664823737542,1.119445247603857,0
-0.8424711127743532,1.1368149424636693,0
-0.8132879897852286,1.1528432396461876,0
-0.7454574025410652,1.1669875572860104,0
-0.7060210425968355,1.1831641232854744,0
-0.6910353341332258,1.1960817234546768,0
-0.6034865669169487,1.2046995679663435,0
-0.5222477617120107,1.2124091723058936,0
-0.6752607299804247,1.2181886010025698,0
-0.6445004173640129,1.230303194298305,0
-0.7462462982302571,1.2403942724151014,0
-0.7328377793939331,1.2517522390578815,0
-0.682359286805408,1.2635199973831635,0
-0.6468665026804911,1.2755454008256482,0
-0.600331585911278,1.2851974247212623,0
-0.564050206972719,1.29585413528331,0
-0.6050640574197832,1.304121542224819,0
-0.5750923396170144,1.3134700756808453,0
-0.5183041858926969,1.321492748504004,0
-0.5443320270006042,1.3265300424288353,0
-0.6247822373918981,1.327109287156453,0
-0.5798248111255201,1.336311338763659,0
-0.4575721554735179,1.337768417279639,0
-0.3897415682293551,1.334518808427112,0
-0.3668684072515707,1.333267521148484,0
-0.3140238293465653,1.3296840572563111,0
-0.2777424504080063,1.3246634063654559,0
-0.3574037651101087,1.3228235609050871,0
-0.3234884714880273,1.3212012189990852,0
-0.3676573029407615,1.310043911446977,0
-0.3242770663016703,1.3019358713512301,0
-0.3392630756408289,1.2986213640963677,0
-0.3566151702964656,1.291017647867203,0
-0.3258545568045048,1.2870078549667305,0
-0.4023611913764866,1.2812738747646628,0
-0.3842205019072068,1.2710293890871813,0
-0.4812339112649459,1.2559497390441954,0
-0.4843888922706161,1.246717157186482,0
-0.5451209226897951,1.2330326642101201,0
-0.5206702712091756,1.2206379013464246,0
-0.4086711533878268,1.2099132081838917,0
-0.4985860059205821,1.1965353900755595,0
-0.4772903354456327,1.1811284633326837,0
-0.4165583050264532,1.160081451048289,0
-0.4938535344120775,1.1429739629116975,0
-0.4591496459763524,1.1271577393415677,0
-0.5616841216562404,1.1179453047834935,0
-0.5719376594868943,1.1023694284195573,0
-0.6097965289282878,1.0851302706064172,0
-0.5096281385648791,1.0639241114597486,0
-0.5048956670563746,1.044623237546541,0
-0.3968401250543384,1.023871493437694,0
-0.3574037651101087,1.0025197832582398,0
-0.3629248314322569,0.9863740355651659,0
-0.4899099585927643,0.9670035585337273,0
-0.4433750418235513,0.950998403262262,0
-0.4307554186764198,0.932115532902162,0
-0.3463616324658122,0.9179725923126189,0
-0.2998267156965993,0.904249424217627,0
-0.2998267156965993,0.8929465189387221,0
-0.2982492251937642,0.8846466499474833,0
-0.3321645188158456,0.8806338851885762,0
-0.2588128652495345,0.8745338909268697,0
-0.247770732605238,0.8674122723311437,0
-0.2390946852774197,0.8585318306216736,0
-0.1160531339362261,0.8450780335467345,0
-0.1428698707333242,0.8293406644609735,0
-0.1223630959475657,0.8146611229285601,0
-0.1681091170275862,0.8033699270931508,0
-0.1594333705753173,0.789106364062989,0
-0.245404346413211,0.774443151312618,0
-0.2580242704358915,0.7610275501747176,0
-0.2927281588716159,0.7512512759918634,0
-0.2288411474467668,0.7390701515256863,0
-0.3471502272794559,0.7319876299654087,0
-0.3242770663016703,0.7231754865422139,0
-0.2185879104916618,0.7098499806769079,0
-0.1886161926888935,0.6964474032718726,0
-0.2438271567859254,0.6856929709521176,0
-0.1767851643554051,0.6782466526992369,0
-0.1436587664225151,0.6673897949239498,0
-0.1428698707333242,0.6571904695757099,0
-0.1302502475861927,0.646528038788821,0
-0.1894047875025372,0.6384679013844055,0
-0.1752076738525706,0.628581643761282,0
-0.141292380230488,0.617120060607744,0
-0.0963349539641112,0.6055871026550439,0
-0.1192081149418956,0.5922075695276161,0
-0.0829267360033361,0.5750323595011603,0
0.0164530595464305,0.5491906277918709,0
0.0361712395185454,0.5277318502046477,0
0.054311928987824,0.5159970386354433,0
0.0480019669764844,0.5023242767614249,0
0.0669315521349556,0.49062775550735066,0
0.1536914236620419,0.48087951652262634,0
0.2885637024611751,0.4737232474943894,0
0.276732975003236,0.46741732667964575,0
0.2459726623868253,0.4599852932583881,0
0.274366588811209,0.45365588632766896,0
0.2404515960646765,0.4492434424107386,0
0.2420287856919626,0.4415402724007757,0
0.158423895170547,0.4324398640066223,0
0.1292410730569708,0.4203830144721382,0
0.1142550637178122,0.40850434118980467,0
0.2254655867255179,0.3958496013596258,0
0.1891842077869583,0.3877800209592444,0
0.2475501528896597,0.37739875077449836,0
0.3414085812417288,0.36524374689846817,0
0.4147602348080399,0.3541968208154947,0
0.3485071380667121,0.34594719866511225,0
0.3390424959252506,0.33559165462894053,0
0.2846201266418624,0.32581521291276627,0
0.2925075791560382,0.31572404287833405,0
0.3682253180388269,0.3072099752138159,0
0.2980286454781854,0.29821365031943,0
0.3098593729361261,0.2887333887113673,0
0.1789306699563055,0.2799269457167154,0
0.2365077193698138,0.26990395166373027,0
0.2893525981503676,0.2597668625046124,0
0.3390424959252506,0.24916996085431733,0
0.2720005034947309,0.23811200665375698,0
0.2294091625448305,0.22970671163121192,0
0.2641133518561039,0.21729754519149774,0
0.2846201266418624,0.20676762653017214,0
0.2735779939975659,0.19704007216195776,0
0.2972397497889945,0.18694668385105404,0
0.346929647563877,0.17718450309077,0
0.3682253180388269,0.16822553820943667,0
0.3769013653666447,0.15958361400571036,0
0.4952104451993337,0.1513625747019921,0
0.4691823032158792,0.14308910862900598,0
0.4849569073686809,0.13439838257305117,0
0.5307029284487019,0.12717899014893155,0
0.5267593526293892,0.12103673079894826,0
0.6261391481791543,0.11727073730206229,0
0.6561105651063742,0.11501344141977299,0
0.6111531388399957,0.11116415365044378,0
0.6340262998177812,0.10818763303006819,0
0.7310397091755209,0.10574235326092842,0
0.7791521164475683,0.10497332483203842,0
0.7972928059168481,0.10393860961179834,0
0.8367294667366266,0.1034652521163913,0
0.7917717395946998,0.10255830343395603,0
0.810701324753171,0.10184024356140671,0
0.8091238342503366,0.10063237569381112,0
0.7633775122947672,0.0987097658568641,0
0.772842455311777,0.09660262729862017,0
0.8501376846974013,0.09449278297047246,0
0.9400525372301572,0.09317703479074356,0
0.9321653855915308,0.09321085148281935,0
0.9818549824908648,0.09326609709328432,0
0.9361086605352952,0.09304204981476416,0
0.8525037700138794,0.09250668355335367,0
0.8706447603587081,0.09039680091542703,0
0.9550385465693156,0.08849950056064369,0
0.9274326132074768,0.08446490927350704,0
0.8248984384031383,0.08009885737533173,0
0.7649550027976018,0.07587716346333669,0
0.6387587713262858,0.0709325564144969,0
0.5882802787377608,0.06516034432558493,0
0.4344784147801547,0.060757431496074876,0
0.4415769716051375,0.054545790621260956,0
0.4336895190909622,0.049534412920288706,0
0.5449000420986679,0.04331616142356552,0
0.6032659872013699,0.0385218027695769,0
0.630082723998468,0.035484088663107,0
0.6474348186541052,0.03240841385399831,0
0.630082723998468,0.029349397969618926,0
0.7160540007119106,0.028024730747700295,0
0.7775746259447333,0.026599733275601396,0
0.8059688532446665,0.025184176580107583,0
0.7349832849948336,0.02372163312615972,0
0.6269277429927979,0.021322843748031593,0
0.5756606555906286,0.020334718690228785,0
0.5961674303763866,0.018493841160618803,0
0.700279396559109,0.01712298249841977,0
0.7026454818755866,0.01540399118805152,0
0.5882802787377608,0.014071070282615283,0
0.5070411726572744,0.01245036270643853,0
0.6584769512984007,0.010555743527062737,0
0.604843477704205,0.009636603420242812,0
0.5535760894264874,0.00863401863458535,0
0.5732942693986022,0.007494653163570562,0
0.5914349588678809,0.00628428375418043,0
0.6821387070898293,0.005354828117269656,0
0.6600544418012368,0.0048408781660108,0
0.7657438984867942,0.0044107038831072126,0
0.9053483479188836,0.003902497297054452,0
0.8367294667366266,0.0037936582926435753,0
0.961347906829558,0.003655401057014458,0
0.9353203665972007,0.0037460587390980493,0
0.911658309930224,0.0038726880270379765,0
0.8430388269968692,0.0035251499319395906,0
0.8872079593251528,0.0033983878129793363,0
0.7349832849948336,0.0032722715561493915,0
0.7744196449390631,0.0027096980657719824,0
0.7633775122947672,0.0023371315714170744,0
0.7767860311310897,0.0019257867280487763,0
0.6600544418012368,0.0016255608361109134,0
0.7673210881140798,0.0010761116727523517,0
0.9321653855915308,0.0005893964854379492,0
1.0354884560850612,0.0003225888446411023,0
1.055206636057176,0.0002630898433029791,0
1.0804458823514391,-1.5377567548055914e-05,0
0.9881649445022052,-0.00010048203964322557,0
1.0118263994180845,-0.00014839393347705127,0
1.1656285642512387,-0.0002643833697481279,0
1.151431450601272,-0.0003335028863009807,0
1.1585297065507063,-0.00038052508802569073,0
1.1790367822120134,-0.0005981987404618707,0
1.1048962329565102,-0.000526015189138909,0
1.1325021663183492,-0.0005861467460345328,0
1.1435442989626456,-0.0006801531631105385,0
1.1364454412621134,-0.0005619639902161923,0
1.173515715889865,-0.0005315581140438089,0
1.0694037497071427,-0.00046946110621631207,0
1.1230372233013388,-0.0006445438507075808,0
1.1624735832455686,-0.00082553060015589,0
1.2642194641118127,-0.0009598201657442477,0
1.343881079689464,-0.0010741069754182546,0
1.2121631801449029,-0.0012141794432336543,0
1.3762185819331616,-0.0011717434522190622,0
1.3935706765887983,-0.0012856412833316129,0
1.3415143926218882,-0.0012938371743323005,0
1.362021468283195,-0.0012819131998204813,0
1.3896267998939362,-0.001244560095422936,0
1.4038239135439028,-0.0011312225337226074,0
1.4038239135439028,-0.0011015408950910206,0
1.387260714577458,-0.0009889663095055527,0
1.4629784534602472,-0.000881946607924487,0
1.454302406132429,-0.0009403744623757432,0
1.431429245154644,-0.0010538036208321993,0
1.34230328831108,-0.001094674641645826,0
1.1190933466064767,-0.0010598334114636347,0
1.0283902001356269,-0.0009964085492236373,0
1.145121488589932,-0.0008826120885062431,0
1.052840550740698,-0.0008646031214466064,0
0.9558268405074098,-0.000747470737388956,0
0.8722219499859942,-0.0007107164012541002,0
0.9329536795296248,-0.0005921499002979602,0
0.8706447603587081,-0.00047545651627124106,0
0.9668689731517064,-0.0003003590462928234,0
0.9503057741852616,-0.00024240194294808848,0
0.9787000014851948,-0.00021875338376052477,0
0.9992070771465016,-0.00024881283284872326,0
1.021291342435095,-0.000374427007885116,0
1.0410095224072091,-0.0005166744538639882,0
0.8966723005910654,-0.0007002501516567367,0
0.95898182151308,-0.0007474753899773652,0
0.8974611962802573,-0.0008261532752358277,0
0.9881649445022052,-0.0008907299117792611,0
0.9345314709080088,-0.0008937811441778309,0
1.174304611579057,-0.0008192356304470234,0
1.1348682516348274,-0.0006196803601325938,0
1.3281061746611136,-0.00010265735154011603,0
1.503992604782861,0.000712167004520889,0
1.5584143723151511,0.002009397460078137,0
1.6136256372877316,0.0037792968041842918,0
1.5970624383212868,0.006401381267680373,0
1.6128367415985396,0.009756707899803894,0
1.5181897184328277,0.013817059150622724,0
1.5860203056769904,0.017968752909965656,0
1.5899635806207546,0.02257388994903475,0
1.6104706562820614,0.02863936502790593,0
1.3162751463276252,0.03428354785780726,0
1.3123318713838608,0.039551988045617194,0
1.365965344978057,0.04605261203534173,0
1.1332904602564433,0.051747723441080855,0
1.1348682516348274,0.05681983684586786,0
1.1885017252290235,0.06184649615954185,0
1.243712388450506,0.06805238561664248,0
1.3225851083389653,0.07545484026333603,0
1.119882242295669,0.08146047304646618,0
1.169571839195003,0.08757085862345405,0
1.2310930661789234,0.09461699518019275,0
1.2555434167839945,0.10198832308292585,0
1.1829806589068754,0.11039255222202089,0
1.2965569663555103,0.11638699124702548,0
1.1885017252290235,0.12579476630575415,0
1.101741853701938,0.1341533777350605,0
1.2042760285062764,0.14111397238679976,0
1.1672057538785248,0.14939676516095038,0
1.2082199052011384,0.156837692749058,0
1.2208392274727211,0.1659493985133515,0
1.0449533991020714,0.17601941955615666,0
1.0346995603958693,0.18417427672682105,0
1.099375166634362,0.1924919116135388,0
1.0654598730122806,0.20162072253482688,0
1.052840550740698,0.21051277935985976,0
0.892729025647301,0.2200659999871812,0
0.9282215088966688,0.22744834307940626,0
0.963714593897134,0.23867921539186915,0
1.00472814346865,0.24631512175134349,0
1.077290901345769,0.2557823503332101,0
1.1175161569791907,0.2682346079079678,0
1.1151500716627123,0.27836492207061475,0
1.1853467442233534,0.2917129401609031,0
1.197177772556842,0.3019211162096138,0
1.170360734884195,0.3154566677833333,0
1.247656265145368,0.3297837897103069,0
1.3060219093725205,0.3511843561446965,0
1.270529426123153,0.3683811311808501,0
1.276050492445301,0.3853633209555363,0
1.1853467442233534,0.4056787215026745,0
1.1104172992786585,0.4170358527790178,0
1.1088401096513725,0.4304877432387043,0
1.0922769106849275,0.4492125447537607,0
1.2271491894840614,0.46242041042571225,0
1.315486852389531,0.477231773404485,0
1.175092905517151,0.4967204760977195,0
1.2066421138227543,0.513755109376771,0
1.200332753562512,0.540209367889437,0
1.2744727010669172,0.5534096019182924,0
1.3746413923058751,0.5753400063218088,0
1.3494021460116123,0.595393859471423,0
1.3478243546332285,0.6117020218787247,0
1.4503591311886646,0.6359571991575315,0
1.4661334344659174,0.6590159088511426,0
1.410133875555243,0.6817595922937737,0
1.453514112194335,0.7058266794696489,0
1.5426400690378983,0.7240351393604003,0
1.7043293855096793,0.7553895788415609,0
1.6988083191875312,0.7809543272337128,0
1.791878152725957,0.8145826033683592,0
1.627822750937698,0.8471525173549858,0
1.6286110448757924,0.8849254428607961,0
1.624667769932028,0.9171090944632609,0
1.6775123478370324,0.9490530807651453,0
1.5363301070265585,0.9889911929304844,0
1.362810363972387,1.0188892160431908,0
1.3919928852104144,1.0495220196197321,0
1.4266970745216878,1.080271259261901,0
1.4377392071659842,1.1105306855163442,0
1.266585549428291,1.146148090073919,0
1.1798256779012053,1.1687955597894966,0
1.2168959525289569,1.1917269138120312,0
1.2208392274727211,1.2189215910139521,0
1.00472814346865,1.238050185422962,0
1.0354884560850612,1.258537027072508,0
1.0757137117184827,1.262034359209149,0
1.096220185628692,1.2731155239217786,0
1.052840550740698,1.2864896708960059,0
0.985009963496535,1.2920993767656737,0
0.9163904805631802,1.297191288335879,0
0.7886167585890292,1.3031139559541098,0
0.7452368228254869,1.2966312388421048,0
0.7420818418198163,1.2895193598408672,0
0.6718851692591764,1.2839261615079316,0
0.629293828309276,1.2696882952076503,0
0.5504211084208167,1.2669873569170929,0
0.5125622389794215,1.2544119817855723,0
0.4920554641936642,1.2415645373686979,0
0.1576349994813545,1.226276357348366,0
0.2018038309340899,1.209636030423001,0
0.2183670299005352,1.189064237723257,0
0.2183670299005352,1.1721312005905258,0
0.2420287856919626,1.1584619451258702,0
-0.0206172150813214,1.1462842701001141,0
0.0740301089599389,1.1240417479559108,0
-0.2580242704358915,1.108653972358798,0
-0.162588050705439,1.0847011711181478,0
-0.1681091170275862,1.0609603237968317,0
-0.2682775073909965,1.0365229404750953,0
-0.1767851643554051,1.0122026681638636,0
-0.2177990148024698,0.9982384355654883,0
-0.0584760845227161,0.9806437418759282,0
-0.034814328731288,0.9619522684468185,0
-0.173630183349735,0.9478202022159423,0
-0.0852928213198142,0.9364631607416124,0
-0.2122779484803215,0.9233346441398058,0
-0.1610105602026029,0.9081857834170163,0
-0.2004469201468325,0.8973062703889455,0
-0.0876589066362923,0.8803913671998375,0
-0.1965033443275199,0.8669421264283864,0
-0.3006153105102429,0.8503602008333193,0
-0.5877119627641465,0.8443204685220511,0
-0.5119942238813573,0.8347496937501985,0
-0.6161061900640803,0.8268131011233769,0
-0.6389793510418647,0.8160549494698671,0
-0.8803299822157472,0.8134745778746293,0
-0.5892894532669821,0.8021671082785591,0
-0.7162745804274889,0.7920096631969277,0
-0.6594861258276226,0.7832581325206384,0
-0.6531764646918312,0.78574006386741,0
-0.564050206972719,0.7868197898088277,0
-0.5206702712091756,0.7824844077445703,0
-0.4520510891513691,0.7797164248181695,0
-0.4078822576986349,0.7782359190787341,0
-0.3085027630244171,0.7915420141623427,0
-0.105011001291929,0.7945974853870282,0
-0.0868703118226492,0.7966356359413862,0
-0.1657430317111086,0.7964130125517569,0
-0.2509257136109081,0.7996227548102092,0
-0.1247291812640439,0.7984866933035522,0
-0.1089545771112417,0.8009099049665548,0
-0.127884162269714,0.798352896033616,0
0.0085656070322547,0.7988941292891201,0
-0.0884478023254843,0.8038946146281692,0
-0.0845042265061706,0.8047517034592775,0
-0.04427897087275,0.80473778576164,0
-0.0001104402955641,0.8059990886907215,0
-0.1341938234055053,0.8065524854873843,0
-0.0300818572227823,0.8005912018276069,0
0.0424809006543361,0.7947328078658948,0
0.0077770122186111,0.7918279064034813,0
0.1237197058592736,0.7883853722377805,0
0.0685090426377918,0.7848550711584588,0
-0.0024765256120417,0.7783402489115544,0
0.0251288059986994,0.7737054221939258,0
-0.0829267360033361,0.7690420326152148,0
-0.0766167739919964,0.7657899737611772,0
-0.1010674254726158,0.7565115198155781,0
-0.0466453570647771,0.7460058952580237,0
0.0164530595464305,0.7225157176976353,0
0.0566780143043027,0.7181767613486533,0
0.1497478478427287,0.7119963685804163,0
0.1891842077869583,0.7042832437012118,0
0.2546484088390942,0.6996900916260134,0
0.2578033898447648,0.6965964134271926,0
0.2814651456361923,0.6976427784491805,0
0.1410718005149103,0.7012319195232573,0
0.1426492910177454,0.7023332219847948,0
0.2562258993419287,0.7012561234306609,0
0.2783104655060706,0.7023984267694903,0
0.1663110468091734,0.7037039986570902,0
0.228620567731188,0.7033436881951882,0
0.2262544824147104,0.7051439431411163,0
0.1994377456176112,0.7059562780657778,0
0.2341416340533363,0.7038184385190916,0
0.1876067172841233,0.7048692538536138,0
0.2443951718839891,0.7013604637958702,0
0.2507048330197816,0.7052643888987336,0
0.3603378655246517,0.7072298033604518,0
0.3879434980109417,0.7107632144652186,0
0.3808449411859584,0.7206210681926734,0
0.4258023674523364,0.7296883391063591,0
0.4210698959438317,0.7373344327252489,0
0.4841683125550378,0.7444429196662933,0
0.4959990400129773,0.7531737574955112,0
0.4218587916330226,0.7592368262688861,0
0.4045066969773865,0.7649555387923331,0
0.4928440590073067,0.7753597567205968,0
0.4510416137465994,0.7820483965113441,0
0.4423655664187811,0.786471843741264,0
0.508618663160109,0.7961005461265416,0
0.6229841671734847,0.796209741100534,0
0.701068292248301,0.8044957166977583,0
0.6916033492312912,0.8198458666997251,0
0.663209121931357,0.82953289372212,0
0.7405046521925306,0.8432768427803652,0
0.844616618375253,0.8518766274702041,0
0.8114899195668147,0.86236212173608,0
0.8611798173416978,0.876062756649202,0
0.7799410121367603,0.8953262152735462,0
0.8043913627418314,0.9098775708331737,0
0.7657438984867942,0.9168278128761737,0
0.8170112867645118,0.927740735225048,0
0.794137824911178,0.9395128882392826,0
0.8130674100696498,0.9518376356441366,0
0.9471507931795916,0.9646021509310986,0
0.9944749065135452,0.9809139896479888,0
0.96213680251875,1.000961422545482,0
0.908503328924554,1.0108297959053716,0
0.7578564459726185,1.0164141326530263,0
0.7736310501254201,1.0225074139203196,0
0.8059688532446665,1.0309232539880955,0
0.781518201764046,1.0456112826594302,0
0.640336261829122,1.052102762885401,0
0.6505894987842253,1.0556444318719294,0
0.6750401502648459,1.0698691884606846,0
0.6079984587098756,1.0818751278779983,0
0.6647866124341931,1.091717305178082,0
0.631660214501303,1.1039097609588493,0
0.6285052334956329,1.1247037298955105,0
0.5796042314099413,1.1512975174887137,0
0.637969875637095,1.1625659607764094,0
0.6568994607955662,1.1752141074643851,0
0.7239411523505376,1.1960058994117404,0
0.7152651050227187,1.2182671083587038,0
0.7420818418198163,1.2392261762451462,0
0.7334060953675473,1.2510780414955547,0
0.6095756483371612,1.2644760291489072,0
0.3327325339139104,1.2745829139911833,0
0.3895209885137762,1.2848420838728551,0
0.4297459432716495,1.2916425261043392,0
0.403718102163744,1.2989987379715022,0
0.228620567731188,1.3046503252007144,0
-0.0150961487591732,1.31282701368061,0
-0.034814328731288,1.310612121938991,0
-0.0166736392620083,1.3084341776269635,0
-0.1586444748861253,1.3072975216547158,0
-0.0868703118226492,1.2993125202185016,0
0.0235516163714133,1.2890305535097955,0
-0.034025733917645,1.2857916508985685,0
-0.033236838228453,1.2811714523745357,0
-0.2012358158360251,1.2838000047844067,0
-0.1113209633032687,1.2793183375795503,0
-0.0931802738339895,1.2750157128518869,0
-0.1389262949140105,1.2623297891720637,0
0.0164530595464305,1.2340354753701592,0
0.0054106260265846,1.228145670461646,0
0.2333530392396937,1.2245022072452123,0
0.2948736644725158,1.2247542887849847,0
0.3319439391002679,1.224491978125761,0
0.3264228727781191,1.2248479617794934,0
0.4486755284301207,1.2273117443128614,0
0.4526191042494345,1.2310626370005087,0
0.3769013653666447,1.2315219504696409,0
0.4258023674523364,1.2375372352558605,0
0.2018038309340899,1.2426572424322997,0
0.2877751076475325,1.2374987921042548,0
0.3011833256083072,1.2340393115291484,0
0.3130143539417956,1.2311363174582293,0
0.3264228727781191,1.2334032770937837,0
0.5314918241378939,1.231901163651197,0
0.513351134668614,1.2427288010788964,0
0.5141397294822577,1.2507251762612093,0
0.4644501325829229,1.2543760465781681,0
0.3098593729361261,1.2553502861811634,0
0.2436062761947982,1.2534310474401436,0
0.1268746868649437,1.2486146803177731,0
0.1529028288483982,1.2418239023940187,0
0.1994377456176112,1.2363046433385438,0
0.2428176813811546,1.2317528488011587,0
0.1726210088205131,1.2248185818079043,0
0.1836631414648101,1.2204514585979052,0
0.1978602551147767,1.2146576168828669,0
0.2507048330197816,1.203542699607496,0
0.3437746665582069,1.1996316301518013,0
0.3855774126944636,1.1908620370740481,0
0.0203966353657432,1.1872106745296607,0
0.1552689141648769,1.173510515432465,0
0.0787622795928952,1.1624153220049591,0
-0.0048426109285204,1.1470894778080278,0
-0.2051793916553383,1.1337659756262426,0
-0.090813887641963,1.1205729092461927,0
0.063776571129286,1.0958603500672828,0
0.0976918647513675,1.0881548276271795,0
0.2688455224890602,1.0752099101348789,0
0.1213536205427955,1.0658938180688706,0
0.0614104858128073,1.055322806710851,0
0.0929593932428629,1.0468594304807886,0
0.1986488499284203,1.0375329643474405,0
0.2089023877590732,1.032180875167951,0
0.156846404667712,1.030012411902597,0
0.1308182626842564,1.0264919273159352,0
0.037748429145831,1.0214935537786962,0
-0.0040540161148767,1.016035289240606,0
0.0976918647513675,1.007608081771715,0
0.1647335563063389,1.0007956885755909,0
0.23808520987265,1.000490143697016,0
0.1111000827121415,1.0022852443951948,0
0.0196077396765506,1.00519561716316,0
0.202592425747733,1.0193571730822963,0
0.2057474067534031,1.021922119925813,0
0.2230995014090398,1.0271195567725149,0
0.3280000624054047,1.0314351676088476,0
0.2925075791560382,1.0362365302224863,0
0.1623674709898602,1.0424472778460308,0
0.110311487898499,1.0482881593698197,0
0.0913819027400267,1.0490335652399243,0
0.7263075385425646,1.0525851040937948,0
0.4455205474244512,1.0647098895454403,0
0.3485071380667121,1.0775546835067913,0
0.3500846285695466,1.088303861919989,0
0.346929647563877,1.0961005131604526,0
0.3903095833274199,1.1035929331689942,0
0.2838315318282188,1.1182360331416425,0
0.2207334160925616,1.1233574777904527,0
0.2144234540812214,1.1313907072266216,0
0.1749870941369918,1.1367959400039171,0
0.0298612775072046,1.1430776868605421,0
-0.0056315066177112,1.1457793612982652,0
-0.0829267360033361,1.1498476134192797,0
-0.0979124444669457,1.1528307949061265,0
-0.069518217167012,1.1459663504785582,0
-0.0742506886755177,1.1424978132536499,0
-0.0837153308169797,1.1396798818288374,0
-0.0868703118226492,1.1375719464154361,0
-0.01115257293986,1.126584564974941,0
0.0795511752820877,1.1274642938873507,0
-0.0079975919341899,1.118073172665085,0
-0.069518217167012,1.0962644932890449,0
-0.0261382814034697,1.0812364669567756,0
0.0188191448629081,1.0546407184812556,0
0.0069881165294202,1.0287932859572253,0
-0.0300818572227823,0.9945098781596798,0
0.0369598343321879,0.9526442109380137,0
0.1797195656454963,0.9192196894241725,0
0.2002263404312548,0.8871777657388944,0
0.2341416340533363,0.8563045265099835,0
0.1670999424983659,0.8124737513369974,0
0.1458042720234149,0.7835099782784581,0
0.1079454025820214,0.7456519428527714,0
0.038537324835023,0.712104341868576,0
0.1978602551147767,0.6681781932737333,0
0.2246769919118743,0.6265202903866322,0
0.2790990603197142,0.5915083556538324,0
0.2096909825727157,0.5548208891001543,0
0.2727893991839234,0.5228306255228491,0
0.2798879560089061,0.5030307883625117,0
0.2499162382061379,0.47458313846168965,0
0.2451837666976327,0.4410056025844801,0
0.2704230129918964,0.41044148716192197,0
0.2428176813811546,0.38095765733850917,0
0.3177468254503002,0.3579629294545647,0
0.2649019466697476,0.3287471250425627,0
0.119776130039961,0.3008000963262935,0
0.2696344181782528,0.26998217815664705,0
0.3855774126944636,0.23623207152775605,0
0.3216904012696139,0.2073198934097055,0
0.3406196855525368,0.14946974061688037,0
0.3721688938581401,0.11166708018377144,0
0.3485071380667121,0.08972497231041618,0
0.1166211490342903,0.08265223396239198,0
0.1789306699563055,0.054857242098661586,0
0.1899728026006009,0.03791252284406694,0
0.3737463843609752,0.027555201136826545,0
0.3737463843609752,0.015821238681377633,0
0.4344784147801547,0.008740874416151163,0
0.4202813011301881,0.001149133991509752,0
0.4376333957858248,-0.003834183023355791,0
0.3997742254688813,-0.0071861089950159595,0
0.4329009242773197,-0.009790999917592108,0
0.5030975968379606,-0.00823793219353642,0
0.5141397294822577,-0.012981847969627217,0
0.571716778895766,-0.015186880543837171,0
0.5709281840821235,-0.02063289950297005,0
0.5938013450599079,-0.01699643231749391,0
0.5322804189515363,-0.017325947292371198,0
0.5385903809628771,-0.010413265742418385,0
0.5851252977320901,-0.005288107839304913,0
0.630082723998468,-0.004311524035161928,0
0.6332377050041376,-0.0072590283604439115,0
0.630082723998468,-0.005924850108863767,0
0.5811817219127775,-0.007624654114862034,0
0.5906463640542383,-0.006370113661499919,0
0.7381382660005036,-0.008246094240095375,0
0.7554903606561403,0.005699180064824401,0
0.7105329343897624,0.0023144870674743994,0
0.4668162178994011,0.011067900964695667,0
0.4628726420800885,0.00871829012312481,0
0.4218587916330226,0.008858478168084888,0
0.346141052750234,0.015613578486376928,0
0.3579717802081735,0.02376901744689554,0
0.3248453822752846,0.01779909135839566,0
0.3808449411859584,0.03114017103443099,0
0.382422431688793,0.03735480651682097,0
0.3666478275359919,0.03279578298950305,0
0.2404515960646765,0.03681469018781248,0
0.1497478478427287,0.049802364513965074,0
0.0393259196486655,0.041590201448292605,0
-0.0434903760591064,0.04661004053308478,0
-0.0166736392620083,0.054218188002853746,0
-0.0285043667199478,0.044844230953418385,0
-0.1223630959475657,0.07296812505270443,0
-0.1681091170275862,0.07133654737813877,0
-0.2824746210409626,0.07433048902525738,0
-0.3219109809851922,0.06581720464237117,0
-0.2319961284524364,0.06099875904867164,0
-0.2162215242996348,0.06277427129572903,0
-0.2659114220745178,0.05693743595558954,0
-0.3250659619908623,0.07384105470372807,0
-0.2958831398772866,0.06363805674292596,0
-0.1988697305195469,0.05280215060822727,0
-0.1791515505474321,0.05326333820797393,0
-0.129461652772549,0.0715171161055384,0
-0.129461652772549,0.07364838904147059,0
-0.0316593477256185,0.06847802462573721,0
0.0069881165294202,0.08908310808422977,0
-0.0245607909006352,0.09812215524742768,0
-0.1783626548582401,0.08786602128325176,0
-0.2990378200074067,0.1082212960852324,0
-0.3913190587321901,0.12364935501341795,0
-0.5206702712091756,0.12624827968966781,0
-0.7044438529695494,0.11492288216449585,0
-0.5474870080062738,0.12690638034875362,0
-0.5135717143841924,0.10902159678104742,0
-0.5451209226897951,0.12957690426862084,0
-0.6145286995612441,0.12836342671018697,0
-0.9789208820763214,0.125990370012553,0
-1.779478958856629,0.13453737134345764,0
-1.5247199592841971,0.12777172675040938,0
-1.6335643969754248,0.13467173499442467,0
-1.7502959863052787,0.11285393937024348,0
-1.7321552968359986,0.12757636264324537,0
-1.9711395418178552,0.13276495596504187,0
-2.109166801622659,0.12356063900641857,0
-2.6281492924712104,0.10444149726171995,0
-2.2456167213624023,0.08009197723057976,0
-2.4656715316235607,0.06546067177167697,0
-2.39231987805725,0.057432910399994964,0
-2.3410526402173057,0.05320550938635962,0
-2.303193770775912,0.05240967622965252,0
-2.452263163225012,0.03724727976682954,0
-2.5382344399384538,0.03185997820872827,0
-2.650233708197577,0.014376640765496678,0
-2.6194733955811658,0.01132312185887207,0
-2.632881763979716,0.03307790073601781,0
-2.2377294192860013,0.01081407941369446,0
-1.999533769117788,0.0009580582703166942,0
-2.1777861341182394,0.003202091784181795,0
-2.3710243580200743,0.006592753386723861,0
-2.255870108755281,-0.007666898875288845,0
-2.43964354007788,-0.011477213395519065,0
-2.467249022126396,-0.004436713861384205,0
-2.648656217694743,-0.02159361577409907,0
-2.66758565241544,-0.019474604350632925,0
-2.66758565241544,-0.029368775734437132,0
-2.79378203432453,-0.025672986372435223,0
-7.202767196439625,-0.030918825035445355,0
-3.445270718655736,-0.0311581685877713,0
-3.1479206037900664,-0.030803752753947772,0
-2.9333867846321686,-0.029785328550657065,0
-2.898682745758669,-0.028103747978963374,0
-3.226793323678526,-0.025211234022111874,0
-3.2614972873331376,-0.021078953839836368,0
-3.04696346817524,-0.015509200267189844,0
-2.748824608058152,-0.009946970382126897,0
-2.674684209240423,-0.00448089715736242,0
-2.6265719524061493,0.0013016207122207414,0
-2.297672704453764,0.007660940652583827,0
-2.3426301307201416,0.013076070316223718,0
-2.37733416959364,0.019295061140691756,0
-2.283475590803797,0.02520529103045368,0
-2.330799252824427,0.031765050531750716,0
-2.2014478899096668,0.0377645283982099,0
-2.2400955046024795,0.042781629524549517,0
-2.061054544788385,0.04852751663207245,0
-1.9135624924043453,0.054126915700335586,0
-1.7250567400110155,0.059346780777108865,0
-1.6714232664168194,0.06346937963877344,0
-1.593339141342003,0.06712247217944613,0
-1.5594241485954703,0.07012688924180606,0
-1.6122687265004747,0.07387506649239943,0
-1.5255088549733895,0.07802044848318065,0
-1.6469726149361987,0.08178867159714479,0
-1.5759873475619146,0.08560795043857254,0
-1.4355937015650844,0.08917257297853262,0
-1.439537578259947,0.09247368830930548,0
-1.3314817353823614,0.09466406703439946,0
-1.293622865940968,0.096851053637049,0
-1.284158223799506,0.09808635878448481,0
-1.1153706513782908,0.09793224175724269,0
-1.2226375985666835,0.09763142448195564,0
-1.1634830586503393,0.09753895757110612,0
-1.111427075558978,0.0961463596999098,0
-1.3685520100101134,0.09414952534441531,0
-1.3748619720214537,0.09461882182610121,0
-1.3070313847772903,0.09662524377296396,0
-1.2076515892275252,0.09725929746897101,0
-1.2407782880359626,0.09726209995798751,0
-1.1713702102889652,0.09754536029421555,0
-1.099596047225489,0.09710089943119718,0
-1.043596488314814,0.0981215658382132,0
-1.0506950451397974,0.09837821113373477,0
-1.23683471221665,0.09888637779792446,0
-1.180834852430427,0.09992154012802625,0
-1.1989755418997063,0.10212565175931461,0
-1.1035396230448022,0.1033236595607689,0
-1.1374549166668837,0.10537672597082058,0
-1.0940749809033408,0.1060396750043682,0
-1.0286104789756556,0.10689589718218201,0
-1.0301879694784917,0.10788960206445763,0
-1.0309768651676827,0.10952549919668181,0
-1.0088922990035407,0.11168018836203343,0
-1.109849585056142,0.11436983452173613,0
-1.0364979314898315,0.11788559051559253,0
-1.0719907156147486,0.12057737907603758,0
-1.0570047062755898,0.12316189655223762,0
-0.9852305432121132,0.12632595318728443,0
-1.0207233273370298,0.12890757062483044,0
-1.0333429504841614,0.1315395614610859,0
-1.015990855828524,0.13577598727918433,0
-0.9252874084821252,0.13959636560024155,0
-0.9300195791150814,0.14207195518813925,0
-0.9954840810427666,0.14559199934340006,0
-0.9781319863871306,0.1495765841385421,0
-0.9536816357820594,0.15355717284649975,0
-0.9978501663592454,0.15799529828793482,0
-0.979709476889965,0.1636266383807808,0
-1.0861878292647145,0.16892108342509785,0
-1.0585821967784244,0.1751838283263647,0
-1.0002165525512718,0.18132441932396728,0
-0.9457941832678836,0.18717745294515972,0
-0.9071467190128464,0.1935240055804273,0
-0.9260760032957688,0.1976853497395707,0
-0.9836530527092788,0.2020351386874784,0
-0.9268648989849612,0.20781378891540164,0
-0.952892740092867,0.2140958797856887,0
-0.8692878495714513,0.21960311388664017,0
-0.903202842317984,0.22499935589701966,0
-0.9213438326628124,0.23204699791896688,0
-0.8519357549158146,0.2380705913699178,0
-0.8519357549158146,0.2458518640329011,0
-0.8487807739101445,0.2525571252004838,0
-0.8763861055208857,0.2780357644337695,0
-0.8953156906793575,0.28658955963426175,0
-0.8732314253907639,0.30406933890572163,0
-0.8156543759772557,0.3132360428152923,0
-0.812499394971585,0.319996326190641,0
-0.8401047265823267,0.3265945783369559,0
-0.8456257929044749,0.33312563342192175,0
-0.8740200202044076,0.33853928354356144,0
-0.862189292746468,0.3475736839953684,0
-0.9607801926070422,0.3573545102783003,0
-0.9718223252513382,0.3675441527754934,0
-1.098018556722654,0.3753951202943052,0
-1.335425612077224,0.3869515580877746,0
-1.2336797312109795,0.40926828557904843,0
-1.2928342711273242,0.4260413752375688,0
-1.2904678849352973,0.4435484298481027,0
-1.2959892521329943,0.4599214891678667,0
-1.2155390417416994,0.47580019414800295,0
-1.0672582441062428,0.49098769844245554,0
-1.0033712326813935,0.5052703050784836,0
-0.9923291000370966,0.5166085210576069,0
-1.1342999356612131,0.525441123175653,0
-1.111427075558978,0.5379997892093267,0
-1.0853989335755223,0.5541251169821603,0
-1.0554272157727538,0.5647077737097068,0
-1.0601596872812595,0.5752984880795246,0
-1.0325543556705188,0.5882472667978833,0
-1.1358774261640492,0.5990293263464516,0
-1.0625257725977382,0.6140877438242944,0
-1.180834852430427,0.6286210473398406,0
-1.312552451099439,0.6418211132255635,0
-1.1413984924861975,0.6531921751713866,0
-1.02703328934837,0.6653045052607116,0
-1.0838214430726876,0.6789494080003596,0
-0.9860194389013058,0.6959301807195375,0
-1.0325543556705188,0.7044941381204561,0
-1.124835293519752,0.7069411270547941,0
-1.064103263100573,0.7085367065967589,0
-0.9978501663592454,0.7074288584610121,0
-1.0041601283705843,0.7173952817310278,0
-1.010469789506377,0.7257051199197233,0
-1.0144133653256897,0.7334914792300037,0
-0.9647237684263548,0.7411643085756263,0
-1.0775117819368956,0.7436896773091045,0
-1.0293993746648482,0.747876870177639,0
-1.0917088955868632,0.7539604397104438,0
-1.1934544755775576,0.7605483472448451,0
-1.1137931608754557,0.7669262031167398,0
-1.285735714302341,0.7790248249681119,0
-1.381960528846437,0.7900738757176884,0
-1.411931945773657,0.8062979029940891,0
-1.3314817353823614,0.8120180193110065,0
-1.264440043827391,0.8161796466516082,0
-1.1469195588083445,0.8220314294984902,0
-1.175313786108279,0.8315184285025993,0
-1.3054538942744558,0.838491743428187,0
-1.0570047062755898,0.8463389585243801,0
-0.9726109200649816,0.8555503024100914,0
-0.9655123632399985,0.8555139418850489,0
-0.9915405052234528,0.8608703589480626,0
-1.0696243294227217,0.8654624040348079,0
-0.9741884105678168,0.8739124279630125,0
-0.9670898537428336,0.8743983811922764,0
-0.9363295411264222,0.8682400923193451,0
-0.9426392022622136,0.8598157353923678,0
-0.9103013991429666,0.8583473016595916,0
-0.8385272360794905,0.8470847540450998,0
-0.6926128246360609,0.8406648748696841,0
-0.6295147089004026,0.8319505800819752,0
-0.6437118225503692,0.8270061107770598,0
-0.6586975310139794,0.8184524188594456,0
-0.7210070519359941,0.8116406062496676,0
-0.6634300025224841,0.8019165773867643,0
-0.6350357752225515,0.7993671716690699,0
-0.5861347731368604,0.7827940261605645,0
-0.62557113308109,0.7690709205441714,0
-0.6381907562282221,0.7597053584698339,0
-0.6445004173640129,0.7487861449027798,0
-0.5451209226897951,0.7331348690459436,0
-0.5616841216562404,0.7260948461480202,0
-0.528557422847802,0.7160726861088331,0
-0.4788678259484673,0.7043833157712867,0
-0.4630932217956662,0.6930927129539479,0
-0.4205018808457664,0.6772645483510774,0
-0.3621362366186144,0.6663341586262251,0
-0.4694028829314575,0.65369528458018,0
-0.5261913375313239,0.6397974462724855,0
-0.4394314660042376,0.6272220037645513,0
-0.4307554186764198,0.6137589816998142,0
-0.4788678259484673,0.6033911677294681,0
-0.4488961081456996,0.5911711612082061,0
-0.4173468998400957,0.5747928939396634,0
-0.4078822576986349,0.5622780567033168,0
-0.4788678259484673,0.5480036767902382,0
-0.2966717346909291,0.5345440961779214,0
-0.2414607705938984,0.5157214166311141,0
-0.2256861664410962,0.5011324009286731,0
-0.1144756434333905,0.4829272783363627,0
-0.1136870486197474,0.4664465405357036,0
-0.0379693097369576,0.45064139849865065,0
-0.0616310655283862,0.43261096962934525,0
-0.009575082437025,0.4142247208811384,0
-0.105011001291929,0.399169720824328,0
-0.0561099992062379,0.38487563459362717,0
-0.0356029235449311,0.36717917984529835,0
-0.04427897087275,0.35094937146696037,0
-0.1121095581169123,0.3300677725684854,0
-0.0726731981726827,0.31383658852060814,0
-0.0852928213198142,0.2970945979575182,0
-0.0663635370368919,0.2821380344992863,0
-0.1065884917947641,0.26602657356791765,0
-0.1176306244390606,0.2496315028352984,0
-0.01115257293986,0.2356117764969947,0
0.084283345915044,0.19933182568522073,0
0.1576349994813545,0.18520791643257672,0
0.2002263404312548,0.17215385914989006,0
0.2491273425169454,0.15978943041615168,0
0.337465005422415,0.14928626975882542,0
0.3682253180388269,0.13830902485355273,0
0.39346456433309,0.1277820049555568,0
0.3587606758973655,0.11954375305368106,0
0.455774085255104,0.11151749866521267,0
0.5015201063351256,0.1039082494465909,0
0.5874913830485683,0.09686451502979905,0
0.5385903809628771,0.0897465953117271,0
0.4376333957858248,0.08143092439816554,0
0.6150970155348583,0.07494113183694555,0
0.629293828309276,0.06967455064624421,0
0.7515467848368266,0.06480037666756602,0
0.7759971354418987,0.06359350610909194,0
0.6158856103485014,0.061330556440830214,0
0.5480550231043386,0.057370075813273136,0
0.4778583505436976,0.05276498990359015,0
0.5985335156928653,0.04781486091476351,0
0.7996591921088751,0.04410720429308806,0
0.9779111057960028,0.04079849916044699,0
0.8958840066529712,0.03798878683789809,0
0.8138563057588417,0.035953115702319835,0
0.8477715993809232,0.03186407839446567,0
0.9723900394738546,0.028812962252610038,0
0.9400525372301572,0.02773878348791641,0
0.9227004425745204,0.026034629142244744,0
0.8761658266808563,0.02496087072194255,0
0.8603909216525059,0.02364752166703858,0
0.4975765305158124,0.02259345492026831,0
0.6095756483371612,0.02140548126540932,0
0.6198291861678146,0.018996614011077415,0
0.320901505580422,0.016599962729623646,0
0.5906463640542383,0.014179877577238832,0
0.3839999221916291,0.0129972999961972,0
0.5740831650877931,0.01148775247499837,0
0.6206180818570072,0.010824780915033085,0
0.5409564662793552,0.01086309779121186,0
0.4313234337744846,0.010844691927442834,0
0.6119420345291883,0.009865427164020134,0
0.3910984790166124,0.008607799291638688,0
0.4447319526108081,0.007141541436819331,0
0.4794358410465326,0.006117242515977548,0
0.4660273222102086,0.005105911056206301,0
0.4439430569216162,0.0036224276599827743,0
0.4739147747243844,0.0026614069062139765,0
0.511773644165779,0.0020712805592502884,0
0.7460257185146795,0.0011349161921424048,0
0.7704760691197505,0.0003744131753762072,0
0.7444482280118433,0.00019271337190339822,0
0.7641664079839581,-0.0001711332066418604,0
0.690025858728455,-0.0005114022062822848,0
0.6040545820150124,-0.0007781233240426132,0
0.6103645440263532,-0.0012671550220042863,0
0.6663641029370275,-0.0015220888829721418,0
0.6482234134677478,-0.0017869712268785158,0
0.7294622186726847,-0.0019171955314940638,0
0.8020252774253532,-0.001840384099623551,0
0.892729025647301,-0.0016815167762590244,0
0.7799410121367603,-0.0016894348156344977,0
0.8517148743246875,-0.0013646161720921766,0
0.9463624992414972,-0.0009044199258597264,0
0.9416297268574432,-0.00042525602448833334,0
0.8690669689803242,0.0002660493308524478,0
0.8840529783194827,0.0011843546819488469,0
0.8856301679467689,0.0021603786975117343,0
0.914024395246702,0.003282138939460598,0
0.9771228118579086,0.004669923371830295,0
0.7988702964196832,0.006301967943958922,0
0.9211232529472344,0.008842930156692668,0
0.9921082194459694,0.011049045010997904,0
0.9305875942131469,0.013671611637131048,0
0.7625889174811236,0.016961474302881332,0
0.6592655461120442,0.020933390010107474,0
0.7799410121367603,0.02555747230241256,0
0.9747567265414304,0.030444923284138364,0
0.9763339161687168,0.03550538334442115,0
0.9873760488130132,0.04135650383474224,0
1.0378545414015392,0.04720206628294577,0
0.9960520961408316,0.053627253886267386,0
1.106474024334894,0.060695586717407164,0
1.194022791551172,0.06717764232410638,0
1.192445000172788,0.07418858525893827,0
1.2563323124731864,0.08090333148057835,0
1.2255719998567751,0.08955874290169111,0
1.290247606095268,0.09635788535789343,0
1.2831487483947357,0.10317665856726105,0
1.3091768903781906,0.11132654467795694,0
1.3580781933394308,0.119928888027691,0
1.3557115062718548,0.12661689254188518,0
1.453514112194335,0.1326934887507464,0
1.4558801975108129,0.1365280814549487,0
1.3683314302945353,0.1436074005707655,0
1.4156549418773912,0.15094240340114964,0
1.574978173032694,0.15944729457884735,0
1.52765405969874,0.16477753424267702,0
1.529231851077124,0.17089045828278848,0
1.5465839457327606,0.17656431857772406,0
1.6057384856491053,0.18325927089065638,0
1.5158236331163493,0.18871113190920383,0
1.5213446994384976,0.19435516527424965,0
1.5599921636935352,0.19943239266000112,0
1.6988083191875312,0.20189684470875052,0
1.6932872528653828,0.2024722310078008,0
1.552105012054909,0.2059218841008099,0
1.459823472454577,0.21062702483438672,0
1.5181897184328277,0.204475884308295,0
1.6459631395314291,0.20235810968088966,0
1.6096817605928695,0.19724985826676086,0
1.7003855088148172,0.19174875140472167,0
1.5331751260208883,0.18656573825004683,0
1.416443837566583,0.18128988820563238,0
1.4290631598381658,0.17684051232444314,0
1.003939247779458,0.18062009941401944,0
1.082811967667917,0.18217875472131168,0
1.3099657860673828,0.18705991962692414,0
1.43695091322789,0.18664179506270837,0
1.4495702354994726,0.188040818880562,0
1.43695091322789,0.1864229225399371,0
1.416443837566583,0.18703103205726132,0
1.4748094817937358,0.1880106660297538,0
1.5718231920270238,0.18692308052777745,0
1.5978507322593811,0.18283183276359055,0
1.385683524950172,0.18062498720148756,0
1.3304722599775918,0.1805733400851303,0
1.1403893179569755,0.18313097049708563,0
1.2145292654613808,0.18904957900084102,0
1.15064255491208,0.19187936260376054,0
1.008672020163512,0.19827161817899264,0
1.151431450601272,0.2062594976834773,0
1.2271491894840614,0.2126178341129499,0
1.2145292654613808,0.21761332395609204,0
1.1632624789347603,0.2243290468864913,0
1.0725587307128126,0.2351603660913,0
1.0173474657402326,0.24406605537392986,0
0.9282215088966688,0.25446854915854245,0
0.7886167585890292,0.2664375237596228,0
0.6805612165869942,0.28219988051838574,0
0.9424186225466352,0.2993623116245938,0
1.0922769106849275,0.31203162424461994,0
1.1569525169234205,0.328521330219953,0
1.082811967667917,0.3467115353113635,0
1.1869239338506397,0.3666891958714099,0
1.2239942084783912,0.38668921142469664,0
1.1679946495677167,0.40366605901776004,0
1.175092905517151,0.4173597214817213,0
1.285514833711214,0.4360831258623296,0
1.2303041704897313,0.4580288754684508,0
1.1561636212342283,0.4785499043816851,0
1.2310930661789234,0.5011537058094623,0
1.1396004222677836,0.5231371175335606,0
1.2642194641118127,0.5475450695497411,0
1.321796212649773,0.5668209614309311,0
1.3225851083389653,0.5895735046452885,0
1.4921615764493723,0.6190021062516482,0
1.4921615764493723,0.6449574358711788,0
1.4416830838608463,0.6690952182473207,0
1.3091768903781906,0.6936080409392427,0
1.3304722599775918,0.721565574014263,0
1.4621901595221531,0.7530909979105638,0
1.5465839457327606,0.7861735650777052,0
1.600217419326957,0.8112909217841189,0
1.71615981209207,0.845051689574879,0
1.7035404898204871,0.8682547369847643,0
1.667259110881928,0.893639604800039,0
1.6830334141591805,0.9234713386563301,0
1.7500751057141517,0.956977474433213,0
1.8873140715808607,0.9825977958452159,0
1.990637142074392,1.0113635099515006,0
1.8723280622417025,1.042067684180843,0
1.9409475451750573,1.0866939629980945,0
2.023763540007281,1.1402578330280915,0
2.116044477856515,1.1958307772455719,0
2.125509420873525,1.2661499687869424,0
2.1097351175962724,1.354435319246782,0
2.1783539987785296,1.4443007996263486,0
2.2548606333505106,1.505396518878028,0
2.267480557373191,1.5536312183080832,0
2.308494106944707,1.6156202450059258,0
2.380268570883732,1.6702848825114016,0
2.2722127280061475,1.6984317454095916,0
2.371592523555913,1.7291215434373248,0
2.371592523555913,1.765119649062279,0
2.4417891961165545,1.8255562647508343,0
2.284832652028828,1.8895146639951592,0
2.2966630786112185,1.9666868036313456,0
2.356606514216755,2.0448102487422406,0
2.3944656845336985,2.1317507089320222,0
2.3834235518894022,2.225276683019088,0
2.142861515529162,2.2922232541445458,0
1.9811721990573807,2.372630197540976,0
2.1751990177728597,2.4587590544483504,0
2.2272553017397696,2.4937493203335146,0
2.4023528361723248,2.538193627484265,0
2.180720084095008,2.604027911790894,0
2.2004382640671225,2.6560119710268264,0
2.137340449207014,2.7043130282889063,0
2.144438705156448,2.7463763292225596,0
2.134974363890536,2.788505323956802,0
1.9456797158080137,2.839062537382251,0
1.996947104085732,2.9214244161850846,0
1.7674272003697882,2.9985906001034044,0
1.8186945886475063,3.088028087782649,0
1.95672184845231,3.202209794174662,0
1.948045801124492,3.2743229241102796,0
1.1403893179569755,3.341770086760933,0
1.2823598527055438,3.4875987906712926,0
0.985009963496535,3.5962090401435156,0
0.936897556224487,3.6857625081857974,0
1.010249209790798,3.8078349018557027,0
0.9913199255078752,3.9068408840238456,0
1.246078473766984,4.031857444961811,0
1.4479930458721866,4.16166105286486,0
1.4724433964772576,4.233957713603243,0
1.3604442786559088,4.330860282363775,0
1.4180210271938694,4.472283468424537,0
1.38804961026665,4.6157550583443765,1
1.343881079689464,4.7649487097964816,1
1.354923212333761,4.899429425431596,1
1.474020586104544,5.06044408472128,1
1.3541343166445683,5.181353244553492,1
1.1466992799683158,5.312046593828107,1
1.3746413923058751,5.477309438129499,1
1.503992604782861,5.678436127058207,1
1.5852314099877984,5.811440795277882,1
1.7256247551090804,5.9320837528895645,1
1.7579628591038756,6.085275845059418,1
1.803708579308348,6.2117469423347424,1
1.837623872930429,6.346875784038877,1
1.697230527809147,6.477931512663259,1
1.765850010742502,6.6164364586579625,1
1.837623872930429,6.791261007757074,1
1.905454460174592,6.997869473580736,1
2.0324395873350998,7.153575224219207,1
1.9882710567579132,7.3576461141164975,1
1.9354264788529087,7.53789284574469,1
2.171255742829095,7.738449524842286,1
2.283254860650444,7.893606817799836,1
2.2422413110789283,8.076031794868358,1
2.37632469418887,8.28333219295802,1
2.503309821349377,8.465659915780131,1
2.6239849864985443,8.607552361664565,1
2.619252815865588,8.757118415078576,1
2.480436660371592,8.918661457262694,1
2.3360994385554483,9.070438877226596,1
2.516718039310152,9.230102698737776,1
2.654745299114956,9.336986955099592,1
2.5963796548878038,9.496595438434083,1
2.612942853854248,9.622856365810419,1
2.717843715726162,9.715676449792927,1
2.7217869906699264,9.798992611580756,1
2.7265197630539806,9.899792333423509,1
2.8850534967689936,10.030471671170714,1
3.045953917551582,10.151349965911775,1
2.9678700933523148,10.179041557646144,1
2.8132796345810664,10.259726982717718,1
2.836941691248043,10.284406089123118,1
2.8542931841525823,10.31173052163508,1
3.108263438473597,10.378422549308748,1
3.294403105550449,10.422674612357781,1
3.0270246332686592,10.454190111788876,1
3.152432570801881,10.506616518860548,1
3.002574282663588,10.438183820885213,1
2.9481519133802,10.512052370848524,1
3.0491088985572525,10.533797495131301,1
3.0293907185851374,10.587040614164028,1
3.085390277495812,10.651094911826432,1
2.989165462951716,10.707162494628301,1
3.314910181211756,10.709676956107664,1
3.9214415897143615,10.711139932095389,1
4.488536036521635,10.681215597801932,1
4.257438943178404,10.564845045866663,1
4.889209597975273,10.472611730526555,1
5.182616212240516,10.359129386764065,1
5.521768546710234,10.231054114498598,1
4.338677748383344,10.117322013724301,1
4.127298835012228,10.110363355810609,1
4.388367947033776,9.970830444674453,1
3.889892381408758,9.888072212336631,1
3.371698635811622,9.787718418823019,1
3.2612767076175597,9.765390231126306,1
3.8875262960922776,9.723302483047199,1
4.023186868829507,9.655376345786316,1
4.608422907732706,9.604073981413343,1
4.580028680432777,9.512257512026062,1
4.830055058058929,9.375725421239187,1
4.625774400637245,9.280698721693156,1
4.74881625285399,9.146267978042856,1
4.122566664379275,9.012142253296371,1
3.986905489890944,8.938001804095167,1
4.269269971511893,8.879743032378999,1
3.674569591342781,8.825059623786995,1
3.5949079757651274,8.750831505679793,1
3.911187751008159,8.677482705590302,1
3.8070757848254377,8.613918860521734,1
3.355135436845177,8.584827171593107,1
3.3393605318168267,8.567832143120274,1
3.515246961938574,8.540762173146895,1
3.202122167701215,8.499160825820642,1
3.699808837637042,8.422741811877119,1
3.987694385580138,8.319406690930391,1
4.20065048857854,8.229727059813337,1
4.300030284128309,8.105976415194057,1
3.854399296408295,8.004575711826714,1
3.869385305747449,7.93561056160723,1
3.951413006641575,7.824559826457817,1
3.815751832153252,7.730623923710646,1
3.537331227227167,7.633105708068612,1
3.7865687091641287,7.568653201523275,1
3.811807955458391,7.4952489880779405,1
4.07524315279642,7.374153095331536,1
4.022398574891407,7.268221789132771,1
4.060257143457256,7.2063602381924134,1
3.842568869825902,7.089201406906577,1
4.268481075822707,6.966499284826518,1
4.303974160823169,6.8121316959143545,1
4.423071534593951,6.682295952238896,1
3.896201741668996,6.526736498172813,1
3.633556041771263,6.402590834910353,1
4.10284848440716,6.345710499357444,1
4.135974882340048,6.2778187059014465,1
4.479859989193814,6.16687622918574,1
4.772477707769871,6.059976832996027,1
4.630507173021301,5.9503134185358375,1
4.408874420943982,5.846310751661554,1
4.615521163682146,5.757006564768478,1
4.695971674948986,5.657867547633626,1
4.464085685916561,5.575665625492282,1
4.423071534593951,5.494684565280368,1
4.467240666922235,5.371326722320865,1
4.763801660442049,5.245574500780657,1
4.841097190703223,5.118016094316246,1
4.80954798239762,5.00529792188543,1
4.856083200042385,4.909558553799739,1
4.983068327202888,4.795862123476118,1
5.1408137669798055,4.703207547030406,1
5.111630643990683,4.580351002668397,1
5.18340510792971,4.4900947099235875,0
5.396361210928114,4.351341739474041,0
5.349037699345256,4.244530410840624,0
5.282784301728376,4.141753107103598,0
5.3032913773896855,4.075293234147929,0
5.145545937612766,3.968336034654694,0
4.860026474986151,3.8754478994499326,0
5.039856180051657,3.8064338938191153,0
4.40650833562751,3.727530681342241,0
4.492479913216497,3.632013524861338,0
4.140707654724096,3.568854525032009,0
3.989271575207424,3.5057091006100025,0
4.253495668234639,3.445329846965882,0
4.407297231316696,3.373617823185625,0
4.580028680432777,3.31170020065126,0
4.423860430283145,3.2259589930824513,0
4.106792361102022,3.138115323377875,0
4.317382378783943,3.068666433740785,0
3.613048966109956,2.978784380627608,0
3.536542331537975,2.919177984870138,0
3.867808116120163,2.850749728623724,0
4.0302857265300345,2.78051465427629,0
3.975074461557455,2.7066626150971347,0
3.324374522477668,2.6440389377223608,0
3.360656503167325,2.5961448037802497,0
3.319642351844712,2.535106898139198,0
3.462401782282472,2.4794629495231058,0
3.8575542774139606,2.426765066551034,0
3.9853283002636575,2.3383651149418365,0
3.8307378414924136,2.2689210402039044,0
3.36459977811109,2.180877082856421,0
3.234459669944912,2.1323330302419423,0
3.392205109721831,2.0973110527309147,0
3.256544536984603,2.0455176147080887,0
3.4363742420501144,1.9920631296577536,0
3.370120844433238,1.9375648862168835,0
3.543641189238507,1.8960612096726042,0
3.170572959395612,1.8449220532059678,0
3.2123754046563198,1.8072346268270643,0
2.9158144111365027,1.7709339415789327,0
2.748604028342573,1.7398819099804506,0
2.785674302970325,1.7151264377636724,0
2.923701562775129,1.6949348292722028,0
2.903194487113822,1.6727452462471788,0
3.015982500624363,1.6531194365921122,0
3.206065442644979,1.6062240060069892,0
3.0286018228959457,1.5607191346234057,0
2.8172235112759285,1.5302352580723246,0
2.590069692876463,1.5043176455521097,0
2.714688734720492,1.4841704897897423,0
2.903194487113822,1.4583649198444881,0
2.924489856713223,1.4239129114986417,0
2.881899117514421,1.3992740589543633,0
3.158741931062123,1.3799684229514946,0
3.249445679284071,1.3524532099806599,0
3.062517116518027,1.324696365832027,0
3.105108457467926,1.295260264854026,0
3.416656062078,1.2774257291983306,0
2.993109339646578,1.2487438602896475,0
2.8282656439202247,1.2332288805804723,0
2.5963796548878038,1.2196378649855868,0
2.61688673054911,1.2089691304063246,0
2.617675024487204,1.1949920019880782,0
2.2280441974289613,1.1789604923848522,0
2.354240428900277,1.168634975707295,0
2.61057676853777,1.1502119359762781,0
2.6886605927370373,1.1285806531644327,0
2.6515903181092857,1.1014741320107087,0
2.743871857709617,1.0759718665981313,0
2.4772816793659223,1.050852677414443,0
2.478070575055114,1.0373816771258788,0
2.526971878016354,1.0252122944056885,0
2.426014291088204,1.0173899548117222,0
2.306916917317421,1.0080713492381403,0
2.350296552205415,1.0035576824744397,0
1.975651132735233,0.9995822880049993,0
1.815539607641836,0.993128102505355,0
1.95672184845231,0.9929729297397453,0
2.244607396395406,0.991168078849388,0
2.172044638518287,0.9729066973208461,0
2.034805672651577,0.9605309251533298,0
2.361338684849711,0.9537169158168898,0
2.589280797187271,0.9405576709434567,0
2.687083403109751,0.9169564727637507,0
2.741505170642041,0.8956719527598787,0
3.071982059535037,0.8847292178908023,0
2.9528840840131565,0.8746927002564722,0
2.8124907388918743,0.8587003842484822,0
2.648435337103616,0.8403934986005295,0
2.7935614546089518,0.8242017799002382,0
2.517506934999344,0.8053644187307046,0
2.5056759066658554,0.7908305836636634,0
2.2974519743004107,0.7758823315361209,0
2.512774764366388,0.757571885404811,0
2.546690057988469,0.7252523039208243,0
2.473338404422158,0.6962185214080879,0
2.4362681297944064,0.6698634404503331,0
2.4946337740215587,0.650241361126173,0
2.69891443144324,0.6280111560897488,0
2.791195369292473,0.6005584095943978,0
2.6981255357540475,0.5753667858526268,0
2.590069692876463,0.5572642511737934,0
2.735195810381799,0.5399842790435533,0
2.8637581271695924,0.5202613085277996,0
2.7194209053534486,0.4998049557932564,0
3.06961597421856,0.4887926332324693,0
3.0049403679800664,0.46973477898335864,0
2.7777871513316987,0.45912270138549033,0
2.5348590296549807,0.4501715940238153,0
2.5853375222435067,0.44372413867345356,0
2.781730426275463,0.43690567817868337,0
2.5380140106606506,0.4241509751423029,0
2.6208300054928744,0.419295554701442,0
2.51592914362096,0.4207380925200278,0
2.204382140761985,0.42199391567998773,0
2.0813408902963397,0.4258424904438767,0
2.0537355586855983,0.4293696779565428,0
2.1499597714785965,0.4323219938469655,0
1.912553317875124,0.4308169870899537,0
1.7816243140197547,0.42948821014270344,0
1.857342052902544,0.4283761874482242,0
1.9330597917853327,0.4290228977373623,0
2.118411164924091,0.4275997170475518,0
2.171255742829095,0.4231764347498548,0
2.073453738657713,0.4178393559885289,0
1.832891702297473,0.4159313785872045,0
1.621512788926358,0.41040951190143343,0
1.4448380648665164,0.4060723573508818,0
1.4014578282274246,0.4007628130871215,0
1.3667536389161512,0.3957028519480768,0
1.5363301070265585,0.39502779263893806,0
1.711427641459114,0.39221261358592624,0
1.860497033908214,0.3921586816002702,0
1.76821609605898,0.38933273844550487,0
1.624667769932028,0.3825455832242757,0
1.695653338181861,0.37361688042911145,0
1.7666383046805962,0.3663705428015159,0
1.9401586494858651,0.3627766759083427,0
1.8770602328746588,0.3550930023041407,0
2.0403267389737256,0.35009192400310996,0
2.0379606536572474,0.34349382985473087,0
1.9930032273908695,0.3345668201840359,0
1.948834696813684,0.32473986994109083,0
2.095538003946306,0.32026380272188265,0
1.832891702297473,0.31345206082154164,0
1.510301965043103,0.30706530472211213,0
1.575766466970788,0.3029614767788594,0
1.5836536186094143,0.2986027125923894,0
1.6514842058535772,0.297590897696747,0
1.6901322718597127,0.29484885058349325,0
1.8707508726144164,0.29300805897403237,0
1.948045801124492,0.28993443315958944,0
2.063988795640703,0.2839883604331271,0
2.0892280419349656,0.27480513937995027,0
2.034017378713483,0.2653451692365578,0
2.101059070268454,0.2530597278711311,0
2.1783539987785296,0.24801057396428117,0
2.2028049511346985,0.23587120418676877,0
2.0852841652401035,0.22687116712609887,0
2.0868619566184874,0.2200397113301735,0
2.1546925438626503,0.21285745739240589,0
2.049791681990736,0.2084799128392805,0
1.909398336869454,0.20130251256745907,0
1.9859049714414352,0.1914709977941271,0
1.791878152725957,0.1849772827251209,0
1.7500751057141517,0.1781168980889884,0
1.5536822016821952,0.17542851690013664,0
1.6104706562820614,0.17337072920764124,0
1.8494549012639176,0.16888748164460177,0
1.954355763135832,0.1621823135650021,0
1.9220176591410367,0.15757739758174055,0
2.052946662996406,0.15335631838612798,0
2.086073060929296,0.14897918590966014,0
2.000890379029496,0.14413534421704113,0
1.9638201044017445,0.1418143064678232,0
1.9559329527631184,0.13906684522696575,0
1.7863564846527111,0.13996725544349894,0
1.7721599727538422,0.13991016148941723,0
1.5978507322593811,0.13980914758071447,0
1.711427641459114,0.14120288800509262,0
1.7847792950254249,0.14075537586986064,0
1.7343008024368989,0.13964994366344535,0
1.8423566453144835,0.1423299772711771,0
1.8928351379030093,0.1416220447939344,0
1.9299054125307609,0.14321103647866187,0
2.049791681990736,0.14534000399795294,0
2.111312307223559,0.1468682899475387,0
1.884159090575191,0.14689336700504907,0
1.811596332698072,0.14978253172903963,0
1.7374557834425688,0.15389135934638262,0
1.813173522325358,0.15748497174608875,0
1.6648930255654495,0.1617958980841337,0
1.39120459127232,0.16704185476480565,0
1.0977979770070758,0.17518444190297394,0
1.1561636212342283,0.1870580834356021,0
1.029178494073721,0.19896991348355128,0
1.100164062323554,0.21115978134443267,0
1.2334591514954014,0.221977627743055,0
1.3572892976502386,0.23203462791455817,0
1.2831487483947357,0.2409125430576754,0
1.227938085173253,0.24875465649726822,0
1.5079358797266251,0.25731379816588945,0
1.5386961923430365,0.26505444400388634,0
1.5205558037493057,0.2722745438941141,0
1.6309777319433685,0.27907524527605426,0
1.7335119067477067,0.2847998446247404,0
2.1081573262178885,0.2852819598624197,0
2.1310304871956736,0.2849388443960615,0
2.1231433355570477,0.2841988862080951,0
2.1302415915064814,0.2848929081315806,0
2.054523852623692,0.2857959018328995,0
2.195706093434166,0.29021073414833154,0
2.332156163611684,0.2970069267339605,0
2.2453962920845982,0.3027247604089653,0
2.273789917633433,0.3070986384741086,0
2.140495430212684,0.31035977906533574,0
2.142861515529162,0.3186476986339715,0
2.0087781324192204,0.3287181243482068,0
1.861285929597406,0.3398134384625881,0
1.907032251552976,0.3505373150670577,0
1.977228924113617,0.3668379181809071,0
1.843933834941769,0.3803520206540202,0
1.62545666562122,0.39833847999681365,0
1.6617380445597796,0.41954354654564985,0
1.8210606739639843,0.4383840837303209,0
1.7327236128096126,0.4540678186649664,0
1.4172327332557753,0.4727286859918793,0
1.1758818012063432,0.49503333060234145,0
1.172726820200673,0.5258604050681877,0
1.3919928852104144,0.5575560682641674,0
1.5355418130884642,0.5823699049466723,0
1.5789214479764582,0.6044966259838325,0
1.4882176997545105,0.6276228493665703,0
1.354923212333761,0.652055438323864,0
1.289458710406076,0.6717301490717595,0
1.3738524966166834,0.6929917099693559,0
1.3541343166445683,0.709764899749852,0
1.5095136711050092,0.7340797473989601,0
1.433007036533028,0.7525875176490258,0
1.4085566859279568,0.7736394448238383,0
1.4432602734881326,0.7877337485586603,0
1.5158236331163493,0.8150673327806897,0
1.6286110448757924,0.836192052073774,0
1.43064095121655,0.8563741535998249,0
1.4968937470823287,0.8857847018367433,0
1.243712388450506,0.9155672087060248,0
1.1356565455729215,0.9437156072067411,0
1.294190881039032,0.9746795635093364,0
1.4235420935160177,0.9981619156598394,0
1.4558801975108129,1.0184018702825643,0
1.4235420935160177,1.0384757490264067,0
1.4858516144380325,1.0612717914794954,0
1.38804961026665,1.0778216764084745,0
1.2997119473611805,1.094132842089696,0
1.0591505127520382,1.1104004592133634,0
1.2405574074448358,1.138561193996798,0
1.149853659222888,1.153915765243808,0
1.3352050323616458,1.1747357523657265,0
1.4266970745216878,1.1871889761822134,0
1.3257400893446354,1.1921016410744512,0
1.4858516144380325,1.2016574277903926,0
1.247656265145368,1.2135519784532243,0
1.2200509335346268,1.230643644426218,0
1.2366141325010716,1.2420905915171592,0
1.1048962329565102,1.2518602710377709,0
1.2515995400891324,1.255643305227775,0
1.2752615967561094,1.2670648132912576,0
1.3367822219889318,1.2810914913958917,0
1.269740530433961,1.2910568075209707,0
1.4274859702108798,1.3030038990977837,0
1.4282748659000717,1.307233673257323,0
1.5907524763099463,1.3001500332931595,0
1.522132993376592,1.3138528713444184,0
1.667259110881928,1.3196768135331076,0
1.739821868759047,1.3166552537819254,0
1.8297367212918028,1.315626081726163,0
1.7137937267755918,1.3117726858924372,0
1.6136256372877316,1.3017611838932694,0
1.739821868759047,1.2954215723827296,0
1.7082726604534435,1.276210245658428,0
1.7303569257420366,1.2614988454899474,0
1.843933834941769,1.2436747174364162,0
1.975651132735233,1.2301309265073306,0
2.045847805295874,1.211197740023589,0
1.978806113740903,1.1896109315221643,0
2.0821291842344336,1.174709772541655,0
2.120777250240569,1.1584492156108672,0
2.217002064784665,1.1439505695929941,0
2.1830867711625834,1.1311233477782088,0
2.034805672651577,1.1182886410730761,0
2.19728388481255,1.1114897735006164,0
2.2974519743004107,1.097202428654944,0
2.2280441974289613,1.0807929344596288,0
2.305339125939037,1.0614743351463938,0
2.42207101614444,1.0414390347759683,0
2.2974519743004107,1.0119814139563454,0
2.3266350972895355,0.9921955471533517,0
2.27300162369534,0.9747320379055537,0
2.1531147524842664,0.960934364889573,0
2.026129625323759,0.9426881546957965,0
2.1057912409014103,0.9307318695455308,0
2.1736218281455733,0.9091293053299652,0
2.1318193828848653,0.8925464141129463,0
2.1026362598957404,0.8754027765412363,0
1.9874821610687212,0.8625590260982895,0
2.000102085091402,0.8503330686147132,0
2.0616227103242246,0.8435833007437767,0
2.0829180799236253,0.8284785210330649,0
2.1665235721961387,0.8204628441777185,0
2.2035932450727924,0.8043433042523844,0
2.361338684849711,0.7952547392862435,0
2.512774764366388,0.7828751823190255,0
2.602689616899144,0.7730657618003465,0
2.6697313084541143,0.7538556003272953,0
2.61688673054911,0.7380089508217974,0
2.667365223137636,0.7199030696275933,0
2.650013128481999,0.707499196036445,0
2.772265483258453,0.683812382163025,0
2.7470262369641896,0.6585160497657206,0
2.876378051192273,0.6342354177844125,0
2.924489856713223,0.6157997387854868,0
2.9804900173749957,0.6008254175100849,0
2.9584051503353046,0.5826183427320364,0
2.8858423924581853,0.5634915928994986,0
2.834575004180467,0.550866668023359,0
2.86612421248607,0.5327302294910253,0
2.838518880875329,0.513772343724243,0
2.894518439786004,0.5010169230337347,0
3.1540097604291666,0.48736084833782706,0
2.998630405968726,0.4713613235014668,0
2.9260676480916072,0.4576686635091707,0
2.7706882936311668,0.44188522192481633,0
2.803026397625962,0.43143742008280733,0
2.4078739024944733,0.42037632880695136,0
2.2572267186669888,0.4118370105473793,0
2.2950858889839325,0.4090803550588456,0
2.5782386645429747,0.4099574954441284,0
2.545901162299277,0.4055386840267717,0
2.350296552205415,0.39803883043887467,0
2.3045508320009427,0.3919175833945345,0
2.6815623367876027,0.38699082386859,0
2.6003235315826654,0.37831603291932125,0
2.6003235315826654,0.3712639033053277,0
2.731251933686937,0.36268400458133304,0
2.814068530270258,0.3542536345364781,0
2.765167227309018,0.34911476053629237,0
2.5080419919823336,0.33992351007159843,0
2.3700147321775296,0.34088238782768887,0
2.5001548403437077,0.34151144700320074,0
2.328212286916822,0.3392073866854903,0
2.511985868677196,0.33603366405581697,0
2.2572267186669888,0.3306159789124486,0
2.1554808378007446,0.33312383341963747,0
2.1097351175962724,0.335653687452312,0
2.269057747000477,0.3371681988520806,0
2.115256183918421,0.3408514312244491,0
2.139706534523492,0.34296571046338725,0
1.8675958916087465,0.34764922235934115,0
1.7066954708261577,0.36100554537094437,0
1.739032973069855,0.3713849821912722,0
1.851820986580396,0.3840362798213155,0
1.9377925641693872,0.396391609181797,0
1.9377925641693872,0.4045893338309867,0
1.811596332698072,0.41532489618960616,0
1.515034737427157,0.4268305376812462,0
1.7508640014033434,0.4413156728780176,0
1.885736280202477,0.454350853099094,0
1.899144498163252,0.4627867282592167,0
1.8462999202582475,0.46862221830823647,0
1.7232586697926022,0.4758646905431831,0
1.669625196198406,0.48207658739380665,0
1.791878152725957,0.4928584418863818,0
1.906243355863784,0.5027182226444074,0
1.7563850677254915,0.5126969134928819,0
1.6073156752763913,0.5194684226857559,0
1.526076870071454,0.5350038786064928,0
1.4692884154715875,0.5508343969361215,0
1.237402426439166,0.5642409856870857,0
1.2342474454334955,0.5742114737304393,0
1.3833174396336938,0.5844426647440697,0
1.3904156955831282,0.5941044015804032,0
1.1766706968955352,0.6045618937093609,0
1.244501284139698,0.6161623968246989,0
1.410922771244435,0.6277254349253635,0
1.3990917429109466,0.637452946557706,0
1.481119443805076,0.6447759098372159,0
1.5576260783770572,0.6521009543305641,0
1.61914670360988,0.6569396274797623,0
1.5931185616264247,0.6665267107942516,0
1.5670904196429698,0.6763024906589258,0
1.7256247551090804,0.6851254465074103,0
1.6104706562820614,0.6891317257805586,0
1.425908178832496,0.6989958742659699,0
1.416443837566583,0.7034705318726933,0
1.3162751463276252,0.7102689526647857,0
1.499259832398807,0.7178208231760763,0
1.459035178516483,0.7287480729628514,0
1.5868085996150845,0.7380058689040454,0
1.3470354589440363,0.7452786508486509,0
1.4629784534602472,0.7525254886908059,0
1.3943595722779902,0.7564820329879255,0
1.4456263588046103,0.7565959796175298,0
1.4976826427715206,0.7621664033771234,0
1.4755983774829278,0.7634362006913189,0
1.4882176997545105,0.766605208541645,0
1.6081045709655832,0.7765802074474142,0
1.555259993060579,0.7800555729242782,0
1.695653338181861,0.7865627692027917,0
1.6309777319433685,0.7926572225636377,0
1.687765584792137,0.7984393500159735,0
1.8668069959195543,0.8056066970453557,0
1.9180743841972725,0.8140982099487818,0
1.8210606739639843,0.8207392868881275,0
1.9030883748581136,0.8293158087029002,0
1.7477090203976733,0.8363243469021512,0
1.5875974953042766,0.84073033613873,0
1.4661334344659174,0.850319531237384,0
1.5055697944101472,0.86400678572998,0
1.547372239670855,0.874666091936957,0
1.5907524763099463,0.8902433110962552,0
1.7768921433867986,0.9078573085297355,0
1.8257928445969407,0.9225601220283327,0
1.832102806608281,0.933582214251477,0
1.907032251552976,0.9401108141752545,0
1.810018541319688,0.9455217460247811,0
1.9196515738245583,0.953622308729235,0
2.011144217735698,0.9605419266399446,0
1.9314826021580471,0.9672427914255688,0
1.910187232558646,0.9758163479973971,0
1.9653978957801284,0.9759859952318973,0
1.7981875129861995,0.9824778608276447,0
1.884159090575191,0.9922079219578352,0
1.9859049714414352,0.9917249307175214,0
1.9598768294579805,0.9919816244812596,0
1.9377925641693872,0.9857499227308033,0
2.072664842968521,0.9875133281940623,0
1.975651132735233,0.9859469989927585,0
1.929116516841569,0.9807973568075139,0
2.0064114453516444,0.9766943781575635,0
1.990637142074392,0.9692773732648396,0
1.9180743841972725,0.9677978400879689,0
1.911764422185932,0.9618842668919155,0
1.882581299196807,0.9510905436825401,0
2.052946662996406,0.9405358168283705,0
2.1744107238347654,0.9277575968952307,0
2.1570586291791285,0.914701340340467,0
2.289564822661784,0.9059130688305298,0
2.348719362578129,0.894514958936574,0
2.207537121767655,0.8869709918943594,0
2.1594247144956067,0.8813395969567446,0
2.1247205251843333,0.8736287552346621,0
2.228832491367056,0.8721729577076152,0
2.2028049511346985,0.8633415745568174,0
2.1815089797842,0.8506714751006852,0
2.325057305911152,0.8393971659787459,0
2.367648646861052,0.8191812376562883,0
2.4812255560607843,0.8065073576005659,0
2.503309821349377,0.7916912463930443,0
2.594801863509419,0.7811974276290924,0
2.62004171155478,0.7652732118268963,0
2.5821825412378367,0.7447522106409418,0
2.4875355180721246,0.7321946091565396,0
2.5648304465822,0.713138718753268,0
2.470971717354582,0.6888617762177225,0
2.521450811694206,0.6696539714904928,0
2.501732631722091,0.6470886636768933,0
2.497788755027229,0.6264629356462953,0
2.287198737345306,0.6039055169034514,0
2.290353718350976,0.580460358877014,0
2.322691220594673,0.5595960588913322,0
2.2998180596168885,0.5400629805515675,0
2.3400433152503104,0.5228227544797835,0
2.2966630786112185,0.5062556976517879,0
2.356606514216755,0.49112372442716595,0
2.378690779505348,0.473418664170519,0
2.282465964961252,0.46038782875383566,0
2.2272553017397696,0.44842476065503983,0
1.99615820839654,0.438559403804479,0
1.9922143317016776,0.4285592796633106,0
1.9259615358358988,0.419237289695336,0
1.955144658825024,0.4052819035808018,0
1.9472569054353,0.3938152196227371,0
1.995369312707348,0.3811202134070486,0
2.0166652840578467,0.3705517696650997,0
1.9377925641693872,0.36112073423097546,0
2.00562315141355,0.3564413828669901,0
1.9188626781353664,0.35336110733936327,0
1.9669750854074144,0.35183103646792585,0
2.0142991987413685,0.344484469254628,0
2.0797630989179554,0.3392949830300981,0
2.0592566250077464,0.3353711586595124,0
2.0166652840578467,0.33060242814751134,0
1.883370194885999,0.3260607586760169,0
1.8281595316645165,0.3185530868230588,0
1.8952012232194877,0.31263025225183805,0
2.0616227103242246,0.30653231713192364,0
2.0142991987413685,0.29486900067355715,0
1.910187232558646,0.2853419938859607,0
1.837623872930429,0.2832344358079038,0
1.61914670360988,0.27576847805942634,0
1.5426400690378983,0.2719635910257482,0
1.6073156752763913,0.26973351862399814,0
1.7240475654817942,0.26102907752323345,0
1.7224697741034103,0.2532981389325038,0
1.8967784128467735,0.2461974086109255,0
1.909398336869454,0.23862683744858137,0
1.95672184845231,0.23082846763514664,0
1.9661867914693203,0.2266505438085411,0
1.952777971757448,0.22138919274848542,0
2.101059070268454,0.21477036608442204,0
2.1988610744398365,0.20586326500499022,0
2.246184586022693,0.1980781783307643,0
2.132608278574057,0.18649478725166674,0
2.2035932450727924,0.1766349318750631,0
2.140495430212684,0.1670968028960887,0
2.1460164965348323,0.15763946591622874,0
2.212269292400611,0.14989082046247215,0
2.1964949891233583,0.14224462018401643,0
2.3416205048775964,0.13397429083491078,0
2.2966630786112185,0.12516541435243345,0
2.381056864821826,0.1175034100004193,0
2.3242690119730574,0.11050317882834848,0
2.2588045100453726,0.10332654709062396,0
2.186241752168254,0.09678315920660475,0
2.240663519700544,0.09004635834296945,0
2.2816776710231577,0.08233642596577097,0
2.2493395670283625,0.07669844767865151,0
2.225678112112484,0.07107743744040695,0
2.134974363890536,0.06546538227849479,0
2.2998180596168885,0.06067462230380797,0
2.2974519743004107,0.05357361586476029,0
2.0852841652401035,0.047995350766489434,0
2.0576788336293625,0.04427424600389454,0
1.835257787613951,0.04097497156887766,0
1.8849473845132847,0.038170020728007195,0
1.9393697537966732,0.03670875898310989,0
1.8510326926423013,0.03474132489529278,0
1.7445540393920032,0.03298078469287408,0
1.6593719592433014,0.03171599649618126,0
1.910187232558646,0.03011840701316336,0
1.783990399336233,0.027869260741678455,0
1.5639354386372997,0.025892552392908004,0
1.5181897184328277,0.024659356571016675,0
1.5386961923430365,0.023632579588698733,0
1.6988083191875312,0.02248307141647022,0
1.7745260580703204,0.021639388419010006,0
1.8257928445969407,0.020345029155090046,0
2.0797630989179554,0.019440477940422172,0
1.9448908201188215,0.018308343473345676,0
1.836835578992335,0.01713946105889937,0
1.9299054125307609,0.01736094352361701,0
1.81080743700888,0.01664325196666961,0
1.6309777319433685,0.016092958425532083,0
1.604949589959913,0.016601945224937333,0
1.4385281028551762,0.018020066570545522,0
1.5237107847549758,0.019274780139392794,0
1.667259110881928,0.02107437647569082,0
1.8715391665525103,0.022181522269475736,0
1.7224697741034103,0.022052448961611095,0
1.642808158525759,0.021923342865965454,0
1.7524417927817273,0.022218513181974407,0
1.5663021257048757,0.022564024866408943,0
1.313120165321955,0.023466853680051667,0
1.223205312789199,0.024496886530161674,0
1.2192620378454349,0.025767936926326177,0
1.102530147640032,0.02676051599406643,0
1.1845578485341617,0.028207788330297766,0
0.9510946698744536,0.029281257423280378,0
1.0741359203400989,0.03131829289174141,0
1.2050649241954683,0.03236981213321446,0
1.1798256779012053,0.03348397990916418,0
1.2934019853498402,0.03356783695909901,0
1.3801624586280237,0.03377176263076986,0
1.3580781933394308,0.033865714632333434,0
1.4401052924824624,0.034411801006550516,0
1.4377392071659842,0.03398686193174841,0
1.315486852389531,0.03411301586035881,0
1.4093449798660511,0.034223940978891,0
1.2618533787953348,0.03407685824868655,0
1.102530147640032,0.035462351477550634,0
1.1427554032734537,0.036640699889511234,0
1.1419665075842618,0.037550262153823774,0
1.2728955114396312,0.038338062063712534,0
1.294190881039032,0.037599254443768125,0
1.5789214479764582,0.03693042498077463,0
1.6317660258814624,0.03612470505421761,0
1.8494549012639176,0.034918244566467145,0
1.5678793153321615,0.03262228832868943,0
1.5418511733487066,0.03140190509821758,0
1.7477090203976733,0.028908094735823345,0
1.7248358594198885,0.0265704633517382,0
1.5883863909934686,0.023726694350923914,0
1.3320500513559757,0.021480229586694297,0
1.3170640420168171,0.02056644196499601,0
1.33914830730541,0.0194233566203373,0
1.2247831041675832,0.018506808129779517,0
1.3304722599775918,0.018354325511944006,0
1.4511474251267589,0.017618567177948085,0
1.3470354589440363,0.016431375316723094,0
1.3012897387395643,0.015751167939838495,0
1.4266970745216878,0.015172674594720537,0
1.0796569866622472,0.014631294236105546,0
1.0662487687014726,0.015202446008933192,0
1.1766706968955352,0.015463262527288676,0
1.227938085173253,0.01568425822315848,0
1.246078473766984,0.01579714262398304,0
1.4022467239166163,0.015316335298539974,0
1.4432602734881326,0.01557651358531895,0
1.4195988185722532,0.015469730993497856,0
1.4724433964772576,0.015480213854118177,0
1.3162751463276252,0.014560410828801414,0
1.1317132706291573,0.012659076712290657,0
1.138023232640497,0.010886216646156069,0
1.1624735832455686,0.00935263003845951,0
1.1837689528449695,0.008153784652269491,0
1.0512627593623138,0.006762183736923823,0
1.2200509335346268,0.005826074838216945,0
1.2381913221283578,0.004691705030560487,0
1.197177772556842,0.0035924413393996733,0
1.294190881039032,0.002866875225234909,0
1.384105733571788,0.0022466258958145466,0
1.20269883887899,0.0014734567828152976,0
1.189290019167118,0.0011226625550397162,0
1.1853467442233534,0.0006427900699028682,0
1.1285582896234871,0.00027257963902058293,0
1.1364454412621134,7.8375711255088e-06,0
1.2815715587674494,-0.00023796220262586887,0
1.1711496305733868,-0.0005349258429645336,0
1.152220346290464,-0.0007338670497741477,0
1.0654598730122806,-0.0006642778011843628,0
1.1577414126126122,-0.0006844640840023835,0
1.175092905517151,-0.000135896574748366,0
1.3091768903781906,0.00018997052636284537,0
1.287880919027692,0.0009645607025365928,0
1.38804961026665,0.0016525468752459874,0
1.34230328831108,0.0028079849625725086,0
1.292613691411746,0.0037349536368759197,0
1.3320500513559757,0.0050157917001162995,0
1.2792054734509717,0.006509015380729444,0
1.243712388450506,0.007871931221315161,0
1.2263602937948692,0.00833003389240587,0
1.294190881039032,0.009571320294350571,0
1.2563323124731864,0.01048931477938779,0
1.333627240983262,0.011951908018236397,0
1.3643875535996732,0.013883122440898277,0
1.4219649038887314,0.015529501193901155,0
1.5331751260208883,0.01884452509506495,0
1.598639627948573,0.02156922484246884,0
1.5670904196429698,0.02457651431314385,0
1.621512788926358,0.029188273864311647,0
1.5481611353600468,0.03165594118510388,0
1.595484646942903,0.0351584215586114,0
1.80449747499754,0.039150502493375,0
1.981961094746573,0.04348346983125237,0
1.8778491285638508,0.04868444067613154,0
2.0781859092906694,0.052468128940440964,0
1.970918962102277,0.05806583425578164,0
1.9078205454910704,0.062732271028245,0
1.7508640014033434,0.06712846951716013,0
1.715371518153976,0.06922176348241121,0
1.6506959119154831,0.07049447454762524,0
1.6538508929211533,0.07056422176020313,0
1.5363301070265585,0.07043046324405483,0
1.5836536186094143,0.06914321018749171,0
1.4929504721385645,0.07211283983017032,0
1.5016265194663827,0.07574683394879517,0
1.4858516144380325,0.08074666092533005,0
1.5355418130884642,0.08342054574071135,0
1.499259832398807,0.08603537770757567,0
1.3675425346053431,0.08895410862018224,0
1.3344161366724538,0.09270627404212446,0
1.3651764492888652,0.0933856837684178,0
1.4692884154715875,0.09584494647244723,0
1.5481611353600468,0.09863810760786539,0
1.3943595722779902,0.10148073250936249,0
1.38804961026665,0.10191945426949779,0
1.3446693736275583,0.1039368039867507,0
1.432218140843836,0.10511636845639805,0
1.4637673491494392,0.10698628924153163,0
1.4890065954437024,0.11058918605508558,0
1.317852937706009,0.11406856353345313,0
1.3415143926218882,0.11702520240794011,0
1.2019099431897982,0.11754271406866569,0
1.177459592584727,0.11822832574422616,0
1.313909061011147,0.11889350270319875,0
1.2673744451174829,0.12005989236082919,0
1.1577414126126122,0.12281967782702848,0
1.149065365284794,0.12385010714775614,0
0.9952632004516396,0.12395898605690583,0
0.9992070771465016,0.12315552474921623,0
1.052840550740698,0.12229701195006255,0
0.9731789351630464,0.12037679659673906,0
0.9905310298186832,0.11862009259659716,0
1.103319043329224,0.11930108291141066,0
1.01419308648566,0.11867031257269926,0
1.0638826833849944,0.11951114475503394,0
1.0954318916905976,0.12108176016902106,0
1.0417984180964013,0.12247429632564172,0
1.062305493757708,0.12382939407156701,0
1.149065365284794,0.1250046575321115,0
1.15064255491208,0.12709358265059031,0
1.2161070568397647,0.12948352425065954,0
1.2074310095119465,0.13327303502026155,0
1.2586983977896646,0.1358888455721908,0
1.2799937673890656,0.14008940814233672,0
1.2358252368118796,0.1440663743312697,0
1.4030356196058087,0.14596635616029485,0
1.3809507525661178,0.14939032231765836,0
1.4211760081995397,0.15296740823481011,0
1.0457416930401655,0.15749897737463872,0
0.654533375479088,0.16029472403723757,0
0.5527874946128437,0.16090993314478222,0
0.4644501325829229,0.1579288589111078,0
0.6829273019034717,0.15725221709172701,0
0.5030975968379606,0.1536814374506397,0
0.6158856103485014,0.1514382553488272,0
0.6182516956649802,0.1493490780438742,0
0.6024773923877268,0.15067669221509014,0
0.692392244920482,0.14957433838718728,0
0.866700883663846,0.1498524771633089,0
0.7405046521925306,0.15086738251237164,0
0.8375177606747208,0.1513640071747295,0
0.6766176407676809,0.15090643232273163,0
0.7176314912147451,0.15069840848123944,0
0.7357721806840255,0.14836523802090537,0
0.6592655461120442,0.14862911918567268,0
0.5307029284487019,0.14760995899883972,0
0.356394289705339,0.14618882896933597,0
0.4376333957858248,0.14294833221762995,0
0.3627042517166781,0.14121113382930367,0
0.2712119086810872,0.1381800541589926,0
0.4258023674523364,0.13376830584272684,0
0.345352157061042,0.13066788417094438,0
0.4904779736908291,0.12820354099455064,0
0.5780267409071068,0.12680688265565343,0
0.6513783944734179,0.12812481052291894,0
0.7870392680861947,0.1292574770062798,0
0.7460257185146795,0.13075017249367898,0
0.6253502524899635,0.13127820648540287,0
0.6939697354233176,0.13073761722366053,0
0.7097440387005699,0.1312096527471599,0
0.6994908017454665,0.13294429467393004,0
0.6214066766706496,0.13638342567546524,0
0.5922238545570734,0.13787007526768796,0
0.6182516956649802,0.1415088692888666,0
0.5677732030764534,0.14534450962630535,0
0.6427023471455996,0.14694912460168222,0
0.571716778895766,0.15084871349600526,0
0.5598860514378264,0.15164668085141786,0
0.6963358207397958,0.15428377310390926,0
0.7665324933004368,0.15787972773410017,0
0.7223636618477014,0.158429418523721,0
0.7633775122947672,0.16088834124129547,0
0.8588137320252196,0.1621744578002417,0
0.914813290935894,0.16605855280867451,0
0.890362940330823,0.1694179633273756,0
1.1403893179569755,0.17337009429824884,0
1.1317132706291573,0.17892348430377994,0
1.5213446994384976,0.18269664001907873,0
1.425908178832496,0.1919634938147837,0
1.668047404820022,0.19988082664543924,0
1.691709461486999,0.20925472834314815,0
1.6751462625205542,0.21999026225495585,0
1.1687835452569086,0.2306871720340138,0
0.842250533058775,0.23817039858506464,0
0.8856301679467689,0.24338807928626963,0
0.910869414241032,0.25000739478495393,0
0.9329536795296248,0.2528963833618882,0
0.9006161772859275,0.25812959054183604,0
0.9274326132074768,0.26214136388386955,0
1.0851780529843953,0.2683069197800084,0
1.0496855697350278,0.2753740795883971,0
1.010249209790798,0.2835951031419558,0
1.1230372233013388,0.2898240443851734,0
1.154586431606942,0.29782893998352367,0
1.1585297065507063,0.30620152379559984,0
1.0157702761129463,0.3156388198076592,0
1.1640507728728546,0.3222087918138726,0
1.0481083801077415,0.3301664593853068,0
1.0118263994180845,0.3364699544527994,0
1.0007842667737878,0.3433426382057641,0
1.0922769106849275,0.3500280248998761,0
1.076502005656577,0.35871511973107384,0
1.0654598730122806,0.36761714644637805,0
0.9873760488130132,0.37699857296709016,0
0.911658309930224,0.38585252157706657,0
0.9731789351630464,0.3936178831620099,0
0.9045600539807896,0.4036283973301539,0
1.0268124087572428,0.41434458277286323,0
1.2239942084783912,0.424662532995653,0
1.2863037294004058,0.4380480883142459,0
1.227938085173253,0.45006827943451105,0
1.0757137117184827,0.4624721896417144,0
0.9936860108243534,0.47234430080668943,0
0.9045600539807896,0.4806935289137767,0
0.840672741680391,0.49005992787069663,0
0.8036027679281877,0.49721760352358335,0
0.8036027679281877,0.5020239125505092,0
0.8099124290639802,0.5115214602721629,0
0.7476029081419651,0.5173543719514759,0
0.7065893585704498,0.5229019743649561,0
0.8099124290639802,0.5287136021864081,0
0.7184200860283888,0.5376022044421591,0
0.7673210881140798,0.5433990120363128,0
0.6829273019034717,0.548775438387056,0
0.7507578891476357,0.5516150882535311,0
0.7752085406282552,0.5533198657906814,0
0.7862506732725516,0.5553254271925501,0
0.8761658266808563,0.5613621608297108,0
0.7539128701533052,0.5697751916952118,0
0.8248984384031383,0.5726756022802258,0
0.8603909216525059,0.5774831850356621,0
0.8138563057588417,0.5796297559132244,0
0.9384747458517732,0.5847871362244429,0
0.810701324753171,0.5904772310978151,0
0.772053559622585,0.5908562523693822,0
0.6450684324620782,0.5902233656423852,0
0.675828745078489,0.5860988788022937,0
0.7050118680676136,0.5825430366502412,0
0.7870392680861947,0.5830083421919768,0
0.6845047924063079,0.582591370858347,0
0.7097440387005699,0.5776539748905031,0
0.7578564459726185,0.5780596349195206,0
0.8540809596411656,0.5766249115369022,0
0.8170112867645118,0.5773953320356232,0
0.7791521164475683,0.5776608925975052,0
0.7089554438869273,0.5763423072151295,0
0.7058004628812572,0.5750748975099619,0
0.7665324933004368,0.5755911613822353,0
0.8911512342689171,0.5768823413109763,0
0.890362940330823,0.5762090642132855,0
0.9487285845579756,0.5720967467297318,0
0.769687474306107,0.5699799403716376,0
0.6845047924063079,0.565879961788741,0
0.637969875637095,0.5615578488480649,0
0.535435399957207,0.556693347897068,0
0.5669846082628097,0.5525095882709111,0
0.6308713188121106,0.5444234048544097,0
0.6340262998177812,0.531106317473053,0
0.6987019060562739,0.5142740463628659,0
0.6166742051621446,0.4987736458276724,0
0.4108166589887272,0.4745733948067803,0
0.4573515757579396,0.4388289903596881,0
0.3950420548359251,0.40181500060471054,0
0.3611267612138436,0.37325390928610747,0
0.2972397497889945,0.3435515824668965,0
0.3035497118003336,0.30534896042792703,0
0.3019722212974991,0.27278641926831854,0
0.3256339770889271,0.23920758967272007,0
0.3792674506831234,0.20671233883294723,0
0.6387587713262858,0.1770435692716959,0
0.6158856103485014,0.1511085008475717,0
0.6008999018848923,0.12433302014727711,0
0.5094075588493014,0.10593341771159522,0
0.535435399957207,0.08595939391832265,0
0.5425339567821903,0.06993800679870991,0
0.5748717599014367,0.055861846898919904,0
0.5803928262235849,0.03606679621857831,0
0.5417453619685478,0.019176819640112964,0
0.4660273222102086,0.009432522991282699,0
0.4526191042494345,0.0010338472590619681,0
0.4778583505436976,-0.0059242912691121275,0
0.5078300683464653,-0.008040547994406453,0
0.5796042314099413,-0.0054385483443750654,0
0.3784788558694803,-0.0013274649427515218,0
0.3942531591467325,0.005236735999103178,0
0.5046750873407957,0.013868814804799453,0
0.4904779736908291,0.024412896122707577,0
0.5559424756185138,0.034739090378935134,0
0.453407699063077,0.04705214198360593,0
0.4297459432716495,0.062464596738196404,0
0.3445635622473995,0.07689705113035109,0
0.4060841874802215,0.09224929812492007,0
0.3358875149195806,0.1146442671790797,0
0.3910984790166124,0.14101692876090888,0
0.3832110265024366,0.16886236371132526,0
0.4439430569216162,0.1950304773078861,0
0.3903095833274199,0.22566646924631456,0
0.4147602348080399,0.2647032098490068,0
0.4715483885323573,0.3044101779437964,0
0.5038864925271527,0.3532922043408246,0
0.4092391684858911,0.3967672068527232,0
0.3595492707110085,0.4453941031681323,0
0.3761124696774539,0.4923331166718955,0
0.3082818824332899,0.5389687417404119,0
0.2956622592861583,0.5872917487424815,0
0.2467612572004678,0.6341727370506111,0
0.1245086015484656,0.6727456071162411,0
0.1773531794534693,0.7654233010192779,0
0.1939166792954641,0.8229828583011636,0
0.2341416340533363,0.8914228506711335,0
0.3406196855525368,0.9782274515741965,0
0.3698028085416614,1.0622621277099118,0
0.3674364223496344,1.1560138066356769,0
0.2404515960646765,1.2432407458480323,0
0.346141052750234,1.3273577119566862,0
0.3358875149195806,1.4061722195917554,0
0.2940847687833238,1.4627808365803028,0
0.2861976171446975,1.5436624085419903,0
0.3650703370331568,1.6036635026837647,0
0.2712119086810872,1.6447046996517865,0
0.181297056148332,1.711301217914993,0
0.320901505580422,1.7805833036196115,0
0.4281684527688151,1.8815104330251438,0
0.4581401705715827,1.9692998414961616,0
0.5882802787377608,2.0359202396174587,0
0.6568994607955662,2.138988810614733,0
0.4336895190909622,2.232685342083256,0
0.453407699063077,2.311604083871232,0
0.5243932673129106,2.385493841967118,0
0.5464775326015041,2.4402786538465016,0
0.4470980379272862,2.510113690023167,0
0.58197031672642,2.5318839869104104,0
0.5472664282906949,2.5551313346271947,0
0.6860822829091424,2.5826421756734623,0
0.7507578891476357,2.5912445383930613,0
0.9250665278909984,2.62051069283699,0
0.908503328924554,2.6238726348356134,0
0.6663641029370275,2.652808017618053,0
0.7507578891476357,2.6607872810189206,0
0.9029822626024055,2.657966942359597,0
0.7570678511589748,2.6590038697092275,0
0.7775746259447333,2.6689620472622435,0
0.8414616373695829,2.687994327566324,0
0.8099124290639802,2.7171568466404854,0
0.8627570069689839,2.712955853257892,0
0.7215750670340589,2.731876136954416,0
0.7255186428533721,2.746560772247758,0
