episode,asset,method,mapping,target_far,k,tau,control_far,first_alarm,lead_days,event_alarm_rate,n_event_windows,n_control_windows
COVID,USOIL,anomaly_transformer,exponential,0.05,1,0.015959,0.0469,2020-05-08,-55.0,0.0548,146,128
COVID,USOIL,anomaly_transformer,exponential,0.05,2,0.01431,0.0469,2020-05-11,-56.0,0.0479,146,128
COVID,USOIL,anomaly_transformer,exponential,0.05,3,0.01096,0.0469,2020-05-11,-56.0,0.0479,146,128
COVID,USOIL,anomaly_transformer,exponential,0.1,1,0.01096,0.0938,2020-05-07,-54.0,0.0616,146,128
COVID,USOIL,anomaly_transformer,exponential,0.1,2,0.00973,0.0938,2020-05-08,-55.0,0.0548,146,128
COVID,USOIL,anomaly_transformer,exponential,0.1,3,0.008688,0.0938,2020-05-08,-55.0,0.0548,146,128
COVID,USOIL,anomaly_transformer,exponential,0.2,1,0.003182,0.1953,2020-04-29,-48.0,0.1096,146,128
COVID,USOIL,anomaly_transformer,exponential,0.2,2,0.000581,0.1953,2020-04-15,-38.0,0.1781,146,128
COVID,USOIL,anomaly_transformer,exponential,0.2,3,0.000471,0.1953,2020-04-16,-39.0,0.1712,146,128
COVID,USOIL,autoencoder,exponential,0.05,1,0.47314,0.0469,,,0.0,146,128
COVID,USOIL,autoencoder,exponential,0.05,2,0.359852,0.0469,,,0.0,146,128
COVID,USOIL,autoencoder,exponential,0.05,3,0.346315,0.0469,,,0.0,146,128
COVID,USOIL,autoencoder,exponential,0.1,1,0.302608,0.0938,,,0.0,146,128
COVID,USOIL,autoencoder,exponential,0.1,2,0.262534,0.0938,,,0.0,146,128
COVID,USOIL,autoencoder,exponential,0.1,3,0.252953,0.0938,,,0.0,146,128
COVID,USOIL,autoencoder,exponential,0.2,1,0.188557,0.1953,,,0.0,146,128
COVID,USOIL,autoencoder,exponential,0.2,2,0.144388,0.1953,,,0.0,146,128
COVID,USOIL,autoencoder,exponential,0.2,3,0.143446,0.1875,,,0.0,146,128
COVID,USOIL,cnn_autoencoder,exponential,0.05,1,0.034855,0.0469,,,0.0,146,128
COVID,USOIL,cnn_autoencoder,exponential,0.05,2,0.032119,0.0391,,,0.0,146,128
COVID,USOIL,cnn_autoencoder,exponential,0.05,3,0.02944,0.0469,,,0.0,146,128
COVID,USOIL,cnn_autoencoder,exponential,0.1,1,0.029475,0.0938,,,0.0,146,128
COVID,USOIL,cnn_autoencoder,exponential,0.1,2,0.028592,0.0859,2020-07-20,-104.0,0.0068,146,128
COVID,USOIL,cnn_autoencoder,exponential,0.1,3,0.026104,0.0859,2020-07-20,-104.0,0.0068,146,128
COVID,USOIL,cnn_autoencoder,exponential,0.2,1,0.020989,0.1953,2020-07-14,-100.0,0.0548,146,128
COVID,USOIL,cnn_autoencoder,exponential,0.2,2,0.015097,0.1953,2020-07-14,-100.0,0.089,146,128
COVID,USOIL,cnn_autoencoder,exponential,0.2,3,0.013931,0.1953,2020-07-15,-101.0,0.089,146,128
COVID,USOIL,dagmm,exponential,0.05,1,20.021452,0.0469,2020-04-22,-43.0,0.0342,146,128
COVID,USOIL,dagmm,exponential,0.05,2,17.1885,0.0469,2020-04-23,-44.0,0.0274,146,128
COVID,USOIL,dagmm,exponential,0.05,3,12.719187,0.0469,2020-04-24,-45.0,0.0205,146,128
COVID,USOIL,dagmm,exponential,0.1,1,10.84568,0.0938,2020-04-22,-43.0,0.0548,146,128
COVID,USOIL,dagmm,exponential,0.1,2,4.422081,0.0938,2020-04-23,-44.0,0.1507,146,128
COVID,USOIL,dagmm,exponential,0.1,3,3.202278,0.0938,2020-04-24,-45.0,0.1438,146,128
COVID,USOIL,dagmm,exponential,0.2,1,2.668188,0.1953,2020-04-09,-35.0,0.1986,146,128
COVID,USOIL,dagmm,exponential,0.2,2,0.971113,0.1953,2020-03-11,-14.0,0.2397,146,128
COVID,USOIL,dagmm,exponential,0.2,3,-0.451806,0.1953,2020-03-12,-15.0,0.2329,146,128
COVID,USOIL,deep_svdd,exponential,0.05,1,0.001129,0.0469,2020-04-15,-38.0,0.226,146,128
COVID,USOIL,deep_svdd,exponential,0.05,2,0.000979,0.0469,2020-04-16,-39.0,0.226,146,128
COVID,USOIL,deep_svdd,exponential,0.05,3,0.000844,0.0469,2020-04-15,-38.0,0.2808,146,128
COVID,USOIL,deep_svdd,exponential,0.1,1,0.000982,0.0938,2020-01-21,21.0,0.3151,146,128
COVID,USOIL,deep_svdd,exponential,0.1,2,0.000828,0.0938,2020-04-14,-37.0,0.3219,146,128
COVID,USOIL,deep_svdd,exponential,0.1,3,0.000796,0.0859,2020-04-15,-38.0,0.3014,146,128
COVID,USOIL,deep_svdd,exponential,0.2,1,0.000815,0.1953,2020-01-21,21.0,0.3904,146,128
COVID,USOIL,deep_svdd,exponential,0.2,2,0.000658,0.1953,2020-01-22,20.0,0.411,146,128
COVID,USOIL,deep_svdd,exponential,0.2,3,0.000625,0.1953,2020-01-22,20.0,0.4178,146,128
COVID,USOIL,hybrid2,arccosh,0.05,1,0.053686,0.0469,,,0.0,146,128
COVID,USOIL,hybrid2,arccosh,0.05,2,0.051616,0.0469,,,0.0,146,128
COVID,USOIL,hybrid2,arccosh,0.05,3,0.050125,0.0391,,,0.0,146,128
COVID,USOIL,hybrid2,arccosh,0.1,1,0.045238,0.0938,,,0.0,146,128
COVID,USOIL,hybrid2,arccosh,0.1,2,0.042841,0.0938,,,0.0,146,128
COVID,USOIL,hybrid2,arccosh,0.1,3,0.040416,0.0859,,,0.0,146,128
COVID,USOIL,hybrid2,arccosh,0.2,1,0.028519,0.1953,2020-04-16,-39.0,0.089,146,128
COVID,USOIL,hybrid2,arccosh,0.2,2,0.026267,0.1953,2020-04-29,-48.0,0.089,146,128
COVID,USOIL,hybrid2,arccosh,0.2,3,0.023946,0.1953,2020-04-15,-38.0,0.1096,146,128
COVID,USOIL,hybrid2,arctan,0.05,1,0.015834,0.0469,2020-04-21,-42.0,0.2329,146,128
COVID,USOIL,hybrid2,arctan,0.05,2,0.014588,0.0469,2020-04-22,-43.0,0.2055,146,128
COVID,USOIL,hybrid2,arctan,0.05,3,0.01433,0.0469,2020-04-23,-44.0,0.2055,146,128
COVID,USOIL,hybrid2,arctan,0.1,1,0.01476,0.0938,2020-04-21,-42.0,0.2329,146,128
COVID,USOIL,hybrid2,arctan,0.1,2,0.013413,0.0938,2020-04-22,-43.0,0.2397,146,128
COVID,USOIL,hybrid2,arctan,0.1,3,0.012573,0.0859,2020-04-23,-44.0,0.2329,146,128
COVID,USOIL,hybrid2,arctan,0.2,1,0.013052,0.1953,2020-04-21,-42.0,0.2877,146,128
COVID,USOIL,hybrid2,arctan,0.2,2,0.011442,0.1875,2020-04-22,-43.0,0.2671,146,128
COVID,USOIL,hybrid2,arctan,0.2,3,0.010555,0.1875,2020-04-22,-43.0,0.2671,146,128
COVID,USOIL,hybrid2,cosine,0.05,1,0.140705,0.0469,2020-04-22,-43.0,0.1918,146,128
COVID,USOIL,hybrid2,cosine,0.05,2,0.130912,0.0469,2020-04-23,-44.0,0.1849,146,128
COVID,USOIL,hybrid2,cosine,0.05,3,0.125501,0.0469,2020-04-24,-45.0,0.1781,146,128
COVID,USOIL,hybrid2,cosine,0.1,1,0.130954,0.0938,2020-04-22,-43.0,0.1918,146,128
COVID,USOIL,hybrid2,cosine,0.1,2,0.112362,0.0938,2020-04-22,-43.0,0.1918,146,128
COVID,USOIL,hybrid2,cosine,0.1,3,0.104798,0.0938,2020-04-23,-44.0,0.1986,146,128
COVID,USOIL,hybrid2,cosine,0.2,1,0.104798,0.1953,2020-04-21,-42.0,0.226,146,128
COVID,USOIL,hybrid2,cosine,0.2,2,0.097849,0.1953,2020-04-22,-43.0,0.2055,146,128
COVID,USOIL,hybrid2,cosine,0.2,3,0.093543,0.1953,2020-03-12,-15.0,0.2123,146,128
COVID,USOIL,hybrid2,exponential,0.05,1,0.463625,0.0469,,,0.0,146,128
COVID,USOIL,hybrid2,exponential,0.05,2,0.434351,0.0469,,,0.0,146,128
COVID,USOIL,hybrid2,exponential,0.05,3,0.414764,0.0469,,,0.0,146,128
COVID,USOIL,hybrid2,exponential,0.1,1,0.399093,0.0938,,,0.0,146,128
COVID,USOIL,hybrid2,exponential,0.1,2,0.37545,0.0938,,,0.0,146,128
COVID,USOIL,hybrid2,exponential,0.1,3,0.36225,0.0938,,,0.0,146,128
COVID,USOIL,hybrid2,exponential,0.2,1,0.31169,0.1953,,,0.0,146,128
COVID,USOIL,hybrid2,exponential,0.2,2,0.247754,0.1953,2020-07-14,-100.0,0.0068,146,128
COVID,USOIL,hybrid2,exponential,0.2,3,0.24314,0.1953,,,0.0,146,128
COVID,USOIL,isolation_forest,exponential,0.05,1,0.649505,0.0469,,,0.0,146,128
COVID,USOIL,isolation_forest,exponential,0.05,2,0.645709,0.0469,,,0.0,146,128
COVID,USOIL,isolation_forest,exponential,0.05,3,0.645709,0.0312,,,0.0,146,128
COVID,USOIL,isolation_forest,exponential,0.1,1,0.630542,0.0938,2020-04-16,-39.0,0.0068,146,128
COVID,USOIL,isolation_forest,exponential,0.1,2,0.623156,0.0938,2020-04-17,-40.0,0.0068,146,128
COVID,USOIL,isolation_forest,exponential,0.1,3,0.616953,0.0859,2020-04-17,-40.0,0.0205,146,128
COVID,USOIL,isolation_forest,exponential,0.2,1,0.589751,0.1953,2020-04-14,-37.0,0.1301,146,128
COVID,USOIL,isolation_forest,exponential,0.2,2,0.584527,0.1953,2020-04-14,-37.0,0.1096,146,128
COVID,USOIL,isolation_forest,exponential,0.2,3,0.577029,0.1953,2020-04-14,-37.0,0.1096,146,128
COVID,USOIL,omnianomaly,exponential,0.05,1,0.39071,0.0469,2020-01-21,21.0,0.226,146,128
COVID,USOIL,omnianomaly,exponential,0.05,2,0.363419,0.0469,2020-02-21,-1.0,0.2123,146,128
COVID,USOIL,omnianomaly,exponential,0.05,3,0.33606,0.0469,2020-02-20,0.0,0.2466,146,128
COVID,USOIL,omnianomaly,exponential,0.1,1,0.365861,0.0938,2020-01-21,21.0,0.2603,146,128
COVID,USOIL,omnianomaly,exponential,0.1,2,0.33606,0.0938,2020-02-19,1.0,0.274,146,128
COVID,USOIL,omnianomaly,exponential,0.1,3,0.321335,0.0938,2020-02-19,1.0,0.2603,146,128
COVID,USOIL,omnianomaly,exponential,0.2,1,0.315565,0.1953,2020-01-21,21.0,0.3288,146,128
COVID,USOIL,omnianomaly,exponential,0.2,2,0.297764,0.1875,2020-01-22,20.0,0.3219,146,128
COVID,USOIL,omnianomaly,exponential,0.2,3,0.250733,0.1953,2020-01-21,21.0,0.5068,146,128
COVID,USOIL,one_class_svm,exponential,0.05,1,2.327851,0.0469,,,0.0,146,128
COVID,USOIL,one_class_svm,exponential,0.05,2,2.207389,0.0391,,,0.0,146,128
COVID,USOIL,one_class_svm,exponential,0.05,3,2.147048,0.0469,,,0.0,146,128
COVID,USOIL,one_class_svm,exponential,0.1,1,1.922604,0.0938,,,0.0,146,128
COVID,USOIL,one_class_svm,exponential,0.1,2,1.618722,0.0938,,,0.0,146,128
COVID,USOIL,one_class_svm,exponential,0.1,3,1.617685,0.0781,,,0.0,146,128
COVID,USOIL,one_class_svm,exponential,0.2,1,0.854223,0.1953,2020-04-14,-37.0,0.0274,146,128
COVID,USOIL,one_class_svm,exponential,0.2,2,0.783113,0.1953,2020-04-15,-38.0,0.0137,146,128
COVID,USOIL,one_class_svm,exponential,0.2,3,0.603856,0.1953,2020-04-14,-37.0,0.0274,146,128
COVID,USOIL,standalone_fanogan,arccosh,0.05,1,0.053686,0.0469,,,0.0,146,128
COVID,USOIL,standalone_fanogan,arccosh,0.05,2,0.051616,0.0469,,,0.0,146,128
COVID,USOIL,standalone_fanogan,arccosh,0.05,3,0.050125,0.0391,,,0.0,146,128
COVID,USOIL,standalone_fanogan,arccosh,0.1,1,0.045238,0.0938,,,0.0,146,128
COVID,USOIL,standalone_fanogan,arccosh,0.1,2,0.042841,0.0938,,,0.0,146,128
COVID,USOIL,standalone_fanogan,arccosh,0.1,3,0.040416,0.0859,,,0.0,146,128
COVID,USOIL,standalone_fanogan,arccosh,0.2,1,0.028519,0.1953,2020-04-16,-39.0,0.089,146,128
COVID,USOIL,standalone_fanogan,arccosh,0.2,2,0.026267,0.1953,2020-04-29,-48.0,0.089,146,128
COVID,USOIL,standalone_fanogan,arccosh,0.2,3,0.023946,0.1953,2020-04-15,-38.0,0.1096,146,128
COVID,USOIL,standalone_fanogan,arctan,0.05,1,0.015834,0.0469,2020-04-21,-42.0,0.2329,146,128
COVID,USOIL,standalone_fanogan,arctan,0.05,2,0.014588,0.0469,2020-04-22,-43.0,0.2055,146,128
COVID,USOIL,standalone_fanogan,arctan,0.05,3,0.01433,0.0469,2020-04-23,-44.0,0.2055,146,128
COVID,USOIL,standalone_fanogan,arctan,0.1,1,0.01476,0.0938,2020-04-21,-42.0,0.2329,146,128
COVID,USOIL,standalone_fanogan,arctan,0.1,2,0.013413,0.0938,2020-04-22,-43.0,0.2397,146,128
COVID,USOIL,standalone_fanogan,arctan,0.1,3,0.012573,0.0859,2020-04-23,-44.0,0.2329,146,128
COVID,USOIL,standalone_fanogan,arctan,0.2,1,0.013052,0.1953,2020-04-21,-42.0,0.2877,146,128
COVID,USOIL,standalone_fanogan,arctan,0.2,2,0.011442,0.1875,2020-04-22,-43.0,0.2671,146,128
COVID,USOIL,standalone_fanogan,arctan,0.2,3,0.010555,0.1875,2020-04-22,-43.0,0.2671,146,128
COVID,USOIL,standalone_fanogan,cosine,0.05,1,0.140705,0.0469,2020-04-22,-43.0,0.1918,146,128
COVID,USOIL,standalone_fanogan,cosine,0.05,2,0.130912,0.0469,2020-04-23,-44.0,0.1849,146,128
COVID,USOIL,standalone_fanogan,cosine,0.05,3,0.125501,0.0469,2020-04-24,-45.0,0.1781,146,128
COVID,USOIL,standalone_fanogan,cosine,0.1,1,0.130954,0.0938,2020-04-22,-43.0,0.1918,146,128
COVID,USOIL,standalone_fanogan,cosine,0.1,2,0.112362,0.0938,2020-04-22,-43.0,0.1918,146,128
COVID,USOIL,standalone_fanogan,cosine,0.1,3,0.104798,0.0938,2020-04-23,-44.0,0.1986,146,128
COVID,USOIL,standalone_fanogan,cosine,0.2,1,0.104798,0.1953,2020-04-21,-42.0,0.226,146,128
COVID,USOIL,standalone_fanogan,cosine,0.2,2,0.097849,0.1953,2020-04-22,-43.0,0.2055,146,128
COVID,USOIL,standalone_fanogan,cosine,0.2,3,0.093543,0.1953,2020-03-12,-15.0,0.2123,146,128
COVID,USOIL,standalone_fanogan,exponential,0.05,1,0.463625,0.0469,,,0.0,146,128
COVID,USOIL,standalone_fanogan,exponential,0.05,2,0.434351,0.0469,,,0.0,146,128
COVID,USOIL,standalone_fanogan,exponential,0.05,3,0.414764,0.0469,,,0.0,146,128
COVID,USOIL,standalone_fanogan,exponential,0.1,1,0.399093,0.0938,,,0.0,146,128
COVID,USOIL,standalone_fanogan,exponential,0.1,2,0.37545,0.0938,,,0.0,146,128
COVID,USOIL,standalone_fanogan,exponential,0.1,3,0.36225,0.0938,,,0.0,146,128
COVID,USOIL,standalone_fanogan,exponential,0.2,1,0.31169,0.1953,,,0.0,146,128
COVID,USOIL,standalone_fanogan,exponential,0.2,2,0.247754,0.1953,2020-07-14,-100.0,0.0068,146,128
COVID,USOIL,standalone_fanogan,exponential,0.2,3,0.24314,0.1953,,,0.0,146,128
COVID,USOIL,standalone_tadgan,-,0.05,1,1.390899,0.0469,2019-12-02,54.0,0.1164,146,128
COVID,USOIL,standalone_tadgan,-,0.05,2,1.388023,0.0469,2019-12-03,53.0,0.1096,146,128
COVID,USOIL,standalone_tadgan,-,0.05,3,1.386128,0.0469,2019-12-04,52.0,0.1096,146,128
COVID,USOIL,standalone_tadgan,-,0.1,1,1.38485,0.0938,2019-12-02,54.0,0.1233,146,128
COVID,USOIL,standalone_tadgan,-,0.1,2,1.381677,0.0938,2019-12-03,53.0,0.1164,146,128
COVID,USOIL,standalone_tadgan,-,0.1,3,1.379265,0.0781,2019-12-04,52.0,0.1096,146,128
COVID,USOIL,standalone_tadgan,-,0.2,1,1.369297,0.1953,2019-12-02,54.0,0.1233,146,128
COVID,USOIL,standalone_tadgan,-,0.2,2,1.36468,0.1953,2019-12-03,53.0,0.1233,146,128
COVID,USOIL,standalone_tadgan,-,0.2,3,1.363978,0.1875,2019-12-04,52.0,0.1164,146,128
COVID,USOIL,tranad,exponential,0.05,1,0.037226,0.0469,2020-01-16,23.0,0.9178,146,128
COVID,USOIL,tranad,exponential,0.05,2,0.033495,0.0469,2020-01-17,22.0,0.9315,146,128
COVID,USOIL,tranad,exponential,0.05,3,0.031916,0.0391,2020-01-21,21.0,0.9247,146,128
COVID,USOIL,tranad,exponential,0.1,1,0.034401,0.0938,2020-01-16,23.0,0.9452,146,128
COVID,USOIL,tranad,exponential,0.1,2,0.029258,0.0938,2020-01-17,22.0,0.9384,146,128
COVID,USOIL,tranad,exponential,0.1,3,0.028865,0.0938,2020-01-21,21.0,0.9247,146,128
COVID,USOIL,tranad,exponential,0.2,1,0.029258,0.1953,2020-01-16,23.0,0.9521,146,128
COVID,USOIL,tranad,exponential,0.2,2,0.027267,0.1953,2020-01-17,22.0,0.9452,146,128
COVID,USOIL,tranad,exponential,0.2,3,0.025067,0.1875,2020-01-21,21.0,0.9384,146,128
COVID,USOIL,usad,exponential,0.05,1,1.74536,0.0469,,,0.0,146,128
COVID,USOIL,usad,exponential,0.05,2,1.716266,0.0469,,,0.0,146,128
COVID,USOIL,usad,exponential,0.05,3,1.68448,0.0469,,,0.0,146,128
COVID,USOIL,usad,exponential,0.1,1,1.682257,0.0938,2020-03-06,-11.0,0.0068,146,128
COVID,USOIL,usad,exponential,0.1,2,1.59246,0.0938,,,0.0,146,128
COVID,USOIL,usad,exponential,0.1,3,1.587438,0.0938,,,0.0,146,128
COVID,USOIL,usad,exponential,0.2,1,1.558506,0.1953,2020-01-23,19.0,0.0685,146,128
COVID,USOIL,usad,exponential,0.2,2,1.537999,0.1953,2020-01-24,18.0,0.0616,146,128
COVID,USOIL,usad,exponential,0.2,3,1.507359,0.1953,2020-01-27,17.0,0.0685,146,128
COVID,USOIL,vae,exponential,0.05,1,0.647496,0.0469,2020-04-14,-37.0,0.0479,146,128
COVID,USOIL,vae,exponential,0.05,2,0.63815,0.0391,2020-05-08,-55.0,0.0411,146,128
COVID,USOIL,vae,exponential,0.05,3,0.623684,0.0469,2020-05-11,-56.0,0.0342,146,128
COVID,USOIL,vae,exponential,0.1,1,0.623684,0.0938,2020-04-14,-37.0,0.0548,146,128
COVID,USOIL,vae,exponential,0.1,2,0.584916,0.0938,2020-05-07,-54.0,0.0479,146,128
COVID,USOIL,vae,exponential,0.1,3,0.584655,0.0938,2020-05-08,-55.0,0.0411,146,128
COVID,USOIL,vae,exponential,0.2,1,0.474978,0.1953,2020-01-21,21.0,0.1233,146,128
COVID,USOIL,vae,exponential,0.2,2,0.45053,0.1875,2020-04-14,-37.0,0.1164,146,128
COVID,USOIL,vae,exponential,0.2,3,0.397018,0.1953,2020-04-13,-36.0,0.1438,146,128
COVID,GOLD,anomaly_transformer,exponential,0.05,1,0.007731,0.0469,2020-02-24,-2.0,0.0822,146,128
COVID,GOLD,anomaly_transformer,exponential,0.05,2,0.002149,0.0469,2020-02-21,-1.0,0.1575,146,128
COVID,GOLD,anomaly_transformer,exponential,0.05,3,0.001617,0.0469,2020-02-21,-1.0,0.1575,146,128
COVID,GOLD,anomaly_transformer,exponential,0.1,1,0.001617,0.0938,2020-02-19,1.0,0.1986,146,128
COVID,GOLD,anomaly_transformer,exponential,0.1,2,0.001219,0.0938,2020-02-20,0.0,0.1918,146,128
COVID,GOLD,anomaly_transformer,exponential,0.1,3,0.001093,0.0938,2020-02-21,-1.0,0.1986,146,128
COVID,GOLD,anomaly_transformer,exponential,0.2,1,0.001093,0.1953,2020-02-19,1.0,0.2466,146,128
COVID,GOLD,anomaly_transformer,exponential,0.2,2,0.000944,0.1953,2020-02-20,0.0,0.226,146,128
COVID,GOLD,anomaly_transformer,exponential,0.2,3,0.000899,0.1953,2020-02-21,-1.0,0.1986,146,128
COVID,GOLD,dagmm,exponential,0.05,1,6.789807,0.0469,,,0.0,146,128
COVID,GOLD,dagmm,exponential,0.05,2,1.192929,0.0391,,,0.0,146,128
COVID,GOLD,dagmm,exponential,0.05,3,-1.180599,0.0391,2020-02-25,-3.0,0.0137,146,128
COVID,GOLD,dagmm,exponential,0.1,1,2.602741,0.0938,,,0.0,146,128
COVID,GOLD,dagmm,exponential,0.1,2,-1.024184,0.0938,2020-02-24,-2.0,0.0205,146,128
COVID,GOLD,dagmm,exponential,0.1,3,-2.56184,0.0859,2020-02-25,-3.0,0.0205,146,128
COVID,GOLD,dagmm,exponential,0.2,1,-0.221478,0.1953,2020-02-24,-2.0,0.0205,146,128
COVID,GOLD,dagmm,exponential,0.2,2,-2.823759,0.1953,2020-02-24,-2.0,0.0274,146,128
COVID,GOLD,dagmm,exponential,0.2,3,-4.206912,0.1875,2020-02-21,-1.0,0.0753,146,128
COVID,GOLD,deep_svdd,exponential,0.05,1,0.00107,0.0469,2020-03-05,-10.0,0.2808,146,128
COVID,GOLD,deep_svdd,exponential,0.05,2,0.000857,0.0391,2020-03-06,-11.0,0.3014,146,128
COVID,GOLD,deep_svdd,exponential,0.05,3,0.000648,0.0469,2020-02-14,3.0,0.3219,146,128
COVID,GOLD,deep_svdd,exponential,0.1,1,0.000832,0.0938,2020-02-28,-6.0,0.3562,146,128
COVID,GOLD,deep_svdd,exponential,0.1,2,0.000648,0.0938,2020-02-13,4.0,0.3699,146,128
COVID,GOLD,deep_svdd,exponential,0.1,3,0.000531,0.0938,2020-02-14,3.0,0.4658,146,128
COVID,GOLD,deep_svdd,exponential,0.2,1,0.000621,0.1953,2020-02-10,7.0,0.4863,146,128
COVID,GOLD,deep_svdd,exponential,0.2,2,0.000505,0.1875,2020-02-10,7.0,0.5274,146,128
COVID,GOLD,deep_svdd,exponential,0.2,3,0.000438,0.1953,2020-02-11,6.0,0.5822,146,128
COVID,GOLD,hybrid2,arccosh,0.05,1,0.160799,0.0469,,,0.0,146,128
COVID,GOLD,hybrid2,arccosh,0.05,2,0.153976,0.0469,,,0.0,146,128
COVID,GOLD,hybrid2,arccosh,0.05,3,0.153085,0.0469,,,0.0,146,128
COVID,GOLD,hybrid2,arccosh,0.1,1,0.153085,0.0938,,,0.0,146,128
COVID,GOLD,hybrid2,arccosh,0.1,2,0.149898,0.0938,,,0.0,146,128
COVID,GOLD,hybrid2,arccosh,0.1,3,0.145326,0.0938,,,0.0,146,128
COVID,GOLD,hybrid2,arccosh,0.2,1,0.141804,0.1953,,,0.0,146,128
COVID,GOLD,hybrid2,arccosh,0.2,2,0.134414,0.1875,,,0.0,146,128
COVID,GOLD,hybrid2,arccosh,0.2,3,0.124988,0.1953,,,0.0,146,128
COVID,GOLD,hybrid2,arctan,0.05,1,0.015942,0.0469,2020-03-12,-15.0,0.2603,146,128
COVID,GOLD,hybrid2,arctan,0.05,2,0.01355,0.0469,2020-03-12,-15.0,0.2534,146,128
COVID,GOLD,hybrid2,arctan,0.05,3,0.011906,0.0469,2020-03-13,-16.0,0.2466,146,128
COVID,GOLD,hybrid2,arctan,0.1,1,0.014356,0.0938,2020-03-12,-15.0,0.274,146,128
COVID,GOLD,hybrid2,arctan,0.1,2,0.012364,0.0938,2020-03-12,-15.0,0.2671,146,128
COVID,GOLD,hybrid2,arctan,0.1,3,0.01108,0.0859,2020-03-04,-9.0,0.2945,146,128
COVID,GOLD,hybrid2,arctan,0.2,1,0.012499,0.1953,2020-03-04,-9.0,0.3151,146,128
COVID,GOLD,hybrid2,arctan,0.2,2,0.010912,0.1953,2020-03-02,-7.0,0.3562,146,128
COVID,GOLD,hybrid2,arctan,0.2,3,0.010258,0.1953,2020-03-03,-8.0,0.3288,146,128
COVID,GOLD,hybrid2,cosine,0.05,1,0.2029,0.0469,2020-03-25,-24.0,0.0753,146,128
COVID,GOLD,hybrid2,cosine,0.05,2,0.180672,0.0469,2020-03-25,-24.0,0.0753,146,128
COVID,GOLD,hybrid2,cosine,0.05,3,0.153796,0.0469,2020-03-26,-25.0,0.0685,146,128
COVID,GOLD,hybrid2,cosine,0.1,1,0.1673,0.0938,2020-03-24,-23.0,0.0822,146,128
COVID,GOLD,hybrid2,cosine,0.1,2,0.153588,0.0938,2020-03-25,-24.0,0.0753,146,128
COVID,GOLD,hybrid2,cosine,0.1,3,0.148945,0.0781,2020-03-26,-25.0,0.0685,146,128
COVID,GOLD,hybrid2,cosine,0.2,1,0.148945,0.1953,2020-03-24,-23.0,0.0959,146,128
COVID,GOLD,hybrid2,cosine,0.2,2,0.140551,0.1953,2020-03-25,-24.0,0.0753,146,128
COVID,GOLD,hybrid2,cosine,0.2,3,0.135436,0.1797,2020-03-26,-25.0,0.0685,146,128
COVID,GOLD,hybrid2,exponential,0.05,1,0.260787,0.0469,2020-03-02,-7.0,0.1644,146,128
COVID,GOLD,hybrid2,exponential,0.05,2,0.230898,0.0469,2020-03-25,-24.0,0.1781,146,128
COVID,GOLD,hybrid2,exponential,0.05,3,0.226946,0.0469,2020-03-26,-25.0,0.1438,146,128
COVID,GOLD,hybrid2,exponential,0.1,1,0.230898,0.0938,2020-03-02,-7.0,0.2192,146,128
COVID,GOLD,hybrid2,exponential,0.1,2,0.205688,0.0938,2020-03-03,-8.0,0.2055,146,128
COVID,GOLD,hybrid2,exponential,0.1,3,0.199403,0.0938,2020-03-04,-9.0,0.2055,146,128
COVID,GOLD,hybrid2,exponential,0.2,1,0.195101,0.1953,2020-03-02,-7.0,0.2808,146,128
COVID,GOLD,hybrid2,exponential,0.2,2,0.175812,0.1953,2020-03-02,-7.0,0.3082,146,128
COVID,GOLD,hybrid2,exponential,0.2,3,0.169319,0.1953,2020-03-03,-8.0,0.2945,146,128
COVID,GOLD,isolation_forest,exponential,0.05,1,0.584438,0.0469,2020-02-24,-2.0,0.0137,146,128
COVID,GOLD,isolation_forest,exponential,0.05,2,0.575674,0.0469,2020-02-24,-2.0,0.0205,146,128
COVID,GOLD,isolation_forest,exponential,0.05,3,0.57226,0.0469,2020-02-25,-3.0,0.0068,146,128
COVID,GOLD,isolation_forest,exponential,0.1,1,0.573041,0.0938,2020-02-21,-1.0,0.0342,146,128
COVID,GOLD,isolation_forest,exponential,0.1,2,0.56355,0.0859,2020-02-24,-2.0,0.0342,146,128
COVID,GOLD,isolation_forest,exponential,0.1,3,0.551293,0.0938,2020-02-25,-3.0,0.0616,146,128
COVID,GOLD,isolation_forest,exponential,0.2,1,0.540819,0.1953,2020-02-20,0.0,0.1301,146,128
COVID,GOLD,isolation_forest,exponential,0.2,2,0.536837,0.1953,2020-02-21,-1.0,0.1233,146,128
COVID,GOLD,isolation_forest,exponential,0.2,3,0.526657,0.1797,2020-02-21,-1.0,0.1438,146,128
COVID,GOLD,omnianomaly,exponential,0.05,1,0.356873,0.0469,2020-01-16,23.0,0.3356,146,128
COVID,GOLD,omnianomaly,exponential,0.05,2,0.336042,0.0469,2020-01-17,22.0,0.3562,146,128
COVID,GOLD,omnianomaly,exponential,0.05,3,0.264316,0.0391,2020-01-21,21.0,0.589,146,128
COVID,GOLD,omnianomaly,exponential,0.1,1,0.271164,0.0938,2020-01-16,23.0,0.6438,146,128
COVID,GOLD,omnianomaly,exponential,0.1,2,0.260372,0.0938,2020-01-17,22.0,0.6438,146,128
COVID,GOLD,omnianomaly,exponential,0.1,3,0.255412,0.0938,2020-01-21,21.0,0.637,146,128
COVID,GOLD,omnianomaly,exponential,0.2,1,0.242427,0.1953,2020-01-16,23.0,0.8219,146,128
COVID,GOLD,omnianomaly,exponential,0.2,2,0.238873,0.1953,2020-01-17,22.0,0.7945,146,128
COVID,GOLD,omnianomaly,exponential,0.2,3,0.229909,0.1953,2020-01-21,21.0,0.8014,146,128
COVID,GOLD,one_class_svm,exponential,0.05,1,0.371828,0.0469,2020-02-28,-6.0,0.0822,146,128
COVID,GOLD,one_class_svm,exponential,0.05,2,0.238907,0.0469,2020-03-02,-7.0,0.0959,146,128
COVID,GOLD,one_class_svm,exponential,0.05,3,0.205653,0.0391,2020-03-03,-8.0,0.1027,146,128
COVID,GOLD,one_class_svm,exponential,0.1,1,0.205653,0.0938,2020-02-28,-6.0,0.1438,146,128
COVID,GOLD,one_class_svm,exponential,0.1,2,0.116963,0.0938,2020-03-02,-7.0,0.1438,146,128
COVID,GOLD,one_class_svm,exponential,0.1,3,0.01571,0.0938,2020-03-03,-8.0,0.1575,146,128
COVID,GOLD,one_class_svm,exponential,0.2,1,-0.020019,0.1953,2020-02-24,-2.0,0.2192,146,128
COVID,GOLD,one_class_svm,exponential,0.2,2,-0.107127,0.1953,2020-03-02,-7.0,0.2192,146,128
COVID,GOLD,one_class_svm,exponential,0.2,3,-0.12541,0.1953,2020-03-03,-8.0,0.2055,146,128
COVID,GOLD,standalone_fanogan,arccosh,0.05,1,0.160799,0.0469,,,0.0,146,128
COVID,GOLD,standalone_fanogan,arccosh,0.05,2,0.153976,0.0469,,,0.0,146,128
COVID,GOLD,standalone_fanogan,arccosh,0.05,3,0.153085,0.0469,,,0.0,146,128
COVID,GOLD,standalone_fanogan,arccosh,0.1,1,0.153085,0.0938,,,0.0,146,128
COVID,GOLD,standalone_fanogan,arccosh,0.1,2,0.149898,0.0938,,,0.0,146,128
COVID,GOLD,standalone_fanogan,arccosh,0.1,3,0.145326,0.0938,,,0.0,146,128
COVID,GOLD,standalone_fanogan,arccosh,0.2,1,0.141804,0.1953,,,0.0,146,128
COVID,GOLD,standalone_fanogan,arccosh,0.2,2,0.134414,0.1875,,,0.0,146,128
COVID,GOLD,standalone_fanogan,arccosh,0.2,3,0.124988,0.1953,,,0.0,146,128
COVID,GOLD,standalone_fanogan,arctan,0.05,1,0.015942,0.0469,2020-03-12,-15.0,0.2603,146,128
COVID,GOLD,standalone_fanogan,arctan,0.05,2,0.01355,0.0469,2020-03-12,-15.0,0.2534,146,128
COVID,GOLD,standalone_fanogan,arctan,0.05,3,0.011906,0.0469,2020-03-13,-16.0,0.2466,146,128
COVID,GOLD,standalone_fanogan,arctan,0.1,1,0.014356,0.0938,2020-03-12,-15.0,0.274,146,128
COVID,GOLD,standalone_fanogan,arctan,0.1,2,0.012364,0.0938,2020-03-12,-15.0,0.2671,146,128
COVID,GOLD,standalone_fanogan,arctan,0.1,3,0.01108,0.0859,2020-03-04,-9.0,0.2945,146,128
COVID,GOLD,standalone_fanogan,arctan,0.2,1,0.012499,0.1953,2020-03-04,-9.0,0.3151,146,128
COVID,GOLD,standalone_fanogan,arctan,0.2,2,0.010912,0.1953,2020-03-02,-7.0,0.3562,146,128
COVID,GOLD,standalone_fanogan,arctan,0.2,3,0.010258,0.1953,2020-03-03,-8.0,0.3288,146,128
COVID,GOLD,standalone_fanogan,cosine,0.05,1,0.2029,0.0469,2020-03-25,-24.0,0.0753,146,128
COVID,GOLD,standalone_fanogan,cosine,0.05,2,0.180672,0.0469,2020-03-25,-24.0,0.0753,146,128
COVID,GOLD,standalone_fanogan,cosine,0.05,3,0.153796,0.0469,2020-03-26,-25.0,0.0685,146,128
COVID,GOLD,standalone_fanogan,cosine,0.1,1,0.1673,0.0938,2020-03-24,-23.0,0.0822,146,128
COVID,GOLD,standalone_fanogan,cosine,0.1,2,0.153588,0.0938,2020-03-25,-24.0,0.0753,146,128
COVID,GOLD,standalone_fanogan,cosine,0.1,3,0.148945,0.0781,2020-03-26,-25.0,0.0685,146,128
COVID,GOLD,standalone_fanogan,cosine,0.2,1,0.148945,0.1953,2020-03-24,-23.0,0.0959,146,128
COVID,GOLD,standalone_fanogan,cosine,0.2,2,0.140551,0.1953,2020-03-25,-24.0,0.0753,146,128
COVID,GOLD,standalone_fanogan,cosine,0.2,3,0.135436,0.1797,2020-03-26,-25.0,0.0685,146,128
COVID,GOLD,standalone_fanogan,exponential,0.05,1,0.260787,0.0469,2020-03-02,-7.0,0.1644,146,128
COVID,GOLD,standalone_fanogan,exponential,0.05,2,0.230898,0.0469,2020-03-25,-24.0,0.1781,146,128
COVID,GOLD,standalone_fanogan,exponential,0.05,3,0.226946,0.0469,2020-03-26,-25.0,0.1438,146,128
COVID,GOLD,standalone_fanogan,exponential,0.1,1,0.230898,0.0938,2020-03-02,-7.0,0.2192,146,128
COVID,GOLD,standalone_fanogan,exponential,0.1,2,0.205688,0.0938,2020-03-03,-8.0,0.2055,146,128
COVID,GOLD,standalone_fanogan,exponential,0.1,3,0.199403,0.0938,2020-03-04,-9.0,0.2055,146,128
COVID,GOLD,standalone_fanogan,exponential,0.2,1,0.195101,0.1953,2020-03-02,-7.0,0.2808,146,128
COVID,GOLD,standalone_fanogan,exponential,0.2,2,0.175812,0.1953,2020-03-02,-7.0,0.3082,146,128
COVID,GOLD,standalone_fanogan,exponential,0.2,3,0.169319,0.1953,2020-03-03,-8.0,0.2945,146,128
COVID,GOLD,standalone_tadgan,-,0.05,1,0.608616,0.0469,,,0.0,146,128
COVID,GOLD,standalone_tadgan,-,0.05,2,0.606382,0.0469,,,0.0,146,128
COVID,GOLD,standalone_tadgan,-,0.05,3,0.604741,0.0469,,,0.0,146,128
COVID,GOLD,standalone_tadgan,-,0.1,1,0.597925,0.0938,,,0.0,146,128
COVID,GOLD,standalone_tadgan,-,0.1,2,0.595416,0.0938,,,0.0,146,128
COVID,GOLD,standalone_tadgan,-,0.1,3,0.592315,0.0938,,,0.0,146,128
COVID,GOLD,standalone_tadgan,-,0.2,1,0.564174,0.1953,,,0.0,146,128
COVID,GOLD,standalone_tadgan,-,0.2,2,0.560528,0.1953,,,0.0,146,128
COVID,GOLD,standalone_tadgan,-,0.2,3,0.556801,0.1953,,,0.0,146,128
COVID,GOLD,tranad,exponential,0.05,1,0.039307,0.0469,2020-01-16,23.0,0.9041,146,128
COVID,GOLD,tranad,exponential,0.05,2,0.034704,0.0469,2020-01-17,22.0,0.911,146,128
COVID,GOLD,tranad,exponential,0.05,3,0.02975,0.0469,2020-01-21,21.0,0.9521,146,128
COVID,GOLD,tranad,exponential,0.1,1,0.033999,0.0938,2020-01-16,23.0,0.9384,146,128
COVID,GOLD,tranad,exponential,0.1,2,0.028178,0.0938,2020-01-17,22.0,0.9932,146,128
COVID,GOLD,tranad,exponential,0.1,3,0.025707,0.0859,2020-01-21,21.0,0.9863,146,128
COVID,GOLD,tranad,exponential,0.2,1,0.027046,0.1953,2020-01-16,23.0,1.0,146,128
COVID,GOLD,tranad,exponential,0.2,2,0.023795,0.1953,2020-01-17,22.0,0.9932,146,128
COVID,GOLD,tranad,exponential,0.2,3,0.023059,0.1875,2020-01-21,21.0,0.9863,146,128
COVID,GOLD,usad,exponential,0.05,1,1.521141,0.0469,2020-02-18,2.0,0.1164,146,128
COVID,GOLD,usad,exponential,0.05,2,1.506428,0.0391,2020-02-14,3.0,0.1096,146,128
COVID,GOLD,usad,exponential,0.05,3,1.490318,0.0469,2020-02-14,3.0,0.1027,146,128
COVID,GOLD,usad,exponential,0.1,1,1.502708,0.0938,2020-02-13,4.0,0.1575,146,128
COVID,GOLD,usad,exponential,0.1,2,1.474286,0.0938,2020-02-13,4.0,0.1507,146,128
COVID,GOLD,usad,exponential,0.1,3,1.463334,0.0938,2020-02-14,3.0,0.1233,146,128
COVID,GOLD,usad,exponential,0.2,1,1.458646,0.1953,2020-02-11,6.0,0.226,146,128
COVID,GOLD,usad,exponential,0.2,2,1.438149,0.1953,2020-02-12,5.0,0.2055,146,128
COVID,GOLD,usad,exponential,0.2,3,1.385424,0.1953,2020-02-12,5.0,0.2945,146,128
COVID,EURUSD,anomaly_transformer,exponential,0.05,1,0.008008,0.0455,2020-01-23,20.0,0.0658,152,132
COVID,EURUSD,anomaly_transformer,exponential,0.05,2,0.003906,0.0455,2020-03-10,-13.0,0.1053,152,132
COVID,EURUSD,anomaly_transformer,exponential,0.05,3,0.002709,0.0455,2020-03-11,-14.0,0.1053,152,132
COVID,EURUSD,anomaly_transformer,exponential,0.1,1,0.003266,0.0985,2020-01-22,21.0,0.1579,152,132
COVID,EURUSD,anomaly_transformer,exponential,0.1,2,0.002356,0.0985,2020-01-23,20.0,0.1382,152,132
COVID,EURUSD,anomaly_transformer,exponential,0.1,3,0.001833,0.0985,2020-03-10,-13.0,0.125,152,132
COVID,EURUSD,anomaly_transformer,exponential,0.2,1,0.001789,0.197,2020-01-17,24.0,0.2171,152,132
COVID,EURUSD,anomaly_transformer,exponential,0.2,2,0.001701,0.1894,2020-01-20,23.0,0.1776,152,132
COVID,EURUSD,anomaly_transformer,exponential,0.2,3,0.001538,0.1818,2020-01-20,23.0,0.1645,152,132
COVID,EURUSD,dagmm,exponential,0.05,1,11.039864,0.0455,2020-06-05,-76.0,0.0592,152,132
COVID,EURUSD,dagmm,exponential,0.05,2,2.539624,0.0455,2020-05-12,-58.0,0.1382,152,132
COVID,EURUSD,dagmm,exponential,0.05,3,-0.608824,0.0455,2020-03-11,-14.0,0.1974,152,132
COVID,EURUSD,dagmm,exponential,0.1,1,1.78488,0.0985,2020-05-11,-57.0,0.1645,152,132
COVID,EURUSD,dagmm,exponential,0.1,2,-0.608824,0.0985,2020-03-10,-13.0,0.2237,152,132
COVID,EURUSD,dagmm,exponential,0.1,3,-3.626483,0.0985,2020-03-06,-11.0,0.3092,152,132
COVID,EURUSD,dagmm,exponential,0.2,1,-0.665647,0.197,2020-03-09,-12.0,0.25,152,132
COVID,EURUSD,dagmm,exponential,0.2,2,-3.971718,0.197,2020-01-28,17.0,0.3553,152,132
COVID,EURUSD,dagmm,exponential,0.2,3,-4.817244,0.1818,2020-02-05,11.0,0.3618,152,132
COVID,EURUSD,deep_svdd,exponential,0.05,1,0.000564,0.0455,2020-01-14,27.0,0.2763,152,132
COVID,EURUSD,deep_svdd,exponential,0.05,2,0.000463,0.0455,2020-01-15,26.0,0.2632,152,132
COVID,EURUSD,deep_svdd,exponential,0.05,3,0.000368,0.0455,2020-01-16,25.0,0.3684,152,132
COVID,EURUSD,deep_svdd,exponential,0.1,1,0.000469,0.0985,2020-01-14,27.0,0.3487,152,132
COVID,EURUSD,deep_svdd,exponential,0.1,2,0.000368,0.0985,2020-01-15,26.0,0.4211,152,132
COVID,EURUSD,deep_svdd,exponential,0.1,3,0.000317,0.0985,2020-01-16,25.0,0.4408,152,132
COVID,EURUSD,deep_svdd,exponential,0.2,1,0.000361,0.197,2020-01-14,27.0,0.5461,152,132
COVID,EURUSD,deep_svdd,exponential,0.2,2,0.000278,0.1894,2020-01-15,26.0,0.6316,152,132
COVID,EURUSD,deep_svdd,exponential,0.2,3,0.00024,0.1818,2020-01-16,25.0,0.7237,152,132
COVID,EURUSD,hybrid2,arccosh,0.05,1,0.027754,0.0455,2020-01-23,20.0,0.0329,152,132
COVID,EURUSD,hybrid2,arccosh,0.05,2,0.023691,0.0455,2020-01-23,20.0,0.0526,152,132
COVID,EURUSD,hybrid2,arccosh,0.05,3,0.023194,0.0455,2020-01-20,23.0,0.0329,152,132
COVID,EURUSD,hybrid2,arccosh,0.1,1,0.024035,0.0985,2020-01-16,25.0,0.0855,152,132
COVID,EURUSD,hybrid2,arccosh,0.1,2,0.022213,0.0985,2020-01-17,24.0,0.0921,152,132
COVID,EURUSD,hybrid2,arccosh,0.1,3,0.022147,0.0985,2020-01-20,23.0,0.0461,152,132
COVID,EURUSD,hybrid2,arccosh,0.2,1,0.020731,0.197,2020-01-15,26.0,0.2237,152,132
COVID,EURUSD,hybrid2,arccosh,0.2,2,0.019017,0.197,2020-01-16,25.0,0.1842,152,132
COVID,EURUSD,hybrid2,arccosh,0.2,3,0.016586,0.197,2020-01-17,24.0,0.2303,152,132
COVID,EURUSD,hybrid2,arctan,0.05,1,0.011209,0.0455,2020-01-16,25.0,0.0263,152,132
COVID,EURUSD,hybrid2,arctan,0.05,2,0.010808,0.0379,,,0.0,152,132
COVID,EURUSD,hybrid2,arctan,0.05,3,0.008965,0.0303,2020-05-01,-51.0,0.0263,152,132
COVID,EURUSD,hybrid2,arctan,0.1,1,0.010393,0.0985,2020-01-16,25.0,0.0461,152,132
COVID,EURUSD,hybrid2,arctan,0.1,2,0.008965,0.0909,2020-04-30,-50.0,0.0592,152,132
COVID,EURUSD,hybrid2,arctan,0.1,3,0.008359,0.0909,2020-01-20,23.0,0.0526,152,132
COVID,EURUSD,hybrid2,arctan,0.2,1,0.008965,0.197,2020-01-16,25.0,0.125,152,132
COVID,EURUSD,hybrid2,arctan,0.2,2,0.007602,0.197,2020-01-17,24.0,0.1513,152,132
COVID,EURUSD,hybrid2,arctan,0.2,3,0.007169,0.197,2020-01-16,25.0,0.1447,152,132
COVID,EURUSD,hybrid2,cosine,0.05,1,0.187163,0.0455,,,0.0,152,132
COVID,EURUSD,hybrid2,cosine,0.05,2,0.160451,0.0379,,,0.0,152,132
COVID,EURUSD,hybrid2,cosine,0.05,3,0.151348,0.0455,,,0.0,152,132
COVID,EURUSD,hybrid2,cosine,0.1,1,0.159639,0.0985,2020-01-23,20.0,0.0066,152,132
COVID,EURUSD,hybrid2,cosine,0.1,2,0.151348,0.0985,2020-01-23,20.0,0.0066,152,132
COVID,EURUSD,hybrid2,cosine,0.1,3,0.142565,0.0909,,,0.0,152,132
COVID,EURUSD,hybrid2,cosine,0.2,1,0.149738,0.197,2020-01-22,21.0,0.0197,152,132
COVID,EURUSD,hybrid2,cosine,0.2,2,0.137577,0.197,2020-01-23,20.0,0.0066,152,132
COVID,EURUSD,hybrid2,cosine,0.2,3,0.12734,0.1818,,,0.0,152,132
COVID,EURUSD,hybrid2,exponential,0.05,1,0.250784,0.0455,2020-01-14,27.0,0.2566,152,132
COVID,EURUSD,hybrid2,exponential,0.05,2,0.230829,0.0455,2020-01-15,26.0,0.2303,152,132
COVID,EURUSD,hybrid2,exponential,0.05,3,0.198638,0.0455,2020-01-16,25.0,0.3816,152,132
COVID,EURUSD,hybrid2,exponential,0.1,1,0.205872,0.0985,2020-01-14,27.0,0.4605,152,132
COVID,EURUSD,hybrid2,exponential,0.1,2,0.192957,0.0909,2020-01-15,26.0,0.4605,152,132
COVID,EURUSD,hybrid2,exponential,0.1,3,0.173887,0.0909,2020-01-16,25.0,0.4868,152,132
COVID,EURUSD,hybrid2,exponential,0.2,1,0.165752,0.197,2020-01-14,27.0,0.6579,152,132
COVID,EURUSD,hybrid2,exponential,0.2,2,0.150054,0.197,2020-01-15,26.0,0.6974,152,132
COVID,EURUSD,hybrid2,exponential,0.2,3,0.14288,0.1894,2020-01-16,25.0,0.7039,152,132
COVID,EURUSD,isolation_forest,exponential,0.05,1,0.562248,0.0455,2020-01-23,20.0,0.125,152,132
COVID,EURUSD,isolation_forest,exponential,0.05,2,0.552642,0.0455,2020-03-10,-13.0,0.1316,152,132
COVID,EURUSD,isolation_forest,exponential,0.05,3,0.552642,0.0379,2020-05-08,-56.0,0.1053,152,132
COVID,EURUSD,isolation_forest,exponential,0.1,1,0.550458,0.0985,2020-01-23,20.0,0.1776,152,132
COVID,EURUSD,isolation_forest,exponential,0.1,2,0.542618,0.0909,2020-03-10,-13.0,0.1579,152,132
COVID,EURUSD,isolation_forest,exponential,0.1,3,0.539201,0.0985,2020-03-11,-14.0,0.1447,152,132
COVID,EURUSD,isolation_forest,exponential,0.2,1,0.538915,0.197,2020-01-15,26.0,0.2237,152,132
COVID,EURUSD,isolation_forest,exponential,0.2,2,0.534468,0.1894,2020-01-16,25.0,0.2105,152,132
COVID,EURUSD,isolation_forest,exponential,0.2,3,0.53028,0.1894,2020-01-17,24.0,0.2303,152,132
COVID,EURUSD,omnianomaly,exponential,0.05,1,0.372233,0.0455,2020-01-15,26.0,0.4276,152,132
COVID,EURUSD,omnianomaly,exponential,0.05,2,0.35392,0.0455,2020-01-22,21.0,0.4079,152,132
COVID,EURUSD,omnianomaly,exponential,0.05,3,0.337784,0.0455,2020-01-17,24.0,0.4539,152,132
COVID,EURUSD,omnianomaly,exponential,0.1,1,0.353381,0.0985,2020-01-15,26.0,0.4539,152,132
COVID,EURUSD,omnianomaly,exponential,0.1,2,0.337581,0.0909,2020-01-16,25.0,0.4868,152,132
COVID,EURUSD,omnianomaly,exponential,0.1,3,0.317774,0.0985,2020-01-17,24.0,0.5263,152,132
COVID,EURUSD,omnianomaly,exponential,0.2,1,0.314476,0.197,2020-01-15,26.0,0.625,152,132
COVID,EURUSD,omnianomaly,exponential,0.2,2,0.304217,0.197,2020-01-16,25.0,0.625,152,132
COVID,EURUSD,omnianomaly,exponential,0.2,3,0.287317,0.197,2020-01-17,24.0,0.6579,152,132
COVID,EURUSD,one_class_svm,exponential,0.05,1,0.813601,0.0455,2020-01-23,20.0,0.0263,152,132
COVID,EURUSD,one_class_svm,exponential,0.05,2,0.586898,0.0455,2020-06-10,-79.0,0.0132,152,132
COVID,EURUSD,one_class_svm,exponential,0.05,3,0.429368,0.0379,2020-05-11,-57.0,0.0461,152,132
COVID,EURUSD,one_class_svm,exponential,0.1,1,0.463964,0.0985,2020-01-23,20.0,0.0987,152,132
COVID,EURUSD,one_class_svm,exponential,0.1,2,0.228779,0.0985,2020-05-07,-55.0,0.1513,152,132
COVID,EURUSD,one_class_svm,exponential,0.1,3,0.196567,0.0985,2020-05-08,-56.0,0.1316,152,132
COVID,EURUSD,one_class_svm,exponential,0.2,1,0.169034,0.197,2020-01-15,26.0,0.2368,152,132
COVID,EURUSD,one_class_svm,exponential,0.2,2,0.065828,0.197,2020-01-16,25.0,0.2039,152,132
COVID,EURUSD,one_class_svm,exponential,0.2,3,-0.071112,0.197,2020-01-17,24.0,0.2303,152,132
COVID,EURUSD,standalone_fanogan,arccosh,0.05,1,0.027754,0.0455,2020-01-23,20.0,0.0329,152,132
COVID,EURUSD,standalone_fanogan,arccosh,0.05,2,0.023691,0.0455,2020-01-23,20.0,0.0526,152,132
COVID,EURUSD,standalone_fanogan,arccosh,0.05,3,0.023194,0.0455,2020-01-20,23.0,0.0329,152,132
COVID,EURUSD,standalone_fanogan,arccosh,0.1,1,0.024035,0.0985,2020-01-16,25.0,0.0855,152,132
COVID,EURUSD,standalone_fanogan,arccosh,0.1,2,0.022213,0.0985,2020-01-17,24.0,0.0921,152,132
COVID,EURUSD,standalone_fanogan,arccosh,0.1,3,0.022147,0.0985,2020-01-20,23.0,0.0461,152,132
COVID,EURUSD,standalone_fanogan,arccosh,0.2,1,0.020731,0.197,2020-01-15,26.0,0.2237,152,132
COVID,EURUSD,standalone_fanogan,arccosh,0.2,2,0.019017,0.197,2020-01-16,25.0,0.1842,152,132
COVID,EURUSD,standalone_fanogan,arccosh,0.2,3,0.016586,0.197,2020-01-17,24.0,0.2303,152,132
COVID,EURUSD,standalone_fanogan,arctan,0.05,1,0.011209,0.0455,2020-01-16,25.0,0.0263,152,132
COVID,EURUSD,standalone_fanogan,arctan,0.05,2,0.010808,0.0379,,,0.0,152,132
COVID,EURUSD,standalone_fanogan,arctan,0.05,3,0.008965,0.0303,2020-05-01,-51.0,0.0263,152,132
COVID,EURUSD,standalone_fanogan,arctan,0.1,1,0.010393,0.0985,2020-01-16,25.0,0.0461,152,132
COVID,EURUSD,standalone_fanogan,arctan,0.1,2,0.008965,0.0909,2020-04-30,-50.0,0.0592,152,132
COVID,EURUSD,standalone_fanogan,arctan,0.1,3,0.008359,0.0909,2020-01-20,23.0,0.0526,152,132
COVID,EURUSD,standalone_fanogan,arctan,0.2,1,0.008965,0.197,2020-01-16,25.0,0.125,152,132
COVID,EURUSD,standalone_fanogan,arctan,0.2,2,0.007602,0.197,2020-01-17,24.0,0.1513,152,132
COVID,EURUSD,standalone_fanogan,arctan,0.2,3,0.007169,0.197,2020-01-16,25.0,0.1447,152,132
COVID,EURUSD,standalone_fanogan,cosine,0.05,1,0.187163,0.0455,,,0.0,152,132
COVID,EURUSD,standalone_fanogan,cosine,0.05,2,0.160451,0.0379,,,0.0,152,132
COVID,EURUSD,standalone_fanogan,cosine,0.05,3,0.151348,0.0455,,,0.0,152,132
COVID,EURUSD,standalone_fanogan,cosine,0.1,1,0.159639,0.0985,2020-01-23,20.0,0.0066,152,132
COVID,EURUSD,standalone_fanogan,cosine,0.1,2,0.151348,0.0985,2020-01-23,20.0,0.0066,152,132
COVID,EURUSD,standalone_fanogan,cosine,0.1,3,0.142565,0.0909,,,0.0,152,132
COVID,EURUSD,standalone_fanogan,cosine,0.2,1,0.149738,0.197,2020-01-22,21.0,0.0197,152,132
COVID,EURUSD,standalone_fanogan,cosine,0.2,2,0.137577,0.197,2020-01-23,20.0,0.0066,152,132
COVID,EURUSD,standalone_fanogan,cosine,0.2,3,0.12734,0.1818,,,0.0,152,132
COVID,EURUSD,standalone_fanogan,exponential,0.05,1,0.250784,0.0455,2020-01-14,27.0,0.2566,152,132
COVID,EURUSD,standalone_fanogan,exponential,0.05,2,0.230829,0.0455,2020-01-15,26.0,0.2303,152,132
COVID,EURUSD,standalone_fanogan,exponential,0.05,3,0.198638,0.0455,2020-01-16,25.0,0.3816,152,132
COVID,EURUSD,standalone_fanogan,exponential,0.1,1,0.205872,0.0985,2020-01-14,27.0,0.4605,152,132
COVID,EURUSD,standalone_fanogan,exponential,0.1,2,0.192957,0.0909,2020-01-15,26.0,0.4605,152,132
COVID,EURUSD,standalone_fanogan,exponential,0.1,3,0.173887,0.0909,2020-01-16,25.0,0.4868,152,132
COVID,EURUSD,standalone_fanogan,exponential,0.2,1,0.165752,0.197,2020-01-14,27.0,0.6579,152,132
COVID,EURUSD,standalone_fanogan,exponential,0.2,2,0.150054,0.197,2020-01-15,26.0,0.6974,152,132
COVID,EURUSD,standalone_fanogan,exponential,0.2,3,0.14288,0.1894,2020-01-16,25.0,0.7039,152,132
COVID,EURUSD,standalone_tadgan,-,0.05,1,1.70718,0.0455,,,0.0,152,132
COVID,EURUSD,standalone_tadgan,-,0.05,2,1.680008,0.0455,,,0.0,152,132
COVID,EURUSD,standalone_tadgan,-,0.05,3,1.668829,0.0455,,,0.0,152,132
COVID,EURUSD,standalone_tadgan,-,0.1,1,1.61942,0.0985,,,0.0,152,132
COVID,EURUSD,standalone_tadgan,-,0.1,2,1.606037,0.0909,,,0.0,152,132
COVID,EURUSD,standalone_tadgan,-,0.1,3,1.605956,0.0985,,,0.0,152,132
COVID,EURUSD,standalone_tadgan,-,0.2,1,1.398342,0.197,,,0.0,152,132
COVID,EURUSD,standalone_tadgan,-,0.2,2,1.378326,0.197,,,0.0,152,132
COVID,EURUSD,standalone_tadgan,-,0.2,3,1.376429,0.197,,,0.0,152,132
COVID,EURUSD,tranad,exponential,0.05,1,0.030297,0.0455,2020-01-14,27.0,1.0,152,132
COVID,EURUSD,tranad,exponential,0.05,2,0.027034,0.0455,2020-01-15,26.0,0.9934,152,132
COVID,EURUSD,tranad,exponential,0.05,3,0.024706,0.0455,2020-01-16,25.0,0.9868,152,132
COVID,EURUSD,tranad,exponential,0.1,1,0.02712,0.0985,2020-01-14,27.0,1.0,152,132
COVID,EURUSD,tranad,exponential,0.1,2,0.024678,0.0909,2020-01-15,26.0,0.9934,152,132
COVID,EURUSD,tranad,exponential,0.1,3,0.023105,0.0985,2020-01-16,25.0,0.9868,152,132
COVID,EURUSD,tranad,exponential,0.2,1,0.023081,0.197,2020-01-14,27.0,1.0,152,132
COVID,EURUSD,tranad,exponential,0.2,2,0.019661,0.197,2020-01-15,26.0,0.9934,152,132
COVID,EURUSD,tranad,exponential,0.2,3,0.017576,0.1894,2020-01-16,25.0,0.9868,152,132
COVID,EURUSD,usad,exponential,0.05,1,1.556594,0.0455,2020-02-14,4.0,0.0263,152,132
COVID,EURUSD,usad,exponential,0.05,2,1.534311,0.0455,2020-02-14,4.0,0.0197,152,132
COVID,EURUSD,usad,exponential,0.05,3,1.523893,0.0455,2020-07-15,-104.0,0.0066,152,132
COVID,EURUSD,usad,exponential,0.1,1,1.521128,0.0985,2020-02-13,5.0,0.0329,152,132
COVID,EURUSD,usad,exponential,0.1,2,1.475576,0.0985,2020-02-14,4.0,0.0461,152,132
COVID,EURUSD,usad,exponential,0.1,3,1.455054,0.0985,2020-02-12,6.0,0.0526,152,132
COVID,EURUSD,usad,exponential,0.2,1,1.450572,0.197,2020-01-27,18.0,0.0855,152,132
COVID,EURUSD,usad,exponential,0.2,2,1.400405,0.197,2020-01-28,17.0,0.0789,152,132
COVID,EURUSD,usad,exponential,0.2,3,1.377787,0.197,2020-01-29,16.0,0.0658,152,132
Russia-Ukraine,USOIL,anomaly_transformer,exponential,0.05,1,0.015959,0.0469,2022-04-21,-47.0,0.008,125,128
Russia-Ukraine,USOIL,anomaly_transformer,exponential,0.05,2,0.01431,0.0469,,,0.0,125,128
Russia-Ukraine,USOIL,anomaly_transformer,exponential,0.05,3,0.01096,0.0469,,,0.0,125,128
Russia-Ukraine,USOIL,anomaly_transformer,exponential,0.1,1,0.01096,0.0938,2022-03-16,-22.0,0.016,125,128
Russia-Ukraine,USOIL,anomaly_transformer,exponential,0.1,2,0.00973,0.0938,2022-03-17,-23.0,0.008,125,128
Russia-Ukraine,USOIL,anomaly_transformer,exponential,0.1,3,0.008688,0.0938,,,0.0,125,128
Russia-Ukraine,USOIL,anomaly_transformer,exponential,0.2,1,0.003182,0.1953,2022-03-02,-12.0,0.296,125,128
Russia-Ukraine,USOIL,anomaly_transformer,exponential,0.2,2,0.000581,0.1953,2022-03-03,-13.0,0.384,125,128
Russia-Ukraine,USOIL,anomaly_transformer,exponential,0.2,3,0.000471,0.1953,2022-03-04,-14.0,0.376,125,128
Russia-Ukraine,USOIL,autoencoder,exponential,0.05,1,0.47314,0.0469,,,0.0,125,128
Russia-Ukraine,USOIL,autoencoder,exponential,0.05,2,0.359852,0.0469,,,0.0,125,128
Russia-Ukraine,USOIL,autoencoder,exponential,0.05,3,0.346315,0.0469,,,0.0,125,128
Russia-Ukraine,USOIL,autoencoder,exponential,0.1,1,0.302608,0.0938,,,0.0,125,128
Russia-Ukraine,USOIL,autoencoder,exponential,0.1,2,0.262534,0.0938,,,0.0,125,128
Russia-Ukraine,USOIL,autoencoder,exponential,0.1,3,0.252953,0.0938,,,0.0,125,128
Russia-Ukraine,USOIL,autoencoder,exponential,0.2,1,0.188557,0.1953,2022-04-01,-34.0,0.048,125,128
Russia-Ukraine,USOIL,autoencoder,exponential,0.2,2,0.144388,0.1953,2022-03-30,-32.0,0.104,125,128
Russia-Ukraine,USOIL,autoencoder,exponential,0.2,3,0.143446,0.1875,2022-03-31,-33.0,0.088,125,128
Russia-Ukraine,USOIL,cnn_autoencoder,exponential,0.05,1,0.034855,0.0469,2022-05-12,-62.0,0.016,125,128
Russia-Ukraine,USOIL,cnn_autoencoder,exponential,0.05,2,0.032119,0.0391,2022-05-12,-62.0,0.016,125,128
Russia-Ukraine,USOIL,cnn_autoencoder,exponential,0.05,3,0.02944,0.0469,2022-05-13,-63.0,0.008,125,128
Russia-Ukraine,USOIL,cnn_autoencoder,exponential,0.1,1,0.029475,0.0938,2022-05-11,-61.0,0.024,125,128
Russia-Ukraine,USOIL,cnn_autoencoder,exponential,0.1,2,0.028592,0.0859,2022-05-12,-62.0,0.016,125,128
Russia-Ukraine,USOIL,cnn_autoencoder,exponential,0.1,3,0.026104,0.0859,2022-05-13,-63.0,0.008,125,128
Russia-Ukraine,USOIL,cnn_autoencoder,exponential,0.2,1,0.020989,0.1953,2022-05-11,-61.0,0.024,125,128
Russia-Ukraine,USOIL,cnn_autoencoder,exponential,0.2,2,0.015097,0.1953,2022-04-26,-50.0,0.048,125,128
Russia-Ukraine,USOIL,cnn_autoencoder,exponential,0.2,3,0.013931,0.1953,2022-04-27,-51.0,0.032,125,128
Russia-Ukraine,USOIL,dagmm,exponential,0.05,1,20.021452,0.0469,,,0.0,125,128
Russia-Ukraine,USOIL,dagmm,exponential,0.05,2,17.1885,0.0469,,,0.0,125,128
Russia-Ukraine,USOIL,dagmm,exponential,0.05,3,12.719187,0.0469,,,0.0,125,128
Russia-Ukraine,USOIL,dagmm,exponential,0.1,1,10.84568,0.0938,,,0.0,125,128
Russia-Ukraine,USOIL,dagmm,exponential,0.1,2,4.422081,0.0938,,,0.0,125,128
Russia-Ukraine,USOIL,dagmm,exponential,0.1,3,3.202278,0.0938,,,0.0,125,128
Russia-Ukraine,USOIL,dagmm,exponential,0.2,1,2.668188,0.1953,2022-03-01,-11.0,0.016,125,128
Russia-Ukraine,USOIL,dagmm,exponential,0.2,2,0.971113,0.1953,2022-03-18,-24.0,0.008,125,128
Russia-Ukraine,USOIL,dagmm,exponential,0.2,3,-0.451806,0.1953,2022-03-21,-25.0,0.008,125,128
Russia-Ukraine,USOIL,deep_svdd,exponential,0.05,1,0.001129,0.0469,2022-03-21,-25.0,0.128,125,128
Russia-Ukraine,USOIL,deep_svdd,exponential,0.05,2,0.000979,0.0469,2022-03-31,-33.0,0.088,125,128
Russia-Ukraine,USOIL,deep_svdd,exponential,0.05,3,0.000844,0.0469,2022-03-23,-27.0,0.136,125,128
Russia-Ukraine,USOIL,deep_svdd,exponential,0.1,1,0.000982,0.0938,2022-03-21,-25.0,0.168,125,128
Russia-Ukraine,USOIL,deep_svdd,exponential,0.1,2,0.000828,0.0938,2022-03-11,-19.0,0.208,125,128
Russia-Ukraine,USOIL,deep_svdd,exponential,0.1,3,0.000796,0.0859,2022-03-23,-27.0,0.144,125,128
Russia-Ukraine,USOIL,deep_svdd,exponential,0.2,1,0.000815,0.1953,2022-03-10,-18.0,0.304,125,128
Russia-Ukraine,USOIL,deep_svdd,exponential,0.2,2,0.000658,0.1953,2022-03-11,-19.0,0.368,125,128
Russia-Ukraine,USOIL,deep_svdd,exponential,0.2,3,0.000625,0.1953,2022-03-14,-20.0,0.344,125,128
Russia-Ukraine,USOIL,hybrid2,arccosh,0.05,1,0.053686,0.0469,,,0.0,125,128
Russia-Ukraine,USOIL,hybrid2,arccosh,0.05,2,0.051616,0.0469,,,0.0,125,128
Russia-Ukraine,USOIL,hybrid2,arccosh,0.05,3,0.050125,0.0391,,,0.0,125,128
Russia-Ukraine,USOIL,hybrid2,arccosh,0.1,1,0.045238,0.0938,,,0.0,125,128
Russia-Ukraine,USOIL,hybrid2,arccosh,0.1,2,0.042841,0.0938,,,0.0,125,128
Russia-Ukraine,USOIL,hybrid2,arccosh,0.1,3,0.040416,0.0859,,,0.0,125,128
Russia-Ukraine,USOIL,hybrid2,arccosh,0.2,1,0.028519,0.1953,2022-03-21,-25.0,0.128,125,128
Russia-Ukraine,USOIL,hybrid2,arccosh,0.2,2,0.026267,0.1953,2022-03-18,-24.0,0.096,125,128
Russia-Ukraine,USOIL,hybrid2,arccosh,0.2,3,0.023946,0.1953,2022-03-18,-24.0,0.216,125,128
Russia-Ukraine,USOIL,hybrid2,arctan,0.05,1,0.015834,0.0469,2022-03-31,-33.0,0.008,125,128
Russia-Ukraine,USOIL,hybrid2,arctan,0.05,2,0.014588,0.0469,2022-04-01,-34.0,0.008,125,128
Russia-Ukraine,USOIL,hybrid2,arctan,0.05,3,0.01433,0.0469,,,0.0,125,128
Russia-Ukraine,USOIL,hybrid2,arctan,0.1,1,0.01476,0.0938,2022-03-31,-33.0,0.016,125,128
Russia-Ukraine,USOIL,hybrid2,arctan,0.1,2,0.013413,0.0938,2022-04-01,-34.0,0.008,125,128
Russia-Ukraine,USOIL,hybrid2,arctan,0.1,3,0.012573,0.0859,,,0.0,125,128
Russia-Ukraine,USOIL,hybrid2,arctan,0.2,1,0.013052,0.1953,2022-03-31,-33.0,0.032,125,128
Russia-Ukraine,USOIL,hybrid2,arctan,0.2,2,0.011442,0.1875,2022-04-01,-34.0,0.032,125,128
Russia-Ukraine,USOIL,hybrid2,arctan,0.2,3,0.010555,0.1875,2022-04-04,-35.0,0.016,125,128
Russia-Ukraine,USOIL,hybrid2,cosine,0.05,1,0.140705,0.0469,2022-03-16,-22.0,0.08,125,128
Russia-Ukraine,USOIL,hybrid2,cosine,0.05,2,0.130912,0.0469,2022-03-17,-23.0,0.064,125,128
Russia-Ukraine,USOIL,hybrid2,cosine,0.05,3,0.125501,0.0469,2022-04-01,-34.0,0.04,125,128
Russia-Ukraine,USOIL,hybrid2,cosine,0.1,1,0.130954,0.0938,2022-03-16,-22.0,0.112,125,128
Russia-Ukraine,USOIL,hybrid2,cosine,0.1,2,0.112362,0.0938,2022-03-17,-23.0,0.128,125,128
Russia-Ukraine,USOIL,hybrid2,cosine,0.1,3,0.104798,0.0938,2022-03-18,-24.0,0.144,125,128
Russia-Ukraine,USOIL,hybrid2,cosine,0.2,1,0.104798,0.1953,2022-03-16,-22.0,0.216,125,128
Russia-Ukraine,USOIL,hybrid2,cosine,0.2,2,0.097849,0.1953,2022-03-17,-23.0,0.184,125,128
Russia-Ukraine,USOIL,hybrid2,cosine,0.2,3,0.093543,0.1953,2022-03-17,-23.0,0.184,125,128
Russia-Ukraine,USOIL,hybrid2,exponential,0.05,1,0.463625,0.0469,,,0.0,125,128
Russia-Ukraine,USOIL,hybrid2,exponential,0.05,2,0.434351,0.0469,,,0.0,125,128
Russia-Ukraine,USOIL,hybrid2,exponential,0.05,3,0.414764,0.0469,,,0.0,125,128
Russia-Ukraine,USOIL,hybrid2,exponential,0.1,1,0.399093,0.0938,2022-04-25,-49.0,0.008,125,128
Russia-Ukraine,USOIL,hybrid2,exponential,0.1,2,0.37545,0.0938,2022-04-26,-50.0,0.016,125,128
Russia-Ukraine,USOIL,hybrid2,exponential,0.1,3,0.36225,0.0938,2022-04-26,-50.0,0.016,125,128
Russia-Ukraine,USOIL,hybrid2,exponential,0.2,1,0.31169,0.1953,2022-04-06,-37.0,0.048,125,128
Russia-Ukraine,USOIL,hybrid2,exponential,0.2,2,0.247754,0.1953,2022-04-06,-37.0,0.04,125,128
Russia-Ukraine,USOIL,hybrid2,exponential,0.2,3,0.24314,0.1953,2022-04-26,-50.0,0.032,125,128
Russia-Ukraine,USOIL,isolation_forest,exponential,0.05,1,0.649505,0.0469,,,0.0,125,128
Russia-Ukraine,USOIL,isolation_forest,exponential,0.05,2,0.645709,0.0469,,,0.0,125,128
Russia-Ukraine,USOIL,isolation_forest,exponential,0.05,3,0.645709,0.0312,,,0.0,125,128
Russia-Ukraine,USOIL,isolation_forest,exponential,0.1,1,0.630542,0.0938,2022-03-02,-12.0,0.008,125,128
Russia-Ukraine,USOIL,isolation_forest,exponential,0.1,2,0.623156,0.0938,,,0.0,125,128
Russia-Ukraine,USOIL,isolation_forest,exponential,0.1,3,0.616953,0.0859,,,0.0,125,128
Russia-Ukraine,USOIL,isolation_forest,exponential,0.2,1,0.589751,0.1953,2022-03-02,-12.0,0.136,125,128
Russia-Ukraine,USOIL,isolation_forest,exponential,0.2,2,0.584527,0.1953,2022-03-03,-13.0,0.12,125,128
Russia-Ukraine,USOIL,isolation_forest,exponential,0.2,3,0.577029,0.1953,2022-03-04,-14.0,0.112,125,128
Russia-Ukraine,USOIL,omnianomaly,exponential,0.05,1,0.39071,0.0469,2022-03-02,-12.0,0.272,125,128
Russia-Ukraine,USOIL,omnianomaly,exponential,0.05,2,0.363419,0.0469,2022-03-03,-13.0,0.304,125,128
Russia-Ukraine,USOIL,omnianomaly,exponential,0.05,3,0.33606,0.0469,2022-03-04,-14.0,0.344,125,128
Russia-Ukraine,USOIL,omnianomaly,exponential,0.1,1,0.365861,0.0938,2022-03-02,-12.0,0.328,125,128
Russia-Ukraine,USOIL,omnianomaly,exponential,0.1,2,0.33606,0.0938,2022-03-03,-13.0,0.36,125,128
Russia-Ukraine,USOIL,omnianomaly,exponential,0.1,3,0.321335,0.0938,2022-03-04,-14.0,0.368,125,128
Russia-Ukraine,USOIL,omnianomaly,exponential,0.2,1,0.315565,0.1953,2022-03-02,-12.0,0.424,125,128
Russia-Ukraine,USOIL,omnianomaly,exponential,0.2,2,0.297764,0.1875,2022-03-03,-13.0,0.416,125,128
Russia-Ukraine,USOIL,omnianomaly,exponential,0.2,3,0.250733,0.1953,2022-01-24,14.0,0.512,125,128
Russia-Ukraine,USOIL,one_class_svm,exponential,0.05,1,2.327851,0.0469,2022-03-07,-15.0,0.048,125,128
Russia-Ukraine,USOIL,one_class_svm,exponential,0.05,2,2.207389,0.0391,2022-03-07,-15.0,0.04,125,128
Russia-Ukraine,USOIL,one_class_svm,exponential,0.05,3,2.147048,0.0469,2022-03-08,-16.0,0.016,125,128
Russia-Ukraine,USOIL,one_class_svm,exponential,0.1,1,1.922604,0.0938,2022-03-04,-14.0,0.088,125,128
Russia-Ukraine,USOIL,one_class_svm,exponential,0.1,2,1.618722,0.0938,2022-03-07,-15.0,0.12,125,128
Russia-Ukraine,USOIL,one_class_svm,exponential,0.1,3,1.617685,0.0781,2022-03-08,-16.0,0.112,125,128
Russia-Ukraine,USOIL,one_class_svm,exponential,0.2,1,0.854223,0.1953,2022-03-02,-12.0,0.2,125,128
Russia-Ukraine,USOIL,one_class_svm,exponential,0.2,2,0.783113,0.1953,2022-03-03,-13.0,0.2,125,128
Russia-Ukraine,USOIL,one_class_svm,exponential,0.2,3,0.603856,0.1953,2022-03-04,-14.0,0.2,125,128
Russia-Ukraine,USOIL,standalone_fanogan,arccosh,0.05,1,0.053686,0.0469,,,0.0,125,128
Russia-Ukraine,USOIL,standalone_fanogan,arccosh,0.05,2,0.051616,0.0469,,,0.0,125,128
Russia-Ukraine,USOIL,standalone_fanogan,arccosh,0.05,3,0.050125,0.0391,,,0.0,125,128
Russia-Ukraine,USOIL,standalone_fanogan,arccosh,0.1,1,0.045238,0.0938,,,0.0,125,128
Russia-Ukraine,USOIL,standalone_fanogan,arccosh,0.1,2,0.042841,0.0938,,,0.0,125,128
Russia-Ukraine,USOIL,standalone_fanogan,arccosh,0.1,3,0.040416,0.0859,,,0.0,125,128
Russia-Ukraine,USOIL,standalone_fanogan,arccosh,0.2,1,0.028519,0.1953,2022-03-21,-25.0,0.128,125,128
Russia-Ukraine,USOIL,standalone_fanogan,arccosh,0.2,2,0.026267,0.1953,2022-03-18,-24.0,0.096,125,128
Russia-Ukraine,USOIL,standalone_fanogan,arccosh,0.2,3,0.023946,0.1953,2022-03-18,-24.0,0.216,125,128
Russia-Ukraine,USOIL,standalone_fanogan,arctan,0.05,1,0.015834,0.0469,2022-03-31,-33.0,0.008,125,128
Russia-Ukraine,USOIL,standalone_fanogan,arctan,0.05,2,0.014588,0.0469,2022-04-01,-34.0,0.008,125,128
Russia-Ukraine,USOIL,standalone_fanogan,arctan,0.05,3,0.01433,0.0469,,,0.0,125,128
Russia-Ukraine,USOIL,standalone_fanogan,arctan,0.1,1,0.01476,0.0938,2022-03-31,-33.0,0.016,125,128
Russia-Ukraine,USOIL,standalone_fanogan,arctan,0.1,2,0.013413,0.0938,2022-04-01,-34.0,0.008,125,128
Russia-Ukraine,USOIL,standalone_fanogan,arctan,0.1,3,0.012573,0.0859,,,0.0,125,128
Russia-Ukraine,USOIL,standalone_fanogan,arctan,0.2,1,0.013052,0.1953,2022-03-31,-33.0,0.032,125,128
Russia-Ukraine,USOIL,standalone_fanogan,arctan,0.2,2,0.011442,0.1875,2022-04-01,-34.0,0.032,125,128
Russia-Ukraine,USOIL,standalone_fanogan,arctan,0.2,3,0.010555,0.1875,2022-04-04,-35.0,0.016,125,128
Russia-Ukraine,USOIL,standalone_fanogan,cosine,0.05,1,0.140705,0.0469,2022-03-16,-22.0,0.08,125,128
Russia-Ukraine,USOIL,standalone_fanogan,cosine,0.05,2,0.130912,0.0469,2022-03-17,-23.0,0.064,125,128
Russia-Ukraine,USOIL,standalone_fanogan,cosine,0.05,3,0.125501,0.0469,2022-04-01,-34.0,0.04,125,128
Russia-Ukraine,USOIL,standalone_fanogan,cosine,0.1,1,0.130954,0.0938,2022-03-16,-22.0,0.112,125,128
Russia-Ukraine,USOIL,standalone_fanogan,cosine,0.1,2,0.112362,0.0938,2022-03-17,-23.0,0.128,125,128
Russia-Ukraine,USOIL,standalone_fanogan,cosine,0.1,3,0.104798,0.0938,2022-03-18,-24.0,0.144,125,128
Russia-Ukraine,USOIL,standalone_fanogan,cosine,0.2,1,0.104798,0.1953,2022-03-16,-22.0,0.216,125,128
Russia-Ukraine,USOIL,standalone_fanogan,cosine,0.2,2,0.097849,0.1953,2022-03-17,-23.0,0.184,125,128
Russia-Ukraine,USOIL,standalone_fanogan,cosine,0.2,3,0.093543,0.1953,2022-03-17,-23.0,0.184,125,128
Russia-Ukraine,USOIL,standalone_fanogan,exponential,0.05,1,0.463625,0.0469,,,0.0,125,128
Russia-Ukraine,USOIL,standalone_fanogan,exponential,0.05,2,0.434351,0.0469,,,0.0,125,128
Russia-Ukraine,USOIL,standalone_fanogan,exponential,0.05,3,0.414764,0.0469,,,0.0,125,128
Russia-Ukraine,USOIL,standalone_fanogan,exponential,0.1,1,0.399093,0.0938,2022-04-25,-49.0,0.008,125,128
Russia-Ukraine,USOIL,standalone_fanogan,exponential,0.1,2,0.37545,0.0938,2022-04-26,-50.0,0.016,125,128
Russia-Ukraine,USOIL,standalone_fanogan,exponential,0.1,3,0.36225,0.0938,2022-04-26,-50.0,0.016,125,128
Russia-Ukraine,USOIL,standalone_fanogan,exponential,0.2,1,0.31169,0.1953,2022-04-06,-37.0,0.048,125,128
Russia-Ukraine,USOIL,standalone_fanogan,exponential,0.2,2,0.247754,0.1953,2022-04-06,-37.0,0.04,125,128
Russia-Ukraine,USOIL,standalone_fanogan,exponential,0.2,3,0.24314,0.1953,2022-04-26,-50.0,0.032,125,128
Russia-Ukraine,USOIL,standalone_tadgan,-,0.05,1,1.390899,0.0469,2022-03-08,-16.0,0.472,125,128
Russia-Ukraine,USOIL,standalone_tadgan,-,0.05,2,1.388023,0.0469,2022-03-09,-17.0,0.464,125,128
Russia-Ukraine,USOIL,standalone_tadgan,-,0.05,3,1.386128,0.0469,2022-03-10,-18.0,0.456,125,128
Russia-Ukraine,USOIL,standalone_tadgan,-,0.1,1,1.38485,0.0938,2022-03-08,-16.0,0.472,125,128
Russia-Ukraine,USOIL,standalone_tadgan,-,0.1,2,1.381677,0.0938,2022-03-09,-17.0,0.464,125,128
Russia-Ukraine,USOIL,standalone_tadgan,-,0.1,3,1.379265,0.0781,2022-03-10,-18.0,0.456,125,128
Russia-Ukraine,USOIL,standalone_tadgan,-,0.2,1,1.369297,0.1953,2022-03-08,-16.0,0.472,125,128
Russia-Ukraine,USOIL,standalone_tadgan,-,0.2,2,1.36468,0.1953,2022-03-09,-17.0,0.464,125,128
Russia-Ukraine,USOIL,standalone_tadgan,-,0.2,3,1.363978,0.1875,2022-03-10,-18.0,0.456,125,128
Russia-Ukraine,USOIL,tranad,exponential,0.05,1,0.037226,0.0469,2022-02-23,-7.0,0.76,125,128
Russia-Ukraine,USOIL,tranad,exponential,0.05,2,0.033495,0.0469,2022-02-22,-6.0,0.8,125,128
Russia-Ukraine,USOIL,tranad,exponential,0.05,3,0.031916,0.0391,2022-02-23,-7.0,0.792,125,128
Russia-Ukraine,USOIL,tranad,exponential,0.1,1,0.034401,0.0938,2022-02-22,-6.0,0.792,125,128
Russia-Ukraine,USOIL,tranad,exponential,0.1,2,0.029258,0.0938,2022-02-22,-6.0,0.8,125,128
Russia-Ukraine,USOIL,tranad,exponential,0.1,3,0.028865,0.0938,2022-02-22,-6.0,0.8,125,128
Russia-Ukraine,USOIL,tranad,exponential,0.2,1,0.029258,0.1953,2022-02-18,-5.0,0.808,125,128
Russia-Ukraine,USOIL,tranad,exponential,0.2,2,0.027267,0.1953,2022-02-18,-5.0,0.808,125,128
Russia-Ukraine,USOIL,tranad,exponential,0.2,3,0.025067,0.1875,2022-02-22,-6.0,0.8,125,128
Russia-Ukraine,USOIL,usad,exponential,0.05,1,1.74536,0.0469,,,0.0,125,128
Russia-Ukraine,USOIL,usad,exponential,0.05,2,1.716266,0.0469,,,0.0,125,128
Russia-Ukraine,USOIL,usad,exponential,0.05,3,1.68448,0.0469,,,0.0,125,128
Russia-Ukraine,USOIL,usad,exponential,0.1,1,1.682257,0.0938,,,0.0,125,128
Russia-Ukraine,USOIL,usad,exponential,0.1,2,1.59246,0.0938,,,0.0,125,128
Russia-Ukraine,USOIL,usad,exponential,0.1,3,1.587438,0.0938,,,0.0,125,128
Russia-Ukraine,USOIL,usad,exponential,0.2,1,1.558506,0.1953,2022-02-24,-8.0,0.016,125,128
Russia-Ukraine,USOIL,usad,exponential,0.2,2,1.537999,0.1953,2022-02-24,-8.0,0.016,125,128
Russia-Ukraine,USOIL,usad,exponential,0.2,3,1.507359,0.1953,2022-05-13,-63.0,0.016,125,128
Russia-Ukraine,USOIL,vae,exponential,0.05,1,0.647496,0.0469,,,0.0,125,128
Russia-Ukraine,USOIL,vae,exponential,0.05,2,0.63815,0.0391,,,0.0,125,128
Russia-Ukraine,USOIL,vae,exponential,0.05,3,0.623684,0.0469,,,0.0,125,128
Russia-Ukraine,USOIL,vae,exponential,0.1,1,0.623684,0.0938,,,0.0,125,128
Russia-Ukraine,USOIL,vae,exponential,0.1,2,0.584916,0.0938,,,0.0,125,128
Russia-Ukraine,USOIL,vae,exponential,0.1,3,0.584655,0.0938,,,0.0,125,128
Russia-Ukraine,USOIL,vae,exponential,0.2,1,0.474978,0.1953,2022-03-08,-16.0,0.128,125,128
Russia-Ukraine,USOIL,vae,exponential,0.2,2,0.45053,0.1875,2022-03-07,-15.0,0.136,125,128
Russia-Ukraine,USOIL,vae,exponential,0.2,3,0.397018,0.1953,2022-03-04,-14.0,0.24,125,128
Russia-Ukraine,GOLD,anomaly_transformer,exponential,0.05,1,0.007731,0.0469,2022-02-04,5.0,0.08,125,128
Russia-Ukraine,GOLD,anomaly_transformer,exponential,0.05,2,0.002149,0.0469,2022-02-03,6.0,0.144,125,128
Russia-Ukraine,GOLD,anomaly_transformer,exponential,0.05,3,0.001617,0.0469,2022-02-04,5.0,0.136,125,128
Russia-Ukraine,GOLD,anomaly_transformer,exponential,0.1,1,0.001617,0.0938,2022-02-02,7.0,0.184,125,128
Russia-Ukraine,GOLD,anomaly_transformer,exponential,0.1,2,0.001219,0.0938,2022-02-02,7.0,0.168,125,128
Russia-Ukraine,GOLD,anomaly_transformer,exponential,0.1,3,0.001093,0.0938,2022-02-03,6.0,0.144,125,128
Russia-Ukraine,GOLD,anomaly_transformer,exponential,0.2,1,0.001093,0.1953,2022-02-01,8.0,0.216,125,128
Russia-Ukraine,GOLD,anomaly_transformer,exponential,0.2,2,0.000944,0.1953,2022-02-02,7.0,0.184,125,128
Russia-Ukraine,GOLD,anomaly_transformer,exponential,0.2,3,0.000899,0.1953,2022-02-03,6.0,0.168,125,128
Russia-Ukraine,GOLD,dagmm,exponential,0.05,1,6.789807,0.0469,,,0.0,125,128
Russia-Ukraine,GOLD,dagmm,exponential,0.05,2,1.192929,0.0391,,,0.0,125,128
Russia-Ukraine,GOLD,dagmm,exponential,0.05,3,-1.180599,0.0391,2022-06-01,-75.0,0.008,125,128
Russia-Ukraine,GOLD,dagmm,exponential,0.1,1,2.602741,0.0938,,,0.0,125,128
Russia-Ukraine,GOLD,dagmm,exponential,0.1,2,-1.024184,0.0938,2022-05-31,-74.0,0.008,125,128
Russia-Ukraine,GOLD,dagmm,exponential,0.1,3,-2.56184,0.0859,2022-03-14,-20.0,0.064,125,128
Russia-Ukraine,GOLD,dagmm,exponential,0.2,1,-0.221478,0.1953,2022-02-03,6.0,0.016,125,128
Russia-Ukraine,GOLD,dagmm,exponential,0.2,2,-2.823759,0.1953,2022-03-11,-19.0,0.104,125,128
Russia-Ukraine,GOLD,dagmm,exponential,0.2,3,-4.206912,0.1875,2022-03-08,-16.0,0.176,125,128
Russia-Ukraine,GOLD,deep_svdd,exponential,0.05,1,0.00107,0.0469,2022-01-14,19.0,0.072,125,128
Russia-Ukraine,GOLD,deep_svdd,exponential,0.05,2,0.000857,0.0391,2022-02-02,7.0,0.08,125,128
Russia-Ukraine,GOLD,deep_svdd,exponential,0.05,3,0.000648,0.0469,2022-02-02,7.0,0.12,125,128
Russia-Ukraine,GOLD,deep_svdd,exponential,0.1,1,0.000832,0.0938,2022-01-14,19.0,0.12,125,128
Russia-Ukraine,GOLD,deep_svdd,exponential,0.1,2,0.000648,0.0938,2022-02-01,8.0,0.144,125,128
Russia-Ukraine,GOLD,deep_svdd,exponential,0.1,3,0.000531,0.0938,2022-01-21,15.0,0.168,125,128
Russia-Ukraine,GOLD,deep_svdd,exponential,0.2,1,0.000621,0.1953,2022-01-14,19.0,0.216,125,128
Russia-Ukraine,GOLD,deep_svdd,exponential,0.2,2,0.000505,0.1875,2022-01-20,16.0,0.232,125,128
Russia-Ukraine,GOLD,deep_svdd,exponential,0.2,3,0.000438,0.1953,2022-01-19,17.0,0.248,125,128
Russia-Ukraine,GOLD,hybrid2,arccosh,0.05,1,0.160799,0.0469,,,0.0,125,128
Russia-Ukraine,GOLD,hybrid2,arccosh,0.05,2,0.153976,0.0469,,,0.0,125,128
Russia-Ukraine,GOLD,hybrid2,arccosh,0.05,3,0.153085,0.0469,,,0.0,125,128
Russia-Ukraine,GOLD,hybrid2,arccosh,0.1,1,0.153085,0.0938,,,0.0,125,128
Russia-Ukraine,GOLD,hybrid2,arccosh,0.1,2,0.149898,0.0938,,,0.0,125,128
Russia-Ukraine,GOLD,hybrid2,arccosh,0.1,3,0.145326,0.0938,,,0.0,125,128
Russia-Ukraine,GOLD,hybrid2,arccosh,0.2,1,0.141804,0.1953,,,0.0,125,128
Russia-Ukraine,GOLD,hybrid2,arccosh,0.2,2,0.134414,0.1875,,,0.0,125,128
Russia-Ukraine,GOLD,hybrid2,arccosh,0.2,3,0.124988,0.1953,,,0.0,125,128
Russia-Ukraine,GOLD,hybrid2,arctan,0.05,1,0.015942,0.0469,2022-01-19,17.0,0.024,125,128
Russia-Ukraine,GOLD,hybrid2,arctan,0.05,2,0.01355,0.0469,2022-02-08,3.0,0.048,125,128
Russia-Ukraine,GOLD,hybrid2,arctan,0.05,3,0.011906,0.0469,2022-01-31,9.0,0.08,125,128
Russia-Ukraine,GOLD,hybrid2,arctan,0.1,1,0.014356,0.0938,2022-01-14,19.0,0.088,125,128
Russia-Ukraine,GOLD,hybrid2,arctan,0.1,2,0.012364,0.0938,2022-01-28,10.0,0.088,125,128
Russia-Ukraine,GOLD,hybrid2,arctan,0.1,3,0.01108,0.0859,2022-01-31,9.0,0.176,125,128
Russia-Ukraine,GOLD,hybrid2,arctan,0.2,1,0.012499,0.1953,2022-01-14,19.0,0.136,125,128
Russia-Ukraine,GOLD,hybrid2,arctan,0.2,2,0.010912,0.1953,2022-01-28,10.0,0.2,125,128
Russia-Ukraine,GOLD,hybrid2,arctan,0.2,3,0.010258,0.1953,2022-01-19,17.0,0.192,125,128
Russia-Ukraine,GOLD,hybrid2,cosine,0.05,1,0.2029,0.0469,,,0.0,125,128
Russia-Ukraine,GOLD,hybrid2,cosine,0.05,2,0.180672,0.0469,,,0.0,125,128
Russia-Ukraine,GOLD,hybrid2,cosine,0.05,3,0.153796,0.0469,,,0.0,125,128
Russia-Ukraine,GOLD,hybrid2,cosine,0.1,1,0.1673,0.0938,2022-02-02,7.0,0.024,125,128
Russia-Ukraine,GOLD,hybrid2,cosine,0.1,2,0.153588,0.0938,2022-02-03,6.0,0.016,125,128
Russia-Ukraine,GOLD,hybrid2,cosine,0.1,3,0.148945,0.0781,2022-02-03,6.0,0.008,125,128
Russia-Ukraine,GOLD,hybrid2,cosine,0.2,1,0.148945,0.1953,2022-02-01,8.0,0.056,125,128
Russia-Ukraine,GOLD,hybrid2,cosine,0.2,2,0.140551,0.1953,2022-02-02,7.0,0.048,125,128
Russia-Ukraine,GOLD,hybrid2,cosine,0.2,3,0.135436,0.1797,2022-02-03,6.0,0.04,125,128
Russia-Ukraine,GOLD,hybrid2,exponential,0.05,1,0.260787,0.0469,2022-02-01,8.0,0.088,125,128
Russia-Ukraine,GOLD,hybrid2,exponential,0.05,2,0.230898,0.0469,2022-02-02,7.0,0.064,125,128
Russia-Ukraine,GOLD,hybrid2,exponential,0.05,3,0.226946,0.0469,2022-02-03,6.0,0.04,125,128
Russia-Ukraine,GOLD,hybrid2,exponential,0.1,1,0.230898,0.0938,2022-02-01,8.0,0.112,125,128
Russia-Ukraine,GOLD,hybrid2,exponential,0.1,2,0.205688,0.0938,2022-02-02,7.0,0.104,125,128
Russia-Ukraine,GOLD,hybrid2,exponential,0.1,3,0.199403,0.0938,2022-02-03,6.0,0.072,125,128
Russia-Ukraine,GOLD,hybrid2,exponential,0.2,1,0.195101,0.1953,2022-02-01,8.0,0.16,125,128
Russia-Ukraine,GOLD,hybrid2,exponential,0.2,2,0.175812,0.1953,2022-02-02,7.0,0.152,125,128
Russia-Ukraine,GOLD,hybrid2,exponential,0.2,3,0.169319,0.1953,2022-02-03,6.0,0.136,125,128
Russia-Ukraine,GOLD,isolation_forest,exponential,0.05,1,0.584438,0.0469,2022-04-13,-42.0,0.016,125,128
Russia-Ukraine,GOLD,isolation_forest,exponential,0.05,2,0.575674,0.0469,2022-04-14,-43.0,0.016,125,128
Russia-Ukraine,GOLD,isolation_forest,exponential,0.05,3,0.57226,0.0469,2022-04-14,-43.0,0.016,125,128
Russia-Ukraine,GOLD,isolation_forest,exponential,0.1,1,0.573041,0.0938,2022-04-04,-35.0,0.04,125,128
Russia-Ukraine,GOLD,isolation_forest,exponential,0.1,2,0.56355,0.0859,2022-04-05,-36.0,0.032,125,128
Russia-Ukraine,GOLD,isolation_forest,exponential,0.1,3,0.551293,0.0938,2022-04-06,-37.0,0.032,125,128
Russia-Ukraine,GOLD,isolation_forest,exponential,0.2,1,0.540819,0.1953,2022-02-01,8.0,0.152,125,128
Russia-Ukraine,GOLD,isolation_forest,exponential,0.2,2,0.536837,0.1953,2022-02-02,7.0,0.152,125,128
Russia-Ukraine,GOLD,isolation_forest,exponential,0.2,3,0.526657,0.1797,2022-02-03,6.0,0.168,125,128
Russia-Ukraine,GOLD,omnianomaly,exponential,0.05,1,0.356873,0.0469,2022-02-01,8.0,0.16,125,128
Russia-Ukraine,GOLD,omnianomaly,exponential,0.05,2,0.336042,0.0469,2022-02-02,7.0,0.168,125,128
Russia-Ukraine,GOLD,omnianomaly,exponential,0.05,3,0.264316,0.0391,2022-02-03,6.0,0.44,125,128
Russia-Ukraine,GOLD,omnianomaly,exponential,0.1,1,0.271164,0.0938,2022-02-01,8.0,0.472,125,128
Russia-Ukraine,GOLD,omnianomaly,exponential,0.1,2,0.260372,0.0938,2022-02-02,7.0,0.48,125,128
Russia-Ukraine,GOLD,omnianomaly,exponential,0.1,3,0.255412,0.0938,2022-02-03,6.0,0.472,125,128
Russia-Ukraine,GOLD,omnianomaly,exponential,0.2,1,0.242427,0.1953,2022-02-01,8.0,0.56,125,128
Russia-Ukraine,GOLD,omnianomaly,exponential,0.2,2,0.238873,0.1953,2022-02-02,7.0,0.568,125,128
Russia-Ukraine,GOLD,omnianomaly,exponential,0.2,3,0.229909,0.1953,2022-02-03,6.0,0.624,125,128
Russia-Ukraine,GOLD,one_class_svm,exponential,0.05,1,0.371828,0.0469,,,0.0,125,128
Russia-Ukraine,GOLD,one_class_svm,exponential,0.05,2,0.238907,0.0469,,,0.0,125,128
Russia-Ukraine,GOLD,one_class_svm,exponential,0.05,3,0.205653,0.0391,,,0.0,125,128
Russia-Ukraine,GOLD,one_class_svm,exponential,0.1,1,0.205653,0.0938,,,0.0,125,128
Russia-Ukraine,GOLD,one_class_svm,exponential,0.1,2,0.116963,0.0938,,,0.0,125,128
Russia-Ukraine,GOLD,one_class_svm,exponential,0.1,3,0.01571,0.0938,,,0.0,125,128
Russia-Ukraine,GOLD,one_class_svm,exponential,0.2,1,-0.020019,0.1953,2022-06-23,-90.0,0.008,125,128
Russia-Ukraine,GOLD,one_class_svm,exponential,0.2,2,-0.107127,0.1953,,,0.0,125,128
Russia-Ukraine,GOLD,one_class_svm,exponential,0.2,3,-0.12541,0.1953,,,0.0,125,128
Russia-Ukraine,GOLD,standalone_fanogan,arccosh,0.05,1,0.160799,0.0469,,,0.0,125,128
Russia-Ukraine,GOLD,standalone_fanogan,arccosh,0.05,2,0.153976,0.0469,,,0.0,125,128
Russia-Ukraine,GOLD,standalone_fanogan,arccosh,0.05,3,0.153085,0.0469,,,0.0,125,128
Russia-Ukraine,GOLD,standalone_fanogan,arccosh,0.1,1,0.153085,0.0938,,,0.0,125,128
Russia-Ukraine,GOLD,standalone_fanogan,arccosh,0.1,2,0.149898,0.0938,,,0.0,125,128
Russia-Ukraine,GOLD,standalone_fanogan,arccosh,0.1,3,0.145326,0.0938,,,0.0,125,128
Russia-Ukraine,GOLD,standalone_fanogan,arccosh,0.2,1,0.141804,0.1953,,,0.0,125,128
Russia-Ukraine,GOLD,standalone_fanogan,arccosh,0.2,2,0.134414,0.1875,,,0.0,125,128
Russia-Ukraine,GOLD,standalone_fanogan,arccosh,0.2,3,0.124988,0.1953,,,0.0,125,128
Russia-Ukraine,GOLD,standalone_fanogan,arctan,0.05,1,0.015942,0.0469,2022-01-19,17.0,0.024,125,128
Russia-Ukraine,GOLD,standalone_fanogan,arctan,0.05,2,0.01355,0.0469,2022-02-08,3.0,0.048,125,128
Russia-Ukraine,GOLD,standalone_fanogan,arctan,0.05,3,0.011906,0.0469,2022-01-31,9.0,0.08,125,128
Russia-Ukraine,GOLD,standalone_fanogan,arctan,0.1,1,0.014356,0.0938,2022-01-14,19.0,0.088,125,128
Russia-Ukraine,GOLD,standalone_fanogan,arctan,0.1,2,0.012364,0.0938,2022-01-28,10.0,0.088,125,128
Russia-Ukraine,GOLD,standalone_fanogan,arctan,0.1,3,0.01108,0.0859,2022-01-31,9.0,0.176,125,128
Russia-Ukraine,GOLD,standalone_fanogan,arctan,0.2,1,0.012499,0.1953,2022-01-14,19.0,0.136,125,128
Russia-Ukraine,GOLD,standalone_fanogan,arctan,0.2,2,0.010912,0.1953,2022-01-28,10.0,0.2,125,128
Russia-Ukraine,GOLD,standalone_fanogan,arctan,0.2,3,0.010258,0.1953,2022-01-19,17.0,0.192,125,128
Russia-Ukraine,GOLD,standalone_fanogan,cosine,0.05,1,0.2029,0.0469,,,0.0,125,128
Russia-Ukraine,GOLD,standalone_fanogan,cosine,0.05,2,0.180672,0.0469,,,0.0,125,128
Russia-Ukraine,GOLD,standalone_fanogan,cosine,0.05,3,0.153796,0.0469,,,0.0,125,128
Russia-Ukraine,GOLD,standalone_fanogan,cosine,0.1,1,0.1673,0.0938,2022-02-02,7.0,0.024,125,128
Russia-Ukraine,GOLD,standalone_fanogan,cosine,0.1,2,0.153588,0.0938,2022-02-03,6.0,0.016,125,128
Russia-Ukraine,GOLD,standalone_fanogan,cosine,0.1,3,0.148945,0.0781,2022-02-03,6.0,0.008,125,128
Russia-Ukraine,GOLD,standalone_fanogan,cosine,0.2,1,0.148945,0.1953,2022-02-01,8.0,0.056,125,128
Russia-Ukraine,GOLD,standalone_fanogan,cosine,0.2,2,0.140551,0.1953,2022-02-02,7.0,0.048,125,128
Russia-Ukraine,GOLD,standalone_fanogan,cosine,0.2,3,0.135436,0.1797,2022-02-03,6.0,0.04,125,128
Russia-Ukraine,GOLD,standalone_fanogan,exponential,0.05,1,0.260787,0.0469,2022-02-01,8.0,0.088,125,128
Russia-Ukraine,GOLD,standalone_fanogan,exponential,0.05,2,0.230898,0.0469,2022-02-02,7.0,0.064,125,128
Russia-Ukraine,GOLD,standalone_fanogan,exponential,0.05,3,0.226946,0.0469,2022-02-03,6.0,0.04,125,128
Russia-Ukraine,GOLD,standalone_fanogan,exponential,0.1,1,0.230898,0.0938,2022-02-01,8.0,0.112,125,128
Russia-Ukraine,GOLD,standalone_fanogan,exponential,0.1,2,0.205688,0.0938,2022-02-02,7.0,0.104,125,128
Russia-Ukraine,GOLD,standalone_fanogan,exponential,0.1,3,0.199403,0.0938,2022-02-03,6.0,0.072,125,128
Russia-Ukraine,GOLD,standalone_fanogan,exponential,0.2,1,0.195101,0.1953,2022-02-01,8.0,0.16,125,128
Russia-Ukraine,GOLD,standalone_fanogan,exponential,0.2,2,0.175812,0.1953,2022-02-02,7.0,0.152,125,128
Russia-Ukraine,GOLD,standalone_fanogan,exponential,0.2,3,0.169319,0.1953,2022-02-03,6.0,0.136,125,128
Russia-Ukraine,GOLD,standalone_tadgan,-,0.05,1,0.608616,0.0469,,,0.0,125,128
Russia-Ukraine,GOLD,standalone_tadgan,-,0.05,2,0.606382,0.0469,,,0.0,125,128
Russia-Ukraine,GOLD,standalone_tadgan,-,0.05,3,0.604741,0.0469,,,0.0,125,128
Russia-Ukraine,GOLD,standalone_tadgan,-,0.1,1,0.597925,0.0938,,,0.0,125,128
Russia-Ukraine,GOLD,standalone_tadgan,-,0.1,2,0.595416,0.0938,,,0.0,125,128
Russia-Ukraine,GOLD,standalone_tadgan,-,0.1,3,0.592315,0.0938,,,0.0,125,128
Russia-Ukraine,GOLD,standalone_tadgan,-,0.2,1,0.564174,0.1953,,,0.0,125,128
Russia-Ukraine,GOLD,standalone_tadgan,-,0.2,2,0.560528,0.1953,,,0.0,125,128
Russia-Ukraine,GOLD,standalone_tadgan,-,0.2,3,0.556801,0.1953,,,0.0,125,128
Russia-Ukraine,GOLD,tranad,exponential,0.05,1,0.039307,0.0469,2022-01-14,19.0,0.704,125,128
Russia-Ukraine,GOLD,tranad,exponential,0.05,2,0.034704,0.0469,2022-01-18,18.0,0.728,125,128
Russia-Ukraine,GOLD,tranad,exponential,0.05,3,0.02975,0.0469,2022-01-19,17.0,0.8,125,128
Russia-Ukraine,GOLD,tranad,exponential,0.1,1,0.033999,0.0938,2022-01-14,19.0,0.776,125,128
Russia-Ukraine,GOLD,tranad,exponential,0.1,2,0.028178,0.0938,2022-01-18,18.0,0.872,125,128
Russia-Ukraine,GOLD,tranad,exponential,0.1,3,0.025707,0.0859,2022-01-19,17.0,0.904,125,128
Russia-Ukraine,GOLD,tranad,exponential,0.2,1,0.027046,0.1953,2022-01-14,19.0,0.944,125,128
Russia-Ukraine,GOLD,tranad,exponential,0.2,2,0.023795,0.1953,2022-01-18,18.0,0.976,125,128
Russia-Ukraine,GOLD,tranad,exponential,0.2,3,0.023059,0.1875,2022-01-19,17.0,0.984,125,128
Russia-Ukraine,GOLD,usad,exponential,0.05,1,1.521141,0.0469,2022-01-31,9.0,0.032,125,128
Russia-Ukraine,GOLD,usad,exponential,0.05,2,1.506428,0.0391,2022-01-28,10.0,0.024,125,128
Russia-Ukraine,GOLD,usad,exponential,0.05,3,1.490318,0.0469,2022-01-28,10.0,0.024,125,128
Russia-Ukraine,GOLD,usad,exponential,0.1,1,1.502708,0.0938,2022-01-27,11.0,0.048,125,128
Russia-Ukraine,GOLD,usad,exponential,0.1,2,1.474286,0.0938,2022-01-27,11.0,0.04,125,128
Russia-Ukraine,GOLD,usad,exponential,0.1,3,1.463334,0.0938,2022-01-28,10.0,0.024,125,128
Russia-Ukraine,GOLD,usad,exponential,0.2,1,1.458646,0.1953,2022-01-26,12.0,0.088,125,128
Russia-Ukraine,GOLD,usad,exponential,0.2,2,1.438149,0.1953,2022-01-24,14.0,0.072,125,128
Russia-Ukraine,GOLD,usad,exponential,0.2,3,1.385424,0.1953,2022-01-24,14.0,0.12,125,128
Russia-Ukraine,EURUSD,anomaly_transformer,exponential,0.05,1,0.008008,0.0455,2022-01-13,21.0,0.0538,130,132
Russia-Ukraine,EURUSD,anomaly_transformer,exponential,0.05,2,0.003906,0.0455,2022-01-14,20.0,0.1385,130,132
Russia-Ukraine,EURUSD,anomaly_transformer,exponential,0.05,3,0.002709,0.0455,2022-01-17,19.0,0.2,130,132
Russia-Ukraine,EURUSD,anomaly_transformer,exponential,0.1,1,0.003266,0.0985,2022-01-13,21.0,0.2077,130,132
Russia-Ukraine,EURUSD,anomaly_transformer,exponential,0.1,2,0.002356,0.0985,2022-01-14,20.0,0.2538,130,132
Russia-Ukraine,EURUSD,anomaly_transformer,exponential,0.1,3,0.001833,0.0985,2022-01-17,19.0,0.2538,130,132
Russia-Ukraine,EURUSD,anomaly_transformer,exponential,0.2,1,0.001789,0.197,2022-01-13,21.0,0.3308,130,132
Russia-Ukraine,EURUSD,anomaly_transformer,exponential,0.2,2,0.001701,0.1894,2022-01-14,20.0,0.2923,130,132
Russia-Ukraine,EURUSD,anomaly_transformer,exponential,0.2,3,0.001538,0.1818,2022-01-17,19.0,0.2615,130,132
Russia-Ukraine,EURUSD,dagmm,exponential,0.05,1,11.039864,0.0455,,,0.0,130,132
Russia-Ukraine,EURUSD,dagmm,exponential,0.05,2,2.539624,0.0455,2022-05-12,-64.0,0.0077,130,132
Russia-Ukraine,EURUSD,dagmm,exponential,0.05,3,-0.608824,0.0455,2022-02-01,8.0,0.0308,130,132
Russia-Ukraine,EURUSD,dagmm,exponential,0.1,1,1.78488,0.0985,2022-01-28,10.0,0.0308,130,132
Russia-Ukraine,EURUSD,dagmm,exponential,0.1,2,-0.608824,0.0985,2022-01-31,9.0,0.0462,130,132
Russia-Ukraine,EURUSD,dagmm,exponential,0.1,3,-3.626483,0.0985,2022-01-17,19.0,0.2077,130,132
Russia-Ukraine,EURUSD,dagmm,exponential,0.2,1,-0.665647,0.197,2022-01-13,21.0,0.0923,130,132
Russia-Ukraine,EURUSD,dagmm,exponential,0.2,2,-3.971718,0.197,2022-01-14,20.0,0.3538,130,132
Russia-Ukraine,EURUSD,dagmm,exponential,0.2,3,-4.817244,0.1818,2022-01-17,19.0,0.4923,130,132
Russia-Ukraine,EURUSD,deep_svdd,exponential,0.05,1,0.000564,0.0455,2022-01-14,20.0,0.4231,130,132
Russia-Ukraine,EURUSD,deep_svdd,exponential,0.05,2,0.000463,0.0455,2022-01-17,19.0,0.4231,130,132
Russia-Ukraine,EURUSD,deep_svdd,exponential,0.05,3,0.000368,0.0455,2022-01-17,19.0,0.5154,130,132
Russia-Ukraine,EURUSD,deep_svdd,exponential,0.1,1,0.000469,0.0985,2022-01-14,20.0,0.5231,130,132
Russia-Ukraine,EURUSD,deep_svdd,exponential,0.1,2,0.000368,0.0985,2022-01-14,20.0,0.5769,130,132
Russia-Ukraine,EURUSD,deep_svdd,exponential,0.1,3,0.000317,0.0985,2022-01-17,19.0,0.6231,130,132
Russia-Ukraine,EURUSD,deep_svdd,exponential,0.2,1,0.000361,0.197,2022-01-13,21.0,0.6692,130,132
Russia-Ukraine,EURUSD,deep_svdd,exponential,0.2,2,0.000278,0.1894,2022-01-14,20.0,0.7385,130,132
Russia-Ukraine,EURUSD,deep_svdd,exponential,0.2,3,0.00024,0.1818,2022-01-17,19.0,0.8231,130,132
Russia-Ukraine,EURUSD,hybrid2,arccosh,0.05,1,0.027754,0.0455,,,0.0,130,132
Russia-Ukraine,EURUSD,hybrid2,arccosh,0.05,2,0.023691,0.0455,,,0.0,130,132
Russia-Ukraine,EURUSD,hybrid2,arccosh,0.05,3,0.023194,0.0455,,,0.0,130,132
Russia-Ukraine,EURUSD,hybrid2,arccosh,0.1,1,0.024035,0.0985,2022-01-13,21.0,0.0077,130,132
Russia-Ukraine,EURUSD,hybrid2,arccosh,0.1,2,0.022213,0.0985,,,0.0,130,132
Russia-Ukraine,EURUSD,hybrid2,arccosh,0.1,3,0.022147,0.0985,,,0.0,130,132
Russia-Ukraine,EURUSD,hybrid2,arccosh,0.2,1,0.020731,0.197,2022-01-13,21.0,0.0231,130,132
Russia-Ukraine,EURUSD,hybrid2,arccosh,0.2,2,0.019017,0.197,2022-01-19,17.0,0.0154,130,132
Russia-Ukraine,EURUSD,hybrid2,arccosh,0.2,3,0.016586,0.197,2022-01-20,16.0,0.0231,130,132
Russia-Ukraine,EURUSD,hybrid2,arctan,0.05,1,0.011209,0.0455,2022-01-20,16.0,0.1154,130,132
Russia-Ukraine,EURUSD,hybrid2,arctan,0.05,2,0.010808,0.0379,2022-02-15,-2.0,0.0846,130,132
Russia-Ukraine,EURUSD,hybrid2,arctan,0.05,3,0.008965,0.0303,2022-01-28,10.0,0.2,130,132
Russia-Ukraine,EURUSD,hybrid2,arctan,0.1,1,0.010393,0.0985,2022-01-20,16.0,0.1923,130,132
Russia-Ukraine,EURUSD,hybrid2,arctan,0.1,2,0.008965,0.0909,2022-01-20,16.0,0.2615,130,132
Russia-Ukraine,EURUSD,hybrid2,arctan,0.1,3,0.008359,0.0909,2022-01-19,17.0,0.3077,130,132
Russia-Ukraine,EURUSD,hybrid2,arctan,0.2,1,0.008965,0.197,2022-01-13,21.0,0.3923,130,132
Russia-Ukraine,EURUSD,hybrid2,arctan,0.2,2,0.007602,0.197,2022-01-14,20.0,0.4385,130,132
Russia-Ukraine,EURUSD,hybrid2,arctan,0.2,3,0.007169,0.197,2022-01-17,19.0,0.4615,130,132
Russia-Ukraine,EURUSD,hybrid2,cosine,0.05,1,0.187163,0.0455,2022-02-10,1.0,0.0462,130,132
Russia-Ukraine,EURUSD,hybrid2,cosine,0.05,2,0.160451,0.0379,2022-02-10,1.0,0.0462,130,132
Russia-Ukraine,EURUSD,hybrid2,cosine,0.05,3,0.151348,0.0455,2022-02-11,0.0,0.0385,130,132
Russia-Ukraine,EURUSD,hybrid2,cosine,0.1,1,0.159639,0.0985,2022-02-09,2.0,0.0615,130,132
Russia-Ukraine,EURUSD,hybrid2,cosine,0.1,2,0.151348,0.0985,2022-02-10,1.0,0.0462,130,132
Russia-Ukraine,EURUSD,hybrid2,cosine,0.1,3,0.142565,0.0909,2022-02-11,0.0,0.0462,130,132
Russia-Ukraine,EURUSD,hybrid2,cosine,0.2,1,0.149738,0.197,2022-02-09,2.0,0.0692,130,132
Russia-Ukraine,EURUSD,hybrid2,cosine,0.2,2,0.137577,0.197,2022-02-09,2.0,0.0692,130,132
Russia-Ukraine,EURUSD,hybrid2,cosine,0.2,3,0.12734,0.1818,2022-02-10,1.0,0.0692,130,132
Russia-Ukraine,EURUSD,hybrid2,exponential,0.05,1,0.250784,0.0455,2022-02-08,3.0,0.0846,130,132
Russia-Ukraine,EURUSD,hybrid2,exponential,0.05,2,0.230829,0.0455,2022-02-09,2.0,0.0692,130,132
Russia-Ukraine,EURUSD,hybrid2,exponential,0.05,3,0.198638,0.0455,2022-01-27,11.0,0.1077,130,132
Russia-Ukraine,EURUSD,hybrid2,exponential,0.1,1,0.205872,0.0985,2022-01-25,13.0,0.1692,130,132
Russia-Ukraine,EURUSD,hybrid2,exponential,0.1,2,0.192957,0.0909,2022-01-26,12.0,0.1462,130,132
Russia-Ukraine,EURUSD,hybrid2,exponential,0.1,3,0.173887,0.0909,2022-01-26,12.0,0.1769,130,132
Russia-Ukraine,EURUSD,hybrid2,exponential,0.2,1,0.165752,0.197,2022-01-20,16.0,0.2769,130,132
Russia-Ukraine,EURUSD,hybrid2,exponential,0.2,2,0.150054,0.197,2022-01-20,16.0,0.3,130,132
Russia-Ukraine,EURUSD,hybrid2,exponential,0.2,3,0.14288,0.1894,2022-01-21,15.0,0.3,130,132
Russia-Ukraine,EURUSD,isolation_forest,exponential,0.05,1,0.562248,0.0455,,,0.0,130,132
Russia-Ukraine,EURUSD,isolation_forest,exponential,0.05,2,0.552642,0.0455,,,0.0,130,132
Russia-Ukraine,EURUSD,isolation_forest,exponential,0.05,3,0.552642,0.0379,,,0.0,130,132
Russia-Ukraine,EURUSD,isolation_forest,exponential,0.1,1,0.550458,0.0985,2022-04-11,-41.0,0.0154,130,132
Russia-Ukraine,EURUSD,isolation_forest,exponential,0.1,2,0.542618,0.0909,2022-01-14,20.0,0.0308,130,132
Russia-Ukraine,EURUSD,isolation_forest,exponential,0.1,3,0.539201,0.0985,2022-04-12,-42.0,0.0154,130,132
Russia-Ukraine,EURUSD,isolation_forest,exponential,0.2,1,0.538915,0.197,2022-01-13,21.0,0.0538,130,132
Russia-Ukraine,EURUSD,isolation_forest,exponential,0.2,2,0.534468,0.1894,2022-01-14,20.0,0.0385,130,132
Russia-Ukraine,EURUSD,isolation_forest,exponential,0.2,3,0.53028,0.1894,2022-04-11,-41.0,0.0231,130,132
Russia-Ukraine,EURUSD,omnianomaly,exponential,0.05,1,0.372233,0.0455,2022-04-11,-41.0,0.1154,130,132
Russia-Ukraine,EURUSD,omnianomaly,exponential,0.05,2,0.35392,0.0455,2022-04-11,-41.0,0.1154,130,132
Russia-Ukraine,EURUSD,omnianomaly,exponential,0.05,3,0.337784,0.0455,2022-02-15,-2.0,0.2538,130,132
Russia-Ukraine,EURUSD,omnianomaly,exponential,0.1,1,0.353381,0.0985,2022-02-21,-6.0,0.1692,130,132
Russia-Ukraine,EURUSD,omnianomaly,exponential,0.1,2,0.337581,0.0909,2022-02-14,-1.0,0.3,130,132
Russia-Ukraine,EURUSD,omnianomaly,exponential,0.1,3,0.317774,0.0985,2022-02-14,-1.0,0.3385,130,132
Russia-Ukraine,EURUSD,omnianomaly,exponential,0.2,1,0.314476,0.197,2022-01-27,11.0,0.4385,130,132
Russia-Ukraine,EURUSD,omnianomaly,exponential,0.2,2,0.304217,0.197,2022-02-10,1.0,0.4231,130,132
Russia-Ukraine,EURUSD,omnianomaly,exponential,0.2,3,0.287317,0.197,2022-02-10,1.0,0.4231,130,132
Russia-Ukraine,EURUSD,one_class_svm,exponential,0.05,1,0.813601,0.0455,,,0.0,130,132
Russia-Ukraine,EURUSD,one_class_svm,exponential,0.05,2,0.586898,0.0455,,,0.0,130,132
Russia-Ukraine,EURUSD,one_class_svm,exponential,0.05,3,0.429368,0.0379,,,0.0,130,132
Russia-Ukraine,EURUSD,one_class_svm,exponential,0.1,1,0.463964,0.0985,2022-04-12,-42.0,0.0077,130,132
Russia-Ukraine,EURUSD,one_class_svm,exponential,0.1,2,0.228779,0.0985,2022-04-12,-42.0,0.0077,130,132
Russia-Ukraine,EURUSD,one_class_svm,exponential,0.1,3,0.196567,0.0985,,,0.0,130,132
Russia-Ukraine,EURUSD,one_class_svm,exponential,0.2,1,0.169034,0.197,2022-04-11,-41.0,0.0385,130,132
Russia-Ukraine,EURUSD,one_class_svm,exponential,0.2,2,0.065828,0.197,2022-02-22,-7.0,0.0538,130,132
Russia-Ukraine,EURUSD,one_class_svm,exponential,0.2,3,-0.071112,0.197,2022-02-11,0.0,0.1231,130,132
Russia-Ukraine,EURUSD,standalone_fanogan,arccosh,0.05,1,0.027754,0.0455,,,0.0,130,132
Russia-Ukraine,EURUSD,standalone_fanogan,arccosh,0.05,2,0.023691,0.0455,,,0.0,130,132
Russia-Ukraine,EURUSD,standalone_fanogan,arccosh,0.05,3,0.023194,0.0455,,,0.0,130,132
Russia-Ukraine,EURUSD,standalone_fanogan,arccosh,0.1,1,0.024035,0.0985,2022-01-13,21.0,0.0077,130,132
Russia-Ukraine,EURUSD,standalone_fanogan,arccosh,0.1,2,0.022213,0.0985,,,0.0,130,132
Russia-Ukraine,EURUSD,standalone_fanogan,arccosh,0.1,3,0.022147,0.0985,,,0.0,130,132
Russia-Ukraine,EURUSD,standalone_fanogan,arccosh,0.2,1,0.020731,0.197,2022-01-13,21.0,0.0231,130,132
Russia-Ukraine,EURUSD,standalone_fanogan,arccosh,0.2,2,0.019017,0.197,2022-01-19,17.0,0.0154,130,132
Russia-Ukraine,EURUSD,standalone_fanogan,arccosh,0.2,3,0.016586,0.197,2022-01-20,16.0,0.0231,130,132
Russia-Ukraine,EURUSD,standalone_fanogan,arctan,0.05,1,0.011209,0.0455,2022-01-20,16.0,0.1154,130,132
Russia-Ukraine,EURUSD,standalone_fanogan,arctan,0.05,2,0.010808,0.0379,2022-02-15,-2.0,0.0846,130,132
Russia-Ukraine,EURUSD,standalone_fanogan,arctan,0.05,3,0.008965,0.0303,2022-01-28,10.0,0.2,130,132
Russia-Ukraine,EURUSD,standalone_fanogan,arctan,0.1,1,0.010393,0.0985,2022-01-20,16.0,0.1923,130,132
Russia-Ukraine,EURUSD,standalone_fanogan,arctan,0.1,2,0.008965,0.0909,2022-01-20,16.0,0.2615,130,132
Russia-Ukraine,EURUSD,standalone_fanogan,arctan,0.1,3,0.008359,0.0909,2022-01-19,17.0,0.3077,130,132
Russia-Ukraine,EURUSD,standalone_fanogan,arctan,0.2,1,0.008965,0.197,2022-01-13,21.0,0.3923,130,132
Russia-Ukraine,EURUSD,standalone_fanogan,arctan,0.2,2,0.007602,0.197,2022-01-14,20.0,0.4385,130,132
Russia-Ukraine,EURUSD,standalone_fanogan,arctan,0.2,3,0.007169,0.197,2022-01-17,19.0,0.4615,130,132
Russia-Ukraine,EURUSD,standalone_fanogan,cosine,0.05,1,0.187163,0.0455,2022-02-10,1.0,0.0462,130,132
Russia-Ukraine,EURUSD,standalone_fanogan,cosine,0.05,2,0.160451,0.0379,2022-02-10,1.0,0.0462,130,132
Russia-Ukraine,EURUSD,standalone_fanogan,cosine,0.05,3,0.151348,0.0455,2022-02-11,0.0,0.0385,130,132
Russia-Ukraine,EURUSD,standalone_fanogan,cosine,0.1,1,0.159639,0.0985,2022-02-09,2.0,0.0615,130,132
Russia-Ukraine,EURUSD,standalone_fanogan,cosine,0.1,2,0.151348,0.0985,2022-02-10,1.0,0.0462,130,132
Russia-Ukraine,EURUSD,standalone_fanogan,cosine,0.1,3,0.142565,0.0909,2022-02-11,0.0,0.0462,130,132
Russia-Ukraine,EURUSD,standalone_fanogan,cosine,0.2,1,0.149738,0.197,2022-02-09,2.0,0.0692,130,132
Russia-Ukraine,EURUSD,standalone_fanogan,cosine,0.2,2,0.137577,0.197,2022-02-09,2.0,0.0692,130,132
Russia-Ukraine,EURUSD,standalone_fanogan,cosine,0.2,3,0.12734,0.1818,2022-02-10,1.0,0.0692,130,132
Russia-Ukraine,EURUSD,standalone_fanogan,exponential,0.05,1,0.250784,0.0455,2022-02-08,3.0,0.0846,130,132
Russia-Ukraine,EURUSD,standalone_fanogan,exponential,0.05,2,0.230829,0.0455,2022-02-09,2.0,0.0692,130,132
Russia-Ukraine,EURUSD,standalone_fanogan,exponential,0.05,3,0.198638,0.0455,2022-01-27,11.0,0.1077,130,132
Russia-Ukraine,EURUSD,standalone_fanogan,exponential,0.1,1,0.205872,0.0985,2022-01-25,13.0,0.1692,130,132
Russia-Ukraine,EURUSD,standalone_fanogan,exponential,0.1,2,0.192957,0.0909,2022-01-26,12.0,0.1462,130,132
Russia-Ukraine,EURUSD,standalone_fanogan,exponential,0.1,3,0.173887,0.0909,2022-01-26,12.0,0.1769,130,132
Russia-Ukraine,EURUSD,standalone_fanogan,exponential,0.2,1,0.165752,0.197,2022-01-20,16.0,0.2769,130,132
Russia-Ukraine,EURUSD,standalone_fanogan,exponential,0.2,2,0.150054,0.197,2022-01-20,16.0,0.3,130,132
Russia-Ukraine,EURUSD,standalone_fanogan,exponential,0.2,3,0.14288,0.1894,2022-01-21,15.0,0.3,130,132
Russia-Ukraine,EURUSD,standalone_tadgan,-,0.05,1,1.70718,0.0455,2022-01-25,13.0,0.1769,130,132
Russia-Ukraine,EURUSD,standalone_tadgan,-,0.05,2,1.680008,0.0455,2022-01-25,13.0,0.1846,130,132
Russia-Ukraine,EURUSD,standalone_tadgan,-,0.05,3,1.668829,0.0455,2022-01-26,12.0,0.1769,130,132
Russia-Ukraine,EURUSD,standalone_tadgan,-,0.1,1,1.61942,0.0985,2022-01-20,16.0,0.2231,130,132
Russia-Ukraine,EURUSD,standalone_tadgan,-,0.1,2,1.606037,0.0909,2022-01-20,16.0,0.2231,130,132
Russia-Ukraine,EURUSD,standalone_tadgan,-,0.1,3,1.605956,0.0985,2022-01-21,15.0,0.2154,130,132
Russia-Ukraine,EURUSD,standalone_tadgan,-,0.2,1,1.398342,0.197,2022-01-05,27.0,0.3462,130,132
Russia-Ukraine,EURUSD,standalone_tadgan,-,0.2,2,1.378326,0.197,2022-01-05,27.0,0.3462,130,132
Russia-Ukraine,EURUSD,standalone_tadgan,-,0.2,3,1.376429,0.197,2022-01-06,26.0,0.3462,130,132
Russia-Ukraine,EURUSD,tranad,exponential,0.05,1,0.030297,0.0455,2022-01-13,21.0,0.8846,130,132
Russia-Ukraine,EURUSD,tranad,exponential,0.05,2,0.027034,0.0455,2022-01-14,20.0,0.9231,130,132
Russia-Ukraine,EURUSD,tranad,exponential,0.05,3,0.024706,0.0455,2022-01-17,19.0,0.9154,130,132
Russia-Ukraine,EURUSD,tranad,exponential,0.1,1,0.02712,0.0985,2022-01-13,21.0,0.9538,130,132
Russia-Ukraine,EURUSD,tranad,exponential,0.1,2,0.024678,0.0909,2022-01-14,20.0,0.9385,130,132
Russia-Ukraine,EURUSD,tranad,exponential,0.1,3,0.023105,0.0985,2022-01-17,19.0,0.9615,130,132
Russia-Ukraine,EURUSD,tranad,exponential,0.2,1,0.023081,0.197,2022-01-13,21.0,0.9923,130,132
Russia-Ukraine,EURUSD,tranad,exponential,0.2,2,0.019661,0.197,2022-01-14,20.0,0.9769,130,132
Russia-Ukraine,EURUSD,tranad,exponential,0.2,3,0.017576,0.1894,2022-01-17,19.0,0.9846,130,132
Russia-Ukraine,EURUSD,usad,exponential,0.05,1,1.556594,0.0455,2022-01-28,10.0,0.0923,130,132
Russia-Ukraine,EURUSD,usad,exponential,0.05,2,1.534311,0.0455,2022-01-31,9.0,0.0923,130,132
Russia-Ukraine,EURUSD,usad,exponential,0.05,3,1.523893,0.0455,2022-02-01,8.0,0.0769,130,132
Russia-Ukraine,EURUSD,usad,exponential,0.1,1,1.521128,0.0985,2022-01-28,10.0,0.1077,130,132
Russia-Ukraine,EURUSD,usad,exponential,0.1,2,1.475576,0.0985,2022-01-31,9.0,0.1308,130,132
Russia-Ukraine,EURUSD,usad,exponential,0.1,3,1.455054,0.0985,2022-02-01,8.0,0.1846,130,132
Russia-Ukraine,EURUSD,usad,exponential,0.2,1,1.450572,0.197,2022-01-28,10.0,0.2615,130,132
Russia-Ukraine,EURUSD,usad,exponential,0.2,2,1.400405,0.197,2022-01-31,9.0,0.3077,130,132
Russia-Ukraine,EURUSD,usad,exponential,0.2,3,1.377787,0.197,2022-02-01,8.0,0.3,130,132
Chinese,USOIL,anomaly_transformer,exponential,0.05,1,0.015959,0.0469,2023-09-06,-21.0,0.0476,147,128
Chinese,USOIL,anomaly_transformer,exponential,0.05,2,0.01431,0.0469,2023-09-07,-22.0,0.034,147,128
Chinese,USOIL,anomaly_transformer,exponential,0.05,3,0.01096,0.0469,2023-09-08,-23.0,0.0272,147,128
Chinese,USOIL,anomaly_transformer,exponential,0.1,1,0.01096,0.0938,2023-09-06,-21.0,0.0544,147,128
Chinese,USOIL,anomaly_transformer,exponential,0.1,2,0.00973,0.0938,2023-09-06,-21.0,0.0476,147,128
Chinese,USOIL,anomaly_transformer,exponential,0.1,3,0.008688,0.0938,2023-09-07,-22.0,0.0408,147,128
Chinese,USOIL,anomaly_transformer,exponential,0.2,1,0.003182,0.1953,2023-09-05,-20.0,0.0952,147,128
Chinese,USOIL,anomaly_transformer,exponential,0.2,2,0.000581,0.1953,2023-09-06,-21.0,0.3061,147,128
Chinese,USOIL,anomaly_transformer,exponential,0.2,3,0.000471,0.1953,2023-09-07,-22.0,0.3129,147,128
Chinese,USOIL,autoencoder,exponential,0.05,1,0.47314,0.0469,,,0.0,147,128
Chinese,USOIL,autoencoder,exponential,0.05,2,0.359852,0.0469,,,0.0,147,128
Chinese,USOIL,autoencoder,exponential,0.05,3,0.346315,0.0469,,,0.0,147,128
Chinese,USOIL,autoencoder,exponential,0.1,1,0.302608,0.0938,,,0.0,147,128
Chinese,USOIL,autoencoder,exponential,0.1,2,0.262534,0.0938,,,0.0,147,128
Chinese,USOIL,autoencoder,exponential,0.1,3,0.252953,0.0938,,,0.0,147,128
Chinese,USOIL,autoencoder,exponential,0.2,1,0.188557,0.1953,,,0.0,147,128
Chinese,USOIL,autoencoder,exponential,0.2,2,0.144388,0.1953,,,0.0,147,128
Chinese,USOIL,autoencoder,exponential,0.2,3,0.143446,0.1875,,,0.0,147,128
Chinese,USOIL,cnn_autoencoder,exponential,0.05,1,0.034855,0.0469,,,0.0,147,128
Chinese,USOIL,cnn_autoencoder,exponential,0.05,2,0.032119,0.0391,,,0.0,147,128
Chinese,USOIL,cnn_autoencoder,exponential,0.05,3,0.02944,0.0469,,,0.0,147,128
Chinese,USOIL,cnn_autoencoder,exponential,0.1,1,0.029475,0.0938,,,0.0,147,128
Chinese,USOIL,cnn_autoencoder,exponential,0.1,2,0.028592,0.0859,,,0.0,147,128
Chinese,USOIL,cnn_autoencoder,exponential,0.1,3,0.026104,0.0859,,,0.0,147,128
Chinese,USOIL,cnn_autoencoder,exponential,0.2,1,0.020989,0.1953,,,0.0,147,128
Chinese,USOIL,cnn_autoencoder,exponential,0.2,2,0.015097,0.1953,,,0.0,147,128
Chinese,USOIL,cnn_autoencoder,exponential,0.2,3,0.013931,0.1953,,,0.0,147,128
Chinese,USOIL,dagmm,exponential,0.05,1,20.021452,0.0469,,,0.0,147,128
Chinese,USOIL,dagmm,exponential,0.05,2,17.1885,0.0469,,,0.0,147,128
Chinese,USOIL,dagmm,exponential,0.05,3,12.719187,0.0469,,,0.0,147,128
Chinese,USOIL,dagmm,exponential,0.1,1,10.84568,0.0938,,,0.0,147,128
Chinese,USOIL,dagmm,exponential,0.1,2,4.422081,0.0938,,,0.0,147,128
Chinese,USOIL,dagmm,exponential,0.1,3,3.202278,0.0938,,,0.0,147,128
Chinese,USOIL,dagmm,exponential,0.2,1,2.668188,0.1953,2023-09-06,-21.0,0.0136,147,128
Chinese,USOIL,dagmm,exponential,0.2,2,0.971113,0.1953,,,0.0,147,128
Chinese,USOIL,dagmm,exponential,0.2,3,-0.451806,0.1953,2023-09-08,-23.0,0.0068,147,128
Chinese,USOIL,deep_svdd,exponential,0.05,1,0.001129,0.0469,2023-12-21,-96.0,0.0136,147,128
Chinese,USOIL,deep_svdd,exponential,0.05,2,0.000979,0.0469,2024-02-08,-128.0,0.0068,147,128
Chinese,USOIL,deep_svdd,exponential,0.05,3,0.000844,0.0469,,,0.0,147,128
Chinese,USOIL,deep_svdd,exponential,0.1,1,0.000982,0.0938,2023-10-19,-52.0,0.034,147,128
Chinese,USOIL,deep_svdd,exponential,0.1,2,0.000828,0.0938,2024-01-17,-112.0,0.0136,147,128
Chinese,USOIL,deep_svdd,exponential,0.1,3,0.000796,0.0859,,,0.0,147,128
Chinese,USOIL,deep_svdd,exponential,0.2,1,0.000815,0.1953,2023-10-19,-52.0,0.0816,147,128
Chinese,USOIL,deep_svdd,exponential,0.2,2,0.000658,0.1953,2023-10-20,-53.0,0.1224,147,128
Chinese,USOIL,deep_svdd,exponential,0.2,3,0.000625,0.1953,2023-10-26,-57.0,0.0884,147,128
Chinese,USOIL,hybrid2,arccosh,0.05,1,0.053686,0.0469,2023-07-18,14.0,0.932,147,128
Chinese,USOIL,hybrid2,arccosh,0.05,2,0.051616,0.0469,2023-07-19,13.0,0.8912,147,128
Chinese,USOIL,hybrid2,arccosh,0.05,3,0.050125,0.0391,2023-07-20,12.0,0.8707,147,128
Chinese,USOIL,hybrid2,arccosh,0.1,1,0.045238,0.0938,2023-07-18,14.0,0.9592,147,128
Chinese,USOIL,hybrid2,arccosh,0.1,2,0.042841,0.0938,2023-07-19,13.0,0.966,147,128
Chinese,USOIL,hybrid2,arccosh,0.1,3,0.040416,0.0859,2023-07-20,12.0,0.966,147,128
Chinese,USOIL,hybrid2,arccosh,0.2,1,0.028519,0.1953,2023-07-18,14.0,1.0,147,128
Chinese,USOIL,hybrid2,arccosh,0.2,2,0.026267,0.1953,2023-07-19,13.0,0.9932,147,128
Chinese,USOIL,hybrid2,arccosh,0.2,3,0.023946,0.1953,2023-07-20,12.0,0.9864,147,128
Chinese,USOIL,hybrid2,arctan,0.05,1,0.015834,0.0469,2023-07-24,10.0,0.0476,147,128
Chinese,USOIL,hybrid2,arctan,0.05,2,0.014588,0.0469,2023-07-24,10.0,0.0272,147,128
Chinese,USOIL,hybrid2,arctan,0.05,3,0.01433,0.0469,2023-07-25,9.0,0.0204,147,128
Chinese,USOIL,hybrid2,arctan,0.1,1,0.01476,0.0938,2023-07-24,10.0,0.0748,147,128
Chinese,USOIL,hybrid2,arctan,0.1,2,0.013413,0.0938,2023-07-24,10.0,0.068,147,128
Chinese,USOIL,hybrid2,arctan,0.1,3,0.012573,0.0859,2023-07-25,9.0,0.0612,147,128
Chinese,USOIL,hybrid2,arctan,0.2,1,0.013052,0.1953,2023-07-21,11.0,0.1565,147,128
Chinese,USOIL,hybrid2,arctan,0.2,2,0.011442,0.1875,2023-07-24,10.0,0.1497,147,128
Chinese,USOIL,hybrid2,arctan,0.2,3,0.010555,0.1875,2023-07-20,12.0,0.1361,147,128
Chinese,USOIL,hybrid2,cosine,0.05,1,0.140705,0.0469,,,0.0,147,128
Chinese,USOIL,hybrid2,cosine,0.05,2,0.130912,0.0469,,,0.0,147,128
Chinese,USOIL,hybrid2,cosine,0.05,3,0.125501,0.0469,,,0.0,147,128
Chinese,USOIL,hybrid2,cosine,0.1,1,0.130954,0.0938,,,0.0,147,128
Chinese,USOIL,hybrid2,cosine,0.1,2,0.112362,0.0938,,,0.0,147,128
Chinese,USOIL,hybrid2,cosine,0.1,3,0.104798,0.0938,,,0.0,147,128
Chinese,USOIL,hybrid2,cosine,0.2,1,0.104798,0.1953,,,0.0,147,128
Chinese,USOIL,hybrid2,cosine,0.2,2,0.097849,0.1953,,,0.0,147,128
Chinese,USOIL,hybrid2,cosine,0.2,3,0.093543,0.1953,,,0.0,147,128
Chinese,USOIL,hybrid2,exponential,0.05,1,0.463625,0.0469,,,0.0,147,128
Chinese,USOIL,hybrid2,exponential,0.05,2,0.434351,0.0469,,,0.0,147,128
Chinese,USOIL,hybrid2,exponential,0.05,3,0.414764,0.0469,,,0.0,147,128
Chinese,USOIL,hybrid2,exponential,0.1,1,0.399093,0.0938,,,0.0,147,128
Chinese,USOIL,hybrid2,exponential,0.1,2,0.37545,0.0938,,,0.0,147,128
Chinese,USOIL,hybrid2,exponential,0.1,3,0.36225,0.0938,,,0.0,147,128
Chinese,USOIL,hybrid2,exponential,0.2,1,0.31169,0.1953,,,0.0,147,128
Chinese,USOIL,hybrid2,exponential,0.2,2,0.247754,0.1953,,,0.0,147,128
Chinese,USOIL,hybrid2,exponential,0.2,3,0.24314,0.1953,,,0.0,147,128
Chinese,USOIL,isolation_forest,exponential,0.05,1,0.649505,0.0469,,,0.0,147,128
Chinese,USOIL,isolation_forest,exponential,0.05,2,0.645709,0.0469,,,0.0,147,128
Chinese,USOIL,isolation_forest,exponential,0.05,3,0.645709,0.0312,,,0.0,147,128
Chinese,USOIL,isolation_forest,exponential,0.1,1,0.630542,0.0938,,,0.0,147,128
Chinese,USOIL,isolation_forest,exponential,0.1,2,0.623156,0.0938,,,0.0,147,128
Chinese,USOIL,isolation_forest,exponential,0.1,3,0.616953,0.0859,,,0.0,147,128
Chinese,USOIL,isolation_forest,exponential,0.2,1,0.589751,0.1953,2023-09-06,-21.0,0.0068,147,128
Chinese,USOIL,isolation_forest,exponential,0.2,2,0.584527,0.1953,2023-09-07,-22.0,0.0068,147,128
Chinese,USOIL,isolation_forest,exponential,0.2,3,0.577029,0.1953,,,0.0,147,128
Chinese,USOIL,omnianomaly,exponential,0.05,1,0.39071,0.0469,2023-09-06,-21.0,0.0816,147,128
Chinese,USOIL,omnianomaly,exponential,0.05,2,0.363419,0.0469,2023-09-07,-22.0,0.0748,147,128
Chinese,USOIL,omnianomaly,exponential,0.05,3,0.33606,0.0469,2023-09-08,-23.0,0.1293,147,128
Chinese,USOIL,omnianomaly,exponential,0.1,1,0.365861,0.0938,2023-09-06,-21.0,0.0884,147,128
Chinese,USOIL,omnianomaly,exponential,0.1,2,0.33606,0.0938,2023-09-07,-22.0,0.1633,147,128
Chinese,USOIL,omnianomaly,exponential,0.1,3,0.321335,0.0938,2023-09-08,-23.0,0.2313,147,128
Chinese,USOIL,omnianomaly,exponential,0.2,1,0.315565,0.1953,2023-09-06,-21.0,0.2993,147,128
Chinese,USOIL,omnianomaly,exponential,0.2,2,0.297764,0.1875,2023-07-19,13.0,0.3129,147,128
Chinese,USOIL,omnianomaly,exponential,0.2,3,0.250733,0.1953,2023-07-20,12.0,0.4762,147,128
Chinese,USOIL,one_class_svm,exponential,0.05,1,2.327851,0.0469,,,0.0,147,128
Chinese,USOIL,one_class_svm,exponential,0.05,2,2.207389,0.0391,,,0.0,147,128
Chinese,USOIL,one_class_svm,exponential,0.05,3,2.147048,0.0469,,,0.0,147,128
Chinese,USOIL,one_class_svm,exponential,0.1,1,1.922604,0.0938,,,0.0,147,128
Chinese,USOIL,one_class_svm,exponential,0.1,2,1.618722,0.0938,,,0.0,147,128
Chinese,USOIL,one_class_svm,exponential,0.1,3,1.617685,0.0781,,,0.0,147,128
Chinese,USOIL,one_class_svm,exponential,0.2,1,0.854223,0.1953,2023-09-06,-21.0,0.0136,147,128
Chinese,USOIL,one_class_svm,exponential,0.2,2,0.783113,0.1953,2023-09-07,-22.0,0.0068,147,128
Chinese,USOIL,one_class_svm,exponential,0.2,3,0.603856,0.1953,2023-09-08,-23.0,0.0068,147,128
Chinese,USOIL,standalone_fanogan,arccosh,0.05,1,0.053686,0.0469,2023-07-18,14.0,0.932,147,128
Chinese,USOIL,standalone_fanogan,arccosh,0.05,2,0.051616,0.0469,2023-07-19,13.0,0.8912,147,128
Chinese,USOIL,standalone_fanogan,arccosh,0.05,3,0.050125,0.0391,2023-07-20,12.0,0.8707,147,128
Chinese,USOIL,standalone_fanogan,arccosh,0.1,1,0.045238,0.0938,2023-07-18,14.0,0.9592,147,128
Chinese,USOIL,standalone_fanogan,arccosh,0.1,2,0.042841,0.0938,2023-07-19,13.0,0.966,147,128
Chinese,USOIL,standalone_fanogan,arccosh,0.1,3,0.040416,0.0859,2023-07-20,12.0,0.966,147,128
Chinese,USOIL,standalone_fanogan,arccosh,0.2,1,0.028519,0.1953,2023-07-18,14.0,1.0,147,128
Chinese,USOIL,standalone_fanogan,arccosh,0.2,2,0.026267,0.1953,2023-07-19,13.0,0.9932,147,128
Chinese,USOIL,standalone_fanogan,arccosh,0.2,3,0.023946,0.1953,2023-07-20,12.0,0.9864,147,128
Chinese,USOIL,standalone_fanogan,arctan,0.05,1,0.015834,0.0469,2023-07-24,10.0,0.0476,147,128
Chinese,USOIL,standalone_fanogan,arctan,0.05,2,0.014588,0.0469,2023-07-24,10.0,0.0272,147,128
Chinese,USOIL,standalone_fanogan,arctan,0.05,3,0.01433,0.0469,2023-07-25,9.0,0.0204,147,128
Chinese,USOIL,standalone_fanogan,arctan,0.1,1,0.01476,0.0938,2023-07-24,10.0,0.0748,147,128
Chinese,USOIL,standalone_fanogan,arctan,0.1,2,0.013413,0.0938,2023-07-24,10.0,0.068,147,128
Chinese,USOIL,standalone_fanogan,arctan,0.1,3,0.012573,0.0859,2023-07-25,9.0,0.0612,147,128
Chinese,USOIL,standalone_fanogan,arctan,0.2,1,0.013052,0.1953,2023-07-21,11.0,0.1565,147,128
Chinese,USOIL,standalone_fanogan,arctan,0.2,2,0.011442,0.1875,2023-07-24,10.0,0.1497,147,128
Chinese,USOIL,standalone_fanogan,arctan,0.2,3,0.010555,0.1875,2023-07-20,12.0,0.1361,147,128
Chinese,USOIL,standalone_fanogan,cosine,0.05,1,0.140705,0.0469,,,0.0,147,128
Chinese,USOIL,standalone_fanogan,cosine,0.05,2,0.130912,0.0469,,,0.0,147,128
Chinese,USOIL,standalone_fanogan,cosine,0.05,3,0.125501,0.0469,,,0.0,147,128
Chinese,USOIL,standalone_fanogan,cosine,0.1,1,0.130954,0.0938,,,0.0,147,128
Chinese,USOIL,standalone_fanogan,cosine,0.1,2,0.112362,0.0938,,,0.0,147,128
Chinese,USOIL,standalone_fanogan,cosine,0.1,3,0.104798,0.0938,,,0.0,147,128
Chinese,USOIL,standalone_fanogan,cosine,0.2,1,0.104798,0.1953,,,0.0,147,128
Chinese,USOIL,standalone_fanogan,cosine,0.2,2,0.097849,0.1953,,,0.0,147,128
Chinese,USOIL,standalone_fanogan,cosine,0.2,3,0.093543,0.1953,,,0.0,147,128
Chinese,USOIL,standalone_fanogan,exponential,0.05,1,0.463625,0.0469,,,0.0,147,128
Chinese,USOIL,standalone_fanogan,exponential,0.05,2,0.434351,0.0469,,,0.0,147,128
Chinese,USOIL,standalone_fanogan,exponential,0.05,3,0.414764,0.0469,,,0.0,147,128
Chinese,USOIL,standalone_fanogan,exponential,0.1,1,0.399093,0.0938,,,0.0,147,128
Chinese,USOIL,standalone_fanogan,exponential,0.1,2,0.37545,0.0938,,,0.0,147,128
Chinese,USOIL,standalone_fanogan,exponential,0.1,3,0.36225,0.0938,,,0.0,147,128
Chinese,USOIL,standalone_fanogan,exponential,0.2,1,0.31169,0.1953,,,0.0,147,128
Chinese,USOIL,standalone_fanogan,exponential,0.2,2,0.247754,0.1953,,,0.0,147,128
Chinese,USOIL,standalone_fanogan,exponential,0.2,3,0.24314,0.1953,,,0.0,147,128
Chinese,USOIL,standalone_tadgan,-,0.05,1,1.390899,0.0469,,,0.0,147,128
Chinese,USOIL,standalone_tadgan,-,0.05,2,1.388023,0.0469,,,0.0,147,128
Chinese,USOIL,standalone_tadgan,-,0.05,3,1.386128,0.0469,,,0.0,147,128
Chinese,USOIL,standalone_tadgan,-,0.1,1,1.38485,0.0938,,,0.0,147,128
Chinese,USOIL,standalone_tadgan,-,0.1,2,1.381677,0.0938,,,0.0,147,128
Chinese,USOIL,standalone_tadgan,-,0.1,3,1.379265,0.0781,,,0.0,147,128
Chinese,USOIL,standalone_tadgan,-,0.2,1,1.369297,0.1953,,,0.0,147,128
Chinese,USOIL,standalone_tadgan,-,0.2,2,1.36468,0.1953,,,0.0,147,128
Chinese,USOIL,standalone_tadgan,-,0.2,3,1.363978,0.1875,,,0.0,147,128
Chinese,USOIL,tranad,exponential,0.05,1,0.037226,0.0469,2023-07-18,14.0,0.5918,147,128
Chinese,USOIL,tranad,exponential,0.05,2,0.033495,0.0469,2023-07-19,13.0,0.6122,147,128
Chinese,USOIL,tranad,exponential,0.05,3,0.031916,0.0391,2023-07-20,12.0,0.6122,147,128
Chinese,USOIL,tranad,exponential,0.1,1,0.034401,0.0938,2023-07-18,14.0,0.6531,147,128
Chinese,USOIL,tranad,exponential,0.1,2,0.029258,0.0938,2023-07-19,13.0,0.7075,147,128
Chinese,USOIL,tranad,exponential,0.1,3,0.028865,0.0938,2023-07-20,12.0,0.6667,147,128
Chinese,USOIL,tranad,exponential,0.2,1,0.029258,0.1953,2023-07-18,14.0,0.7619,147,128
Chinese,USOIL,tranad,exponential,0.2,2,0.027267,0.1953,2023-07-19,13.0,0.7619,147,128
Chinese,USOIL,tranad,exponential,0.2,3,0.025067,0.1875,2023-07-20,12.0,0.7823,147,128
Chinese,USOIL,usad,exponential,0.05,1,1.74536,0.0469,,,0.0,147,128
Chinese,USOIL,usad,exponential,0.05,2,1.716266,0.0469,,,0.0,147,128
Chinese,USOIL,usad,exponential,0.05,3,1.68448,0.0469,,,0.0,147,128
Chinese,USOIL,usad,exponential,0.1,1,1.682257,0.0938,,,0.0,147,128
Chinese,USOIL,usad,exponential,0.1,2,1.59246,0.0938,2023-08-30,-17.0,0.0204,147,128
Chinese,USOIL,usad,exponential,0.1,3,1.587438,0.0938,2023-08-31,-18.0,0.0136,147,128
Chinese,USOIL,usad,exponential,0.2,1,1.558506,0.1953,2023-08-28,-15.0,0.0408,147,128
Chinese,USOIL,usad,exponential,0.2,2,1.537999,0.1953,2023-08-28,-15.0,0.0476,147,128
Chinese,USOIL,usad,exponential,0.2,3,1.507359,0.1953,2023-08-29,-16.0,0.0408,147,128
Chinese,USOIL,vae,exponential,0.05,1,0.647496,0.0469,2023-09-06,-21.0,0.0068,147,128
Chinese,USOIL,vae,exponential,0.05,2,0.63815,0.0391,,,0.0,147,128
Chinese,USOIL,vae,exponential,0.05,3,0.623684,0.0469,,,0.0,147,128
Chinese,USOIL,vae,exponential,0.1,1,0.623684,0.0938,2023-09-06,-21.0,0.0068,147,128
Chinese,USOIL,vae,exponential,0.1,2,0.584916,0.0938,,,0.0,147,128
Chinese,USOIL,vae,exponential,0.1,3,0.584655,0.0938,,,0.0,147,128
Chinese,USOIL,vae,exponential,0.2,1,0.474978,0.1953,2023-09-06,-21.0,0.0136,147,128
Chinese,USOIL,vae,exponential,0.2,2,0.45053,0.1875,,,0.0,147,128
Chinese,USOIL,vae,exponential,0.2,3,0.397018,0.1953,2023-09-08,-23.0,0.0136,147,128
Chinese,GOLD,anomaly_transformer,exponential,0.05,1,0.007731,0.0469,2023-08-11,-4.0,0.034,147,128
Chinese,GOLD,anomaly_transformer,exponential,0.05,2,0.002149,0.0469,2023-07-20,12.0,0.1293,147,128
Chinese,GOLD,anomaly_transformer,exponential,0.05,3,0.001617,0.0469,2023-07-21,11.0,0.1156,147,128
Chinese,GOLD,anomaly_transformer,exponential,0.1,1,0.001617,0.0938,2023-07-19,13.0,0.2721,147,128
Chinese,GOLD,anomaly_transformer,exponential,0.1,2,0.001219,0.0938,2023-07-20,12.0,0.2449,147,128
Chinese,GOLD,anomaly_transformer,exponential,0.1,3,0.001093,0.0938,2023-07-21,11.0,0.2381,147,128
Chinese,GOLD,anomaly_transformer,exponential,0.2,1,0.001093,0.1953,2023-07-19,13.0,0.415,147,128
Chinese,GOLD,anomaly_transformer,exponential,0.2,2,0.000944,0.1953,2023-07-20,12.0,0.3741,147,128
Chinese,GOLD,anomaly_transformer,exponential,0.2,3,0.000899,0.1953,2023-07-20,12.0,0.3401,147,128
Chinese,GOLD,dagmm,exponential,0.05,1,6.789807,0.0469,,,0.0,147,128
Chinese,GOLD,dagmm,exponential,0.05,2,1.192929,0.0391,,,0.0,147,128
Chinese,GOLD,dagmm,exponential,0.05,3,-1.180599,0.0391,,,0.0,147,128
Chinese,GOLD,dagmm,exponential,0.1,1,2.602741,0.0938,,,0.0,147,128
Chinese,GOLD,dagmm,exponential,0.1,2,-1.024184,0.0938,,,0.0,147,128
Chinese,GOLD,dagmm,exponential,0.1,3,-2.56184,0.0859,,,0.0,147,128
Chinese,GOLD,dagmm,exponential,0.2,1,-0.221478,0.1953,2023-09-06,-21.0,0.0136,147,128
Chinese,GOLD,dagmm,exponential,0.2,2,-2.823759,0.1953,2023-09-22,-33.0,0.0068,147,128
Chinese,GOLD,dagmm,exponential,0.2,3,-4.206912,0.1875,2023-11-08,-66.0,0.0272,147,128
Chinese,GOLD,deep_svdd,exponential,0.05,1,0.00107,0.0469,,,0.0,147,128
Chinese,GOLD,deep_svdd,exponential,0.05,2,0.000857,0.0391,,,0.0,147,128
Chinese,GOLD,deep_svdd,exponential,0.05,3,0.000648,0.0469,,,0.0,147,128
Chinese,GOLD,deep_svdd,exponential,0.1,1,0.000832,0.0938,,,0.0,147,128
Chinese,GOLD,deep_svdd,exponential,0.1,2,0.000648,0.0938,,,0.0,147,128
Chinese,GOLD,deep_svdd,exponential,0.1,3,0.000531,0.0938,,,0.0,147,128
Chinese,GOLD,deep_svdd,exponential,0.2,1,0.000621,0.1953,2024-01-05,-105.0,0.0068,147,128
Chinese,GOLD,deep_svdd,exponential,0.2,2,0.000505,0.1875,,,0.0,147,128
Chinese,GOLD,deep_svdd,exponential,0.2,3,0.000438,0.1953,2024-01-09,-107.0,0.0136,147,128
Chinese,GOLD,hybrid2,arccosh,0.05,1,0.160799,0.0469,,,0.0,147,128
Chinese,GOLD,hybrid2,arccosh,0.05,2,0.153976,0.0469,,,0.0,147,128
Chinese,GOLD,hybrid2,arccosh,0.05,3,0.153085,0.0469,,,0.0,147,128
Chinese,GOLD,hybrid2,arccosh,0.1,1,0.153085,0.0938,,,0.0,147,128
Chinese,GOLD,hybrid2,arccosh,0.1,2,0.149898,0.0938,,,0.0,147,128
Chinese,GOLD,hybrid2,arccosh,0.1,3,0.145326,0.0938,,,0.0,147,128
Chinese,GOLD,hybrid2,arccosh,0.2,1,0.141804,0.1953,,,0.0,147,128
Chinese,GOLD,hybrid2,arccosh,0.2,2,0.134414,0.1875,,,0.0,147,128
Chinese,GOLD,hybrid2,arccosh,0.2,3,0.124988,0.1953,,,0.0,147,128
Chinese,GOLD,hybrid2,arctan,0.05,1,0.015942,0.0469,,,0.0,147,128
Chinese,GOLD,hybrid2,arctan,0.05,2,0.01355,0.0469,,,0.0,147,128
Chinese,GOLD,hybrid2,arctan,0.05,3,0.011906,0.0469,,,0.0,147,128
Chinese,GOLD,hybrid2,arctan,0.1,1,0.014356,0.0938,2024-01-12,-110.0,0.0068,147,128
Chinese,GOLD,hybrid2,arctan,0.1,2,0.012364,0.0938,,,0.0,147,128
Chinese,GOLD,hybrid2,arctan,0.1,3,0.01108,0.0859,,,0.0,147,128
Chinese,GOLD,hybrid2,arctan,0.2,1,0.012499,0.1953,2024-01-12,-110.0,0.0136,147,128
Chinese,GOLD,hybrid2,arctan,0.2,2,0.010912,0.1953,,,0.0,147,128
Chinese,GOLD,hybrid2,arctan,0.2,3,0.010258,0.1953,2024-01-11,-109.0,0.0136,147,128
Chinese,GOLD,hybrid2,cosine,0.05,1,0.2029,0.0469,,,0.0,147,128
Chinese,GOLD,hybrid2,cosine,0.05,2,0.180672,0.0469,,,0.0,147,128
Chinese,GOLD,hybrid2,cosine,0.05,3,0.153796,0.0469,,,0.0,147,128
Chinese,GOLD,hybrid2,cosine,0.1,1,0.1673,0.0938,,,0.0,147,128
Chinese,GOLD,hybrid2,cosine,0.1,2,0.153588,0.0938,,,0.0,147,128
Chinese,GOLD,hybrid2,cosine,0.1,3,0.148945,0.0781,,,0.0,147,128
Chinese,GOLD,hybrid2,cosine,0.2,1,0.148945,0.1953,,,0.0,147,128
Chinese,GOLD,hybrid2,cosine,0.2,2,0.140551,0.1953,,,0.0,147,128
Chinese,GOLD,hybrid2,cosine,0.2,3,0.135436,0.1797,,,0.0,147,128
Chinese,GOLD,hybrid2,exponential,0.05,1,0.260787,0.0469,2023-09-14,-27.0,0.0408,147,128
Chinese,GOLD,hybrid2,exponential,0.05,2,0.230898,0.0469,2023-09-15,-28.0,0.0544,147,128
Chinese,GOLD,hybrid2,exponential,0.05,3,0.226946,0.0469,2023-09-18,-29.0,0.0408,147,128
Chinese,GOLD,hybrid2,exponential,0.1,1,0.230898,0.0938,2023-09-14,-27.0,0.0816,147,128
Chinese,GOLD,hybrid2,exponential,0.1,2,0.205688,0.0938,2023-09-15,-28.0,0.102,147,128
Chinese,GOLD,hybrid2,exponential,0.1,3,0.199403,0.0938,2023-09-18,-29.0,0.0816,147,128
Chinese,GOLD,hybrid2,exponential,0.2,1,0.195101,0.1953,2023-08-02,3.0,0.1429,147,128
Chinese,GOLD,hybrid2,exponential,0.2,2,0.175812,0.1953,2023-08-11,-4.0,0.1156,147,128
Chinese,GOLD,hybrid2,exponential,0.2,3,0.169319,0.1953,2023-08-14,-5.0,0.0952,147,128
Chinese,GOLD,isolation_forest,exponential,0.05,1,0.584438,0.0469,,,0.0,147,128
Chinese,GOLD,isolation_forest,exponential,0.05,2,0.575674,0.0469,,,0.0,147,128
Chinese,GOLD,isolation_forest,exponential,0.05,3,0.57226,0.0469,,,0.0,147,128
Chinese,GOLD,isolation_forest,exponential,0.1,1,0.573041,0.0938,,,0.0,147,128
Chinese,GOLD,isolation_forest,exponential,0.1,2,0.56355,0.0859,,,0.0,147,128
Chinese,GOLD,isolation_forest,exponential,0.1,3,0.551293,0.0938,,,0.0,147,128
Chinese,GOLD,isolation_forest,exponential,0.2,1,0.540819,0.1953,2023-11-22,-76.0,0.0068,147,128
Chinese,GOLD,isolation_forest,exponential,0.2,2,0.536837,0.1953,2023-08-10,-3.0,0.0068,147,128
Chinese,GOLD,isolation_forest,exponential,0.2,3,0.526657,0.1797,2023-08-07,0.0,0.0476,147,128
Chinese,GOLD,omnianomaly,exponential,0.05,1,0.356873,0.0469,2023-07-19,13.0,0.2245,147,128
Chinese,GOLD,omnianomaly,exponential,0.05,2,0.336042,0.0469,2023-07-19,13.0,0.2721,147,128
Chinese,GOLD,omnianomaly,exponential,0.05,3,0.264316,0.0391,2023-07-20,12.0,0.5646,147,128
Chinese,GOLD,omnianomaly,exponential,0.1,1,0.271164,0.0938,2023-07-18,14.0,0.6531,147,128
Chinese,GOLD,omnianomaly,exponential,0.1,2,0.260372,0.0938,2023-07-19,13.0,0.6463,147,128
Chinese,GOLD,omnianomaly,exponential,0.1,3,0.255412,0.0938,2023-07-20,12.0,0.6531,147,128
Chinese,GOLD,omnianomaly,exponential,0.2,1,0.242427,0.1953,2023-07-18,14.0,0.8299,147,128
Chinese,GOLD,omnianomaly,exponential,0.2,2,0.238873,0.1953,2023-07-19,13.0,0.7959,147,128
Chinese,GOLD,omnianomaly,exponential,0.2,3,0.229909,0.1953,2023-07-20,12.0,0.7891,147,128
Chinese,GOLD,one_class_svm,exponential,0.05,1,0.371828,0.0469,,,0.0,147,128
Chinese,GOLD,one_class_svm,exponential,0.05,2,0.238907,0.0469,2023-08-11,-4.0,0.0068,147,128
Chinese,GOLD,one_class_svm,exponential,0.05,3,0.205653,0.0391,,,0.0,147,128
Chinese,GOLD,one_class_svm,exponential,0.1,1,0.205653,0.0938,2023-08-10,-3.0,0.0136,147,128
Chinese,GOLD,one_class_svm,exponential,0.1,2,0.116963,0.0938,2023-08-10,-3.0,0.0204,147,128
Chinese,GOLD,one_class_svm,exponential,0.1,3,0.01571,0.0938,2023-08-11,-4.0,0.0136,147,128
Chinese,GOLD,one_class_svm,exponential,0.2,1,-0.020019,0.1953,2023-07-20,12.0,0.0476,147,128
Chinese,GOLD,one_class_svm,exponential,0.2,2,-0.107127,0.1953,2023-07-21,11.0,0.0408,147,128
Chinese,GOLD,one_class_svm,exponential,0.2,3,-0.12541,0.1953,2023-07-21,11.0,0.0408,147,128
Chinese,GOLD,standalone_fanogan,arccosh,0.05,1,0.160799,0.0469,,,0.0,147,128
Chinese,GOLD,standalone_fanogan,arccosh,0.05,2,0.153976,0.0469,,,0.0,147,128
Chinese,GOLD,standalone_fanogan,arccosh,0.05,3,0.153085,0.0469,,,0.0,147,128
Chinese,GOLD,standalone_fanogan,arccosh,0.1,1,0.153085,0.0938,,,0.0,147,128
Chinese,GOLD,standalone_fanogan,arccosh,0.1,2,0.149898,0.0938,,,0.0,147,128
Chinese,GOLD,standalone_fanogan,arccosh,0.1,3,0.145326,0.0938,,,0.0,147,128
Chinese,GOLD,standalone_fanogan,arccosh,0.2,1,0.141804,0.1953,,,0.0,147,128
Chinese,GOLD,standalone_fanogan,arccosh,0.2,2,0.134414,0.1875,,,0.0,147,128
Chinese,GOLD,standalone_fanogan,arccosh,0.2,3,0.124988,0.1953,,,0.0,147,128
Chinese,GOLD,standalone_fanogan,arctan,0.05,1,0.015942,0.0469,,,0.0,147,128
Chinese,GOLD,standalone_fanogan,arctan,0.05,2,0.01355,0.0469,,,0.0,147,128
Chinese,GOLD,standalone_fanogan,arctan,0.05,3,0.011906,0.0469,,,0.0,147,128
Chinese,GOLD,standalone_fanogan,arctan,0.1,1,0.014356,0.0938,2024-01-12,-110.0,0.0068,147,128
Chinese,GOLD,standalone_fanogan,arctan,0.1,2,0.012364,0.0938,,,0.0,147,128
Chinese,GOLD,standalone_fanogan,arctan,0.1,3,0.01108,0.0859,,,0.0,147,128
Chinese,GOLD,standalone_fanogan,arctan,0.2,1,0.012499,0.1953,2024-01-12,-110.0,0.0136,147,128
Chinese,GOLD,standalone_fanogan,arctan,0.2,2,0.010912,0.1953,,,0.0,147,128
Chinese,GOLD,standalone_fanogan,arctan,0.2,3,0.010258,0.1953,2024-01-11,-109.0,0.0136,147,128
Chinese,GOLD,standalone_fanogan,cosine,0.05,1,0.2029,0.0469,,,0.0,147,128
Chinese,GOLD,standalone_fanogan,cosine,0.05,2,0.180672,0.0469,,,0.0,147,128
Chinese,GOLD,standalone_fanogan,cosine,0.05,3,0.153796,0.0469,,,0.0,147,128
Chinese,GOLD,standalone_fanogan,cosine,0.1,1,0.1673,0.0938,,,0.0,147,128
Chinese,GOLD,standalone_fanogan,cosine,0.1,2,0.153588,0.0938,,,0.0,147,128
Chinese,GOLD,standalone_fanogan,cosine,0.1,3,0.148945,0.0781,,,0.0,147,128
Chinese,GOLD,standalone_fanogan,cosine,0.2,1,0.148945,0.1953,,,0.0,147,128
Chinese,GOLD,standalone_fanogan,cosine,0.2,2,0.140551,0.1953,,,0.0,147,128
Chinese,GOLD,standalone_fanogan,cosine,0.2,3,0.135436,0.1797,,,0.0,147,128
Chinese,GOLD,standalone_fanogan,exponential,0.05,1,0.260787,0.0469,2023-09-14,-27.0,0.0408,147,128
Chinese,GOLD,standalone_fanogan,exponential,0.05,2,0.230898,0.0469,2023-09-15,-28.0,0.0544,147,128
Chinese,GOLD,standalone_fanogan,exponential,0.05,3,0.226946,0.0469,2023-09-18,-29.0,0.0408,147,128
Chinese,GOLD,standalone_fanogan,exponential,0.1,1,0.230898,0.0938,2023-09-14,-27.0,0.0816,147,128
Chinese,GOLD,standalone_fanogan,exponential,0.1,2,0.205688,0.0938,2023-09-15,-28.0,0.102,147,128
Chinese,GOLD,standalone_fanogan,exponential,0.1,3,0.199403,0.0938,2023-09-18,-29.0,0.0816,147,128
Chinese,GOLD,standalone_fanogan,exponential,0.2,1,0.195101,0.1953,2023-08-02,3.0,0.1429,147,128
Chinese,GOLD,standalone_fanogan,exponential,0.2,2,0.175812,0.1953,2023-08-11,-4.0,0.1156,147,128
Chinese,GOLD,standalone_fanogan,exponential,0.2,3,0.169319,0.1953,2023-08-14,-5.0,0.0952,147,128
Chinese,GOLD,standalone_tadgan,-,0.05,1,0.608616,0.0469,,,0.0,147,128
Chinese,GOLD,standalone_tadgan,-,0.05,2,0.606382,0.0469,,,0.0,147,128
Chinese,GOLD,standalone_tadgan,-,0.05,3,0.604741,0.0469,,,0.0,147,128
Chinese,GOLD,standalone_tadgan,-,0.1,1,0.597925,0.0938,,,0.0,147,128
Chinese,GOLD,standalone_tadgan,-,0.1,2,0.595416,0.0938,,,0.0,147,128
Chinese,GOLD,standalone_tadgan,-,0.1,3,0.592315,0.0938,,,0.0,147,128
Chinese,GOLD,standalone_tadgan,-,0.2,1,0.564174,0.1953,,,0.0,147,128
Chinese,GOLD,standalone_tadgan,-,0.2,2,0.560528,0.1953,,,0.0,147,128
Chinese,GOLD,standalone_tadgan,-,0.2,3,0.556801,0.1953,,,0.0,147,128
Chinese,GOLD,tranad,exponential,0.05,1,0.039307,0.0469,2023-07-18,14.0,0.6122,147,128
Chinese,GOLD,tranad,exponential,0.05,2,0.034704,0.0469,2023-07-19,13.0,0.6327,147,128
Chinese,GOLD,tranad,exponential,0.05,3,0.02975,0.0469,2023-07-20,12.0,0.7075,147,128
Chinese,GOLD,tranad,exponential,0.1,1,0.033999,0.0938,2023-07-18,14.0,0.7143,147,128
Chinese,GOLD,tranad,exponential,0.1,2,0.028178,0.0938,2023-07-19,13.0,0.8095,147,128
Chinese,GOLD,tranad,exponential,0.1,3,0.025707,0.0859,2023-07-20,12.0,0.8027,147,128
Chinese,GOLD,tranad,exponential,0.2,1,0.027046,0.1953,2023-07-18,14.0,0.8503,147,128
Chinese,GOLD,tranad,exponential,0.2,2,0.023795,0.1953,2023-07-19,13.0,0.8639,147,128
Chinese,GOLD,tranad,exponential,0.2,3,0.023059,0.1875,2023-07-20,12.0,0.8639,147,128
Chinese,GOLD,usad,exponential,0.05,1,1.521141,0.0469,2023-09-27,-36.0,0.0272,147,128
Chinese,GOLD,usad,exponential,0.05,2,1.506428,0.0391,2023-09-28,-37.0,0.0272,147,128
Chinese,GOLD,usad,exponential,0.05,3,1.490318,0.0469,2024-01-12,-110.0,0.0136,147,128
Chinese,GOLD,usad,exponential,0.1,1,1.502708,0.0938,2023-09-27,-36.0,0.0476,147,128
Chinese,GOLD,usad,exponential,0.1,2,1.474286,0.0938,2023-09-18,-29.0,0.0952,147,128
Chinese,GOLD,usad,exponential,0.1,3,1.463334,0.0938,2023-09-19,-30.0,0.068,147,128
Chinese,GOLD,usad,exponential,0.2,1,1.458646,0.1953,2023-09-15,-28.0,0.1429,147,128
Chinese,GOLD,usad,exponential,0.2,2,1.438149,0.1953,2023-09-15,-28.0,0.1429,147,128
Chinese,GOLD,usad,exponential,0.2,3,1.385424,0.1953,2023-08-21,-10.0,0.2109,147,128
Chinese,EURUSD,anomaly_transformer,exponential,0.05,1,0.008008,0.0455,2023-08-09,-2.0,0.0461,152,132
Chinese,EURUSD,anomaly_transformer,exponential,0.05,2,0.003906,0.0455,2023-08-09,-2.0,0.0592,152,132
Chinese,EURUSD,anomaly_transformer,exponential,0.05,3,0.002709,0.0455,2023-08-01,4.0,0.0658,152,132
Chinese,EURUSD,anomaly_transformer,exponential,0.1,1,0.003266,0.0985,2023-07-31,5.0,0.1118,152,132
Chinese,EURUSD,anomaly_transformer,exponential,0.1,2,0.002356,0.0985,2023-07-31,5.0,0.1053,152,132
Chinese,EURUSD,anomaly_transformer,exponential,0.1,3,0.001833,0.0985,2023-08-01,4.0,0.1053,152,132
Chinese,EURUSD,anomaly_transformer,exponential,0.2,1,0.001789,0.197,2023-07-28,6.0,0.1842,152,132
Chinese,EURUSD,anomaly_transformer,exponential,0.2,2,0.001701,0.1894,2023-07-31,5.0,0.1316,152,132
Chinese,EURUSD,anomaly_transformer,exponential,0.2,3,0.001538,0.1818,2023-08-01,4.0,0.1053,152,132
Chinese,EURUSD,dagmm,exponential,0.05,1,11.039864,0.0455,,,0.0,152,132
Chinese,EURUSD,dagmm,exponential,0.05,2,2.539624,0.0455,2023-08-14,-5.0,0.0461,152,132
Chinese,EURUSD,dagmm,exponential,0.05,3,-0.608824,0.0455,2023-07-18,14.0,0.0987,152,132
Chinese,EURUSD,dagmm,exponential,0.1,1,1.78488,0.0985,2023-07-14,16.0,0.1118,152,132
Chinese,EURUSD,dagmm,exponential,0.1,2,-0.608824,0.0985,2023-07-17,15.0,0.1382,152,132
Chinese,EURUSD,dagmm,exponential,0.1,3,-3.626483,0.0985,2023-07-18,14.0,0.3553,152,132
Chinese,EURUSD,dagmm,exponential,0.2,1,-0.665647,0.197,2023-07-14,16.0,0.1842,152,132
Chinese,EURUSD,dagmm,exponential,0.2,2,-3.971718,0.197,2023-07-17,15.0,0.5789,152,132
Chinese,EURUSD,dagmm,exponential,0.2,3,-4.817244,0.1818,2023-07-18,14.0,0.8224,152,132
Chinese,EURUSD,deep_svdd,exponential,0.05,1,0.000564,0.0455,2023-11-03,-64.0,0.0066,152,132
Chinese,EURUSD,deep_svdd,exponential,0.05,2,0.000463,0.0455,2023-11-03,-64.0,0.0132,152,132
Chinese,EURUSD,deep_svdd,exponential,0.05,3,0.000368,0.0455,2023-11-06,-65.0,0.0132,152,132
Chinese,EURUSD,deep_svdd,exponential,0.1,1,0.000469,0.0985,2023-10-20,-54.0,0.0329,152,132
Chinese,EURUSD,deep_svdd,exponential,0.1,2,0.000368,0.0985,2023-11-03,-64.0,0.0329,152,132
Chinese,EURUSD,deep_svdd,exponential,0.1,3,0.000317,0.0985,2023-11-01,-62.0,0.0592,152,132
Chinese,EURUSD,deep_svdd,exponential,0.2,1,0.000361,0.197,2023-10-20,-54.0,0.0921,152,132
Chinese,EURUSD,deep_svdd,exponential,0.2,2,0.000278,0.1894,2023-10-26,-58.0,0.1053,152,132
Chinese,EURUSD,deep_svdd,exponential,0.2,3,0.00024,0.1818,2023-10-27,-59.0,0.0921,152,132
Chinese,EURUSD,hybrid2,arccosh,0.05,1,0.027754,0.0455,,,0.0,152,132
Chinese,EURUSD,hybrid2,arccosh,0.05,2,0.023691,0.0455,,,0.0,152,132
Chinese,EURUSD,hybrid2,arccosh,0.05,3,0.023194,0.0455,,,0.0,152,132
Chinese,EURUSD,hybrid2,arccosh,0.1,1,0.024035,0.0985,,,0.0,152,132
Chinese,EURUSD,hybrid2,arccosh,0.1,2,0.022213,0.0985,,,0.0,152,132
Chinese,EURUSD,hybrid2,arccosh,0.1,3,0.022147,0.0985,,,0.0,152,132
Chinese,EURUSD,hybrid2,arccosh,0.2,1,0.020731,0.197,2023-11-17,-74.0,0.0066,152,132
Chinese,EURUSD,hybrid2,arccosh,0.2,2,0.019017,0.197,,,0.0,152,132
Chinese,EURUSD,hybrid2,arccosh,0.2,3,0.016586,0.197,,,0.0,152,132
Chinese,EURUSD,hybrid2,arctan,0.05,1,0.011209,0.0455,2023-10-31,-61.0,0.0263,152,132
Chinese,EURUSD,hybrid2,arctan,0.05,2,0.010808,0.0379,2023-11-01,-62.0,0.0066,152,132
Chinese,EURUSD,hybrid2,arctan,0.05,3,0.008965,0.0303,2023-10-27,-59.0,0.0066,152,132
Chinese,EURUSD,hybrid2,arctan,0.1,1,0.010393,0.0985,2023-10-25,-57.0,0.0329,152,132
Chinese,EURUSD,hybrid2,arctan,0.1,2,0.008965,0.0909,2023-10-26,-58.0,0.0197,152,132
Chinese,EURUSD,hybrid2,arctan,0.1,3,0.008359,0.0909,2023-10-27,-59.0,0.0329,152,132
Chinese,EURUSD,hybrid2,arctan,0.2,1,0.008965,0.197,2023-10-23,-55.0,0.0592,152,132
Chinese,EURUSD,hybrid2,arctan,0.2,2,0.007602,0.197,2023-08-03,2.0,0.0658,152,132
Chinese,EURUSD,hybrid2,arctan,0.2,3,0.007169,0.197,2023-10-23,-55.0,0.0789,152,132
Chinese,EURUSD,hybrid2,cosine,0.05,1,0.187163,0.0455,2023-07-19,13.0,0.375,152,132
Chinese,EURUSD,hybrid2,cosine,0.05,2,0.160451,0.0379,2023-07-19,13.0,0.6382,152,132
Chinese,EURUSD,hybrid2,cosine,0.05,3,0.151348,0.0455,2023-07-18,14.0,0.7105,152,132
Chinese,EURUSD,hybrid2,cosine,0.1,1,0.159639,0.0985,2023-07-14,16.0,0.8092,152,132
Chinese,EURUSD,hybrid2,cosine,0.1,2,0.151348,0.0985,2023-07-17,15.0,0.7961,152,132
Chinese,EURUSD,hybrid2,cosine,0.1,3,0.142565,0.0909,2023-07-18,14.0,0.8355,152,132
Chinese,EURUSD,hybrid2,cosine,0.2,1,0.149738,0.197,2023-07-14,16.0,0.8947,152,132
Chinese,EURUSD,hybrid2,cosine,0.2,2,0.137577,0.197,2023-07-17,15.0,0.9145,152,132
Chinese,EURUSD,hybrid2,cosine,0.2,3,0.12734,0.1818,2023-07-18,14.0,0.9276,152,132
Chinese,EURUSD,hybrid2,exponential,0.05,1,0.250784,0.0455,2023-12-20,-97.0,0.0197,152,132
Chinese,EURUSD,hybrid2,exponential,0.05,2,0.230829,0.0455,2023-12-21,-98.0,0.0197,152,132
Chinese,EURUSD,hybrid2,exponential,0.05,3,0.198638,0.0455,2023-12-21,-98.0,0.0263,152,132
Chinese,EURUSD,hybrid2,exponential,0.1,1,0.205872,0.0985,2023-11-03,-64.0,0.0461,152,132
Chinese,EURUSD,hybrid2,exponential,0.1,2,0.192957,0.0909,2023-12-20,-97.0,0.0329,152,132
Chinese,EURUSD,hybrid2,exponential,0.1,3,0.173887,0.0909,2023-12-20,-97.0,0.0395,152,132
Chinese,EURUSD,hybrid2,exponential,0.2,1,0.165752,0.197,2023-11-03,-64.0,0.0658,152,132
Chinese,EURUSD,hybrid2,exponential,0.2,2,0.150054,0.197,2023-08-04,1.0,0.0658,152,132
Chinese,EURUSD,hybrid2,exponential,0.2,3,0.14288,0.1894,2023-12-20,-97.0,0.0461,152,132
Chinese,EURUSD,isolation_forest,exponential,0.05,1,0.562248,0.0455,2023-08-02,3.0,0.0395,152,132
Chinese,EURUSD,isolation_forest,exponential,0.05,2,0.552642,0.0455,2023-08-02,3.0,0.0461,152,132
Chinese,EURUSD,isolation_forest,exponential,0.05,3,0.552642,0.0379,2023-08-03,2.0,0.0329,152,132
Chinese,EURUSD,isolation_forest,exponential,0.1,1,0.550458,0.0985,2023-07-31,5.0,0.0724,152,132
Chinese,EURUSD,isolation_forest,exponential,0.1,2,0.542618,0.0909,2023-08-01,4.0,0.0592,152,132
Chinese,EURUSD,isolation_forest,exponential,0.1,3,0.539201,0.0985,2023-08-02,3.0,0.0526,152,132
Chinese,EURUSD,isolation_forest,exponential,0.2,1,0.538915,0.197,2023-07-14,16.0,0.125,152,132
Chinese,EURUSD,isolation_forest,exponential,0.2,2,0.534468,0.1894,2023-07-17,15.0,0.125,152,132
Chinese,EURUSD,isolation_forest,exponential,0.2,3,0.53028,0.1894,2023-08-01,4.0,0.1316,152,132
Chinese,EURUSD,omnianomaly,exponential,0.05,1,0.372233,0.0455,2023-07-28,6.0,0.125,152,132
Chinese,EURUSD,omnianomaly,exponential,0.05,2,0.35392,0.0455,2023-07-31,5.0,0.1316,152,132
Chinese,EURUSD,omnianomaly,exponential,0.05,3,0.337784,0.0455,2023-08-01,4.0,0.125,152,132
Chinese,EURUSD,omnianomaly,exponential,0.1,1,0.353381,0.0985,2023-07-28,6.0,0.1447,152,132
Chinese,EURUSD,omnianomaly,exponential,0.1,2,0.337581,0.0909,2023-07-31,5.0,0.1447,152,132
Chinese,EURUSD,omnianomaly,exponential,0.1,3,0.317774,0.0985,2023-08-01,4.0,0.1974,152,132
Chinese,EURUSD,omnianomaly,exponential,0.2,1,0.314476,0.197,2023-07-28,6.0,0.2895,152,132
Chinese,EURUSD,omnianomaly,exponential,0.2,2,0.304217,0.197,2023-07-31,5.0,0.2434,152,132
Chinese,EURUSD,omnianomaly,exponential,0.2,3,0.287317,0.197,2023-08-01,4.0,0.2763,152,132
Chinese,EURUSD,one_class_svm,exponential,0.05,1,0.813601,0.0455,2023-08-01,4.0,0.0263,152,132
Chinese,EURUSD,one_class_svm,exponential,0.05,2,0.586898,0.0455,2023-08-01,4.0,0.0329,152,132
Chinese,EURUSD,one_class_svm,exponential,0.05,3,0.429368,0.0379,2023-08-02,3.0,0.0263,152,132
Chinese,EURUSD,one_class_svm,exponential,0.1,1,0.463964,0.0985,2023-07-31,5.0,0.0461,152,132
Chinese,EURUSD,one_class_svm,exponential,0.1,2,0.228779,0.0985,2023-07-31,5.0,0.0526,152,132
Chinese,EURUSD,one_class_svm,exponential,0.1,3,0.196567,0.0985,2023-08-01,4.0,0.0395,152,132
Chinese,EURUSD,one_class_svm,exponential,0.2,1,0.169034,0.197,2023-07-28,6.0,0.0724,152,132
Chinese,EURUSD,one_class_svm,exponential,0.2,2,0.065828,0.197,2023-07-31,5.0,0.0592,152,132
Chinese,EURUSD,one_class_svm,exponential,0.2,3,-0.071112,0.197,2023-08-01,4.0,0.0461,152,132
Chinese,EURUSD,standalone_fanogan,arccosh,0.05,1,0.027754,0.0455,,,0.0,152,132
Chinese,EURUSD,standalone_fanogan,arccosh,0.05,2,0.023691,0.0455,,,0.0,152,132
Chinese,EURUSD,standalone_fanogan,arccosh,0.05,3,0.023194,0.0455,,,0.0,152,132
Chinese,EURUSD,standalone_fanogan,arccosh,0.1,1,0.024035,0.0985,,,0.0,152,132
Chinese,EURUSD,standalone_fanogan,arccosh,0.1,2,0.022213,0.0985,,,0.0,152,132
Chinese,EURUSD,standalone_fanogan,arccosh,0.1,3,0.022147,0.0985,,,0.0,152,132
Chinese,EURUSD,standalone_fanogan,arccosh,0.2,1,0.020731,0.197,2023-11-17,-74.0,0.0066,152,132
Chinese,EURUSD,standalone_fanogan,arccosh,0.2,2,0.019017,0.197,,,0.0,152,132
Chinese,EURUSD,standalone_fanogan,arccosh,0.2,3,0.016586,0.197,,,0.0,152,132
Chinese,EURUSD,standalone_fanogan,arctan,0.05,1,0.011209,0.0455,2023-10-31,-61.0,0.0263,152,132
Chinese,EURUSD,standalone_fanogan,arctan,0.05,2,0.010808,0.0379,2023-11-01,-62.0,0.0066,152,132
Chinese,EURUSD,standalone_fanogan,arctan,0.05,3,0.008965,0.0303,2023-10-27,-59.0,0.0066,152,132
Chinese,EURUSD,standalone_fanogan,arctan,0.1,1,0.010393,0.0985,2023-10-25,-57.0,0.0329,152,132
Chinese,EURUSD,standalone_fanogan,arctan,0.1,2,0.008965,0.0909,2023-10-26,-58.0,0.0197,152,132
Chinese,EURUSD,standalone_fanogan,arctan,0.1,3,0.008359,0.0909,2023-10-27,-59.0,0.0329,152,132
Chinese,EURUSD,standalone_fanogan,arctan,0.2,1,0.008965,0.197,2023-10-23,-55.0,0.0592,152,132
Chinese,EURUSD,standalone_fanogan,arctan,0.2,2,0.007602,0.197,2023-08-03,2.0,0.0658,152,132
Chinese,EURUSD,standalone_fanogan,arctan,0.2,3,0.007169,0.197,2023-10-23,-55.0,0.0789,152,132
Chinese,EURUSD,standalone_fanogan,cosine,0.05,1,0.187163,0.0455,2023-07-19,13.0,0.375,152,132
Chinese,EURUSD,standalone_fanogan,cosine,0.05,2,0.160451,0.0379,2023-07-19,13.0,0.6382,152,132
Chinese,EURUSD,standalone_fanogan,cosine,0.05,3,0.151348,0.0455,2023-07-18,14.0,0.7105,152,132
Chinese,EURUSD,standalone_fanogan,cosine,0.1,1,0.159639,0.0985,2023-07-14,16.0,0.8092,152,132
Chinese,EURUSD,standalone_fanogan,cosine,0.1,2,0.151348,0.0985,2023-07-17,15.0,0.7961,152,132
Chinese,EURUSD,standalone_fanogan,cosine,0.1,3,0.142565,0.0909,2023-07-18,14.0,0.8355,152,132
Chinese,EURUSD,standalone_fanogan,cosine,0.2,1,0.149738,0.197,2023-07-14,16.0,0.8947,152,132
Chinese,EURUSD,standalone_fanogan,cosine,0.2,2,0.137577,0.197,2023-07-17,15.0,0.9145,152,132
Chinese,EURUSD,standalone_fanogan,cosine,0.2,3,0.12734,0.1818,2023-07-18,14.0,0.9276,152,132
Chinese,EURUSD,standalone_fanogan,exponential,0.05,1,0.250784,0.0455,2023-12-20,-97.0,0.0197,152,132
Chinese,EURUSD,standalone_fanogan,exponential,0.05,2,0.230829,0.0455,2023-12-21,-98.0,0.0197,152,132
Chinese,EURUSD,standalone_fanogan,exponential,0.05,3,0.198638,0.0455,2023-12-21,-98.0,0.0263,152,132
Chinese,EURUSD,standalone_fanogan,exponential,0.1,1,0.205872,0.0985,2023-11-03,-64.0,0.0461,152,132
Chinese,EURUSD,standalone_fanogan,exponential,0.1,2,0.192957,0.0909,2023-12-20,-97.0,0.0329,152,132
Chinese,EURUSD,standalone_fanogan,exponential,0.1,3,0.173887,0.0909,2023-12-20,-97.0,0.0395,152,132
Chinese,EURUSD,standalone_fanogan,exponential,0.2,1,0.165752,0.197,2023-11-03,-64.0,0.0658,152,132
Chinese,EURUSD,standalone_fanogan,exponential,0.2,2,0.150054,0.197,2023-08-04,1.0,0.0658,152,132
Chinese,EURUSD,standalone_fanogan,exponential,0.2,3,0.14288,0.1894,2023-12-20,-97.0,0.0461,152,132
Chinese,EURUSD,standalone_tadgan,-,0.05,1,1.70718,0.0455,,,0.0,152,132
Chinese,EURUSD,standalone_tadgan,-,0.05,2,1.680008,0.0455,,,0.0,152,132
Chinese,EURUSD,standalone_tadgan,-,0.05,3,1.668829,0.0455,,,0.0,152,132
Chinese,EURUSD,standalone_tadgan,-,0.1,1,1.61942,0.0985,,,0.0,152,132
Chinese,EURUSD,standalone_tadgan,-,0.1,2,1.606037,0.0909,,,0.0,152,132
Chinese,EURUSD,standalone_tadgan,-,0.1,3,1.605956,0.0985,,,0.0,152,132
Chinese,EURUSD,standalone_tadgan,-,0.2,1,1.398342,0.197,,,0.0,152,132
Chinese,EURUSD,standalone_tadgan,-,0.2,2,1.378326,0.197,,,0.0,152,132
Chinese,EURUSD,standalone_tadgan,-,0.2,3,1.376429,0.197,,,0.0,152,132
Chinese,EURUSD,tranad,exponential,0.05,1,0.030297,0.0455,2023-07-27,7.0,0.6974,152,132
Chinese,EURUSD,tranad,exponential,0.05,2,0.027034,0.0455,2023-07-28,6.0,0.7105,152,132
Chinese,EURUSD,tranad,exponential,0.05,3,0.024706,0.0455,2023-07-18,14.0,0.8026,152,132
Chinese,EURUSD,tranad,exponential,0.1,1,0.02712,0.0985,2023-07-14,16.0,0.7895,152,132
Chinese,EURUSD,tranad,exponential,0.1,2,0.024678,0.0909,2023-07-17,15.0,0.8421,152,132
Chinese,EURUSD,tranad,exponential,0.1,3,0.023105,0.0985,2023-07-18,14.0,0.9013,152,132
Chinese,EURUSD,tranad,exponential,0.2,1,0.023081,0.197,2023-07-14,16.0,0.9539,152,132
Chinese,EURUSD,tranad,exponential,0.2,2,0.019661,0.197,2023-07-17,15.0,0.9671,152,132
Chinese,EURUSD,tranad,exponential,0.2,3,0.017576,0.1894,2023-07-18,14.0,0.9868,152,132
Chinese,EURUSD,usad,exponential,0.05,1,1.556594,0.0455,,,0.0,152,132
Chinese,EURUSD,usad,exponential,0.05,2,1.534311,0.0455,,,0.0,152,132
Chinese,EURUSD,usad,exponential,0.05,3,1.523893,0.0455,,,0.0,152,132
Chinese,EURUSD,usad,exponential,0.1,1,1.521128,0.0985,2024-01-23,-121.0,0.0132,152,132
Chinese,EURUSD,usad,exponential,0.1,2,1.475576,0.0985,2023-09-29,-39.0,0.0197,152,132
Chinese,EURUSD,usad,exponential,0.1,3,1.455054,0.0985,2023-09-08,-24.0,0.0395,152,132
Chinese,EURUSD,usad,exponential,0.2,1,1.450572,0.197,2023-09-06,-22.0,0.1053,152,132
Chinese,EURUSD,usad,exponential,0.2,2,1.400405,0.197,2023-09-07,-23.0,0.1776,152,132
Chinese,EURUSD,usad,exponential,0.2,3,1.377787,0.197,2023-09-08,-24.0,0.2105,152,132
Iran 2025,USOIL,anomaly_transformer,exponential,0.05,1,0.015959,0.0469,,,0.0,106,128
Iran 2025,USOIL,anomaly_transformer,exponential,0.05,2,0.01431,0.0469,,,0.0,106,128
Iran 2025,USOIL,anomaly_transformer,exponential,0.05,3,0.01096,0.0469,,,0.0,106,128
Iran 2025,USOIL,anomaly_transformer,exponential,0.1,1,0.01096,0.0938,,,0.0,106,128
Iran 2025,USOIL,anomaly_transformer,exponential,0.1,2,0.00973,0.0938,,,0.0,106,128
Iran 2025,USOIL,anomaly_transformer,exponential,0.1,3,0.008688,0.0938,,,0.0,106,128
Iran 2025,USOIL,anomaly_transformer,exponential,0.2,1,0.003182,0.1953,2025-05-16,18.0,0.3019,106,128
Iran 2025,USOIL,anomaly_transformer,exponential,0.2,2,0.000581,0.1953,2025-05-16,18.0,0.9906,106,128
Iran 2025,USOIL,anomaly_transformer,exponential,0.2,3,0.000471,0.1953,2025-05-19,17.0,0.9811,106,128
Iran 2025,USOIL,autoencoder,exponential,0.05,1,0.47314,0.0469,,,0.0,106,128
Iran 2025,USOIL,autoencoder,exponential,0.05,2,0.359852,0.0469,,,0.0,106,128
Iran 2025,USOIL,autoencoder,exponential,0.05,3,0.346315,0.0469,,,0.0,106,128
Iran 2025,USOIL,autoencoder,exponential,0.1,1,0.302608,0.0938,,,0.0,106,128
Iran 2025,USOIL,autoencoder,exponential,0.1,2,0.262534,0.0938,,,0.0,106,128
Iran 2025,USOIL,autoencoder,exponential,0.1,3,0.252953,0.0938,,,0.0,106,128
Iran 2025,USOIL,autoencoder,exponential,0.2,1,0.188557,0.1953,2025-08-05,-37.0,0.0566,106,128
Iran 2025,USOIL,autoencoder,exponential,0.2,2,0.144388,0.1953,2025-08-06,-38.0,0.1321,106,128
Iran 2025,USOIL,autoencoder,exponential,0.2,3,0.143446,0.1875,2025-08-07,-39.0,0.1038,106,128
Iran 2025,USOIL,cnn_autoencoder,exponential,0.05,1,0.034855,0.0469,2025-09-29,-75.0,0.0283,106,128
Iran 2025,USOIL,cnn_autoencoder,exponential,0.05,2,0.032119,0.0391,2025-09-30,-76.0,0.0189,106,128
Iran 2025,USOIL,cnn_autoencoder,exponential,0.05,3,0.02944,0.0469,2025-10-01,-77.0,0.0094,106,128
Iran 2025,USOIL,cnn_autoencoder,exponential,0.1,1,0.029475,0.0938,2025-08-05,-37.0,0.0472,106,128
Iran 2025,USOIL,cnn_autoencoder,exponential,0.1,2,0.028592,0.0859,2025-09-25,-73.0,0.0283,106,128
Iran 2025,USOIL,cnn_autoencoder,exponential,0.1,3,0.026104,0.0859,2025-09-26,-74.0,0.0377,106,128
Iran 2025,USOIL,cnn_autoencoder,exponential,0.2,1,0.020989,0.1953,2025-08-05,-37.0,0.0943,106,128
Iran 2025,USOIL,cnn_autoencoder,exponential,0.2,2,0.015097,0.1953,2025-09-19,-69.0,0.0943,106,128
Iran 2025,USOIL,cnn_autoencoder,exponential,0.2,3,0.013931,0.1953,2025-09-22,-70.0,0.0849,106,128
Iran 2025,USOIL,dagmm,exponential,0.05,1,20.021452,0.0469,,,0.0,106,128
Iran 2025,USOIL,dagmm,exponential,0.05,2,17.1885,0.0469,,,0.0,106,128
Iran 2025,USOIL,dagmm,exponential,0.05,3,12.719187,0.0469,,,0.0,106,128
Iran 2025,USOIL,dagmm,exponential,0.1,1,10.84568,0.0938,2025-08-01,-35.0,0.0189,106,128
Iran 2025,USOIL,dagmm,exponential,0.1,2,4.422081,0.0938,2025-07-31,-34.0,0.0377,106,128
Iran 2025,USOIL,dagmm,exponential,0.1,3,3.202278,0.0938,2025-08-01,-35.0,0.0283,106,128
Iran 2025,USOIL,dagmm,exponential,0.2,1,2.668188,0.1953,2025-07-08,-17.0,0.0943,106,128
Iran 2025,USOIL,dagmm,exponential,0.2,2,0.971113,0.1953,2025-07-30,-33.0,0.0566,106,128
Iran 2025,USOIL,dagmm,exponential,0.2,3,-0.451806,0.1953,2025-07-30,-33.0,0.066,106,128
Iran 2025,USOIL,deep_svdd,exponential,0.05,1,0.001129,0.0469,,,0.0,106,128
Iran 2025,USOIL,deep_svdd,exponential,0.05,2,0.000979,0.0469,,,0.0,106,128
Iran 2025,USOIL,deep_svdd,exponential,0.05,3,0.000844,0.0469,,,0.0,106,128
Iran 2025,USOIL,deep_svdd,exponential,0.1,1,0.000982,0.0938,,,0.0,106,128
Iran 2025,USOIL,deep_svdd,exponential,0.1,2,0.000828,0.0938,,,0.0,106,128
Iran 2025,USOIL,deep_svdd,exponential,0.1,3,0.000796,0.0859,,,0.0,106,128
Iran 2025,USOIL,deep_svdd,exponential,0.2,1,0.000815,0.1953,,,0.0,106,128
Iran 2025,USOIL,deep_svdd,exponential,0.2,2,0.000658,0.1953,,,0.0,106,128
Iran 2025,USOIL,deep_svdd,exponential,0.2,3,0.000625,0.1953,,,0.0,106,128
Iran 2025,USOIL,hybrid2,arccosh,0.05,1,0.053686,0.0469,2025-05-15,19.0,1.0,106,128
Iran 2025,USOIL,hybrid2,arccosh,0.05,2,0.051616,0.0469,2025-05-16,18.0,0.9906,106,128
Iran 2025,USOIL,hybrid2,arccosh,0.05,3,0.050125,0.0391,2025-05-19,17.0,0.9811,106,128
Iran 2025,USOIL,hybrid2,arccosh,0.1,1,0.045238,0.0938,2025-05-15,19.0,1.0,106,128
Iran 2025,USOIL,hybrid2,arccosh,0.1,2,0.042841,0.0938,2025-05-16,18.0,0.9906,106,128
Iran 2025,USOIL,hybrid2,arccosh,0.1,3,0.040416,0.0859,2025-05-19,17.0,0.9811,106,128
Iran 2025,USOIL,hybrid2,arccosh,0.2,1,0.028519,0.1953,2025-05-15,19.0,1.0,106,128
Iran 2025,USOIL,hybrid2,arccosh,0.2,2,0.026267,0.1953,2025-05-16,18.0,0.9906,106,128
Iran 2025,USOIL,hybrid2,arccosh,0.2,3,0.023946,0.1953,2025-05-19,17.0,0.9811,106,128
Iran 2025,USOIL,hybrid2,arctan,0.05,1,0.015834,0.0469,2025-05-15,19.0,1.0,106,128
Iran 2025,USOIL,hybrid2,arctan,0.05,2,0.014588,0.0469,2025-05-16,18.0,0.9906,106,128
Iran 2025,USOIL,hybrid2,arctan,0.05,3,0.01433,0.0469,2025-05-19,17.0,0.9811,106,128
Iran 2025,USOIL,hybrid2,arctan,0.1,1,0.01476,0.0938,2025-05-15,19.0,1.0,106,128
Iran 2025,USOIL,hybrid2,arctan,0.1,2,0.013413,0.0938,2025-05-16,18.0,0.9906,106,128
Iran 2025,USOIL,hybrid2,arctan,0.1,3,0.012573,0.0859,2025-05-19,17.0,0.9811,106,128
Iran 2025,USOIL,hybrid2,arctan,0.2,1,0.013052,0.1953,2025-05-15,19.0,1.0,106,128
Iran 2025,USOIL,hybrid2,arctan,0.2,2,0.011442,0.1875,2025-05-16,18.0,0.9906,106,128
Iran 2025,USOIL,hybrid2,arctan,0.2,3,0.010555,0.1875,2025-05-19,17.0,0.9811,106,128
Iran 2025,USOIL,hybrid2,cosine,0.05,1,0.140705,0.0469,2025-05-15,19.0,0.9528,106,128
Iran 2025,USOIL,hybrid2,cosine,0.05,2,0.130912,0.0469,2025-05-16,18.0,0.9528,106,128
Iran 2025,USOIL,hybrid2,cosine,0.05,3,0.125501,0.0469,2025-05-19,17.0,0.9528,106,128
Iran 2025,USOIL,hybrid2,cosine,0.1,1,0.130954,0.0938,2025-05-15,19.0,0.9717,106,128
Iran 2025,USOIL,hybrid2,cosine,0.1,2,0.112362,0.0938,2025-05-16,18.0,0.9906,106,128
Iran 2025,USOIL,hybrid2,cosine,0.1,3,0.104798,0.0938,2025-05-19,17.0,0.9811,106,128
Iran 2025,USOIL,hybrid2,cosine,0.2,1,0.104798,0.1953,2025-05-15,19.0,1.0,106,128
Iran 2025,USOIL,hybrid2,cosine,0.2,2,0.097849,0.1953,2025-05-16,18.0,0.9906,106,128
Iran 2025,USOIL,hybrid2,cosine,0.2,3,0.093543,0.1953,2025-05-19,17.0,0.9811,106,128
Iran 2025,USOIL,hybrid2,exponential,0.05,1,0.463625,0.0469,,,0.0,106,128
Iran 2025,USOIL,hybrid2,exponential,0.05,2,0.434351,0.0469,,,0.0,106,128
Iran 2025,USOIL,hybrid2,exponential,0.05,3,0.414764,0.0469,,,0.0,106,128
Iran 2025,USOIL,hybrid2,exponential,0.1,1,0.399093,0.0938,,,0.0,106,128
Iran 2025,USOIL,hybrid2,exponential,0.1,2,0.37545,0.0938,,,0.0,106,128
Iran 2025,USOIL,hybrid2,exponential,0.1,3,0.36225,0.0938,,,0.0,106,128
Iran 2025,USOIL,hybrid2,exponential,0.2,1,0.31169,0.1953,2025-07-04,-15.0,0.066,106,128
Iran 2025,USOIL,hybrid2,exponential,0.2,2,0.247754,0.1953,2025-07-04,-15.0,0.2547,106,128
Iran 2025,USOIL,hybrid2,exponential,0.2,3,0.24314,0.1953,2025-07-04,-15.0,0.2264,106,128
Iran 2025,USOIL,isolation_forest,exponential,0.05,1,0.649505,0.0469,,,0.0,106,128
Iran 2025,USOIL,isolation_forest,exponential,0.05,2,0.645709,0.0469,,,0.0,106,128
Iran 2025,USOIL,isolation_forest,exponential,0.05,3,0.645709,0.0312,,,0.0,106,128
Iran 2025,USOIL,isolation_forest,exponential,0.1,1,0.630542,0.0938,2025-08-04,-36.0,0.0094,106,128
Iran 2025,USOIL,isolation_forest,exponential,0.1,2,0.623156,0.0938,2025-07-31,-34.0,0.0189,106,128
Iran 2025,USOIL,isolation_forest,exponential,0.1,3,0.616953,0.0859,2025-08-01,-35.0,0.0189,106,128
Iran 2025,USOIL,isolation_forest,exponential,0.2,1,0.589751,0.1953,2025-05-16,18.0,0.2736,106,128
Iran 2025,USOIL,isolation_forest,exponential,0.2,2,0.584527,0.1953,2025-05-16,18.0,0.2453,106,128
Iran 2025,USOIL,isolation_forest,exponential,0.2,3,0.577029,0.1953,2025-06-27,-10.0,0.1981,106,128
Iran 2025,USOIL,omnianomaly,exponential,0.05,1,0.39071,0.0469,2025-07-22,-27.0,0.0094,106,128
Iran 2025,USOIL,omnianomaly,exponential,0.05,2,0.363419,0.0469,,,0.0,106,128
Iran 2025,USOIL,omnianomaly,exponential,0.05,3,0.33606,0.0469,2025-07-02,-13.0,0.0189,106,128
Iran 2025,USOIL,omnianomaly,exponential,0.1,1,0.365861,0.0938,2025-07-22,-27.0,0.0094,106,128
Iran 2025,USOIL,omnianomaly,exponential,0.1,2,0.33606,0.0938,2025-07-01,-12.0,0.0377,106,128
Iran 2025,USOIL,omnianomaly,exponential,0.1,3,0.321335,0.0938,2025-07-01,-12.0,0.066,106,128
Iran 2025,USOIL,omnianomaly,exponential,0.2,1,0.315565,0.1953,2025-06-27,-10.0,0.1321,106,128
Iran 2025,USOIL,omnianomaly,exponential,0.2,2,0.297764,0.1875,2025-06-27,-10.0,0.1792,106,128
Iran 2025,USOIL,omnianomaly,exponential,0.2,3,0.250733,0.1953,2025-06-27,-10.0,0.2453,106,128
Iran 2025,USOIL,one_class_svm,exponential,0.05,1,2.327851,0.0469,2025-06-25,-8.0,0.0566,106,128
Iran 2025,USOIL,one_class_svm,exponential,0.05,2,2.207389,0.0391,2025-07-23,-28.0,0.0283,106,128
Iran 2025,USOIL,one_class_svm,exponential,0.05,3,2.147048,0.0469,2025-07-24,-29.0,0.0283,106,128
Iran 2025,USOIL,one_class_svm,exponential,0.1,1,1.922604,0.0938,2025-06-25,-8.0,0.1321,106,128
Iran 2025,USOIL,one_class_svm,exponential,0.1,2,1.618722,0.0938,2025-06-26,-9.0,0.1226,106,128
Iran 2025,USOIL,one_class_svm,exponential,0.1,3,1.617685,0.0781,2025-06-27,-10.0,0.1038,106,128
Iran 2025,USOIL,one_class_svm,exponential,0.2,1,0.854223,0.1953,2025-06-25,-8.0,0.1792,106,128
Iran 2025,USOIL,one_class_svm,exponential,0.2,2,0.783113,0.1953,2025-06-26,-9.0,0.1604,106,128
Iran 2025,USOIL,one_class_svm,exponential,0.2,3,0.603856,0.1953,2025-06-26,-9.0,0.1509,106,128
Iran 2025,USOIL,standalone_fanogan,arccosh,0.05,1,0.053686,0.0469,2025-05-15,19.0,1.0,106,128
Iran 2025,USOIL,standalone_fanogan,arccosh,0.05,2,0.051616,0.0469,2025-05-16,18.0,0.9906,106,128
Iran 2025,USOIL,standalone_fanogan,arccosh,0.05,3,0.050125,0.0391,2025-05-19,17.0,0.9811,106,128
Iran 2025,USOIL,standalone_fanogan,arccosh,0.1,1,0.045238,0.0938,2025-05-15,19.0,1.0,106,128
Iran 2025,USOIL,standalone_fanogan,arccosh,0.1,2,0.042841,0.0938,2025-05-16,18.0,0.9906,106,128
Iran 2025,USOIL,standalone_fanogan,arccosh,0.1,3,0.040416,0.0859,2025-05-19,17.0,0.9811,106,128
Iran 2025,USOIL,standalone_fanogan,arccosh,0.2,1,0.028519,0.1953,2025-05-15,19.0,1.0,106,128
Iran 2025,USOIL,standalone_fanogan,arccosh,0.2,2,0.026267,0.1953,2025-05-16,18.0,0.9906,106,128
Iran 2025,USOIL,standalone_fanogan,arccosh,0.2,3,0.023946,0.1953,2025-05-19,17.0,0.9811,106,128
Iran 2025,USOIL,standalone_fanogan,arctan,0.05,1,0.015834,0.0469,2025-05-15,19.0,1.0,106,128
Iran 2025,USOIL,standalone_fanogan,arctan,0.05,2,0.014588,0.0469,2025-05-16,18.0,0.9906,106,128
Iran 2025,USOIL,standalone_fanogan,arctan,0.05,3,0.01433,0.0469,2025-05-19,17.0,0.9811,106,128
Iran 2025,USOIL,standalone_fanogan,arctan,0.1,1,0.01476,0.0938,2025-05-15,19.0,1.0,106,128
Iran 2025,USOIL,standalone_fanogan,arctan,0.1,2,0.013413,0.0938,2025-05-16,18.0,0.9906,106,128
Iran 2025,USOIL,standalone_fanogan,arctan,0.1,3,0.012573,0.0859,2025-05-19,17.0,0.9811,106,128
Iran 2025,USOIL,standalone_fanogan,arctan,0.2,1,0.013052,0.1953,2025-05-15,19.0,1.0,106,128
Iran 2025,USOIL,standalone_fanogan,arctan,0.2,2,0.011442,0.1875,2025-05-16,18.0,0.9906,106,128
Iran 2025,USOIL,standalone_fanogan,arctan,0.2,3,0.010555,0.1875,2025-05-19,17.0,0.9811,106,128
Iran 2025,USOIL,standalone_fanogan,cosine,0.05,1,0.140705,0.0469,2025-05-15,19.0,0.9528,106,128
Iran 2025,USOIL,standalone_fanogan,cosine,0.05,2,0.130912,0.0469,2025-05-16,18.0,0.9528,106,128
Iran 2025,USOIL,standalone_fanogan,cosine,0.05,3,0.125501,0.0469,2025-05-19,17.0,0.9528,106,128
Iran 2025,USOIL,standalone_fanogan,cosine,0.1,1,0.130954,0.0938,2025-05-15,19.0,0.9717,106,128
Iran 2025,USOIL,standalone_fanogan,cosine,0.1,2,0.112362,0.0938,2025-05-16,18.0,0.9906,106,128
Iran 2025,USOIL,standalone_fanogan,cosine,0.1,3,0.104798,0.0938,2025-05-19,17.0,0.9811,106,128
Iran 2025,USOIL,standalone_fanogan,cosine,0.2,1,0.104798,0.1953,2025-05-15,19.0,1.0,106,128
Iran 2025,USOIL,standalone_fanogan,cosine,0.2,2,0.097849,0.1953,2025-05-16,18.0,0.9906,106,128
Iran 2025,USOIL,standalone_fanogan,cosine,0.2,3,0.093543,0.1953,2025-05-19,17.0,0.9811,106,128
Iran 2025,USOIL,standalone_fanogan,exponential,0.05,1,0.463625,0.0469,,,0.0,106,128
Iran 2025,USOIL,standalone_fanogan,exponential,0.05,2,0.434351,0.0469,,,0.0,106,128
Iran 2025,USOIL,standalone_fanogan,exponential,0.05,3,0.414764,0.0469,,,0.0,106,128
Iran 2025,USOIL,standalone_fanogan,exponential,0.1,1,0.399093,0.0938,,,0.0,106,128
Iran 2025,USOIL,standalone_fanogan,exponential,0.1,2,0.37545,0.0938,,,0.0,106,128
Iran 2025,USOIL,standalone_fanogan,exponential,0.1,3,0.36225,0.0938,,,0.0,106,128
Iran 2025,USOIL,standalone_fanogan,exponential,0.2,1,0.31169,0.1953,2025-07-04,-15.0,0.066,106,128
Iran 2025,USOIL,standalone_fanogan,exponential,0.2,2,0.247754,0.1953,2025-07-04,-15.0,0.2547,106,128
Iran 2025,USOIL,standalone_fanogan,exponential,0.2,3,0.24314,0.1953,2025-07-04,-15.0,0.2264,106,128
Iran 2025,USOIL,standalone_tadgan,-,0.05,1,1.390899,0.0469,2025-04-28,32.0,0.2358,106,128
Iran 2025,USOIL,standalone_tadgan,-,0.05,2,1.388023,0.0469,2025-04-29,31.0,0.1321,106,128
Iran 2025,USOIL,standalone_tadgan,-,0.05,3,1.386128,0.0469,2025-05-05,27.0,0.0566,106,128
Iran 2025,USOIL,standalone_tadgan,-,0.1,1,1.38485,0.0938,2025-04-28,32.0,0.2358,106,128
Iran 2025,USOIL,standalone_tadgan,-,0.1,2,1.381677,0.0938,2025-04-29,31.0,0.1415,106,128
Iran 2025,USOIL,standalone_tadgan,-,0.1,3,1.379265,0.0781,2025-05-05,27.0,0.066,106,128
Iran 2025,USOIL,standalone_tadgan,-,0.2,1,1.369297,0.1953,2025-04-28,32.0,0.2547,106,128
Iran 2025,USOIL,standalone_tadgan,-,0.2,2,1.36468,0.1953,2025-04-29,31.0,0.1604,106,128
Iran 2025,USOIL,standalone_tadgan,-,0.2,3,1.363978,0.1875,2025-04-30,30.0,0.0943,106,128
Iran 2025,USOIL,tranad,exponential,0.05,1,0.037226,0.0469,,,0.0,106,128
Iran 2025,USOIL,tranad,exponential,0.05,2,0.033495,0.0469,,,0.0,106,128
Iran 2025,USOIL,tranad,exponential,0.05,3,0.031916,0.0391,,,0.0,106,128
Iran 2025,USOIL,tranad,exponential,0.1,1,0.034401,0.0938,,,0.0,106,128
Iran 2025,USOIL,tranad,exponential,0.1,2,0.029258,0.0938,,,0.0,106,128
Iran 2025,USOIL,tranad,exponential,0.1,3,0.028865,0.0938,,,0.0,106,128
Iran 2025,USOIL,tranad,exponential,0.2,1,0.029258,0.1953,,,0.0,106,128
Iran 2025,USOIL,tranad,exponential,0.2,2,0.027267,0.1953,,,0.0,106,128
Iran 2025,USOIL,tranad,exponential,0.2,3,0.025067,0.1875,,,0.0,106,128
Iran 2025,USOIL,usad,exponential,0.05,1,1.74536,0.0469,,,0.0,106,128
Iran 2025,USOIL,usad,exponential,0.05,2,1.716266,0.0469,,,0.0,106,128
Iran 2025,USOIL,usad,exponential,0.05,3,1.68448,0.0469,,,0.0,106,128
Iran 2025,USOIL,usad,exponential,0.1,1,1.682257,0.0938,,,0.0,106,128
Iran 2025,USOIL,usad,exponential,0.1,2,1.59246,0.0938,2025-05-29,10.0,0.0377,106,128
Iran 2025,USOIL,usad,exponential,0.1,3,1.587438,0.0938,2025-05-28,11.0,0.0377,106,128
Iran 2025,USOIL,usad,exponential,0.2,1,1.558506,0.1953,2025-05-20,16.0,0.1698,106,128
Iran 2025,USOIL,usad,exponential,0.2,2,1.537999,0.1953,2025-05-21,15.0,0.1604,106,128
Iran 2025,USOIL,usad,exponential,0.2,3,1.507359,0.1953,2025-05-22,14.0,0.1415,106,128
Iran 2025,USOIL,vae,exponential,0.05,1,0.647496,0.0469,2025-07-24,-29.0,0.0283,106,128
Iran 2025,USOIL,vae,exponential,0.05,2,0.63815,0.0391,,,0.0,106,128
Iran 2025,USOIL,vae,exponential,0.05,3,0.623684,0.0469,,,0.0,106,128
Iran 2025,USOIL,vae,exponential,0.1,1,0.623684,0.0938,2025-06-30,-11.0,0.0472,106,128
Iran 2025,USOIL,vae,exponential,0.1,2,0.584916,0.0938,2025-07-01,-12.0,0.0189,106,128
Iran 2025,USOIL,vae,exponential,0.1,3,0.584655,0.0938,,,0.0,106,128
Iran 2025,USOIL,vae,exponential,0.2,1,0.474978,0.1953,2025-06-25,-8.0,0.2358,106,128
Iran 2025,USOIL,vae,exponential,0.2,2,0.45053,0.1875,2025-06-26,-9.0,0.1887,106,128
Iran 2025,USOIL,vae,exponential,0.2,3,0.397018,0.1953,2025-06-26,-9.0,0.2547,106,128
Iran 2025,GOLD,anomaly_transformer,exponential,0.05,1,0.007731,0.0469,2025-08-01,-35.0,0.1038,106,128
Iran 2025,GOLD,anomaly_transformer,exponential,0.05,2,0.002149,0.0469,2025-05-29,10.0,0.3302,106,128
Iran 2025,GOLD,anomaly_transformer,exponential,0.05,3,0.001617,0.0469,2025-05-29,10.0,0.3868,106,128
Iran 2025,GOLD,anomaly_transformer,exponential,0.1,1,0.001617,0.0938,2025-05-27,12.0,0.4434,106,128
Iran 2025,GOLD,anomaly_transformer,exponential,0.1,2,0.001219,0.0938,2025-05-28,11.0,0.4245,106,128
Iran 2025,GOLD,anomaly_transformer,exponential,0.1,3,0.001093,0.0938,2025-05-29,10.0,0.4057,106,128
Iran 2025,GOLD,anomaly_transformer,exponential,0.2,1,0.001093,0.1953,2025-05-27,12.0,0.4623,106,128
Iran 2025,GOLD,anomaly_transformer,exponential,0.2,2,0.000944,0.1953,2025-05-28,11.0,0.4528,106,128
Iran 2025,GOLD,anomaly_transformer,exponential,0.2,3,0.000899,0.1953,2025-05-29,10.0,0.434,106,128
Iran 2025,GOLD,dagmm,exponential,0.05,1,6.789807,0.0469,,,0.0,106,128
Iran 2025,GOLD,dagmm,exponential,0.05,2,1.192929,0.0391,2025-09-03,-57.0,0.0472,106,128
Iran 2025,GOLD,dagmm,exponential,0.05,3,-1.180599,0.0391,2025-09-04,-58.0,0.066,106,128
Iran 2025,GOLD,dagmm,exponential,0.1,1,2.602741,0.0938,2025-09-04,-58.0,0.0377,106,128
Iran 2025,GOLD,dagmm,exponential,0.1,2,-1.024184,0.0938,2025-09-03,-57.0,0.0849,106,128
Iran 2025,GOLD,dagmm,exponential,0.1,3,-2.56184,0.0859,2025-09-04,-58.0,0.1132,106,128
Iran 2025,GOLD,dagmm,exponential,0.2,1,-0.221478,0.1953,2025-09-02,-56.0,0.0943,106,128
Iran 2025,GOLD,dagmm,exponential,0.2,2,-2.823759,0.1953,2025-08-07,-39.0,0.1415,106,128
Iran 2025,GOLD,dagmm,exponential,0.2,3,-4.206912,0.1875,2025-08-06,-38.0,0.1698,106,128
Iran 2025,GOLD,deep_svdd,exponential,0.05,1,0.00107,0.0469,2025-05-15,19.0,0.717,106,128
Iran 2025,GOLD,deep_svdd,exponential,0.05,2,0.000857,0.0391,2025-05-16,18.0,0.7642,106,128
Iran 2025,GOLD,deep_svdd,exponential,0.05,3,0.000648,0.0469,2025-05-19,17.0,0.8019,106,128
Iran 2025,GOLD,deep_svdd,exponential,0.1,1,0.000832,0.0938,2025-05-15,19.0,0.783,106,128
Iran 2025,GOLD,deep_svdd,exponential,0.1,2,0.000648,0.0938,2025-05-16,18.0,0.8113,106,128
Iran 2025,GOLD,deep_svdd,exponential,0.1,3,0.000531,0.0938,2025-05-19,17.0,0.8208,106,128
Iran 2025,GOLD,deep_svdd,exponential,0.2,1,0.000621,0.1953,2025-05-15,19.0,0.8396,106,128
Iran 2025,GOLD,deep_svdd,exponential,0.2,2,0.000505,0.1875,2025-05-16,18.0,0.8302,106,128
Iran 2025,GOLD,deep_svdd,exponential,0.2,3,0.000438,0.1953,2025-05-19,17.0,0.8208,106,128
Iran 2025,GOLD,hybrid2,arccosh,0.05,1,0.160799,0.0469,,,0.0,106,128
Iran 2025,GOLD,hybrid2,arccosh,0.05,2,0.153976,0.0469,,,0.0,106,128
Iran 2025,GOLD,hybrid2,arccosh,0.05,3,0.153085,0.0469,,,0.0,106,128
Iran 2025,GOLD,hybrid2,arccosh,0.1,1,0.153085,0.0938,,,0.0,106,128
Iran 2025,GOLD,hybrid2,arccosh,0.1,2,0.149898,0.0938,,,0.0,106,128
Iran 2025,GOLD,hybrid2,arccosh,0.1,3,0.145326,0.0938,,,0.0,106,128
Iran 2025,GOLD,hybrid2,arccosh,0.2,1,0.141804,0.1953,,,0.0,106,128
Iran 2025,GOLD,hybrid2,arccosh,0.2,2,0.134414,0.1875,,,0.0,106,128
Iran 2025,GOLD,hybrid2,arccosh,0.2,3,0.124988,0.1953,,,0.0,106,128
Iran 2025,GOLD,hybrid2,arctan,0.05,1,0.015942,0.0469,2025-05-15,19.0,1.0,106,128
Iran 2025,GOLD,hybrid2,arctan,0.05,2,0.01355,0.0469,2025-05-16,18.0,0.9906,106,128
Iran 2025,GOLD,hybrid2,arctan,0.05,3,0.011906,0.0469,2025-05-19,17.0,0.9811,106,128
Iran 2025,GOLD,hybrid2,arctan,0.1,1,0.014356,0.0938,2025-05-15,19.0,1.0,106,128
Iran 2025,GOLD,hybrid2,arctan,0.1,2,0.012364,0.0938,2025-05-16,18.0,0.9906,106,128
Iran 2025,GOLD,hybrid2,arctan,0.1,3,0.01108,0.0859,2025-05-19,17.0,0.9811,106,128
Iran 2025,GOLD,hybrid2,arctan,0.2,1,0.012499,0.1953,2025-05-15,19.0,1.0,106,128
Iran 2025,GOLD,hybrid2,arctan,0.2,2,0.010912,0.1953,2025-05-16,18.0,0.9906,106,128
Iran 2025,GOLD,hybrid2,arctan,0.2,3,0.010258,0.1953,2025-05-19,17.0,0.9811,106,128
Iran 2025,GOLD,hybrid2,cosine,0.05,1,0.2029,0.0469,,,0.0,106,128
Iran 2025,GOLD,hybrid2,cosine,0.05,2,0.180672,0.0469,2025-06-03,7.0,0.0189,106,128
Iran 2025,GOLD,hybrid2,cosine,0.05,3,0.153796,0.0469,2025-05-29,10.0,0.1132,106,128
Iran 2025,GOLD,hybrid2,cosine,0.1,1,0.1673,0.0938,2025-05-28,11.0,0.1132,106,128
Iran 2025,GOLD,hybrid2,cosine,0.1,2,0.153588,0.0938,2025-05-28,11.0,0.1415,106,128
Iran 2025,GOLD,hybrid2,cosine,0.1,3,0.148945,0.0781,2025-05-29,10.0,0.1132,106,128
Iran 2025,GOLD,hybrid2,cosine,0.2,1,0.148945,0.1953,2025-05-27,12.0,0.1981,106,128
Iran 2025,GOLD,hybrid2,cosine,0.2,2,0.140551,0.1953,2025-05-28,11.0,0.1604,106,128
Iran 2025,GOLD,hybrid2,cosine,0.2,3,0.135436,0.1797,2025-05-29,10.0,0.1604,106,128
Iran 2025,GOLD,hybrid2,exponential,0.05,1,0.260787,0.0469,2025-05-15,19.0,0.6981,106,128
Iran 2025,GOLD,hybrid2,exponential,0.05,2,0.230898,0.0469,2025-05-16,18.0,0.6981,106,128
Iran 2025,GOLD,hybrid2,exponential,0.05,3,0.226946,0.0469,2025-05-19,17.0,0.6887,106,128
Iran 2025,GOLD,hybrid2,exponential,0.1,1,0.230898,0.0938,2025-05-15,19.0,0.7075,106,128
Iran 2025,GOLD,hybrid2,exponential,0.1,2,0.205688,0.0938,2025-05-16,18.0,0.7642,106,128
Iran 2025,GOLD,hybrid2,exponential,0.1,3,0.199403,0.0938,2025-05-19,17.0,0.7547,106,128
Iran 2025,GOLD,hybrid2,exponential,0.2,1,0.195101,0.1953,2025-05-15,19.0,0.8302,106,128
Iran 2025,GOLD,hybrid2,exponential,0.2,2,0.175812,0.1953,2025-05-16,18.0,0.8396,106,128
Iran 2025,GOLD,hybrid2,exponential,0.2,3,0.169319,0.1953,2025-05-19,17.0,0.8396,106,128
Iran 2025,GOLD,isolation_forest,exponential,0.05,1,0.584438,0.0469,2025-09-03,-57.0,0.0094,106,128
Iran 2025,GOLD,isolation_forest,exponential,0.05,2,0.575674,0.0469,2025-09-04,-58.0,0.0094,106,128
Iran 2025,GOLD,isolation_forest,exponential,0.05,3,0.57226,0.0469,,,0.0,106,128
Iran 2025,GOLD,isolation_forest,exponential,0.1,1,0.573041,0.0938,2025-09-03,-57.0,0.0189,106,128
Iran 2025,GOLD,isolation_forest,exponential,0.1,2,0.56355,0.0859,2025-08-20,-48.0,0.0283,106,128
Iran 2025,GOLD,isolation_forest,exponential,0.1,3,0.551293,0.0938,2025-08-21,-49.0,0.0377,106,128
Iran 2025,GOLD,isolation_forest,exponential,0.2,1,0.540819,0.1953,2025-08-15,-45.0,0.1038,106,128
Iran 2025,GOLD,isolation_forest,exponential,0.2,2,0.536837,0.1953,2025-08-18,-46.0,0.1132,106,128
Iran 2025,GOLD,isolation_forest,exponential,0.2,3,0.526657,0.1797,2025-05-30,9.0,0.1981,106,128
Iran 2025,GOLD,omnianomaly,exponential,0.05,1,0.356873,0.0469,2025-05-28,11.0,0.2925,106,128
Iran 2025,GOLD,omnianomaly,exponential,0.05,2,0.336042,0.0469,2025-05-29,10.0,0.3585,106,128
Iran 2025,GOLD,omnianomaly,exponential,0.05,3,0.264316,0.0391,2025-05-19,17.0,0.783,106,128
Iran 2025,GOLD,omnianomaly,exponential,0.1,1,0.271164,0.0938,2025-05-15,19.0,0.8679,106,128
Iran 2025,GOLD,omnianomaly,exponential,0.1,2,0.260372,0.0938,2025-05-16,18.0,0.8208,106,128
Iran 2025,GOLD,omnianomaly,exponential,0.1,3,0.255412,0.0938,2025-05-19,17.0,0.8302,106,128
Iran 2025,GOLD,omnianomaly,exponential,0.2,1,0.242427,0.1953,2025-05-15,19.0,0.9717,106,128
Iran 2025,GOLD,omnianomaly,exponential,0.2,2,0.238873,0.1953,2025-05-16,18.0,0.9434,106,128
Iran 2025,GOLD,omnianomaly,exponential,0.2,3,0.229909,0.1953,2025-05-19,17.0,0.9245,106,128
Iran 2025,GOLD,one_class_svm,exponential,0.05,1,0.371828,0.0469,,,0.0,106,128
Iran 2025,GOLD,one_class_svm,exponential,0.05,2,0.238907,0.0469,,,0.0,106,128
Iran 2025,GOLD,one_class_svm,exponential,0.05,3,0.205653,0.0391,,,0.0,106,128
Iran 2025,GOLD,one_class_svm,exponential,0.1,1,0.205653,0.0938,,,0.0,106,128
Iran 2025,GOLD,one_class_svm,exponential,0.1,2,0.116963,0.0938,,,0.0,106,128
Iran 2025,GOLD,one_class_svm,exponential,0.1,3,0.01571,0.0938,,,0.0,106,128
Iran 2025,GOLD,one_class_svm,exponential,0.2,1,-0.020019,0.1953,2025-05-28,11.0,0.0849,106,128
Iran 2025,GOLD,one_class_svm,exponential,0.2,2,-0.107127,0.1953,2025-05-29,10.0,0.0566,106,128
Iran 2025,GOLD,one_class_svm,exponential,0.2,3,-0.12541,0.1953,2025-06-09,3.0,0.0377,106,128
Iran 2025,GOLD,standalone_fanogan,arccosh,0.05,1,0.160799,0.0469,,,0.0,106,128
Iran 2025,GOLD,standalone_fanogan,arccosh,0.05,2,0.153976,0.0469,,,0.0,106,128
Iran 2025,GOLD,standalone_fanogan,arccosh,0.05,3,0.153085,0.0469,,,0.0,106,128
Iran 2025,GOLD,standalone_fanogan,arccosh,0.1,1,0.153085,0.0938,,,0.0,106,128
Iran 2025,GOLD,standalone_fanogan,arccosh,0.1,2,0.149898,0.0938,,,0.0,106,128
Iran 2025,GOLD,standalone_fanogan,arccosh,0.1,3,0.145326,0.0938,,,0.0,106,128
Iran 2025,GOLD,standalone_fanogan,arccosh,0.2,1,0.141804,0.1953,,,0.0,106,128
Iran 2025,GOLD,standalone_fanogan,arccosh,0.2,2,0.134414,0.1875,,,0.0,106,128
Iran 2025,GOLD,standalone_fanogan,arccosh,0.2,3,0.124988,0.1953,,,0.0,106,128
Iran 2025,GOLD,standalone_fanogan,arctan,0.05,1,0.015942,0.0469,2025-05-15,19.0,1.0,106,128
Iran 2025,GOLD,standalone_fanogan,arctan,0.05,2,0.01355,0.0469,2025-05-16,18.0,0.9906,106,128
Iran 2025,GOLD,standalone_fanogan,arctan,0.05,3,0.011906,0.0469,2025-05-19,17.0,0.9811,106,128
Iran 2025,GOLD,standalone_fanogan,arctan,0.1,1,0.014356,0.0938,2025-05-15,19.0,1.0,106,128
Iran 2025,GOLD,standalone_fanogan,arctan,0.1,2,0.012364,0.0938,2025-05-16,18.0,0.9906,106,128
Iran 2025,GOLD,standalone_fanogan,arctan,0.1,3,0.01108,0.0859,2025-05-19,17.0,0.9811,106,128
Iran 2025,GOLD,standalone_fanogan,arctan,0.2,1,0.012499,0.1953,2025-05-15,19.0,1.0,106,128
Iran 2025,GOLD,standalone_fanogan,arctan,0.2,2,0.010912,0.1953,2025-05-16,18.0,0.9906,106,128
Iran 2025,GOLD,standalone_fanogan,arctan,0.2,3,0.010258,0.1953,2025-05-19,17.0,0.9811,106,128
Iran 2025,GOLD,standalone_fanogan,cosine,0.05,1,0.2029,0.0469,,,0.0,106,128
Iran 2025,GOLD,standalone_fanogan,cosine,0.05,2,0.180672,0.0469,2025-06-03,7.0,0.0189,106,128
Iran 2025,GOLD,standalone_fanogan,cosine,0.05,3,0.153796,0.0469,2025-05-29,10.0,0.1132,106,128
Iran 2025,GOLD,standalone_fanogan,cosine,0.1,1,0.1673,0.0938,2025-05-28,11.0,0.1132,106,128
Iran 2025,GOLD,standalone_fanogan,cosine,0.1,2,0.153588,0.0938,2025-05-28,11.0,0.1415,106,128
Iran 2025,GOLD,standalone_fanogan,cosine,0.1,3,0.148945,0.0781,2025-05-29,10.0,0.1132,106,128
Iran 2025,GOLD,standalone_fanogan,cosine,0.2,1,0.148945,0.1953,2025-05-27,12.0,0.1981,106,128
Iran 2025,GOLD,standalone_fanogan,cosine,0.2,2,0.140551,0.1953,2025-05-28,11.0,0.1604,106,128
Iran 2025,GOLD,standalone_fanogan,cosine,0.2,3,0.135436,0.1797,2025-05-29,10.0,0.1604,106,128
Iran 2025,GOLD,standalone_fanogan,exponential,0.05,1,0.260787,0.0469,2025-05-15,19.0,0.6981,106,128
Iran 2025,GOLD,standalone_fanogan,exponential,0.05,2,0.230898,0.0469,2025-05-16,18.0,0.6981,106,128
Iran 2025,GOLD,standalone_fanogan,exponential,0.05,3,0.226946,0.0469,2025-05-19,17.0,0.6887,106,128
Iran 2025,GOLD,standalone_fanogan,exponential,0.1,1,0.230898,0.0938,2025-05-15,19.0,0.7075,106,128
Iran 2025,GOLD,standalone_fanogan,exponential,0.1,2,0.205688,0.0938,2025-05-16,18.0,0.7642,106,128
Iran 2025,GOLD,standalone_fanogan,exponential,0.1,3,0.199403,0.0938,2025-05-19,17.0,0.7547,106,128
Iran 2025,GOLD,standalone_fanogan,exponential,0.2,1,0.195101,0.1953,2025-05-15,19.0,0.8302,106,128
Iran 2025,GOLD,standalone_fanogan,exponential,0.2,2,0.175812,0.1953,2025-05-16,18.0,0.8396,106,128
Iran 2025,GOLD,standalone_fanogan,exponential,0.2,3,0.169319,0.1953,2025-05-19,17.0,0.8396,106,128
Iran 2025,GOLD,standalone_tadgan,-,0.05,1,0.608616,0.0469,2025-04-01,50.0,1.0,106,128
Iran 2025,GOLD,standalone_tadgan,-,0.05,2,0.606382,0.0469,2025-04-02,49.0,0.9906,106,128
Iran 2025,GOLD,standalone_tadgan,-,0.05,3,0.604741,0.0469,2025-04-03,48.0,0.9811,106,128
Iran 2025,GOLD,standalone_tadgan,-,0.1,1,0.597925,0.0938,2025-04-01,50.0,1.0,106,128
Iran 2025,GOLD,standalone_tadgan,-,0.1,2,0.595416,0.0938,2025-04-02,49.0,0.9906,106,128
Iran 2025,GOLD,standalone_tadgan,-,0.1,3,0.592315,0.0938,2025-04-03,48.0,0.9811,106,128
Iran 2025,GOLD,standalone_tadgan,-,0.2,1,0.564174,0.1953,2025-04-01,50.0,1.0,106,128
Iran 2025,GOLD,standalone_tadgan,-,0.2,2,0.560528,0.1953,2025-04-02,49.0,0.9906,106,128
Iran 2025,GOLD,standalone_tadgan,-,0.2,3,0.556801,0.1953,2025-04-03,48.0,0.9811,106,128
Iran 2025,GOLD,tranad,exponential,0.05,1,0.039307,0.0469,2025-05-15,19.0,1.0,106,128
Iran 2025,GOLD,tranad,exponential,0.05,2,0.034704,0.0469,2025-05-16,18.0,0.9906,106,128
Iran 2025,GOLD,tranad,exponential,0.05,3,0.02975,0.0469,2025-05-19,17.0,0.9811,106,128
Iran 2025,GOLD,tranad,exponential,0.1,1,0.033999,0.0938,2025-05-15,19.0,1.0,106,128
Iran 2025,GOLD,tranad,exponential,0.1,2,0.028178,0.0938,2025-05-16,18.0,0.9906,106,128
Iran 2025,GOLD,tranad,exponential,0.1,3,0.025707,0.0859,2025-05-19,17.0,0.9811,106,128
Iran 2025,GOLD,tranad,exponential,0.2,1,0.027046,0.1953,2025-05-15,19.0,1.0,106,128
Iran 2025,GOLD,tranad,exponential,0.2,2,0.023795,0.1953,2025-05-16,18.0,0.9906,106,128
Iran 2025,GOLD,tranad,exponential,0.2,3,0.023059,0.1875,2025-05-19,17.0,0.9811,106,128
Iran 2025,GOLD,usad,exponential,0.05,1,1.521141,0.0469,,,0.0,106,128
Iran 2025,GOLD,usad,exponential,0.05,2,1.506428,0.0391,,,0.0,106,128
Iran 2025,GOLD,usad,exponential,0.05,3,1.490318,0.0469,,,0.0,106,128
Iran 2025,GOLD,usad,exponential,0.1,1,1.502708,0.0938,,,0.0,106,128
Iran 2025,GOLD,usad,exponential,0.1,2,1.474286,0.0938,,,0.0,106,128
Iran 2025,GOLD,usad,exponential,0.1,3,1.463334,0.0938,,,0.0,106,128
Iran 2025,GOLD,usad,exponential,0.2,1,1.458646,0.1953,,,0.0,106,128
Iran 2025,GOLD,usad,exponential,0.2,2,1.438149,0.1953,,,0.0,106,128
Iran 2025,GOLD,usad,exponential,0.2,3,1.385424,0.1953,,,0.0,106,128
Iran 2025,EURUSD,anomaly_transformer,exponential,0.05,1,0.008008,0.0455,2025-07-29,-33.0,0.1308,107,132
Iran 2025,EURUSD,anomaly_transformer,exponential,0.05,2,0.003906,0.0455,2025-07-30,-34.0,0.1215,107,132
Iran 2025,EURUSD,anomaly_transformer,exponential,0.05,3,0.002709,0.0455,2025-07-29,-33.0,0.1215,107,132
Iran 2025,EURUSD,anomaly_transformer,exponential,0.1,1,0.003266,0.0985,2025-07-25,-31.0,0.1869,107,132
Iran 2025,EURUSD,anomaly_transformer,exponential,0.1,2,0.002356,0.0985,2025-07-28,-32.0,0.1963,107,132
Iran 2025,EURUSD,anomaly_transformer,exponential,0.1,3,0.001833,0.0985,2025-07-29,-33.0,0.1776,107,132
Iran 2025,EURUSD,anomaly_transformer,exponential,0.2,1,0.001789,0.197,2025-07-25,-31.0,0.2243,107,132
Iran 2025,EURUSD,anomaly_transformer,exponential,0.2,2,0.001701,0.1894,2025-07-28,-32.0,0.1963,107,132
Iran 2025,EURUSD,anomaly_transformer,exponential,0.2,3,0.001538,0.1818,2025-07-29,-33.0,0.1869,107,132
Iran 2025,EURUSD,dagmm,exponential,0.05,1,11.039864,0.0455,,,0.0,107,132
Iran 2025,EURUSD,dagmm,exponential,0.05,2,2.539624,0.0455,2025-09-18,-70.0,0.0093,107,132
Iran 2025,EURUSD,dagmm,exponential,0.05,3,-0.608824,0.0455,,,0.0,107,132
Iran 2025,EURUSD,dagmm,exponential,0.1,1,1.78488,0.0985,2025-09-17,-69.0,0.0187,107,132
Iran 2025,EURUSD,dagmm,exponential,0.1,2,-0.608824,0.0985,2025-09-18,-70.0,0.0093,107,132
Iran 2025,EURUSD,dagmm,exponential,0.1,3,-3.626483,0.0985,2025-09-19,-71.0,0.0093,107,132
Iran 2025,EURUSD,dagmm,exponential,0.2,1,-0.665647,0.197,2025-09-17,-69.0,0.0187,107,132
Iran 2025,EURUSD,dagmm,exponential,0.2,2,-3.971718,0.197,2025-09-18,-70.0,0.0187,107,132
Iran 2025,EURUSD,dagmm,exponential,0.2,3,-4.817244,0.1818,2025-09-19,-71.0,0.0187,107,132
Iran 2025,EURUSD,deep_svdd,exponential,0.05,1,0.000564,0.0455,2025-05-16,19.0,0.8972,107,132
Iran 2025,EURUSD,deep_svdd,exponential,0.05,2,0.000463,0.0455,2025-05-19,18.0,0.8879,107,132
Iran 2025,EURUSD,deep_svdd,exponential,0.05,3,0.000368,0.0455,2025-05-20,17.0,0.9346,107,132
Iran 2025,EURUSD,deep_svdd,exponential,0.1,1,0.000469,0.0985,2025-05-16,19.0,0.9439,107,132
Iran 2025,EURUSD,deep_svdd,exponential,0.1,2,0.000368,0.0985,2025-05-19,18.0,0.9533,107,132
Iran 2025,EURUSD,deep_svdd,exponential,0.1,3,0.000317,0.0985,2025-05-20,17.0,0.9533,107,132
Iran 2025,EURUSD,deep_svdd,exponential,0.2,1,0.000361,0.197,2025-05-16,19.0,0.9813,107,132
Iran 2025,EURUSD,deep_svdd,exponential,0.2,2,0.000278,0.1894,2025-05-19,18.0,0.9907,107,132
Iran 2025,EURUSD,deep_svdd,exponential,0.2,3,0.00024,0.1818,2025-05-20,17.0,0.9813,107,132
Iran 2025,EURUSD,hybrid2,arccosh,0.05,1,0.027754,0.0455,2025-05-16,19.0,1.0,107,132
Iran 2025,EURUSD,hybrid2,arccosh,0.05,2,0.023691,0.0455,2025-05-19,18.0,0.9907,107,132
Iran 2025,EURUSD,hybrid2,arccosh,0.05,3,0.023194,0.0455,2025-05-20,17.0,0.9813,107,132
Iran 2025,EURUSD,hybrid2,arccosh,0.1,1,0.024035,0.0985,2025-05-16,19.0,1.0,107,132
Iran 2025,EURUSD,hybrid2,arccosh,0.1,2,0.022213,0.0985,2025-05-19,18.0,0.9907,107,132
Iran 2025,EURUSD,hybrid2,arccosh,0.1,3,0.022147,0.0985,2025-05-20,17.0,0.9813,107,132
Iran 2025,EURUSD,hybrid2,arccosh,0.2,1,0.020731,0.197,2025-05-16,19.0,1.0,107,132
Iran 2025,EURUSD,hybrid2,arccosh,0.2,2,0.019017,0.197,2025-05-19,18.0,0.9907,107,132
Iran 2025,EURUSD,hybrid2,arccosh,0.2,3,0.016586,0.197,2025-05-20,17.0,0.9813,107,132
Iran 2025,EURUSD,hybrid2,arctan,0.05,1,0.011209,0.0455,2025-05-16,19.0,1.0,107,132
Iran 2025,EURUSD,hybrid2,arctan,0.05,2,0.010808,0.0379,2025-05-19,18.0,0.9907,107,132
Iran 2025,EURUSD,hybrid2,arctan,0.05,3,0.008965,0.0303,2025-05-20,17.0,0.9813,107,132
Iran 2025,EURUSD,hybrid2,arctan,0.1,1,0.010393,0.0985,2025-05-16,19.0,1.0,107,132
Iran 2025,EURUSD,hybrid2,arctan,0.1,2,0.008965,0.0909,2025-05-19,18.0,0.9907,107,132
Iran 2025,EURUSD,hybrid2,arctan,0.1,3,0.008359,0.0909,2025-05-20,17.0,0.9813,107,132
Iran 2025,EURUSD,hybrid2,arctan,0.2,1,0.008965,0.197,2025-05-16,19.0,1.0,107,132
Iran 2025,EURUSD,hybrid2,arctan,0.2,2,0.007602,0.197,2025-05-19,18.0,0.9907,107,132
Iran 2025,EURUSD,hybrid2,arctan,0.2,3,0.007169,0.197,2025-05-20,17.0,0.9813,107,132
Iran 2025,EURUSD,hybrid2,cosine,0.05,1,0.187163,0.0455,2025-05-16,19.0,1.0,107,132
Iran 2025,EURUSD,hybrid2,cosine,0.05,2,0.160451,0.0379,2025-05-19,18.0,0.9907,107,132
Iran 2025,EURUSD,hybrid2,cosine,0.05,3,0.151348,0.0455,2025-05-20,17.0,0.9813,107,132
Iran 2025,EURUSD,hybrid2,cosine,0.1,1,0.159639,0.0985,2025-05-16,19.0,1.0,107,132
Iran 2025,EURUSD,hybrid2,cosine,0.1,2,0.151348,0.0985,2025-05-19,18.0,0.9907,107,132
Iran 2025,EURUSD,hybrid2,cosine,0.1,3,0.142565,0.0909,2025-05-20,17.0,0.9813,107,132
Iran 2025,EURUSD,hybrid2,cosine,0.2,1,0.149738,0.197,2025-05-16,19.0,1.0,107,132
Iran 2025,EURUSD,hybrid2,cosine,0.2,2,0.137577,0.197,2025-05-19,18.0,0.9907,107,132
Iran 2025,EURUSD,hybrid2,cosine,0.2,3,0.12734,0.1818,2025-05-20,17.0,0.9813,107,132
Iran 2025,EURUSD,hybrid2,exponential,0.05,1,0.250784,0.0455,2025-07-30,-34.0,0.1963,107,132
Iran 2025,EURUSD,hybrid2,exponential,0.05,2,0.230829,0.0455,2025-07-30,-34.0,0.2991,107,132
Iran 2025,EURUSD,hybrid2,exponential,0.05,3,0.198638,0.0455,2025-05-22,15.0,0.486,107,132
Iran 2025,EURUSD,hybrid2,exponential,0.1,1,0.205872,0.0985,2025-05-20,17.0,0.5701,107,132
Iran 2025,EURUSD,hybrid2,exponential,0.1,2,0.192957,0.0909,2025-05-21,16.0,0.5794,107,132
Iran 2025,EURUSD,hybrid2,exponential,0.1,3,0.173887,0.0909,2025-05-21,16.0,0.6729,107,132
Iran 2025,EURUSD,hybrid2,exponential,0.2,1,0.165752,0.197,2025-05-16,19.0,0.8224,107,132
Iran 2025,EURUSD,hybrid2,exponential,0.2,2,0.150054,0.197,2025-05-19,18.0,0.8879,107,132
Iran 2025,EURUSD,hybrid2,exponential,0.2,3,0.14288,0.1894,2025-05-20,17.0,0.8785,107,132
Iran 2025,EURUSD,isolation_forest,exponential,0.05,1,0.562248,0.0455,2025-09-19,-71.0,0.0187,107,132
Iran 2025,EURUSD,isolation_forest,exponential,0.05,2,0.552642,0.0455,2025-09-22,-72.0,0.0187,107,132
Iran 2025,EURUSD,isolation_forest,exponential,0.05,3,0.552642,0.0379,,,0.0,107,132
Iran 2025,EURUSD,isolation_forest,exponential,0.1,1,0.550458,0.0985,2025-09-19,-71.0,0.0561,107,132
Iran 2025,EURUSD,isolation_forest,exponential,0.1,2,0.542618,0.0909,2025-09-22,-72.0,0.0561,107,132
Iran 2025,EURUSD,isolation_forest,exponential,0.1,3,0.539201,0.0985,2025-09-23,-73.0,0.0467,107,132
Iran 2025,EURUSD,isolation_forest,exponential,0.2,1,0.538915,0.197,2025-09-17,-69.0,0.1121,107,132
Iran 2025,EURUSD,isolation_forest,exponential,0.2,2,0.534468,0.1894,2025-09-22,-72.0,0.1121,107,132
Iran 2025,EURUSD,isolation_forest,exponential,0.2,3,0.53028,0.1894,2025-09-23,-73.0,0.1215,107,132
Iran 2025,EURUSD,omnianomaly,exponential,0.05,1,0.372233,0.0455,2025-07-14,-22.0,0.1589,107,132
Iran 2025,EURUSD,omnianomaly,exponential,0.05,2,0.35392,0.0455,2025-07-15,-23.0,0.1495,107,132
Iran 2025,EURUSD,omnianomaly,exponential,0.05,3,0.337784,0.0455,2025-07-16,-24.0,0.1402,107,132
Iran 2025,EURUSD,omnianomaly,exponential,0.1,1,0.353381,0.0985,2025-07-03,-15.0,0.2056,107,132
Iran 2025,EURUSD,omnianomaly,exponential,0.1,2,0.337581,0.0909,2025-07-03,-15.0,0.1963,107,132
Iran 2025,EURUSD,omnianomaly,exponential,0.1,3,0.317774,0.0985,2025-07-04,-16.0,0.2897,107,132
Iran 2025,EURUSD,omnianomaly,exponential,0.2,1,0.314476,0.197,2025-06-26,-10.0,0.4299,107,132
Iran 2025,EURUSD,omnianomaly,exponential,0.2,2,0.304217,0.197,2025-06-27,-11.0,0.4206,107,132
Iran 2025,EURUSD,omnianomaly,exponential,0.2,3,0.287317,0.197,2025-06-11,1.0,0.4393,107,132
Iran 2025,EURUSD,one_class_svm,exponential,0.05,1,0.813601,0.0455,,,0.0,107,132
Iran 2025,EURUSD,one_class_svm,exponential,0.05,2,0.586898,0.0455,,,0.0,107,132
Iran 2025,EURUSD,one_class_svm,exponential,0.05,3,0.429368,0.0379,,,0.0,107,132
Iran 2025,EURUSD,one_class_svm,exponential,0.1,1,0.463964,0.0985,2025-05-27,12.0,0.028,107,132
Iran 2025,EURUSD,one_class_svm,exponential,0.1,2,0.228779,0.0985,2025-05-27,12.0,0.0374,107,132
Iran 2025,EURUSD,one_class_svm,exponential,0.1,3,0.196567,0.0985,2025-08-28,-55.0,0.0187,107,132
Iran 2025,EURUSD,one_class_svm,exponential,0.2,1,0.169034,0.197,2025-05-26,13.0,0.0654,107,132
Iran 2025,EURUSD,one_class_svm,exponential,0.2,2,0.065828,0.197,2025-05-27,12.0,0.0467,107,132
Iran 2025,EURUSD,one_class_svm,exponential,0.2,3,-0.071112,0.197,2025-05-27,12.0,0.0561,107,132
Iran 2025,EURUSD,standalone_fanogan,arccosh,0.05,1,0.027754,0.0455,2025-05-16,19.0,1.0,107,132
Iran 2025,EURUSD,standalone_fanogan,arccosh,0.05,2,0.023691,0.0455,2025-05-19,18.0,0.9907,107,132
Iran 2025,EURUSD,standalone_fanogan,arccosh,0.05,3,0.023194,0.0455,2025-05-20,17.0,0.9813,107,132
Iran 2025,EURUSD,standalone_fanogan,arccosh,0.1,1,0.024035,0.0985,2025-05-16,19.0,1.0,107,132
Iran 2025,EURUSD,standalone_fanogan,arccosh,0.1,2,0.022213,0.0985,2025-05-19,18.0,0.9907,107,132
Iran 2025,EURUSD,standalone_fanogan,arccosh,0.1,3,0.022147,0.0985,2025-05-20,17.0,0.9813,107,132
Iran 2025,EURUSD,standalone_fanogan,arccosh,0.2,1,0.020731,0.197,2025-05-16,19.0,1.0,107,132
Iran 2025,EURUSD,standalone_fanogan,arccosh,0.2,2,0.019017,0.197,2025-05-19,18.0,0.9907,107,132
Iran 2025,EURUSD,standalone_fanogan,arccosh,0.2,3,0.016586,0.197,2025-05-20,17.0,0.9813,107,132
Iran 2025,EURUSD,standalone_fanogan,arctan,0.05,1,0.011209,0.0455,2025-05-16,19.0,1.0,107,132
Iran 2025,EURUSD,standalone_fanogan,arctan,0.05,2,0.010808,0.0379,2025-05-19,18.0,0.9907,107,132
Iran 2025,EURUSD,standalone_fanogan,arctan,0.05,3,0.008965,0.0303,2025-05-20,17.0,0.9813,107,132
Iran 2025,EURUSD,standalone_fanogan,arctan,0.1,1,0.010393,0.0985,2025-05-16,19.0,1.0,107,132
Iran 2025,EURUSD,standalone_fanogan,arctan,0.1,2,0.008965,0.0909,2025-05-19,18.0,0.9907,107,132
Iran 2025,EURUSD,standalone_fanogan,arctan,0.1,3,0.008359,0.0909,2025-05-20,17.0,0.9813,107,132
Iran 2025,EURUSD,standalone_fanogan,arctan,0.2,1,0.008965,0.197,2025-05-16,19.0,1.0,107,132
Iran 2025,EURUSD,standalone_fanogan,arctan,0.2,2,0.007602,0.197,2025-05-19,18.0,0.9907,107,132
Iran 2025,EURUSD,standalone_fanogan,arctan,0.2,3,0.007169,0.197,2025-05-20,17.0,0.9813,107,132
Iran 2025,EURUSD,standalone_fanogan,cosine,0.05,1,0.187163,0.0455,2025-05-16,19.0,1.0,107,132
Iran 2025,EURUSD,standalone_fanogan,cosine,0.05,2,0.160451,0.0379,2025-05-19,18.0,0.9907,107,132
Iran 2025,EURUSD,standalone_fanogan,cosine,0.05,3,0.151348,0.0455,2025-05-20,17.0,0.9813,107,132
Iran 2025,EURUSD,standalone_fanogan,cosine,0.1,1,0.159639,0.0985,2025-05-16,19.0,1.0,107,132
Iran 2025,EURUSD,standalone_fanogan,cosine,0.1,2,0.151348,0.0985,2025-05-19,18.0,0.9907,107,132
Iran 2025,EURUSD,standalone_fanogan,cosine,0.1,3,0.142565,0.0909,2025-05-20,17.0,0.9813,107,132
Iran 2025,EURUSD,standalone_fanogan,cosine,0.2,1,0.149738,0.197,2025-05-16,19.0,1.0,107,132
Iran 2025,EURUSD,standalone_fanogan,cosine,0.2,2,0.137577,0.197,2025-05-19,18.0,0.9907,107,132
Iran 2025,EURUSD,standalone_fanogan,cosine,0.2,3,0.12734,0.1818,2025-05-20,17.0,0.9813,107,132
Iran 2025,EURUSD,standalone_fanogan,exponential,0.05,1,0.250784,0.0455,2025-07-30,-34.0,0.1963,107,132
Iran 2025,EURUSD,standalone_fanogan,exponential,0.05,2,0.230829,0.0455,2025-07-30,-34.0,0.2991,107,132
Iran 2025,EURUSD,standalone_fanogan,exponential,0.05,3,0.198638,0.0455,2025-05-22,15.0,0.486,107,132
Iran 2025,EURUSD,standalone_fanogan,exponential,0.1,1,0.205872,0.0985,2025-05-20,17.0,0.5701,107,132
Iran 2025,EURUSD,standalone_fanogan,exponential,0.1,2,0.192957,0.0909,2025-05-21,16.0,0.5794,107,132
Iran 2025,EURUSD,standalone_fanogan,exponential,0.1,3,0.173887,0.0909,2025-05-21,16.0,0.6729,107,132
Iran 2025,EURUSD,standalone_fanogan,exponential,0.2,1,0.165752,0.197,2025-05-16,19.0,0.8224,107,132
Iran 2025,EURUSD,standalone_fanogan,exponential,0.2,2,0.150054,0.197,2025-05-19,18.0,0.8879,107,132
Iran 2025,EURUSD,standalone_fanogan,exponential,0.2,3,0.14288,0.1894,2025-05-20,17.0,0.8785,107,132
Iran 2025,EURUSD,standalone_tadgan,-,0.05,1,1.70718,0.0455,,,0.0,107,132
Iran 2025,EURUSD,standalone_tadgan,-,0.05,2,1.680008,0.0455,,,0.0,107,132
Iran 2025,EURUSD,standalone_tadgan,-,0.05,3,1.668829,0.0455,,,0.0,107,132
Iran 2025,EURUSD,standalone_tadgan,-,0.1,1,1.61942,0.0985,,,0.0,107,132
Iran 2025,EURUSD,standalone_tadgan,-,0.1,2,1.606037,0.0909,,,0.0,107,132
Iran 2025,EURUSD,standalone_tadgan,-,0.1,3,1.605956,0.0985,,,0.0,107,132
Iran 2025,EURUSD,standalone_tadgan,-,0.2,1,1.398342,0.197,,,0.0,107,132
Iran 2025,EURUSD,standalone_tadgan,-,0.2,2,1.378326,0.197,,,0.0,107,132
Iran 2025,EURUSD,standalone_tadgan,-,0.2,3,1.376429,0.197,,,0.0,107,132
Iran 2025,EURUSD,tranad,exponential,0.05,1,0.030297,0.0455,2025-05-16,19.0,1.0,107,132
Iran 2025,EURUSD,tranad,exponential,0.05,2,0.027034,0.0455,2025-05-19,18.0,0.9907,107,132
Iran 2025,EURUSD,tranad,exponential,0.05,3,0.024706,0.0455,2025-05-20,17.0,0.9813,107,132
Iran 2025,EURUSD,tranad,exponential,0.1,1,0.02712,0.0985,2025-05-16,19.0,1.0,107,132
Iran 2025,EURUSD,tranad,exponential,0.1,2,0.024678,0.0909,2025-05-19,18.0,0.9907,107,132
Iran 2025,EURUSD,tranad,exponential,0.1,3,0.023105,0.0985,2025-05-20,17.0,0.9813,107,132
Iran 2025,EURUSD,tranad,exponential,0.2,1,0.023081,0.197,2025-05-16,19.0,1.0,107,132
Iran 2025,EURUSD,tranad,exponential,0.2,2,0.019661,0.197,2025-05-19,18.0,0.9907,107,132
Iran 2025,EURUSD,tranad,exponential,0.2,3,0.017576,0.1894,2025-05-20,17.0,0.9813,107,132
Iran 2025,EURUSD,usad,exponential,0.05,1,1.556594,0.0455,2025-05-22,15.0,0.0748,107,132
Iran 2025,EURUSD,usad,exponential,0.05,2,1.534311,0.0455,2025-05-22,15.0,0.0841,107,132
Iran 2025,EURUSD,usad,exponential,0.05,3,1.523893,0.0455,2025-05-23,14.0,0.0935,107,132
Iran 2025,EURUSD,usad,exponential,0.1,1,1.521128,0.0985,2025-05-21,16.0,0.1589,107,132
Iran 2025,EURUSD,usad,exponential,0.1,2,1.475576,0.0985,2025-05-22,15.0,0.1682,107,132
Iran 2025,EURUSD,usad,exponential,0.1,3,1.455054,0.0985,2025-05-21,16.0,0.2243,107,132
Iran 2025,EURUSD,usad,exponential,0.2,1,1.450572,0.197,2025-05-19,18.0,0.2897,107,132
Iran 2025,EURUSD,usad,exponential,0.2,2,1.400405,0.197,2025-05-19,18.0,0.3271,107,132
Iran 2025,EURUSD,usad,exponential,0.2,3,1.377787,0.197,2025-05-20,17.0,0.3178,107,132
Iran 2026,USOIL,anomaly_transformer,exponential,0.05,1,0.015959,0.0469,,,0.0,37,128
Iran 2026,USOIL,anomaly_transformer,exponential,0.05,2,0.01431,0.0469,,,0.0,37,128
Iran 2026,USOIL,anomaly_transformer,exponential,0.05,3,0.01096,0.0469,,,0.0,37,128
Iran 2026,USOIL,anomaly_transformer,exponential,0.1,1,0.01096,0.0938,,,0.0,37,128
Iran 2026,USOIL,anomaly_transformer,exponential,0.1,2,0.00973,0.0938,,,0.0,37,128
Iran 2026,USOIL,anomaly_transformer,exponential,0.1,3,0.008688,0.0938,,,0.0,37,128
Iran 2026,USOIL,anomaly_transformer,exponential,0.2,1,0.003182,0.1953,2026-05-15,19.0,1.0,37,128
Iran 2026,USOIL,anomaly_transformer,exponential,0.2,2,0.000581,0.1953,2026-05-18,18.0,0.973,37,128
Iran 2026,USOIL,anomaly_transformer,exponential,0.2,3,0.000471,0.1953,2026-05-19,17.0,0.9459,37,128
Iran 2026,USOIL,autoencoder,exponential,0.05,1,0.47314,0.0469,,,0.0,37,128
Iran 2026,USOIL,autoencoder,exponential,0.05,2,0.359852,0.0469,,,0.0,37,128
Iran 2026,USOIL,autoencoder,exponential,0.05,3,0.346315,0.0469,,,0.0,37,128
Iran 2026,USOIL,autoencoder,exponential,0.1,1,0.302608,0.0938,,,0.0,37,128
Iran 2026,USOIL,autoencoder,exponential,0.1,2,0.262534,0.0938,,,0.0,37,128
Iran 2026,USOIL,autoencoder,exponential,0.1,3,0.252953,0.0938,,,0.0,37,128
Iran 2026,USOIL,autoencoder,exponential,0.2,1,0.188557,0.1953,,,0.0,37,128
Iran 2026,USOIL,autoencoder,exponential,0.2,2,0.144388,0.1953,2026-06-04,6.0,0.027,37,128
Iran 2026,USOIL,autoencoder,exponential,0.2,3,0.143446,0.1875,,,0.0,37,128
Iran 2026,USOIL,cnn_autoencoder,exponential,0.05,1,0.034855,0.0469,,,0.0,37,128
Iran 2026,USOIL,cnn_autoencoder,exponential,0.05,2,0.032119,0.0391,,,0.0,37,128
Iran 2026,USOIL,cnn_autoencoder,exponential,0.05,3,0.02944,0.0469,,,0.0,37,128
Iran 2026,USOIL,cnn_autoencoder,exponential,0.1,1,0.029475,0.0938,,,0.0,37,128
Iran 2026,USOIL,cnn_autoencoder,exponential,0.1,2,0.028592,0.0859,,,0.0,37,128
Iran 2026,USOIL,cnn_autoencoder,exponential,0.1,3,0.026104,0.0859,,,0.0,37,128
Iran 2026,USOIL,cnn_autoencoder,exponential,0.2,1,0.020989,0.1953,,,0.0,37,128
Iran 2026,USOIL,cnn_autoencoder,exponential,0.2,2,0.015097,0.1953,,,0.0,37,128
Iran 2026,USOIL,cnn_autoencoder,exponential,0.2,3,0.013931,0.1953,,,0.0,37,128
Iran 2026,USOIL,dagmm,exponential,0.05,1,20.021452,0.0469,,,0.0,37,128
Iran 2026,USOIL,dagmm,exponential,0.05,2,17.1885,0.0469,,,0.0,37,128
Iran 2026,USOIL,dagmm,exponential,0.05,3,12.719187,0.0469,,,0.0,37,128
Iran 2026,USOIL,dagmm,exponential,0.1,1,10.84568,0.0938,,,0.0,37,128
Iran 2026,USOIL,dagmm,exponential,0.1,2,4.422081,0.0938,,,0.0,37,128
Iran 2026,USOIL,dagmm,exponential,0.1,3,3.202278,0.0938,,,0.0,37,128
Iran 2026,USOIL,dagmm,exponential,0.2,1,2.668188,0.1953,,,0.0,37,128
Iran 2026,USOIL,dagmm,exponential,0.2,2,0.971113,0.1953,,,0.0,37,128
Iran 2026,USOIL,dagmm,exponential,0.2,3,-0.451806,0.1953,,,0.0,37,128
Iran 2026,USOIL,deep_svdd,exponential,0.05,1,0.001129,0.0469,,,0.0,37,128
Iran 2026,USOIL,deep_svdd,exponential,0.05,2,0.000979,0.0469,,,0.0,37,128
Iran 2026,USOIL,deep_svdd,exponential,0.05,3,0.000844,0.0469,,,0.0,37,128
Iran 2026,USOIL,deep_svdd,exponential,0.1,1,0.000982,0.0938,,,0.0,37,128
Iran 2026,USOIL,deep_svdd,exponential,0.1,2,0.000828,0.0938,,,0.0,37,128
Iran 2026,USOIL,deep_svdd,exponential,0.1,3,0.000796,0.0859,,,0.0,37,128
Iran 2026,USOIL,deep_svdd,exponential,0.2,1,0.000815,0.1953,,,0.0,37,128
Iran 2026,USOIL,deep_svdd,exponential,0.2,2,0.000658,0.1953,,,0.0,37,128
Iran 2026,USOIL,deep_svdd,exponential,0.2,3,0.000625,0.1953,,,0.0,37,128
Iran 2026,USOIL,hybrid2,arccosh,0.05,1,0.053686,0.0469,,,0.0,37,128
Iran 2026,USOIL,hybrid2,arccosh,0.05,2,0.051616,0.0469,,,0.0,37,128
Iran 2026,USOIL,hybrid2,arccosh,0.05,3,0.050125,0.0391,,,0.0,37,128
Iran 2026,USOIL,hybrid2,arccosh,0.1,1,0.045238,0.0938,,,0.0,37,128
Iran 2026,USOIL,hybrid2,arccosh,0.1,2,0.042841,0.0938,,,0.0,37,128
Iran 2026,USOIL,hybrid2,arccosh,0.1,3,0.040416,0.0859,,,0.0,37,128
Iran 2026,USOIL,hybrid2,arccosh,0.2,1,0.028519,0.1953,,,0.0,37,128
Iran 2026,USOIL,hybrid2,arccosh,0.2,2,0.026267,0.1953,,,0.0,37,128
Iran 2026,USOIL,hybrid2,arccosh,0.2,3,0.023946,0.1953,,,0.0,37,128
Iran 2026,USOIL,hybrid2,arctan,0.05,1,0.015834,0.0469,,,0.0,37,128
Iran 2026,USOIL,hybrid2,arctan,0.05,2,0.014588,0.0469,,,0.0,37,128
Iran 2026,USOIL,hybrid2,arctan,0.05,3,0.01433,0.0469,,,0.0,37,128
Iran 2026,USOIL,hybrid2,arctan,0.1,1,0.01476,0.0938,,,0.0,37,128
Iran 2026,USOIL,hybrid2,arctan,0.1,2,0.013413,0.0938,,,0.0,37,128
Iran 2026,USOIL,hybrid2,arctan,0.1,3,0.012573,0.0859,,,0.0,37,128
Iran 2026,USOIL,hybrid2,arctan,0.2,1,0.013052,0.1953,,,0.0,37,128
Iran 2026,USOIL,hybrid2,arctan,0.2,2,0.011442,0.1875,,,0.0,37,128
Iran 2026,USOIL,hybrid2,arctan,0.2,3,0.010555,0.1875,,,0.0,37,128
Iran 2026,USOIL,hybrid2,cosine,0.05,1,0.140705,0.0469,,,0.0,37,128
Iran 2026,USOIL,hybrid2,cosine,0.05,2,0.130912,0.0469,,,0.0,37,128
Iran 2026,USOIL,hybrid2,cosine,0.05,3,0.125501,0.0469,,,0.0,37,128
Iran 2026,USOIL,hybrid2,cosine,0.1,1,0.130954,0.0938,,,0.0,37,128
Iran 2026,USOIL,hybrid2,cosine,0.1,2,0.112362,0.0938,,,0.0,37,128
Iran 2026,USOIL,hybrid2,cosine,0.1,3,0.104798,0.0938,,,0.0,37,128
Iran 2026,USOIL,hybrid2,cosine,0.2,1,0.104798,0.1953,,,0.0,37,128
Iran 2026,USOIL,hybrid2,cosine,0.2,2,0.097849,0.1953,,,0.0,37,128
Iran 2026,USOIL,hybrid2,cosine,0.2,3,0.093543,0.1953,,,0.0,37,128
Iran 2026,USOIL,hybrid2,exponential,0.05,1,0.463625,0.0469,2026-06-03,7.0,0.027,37,128
Iran 2026,USOIL,hybrid2,exponential,0.05,2,0.434351,0.0469,,,0.0,37,128
Iran 2026,USOIL,hybrid2,exponential,0.05,3,0.414764,0.0469,,,0.0,37,128
Iran 2026,USOIL,hybrid2,exponential,0.1,1,0.399093,0.0938,2026-06-01,9.0,0.1351,37,128
Iran 2026,USOIL,hybrid2,exponential,0.1,2,0.37545,0.0938,2026-05-29,10.0,0.1892,37,128
Iran 2026,USOIL,hybrid2,exponential,0.1,3,0.36225,0.0938,2026-06-01,9.0,0.2162,37,128
Iran 2026,USOIL,hybrid2,exponential,0.2,1,0.31169,0.1953,2026-05-18,18.0,0.4324,37,128
Iran 2026,USOIL,hybrid2,exponential,0.2,2,0.247754,0.1953,2026-05-18,18.0,0.7297,37,128
Iran 2026,USOIL,hybrid2,exponential,0.2,3,0.24314,0.1953,2026-05-19,17.0,0.7027,37,128
Iran 2026,USOIL,isolation_forest,exponential,0.05,1,0.649505,0.0469,,,0.0,37,128
Iran 2026,USOIL,isolation_forest,exponential,0.05,2,0.645709,0.0469,,,0.0,37,128
Iran 2026,USOIL,isolation_forest,exponential,0.05,3,0.645709,0.0312,,,0.0,37,128
Iran 2026,USOIL,isolation_forest,exponential,0.1,1,0.630542,0.0938,,,0.0,37,128
Iran 2026,USOIL,isolation_forest,exponential,0.1,2,0.623156,0.0938,,,0.0,37,128
Iran 2026,USOIL,isolation_forest,exponential,0.1,3,0.616953,0.0859,,,0.0,37,128
Iran 2026,USOIL,isolation_forest,exponential,0.2,1,0.589751,0.1953,,,0.0,37,128
Iran 2026,USOIL,isolation_forest,exponential,0.2,2,0.584527,0.1953,,,0.0,37,128
Iran 2026,USOIL,isolation_forest,exponential,0.2,3,0.577029,0.1953,,,0.0,37,128
Iran 2026,USOIL,omnianomaly,exponential,0.05,1,0.39071,0.0469,,,0.0,37,128
Iran 2026,USOIL,omnianomaly,exponential,0.05,2,0.363419,0.0469,,,0.0,37,128
Iran 2026,USOIL,omnianomaly,exponential,0.05,3,0.33606,0.0469,,,0.0,37,128
Iran 2026,USOIL,omnianomaly,exponential,0.1,1,0.365861,0.0938,,,0.0,37,128
Iran 2026,USOIL,omnianomaly,exponential,0.1,2,0.33606,0.0938,,,0.0,37,128
Iran 2026,USOIL,omnianomaly,exponential,0.1,3,0.321335,0.0938,,,0.0,37,128
Iran 2026,USOIL,omnianomaly,exponential,0.2,1,0.315565,0.1953,,,0.0,37,128
Iran 2026,USOIL,omnianomaly,exponential,0.2,2,0.297764,0.1875,,,0.0,37,128
Iran 2026,USOIL,omnianomaly,exponential,0.2,3,0.250733,0.1953,,,0.0,37,128
Iran 2026,USOIL,one_class_svm,exponential,0.05,1,2.327851,0.0469,,,0.0,37,128
Iran 2026,USOIL,one_class_svm,exponential,0.05,2,2.207389,0.0391,,,0.0,37,128
Iran 2026,USOIL,one_class_svm,exponential,0.05,3,2.147048,0.0469,,,0.0,37,128
Iran 2026,USOIL,one_class_svm,exponential,0.1,1,1.922604,0.0938,,,0.0,37,128
Iran 2026,USOIL,one_class_svm,exponential,0.1,2,1.618722,0.0938,,,0.0,37,128
Iran 2026,USOIL,one_class_svm,exponential,0.1,3,1.617685,0.0781,,,0.0,37,128
Iran 2026,USOIL,one_class_svm,exponential,0.2,1,0.854223,0.1953,,,0.0,37,128
Iran 2026,USOIL,one_class_svm,exponential,0.2,2,0.783113,0.1953,,,0.0,37,128
Iran 2026,USOIL,one_class_svm,exponential,0.2,3,0.603856,0.1953,,,0.0,37,128
Iran 2026,USOIL,standalone_fanogan,arccosh,0.05,1,0.053686,0.0469,,,0.0,37,128
Iran 2026,USOIL,standalone_fanogan,arccosh,0.05,2,0.051616,0.0469,,,0.0,37,128
Iran 2026,USOIL,standalone_fanogan,arccosh,0.05,3,0.050125,0.0391,,,0.0,37,128
Iran 2026,USOIL,standalone_fanogan,arccosh,0.1,1,0.045238,0.0938,,,0.0,37,128
Iran 2026,USOIL,standalone_fanogan,arccosh,0.1,2,0.042841,0.0938,,,0.0,37,128
Iran 2026,USOIL,standalone_fanogan,arccosh,0.1,3,0.040416,0.0859,,,0.0,37,128
Iran 2026,USOIL,standalone_fanogan,arccosh,0.2,1,0.028519,0.1953,,,0.0,37,128
Iran 2026,USOIL,standalone_fanogan,arccosh,0.2,2,0.026267,0.1953,,,0.0,37,128
Iran 2026,USOIL,standalone_fanogan,arccosh,0.2,3,0.023946,0.1953,,,0.0,37,128
Iran 2026,USOIL,standalone_fanogan,arctan,0.05,1,0.015834,0.0469,,,0.0,37,128
Iran 2026,USOIL,standalone_fanogan,arctan,0.05,2,0.014588,0.0469,,,0.0,37,128
Iran 2026,USOIL,standalone_fanogan,arctan,0.05,3,0.01433,0.0469,,,0.0,37,128
Iran 2026,USOIL,standalone_fanogan,arctan,0.1,1,0.01476,0.0938,,,0.0,37,128
Iran 2026,USOIL,standalone_fanogan,arctan,0.1,2,0.013413,0.0938,,,0.0,37,128
Iran 2026,USOIL,standalone_fanogan,arctan,0.1,3,0.012573,0.0859,,,0.0,37,128
Iran 2026,USOIL,standalone_fanogan,arctan,0.2,1,0.013052,0.1953,,,0.0,37,128
Iran 2026,USOIL,standalone_fanogan,arctan,0.2,2,0.011442,0.1875,,,0.0,37,128
Iran 2026,USOIL,standalone_fanogan,arctan,0.2,3,0.010555,0.1875,,,0.0,37,128
Iran 2026,USOIL,standalone_fanogan,cosine,0.05,1,0.140705,0.0469,,,0.0,37,128
Iran 2026,USOIL,standalone_fanogan,cosine,0.05,2,0.130912,0.0469,,,0.0,37,128
Iran 2026,USOIL,standalone_fanogan,cosine,0.05,3,0.125501,0.0469,,,0.0,37,128
Iran 2026,USOIL,standalone_fanogan,cosine,0.1,1,0.130954,0.0938,,,0.0,37,128
Iran 2026,USOIL,standalone_fanogan,cosine,0.1,2,0.112362,0.0938,,,0.0,37,128
Iran 2026,USOIL,standalone_fanogan,cosine,0.1,3,0.104798,0.0938,,,0.0,37,128
Iran 2026,USOIL,standalone_fanogan,cosine,0.2,1,0.104798,0.1953,,,0.0,37,128
Iran 2026,USOIL,standalone_fanogan,cosine,0.2,2,0.097849,0.1953,,,0.0,37,128
Iran 2026,USOIL,standalone_fanogan,cosine,0.2,3,0.093543,0.1953,,,0.0,37,128
Iran 2026,USOIL,standalone_fanogan,exponential,0.05,1,0.463625,0.0469,2026-06-03,7.0,0.027,37,128
Iran 2026,USOIL,standalone_fanogan,exponential,0.05,2,0.434351,0.0469,,,0.0,37,128
Iran 2026,USOIL,standalone_fanogan,exponential,0.05,3,0.414764,0.0469,,,0.0,37,128
Iran 2026,USOIL,standalone_fanogan,exponential,0.1,1,0.399093,0.0938,2026-06-01,9.0,0.1351,37,128
Iran 2026,USOIL,standalone_fanogan,exponential,0.1,2,0.37545,0.0938,2026-05-29,10.0,0.1892,37,128
Iran 2026,USOIL,standalone_fanogan,exponential,0.1,3,0.36225,0.0938,2026-06-01,9.0,0.2162,37,128
Iran 2026,USOIL,standalone_fanogan,exponential,0.2,1,0.31169,0.1953,2026-05-18,18.0,0.4324,37,128
Iran 2026,USOIL,standalone_fanogan,exponential,0.2,2,0.247754,0.1953,2026-05-18,18.0,0.7297,37,128
Iran 2026,USOIL,standalone_fanogan,exponential,0.2,3,0.24314,0.1953,2026-05-19,17.0,0.7027,37,128
Iran 2026,USOIL,standalone_tadgan,-,0.05,1,1.390899,0.0469,2026-06-08,4.0,0.3235,68,128
Iran 2026,USOIL,standalone_tadgan,-,0.05,2,1.388023,0.0469,2026-06-09,3.0,0.3088,68,128
Iran 2026,USOIL,standalone_tadgan,-,0.05,3,1.386128,0.0469,2026-06-10,2.0,0.2941,68,128
Iran 2026,USOIL,standalone_tadgan,-,0.1,1,1.38485,0.0938,2026-06-08,4.0,0.3235,68,128
Iran 2026,USOIL,standalone_tadgan,-,0.1,2,1.381677,0.0938,2026-06-09,3.0,0.3088,68,128
Iran 2026,USOIL,standalone_tadgan,-,0.1,3,1.379265,0.0781,2026-06-10,2.0,0.2941,68,128
Iran 2026,USOIL,standalone_tadgan,-,0.2,1,1.369297,0.1953,2026-06-08,4.0,0.3235,68,128
Iran 2026,USOIL,standalone_tadgan,-,0.2,2,1.36468,0.1953,2026-06-09,3.0,0.3088,68,128
Iran 2026,USOIL,standalone_tadgan,-,0.2,3,1.363978,0.1875,2026-06-10,2.0,0.2941,68,128
Iran 2026,USOIL,tranad,exponential,0.05,1,0.037226,0.0469,,,0.0,37,128
Iran 2026,USOIL,tranad,exponential,0.05,2,0.033495,0.0469,,,0.0,37,128
Iran 2026,USOIL,tranad,exponential,0.05,3,0.031916,0.0391,,,0.0,37,128
Iran 2026,USOIL,tranad,exponential,0.1,1,0.034401,0.0938,,,0.0,37,128
Iran 2026,USOIL,tranad,exponential,0.1,2,0.029258,0.0938,,,0.0,37,128
Iran 2026,USOIL,tranad,exponential,0.1,3,0.028865,0.0938,,,0.0,37,128
Iran 2026,USOIL,tranad,exponential,0.2,1,0.029258,0.1953,,,0.0,37,128
Iran 2026,USOIL,tranad,exponential,0.2,2,0.027267,0.1953,,,0.0,37,128
Iran 2026,USOIL,tranad,exponential,0.2,3,0.025067,0.1875,,,0.0,37,128
Iran 2026,USOIL,usad,exponential,0.05,1,1.74536,0.0469,,,0.0,37,128
Iran 2026,USOIL,usad,exponential,0.05,2,1.716266,0.0469,,,0.0,37,128
Iran 2026,USOIL,usad,exponential,0.05,3,1.68448,0.0469,,,0.0,37,128
Iran 2026,USOIL,usad,exponential,0.1,1,1.682257,0.0938,,,0.0,37,128
Iran 2026,USOIL,usad,exponential,0.1,2,1.59246,0.0938,,,0.0,37,128
Iran 2026,USOIL,usad,exponential,0.1,3,1.587438,0.0938,,,0.0,37,128
Iran 2026,USOIL,usad,exponential,0.2,1,1.558506,0.1953,2026-06-16,-2.0,0.027,37,128
Iran 2026,USOIL,usad,exponential,0.2,2,1.537999,0.1953,,,0.0,37,128
Iran 2026,USOIL,usad,exponential,0.2,3,1.507359,0.1953,2026-05-26,13.0,0.027,37,128
Iran 2026,USOIL,vae,exponential,0.05,1,0.647496,0.0469,,,0.0,37,128
Iran 2026,USOIL,vae,exponential,0.05,2,0.63815,0.0391,,,0.0,37,128
Iran 2026,USOIL,vae,exponential,0.05,3,0.623684,0.0469,,,0.0,37,128
Iran 2026,USOIL,vae,exponential,0.1,1,0.623684,0.0938,,,0.0,37,128
Iran 2026,USOIL,vae,exponential,0.1,2,0.584916,0.0938,,,0.0,37,128
Iran 2026,USOIL,vae,exponential,0.1,3,0.584655,0.0938,,,0.0,37,128
Iran 2026,USOIL,vae,exponential,0.2,1,0.474978,0.1953,,,0.0,37,128
Iran 2026,USOIL,vae,exponential,0.2,2,0.45053,0.1875,,,0.0,37,128
Iran 2026,USOIL,vae,exponential,0.2,3,0.397018,0.1953,,,0.0,37,128
Iran 2026,GOLD,anomaly_transformer,exponential,0.05,1,0.007731,0.0469,,,0.0,37,128
Iran 2026,GOLD,anomaly_transformer,exponential,0.05,2,0.002149,0.0469,2026-05-18,18.0,0.973,37,128
Iran 2026,GOLD,anomaly_transformer,exponential,0.05,3,0.001617,0.0469,2026-05-19,17.0,0.9459,37,128
Iran 2026,GOLD,anomaly_transformer,exponential,0.1,1,0.001617,0.0938,2026-05-15,19.0,1.0,37,128
Iran 2026,GOLD,anomaly_transformer,exponential,0.1,2,0.001219,0.0938,2026-05-18,18.0,0.973,37,128
Iran 2026,GOLD,anomaly_transformer,exponential,0.1,3,0.001093,0.0938,2026-05-19,17.0,0.9459,37,128
Iran 2026,GOLD,anomaly_transformer,exponential,0.2,1,0.001093,0.1953,2026-05-15,19.0,1.0,37,128
Iran 2026,GOLD,anomaly_transformer,exponential,0.2,2,0.000944,0.1953,2026-05-18,18.0,0.973,37,128
Iran 2026,GOLD,anomaly_transformer,exponential,0.2,3,0.000899,0.1953,2026-05-19,17.0,0.9459,37,128
Iran 2026,GOLD,dagmm,exponential,0.05,1,6.789807,0.0469,,,0.0,37,128
Iran 2026,GOLD,dagmm,exponential,0.05,2,1.192929,0.0391,,,0.0,37,128
Iran 2026,GOLD,dagmm,exponential,0.05,3,-1.180599,0.0391,,,0.0,37,128
Iran 2026,GOLD,dagmm,exponential,0.1,1,2.602741,0.0938,,,0.0,37,128
Iran 2026,GOLD,dagmm,exponential,0.1,2,-1.024184,0.0938,,,0.0,37,128
Iran 2026,GOLD,dagmm,exponential,0.1,3,-2.56184,0.0859,,,0.0,37,128
Iran 2026,GOLD,dagmm,exponential,0.2,1,-0.221478,0.1953,,,0.0,37,128
Iran 2026,GOLD,dagmm,exponential,0.2,2,-2.823759,0.1953,,,0.0,37,128
Iran 2026,GOLD,dagmm,exponential,0.2,3,-4.206912,0.1875,,,0.0,37,128
Iran 2026,GOLD,deep_svdd,exponential,0.05,1,0.00107,0.0469,,,0.0,37,128
Iran 2026,GOLD,deep_svdd,exponential,0.05,2,0.000857,0.0391,,,0.0,37,128
Iran 2026,GOLD,deep_svdd,exponential,0.05,3,0.000648,0.0469,,,0.0,37,128
Iran 2026,GOLD,deep_svdd,exponential,0.1,1,0.000832,0.0938,,,0.0,37,128
Iran 2026,GOLD,deep_svdd,exponential,0.1,2,0.000648,0.0938,,,0.0,37,128
Iran 2026,GOLD,deep_svdd,exponential,0.1,3,0.000531,0.0938,,,0.0,37,128
Iran 2026,GOLD,deep_svdd,exponential,0.2,1,0.000621,0.1953,,,0.0,37,128
Iran 2026,GOLD,deep_svdd,exponential,0.2,2,0.000505,0.1875,,,0.0,37,128
Iran 2026,GOLD,deep_svdd,exponential,0.2,3,0.000438,0.1953,,,0.0,37,128
Iran 2026,GOLD,hybrid2,arccosh,0.05,1,0.160799,0.0469,,,0.0,37,128
Iran 2026,GOLD,hybrid2,arccosh,0.05,2,0.153976,0.0469,,,0.0,37,128
Iran 2026,GOLD,hybrid2,arccosh,0.05,3,0.153085,0.0469,,,0.0,37,128
Iran 2026,GOLD,hybrid2,arccosh,0.1,1,0.153085,0.0938,,,0.0,37,128
Iran 2026,GOLD,hybrid2,arccosh,0.1,2,0.149898,0.0938,,,0.0,37,128
Iran 2026,GOLD,hybrid2,arccosh,0.1,3,0.145326,0.0938,,,0.0,37,128
Iran 2026,GOLD,hybrid2,arccosh,0.2,1,0.141804,0.1953,,,0.0,37,128
Iran 2026,GOLD,hybrid2,arccosh,0.2,2,0.134414,0.1875,,,0.0,37,128
Iran 2026,GOLD,hybrid2,arccosh,0.2,3,0.124988,0.1953,,,0.0,37,128
Iran 2026,GOLD,hybrid2,arctan,0.05,1,0.015942,0.0469,,,0.0,37,128
Iran 2026,GOLD,hybrid2,arctan,0.05,2,0.01355,0.0469,,,0.0,37,128
Iran 2026,GOLD,hybrid2,arctan,0.05,3,0.011906,0.0469,,,0.0,37,128
Iran 2026,GOLD,hybrid2,arctan,0.1,1,0.014356,0.0938,,,0.0,37,128
Iran 2026,GOLD,hybrid2,arctan,0.1,2,0.012364,0.0938,,,0.0,37,128
Iran 2026,GOLD,hybrid2,arctan,0.1,3,0.01108,0.0859,,,0.0,37,128
Iran 2026,GOLD,hybrid2,arctan,0.2,1,0.012499,0.1953,,,0.0,37,128
Iran 2026,GOLD,hybrid2,arctan,0.2,2,0.010912,0.1953,,,0.0,37,128
Iran 2026,GOLD,hybrid2,arctan,0.2,3,0.010258,0.1953,,,0.0,37,128
Iran 2026,GOLD,hybrid2,cosine,0.05,1,0.2029,0.0469,,,0.0,37,128
Iran 2026,GOLD,hybrid2,cosine,0.05,2,0.180672,0.0469,,,0.0,37,128
Iran 2026,GOLD,hybrid2,cosine,0.05,3,0.153796,0.0469,,,0.0,37,128
Iran 2026,GOLD,hybrid2,cosine,0.1,1,0.1673,0.0938,,,0.0,37,128
Iran 2026,GOLD,hybrid2,cosine,0.1,2,0.153588,0.0938,,,0.0,37,128
Iran 2026,GOLD,hybrid2,cosine,0.1,3,0.148945,0.0781,,,0.0,37,128
Iran 2026,GOLD,hybrid2,cosine,0.2,1,0.148945,0.1953,,,0.0,37,128
Iran 2026,GOLD,hybrid2,cosine,0.2,2,0.140551,0.1953,,,0.0,37,128
Iran 2026,GOLD,hybrid2,cosine,0.2,3,0.135436,0.1797,,,0.0,37,128
Iran 2026,GOLD,hybrid2,exponential,0.05,1,0.260787,0.0469,2026-06-04,6.0,0.027,37,128
Iran 2026,GOLD,hybrid2,exponential,0.05,2,0.230898,0.0469,,,0.0,37,128
Iran 2026,GOLD,hybrid2,exponential,0.05,3,0.226946,0.0469,,,0.0,37,128
Iran 2026,GOLD,hybrid2,exponential,0.1,1,0.230898,0.0938,2026-06-04,6.0,0.027,37,128
Iran 2026,GOLD,hybrid2,exponential,0.1,2,0.205688,0.0938,,,0.0,37,128
Iran 2026,GOLD,hybrid2,exponential,0.1,3,0.199403,0.0938,,,0.0,37,128
Iran 2026,GOLD,hybrid2,exponential,0.2,1,0.195101,0.1953,2026-06-04,6.0,0.027,37,128
Iran 2026,GOLD,hybrid2,exponential,0.2,2,0.175812,0.1953,,,0.0,37,128
Iran 2026,GOLD,hybrid2,exponential,0.2,3,0.169319,0.1953,,,0.0,37,128
Iran 2026,GOLD,isolation_forest,exponential,0.05,1,0.584438,0.0469,,,0.0,37,128
Iran 2026,GOLD,isolation_forest,exponential,0.05,2,0.575674,0.0469,,,0.0,37,128
Iran 2026,GOLD,isolation_forest,exponential,0.05,3,0.57226,0.0469,,,0.0,37,128
Iran 2026,GOLD,isolation_forest,exponential,0.1,1,0.573041,0.0938,,,0.0,37,128
Iran 2026,GOLD,isolation_forest,exponential,0.1,2,0.56355,0.0859,,,0.0,37,128
Iran 2026,GOLD,isolation_forest,exponential,0.1,3,0.551293,0.0938,,,0.0,37,128
Iran 2026,GOLD,isolation_forest,exponential,0.2,1,0.540819,0.1953,2026-06-02,8.0,0.027,37,128
Iran 2026,GOLD,isolation_forest,exponential,0.2,2,0.536837,0.1953,,,0.0,37,128
Iran 2026,GOLD,isolation_forest,exponential,0.2,3,0.526657,0.1797,,,0.0,37,128
Iran 2026,GOLD,omnianomaly,exponential,0.05,1,0.356873,0.0469,,,0.0,37,128
Iran 2026,GOLD,omnianomaly,exponential,0.05,2,0.336042,0.0469,,,0.0,37,128
Iran 2026,GOLD,omnianomaly,exponential,0.05,3,0.264316,0.0391,,,0.0,37,128
Iran 2026,GOLD,omnianomaly,exponential,0.1,1,0.271164,0.0938,2026-06-04,6.0,0.027,37,128
Iran 2026,GOLD,omnianomaly,exponential,0.1,2,0.260372,0.0938,,,0.0,37,128
Iran 2026,GOLD,omnianomaly,exponential,0.1,3,0.255412,0.0938,,,0.0,37,128
Iran 2026,GOLD,omnianomaly,exponential,0.2,1,0.242427,0.1953,2026-05-18,18.0,0.1081,37,128
Iran 2026,GOLD,omnianomaly,exponential,0.2,2,0.238873,0.1953,2026-05-19,17.0,0.027,37,128
Iran 2026,GOLD,omnianomaly,exponential,0.2,3,0.229909,0.1953,2026-05-20,16.0,0.0541,37,128
Iran 2026,GOLD,one_class_svm,exponential,0.05,1,0.371828,0.0469,2026-06-04,6.0,0.027,37,128
Iran 2026,GOLD,one_class_svm,exponential,0.05,2,0.238907,0.0469,,,0.0,37,128
Iran 2026,GOLD,one_class_svm,exponential,0.05,3,0.205653,0.0391,,,0.0,37,128
Iran 2026,GOLD,one_class_svm,exponential,0.1,1,0.205653,0.0938,2026-06-04,6.0,0.027,37,128
Iran 2026,GOLD,one_class_svm,exponential,0.1,2,0.116963,0.0938,,,0.0,37,128
Iran 2026,GOLD,one_class_svm,exponential,0.1,3,0.01571,0.0938,,,0.0,37,128
Iran 2026,GOLD,one_class_svm,exponential,0.2,1,-0.020019,0.1953,2026-06-04,6.0,0.027,37,128
Iran 2026,GOLD,one_class_svm,exponential,0.2,2,-0.107127,0.1953,,,0.0,37,128
Iran 2026,GOLD,one_class_svm,exponential,0.2,3,-0.12541,0.1953,,,0.0,37,128
Iran 2026,GOLD,standalone_fanogan,arccosh,0.05,1,0.160799,0.0469,,,0.0,37,128
Iran 2026,GOLD,standalone_fanogan,arccosh,0.05,2,0.153976,0.0469,,,0.0,37,128
Iran 2026,GOLD,standalone_fanogan,arccosh,0.05,3,0.153085,0.0469,,,0.0,37,128
Iran 2026,GOLD,standalone_fanogan,arccosh,0.1,1,0.153085,0.0938,,,0.0,37,128
Iran 2026,GOLD,standalone_fanogan,arccosh,0.1,2,0.149898,0.0938,,,0.0,37,128
Iran 2026,GOLD,standalone_fanogan,arccosh,0.1,3,0.145326,0.0938,,,0.0,37,128
Iran 2026,GOLD,standalone_fanogan,arccosh,0.2,1,0.141804,0.1953,,,0.0,37,128
Iran 2026,GOLD,standalone_fanogan,arccosh,0.2,2,0.134414,0.1875,,,0.0,37,128
Iran 2026,GOLD,standalone_fanogan,arccosh,0.2,3,0.124988,0.1953,,,0.0,37,128
Iran 2026,GOLD,standalone_fanogan,arctan,0.05,1,0.015942,0.0469,,,0.0,37,128
Iran 2026,GOLD,standalone_fanogan,arctan,0.05,2,0.01355,0.0469,,,0.0,37,128
Iran 2026,GOLD,standalone_fanogan,arctan,0.05,3,0.011906,0.0469,,,0.0,37,128
Iran 2026,GOLD,standalone_fanogan,arctan,0.1,1,0.014356,0.0938,,,0.0,37,128
Iran 2026,GOLD,standalone_fanogan,arctan,0.1,2,0.012364,0.0938,,,0.0,37,128
Iran 2026,GOLD,standalone_fanogan,arctan,0.1,3,0.01108,0.0859,,,0.0,37,128
Iran 2026,GOLD,standalone_fanogan,arctan,0.2,1,0.012499,0.1953,,,0.0,37,128
Iran 2026,GOLD,standalone_fanogan,arctan,0.2,2,0.010912,0.1953,,,0.0,37,128
Iran 2026,GOLD,standalone_fanogan,arctan,0.2,3,0.010258,0.1953,,,0.0,37,128
Iran 2026,GOLD,standalone_fanogan,cosine,0.05,1,0.2029,0.0469,,,0.0,37,128
Iran 2026,GOLD,standalone_fanogan,cosine,0.05,2,0.180672,0.0469,,,0.0,37,128
Iran 2026,GOLD,standalone_fanogan,cosine,0.05,3,0.153796,0.0469,,,0.0,37,128
Iran 2026,GOLD,standalone_fanogan,cosine,0.1,1,0.1673,0.0938,,,0.0,37,128
Iran 2026,GOLD,standalone_fanogan,cosine,0.1,2,0.153588,0.0938,,,0.0,37,128
Iran 2026,GOLD,standalone_fanogan,cosine,0.1,3,0.148945,0.0781,,,0.0,37,128
Iran 2026,GOLD,standalone_fanogan,cosine,0.2,1,0.148945,0.1953,,,0.0,37,128
Iran 2026,GOLD,standalone_fanogan,cosine,0.2,2,0.140551,0.1953,,,0.0,37,128
Iran 2026,GOLD,standalone_fanogan,cosine,0.2,3,0.135436,0.1797,,,0.0,37,128
Iran 2026,GOLD,standalone_fanogan,exponential,0.05,1,0.260787,0.0469,2026-06-04,6.0,0.027,37,128
Iran 2026,GOLD,standalone_fanogan,exponential,0.05,2,0.230898,0.0469,,,0.0,37,128
Iran 2026,GOLD,standalone_fanogan,exponential,0.05,3,0.226946,0.0469,,,0.0,37,128
Iran 2026,GOLD,standalone_fanogan,exponential,0.1,1,0.230898,0.0938,2026-06-04,6.0,0.027,37,128
Iran 2026,GOLD,standalone_fanogan,exponential,0.1,2,0.205688,0.0938,,,0.0,37,128
Iran 2026,GOLD,standalone_fanogan,exponential,0.1,3,0.199403,0.0938,,,0.0,37,128
Iran 2026,GOLD,standalone_fanogan,exponential,0.2,1,0.195101,0.1953,2026-06-04,6.0,0.027,37,128
Iran 2026,GOLD,standalone_fanogan,exponential,0.2,2,0.175812,0.1953,,,0.0,37,128
Iran 2026,GOLD,standalone_fanogan,exponential,0.2,3,0.169319,0.1953,,,0.0,37,128
Iran 2026,GOLD,standalone_tadgan,-,0.05,1,0.608616,0.0469,2026-04-01,50.0,1.0,68,128
Iran 2026,GOLD,standalone_tadgan,-,0.05,2,0.606382,0.0469,2026-04-02,49.0,0.9853,68,128
Iran 2026,GOLD,standalone_tadgan,-,0.05,3,0.604741,0.0469,2026-04-06,48.0,0.9706,68,128
Iran 2026,GOLD,standalone_tadgan,-,0.1,1,0.597925,0.0938,2026-04-01,50.0,1.0,68,128
Iran 2026,GOLD,standalone_tadgan,-,0.1,2,0.595416,0.0938,2026-04-02,49.0,0.9853,68,128
Iran 2026,GOLD,standalone_tadgan,-,0.1,3,0.592315,0.0938,2026-04-06,48.0,0.9706,68,128
Iran 2026,GOLD,standalone_tadgan,-,0.2,1,0.564174,0.1953,2026-04-01,50.0,1.0,68,128
Iran 2026,GOLD,standalone_tadgan,-,0.2,2,0.560528,0.1953,2026-04-02,49.0,0.9853,68,128
Iran 2026,GOLD,standalone_tadgan,-,0.2,3,0.556801,0.1953,2026-04-06,48.0,0.9706,68,128
Iran 2026,GOLD,tranad,exponential,0.05,1,0.039307,0.0469,,,0.0,37,128
Iran 2026,GOLD,tranad,exponential,0.05,2,0.034704,0.0469,,,0.0,37,128
Iran 2026,GOLD,tranad,exponential,0.05,3,0.02975,0.0469,,,0.0,37,128
Iran 2026,GOLD,tranad,exponential,0.1,1,0.033999,0.0938,,,0.0,37,128
Iran 2026,GOLD,tranad,exponential,0.1,2,0.028178,0.0938,,,0.0,37,128
Iran 2026,GOLD,tranad,exponential,0.1,3,0.025707,0.0859,,,0.0,37,128
Iran 2026,GOLD,tranad,exponential,0.2,1,0.027046,0.1953,,,0.0,37,128
Iran 2026,GOLD,tranad,exponential,0.2,2,0.023795,0.1953,,,0.0,37,128
Iran 2026,GOLD,tranad,exponential,0.2,3,0.023059,0.1875,,,0.0,37,128
Iran 2026,GOLD,usad,exponential,0.05,1,1.521141,0.0469,,,0.0,37,128
Iran 2026,GOLD,usad,exponential,0.05,2,1.506428,0.0391,,,0.0,37,128
Iran 2026,GOLD,usad,exponential,0.05,3,1.490318,0.0469,,,0.0,37,128
Iran 2026,GOLD,usad,exponential,0.1,1,1.502708,0.0938,,,0.0,37,128
Iran 2026,GOLD,usad,exponential,0.1,2,1.474286,0.0938,,,0.0,37,128
Iran 2026,GOLD,usad,exponential,0.1,3,1.463334,0.0938,,,0.0,37,128
Iran 2026,GOLD,usad,exponential,0.2,1,1.458646,0.1953,2026-05-15,19.0,0.027,37,128
Iran 2026,GOLD,usad,exponential,0.2,2,1.438149,0.1953,,,0.0,37,128
Iran 2026,GOLD,usad,exponential,0.2,3,1.385424,0.1953,2026-05-19,17.0,0.1622,37,128
Iran 2026,EURUSD,anomaly_transformer,exponential,0.05,1,0.008008,0.0455,2026-05-18,19.0,0.0488,41,132
Iran 2026,EURUSD,anomaly_transformer,exponential,0.05,2,0.003906,0.0455,2026-05-15,20.0,0.5122,41,132
Iran 2026,EURUSD,anomaly_transformer,exponential,0.05,3,0.002709,0.0455,2026-05-18,19.0,0.9512,41,132
Iran 2026,EURUSD,anomaly_transformer,exponential,0.1,1,0.003266,0.0985,2026-05-14,21.0,0.9756,41,132
Iran 2026,EURUSD,anomaly_transformer,exponential,0.1,2,0.002356,0.0985,2026-05-15,20.0,0.9756,41,132
Iran 2026,EURUSD,anomaly_transformer,exponential,0.1,3,0.001833,0.0985,2026-05-18,19.0,0.9512,41,132
Iran 2026,EURUSD,anomaly_transformer,exponential,0.2,1,0.001789,0.197,2026-05-14,21.0,1.0,41,132
Iran 2026,EURUSD,anomaly_transformer,exponential,0.2,2,0.001701,0.1894,2026-05-15,20.0,0.9756,41,132
Iran 2026,EURUSD,anomaly_transformer,exponential,0.2,3,0.001538,0.1818,2026-05-18,19.0,0.9512,41,132
Iran 2026,EURUSD,dagmm,exponential,0.05,1,11.039864,0.0455,,,0.0,41,132
Iran 2026,EURUSD,dagmm,exponential,0.05,2,2.539624,0.0455,,,0.0,41,132
Iran 2026,EURUSD,dagmm,exponential,0.05,3,-0.608824,0.0455,,,0.0,41,132
Iran 2026,EURUSD,dagmm,exponential,0.1,1,1.78488,0.0985,,,0.0,41,132
Iran 2026,EURUSD,dagmm,exponential,0.1,2,-0.608824,0.0985,,,0.0,41,132
Iran 2026,EURUSD,dagmm,exponential,0.1,3,-3.626483,0.0985,,,0.0,41,132
Iran 2026,EURUSD,dagmm,exponential,0.2,1,-0.665647,0.197,,,0.0,41,132
Iran 2026,EURUSD,dagmm,exponential,0.2,2,-3.971718,0.197,,,0.0,41,132
Iran 2026,EURUSD,dagmm,exponential,0.2,3,-4.817244,0.1818,,,0.0,41,132
Iran 2026,EURUSD,deep_svdd,exponential,0.05,1,0.000564,0.0455,,,0.0,41,132
Iran 2026,EURUSD,deep_svdd,exponential,0.05,2,0.000463,0.0455,,,0.0,41,132
Iran 2026,EURUSD,deep_svdd,exponential,0.05,3,0.000368,0.0455,,,0.0,41,132
Iran 2026,EURUSD,deep_svdd,exponential,0.1,1,0.000469,0.0985,,,0.0,41,132
Iran 2026,EURUSD,deep_svdd,exponential,0.1,2,0.000368,0.0985,,,0.0,41,132
Iran 2026,EURUSD,deep_svdd,exponential,0.1,3,0.000317,0.0985,,,0.0,41,132
Iran 2026,EURUSD,deep_svdd,exponential,0.2,1,0.000361,0.197,,,0.0,41,132
Iran 2026,EURUSD,deep_svdd,exponential,0.2,2,0.000278,0.1894,,,0.0,41,132
Iran 2026,EURUSD,deep_svdd,exponential,0.2,3,0.00024,0.1818,,,0.0,41,132
Iran 2026,EURUSD,hybrid2,arccosh,0.05,1,0.027754,0.0455,,,0.0,41,132
Iran 2026,EURUSD,hybrid2,arccosh,0.05,2,0.023691,0.0455,,,0.0,41,132
Iran 2026,EURUSD,hybrid2,arccosh,0.05,3,0.023194,0.0455,,,0.0,41,132
Iran 2026,EURUSD,hybrid2,arccosh,0.1,1,0.024035,0.0985,,,0.0,41,132
Iran 2026,EURUSD,hybrid2,arccosh,0.1,2,0.022213,0.0985,,,0.0,41,132
Iran 2026,EURUSD,hybrid2,arccosh,0.1,3,0.022147,0.0985,,,0.0,41,132
Iran 2026,EURUSD,hybrid2,arccosh,0.2,1,0.020731,0.197,,,0.0,41,132
Iran 2026,EURUSD,hybrid2,arccosh,0.2,2,0.019017,0.197,,,0.0,41,132
Iran 2026,EURUSD,hybrid2,arccosh,0.2,3,0.016586,0.197,,,0.0,41,132
Iran 2026,EURUSD,hybrid2,arctan,0.05,1,0.011209,0.0455,2026-06-01,9.0,0.0976,41,132
Iran 2026,EURUSD,hybrid2,arctan,0.05,2,0.010808,0.0379,2026-06-02,8.0,0.0732,41,132
Iran 2026,EURUSD,hybrid2,arctan,0.05,3,0.008965,0.0303,2026-06-02,8.0,0.0976,41,132
Iran 2026,EURUSD,hybrid2,arctan,0.1,1,0.010393,0.0985,2026-06-01,9.0,0.122,41,132
Iran 2026,EURUSD,hybrid2,arctan,0.1,2,0.008965,0.0909,2026-06-01,9.0,0.1463,41,132
Iran 2026,EURUSD,hybrid2,arctan,0.1,3,0.008359,0.0909,2026-06-02,8.0,0.0976,41,132
Iran 2026,EURUSD,hybrid2,arctan,0.2,1,0.008965,0.197,2026-05-29,10.0,0.2195,41,132
Iran 2026,EURUSD,hybrid2,arctan,0.2,2,0.007602,0.197,2026-06-01,9.0,0.1463,41,132
Iran 2026,EURUSD,hybrid2,arctan,0.2,3,0.007169,0.197,2026-06-02,8.0,0.122,41,132
Iran 2026,EURUSD,hybrid2,cosine,0.05,1,0.187163,0.0455,,,0.0,41,132
Iran 2026,EURUSD,hybrid2,cosine,0.05,2,0.160451,0.0379,,,0.0,41,132
Iran 2026,EURUSD,hybrid2,cosine,0.05,3,0.151348,0.0455,,,0.0,41,132
Iran 2026,EURUSD,hybrid2,cosine,0.1,1,0.159639,0.0985,,,0.0,41,132
Iran 2026,EURUSD,hybrid2,cosine,0.1,2,0.151348,0.0985,,,0.0,41,132
Iran 2026,EURUSD,hybrid2,cosine,0.1,3,0.142565,0.0909,,,0.0,41,132
Iran 2026,EURUSD,hybrid2,cosine,0.2,1,0.149738,0.197,,,0.0,41,132
Iran 2026,EURUSD,hybrid2,cosine,0.2,2,0.137577,0.197,,,0.0,41,132
Iran 2026,EURUSD,hybrid2,cosine,0.2,3,0.12734,0.1818,,,0.0,41,132
Iran 2026,EURUSD,hybrid2,exponential,0.05,1,0.250784,0.0455,,,0.0,41,132
Iran 2026,EURUSD,hybrid2,exponential,0.05,2,0.230829,0.0455,,,0.0,41,132
Iran 2026,EURUSD,hybrid2,exponential,0.05,3,0.198638,0.0455,,,0.0,41,132
Iran 2026,EURUSD,hybrid2,exponential,0.1,1,0.205872,0.0985,,,0.0,41,132
Iran 2026,EURUSD,hybrid2,exponential,0.1,2,0.192957,0.0909,,,0.0,41,132
Iran 2026,EURUSD,hybrid2,exponential,0.1,3,0.173887,0.0909,,,0.0,41,132
Iran 2026,EURUSD,hybrid2,exponential,0.2,1,0.165752,0.197,,,0.0,41,132
Iran 2026,EURUSD,hybrid2,exponential,0.2,2,0.150054,0.197,,,0.0,41,132
Iran 2026,EURUSD,hybrid2,exponential,0.2,3,0.14288,0.1894,,,0.0,41,132
Iran 2026,EURUSD,isolation_forest,exponential,0.05,1,0.562248,0.0455,,,0.0,41,132
Iran 2026,EURUSD,isolation_forest,exponential,0.05,2,0.552642,0.0455,,,0.0,41,132
Iran 2026,EURUSD,isolation_forest,exponential,0.05,3,0.552642,0.0379,,,0.0,41,132
Iran 2026,EURUSD,isolation_forest,exponential,0.1,1,0.550458,0.0985,2026-06-05,5.0,0.0244,41,132
Iran 2026,EURUSD,isolation_forest,exponential,0.1,2,0.542618,0.0909,,,0.0,41,132
Iran 2026,EURUSD,isolation_forest,exponential,0.1,3,0.539201,0.0985,,,0.0,41,132
Iran 2026,EURUSD,isolation_forest,exponential,0.2,1,0.538915,0.197,2026-06-05,5.0,0.0244,41,132
Iran 2026,EURUSD,isolation_forest,exponential,0.2,2,0.534468,0.1894,,,0.0,41,132
Iran 2026,EURUSD,isolation_forest,exponential,0.2,3,0.53028,0.1894,,,0.0,41,132
Iran 2026,EURUSD,omnianomaly,exponential,0.05,1,0.372233,0.0455,,,0.0,41,132
Iran 2026,EURUSD,omnianomaly,exponential,0.05,2,0.35392,0.0455,,,0.0,41,132
Iran 2026,EURUSD,omnianomaly,exponential,0.05,3,0.337784,0.0455,,,0.0,41,132
Iran 2026,EURUSD,omnianomaly,exponential,0.1,1,0.353381,0.0985,,,0.0,41,132
Iran 2026,EURUSD,omnianomaly,exponential,0.1,2,0.337581,0.0909,,,0.0,41,132
Iran 2026,EURUSD,omnianomaly,exponential,0.1,3,0.317774,0.0985,,,0.0,41,132
Iran 2026,EURUSD,omnianomaly,exponential,0.2,1,0.314476,0.197,,,0.0,41,132
Iran 2026,EURUSD,omnianomaly,exponential,0.2,2,0.304217,0.197,,,0.0,41,132
Iran 2026,EURUSD,omnianomaly,exponential,0.2,3,0.287317,0.197,,,0.0,41,132
Iran 2026,EURUSD,one_class_svm,exponential,0.05,1,0.813601,0.0455,,,0.0,41,132
Iran 2026,EURUSD,one_class_svm,exponential,0.05,2,0.586898,0.0455,,,0.0,41,132
Iran 2026,EURUSD,one_class_svm,exponential,0.05,3,0.429368,0.0379,2026-07-06,-16.0,0.0244,41,132
Iran 2026,EURUSD,one_class_svm,exponential,0.1,1,0.463964,0.0985,2026-07-02,-14.0,0.0732,41,132
Iran 2026,EURUSD,one_class_svm,exponential,0.1,2,0.228779,0.0985,2026-07-02,-14.0,0.0976,41,132
Iran 2026,EURUSD,one_class_svm,exponential,0.1,3,0.196567,0.0985,2026-07-03,-15.0,0.0732,41,132
Iran 2026,EURUSD,one_class_svm,exponential,0.2,1,0.169034,0.197,2026-06-05,5.0,0.1707,41,132
Iran 2026,EURUSD,one_class_svm,exponential,0.2,2,0.065828,0.197,2026-07-02,-14.0,0.122,41,132
Iran 2026,EURUSD,one_class_svm,exponential,0.2,3,-0.071112,0.197,2026-07-02,-14.0,0.122,41,132
Iran 2026,EURUSD,standalone_fanogan,arccosh,0.05,1,0.027754,0.0455,,,0.0,41,132
Iran 2026,EURUSD,standalone_fanogan,arccosh,0.05,2,0.023691,0.0455,,,0.0,41,132
Iran 2026,EURUSD,standalone_fanogan,arccosh,0.05,3,0.023194,0.0455,,,0.0,41,132
Iran 2026,EURUSD,standalone_fanogan,arccosh,0.1,1,0.024035,0.0985,,,0.0,41,132
Iran 2026,EURUSD,standalone_fanogan,arccosh,0.1,2,0.022213,0.0985,,,0.0,41,132
Iran 2026,EURUSD,standalone_fanogan,arccosh,0.1,3,0.022147,0.0985,,,0.0,41,132
Iran 2026,EURUSD,standalone_fanogan,arccosh,0.2,1,0.020731,0.197,,,0.0,41,132
Iran 2026,EURUSD,standalone_fanogan,arccosh,0.2,2,0.019017,0.197,,,0.0,41,132
Iran 2026,EURUSD,standalone_fanogan,arccosh,0.2,3,0.016586,0.197,,,0.0,41,132
Iran 2026,EURUSD,standalone_fanogan,arctan,0.05,1,0.011209,0.0455,2026-06-01,9.0,0.0976,41,132
Iran 2026,EURUSD,standalone_fanogan,arctan,0.05,2,0.010808,0.0379,2026-06-02,8.0,0.0732,41,132
Iran 2026,EURUSD,standalone_fanogan,arctan,0.05,3,0.008965,0.0303,2026-06-02,8.0,0.0976,41,132
Iran 2026,EURUSD,standalone_fanogan,arctan,0.1,1,0.010393,0.0985,2026-06-01,9.0,0.122,41,132
Iran 2026,EURUSD,standalone_fanogan,arctan,0.1,2,0.008965,0.0909,2026-06-01,9.0,0.1463,41,132
Iran 2026,EURUSD,standalone_fanogan,arctan,0.1,3,0.008359,0.0909,2026-06-02,8.0,0.0976,41,132
Iran 2026,EURUSD,standalone_fanogan,arctan,0.2,1,0.008965,0.197,2026-05-29,10.0,0.2195,41,132
Iran 2026,EURUSD,standalone_fanogan,arctan,0.2,2,0.007602,0.197,2026-06-01,9.0,0.1463,41,132
Iran 2026,EURUSD,standalone_fanogan,arctan,0.2,3,0.007169,0.197,2026-06-02,8.0,0.122,41,132
Iran 2026,EURUSD,standalone_fanogan,cosine,0.05,1,0.187163,0.0455,,,0.0,41,132
Iran 2026,EURUSD,standalone_fanogan,cosine,0.05,2,0.160451,0.0379,,,0.0,41,132
Iran 2026,EURUSD,standalone_fanogan,cosine,0.05,3,0.151348,0.0455,,,0.0,41,132
Iran 2026,EURUSD,standalone_fanogan,cosine,0.1,1,0.159639,0.0985,,,0.0,41,132
Iran 2026,EURUSD,standalone_fanogan,cosine,0.1,2,0.151348,0.0985,,,0.0,41,132
Iran 2026,EURUSD,standalone_fanogan,cosine,0.1,3,0.142565,0.0909,,,0.0,41,132
Iran 2026,EURUSD,standalone_fanogan,cosine,0.2,1,0.149738,0.197,,,0.0,41,132
Iran 2026,EURUSD,standalone_fanogan,cosine,0.2,2,0.137577,0.197,,,0.0,41,132
Iran 2026,EURUSD,standalone_fanogan,cosine,0.2,3,0.12734,0.1818,,,0.0,41,132
Iran 2026,EURUSD,standalone_fanogan,exponential,0.05,1,0.250784,0.0455,,,0.0,41,132
Iran 2026,EURUSD,standalone_fanogan,exponential,0.05,2,0.230829,0.0455,,,0.0,41,132
Iran 2026,EURUSD,standalone_fanogan,exponential,0.05,3,0.198638,0.0455,,,0.0,41,132
Iran 2026,EURUSD,standalone_fanogan,exponential,0.1,1,0.205872,0.0985,,,0.0,41,132
Iran 2026,EURUSD,standalone_fanogan,exponential,0.1,2,0.192957,0.0909,,,0.0,41,132
Iran 2026,EURUSD,standalone_fanogan,exponential,0.1,3,0.173887,0.0909,,,0.0,41,132
Iran 2026,EURUSD,standalone_fanogan,exponential,0.2,1,0.165752,0.197,,,0.0,41,132
Iran 2026,EURUSD,standalone_fanogan,exponential,0.2,2,0.150054,0.197,,,0.0,41,132
Iran 2026,EURUSD,standalone_fanogan,exponential,0.2,3,0.14288,0.1894,,,0.0,41,132
Iran 2026,EURUSD,standalone_tadgan,-,0.05,1,1.70718,0.0455,,,0.0,72,132
Iran 2026,EURUSD,standalone_tadgan,-,0.05,2,1.680008,0.0455,,,0.0,72,132
Iran 2026,EURUSD,standalone_tadgan,-,0.05,3,1.668829,0.0455,,,0.0,72,132
Iran 2026,EURUSD,standalone_tadgan,-,0.1,1,1.61942,0.0985,,,0.0,72,132
Iran 2026,EURUSD,standalone_tadgan,-,0.1,2,1.606037,0.0909,,,0.0,72,132
Iran 2026,EURUSD,standalone_tadgan,-,0.1,3,1.605956,0.0985,,,0.0,72,132
Iran 2026,EURUSD,standalone_tadgan,-,0.2,1,1.398342,0.197,,,0.0,72,132
Iran 2026,EURUSD,standalone_tadgan,-,0.2,2,1.378326,0.197,,,0.0,72,132
Iran 2026,EURUSD,standalone_tadgan,-,0.2,3,1.376429,0.197,,,0.0,72,132
Iran 2026,EURUSD,tranad,exponential,0.05,1,0.030297,0.0455,,,0.0,41,132
Iran 2026,EURUSD,tranad,exponential,0.05,2,0.027034,0.0455,,,0.0,41,132
Iran 2026,EURUSD,tranad,exponential,0.05,3,0.024706,0.0455,,,0.0,41,132
Iran 2026,EURUSD,tranad,exponential,0.1,1,0.02712,0.0985,,,0.0,41,132
Iran 2026,EURUSD,tranad,exponential,0.1,2,0.024678,0.0909,,,0.0,41,132
Iran 2026,EURUSD,tranad,exponential,0.1,3,0.023105,0.0985,,,0.0,41,132
Iran 2026,EURUSD,tranad,exponential,0.2,1,0.023081,0.197,,,0.0,41,132
Iran 2026,EURUSD,tranad,exponential,0.2,2,0.019661,0.197,,,0.0,41,132
Iran 2026,EURUSD,tranad,exponential,0.2,3,0.017576,0.1894,,,0.0,41,132
Iran 2026,EURUSD,usad,exponential,0.05,1,1.556594,0.0455,2026-05-20,17.0,0.0976,41,132
Iran 2026,EURUSD,usad,exponential,0.05,2,1.534311,0.0455,2026-05-20,17.0,0.0732,41,132
Iran 2026,EURUSD,usad,exponential,0.05,3,1.523893,0.0455,2026-06-26,-10.0,0.0244,41,132
Iran 2026,EURUSD,usad,exponential,0.1,1,1.521128,0.0985,2026-05-19,18.0,0.1707,41,132
Iran 2026,EURUSD,usad,exponential,0.1,2,1.475576,0.0985,2026-05-18,19.0,0.1707,41,132
Iran 2026,EURUSD,usad,exponential,0.1,3,1.455054,0.0985,2026-05-18,19.0,0.1707,41,132
Iran 2026,EURUSD,usad,exponential,0.2,1,1.450572,0.197,2026-05-14,21.0,0.3171,41,132
Iran 2026,EURUSD,usad,exponential,0.2,2,1.400405,0.197,2026-05-15,20.0,0.3171,41,132
Iran 2026,EURUSD,usad,exponential,0.2,3,1.377787,0.197,2026-05-18,19.0,0.3415,41,132
