signal,anomaly_score,is_anomaly
-1.2586409812927466,0.33641839880328006,0
-1.2696194603117896,0.347353082245592,0
-1.3268898373393736,0.3618957751895127,0
-1.4905368219832265,0.3793873183188794,0
-1.4320477614897429,0.4007603933309709,0
-1.1137080173285712,0.4173695257753903,0
-1.0810849970074217,0.42721928704205553,0
-1.2609389225737968,0.436906003666384,0
-1.2912872392223609,0.4547659877827436,0
-1.2002655268850857,0.4639865451831087,0
-1.2588965949858146,0.4783233563080032,0
-1.1266281276322752,0.48961498836762507,0
-1.1807433538222891,0.5093521282097169,0
-1.1418565070429634,0.5352833977358229,0
-1.2197567164699257,0.5549088053752324,0
-1.2522532209227937,0.582312161932968,0
-1.3886838021471497,0.6042169518640625,0
-1.271659205943262,0.6270715189073496,0
-1.245865460552817,0.6480969548960038,0
-1.1526852325852603,0.6654746302814661,0
-1.0898946325702203,0.684842427156954,0
-1.3304451914337474,0.7045550919833438,0
-1.1758557101762457,0.7356806053705122,0
-1.1222362196333608,0.762778768209059,0
-0.7562309766080161,0.7801562709735912,0
-0.5202763003065416,0.7942694701025511,0
-0.6392347819255794,0.8030377606575865,0
-0.542264241822555,0.7982020800414998,0
-0.325279199893831,0.7898744408694514,0
-0.3448633399125105,0.7787881570993398,0
-0.2646677711610272,0.7720994216878924,0
-0.4639070260958964,0.7629948241126363,0
-0.5763873788676376,0.7534428331139369,0
-0.6349280784910082,0.7530773161806115,0
-0.6870267966580342,0.7542225997439962,0
-0.7129909511771944,0.7544780381499442,0
-0.6848811908102305,0.7492287857165076,0
-0.8926615578323669,0.7401471172172125,0
-0.8947684343327184,0.7408641150065223,0
-0.9231777016531698,0.7398454827102534,0
-0.8992455468959856,0.7460251769707764,0
-1.1181025072839956,0.7526130568260286,0
-1.1938467830371768,0.7656074366441181,0
-1.2220624036204242,0.7734219781788031,0
-1.2371694310758412,0.7810652170220675,0
-1.0639588795725063,0.7912247444123777,0
-0.966451292518424,0.7942479785419984,0
-0.91871091691588,0.7906871798152416,0
-0.9447034729564716,0.7892471361838715,0
-0.9771819037138902,0.788513238911263,0
-0.5669167624419805,0.7886657363925086,0
-0.5896302337332455,0.7817359970839605,0
-0.7324950505444977,0.7797742036152611,0
-0.7172692530902905,0.7781155104220692,0
-0.4791818807235237,0.7883822529648358,0
-0.2646677711610272,0.7828677279165136,0
-0.3489996342183616,0.7731950891788562,0
-0.4423244517496733,0.7631773469101953,0
-0.4704548677685919,0.7512437282054475,0
-0.5612338761953006,0.7443657652984949,0
-0.5896302337332455,0.7400992887837953,0
-0.6069061046449216,0.7394114708253842,0
-0.5142990710193701,0.7383998041122245,0
-0.320861472329966,0.7374805848766278,0
-0.228548781744911,0.7362133497701232,0
-0.1310489405603007,0.7353219002012236,0
-0.1085910829621038,0.735180717769539,0
-0.1108373851132192,0.7288098797307088,0
-0.1259986336550283,0.7237388098575925,0
-0.0762340041599757,0.722544283379436,0
-0.1433829467394977,0.7162248090019842,0
-0.08045808498668,0.7070165052998661,0
-0.0590381738996808,0.6986439534671905,0
-0.119543742416177,0.6854768632650643,0
-0.3489996342183616,0.6731918302357199,0
-0.3685476268460988,0.6681838393715699,0
-0.303725027069054,0.662386893669556,0
-0.2840737561814952,0.6534219223725938,0
-0.1744464653373552,0.6445936878981272,0
-0.2926587615291818,0.641755634033907,0
-0.320861472329966,0.6378816770335637,0
-0.4464245986645964,0.6393079400322833,0
-0.3707474537803137,0.6405281096141268,0
-0.3056614944407094,0.639113017541997,0
-0.2407846735772727,0.6337162754613831,0
-0.1825486448203565,0.6294657810600216,0
0.0494892034773733,0.62309810058193,0
0.1836889742895771,0.5935865229118751,0
0.138316252793463,0.5796849562777323,0
0.1145493432520126,0.5650935213907556,0
-0.0739799561393689,0.5316693506704565,0
-0.1130836872643395,0.5197788668127241,0
-0.1130836872643395,0.5134680722763235,0
-0.1425438108784471,0.5072514557646611,0
-0.0285297759483741,0.49688104121567633,0
-0.1369383833266431,0.48335427950607995,0
-0.2668882537471776,0.4773891381171355,0
-0.2688298850318433,0.47574479966135336,0
-0.2688298850318433,0.47052140942726545,0
-0.4704548677685919,0.4659772158329621,0
-0.5072296741345802,0.46503937988512506,0
-0.4731814138278875,0.46303330138772403,0
-0.4854508710946912,0.4612180630309297,0
-0.6545586937266124,0.4562441049631237,0
-0.6090646202751838,0.45246395634464304,0
-0.5373817620895023,0.4460614081239237,0
-0.7151288111555019,0.43917043379524223,0
-0.6319665743906425,0.43385873852914053,0
-0.6588576512916873,0.4283918739373319,0
-0.5438908744147455,0.42585848130536624,0
-0.6241587379481184,0.4164325633673676,0
-0.1931579040605276,0.40837695677669167,0
-0.164939701520775,0.39093171600265647,0
-0.1783581294280894,0.3705550706610424,0
-0.0717233261622713,0.3498465670926968,0
-0.2710477856615078,0.3322164075402889,0
-0.433571619229791,0.3169288906210556,0
-0.323069045133658,0.3053258852355244,0
-0.4919883849414094,0.2939447000422592,0
-0.3844912082060566,0.28943544426106466,0
-0.4075480797112478,0.2840862960508562,0
-0.1973432555398036,0.2791443266369203,0
-0.2538442095317214,0.27001932136053036,0
-0.4105638048980295,0.2600100416382625,0
-0.2424526174733966,0.25217416965111566,0
-0.2516211449890658,0.2407391780147028,0
-0.8755276945279601,0.2261232179743726,0
-0.9208152114597502,0.21976659360923365,0
-0.7932071755806325,0.21123546002304905,0
-0.6760354078565086,0.20091111773722425,0
-0.7236828330252132,0.18852971429281581,0
-0.669596008356645,0.1741645497625344,0
-0.6370814302083034,0.16001677281953794,0
-0.8125795951666873,0.14552808834347308,0
-0.7389008846099434,0.1344854356518962,0
-0.8109891099654392,0.12067799438011591,0
-0.8581046520960479,0.10900513019745159,0
-0.8276866226220996,0.099400833069102,0
-0.8170876912079058,0.09013935448670395,0
-0.7477027743032265,0.08246239779844743,0
-0.7236828330252132,0.07294820339711187,0
-0.8382752262102968,0.0651018398871718,0
-0.7977230174913472,0.058113335127037834,0
-0.9239677803407907,0.05327889995104393,0
-0.9110863993845392,0.0482459027436297,0
-0.8821220114175802,0.04467474815755104,0
-1.0173907122189378,0.03905146990780951,0
-0.9724724150660148,0.03206569729312494,0
-0.9797948436873676,0.027437296315913323,0
-0.7942709416567999,0.022580049962925064,0
-0.7706098923316715,0.016927355900299233,0
-0.589359128301233,0.011809447384589727,0
-0.589359128301233,0.006538553708559728,0
-0.4789107752914919,0.0032938870140194025,0
-0.6252354138067636,5.109389058872058e-05,0
-0.6615428860470542,-0.0012039648419978936,0
-0.7594274387494953,-0.001137699779007239,0
-0.7722055414459108,4.414795383234282e-05,0
-0.7025572649787104,0.00217892960636697,0
-0.5495815065309215,0.005418196264114337,0
-0.6521394004902908,0.010790719667453185,0
-0.5917913313200129,0.015240382387559176,0
-0.5547325097395248,0.021721763355276515,0
-0.3556094428469453,0.029892685134875134,0
-0.3059377637857322,0.04122683117451634,0
-0.1965067016352581,0.05400588095363215,0
-0.307597961812384,0.06744575853923641,0
-0.261892167928326,0.08299400247692257,0
-0.3017911416539086,0.0972128968989956,0
-0.3820176938833433,0.11478036347474864,0
-0.3241741225137541,0.13154406687159978,0
-0.5213633039911689,0.1502028912255735,0
-0.5357525475408066,0.16501373720368803,0
-0.6214657573232792,0.18237272952182335,0
-0.6052897998787083,0.19761326945467467,0
-0.5186445038013648,0.21416844900144189,0
-0.6025890733843778,0.23254235116629246,0
-0.6214657573232792,0.24632731934195057,0
-0.4039823977908968,0.26206787294708855,0
-0.4313795381650915,0.28142011720365484,0
-0.3655189918768298,0.3004935153380531,0
-0.4311084327330549,0.3248529168226969,0
-0.4259057903945408,0.3469648860446573,0
-0.4797266735440779,0.3697292852244806,0
-0.4176900048257213,0.390840189498903,0
-0.4207031480560219,0.41139912474217155,0
-0.6101412961338338,0.43388395265023055,0
-0.5620446105349004,0.4508507387039786,0
-0.6198468706005609,0.4742558151208446,0
-0.534939231244721,0.49580435848049437,0
-0.4982496294430807,0.5189035863958116,0
-0.435211161604464,0.547519436518384,0
-0.4122085111856936,0.5801819520043109,0
-0.4778186076938734,0.6161491309442264,0
-0.4660887793346377,0.6462389537342463,0
-0.4778186076938734,0.6819005663749131,0
-0.4450587436784651,0.7119803488438095,0
-0.4977048366225264,0.7466389310039133,0
-0.4968889383699357,0.7819868595131758,0
-0.502331702662535,0.8254346766056808,0
-0.6403088758277194,0.8659482685511577,0
-0.526795740457791,0.9048246455183155,0
-0.6483774898762787,0.9479310087277464,0
-0.8192074774907397,0.9890285794739894,0
-0.9276444863904356,1.0248280757628874,0
-0.8456828593959977,1.0564435397348346,0
-1.0231226556390425,1.0942745730832224,0
-0.9195009956035056,1.1210203483955732,0
-1.003306139535774,1.152777701138036,0
-1.0072203855830133,1.1842668576968776,0
-1.1041367045996218,1.2140397165626016,0
-1.2077067255052238,1.2443494121334606,0
-1.2230874403491585,1.2593145613435854,0
-1.1974408664789546,1.277051272072303,0
-1.1439194902829004,1.3009968905621854,0
-1.169165860896305,1.3182751801923118,0
-0.9865931351401208,1.32790316070355,0
-1.0111346316302527,1.3499501798870488,0
-0.8298038269484284,1.3700801485692662,0
-0.7420999287079084,1.3885525088149977,0
-0.731426120555344,1.413548912604201,0
-0.7340958635717425,1.4435420513357413,0
-0.8403924305366448,1.4651396103741605,0
-0.9121372556782192,1.4785662846766463,0
-1.1253371493844904,1.4996033736301857,0
-1.1923053550093343,1.5128626939488306,0
-1.332727640975805,1.5326814495916516,0
-1.4940405369476846,1.5447305809267533,0
-1.5439962312233928,1.5478747411211302,0
-1.588772520769066,1.5519318087453977,0
-1.7698348019753347,1.5586605645274398,0
-1.8538516663402127,1.554297139137133,0
-1.7355644934100158,1.5506552849637716,0
-1.746592029602484,1.5560629079469586,0
-1.938462380699076,1.5576518761564482,0
-1.90227626041408,1.5473407080889972,0
-1.793031099131266,1.5416757570061137,0
-1.7735011801990022,1.5440261819512908,0
-1.7147100307955496,1.5421183405712247,0
-1.8368546467300888,1.5328888240701852,0
-1.682982949378348,1.523114869102064,0
-1.8587031625953383,1.5165820549398255,0
-1.4790109681871482,1.4961148502917714,0
-1.5589405954195812,1.4844873731150245,0
-1.4689826491584494,1.4631439769562269,0
-1.7735011801990022,1.452352135256289,0
-1.9336418679219065,1.4273982789364317,0
-1.7294349286896171,1.3962352407063083,0
-1.7563853905900642,1.3719547442889677,0
-2.005701691755952,1.3485868882152996,0
-2.212121367704923,1.3158871945662598,0
-2.14467808208491,1.2713601783109538,0
-2.240300840897248,1.2325379569271784,0
-2.2735538586033237,1.1929294466632963,0
-2.190941578572005,1.1542228510592403,0
-2.171372930292313,1.1211341253506035,0
-2.1342650515384,1.089626986434304,0
-2.129529743325583,1.0587634083672912,0
-2.1179186849651326,1.0199508654823373,0
-2.2161182363600296,0.9743098984614706,0
-1.8732447415782227,0.9235067636236017,0
-1.97789402029898,0.8892072949155978,0
-2.12289669708854,0.8454883778306301,0
-2.2097692053374813,0.7986599302542537,0
-2.0343975562473835,0.7526528180695895,0
-1.80692718899026,0.7097376006618517,0
-1.9673286543192237,0.6760721249464908,0
-1.8443862138275664,0.6405078234833329,0
-1.9227950686841409,0.6065158748741766,0
-1.8246987955490648,0.5752069680135902,0
-1.7832713035781227,0.5470617057158401,0
-1.7576066560124453,0.5150394872979914,0
-1.81326072827384,0.4866396034588758,0
-1.610104645335207,0.4556107668637005,0
-1.7595637790360743,0.430509171566218,0
-1.6903699269120942,0.4020821474744003,0
-1.5733685683166712,0.3803494288748588,0
-1.471489728915624,0.3595032285615972,0
-1.541003743645071,0.34127564712735775,0
-1.4905368219832265,0.3214671359918431,0
-1.640052758726991,0.30243564388298194,0
-1.5728702507130368,0.28577402684227066,0
-1.5845510218988474,0.26662513446258984,0
-1.37832241073055,0.24913336813552828,0
-1.4571856899303397,0.2362994020014853,0
-1.469483548718589,0.2228279922622995,0
-1.423488575707045,0.20986431193251928,0
-1.509547767659901,0.1966609148622208,0
-1.6506775097061306,0.18347436737853393,0
-1.6200141943650963,0.16421322929634383,0
-1.6928305314523249,0.146490617176694,0
-1.7774102623332506,0.10690214062425835,0
-1.8229947042620185,0.09021762818157637,0
-1.8667046457750187,0.07495287674386562,0
-1.803759128370251,0.06070073709410297,0
-1.6632645476218906,0.04839695508854696,0
-1.762011473793847,0.03717957447858324,0
-1.799372384284323,0.027071303894977854,0
-1.945203869108951,0.01788962352567387,0
-1.919177747633898,0.009590738566465135,0
-1.853366258519066,0.0033611015363742267,0
-1.922072120865394,-0.0011268933742012723,0
-1.8538516663402127,-0.003960616735929961,0
-1.8865624731822208,-0.004868498161883524,0
-1.9586765181026813,-0.0041675426105925615,0
-2.0152755864414105,-0.0014287165489548946,0
-1.7754557212661264,0.0038699829685751763,0
-1.864765596446882,0.010099007594752895,0
-1.88438330189998,0.0178044356230053,0
-1.9336418679219065,0.02796282161562733,0
-1.866461941864433,0.040112682527093976,0
-1.6247185190999809,0.0533716513473399,0
-1.7083196884690917,0.06499022499258301,0
-1.7927883952206802,0.08020345666272188,0
-1.5210426379780473,0.09485789387229689,0
-1.4413557146561755,0.1088296274980538,0
-1.5100486672200406,0.12510175860484585,0
-1.5215409555816817,0.14110466772282745,0
-1.359600644181381,0.15998689482955103,0
-1.4078625749960194,0.1762310426528496,0
-1.421472067684009,0.19568639998749127,0
-1.2793095430395482,0.21504284815286376,0
-1.2545537441603252,0.23523531862983085,0
-1.348198724297079,0.2521425563620025,0
-1.473999390629304,0.2709208201076193,0
-1.631150172730372,0.29571337117092555,0
-1.6706618529816142,0.3239321503917781,0
-1.6679507986613062,0.3498969084588797,0
-1.6457356449736709,0.3827204941487521,0
-1.6627713939312472,0.41207177588899785,0
-1.7230549141891365,0.4388966795974716,0
-1.8587031625953383,0.4699544344294235,0
-1.824941499459651,0.5028761630421338,0
-1.7952257621524752,0.5338398251051103,0
-1.6667192054129238,0.5688673412533657,0
-1.7842472831334322,0.5958756541027486,0
-1.7969324353960228,0.6316065764552624,0
-1.7233027820127085,0.6670048855001732,0
-1.541003743645071,0.697026378570264,0
-1.5706342763878989,0.7224583615782592,0
-1.5708821442114511,0.7500422151383683,0
-1.2264155822719152,0.7687085303631479,0
-1.246121074245885,0.7797685773818341,0
-1.1087919721610766,0.785550612712602,0
-1.1506222493453235,0.7928649261840242,0
-1.247396560754682,0.7989958185270987,0
-1.153715433226986,0.8015245300592464,0
-1.1506222493453235,0.807179271968081,0
-1.092745112541297,0.8076028417384276,0
-1.1938467830371768,0.8162028289348714,0
-0.993383680723402,0.8172386242918181,0
-1.0288545990591471,0.8021009936778329,0
-1.1098273367157931,0.8046387158819264,0
-1.198468485164175,0.8054140116665256,0
-1.2333300617669725,0.8090362023982478,0
-1.245865460552817,0.8106393503140604,0
-1.1108627012704857,0.8017497069676045,0
-0.9928621255113124,0.8036045226869123,0
-0.749835470368543,0.793994717016626,0
-0.6147268508699089,0.785300316893321,0
-0.7073751957993938,0.7733495540195808,0
-0.5096773688923478,0.7675057401270835,0
-0.4360322237700459,0.745736754419303,0
-0.5650216063742586,0.7239075028110421,0
-0.4532564555517918,0.7054467638815075,0
-0.4968889383699357,0.676486806187849,0
-0.5720600197810924,0.6557374147157171,0
-0.6738872200522238,0.6408202845827774,0
-0.581522890337258,0.6276256194072889,0
-0.4259057903945408,0.6080596143526388,0
-0.4859956639152454,0.5910663392537013,0
-0.3451396092575334,0.5771257394815258,0
-0.3971221393822552,0.5711453668510063,0
-0.3655189918768298,0.5628598883711852,0
-0.4006904032590874,0.5436597811735556,0
-0.5531084591038395,0.5451335806242009,0
-0.5159282855680417,0.5379948881461672,0
-0.5284249550064626,0.535509102275483,0
-0.5009710115893901,0.53085118976936,0
-0.4859956639152454,0.5267574079512766,0
-0.6351966019665637,0.5174279946780866,0
-0.502331702662535,0.5094498752963935,0
-0.6403088758277194,0.5095810699723184,0
-0.6567068815308972,0.5029264099948089,0
-0.5912491204559639,0.4945944729162272,0
-0.6292735937657793,0.4850271537206151,0
-0.522721413107828,0.47421861079334865,0
-0.5558143495111612,0.46785114824095125,0
-0.2188044779307315,0.4481212182493195,0
-0.1245966312779546,0.4350511880969677,0
0.0031869776428454,0.4236120453141553,0
-0.0370115030362199,0.40106334529795473,0
-0.1489857923348158,0.3867402367500904,0
-0.1733284781747766,0.3675684559937616,0
-0.2020837276656112,0.3579200749214389,0
-0.0333373789430609,0.33228129357865993,0
-0.0787694854386013,0.3157393456581597,0
0.0731347610635285,0.30305336466029,0
-0.0460509327271024,0.2944557284009199,0
-0.0784880521805874,0.27742189387710325,0
0.0762718382056102,0.2610994102566667,0
0.0739893886635476,0.25394065921792447,0
0.2373136287454772,0.24278614459491485,0
0.1911714842136728,0.2373170577847219,0
0.4083630826620399,0.22851521305958025,0
0.523110393236856,0.22739686914317295,0
0.4303484422215674,0.2229485656458389,0
0.4426772844877733,0.21880159989661485,0
0.6234064933061223,0.21780221183669132,0
0.5381916011273034,0.21449336001596647,0
0.6651825494039533,0.21541928246969558,0
0.8315509161941155,0.21094406093565732,0
0.8037225890851896,0.20643322466366995,0
0.8901277632084527,0.2067909980850324,0
0.96334172159598,0.20428938657068113,0
0.7326129252415083,0.20363347610133115,0
0.7813809195292727,0.20061139163988756,0
0.6810331803300956,0.19833371312292974,0
0.696005946047735,0.19308880496169076,0
0.7148955397690998,0.1890072345567074,0
0.8345795511633844,0.18314720583466398,0
0.7269042194298635,0.17798574944237874,0
0.6520378088851613,0.17216762405481062,0
0.7236018970720576,0.1645908038482301,0
0.5963269335808837,0.15956582671314803,0
0.6846246818153877,0.15161174315177225,0
0.8052330336350759,0.14827742887037074,0
0.6975034808151389,0.1488632926718879,0
0.8152071315773345,0.14540503452168188,0
0.7840971377625717,0.13913100450014282,0
1.1082514479517147,0.13190309088193597,0
1.1342672416007664,0.1247136273658283,0
1.148535133195133,0.1189206215086307,0
0.9817123420617556,0.11402000913776508,0
1.0185284597316773,0.10609158716809249,0
0.9587561668599048,0.09940228022220622,0
0.9817123420617556,0.08943615575986365,0
1.0480608781276697,0.08124762991460067,0
1.0560701071768266,0.07042577702222304,0
1.2754692784288857,0.06232687104078285,0
1.2507341352016172,0.05422506711326324,0
1.12465978148087,0.04694301059721361,0
1.1575384154950683,0.03883724007818572,0
0.975585359297838,0.03212338037008258,0
1.0428246703547135,0.02430914178200087,0
1.0764236702311774,0.018372201514560323,0
1.1243499467014098,0.01373824799490235,0
1.1964175164049269,0.009761620770830199,0
0.935534050139028,0.0075603915117980385,0
1.0946445372202067,0.004903134893535066,0
1.0548385139284682,0.002869211574055559,0
0.8998669031096218,0.0008876136341550988,0
0.749147774638945,-0.001116770456482988,0
0.6702638397871817,-0.002816970442228932,0
0.7398243297335434,-0.003394878981135607,0
0.7952640996057844,-0.0026500399022471853,0
0.6359238183964978,-0.001885640293974738,0
0.6657815633109234,0.001025946726103829,0
0.6867212304897617,0.0040553005401559915,0
0.589489912780707,0.007402817643616023,0
0.6547256255970286,0.013152086981311527,0
0.6529337477891091,0.019212784956430435,0
0.8115794827011192,0.023704793072465834,0
0.921193863762796,0.028724689490996585,0
0.8482174453728246,0.03350098535801762,0
0.8097669492412403,0.04354886798374829,0
0.7675132311917102,0.05173689124047459,0
0.7184973690803692,0.06271768528727424,0
0.7690210937851106,0.07681412885680061,0
0.883435331972002,0.08690543151886805,0
0.6789392136122027,0.09399172461126996,0
0.6909143278385099,0.1083673092868773,0
0.6906148208850464,0.1259907221844391,0
0.8242852906156645,0.13600136674043833,0
0.4268292355181409,0.15059889639812196,0
0.356044898192893,0.16774087448634747,0
0.4603120473523198,0.18626627740412965,0
0.4582516460688688,0.2095901514152136,0
0.4083630826620399,0.22753909342158032,0
0.4800304491087578,0.25222768810689494,0
0.3785234114430639,0.2740196941662497,0
0.3735583091021443,0.29827653747838834,0
0.3484642739219861,0.32756363489403884,0
0.3394300081440947,0.3520527139273944,0
0.4476707883501438,0.38042883930433946,0
0.4785587339062997,0.41116599856871555,0
0.4868080849095565,0.44553127173413565,0
0.7638984920979535,0.47428576258373806,0
0.730508630697638,0.5029638168851344,0
0.6317513766997092,0.5286925991929111,0
0.6520378088851613,0.5528018676391667,0
0.6433830907121143,0.5882622798455511,0
0.8112773937911266,0.6204433362765985,0
0.8962134346684367,0.6522225985510789,0
1.0532970859006257,0.6814003334257684,0
1.006553345505346,0.6976752075692325,0
0.883435331972002,0.7298516308480957,0
0.8919532064507901,0.7587766699486959,0
0.992133118477757,0.7861639180444215,0
0.9090018651908488,0.8152837685938614,0
0.9260737615393484,0.8393394329507979,0
0.8506419025221323,0.8585317665114371,0
0.7886233074992686,0.8851472437187706,0
0.7190963829873394,0.9050792284317776,0
0.7142965258621295,0.9301492971115808,0
0.7308081376511256,0.9494254710292641,0
0.6550251325505161,0.9735266156614842,0
0.8570115891966357,0.9775323863685501,0
0.7251020137959618,0.9835386599557592,0
0.657113935355394,0.9981034288903609,0
0.7452361105481915,1.0007447541521393,0
0.8688498597287033,1.006704168554079,0
0.9486658808753422,1.0091218548258882,0
0.9035177895943208,1.0179479356602503,0
0.900778333752538,1.0197560380463682,0
0.9364506446949352,1.0297827421102657,0
0.904736473060216,1.0296923574235106,0
0.9976533414652322,1.0273928591782848,0
1.0863022357831105,1.0279236529759264,0
1.223236298524106,1.0120179890299448,0
1.237602304465303,0.9979115920868135,0
1.3499587233252246,0.9821031901658486,0
1.2351029705776009,0.9591578618337416,0
1.361624002772091,0.9330937661093213,0
1.293659161939983,0.8962841451355668,0
1.148535133195133,0.8822625799628707,0
1.0594602160554665,0.859584872002422,0
1.117536163509664,0.8341113076787342,0
1.3037055546641312,0.816021622852098,0
1.6290191633197382,0.792322269781569,0
1.7939235607769386,0.7533645938282822,0
1.8001176744097307,0.7124794568104963,0
1.611002270893866,0.6926347411421305,0
1.724990486258993,0.6702210062643286,0
1.7659170786697962,0.6445679428825482,0
1.7675437112619867,0.6187712241730492,0
1.8845321600749272,0.5904799241732198,0
2.0596352856894984,0.5609994387116358,0
2.062297282836401,0.526093028822412,0
2.1396862648772457,0.48846876409856493,0
2.038037219604307,0.4522084948980475,0
2.099601390283979,0.42300158349565586,0
2.1192965544319526,0.3918481753092447,0
2.3171518806852123,0.34996475124532667,0
2.1805612181581377,0.31801113284772026,0
2.009181273810136,0.2961523119570883,0
2.0383702919922317,0.2710090167259042,0
1.7932729077400575,0.24760224340784356,0
1.7773086707281165,0.22224635699486556,0
1.7600612013379104,0.19984897563436327,0
1.8704269317397892,0.1842283679179785,0
1.978737424771223,0.16844430657747828,0
2.2245913222765807,0.14972934587490266,0
2.303260954739209,0.1274180613845342,0
2.104605221972327,0.10809020902894047,0
2.0759403409588315,0.09257054028926258,0
1.938802303654698,0.08275150600528665,0
1.8229679893952544,0.06887574900861893,0
1.9200288979756133,0.05661047288692193,0
1.834408638627004,0.045317639414230476,0
1.896024448436588,0.032402864138880785,0
1.711375829658013,0.024593198062333243,0
1.626765115299151,0.01840499595955183,0
1.7991416948544212,0.012897249297911272,0
1.8956965399616537,0.007241341679944203,0
1.9414384812366352,0.002283397755334382,0
2.114953703606463,-0.0009569626986572128,0
2.1106134347374548,-0.004752009222738627,0
1.8766597747200335,-0.005708702084658823,0
1.8812504933690952,-0.005850102287632411,0
1.9480302161697691,-0.004794593699555246,0
2.062297282836401,-0.0030614858000222508,0
2.0260879249429453,5.091887847436196e-05,0
1.8822368007504064,0.004373881110365429,0
1.8206829578967108,0.010324387993388875,0
1.9420968801430123,0.017267742267506634,0
1.7581118241837774,0.026860608409041795,0
1.965522971427042,0.03547112767792908,0
1.9164089949688703,0.04588308903894442,0
1.98005938649694,0.06016597092229027,0
2.203398623361203,0.07789372198095246,0
2.0959324301038067,0.09895123300650521,0
1.8845321600749272,0.11955334342145493,0
1.868459480890202,0.13922556731511007,0
1.893068108249189,0.1634931306874275,0
1.846512850678098,0.19141610395482106,0
1.8157824044681845,0.21635920847650633,0
1.8337528216771368,0.2380185398388422,0
1.7574611711469157,0.2596333232146562,0
1.8004455828846644,0.2842801835051326,0
1.9108164771995293,0.30689092675738067,0
1.9989154147838624,0.33460346406017677,0
2.017466772204336,0.3649107468230985,0
1.926612887039256,0.3882502661549081,0
1.9328715495844413,0.41559547662513663,0
2.046671282125399,0.4532271635155498,0
2.0207820043446048,0.49989564571827655,0
2.033720188343758,0.5375800763617671,0
1.9608986873435432,0.5772110292241631,0
1.804685155450337,0.6167635318402809,0
1.6651278249098818,0.6627443964722253,0
1.7353725333275665,0.7038678851502622,0
1.5843409881209245,0.7319424964933954,0
1.4499424066585496,0.7652386797380617,0
1.4785556485421345,0.793953879402982,0
1.388468604456216,0.8218445767611228,0
1.194238345122686,0.8418470981506128,0
1.106397603187907,0.861305917956164,0
1.1892551690862927,0.8755379217506241,0
1.1150600672304454,0.8857536134885262,0
1.0690186190019575,0.8949413687316083,0
0.926378432405822,0.9028393681936859,0
0.8816124706861503,0.9124359219472525,0
1.033901428706116,0.9167736159123675,0
1.1088711175106396,0.9348908436317503,0
1.0634674125365502,0.9600064633232531,0
0.8245873795256331,0.9792770790873135,0
0.8161159802637648,1.008969401678643,0
0.7690210937851106,1.0503985801069782,0
0.7070954491960671,1.0703794378860878,0
0.7629973892810147,1.0819556652210458,0
0.7545647193665793,1.1013435680593906,0
0.5847365308724168,1.1294103381009621,0
0.6117928529891714,1.141899524988239,0
0.5387854511212632,1.1489828136758744,0
0.4045572787876084,1.1530934125854881,0
0.2147989681043592,1.1545403452923324,0
0.4918196624673958,1.1601152878684275,0
0.5479617245064287,1.1751746557370597,0
0.494768256785303,1.196610778893226,0
0.5639646908657935,1.2131374780571456,0
0.6195335585628163,1.2447310170832442,0
0.7479445829120183,1.269277471499699,0
0.7690210937851106,1.303958819181231,0
0.7446370966412406,1.3308949949094993,0
0.7232998081620842,1.35939248979785,0
0.6672765161218462,1.3929866818657195,0
0.7961703663357336,1.4129978591893468,0
0.2737708544625044,1.4426141165875301,0
0.3373902625126176,1.4489000507345655,0
0.4127549906609544,1.4575046566452248,0
0.3213847141967716,1.4697378419290872,0
0.3007497178844071,1.4880635084773302,0
0.3586707479488529,1.486809396651428,0
0.4791474199872685,1.5071890053304495,0
0.5687077449480822,1.5213445717036926,0
0.4550190365364425,1.5322602049547887,0
0.267398585831496,1.544411647810703,0
0.2659501082374977,1.5558898484070325,0
0.5163121017840786,1.5687187201804476,0
0.4373920195413923,1.5850912861737463,0
0.4744353493829119,1.5885775774888995,0
0.4812078212707195,1.6030047656137028,0
0.5538847327071841,1.6239060272263326,0
0.6759467260338808,1.6411223468052891,0
0.6861222165827916,1.6628115093522746,0
0.6213228544142114,1.68750370180356,0
0.5124727324752099,1.7101457492296623,0
0.4888710681494885,1.7069686846005763,0
0.5174946378590506,1.7269248177423053,0
0.5832519058874714,1.7373668262917428,0
0.4614894195142814,1.7559453816959179,0
0.4450268648987103,1.765301715214087,0
0.4656050581681778,1.7878322630031869,0
0.6535301797395934,1.8078232425383296,0
0.550035035572338,1.820640744265207,0
0.5313881457615397,1.839365807438922,0
0.6439795226625746,1.8527909340140376,0
0.4391529138713605,1.8656710383848492,0
0.4770870187038368,1.8753171442314251,0
0.5787980309326689,1.9015892258258955,0
0.5402649121932176,1.9233039539146641,0
0.4888710681494885,1.9293640379987,0
0.3158567453398002,1.9324506332453717,0
0.2645016306434995,1.9581475196926483,0
0.2552401526940102,1.9486159894330022,0
0.3525437651849353,1.9575112553345946,0
0.3694684900132177,1.9710194393832963,0
0.181388451052065,1.9817808434106525,0
-0.0984698134995658,1.972753488660853,0
-0.0815838180187309,1.9708935968054269,0
-0.2045933893792862,2.009379165694352,0
-0.2076607536959835,2.019262444552654,0
-0.1489857923348158,2.01534247552223,0
-0.0053179870534553,2.0327022405982724,0
0.1108287439419292,2.0417597071740854,0
0.2958130170649337,2.035449018337347,0
0.3132412234098177,2.060639595061345,0
0.2234536862774061,2.067569848768625,0
0.4520781880880315,2.071536729626285,0
0.5272492694992075,2.08727809107004,0
0.543815102374581,2.102443601439053,0
0.5838457558814554,2.105595544708088,0
0.4862168168720777,2.124338039267055,0
0.3484642739219861,2.13935419996862,0
0.3796930377355533,2.134366625923814,0
0.3170212077193034,2.1401272138782,0
0.4224295816497302,2.150677798878657,0
0.3896309882868936,2.1653234277418525,0
0.2618964365395184,2.147685196458498,0
0.3373902625126176,2.1597104170198786,0
0.3376820235966089,2.1500960374666462,0
0.4095352909110153,2.1590643852200033,0
0.545000220406034,2.1861666360624983,0
0.4089491867865277,2.188734163446008,0
0.4959482109037506,2.2009561580202828,0
0.5192684419714821,2.206686955644249,0
0.5077503340448759,2.2099374277300567,0
0.7272037263833462,2.1928208682181074,0
0.6732563273655277,2.1911518262657195,0
0.6774442608012847,2.188663204343267,0
0.6996026114460182,2.170729407073029,0
0.6678729480723112,2.169379195139794,0
0.4271209966021321,2.1469036836573414,0
0.3577954646968791,2.13019520436122,0
0.2975532557429232,2.1138649539869334,0
0.2416487337014705,2.094319029712976,0
0.0782676905766678,2.0771865164794314,0
0.1687394461803976,2.064799049301706,0
0.1785121515160232,2.060602069750032,0
0.1168369567070615,2.0390170250524475,0
0.1446239725120541,2.032073512894083,0
0.2018272186707636,2.0195149045047036,0
0.3254564595902246,2.0039841912909067,0
0.2407811963189688,1.9966892937889082,0
0.3103339403958439,1.9881387048881731,0
0.2926191368799357,1.9699468833432567,0
0.1314405026458338,1.9514472276810078,0
0.0429439437611829,1.932060065409987,0
0.1500744826741497,1.9104921874676637,0
0.0600261679356789,1.8632551683664886,0
0.0714229239069899,1.8432124901118598,0
-0.0886248133820746,1.8003509890895852,0
-0.1349735144335175,1.7932751089928924,0
-0.0897505464141255,1.7843882245014022,0
-0.1386192370052303,1.781046596368276,0
-0.2032017148281898,1.7755011472795545,0
-0.2674433743937332,1.7774000406673045,0
-0.0798952184706522,1.7884819430497678,0
-0.09228086377976,1.7814759596395358,0
-0.0590381738996808,1.7701596308574066,0
-0.0036164777228941,1.7639493658202072,0
-0.0132497574077558,1.7448201289621896,0
-0.1554277737912038,1.7344901831813964,0
-0.2494006624028913,1.7202556601263106,0
-0.4477930356072377,1.7102474918989528,0
-0.2793642675336438,1.7053208279014551,0
-0.2779777568955337,1.6930906354674085,0
-0.2496795137044001,1.6903883695725324,0
-0.0567789619660828,1.6785933627378928,0
0.032141037783827,1.6608436752578128,0
-0.1467446540966867,1.6394682046335753,0
-0.1122419694467837,1.6290555497701247,0
-0.0801766517286661,1.6227714633571386,0
-0.2227032322390073,1.609321145688292,0
-0.2313321308471085,1.6076376239744186,0
-0.3062140331307599,1.60573080439565,0
-0.1551463405331947,1.6052395091246963,0
-0.1026861484567979,1.5981026927727997,0
-0.2121197925637771,1.5858235325140917,0
-0.1847846191454946,1.5758954365224154,0
-0.2107255360561949,1.5654331255070433,0
-0.1973432555398036,1.5570750147284453,0
-0.1417020930609105,1.5385948108527217,0
-0.0849635990713982,1.5197383061455152,0
-0.1811518063562643,1.5034100343761891,0
-0.2535653582301886,1.4862300604949308,0
-0.1445035158585575,1.4814151489592517,0
-0.1657788373818257,1.4673230470096694,0
-0.2907222941575312,1.4522952560650608,0
-0.1956701477306885,1.4409390107927031,0
-0.140300090683832,1.430959654200833,0
-0.1097142340376495,1.4172768537600495,0
0.0361198327434598,1.4017679577117184,0
-0.145905518235636,1.386077922015867,0
-0.0784880521805874,1.3747026219622216,0
-0.0533914350439241,1.360540251709193,0
-0.1708110705916246,1.3478583641153088,0
-0.019758869733023,1.3347873732337276,0
-0.000500056232796,1.3181463551604837,0
0.1145493432520126,1.3011927918375117,0
0.0466438874192877,1.2699319094866988,0
-0.2643915018160043,1.2444423557686601,0
-0.1063421988544832,1.2328920789218838,0
-0.0643957336279321,1.2203912175836482,0
0.0856856515883461,1.2041033106177494,0
0.0344157414564174,1.179577330012282,0
0.2485864508049878,1.1578584517800166,0
0.1515100504856654,1.13239597099332,0
0.0432305409321831,1.1077542443478356,0
0.0708523115214707,1.0937578146513443,0
-0.0505693565942983,1.0692465431538942,0
-0.0911577127042143,1.056018608889042,0
-0.102967581714807,1.0474883421127323,0
-0.1615805761200672,1.0441022742587254,0
-0.1534654868545882,1.0437535418117845,0
-0.164939701520775,1.0413598397616428,0
-0.1125234027047928,1.0372396847818257,0
-0.2743759275842643,1.0285222844517603,0
-0.0587541586851617,1.0222208384564724,0
-0.022023245579612,1.0099191249188897,0
-0.0104173511321526,0.9972593284164087,0
0.1028246788057632,0.9854961007918595,0
0.0202098168179391,0.9515984950616462,0
0.0327090682128652,0.9484490441732623,0
-0.0084318265870964,0.9188380145933601,0
-0.065521466659983,0.8944274331246727,0
-0.1607440222155217,0.8925672678862115,0
-0.2196410318353011,0.8938323555840796,0
-0.2510660243425102,0.8959554909411291,0
-0.3489996342183616,0.8977922194762471,0
-0.228548781744911,0.8997346620357971,0
-0.3795441795606106,0.8958243705389101,0
-0.3136784693593819,0.8975572998586628,0
-0.3078742311573876,0.894791453112342,0
-0.2777014875505109,0.8905797417135602,0
-0.2104492667111721,0.8849567150594932,0
-0.2032017148281898,0.8803611208761487,0
-0.2104492667111721,0.8735605534230525,0
-0.2121197925637771,0.8686475371123675,0
-0.1573848968148139,0.8639752636239827,0
-0.101844430639242,0.852786431350933,0
-0.129925789484755,0.8447796012959654,0
-0.1445035158585575,0.8389496960219294,0
-0.1391795215647722,0.8337614957153698,0
-0.2227032322390073,0.8254209288453388,0
-0.2882281241828391,0.8150301477650675,0
-0.2732656862911771,0.8061485809255717,0
-0.5238084167924314,0.7955237248230792,0
-0.4499773708024649,0.7911542494895102,0
-0.3919065872612538,0.7884454143830467,0
-0.3307994228813062,0.7815713914305389,0
-0.2363359625354564,0.7697446530582022,0
-0.2854602668196053,0.7560277229452987,0
-0.2607845085917246,0.7457951791707207,0
-0.2252077300396768,0.742051666453706,0
-0.1847846191454946,0.7353741486427772,0
-0.0265494153162849,0.7270052683395064,0
-0.1411418085013686,0.7061174949714314,0
-0.3125733919792809,0.6987923056584839,0
-0.2693850056783749,0.6956702280162971,0
-0.3580881210826691,0.6869928251748215,0
-0.4080954544883072,0.6793768548836983,0
-0.4551696853149825,0.6713147622349304,0
-0.4685442199618823,0.6634502455994169,0
-0.5077718849986486,0.6572365929050011,0
-0.5118513762615977,0.6516584461132731,0
-0.4185110669912984,0.6463571657801863,0
-0.4641781315279282,0.6383754433582238,0
-0.4778186076938734,0.6342604122355764,0
-0.3979457835043182,0.6288322241118735,0
-0.3751471076487052,0.6210406463702429,0
-0.3545069474233495,0.6110734913926461,0
-0.3886120107729393,0.599690656408734,0
-0.2926587615291818,0.5856704832553389,0
-0.2929350308742094,0.5682068099528903,0
-0.3360407945672486,0.5522164831413868,0
-0.3098081165725571,0.5406253987138887,0
-0.4423244517496733,0.5283504830382896,0
-0.4237162912863225,0.5189430559357624,0
-0.3924565439948184,0.5113080686218804,0
-0.4674546343207739,0.5007880934261758,0
-0.6209261284156921,0.49068066411839856,0
-0.6569779869629337,0.48529620427643505,0
-0.6279283944316028,0.48245508221860134,0
-0.5522925608512536,0.47595236078447495,0
-0.4854508710946912,0.4705851904349007,0
-0.5183759803258334,0.461685726945518,0
-0.5774666366827687,0.45542076715164587,0
-0.5509370336910755,0.4505364627293037,0
-0.5161993910000783,0.4405382498535389,0
-0.5395506055457611,0.43270338662433144,0
-0.5238084167924314,0.42181236507172115,0
-0.4723655155753015,0.40957619563868625,0
-0.4412297021955738,0.3990149257132127,0
-0.4497036834139232,0.38344623676700357,0
-0.5104906851884334,0.3701008050027784,0
-0.5045082919882709,0.3601180304582706,0
-0.5774666366827687,0.3511036436214558,0
-0.5953027921539673,0.3450308581278519,0
-0.5882798704860779,0.3373579558651217,0
-0.6166142610681539,0.32882502393205165,0
-0.5536480880114074,0.32286903290392394,0
-0.4993392150842132,0.3162873620413998,0
-0.533581122128057,0.3112892925390052,0
-0.5836865698805306,0.30404753763663267,0
-0.6559013111042837,0.2988527740880599,0
-0.6693274848810944,0.29786841998270763,0
-0.5763873788676376,0.29524333541061315,0
-0.41988208589044,0.29383835588197776,0
-0.4031587536688337,0.2900135232632546,0
-0.4573540205102098,0.2841217574595401,0
-0.3545069474233495,0.2814070895717497,0
-0.2599505366436602,0.27500073996654634,0
-0.2643915018160043,0.26718391952802717,0
-0.2396744322841854,0.2599754839442657,0
-0.3131259306693315,0.2517896604329669,0
-0.3459658353361015,0.24709461999971913,0
-0.4832691178559691,0.24261270178423955,0
-0.4669098415002196,0.2405216085577686,0
-0.524079522224468,0.2378930412301659,0
-0.4368532859356229,0.23321047816624801,0
-0.3131259306693315,0.2285089087006469,0
-0.1201040269756997,0.21932330800559544,0
-0.0863733473179681,0.20832572912141173,0
-0.1520660664340149,0.19732552592885497,0
-0.1417020930609105,0.18755488777820223,0
-0.1456240849776221,0.1774329215527896,0
-0.1629799965406598,0.1676760759056615,0
-0.3307994228813062,0.15921249873890597,0
-0.3186513175697737,0.1533966039656218,0
-0.3296969274577104,0.14851492476924832,0
-0.3343857604536072,0.1432311014091277,0
-0.4609042106915924,0.13825431408304412,0
-0.4854508710946912,0.13373375521929742,0
-0.502331702662535,0.1284822746345302,0
-0.392730231383336,0.12454837620369547,0
-0.4067244355891607,0.11808099815775149,0
-0.3641428090647212,0.11318800502940914,0
-0.3864147657952487,0.1070442077918156,0
-0.4936201814465862,0.1029350631983738,0
-0.4559881655240785,0.0999968298269597,0
-0.3869621405722889,0.09639352043105073,0
-0.4805451537531738,0.09361465550986184,0
-0.5069559867460385,0.09046544895728018,0
-0.6257750427143316,0.08744720527871638,0
-0.6448815207813361,0.08614000972179454,0
-0.6368129067327528,0.08609789616379014,0
-0.6671792970768096,0.08705280569473257,0
-0.6435363214471547,0.08671093980798977,0
-0.6112231359054701,0.0863349059368301,0
-0.7979863770538923,0.08581154844880945,0
-0.7825772606885066,0.0869470449308866,0
-0.7194071130685981,0.08788064392646895,0
-0.4253584156174766,0.0872293990485649,0
-0.5050530848088444,0.0838813243727403,0
-0.5107643725769752,0.08187756867856452,0
-0.5479574558952361,0.07972930967557396,0
-0.5017894917984619,0.07821606231043311,0
-0.4805451537531738,0.07761392150021869,0
-0.5698937582813387,0.07720607932271134,0
-0.6429992744960726,0.0779392360600913,0
-0.7073751957993938,0.07898174660401491,0
-0.7501014118875933,0.08043131968553884,0
-0.7732693075220735,0.08171099015684061,0
-0.7415680456698367,0.08381221589579319,0
-0.7567628596460878,0.08552939155444016,0
-0.7714077168887887,0.08588045185698837,0
-0.6435363214471547,0.08575366897827041,0
-0.7287563775389647,0.08576346586617296,0
-0.7583610907168273,0.08576042053833716,0
-0.7674160121466975,0.08643400850374708,0
-0.8192074774907397,0.08756278508988878,0
-0.9711633631227852,0.08948493019468137,0
-1.021560571959245,0.09202722402361015,0
-1.0085242736132565,0.09455973175219949,0
-0.8776371529848167,0.09770134947340597,0
-0.8747350338838339,0.0992190864594362,0
-0.9087187452781283,0.09985253989978005,0
-0.8485901424099955,0.09983298509639366,0
-0.844360897670281,0.09906765024033092,0
-0.9242311399033358,0.09838669161688847,0
-0.8271573215405138,0.09886538373935957,0
-0.7727374244840017,0.09824454661812804,0
-0.9405052116947324,0.09865762356796447,0
-0.7916141084229031,0.10026941296888231,0
-0.885284908124598,0.10051366652428537,0
-0.8483267828474312,0.10031266093048519,0
-0.9121372556782192,0.09867036658235798,0
-0.9669754296870234,0.09759538100930407,0
-0.91687256389106,0.09626143385557054,0
-1.055386784007302,0.09434344447894699,0
-1.120687045736022,0.0932162868195414,0
-1.0774547661747014,0.09161725691329871,0
-1.1707124528371338,0.08928220919432225,0
-1.094299450351598,0.08795087253068984,0
-1.031981348375247,0.08528714821366348,0
-1.0066988303708997,0.08301371189949779,0
-0.982410365617355,0.0793141330448124,0
-1.0137424076907438,0.0758912930017497,0
-1.0397866028612657,0.07307786372650726,0
-0.9797948436873676,0.0716066407766935,0
-0.9294828394152796,0.06945949535478169,0
-0.8883935837452288,0.0688670181882861,0
-0.8905546813319962,0.06894564576844883,0
-0.8781638721099021,0.07077390578074921,0
-0.7910822253848122,0.07346624776480944,0
-0.677912490228781,0.07437517899739454,0
-0.6160746321605907,0.0764396903742114,0
-0.6246957848992004,0.0803802226728977,0
-0.6733527550576517,0.08488745614878229,0
-0.6666448320822327,0.08845452273448079,0
-0.7282219125443878,0.09081206094212284,0
-0.770875833850717,0.09154656308273976,0
-0.738632361134412,0.09360599423149502,0
-0.7046977069135231,0.09522182010656198,0
-0.618770194741935,0.09430530082191688,0
-0.6131105461036958,0.09134863992694214,0
-0.5926020656596127,0.08215090908029726,0
-0.6749613139543686,0.07268572197095201,0
-0.7926752925425607,0.06557738180277164,0
-0.8009065698503487,0.06020901323921923,0
-0.9107171796056912,0.05706321014870135,0
-0.904770933796452,0.05709966209832458,0
-0.8765837147346314,0.0590936959165657,0
-0.9265936300967554,0.058983952701373056,0
-0.9247552770719306,0.060615029899628366,0
-0.9089821048406688,0.05972603487577416,0
-0.8340408175576152,0.057161152915482676,0
-0.7966592514151846,0.05341952796686331,0
-0.7801037463657692,0.04893873902694095,0
-0.7825772606885066,0.04655434099577774,0
-0.8107257504028748,0.04442870019588097,0
-0.9045101561903928,0.04324998521164982,0
-0.9221268453594657,0.04149986031150468,0
-0.9045101561903928,0.039004936831392105,0
-0.9428677018881568,0.03865363303595258,0
-0.9279052639964948,0.03759573356301301,0
-0.9121372556782192,0.03378540486887411,0
-0.7820453776504108,0.0317557529504734,0
-0.7687457197418864,0.02963207744820643,0
-0.7735352490411189,0.02725180091865156,0
-0.7250177045334124,0.02401134075653759,0
-0.8258327778582919,0.020153148358276578,0
-0.8126079966881334,0.017888392537875292,0
-0.7525000494719553,0.015239600428284516,0
-0.6591261747672187,0.01344875340724711,0
-0.5503974047835075,0.011442686159885172,0
-0.6838096788645955,0.010269894806536452,0
-0.6567068815308972,0.008852233877691962,0
-0.625503937282295,0.007172330319194187,0
-0.7022913234596648,0.005026926899906738,0
-0.6805925610711376,0.003587963523588949,0
-0.7804523104926816,0.00201166766588586,0
-0.7501014118875933,0.0010800120734381702,0
-0.7580951491977819,4.5446529639527756e-05,0
-0.7466338443140728,-0.0006363503517638925,0
-0.7343643870472739,-0.0012482447255318214,0
-0.5585254038314739,-0.001624792849132862,0
-0.5152234114447688,-0.0016420336241123237,0
-0.4750920616345779,-0.0015057450442531005,0
-0.4750920616345779,-0.0011110234001291313,0
-0.5820625192448211,-0.0006721800730002556,0
-0.6025890733843778,-0.00019970562370068127,0
-0.5245416924371793,0.0004726008168173008,0
-0.6182305658343478,0.0014566666893269086,0
-0.7081756023129969,0.001996349945432666,0
-0.7127224277016437,0.002480806297170368,0
-0.7006853465194484,0.0025985657546146066,0
-0.6593946982427693,0.0027031457666587336,0
-0.6698645318321764,0.0026525168245834186,0
-0.6198210510356151,0.0024073590233539715,0
-0.6510653065881509,0.002226340821394032,0
-0.7485005988603678,0.0014893596987064623,0
-0.7434348002161076,0.0007554239759440508,0
-0.7679478951847692,5.379315353076935e-05,0
-0.7445011482487564,-0.000712203758565497,0
-0.8337774579950749,-0.0013191476852117392,0
-0.8984554682083646,-0.0017115192915697144,0
-0.9105596802594536,-0.0018741963522705578,0
-0.9045101561903928,-0.001789254025238079,0
-0.91687256389106,-0.0015300613539988117,0
-0.8902913217694559,-0.0012373972319805666,0
-0.7588929737548991,-0.0009024336520558763,0
-0.8170876912079058,-0.0004459024326039489,0
-0.8509707062988647,-7.375825807002926e-05,0
-0.9483750150931448,0.0009014081662126649,0
-0.9902517674943164,0.001980306526508622,0
-1.0631791287108627,0.0031570038108335477,0
-1.140823724444752,0.004205364170856655,0
-1.1279191058800355,0.005616363542022819,0
-1.2220624036204242,0.007223193418298249,0
-1.2869572981793538,0.009895746655002329,0
-1.2961258256950228,0.01236316524236571,0
-1.299688925658864,0.015642082471887114,0
-1.396512294241628,0.019738085811065006,0
-1.3646870984775958,0.025726132628451418,0
-1.4125539899484214,0.03232647547302866,0
-1.3019791210703988,0.0385744732646358,0
-1.2799989254238575,0.04545662856205669,0
-1.2089641383185472,0.051457318681373806,0
-1.2005211405781344,0.05813839813767835,0
-0.9593818956336388,0.06685930012284595,0
-0.8422436933439522,0.07350277378486555,0
-0.6413855516863695,0.08931304344367254,0
-0.5620446105349004,0.10009459425761942,0
-0.6521394004902908,0.10782096187582615,0
-0.4685442199618823,0.11187198563894016,0
-0.1172974402650616,0.11674997169985003,0
-0.0914365640057183,0.1179872294248581,0
-0.2678590693895008,0.11829330581675225,0
-0.3869621405722889,0.12297809729456081,0
-0.5528347717153026,0.13019242629409244,0
-0.6168827845436853,0.13524028870809765,0
-0.5998909288465284,0.14093685386693944,0
-0.91976177320956,0.14681887845839836,0
-1.036665017458157,0.15565927389200343,0
-1.695536421859671,0.16584780655458226,0
-1.615307287673726,0.18509198591067041,0
-1.463209394434435,0.20301822813234816,0
-1.3808501461396794,0.2223580481784526,0
-1.192560968702383,0.24279548517210445,0
-0.848856083929017,0.25688313760156883,0
-0.6521394004902908,0.2678702632167143,0
-0.8873917846249735,0.2741793426517333,0
-0.8958218725829085,0.2818980865491368,0
-1.0538298642404962,0.2881330127155686,0
-1.2838976797321286,0.3002129890966848,0
-1.3714957177563458,0.31678954782835106,0
-1.37832241073055,0.33622676068864454,0
-1.1804851581727402,0.3568337370892041,0
-1.2486746292199602,0.3733218274842445,0
-1.1106045056209315,0.39036485231308443,0
-1.099218077475598,0.4049303986986618,0
-1.1201680724804135,0.4208837927416989,0
-0.9850258875473374,0.4328817063040297,0
-1.158920657521986,0.44344758257802963,0
-1.2599164678015435,0.46798005438156437,0
-1.2415174458143412,0.48908249410841154,0
-1.246121074245885,0.5186087588888222,0
-1.264256736670547,0.538397733309677,0
-1.365675987815388,0.5693635298601424,0
-1.4363260634028627,0.5948221852405388,0
-1.3352657042109115,0.6270617009254308,0
-1.332727640975805,0.6494428343714119,0
-1.3073211890596816,0.6778546018863446,0
-1.2192429071273037,0.6977972111864282,0
-1.0714878647135024,0.7119650511800598,0
-1.0408271313289683,0.7159774932126353,0
-1.1606712240259769,0.7137544720631718,0
-1.3029964119296418,0.7312778827257796,0
-1.3896933471368962,0.7487535150022296,0
-1.3060508664638757,0.7698815134258598,0
-1.300961830211156,0.7892998261945624,0
-1.366182051288514,0.7976474034214668,0
-1.2851731662409256,0.8177271539051187,0
-1.3352657042109115,0.8368930787698656,0
-1.3714957177563458,0.8551974362511552,0
-1.3403392487246442,0.8623682552566819,0
-1.1372115673074812,0.8723924634782972,0
-1.1098273367157931,0.8698252907404176,0
-0.9902517674943164,0.8665932123645674,0
-1.055386784007302,0.8822771381974988,0
-1.153072526059601,0.8726431086047601,0
-1.1634778107366148,0.8653551949081008,0
-0.9928621255113124,0.8520922255807966,0
-0.91687256389106,0.8458197930624322,0
-0.7820453776504108,0.8454556301197371,0
-0.6966678222123921,0.8332799884320781,0
-0.6805925610711376,0.8223981022777778,0
-0.5430775581186598,0.8072298098930634,0
-0.4423244517496733,0.7878046592036558,0
-0.2215904089894149,0.7671705934589832,0
-0.2613396292382755,0.7460741486347046,0
-0.2915511021925805,0.7293113642041779,0
-0.2338340466912728,0.7124127332291172,0
-0.1618620093780811,0.6976579223596342,0
-0.3294206581126876,0.6797831309587569,0
-0.4075480797112478,0.6696139752869991,0
-0.2218666783344377,0.6598995213316852,0
-0.3778968913164654,0.6519334137005477,0
-0.4272768092936584,0.6313701377220973,0
-0.4963725470708324,0.6141645519301469,0
-0.5688119185097217,0.595847426780846,0
-0.347620869449743,0.5796267503838077,0
-0.2768700975589516,0.560460760573536,0
-0.410013848164489,0.5448368838148469,0
-0.4723655155753015,0.5293514407795448,0
-0.4641781315279282,0.5105531395523744,0
-0.4179636922142582,0.4993395435282054,0
-0.4423244517496733,0.4736820831678646,0
-0.4089190986103702,0.46034926910729346,0
-0.4382217228782594,0.4404233392515479,0
-0.4179636922142582,0.4231954140322866,0
-0.2757624382223503,0.40963419393624023,0
-0.3572618950041009,0.395180546908444,0
-0.2188044779307315,0.379466123580526,0
-0.3296969274577104,0.3616607574459198,0
-0.2818584375083359,0.3442814354924646,0
-0.2050684693744608,0.3271270526060185,0
-0.0638328671119043,0.31012302103807937,0
-0.0497792779066773,0.28909070894190037,0
-0.1040933147468626,0.26769935828927816,0
0.0060219658749585,0.2498725890864199,0
0.0401012096595784,0.2210567224017363,0
0.2032679503952704,0.190801188524313,0
0.2784080483284951,0.17454532186192584,0
0.3376820235966089,0.16162625643173809,0
0.4600177043118233,0.14608447148581827,0
0.7127964091382205,0.13217454713999596,0
0.603460879378067,0.12427049853063461,0
0.7422307131873823,0.11401796109319383,0
0.9358387210055018,0.10404824968890276,0
0.7410275214604749,0.0965032948160526,0
0.6999021183995009,0.0880287494075947,0
0.8127904202975181,0.07916246723958992,0
0.9370599864278828,0.0729653470148248,0
0.9449995026516746,0.06451755570262084,0
0.7419312062338996,0.058364047458647386,0
0.6445759546130637,0.05057460119388113,0
0.6418907198576967,0.04292463461015572,0
0.7659175820774757,0.03553746770142004,0
0.8152071315773345,0.028204105325493566,0
0.8931693079601801,0.02427467904030561,0
0.9449995026516746,0.01936749986561522,0
1.0995915658656574,0.0160383745306694,0
0.8735593483765547,0.012120344483690612,0
0.9388931755397116,0.008325177557419645,0
0.7750499622021978,0.005389991648938491,0
0.7675132311917102,0.002927164099268881,0
0.8551913098672844,0.0011127139127027107,0
0.8718888225239496,-0.0005567803159214619,0
0.8218634154228379,-0.001844963262313646,0
1.0354402747774532,-0.0027582112501093317,0
1.0804360306252472,-0.003043601643576362,0
1.046212197276848,-0.0033480260740122725,0
0.8819171415526241,-0.0028561439898147686,0
0.8655113899799501,-0.002822021859334094,0
0.8539777903143804,-0.0019793122053281325,0
0.8264024949420126,-0.001980265560517217,0
0.7148955397690998,-0.0008718485507318449,0
0.7931520591924419,-0.0005003325543591587,0
0.8321576759705579,0.00022210802015488015,0
0.8718888225239496,0.0022898882738324293,0
0.930956241272425,0.00241852191634439,0
0.8755345450956576,0.005025360791843509,0
0.7868133559958947,0.006244156513139302,0
0.8837400028384805,0.009010975069646482,0
0.8779641661579565,0.011391654790162036,0
0.710033715687997,0.01299757258295409,0
0.5808765059115694,0.016959131339329622,0
0.472963634180449,0.019359908816990325,0
0.5047991577704635,0.02328249339834485,0
0.4227239246902267,0.02728532036824251,0
0.5169059517780625,0.03380319023546447,0
0.6538296866930808,0.0394728230186387,0
0.6192366335658147,0.04503416700691896,0
0.6601012590207295,0.049472870691967645,0
0.6070317252114091,0.054683643964997676,0
0.7629973892810147,0.06281369693757463,0
0.6442764476595761,0.06761857694293211,0
0.7088950728734636,0.07672521146783054,0
0.7078752000577347,0.08460674012217627,0
0.8158138913537961,0.09190933363201147,0
0.8143008648474045,0.09735813818065973,0
0.6541291936465443,0.10477862821550599,0
0.6580124562158517,0.11193434615403478,0
0.578204180938685,0.12001533644428296,0
0.5963269335808837,0.12458724946389604,0
0.7118953063212817,0.12832987319835162,0
0.8439727088941656,0.12885685104719377,0
0.8962134346684367,0.1291946039402455,0
0.811884153567593,0.1330771713111667,0
0.884346762614923,0.1376051836507896,0
0.7997954332554675,0.14364220759180407,0
0.744936603594704,0.14760849888795508,0
0.6681724550257939,0.1520037325180385,0
0.5166090267810802,0.16030256131906354,0
0.4373920195413923,0.16575755366626768,0
0.4388611527873692,0.17281385564785154,0
0.6975034808151389,0.17712009956170155,0
0.6335380905946184,0.1840058448592663,0
0.8173269178601876,0.18047451447452614,0
0.9807931655493431,0.17774026655396963,0
0.8385170348190838,0.17823577995362258,0
0.8200483000064777,0.17296804105602068,0
0.7366691788959977,0.1728248472686767,0
0.7866920040405995,0.16697367387364698,0
0.8773574063814901,0.16836854024412756,0
0.9080878525914275,0.16503071164582558,0
0.9172305605421316,0.16141501315258547,0
0.8825239013290666,0.1608302891046665,0
0.9233265598280932,0.15834354804737535,0
0.9233265598280932,0.15842185436735193,0
0.8718888225239496,0.15536089572866207,0
0.9970414177757796,0.15713828883040315,0
1.039256406477881,0.15639380851711132,0
1.0305810326528555,0.15647058908477887,0
1.1507091405643828,0.1541906257346522,0
1.0785847678179443,0.15321334678877652,0
1.3736197726503725,0.15745928244461743,0
1.4607427306793956,0.1530611774706096,0
1.527987205649243,0.14906226761369173,0
1.4753746781396189,0.14371316567648806,0
1.4575643422333853,0.1410718065183435,0
1.4528006324991178,0.14116337250515645,0
1.383095552989001,0.13771567014649533,0
1.525048939157313,0.13896373934949158,0
1.5014627665705602,0.13790677826121978,0
1.5350178731866049,0.13460049852132552,0
1.5467244639373805,0.13105572641581484,0
1.6448052453334874,0.1302532877097784,0
1.7815404974243167,0.12337679871366783,0
1.680635055622098,0.12093755421941563,0
1.7256385573393644,0.12050668260614451,0
1.6167910173568727,0.11809586759444232,0
1.6270878598610738,0.11669222619622399,0
1.612608247834102,0.11266556448920029,0
1.6567390482558804,0.11199249281054666,0
1.6964831045917306,0.11184008177388072,0
1.7603891098128488,0.10803269352058716,0
1.86206913856372,0.10648192941510169,0
1.6029672222797442,0.1046014044522392,0
1.7555092120362723,0.10435422649181615,0
1.7574611711469157,0.10423198147967605,0
1.862887618772816,0.10381158748486857,0
1.951329956571051,0.10152472522072967,0
1.8004455828846644,0.10116497115893885,0
1.6158253656275403,0.0976963525303648,0
1.5605869883619323,0.09686704457185916,0
1.664967743607163,0.09881382684868807,0
1.5644625050617438,0.0947077320993074,0
1.5401353109607707,0.09673544045547566,0
1.3600490093098112,0.09626003023414667,0
1.3799352382384595,0.09546180756388972,0
1.5132984551461226,0.09850153774333725,0
1.4629683771785371,0.09833254773889202,0
1.5726989462825178,0.1015580951046786,0
1.5795282212132271,0.10063110545275585,0
1.5292652741145405,0.09901834959184136,0
1.565549508746371,0.0959057221233831,0
1.4400999884975396,0.09998406581609721,0
1.4725112883860596,0.09856645992210367,0
1.480786458954262,0.09300009500123811,0
1.3613090040796398,0.09108175542341389,0
1.297111237774511,0.08700001671426795,0
1.3043329700925284,0.08757354924141869,0
1.1404665191465737,0.08654345128041584,0
1.3181619290826432,0.08509601552080696,0
1.328605943107105,0.08502622902697615,0
1.4724157559957345,0.08314215651032479,0
1.4750570974906625,0.08124897774718527,0
1.497352291829655,0.07831198115907902,0
1.476965163340867,0.07650029317957796,0
1.4988472446405727,0.07222393231825149,0
1.4128319459481316,0.06855609249739227,0
1.3164965671430244,0.06459179332676031,0
1.4115642053088306,0.06150349293304957,0
1.4861982397689295,0.05688837972151947,0
1.5737885319236504,0.052485933024360554,0
1.5420537046369525,0.04816650641342768,0
1.5836980809535155,0.04127279783615108,0
1.559977646628985,0.035920858690471645,0
1.4065009886210758,0.03299044588926343,0
1.3231915803359562,0.028349611754573675,0
1.3976371319718852,0.0244543275512932,0
1.322249166215084,0.022001242468128693,0
1.1426405265157995,0.01917518391811753,0
1.0514484050498092,0.0184179982657559,0
0.8913438647178425,0.01729426844635819,0
0.991397260876528,0.01676112105577113,0
1.052372745475227,0.01783060140491648,0
1.1824078204601336,0.016309597714210245,0
1.1042287597316434,0.015474916790634065,0
1.051755657872788,0.016426888675070497,0
0.9994968584030434,0.016307253145849222,0
1.1752532190109766,0.01581223233613585,0
1.0354402747774532,0.01457749224716261,0
0.9593655085928524,0.014991313719345006,0
1.067474609017634,0.013362998182080177,0
0.8664228206228904,0.012298929901328916,0
0.8076497449148874,0.011053531558820356,0
0.7287064250637412,0.011025228860390278,0
0.7533615276396719,0.011188082601343265,0
0.7165454099697501,0.010342373670527353,0
0.6138764918810823,0.011390018061585126,0
0.6251957891575174,0.00986701481360434,0
0.735915247599295,0.009775328222829208,0
0.7103951895973727,0.009407177024722905,0
0.8203529708729514,0.008399752951410861,0
0.9401144409621168,0.007775161967984383,0
0.9388931755397116,0.005844701342159753,0
1.0299045600510337,0.004695003159477021,0
0.9970414177757796,0.003253075206413444,0
1.0277512083337383,0.0037172539438009348,0
1.1132010585536467,0.0020427192086927533,0
1.1824078204601336,0.0018051048063086692,0
1.1513288101233077,0.00018080910975021416,0
1.146363707782388,-0.0006368718920098238,0
1.3106174522026834,-0.0012876514936629212,0
1.2826806829209447,-0.0024770613355725828,0
1.29428657736838,-0.0028081827487339856,0
1.244478054612913,-0.003862659860139322,0
1.407133567962488,-0.004611133483579448,0
1.3894161824900746,-0.004996915546918731,0
1.4081147114307837,-0.005007656009080342,0
1.5069184406456373,-0.005140538634901147,0
1.487791306926678,-0.004616994752491067,0
1.2726497819357652,-0.003863819662819282,0
1.3452311609819043,-0.0030389244655821125,0
1.245105470041329,-0.0015234522788346594,0
1.2297918860662738,-5.3379061752950266e-05,0
1.3609940053871648,0.0017890455364338045,0
1.583057755742636,0.003976857703809283,0
1.5177678218398936,0.0074052499593075536,0
1.525495617631056,0.011083158664203853,0
1.3825585060379382,0.015732415224991494,0
1.3799352382384595,0.021054340244758805,0
1.5382169172845697,0.02688634988193661,0
1.5522937440982614,0.03382633951119367,0
1.6976785504491658,0.040470986279630194,0
1.5869074528774822,0.04996780700769471,0
1.7006891117229612,0.05978820822232838,0
1.609393711997149,0.0712846449425385,0
1.6774024460896717,0.08300719465450195,0
1.7520338985932846,0.09732130911076177,0
1.629664652443633,0.11335370300979353,0
1.6309504667784074,0.1277453258517089,0
1.6241909046730774,0.14134197604199955,0
1.7168857248194869,0.15621478009322767,0
1.6841904097164475,0.1749744197948058,0
1.6670642922815373,0.191159934619355,0
1.50060297505755,0.2061927226132197,0
1.577284501018593,0.22345408557905452,0
1.6319161185077395,0.24420410459401176,0
1.5869074528774822,0.26581709251505026,0
1.606726550937251,0.2868780259522165,0
1.5862671276665976,0.30596318129882094,0
1.4512127292543555,0.3259759707667771,0
1.4772827439898233,0.34859821923785744,0
1.487791306926678,0.37218790042203775,0
1.2029627761211172,0.3953463072394406,0
1.0249859329270097,0.40896757715233106,0
0.9388931755397116,0.42704293976034785,0
1.0231398340327174,0.4413940146632952,0
1.0754967478492734,0.4550555097647568,0
1.0677844437970938,0.4682053997258817,0
1.0616187316857528,0.4872488907303749,0
1.0872317401215197,0.5266623552424403,0
1.0585358756300678,0.5467574421339465,0
1.000108782092496,0.5669230502214533,0
0.9023016880849068,0.5892487629348018,0
0.8794849385338201,0.6129518310975289,0
0.9010830046190116,0.6306211986384473,0
0.9175352314086056,0.6512798569232189,0
0.8324571829240454,0.6732093625816936,0
0.7650448807819831,0.6901605984468691,0
0.8833139800167116,0.7078433907857318,0
0.9373646572943566,0.7272842998275263,0
0.9205819400733432,0.7537662375277242,0
0.7260031166129247,0.776348798458775,0
0.8515507512085675,0.8007436172686874,0
0.8049309447250832,0.8212618436851941,0
0.8096765807639011,0.8408860162218955,0
0.7660079505548101,0.8629324723612064,0
0.744936603594704,0.8828088712442169,0
0.7635964031879848,0.9123993618586985,0
0.7202969927577657,0.9396255442813671,0
0.7217996914381799,0.9609357931294253,0
0.7961703663357336,0.9875566527771616,0
0.8294311299112815,1.0172531162983796,0
0.8788781787573778,1.0418082259398542,0
0.980764764027892,1.0660443864799964,0
0.9245478252504936,1.1017272472953308,0
0.9410284535615382,1.1331791143619339,0
0.929734975850044,1.1676361561795032,0
0.8603500589453646,1.1949152081621806,0
0.856709500286667,1.2229820394737718,0
0.6699643328336943,1.2575416541936009,0
0.6460683254674765,1.2707173225825275,0
0.6132826418871031,1.2847064853960815,0
0.6535017782181473,1.3047858426631416,0
0.6412917059507265,1.3223146916342172,0
0.7678153201016981,1.3382588422046415,0
0.735915247599295,1.36536427431059,0
0.5838457558814554,1.383065508084652,0
0.5698954449360453,1.4040153623445788,0
0.5120596194359283,1.4111500120172331,0
0.5574426687580389,1.4229816367822739,0
0.6592079020732869,1.4370559391919986,0
0.6777437677547674,1.4542520227385418,0
0.7238988220690543,1.4741542305177413,0
0.6849241887688752,1.5138334719792441,0
0.7771904041370105,1.5379542726059137,0
0.7726384148353725,1.5594555935155316,0
0.8016079667153418,1.5879115664027208,0
0.8679410110422731,1.6127108322439871,0
0.9449995026516746,1.634459308100513,0
0.965484745487298,1.6553744383239581,0
0.9419450481174406,1.6920251528071164,0
0.8737091018533009,1.7176377398570726,0
0.8207144447823271,1.7362537091352985,0
0.8354883998498196,1.7404484668709104,0
0.8052330336350759,1.7479688273700131,0
0.8052330336350759,1.7409770292391535,0
0.7901311700926499,1.729445446913679,0
0.8226509121539778,1.7207459251890829,0
0.7088950728734636,1.7312625109172357,0
0.6275789350029157,1.7444739941223208,0
0.6281727849968756,1.7800487852144353,0
0.6123867029831506,1.7828331686826995,0
0.5361208720178751,1.800715737130295,0
0.6499490060802787,1.8068121233435959,0
0.612686209936638,1.8198339768102474,0
0.5558108722528622,1.8159276477210713,0
0.5331619498739905,1.8083628947812167,0
0.3496313182579704,1.8068442486080545,0
0.2908788982019462,1.794774553371159,0
0.3618801198728194,1.7913721299018521,0
0.3861221094094396,1.773699694980595,0
0.3376820235966089,1.757575512413147,0
0.2494539881874894,1.739218651406997,0
0.259002063308003,1.7193097878994639,0
0.2726115559959922,1.6884662573547875,0
0.2459838386574878,1.6666977351600003,0
0.2032679503952704,1.6358928897078617,0
0.3452574839545248,1.581765864734078,0
0.327785384349207,1.551879440542958,0
0.3397217692280859,1.517585383684093,0
0.3761867408146093,1.4674866675599352,0
0.4153937501994016,1.4174915538628943,0
0.4653132970841625,1.37675206384815,0
0.401043235997173,1.3470529016071635,0
0.4329897837164957,1.3088028703505736,0
0.371513399557681,1.2744251749471687,0
0.3423424550710596,1.246523411692997,0
0.346421946334028,1.2150439880925876,0
0.5272492694992075,1.181927219252941,0
0.2523457794624996,1.1567765808073314,0
0.3452574839545248,1.1267505876080781,0
0.3016198372233898,1.102466212264583,0
0.3802765599035359,1.069896608244635,0
0.2494539881874894,1.0334391532526648,0
0.2786972274560005,1.002359622874655,0
0.327785384349207,0.9729524250205015,0
0.3365175612171298,0.9390351326752473,0
0.0991092434086708,0.9168098681609765,0
0.0230499689630385,0.8738796348145421,0
0.0031869776428454,0.8454348676301817,0
-0.1596234530964571,0.8208729736337936,0
-0.2577300540575098,0.7988301434656008,0
-0.2577300540575098,0.7735879177395931,0
-0.1554277737912038,0.7511403244691934,0
-0.3561593995805099,0.7236104787819209,0
-0.4289163516683362,0.7028971404338688,0
-0.4228926471642354,0.6854315000683819,0
-0.513754278198811,0.6627922605712337,0
-0.4993392150842132,0.6439644307249073,0
-0.3183750482247509,0.6230821616051728,0
-0.3178225095347244,0.599411839286682,0
-0.2380039064315803,0.5725361499382808,0
-0.2613396292382755,0.5499045948911419,0
-0.2901671735109756,0.5278576857826389,0
-0.2932138821757134,0.5020809850702622,0
-0.3324544569949429,0.47897927146261726,0
-0.3545069474233495,0.4549887076536094,0
-0.2048722406807949,0.42669535548218956,0
-0.3180987788797473,0.39659335172331783,0
-0.2779777568955337,0.3623151827192948,0
-0.3352145684886805,0.33300216246357733,0
-0.3875120973058535,0.30468303252728035,0
-0.3236241657801895,0.27834854726872427,0
-0.2296616049944793,0.25400655882597484,0
-0.4259057903945408,0.2275123823818774,0
-0.3523045385326535,0.20577151107638694,0
-0.3305231535362786,0.1838434253244109,0
-0.2410635248787814,0.1605089407455998,0
-0.2443994126710294,0.1390285701607415,0
-0.2510660243425102,0.11518896091269465,0
-0.2385616090346171,0.09532665530670785,0
-0.2716029063080442,0.07584311335579529,0
-0.1733284781747766,0.061536158182588535,0
-0.2494006624028913,0.04719249367549824,0
-0.1445035158585575,0.03630008978852627,0
-0.2987470149456519,0.025659942204849556,0
-0.3390745934495039,0.018584996538700972,0
-0.2743759275842643,0.012901519179691996,0
-0.3103632372190887,0.00796374374526548,0
-0.1867365782561136,0.004028948193103189,0
-0.2377276370865575,0.0010997188099000062,0
-0.1596234530964571,-0.0006368994369108452,0
0.0031869776428454,-0.002437170088156166,0
0.0366878631724787,-0.002972633458171866,0
-0.0638328671119043,-0.0017317416908799947,0
-0.0641143003699182,0.0003375703056109805,0
-0.2393955809826815,0.0036980837372260593,0
-0.2096101308501214,0.007603153812522535,0
-0.2738208069377086,0.012502538521105245,0
-0.2137903184164063,0.01943096586851201,0
-0.2513448756440382,0.02944331041530007,0
-0.2937664208657639,0.04319073889755891,0
-0.4259057903945408,0.05698625091569189,0
-0.6349280784910082,0.07169486962525519,0
-0.623350585565019,0.0839493070836623,0
-0.4559881655240785,0.09827016125389759,0
-0.3600168425848474,0.11512515055058455,0
-0.303725027069054,0.13398502812217072,0
-0.0095678874451246,0.15429868063791236,0
0.0324250529983461,0.18194983940290854,0
0.0060219658749585,0.2077414469447867,0
-0.0409670603873928,0.24745608156952004,0
-0.0404041938713649,0.27872331257527655,0
-0.0533914350439241,0.31760222486079515,0
-0.1627011452391318,0.35668446050275565,0
-0.2898883222094668,0.3949270872602152,0
-0.1805941037532275,0.4358506092701011,0
-0.1405815239418459,0.4869675808649574,0
-0.1596234530964571,0.5452614420067359,0
-0.266333133100646,0.6089812377951096,0
-0.2826898274998903,0.6718764634604221,0
-0.2405084042322498,0.747895583153896,0
-0.2912748328475769,0.8249505827522093,0
-0.5403639218418468,0.9043300551157247,0
-0.5612338761953006,0.9886770242656897,0
-0.4857219765267277,1.059867836886514,0
-0.6658366796991381,1.1471638380074405,0
-0.7100501027287593,1.2117256294916685,0
-0.8086008002070497,1.287595813231107,0
-1.225134931850127,1.3579943066774818,0
-1.2450986194736555,1.4146916312318645,0
-1.1737978908493,1.4651064666363196,0
-0.7934731170996827,1.5329099597152078,0
-0.9231777016531698,1.6034879911721565,0
-1.1005142196363689,1.685396726458375,0
-1.0764168196634796,1.749980894410885,0
-1.0197351287168837,1.814080193285259,0
-0.9058269540031184,1.8936910821628732,0
-0.7378319546207895,1.9848851200788846,0
-0.8599533329468694,2.0671563673680584,0
-0.9160824852034148,2.1554112837024086,0
-0.8889745239567254,2.243575802876295,0
-0.9397202969200784,2.3363441971687537,0
-0.9326328263398392,2.4106788090904234,0
-0.9926013479052532,2.4914669312296307,0
-0.966714652080969,2.5748791093685037,0
-0.7551646285753434,2.6784263933334715,0
-0.6028601788164095,2.7771602538551003,0
-0.7966592514151846,2.8959619863660087,0
-0.8509707062988647,3.009886975801664,0
-1.0056557199467109,3.1443859054268692,0
-1.156036612116472,3.271245243135442,0
-1.1737978908493,3.3863194012349327,0
-1.246121074245885,3.5066065045839157,0
-1.2025737959920892,3.6314846250871473,0
-1.217706643012452,3.762868264054041,0
-1.3299365460041117,3.876659351040619,0
-1.177399720160574,3.992519566349955,0
-1.3411009258908382,4.120944040051159,0
-1.3535201366343832,4.247350208899873,0
-1.426005983290197,4.378767297575364,0
-1.3985313842211458,4.496501323788585,0
-1.2785452839168685,4.638940596539868,1
-1.3103730616374103,4.7683482955260015,1
-1.3626370250201416,4.883088725386301,1
-1.572374515065888,4.986424940884697,1
-1.7252650689493048,5.074107658907999,1
-1.917006322221134,5.181508961069122,1
-2.027230045015763,5.28055016236736,1
-1.958433814192096,5.354600415904345,1
-2.0167111542529264,5.440886468440803,1
-1.9745323129417909,5.517977988566194,1
-1.7710560673977158,5.622859528929962,1
-1.9502567579707049,5.753604651400132,1
-1.9666057065004767,5.8779694504888,1
-1.8938177709346944,6.023987644987423,1
-1.9649248528218703,6.194502996116081,1
-2.009293193241248,6.358313020125513,1
-2.2971451951030675,6.5021554049715125,1
-2.2515504253483223,6.613507481733082,1
-2.1685405240167097,6.724150679690746,1
-1.9326787981490796,6.834023274907352,1
-2.0953730408460824,6.944976017827539,1
-1.865251004268034,7.0447083021051755,1
-1.8851088316752316,7.206406478416026,1
-1.64203053740258,7.360806097294296,1
-1.52404028946936,7.543724854645659,1
-1.63214164402465,7.732362577097147,1
-1.5317758311299947,7.924973633785544,1
-1.5350187684883985,8.124469623144815,1
-1.4438705402828227,8.321717346038723,1
-1.5292816611553073,8.508661059395578,1
-1.702422499833277,8.705272774659319,1
-1.4925378382672705,8.906299965999507,1
-1.5467356870651756,9.109240564231317,1
-1.6217466871736137,9.303853594967746,1
-1.6061387601580568,9.478392768188375,1
-1.5649126607937711,9.636414944666702,1
-1.7781435379779744,9.779414730843872,1
-2.058017294268598,9.917916951253018,1
-2.220112523058631,10.047621025083979,1
-2.1650006616613044,10.175112839775165,1
-2.131187359395706,10.293636485032028,1
-1.9348476416053189,10.434433828905403,1
-2.0549189464739444,10.624838317296835,1
-1.9913253579887769,10.744616273956618,1
-1.965645218684136,10.863440496592577,1
-1.8974428378544284,10.968243174111288,1
-1.9927635077567976,11.103027282300514,1
-1.8930922411594424,11.195069453549483,1
-1.8611276197446465,11.24830291550941,1
-1.985332636962637,11.322362391366276,1
-2.152008256575754,11.359233780220766,1
-2.0846785770415392,11.377026726779954,1
-2.1793924871674664,11.3957153054801,1
-2.181042357368097,11.387439806734594,1
-2.561186394163041,11.427689403387852,1
-2.715533171509952,11.409649787865726,1
-2.751432694623948,11.334811607666243,1
-2.7594935628030157,11.27299921813061,1
-3.01634659497939,11.23487365858337,1
-3.047570194879971,11.171001837611348,1
-3.048442896175459,11.105848949106319,1
-3.063691931238121,11.014742200480265,1
-2.9106645336604213,10.92004895084201,1
-2.804840464734208,10.82942644668231,1
-2.6182424688014905,10.744039556551575,1
-2.723395229038873,10.68240197159571,1
-2.640439548793652,10.607301304162235,1
-2.6856005498571367,10.544744093423725,1
-2.632063681922114,10.467079378822445,1
-2.838671840695275,10.407066501801209,1
-2.665977680491048,10.303678835352622,1
-2.702716339466094,10.1904006932089,1
-2.668236892424627,10.101183926204378,1
-2.553208148591821,10.018643518905067,1
-2.782077936269513,9.924015787093142,1
-2.77783578174734,9.835004982023419,1
-2.582588231554567,9.723676467975164,1
-2.7491915563858185,9.661668297732756,1
-2.691234378930411,9.54823629836852,1
-2.668461522639739,9.455925650793084,1
-2.4678151014148098,9.368046600903467,1
-2.433289179156442,9.291489877320831,1
-2.563923268048295,9.218658179010912,1
-2.768445205973064,9.112035000760002,1
-2.749640816816047,8.98661915602618,1
-2.7290084024601686,8.933654840201925,1
-2.924565787432402,8.85942655669731,1
-3.042989804056882,8.754996743251398,1
-3.250388041517659,8.627418444837692,1
-3.1909514029903168,8.47494000046656,1
-3.1862173857557434,8.328345237292341,1
-3.1814794955864265,8.159112564676589,1
-3.2520985876959547,7.969486941149531,1
-3.088917646199552,7.786744733872069,1
-3.0649984012248503,7.621714372276079,1
-3.034699141749692,7.4791968772076025,1
-3.2225326038655204,7.344978171134508,1
-3.3154520542270323,7.1932342802702145,1
-3.2227469062546503,7.020706944705092,1
-3.3403085494096008,6.857144271447256,1
-3.128590698731774,6.676056016950948,1
-3.0932579150685555,6.5105175100806925,1
-2.964622260504222,6.363361647780858,1
-2.838671840695275,6.2174568794871545,1
-3.15819670288789,6.0878976263454225,1
-3.153880962605594,5.928222583193222,1
-3.1445936650911346,5.742158120589031,1
-3.07087493420871,5.5714321691297535,1
-3.055197294367798,5.443859511683185,1
-3.182557462423315,5.325008197430536,1
-3.4859360596710767,5.205553640231027,1
-3.4624673661048613,5.062876911732031,1
-3.790878031576888,4.926981491880162,1
-3.9342837682739513,4.77342806186131,1
-3.99389081593,4.595537030393476,1
-3.7513521505649066,4.416866979582902,0
-3.4884470123629896,4.260797310672144,0
-3.568297889922323,4.124252187089818,0
-3.48300424807039,3.99425167859029,0
-3.153232891525213,3.874677323700743,0
-3.31204903556591,3.777721667162746,0
-3.576188348972695,3.688961651668839,0
-3.693218109089564,3.5676428928349435,0
-3.747268786367209,3.4427565769602944,0
-3.768688697454213,3.32988972075466,0
-3.751758808712954,3.2166702427023806,0
-3.6578543419483935,3.0942873024958577,0
-3.683770730272381,2.977585155829099,0
-3.4519717129504888,2.8750014948073286,0
-3.4141073209433874,2.775401451850532,0
-3.62505703956379,2.6898405745887315,0
-3.5981633807062403,2.595740808504069,0
-3.422321815533949,2.5029673296416224,0
-3.365104368614524,2.4120850109608845,0
-3.197836189985676,2.3163421516548177,0
-2.920153223781533,2.2330079971945427,0
-3.189014935618661,2.182591822936276,0
-3.216741275446023,2.107068639495083,0
-3.3655278094797927,2.0306108799256566,0
-3.383717692990876,1.951317623039023,0
-3.5212533515953277,1.8660182115730906,0
-3.661558158541246,1.7725430548401062,0
-3.2734707325877914,1.6710983193124624,0
-3.078920310648809,1.5965523652640268,0
-2.944173165059546,1.5288542880604077,0
-3.0769631876251995,1.460999146203203,0
-2.7029409696812063,1.3908304185324787,0
-2.4076710068076843,1.340750677006,0
-2.4277560463864845,1.3032408685322305,0
-2.344183278538844,1.251056050215178,0
-2.263726932181301,1.1957543030327242,0
-2.335812575580292,1.1575007134247317,0
-2.4025871344679555,1.1204767071062933,0
-2.5871376388997,1.0791806508559427,0
-2.445499251423839,1.0344804880177125,0
-2.217760360691184,0.9915330088033372,0
-2.2353718859472704,0.951218757910107,0
-2.323251357229477,0.9078161096065042,0
-2.370872962833236,0.8664104451902463,0
-2.4164470769360267,0.8313374630082617,0
-2.1980058115438084,0.7922056663653018,0
-1.9747724348958715,0.7598234475725891,0
-1.9406286421988532,0.7325601586066206,0
-2.0429928894210474,0.705288728222446,0
-2.1034494007641142,0.6740921275756395,0
-2.0076149215191466,0.6445006755019252,0
-1.907109682973732,0.6146965418896082,0
-1.9882089364986544,0.590434750197203,0
-1.9459268169276975,0.562022317300498,0
-1.762011473793847,0.5418279500446462,0
-1.6543800353207403,0.5251852067047929,0
-1.7318877873603755,0.5047809920352269,0
-1.8521527389661567,0.4839462981040848,0
-1.7881512013546943,0.462416036266327,0
-1.761275616192618,0.4448385043887928,0
-1.7979084149513562,0.4297869670637816,0
-1.812527452629097,0.41179972454084013,0
-1.6728823355677886,0.3962357942771845,0
-1.7326236449616048,0.38828522419819905,0
-1.73924119945968,0.38040600327430757,0
-1.7563853905900642,0.36994673108947546,0
-1.6881546082389107,0.3594810579660952,0
-1.582067179750133,0.3549529384242044,0
-1.6514185312203509,0.3499696655690235,0
-1.9348476416053189,0.3466209603868426,0
-1.805953791391456,0.3382333423143892,0
-1.9882089364986544,0.3313990403034699,0
-1.697749158576344,0.3237913482209409,0
-1.531277513526365,0.3206602698785282,0
-1.518796335826932,0.32121199834419967,0
-1.46019883316064,0.3209996665676258,0
-1.2560874263186714,0.32423467522448285,0
-1.333236286405417,0.3281781819733563,0
-1.321302483483024,0.3332749438030533,0
-1.4010539557172887,0.3391130144637816,0
-1.3912089555997929,0.34335977801786743,0
-1.3131719024785715,0.3465096391126041,0
-1.2456072649032677,0.3500299943784201,0
-1.2256487411927492,0.3540321513630311,0
-1.1956438247580634,0.35913801058944517,0
-1.1222362196333608,0.36277664233669804,0
-1.1820291681570878,0.36515603589756807,0
-1.2317937976521165,0.3624328358219913,0
-1.2767611519784643,0.3594986732112543,0
-1.2545537441603252,0.35769709792735993,0
-0.9255427738030704,0.3544846822157841,0
-1.1588690183920751,0.3535155960692417,0
-1.406352130446133,0.35168160482612415,0
-1.5365163032558262,0.34401604933588686,0
-1.5387600234504366,0.3374171287728786,0
-1.568894037709885,0.3301778548633634,0
-1.5115487839439496,0.3214896538589723,0
-1.6514185312203509,0.31569625343987756,0
-1.5372650706395186,0.30626907457018765,0
-1.52578569206036,0.2978841175804764,0
-1.6210030837028884,0.29171311013066986,0
-1.6773181368271175,0.2861485244253048,0
-1.6368408048465437,0.27648446910556707,0
-1.6407937802412111,0.26651366063693666,0
-1.7070932591337002,0.25488883710237026,0
-1.8071698929008455,0.2416764398475852,0
-1.823968101860847,0.22511888417159182,0
-1.9177292700399,0.2047939290649546,0
-1.795471048019566,0.18218228678388726,0
-1.8688863990137647,0.16435452703861667,0
-1.6704165671145474,0.14674201234221793,0
-1.8203197973326288,0.13223062583461248,0
-1.7629900353056616,0.11768071209563724,0
-1.6284287905840629,0.10560666484587936,0
-1.9264123897343977,0.09724418460611449,0
-1.9290640590553276,0.08690118666308118,0
-1.8528808506978949,0.07662969305258276,0
-1.6385707156985556,0.06927478873811603,0
-1.548979407259786,0.06418597992174915,0
-1.5432474638396811,0.05910707941030447,0
-1.855793297624879,0.05440992907757302,0
-1.7891271809100038,0.0491598502127417,0
-1.6489475988541185,0.04465602053419228,0
-1.561677469304859,0.03938005288562409,0
-1.442360095732936,0.0354568267135507,0
-1.2340969028461528,0.03302997745969732,0
-1.3106286753304546,0.03153395878351302,0
-1.4338086558197107,0.029650444511374052,0
-1.3712426860197828,0.02746525830631492,0
-1.300961830211156,0.026042682841486028,0
-1.29205149834506,0.025721188088193278,0
-1.159899219033805,0.0250846889277281,0
-1.379334537676802,0.025292698223888375,0
-1.1434030989837922,0.02460200915144814,0
-1.0397866028612657,0.025019645369958297,0
-1.1627316253094084,0.026525292906974415,0
-1.126369931982702,0.02691979673265197,0
-1.1405655287952028,0.028419742682839783,0
-1.2364000080401705,0.030319913144404943,0
-1.1320502362728957,0.030859448120394015,0
-0.953616386779092,0.03134991567272707,0
-0.8350994197207916,0.03220848697433783,0
-0.982410365617355,0.03519570080316213,0
-1.114998995576356,0.03814678494704236,0
-1.0066988303708997,0.03953195696193837,0
-1.0569462857306182,0.042976413690442486,0
-1.016347601794749,0.04658144647606876,0
-0.9701176707420914,0.05072161614161053,0
-0.82450823417607,0.05504707327807561,0
-1.000174226306664,0.060186783070260756,0
-0.8509707062988647,0.0638508441651526,0
-0.8839655283553912,0.06942478264042047,0
-0.92974619897782,0.07666033799445914,0
-1.019998488279424,0.08337594111555524,0
-0.92974619897782,0.08905280778273686,0
-0.8040927041658312,0.09578846198843825,0
-0.9037200775027668,0.10468842629562193,0
-0.9129273343658644,0.11275470528035565,0
-0.9617392219140672,0.12204368928334158,0
-1.029897709483336,0.13262956528971884,0
-0.987899605126874,0.14221785031718814,0
-1.1436638765898517,0.15449170494065023,0
-1.2724234650659418,0.1635756138972021,0
-1.2269293916145323,0.17241018410796657,0
-1.2443291964379657,0.18380126329564966,0
-1.3035050573592728,0.19371638662771648,0
-1.4398478520627704,0.20398819711562946,0
-1.3372951220164115,0.2117839784690817,0
-1.3626370250201416,0.2209855015460908,0
-1.4521612025900128,0.2280046273019681,0
-1.4790109681871482,0.23303854742716576,0
-1.550223910290646,0.23901709914076535,0
-1.5532138159124675,0.24764778718919445,0
-1.586539128400409,0.2537589313048853,0
-1.531525381349937,0.25924713196368604,0
-1.6135747948652328,0.2655178034222164,0
-1.471489728915624,0.2723528181209393,0
-1.6061387601580568,0.27921177302638317,0
-1.5775952310998758,0.28320370629027125,0
-1.6073780992759308,0.2857052527553531,0
-1.5870348640475576,0.2899934988097013,0
-1.4239920572236655,0.29546766493457405,0
-1.4927882880473522,0.3022035874417171,0
-1.4667234372248517,0.3098653050645777,0
-1.409628633238974,0.3170796375107176,0
-1.2933244028973518,0.32500230509165007,0
-1.0704499182023048,0.33575585370022865,0
-1.0787509083354485,0.3500036961288295,0
-1.1173279203353383,0.36066684001595495,0
-1.1258535406835986,0.3691840101060712,0
-0.9693301740109516,0.3796357732325292,0
-1.0423892150087657,0.3921758336269368,0
-1.1555202208173687,0.4075895394869709,0
-1.147270869814112,0.4178558959260391,0
-1.0460297736674682,0.4280150854080495,0
-1.1356649753666526,0.43105428836777093,0
-1.2392143406203049,0.433432711064092,0
-1.153715433226986,0.43526297444369527,0
-1.1415983113934094,0.4371594716610783,0
-1.2025737959920892,0.43559893979917275,0
-1.2640037049339845,0.43477447328765745,0
-1.1902501176388744,0.43555640009520796,0
-1.01895537785524,0.4349648847619663,0
-0.9405052116947324,0.4344635705636081,0
-0.9229169240471106,0.43702447548196466,0
-0.6403088758277194,0.4382386305651766,0
-0.4693652821274834,0.446617982302151,0
-0.4600831485260153,0.4620502742389726,0
-0.4387690976553236,0.4762011897010198,0
-0.4576251259422463,0.4971866199268929,0
-0.508861470639757,0.5182980806274109,0
-0.6564383580553658,0.5385742278010859,0
-0.6819351784488283,0.5535858290660586,0
-0.81655839012632,0.5745204581732408,0
-0.8440949561512547,0.5909430992085463,0
-0.7836410267646693,0.6018826446254515,0
-0.9993918934885344,0.6118860480990044,0
-0.9008257042712564,0.6113452347454131,0
-0.95859698085898,0.618692704338404,0
-0.936309532389484,0.6223960885239467,0
-1.0743409266410844,0.6255148146918799,0
-1.0582450098478753,0.62493432556881,0
-0.9475875183620048,0.6236663801068735,0
-0.9465392440248108,0.6234271858548259,0
-1.0423892150087657,0.621808063147975,0
-1.0017414738994714,0.6170464834520804,0
-0.9931254850738528,0.6106030744456075,0
-1.0738219533854712,0.6091517925444389,0
-1.1485618480618724,0.601534680689493,0
-1.1609294196755309,0.5950942012368635,0
-1.2243680907709418,0.5933338575029397,0
-1.224879318157059,0.5913971408793598,0
-1.2228292446996094,0.5884689149521581,0
-1.1735396951997503,0.5825825074791986,0
-1.2854287799339938,0.5809339136365059,0
-1.2440735827449163,0.5778628036516925,0
-1.3884307704105865,0.5715141813553605,0
-1.3922210825460497,0.560390474502091,0
-1.3312068685999174,0.5522302436255208,0
-1.2366556217332385,0.5465006620796716,0
-1.099476273125152,0.5464075177675931,0
-1.291034207485817,0.5478379184164279,0
-1.4388383070730235,0.5457439237015893,0
-1.3985313842211458,0.5380385976020293,0
-1.546487819241599,0.5347832191843627,0
-1.5507248098507858,0.5268565837303978,0
-1.6078738349230792,0.5178538222599792,0
-1.563918607542988,0.5114575400894112,0
-1.4940405369476846,0.5051696384153816,0
-1.487779292445994,0.5017970535423951,0
-1.5290312113752496,0.4977009344093806,0
-1.73924119945968,0.49451228373976286,0
-1.671896028186497,0.4821353907855878,0
-1.6190227230708183,0.47492840713426737,0
-1.64203053740258,0.47036068629890226,0
-1.704880522417022,0.46588052414742215,0
-1.6864324432563949,0.45912736188300185,0
-1.7147100307955496,0.45283642763704157,0
-1.8378280443288937,0.4443912508354261,0
-1.885836943406969,0.43489869937883946,0
-2.0248391533008925,0.4277208360788715,0
-1.9010679047741623,0.4158817223317828,0
-1.8950261265746169,0.4059739171426974,0
-2.07801971123955,0.3948070714724453,0
-2.0963257827929325,0.38225319043073136,0
-2.021015275731012,0.3666001931267015,0
-1.935330467469985,0.35280313862605905,0
-1.89019012205846,0.3408698523012862,0
-1.86549370817862,0.3303564067835066,0
-1.809361973965569,0.320532100421776,0
-1.767146985263487,0.310188693480442,0
-1.9567529605134892,0.3017540022505831,0
-1.9896470862666755,0.291580080489618,0
-1.918694921769232,0.27862554921050603,0
-1.878091073920357,0.2680667526493753,0
-1.9529032633786436,0.256744035667153,0
-1.8489975881286116,0.2446465100090333,0
-1.8414711849440968,0.2323883747679443,0
-1.6684439523519496,0.21943896469393537,0
-1.829805905497254,0.2110093156350641,0
-1.890672947923126,0.20129400576043133,0
-1.8967173080791768,0.18962154354844238,0
-1.9010679047741623,0.17960332577349672,0
-1.7871752217993848,0.16989198703320466,0
-1.8650083003574485,0.16372377447850947,0
-1.8477840685757023,0.15763654066396413,0
-1.77838624188856,0.1481086892457945,0
-1.5335212337209945,0.1422922204228115,0
-1.55645158935788,0.1407654978887665,0
-1.6115918522766577,0.13737795751064213,0
-1.5805748088957152,0.13434445084481267,0
-1.673375489258432,0.13239970789668146,0
-1.624470651276404,0.12874583395729672,0
-1.5991958791415484,0.12663373758617805,0
-1.2169372199767812,0.12478308038931289,0
-1.2683413918465067,0.128051010896477,0
-1.2701281057414209,0.12876571732210632,0
-1.1547482158251972,0.12998432907117033,0
-1.0704499182023048,0.13050084008815174,0
-1.1305010623755811,0.13221354934822707,0
-1.1897363082962715,0.13365252839220154,0
-1.1562922258095207,0.13706520792308086,0
-1.0823811391681926,0.14174307270332082,0
-1.0434297434764686,0.1493645647568007,0
-0.9405052116947324,0.1575877035423488,0
-1.010352298812104,0.16750044161731223,0
-1.1871672615832087,0.17680863377532247,0
-1.1956438247580634,0.18491232847765196,0
-1.3047779619115647,0.1920456277245614,0
-1.400297442464081,0.19701528273301078,0
-1.4586909705672346,0.20170127725816347,0
-1.403576527213427,0.20376932306533319,0
-1.4606997327207556,0.20603548695237092,0
-1.4589440023037976,0.2078112750689413,0
-1.3894403154003332,0.2099699467287016,0
-1.2000099131920174,0.21370686708741868,0
-0.9672362072930586,0.21944440630487067,0
-1.180226962523186,0.22842049070822712,0
-1.1183607029335447,0.2335753765734916,0
-0.9944319550606012,0.23858184218731263,0
-1.070968891457894,0.24627548773955255,0
-0.9399810745261378,0.2535194632329633,0
-0.8958218725829085,0.2610307320768626,0
-0.9095088239657736,0.2710493862336175,0
-0.8602192744658907,0.27997710898307193,0
-0.7180696596039178,0.28852701923113055,0
-0.8056831893670986,0.2972025387706235,0
-0.832452914312853,0.3058832018960074,0
-0.8694600967634495,0.31247801979963186,0
-1.0795280772406108,0.32049525423031106,0
-1.1098273367157931,0.3241508689160748,0
-1.0673334967121826,0.32782960601859684,0
-1.078490130729413,0.33373641723761266,0
-1.057986814198321,0.33723592366412974,0
-1.0997370507312063,0.3413846983851606,0
-1.0072203855830133,0.34371366012466403,0
-0.9931254850738528,0.3515099911353836,0
-1.070968891457894,0.3573116337907763,0
-1.070968891457894,0.3617160776814243,0
-1.215909601291561,0.3638771111503105,0
-1.2007793362276835,0.36359595447258874,0
-1.2151427602123757,0.3641736089181237,0
-1.1866534522405912,0.36343223620034676,0
-1.212834491105372,0.366826838086418,0
-1.2611945362668409,0.37156619121174433,0
-1.2095011852696291,0.37708032631047833,0
-1.2846619388548086,0.3795366352479847,0
-1.2923045300816036,0.3845806705395312,0
-1.3118989979262603,0.38927071005335034,0
-1.292560143774672,0.39348122309036077,0
-1.378069378993987,0.39809690183583174,0
-1.224879318157059,0.3992463917843061,0
-1.4297833856431537,0.40654780663158707,0
-1.512548001107719,0.40936117490139035,0
-1.479261417967206,0.41007261651929316,0
-1.4390913388095867,0.41138377110752644,0
-1.4358225818862371,0.4148455012400022,0
-1.390452442346585,0.41801153670715196,0
-1.4466332337330654,0.42055032029396877,0
-1.5838048364716364,0.4227794798797739,0
-1.5335212337209945,0.4224659031995036,0
-1.443116608986144,0.42045296105942814,0
-1.4192051098809386,0.41861956699007485,0
-1.4398478520627704,0.41577967802827187,0
-1.3580798718055174,0.41474790932773387,0
-1.3423686665301389,0.41340301177234307,0
-1.3309512549068732,0.4138189675485129,0
-1.3431303436963378,0.4111541093428085,0
-1.276249924592347,0.4090951956586042,0
-1.2895031072839518,0.40802868917802104,0
-1.3024877665000298,0.40519761785449093,0
-1.3757946753214207,0.4004969281405865,0
-1.2940886620200318,0.3963998108759256,0
-1.2670659053377145,0.3947849130137112,0
-1.2652791914427812,0.3944672275323806,0
-1.1709680665301827,0.39417474207148967,0
-1.061361431337997,0.3975049913167477,0
-1.076933210962607,0.4024766815616707,0
-1.1020659754901887,0.4059588019888173,0
-1.1098273367157931,0.41122343676580697,0
-1.0501893055817983,0.41582103017660227,0
-1.2059096837843373,0.4230669745739942,0
-1.2077067255052238,0.42647987318504327,0
-1.2264155822719152,0.4247876809737385,0
-1.2494440522556505,0.4207178077825381,0
-1.089375659314612,0.41834988445484345,0
-1.2514889618001137,0.41847977777182027,0
-1.370230559073531,0.4155913856016519,0
-1.3037606710523215,0.4107726611583649,0
-1.3164742248363583,0.4073907830022791,0
-1.3575738083323867,0.3999347190439375,0
-1.3985313842211458,0.3920058635779009,0
-1.4023139504871174,0.38484992192818207,0
-1.522540172745451,0.37566724772298254,0
-1.4546734462601736,0.3612621385872382,0
-1.3035050573592728,0.34557111870367374,0
-1.306303898200439,0.3311938871654802,0
-1.3205408063168491,0.32075755931415845,0
-1.2486746292199602,0.3069081941695954,0
-1.2581297539066296,0.29367681001390417,0
-1.5127984508877816,0.2804175279492224,0
-1.544992866430681,0.2658048781995441,0
-1.7122520082117807,0.253945653543943,0
-1.7639685968174763,0.24034919460777793,0
-1.7732558943319308,0.2262145431904467,0
-1.6694302597332558,0.21262302227543556,0
-1.7240386396139376,0.19964838723174205,0
-1.6935689710100592,0.18584868422799106,0
-1.7026677857003438,0.17332304774055143,0
-1.5937376231099851,0.16172454840016323,0
-1.6034122140987803,0.15258029885555735,0
-1.5390078912740133,0.14399748406074234,0
-1.5882767851219173,0.13525731124920531,0
-1.5691419055334617,0.12581803169982755,0
-1.6755933898880966,0.11528097274558373,0
-1.55645158935788,0.10474767360187504,0
-1.531525381349937,0.09608222137124155,0
-1.477257819726676,0.08727236334403901,0
-1.4569352401502575,0.07956052761130308,0
-1.4937900871676075,0.0728483000839537,0
-1.501546284480221,0.0654342181643157,0
-1.418704210320799,0.058655682946283934,0
-1.4506559219531123,0.052572949583795145,0
-1.400547892244158,0.04618796531741032,0
-1.3550409090102469,0.04109379256795233,0
-1.192049741316266,0.037363354255368644,0
-1.2397255680064168,0.03479182174087001,0
-1.2230874403491585,0.03279341470372025,0
-1.254809357853374,0.03128364353071188,0
-1.2670659053377145,0.029609868169542964,0
-1.331968545766116,0.028360285856543845,0
-1.3590919987517691,0.026664350358737973,0
-1.2833890343025216,0.02508943421675214,0
-1.2525088346158426,0.024117351484536084,0
-1.274210178960875,0.02332593444316006,0
-1.38261878633912,0.022962233919363514,0
-1.3098644162077746,0.021978293824956467,0
-1.271659205943262,0.022016338310094686,0
-1.15397362887654,0.021527733577023082,0
-1.209245571576561,0.022419830331846077,0
-1.225134931850127,0.023187102744584964,0
-1.1820291681570878,0.02410551748515185,0
-1.4322982112698244,0.02500511009454287,0
-1.463963325731138,0.024534697359042894,0
-1.5157986843355948,0.02394155358723834,0
-1.3580798718055174,0.022953892981811618,0
-1.5190442036504843,0.02231125664501147,0
-1.5984522756708472,0.020520829671527692,0
-1.515047334995402,0.018839780126767708,0
-1.5115487839439496,0.017491635070663633,0
-1.4915360391469958,0.015404095508313703,0
-1.5892682564162144,0.01531536099098003,0
-1.6296655477454267,0.014847762885859641,0
-1.5322741487336533,0.014574846910534019,0
-1.582315047573705,0.014977743103777731,0
-1.6462313806208195,0.015587772921736692,0
-1.5847988897224194,0.01657200813975832,0
-1.5267849092241292,0.018252773123207885,0
-1.522790622525533,0.020156811115433226,0
-1.49829301929584,0.022136490256007058,0
-1.4010539557172887,0.02358183485546349,0
-1.3633987021863163,0.026226196949259487,0
-1.3301895777406791,0.030208067924808568,0
-1.3195235154576062,0.03465593136966928,0
-1.3545348455371211,0.04033879267757605,0
-1.3144422250743777,0.04500941059121269,0
-1.2289768831154817,0.04941281198465511,0
-1.2012905636138007,0.054253984266083584,0
-1.1665916502702511,0.0601531260176057,0
-1.164533830943305,0.06710531228021613,0
-1.082897530467296,0.07438124840330758,0
-1.1665916502702511,0.08277925843568758,0
-1.171740071522354,0.08967041973253698,0
-1.192049741316266,0.09555166618777618,0
-1.2767611519784643,0.10296195890520077,0
-1.300961830211156,0.11086184112317503,0
-1.2754856654696674,0.11890459445174882,0
-1.2701281057414209,0.12727875153981744,0
-1.344398084335639,0.13723400462434387,0
-1.3517489144784376,0.1462212245353347,0
-1.334759640737786,0.15629561568397615,0
-1.4134111995049456,0.17027247026075648,0
-1.1464988648219403,0.182142625402823,0
-1.0595463159216372,0.19637612736806057,0
-1.113189044072982,0.21476238984533816,0
-1.1090527497671117,0.23356552858153376,0
-1.1359205890597206,0.25341515645733137,0
-1.1400517194525803,0.2710809080691894,0
-1.0914515523370265,0.28973467331052777,0
-0.9599060328022142,0.31051138165548575,0
-0.9247552770719306,0.3370064623933479,0
-1.0124385196605006,0.36823673574379756,0
-0.8992455468959856,0.3965156750309294,0
-0.7660837225949794,0.4262814381432213,0
-0.676301349375559,0.4614179198983424,0
-0.6168827845436853,0.5017382714007805,0
-0.6996138345737942,0.5447637047915321,0
-0.5463308233030457,0.5914677487220749,0
-0.596653155401135,0.6428475914190346,0
-0.5679986022136168,0.6886589870139908,0
-0.6827381669189366,0.742671457789984,0
-0.7791226028974734,0.7919862540449857,0
-0.8562559712452458,0.8467319592049175,0
-0.8072762565248519,0.890922113788835,0
-0.8475341222033003,0.9361789508316205,0
-0.7791226028974734,0.9791203446308376,0
-0.7127224277016437,1.0276099984258746,0
-0.7644854915242398,1.0758349119295423,0
-0.8720988563018727,1.1247222128663956,0
-0.9079312485469886,1.169255127709734,0
-0.92974619897782,1.2177787561085498,0
-0.7847047928408368,1.2645232472373336,0
-0.7618234943773567,1.330961628662654,0
-0.6728157081065889,1.3909596331750658,0
-0.6867582731825028,1.4556602025907086,0
-0.7046977069135231,1.5192077987742656,0
-0.6025890733843778,1.5810348058048722,0
-0.6050186944466718,1.6579151592220336,0
-0.7113875561934637,1.739440184259796,0
-0.5392795001137245,1.8076609587031844,0
-0.669596008356645,1.885225788822765,0
-0.5696252348058073,1.949338616432935,0
-0.5855765620352614,2.0181589730476226,0
-0.6575124519575106,2.084250051562837,0
-0.8149679049250479,2.154887421931423,0
-0.8483267828474312,2.228260644340288,0
-0.8763203551720911,2.285917675956867,0
-1.0085242736132565,2.340155540717275,0
-1.005916497552746,2.397860133158698,0
-1.005916497552746,2.449989110709617,0
-1.0761560420574443,2.5039149160625147,0
-1.0966309570670856,2.565897255807206,0
-1.114998995576356,2.6197243729603312,0
-1.1501084400027062,2.6739685020233863,0
-1.2043708377129998,2.707771014614288,0
-1.2512307661505646,2.718323845756138,0
-1.3225728060788298,2.7306288976392135,0
-1.2379362721550216,2.7279562593381614,0
-1.347945692560516,2.7353173163563143,0
-1.3924715323261072,2.7202815509736586,0
-1.428776422609912,2.7157303205643535,0
-1.3342509953081547,2.7030797504168445,0
-1.39398714078898,2.6907816381250735,0
-1.350228142102574,2.676681929329604,0
-1.341862603057013,2.6631871389305593,0
-1.2583853675997023,2.6555236866345138,0
-1.2000099131920174,2.650487709424176,0
-1.225134931850127,2.651715562836797,0
-1.2261599685788662,2.668635236894068,0
-1.095334814906315,2.6799097931816673,0
-1.531525381349937,2.7075778056322903,0
-1.397015775758249,2.6956106114426452,0
-1.5708821442114511,2.689985636077109,0
-1.680274477014521,2.677841245069298,0
-1.7835140074887084,2.6609664339100654,0
-1.8974428378544284,2.6271759548839615,0
-1.9711706055845968,2.580725239763501,0
-1.9632414171867827,2.5306025264820025,0
-1.8307767211395771,2.488713837667409,0
-1.803271138592594,2.446403883116997,0
-1.936293537242836,2.399268693299375,0
-2.102734198814864,2.327091666372817,0
-2.0799226131767683,2.2354795856961807,0
-2.1569707769601925,2.1446804349400255,0
-2.055394026469119,2.063899788848769,0
-1.9010679047741623,1.9710070288217099,0
-1.899859549134264,1.894569864821469,0
-1.9387025026531752,1.821348909729159,0
-2.033679772341624,1.7566362729114589,0
-2.012882112770059,1.6859718295514017,0
-2.005701691755952,1.6144629738659642,0
-1.8509392194132528,1.5338915604403023,0
-1.894543300709946,1.4631068252822992,0
-1.916763618310568,1.403449323270265,0
-1.9649248528218703,1.3435134944829297,0
-2.021492937682668,1.2744912219426383,0
-2.0925225608749867,1.2168477339881416,0
-2.014557802535655,1.1511128648638742,0
-1.9987562287829423,1.0837946444699351,0
-2.047049143075532,1.0324593049324804,0
-2.3606690707628557,0.9834899124453059,0
-2.3288361291293462,0.9340139433384204,0
-2.181279897365692,0.8759651072364947,0
-2.240300840897248,0.8267667575392754,0
-2.2473340903911145,0.7844533617905306,0
-2.2538922598897875,0.7330061474933666,0
-2.2027127182351736,0.6838058154110782,0
-2.1892917083713543,0.6369562112609501,0
-2.2395959667739747,0.5876876299238345,0
-2.3571860114503718,0.5433347475946771,0
-2.5383748085249214,0.49530812431808724,0
-2.4579287899933804,0.4405138233490161,0
-2.2824357889479923,0.3918814652959764,0
-2.370872962833236,0.35422927609809285,0
-2.437668177372874,0.3129416175671044,0
-2.474706343301408,0.27059870889967913,0
-2.589866766915505,0.20562913460799567,0
-2.544767732807885,0.16778758061856505,0
-2.4547065082869364,0.13739986582421562,0
-2.4797592321631803,0.11041227733825025,0
-2.4652873660056565,0.08355332488599801,0
-2.5184885795962733,0.06155853530345974,0
-2.208124499049841,0.042240430904843015,0
-2.2400658828561584,0.028091343457341083,0
-2.230915429035958,0.016845103878157953,0
-2.2182328587298725,0.007811021953243169,0
-2.1065348387763043,0.0018908912450636274,0
-2.155315742846532,-0.002063433590143904,0
-2.189999164451132,-0.0037940996474616585,0
-2.198240769584898,-0.003029032547104404,0
-2.2588134689702923,0.0005546168025859204,0
-2.582588231554567,0.006468636951661193,0
-2.410211651999296,0.01772236463031742,0
-2.311836527562693,0.03099075648290565,0
-2.251083091222625,0.045402927663639195,0
-2.283837791325066,0.06129864560338861,0
-2.4443502807833237,0.07881169140242145,0
-2.466206542518069,0.10470946615501307,0
-2.3288361291293462,0.13361911658360448,0
-2.2702773558104825,0.15906366324490445,0
-2.119341342994166,0.18989627738148662,0
-2.0596852381647217,0.22307264642864458,0
-2.0680223756888125,0.25250582516493103,0
-2.148225690309787,0.2834674690392938,0
-2.207417042970058,0.31784049634609185,0
-2.0351127581966577,0.3633167816192036,0
-2.090859780891873,0.4072546165250219,0
-2.120053962986935,0.4599739271852378,0
-1.9841320271922105,0.5062861267421388,0
-2.0606379801115717,0.5520495063008628,0
-2.2634945560966977,0.6043855350046387,0
-2.222929437595265,0.6731706067754167,0
-2.068737577638082,0.7331364866166747,0
-1.761275616192618,0.7967914203303722,0
-1.3975218392313749,0.8445598030774049,0
-1.412654686251757,0.8881053690407605,0
-1.255320585239491,0.9245678889124284,0
-1.3012148619477188,0.9636986753763828,0
-1.1392771325039233,1.0119015492921255,0
-1.1997517175424637,1.0596712136212691,0
-1.2660460325219662,1.0837295076843532,0
-1.2105262219983683,1.1227003624109624,0
-1.128435497179144,1.1593301593762333,0
-1.084454450234107,1.2063408675691019,0
-1.1441776859324495,1.2246798821307936,0
-1.26374809124094,1.269888360940708,0
-1.3091027390416046,1.317095988638232,0
-1.378828474203676,1.34970616892794,0
-1.4136616492850034,1.3859551617351165,0
-1.512049683504065,1.4329165039956722,0
-1.3843900084950655,1.455660322593204,0
-1.334759640737786,1.496027043605009,0
-1.3456658249749394,1.5222141236113176,0
-1.3952497175153138,1.5263478157502777,0
-1.1511386406444315,1.567639946707089,0
-0.8586339531776337,1.5875527319185754,0
-0.9868539127461802,1.5954252500632522,0
-1.1366977579648831,1.6304017159357758,0
-0.9957358430908492,1.608891972359366,0
-1.0572070633366777,1.6431741103063515,0
-0.3949274763610506,1.6236178853930832,0
-0.2101678334531581,1.6264487586347423,0
-0.2176916546811632,1.6119855849138358,0
-0.319480125604847,1.5742866564932836,0
-0.0939694633278387,1.5810799609086024,0
0.1572497397752423,1.5449368054636556,0
-0.1926002014574909,1.5033258528424418,0
-0.2443994126710294,1.4784650533889336,0
-0.1478652232157513,1.4371259062853685,0
-0.2101678334531581,1.4173242454909423,0
-0.0672152301210528,1.3945936709205573,0
-0.1102745185971962,1.3747206677525958,0
-0.2496795137044001,1.3466188260868326,0
-0.311192045254162,1.3156304272563304,0
-0.2532890888851657,1.2969147314295904,0
-0.2746521969292871,1.2731745852674046,0
-0.2110043873577036,1.2476460587770328,0
-0.2901671735109756,1.2322735368888544,0
-0.4677257397528056,1.2061119751025344,0
-0.4559881655240785,1.1861348355590469,0
-0.7463679027950513,1.1689552702363801,0
-0.551481826511649,1.1513909310192185,0
-0.5593361381710736,1.1314295669802772,0
-0.5360236529728384,1.1219226638086846,0
-0.5471441395991264,1.1084075863043334,0
-0.4477930356072377,1.0963231463410523,0
-0.3296969274577104,1.0906638827296118,0
-0.2360596931904335,1.0694935222331436,0
-0.3429346184103514,1.053362475029764,0
-0.145905518235636,1.0494168042328087,0
-0.1119605361887697,1.0440113572181051,0
-0.2232583528855389,1.0464786385417393,0
-0.4472456608301783,1.0283934617599944,0
-0.1338529453144529,1.0143940622782366,0
-0.188133416720201,0.9954414562457866,0
0.0287328552097184,0.982964884861429,0
-0.1206668934917468,0.9681197808023958,0
-0.039273296926323,0.9579819386241869,0
0.0295823188967656,0.9524614170309741,0
-0.0700347266141926,0.9249106394677606,0
-0.026267982058271,0.9148657358530549,0
-0.0058834355259883,0.9070947909147561,0
0.1497878855031447,0.893302169515329,0
0.3467137074180192,0.8916216601992392,0
0.2523457794624996,0.8945882273285231,0
0.2407811963189688,0.9006205326413846,0
0.0919675517420154,0.8995366443164318,0
0.0808341553332447,0.9041205593055448,0
0.1572497397752423,0.8892612638758484,0
0.1314405026458338,0.8870190629538204,0
0.3440930215750457,0.8862242530864274,0
0.3726804438936653,0.8976752531198176,0
0.5275436125396846,0.9070327996464119,0
0.5458884134405144,0.9160150995760329,0
0.6222136294051729,0.9163417307339603,0
0.7515541580927839,0.924648623609891,0
0.7913395257325676,0.9400996045615522,0
0.7798730569358722,0.9507728260778384,0
0.7175962662634303,0.9655523214707183,0
0.7377200351896779,0.9798662325284646,0
0.6418907198576967,0.9956276028335854,0
0.6159601307729738,1.0057866743356416,0
0.6302615878017775,1.0150390737367718,0
0.5687077449480822,1.0166558437523456,0
0.5239960043148264,1.0282603212399595,0
0.4897566792274637,1.0260471007794343,0
0.3621718809568107,1.0357453322387908,0
0.4236017898987249,1.0387283661856697,0
0.3796930377355533,1.0348116385345332,0
0.4127549906609544,1.0334430476639178,0
0.5509232286068184,1.0294619470297879,0
0.6475606963218941,1.0336808511702877,0
0.7236018970720576,1.0417682064954077,0
0.6843277568183861,1.0462911868625577,0
0.6858227096293089,1.0501218394636072,0
0.3391382470601034,1.049795368555099,0
0.2399136589364721,1.047112542373183,0
-0.023438157739173,1.0310060404467438,0
-0.035599172833164,1.0034964053573954,0
0.3173129688032947,0.9875802105028849,0
0.3117875819028284,0.9785175526883941,0
0.3010388970118932,0.9648330382469482,0
0.4829764614701599,0.9550954956950598,0
0.5121783894347375,0.9512520563776694,0
0.4500229507175908,0.9464487011621975,0
0.3861221094094396,0.9344045095585567,0
0.513064000512708,0.920047296945497,0
0.5906776127686459,0.9127022785876585,0
0.4573711989038847,0.9190255839790045,0
0.577019062907227,0.9122244139681512,0
0.4941769887478291,0.9139899684597786,0
0.4382724667063764,0.9126488432745965,0
0.4582516460688688,0.911890210514884,0
0.3744335923541373,0.9220555939883525,0
0.5835488308844539,0.9171471981949151,0
0.3861221094094396,0.9227725497022753,0
0.4315232324270287,0.9200249656753398,0
0.4500229507175908,0.9241654321564471,0
0.5228134682398544,0.9231533088342144,0
0.545000220406034,0.9264252365689873,0
0.5972177085718453,0.9224420918882735,0
0.4241904759796985,0.9278395244993332,0
0.4770870187038368,0.9224074739778216,0
0.4694315176945641,0.9055379092789857,0
0.591274044719111,0.8910046696977122,0
0.712494320228252,0.8738512404791074,0
0.5687077449480822,0.8576972995353085,0
0.5701923699330228,0.843334590837926,0
0.6380126212013805,0.8359268916348144,0
0.6201299905132813,0.8334588356012537,0
0.7008006392599345,0.8267937353119346,0
0.9340055318936488,0.8280187798069129,0
0.8363946665797447,0.832989649139315,0
0.759984246050714,0.8351108226519376,0
0.6427840768051442,0.8252537095892585,0
0.7816830084392413,0.8126484227874089,0
0.8106732159711701,0.8075478177156052,0
0.6595048270702645,0.8028262839015411,0
0.4820934323486899,0.7912141153682785,0
0.5805795809145871,0.7824443330478631,0
0.6308554377957566,0.7740105374481145,0
0.6403983490032599,0.7659578571675147,0
0.6365202503469629,0.7624936874667395,0
0.6171529946739231,0.7496272064183694,0
0.5897868377776845,0.742916396260303,0
0.5850334558693944,0.7358820168157804,0
0.4644276860061921,0.7208872059272596,0
0.4153937501994016,0.7049844601657268,0
0.273481675334999,0.6925929562310261,0
0.3513793028054561,0.6843891550933062,0
0.2743517946740058,0.6764378222250205,0
0.3510875417214649,0.672686381026704,0
0.4464959981446681,0.6678750432724865,0
0.5618887978433741,0.6741384625589493,0
0.4706088898565257,0.6806785056441063,0
0.4423829414472769,0.6803371333652782,0
0.3470054685020105,0.6879865872361512,0
0.3645059696287793,0.6941801914986281,0
0.3852468261574706,0.7058152305813136,0
0.4148076460749139,0.7109588693782305,0
0.4582516460688688,0.7158771543759072,0
0.471491918977991,0.7460515368616707,0
0.3534216303934335,0.7515628587892131,0
0.2865283015069652,0.7560209445086891,0
0.1903091107441574,0.7574111403963326,0
0.1710373874614479,0.760340730993204,0
0.0982520338521465,0.7593995161434457,0
0.122563736214156,0.7551772964928057,0
0.2361594941919513,0.759774100271823,0
0.2246078208309079,0.7683087840615836,0
0.2535050779290117,0.7694880123015911,0
0.3190583713942704,0.7626636227377229,0
0.3292390258561963,0.7666221854124952,0
0.4153937501994016,0.7695595394321596,0
0.3793986946950569,0.7786605433623882,0
0.32574563871773,0.7692365012242919,0
0.3053946576198893,0.762155768625543,0
0.2176830135098731,0.7585977062729294,0
0.2044195029922863,0.7518571585974771,0
0.1460595403235698,0.7365856401738191,0
0.1730487315714691,0.7170595317477397,0
0.2700037799355059,0.7039154128648611,0
0.3507957806374736,0.6879305251322474,0
0.3458410061225314,0.6839707601015973,0
0.349336975217474,0.670597604494749,0
0.3627554031248124,0.6661179959485772,0
0.4066047702885769,0.6615049868227397,0
0.4909340513894254,0.657360502686025,0
0.4388611527873692,0.656707459154966,0
0.4332841267569921,0.6505970349573641,0
0.4359228862954393,0.6504635290086686,0
0.407485217453561,0.6447596340749954,0
0.5654441519377238,0.6401147637164152,0
0.6481571282723784,0.6385682393389993,0
0.6442764476595761,0.6437046821456877,0
0.6810331803300956,0.6447196669832916,0
0.6699643328336943,0.6403783901288018,0
0.6544261186435459,0.6396405469425481,0
0.6183432766183721,0.6357405002815305,0
0.5802826559176095,0.6289387721067962,0
0.7055953324721581,0.6222067389217294,0
0.769625271605072,0.6326864294052553,0
0.7476424940020496,0.6416437499142167,0
0.7202969927577657,0.6550187169472697,0
0.7205990816677535,0.6660581762080455,0
0.6651825494039533,0.6755727006845473,0
0.6720582995515872,0.6938130834638753,0
0.5728621129494261,0.6967611793299571,0
0.5951366516364396,0.7002850879157168,0
0.537305990049333,0.7091442322672665,0
0.5124727324752099,0.7171771077866964,0
0.471491918977991,0.7233694894710699,0
0.397529193206752,0.7243108341333281,0
0.4912309763864029,0.724341868442103,0
0.4382724667063764,0.7332318937237553,0
0.4464959981446681,0.7367735593233193,0
0.3656730139647636,0.7377210700961032,0
0.4001653707886941,0.738588980899054,0
0.4309345463460551,0.751302134149125,0
0.6231069863526395,0.7612367710544548,0
0.5042078897329847,0.7740717108989636,0
0.6810331803300956,0.7848885748509046,0
0.9059551565261112,0.8019893103506346,0
0.9449995026516746,0.8193121787530502,0
1.2507341352016172,0.8302735044797334,0
1.1643728543387688,0.8626311991884722,0
1.13829767569031,0.8847586330724485,0
0.885867534990806,0.9374371189211879,0
0.776557824795603,0.9608085312407125,0
0.8143008648474045,0.9784600181138635,0
0.782891364079159,1.0086187258500723,0
0.7314097335145769,1.0354852387700577,0
0.835183728983341,1.0537587237220414,0
1.0047124105240448,1.082118536677459,0
0.9734449173630444,1.1065647980136208,0
0.9440854900522532,1.1325496936930186,0
0.9275971158717172,1.162719765504472,0
0.92546441980642,1.1860453658384797,0
0.8873883073666697,1.216924727469116,0
0.8916485355843163,1.2421232592048723,0
0.7551688971865358,1.2701608654157368,0
0.712494320228252,1.2960341825253465,0
