signal,anomaly_score,is_anomaly
-0.75601741447784,1.2414057364471427,0
-0.765089617301503,1.2634893168414243,0
-0.8124157063964185,1.2646795958940313,0
-0.9476474296246246,1.2831471000864363,0
-0.8993142662745859,1.3161389193108952,0
-0.6362502552350245,1.3376560499999037,0
-0.6092918162235206,1.3334919750557934,0
-0.7579163468656868,1.360247964298743,0
-0.782995056176416,1.3889197590486844,0
-0.7077781309312605,1.4122480899860281,0
-0.7562286440355954,1.4436189921297478,0
-0.6469269492448216,1.4884201520086158,0
-0.6916457401622726,1.522755071343625,0
-0.6595111101700115,1.5431008712051344,0
-0.7238849181174832,1.6152413998093347,0
-0.7507388091660616,1.6477036684174937,0
-0.8634799185738993,1.6703239898978326,0
-0.7667751864996859,1.6918410088911429,0
-0.7454602038542634,1.7190976712777126,0
-0.668459562343677,1.7646542235797884,0
-0.6165717682541827,1.7962366184247855,0
-0.815353717517827,1.7815652951912293,0
-0.6876067749823254,1.7961290361556526,0
-0.6432976413889787,1.8280773989665127,0
-0.3408446519092554,1.8591946733307874,0
-0.1458605674212647,1.8537937766195176,0
-0.2441633897859029,1.8522152198961719,0
-0.164030576651332,1.8310271391629782,0
0.0152777142935087,1.8123950199635004,0
-0.0009058836409857,1.8016348306589267,0
0.0653647230624084,1.7958370105899373,0
-0.0992791158582025,1.7848653459767068,0
-0.1922286557946869,1.7933527193035126,0
-0.2406044917826346,1.7844984566571753,0
-0.2836569161889905,1.776260271961016,0
-0.305112718539586,1.7767378583732822,0
-0.2818838680830417,1.7781853165687338,0
-0.453585761317089,1.7704245889360386,0
-0.4553268049445754,1.7784699395393617,0
-0.4788031567011106,1.8154421000538605,0
-0.4590265226530007,1.8394155779582317,0
-0.6398816967227758,1.8500643740954892,0
-0.702473922036717,1.8733184739629545,0
-0.7257902514009874,1.8804888698702442,0
-0.7382741316270605,1.866919307010643,0
-0.5951394358544441,1.8752436504915027,0
-0.5145628272854258,1.8850883201729867,0
-0.475111973520267,1.8625685138866166,0
-0.4965912458217074,1.8804683393656192,0
-0.5234302014470267,1.8928808074915422,0
-0.1844024939985364,1.8952190817207495,0
-0.2031720537915071,1.879180591627247,0
-0.3212301738852789,1.887652049110994,0
-0.3086481465919736,1.878147788069319,0
-0.1119016821575441,1.8510851482228132,0
0.0653647230624084,1.8577781573769576,0
-0.0043239619390772,1.8512470363775437,0
-0.0814440868358681,1.8455773216342404,0
-0.104690006347576,1.8511342404900974,0
-0.179706370194478,1.8431938529187821,0
-0.2031720537915071,1.8584771778980556,0
-0.217448184810593,1.8272312974527274,0
-0.1409212095810122,1.8387930372352697,0
0.018928358468312,1.8166917950367174,0
0.0952120996616948,1.8092432404109964,0
0.1757823073350357,1.8216939879839273,0
0.194340637570251,1.8125515795413598,0
0.192484377820353,1.8373320673350537,0
0.1799556913244666,1.826949012149179,0
0.2210793124964376,1.8039562182215205,0
0.1655899477657462,1.8305961799947588,0
0.2175886907138633,1.8256246713769393,0
0.235289300926718,1.8120368917319956,0
0.1852897710655643,1.8337204766475548,0
-0.0043239619390772,1.8536227678632926,0
-0.0204776890270175,1.8582365529170417,0
0.0330892733649862,1.8508787448724953,0
0.0493283457287841,1.8627487773144802,0
0.1399202224196795,1.8416440422514386,0
0.0422340196731122,1.8013102344233767,0
0.018928358468312,1.8160446190200106,0
-0.0848322942874174,1.8127928547504657,0
-0.0222955434027955,1.8092839243038668,0
0.0314890494426569,1.8229553229190607,0
0.085100818104474,1.8451070640223282,0
0.1332248855286577,1.8405525348034286,0
0.3249722504297423,1.8288567256283657,0
0.4358699018790526,1.8465758309292126,0
0.3983755885629443,1.8379325072946817,0
0.3787355069562225,1.8324187825605658,0
0.222941973142029,1.8546940943121473,0
0.190628118070451,1.8728233312494502,0
0.190628118070451,1.8724175667457421,0
0.1662833781320889,1.889398825519591,0
0.2605002954150423,1.9037076446111478,0
0.1709154929792463,1.893460188534677,0
0.0635297996314827,1.8947468169700605,0
0.0619253084453446,1.8678065375134996,0
0.0619253084453446,1.8662371063090275,0
-0.104690006347576,1.8471737557486232,0
-0.1350793254485619,1.8410913005398801,0
-0.1069431216302196,1.8643316445593974,0
-0.1170821404020942,1.8285889520431895,0
-0.256826495091269,1.8144014392141163,0
-0.2192319010760082,1.8321610296916133,0
-0.1599958787351776,1.7865774113564166,0
-0.3068793657498375,1.7917046165675892,0
-0.2381572159974348,1.7733160769479277,0
-0.26037899219884,1.7848548522298282,0
-0.1653747647460887,1.7704780835525364,0
-0.2317051131425951,1.758731443213158,0
0.1244577920661934,1.722352792506005,0
0.1477762550623683,1.6835944552650857,0
0.1366877700965823,1.6482356060089662,0
0.2248067674195128,1.605394783854709,0
0.0600925186463074,1.5588660525676554,0
-0.0742110747069396,1.547440535998499,0
0.0171041031968526,1.5085014759752924,0
-0.1224844963638859,1.5041327857088302,0
-0.0336528659875249,1.497319824874597,0
-0.0527061988227379,1.4946557863318848,0
0.1209991747620617,1.4975942955632642,0
0.0743089079722811,1.4868836320724481,0
-0.0551982808777708,1.4805517481430197,0
0.0837224918993703,1.4335754508080172,0
0.0761459650351111,1.3865746309723777,0
-0.4394269800523192,1.3620802429760503,0
-0.4768508835158688,1.3428448539942108,0
-0.3714003942981437,1.312852956504028,0
-0.2745740452058414,1.2718356304056095,0
-0.3139480882227283,1.2348548768309358,0
-0.2692527672561342,1.2022971952757815,0
-0.2423839407842767,1.1469188508153554,0
-0.3874090344171382,1.1054759849085387,0
-0.3265237146203523,1.0636298980118513,0
-0.3860947171689357,1.021507935826159,0
-0.4250292320151442,0.9826733769213968,0
-0.3998929146432072,0.9467473117059634,0
-0.3911343557083248,0.92580251313848,0
-0.3337972657553012,0.8818346109671339,0
-0.3139480882227283,0.8558979526027548,0
-0.408642939050492,0.8281279424362165,0
-0.3751321164850276,0.7969159374501751,0
-0.479456048061409,0.7728941555240568,0
-0.4688113585300744,0.7632771794146217,0
-0.4448762759158326,0.7395475988946472,0
-0.5566572509702686,0.7202437096127244,0
-0.5195384568679138,0.7014277715309623,0
-0.5255894369262151,0.6669787375759897,0
-0.3722794506394806,0.6358890077590565,0
-0.3527268479405168,0.607291567734498,0
-0.2029480224423969,0.5692826894306042,0
-0.2029480224423969,0.524126103789039,0
-0.111677650808418,0.47598146742150793,0
-0.2325948376434141,0.4334910479041688,0
-0.2625979693711406,0.38983016826047195,0
-0.343486088197047,0.35596328223067963,0
-0.3540454324525122,0.3348062929276539,0
-0.2964907120460716,0.30828672207352714,0
-0.1700772894458444,0.28142391374558484,0
-0.2548272820043055,0.25290961349534113,0
-0.2049579036888267,0.2363926196438247,0
-0.1743338850792404,0.2172269364488396,0
-0.0097860595939612,0.1946632149828686,0
0.0312607508297379,0.17206304372866094,0
0.1216904714965,0.14403682059235462,0
0.0298888255203116,0.12312177935172357,0
0.0676583773510764,0.1043192858406812,0
0.0346873636554071,0.08864058082797942,0
-0.0316088466307482,0.06343657678066855,0
0.0161909087451727,0.04602122196221234,0
-0.1467588264496695,0.011859394827291694,0
-0.1586495570085166,0.0015000903818850892,0
-0.229479735074617,-0.008072999855722893,0
-0.2161125312434182,-0.014828951450549676,0
-0.1445121120627192,-0.021310890611740425,0
-0.2138807522797469,-0.02708752238477363,0
-0.229479735074617,-0.03207350742558884,0
-0.0497596531737476,-0.03549050180227765,0
-0.0723996212268747,-0.04116826034557683,0
-0.0179749388124945,-0.04430297494240352,0
-0.0721755898777446,-0.04990092220921544,0
-0.0678763216064199,-0.0536604049881443,0
-0.1123518784876888,-0.054829704156626885,0
-0.0610871049119427,-0.05793350108341864,0
-0.0635770533350911,-0.06088700249825073,0
-0.2201216255768312,-0.07005539906414625,0
-0.1803763306099599,-0.0644034809562322,0
-0.2281419478755378,-0.06337863990038585,0
-0.1579774629611463,-0.0655924421381248,0
-0.1276585537127388,-0.06598664933318917,0
-0.0755659309611824,-0.05478173675920126,0
-0.0565574043958065,-0.04674944664261716,0
-0.1107751245162203,-0.0476318269062736,0
-0.1010820348107015,-0.0380392174534685,0
-0.1107751245162203,-0.03195655264554876,0
-0.083703603014209,-0.02431492405964302,0
-0.1272083573825941,-0.01423185629024325,0
-0.1265341297033194,-0.011215424240433834,0
-0.131031825741013,-0.006691574034318047,0
-0.2450509806548176,0.002826162293409966,0
-0.1512479879597813,0.013629337817227449,0
-0.2517185803311858,0.02154048088190145,0
-0.3928860674952973,0.02296011799016739,0
-0.4824943398819343,0.025455758851231056,0
-0.4147643289613718,0.031395407679490006,0
-0.5613939137803674,0.030776220193893828,0
-0.4757648648805694,0.0394278143864982,0
-0.5450182889752013,0.04291093469611789,0
-0.548252874930203,0.05358170874095707,0
-0.6283408817949407,0.057502078110147875,0
-0.71392725805679,0.06760372232502478,0
-0.7266373032638778,0.07951785696761432,0
-0.7054439376365482,0.09357175780547072,0
-0.6612158820552663,0.10312620109346923,0
-0.6820785347386557,0.11018339327278102,0
-0.5312072897095352,0.12598811338127647,0
-0.5514874608852047,0.12417716298256005,0
-0.4016424927982754,0.13290472466001815,0
-0.3291672845400323,0.15229332326100703,0
-0.3203468502801531,0.1479438727326366,0
-0.3225530256610791,0.15580743832526475,0
-0.410392517205576,0.17214507019008005,0
-0.4696797467119211,0.17373994362792777,0
-0.6458601332965902,0.16955034020958662,0
-0.7012001437945389,0.18173216697899225,0
-0.8172398481142792,0.18148914587543435,0
-0.9505427681081005,0.18295281551444695,0
-0.991824278040396,0.19374369996318092,0
-1.0288257223884505,0.1968654611756969,0
-1.1784487927581342,0.199090416254796,0
-1.2478771746682544,0.1933143234549501,0
-1.1501290965966904,0.19596378140060483,0
-1.1592418384263936,0.20889389855875337,0
-1.3177962919145634,0.2206443675834489,0
-1.2878934408859737,0.21880031546162837,0
-1.1976173417157392,0.20567873915711432,0
-1.1814785500510778,0.20734731073156096,0
-1.1328957517691636,0.21498701799700495,0
-1.2338314758940117,0.1977221022025069,0
-1.10667768302572,0.1890265837944097,0
-1.2518862690016674,0.1895639458726686,0
-0.9381228968389324,0.16932117339965563,0
-1.0041737394569854,0.1608681318575999,0
-0.929835870553147,0.15466975125846757,0
-1.1814785500510778,0.12711990035293827,0
-1.3138128011639156,0.11310499905151716,0
-1.1450638544745555,0.10494122304315932,0
-1.167334704209583,0.10615693821301164,0
-1.373360333761638,0.08664318776995554,0
-1.54393780298625,0.08280463855270545,0
-1.4882052042193648,0.08403642318162508,0
-1.5672242615039824,0.06111272664274743,0
-1.5947033066982297,0.051450865728785516,0
-1.5264356205397602,0.04965496065478677,0
-1.5102648243966563,0.04568262140139577,0
-1.4796002667810295,0.04267928540010271,0
-1.4756871858829643,0.03336524360375053,0
-1.466092243244674,0.02690412161072676,0
-1.547240665161946,0.012585000776637996,0
-1.2639028838424125,0.004110024157034657,0
-1.3503811182369891,-0.0006143995144347712,0
-1.4702058855410125,-0.015234555751501568,0
-1.54199406432859,-0.025673178422627813,0
-1.3970735186586585,-0.03698766927319725,0
-1.2091005485823705,-0.04321350736571172,0
-1.3416502965167565,-0.04455300435788393,0
-1.2400552801359126,-0.05456676400766355,0
-1.304849413566975,-0.05885757632108974,0
-1.2237863369255606,-0.05644418571525724,0
-1.1895522131471994,-0.057804032529670674,0
-1.1683439120965908,-0.06050663617094268,0
-1.214334347624351,-0.05976588679208442,0
-1.0464537891168184,-0.05743655009119049,0
-1.1699612050740995,-0.05713580939869705,0
-1.1127820038814364,-0.05506642363821463,0
-1.0160964744942949,-0.05015192542103816,0
-0.9319076271245934,-0.04587635335433922,0
-0.9893513986724308,-0.04249674238743592,0
-0.9476474296246246,-0.03895389726003555,0
-1.071201785483623,-0.03686506669923101,0
-1.0156846835382862,-0.03249838566931731,0
-1.025337234237765,-0.027976921220456134,0
-0.8549176537734932,-0.023825092098934863,0
-0.9200873064183288,-0.020225382108355817,0
-0.9302497951410602,-0.014847941254577652,0
-0.8922412765379062,-0.009079017719257725,0
-0.9633573612781136,-0.0028782460278828914,0
-1.0799816807374625,0.004646918110054743,0
-1.0546426683353556,0.01506284266709321,0
-1.114815355078727,0.02604795644095093,0
-1.1847088687422866,0.03642792895314364,0
-1.2223781398739186,0.048157375184800955,0
-1.2584983942487322,0.06508469071103147,0
-1.2064825822454557,0.08208496954156819,0
-1.0903831362326029,0.09859164898448239,0
-1.1719838881119238,0.11049636459518598,0
-1.2028575416534015,0.12881382591697293,0
-1.3233672047961818,0.14486657290151372,0
-1.3018601952800717,0.16666382037345423,0
-1.2474760518717358,0.19368691144921057,0
-1.304251996635976,0.2139964000696161,0
-1.2478771746682544,0.23906873539710563,0
-1.274908157164245,0.26132107221662154,0
-1.334500496031801,0.2901143087505289,0
-1.3812718408336302,0.31654520738775943,0
-1.1830937093966822,0.3398747764719197,0
-1.2568960366945183,0.3724196994042428,0
-1.2731073718436463,0.39434218569282076,0
-1.3138128011639156,0.4248032210133494,0
-1.2582978328504628,0.44881695232642704,0
-1.0585301456506755,0.47697801725188166,0
-1.127615012825481,0.4930603946712657,0
-1.1974167803174698,0.511505940211169,0
-0.9728562904810604,0.5444939367835786,0
-0.9070060092612569,0.5532665629873585,0
-0.9637712858660268,0.5749263790603232,0
-0.9732680814370692,0.592997888844841,0
-0.8394466888924094,0.5937719852503067,0
-0.8793285363006449,0.6002351084533435,0
-0.8905749100267714,0.6047003008150524,0
-0.7730971378088349,0.6055287270263662,0
-0.7526398751857929,0.6080032345714247,0
-0.8300245704377383,0.6123624753142295,0
-0.933981517327944,0.602620407188016,0
-1.0638450227047054,0.6060404165738144,0
-1.096495991615901,0.6008056819416737,0
-1.0942556781246475,0.5987303642280896,0
-1.075897909287682,0.6006288975479613,0
-1.089975612540387,0.5866334394625158,0
-1.1397916500584548,0.5727351625695819,0
-1.2518862690016674,0.5609839839631409,0
-1.2239868983238298,0.5373667009336297,0
-1.1994309288277123,0.5198066419732426,0
-1.0932379357100384,0.500979037970538,0
-1.1903587260040494,0.4841199553189703,0
-1.2008412595112543,0.45790829978867487,0
-1.139996478720513,0.4433449200237359,0
-0.9893513986724308,0.4228075482012594,0
-1.01383695831597,0.40217709792761547,0
-1.0140417869780125,0.37208140039955173,0
-0.7293875547783917,0.35022423639049977,0
-0.7456714334120188,0.3202338179765818,0
-0.6321878201042165,0.2990553869052243,0
-0.6667547904584222,0.27309722072492804,0
-0.7467254475688597,0.25147543593192173,0
-0.6693108814703602,0.23145927361751625,0
-0.6667547904584222,0.21013489553213077,0
-0.6189272978678515,0.1869310391293759,0
-0.702473922036717,0.1718047242619239,0
-0.536818741597178,0.15068194291208806,0
-0.5661305765904662,0.12886174340756196,0
-0.6330434064946925,0.11231429584024395,0
-0.7062931231313271,0.09857835114038785,0
-0.7351014209970556,0.0842142293920747,0
-0.7454602038542634,0.06923820347623828,0
-0.6338989928851487,0.04992034958783698,0
-0.5363877479541053,0.040182902354092206,0
-0.3355596457017599,0.02651567115765365,0
-0.2239109558249031,0.016802008770331636,0
-0.300472069164831,0.007851231544588697,0
-0.1371020084863822,-0.005354006974228575,0
-0.07624442590425,-0.010912003218915408,0
-0.1828364081865541,-0.017999474665167454,0
-0.0904778842853912,-0.026010971940924162,0
-0.1265341297033194,-0.03294066692156505,0
-0.1886526887362391,-0.03846184322196627,0
-0.272798863468008,-0.04402667580858001,0
-0.1964724496366963,-0.04989703336150555,0
-0.0678763216064199,-0.05466670658017615,0
-0.1175323367322389,-0.05565991874895772,0
-0.0011341822539047,-0.0583659823024236,0
-0.0440905932249169,-0.05727682309989295,0
-0.0179749388124945,-0.05618715364909343,0
-0.0470392725057917,-0.05537178694398685,0
-0.1729918306163881,-0.05452782350277804,0
-0.1422675313076533,-0.05397455420607556,0
-0.1525943096864225,-0.05334167555432232,0
-0.1299074017315936,-0.05239412726573238,0
-0.1175323367322389,-0.051937012581156704,0
-0.2408263894998801,-0.0491742399052716,0
-0.131031825741013,-0.048822377951400896,0
-0.2450509806548176,-0.04658663168937684,0
-0.2586016768291023,-0.04608002730083785,0
-0.2045098409905864,-0.04509904304135813,0
-0.2359318379294369,-0.04235540092527426,0
-0.1478811168272004,-0.03984060025263415,0
-0.1752278768438523,-0.03491027199131033,0
0.1032644264388639,-0.02793788546190619,0
0.1811142534442291,-0.01824404928234865,0
0.2867098296309001,-0.009919332198941967,0
0.2534913146352439,-0.002527662843139103,0
0.1609599665504774,0.0053861192457131625,0
0.1408440850308456,0.017041852417661593,0
0.1170818266002035,0.030905997702970735,0
0.2565274728238807,0.04736972651349806,0
0.2189840859741305,0.06301558964395632,0
0.3445120513373276,0.07785157699816184,0
0.2460214693658146,0.09046251941352533,0
0.2192166518508423,0.10775372697248901,0
0.347104414091501,0.12367316351304186,0
0.3452182834950449,0.14019272297562868,0
0.4801833027362119,0.1538939150192906,0
0.4420531671149489,0.16398844854597636,0
0.6215321486115049,0.17419279641573254,0
0.716355017353055,0.18067189541892453,0
0.6397000242096837,0.1848499091876787,0
0.6498881165151804,0.19033751424662332,0
0.7992359483702275,0.19824643094421318,0
0.7288175612601517,0.20051105010774864,0
0.8337581124546001,0.2025616542446226,0
0.9712386837016608,0.20466327128278738,0
0.9482423991218484,0.20512855739245625,0
1.0196443905361825,0.20743690113670357,0
1.0801456565915937,0.20801834505678166,0
0.8894800430620192,0.20725534388806047,0
0.9297800823219567,0.21109355380598516,0
0.8468564786668555,0.21482644472625276,0
0.8592294100343058,0.22036644938409142,0
0.8748390609886463,0.22884743685756104,0
0.9737414339161838,0.23970957096744375,0
0.8847625829389885,0.24700959837085232,0
0.8228957924698326,0.26009098634297245,0
0.8820336677434348,0.2723426537259931,0
0.7768584170403663,0.2874659057022548,0
0.8498243606347983,0.304981436316751,0
0.9494905737812612,0.3159657618696647,0
0.8604669165342325,0.32173958501480376,0
0.9577327937971934,0.3322956516472085,0
0.9320246630770028,0.34219017969524834,0
1.1998936131473568,0.3627399639649153,0
1.221392088135865,0.3799989769470146,0
1.2331825379955956,0.3954582685926059,0
1.0953264475347615,0.4087863903459987,0
1.1257499047460944,0.4295258231167087,0
1.0763563263435216,0.44953046866088997,0
1.0953264475347615,0.47151514075108714,0
1.1501543863775647,0.4958895834241705,0
1.1567729125203108,0.5250533895213229,0
1.3380761492883262,0.5548889916740063,0
1.3176359557204476,0.580263553809373,0
1.2134528438492234,0.606731560283322,0
1.2406225124184669,0.6361772239193374,0
1.0902633390445116,0.66752962983776,0
1.1458273808915862,0.7106952178632937,0
1.1735923327599442,0.7454092454308175,0
1.2131968080216546,0.7787331051267266,0
1.2727507415150543,0.811632559262983,0
1.0571664410669603,0.833671188052293,0
1.188649373053115,0.8684687316186779,0
1.1557551701057214,0.8910075052643772,0
1.0276924500495428,0.9206691213907858,0
0.9031438217268112,0.9619897100674205,0
0.8379571000267961,1.0216068898913693,0
0.8954392769487657,1.0879036362983496,0
0.9412526210291018,1.142795197051218,0
0.8095797958041602,1.1978846385138127,0
0.8342531150545779,1.2539034077313471,0
0.8515568697347029,1.3083190573757004,0
0.7712085597786076,1.3651314153716938,0
0.8251169032740336,1.4238348313344047,0
0.823636162737893,1.482626554806223,0
0.9547350409827124,1.5331729059520338,0
1.0453162495141377,1.5724773691950353,0
0.9850112775931712,1.6185161138695403,0
0.953237231391404,1.6704893497295263,0
0.9183203454061704,1.7341020026743301,0
0.8778154774841708,1.806226598124446,0
0.9195663864336948,1.878376869254958,0
1.0141140166606044,1.936465514636527,0
0.8451261031988354,1.988501263697999,0
0.8550218879345121,2.05949142901647,0
0.854774386634541,2.1371515818259508,0
0.9652346435450812,2.216600801035527,0
0.6367918839348333,2.277174172380483,0
0.5782983654939516,2.355520334742787,0
0.6644608223678634,2.447775743186858,0
0.662758184114497,2.5303130791599453,0
0.6215321486115049,2.628180130540027,0
0.6807553691609648,2.7163729539607813,0
0.5968737647843464,2.8084220252983485,0
0.592770790647498,2.9363247465444964,0
0.5720340222460065,3.0493410485779795,0
0.5645684442403701,3.156234113753248,0
0.6540145606028896,3.2629906038938143,1
0.6795391989799945,3.3602227201294412,1
0.6863561528891213,3.4526349878811096,1
0.9153332607511558,3.548823417212612,1
0.8877411330664174,3.6296859929074192,1
0.8061318466595186,3.7034744854566557,1
0.8228957924698326,3.786881208002995,1
0.8157438583529727,3.880969928903547,1
0.9544854060508172,3.9803843204195437,1
1.0246733609160854,4.068494346084176,1
1.1544813918635433,4.1559234173308575,1
1.115854120010398,4.229560664201207,1
1.0141140166606044,4.314549116688282,1
1.0211528682869568,4.405400655508834,1
1.1039377858687895,4.49585855659183,1
1.0352412396991482,4.5685588680174645,1
1.0493488137983915,4.642299506306709,1
0.9870147579439236,4.708606926472482,1
0.9357649197914724,4.7809632316449955,1
0.8783104800841487,4.845855841378297,1
0.8743440583886684,4.90496605187237,1
0.8879886343664083,4.972127963714719,1
0.8253644045740245,5.0280829386283985,1
0.9922784278324428,5.07795751513565,1
0.883273307875262,5.105361734211792,1
0.8270905127782319,5.148902974615773,1
0.899911369403698,5.190124990779327,1
1.002061130077628,5.214525180733366,1
1.0680180928922456,5.222906081829405,1
1.0307094055511117,5.213769980181252,1
1.0284456221089775,5.226551866062882,1
1.0579238803901885,5.255372507170904,1
1.0317164798062308,5.264512747236093,1
1.1084994908633845,5.261353932359875,1
1.181755608395716,5.250501537051512,1
1.2949127760233674,5.22380610613346,1
1.3067843038951623,5.181340812664656,1
1.39963142950059,5.146443321229914,1
1.3047189482193935,5.091536505609855,1
1.4092711784087135,5.032537257121195,1
1.3531075859987516,4.964252907732491,1
1.2331825379955956,4.892414328802408,1
1.1595743712003317,4.838434905457985,1
1.20756615344694,4.771202237276211,1
1.361409547707796,4.7065946847568,1
1.6302364984996234,4.65814508488874,1
1.7665073004614111,4.565525929258466,1
1.7716258833809606,4.464092876566464,1
1.6153480151262791,4.374706110318028,1
1.7095435960902765,4.311581588561688,1
1.7433637952807244,4.236266618148761,1
1.744707983375481,4.155988356579694,1
1.841382844603136,4.07033971402022,1
1.9860814925558463,3.985436777219603,1
1.9882812670410752,3.8894942506325028,1
2.052232615873052,3.7555445452979117,1
1.9682336617421372,3.623943158633231,1
2.019107980680835,3.5080992963338526,1
2.0353833247868645,3.3827945941843853,1
2.198883537010984,3.2535545404530555,1
2.0860101424255717,3.119748181382783,0
1.9443881916675263,3.0048953501133364,0
1.9685089002567784,2.913168053141416,0
1.7659696252235044,2.812673958752,0
1.7527773792078096,2.706389447603396,0
1.7385247181396004,2.612171750325458,0
1.8297268135528892,2.539124246644284,0
1.9192305379766168,2.451188865631682,0
2.122394967155539,2.3633703375964825,0
2.187404597408146,2.259967928252622,0
2.0232429592961263,2.1551800682641318,0
1.9995553779818556,2.078015916958226,0
1.8862296534343932,2.0002566960892136,0
1.7905085256644386,1.926868911173822,0
1.8707160159153768,1.8597338841030544,0
1.7999626485975682,1.7889603639362173,0
1.8508796401741945,1.7198894928664807,0
1.698292955100357,1.6493431137666863,0
1.628373837854048,1.5794643999877587,0
1.7708193705241106,1.5192895625449714,0
1.8506086689233467,1.461030032467991,0
1.8884080916006496,1.4002448101644585,0
2.031794555937062,1.3384911880098527,0
2.028207920719144,1.272298459939225,0
1.8348774009509012,1.2045768902024838,0
1.838670998462762,1.1456569795587774,0
1.8938552538322744,1.086581965347578,0
1.9882812670410752,1.0326636167407302,0
1.9583592133254173,0.9718187648285334,0
1.8394860458472135,0.9136259435950247,0
1.788620261436098,0.8530886152901548,0
1.8889521677342536,0.7973204546832594,0
1.736913826057789,0.7361952865946755,0
1.9083106099306373,0.6897833568960283,0
1.8677246639965728,0.6343228649769813,0
1.9203229575075935,0.5780233066200989,0
2.104882116549583,0.5146720588967931,0
2.016076089755987,0.4505337990850533,0
1.841382844603136,0.3872501349507663,0
1.8281009860478148,0.3334967719730055,0
1.848436631652768,0.28238679255877547,0
1.8099651149280749,0.24049457521729523,0
1.7845706280966644,0.2053979463500345,0
1.799420706095873,0.17336924056002967,0
1.7363761508198985,0.14416761244533502,0
1.7718968546318083,0.11719028221240954,0
1.8631032173088864,0.0949691704639681,0
1.9359048712472804,0.07283832812487938,0
1.9512350164232075,0.05077550441343647,0
1.8761567772513084,0.030797660743382263,0
1.8813287009682729,0.012342724594948888,0
1.9753685268038337,-0.006441462026734101,0
1.953974599778231,-0.023976720969057435,0
1.9646662292112875,-0.039836307809991346,0
1.9044892752041271,-0.052645861506887714,0
1.7754002782057574,-0.06376097926280988,0
1.660075340571332,-0.07244132669655921,0
1.7181229299458618,-0.0784355677901388,0
1.5933161321636573,-0.08435760005810698,0
1.4822541910583094,-0.08671678858980178,0
1.5058990997346513,-0.08929719304604623,0
1.431454549235983,-0.09071300954987603,0
1.270949956194456,-0.09102532301343048,0
1.1983616654457057,-0.09037004653179197,0
1.2668320466343286,-0.08900997513322033,0
1.2055200004582587,-0.08962602078368116,0
1.167473076480949,-0.08919928242233967,0
1.0496005823621712,-0.08744753733407823,0
1.0126076725417184,-0.08824859760331275,0
1.1384535490574847,-0.08820667352712368,0
1.2004056848024982,-0.08753281472351378,0
1.1628857679036089,-0.08695789897096423,0
0.9654842784769566,-0.08399739581964885,0
0.95848383222474,-0.08097126180894866,0
0.9195663864336948,-0.07675759138664359,0
0.8683933590294998,-0.07242269455841693,0
0.9145886232193026,-0.07173719883180761,0
0.9076201814455324,-0.0677761687900742,0
0.7672805434572632,-0.06402527043919908,0
0.7896388721000365,-0.06296925919509215,0
0.7293082965963208,-0.061365432095241125,0
0.6183871751961497,-0.05857471159435474,0
0.4615780325992591,-0.05752749886410266,0
0.6904975324001056,-0.058719221993496426,0
0.7368912243562772,-0.05677726598114415,0
0.6929341400258391,-0.05496561403164615,0
0.7501154748504106,-0.05248630840257409,0
0.7960355005255728,-0.04939625259914554,0
0.9021495492630666,-0.04500598566381986,0
0.9195663864336948,-0.03683115635191627,0
0.899416366803736,-0.028192490713400166,0
0.8817840328115555,-0.021414664221908145,0
0.8354884879226201,-0.011937937308293888,0
0.942001525824764,-0.002364313547524406,0
0.510310185113928,0.012975212718111038,0
0.5628828750421832,0.020578595042564523,0
0.6251614564673478,0.020480671688196995,0
0.5496564909161652,0.026151523657408693,0
0.53260450479982,0.03050755509463161,0
0.5804682691326263,0.03636432779869859,0
0.6800256670523707,0.04220588218596787,0
0.7540349566441534,0.05047238050798131,0
0.6600868769801473,0.06266361221687304,0
0.5050443815935044,0.07545326605661926,0
0.503847414099602,0.08604769920944522,0
0.7107371645697149,0.09379480209419724,0
0.6455205720231616,0.10503639837394613,0
0.6761317888413733,0.11318140458968827,0
0.681728305305737,0.1254493849589564,0
0.7417857759266966,0.13684975561824608,0
0.8426532238308705,0.14775653971047828,0
0.851061867134725,0.1624552576503208,0
0.7975141074297931,0.17921426460246412,0
0.70756445393971,0.19880712765049352,0
0.6880609247743722,0.21211216511479142,0
0.7117143679782959,0.225789005981395,0
0.7660537051168027,0.2397700909208659,0
0.6654337585126356,0.25762287990225696,0
0.651829721540936,0.27592857698281925,0
0.6688347677555635,0.2882412205417273,0
0.8241290317059823,0.3015504973038508,0
0.7386045307691098,0.31774169735523,0
0.7231954412130228,0.3339247576242238,0
0.8162367273210422,0.3500123726830226,0
0.6469757089765411,0.3688031771420442,0
0.6783230287990202,0.3833400539014051,0
0.7623731900954492,0.4059382599489363,0
0.7305308676729884,0.42607524753957793,0
0.6880609247743722,0.4387885589983643,0
0.5450883850258732,0.45650392414073815,0
0.5026504466056997,0.4684230887213425,0
0.4949971089931846,0.47469834854041637,0
0.5754051606423762,0.48368886754651186,0
0.5893911177235465,0.4949495362455711,0
0.4339688358593372,0.5026411242858139,0
0.2027044746043082,0.5187600403676019,0
0.2166584272070198,0.5107662221701774,0
0.1150079363968567,0.5049382955902525,0
0.112473181703891,0.5012489963777002,0
0.1609599665504774,0.5025777958871336,0
0.2796816461640377,0.5036337212552786,0
0.3756609433934458,0.5049112331767924,0
0.5285250006138285,0.5033077911018384,0
0.5429270159147804,0.5104483495370338,0
0.468729966716119,0.5141594953992928,0
0.6576566702501112,0.5122262785977113,0
0.7197752292830468,0.5232895184226338,0
0.7334646115305881,0.5379234684955817,0
0.7665444404529916,0.5532355253238825,0
0.6858675511848368,0.5724803043454151,0
0.5720340222460065,0.5841553912384579,0
0.5978403000334412,0.5997865777140629,0
0.5460506530111792,0.6135763750177216,0
0.6331561751832931,0.6245309202105435,0
0.6060526492028393,0.6374170947468292,0
0.5004976120222085,0.653678918500211,0
0.5628828750421832,0.6677756472996553,0
0.5631239754464769,0.6751653913504091,0
0.6225008174924882,0.690476848145523,0
0.7344439485710537,0.6934951326811166,0
0.6220164830519965,0.7036738323153527,0
0.6939092098024998,0.7145198840538043,0
0.7131801730911457,0.7249732521514819,0
0.7036620412011309,0.7417403098918367,0
0.8850100842389753,0.764199980927884,0
0.8404299793947809,0.787121992959556,0
0.8438907303307972,0.8090465517997875,0
0.8622015592660415,0.8922379738515898,0
0.8359813568906935,0.9176120029817311,0
0.6370329843391269,0.9612977002917338,0
0.5797449679197453,0.9856951040669767,0
0.5299630685120245,1.007727759972516,0
0.4837656706903173,1.023247776786248,0
0.3487537115474524,1.038743465037437,0
0.4235161731986702,1.0479858053635924,0
0.4315919699266962,1.056522605144923,0
0.3806259048164676,1.0650252687714723,0
0.4035880512859331,1.0720629605730039,0
0.4508586659515491,1.0831126648929432,0
0.5530212284168378,1.0954160037677836,0
0.4830487703731138,1.1096161336649173,0
0.540524546399394,1.1291978817861932,0
0.5258856979579214,1.1466923776407563,0
0.3926937268227231,1.159524364834332,0
0.3195634935722732,1.171074591486055,0
0.408092148219324,1.1894797525819687,0
0.3336796021991142,1.2314770238056079,0
0.3430974533899924,1.2478243183596822,0
0.2108400130254265,1.2607795177812657,0
0.1725391868524523,1.263981513575814,0
0.209909749518583,1.2719669494235823,0
0.1695264986146724,1.2800015447631206,0
0.1161579639890374,1.2837073369420018,0
0.0630710687737364,1.2878628156821068,0
0.218053822467287,1.2795519918213631,0
0.2078187902600687,1.286731340314538,0
0.235289300926718,1.2937595497206378,0
0.2810877095837911,1.2996671512231952,0
0.2731271289781768,1.3192898685986059,0
0.1556365549688499,1.337441126843723,0
0.0779808884660567,1.341192717880224,0
-0.085963119192534,1.3458767667614147,0
0.0532200903078771,1.3089197836280781,0
0.0543658506362688,1.3113904134617616,0
0.0777504562212492,1.318887169739455,0
0.2371562288361022,1.3276980665079188,0
0.3106363777175601,1.338906746080081,0
0.1628119590365865,1.3536870006873765,0
0.1913236820686981,1.3680530831300597,0
0.2178212565905752,1.3767517517717967,0
0.1000426422752329,1.3939557302081784,0
0.0929120444773295,1.3901896970814036,0
0.0310324522168149,1.3839325616478497,0
0.1558691208455578,1.3817578689682533,0
0.1992202537174112,1.3853462532216942,0
0.1087883994187447,1.3969768798435314,0
0.1313771603063414,1.4081194448577987,0
0.1099405606428139,1.4091363591125028,0
0.1209991747620617,1.4192633928002567,0
0.1669789421303201,1.4344126796557182,0
0.2138655030545771,1.4477389026823684,0
0.1343791803846352,1.4591944166766884,0
0.0745393402171084,1.4779725124965057,0
0.1646639515226956,1.489548943517972,0
0.1470828246960256,1.507778486804406,0
0.0438342435954375,1.5149019304779316,0
0.1223817682309582,1.5131530739465584,0
0.1681375042500865,1.5292280053076075,0
0.1934125076953119,1.5281670995761119,0
0.3139243044699767,1.5460864780419539,0
0.1635053894029292,1.5635846773213933,0
0.2192166518508423,1.5637138095338927,0
0.2399555538842382,1.5777032406289568,0
0.1429243761298737,1.5930029274382176,0
0.2677482429672459,1.6102263482176296,0
0.2836630032827771,1.615351756592766,0
0.3787355069562225,1.640883576569899,0
0.3226209880798665,1.6772940071866345,0
0.0655930216753274,1.7021806078070743,0
0.1961990309520535,1.7129234799133368,0
0.2308620147416029,1.7232887678374316,0
0.354883635985914,1.753036588521398,0
0.3125161074183389,1.7743881403439095,0
0.4894987395960491,1.790207972233351,0
0.4092784475537401,1.8285281965324263,0
0.319800326712774,1.8481028898962693,0
0.3426259207408754,1.8703933066288565,0
0.2422876135470462,1.8779118829642572,0
0.2087469201350078,1.8995540095964467,0
0.1989876878407033,1.8921910197909042,0
0.1505521101596435,1.8836283282542947,0
0.1572581152101476,1.8964849246648745,0
0.1477762550623683,1.8937338276638058,0
0.1910911161919902,1.9033629486351926,0
0.0573422671317934,1.9174897653992617,0
0.2355240004353343,1.9266315763512347,0
0.2658770477940688,1.9587476106119297,0
0.2754677231685665,1.986381001735005,0
0.3690466845144926,2.012768094431664,0
0.3007768647241191,2.0310594773661776,0
0.3111057767347926,2.022862855213004,0
0.2771084860969163,2.0245491305393184,0
0.2299317512347594,2.0192746786090305,0
0.1512434068940818,2.035524699580921,0
0.1025731297044057,2.0403308816927925,0
0.0766046958928575,2.0332227179370594,0
-0.0043239619390772,2.0469623251587388,0
0.0952120996616948,2.0470448666606726,0
-0.0295648272739556,2.0462687829058535,0
0.0248641224041976,2.0533850147972403,0
0.0296605269074086,2.069173451777436,0
0.0545941492491878,2.066799450336694,0
0.1101688592557329,2.074503445251263,0
0.1161579639890374,2.0686775726057767,0
0.1101688592557329,2.076158003717636,0
0.1087883994187447,2.0779594593375332,0
0.154019261991357,2.090235046796921,0
0.1999158177156583,2.1057152535244175,0
0.1767104372099748,2.122882519243928,0
0.1646639515226956,2.1303915850817945,0
0.1690635004931371,2.13714556996205,0
0.1000426422752329,2.150466689999065,0
0.0458953320073977,2.1409756789532404,0
0.0582597288472662,2.1507932615207612,0
-0.1487793758555854,2.145544746747256,0
-0.0877681717769215,2.141522346356618,0
-0.039780656794102,2.1520510121981715,0
0.0107160092989139,2.150738194298343,0
0.0887770658620385,2.139713576244178,0
0.0481825854003923,2.1379578076824255,0
0.0685737054346607,2.141529861342045,0
0.097973019335691,2.1615814651402667,0
0.1313771603063414,2.170805991509654,0
0.262136791079619,2.1720317588773224,0
0.1674419402518553,2.18321802173374,0
0.0257773168558815,2.186660277106153,0
0.0614665775876181,2.18196188052854,0
-0.0118343462145467,2.179395222710476,0
-0.053158528784787,2.167041081417195,0
-0.0920589055206486,2.159770749162793,0
-0.1031111187442031,2.138241758706962,0
-0.1355273881468181,2.1344840243143284,0
-0.1388985265431879,2.1419652013591546,0
-0.0617655998550064,2.136181795406811,0
-0.0995031472073286,2.131614870114151,0
-0.1107751245162203,2.1176142148793935,0
-0.044771221799869,2.1003310420869763,0
-0.0259312521543198,2.0779002742577983,0
-0.0088749987741817,2.0653734444133436,0
-0.0370581424942417,2.0592800740464887,0
0.0422340196731122,2.0401671785864375,0
0.0420057210601892,2.0303893416744647,0
0.0063847365491466,2.005296045088881,0
0.0280624366169677,1.978852572316093,0
-0.0814440868358681,1.976806980978191,0
-0.0660670017582395,1.9726013759311583,0
-0.0402351203880554,1.9517119690644271,0
-0.1022107260839138,1.9267725021887674,0
-0.2290338060082454,1.911339756676268,0
-0.2588257081782323,1.904012083643149,0
-0.2348202157113922,1.9027082813226392,0
-0.1723176029371174,1.9089327523524833,0
-0.1170821404020942,1.8791548467661232,0
-0.1442902143454935,1.8608238875169714,0
-0.1931205139273945,1.8420275783178084,0
-0.1711974461914709,1.835830993529868,0
-0.1424915626567834,1.79278926553573,0
-0.1617881295281905,1.7769484326966634,0
-0.1487793758555854,1.7698912465494123,0
-0.1062688939509488,1.7425162068876563,0
-0.0805394269117859,1.7166733222937445,0
-0.0875420067958871,1.680132158930281,0
-0.1377741025337526,1.6626723054822263,0
-0.1328304774297072,1.6426460892613726,0
-0.1931205139273945,1.608569625303121,0
-0.2078596430679997,1.6082516185833562,0
-0.2020561643096695,1.5945706946789702,0
-0.225470640741204,1.5706149573367854,0
-0.1734377596827439,1.550670591587025,0
-0.128558946373048,1.5140956221300352,0
-0.1568551725836113,1.5044000579924022,0
-0.1982604331659203,1.4802837517792018,0
-0.2579359836774093,1.459446497376814,0
-0.2690308695388926,1.4667876871708083,0
-0.1922286557946869,1.461295800776466,0
-0.0628985583920235,1.457337408832703,0
-0.0490790245987955,1.4666530627995722,0
-0.0938639581050361,1.4674382784622495,0
-0.0088749987741817,1.4438021249846302,0
0.0692628685372145,1.421649317896863,0
0.0655930216753274,1.4028112567683297,0
0.0860182798199467,1.387421681157762,0
0.0253207196300395,1.3664332140391104,0
-0.0018169444607612,1.3445944862395325,0
-0.1152792214496111,1.3330107678629064,0
-0.1017605297537691,1.3257330716925644,0
-0.1490034072047155,1.3199104264957808,0
-0.0769229208473137,1.3236195148451597,0
0.0253207196300395,1.3023756768683328,0
0.184826772944045,1.2763503246809131,0
0.2127005400391174,1.260316586305166,0
0.1584145436980096,1.2494875880916623,0
0.1669789421303201,1.2311637853471742,0
0.163737955279641,1.2139614022351248,0
0.1493956816717656,1.1954837736735962,0
0.0107160092989139,1.1755785420847233,0
0.0207547473716718,1.1500582599783506,0
0.0116270701186934,1.1409688493727126,0
0.007752394594764,1.129595375198311,0
-0.0967977019626517,1.111722879199598,0
-0.1170821404020942,1.0881435227889582,0
-0.131031825741013,1.0757185246955434,0
-0.04046128536907,1.0564192282357965,0
-0.0520255702477659,1.0326002507735037,0
-0.0168377130117044,1.026831399067955,0
-0.035242421750384,0.9885637471901735,0
-0.1238329517224315,0.9679520585226717,0
-0.0927352668318278,0.9697254889987902,0
-0.0356947517124171,0.9546103089984758,0
-0.1130282397988679,0.8968586485308004,0
-0.1348531604675275,0.8812755683690248,0
-0.2330407667097699,0.8719209484976935,0
-0.2488296427434232,0.867106237474274,0
-0.2421620430670351,0.8612938859294456,0
-0.2672556878010592,0.8687843344492648,0
-0.2477180205253744,0.8748862554886329,0
-0.2210156173414432,0.8658313735601436,0
-0.3753497469384644,0.8604872918667938,0
-0.3626162317805159,0.8644549164196486,0
-0.3104147938022252,0.871907987950534,0
-0.0674239916443668,0.8628880067459583,0
-0.1332806737598678,0.8543645704428334,0
-0.138000267514787,0.8510983458065043,0
-0.1687352349829922,0.8385736430827456,0
-0.1305837630427528,0.8330742293100734,0
-0.1130282397988679,0.8323477753315508,0
-0.1868625715751307,0.826787555385838,0
-0.2472742250909071,0.8295328730184512,0
-0.300472069164831,0.8293909834135819,0
-0.3357794097871011,0.8340585198498173,0
-0.3549244887938451,0.8378505260301102,0
-0.3287277563693738,0.8413836950392356,0
-0.3412841800799139,0.8455050400512097,0
-0.3533861401965125,0.8577507496151536,0
-0.2477180205253744,0.8589541755418666,0
-0.3181406748992431,0.8632958514907689,0
-0.3426048982238097,0.8722913463563061,0
-0.3500875452846296,0.87629072884583,0
-0.3928860674952973,0.8804574755969953,0
-0.5184567054964272,0.8829157736131135,0
-0.5601030664830258,0.8946397846572453,0
-0.5493303590379008,0.9042959569054247,0
-0.44117015731171,0.9053662584652307,0
-0.4387719550601164,0.910649621040301,0
-0.4668548180810398,0.9146057190755956,0
-0.4171667984767782,0.9069345921961509,0
-0.413671909430395,0.9084715228835483,0
-0.4796736785148458,0.9092939019336539,0
-0.3994555201044372,0.9060681598140043,0
-0.3544849606231866,0.9020883779635998,0
-0.4931219603581054,0.9129558672138924,0
-0.3700839434180567,0.9251754484702861,0
-0.4474899749889546,0.9246838012334223,0
-0.4169491680233255,0.9257706022513652,0
-0.4696797467119211,0.9215616111418651,0
-0.5149959545604069,0.9176581707665344,0
-0.4735928276100064,0.9107690670928795,0
-0.5880557779582584,0.9000839163853006,0
-0.6420174622511033,0.8991764315872555,0
-0.6062919297771352,0.8926105379630983,0
-0.6833565802446226,0.8791696100947123,0
-0.6202117442694959,0.8732903640694668,0
-0.5687144048170539,0.8613882996125019,0
-0.5478218812871104,0.8538316611232153,0
-0.5277508060373118,0.8355947590158622,0
-0.5536424291006042,0.8201902021760125,0
-0.5751643740399893,0.8229792073467768,0
-0.5255894369262151,0.8166083626238838,0
-0.4840134857922148,0.8113160075887088,0
-0.4500588677922673,0.8125628609256855,0
-0.4518447176895868,0.8061445961959582,0
-0.4416054182185795,0.8171995273332475,0
-0.3696444152473823,0.8272816534398147,0
-0.2761251955945645,0.8371098017626815,0
-0.2250247116748522,0.8428733925787465,0
-0.2321489085770623,0.8442020408688357,0
-0.2723572016654491,0.854696236120473,0
-0.2668140259984963,0.8759360541505525,0
-0.3176990130966802,0.9125768904849596,0
-0.352946612025854,0.917826680923646,0
-0.3263018169031266,0.9152814109877409,0
-0.2982594928882276,0.9097960565460305,0
-0.2272522233747346,0.8968076190499804,0
-0.2225753022577282,0.8811790703763188,0
-0.2056278641043085,0.835649203063013,0
-0.2736864543369267,0.789141199432375,0
-0.3709608661274852,0.7432387597798316,0
-0.377762884613337,0.7218864206735481,0
-0.4685062491688955,0.7101971325456595,0
-0.4635924949113884,0.7111997762807569,0
-0.4402996354979588,0.7257547484818547,0
-0.4816259517000876,0.7424338091009758,0
-0.4801068057898229,0.7395321476919474,0
-0.4670724485344726,0.739611417148004,0
-0.4051437827403359,0.7296341430686807,0
-0.3742530601436947,0.7168295121917758,0
-0.3605722124237193,0.6992949839646264,0
-0.3626162317805159,0.6928700719853185,0
-0.385877086715483,0.6889841324126911,0
-0.46337699808984,0.6944376414664711,0
-0.477934768519244,0.6884695013822039,0
-0.46337699808984,0.6775730563613129,0
-0.4950742335433511,0.6767860332122181,0
-0.4827098367034826,0.674228916593221,0
-0.4696797467119211,0.6584549237385868,0
-0.3621767036098375,0.6523620768241587,0
-0.3511863657112837,0.6306562644146874,0
-0.3551442528791823,0.6036091714290782,0
-0.3150511759131913,0.5776242127754273,0
-0.398360966941556,0.5547565161727583,0
-0.387432504367995,0.5475700361825457,0
-0.3377615538188969,0.5266166089226376,0
-0.2606008899160657,0.5190164554346461,0
-0.1707515171251152,0.519774012805685,0
-0.2809984108460314,0.5049492526983079,0
-0.2586016768291023,0.5074018576143613,0
-0.2328167353606398,0.5010885299467904,0
-0.2962709479607344,0.4937281382955852,0
-0.2783399055030564,0.47403328200736833,0
-0.3608602527297505,0.4578145120582668,0
-0.3357794097871011,0.4372774469918021,0
-0.3423851341384725,0.4211021471159501,0
-0.3329139421501754,0.40570202550850115,0
-0.3227749233783048,0.3890350565443372,0
-0.1774681903351094,0.37327598738018797,0
-0.1416850497999334,0.3532733700510581,0
-0.1085220092335766,0.3362830001749515,0
-0.1085220092335766,0.3310744327576602,0
-0.1969183787030481,0.31849278215830257,0
-0.2138807522797469,0.3076297739935538,0
-0.149385327314186,0.3086508868941028,0
-0.226806294308363,0.30220353324873245,0
-0.3011334950527152,0.2914327641327659,0
-0.3048908208223444,0.2856675224510199,0
-0.2949438289211573,0.2866432608047417,0
-0.2608227876333073,0.28803053460183137,0
-0.2694746649733598,0.28362584910521765,0
-0.2281206115565814,0.293031709752441,0
-0.2539396911353908,0.2989073278203514,0
-0.3344565580113168,0.30234397733745,0
-0.3302703722304953,0.3183368187804998,0
-0.350527073455288,0.33702192847263,0
-0.3311515622037167,0.3482691213917901,0
-0.4049261522869031,0.3572680793232416,0
-0.4583736312927023,0.36488922858379014,0
-0.4683760976232048,0.35928252292734675,0
-0.46337699808984,0.35477218344324446,0
-0.4735928276100064,0.36364275678745966,0
-0.4516270872361539,0.37289497576600944,0
-0.3430444263944682,0.3793343687229678,0
-0.3911343557083248,0.38350151111341857,0
-0.4191340070852791,0.39934794987267314,0
-0.4996252703784557,0.4103785101848153,0
-0.5342306461068014,0.4179862027843629,0
-0.5944950790217275,0.42918469444946805,0
-0.6586576574114398,0.4431447054824334,0
-0.6479937651930333,0.45322228457603775,0
-0.7257902514009874,0.4804426208533862,0
-0.7794169554860995,0.5105294033567661,0
-0.7869934823503587,0.5366423800035763,0
-0.7899378943674407,0.5508307373248211,0
-0.8699490904839026,0.5789588293152642,0
-0.8436499437283943,0.6095466667760312,0
-0.8832053454564787,0.6338924163518891,0
-0.7918304258595742,0.6814770128290417,0
-0.7736668175251842,0.6941995347255658,0
-0.7149663367903519,0.7157754222336737,0
-0.7079893604890001,0.7448932877015516,0
-0.5087209431529796,0.7667119613569593,0
-0.4119223312753269,0.7853905520562033,0
-0.2459407051556407,0.7854154351276305,0
-0.1803763306099599,0.8027594392714833,0
-0.2548272820043055,0.7935801913123114,0
-0.1031111187442031,0.8051606455134283,0
0.1871460308154624,0.8066494804853723,0
0.2085164878902043,0.8057197516539771,0
0.0627275540384216,0.8055004954002246,0
-0.0356947517124171,0.8001799434786481,0
-0.1727656656353576,0.7720773619258496,0
-0.2256925384584297,0.7624201566841377,0
-0.2116511069479601,0.7512155113443625,0
-0.4759803617021137,0.7447920366878285,0
-0.5725848130771944,0.7224966942796016,0
-1.117051401306211,0.7240656125791555,0
-1.0507530573881472,0.7429683786406989,0
-0.9250650696327212,0.763604954670649,0
-0.857006479400103,0.7739456087733696,0
-0.7014113733522783,0.7793592503529928,0
-0.4173865625620955,0.7671428402149827,0
-0.2548272820043055,0.7399036916664337,0
-0.4492310186164608,0.7149869075298483,0
-0.4561973267583304,0.6929570023841913,0
-0.5867691979247096,0.662625439365321,0
-0.7768886016888112,0.6452205619556347,0
-0.8492763310393122,0.6376261267057286,0
-0.8549176537734932,0.6347177104389481,0
-0.6914323769726327,0.6201598894839125,0
-0.7477815953575851,0.5965560130307752,0
-0.6336856296955048,0.5785413443802653,0
-0.6242763130322083,0.5502317626453479,0
-0.6415886022399152,0.5237592916021625,0
-0.5299121751484046,0.4895612895113139,0
-0.6736122833735735,0.46374892733747775,0
-0.7570714286346809,0.43956909496438096,0
-0.7418671677406719,0.4114950345703837,0
-0.7456714334120188,0.3904727931508224,0
-0.760658063852595,0.3773642958199263,0
-0.8444671247447305,0.36792572069443297,0
-0.9028496943269934,0.35430871350329035,0
-0.8193372082684709,0.3349785117836417,0
-0.8172398481142792,0.3153196571409443,0
-0.7962449102533146,0.30366979716074083,0
-0.7234603253700839,0.28534892443398313,0
-0.6013611064644605,0.27203653306435727,0
-0.5760242276942542,0.263833135266231,0
-0.6750588857993711,0.24429777243263845,0
-0.7926710768267712,0.2252427657012142,0
-0.864314168645399,0.21538709604233477,0
-0.7951951633602665,0.211665538457464,0
-0.7909897748923772,0.20496593155653647,0
-0.8448853165964325,0.19561949998715703,0
-0.7779426158456522,0.181141860804788,0
-0.8193372082684709,0.16868779639654133,0
-0.8492763310393122,0.15542804176493152,0
-0.8235297949449697,0.1402317460217279,0
-0.6556727063883135,0.1258932961038458,0
-0.6330434064946925,0.1119658448175414,0
-0.5342306461068014,0.10171822319609744,0
-0.5880557779582584,0.08690203392190969,0
-0.6687796071281509,0.07053803711529175,0
-0.6773781436707884,0.05126631899011927,0
-0.5363877479541053,0.0362503215097996,0
-0.4735928276100064,0.020459005014383268,0
-0.3621767036098375,0.004196930525307606,0
-0.291623897690302,-0.009425655888720321,0
-0.2783399055030564,-0.02298362101557275,0
-0.1647026706987183,-0.03579365137901098,0
-0.0814440868358681,-0.04587945744099468,0
0.1009622376226101,-0.05691509422605991,0
0.0681149745769184,-0.06281452787950166,0
0.0431493477566965,-0.06838159550277025,0
0.090844555169692,-0.07117866312907298,0
0.1503195442829316,-0.07311919695322416,0
0.0118553687316124,-0.07688625817024652,0
-0.0527061988227379,-0.0797361729471108,0
0.1007339390096911,-0.0817874700481733,0
-0.0282035701240354,-0.08267296179894437,0
-0.0690092801434171,-0.0834760345181447,0
-0.1261074033240355,-0.08507716221896121,0
-0.1859685798105347,-0.08580257868720305,0
-0.0031846025063787,-0.08560530911873654,0
0.0552811787198372,-0.08240824578536676,0
-0.0547438172838373,-0.07549408729973744,0
-0.1062688939509488,-0.0729587796937794,0
-0.0995031472073286,-0.06905508021201881,0
-0.0613132698929732,-0.06468605037442494,0
-0.0814440868358681,-0.058100245636131045,0
-0.0538391573597391,-0.05117479393690367,0
-0.0780537457524264,-0.042630311233220565,0
-0.0613132698929732,-0.03239418551310823,0
0.0561965068034215,-0.02221498708168326,0
-0.0111515840076902,-0.00846326800911536,0
0.1032644264388639,0.005599199119030436,0
0.0116270701186934,0.021899442224718377,0
0.0511590018959169,0.039575691981403045,0
0.1146153481279159,0.0760881278708757,0
0.2313271464950266,0.0964594930541784,0
0.2429405049073446,0.12010573044262306,0
0.1980574243338559,0.1470328308053795,0
0.2890525574531982,0.17866803827405026,0
0.3172143648542819,0.20751834437290617,0
0.4520492325497581,0.2366084347205765,0
0.5141421879999326,0.26430227519849425,0
0.5631239754464769,0.2888032584821626,0
0.6642175883316653,0.3166948051971134,0
0.8731044182568373,0.34233376259122933,0
0.7827536419702316,0.36478227440429023,0
0.8974278218762429,0.3892328573494786,0
1.05741820963074,0.41283639239412206,0
0.8964335494125142,0.43317794435216833,0
0.8624490605660284,0.45844926342220954,0
0.9557357143421344,0.48534650094725956,0
1.0584274175177475,0.5101164564593296,0
1.064988335599302,0.5297775154262312,0
0.897180320576256,0.5502662512272893,0
0.8167295962891356,0.5771192712311967,0
0.8145106191168349,0.6103153332325401,0
0.9170017608941792,0.645028049220736,0
0.9577327937971934,0.6804082665451855,0
1.0221578089101715,0.7062779489349997,0
1.064988335599302,0.7360442457152424,0
1.1927374117666882,0.7652076212828504,0
1.0059528746567208,0.7914637124110653,0
1.0599422961642155,0.8291017816683603,0
0.9245484169118802,0.862652323954371,0
0.9183203454061704,0.8952141539950127,0
0.9907742173454572,0.925516045086096,0
1.0045724148197326,0.9559587991683495,0
0.9632332968262134,0.9833264421597905,0
1.1397251936677586,1.010417895951607,0
1.1769079967270106,1.023244927409112,0
1.1486267059397024,1.036861483112236,0
1.012859441105498,1.0560943764649136,0
0.9993023440355162,1.0815647616886301,0
0.9897714103541309,1.1115627271553095,0
0.9669842217001652,1.143572509820666,0
0.8748390609886463,1.1734287888551902,0
0.9395073101378226,1.2108748223335222,0
0.971740087197316,1.2426869743108924,0
1.0045724148197326,1.2685632412576777,0
1.0533835117145658,1.2973807821230063,0
1.0075851030575087,1.3152850857868226,0
0.9342692438320688,1.334979844964352,0
1.014365785224388,1.3597078418825512,0
1.009592850672054,1.3723003590452403,0
0.8708214321276514,1.3949579551730504,0
0.7640907637720749,1.42464399637541,0
0.6749156186603991,1.467673825734423,0
0.701223299943493,1.5152438754631772,0
0.6333994092194911,1.5628494710431855,0
0.7112278999059038,1.6152971519884922,0
0.8243765330059732,1.6646129015803304,0
0.7957901328574704,1.7050225754846142,0
0.8295591248824079,1.7398320336493343,0
0.7857044548830148,1.7750713927362083,0
0.9145886232193026,1.8217364454114529,0
0.8164820949891446,1.8644767772170305,0
0.8698805004613218,1.9119927928931468,0
0.8690377158622363,1.9560861197100565,0
0.9582341972928644,2.0007102513594854,0
0.9569838890015472,2.0343130348220972,0
0.8246240343059443,2.062661123166822,0
0.8278330166782006,2.1072614411537343,0
0.7618824547592603,2.1495231573159352,0
0.7768584170403663,2.183303411604143,0
0.872359780724984,2.211330139085488,0
0.9815035867554333,2.222339604956816,0
1.0246733609160854,2.231133855497994,0
0.9549868095464922,2.2376598851878393,0
1.0148671887200431,2.2609985212340895,0
0.9449971450073604,2.2722779896159544,0
0.8996638681037071,2.2852042961787133,0
0.8362288581906805,2.300422414390992,0
0.7109825322378174,2.325788352250512,0
0.6455205720231616,2.360820574221807,0
0.6467346085722474,2.3946633520076097,0
0.8604669165342325,2.4314044957893985,0
0.8076083199318504,2.445119976020685,0
0.959484505584182,2.4537968053514043,0
1.094566874579629,2.450316737927335,0
0.9769952225582534,2.4346058693339456,0
0.9617333536030208,2.4279629277166253,0
0.892831978771321,2.4168001414458975,0
0.934168963132932,2.4108800911263604,0
1.0090914471763788,2.4096508547099917,0
1.0344859340078087,2.402882058120624,0
1.0420411245530956,2.396358111012082,0
1.0133608446011533,2.3935920631412704,0
1.0470786294605805,2.396774398809715,0
1.0470786294605805,2.4014122116233567,0
1.0045724148197326,2.4092225543662895,0
1.1079938201039203,2.418205900908474,0
1.1428787016107114,2.4259395478332437,0
1.135709698438668,2.4351301232699605,0
1.2349790560524012,2.4424949954209874,0
1.1753781826572638,2.442385039079295,0
1.4191840321995697,2.456558057898256,0
1.491179173281114,2.4471239757838354,0
1.5467474823919658,2.436861814386553,0
1.5032704652382305,2.4180451136869086,0
1.4885526724165974,2.4119489846430597,0
1.4846161215676712,2.4070336742326703,0
1.4270144612594973,2.4025226089770255,0
1.544319409293814,2.407860773300559,0
1.5248286819198509,2.4035705975851056,0
1.5525573620459734,2.3856005390616706,0
1.562231249064424,2.3762476176109657,0
1.6432815239144638,2.3560689356727536,0
1.7562744018860812,2.3337846753631215,0
1.6728899337413452,2.307143542986367,0
1.7100791376962745,2.297186721647811,0
1.6201316178380998,2.2823020484069936,0
1.628640541841087,2.275242307161928,0
1.6166751341658725,2.2611722748786733,0
1.6531431705398094,2.2494750391412763,0
1.6859861663216922,2.2435301747220078,0
1.738795689390452,2.2360327792472896,0
1.822820247104112,2.2332675037355703,0
1.6087081526645608,2.2116769216662036,0
1.7347631251061784,2.214706408038333,0
1.7363761508198985,2.2055464983774042,0
1.8234966084152917,2.196516552997099,0
1.896582035395908,2.1909938732720478,0
1.7718968546318083,2.1775506129070483,0
1.6193336395088316,2.1642491824899435,0
1.5736867187164016,2.1658623360923994,0
1.6599430553937566,2.173976084745067,0
1.5768893001929607,2.1802564187205284,0
1.5567862204647196,2.1880209819233336,0
1.407969662951886,2.1876301854030116,0
1.4244028958182555,2.1982191864445944,0
1.5346092505331317,2.2141413235077474,0
1.4930183639758323,2.2155403085172747,0
1.5836955859426014,2.2261529123724935,0
1.5893390423086868,2.2256156489029912,0
1.547803630180707,2.21969928179328,0
1.5777875592213657,2.2141860255179235,0
1.4741207862690755,2.214686724776485,0
1.5009042674650754,2.1965016620609714,0
1.507742557693159,2.174582934193595,0
1.409010875317352,2.1457161495537744,0
1.3559602518442826,2.1270030685055983,0
1.3619280202586148,2.114902958546791,0
1.2265149383192273,2.100163852123251,0
1.3733557526959426,2.0978264450527626,0
1.3819862937170386,2.0808627449983845,0
1.5008253230849151,2.069410069987073,0
1.5030080285149643,2.0433891024355826,0
1.521431939940716,2.0179372673617015,0
1.504584782486433,1.9827184281974817,0
1.5226673128087542,1.9534595122826357,0
1.4515874998107785,1.9215994863270196,0
1.3719795601227434,1.8900072554370722,0
1.4505398865496346,1.8638368380241215,0
1.5122146501481069,1.8342352987376316,0
1.584595978602911,1.8081870675929645,0
1.5583715089637695,1.7724967128956826,0
1.592784857821428,1.7318919171963747,0
1.573183181588842,1.6944465810530172,0
1.4463558344007177,1.6561370033138496,0
1.377512067630206,1.6279315498495948,0
1.4390310761002425,1.6008241195321835,0
1.3767332919880055,1.57035084978835,0
1.2283114563760131,1.5442441430838965,0
1.152953711425685,1.5262323816316425,0
1.0206493311593974,1.5100755514839046,0
1.1033297007783045,1.5052412968142805,0
1.153717551644622,1.4974059311777321,0
1.261173654844984,1.488767739265798,0
1.1965694146526888,1.4796896954422059,0
1.1532076136213691,1.4730813180227504,0
1.110022904037438,1.4682287267358474,0
1.2552613608599392,1.4669112067433443,0
1.1397251936677586,1.451664824635728,0
1.076859863471081,1.4422678890758842,0
1.1661971646068865,1.428157250120869,0
1.0000555160949711,1.40926194808835,0
0.9514876532363162,1.3970288771586925,0
0.8862518580026949,1.3923016291199546,0
0.9066259089818036,1.385698338095434,0
0.8762024517704708,1.3863615689704076,0
0.7913607130404707,1.3875904577157991,0
0.8007145552744478,1.3867059479410802,0
0.8922089582575569,1.3851449867106942,0
0.8711201405931529,1.3738172254381829,0
0.9619851221668004,1.3659024683280734,0
1.0609515040512432,1.3584334650008925,0
1.0599422961642155,1.3472763307323676,0
1.135150686881809,1.3371883807487837,0
1.1079938201039203,1.3228034065368532,0
1.1333712378801668,1.313898989472002,0
1.2039837854928146,1.3021480805194516,0
1.261173654844984,1.288326147898744,0
1.2354911277075429,1.2723337158784243,0
1.2313881535706943,1.2649759536634224,0
1.3671212802945556,1.2576014511357312,0
1.3440353831750924,1.2426257096366584,0
1.3536260585495703,1.2231515894753708,0
1.3124661656353678,1.2014736907324732,0
1.4468785742153492,1.1832475852980322,0
1.432237592141972,1.1568586275757318,0
1.447689354335988,1.1320126265587191,0
1.5293370461170266,1.1068383352010738,0
1.51353110102821,1.0793217157520956,0
1.3357462232574226,1.0457670193025208,0
1.395724749498222,1.0216930294505409,0
1.3129846381862025,0.9919622652977954,0
1.3003300674084182,0.9662805765818474,0
1.4087505722259706,0.9393479455399649,0
1.5922557171111231,0.9113955136913142,0
1.5383025673458597,0.8747693076512814,0
1.54468852761191,0.8397814111861924,0
1.426570665825046,0.8037204520734056,0
1.4244028958182555,0.7660067588467027,0
1.5552009319656537,0.7293882390328591,0
1.5668334930650434,0.6895351891334701,0
1.6869740378897435,0.6511674974611837,0
1.5954369622687097,0.6072661521022101,0
1.6894618526809877,0.5642403480954037,0
1.6140187624548017,0.5206751532503264,0
1.6702186266069954,0.4821013215850116,0
1.7318912565735791,0.4428047654089473,0
1.630769906473741,0.401254011871118,0
1.6318324551581638,0.36654354707063097,0
1.6262466068532822,0.3336238939100046,0
1.70284612556735,0.3020493984842789,0
1.6758279448627338,0.2710396174163978,0
1.6616755644936614,0.24292919000464974,0
1.5241181824983407,0.21637901013774385,0
1.5874849161906732,0.19429035416066337,0
1.632630433487432,0.17155373605653698,0
1.5954369622687097,0.14742473911242157,0
1.6118147207057762,0.12441431817333486,0
1.5949078215584007,0.10276224547004077,0
1.4833039379513573,0.08515971036337085,0
1.5048472192096989,0.06656135281424436,0
1.51353110102821,0.04986004320500303,0
1.2781594983725235,0.03336693130531841,0
1.1310861181190768,0.02249237306449517,0
1.0599422961642155,0.012684065672878464,0
1.1295605713131387,0.004695417082649789,0
1.1728263589091186,-0.003510995113951824,0
1.166453200434455,-0.01173694320086555,0
1.1613580874657663,-0.021791514641476745,0
1.182523715878446,-0.03178440011758465,0
1.1588105309814103,-0.04158595106615697,0
1.1105285747969018,-0.05202566099996965,0
1.0297044649278768,-0.08428627264928167,0
1.0108495598590486,-0.0910946750802993,0
1.0286973906727577,-0.09598709593469429,0
1.0422928931168751,-0.1007471360238889,0
0.9719875884973068,-0.1028046511745735,0
0.9162805933131828,-0.10372317525497671,0
1.0140137359614716,-0.10203852998034721,0
1.0586791860815277,-0.10112807938798822,0
1.0448105787546735,-0.10140474689296888,0
0.8840179454071352,-0.1002180347354871,0
0.987765796371474,-0.09784087802789264,0
0.9492409388493658,-0.0938417356619421,0
0.9531625542750328,-0.09298793223076149,0
0.9170764380105464,-0.08921076673705863,0
0.8996638681037071,-0.08315986040692593,0
0.9150836258192804,-0.07536636863516276,0
0.8793026189159928,-0.06992080348187332,0
0.8805443926797283,-0.06235605928352055,0
0.942001525824764,-0.05609418892000272,0
0.9694869719146882,-0.044631711625932276,0
1.0103481563633934,-0.03429166620875468,0
1.0945434046287683,-0.021056896641017224,0
1.048087837347604,-0.007352185262541017,0
1.0617068097425826,0.009614533981953636,0
1.052374303827558,0.025543146934007922,0
0.9950372138745344,0.04328315792784634,0
0.9920287929005672,0.05774178269237414,0
0.8377095987268052,0.07529261286538823,0
0.8179628355252694,0.08935497093456063,0
0.7908699777042858,0.10476165530608142,0
0.8241055617551255,0.1195170100593877,0
0.814015616516857,0.13271768405015477,0
0.9185699803380618,0.15004895654363692,0
0.8922089582575569,0.1675809865086505,0
0.7665444404529916,0.18800908524432597,0
0.7550164273165273,0.2048004749239591,0
0.7072230728362837,0.22260487311016075,0
0.7447259206799897,0.23857682496949262,0
0.8288208882462519,0.2578270748372231,0
0.8441382316307842,0.27554226672528903,0
0.8822790354115333,0.29614872458698266,0
0.8500718619347892,0.3136784344888545,0
0.9263171977540362,0.33512581007695746,0
0.922555604720614,0.35128964534302226,0
0.9464949545986646,0.3730659962018798,0
1.0013100916500812,0.39607873972927976,0
1.064988335599302,0.4206601100668709,0
1.0819165710656538,0.45123842345707704,0
1.0624642490658065,0.4822965413598877,0
1.0060766253067184,0.5110610509567045,0
0.962283830632302,0.5406808850463979,0
0.9744924723437344,0.5749876693447226,0
0.9494905737812612,0.6076428296971816,0
0.9494905737812612,0.6394869782947528,0
0.9370109608189808,0.6804739200800641,0
0.9638840545546272,0.7162764052455632,0
0.8698805004613218,0.7510439965575831,0
0.802683897514873,0.7786687326273728,0
0.8031746328510421,0.7916036111213763,0
0.7901296074362214,0.8126689602710901,0
0.7271063884792036,0.8324346974497263,0
0.8211696842656213,0.8489726229197886,0
0.7903771087362124,0.8678631678039163,0
0.7433774653214441,0.8803967269076667,0
0.7246612463258884,0.9009959111947706,0
0.572998423863197,0.9292651577811704,0
0.5244476300597254,0.9461140970718128,0
0.583120373579908,0.9673631834874309,0
0.6031530434555666,0.9953312081266291,0
0.5631239754464769,1.0219459768242853,0
0.4902156399132527,1.0511933886215927,0
0.4981058106662884,1.0698208565030927,0
0.5093521843924149,1.0997446871285395,0
0.4873480386444425,1.1234490634910543,0
0.4520492325497581,1.1524806164308947,0
0.5693840514306291,1.1773344074170986,0
0.5549457643874298,1.2127772067566511,0
0.5648095446446637,1.2363339191152642,0
0.594942827918077,1.2757354960853533,0
0.6273420282655126,1.3031326290485732,0
0.66859366735125,1.341464311830735,0
0.6154833021850922,1.378831878433447,0
0.641882729639733,1.4114828802924912,0
0.5910809541855222,1.4458363331422008,0
0.5669751810195494,1.4773255757360093,0
0.570346319415935,1.5069673364604206,0
0.7197752292830468,1.5474471262814289,0
0.4926053076372684,1.5945269704302538,0
0.5693840514306291,1.6346560671212627,0
0.533323538748908,1.6667731240396435,0
0.5983225008420285,1.7012832348708993,0
0.4902156399132527,1.728477818755902,0
0.5143811547723377,1.7249043742407846,0
0.5549457643874298,1.7567509228176927,0
0.5621617074611908,1.788094360229295,0
0.3659763882155088,1.805916343689762,0
0.303123859810206,1.8496567646244662,0
0.2867098296309001,1.856773731687167,0
0.1521694031371364,1.8712277854668622,0
0.0710977919681402,1.8572969134414234,0
0.0710977919681402,1.8390811603754351,0
0.1556365549688499,1.8037301028368098,0
-0.0102405231879147,1.7710456092515265,0
-0.0703641363976639,1.7401981712075663,0
-0.0653863731832675,1.7330761700867616,0
-0.1404710132508635,1.686451085873901,0
-0.128558946373048,1.6436764381987785,0
0.0209830459845908,1.5952725161059098,0
0.0214396432104128,1.5743438041191613,0
0.0873987396569349,1.5511415592563393,0
0.0681149745769184,1.5274571546582367,0
0.0442929744531839,1.5102506425827438,0
0.0417752888153857,1.473496794262572,0
0.0093483512533005,1.4270565862379585,0
-0.0088749987741817,1.3964747596210354,0
0.1147775041520492,1.355674641752931,0
0.0212113445974939,1.2834515346498336,0
0.0543658506362688,1.2134859620422016,0
0.0070674987560031,1.1418492816234973,0
-0.0361492153063706,1.095849750631497,0
0.0166453723391261,1.022721483968871,0
0.0942925043143375,0.9792580366183975,0
-0.0678763216064199,0.9419618918235407,0
-0.0070550107665192,0.8900264854140749,0
0.0109443079118369,0.8457152649971228,0
0.0848703858596665,0.796190856926063,0
0.0821137334494592,0.7706197299943014,0
0.0766046958928575,0.70765756698808,0
0.086937875167304,0.6550815654766959,0
0.059633787788577,0.6168307691098897,0
0.1408440850308456,0.5678946077810817,0
0.0779808884660567,0.5323745397713515,0
0.1646639515226956,0.49024830344687714,0
0.0372029156613207,0.45593352917018215,0
0.0038777190708346,0.42458314052363033,0
0.0573422671317934,0.39626978067167384,0
0.0276037057592413,0.37814660748445794,0
0.1297641345926414,0.35687088983231396,0
0.0876270382698539,0.33113440722978843,0
0.1521694031371364,0.30605563708953876,0
0.2867098296309001,0.28378008411640654,0
0.3143937034871933,0.26410874591556044,0
0.2313271464950266,0.245470272442349,0
0.2310945806183148,0.22447050763854706,0
0.0862487120647502,0.1985643361095163,0
0.1108622896220756,0.18238981027846043,0
0.0578009979895398,0.16649488165965368,0
0.1074079395817367,0.14397251672825298,0
0.0763742636480341,0.1253133762463657,0
0.0413186915895438,0.09983408033388312,0
-0.0678763216064199,0.07414103706107682,0
-0.2406044917826346,0.055114339140015886,0
-0.2310372863590136,0.04333838509346014,0
-0.0927352668318278,0.03221557996631424,0
-0.0134281692411947,0.018530729651718075,0
0.0330892733649862,0.0066865165017813855,0
0.276169688062491,-0.005688138427305298,0
0.3108710772261764,-0.014618348403101784,0
0.2890525574531982,-0.02238961244296412,0
0.2502225905698952,-0.028600614687594464,0
0.250687722323319,-0.0351302694406414,0
0.2399555538842382,-0.039859524615050684,0
0.1496261139165889,-0.047327811603424495,0
0.0445234066979913,-0.05180045210919784,0
0.134840044874266,-0.05552992825760128,0
0.1679049383733747,-0.05964388998180875,0
0.1521694031371364,-0.05549212922356702,0
0.0639885304892091,-0.05408734216317954,0
0.0504719724252715,-0.0456706996881675,0
0.0853291167173929,-0.030741556430025373,0
0.0433776463695996,-0.024409861538212483,0
-0.1624602235755608,-0.007574594488382503,0
-0.179706370194478,0.010993658680015865,0
-0.1173061717512243,0.027468637309658976,0
-0.2661461992149189,0.040280749790567665,0
-0.3026825118095299,0.05325922654263161,0
-0.3841211076647176,0.07888367491983882,0
-0.7283292733577579,0.10421702227908065,0
-0.7448265151810329,0.13221816662480207,0
-0.6859062703608635,0.1457223814532436,0
-0.3716201583834849,0.15299186018078406,0
-0.4788031567011106,0.18918424621039193,0
-0.6253473962442287,0.21004521501186782,0
-0.6054342097547548,0.22524086052831369,0
-0.5585945887322313,0.23765736772946083,0
-0.464465150357024,0.2939511331306033,0
-0.3256403910152265,0.3241122367303029,0
-0.4265569124530066,0.358717408618498,0
-0.472939936249688,0.42675799502926753,0
-0.4505389349689661,0.47067334883620215,0
-0.4924733362615799,0.520524420528812,0
-0.4866165167058706,0.5753713696239939,0
-0.536172251132557,0.6022018818556675,0
-0.5147804577388626,0.6649404306435764,0
-0.3399634619360142,0.6949215191656583,0
-0.214104783628873,0.7586980798992914,0
-0.3742530601436947,0.8209648449227037,0
-0.4191340070852791,0.8624910860649938,0
-0.5469598940009569,0.9307903435646615,0
-0.6712290165452549,0.9764614708105439,0
-0.6859062703608635,1.0365269696267183,0
-0.7456714334120188,1.114271928757492,0
-0.7096855978466692,1.1616714036974694,0
-0.7221908143916986,1.2356005023253533,0
-0.8149333920342167,1.2616227529305117,0
-0.688882686856392,1.3322397923881768,0
-0.8241592163544272,1.4002316731748248,0
-0.8344219857762952,1.45672711757952,0
-0.8943215676369343,1.519437589450097,0
-0.8716175906269219,1.6032993746931241,0
-0.772465582767489,1.7340128368938998,0
-0.7987668631549056,1.7845630371905445,0
-0.8419558400026257,1.8501813087221486,0
-1.015275026214166,1.9250546052720505,0
-1.1416180389617947,1.9449957161992348,0
-1.3000658108551546,2.006225135140109,0
-1.391150556514143,2.027775130765148,0
-1.3342999346335316,2.0837970394373064,0
-1.3824581401680465,2.123253442077619,0
-1.3476031295078297,2.155201066195998,0
-1.179458000645142,2.169206843364486,0
-1.3275427224174972,2.2431690960432866,0
-1.3410528795857577,2.3158459518932117,0
-1.280903662793243,2.4415475535294724,0
-1.3396638852211675,2.537982542438718,0
-1.3763282157295849,2.6467597508331373,0
-1.6141983013359855,2.7593354998607214,0
-1.5765204956767715,2.829858937984954,0
-1.5079242302062668,2.890708891017851,0
-1.3130169564665517,2.95430731275875,0
-1.4474613695249756,3.0049567942052904,0
-1.257297159491041,3.1249761225465873,0
-1.27370692240655,3.231092984814855,1
-1.0728361475162995,3.3065924871740737,1
-0.9753334371128182,3.4555109049552133,1
-1.06466433735293,3.6083338700970806,1
-0.9817257982745458,3.7028594088942497,1
-0.9844056399364772,3.8437537031463673,1
-0.9090841667283804,3.9494176618166996,1
-0.9796647098625896,4.056416718749852,1
-1.122741797574014,4.161768189811009,1
-0.9493009943443648,4.272664509876703,1
-0.9940880614825296,4.320358723880707,1
-1.056074335337874,4.413663119033678,1
-1.043176530523888,4.564822198200835,1
-1.009108830033453,4.69255026088501,1
-1.1853148202008674,4.744848616353029,1
-1.4165919832472909,4.833989962092197,1
-1.550541393705737,4.977312414400343,1
-1.5049990208762327,5.098416136041714,1
-1.4770569775604665,5.199395675285691,1
-1.3148092072595483,5.353367289918623,1
-1.41403162497156,5.439685665143013,1
-1.3614802713622614,5.562626872768359,1
-1.340259168520282,5.585556509200522,1
-1.2838992819758397,5.607768604036672,1
-1.362668704328582,5.615907018008212,1
-1.2803041122303396,5.705870400099769,1
-1.2538897493524197,5.71842480794571,1
-1.356528111730634,5.7543182269310575,1
-1.4942625851733593,5.787633578708283,1
-1.4386238662099131,5.793380977828285,1
-1.516891885067,5.8395709425046896,1
-1.5182552758488088,5.877611913366066,1
-1.8323920335934485,5.940853618588229,1
-1.9599384147306769,5.959299925015438,1
-1.989604432618766,5.9812395752386776,1
-1.996265631399441,5.933656164542823,1
-2.2085193324572057,5.842309089651375,1
-2.234321342980852,5.806356057755991,1
-2.235042510561844,5.750774184275864,1
-2.2476437405422134,5.647453158695111,1
-2.121187645304057,5.641288369840938,1
-2.0337386083966127,5.551288350021166,1
-1.8795410312409555,5.442846645084685,1
-1.966435323855334,5.44136212948913,1
-1.8978838646546423,5.476349033722474,1
-1.9352032201552467,5.458249362324763,1
-1.89096236278259,5.401266668780849,1
-2.061695587135654,5.333587089538358,1
-1.9189876177423253,5.24229834363024,1
-1.9493470659967571,5.108552172135133,1
-1.920854545651694,5.011283452533747,1
-1.825799111033452,4.995843001463011,1
-2.0149285095975977,4.948689039258807,1
-2.011422952391748,4.904229017548601,1
-1.850077708383024,4.885867458449856,1
-1.987752440132657,4.808400721158114,1
-1.9398588049532808,4.70909300078807,1
-1.921040171626684,4.6236555427387085,1
-1.7552335033225217,4.573568139270481,1
-1.7267025776033382,4.559738679581017,1
-1.834653683403658,4.519729840349174,1
-2.003662933184404,4.542148251851662,1
-1.9881236920826413,4.506012063316532,1
-1.9710738395981848,4.381381825872492,1
-2.1326751194344773,4.3105633456555195,1
-2.2305362799965684,4.242442583711562,1
-2.401922395709927,4.104395962944334,1
-2.3528061894538994,3.9820882538859834,1
-2.348894175371778,3.882205148150075,1
-2.344978960841813,3.7579395796851554,1
-2.403335926841318,3.631757346899808,1
-2.268489324170423,3.6031616873070833,1
-2.2487233582818,3.4800592164174464,1
-2.223685187977095,3.3768027665104907,1
-2.378903707995194,3.317369984085036,1
-2.455688852684244,3.221674142478425,1
-2.3790807994425984,3.0944647056557484,0
-2.476229326951263,3.00050105304497,0
-2.3012736450751543,2.880495701341335,0
-2.2720759593883373,2.7728074109324936,0
-2.1657762846758373,2.6890796347181296,0
-2.061695587135654,2.6268039223211965,0
-2.3257389352156728,2.525421996159696,0
-2.322172569500775,2.424535401244343,0
-2.3144978955692834,2.3427587899434363,0
-2.253579504478103,2.2273276585957973,0
-2.2406240916029327,2.1184374669957218,0
-2.345869752158576,2.1179585826220992,0
-2.5965704331742208,2.061864445414921,0
-2.5771767860515378,1.9668122769039345,0
-2.84856302830316,1.9003966300326804,0
-2.9670681442792315,1.7802051431006383,0
-3.016325170240424,1.667868128925285,0
-2.8159003244165217,1.585365579438611,0
-2.598645390193508,1.470911535590933,0
-2.6646311570387318,1.3944345627012982,0
-2.594147694155814,1.3201574297830527,0
-2.3216370278947687,1.2316230484036323,0
-2.452876725844737,1.1929398436146523,0
-2.671151536114249,1.146960591106448,0
-2.767860535452247,1.057327954036946,0
-2.8125259855723037,1.0105184102926954,0
-2.8302265957851622,0.9541188712561233,0
-2.816236371440211,0.9403601965659681,0
-2.7386372461826696,0.8661029156675554,0
-2.760053576343177,0.8126855846624784,0
-2.5685035723925127,0.7570769516695395,0
-2.5372138606312333,0.7188065968239655,0
-2.711534787018152,0.6612011218299225,0
-2.6893108771848424,0.5931186998972812,0
-2.5440020105097543,0.5597453848820898,0
-2.496719660868716,0.5054249464285171,0
-2.358495518905754,0.4332203719151406,0
-2.129028742523471,0.4100273573611034,0
-2.35120596553157,0.38291469565496344,0
-2.374117971651481,0.3711466424522411,0
-2.497069576499732,0.3584162745627808,0
-2.5121010132101453,0.3282931872870023,0
-2.625755317069663,0.2991765837573401,0
-2.7416979411381117,0.2530734827698984,0
-2.4209970648640926,0.20455114287047507,0
-2.260227901467403,0.17460949716685217,0
-2.148877920056044,0.1533499219658508,0
-2.25861060848991,0.1429323511618734,0
-1.9495326919717475,0.1237817017779014,0
-1.7055326819268657,0.11076828500414869,0
-1.7221302044492572,0.09360775890128792,0
-1.6530688072253288,0.07361521724337915,0
-1.586582703700386,0.06536248709967105,0
-1.6461515726170652,0.054191233505611926,0
-1.701331560722769,0.049601482204766206,0
-1.853837167784542,0.035422876237342804,0
-1.7367925228415868,0.019291782110329926,0
-1.5485976550480731,0.014968031416637178,0
-1.563151158213688,0.009104265354883836,0
-1.6357714534408812,-0.00999224128720118,0
-1.6751241601388116,-0.02349597883236271,0
-1.712784896742862,-0.0287845738174952,0
-1.5322732374084216,-0.03407118318961119,0
-1.3478015572741942,-0.03561816284251485,0
-1.3195864090756917,-0.0403112583621869,0
-1.404176379241912,-0.04389847573092074,0
-1.4541353700970212,-0.049704556846481014,0
-1.3749413549968994,-0.05213429109985773,0
-1.2918875997961077,-0.05850455746330488,0
-1.3589049776632554,-0.06519483894758599,0
-1.3239646217271808,-0.06506008908081588,0
-1.1719838881119238,-0.06754108823061164,0
-1.08304130887696,-0.0695260760780666,0
-1.147090804776169,-0.06517624188942317,0
-1.2464732448804057,-0.06621454515742056,0
-1.1935847774314692,-0.06360024265661876,0
-1.1713758030214387,-0.06492365645997167,0
-1.2016477723681245,-0.0633122956385921,0
-1.2137283961657546,-0.06578026895268867,0
-1.0983309150468463,-0.062157562044729414,0
-1.147698889866654,-0.06126792267951424,0
-1.1531673884172315,-0.061537027384950684,0
-1.167334704209583,-0.0601058430326835,0
-1.1109513477142836,-0.057460758811578395,0
-1.0232846803533864,-0.057468345776993064,0
-1.0805940330917403,-0.05429690527793019,0
-1.3148092072595483,-0.0572884499139463,0
-1.2082961693574248,-0.05623269058066623,0
-1.3589049776632554,-0.054160555603246334,0
-1.1188799238414553,-0.05472158180953174,0
-0.9813140073185408,-0.05259368851991265,0
-0.9710000307311624,-0.05284383101526098,0
-0.9225772548414772,-0.05376907907147514,0
-0.7539072525322738,-0.056287095809500275,0
-0.8176601735978698,-0.05506121211584109,0
-0.8077985269725243,-0.056374015284857824,0
-0.8737021489897429,-0.06126543398455178,0
-0.8655666105686206,-0.05938374373783651,0
-0.8010797201306415,-0.05899745116346793,0
-0.7452468406646234,-0.058834393841856146,0
-0.7287538661051572,-0.060883734748113816,0
-0.7039589298366307,-0.06103477127233418,0
-0.6432976413889787,-0.06362217058508848,0
-0.6927082888467152,-0.06402135539937051,0
-0.7338319100186663,-0.06457025005891834,0
-0.7709912431270615,-0.06374087785653265,0
-0.7526398751857929,-0.06501112521454674,0
-0.4807575635182369,-0.06317171826883834,0
-0.6735696107356447,-0.061539606209213116,0
-0.8780803616412319,-0.061915858174667646,0
-0.9856431464364238,-0.06142151458000957,0
-0.9874972725544174,-0.05999144837479255,0
-1.012398890417754,-0.057941894379938734,0
-0.9650109259978578,-0.0539091441344955,0
-1.0805940330917403,-0.05764625869097557,0
-0.9862618996863792,-0.05348918776589154,0
-0.9767757722748228,-0.04969062032885327,0
-1.0554598493516918,-0.04917978339276793,0
-1.1019964946449208,-0.04798137417996849,0
-1.0685475474044572,-0.04585319265285519,0
-1.0718141378379014,-0.04357363336003578,0
-1.1266015376746643,-0.03912296276633713,0
-1.2093011099806397,-0.033877412691566904,0
-1.2231825190988843,-0.028270279577095058,0
-1.3006632277861694,-0.02069369275302101,0
-1.199633623857886,-0.010094252482270782,0
-1.260301313201235,-0.0001955291528346545,0
-1.096293296585747,0.011744711275550615,0
-1.2201676972292,0.02231012381181555,0
-1.1727925346006782,0.03329393043207963,0
-1.0615961746858509,0.0442733263464461,0
-1.3078386318538902,0.05215740082473325,0
-1.310029871811541,0.06369985944411104,0
-1.2470749290751972,0.0772442358300831,0
-1.0699770807750713,0.08709547345188362,0
-0.9959421876005232,0.09661782779502125,0
-0.9912055247904246,0.10262077049621147,0
-1.2494816658543924,0.11133151061885033,0
-1.1943912902883191,0.11953585863670885,0
-1.078552147366848,0.12717379982556765,0
-1.0064353892672149,0.1376127557230283,0
-0.9078359920689676,0.1452074535872306,0
-0.735735109670302,0.14744698200836343,0
-0.7989780927126411,0.15339219931709405,0
-0.9007694032279652,0.15785817868704408,0
-0.8490672351134612,0.16361137616246957,0
-0.7909897748923772,0.16995821033591157,0
-0.7836266112177778,0.17216872256244153,0
-0.6744209298623318,0.17356021337524696,0
-0.8557540374768973,0.17532024866462578,0
-0.6607891556759785,0.18052811478219494,0
-0.5751643740399893,0.17777633526957393,0
-0.6767615240527215,0.17429765219221047,0
-0.6467135860551618,0.1760110207188192,0
-0.6584442942217998,0.17044304049007114,0
-0.7376383093219216,0.16248677232916994,0
-0.6514075762273318,0.16358698514192016,0
-0.5039565431282271,0.15967312096644912,0
-0.4060185718178799,0.1538067753833366,0
-0.5277508060373118,0.14817348068230474,0
-0.637317071183256,0.1439910562842174,0
-0.5478218812871104,0.139396561552009,0
-0.5893444916237155,0.12933665740043213,0
-0.5557952636841152,0.12218772382756123,0
-0.5175925845783693,0.11808785618543925,0
-0.3972664137786748,0.1114529582560736,0
-0.5424301934848048,0.10490900250583905,0
-0.4191340070852791,0.09797997124605273,0
-0.4463996890898861,0.09041513537482465,0
-0.4842311162456477,0.08106379969136249,0
-0.5588122191856641,0.07074400160597594,0
-0.4842311162456477,0.06416486880321072,0
-0.3803957863735309,0.05473888022422141,0
-0.4627241067295377,0.0462374197164443,0
-0.4703326380722394,0.038462648499044814,0
-0.5106689490744284,0.030315915484692986,0
-0.5669925638766196,0.02182424108248467,0
-0.5322869074491413,0.01406102755401977,0
-0.6610046524975268,0.005206852612729709,0
-0.767406741541032,-0.0008371232331146511,0
-0.729812147525787,-0.005622158592793893,0
-0.7441906928758781,-0.012001921525902924,0
-0.7930914023103776,-0.018399438750469326,0
-0.9057599682337284,-0.023111810906597828,0
-0.821014242939076,-0.025786338500094323,0
-0.8419558400026257,-0.03034569087104585,0
-0.9159352587478544,-0.03393021425226248,0
-0.9381228968389324,-0.03673653813039812,0
-0.996970598174615,-0.03906427903851783,0
-0.9994413439106796,-0.04119531746598441,0
-1.0269801307980189,-0.043741533250358004,0
-0.9815188359805992,-0.04558841191006833,0
-1.0493213903856484,-0.04839550504466653,0
-0.9319076271245934,-0.0495601334684923,0
-1.043176530523888,-0.05091076452246089,0
-1.0195892299087697,-0.0544120947854135,0
-1.044200673834191,-0.05424297630606034,0
-1.0273897881221392,-0.0518626230661879,0
-0.8926573347577038,-0.05326764849512526,0
-0.9495079566383312,-0.05534005131655857,0
-0.9279689426437628,-0.05424187012328693,0
-0.8807879405178132,-0.054049117685469175,0
-0.7846784917427143,-0.057099615517063655,0
-0.6005033864420999,-0.05801781042097689,0
-0.6073630129891358,-0.05938467817808525,0
-0.639241607153848,-0.05871854179877719,0
-0.646286859675878,-0.05791623014220213,0
-0.5169418268499554,-0.061243295966815166,0
-0.577315074991596,-0.06575203644552259,0
-0.6708022901659711,-0.0685369375031458,0
-0.6639853362568442,-0.06707130596692407,0
-0.5803234959655671,-0.06828530377479593,0
-0.6543946608823465,-0.06901650502188778,0
-0.7399639680890363,-0.06887153676767936,0
-0.6693108814703602,-0.0672440852697131,0
-0.6592977469803676,-0.06583399948871277,0
-0.7096855978466692,-0.06432668200794223,0
-0.760448967926744,-0.060843587637625304,0
-0.6995017728049654,-0.06137762348662964,0
-0.5579502318995148,-0.058839046169375436,0
-0.4931219603581054,-0.05790953430363974,0
-0.4785876598795623,-0.059803781072964024,0
-0.2450509806548176,-0.05490287503840403,0
-0.1037896136872866,-0.05692872828449767,0
-0.0961192070195881,-0.0596627982355234,0
-0.0785060757144794,-0.05857350685266437,0
-0.0940879894541662,-0.05696946576919055,0
-0.1364277808071075,-0.052852514025863793,0
-0.2583797791118766,-0.055534007599511104,0
-0.2794493940892126,-0.05506142402457194,0
-0.3906969611695547,-0.05179491027016039,0
-0.4134521453450737,-0.0464634458761467,0
-0.3634952881218488,-0.04620941395860281,0
-0.5417837030201997,-0.045578874204123904,0
-0.4603323053736215,-0.04096842524274427,0
-0.5080723190564501,-0.04647176169201529,0
-0.4896548085263958,-0.053159256703888054,0
-0.6037187697100336,-0.05268623161060067,0
-0.5904177084676244,-0.04688033939806225,0
-0.4989745126500418,-0.05249522372660958,0
-0.4981082581000836,-0.05201699439095264,0
-0.577315074991596,-0.052630966169659905,0
-0.5437253080459553,-0.059328906985160634,0
-0.5366053784075381,-0.055239622716221556,0
-0.6032899096988414,-0.057672767004228305,0
-0.6650521522050559,-0.06151526779000444,0
-0.675272248989015,-0.06319281994241295,0
-0.7276955846845076,-0.06159850058794094,0
-0.7281180438000024,-0.05810885254443447,0
-0.7264239400742378,-0.05667376448656967,0
-0.6856929071712236,-0.0550190138164357,0
-0.7781538454034075,-0.053062026148323616,0
-0.7439794633181387,-0.051871745433059474,0
-0.8632708226480482,-0.053095872257825596,0
-0.8664029942720287,-0.05563569792497762,0
-0.8159831389272647,-0.052135662187079844,0
-0.7378495388796771,-0.05700833397090511,0
-0.6244896762218523,-0.06249642675918122,0
-0.7827859602505808,-0.05997012615785285,0
-0.9049257181622286,-0.058715218894015694,0
-0.8716175906269219,-0.05731608836358717,0
-0.9938832328204676,-0.06182392172441961,0
-0.997384522762528,-0.0626842760017498,0
-1.044610331158311,-0.06498774146642321,0
-1.008287381753324,-0.06867197218408566,0
-0.9505427681081005,-0.06516185805727821,0
-0.9453687107592316,-0.06726307553935805,0
-0.9794577475686428,-0.06899923274420959,0
-1.1531673884172315,-0.06689300312019315,0
-1.0975158676624106,-0.06415147912330559,0
-1.0538233536871309,-0.06491596449782135,0
-1.0728361475162995,-0.06685476009141585,0
-1.124773015139416,-0.06797713713896104,0
-1.1095282152393666,-0.0674245403654035,0
-1.1328957517691636,-0.07133971674267402,0
-1.2346358551189571,-0.0719074730087415,0
-1.2743086066013418,-0.06863437295050392,0
-1.3891748133780406,-0.07212739437159187,0
-1.286894901158436,-0.07251546816483069,0
-1.2819022025207845,-0.06827332454309298,0
-1.4331212295490046,-0.06772140882657895,0
-1.4482486796947578,-0.06996336410007767,0
-1.3860149045394263,-0.06798099836181878,0
-1.3152081964241829,-0.06774973230669507,0
-1.277905909978746,-0.06986579584992803,0
-1.25749772088931,-0.06539235227509949,0
-1.2111125634607245,-0.06119764871778022,0
-1.1762276819539492,-0.058656604903226786,0
-1.332910940268942,-0.056131004282263995,0
-1.360093410629576,-0.05298068480807837,0
-1.3014612061154376,-0.04893420148575881,0
-1.2679077109120325,-0.04597225898634875,0
-1.329729695111355,-0.04178572960184263,0
-1.2438659467029607,-0.03805308861564441,0
-1.237646409724829,-0.034342615901796665,0
-1.0946632018168636,-0.029275987574272074,0
-1.228006660816725,-0.026022009387289588,0
-1.27830489914338,-0.020645329596046168,0
-1.2832997314129362,-0.014916659202831778,0
-1.286894901158436,-0.009861163666714702,0
-1.1927782645746192,-0.004702618212391161,0
-1.2570965980927715,-0.0004808746236657658,0
-1.2428631397116303,0.004426616246210041,0
-1.1855153815991366,0.010773446726846504,0
-0.9831681334365504,0.015325207669076345,0
-1.002116918308818,0.017059889394061393,0
-1.0476827610891832,0.01920653533568643,0
-1.0220514411172483,0.02104474960481585,0
-1.0987384387390624,0.02337552468732381,0
-1.0583253169886135,0.0254218934124503,0
-1.0374391943543633,0.02761560602737675,0
-0.7215549920865598,0.028706920390390345,0
-0.7640334695127736,0.025546427087020016,0
-0.7655099427851095,0.02482568907729052,0
-0.6701643342289318,0.024814380668867854,0
-0.6005033864420999,0.02333266588132693,0
-0.6501273970894763,0.02166718641608888,0
-0.6990771800575819,0.02104941908595149,0
-0.6714402461029945,0.0185022577249044,0
-0.610362899435541,0.01492460718358415,0
-0.5781749286458608,0.009991241861970392,0
-0.4931219603581054,0.0040200084686271825,0
-0.5508409704205837,-0.002726577757312016,0
-0.696954216320625,-0.00785510570689497,0
-0.7039589298366307,-0.011991403346716209,0
-0.7941432828353141,-0.015862953735271603,0
-0.8730769948440743,-0.018545272925061997,0
-0.9213312138139488,-0.020050152689484308,0
-0.8757867073525599,-0.02069167881040426,0
-0.9229911794293704,-0.021343348998809904,0
-0.9215403097397998,-0.022127454688959797,0
-0.864105072719548,-0.023195890312139755,0
-0.7075669013735051,-0.02494397058522738,0
-0.5152114513819354,-0.025962383856648175,0
-0.6912190137829888,-0.02929523649215008,0
-0.6400950599124158,-0.03154600127185549,0
-0.5376849961471402,-0.03324483592230508,0
-0.6009322464532723,-0.036792315734771645,0
-0.4926888330831283,-0.03919445920874382,0
-0.4561973267583304,-0.041143580791821545,0
-0.4675077094413581,-0.04361289837469084,0
-0.4267766765383239,-0.04761036410484067,0
-0.3093095724798777,-0.048564975296724655,0
-0.3817101036217493,-0.048889597475921746,0
-0.4038315991240219,-0.052827853602820905,0
-0.4344129450956953,-0.052394012570336074,0
-0.6080052361899678,-0.051960304393624666,0
-0.6330434064946925,-0.05425135570172333,0
-0.597928092743094,-0.05300140124209979,0
-0.6071475161676073,-0.05091262925854992,0
-0.5902043452779805,-0.05199678466002816,0
-0.6247051730433966,-0.0542422688754919,0
-0.548252874930203,-0.05374222228589043,0
-0.5366053784075381,-0.056332635201042494,0
-0.6009322464532723,-0.05752807978539638,0
-0.6009322464532723,-0.05814901215981718,0
-0.7207058065917811,-0.05672709117900334,0
-0.70820272367864,-0.0592027665491942,0
-0.7200721179185307,-0.06073775727352726,0
-0.6965296235732297,-0.06083596041861699,0
-0.7181646510031221,-0.05955606593214033,0
-0.7581275764234223,-0.0588095280664754,0
-0.7154101322248192,-0.057746797670914604,0
-0.7775201567301572,-0.05796451357196298,0
-0.783835707143613,-0.05857832556133063,0
-0.8000278396056891,-0.06176516620973868,0
-0.7840469367013684,-0.06350224315832732,0
-0.8547085578476421,-0.06362396923239584,0
-0.7281180438000024,-0.06473566461107094,0
-0.8974430711014088,-0.06722645604917853,0
-0.9658366415417756,-0.06503420160939444,0
-0.938329859132879,-0.06710933644125558,0
-0.9051348140880796,-0.06752140461368139,0
-0.9024336361071916,-0.06441113563367833,0
-0.8649414564229521,-0.06611780179317109,0
-0.9113671528575822,-0.06793998897886706,0
-1.024720614619694,-0.06689783155572021,0
-0.9831681334365504,-0.06594480315977613,0
-0.908461146214636,-0.06842521464825042,0
-0.8887015812217097,-0.07168627378607874,0
-0.9057599682337284,-0.06816398220778626,0
-0.8381899797054146,-0.07237753405111981,0
-0.8252068296155709,-0.07086836523176278,0
-0.8157719093695291,-0.06813422289823308,0
-0.8258362510250323,-0.07094343118371964,0
-0.7705687840115666,-0.06901445276025565,0
-0.7815207165359844,-0.06750278026782697,0
-0.7922507513431806,-0.06699850237920878,0
-0.8528288281468832,-0.06578921441748117,0
-0.7853100467840602,-0.06163531598085597,0
-0.7629794553559367,-0.058698858288040924,0
-0.7615029820835849,-0.06210183847436829,0
-0.6835678098023622,-0.058926724648394595,0
-0.5929930021666303,-0.05760116766693867,0
-0.6058609361340584,-0.059407407799634694,0
-0.6266297090139886,-0.06019649748470605,0
-0.6330434064946925,-0.061614491375441144,0
-0.5837607769507424,-0.06119159837450702,0
-0.7124422502568765,-0.060098477838885195,0
-0.71392725805679,-0.060621768306826904,0
-0.7293875547783917,-0.061304531444462816,0
-0.74841741766274,-0.06290531534466261,0
-0.6161429082429944,-0.060259616971903664,0
-0.7501072541247157,-0.06286353999259099,0
-0.848230851410057,-0.06421981988040701,0
-0.7933026318681171,-0.061667512552617036,0
-0.8038086353261792,-0.06024462438395702,0
-0.8377717878537086,-0.059606631088087184,0
-0.8716175906269219,-0.0614322891440387,0
-0.8747433613552091,-0.060718518332951096,0
-0.9740937969809872,-0.06014693719163764,0
-0.9180112825830896,-0.060003014496610135,0
-0.7930914023103776,-0.05750254818680494,0
-0.7954042592861176,-0.0575968005748591,0
-0.8071691055630827,-0.05522880732120145,0
-0.7477815953575851,-0.052862818756858096,0
-0.7555949553623451,-0.04978174008762804,0
-0.9660436038357264,-0.04649020357019094,0
-0.9926478599524292,-0.04245333592609229,0
-1.1308645342037418,-0.03849176328012217,0
-1.173601181089433,-0.03320340419926053,0
-1.18127585502092,-0.027363402292075355,0
-1.095478249201311,-0.020874851618777474,0
-1.140604563810998,-0.015467781849489127,0
-1.1154255738011165,-0.008490093203345954,0
-1.1229444926041678,-0.001843758013004315,0
-1.032928696525299,0.004560063962610758,0
-1.0409234152412603,0.009996679178720257,0
-0.9877021012164796,0.015722392054853863,0
-1.0284160650643304,0.022195574264367326,0
-1.0126037190798165,0.029403250445185058,0
-1.1005712285380995,0.03843636230232157,0
-1.002116918308818,0.04773923634300806,0
-0.9815188359805992,0.05663348795190185,0
-0.9366741607812502,0.06547111573530179,0
-0.9198803441243624,0.07580321358873213,0
-0.9503358058141378,0.08384363091742779,0
-0.9567452360310488,0.09575526575954993,0
-0.8882876566337966,0.10663693563752676,0
-0.9146913513522305,0.11862703070908817,0
-0.8732839571380369,0.13214252642048624,0
-0.83567869496329,0.14198722103330072,0
-0.7009889142367834,0.15245029449349096,0
-0.7403864272045273,0.15645437038607066,0
-0.7266373032638778,0.15881267254203404,0
-0.7528511047435323,0.16355316901073677,0
-0.7629794553559367,0.16535278029637812,0
-0.8166125603367261,0.1694497797200996,0
-0.8390263634088188,0.17051557729978517,0
-0.7764682762052246,0.17727663871878932,0
-0.7509500387238012,0.1789545519802181,0
-0.7688832148133836,0.17857969881097005,0
-0.8584680172491599,0.18374698013904728,0
-0.7983465376712952,0.18815219336045036,0
-0.7667751864996859,0.1870561564978064,0
-0.669524244660004,0.1891192419553601,0
-0.7151989026670638,0.18819211576154374,0
-0.7283292733577579,0.18708187756262737,0
-0.6927082888467152,0.17991145627478597,0
-0.8995212285685523,0.18097748662519675,0
-0.9256880901464852,0.18042096755853226,0
-0.9685228840993846,0.18145982229199736,0
-0.8381899797054146,0.18845483831300275,0
-0.9712048593932046,0.19039466739661387,0
-1.0368247083682007,0.19391289149676086,0
-0.9679019972175288,0.20184843299279073,0
-0.9650109259978578,0.20733092080293325,0
-0.9484731451685424,0.21503866526457746,0
-1.0292353797125708,0.21365224132390964,0
-1.062618184364245,0.21986124351417644,0
-0.9821375892305744,0.21397372826124572,0
-1.0234895090154446,0.21034135689473984,0
-1.076307566611802,0.21114070660543857,0
-1.0255420628998229,0.20595670628444707,0
-0.9776014878187408,0.197468723736292,0
-0.9743007592749536,0.19536550354756213,0
-0.9540568598415357,0.18643351349432186,0
-0.8737021489897429,0.1814276701267902,0
-0.8425852614120672,0.17457840120170812,0
-0.8151424879600716,0.16560158731953045,0
-0.8063284545958858,0.1504724491046655,0
-0.8352605031115878,0.13722862105385078,0
-0.8021294670236896,0.12741071244666566,0
-0.7315041176196513,0.11852688041467084,0
-0.708625182794135,0.111479124673384,0
-0.6799513037379059,0.10338430121986315,0
-0.6782507991164439,0.09231931866917442,0
-0.6107896258148249,0.0815009776889188,0
-0.6799513037379059,0.06979341512446853,0
-0.6842057657394015,0.06283603819214024,0
-0.7009889142367834,0.05458664181426257,0
-0.7709912431270615,0.048347887279695044,0
-0.7909897748923772,0.040774483590134136,0
-0.7699372289702205,0.03320480987759166,0
-0.7655099427851095,0.02465811133858678,0
-0.826883864286176,0.017095390451194258,0
-0.8329583142953341,0.011102485239544735,0
-0.8189190164167688,0.004994892078974638,0
-0.8839137112461004,-0.0034938964625039087,0
-0.663347380319805,-0.010866385892323869,0
-0.5914930589434376,-0.018139053937655216,0
-0.6358213952238522,-0.025836141578087765,0
-0.6324033169257449,-0.03297229123270381,0
-0.654605890440102,-0.03933334519286444,0
-0.6580197014744006,-0.044147879197702404,0
-0.6178583482877316,-0.05094457215273368,0
-0.5091540704279408,-0.05298073982155078,0
-0.4801068057898229,-0.058743412175522626,0
-0.5525649449929064,-0.06459332671409113,0
-0.4590265226530007,-0.06515500441656977,0
-0.3489865912260511,-0.06253943305509074,0
-0.2747938092911825,-0.06561298666757753,0
-0.2256925384584297,-0.06893244223693529,0
-0.294058371684131,-0.06710527212499351,0
-0.1673910468882355,-0.059891824343300835,0
-0.2089755325498374,-0.057394084545928786,0
-0.1852964857631484,-0.04424897662390935,0
-0.2801129536090012,-0.04142643771946228,0
-0.3597614323030804,-0.03983254223473866,0
-0.4235015515772978,-0.03021261756887979,0
-0.3830265545018562,-0.01621320581906865,0
-0.4162941430311186,-0.01089593544667968,0
-0.3597614323030804,0.0077169245939824075,0
-0.3048908208223444,0.020722194654893836,0
-0.3476658730821553,0.03401974304775894,0
-0.4365935168938402,0.040882784546887756,0
-0.4662040603526258,0.06087160056432602,0
-0.4842311162456477,0.06501106459356784,0
-0.3643743444631857,0.07797870543307778,0
-0.3454660985969425,0.0981392085595718,0
-0.2719134062309977,0.12736862326948092,0
-0.2834350184717648,0.1566095692097184,0
-0.2982594928882276,0.17662198652867891,0
-0.2138807522797469,0.19661233136730727,0
-0.2158884998942881,0.22155116902977498,0
-0.3037877331318973,0.2531677494692846,0
-0.1615640981790604,0.302603657508427,0
-0.2692527672561342,0.3432040074054252,0
-0.186640673857905,0.3590474594514108,0
-0.1998222517141097,0.40104691323254904,0
-0.2592673699807953,0.4333880680305367,0
-0.3893826439213324,0.4555583577778008,0
-0.4169491680233255,0.5027112056684311,0
-0.440082005044526,0.5409646237198515,0
-0.5493303590379008,0.5563567770136271,0
-0.5471753908224853,0.5560133469201203,0
-0.5471753908224853,0.5919845532100211,0
-0.6052187129332264,0.6006932727236155,0
-0.6221384138719923,0.6055090057519671,0
-0.637317071183256,0.6531099342835541,0
-0.6663301977110269,0.6843026885267505,0
-0.7111706056466027,0.6829776352974957,0
-0.7498938909350757,0.6953878350661172,0
-0.8088482738655723,0.6936775478894235,0
-0.7389078203003069,0.6834855613309583,0
-0.8298154745118872,0.6735278759586399,0
-0.8666099565659754,0.7023876500563727,0
-0.8966109546618134,0.7049158309923659,0
-0.8184986909331624,0.7170575541803699,0
-0.8678623984891772,0.7295135369976239,0
-0.8317016051083393,0.7206818711873497,0
-0.8247886377638688,0.7019068941453168,0
-0.7558061849201045,0.6738536803692706,0
-0.7075669013735051,0.6825521616399353,0
-0.7283292733577579,0.6874863665375065,0
-0.7291763252206521,0.6817290371991045,0
-0.6210673306599719,0.7036985419505097,0
-0.9815188359805992,0.7110634560760941,0
-0.8703651487037002,0.6981545886235923,0
-1.0140417869780125,0.7135642732039584,0
-1.1044395031663516,0.7214007676210931,0
-1.1897527745454686,0.7139209431676801,0
-1.2838992819758397,0.6838443150063016,0
-1.3448251407786658,0.6751774369823923,0
-1.3382727572246933,0.6377182411954775,0
-1.2288089064097862,0.603194308777919,0
-1.2060793258170284,0.588761629369665,0
-1.3160040411215663,0.5814197383360671,0
-1.4535443540617197,0.5443493077077803,0
-1.4346937162566842,0.5059640930258353,0
-1.4983634256783231,0.44339863160822196,0
-1.414424213240501,0.3611725955204104,0
-1.286894901158436,0.3274877205776567,0
-1.2858963614309145,0.3069922228358501,0
-1.317994719680944,0.2747083526619119,0
-1.3964803689914482,0.25451151354619594,0
-1.3792939640656432,0.23350285202453822,0
-1.373360333761638,0.20907003491887086,0
-1.245470437889079,0.17298044287913433,0
-1.2815032133561464,0.1656876826655447,0
-1.2998652494569012,0.1518000559638891,0
-1.3396638852211675,0.12581949419206567,0
-1.3864096264402517,0.11131533875589082,0
-1.445105839911291,0.09133419788833685,0
-1.3806786911664242,0.07607207265533515,0
-1.367620863960213,0.06629181485843291,0
-1.4075283149512097,0.04292425265078075,0
-1.6666920468840805,0.0385903825386219,0
-1.6403864992328907,0.018773395849429844,0
-1.5184515699832852,0.010777764405001954,0
-1.5672242615039824,0.008639741595233735,0
-1.5730362747898945,-0.008810650337587883,0
-1.5784556998068495,-0.026365938015299392,0
-1.536162848355626,-0.04128252420300933,0
-1.5250722297579358,-0.046879873198324665,0
-1.5666417799962624,-0.05549931535345257,0
-1.663813777455784,-0.06184869047795372,0
-1.8135413957883928,-0.0633009681461247,0
-1.7470638267910523,-0.0673333673337997,0
-1.602043000421988,-0.060377499649759574,0
-1.6751241601388116,-0.05790172507491906,0
-1.730321217299695,-0.05269603502606504,0
-1.7609281668541177,-0.042598621351486725,0
-1.856092416699094,-0.03490711554362015,0
-1.8188242683639804,-0.02343171427969453,0
-1.7444010541842885,-0.009295892501395127,0
-1.7651036844754489,0.005129019982155792,0
-1.753144677695892,0.023469662467753415,0
-1.7971081629220234,0.042529080932967256,0
-1.5406349408105744,0.06311474910160089,0
-1.5670301010014105,0.08141593947889506,0
-1.5594685095604264,0.09893238899980125,0
-1.5489881096851257,0.1184326125253922,0
-1.456685060213282,0.14325740300796783,0
-1.4969957676326895,0.17036700283061368,0
-1.52565684489756,0.1920218031163923,0
-1.5324673979109935,0.20690075233307625,0
-1.5825224022014666,0.22885887000572444,0
-1.850077708383024,0.2490400835968044,0
-1.7076321757129616,0.2840855062634829,0
-1.626338666826724,0.3057991940561871,0
-1.576134308303512,0.33222318240699533,0
-1.6032015625417504,0.3496329160724127,0
-1.7358430566476712,0.37475103544135985,0
-1.7539042506510245,0.4078162325316704,0
-1.6403864992328907,0.447152101626599,0
-1.591995727821648,0.4806210053217301,0
-1.467267874419604,0.5101756815105526,0
-1.4179703094523946,0.5457045335756268,0
-1.4248598068459886,0.5595558524619985,0
-1.4911368144450758,0.5744847266258355,0
-1.540050325670946,0.5951362390832164,0
-1.3976645346939798,0.6105379900610473,0
-1.443731780969996,0.6176484585354127,0
-1.467856756823021,0.6462926868599133,0
-1.35553597289879,0.6427845852108537,0
-1.4187576196221767,0.6480211369234895,0
-1.5863906768297027,0.6614171289979763,0
-1.552869186104752,0.6654678729413868,0
-1.425450822881306,0.6602879441134498,0
-1.1713758030214387,0.6584999544546735,0
-0.8707833405554023,0.6610615181505096,0
-0.8832885571004477,0.626482567975314,0
-0.7532735638590273,0.6102516947080964,0
-0.7911988708182282,0.6149565289952155,0
-0.6573796119054728,0.6053549080825701,0
-0.7073535381838613,0.6160625024935844,0
-0.7621366707568353,0.6147474732276091,0
-0.7162571840877134,0.6148366380420028,0
-0.6484204915723211,0.6052088094853552,0
-0.6120762058483776,0.57962873215771,0
-0.6614292452449062,0.5597568126052702,0
-0.7602377383690084,0.5482790158055327,0
-0.7977171162618576,0.5468035813186284,0
-0.8553358456251952,0.5411129691017242,0
-0.8841206735400471,0.5235054462935788,0
-0.9654248505857512,0.5160003165590824,0
-0.859931688730121,0.5001589831642712,0
-0.8189190164167688,0.48684528607377486,0
-0.8279314775473195,0.47214253958159264,0
-0.8689057444865478,0.4525333662724525,0
-0.66718151683771,0.43815461358828645,0
-0.4254666265539143,0.4152690025606233,0
-0.5314227865310835,0.3877166356091874,0
-0.6552481136409342,0.37241393160843805,0
-0.538762480254842,0.3473515472701025,0
-0.5895599884452638,0.3257600215763438,0
-0.0422770061129476,0.2990816988110674,0
0.1104014251324447,0.2783110349314922,0
0.1041840217862212,0.26479666028666315,0
0.0200698515329109,0.25410995467764785,0
0.2064233949998015,0.2367609951506239,0
0.4140215112595163,0.22800122544167958,0
0.1249186565558242,0.2178233001311294,0
0.0821137334494592,0.20179696601921146,0
0.1618859627935319,0.1834463484185859,0
0.1104014251324447,0.16813815819517314,0
0.2285320887106994,0.15211360973559063,0
0.1929495095737727,0.14142694214119675,0
0.0777504562212492,0.12179120347620336,0
0.0269188099204804,0.10708225677854165,0
0.0747676388300274,0.0916996957171869,0
0.0571139685188744,0.08075915002557152,0
0.1097101283980064,0.06452512907990254,0
0.0442929744531839,0.052306781081747376,0
-0.1024347574330399,0.03317906399666873,0
-0.0927352668318278,0.025315922700951034,0
-0.3326941780648581,0.013424334559821737,0
-0.1716476425216315,0.0006166944006884916,0
-0.1781381507505913,-0.015258217160094878,0
-0.1588735883576427,-0.02608353347853828,0
-0.1680631409356019,-0.03787839011353573,0
-0.085963119192534,-0.04710981788792599,0
0.0116270701186934,-0.05545908534076367,0
0.0890053644749575,-0.06096355946014646,0
0.0006879393856462,-0.06626861842285273,0
0.1635053894029292,-0.06985744633136413,0
0.1915562479454099,-0.07211427900800994,0
0.0995839114175065,-0.07488351696368821,0
-0.085510789230485,-0.0755163918207467,0
0.1734651830955069,-0.08123944575925635,0
0.1286098397366679,-0.08303004836318104,0
0.3078199836142645,-0.0849306745855129,0
0.1843616411906054,-0.08568753285852683,0
0.2516222530939553,-0.0872013488427855,0
0.3085219485082049,-0.08858915210001347,0
0.22620216267978,-0.09006177336995011,0
0.2623693569563309,-0.0908335877793136,0
0.2792143807787096,-0.09132882928837543,0
0.4078553150788193,-0.09153239548037301,0
0.5705874198202288,-0.09227879718482873,0
0.4926053076372684,-0.0911302100710966,0
0.4830487703731138,-0.09055385249782776,0
0.3600747623899662,-0.09078589927195499,0
0.3508745416525208,-0.09070668866055775,0
0.4140215112595163,-0.09152204502836017,0
0.3926937268227231,-0.09223197095913033,0
0.568421783445343,-0.0914253871066495,0
0.5920453558027127,-0.09212767792179502,0
0.7200184633192289,-0.09204560209077096,0
0.7351779179434406,-0.09084936742315035,0
0.7982502104340646,-0.09099829055981004,0
0.9051323666542884,-0.09086081158293652,0
0.9380095005465184,-0.0896824273238524,0
0.9285340412944324,-0.08884638200352546,0
0.8770708399523175,-0.0872726181408024,0
0.8937003669531678,-0.08745651244156645,0
0.8145106191168349,-0.08610810828319419,0
0.7930825539808892,-0.0847273285762821,0
0.8049007410552693,-0.08291097959073922,0
0.7540349566441534,-0.08159395235275983,0
0.7170868530935336,-0.08065954480230365,0
0.6887927605148547,-0.08005675891508092,0
0.5833614739842016,-0.08058786215046691,0
0.6341248440642924,-0.08038042221273664,0
0.5978403000334412,-0.08034148163741187,0
0.6251614564673478,-0.08143422887541034,0
0.7393385001414968,-0.08133469860807419,0
0.8191960747614072,-0.07970030703297523,0
0.8820336677434348,-0.07763618126320783,0
0.8495789929666959,-0.07644996651539535,0
0.8508143658347381,-0.07451235877441245,0
0.5643273438360764,-0.07476956016038822,0
0.4823318700559142,-0.07732153099581986,0
0.2647078175148162,-0.07923811801714047,0
0.2546584112825921,-0.08180619457371421,0
0.5462917534154729,-0.08404237330855047,0
0.5417257811570853,-0.08526882713226108,0
0.5328434715722092,-0.0860439270178627,0
0.6831898431547938,-0.0870104171178317,0
0.7073212199035318,-0.08735455498068236,0
0.6559582992605536,-0.08498724566339726,0
0.6031530434555666,-0.0865184167858683,0
0.7080530556440104,-0.08751744140309456,0
0.7721900304509616,-0.08705367358421827,0
0.6620306156378073,-0.08675701625136582,0
0.7609031177187908,-0.08780252018973261,0
0.6924455383215585,-0.08866153451073625,0
0.6462481404998514,-0.08920691824029128,0
0.662758184114497,-0.08996936016218948,0
0.5934940918603948,-0.08935264534682538,0
0.7662990727848893,-0.08987700886109083,0
0.6031530434555666,-0.08901935745465157,0
0.6406708267225556,-0.08858287790367089,0
0.6559582992605536,-0.08843113599992813,0
0.7161096496849525,-0.08809331991685249,0
0.7344439485710537,-0.08759980915738294,0
0.7775945200446378,-0.08865777952717491,0
0.6346113121366725,-0.08826200249271338,0
0.6783230287990202,-0.08919343089942133,0
0.6719968102260823,-0.08905922088725612,0
0.772682899419035,-0.08928069429238346,0
0.8728547833249618,-0.08896963018939502,0
0.7540349566441534,-0.08933099822939002,0
0.7552617949846099,-0.08897961548470122,0
0.8113059040083714,-0.0892041008166746,0
0.7965283694936462,-0.08888131375178193,0
0.8631915644659773,-0.08914062425431817,0
1.0559033309842525,-0.08939467866706102,0
0.9752413771393764,-0.08916486635125158,0
0.912098674796154,-0.08923514195520937,0
0.8152488557529949,-0.0881241558174136,0
0.9300297172538322,-0.08724469864094392,0
0.9539861361870504,-0.08719355020295425,0
0.8290662559143345,-0.08677103880218073,0
0.6824601410462156,-0.08654820356629529,0
0.7638453961039883,-0.08621024475186938,0
0.8053914763914543,-0.0861416520780531,0
0.8132773798806812,-0.08573161323341137,0
0.8100726647722336,-0.08558549258814473,0
0.794068291917052,-0.08464689374548139,0
0.7714539274466901,-0.08397822492296306,0
0.7675259111253457,-0.08377343466012079,0
0.6678618316107714,-0.08270473713225815,0
0.6273420282655126,-0.0824869794166668,0
0.5100712183415228,-0.08204179310698209,0
0.5744428926570901,-0.08154909145373564,0
0.5107902522906307,-0.08181695816924577,0
0.5742017922527966,-0.08158061630307037,0
0.6530437580900059,-0.08162030078084305,0
0.7484000348056696,-0.08322207382400786,0
0.6729697463708545,-0.0843425243396838,0
0.6496448824789823,-0.08437663553335135,0
0.5708285202245224,-0.08560235405386953,0
0.5852902772185825,-0.08602611851380554,0
0.6024297422426896,-0.08734095170302048,0
0.6268576938250209,-0.08802993740862078,0
0.662758184114497,-0.08840859170534136,0
0.6736994484794288,-0.08990226635971038,0
0.5761305954871775,-0.0901487990386636,0
0.5208524603142295,-0.09020706403429463,0
0.4413405340615343,-0.089807929121041,0
0.4254151055865169,-0.08928115893202611,0
0.3652680224258871,-0.08923383093855163,0
0.3853583003627575,-0.08914405008174663,0
0.4792295692784878,-0.08915891854231327,0
0.4696837001738232,-0.0897921937312486,0
0.4935633083587815,-0.08965358389714384,0
0.5477340885774576,-0.08951164974051022,0
0.556146999145125,-0.08991779193322232,0
0.6273420282655126,-0.09120991833377151,0
0.5975970659972433,-0.09127095055884478,0
0.5532601951892429,-0.09065871075802456,0
0.5364429085815179,-0.0905129108187609,0
0.4639612994275776,-0.08863077027034028,0
0.453000832375574,-0.08803418974985538,0
0.4047743506203493,-0.08693985014998731,0
0.427077204833839,-0.08458475462131018,0
0.5071972161770194,-0.0824979870723883,0
0.5739606918485028,-0.08024882985781841,0
0.5698662522392363,-0.07898926413424344,0
0.5727551898269989,-0.07732682012946662,0
0.5838436747928047,-0.07430309908387776,0
0.6200791452900298,-0.07220184223716443,0
0.6897656966596271,-0.07251033065120467,0
0.6467346085722474,-0.07248365297998424,0
0.642125963675931,-0.07163786465134832,0
0.6443065354740958,-0.0710272849453411,0
0.6208067137667196,-0.0701293990326167,0
0.7513380459270583,-0.06907278863817347,0
0.8196889437294965,-0.06831910854911238,0
0.8164820949891446,-0.06919390438722402,0
0.8468564786668555,-0.06883808524978005,0
0.8377095987268052,-0.06844181025222867,0
0.8248694019740467,-0.068768863500921,0
0.7950518962213143,-0.06850620110459121,0
0.7636000284359057,-0.06774962753590603,0
0.8671537188976687,-0.067608928462754,0
0.9200656562974656,-0.06861335149439425,0
0.9018999143311912,-0.07091632989422618,0
0.8793026189159928,-0.07269060828885539,0
0.8795522538478842,-0.07451259245491906,0
0.8337581124546001,-0.07638299550679811,0
0.8394399741948253,-0.07724383643215099,0
0.7574679703655398,-0.07811486438265106,0
0.7758748127361079,-0.07818286326200043,0
0.7280857255196731,-0.07858993958019793,0
0.70756445393971,-0.07988005747513367,0
0.6736994484794288,-0.0810930803736444,0
0.6125794291740465,-0.08068066407241854,0
0.6900110643277095,-0.08083701122982419,0
0.6462481404998514,-0.08051387581109964,0
0.6530437580900059,-0.08120272583873157,0
0.586254678835773,-0.08173080872804674,0
0.6147578673403068,-0.08190299230792474,0
0.6401843586501754,-0.08313777884130134,0
0.7989884470702405,-0.08421660713011762,0
0.7007346982392084,-0.08574263062421457,0
0.8468564786668555,-0.08645855139112686,0
1.03272355406135,-0.08696135049545028,0
1.064988335599302,-0.08836241715191394,0
1.3176359557204476,-0.08889090559211683,0
1.2462702360483449,-0.09019897476418157,0
1.2247226875262105,-0.09157936139885098,0
1.016123897907054,-0.09121529934582638,0
0.9257944579394086,-0.09109502753740478,0
0.9569838890015472,-0.09063864234479689,0
0.9310282569813696,-0.08814237193489251,0
0.8884857705982706,-0.08677247127574163,0
0.9742407037799506,-0.08370656243833702,0
1.1143328404682529,-0.07974988720604215,0
1.0884945582023715,-0.07567071882077785,0
1.0642330299079623,-0.06943729849870564,0
1.0506076566172906,-0.06248858869298009,0
1.0488452766708478,-0.05720910488401516,0
1.0173806070940483,-0.05101980524134238,0
1.020901099723177,-0.04407102579300578,0
0.9081194513092992,-0.03699032891711459,0
0.8728547833249618,-0.030152102621395827,0
