signal,anomaly_score,is_anomaly
1.085906028747559,-0.3752387842099525,0
1.085399150848389,-0.3089129620612217,0
1.082754969596863,-0.40478739739367864,0
1.075199365615845,-0.46383834035038946,0
1.077899813652039,-0.6416823053729767,0
1.092597603797913,-0.5977736208846899,0
1.094103813171387,-0.5989508607935071,0
1.085799932479858,-0.6166452714667314,0
1.084398746490479,-0.667158734384169,0
1.088601231575012,-0.4533794937624504,0
1.085894227027893,-0.42683126414319655,0
1.092001080513,-0.3073564190255884,0
1.089502573013306,-0.14457243439424503,0
1.09129798412323,-0.017652726107097876,0
1.087701320648193,0.1389765068206004,0
1.086200952529907,0.08982756090362114,0
1.079901933670044,0.2913032823962577,0
1.085304975509644,0.3488448592067357,0
1.086495876312256,0.6082575986499253,0
1.090798020362854,0.7100683565159166,0
1.093697071075439,0.902225461113205,0
1.082590818405151,1.2359698492784845,0
1.089728236198425,1.2038450588824323,0
1.092203855514526,1.1302921387566143,0
1.109102368354797,1.3013049994341055,0
1.119996428489685,1.3338274255307265,0
1.114504098892212,1.1785315451510694,0
1.118981242179871,1.1058221885955049,0
1.128999471664429,1.3117499715631316,0
1.128095269203186,1.2151618365313386,0
1.131797909736633,1.2969501234032654,0
1.122599005699158,1.344980459367954,0
1.117405772209167,1.5271345886385441,0
1.114702939987183,1.3968504679424878,0
1.112297534942627,1.4424368799020564,0
1.111098766326904,1.6255428026954437,0
1.112396597862244,1.7718299692003727,0
1.102803349494934,1.716433519978095,0
1.102706074714661,1.4387003371258793,0
1.101394414901733,1.4093750355912888,0
1.10249936580658,1.3165387437523979,0
1.092394709587097,1.2044289302508866,0
1.088897585868835,1.2373811791451688,0
1.087594866752625,1.3106581305819434,0
1.086897373199463,1.2100912803128285,0
1.094894528388977,1.0907376511642535,0
1.099396467208862,1.2744922729272314,0
1.101600646972656,1.3130319275541193,0
1.100400567054749,1.1002139720448558,0
1.098901033401489,1.1719145218969844,0
1.11784303188324,1.173981061689693,0
1.116794347763062,1.3998423966111007,0
1.110198259353638,1.5139576354931972,0
1.110901236534119,1.44039587095057,0
1.121893763542175,1.5436255772147178,0
1.131797909736633,1.4900059591706742,0
1.127904295921326,1.546602050173223,0
1.123595476150513,1.43782579755806,0
1.122296690940857,1.5968449650549668,0
1.118105411529541,1.581504382267192,0
1.116794347763062,1.78726608697761,0
1.115996718406677,1.6772325074911258,0
1.120272397994995,1.6550696899740387,0
1.12920343875885,1.640220798913061,0
1.133465528488159,1.4804152465287344,0
1.137967109680176,1.4637577039088145,0
1.139003992080688,1.2644971698985628,0
1.138900279998779,1.0091911640316782,0
1.138200283050537,0.7108207288267406,0
1.140497922897339,0.5178187765205053,0
1.137397646903992,0.3740378622969715,0
1.140302896499634,0.31348923110230453,0
1.141291856765747,0.2250247717779068,0
1.138498306274414,0.2803316663781225,0
1.127904295921326,0.4530175382547471,0
1.127001762390137,0.6252429786942585,0
1.129994630813599,0.6650289723648577,0
1.13090193271637,1.0498347592928126,0
1.135963439941406,1.0295115407197346,0
1.130505561828613,0.7886656872485528,0
1.12920343875885,0.6482192071905214,0
1.123406171798706,0.6326151714692322,0
1.126900196075439,0.48937586540177586,0
1.129905223846436,0.5212865660555545,0
1.132900595664978,0.28034084687872385,0
1.135589361190796,0.44458395786749694,0
1.146302580833435,0.30525914113213115,0
1.152498602867126,0.3575693487499221,0
1.150403738021851,0.11597149301385182,0
1.149306416511536,0.10303140409749896,0
1.140601992607117,0.01260228320156216,0
1.13879656791687,0.1955553861661376,0
1.13879656791687,0.16526686542640348,0
1.137436389923096,0.0651437877239344,0
1.142700433731079,0.17147507700780928,0
1.13769519329071,0.16606658140359257,0
1.13169538974762,0.29579969739174183,0
1.131605744361877,0.21115595531001602,0
1.131605744361877,0.19229186245265364,0
1.122296690940857,0.1681148394926944,0
1.120598793029785,0.31850424256285315,0
1.122170805931091,0.39712914682214,0
1.121604323387146,0.1837685617715454,0
1.113796591758728,0.24120449520990928,0
1.115897059440613,-0.08666891776482327,0
1.119206666946411,-0.03291549496761248,0
1.111000061035156,-0.23679139449670722,0
1.114839673042297,-0.6445400303687061,0
1.113598108291626,-0.7418158688194855,0
1.118906140327454,-0.9144450942628574,0
1.115200161933899,-0.8743319726867418,0
1.135099530220032,-0.9715432664067971,0
1.136402368545532,-1.2205496278793462,0
1.135782837867737,-1.2815244751276542,0
1.140706181526184,-1.2560141612457754,0
1.131503343582153,-1.187706408720946,0
1.12399959564209,-1.0095011997379408,0
1.129101514816284,-0.8250062453414082,0
1.121302485466003,-1.0818069464562121,0
1.126265645027161,-0.8616150984885479,0
1.125201106071472,-0.63619775239578,0
1.13490629196167,-0.5979387587010656,0
1.13229763507843,-0.3553854073898794,0
1.125061869621277,-0.23860336991798844,0
1.132823586463928,-0.15219619796837972,0
1.132400274276733,0.1391891413857265,0
1.103594422340393,0.08391989514866917,0
1.101503491401672,0.21918614887138213,0
1.107395172119141,0.3071707506903053,0
1.112805008888245,0.37816972389249026,0
1.110605120658875,0.4527629453766303,0
1.113102316856384,0.5563494097586669,0
1.114603519439697,0.5969790731673377,0
1.106500744819641,0.37469515755775523,0
1.109902501106262,0.37495502214147974,0
1.106574177742004,0.19009172451923093,0
1.104398846626282,0.2207225137960692,0
1.105803251266479,0.03274663772565193,0
1.106292605400085,0.03438476445440156,0
1.109496116638184,0.03729568930397787,0
1.110605120658875,0.09975163420393621,0
1.105314373970032,0.11862642527844776,0
1.107186675071716,0.13098027182880126,0
1.101357936859131,0.10668995314857731,0
1.1019526720047,0.1905328035644606,0
1.10328996181488,0.21275630209166074,0
1.097044587135315,0.14886246291105895,0
1.09911847114563,0.13265325712055404,0
1.098780393600464,0.008013329751060129,0
1.107346057891846,0.14931213256123885,0
1.108438491821289,0.12940642551770568,0
1.116806864738464,0.3124482773020496,0
1.116806864738464,0.0675509080185345,0
1.121906280517578,0.16861795719963682,0
1.115150451660156,0.1386027998318071,0
1.113474130630493,0.10820451555558941,0
1.108954787254333,0.09581660646191066,0
1.108364820480347,-0.03428760235188746,0
1.111580491065979,0.06427290954056912,0
1.118643403053284,-0.021465493210796386,0
1.113908290863037,-0.02797361233816575,0
1.116694569587708,0.009240843763116844,0
1.11840558052063,-0.003833369661370189,0
1.127599120140076,0.03738047528392493,0
1.129892468452454,-0.015455268168372194,0
1.134944915771484,0.02074697763816968,0
1.129815816879272,-0.07648966527891536,0
1.1319260597229,-0.029374877204450225,0
1.130083918571472,-0.08568756566561507,0
1.12637984752655,-0.12706498870903674,0
1.129050493240356,-0.1961314982961178,0
1.119946241378784,-0.2676185826510008,0
1.119281888008118,-0.22690283114512463,0
1.1153244972229,-0.2765255469417623,0
1.116071343421936,-0.26918940233297806,0
1.120071768760681,-0.28406054075773685,0
1.116196036338806,-0.26223162627046603,0
1.1153244972229,-0.2755654412915228,0
1.125365734100342,-0.22406726300215993,0
1.124100804328918,-0.21360832415162273,0
1.12714159488678,-0.18440129707034697,0
1.124113321304321,-0.17332930080925815,0
1.124353528022766,-0.1579996080176799,0
1.12186861038208,-0.12891255961055095,0
1.124732851982117,-0.10870320735173984,0
1.124593734741211,-0.0790534543306903,0
1.11584734916687,-0.06934960474451225,0
1.118067979812622,-0.04870690230057124,0
1.115399241447449,-0.02379160553607383,0
1.119319438934326,0.0009552455630070442,0
1.121013402938843,0.01834378782167769,0
1.123923897743225,0.031166137445290027,0
1.124985933303833,0.039430556656656124,0
1.121956706047058,0.027002606612014052,0
1.122498273849487,0.001354371883589446,0
1.121956706047058,-0.02705886498492573,0
1.123469233512878,-0.06063619080062948,0
1.121038556098938,-0.09808030329906825,0
1.121076226234436,-0.09736447872807825,0
1.120824933052063,-0.1352468721168837,0
1.114454507827759,-0.14101464062859542,0
1.119695425033569,-0.20000665521180894,0
1.114081978797913,-0.16953179447242125,0
1.106194734573364,-0.20352447595060635,0
1.101188182830811,-0.23887341461532555,0
1.104972362518311,-0.25106365587002016,0
1.096779942512512,-0.29477021499762784,0
1.101564168930054,-0.3277485802961883,0
1.097694873809814,-0.299894498702263,0
1.097514152526855,-0.325386990798913,0
1.093039512634277,-0.174626340842158,0
1.088257670402527,-0.09812034796307198,0
1.087547540664673,-0.021279299368569517,0
1.088731646537781,-0.12344276226796974,0
1.091202735900879,-0.050042091113034,0
1.090037107467651,-0.045717335925104505,0
1.098466515541077,-0.021746840451955827,0
1.097333431243896,-0.03682102595393758,0
1.105705499649048,-0.14389146632729516,0
1.109754800796509,-0.09792773440771582,0
1.110247611999512,-0.13259233189841332,0
1.110124349594116,-0.15271586293199926,0
1.1052166223526,-0.17229646842151009,0
1.101904153823853,-0.21320142800190323,0
1.092060685157776,-0.14036521528390958,0
1.088968753814697,-0.16777850773882677,0
1.082485437393188,-0.07880351419987837,0
1.075037598609924,-0.20043010519112728,0
1.072731137275696,-0.15469806496879004,0
1.070663809776306,-0.15162506489744884,0
1.062304139137268,-0.16873274362309323,0
1.058425068855286,-0.18813701992259388,0
1.063886404037476,-0.15911507563169436,0
1.063377261161804,-0.15996540613174756,0
1.054518580436707,-0.2232753650609197,0
1.056189298629761,-0.2802517935769212,0
1.061233162879944,-0.3580802730103836,0
1.062134861946106,-0.29524771920081627,0
1.064849257469177,-0.31660945119780326,0
1.059209823608398,-0.2620559697151424,0
1.066314101219177,-0.28290961360586997,0
1.05820107460022,-0.39345619245453844,0
1.075731515884399,-0.3472649827784394,0
1.072041153907776,-0.18690965501146203,0
1.076194524765015,-0.014567559997990915,0
1.062134861946106,0.14999497833814654,0
1.054741144180298,0.22283358303960837,0
1.064169406890869,0.332494307592855,0
1.062925100326538,0.37568692831731704,0
1.051414132118225,0.5343383662863581,0
1.041883707046509,0.5194591624504024,0
1.044997572898865,0.5185571797123582,0
1.040582656860352,0.4694473243394275,0
1.039047360420227,0.40081339403854893,0
1.042861580848694,0.3395400670913568,0
1.043765068054199,0.2688778142709103,0
1.045478343963623,0.289238479607252,0
1.045696973800659,0.21651991234979684,0
1.046233057975769,0.17352643840984713,0
1.041699171066284,0.18692717681893667,0
1.05752968788147,0.18818708354083855,0
1.052698016166687,0.19893353803894104,0
1.046003222465515,0.17959346074841112,0
1.04199230670929,0.16994021109282428,0
1.050089240074158,0.1288742067389613,0
1.060591578483582,0.08778845998564755,0
1.053185820579529,0.06648413653713128,0
1.058862090110779,0.0443141493278303,0
1.055241942405701,0.024586925325758895,0
1.059771060943604,0.0019256925373739224,0
1.061683773994446,-0.014401954769802652,0
1.062868714332581,-0.024213420096011868,0
1.060299158096313,-0.04087882604388337,0
1.069678902626038,-0.03299510448125507,0
1.062778353691101,-0.03181753340717293,0
1.065973043441772,-0.007420672818887526,0
1.071375012397766,-0.008052612845419268,0
1.076078772544861,0.0030069875359311454,0
1.072869300842285,-0.015888248135259474,0
1.075199365615845,-0.051304234015734695,0
1.068296194076538,-0.02868179157870904,0
1.071398019790649,-0.06687320237509753,0
1.070858716964722,-0.07773834936582191,0
1.080380320549011,-0.14197074295447318,0
1.076739192008972,-0.16993863602092105,0
1.076171398162842,-0.20782656592899032,0
1.078294992446899,-0.30195171853383446,0
1.074321627616882,-0.3782097992409796,0
1.067805647850037,-0.45201536429064015,0
1.069221377372742,-0.4882546445696856,0
1.065859436988831,-0.4701889323835342,0
1.061954379081726,-0.4381031366652919,0
1.059849739074707,-0.38210728400337807,0
1.057831645011902,-0.32935533436204123,0
1.06073784828186,-0.29188491675909806,0
1.067224502563477,-0.20372499742348174,0
1.062665343284607,-0.16671964107854706,0
1.060940384864807,-0.0485379824641044,0
1.054207324981689,-0.015553395849080663,0
1.055408954620361,0.02131192025958138,0
1.058447480201721,0.11798052667137461,0
1.055275321006775,0.15549689278295958,0
1.058425068855286,0.2350945287833332,0
1.056914806365967,0.4275244276620938,0
1.053585290908813,0.5332934997082424,0
1.050972104072571,0.5416892239695159,0
1.062044620513916,0.5715061625469394,0
1.057921171188354,0.6038056251473723,0
1.057015419006348,0.5953975452455351,0
1.054741144180298,0.5762591675654819,0
1.05784285068512,0.5442836309894673,0
1.06900417804718,0.6726216413601648,0
1.065144300460815,0.5926601846138639,0
1.061244368553162,0.5902506381100155,0
1.073790907859802,0.5996120112134095,0
1.077470064163208,0.5944210550228394,0
1.074298501014709,0.4665336123563888,0
1.073767900466919,0.2447815739681727,0
1.081244707107544,0.18094467193035718,0
1.079016447067261,0.04031676698020861,0
1.078388094902039,-0.03336395186293256,0
1.084951758384705,-0.021937389927374585,0
1.086094737052917,-0.15228873171680174,0
1.0817711353302,-0.05774970623364516,0
1.075962901115417,-0.21328666579441002,0
1.068707227706909,-0.24555696125957652,0
1.066882967948914,-0.3490768897290568,0
1.067008137702942,-0.37118677187998866,0
1.068033814430237,-0.4416646566423485,0
1.067247271537781,-0.6127488816083313,0
1.064463973045349,-0.6621494814919355,0
1.05820107460022,-0.6875986351779337,0
1.059759855270386,-0.6951969889746603,0
1.061131834983826,-0.7203007960248253,0
1.067065000534058,-0.6563259706457114,0
1.061638712882996,-0.5720073008001125,0
1.061053037643433,-0.6271845821614165,0
1.064452528953552,-0.48253554466663784,0
1.072869300842285,-0.4945017266163575,0
1.0715012550354,-0.40716038211107297,0
1.071489810943604,-0.33901059454105675,0
1.087393879890442,-0.25454355569114867,0
1.08648407459259,-0.195831954783055,0
1.092824578285217,-0.13489889675853833,0
1.090893268585205,0.03410420815311951,0
1.086425185203552,0.017332794304277907,0
1.090750455856323,0.11569324002071078,0
1.090893268585205,0.16368582435093923,0
1.093565464019775,0.16401983820688482,0
1.088897585868835,0.1425018047609161,0
1.098152995109558,0.1799184430077502,0
1.096515297889709,0.2546504694671295,0
1.092776775360107,0.28564455751271345,0
1.08868420124054,0.3067780840512577,0
1.087074637413025,0.3272498038998996,0
1.086495876312256,0.27773287115476347,0
1.092728972434998,0.2571021660352151,0
1.098177075386047,0.21452070598918643,0
1.109397649765015,0.1908854433379629,0
1.115635633468628,0.14891030094003316,0
1.111358046531677,0.11411233329818281,0
1.120485782623291,0.0981598427662959,0
1.123885989189148,0.11982425594654798,0
1.11793053150177,0.12514038746327272,0
1.123090744018555,0.1126173394751891,0
1.121076226234436,0.08770047106761146,0
1.117605566978455,0.06699393329147198,0
1.112904191017151,0.07509919303964956,0
1.117168664932251,0.06683432394811284,0
1.124353528022766,0.049423396972356023,0
1.121579170227051,0.031355553797013776,0
1.128082513809204,0.012797859573991129,0
1.125682473182678,-0.0031535559769298995,0
1.12714159488678,-0.025244779831161846,0
1.125517725944519,-0.048938209122692665,0
1.118480563163757,-0.06646254494852513,0
1.120197176933289,-0.07116889887181645,0
1.119620203971863,-0.09765313480147675,0
1.120887756347656,-0.1017130094588509,0
1.121579170227051,-0.1499596512284635,0
1.114690542221069,-0.16436759731995132,0
1.120824933052063,-0.17593265348996295,0
1.114454507827759,-0.257614278074173,0
1.113697409629822,-0.25294814891663664,0
1.116719603538513,-0.2846461385970862,0
1.114964008331299,-0.2849656663796213,0
1.11988353729248,-0.30794286044605634,0
1.118355631828308,-0.34324599795203736,0
1.133915424346924,-0.29738554383511573,0
1.138265013694763,-0.2838500365853197,0
1.144164800643921,-0.22010122835434562,0
1.142308831214905,-0.21278239675654723,0
1.137138962745667,-0.18777158872433222,0
1.136015057563782,-0.10960572294541089,0
1.134687423706055,-0.1001235892868042,0
1.142478466033936,0.026862449303398008,0
1.140380859375,-0.02714171888685159,0
1.147394299507141,0.00807302482561356,0
1.141891479492188,0.016973163970902278,0
1.140393853187561,-0.01622550977226009,0
1.147539138793945,0.036356124203227716,0
1.147433757781982,0.1417433560836106,0
1.154974460601807,0.0876252727919744,0
1.152844071388245,0.09339894430614598,0
1.162871837615967,0.011149862256472031,0
1.168169736862183,-0.019808024007318736,0
1.163886904716492,-0.018814432667735893,0
1.164456129074097,0.025930257069938182,0
1.172800421714783,0.05162347800771607,0
1.168866038322449,0.019334464841327646,0
1.174729228019714,0.018636200008900976,0
1.182410478591919,0.027454952331228754,0
1.181125640869141,-0.03110026554742127,0
1.185114979743958,-0.01482561067596816,0
1.188495278358459,0.007577157119926232,0
1.177842497825623,0.018141064833838736,0
1.180094122886658,0.02332818136969343,0
1.175461053848267,0.02021749407189119,0
1.176152348518372,0.001970519911711498,0
1.177024483680725,0.004555797928351652,0
1.182550311088562,-0.029472019119867236,0
1.177578926086426,-0.023554735142852418,0
1.174122333526611,-0.07481619725518217,0
1.17742645740509,-0.013467949869155218,0
1.171550154685974,-0.12540522775665866,0
1.175626873970032,-0.1556690281930788,0
1.181195378303528,-0.3054050216953799,0
1.176221489906311,-0.2534040474690251,0
1.181655883789062,-0.2799703110240969,0
1.180219531059265,-0.3839375986018052,0
1.195185780525208,-0.3592024687396018,0
1.196386933326721,-0.223829278556375,0
1.197045683860779,-0.2641079605937683,0
1.189343452453613,-0.32602079699526004,0
1.191043257713318,-0.30501102000890323,0
1.188283562660217,-0.2828839578659526,0
1.189343452453613,-0.07326584245051966,0
1.1924067735672,0.06258661786912495,0
1.192776560783386,0.134307159079297,0
1.202906250953674,0.21485292029518469,0
1.201764225959778,0.33277382044814896,0
1.195943355560303,0.3019514563247824,0
1.197461366653442,0.3501788283634199,0
1.189060568809509,0.358002886754289,0
1.192165017127991,0.5921516948233128,0
1.193716287612915,0.6280514179186133,0
1.195929050445557,0.6731455185002069,0
1.199256420135498,0.7095767907549175,0
1.187211394309998,0.48349722107241716,0
1.194557547569275,0.40255749741817126,0
1.192719697952271,0.40819888778386726,0
1.185564637184143,0.309873270243608,0
1.178605914115906,0.38105520668746956,0
1.17496383190155,0.5082198494985616,0
1.178175449371338,0.45212335630861006,0
1.180735111236572,0.36806540785486025,0
1.173378348350525,0.41807890422413163,0
1.17475688457489,0.48649695452597186,0
1.175723671913147,0.6488541667649109,0
1.171234488487244,0.8386594595563954,0
1.174246430397034,1.0709485455629348,0
1.174163699150085,1.3706916041790969,0
1.181488394737244,1.6718792887489728,0
1.186549305915833,1.6406636333616471,0
1.183179974555969,1.5586591096514988,0
1.181404709815979,1.53771997978242,0
1.17945384979248,1.7409038167163553,0
1.177190780639648,1.5928981772429205,0
1.179523468017578,1.687250625954672,0
1.184805989265442,1.6216764528872307,0
1.175364375114441,1.596775939320776,0
1.175917267799377,1.6553422010906225,0
1.17590343952179,1.825246581922935,0
1.182075023651123,1.8613056478104224,0
1.163724422454834,1.8350889851874403,0
1.160456299781799,1.8846580921333165,0
1.165270328521729,1.869488473336638,0
1.165175199508667,1.9074645870091158,0
1.162871837615967,1.9360295663144016,0
1.166180729866028,2.21912310474361,0
1.161494135856628,2.467571333249296,0
1.161264896392822,2.6176181082060457,0
1.160106301307678,2.8884650400074663,0
1.15968918800354,2.827527296288192,0
1.164686679840088,2.919801276854144,0
1.166112780570984,2.7743233681361006,0
1.166493654251099,2.478196127348331,0
1.179286956787109,2.839243430589043,0
1.177745342254639,2.8520282343500565,0
1.173185706138611,2.672736361420138,0
1.174122333526611,2.6417880856119855,0
1.173722743988037,2.886100468278444,0
1.181474447250366,2.8116808082579614,0
1.185395956039429,2.605239670177364,0
1.192648530006409,2.3067799681509396,0
1.190490365028381,1.8867486672657485,0
1.184805989265442,1.8844962355937478,0
1.18519926071167,2.0187216448056753,0
1.18982458114624,2.4527827135848015,1
1.185986399650574,2.517809523956841,1
1.186774611473083,2.792190911385266,1
1.183291912078857,2.8668537821942968,1
1.180428504943848,3.261832131658721,1
1.177218437194824,3.723203231094749,1
1.176996827125549,4.194171375919554,1
1.177759170532227,4.395712900469441,1
1.174260258674622,3.9834823575007543,1
1.183586001396179,3.916133688839316,1
1.177495718002319,3.82567921070361,1
1.174356698989868,3.4472893000216507,1
1.178425312042236,3.4688542229694597,1
1.18413257598877,3.1901054607811146,1
1.187817692756653,2.9203476414858964,1
1.185733199119568,2.5860014853172912,1
1.185606718063354,2.35003836336566,1
1.187253713607788,2.429318349439636,1
1.185789465904236,2.470969236892864,1
1.1900794506073,2.4744380326178654,1
1.194172382354736,2.4481294419184247,1
1.200494647026062,2.6497525267439497,1
1.201157927513123,2.4074895703251165,1
1.206345438957214,2.3677519581838102,1
1.201042532920837,2.308545056538621,0
1.206884026527405,2.0338779970706042,0
1.20374608039856,2.0470974051058386,0
1.197045683860779,2.0793379074863436,0
1.192933082580566,2.161839963722298,0
1.195614457130432,2.1467763356084943,0
1.204209923744202,1.976579352504091,0
1.219229698181152,1.1624271605495238,0
1.226843357086182,0.6968065091659073,0
1.227129340171814,0.8081561149719378,0
1.218397855758667,0.4423289764844989,0
1.223660707473755,-0.005745284184831864,0
1.225550293922424,0.021654583985606695,0
1.225625395774841,0.3826300619508665,0
1.231026768684387,0.24067425382491509,0
1.239111304283142,0.3559123999747032,0
1.239234209060669,0.6226021049590397,0
1.242807269096375,0.9342852878504375,0
1.23811411857605,1.2222453365682435,0
1.240956544876099,1.2886336493570354,0
1.241865873336792,1.1066212226095569,0
1.251000881195068,1.2082494998320945,0
1.244694471359253,1.4751231910009681,0
1.23678183555603,1.1505173872928676,0
1.238129496574402,0.8819393695057465,0
1.226813316345215,1.122419528666295,0
1.226076245307922,1.4070656549333829,0
1.225279927253723,1.5545923685781196,0
1.230375528335571,1.506929923026984,0
1.235376238822937,1.4392089624355644,0
1.246727347373962,1.4995776767500313,0
1.250359535217285,1.8920502624215343,0
1.241187572479248,1.7767587016291317,0
1.239864110946655,1.7881448023353625,0
1.233532428741455,1.8662171426235559,0
1.228184342384338,2.0652690198755175,0
1.232665657997131,1.8789331245544827,0
1.228712558746338,1.8333030040100133,0
1.231557369232178,1.824038183820881,0
1.223032116889954,1.9249770661481047,0
1.219125628471375,2.074665198854409,0
1.227084279060364,2.047884193985076,0
1.231542229652405,1.8965871971326418,0
1.233654141426086,1.7082364033465272,0
1.241665363311768,1.9069065898481699,0
1.241464972496033,1.7617797843642944,0
1.230663299560547,1.677650764302019,0
1.230875253677368,1.585670528505866,0
1.23395848274231,1.4631473955500334,0
1.239234209060669,1.3348338294986788,0
1.237562417984009,1.1987444409641899,0
1.230920791625977,1.1212132273960633,0
1.228078842163086,1.1122554088383447,0
1.233684539794922,1.0541021357743052,0
1.225189924240112,0.8949678820128486,0
1.234766125679016,0.7935292647841717,0
1.232498526573181,0.8240977535136687,0
1.235437273979187,0.7676610592812857,0
1.24574887752533,0.8498430284709055,0
1.240787148475647,0.8562587872830595,0
1.231026768684387,0.723870181966722,0
1.230284690856934,0.9136853093223499,0
1.231420874595642,0.9013409918069374,0
1.229271411895752,0.7289692123009984,0
1.227852582931519,0.6980707752572441,0
1.228682279586792,0.6371173218777879,0
1.225159883499146,0.6214342184393261,0
1.227144479751587,0.48639475791928344,0
1.232240319252014,0.38867298733628775,0
1.236307859420776,0.2773750098880182,0
1.237164378166199,0.2410783652849515,0
1.232969641685486,0.26850586771834667,0
1.233258605003357,0.2134571470353862,0
1.238512754440308,0.16217468390189715,0
1.237317442893982,0.1985673934713035,0
1.237914800643921,0.13813357480955246,0
1.234552621841431,0.08397243343221998,0
1.227340221405029,0.07061706443393118,0
1.22089684009552,0.04747905550075516,0
1.224140048027039,0.04109441941035012,0
1.217166900634766,0.01929879924155137,0
1.210961699485779,-1.833655164685081e-05,0
1.212282776832581,-0.01659076832968206,0
1.208123445510864,-0.011509282488731596,0
1.199155807495117,-0.02037909564631378,0
1.19510018825531,-0.03119866754487791,0
1.198925733566284,-0.03266177130855575,0
1.195500135421753,-0.025571731048139895,0
1.193374395370483,-0.019631583681508104,0
1.18678867816925,-0.016864113227123237,0
1.184721827507019,-0.012842546471497008,0
1.191753029823303,-0.008941362725169837,0
1.1952143907547,0.0007977216806187487,0
1.193118095397949,0.012804266322387684,0
1.182088971138,0.03239531363586548,0
1.181697845458984,0.05038598447832397,0
1.179523468017578,0.06309776820479399,0
1.176664352416992,0.07721374107815765,0
1.179245352745056,0.0866067814636968,0
1.178856015205383,0.09692919166000523,0
1.171015024185181,0.10692963185356709,0
1.172264218330383,0.11871199685109127,0
1.168893456459045,0.13738314965287848,0
1.162696123123169,0.14029980896132266,0
1.153934955596924,0.14548046183737504,0
1.166725039482117,0.14146058371495934,0
1.169317126274109,0.13085186527694923,0
1.166861176490784,0.1466376260946302,0
1.170055985450745,0.1403245792635923,0
1.172621607780457,0.12938921843871906,0
1.178550362586975,0.10128852480633029,0
1.179523468017578,0.12797400961253755,0
1.178397655487061,0.15043044930246,0
1.177412509918213,0.17022468846192818,0
1.17482590675354,0.19938739488797277,0
1.180776953697205,0.18987693162070865,0
1.156657695770264,0.21202452101870606,0
1.159595012664795,0.25901298957604924,0
1.163074612617493,0.2586434796235808,0
1.15885603427887,0.2574862448639483,0
1.15790331363678,0.2524842594395064,0
1.160577535629272,0.2851736817335816,0
1.166139960289001,0.2875852073488703,0
1.170274972915649,0.276567832201952,0
1.165025949478149,0.2719673970345938,0
1.156363487243652,0.29561996409291746,0
1.156296610832214,0.22969581973001799,0
1.167855858802795,0.19805385138133003,0
1.164212107658386,0.19352059931176488,0
1.165922403335571,0.15568918777971422,0
1.166235089302063,0.1442958966490176,0
1.169590592384338,0.14839051857948568,0
1.175226211547852,0.17361550238356946,0
1.175696015357971,0.23161244652594165,0
1.172704219818115,0.30161475290482787,0
1.167678594589233,0.30466225043668355,0
1.16658890247345,0.32370884679193623,0
1.16791045665741,0.3260582686050352,0
1.170946478843689,0.4109864464416409,0
1.165324687957764,0.5242847464041785,0
1.164564609527588,0.5832473016642332,0
1.165514707565308,0.6771685333568432,0
1.174191236495972,0.7434626949049219,0
1.169412851333618,0.7966352540839206,0
1.168551921844482,0.8251876446504205,0
1.173750281333923,0.8630049133800862,0
1.16429340839386,0.9031762136021467,0
1.16604483127594,0.8667915702799546,0
1.170740842819214,0.9440647842004779,0
1.168961763381958,0.9684526799488465,0
1.16658890247345,0.9665681182983539,0
1.158600807189941,0.9243245483653582,0
1.156229734420776,0.918260465785623,0
1.155802130699158,0.8036007587840963,0
1.160294651985168,0.7027061556931445,0
1.161076068878174,0.7242100791214813,0
1.152392387390137,0.7847728317984464,0
1.139471292495728,0.7380815688615693,0
1.14025092124939,0.7565020885637713,0
1.134571552276611,0.6824469375852755,0
1.134429931640625,0.6512454597292066,0
1.137138962745667,0.7439796242392884,0
1.143772125244141,0.6680843046923689,0
1.149134635925293,0.7489548634763732,0
1.157675385475159,0.731170209677428,0
1.158480048179626,0.6812872829877896,0
1.154334545135498,0.7114954305686612,0
1.164890170097351,0.7054418222850595,0
1.168360829353333,0.751377564577189,0
1.16912567615509,0.7985855356557157,0
1.170973896980286,0.8613960116483191,0
1.166466355323792,0.8968441758521586,0
1.160106301307678,0.9867556738927051,0
1.161548137664795,1.1512792516427977,0
1.158654570579529,1.093623442474652,0
1.163521289825439,1.1783821553371687,0
1.162006974220276,1.2392272333561778,0
1.15610945224762,1.2819457151399722,0
1.159595012664795,1.3016615876751017,0
1.159608483314514,1.390281917294577,0
1.162925958633423,1.3383066651043765,0
1.169180393218994,1.2079179892089609,0
1.162898898124695,1.3491892260542173,0
1.166915655136108,1.3500218196639076,0
1.167992353439331,1.4415283247835473,0
1.167460560798645,1.4134325859360213,0
1.177592754364014,1.5320233080541044,0
1.17510199546814,1.6293705176521491,0
1.175295352935791,1.7192044778995155,0
1.176318407058716,1.7895756279750576,0
1.174853444099426,1.8697957753277379,0
1.163737893104553,2.040773371674206,0
1.160537123680115,1.9242429878769918,0
1.157755732536316,1.9052496843358626,0
1.155174612998962,1.8650284050870432,0
1.147631287574768,1.8499821417637101,0
1.151808381080627,1.8150783909262524,0
1.152259588241577,1.6798494368841814,0
1.149412035942078,1.8826293447598372,0
1.150694966316223,1.9610140919551333,0
1.153336048126221,2.077621215412458,0
1.159044027328491,2.161795455878227,0
1.155134558677673,2.2137364328802227,0
1.158345818519592,2.4156533650082195,1
1.157527923583984,2.3776673046951724,1
1.150086283683777,2.552435075532168,1
1.146000385284424,2.390651711558397,1
1.150946617126465,2.527284505524757,1
1.146789073944092,2.579094313150062,1
1.147315263748169,2.6560864002247135,1
1.139925837516785,2.7577091423247886,1
1.137785911560059,2.6113694742862243,1
1.139873862266541,2.762392197932607,1
1.137617588043213,2.717891838530201,1
1.134635806083679,2.7144943588265846,1
1.131669759750366,2.8315494542209323,1
1.140328884124756,2.854430997250891,1
1.139757037162781,2.9807784949139275,1
1.141291856765747,2.9290950708607877,1
1.143850684165955,2.9389407024887406,1
1.143405914306641,2.985195014083576,1
1.136841535568237,3.0646374190857815,1
1.132502794265747,3.0046618667580542,1
1.123342990875244,2.8470538055285686,1
1.13111937046051,2.995041578080623,1
1.131183385848999,2.8287687341277477,1
1.132489919662476,2.8317460164919748,1
1.141396164894104,2.801767997206192,1
1.145501613616943,2.811224773358925,1
1.137242436408997,2.9546647758052336,1
1.138835430145264,2.9009626312883494,1
1.140315890312195,3.0183808551529627,1
1.133735418319702,2.9621917600145955,1
1.133337020874023,2.7566639191656295,1
1.129879713058472,2.7854379485116816,1
1.136854529380798,2.7271666310195313,1
1.139276623725891,2.765196966392357,1
1.134224057197571,2.6843208102382796,1
1.135486125946045,2.7044481274967693,1
1.134288430213928,2.765480956814232,1
1.13490629196167,2.667769962302645,1
1.137475252151489,2.5605934738142393,1
1.140094876289368,2.7784047466375865,1
1.135653853416443,2.662341388430383,1
1.132310509681702,2.6815161716399283,1
1.137345910072327,2.827614170320851,1
1.136363625526428,3.001813580108209,1
1.130594968795776,2.977818871305033,1
1.134983539581299,2.9208800899442684,1
1.137539982795715,2.8220423238354972,1
1.138952136039734,2.803753809827991,1
1.145685315132141,2.9163358430590414,1
1.137281179428101,2.912847415363591,1
1.140393853187561,2.814934555524448,1
1.141552567481995,2.8152314739534225,1
1.136131286621094,2.847027187894369,1
1.143105387687683,2.8742052658140014,1
1.143994569778442,2.8732756113625184,1
1.149306416511536,2.8681352908838313,1
1.14617121219635,2.662850478732395,1
1.131810665130615,2.6334540745082102,1
1.139107823371887,2.4480664740259166,1
1.141044497489929,2.4921718921038356,1
1.147973775863647,2.443600674210888,1
1.145606637001038,2.46900349148698,1
1.155494928359985,2.459269640872737,1
1.151012897491455,2.5686097860316823,1
1.146013617515564,2.6504979153463295,1
1.147288918495178,2.4961039204639937,1
1.141682863235474,2.488572234894931,1
1.139808893203735,2.3534757875069006,1
1.13926362991333,2.3557989658810405,1
1.136557459831238,2.404278833977253,1
1.136932134628296,2.2366588126781726,0
1.136402368545532,2.2032704091831863,0
1.138822436332703,2.0817990079538617,0
1.131349682807922,2.0559451559236357,0
1.141304969787598,1.9543171277453746,0
1.143000841140747,1.9662377121270027,0
1.143536686897278,1.9304909580991638,0
1.148765087127686,1.9088396820792197,0
1.144950747489929,1.9664150193291043,0
1.145527839660645,2.0509850840467867,0
1.143628358840942,1.8237617111920699,0
1.140992522239685,1.7719144207237785,0
1.136596083641052,1.8145745907124868,0
1.133876800537109,1.6829624447953557,0
1.132425904273987,1.7185187780785183,0
1.127904295921326,1.768846951461715,0
1.133465528488159,1.7573636380712963,0
1.12649405002594,1.754404866987459,0
1.12953507900238,1.947483886438621,0
1.129803061485291,1.9477970787345509,0
1.131196141242981,1.9770875499309921,0
1.13430118560791,1.981163991053018,0
1.134635806083679,2.072139107627334,0
1.13430118560791,2.0148667221038448,0
1.134224057197571,2.002022967922271,0
1.136751174926758,1.8959675332403354,0
1.139315485954285,1.7768042440559213,0
1.13801896572113,1.6663721995135024,0
1.137345910072327,1.6010758509499938,0
1.13759171962738,1.4464305587115913,0
1.133735418319702,1.4059928344389403,0
1.130710124969482,1.2552414497894835,0
1.131400942802429,1.1488697422135203,0
1.11983335018158,1.0224139415698112,0
1.123242139816284,0.9222599205787855,0
1.125923275947571,1.009763949063818,0
1.128744602203369,1.0054251441968465,0
1.133105993270874,0.9126911750851725,0
1.130837917327881,0.7014546302168163,0
1.131977200508118,0.5657722011060973,0
1.133619785308838,0.6221708720646822,0
1.135486125946045,0.6193076517851849,0
1.142791867256165,0.7460644464186286,0
1.137501120567322,0.7935950278413063,0
1.129586100578308,0.88498698382637,0
1.131580114364624,0.9165906271202083,0
1.127484679222107,0.9468658311795635,0
1.125175833702087,0.919159135525965,0
1.123002409934998,0.9314996750213657,0
1.122384905815125,0.8281053158845936,0
1.120573759078979,0.7389178971788574,0
1.120385408401489,0.7721057012318459,0
1.12469494342804,0.6181570943588311,0
1.122586488723755,0.742387123262342,0
1.121956706047058,0.691438884491269,0
1.125644445419312,0.7525551535858187,0
1.126697063446045,0.5262757123624231,0
1.127650022506714,0.5808406516239842,0
1.126075387001038,0.6962332350451265,0
1.130505561828613,0.6196534571574024,0
1.130492806434631,0.6973616754665389,0
1.128502607345581,0.6858686618554815,0
1.129713773727417,0.8988248651776969,0
1.123595476150513,0.8874084999090038,0
1.124454617500305,0.8957705419302904,0
1.125897884368896,0.9837985817506665,0
1.122435212135315,0.9245566708991487,0
1.115349411964417,0.813681896775456,0
1.113684892654419,0.7638436325578888,0
1.115026116371155,0.776812947010677,0
1.118518233299255,0.8259943421607955,0
1.121604323387146,0.861364372691827,0
1.120084166526794,0.6189388124852759,0
1.117355942726135,0.6912393884869691,0
1.11858081817627,0.7887935758715713,0
1.120184659957886,0.9779247913693554,0
1.119106531143188,0.8090371774909493,0
1.11983335018158,0.8103978350080621,0
1.122208476066589,0.6508364192213195,0
1.123646020889282,0.7198906817318409,0
1.123254776000977,0.7745159612920722,0
1.120448231697083,0.7008037188016093,0
1.120724439620972,0.6616495474742967,0
1.117355942726135,0.6112161661660304,0
1.116532444953918,0.5810901645852792,0
1.116856694221497,0.5977771828569007,0
1.115548491477966,0.6567791140858096,0
1.118455648422241,0.6422561178205357,0
1.120963096618652,0.7070200769690261,0
1.11938214302063,0.6072667742984679,0
1.117068767547607,0.6209605576062206,0
1.113734602928162,0.7503377897519885,0
1.113114714622498,0.7688557658788667,0
1.117405772209167,0.8083996428364173,0
1.124631643295288,0.7372051765848086,0
1.125403761863708,0.804355499649693,0
1.122901558876038,0.8954018335028382,0
1.127650022506714,0.8305114625668535,0
1.132015705108643,0.8160641485850272,0
1.131810665130615,0.6465243337356011,0
1.132951855659485,0.6038422660604945,0
1.129560589790344,0.5698752101078106,0
1.128044366836548,0.566919605514385,0
1.121705055236816,0.5070011694159811,0
1.12246036529541,0.5122861759110784,0
1.119820833206177,0.5910289210407478,0
1.123848080635071,0.6598506158209868,0
1.129560589790344,0.6893411693580273,0
1.138472437858582,0.7027765907745488,0
1.140029788017273,0.6038412069402088,0
1.136996746063232,0.5791435384595678,0
1.137475252151489,0.629335677993149,0
1.137294173240662,0.5442719170923475,0
1.136492848396301,0.5697453313405589,0
1.128744602203369,0.4212460345619965,0
1.129305481910706,0.38108249609573824,0
1.128795504570007,0.2052001329700611,0
1.128579020500183,0.16536228694172256,0
1.122737646102905,0.0333796366925769,0
1.121604323387146,0.10082078394876082,0
1.120824933052063,-0.030994287528922655,0
1.125885248184204,-0.09289115121286272,0
1.125239133834839,-0.06122448484210232,0
1.12720513343811,-0.11028431739212087,0
1.126176834106445,-0.13054273458366492,0
1.121227145195007,-0.16030846411702712,0
1.12296462059021,-0.14839093840077164,0
1.126151561737061,-0.031233454359173893,0
1.121830821037292,-0.1081423379682873,0
1.120611429214478,-0.13589192730728375,0
1.11512553691864,-0.15217876175726927,0
1.114243388175964,-0.05075555031437452,0
1.114615917205811,-0.07571238463412218,0
1.113213896751404,0.08074462803880562,0
1.11430549621582,0.20302324372855418,0
1.115797400474548,0.11834877134603528,0
1.107174515724182,0.15264625623489617,0
1.107885956764221,0.05751736794192823,0
1.110802531242371,0.07493038028608118,0
1.124378800392151,0.1640901698430386,0
1.120699286460876,-0.06176892917737913,0
1.12043559551239,-0.1884154634679224,0
1.118718385696411,-0.269458843485538,0
1.120849967002869,-0.3846688913035869,0
1.121830821037292,-0.28235191207742494,0
1.117705583572388,-0.2664645447335101,0
1.114330291748047,-0.1793497975456083,0
1.111358046531677,-0.22681321920426462,0
1.109385371208191,-0.11188825790561156,0
1.108315706253052,-0.1357590177813667,0
1.109779357910156,0.05818262273827899,0
1.10907781124115,-0.06570185169786107,0
1.108401656150818,-0.08706748011546246,0
1.11430549621582,-0.04390063371909232,0
1.110370874404907,-0.11950801567824738,0
1.109004020690918,0.021897465695677087,0
1.108585953712463,0.036128358200216724,0
1.106194734573364,0.04399197724423555,0
1.099178910255432,-0.040070328442011936,0
1.09685206413269,-0.018604648844120233,0
1.097453951835632,-0.18388976555286055,0
1.10349702835083,-0.24342067311013785,0
1.103631019592285,-0.3177190885547803,0
1.102061986923218,-0.4084015333092836,0
1.104838132858276,-0.41255114889827543,0
1.105033397674561,-0.5561615222154324,0
1.101345777511597,-0.514751893606805,0
1.105827689170837,-0.5153884941827768,0
1.108340263366699,-0.592895595479731,0
1.100594401359558,-0.7451878377333573,0
1.107468724250793,-0.8195285970726952,0
1.103143930435181,-0.9125277968796397,0
1.104850292205811,-0.9866447104221862,0
1.101904153823853,-1.0724095295328895,0
1.099372267723083,-1.1049034628623753,0
1.101685523986816,-1.0857915697365148,0
1.095290303230286,-1.1226585459226248,0
1.092275381088257,-1.0196690939271935,0
1.094271421432495,-1.077614581814723,0
1.08996570110321,-1.1197113192464023,0
1.093493700027466,-1.174605884503845,0
1.096370935440063,-1.0868294272142758,0
1.097538232803345,-1.126142879253267,0
1.098659634590149,-1.1294961276815974,0
1.09721302986145,-1.1211635040953007,0
1.096010565757751,-1.1876111886651735,0
1.098780393600464,-1.1364641726462617,0
1.10110330581665,-0.9854905928511248,0
1.103000402450562,-0.7797809058133083,0
1.102900624275208,-0.49607068939119964,0
1.103472709655762,-0.24492722628668168,0
1.107493281364441,-0.07555868679864583,0
1.112718343734741,0.08391372755257338,0
1.115573406219482,-0.01152504111623107,0
1.115175366401672,-0.09917521567938507,0
1.112928867340088,-0.16437035359569013,0
1.113238573074341,-0.24411241683704826,0
1.110395550727844,-0.3241494512236335,0
1.108426213264465,-0.5747268631476055,0
1.109914898872375,-0.7547284748447026,0
1.111481666564941,-0.916241632171822,0
1.115448951721191,-0.8685011913019186,0
1.115710258483887,-0.9334538614909442,0
1.116657137870789,-0.8467134714760558,0
1.112854599952698,-0.9503049617232723,0
1.107419729232788,-0.7380772180498139,0
1.1070396900177,-0.4962056726206717,0
1.101969718933105,-0.40312906410788885,0
1.102244257926941,-0.31164473512846824,0
1.103545665740967,-0.45454854462461375,0
1.101236701011658,-0.5789235459053239,0
1.101321578025818,-0.7398725280447636,0
1.102049827575684,-0.7674950853786583,0
1.105509877204895,-0.846266005263402,0
1.107235789299011,-1.0573839117216177,0
1.108000159263611,-1.006037227368748,0
1.107885956764221,-1.0574353292733336,0
1.106586337089539,-1.019958384593235,0
1.102256298065186,-1.1362716438471416,0
1.101442933082581,-1.0437079824754103,0
1.102256298065186,-1.0402306186556076,0
1.100485324859619,-1.0904116457691382,0
1.101176142692566,-1.0713728783496645,0
1.101904153823853,-1.007043191274275,0
1.107910513877869,-0.8680894249591853,0
1.108524560928345,-0.662959684352413,0
1.108303427696228,-0.5325761548395727,0
1.110543489456177,-0.35180517266158906,0
1.105888843536377,-0.07410926355287101,0
1.106499433517456,0.03783669657457964,0
1.109274625778198,0.17263984120650544,0
1.113585710525513,0.4207151973955463,0
1.118605732917786,0.2840617557823288,0
1.112446069717407,0.31081404938156637,0
1.113697409629822,0.3550403375483668,0
1.115138053894043,0.22650781323280858,0
1.111592769622803,0.1050818265297393,0
1.112594604492188,-0.07646942500827178,0
1.107984066009521,-0.26366890946101584,0
1.109385371208191,-0.20492567237160764,0
1.109016299247742,-0.22611734899151828,0
1.109545469284058,-0.2404282984272619,0
1.110111951828003,-0.437782287735424,0
1.11823046207428,-0.46946466655042884,0
1.120229721069336,-0.5611944826955055,0
1.122082591056824,-0.47440490790988576,0
1.122082591056824,-0.4527760207395519,0
1.117143750190735,-0.4465240120776899,0
1.116196036338806,-0.3830823185306929,0
1.119799494743347,-0.309953613999001,0
1.115473866462708,-0.1283084958632618,0
1.111321091651917,0.026306518799823805,0
1.111111164093018,0.21620918733371128,0
1.111666917800903,0.26805199709759475,0
1.113573312759399,0.2505686175123767,0
1.113089919090271,0.23014659340920918,0
1.115400433540344,0.11981139068328352,0
1.11395788192749,-0.026351853906265744,0
1.109459280967712,-0.35001156422648166,0
1.109693169593811,-0.5872887690988277,0
1.108561396598816,-0.7922786926766514,0
1.109643936157227,-0.9671815732707485,0
1.105522036552429,-1.160584801163129,0
1.102535843849182,-1.4035709894537225,0
1.101976990699768,-1.3683255925836373,0
1.102256298065186,-1.4173454352242731,0
1.101685523986816,-1.5514739348388151,0
1.102912783622742,-1.5207988094873297,0
1.108979463577271,-1.6034964834669432,0
1.106292605400085,-1.6103363552832775,0
1.104728221893311,-1.3918087026836912,0
1.100231051445007,-1.3012035510863,0
1.098297595977783,-1.2859534838235134,0
1.094930529594421,-1.2463451704798536,0
1.09134566783905,-1.2923074689462741,0
1.091941475868225,-1.3376347258328736,0
1.087594866752625,-1.3439779839680897,0
1.084598660469055,-1.323071389526693,0
1.08417534828186,-1.315308604762383,0
1.08401083946228,-1.2103284388272872,0
1.079540491104126,-1.2045584069333748,0
1.081009864807129,-0.9879784386546526,0
1.078799843788147,-0.7160152931834699,0
1.083905100822449,-0.7429909739681391,0
1.084919929504395,-0.6489403128355733,0
1.088199615478516,-0.6057989284022498,0
1.088589429855347,-0.5934281662557221,0
1.099722862243652,-0.5329151468184716,0
1.105131149291992,-0.5694830994218257,0
1.114404797554016,-0.5234009926597802,0
1.118067979812622,-0.3585208931857847,0
1.113908290863037,-0.1949007477496255,0
1.122384905815125,0.0907051470055763,0
1.138602018356323,0.25276129604209757,0
1.139796018600464,0.3444652463828515,0
1.131650567054749,0.4847287474969099,0
1.126151561737061,0.4965518939165374,0
1.11849319934845,0.6910691800243138,0
1.115536093711853,0.48573536963241337,0
1.116320610046387,0.565445820432722,0
1.101552128791809,0.4978178636869352,0
1.096154689788818,0.5179039529202938,0
1.065734505653381,0.4151173973503582,0
1.069438695907593,0.45382246808481186,0
1.07646107673645,0.49835321104307007,0
1.080263614654541,0.37732972834674827,0
1.088956952095032,0.4542613772710006,0
1.104825854301453,0.40393356334079833,0
1.113908290863037,0.43569427401244387,0
1.103046655654907,0.48090369134397465,0
1.102657437324524,0.40708949328118377,0
1.095362186431885,0.4650172221038967,0
1.084739923477173,0.4199258452079359,0
1.080695509910583,0.4354941948435753,0
1.080380320549011,0.2816343445609349,0
1.089514493942261,0.35856228116302535,0
1.086366176605225,0.30612457792848347,0
1.092740893363953,0.24866277816330004,0
1.093266606330872,0.0977658918017632,0
1.092299342155457,0.0041666180076612895,0
1.098538875579834,-0.02786489554180048,0
1.090510129928589,-0.13468343649455145,0
1.085847139358521,-0.28316661431607637,0
1.086696624755859,-0.337018120172417,0
1.08648407459259,-0.4074846702224615,0
1.085646748542786,-0.4403244855564548,0
1.080964207649231,-0.4391628437155643,0
1.077702283859253,-0.5265231367025097,0
1.08236825466156,-0.5208728525651438,0
1.082485437393188,-0.5499787057322741,0
1.083658456802368,-0.5456037953671894,0
1.087725043296814,-0.5780366432199463,0
1.094546914100647,-0.5152776105412208,0
1.095962524414062,-0.4438717777929927,0
1.090429306030273,-0.4507589579427067,0
1.083858132362366,-0.4161851970940903,0
1.07985532283783,-0.3975772731591665,0
1.083717107772827,-0.3583008213726861,0
1.083952069282532,-0.3405471183898591,0
1.080940842628479,-0.31800172479352234,0
1.084681034088135,-0.2508238718527227,0
1.08236825466156,-0.18055218078328258,0
1.080695509910583,-0.05579919521341007,0
1.082134008407593,0.012608454133064736,0
1.091512441635132,0.06068234165745583,0
1.092776775360107,-0.02147233490307561,0
1.098297595977783,0.021530780404360877,0
1.095290303230286,0.07506876778134675,0
1.090780138969421,0.09646753196885847,0
1.090299725532532,0.1365947210670516,0
1.098177075386047,0.16215544533327714,0
1.101685523986816,0.1712662221411687,0
1.107910513877869,0.22461980626270212,0
1.111852407455444,0.2577289167226188,0
1.112594604492188,0.23191932760525838,0
1.118943691253662,0.2273164825784565,0
1.123595476150513,0.19337590655507192,0
1.133786797523499,0.16172827514148852,0
1.131951570510864,0.16594904136691482,0
1.130556702613831,0.14873500492812997,0
1.133221507072449,0.13781784547295567,0
1.136544466018677,0.12217999537339955,0
1.128808259963989,0.1091559784946505,0
1.125201106071472,0.10029363136793369,0
1.133774042129517,0.07671217988533037,0
1.126570105552673,0.05592871128653465,0
1.124290227890015,0.027772327271085227,0
1.121100068092346,0.007476788862870237,0
1.117755532264709,-0.018049878325809475,0
1.127967953681946,-0.03541828018252023,0
1.131234526634216,-0.04244456951935144,0
1.125087261199951,-0.043668956828512615,0
1.122208476066589,-0.04439561776387339,0
1.122586488723755,-0.03188643353090181,0
1.124720215797424,-0.010111797646295691,0
1.123595476150513,0.01807207770197744,0
1.125137805938721,0.08436745162771216,0
1.123784899711609,0.09130526628669415,0
1.124720215797424,0.18371977918425322,0
1.131285667419434,0.15444210164498517,0
1.127522826194763,0.19909309095584038,0
1.133915424346924,0.1679204261903409,0
1.128795504570007,0.14316995891197223,0
1.131004214286804,0.20488960697631256,0
1.134549617767334,0.16570283114567283,0
1.141070485115051,0.12797063592368116,0
1.141719341278076,0.15358277191440528,0
1.139211654663086,0.18608267537821935,0
1.144295692443848,0.20268848375252252,0
1.145869135856628,0.20332411404442144,0
1.15340256690979,0.21305696914070946,0
1.156871795654297,0.2231795553922013,0
1.159608483314514,0.20301483025544678,0
1.16525673866272,0.2364564011881893,0
1.17692756652832,0.2737686674460119,0
1.171879529953003,0.25561922906961193,0
1.178286552429199,0.28998258288133066,0
1.187225461006165,0.380103552623388,0
1.178231000900269,0.40921183238155956,0
1.176332235336304,0.4816697742611263,0
1.181544303894043,0.4793085880780587,0
1.187281847000122,0.42576421888924554,0
1.187648415565491,0.2906918095081814,0
1.178272724151611,0.27713824968608414,0
1.17377781867981,0.1795529137340112,0
1.173653841018677,0.23319045727679055,0
1.179380178451538,0.07659722009002176,0
1.181655883789062,0.14120676319820746,0
1.185255408287048,0.043810120803675724,0
1.187648415565491,0.016872899287479558,0
1.194785952568054,-0.06671372647425076,0
1.18435001373291,-0.1221153186599967,0
1.187366485595703,-0.008415444223370518,0
1.179801821708679,-0.04409256681432724,0
1.17945384979248,-0.11595148166808494,0
1.183501958847046,-0.11742410314610394,0
1.184272885322571,0.05804544754385304,0
1.181963205337524,0.12262290984269002,0
1.191824078559875,0.24041023400712308,0
1.193901538848877,0.4858768649764915,0
1.192321419715881,0.5588704766482099,0
1.184735894203186,0.6857618753990411,0
1.18397843837738,0.6505703888193675,0
1.183445930480957,0.7387195065458824,0
1.182172775268555,0.7908834782411961,0
1.177024483680725,0.6672797597578629,0
1.18063759803772,0.6880181579490883,0
1.182438492774963,0.6801849351665604,0
1.184272885322571,0.8433346607384121,0
1.187000036239624,0.9061318583506411,0
1.184441208839417,1.030029484307875,0
1.180344939231873,1.0587183809903895,0
1.184820055961609,1.2403657178439387,0
1.184553384780884,1.3797465936287407,0
1.176800012588501,1.3818968528529352,0
1.170836806297302,1.5036440224881074,0
1.165854454040527,1.652541282156444,0
1.167324304580688,1.8315038536023305,0
1.163534879684448,1.7542227129007066,0
1.167883276939392,1.6453030980527223,0
1.17420506477356,1.5811213988342532,0
1.172607898712158,1.5863906175596196,0
1.174494624137878,1.508063035037437,0
1.172044396400452,1.409464985263092,0
1.179245352745056,1.4157764476415318,0
1.173763990402222,1.2326907555556401,0
1.176747441291809,1.3466947774809268,0
1.176700353622437,1.2522042933868864,0
1.181683897972107,1.1392741723682076,0
1.18161404132843,1.3412599114499903,0
1.174218893051147,1.1837665131571766,0
1.174398183822632,1.1525550759353174,0
1.170713424682617,0.865112516754328,0
1.171550154685974,0.8831444157413867,0
1.176885962486267,0.8399638554544158,0
1.182983994483948,0.6461075594169823,0
1.185395956039429,0.6376299168124496,0
1.181502461433411,0.4251102573737558,0
1.184848070144653,0.5620919887063276,0
1.180944323539734,0.5198790875308767,0
1.178411483764648,0.6256138955794409,0
1.174867272377014,0.7655222951593308,0
1.167869567871094,0.8462993769773337,0
1.164212107658386,0.9164055739944429,0
1.164279937744141,0.8947658496933233,0
1.176221489906311,0.9814614171814176,0
1.17326819896698,0.9395255558829017,0
1.181753754615784,0.9254326937992849,0
1.189301013946533,0.7982674626810087,0
1.182732105255127,0.8511204760276074,0
1.18187940120697,0.8159868740224021,0
1.178029775619507,0.7747409393941058,0
1.180339336395264,0.7266004355924557,0
1.184525370597839,0.6236681763535417,0
1.185944199562073,0.6587089034747674,0
1.186366319656372,0.4855407322994745,0
1.18476390838623,0.2447148892695222,0
1.186647772789001,0.06995690341483432,0
1.186647772789001,0.013440319592189949,0
1.184272885322571,-0.43454936962750573,0
1.190051198005676,-0.6825734266288469,0
1.192000269889832,-0.7090862604294889,0
1.191599726676941,-0.6357180523503903,0
1.197146058082581,-0.6648889382816364,0
1.193816065788269,-0.6049379492394251,0
1.207437872886658,-0.49856760347519585,0
1.21146035194397,-0.5647740146354228,0
1.21456503868103,-0.5162968121246652,0
1.212135910987854,-0.26208342910034665,0
1.211313605308533,-0.27114713422757303,0
1.211093664169312,0.023820558840858545,0
1.207875370979309,0.2576034443040529,0
1.214429378509521,0.33762852136884375,0
1.213340401649475,0.5184045830122782,0
1.214889645576477,0.7001895121547617,0
1.2154301404953,0.8238751377511951,0
1.219958543777466,0.8142750113238154,0
1.226271629333496,0.6837301600140349,0
1.221612811088562,0.6827310460118992,0
1.223690629005432,0.6224061919489557,0
1.21866512298584,0.3701622494022915,0
1.219140529632568,0.5121160091715853,0
1.218472003936768,0.43640387739026837,0
1.22050952911377,0.15064362343948845,0
1.222344517707825,0.10968693077381528,0
1.225295066833496,-0.010745836412482532,0
1.229989647865295,0.12462373455724748,0
1.218026876449585,0.2172539271666036,0
1.225069761276245,0.3944379083798343,0
1.225159883499146,0.2277872063163094,0
1.230027437210083,0.19132499379170131,0
1.234110832214355,0.41773473882494555,0
1.227144479751587,0.7875168160590589,0
1.218620538711548,0.8551213517702385,0
1.216070175170898,0.6662460972562566,0
1.220889449119568,0.6339021082673351,0
1.216249108314514,0.5247812420238838,0
1.215125918388367,0.5255708761213372,0
1.206811308860779,0.4068700317836407,0
1.207729458808899,0.20678836005797757,0
1.213886857032776,0.04543220304934383,0
1.211563110351562,-0.05839454591313057,0
1.216629385948181,-0.04663675777640648,0
1.216944694519043,-0.07503477959753037,0
1.214624047279358,-0.11957867232436217,0
1.216299295425415,-0.31695313965053135,0
1.210507273674011,-0.5460607827138737,0
1.212003707885742,-0.8867318681740086,0
1.212385773658752,-0.5155265306737336,0
1.20686948299408,-0.3500006079209118,0
1.203905463218689,-0.28497659759839733,0
1.204238891601562,0.0662389343889787,0
1.196673154830933,0.5504631854853366,0
1.204877376556396,0.7272812596995468,0
1.205359578132629,0.6602519620106709,0
1.211999297142029,0.6690046979165059,0
1.212121248245239,0.8644653327294085,0
1.21315062046051,1.154014548100269,0
1.212209343910217,1.1190291759554591,0
1.21321964263916,1.1613019824036954,0
1.209248304367065,1.3507052104564816,0
1.204800486564636,1.5105255562601838,0
1.209189772605896,1.5971003574998603,0
1.212635636329651,1.784934273108396,0
1.216679692268372,1.6682881475837978,0
1.215214490890503,1.654325299995866,0
1.217137217521667,1.7821086693907446,0
1.216042041778564,1.6376442458344278,0
1.208956003189087,1.6636608573677296,0
1.205109596252441,1.669270697503665,0
1.208546757698059,1.627543646298323,0
1.205066084861755,1.3169299166367137,0
1.196773529052734,1.1174402408600705,0
1.19256317615509,0.9162774846657954,0
1.185171127319336,0.8237075232399194,0
1.189790606498718,0.603727496759676,0
1.19260585308075,0.3165557399367377,0
1.198609590530396,0.32549366523392476,0
1.195000052452087,0.2890491001564806,0
1.192577362060547,0.2549386769792796,0
1.190164566040039,0.20185222570886682,0
1.19827926158905,0.18977669861178886,0
1.191824078559875,0.17597118589509858,0
1.188311696052551,0.3299128101045832,0
1.193303108215332,0.35580133169199346,0
1.184020519256592,0.4522646597185035,0
1.181306958198547,0.4650849810941365,0
1.177662134170532,0.3478705258461464,0
1.178800463676453,0.29653291924350805,0
1.177100658416748,0.2396227132230514,0
1.172360420227051,0.2571640122611807,0
1.172883033752441,0.058383122704661415,0
1.177994966506958,0.11821918930558242,0
1.176816701889038,0.107757202419584,0
1.181893467903137,-0.036696781814172914,0
1.187422871589661,0.04989800805402887,0
1.187366485595703,0.24292558404629433,0
1.191568493843079,0.41583231848149577,0
1.190051198005676,0.3300043336027856,0
1.191469073295593,0.28984354218953773,0
1.195414304733276,0.3176810050950124,0
1.198609590530396,0.44881352758595067,0
1.197174668312073,0.4300094694545312,0
1.196945428848267,0.44715360402062315,0
1.204529047012329,0.40304179239095267,0
1.20323920249939,0.4748201265121694,0
1.20377504825592,0.5649323899053468,0
1.201475381851196,0.539406997232122,0
1.208985209465027,0.5637946013359403,0
1.208167195320129,0.7449004010083262,0
1.209030508995056,0.6850650141705124,0
1.213592290878296,0.7111658772686118,0
1.212709188461304,0.6096464744951832,0
1.202776074409485,0.4294109436879521,0
1.206127166748047,0.428472140067814,0
1.201504349708557,0.4282403650547027,0
1.200797319412231,0.18534857208210764,0
1.206854939460754,-0.08578089189738484,0
1.217107653617859,-0.020576945160727084,0
1.214093208312988,-0.08667682711835774,0
1.214450001716614,0.009020851520352317,0
1.207850575447083,-0.03689381862065693,0
1.207729458808899,-0.066119081994178,0
1.21503734588623,-0.05526131009685313,0
1.215687274932861,-0.07205216290834518,0
1.222399711608887,-0.043081850490929614,0
1.217285394668579,0.030547679042931104,0
1.222538709640503,0.2665050133696005,0
1.218323588371277,0.23156910474477382,0
1.221463561058044,0.17428348347784778,0
1.22490930557251,0.19248141714765601,0
1.21925950050354,0.1988949376932657,0
1.219318866729736,0.18161279414938472,0
1.219006776809692,0.10331976888977949,0
1.223286509513855,0.06187613912011574,0
1.221776962280273,0.059006351822765694,0
1.220986247062683,0.03232629744075261,0
1.213300704956055,-0.07703829981947931,0
1.216841101646423,-0.1075447707923471,0
1.219363451004028,-0.15524405077635947,0
1.217285394668579,-0.2252303778775224,0
1.218200445175171,-0.197309547431375,0
1.217255830764771,-0.2049278797662508,0
1.211020350456238,-0.3043632892516024,0
1.212224006652832,-0.30621864274113725,0
1.212709188461304,-0.29424124100081966,0
1.199558615684509,-0.3005456443506661,0
1.191341400146484,-0.31113107661688677,0
1.187366485595703,-0.2711667211683572,0
1.191256165504456,-0.26970654822864737,0
1.193673491477966,-0.24272696423252677,0
1.193317413330078,-0.2883613289849156,0
1.193032741546631,-0.27637290262923225,0
1.194215297698975,-0.25735280936310834,0
1.192890405654907,-0.21474006634314013,0
1.190192818641663,-0.18576444096307834,0
1.185677051544189,-0.18789864738325932,0
1.184623599052429,-0.1557476821065617,0
1.185620784759521,-0.12972435043789546,0
1.186380386352539,-0.11068704084381271,0
1.182452321052551,-0.09503827406866072,0
1.17933988571167,-0.07157706092869164,0
1.184800386428833,-0.05157610618975787,0
1.187295913696289,-0.03179448852542007,0
1.186521053314209,-0.02126506056319102,0
1.177537322044373,-0.009895494591412863,0
1.183333873748779,-0.001686748963811572,0
1.18118143081665,0.006153562397912317,0
1.181400537490845,0.01398625529390639,0
1.179384350776672,0.03250916231307852,0
1.178411483764648,0.04239403255259242,0
1.179273009300232,0.060084318494067986,0
1.177273869514465,0.08556735023954724,0
1.177343249320984,0.11416592215299202,0
1.180776953697205,0.11964961971347138,0
1.182312607765198,0.1483781455268533,0
1.184595584869385,0.18741736599235306,0
1.189299702644348,0.2200962295225601,0
1.186704158782959,0.27333072827478605,0
1.187465071678162,0.28655864932615593,0
1.186943650245667,0.33185078000474105,0
1.183740139007568,0.38829421610949194,0
1.183572053909302,0.3984928075080598,0
1.174950003623962,0.39723355231874424,0
1.17384672164917,0.3671299634613353,0
1.172333002090454,0.3433405797245662,0
1.174189925193787,0.3424844728766581,0
1.173626184463501,0.31739860309456674,0
1.179467797279358,0.3154359554131338,0
1.177994966506958,0.31702419608973786,0
1.170973896980286,0.29997200467405916,0
1.170329809188843,0.2778162812978546,0
1.167659521102905,0.20297888482007528,0
1.169754862785339,0.18711699053906555,0
1.174453377723694,0.1799886189640076,0
1.175309181213379,0.2296679530774467,0
1.177440166473389,0.24011793062211906,0
1.17564070224762,0.22106000988220265,0
1.179900646209717,0.271210452922811,0
1.179690480232239,0.24355745593600306,0
1.181028008460999,0.24940408796160435,0
1.184090614318848,0.26769967674819434,0
1.187648415565491,0.28118003215582804,0
1.188594222068787,0.3197540446035848,0
1.187507390975952,0.40060456356911267,0
1.184356927871704,0.3781746963341542,0
1.181910157203674,0.4617929977507581,0
1.182592272758484,0.5142616282455642,0
1.181195378303528,0.6445535118184478,0
1.181195378303528,0.7497184229002891,0
1.180498123168945,0.7864406264480018,0
1.181999564170837,0.8815176786698247,0
1.176747441291809,0.9353382014494422,0
1.172993063926697,0.9371599243136858,0
1.173020482063293,1.0956707001105281,0
1.17229163646698,1.0231733235454759,0
1.168770432472229,1.1142697258037946,0
1.174025893211365,1.1643956562671063,0
1.172305464744568,1.247967704340365,0
1.169679522514343,1.2589527686887587,0
1.168633818626404,1.2712884431224074,0
1.160160183906555,1.2593062290686665,0
1.157447576522827,1.2659484928986586,0
1.160725712776184,1.4152230963366998,0
1.161844968795776,1.5503196884678396,0
1.159608483314514,1.632262380940059,0
1.155534982681274,1.7213986142059496,0
1.155975818634033,1.797646397811851,0
1.156604170799255,1.675511269261215,0
1.155374765396118,1.6220022471462963,0
1.15340256690979,1.4877805321422226,0
1.159958243370056,1.3547658205585487,0
1.159151554107666,1.1478684568413895,0
1.159702658653259,1.061731524716626,0
1.161386251449585,0.9509316589733787,0
1.163196444511414,0.8690250101632732,0
1.165501236915588,0.7785856149574835,0
1.16253387928009,0.5388682169090494,0
1.164008855819702,0.5003103366426844,0
1.161170482635498,0.27809837996287345,0
1.159823656082153,0.4498635120967728,0
1.160012006759644,0.5582022794514974,0
1.168360829353333,0.4860859724368834,0
1.155668497085571,0.4762824455987275,0
1.159958243370056,0.43345984269121024,0
1.157943487167358,0.6583419202771904,0
1.161575078964233,0.8161499804580398,0
1.155534982681274,0.8267292545964839,0
1.156885147094727,1.0386341206426744,0
1.159151554107666,1.0985779491270202,0
1.159554719924927,1.1987581787283716,0
1.148593544960022,1.37864443024175,0
1.145081877708435,1.5539192280249388,0
1.144164800643921,1.4284511537494609,0
1.136647820472717,1.5775785211637796,0
1.132118225097656,1.3738734631527239,0
1.132118225097656,1.193753889872795,0
1.136841535568237,1.3636396978445087,0
1.127573728561401,1.2161398197242033,0
1.12421452999115,1.198359804918054,0
1.124492645263672,1.2911620660588405,0
1.12029755115509,1.2586907104508616,0
1.120963096618652,1.3502902998401014,0
1.129318237304688,1.33705695612636,0
1.129343748092651,1.4051583164020955,0
1.133028984069824,1.4162548072173184,0
1.131951570510864,1.3747090018271169,0
1.13062059879303,1.1777852631305414,0
1.13047993183136,1.1087349944518565,0
1.128668189048767,0.991438014434474,0
1.127650022506714,0.8964372633682256,0
1.13455867767334,0.8804390297562834,0
1.129330992698669,0.8475459585945269,0
1.131183385848999,0.8361359110848497,0
1.128540754318237,0.7526830936452396,0
1.126126170158386,0.6326280631392744,0
1.129075884819031,0.506776335314326,0
1.133414149284363,0.465930955198234,0
1.124353528022766,0.5014014981061232,0
1.127751708030701,0.4431302126194342,0
1.128757357597351,0.4484906255280315,0
1.132887721061707,0.35113417979921685,0
1.132733702659607,0.31837261151149343,0
1.132425904273987,0.31254230730295984,0
1.133003234863281,0.29327157923780356,0
1.1314777135849,0.20647684372565428,0
1.136015057563782,0.10598757198617725,0
1.132502794265747,0.11831581210796044,0
1.137345910072327,0.11250214864906212,0
1.130224466323853,0.059402445674115546,0
1.128362536430359,0.00860077035695231,0
1.131349682807922,-0.0926271766239287,0
1.129688143730164,-0.12404285494016819,0
1.135396003723145,-0.08772575411757462,0
1.133041739463806,-0.1484028937624242,0
1.136647820472717,-0.2813975233519516,0
1.144164800643921,-0.35629067753968263,0
1.145711541175842,-0.41594621983445956,0
1.141070485115051,-0.42354927127210823,0
1.14105749130249,-0.351353150532219,0
1.132964730262756,-0.3638942017734159,0
1.134339928627014,-0.3891840122656289,0
1.131375312805176,-0.46812341553336595,0
1.134146928787231,-0.42758157701537386,0
1.132413029670715,-0.3962924685681142,0
1.130454421043396,-0.38870787882128066,0
1.124353528022766,-0.2997792120905568,0
1.114702939987183,-0.294591256151384,0
1.115237474441528,-0.22624542769924158,0
1.12296462059021,-0.18302480642173172,0
1.127395629882812,-0.13143279174469924,0
1.129994630813599,-0.09840476457179875,0
1.14357590675354,-0.06372785272525258,0
1.145514726638794,-0.052844200298306325,0
1.144295692443848,-0.02544681488805956,0
1.142126202583313,-0.023941247855750965,0
1.142152190208435,-0.030047719408184577,0
1.141552567481995,-0.019975820624873127,0
1.136505722999573,-0.010509848465721207,0
1.130633473396301,-0.0021033448336763337,0
1.135679602622986,0.007301875815613805,0
1.137526988983154,0.012757412392164238,0
1.136647820472717,-0.018639517610968877,0
1.131721019744873,-0.04045744026234101,0
1.130965828895569,-0.05467597118866676,0
1.13291335105896,-0.09333384772005404,0
1.130569458007812,-0.08136862478114629,0
1.11906898021698,-0.0977658590880969,0
1.118105411529541,-0.07775510764893016,0
1.121591806411743,0.08249051552775995,0
1.11327588558197,0.09408333188749228,0
1.111234545707703,0.18095295085764332,0
1.106684446334839,0.185065985739281,0
1.087453007698059,0.22886683761066562,0
1.086531281471252,0.28943634050330036,0
1.089823246002197,0.40402360342209004,0
1.107382893562317,0.550087168786596,0
1.101394414901733,0.5405661670180272,0
1.093206763267517,0.6864682156720702,0
1.094319343566895,0.6683745199818187,0
1.096936345100403,0.9560792987635346,0
1.102195501327515,1.0456714180725821,0
1.109951853752136,1.1273596998479358,0
1.104313492774963,1.1748766487282316,0
1.101722002029419,1.4316701430652217,0
1.102973580360413,1.5684497679741716,0
1.100630640983582,1.6453784115468566,0
1.100957870483398,1.5852982806113607,0
1.098189115524292,1.5842276842502512,0
1.099384307861328,1.4361668806967856,0
1.109151601791382,1.2515936455464711,0
1.116183519363403,1.0009392488648625,0
1.107235789299011,0.8596739776135575,0
1.104728221893311,0.524015216568942,0
1.097586393356323,0.2127615116823696,0
1.090643286705017,-0.06045376910114459,0
1.089823246002197,-0.3279684525243601,0
1.08648407459259,-0.2234483724029815,0
1.088494658470154,-0.438562697688898,0
1.087795972824097,-0.7442366729988029,0
1.082614302635193,-0.9239222608102262,0
1.089656949043274,-0.990554831379779,0
1.082098841667175,-1.2409413159317904,0
1.081525444984436,-1.1958117466298843,0
1.078178763389587,-1.4564941847478081,0
1.079447269439697,-1.5732157711175874,0
1.084987044334412,-1.590749549680457,0
1.083517551422119,-1.5861792378365351,0
1.081104516983032,-1.2933678529547388,0
1.071420907974243,-1.2855842179355066,0
1.064361929893494,-1.2882493454068118,0
1.055509209632874,-1.2815887192464333,0
1.050420165061951,-1.5430814291661024,0
1.053596496582031,-1.6793111198703747,0
1.050905823707581,-1.7504166340952443,0
1.052853226661682,-1.7573282275131004,0
1.062247753143311,-2.0985192066101135,0
1.053974032402039,-2.0683245756952875,0
1.053219199180603,-2.3507491283507393,0
1.056579828262329,-2.643160905518516,0
1.053296804428101,-2.5318131649084212,0
1.05124831199646,-2.798065345823431,0
1.037958145141602,-2.7630493655322828,0
1.040063261985779,-2.513860671388647,0
1.043895840644836,-2.0947300431159306,0
1.0547856092453,-1.3976233141775904,0
1.047273993492126,-1.0061466297995114,0
1.057898759841919,-0.5058762010959929,0
1.056981921195984,-0.48868919690038565,0
1.068204879760742,-0.30269571307672444,0
1.073652505874634,-0.3566979645252784,0
1.068661451339722,-0.328803557464634,0
1.07329535484314,-0.6843070502090342,0
1.073145627975464,-0.9393288130054996,0
1.077353954315186,-1.5907250700528746,0
1.073410511016846,-1.8003112778081982,0
1.065416574478149,-1.77942081624645,0
1.075106978416443,-1.90913482784745,0
1.072604656219482,-1.4680157618006022,0
1.069141387939453,-1.7383333081072052,0
1.069862008094788,-1.4982266882445068,0
1.071765422821045,-1.3506995671554651,0
1.061920523643494,-1.3521669106963354,0
1.048998713493347,-2.083403117857166,0
1.041514754295349,-1.8751353631072025,0
1.044059276580811,-2.815168691692723,0
1.045620441436768,-3.1347912871513968,0
1.054685473442078,-2.8232581862391766,0
1.049141764640808,-4.304519819458816,0
1.052077889442444,-4.800943040073344,0
1.053263545036316,-5.4425943436802,0
1.0564124584198,-5.283717554377394,0
1.052011489868164,-5.280323090622771,0
1.056613326072693,-5.618613650613097,0
1.058089137077332,-5.107291328610697,0
1.052354574203491,-5.045712818699802,0
1.04465913772583,-4.109884466852301,0
1.047767758369446,-4.098518883763601,0
1.043394804000854,-3.446498740560807,0
1.043318629264832,-3.6766537914672153,0
1.02576732635498,-2.500592644026625,0
1.018641114234924,-2.77758707109039,0
1.01698362827301,-3.271738484030698,0
1.016611456871033,-3.114822288238844,0
1.004752516746521,-2.9997965989277056,0
1.003310918807983,-2.8346986069197713,0
1.003270626068115,-3.063301116524419,0
1.002566576004028,-2.602397298777598,0
1.009631872177124,-2.740239785031796,0
1.014517784118652,-2.217137904701573,0
1.023133039474487,-2.360766608874971,0
1.018278121948242,-2.4878843313578187,0
1.022108197212219,-3.2911355300721863,0
1.020023107528687,-3.991491862868119,0
1.022494912147522,-3.978612953271437,0
1.012955784797668,-3.975569363458801,0
1.020929098129272,-3.9279233009180152,0
1.019232869148254,-3.1474622969257218,0
1.020824790000916,-2.7456678355900497,0
1.026135683059692,-2.3890094517592884,0
1.015568733215332,-1.8773251054817515,0
1.015764594078064,-1.344012881427302,0
1.024779200553894,-1.1300364515345922,0
1.01708710193634,-1.083239347644655,0
1.019762992858887,-1.3928748121491736,0
1.020814418792725,-1.7129155248715877,0
1.030078291893005,-1.9080113203532738,0
1.031672358512878,-1.6871928964041285,0
1.025640964508057,-1.705388948792827,0
1.01619815826416,-1.2108048656333639,0
1.017066359519958,-0.28832091723840525,0
1.018018960952759,0.31044265946166993,0
1.008990049362183,0.2173305077198303,0
1.003522396087646,1.070174841499715,0
0.9939467906951904,1.4320667289732683,0
0.9966909885406494,1.7401567246325753,0
0.9969095587730408,1.6990573447767734,0
0.9971283078193665,1.6187451505878971,0
0.993867814540863,2.1624373879287506,0
1.001401901245117,2.7849622125873412,0
1.002506256103516,2.8380104135906112,0
1.003905177116394,3.2815688644150884,0
0.995232880115509,3.6811330500535306,0
0.9909427762031556,3.5311167333167615,0
0.9952229857444764,3.8841882232895317,0
0.98979514837265,3.9342915292301894,0
0.9995701909065248,3.8220378927092193,0
1.001201510429382,3.8573327636189676,0
1.007140636444092,3.8645892162862006,0
1.012955784797668,3.6235213321884197,0
0.9982032775878906,3.3183724275909263,0
0.9984025359153748,3.1888163649651537,0
0.9988313317298888,2.988920112457822,0
1.002234935760498,2.5450500301669643,0
1.00295877456665,1.9821189918048532,0
0.997078537940979,1.4872509593143028,0
0.983071506023407,1.7137458869701077,0
0.9841550588607788,1.5381529323407286,0
0.968992292881012,1.4503255429104251,0
0.9623712301254272,1.2441097016242595,0
0.959619164466858,1.5757524433690342,0
0.9708172082901,1.8851427066732274,0
0.9829555749893188,2.240395938397338,0
0.9792688488960266,2.0903194708946637,0
0.983206868171692,2.3234189729391215,0
0.998432457447052,2.2683766523148403,0
0.9910998940467834,2.1164863407002583,0
0.9789045453071594,2.5022272007464514,0
0.9735012650489808,2.7020969658553304,0
0.9710057377815248,2.71817784001279,0
0.9700167775154114,2.5252696748244863,0
0.9707984328269958,2.662225082997397,0
0.975134015083313,2.7165557461990195,0
0.973937451839447,2.784295054091889,0
0.9846396446228028,2.7625351395683913,0
0.9863878488540648,2.6580554603393094,0
0.9766482710838318,2.8310884636573332,0
0.9778899550437928,2.678857684117505,0
0.9860085844993592,2.4547482864188535,0
0.9886503219604492,2.458625676981155,0
0.9963731169700624,2.2484870797941623,0
1.009193778038025,1.9958791207162754,0
0.9967803955078124,2.0201515345314554,0
0.9955002665519714,1.7341651720548565,0
0.9886307716369628,1.666891632614182,0
0.9877909421920776,1.3815204505158398,0
0.9814409017562866,1.2156160556832163,0
0.9749630093574524,1.032096697150564,0
0.9928810596466064,0.8110416696183619,0
1.001863479614258,0.665024646576682,0
1.008084774017334,0.5958969356330525,0
1.001953840255737,0.5361351029366164,0
1.019222497940063,0.5384814624115104,0
1.032855153083801,0.5310094771960058,0
1.031927824020386,0.5844440523218272,0
1.035786390304565,0.6234640726855101,0
1.039501070976257,0.6310652719798985,0
1.036172866821289,0.5705715143394224,0
1.033089876174927,0.5569487491548619,0
1.024569153785706,0.5094515624873154,0
1.031108617782593,0.45551555099327234,0
1.04162335395813,0.40926322903874746,0
1.040810227394104,0.4132489778486842,0
1.036752820014954,0.4036013506975424,0
1.034554123878479,0.35250907386193386,0
1.032449960708618,0.33705440795234115,0
1.042535424232483,0.2757998536015736,0
1.052842140197754,0.29415322213855427,0
1.054418563842773,0.27500033068255963,0
1.049692392349243,0.25179019667668895,0
1.046901106834412,0.22454803122155728,0
1.051325798034668,0.21124072143850356,0
1.055966138839722,0.18803256993603681,0
1.052221775054932,0.16126182367624123,0
1.054173946380615,0.12114597315198074,0
1.062665343284607,0.08287623289502677,0
1.067634701728821,0.04907972628199752,0
1.064056158065796,0.014733439473668149,0
1.05850350856781,-0.021554565261782177,0
1.061458468437195,-0.06332783638117484,0
1.062699317932129,-0.09475947534574045,0
1.061007976531982,-0.1229262306497586,0
1.060333013534546,-0.14865517021253827,0
1.0667804479599,-0.15870005051205352,0
1.064022183418274,-0.18978181517096868,0
1.063716650009155,-0.19669447028123513,0
1.062925100326538,-0.21495534494628923,0
1.066075325012207,-0.20813282010636386,0
1.07097339630127,-0.22389187442893838,0
1.067771434783936,-0.2134528860378814,0
1.054685473442078,-0.2168611150250081,0
1.060636520385742,-0.20734659794779586,0
1.052221775054932,-0.20657316930013392,0
1.065632343292236,-0.24427993091221348,0
1.073318362236023,-0.255738211560823,0
1.073894619941711,-0.24203216283011508,0
1.076600074768066,-0.24018167132563048,0
1.086023926734924,-0.23124005423712315,0
1.082461953163147,-0.2558736909179399,0
1.083012938499451,-0.26327403998911353,0
1.079330801963806,-0.24680988215926897,0
1.079785346984863,-0.24502840217589028,0
1.083388328552246,-0.216072113566508,0
1.086507797241211,-0.20800606297408034,0
1.087429285049438,-0.19665568281751675,0
1.088814616203308,-0.19552092874695812,0
1.092203855514526,-0.19790862204164839,0
1.089443206787109,-0.20124874712540783,0
1.087145566940308,-0.18457101027216544,0
1.085069417953491,-0.16134324888711937,0
1.086094737052917,-0.16711501462676012,0
1.101285219192505,-0.1488561148199566,0
1.09051251411438,-0.1532168363954105,0
1.079086184501648,-0.1458527432636032,0
1.073076486587524,-0.1483790993994647,0
1.072972893714905,-0.1587246216889186,0
1.071581602096558,-0.1737945011823301,0
1.07422924041748,-0.16426153453052247,0
1.067771434783936,-0.149047962074771,0
1.073041915893555,-0.1526701298237688,0
1.073571920394897,-0.14768273208610033,0
1.069175720214844,-0.1676842448802166,0
1.066575646400452,-0.18935447418048293,0
1.068444490432739,-0.19972945761796626,0
1.068261981010437,-0.2425950719024056,0
1.065200924873352,-0.2573570121064269,0
1.060580372810364,-0.31128874787593347,0
1.059804797172546,-0.34938719778286065,0
1.055475831031799,-0.5460915372045048,0
1.061120510101318,-0.6728854807339866,0
1.057730913162231,-0.7786189425277514,0
1.066894292831421,-0.9047873594445445,0
1.059973239898682,-0.9393555066008938,0
1.062620162963867,-1.088671676606623,0
1.068832874298096,-1.0804958492528445,0
1.05507493019104,-1.1155731910379263,0
1.054952502250671,-1.1971462807405682,0
1.058469891548157,-1.2872564788998546,0
1.06836462020874,-1.2314741586208076,0
1.072501063346863,-1.2977204319123747,0
1.072765707969666,-1.3032914927550745,0
1.058335423469543,-1.333912220262725,0
1.061413407325745,-1.2835753349681422,0
1.067885518074036,-1.2648102173718063,0
1.071914792060852,-1.2545344502456535,0
1.077423691749573,-1.2810239826842098,0
1.087039232254028,-1.3161408496391795,0
1.083505749702454,-1.2430648721211934,0
1.077818512916565,-1.2319921629291588,0
1.080707192420959,-1.211675152594745,0
1.083952069282532,-1.145593015399588,0
1.084363460540771,-1.1024789782192062,0
1.090464949607849,-1.01114950959006,0
1.080333590507507,-0.9983484507173701,0
1.091226577758789,-0.9072944821683931,0
1.096010565757751,-0.9771372624147772,0
1.090334177017212,-0.9284821874603483,0
1.092013001441956,-0.9982160525359378,0
1.091357588768005,-0.9958586171209759,0
1.086932897567749,-0.9880619791151432,0
1.091750741004944,-0.9909226211357366,0
1.099989056587219,-1.0388213059697813,0
1.105461001396179,-1.0811891671108702,0
1.098659634590149,-0.9797406220620409,0
1.092537999153137,-0.9083482415361009,0
1.097538232803345,-0.9541460883417271,0
1.095218300819397,-0.9308215169558639,0
1.097092747688293,-0.9139545981733338,0
1.0992271900177,-0.8196450228696284,0
1.105949997901917,-0.8278793354423919,0
1.09783947467804,-0.7242514827859169,0
1.104728221893311,-0.714043862967798,0
1.103204846382141,-0.6514790815765772,0
1.101091146469116,-0.5631030409935903,0
1.096924185752869,-0.5579494624219152,0
1.101091146469116,-0.5332913880218347,0
1.106892585754395,-0.49495410524501676,0
1.102292776107788,-0.46154922396365383,0
1.10186767578125,-0.46555085750454533,0
1.099614024162292,-0.5023589741304326,0
1.096467137336731,-0.34789975239448806,0
1.098406195640564,-0.3376875263257514,0
1.091214537620544,-0.23163935633301774,0
1.085269689559937,-0.2574417535016519,0
1.087370157241821,-0.20624203411765962,0
1.086566805839539,-0.16762319846774804,0
1.083834648132324,-0.1259752397316597,0
1.077539682388306,-0.0996762972828314,0
1.082274556159973,-0.046142195389951256,0
1.081104516983032,-0.014260848995870061,0
1.076971173286438,-0.019324034028115222,0
1.075731515884399,0.0121073210708148,0
1.072443604469299,0.00311947460386133,0
1.072305560112,0.011405565211201446,0
1.070766925811768,0.007294014168111356,0
1.073306918144226,0.03782659917512034,0
1.069518685340881,0.04188061937022184,0
1.076078772544861,0.03588600260321622,0
1.069862008094788,0.01533857435702194,0
1.071179866790771,0.010806216351076215,0
1.069804787635803,0.021332911231139975,0
1.070744037628174,0.000829116862538198,0
1.078271746635437,0.0036468117025749334,0
1.075095415115356,0.01200579618612492,0
1.076298832893372,0.010897536342097636,0
1.078934907913208,-0.005360051753861244,0
1.084304690361023,-0.0004364188119192568,0
1.094594836235046,0.017287403976113492,0
1.094211578369141,0.004879670506275498,0
1.092430472373962,-0.007259383871881849,0
1.092036843299866,-0.01820623207054705,0
1.099263548851013,-0.013433332779013252,0
1.095890402793884,-0.023567556441889348,0
1.090667128562927,-0.020695798996763232,0
1.091048002243042,-0.024715150943249643,0
1.095722317695618,-0.014266723059648304,0
1.091583847999573,-0.01830337060546257,0
1.086802959442139,-0.02464057328812369,0
1.090750455856323,-0.02213332395466,0
1.091309905052185,-0.027470340880595145,0
1.088494658470154,-0.02444557756135907,0
1.085658431053162,-0.04044165095232514,0
1.08906364440918,-0.03283607908726335,0
1.096972346305847,-0.030888978677015882,0
1.100594401359558,-0.02635985449036951,0
1.101406455039978,-0.02243095070440918,0
1.114454507827759,-0.02563996194928414,0
1.122346997261047,-0.014964502713250304,0
1.122775554656982,-0.009113937784690988,0
1.123759627342224,-0.0033796597457538403,0
1.122889041900635,-0.0006473456513248389,0
1.120523452758789,0.001460099940230918,0
1.113709807395935,-0.0008520319133263137,0
1.112532615661621,-0.0037179339878969527,0
1.106317043304443,-0.0064257347420015355,0
1.105045676231384,-0.004891205155453872,0
1.107836842536926,-0.01040819248202625,0
1.097875595092773,0.00353211403149897,0
1.102426409721375,0.0011193606948275666,0
1.099759101867676,-0.010760717426692441,0
1.100788116455078,-0.005817545229273036,0
1.094415187835693,-0.005535021735542619,0
1.095158338546753,-0.002534706755848756,0
1.10026741027832,0.0036420376194966314,0
1.100315809249878,0.005446014920909864,0
1.095890402793884,0.0075736214229679315,0
1.097767114639282,-0.002436220642258929,0
1.098164916038513,0.009912521365655234,0
1.094439148902893,0.010162602164775374,0
1.090988397598267,0.011117867422481635,0
1.090417385101318,0.018518119631577935,0
1.087488412857056,0.01668178808569995,0
1.087464809417725,0.022664993968103016,0
1.087559461593628,0.02655235833636135,0
1.089835166931152,0.036699741212014345,0
1.084669232368469,0.03057754352133325,0
1.086578607559204,0.03353025670263069,0
1.07991361618042,0.03127693098608603,0
1.079738616943359,0.033567078627796176,0
1.082555651664734,0.03342841984100933,0
1.086921095848083,0.027468112576039993,0
1.093254685401917,0.03073721178308168,0
1.084410429000854,0.03411286287195526,0
1.07758629322052,0.037530172985538804,0
1.079447269439697,0.041184041219021236,0
1.072616100311279,0.03742921965765419,0
1.072420477867126,0.027959405630547666,0
1.069781899452209,0.020469285366005143,0
1.071811318397522,0.011235881041086535,0
1.075037598609924,0.0043308930169701,0
1.075326681137085,-0.0007152270408372039,0
1.073422074317932,-0.00578960168561759,0
1.063716650009155,-0.010353570670142738,0
1.066825985908508,-0.024747581210867,0
1.069267153739929,-0.03248625517538644,0
1.068204879760742,-0.0337856707627084,0
1.065303087234497,-0.03938726413298231,0
1.066154837608337,-0.04382297505625697,0
1.064849257469177,-0.05199167687960946,0
1.059164881706238,-0.05306009562502975,0
1.056948304176331,-0.0611796189689361,0
1.050530552864075,-0.06374995529526623,0
1.056245088577271,-0.08005590775024904,0
1.056524038314819,-0.09181327352850595,0
1.048075199127197,-0.09639242223494335,0
1.047230005264282,-0.10718540949710038,0
1.050707101821899,-0.1101147522355721,0
1.054663181304932,-0.1119500900760276,0
1.056747317314148,-0.0877172864004325,0
1.057887554168701,-0.08081074137316392,0
1.060479164123535,-0.07687794979409446,0
1.06242823600769,-0.08299990467512677,0
1.053674101829529,-0.09297321526350029,0
1.052155375480652,-0.11896728690841732,0
1.055431246757507,-0.12466101062681754,0
1.057305932044983,-0.1223921823844616,0
1.053851842880249,-0.13806197235683085,0
1.058649182319641,-0.15501042891136468,0
1.058996677398682,-0.15351370926215474,0
1.066985368728638,-0.15030375405652208,0
1.059535264968872,-0.14738887154625438,0
1.056725025177002,-0.1850473883368283,0
1.056445956230164,-0.1916274020731431,0
1.056245088577271,-0.17689572403658868,0
1.061503529548645,-0.16460147266865469,0
1.057909965515137,-0.14260395033893594,0
1.05870521068573,-0.1244045684748527,0
1.061909317970276,-0.12821175261696402,0
1.073214769363403,-0.0652832966707849,0
1.072156071662903,-0.067645797982936,0
1.069610238075256,-0.09428063803210712,0
1.07104229927063,-0.07077046026790314,0
1.066757678985596,-0.0928967268061825,0
1.069015622138977,-0.11663087470133733,0
1.07018256187439,-0.16555638888120583,0
1.087831497192383,-0.12922101282530507,0
1.085458159446716,-0.223446625093434,0
1.085375666618347,-0.18878488365442525,0
1.090702772140503,-0.19876121233353458,0
1.094594836235046,-0.2007111139284447,0
1.091822266578674,-0.18351443714188775,0
1.0890873670578,-0.18995841063331828,0
1.090631484985352,-0.18133165606088977,0
1.094043970108032,-0.18548232768572018,0
1.095842361450195,-0.18854472476381787,0
1.100594401359558,-0.17791722430700765,0
1.09736955165863,-0.2009923396721889,0
1.089205980300903,-0.19054794731457333,0
1.088814616203308,-0.15127700781770168,0
1.083775877952576,-0.11781908344971143,0
1.079365730285645,-0.09929134504128105,0
1.076669692993164,-0.04164208746148389,0
1.079214334487915,0.029501921623650965,0
1.076576948165894,0.05934224365451854,0
1.076658010482788,0.05677018412884894,0
1.079867005348206,0.07354098914024855,0
1.088613033294678,0.07691111261816821,0
1.099360227584839,0.0898015203953884,0
1.089526414871216,0.07810487771048187,0
1.092382788658142,0.10208789885345562,0
1.098104596138,0.09367245691613199,0
1.094570875167847,0.09989989806357204,0
1.100618600845337,0.09686646016095517,0
1.102657437324524,0.08128108773471535,0
1.102025508880615,0.05632570401447385,0
1.10430121421814,0.05058450018896775,0
1.110864281654358,0.05609671788904264,0
1.106819152832031,0.052128830160252236,0
1.105583190917969,0.05791974445100643,0
1.103874564170837,0.046946934422317704,0
1.094175696372986,0.042367064225195254,0
1.092776775360107,0.03659922248276715,0
1.094738721847534,0.051754999131545826,0
1.094223618507385,0.061209058523897346,0
1.095170259475708,0.055296151948045776,0
1.093242645263672,0.06236597453102442,0
1.097514152526855,0.054983060617478936,0
1.098164916038513,0.06049955473898239,0
1.094570875167847,0.06440926930403389,0
1.094570875167847,0.05016537038785781,0
1.087878942489624,0.0396255735291054,0
1.088577508926392,0.024042823249235627,0
1.087914347648621,0.014949852094319522,0
1.089229702949524,0.0016192140904748094,0
1.088020920753479,-0.007402247676467529,0
1.085788130760193,-0.025707184107706428,0
1.088174819946289,-0.025357993196519924,0
1.084704637527466,-0.03469957253330892,0
1.084351778030396,-0.03432791019394124,0
1.083447098731995,-0.033557770618389,0
1.08433997631073,-0.04099296694581179,0
1.080392003059387,-0.04179094687445566,0
1.087464809417725,-0.04427409148325489,0
1.078004360198975,-0.045896656484531145,0
1.074183106422424,-0.04668458646569328,0
1.075719952583313,-0.0407040924622954,0
1.077574610710144,-0.046987712902447513,0
1.077725529670715,-0.037902235588822,0
1.079820275306702,-0.02937376967215919,0
1.077226400375366,-0.02815930484945424,0
1.070893168449402,-0.01885682196964359,0
1.073214769363403,-0.00706387156047868,0
1.077388763427734,0.0028283325505344915,0
1.078492760658264,0.011315091334635487,0
1.077539682388306,0.01793231456839037,0
1.081314921379089,0.02162835875987211,0
1.082040309906006,0.028210519239476886,0
1.082567453384399,0.023073377012027704,0
1.082005143165588,0.017883625399251084,0
1.085093021392822,0.020760071475192574,0
1.084481120109558,0.026939481380488666,0
1.083881616592407,0.018774782526991517,0
1.080497026443481,0.024734385470307412,0
1.084269404411316,0.02430448906636126,0
1.085517048835754,0.03394601631786485,0
1.085599541664124,0.03203225743228256,0
1.089953899383545,0.029012285139984807,0
1.095014452934265,0.02536791720262949,0
1.094295501708984,0.024016407677330032,0
1.093135118484497,0.01629916689103219,0
1.092776775360107,0.01925573168613916,0
1.095530271530151,0.021603893701424477,0
1.088340640068054,0.021013220038827843,0
1.088257670402527,0.022167236956407425,0
1.087393879890442,0.016198527743252637,0
1.086330652236938,0.022846157417275973,0
1.093721032142639,0.025894429274697348,0
1.086236238479614,0.025054902227643224,0
1.080753922462463,0.026775232484699645,0
1.083822846412659,0.02191944900557892,0
1.083235859870911,0.02280598095946405,0
1.081338286399841,0.010766138178624202,0
1.079447269439697,-0.001519877685516564,0
1.079272627830505,-0.01070567612698304,0
1.073721766471863,-0.03730919345362144,0
1.076855182647705,-0.06010676576267761,0
1.083834648132324,-0.08731072705482774,0
1.083705425262451,-0.11453692203877734,0
1.083048105239868,-0.14095631089916683,0
1.086366176605225,-0.18791739587283673,0
1.08592963218689,-0.23363967455293527,0
1.074171543121338,-0.2914794095502641,0
1.072685122489929,-0.313085838720096,0
1.06496274471283,-0.3314910304816047,0
1.062574982643127,-0.3250902631440787,0
1.062146186828613,-0.35278285705272105,0
1.066939830780029,-0.35941507741009454,0
1.06441855430603,-0.3669865191182212,0
1.065825343132019,-0.3551082741330024,0
1.065405249595642,-0.36188501164848086,0
1.0704345703125,-0.36421348001937703,0
1.069987893104553,-0.4132762974261166,0
1.072961449623108,-0.4283237062679106,0
1.0706866979599,-0.4529457365462514,0
1.071570158004761,-0.41672725488851353,0
1.066655278205872,-0.43744235234261525,0
1.072156071662903,-0.4413229614107977,0
1.073306918144226,-0.48547170566270975,0
1.075812458992004,-0.4543145418683361,0
1.076750755310059,-0.46746450225383485,0
1.075049161911011,-0.43992594351394665,0
1.0746910572052,-0.492919466113431,0
1.078515887260437,-0.547793619182035,0
1.077040672302246,-0.5609212642679646,0
1.079354166984558,-0.5021267767487131,0
1.081455230712891,-0.43637286431396605,0
1.088980555534363,-0.3861230582947635,0
1.086779356002808,-0.36723998508720124,0
1.087547540664673,-0.41044077408812657,0
1.086082935333252,-0.46930380829112595,0
1.085517048835754,-0.4488716575744271,0
1.082520484924316,-0.4377486270876841,0
1.081268191337585,-0.5244771494777217,0
1.084763407707214,-0.5813877904631958,0
1.086189150810242,-0.6885435628518127,0
1.085187196731567,-0.7911565111934517,0
1.080181956291199,-0.7984953919306768,0
1.083541035652161,-0.9096393126661887,0
1.085304975509644,-0.9296794298610404,0
1.090738534927368,-0.9895934231175784,0
1.088186621665955,-0.9982030091573354,0
1.087453007698059,-1.0127750658049708,0
1.089443206787109,-1.0117112153722463,0
1.077888250350952,-0.9864741655792183,0
1.076426267623901,-1.00913736624243,0
1.07403302192688,-1.0112173511358433,0
1.081314921379089,-0.9469422420031199,0
1.073883175849915,-0.8574972453052041,0
1.07021689414978,-0.8399653131487737,0
1.074067711830139,-0.7972234053241564,0
1.07422924041748,-0.7397018749749985,0
1.075153231620789,-0.6887122002138175,0
1.070640921592712,-0.6657605041551836,0
1.068775773048401,-0.6694878104668899,0
1.073272347450256,-0.6278474162046137,0
1.070961952209473,-0.5886576655319739,0
1.068010926246643,-0.5090728633781292,0
1.070847272872925,-0.4867702987653837,0
1.073525786399841,-0.3986293797612507,0
1.073710203170776,-0.3092953222665754,0
1.074841260910034,-0.3109356847201142,0
1.079330801963806,-0.14948130842953394,0
1.081069350242615,-0.10059670303247875,0
1.082602620124817,-0.1393550860920461,0
1.083095073699951,-0.1084795047228848,0
1.081478595733643,-0.18759840263072133,0
1.083329677581787,-0.10794679849890672,0
1.087275624275208,-0.1710482114088486,0
1.088553905487061,-0.15910058280627368,0
1.090155959129333,-0.05520816069186384,0
1.090250968933105,-0.0056533569629953215,0
1.094020128250122,0.011995962607633321,0
1.090155959129333,0.06648026794233901,0
1.089918255805969,0.05061033645497171,0
1.088980555534363,0.009792517543081306,0
1.085069417953491,0.001976168712988939,0
1.083952069282532,-0.021253084319168784,0
1.085128307342529,-0.043881053658701645,0
1.085375666618347,-0.05970548060461528,0
1.081946611404419,0.015161486481873276,0
1.081607222557068,0.06190949585931057,0
1.082391619682312,0.060693677020436036,0
1.078760266304016,0.07153830648203084,0
1.091083645820618,0.10885243658168807,0
1.095098257064819,0.09808773804136277,0
1.092621564865112,0.07164494411993001,0
1.092812538146973,0.04781364669063313,0
1.091572046279907,0.0369268880409325,0
1.091381311416626,-0.005459473285690682,0
1.09362518787384,-0.003869921409510929,0
1.099698662757874,-0.001301547227015326,0
1.101321578025818,0.007582551628501427,0
1.097273230552673,0.007549058419221702,0
1.10249936580658,0.0040610852040045015,0
1.108647465705872,0.0022855819997230032,0
1.112792730331421,0.0030471326367433526,0
1.115536093711853,-0.00038654462227803406,0
1.111716389656067,-0.005095654146278322,0
1.118793487548828,-0.01539173811723413,0
1.116470098495483,-0.019617353368547783,0
1.117793083190918,-0.035520486233623395,0
1.112495541572571,-0.033947227051476604,0
1.10804545879364,-0.036269453883206335,0
1.1044842004776,-0.03156969373959853,0
1.106745600700378,-0.02294596148199797,0
1.104886889457703,-0.03690032993687134,0
1.10804545879364,-0.03219889714181738,0
1.111111164093018,0.0068637108072771335,0
1.108721256256104,-0.0012512050513702564,0
1.103752732276917,0.03741048612945353,0
1.102098345756531,0.026408381996380834,0
1.101091146469116,0.09949905522779767,0
1.107787728309631,0.09890692933764836,0
1.10884416103363,0.056083547811355494,0
1.112953662872314,-0.016797500002943482,0
1.11230993270874,0.08785058636219996,0
1.111481666564941,0.013502724442278978,0
1.116196036338806,0.05557434654682767,0
1.116083860397339,-0.03862454330330527,0
1.111172795295715,-0.09434920719380534,0
1.119119048118591,-0.1338673647386287,0
1.113102316856384,-0.17580182514726528,0
1.117717981338501,-0.12522361334827636,0
1.116981506347656,-0.2156909931448369,0
1.113660216331482,-0.3570922756206394,0
1.106390476226807,-0.4071895277537646,0
1.104850292205811,-0.387712357378233,0
1.103557825088501,-0.4437534941631305,0
1.097453951835632,-0.4939529810308693,0
1.097574353218079,-0.7139704797145585,0
1.097574353218079,-0.9103167225977519,0
1.094331383705139,-1.0257682583104304,0
1.093386054039001,-1.0823524733851317,0
1.092537999153137,-1.0998134066266032,0
1.090916991233826,-1.2650013387438264,0
1.088411688804626,-1.4402388012081175,0
1.086248159408569,-1.468107499416961,0
1.082954287528992,-1.3435362005814582,0
1.086861968040466,-1.1738730290726656,0
1.081782817840576,-0.9306181286596242,0
1.079727053642273,-0.9045748465335641,0
1.078050851821899,-0.9206590817742936,0
1.082415103912354,-0.8635008659184739,0
1.079657077789307,-0.7642343885982533,0
1.081677436828613,-0.7593648727904282,0
1.082063674926758,-0.44028772356448537,0
1.085917830467224,-0.6305630819793578,0
1.088613033294678,-0.5918143332542862,0
1.087453007698059,-0.4472466402022791,0
1.087405681610107,-0.35839375362057313,0
1.093445897102356,-0.40424551661107205,0
1.073306918144226,-0.24190142547382665,0
1.079517245292664,-0.26895979312928575,0
1.071489810943604,-0.1299983217794365,0
1.066439151763916,-0.08307207862321064,0
1.061672568321228,-0.18135800708603947,0
1.0564124584198,-0.11708621120956966,0
1.053008437156677,-0.05088846939911108,0
1.053374528884888,-0.1447839879195082,0
1.059490442276001,-0.12423195345318441,0
1.060760378837585,-0.09603429115681021,0
1.054618716239929,-0.04336041240985083,0
1.046934127807617,0.25334054585588317,0
1.047987341880798,0.38754679086087607,0
1.044430017471313,0.4037993584245268,0
1.049119830131531,0.3868604446725857,0
1.056245088577271,0.5035397833524917,0
1.05630087852478,0.5377142648809968,0
1.054507493972778,0.4179866735481378,0
1.050122380256653,0.3121664513896058,0
1.051082611083984,0.12580700395321226,0
1.051414132118225,0.05536987358233065,0
1.058559536933899,-0.0793386674655023,0
1.056546330451965,-0.1492086616007484,0
1.055520415306091,-0.09949250842583611,0
1.053296804428101,-0.19262988407525403,0
1.050685048103333,-0.19642595159486823,0
1.047405600547791,-0.21045858779258023,0
1.051005244255066,-0.11272106534364376,0
1.051734805107117,-0.017051467639695037,0
1.049505114555359,0.04461585302850929,0
1.035025238990784,0.07365570290496035,0
1.036494970321655,0.10899580393401209,0
1.043307662010193,0.22852350736946095,0
1.040582656860352,0.21780793379433583,0
1.040257930755615,0.16852156913126337,0
1.039955139160156,0.1613704360305889,0
1.042318105697632,0.17972871106769164,0
1.042937755584717,0.16106092519701842,0
1.040615200996399,0.11633188716642733,0
1.035186052322388,0.11171461082259532,0
1.026820540428162,0.04567161626664105,0
1.030534744262695,0.022371060080912733,0
1.038637280464172,0.0029508649730324785,0
1.034554123878479,0.0025531018804994254,0
1.0314701795578,-0.005186225408745538,0
1.029760122299194,0.0013987025743229192,0
1.02444314956665,0.015866062555532957,0
1.026525378227234,0.03898062039240675,0
1.030683517456055,0.05919345799252818,0
1.029526829719543,0.0887595377454395,0
1.030194997787476,0.10046380892410285,0
1.027738690376282,0.08437492123761252,0
1.042068243026733,0.14142843697229682,0
1.040593504905701,0.15188075876756468,0
1.041015982627869,0.21603404194265205,0
1.041601538658142,0.2300887511057759,0
1.046758651733398,0.23032442536275546,0
1.044506430625916,0.2960151762035376,0
1.04290509223938,0.25754319944235754,0
1.042524576187134,0.30356323900594,0
1.039727926254272,0.2816239720403387,0
1.024779200553894,0.2768948476248795,0
1.032737851142883,0.2114936967566849,0
1.037279844284058,0.19659052646152272,0
1.040084838867188,0.21940455262716463,0
1.038572549819946,0.2101482048309183,0
1.031161665916443,0.21629881738699427,0
1.030152559280396,0.3097869596919366,0
1.036494970321655,0.2599639796522547,0
1.039198637008667,0.12940124385639412,0
1.046167373657227,0.04689518878730339,0
1.048921704292297,0.17742788540845453,0
1.048536777496338,0.09589443582642561,0
1.044833779335022,0.25258968483171584,0
1.04210090637207,0.1895426714821889,0
1.050056219100952,0.2550287010285877,0
1.047482371330261,0.2131667120690252,0
1.046134471893311,0.19041340721444983,0
1.052410006523132,0.14855026423200607,0
1.048877716064453,-0.043745188888497176,0
1.039511799812317,-0.16931216893017445,0
1.041384696960449,-0.3130207617182372,0
1.048503756523132,-0.46977548146967957,0
1.062699317932129,-0.606359020528214,0
1.079493880271912,-0.6283600718973709,0
1.078795194625854,-0.6839204308399714,0
1.086059331893921,-0.6735333775972752,0
1.083940386772156,-0.7692951820547981,0
1.091417074203491,-0.7681562743271514,0
1.088624954223633,-0.981964335671192,0
1.085564136505127,-0.9524838314006991,0
1.088127493858337,-0.9949571382892096,0
1.091917634010315,-0.9033417396147085,0
1.093948245048523,-0.798741469667507,0
1.091190814971924,-0.746820794908497,0
1.085670232772827,-0.5631593430904633,0
1.083576202392578,-0.4603694368256906,0
1.080356955528259,-0.3500682416175087,0
1.07874870300293,-0.2449788512729808,0
1.074206113815308,-0.09033287430559414,0
1.080100178718567,0.015045774571380555,0
1.082391619682312,0.16384512229119708,0
1.08188807964325,0.4499229802615903,0
1.079598784446716,0.6184469962485992,0
1.090869426727295,0.8150733428791422,0
1.104374408721924,0.7732931317489848,0
1.098454475402832,0.9057892156826347,0
1.091536164283752,0.8881668941652088,0
1.098044395446777,0.8060140305209381,0
1.095206260681152,0.699035916435148,0
1.125783801078796,0.6621348182601455,0
1.134314179420471,0.6280217814265767,0
1.13396680355072,0.6518821337089556,0
1.12926721572876,0.5768545223209164,0
1.139679074287415,0.672482962350129,0
1.151277899742126,0.6617217976899693,0
1.135125279426575,0.7875690070697047,0
1.132733702659607,0.8662251016527028,0
1.137190699577332,0.8544096676223637,0
1.134314179420471,0.8720977974135619,0
1.14091432094574,0.8104803790043258,0
1.138926267623901,0.7043513831478417,0
1.132489919662476,0.665005079543529,0
1.129649877548218,0.6393483987655657,0
1.132323265075684,0.5385639666979453,0
1.13133692741394,0.528924323159263,0
1.134275555610657,0.45303025248194,0
1.13062059879303,0.4256253155921518,0
1.122422695159912,0.33216803472173656,0
1.12296462059021,0.2761456272312102,0
1.109557747840881,0.21659556201573388,0
1.118555665016174,0.21624424430248598,0
1.118193030357361,0.15349174403953456,0
1.119269371032715,0.12759199049034683,0
1.11875593662262,0.1098557460362443,0
1.123342990875244,0.0982385247350854,0
1.128795504570007,0.09930055235046636,0
1.133118748664856,0.10705622770126293,0
1.12818431854248,0.09495789584889097,0
1.137281179428101,0.09897759086674385,0
1.138848423957825,0.06880727592894938,0
1.133709788322449,0.07223729967061647,0
1.123368263244629,0.06824577967629157,0
1.137837648391724,0.029621707836467972,0
1.135331511497498,0.023113363957732974,0
1.145344257354736,0.014448084283263385,0
1.138446450233459,0.011759381392323574,0
1.142204403877258,0.0069013888665215,0
1.145383477210999,-0.00018564674216648135,0
1.14078414440155,-0.00697621897707529,0
1.142804861068726,-0.01607151167068543,0
1.143746018409729,-0.027007798262631055,0
1.150933384895325,-0.03739340598496367,0
1.160025477409363,-0.04071746433708479,0
1.155668497085571,-0.04266065380844907,0
1.155134558677673,-0.04067116881848531,0
1.148263812065125,-0.04402178278324473,0
1.147749781608582,-0.04017999765432073,0
1.151277899742126,-0.037300830253540196,0
1.150086283683777,-0.03297279837235711,0
1.159904479980469,-0.03051486579524225,0
1.161224365234375,-0.027070057913576463,0
1.168374419212341,-0.030015384304454575,0
1.1692214012146,-0.02801360815874524,0
1.17274534702301,-0.024907756535562514,0
1.178717017173767,-0.01821472216919371,0
1.180553913116455,-0.014490531540023475,0
1.18002450466156,-0.007909579943721434,0
1.177149176597595,0.003043807604371904,0
1.178078293800354,0.01340694499451018,0
1.173653841018677,0.025696741071921936,0
1.172456622123718,0.038872983436685334,0
1.17311692237854,0.05002128310108465,0
1.170274972915649,0.05847203987125861,0
1.168210625648499,0.07228472744767088,0
1.166629791259766,0.08001366446773757,0
1.160739183425903,0.0854137995508323,0
1.163575410842896,0.07627742274182062,0
1.161548137664795,0.07468448736166759,0
1.163074612617493,0.0762611756519022,0
1.169453859329224,0.0697611581439787,0
1.17391562461853,0.06184225966671563,0
1.17742645740509,0.06434199983535574,0
1.175613164901733,0.06829026275333241,0
1.175682187080383,0.06437740782502731,0
1.159675717353821,0.05499191549032464,0
1.155094504356384,0.04516119687610047,0
1.142935514450073,0.03653901607339404,0
1.142374038696289,0.026059606157366695,0
1.158668041229248,0.015449523996093114,0
1.158412933349609,0.011934081588861879,0
1.157916665077209,0.0063358814239743416,0
1.166316747665405,0.00045893920789864584,0
1.167665004730225,-0.0023813877773672717,0
1.164795279502869,-0.003089163213311798,0
1.161844968795776,-0.004413728450007116,0
1.167705893516541,-0.006954080602187434,0
1.171289324760437,-0.008080107102198416,0
1.16513454914093,-0.010800508797139848,0
1.170658707618713,-0.010139507728810632,0
1.166833877563477,-0.013437165756587434,0
1.164252758026123,-0.014694076774663023,0
1.165175199508667,-0.016398984275876338,0
1.16130530834198,-0.017705621459154407,0
1.170960187911987,-0.023794002903905796,0
1.161844968795776,-0.022591003285049253,0
1.163941144943237,-0.024393724932281795,0
1.164795279502869,-0.023528833086143817,0
1.168156027793884,-0.023793866746632766,0
1.169180393218994,-0.02092455487121825,0
1.171591281890869,-0.020890902043472735,0
1.163602590560913,-0.016805014013800062,0
1.16604483127594,-0.021419201494279307,0
1.165691375732422,-0.034426285882833675,0
1.171316862106323,-0.04931421658158625,0
1.176913619041443,-0.06089164107860072,0
1.170274972915649,-0.07620693592225665,0
1.170343518257141,-0.08385936134026482,0
1.173474788665771,-0.08255520658045416,0
1.172649145126343,-0.0963464587803893,0
1.176373720169067,-0.09791045030644438,0
1.187140822410583,-0.10278634403347507,0
1.182634115219116,-0.09216978557826518,0
1.17910623550415,-0.09604799697815623,0
1.173695087432861,-0.10455880230606814,0
1.180108070373535,-0.10687277276721287,0
1.181446552276611,-0.09389556616849103,0
1.174467086791992,-0.09151747222021231,0
1.166275978088379,-0.09926254558515353,0
1.170823097229004,-0.10685351345579985,0
1.173144340515137,-0.12072587251514642,0
1.173584938049316,-0.11651774002906051,0
1.173405885696411,-0.13622805179979708,0
1.172511696815491,-0.15907619926373523,0
1.171248197555542,-0.15511222717907647,0
1.171028733253479,-0.17344486206802978,0
1.165460348129272,-0.17049066146542682,0
1.163196444511414,-0.18794911839403192,0
1.156644344329834,-0.18057739967442388,0
1.160240888595581,-0.1701381771348926,0
1.156684517860413,-0.1612316136058663,0
1.160227417945862,-0.14838654826064462,0
1.164632439613342,-0.12608268456449426,0
1.169960141181946,-0.11563847667017609,0
1.165745735168457,-0.1126866911191348,0
1.164442539215088,-0.10735752574729351,0
1.160038948059082,-0.10546524018621849,0
1.160846948623657,-0.08012523922126279,0
1.161804556846619,-0.06253074966225712,0
1.163169384002686,-0.05028562180123537,0
1.165175199508667,-0.035542233269004145,0
1.165786504745483,-0.015481277633499808,0
1.160335183143616,0.003972060578994591,0
1.157246708869934,0.007717578007223336,0
1.152804255485535,0.007389729040592321,0
1.151914477348328,0.0003143908292225315,0
1.148553967475891,-0.018158504706217337,0
1.149676442146301,-0.01844262987797383,0
1.154921174049377,-0.029320535114286273,0
1.154387831687927,-0.02167228973716961,0
1.15572202205658,-0.030170938939286778,0
1.158748626708984,-0.04307088712090603,0
1.159218668937683,-0.050877934407112975,0
1.163196444511414,-0.05860052752024888,0
1.161534547805786,-0.06882787248027833,0
1.159057378768921,-0.06697910224004718,0
1.158117771148682,-0.07201872459976727,0
1.154068112373352,-0.0729652902270313,0
1.15345573425293,-0.08263261090270387,0
1.150761246681213,-0.0906946623446492,0
1.152007341384888,-0.06776629731659405,0
