signal,anomaly_score,is_anomaly
-1.5448361949362996,-0.9142675358265973,0
-1.5899399836356527,-0.9132991400474803,0
-1.7041272095177742,-0.9072443895706208,0
-1.744092782135486,-0.9128731851112131,0
-1.7503731144061787,-0.8979456386911615,0
-1.850286937053035,-0.883682172395543,0
-1.9056677024027908,-0.8910195423003574,0
-1.9033840145118093,-0.8615680844640591,0
-1.8622765434998945,-0.8415338812654701,0
-1.9639032137380548,-0.8285858463811892,0
-2.018713138788134,-0.8056295785309721,0
-2.127761930793766,-0.8170523057996216,0
-1.9576228814673624,-0.8031962625431475,0
-1.80575398865336,-0.7759982828195552,0
-1.9113770854763823,-0.7664252805911435,0
-1.8480031402646293,-0.7713943313604034,0
-1.799473656382667,-0.7540877823509753,0
-1.74694741922357,-0.7403037501038021,0
-1.724110104724054,-0.7270885411299208,0
-1.838297221708752,-0.7145690733610147,0
-1.937640204055931,-0.7039086603317088,0
-1.8006155547768696,-0.6915222043463557,0
-1.8325879475325857,-0.6827697479983864,0
-1.879975641917768,-0.6790904647035441,0
-1.9484879121085863,-0.6588798430834849,0
-2.048401734755443,-0.6506614502850716,0
-2.0763775920288725,-0.6410898769160319,0
-2.1471737679055205,-0.6409663642188801,0
-1.962761315343852,-0.6221126881461421,0
-1.985598738740792,-0.6232877794645241,0
-1.8931071467588307,-0.6122277262073668,0
-1.8868268144881384,-0.5943283107675098,0
-1.9513426580940945,-0.5803197899013964,0
-1.8462904015707484,-0.5709603637559809,0
-1.8240238184734865,-0.5644696160872404,0
-1.808037567646916,-0.5548458838233796,0
-1.7555115482826682,-0.5419205746534884,0
-1.772068748306339,-0.5379445153330249,0
-1.716687874059159,-0.5265466617366718,0
-1.6795769385295294,-0.5191354186357227,0
-1.6647326949945875,-0.5105627152798197,0
-1.669871128871077,-0.5123393754846467,0
-1.5927948385185846,-0.5059698147620657,0
-1.4797492932358167,-0.4976044010860472,0
-1.5596804384712415,-0.5013326351504063,0
-1.4574828190359796,-0.49345188712270016,0
-1.4831749884184264,-0.4881305540351464,0
-1.4454932125891202,-0.47920574956271283,0
-1.5208567642477326,-0.4837225015411246,0
-1.5688154078300176,-0.4827824491408958,0
-1.447777009377526,-0.47190631795610216,0
-1.348434027030347,-0.46294705315595047,0
-1.3918252948306693,-0.45424450533274174,0
-1.3649912270540183,-0.45534780709635236,0
-1.2770670108540212,-0.44503090544062934,0
-1.3718423996243885,-0.44843418030486165,0
-1.390683396436465,-0.44006122162401334,0
-1.394679931918752,-0.4371570398183062,0
-1.458053877130505,-0.42245837003424686,0
-1.4557700803420992,-0.4160098615183308,0
-1.454628181947896,-0.4101420032450522,0
-1.5431232384475708,-0.3986434175956056,0
-1.6053552852651205,-0.3859720871749482,0
-1.5945075772124648,-0.37591188184902086,0
-1.488313422294916,-0.3679054438866981,0
-1.516289388465769,-0.3619241611695933,0
-1.3758389351066749,-0.3511007397707205,0
-1.339299057671571,-0.3510326111691967,0
-1.2359597576369548,-0.3473590600568816,0
-1.2593681302309958,-0.34416703785008473,0
-1.274212373765938,-0.3384003880139538,0
-1.339299057671571,-0.33372806813383055,0
-1.3724134577189138,-0.3308037772955596,0
-1.2981915866596558,-0.3293908454318724,0
-1.2096965301599818,-0.3319785551118259,0
-1.1782950866013675,-0.32064874635151197,0
-1.1468936430427543,-0.3217752000679901,0
-1.2091256898603044,-0.3198016408170332,0
-1.12919454462488,-0.3178512280459826,0
-1.0555437316601477,-0.3195659238913281,0
-1.015578376837284,-0.32494831787048506,0
-1.0218587091079767,-0.3255248773382056,0
-1.08694539301361,-0.3251167398234072,0
-1.1514610188247172,-0.32789786354183853,0
-1.1440390059546706,-0.3281890599593215,0
-1.1132084026957343,-0.326607248035427,0
-1.09379656558398,-0.3272573547564965,0
-1.163450843066426,-0.3241801150096839,0
-1.09379656558398,-0.32265607504113003,0
-1.0041596106901025,-0.3195758428150901,0
-0.977325542913452,-0.31549978595175665,0
-1.005301509084305,-0.31720783266193303,0
-0.9190900315781884,-0.31614291961662966,0
-0.8854047912311679,-0.31373053452765715,0
-0.8922561815963873,-0.312083546473857,0
-0.8939689202902671,-0.31078722186062324,0
-0.917377292884308,-0.3111575114775792,0
-0.8985362960722303,-0.31155094546108875,0
-0.8677059106081425,-0.31239957095041593,0
-0.8140377750548419,-0.3114421498355544,0
-0.8186053686316548,-0.30780234624727,0
-0.8271692798959044,-0.3019325510053833,0
-0.840301002531816,-0.3009748914695107,0
-0.845439436408305,-0.3003099534963793,0
-0.8363044670495293,-0.30006168467119526,0
-0.8677059106081425,-0.3072612190052417,0
-0.8066157621847961,-0.3065429780272385,0
-0.7683629282609635,-0.31079729130857475,0
-0.7186915459847983,-0.3145250442173798,0
-0.7569441621137811,-0.31867465031594533,0
-0.8420137412256957,-0.3250573906262978,0
-0.852861449278352,-0.3268707671825967,0
-0.8751279234781894,-0.3367553936855679,0
-0.9025330493493658,-0.33881432044616844,0
-1.005301509084305,-0.3423820991922252,0
-0.904245788043246,-0.34594419165771784,0
-0.8248857009023469,-0.35048982940616863,0
-0.8545744057670812,-0.35772502631932207,0
-0.8385880460430868,-0.3618067593291664,0
-0.7826363314962287,-0.36532435724917744,0
-0.9236576251550004,-0.3688659609100933,0
-0.9984501187190868,-0.3744755119551236,0
-0.911668018708142,-0.3752543778101792,0
-0.7957678363372912,-0.3738674058216784,0
-0.8842628928369651,-0.37753439175573383,0
-0.846581117007659,-0.37471295402232524,0
-0.983035034884468,-0.3802073748663557,0
-0.9356472316018596,-0.3760429886877684,0
-1.0663916575076524,-0.37955124284345704,0
-1.0509763558781842,-0.3690835833752602,0
-1.0880872914078137,-0.37218946372604567,0
-0.9716162687372856,-0.36069647289294376,0
-1.0886581317074904,-0.3572824262079401,0
-1.035561054248716,-0.3542553655196892,0
-1.0201457526192477,-0.34087469671077625,0
-1.060682165536637,-0.3400381430641668,0
-1.0943674058836563,-0.3307577440698235,0
-1.077810423654835,-0.3213725090411969,0
-1.0886581317074904,-0.3128463650650002,0
-1.1206306333606304,-0.30859348321789537,0
-1.1811497236894517,-0.30566071064208566,0
-1.1931395479311593,-0.29637044120449585,0
-1.25023316087222,-0.285871406639082,0
-1.2947661092718956,-0.2799809973183265,0
-1.268503099589772,-0.27263375503014625,0
-1.3564270979949191,-0.2655310863910917,0
-1.3878287593483825,-0.25667663561690796,0
-1.312464989894921,-0.25145867247250664,0
-1.2496621027776935,-0.24494667064804615,0
-1.2570843334425894,-0.2392069536002785,0
-1.1874300559601436,-0.22879122162837195,0
-1.2017034591954088,-0.22331450759866261,0
-1.2622227673190785,-0.2203932495581032,0
-1.1605959881834933,-0.20754825962755014,0
-1.1035023752424324,-0.2012736647476739,0
-1.0321353590661064,-0.1964580338867929,0
-0.9841767154838216,-0.19411678911677668,0
-0.9721871090369628,-0.18971414293494795,0
-0.890543225107658,-0.18466769217867213,0
-0.8734151847843092,-0.17937090816634638,0
-0.9573428655020204,-0.17689253211574169,0
-0.8973946154728768,-0.17501985393455916,0
-0.9733290074311656,-0.17399842057230508,0
-0.941356505778026,-0.1701349072105619,0
-0.9236576251550004,-0.1643027215778104,0
-0.9613394009843068,-0.1589664479942856,0
-0.9973084381197332,-0.15274888017768135,0
-1.0915127687955737,-0.14768593503990127,0
-1.179436984995571,-0.14074469587209554,0
-1.1063572301253652,-0.13224956257733617,0
-1.0840905381306778,-0.1268270602518217,0
-1.045837922001695,-0.1185936674009996,0
-0.9247995235492033,-0.11175498791457852,0
-1.0241422881015343,-0.10755649686666016,0
-1.0007339155074932,-0.10161838237767508,0
-1.0800940026483912,-0.09669083713390944,0
-1.1554575543070038,-0.08945138343732191,0
-1.1366167752897751,-0.0829009751931867,0
-1.1868592156604665,-0.07485539191000493,0
-1.1714439140309982,-0.0679957724987767,0
-1.163450843066426,-0.060178244975134895,0
-1.0549728913604706,-0.05234781707289085,0
-0.9990211768136128,-0.045600346945464505,0
-1.1040734333369586,-0.040279329519471815,0
-1.0212876510134508,-0.03245637848584961,0
-1.0932257252843027,-0.026558513348419948,0
-0.9573428655020204,-0.018973510588117894,0
-0.9128096993074956,-0.013518672966635184,0
-0.8894013267134546,-0.00849873721057254,0
-0.8568579847606375,-0.0040288879100033636,0
-0.863709375125857,-1.7130330720217512e-05,0
-0.798622473425374,0.0030838208801257194,0
-0.7637955524790006,0.005994127593163696,0
-0.7997643718195767,0.008326897305490773,0
-0.7438126572727198,0.010931700734659038,0
-0.7786397960139424,0.010530755063261673,0
-0.7637955524790006,0.010111415538855374,0
-0.76893398635549,0.008574823050309538,0
-0.792342358949531,0.006990393283094558,0
-0.7723594637432502,0.00488925691893727,0
-0.697566970179164,0.0036447441045421333,0
-0.7643663927786771,0.0015839485234449547,0
-0.7403871798849596,0.0002717225747530947,0
-0.7592279589021877,-0.001869877045737581,0
-0.791200460555327,-0.0044109052874213486,0
-0.8357334089550031,-0.006035993070856319,0
-0.8049028056960669,-0.00728423818703956,0
-0.8631383170313304,-0.008665829226608142,0
-0.9681905735546762,-0.009483888151629241,0
-0.9790384994021812,-0.008149624001826304,0
-1.0549728913604706,-0.005816205207152311,0
-1.09379656558398,-0.0019019001281764276,0
-1.1274818059309997,0.0025464186500823343,0
-1.0806650607429178,0.00741338125714215,0
-1.0755266268664283,0.0121664023832258,0
-1.0589694268427567,0.016760437521776576,0
-1.09379656558398,0.021315014932560102,0
-1.1703020156367951,0.027138917770522082,0
-1.0281388235838198,0.03442660679927062,0
-1.0418413865194085,0.04007635696158861,0
-1.0504055155785073,0.04495129563804726,0
-1.0349902139490392,0.05124862678082672,0
-0.9322215364192502,0.05647873585843972,0
-0.9013911509551624,0.0596253959517029,0
-0.9053876864374486,0.06052034894717856,0
-1.0138654203485546,0.06236665231596725,0
-0.9556299090132911,0.06474107853068704,0
-1.0612532236311631,0.06643891205298096,0
-0.8208891654200614,0.06895579551968319,0
-0.7283973556432507,0.0685776974523612,0
-0.6929993766023512,0.06700167724747852,0
-0.686719044331659,0.0648835077302491,0
-0.7358195863081468,0.06321759609166407,0
-0.8020481686079833,0.06096506180507413,0
-0.7409580201846362,0.06020203405168652,0
-0.7032762443553301,0.05606940016905292,0
-0.6273416346021916,0.05222544512415408,0
-0.618777723337942,0.04810369447838905,0
-0.7295392540374546,0.04272318624533188,0
-0.7375323250020265,0.04013879482923954,0
-0.6804387120609656,0.03794835965659648,0
-0.6678782653144297,0.03515644105861587,0
-0.6615979330437376,0.032980659051004474,0
-0.6467534717139463,0.030411339177570076,0
-0.6204904620318221,0.027655129560168166,0
-0.6164939265495357,0.025078676052194146,0
-0.5662514861788441,0.023154874721891674,0
-0.5571165168200684,0.020532614292277335,0
-0.5736737168437401,0.018578129418349056,0
-0.5765283539318238,0.01661550977826479,0
-0.655888441072722,0.013312933190412525,0
-0.6027915814087967,0.011362275330367235,0
-0.5742447749382663,0.008699935626693349,0
-0.5611130523023551,0.004641458721567733,0
-0.6770132346732055,0.0005534990926061365,0
-0.7420999185788393,-0.0025078032399829093,0
-0.6604560346495345,-0.004979269145886991,0
-0.6170649846440619,-0.007832297617262268,0
-0.6536048620791646,-0.012845758598561414,0
-0.6473245298084724,-0.017466978252605545,0
-0.7272554572490479,-0.02214890540066627,0
-0.7106984750202253,-0.025395538585921466,0
-0.6507502249910817,-0.028922039629523104,0
-0.6319092281790041,-0.0344163303990078,0
-0.60735895719076,-0.03979201177064173,0
-0.6319092281790041,-0.04586745412990028,0
-0.5731028765440628,-0.05170869512624568,0
-0.6079300152852861,-0.05915810833682018,0
-0.638760400749374,-0.06654705856061362,0
-0.6284835329963944,-0.07336906639758627,0
-0.567393384573048,-0.0790711960638686,0
-0.5868052216848026,-0.08734801972058588,0
-0.5702480216611309,-0.09324217776288249,0
-0.6170649846440619,-0.09959407500255184,0
-0.665023628226347,-0.10538725128575376,0
-0.655317600773045,-0.10937838967003119,0
-0.6176358249437389,-0.11457476784144352,0
-0.5685352829672508,-0.12052600361615719,0
-0.6216323604260252,-0.12577602131968765,0
-0.6062170587965569,-0.13145032752334546,0
-0.6113554926730463,-0.13674347034988657,0
-0.5970820894377812,-0.14198418920708697,0
-0.5947982926493744,-0.14701469194741631,0
-0.5571165168200684,-0.14898817397647823,0
-0.583950584596719,-0.1542100696235272,0
-0.534850042620231,-0.16002288603374962,0
-0.5611130523023551,-0.16583471227231186,0
-0.5576875749145949,-0.16998747357338778,0
-0.5599713717030012,-0.1730555434902182,0
-0.5702480216611309,-0.17920713345341774,0
-0.6399022991435768,-0.1846898158517785,0
-0.5987948281316612,-0.18682918335322793,0
-0.6062170587965569,-0.19001339067456885,0
-0.6096427539791662,-0.1915498352620205,0
-0.7729305218377756,-0.1969426974424397,0
-0.8300241347788363,-0.1953391799496431,0
-0.8751279234781894,-0.19787474179592573,0
-0.8802663573546784,-0.1991614574443965,0
-0.9190900315781884,-0.1981858558815544,0
-0.8540033476725547,-0.1965391271258147,0
-0.8602836799432472,-0.19640517096430224,0
-0.8585709412493667,-0.1971859187152807,0
-0.890543225107658,-0.19739496103122672,0
-0.940785665478349,-0.19869941595314564,0
-0.9008200928606368,-0.19643608854649033,0
-0.9202319299723912,-0.19987663400348726,0
-0.9048166283429232,-0.1996848131254887,0
-0.9185191912785112,-0.20258129194298258,0
-0.8819793138434077,-0.20577733899485812,0
-0.8168926299377747,-0.20500937612209008,0
-0.76893398635549,-0.20664365720760258,0
-0.7546605831202249,-0.21014036009330053,0
-0.775214100831333,-0.21198166659594553,0
-0.73011031213198,-0.21359093099366486,0
-0.7232589217667612,-0.21546234303802803,0
-0.691857478208148,-0.22062585832133563,0
-0.6610268749492114,-0.22559567335708866,0
-0.6130682313669265,-0.23211381735041406,0
-0.5947982926493744,-0.2355311154723736,0
-0.6113554926730463,-0.24148096181127984,0
-0.60735895719076,-0.24692191457577753,0
-0.63761850235517,-0.25082472739222184,0
-0.6513210652907587,-0.25305834963698365,0
-0.7637955524790006,-0.25719129359259546,0
-0.7735013621374529,-0.25945768191658514,0
-0.8106122976670816,-0.2575587647305498,0
-0.8328787718669199,-0.2593287530769936,0
-0.8140377750548419,-0.2557074028008854,0
-0.8106122976670816,-0.25373989500226674,0
-0.8477230154018625,-0.2572718931696025,0
-0.8271692798959044,-0.2543659877780003,0
-0.8551452460667578,-0.2558730177112436,0
-0.9225157267607974,-0.25536035559665193,0
-0.9133807574020216,-0.25083709446317654,0
-1.0446960236074916,-0.25002956200181564,0
-1.0047304509897796,-0.24564667073368382,0
-0.9927408445429204,-0.24252436692733184,0
-1.0241422881015343,-0.23823333106271227,0
-0.941356505778026,-0.23477841808436564,0
-0.9128096993074956,-0.23030854135102352,0
-0.9122388590078184,-0.23052905513834202,0
-0.8545744057670812,-0.2320908572996191,0
-0.8654221138197367,-0.22859000061968604,0
-0.8420137412256957,-0.23068034249259747,0
-0.8260275992965508,-0.23197789087532317,0
-0.7700756669548435,-0.23296529384883358,0
-0.7472383524553288,-0.2308294528167448,0
-0.7049889830492105,-0.23471747086791486,0
-0.7112693153199027,-0.23430073757914002,0
-0.851719550884148,-0.2369118010315652,0
-0.8003354299141032,-0.23632151828361894,0
-0.8083285008786759,-0.23448195400437247,0
-0.8848339509314913,-0.23493088711327026,0
-0.882550154143085,-0.23114553103123855,0
-0.9225157267607974,-0.22928821802079205,0
-0.9373599702957393,-0.22352864189831625,0
-0.8922561815963873,-0.2191290353582307,0
-1.03327725746031,-0.21713435014468982,0
-1.037844851037122,-0.20947089208795924,0
-1.0269969251896172,-0.20342458281102047,0
-1.012723521954352,-0.19645447472112035,0
-0.9910281058490398,-0.18996089570062563,0
-1.0898000301016937,-0.18371516499745827,0
-1.1052153317311613,-0.173512410135971,0
-1.0892289720071673,-0.16188112447505698,0
-1.120059575266104,-0.1512585078348191,0
-1.1754404495132846,-0.14172479093066964,0
-1.2154060221309966,-0.13070247841304952,0
-1.2034161978892888,-0.11996277336515557,0
-1.1880011140546698,-0.10956085078716286,0
-1.1668763204541863,-0.09977164739534991,0
-1.1177757784776976,-0.08999333399780182,0
-1.0892289720071673,-0.08043635778159061,0
-1.0783812639545114,-0.07110390541713449,0
-1.0150073187427586,-0.06330825492963155,0
-0.9562009671078172,-0.05436858613474449,0
-1.0669624978073298,-0.04594899059325798,0
-1.0446960236074916,-0.035283503588948814,0
-1.1183468365722238,-0.025788247875661183,0
-1.1086408091189217,-0.015186505952897365,0
-1.0721009316838193,-0.005131049213126988,0
-1.0464087623013718,0.004672139579674296,0
-1.012723521954352,0.014704040259982535,0
-0.9864605122722282,0.023856015297532587,0
-1.0161492171369613,0.03283429775907521,0
-0.9944535832368,0.040704275759076015,0
-0.9533463300197336,0.048898784075681885,0
-0.9721871090369628,0.056962551624127784,0
-1.0304226203722264,0.06558304053070381,0
-0.9978792784194096,0.07505950899600966,0
-0.9093842219197352,0.083495474972227,0
-0.8602836799432472,0.09033664912597608,0
-0.8437264799195762,0.09737236291548657,0
-0.8054738637905923,0.10432306714893823,0
-0.7792108541084685,0.11071935190770595,0
-0.8368753073492062,0.11618763385304108,0
-0.8123250363609622,0.12330174248974081,0
-0.8442975380141016,0.12984439229763955,0
-0.8128958766606391,0.13903705426616972,0
-0.8237438025081442,0.1459865870908615,0
-0.8363044670495293,0.15311622180899354,0
-0.8140377750548419,0.16268062981938547,0
-0.869418649302023,0.17070486635957574,0
-0.8562871444609609,0.1780594695572088,0
-0.9265122622430836,0.18633402027408077,0
-0.92879605903149,0.19631838837908144,0
-0.9727581671314884,0.20735918284156418,0
-0.955059068713614,0.22070266222803783,0
-0.8739862428788354,0.23094365590249433,0
-0.9390729267844684,0.2541836601612956,0
-0.9236576251550004,0.2948200126052911,0
-0.8796955170550018,0.306991184143323,0
-0.9356472316018596,0.31484745651155804,0
-0.910526120313938,0.32460445864068227,0
-0.9847477735783476,0.3345587062802753,0
-0.9921700042432438,0.3439727741261762,0
-1.01957491231957,0.36562757863604206,0
-0.9470659977490417,0.37677855766631335,0
-0.9436403025664324,0.38914830320927857,0
-0.8654221138197367,0.3998193689497686,0
-0.8368753073492062,0.4135524898215776,0
-0.8408718428314925,0.4183415231385925,0
-0.9327925945137764,0.426959248110647,0
-0.8991073541667565,0.44465458512031125,0
-0.8899723848079807,0.4590050808390071,0
-0.8288822363846337,0.46556804601088186,0
-0.7951969960376137,0.47843171428449255,0
-0.7951969960376137,0.48743689112639893,0
-0.7940550976434106,0.49742660281206796,0
-0.8186053686316548,0.5058350909784836,0
-0.7655082911728802,0.5038352946866513,0
-0.7575152202083076,0.5072424492862514,0
-0.7512348879376151,0.5197796072951695,0
-0.662168773343415,0.5313492364094071,0
-0.6815806104551696,0.5376497927064229,0
-0.666736366920227,0.5451110259319139,0
-0.6998505491727203,0.5511418704910769,0
-0.6935704346968773,0.5606380560976788,0
-0.7558022637195784,0.5706981237222276,0
-0.7649374508732033,0.5808863122671671,0
-0.7900585621611244,0.5934228886572883,0
-0.7438126572727198,0.6006118461085959,0
-0.829453076684311,0.6143458317498532,0
-0.8128958766606391,0.6256428041911843,0
-0.7363906444026729,0.6405306996746841,0
-0.714695010502512,0.6504269346151161,0
-0.7546605831202249,0.6617334170691748,0
-0.7061308814434133,0.6811006987745585,0
-0.6821516685496949,0.7029526554273204,0
-0.6815806104551696,0.7152368323645694,0
-0.6724456410963938,0.717138664917096,0
-0.7152658508021894,0.7344468497045649,0
-0.7049889830492105,0.7461209283299222,0
-0.6804387120609656,0.7627209726105295,0
-0.6478953701081498,0.7718927682466719,0
-0.6644525701318208,0.7946460423722327,0
-0.6381895604496967,0.8181044085785539,0
-0.5662514861788441,0.8280506545246964,0
-0.5519780829435789,0.8359423774969873,0
-0.5388465781025177,0.8524685267458038,0
-0.5434141716793297,0.8641026726003433,0
-0.5297116087437419,0.8685351642025159,0
-0.4669087216265142,0.8868788130521189,0
-0.3692786957680645,0.8949125833837036,0
-0.3778426070323137,0.9027430376220424,0
-0.4001090812321511,0.910408259447445,0
-0.379555563521043,0.9187721053582923,0
-0.4041056167144379,0.928067131872895,0
-0.4029639361150839,0.9396248763709414,0
-0.4634830264439049,0.9606082807297924,0
-0.4846076022495396,0.9489573220005023,0
-0.4954555280970447,0.9513262965618606,0
-0.4149535425619429,0.9468998886527915,0
-0.4412165522440671,0.9524903069333663,0
-0.3989671828379484,0.9513425922973657,0
-0.3310258618442318,0.9510231023595541,0
-0.2779287843854574,0.9477956017593319,0
-0.3258874279677424,0.9364633948376878,0
-0.3327386005381119,0.9279708197958728,0
-0.3721333328561473,0.9254491062201122,0
-0.3664238408851313,0.9254305021271623,0
-0.3116140247324772,0.9235037874723104,0
-0.3624273054028458,0.9165543018409915,0
-0.3538633941385954,0.8974083983257489,0
-0.4486387829089623,0.8959449903411585,0
-0.4069604715973707,0.8921302424164247,0
-0.368707637673538,0.8870156989527201,0
-0.3327386005381119,0.8757381982271751,0
-0.3812683022149231,0.8429182896372971,0
-0.4120989054738601,0.8324088508525065,0
-0.3869775763910899,0.8164845979946509,0
-0.3721333328561473,0.8001351580535462,0
-0.38012640382072,0.7764354557415735,0
-0.3629983634973712,0.7623771322434488,0
-0.3270293263619455,0.7512487085745091,0
-0.3116140247324772,0.735531476766712,0
-0.305333692461785,0.7216256130355866,0
-0.2196932730501939,0.7004425170700969,0
-0.2385342698622711,0.6790586766188369,0
-0.2271155037150891,0.6563450860404517,0
-0.1940013214625954,0.6387173189385359,0
-0.1968559585506782,0.6262902391339643,0
-0.1249178842798269,0.6136537273257328,0
-0.1032224681745148,0.6092310433442384,0
-0.1357658101273319,0.6088189607179549,0
-0.1192086101036601,0.6014687482669845,0
-0.0489834923215368,0.5988342766127798,0
-0.0141563535803143,0.602992466782396,0
-0.0010248487392522,0.6036854356738646,0
0.0275221755261273,0.6060252988179561,0
-0.0050213842215385,0.6041628217949554,0
0.0086811787140492,0.6066319430188398,0
0.0075392803198465,0.6020731666972617,0
-0.0255751197274959,0.5979017702341723,0
-0.0187237293622776,0.5947489065529074,0
0.03722798518458,0.5916698449089891,0
0.1023146690902134,0.59064173403573,0
0.096605394914047,0.592516727827346,0
0.1325742142546239,0.5953873285249348,0
0.099459814207281,0.5917872390166407,0
0.0389407238784601,0.5926743097808074,0
0.0520724465143713,0.5851798683219441,0
0.1131625949377184,0.5881361973657024,0
0.0931794819365885,0.58520419099074,0
0.0189580464670285,0.5751987560977877,0
-0.0244332213332932,0.5627080882121958,0
-0.1157829149210512,0.5437022940253499,0
-0.1523227923561534,0.5264846437480841,0
-0.2636553811501922,0.5099453371376583,0
-0.2585169472737031,0.4984466793059099,0
-0.2642264392447187,0.4854685146758504,0
-0.183724453709617,0.4695335127303432,0
-0.1414750843034979,0.4542660242512797,0
-0.1220632471917433,0.4505564047291234,0
-0.1095025826503578,0.43840454891002845,0
-0.1220632471917433,0.4288251789732869,0
-0.0598312003741931,0.42242256557518076,0
-0.0152982519745174,0.41665658300632286,0
0.0052554835314402,0.4091092295324827,0
-0.046128855233454,0.397358469753841,0
-0.1243470439801495,0.3873785903307734,0
-0.1614577617149296,0.3817045949762318,0
-0.1466135181799874,0.3775829847199309,0
-0.0712499665213751,0.3719197144744323,0
-0.0695372278274954,0.3682134799690744,0
-0.1523227923561534,0.36497108108762066,0
-0.2111293617859434,0.35913367599066864,0
-0.101509511685786,0.35359087041095155,0
-0.1403331859092948,0.35770934774638236,0
-0.1774441214389236,0.35146822401919686,0
-0.1631707182036584,0.3465556046097826,0
-0.1500392133625971,0.3399000641002081,0
-0.0843814713624371,0.33375497042678665,0
-0.100367613291582,0.3326542769015741,0
-0.0238621632387666,0.33128453221531384,0
0.0771933400074432,0.32534461748775273,0
0.0275221755261273,0.3249123302896796,0
0.1177297529248326,0.3236692308945726,0
0.0988891917024532,0.3255236224118447,0
0.0817609335842557,0.3231381614726549,0
0.0320893335132414,0.3237071992181502,0
0.0640620529612303,0.31786102547667205,0
-0.046128855233454,0.31075400987046503,0
-0.0175820487629236,0.30571779546834504,0
-0.0255751197274959,0.29994467477693965,0
-0.0158690922741948,0.2966023678942913,0
-0.100367613291582,0.29140668536595865,0
-0.0227204826394131,0.2859211811708646,0
0.096605394914047,0.27744079545856143,0
0.1713978884781332,0.2706776419077097,0
0.1856712917133984,0.26601894458020875,0
0.2039412304309499,0.26286483438956015,0
0.1371418078314364,0.26041505681061333,0
0.1542696303599356,0.25901207920271013,0
0.2656024369488232,0.25740292251747576,0
0.2553255691958443,0.25703205884399366,0
0.2604637852774845,0.2574584330160795,0
0.2753082466072759,0.2589726688541387,0
0.2216401110539753,0.2561504601628416,0
0.2416232240551052,0.2547834157150486,0
0.2496162950196779,0.25508177445691127,0
0.2444776433483392,0.25004121158476406,0
0.2713117111249896,0.2465733825998629,0
0.1959481594663772,0.24581161441044247,0
0.2347718336898865,0.24121193173582214,0
0.2633186401604169,0.23449832772909537,0
0.3369694531251491,0.2286183787420257,0
0.394634124160736,0.22827689818883468,0
0.2992874595009938,0.22453856088074273,0
0.4180422789599278,0.22054170826279576,0
0.4306029435013129,0.21797338051007978,0
0.3929209498771576,0.21391239099551906,0
0.407765411206949,0.20574468302765175,0
0.4277480886183806,0.20065505849242807,0
0.4380249563713594,0.19688851606885802,0
0.4380249563713594,0.18976342951141947,0
0.4260353499245005,0.1843274992914524,0
0.480845166077155,0.17989121208813905,0
0.4745648338064625,0.18001387450167575,0
0.4580076337827911,0.17948324487402115,0
0.3934920079716837,0.17990009056779366,0
0.2319169788069541,0.1774722673827284,0
0.1662596723964929,0.17765697273130338,0
0.2507579756190318,0.17757245043134703,0
0.1839585530195183,0.1733200007460985,0
0.1137332174425462,0.17198778521829583,0
0.0532141271137253,0.1715659609151182,0
0.0971760174188748,0.17011650714022528,0
0.0520724465143713,0.16911117600227873,0
0.1217262884071189,0.16515751088205013,0
0.1097366819602599,0.16512264190947,0
0.1302904174662177,0.1670317231175599,0
0.145134878796009,0.1719271857562991,0
0.1611210207251543,0.17766961878527873,0
0.1753944239604195,0.1824498747729851,0
0.0709130077367507,0.1831007124913162,0
0.1160170142309525,0.1860646766498856,0
0.0714840658312768,0.18849446709830076,0
0.1371418078314364,0.18293278886902659,0
0.0983181336079271,0.18651630920351658,0
0.2718827692195157,0.18864333857953197,0
0.2433359627489853,0.19531094786032963,0
0.3832151402187049,0.20103388593973212,0
0.5105340887367378,0.21290469633951425,0
0.5499283854650748,0.22184143815374247,0
0.5898941758776364,0.2327654082301011,0
0.5779045694307774,0.24456799599381984,0
0.5893231177831102,0.2545618085078951,0
0.5208109564897166,0.2579676497830197,0
0.5699114984662047,0.26042398196440547,0
0.5727659177594387,0.2676796878035277,0
0.5876103790892301,0.2755077322359349,0
0.3746510111596061,0.2780561294985656,0
0.3717965918663721,0.27802829446987715,0
0.4106202660898813,0.2808112197691612,0
0.242193846559933,0.28492741943592936,0
0.2433359627489853,0.2847910059429496,0
0.2821596369724946,0.28254366756807725,0
0.3221249917953578,0.2820399316179211,0
0.3792186047364186,0.28583335405903987,0
0.2324880369014803,0.2841198027960737,0
0.2684568562420572,0.2822408421133399,0
0.3129902402314312,0.2802965029012444,0
0.3306891208544566,0.2810048294713582,0
0.2781631014902083,0.27406069368333114,0
0.3603776079243409,0.26694909467924677,0
0.2821596369724946,0.2587220655178605,0
0.2193567498552674,0.2595711523793258,0
0.2935781853248274,0.25597480184609456,0
0.2667441175481771,0.24615309986898729,0
0.2964330402077598,0.24509652611284558,0
0.3055677917716863,0.24475467977838658,0
0.1782492788433519,0.2527469492736368,0
0.170826830383607,0.24377271296821942,0
0.2176435755716889,0.24204921212197406,0
0.1930933045834449,0.23589835217714367,0
0.1839585530195183,0.23288064104167253,0
0.0680585884435166,0.23766543167246906,0
0.0937505400311146,0.23151229458545203,0
0.119442927208411,0.22542549874478005,0
0.1491314142782953,0.2218190696658492,0
0.2016574336425436,0.2182165905150293,0
0.2307752982076002,0.2194148837757541,0
0.2290625595137201,0.2147093528949923,0
0.2798758401840883,0.21229042771037757,0
0.2884399692431871,0.21644639233230686,0
0.2690279143365833,0.218993097094791,0
0.3249798466782901,0.21431592038406894,0
0.3672289982895596,0.2146430802830097,0
0.3415370467019616,0.20617107931713646,0
0.3455335821842479,0.20824885407743488,0
0.2798758401840883,0.20185080552768753,0
0.2256366465362616,0.19677102428293852,0
0.2244949659369076,0.1906247658343701,0
0.2125053594900487,0.19055217495645896,0
0.3101353853484988,0.1895757143344763,0
0.3740803886547783,0.18441576097202975,0
0.2724533917243435,0.18565036172515287,0
0.2952909240187075,0.18614551840176904,0
0.2907237660315934,0.1830164878044082,0
0.3443914659951956,0.18139361685640595,0
0.4169005983605739,0.1767862345235462,0
0.3986306596430224,0.17689963063736805,0
0.3974885434539701,0.1771255441707263,0
0.4717104145132285,0.17999716058685658,0
0.4831289628655613,0.1815205171727513,0
0.4425925499481719,0.18018571459016644,0
0.4739942113016347,0.18461743289406346,0
0.538509837112742,0.18811676733052612,0
0.6555519178777959,0.19114304606212848,0
0.6515553823955096,0.1949171499857223,0
0.7189258630895493,0.1981228402183335,0
0.6001710436306152,0.20334952194486447,0
0.600741666135443,0.20674748767991366,0
0.597887246842209,0.21447674666517902,0
0.6361398629711921,0.2142533260113992,0
0.5339422435359296,0.21959822003810767,0
0.4083364693014751,0.22872410882454605,0
0.4294608273122607,0.2289118411851162,0
0.4545821563950309,0.23333031972640683,0
0.4625752273596035,0.23508825364277228,0
0.3386821918190292,0.2415343967187936,0
0.275879304701802,0.24410672340590184,0
0.3027133724784523,0.24594490893991558,0
0.3055677917716863,0.24757736142533404,0
0.1491314142782953,0.2493694527196554,0
0.1713978884781332,0.25486304854813746,0
0.2005157530431897,0.2561184420515899,0
0.2153597787832827,0.25733109512391056,0
0.1839585530195183,0.26032309257035746,0
0.1348580110430302,0.26115600691751134,0
0.0851864109720158,0.25898701336936425,0
-0.0073051810099452,0.2587971825705577,0
-0.0387066245685584,0.252280552404022,0
-0.040990421356965,0.25031889215508235,0
-0.0918037020273324,0.24887694456219644,0
-0.1226343052862695,0.24839722661819275,0
-0.1797279182273302,0.24672581447750966,0
-0.2071328263036579,0.246659893420571,0
-0.2219770698385997,0.294487163761141,0
-0.4640540845384315,0.29519232497168874,0
-0.4320815828852913,0.30615460115777043,0
-0.420091976438432,0.31060219358910196,0
-0.420091976438432,0.31612292000421466,0
-0.4029639361150839,0.32256011602588525,0
-0.5930855539554948,0.3252707460312613,0
-0.5245731748672524,0.32829393330753026,0
-0.7649374508732033,0.335535635524308,0
-0.6958540136904348,0.3412289971170143,0
-0.6998505491727203,0.34539232196305586,0
-0.7723594637432502,0.3495216393055237,0
-0.7061308814434133,0.36540200459738575,0
-0.7358195863081468,0.37457509098898145,0
-0.6204904620318221,0.37891572476653673,0
-0.6033624217084737,0.38270464321176945,0
-0.703847084655007,0.3814316497053095,0
-0.6399022991435768,0.3878576295723743,0
-0.7318230508258604,0.38654739642826735,0
-0.6947121152962309,0.3923206367026821,0
-0.7232589217667612,0.3940921031232442,0
-0.6416150378374568,0.40619196748926273,0
-0.7204042846786785,0.4115127566163862,0
-0.7957678363372912,0.41858118273990097,0
-1.003588552595576,0.4312603341996813,0
-0.9487787364429217,0.4480495185495192,0
-1.0241422881015343,0.45674367549909317,0
-1.0406994881252054,0.4713451170258015,0
-1.2154060221309966,0.48684361194441356,0
-1.0047304509897796,0.5017211880092237,0
-1.096651202672063,0.5164902637348548,0
-1.0555437316601477,0.5306748218126432,0
-1.0509763558781842,0.5523343547860409,0
-0.9864605122722282,0.5666205859093597,0
-0.955059068713614,0.5823573456581495,0
-0.9053876864374486,0.5882781120046315,0
-0.8734151847843092,0.598615074421487,0
-0.801477328308306,0.6130100356481072,0
-0.6541757023788419,0.6285684804665227,0
-0.6410441975377799,0.6315174787231626,0
-0.6981378104788406,0.6317881825493803,0
-0.7597990169967138,0.638815447149887,0
-0.6684491056141071,0.6409781460377634,0
-0.6570303394669247,0.6337275164508505,0
-0.6707329024025134,0.6460034140743947,0
-0.5719609781498601,0.6470872239144855,0
-0.642186095931983,0.6472960234159789,0
-0.6393314588438993,0.6491234639411766,0
-0.6102135942788436,0.6362278657846003,0
-0.578241310420553,0.6334193969755738,0
-0.6753002781844767,0.6411342796296806,0
-0.5999367265258639,0.6458025508148721,0
-0.547410707161616,0.6508136975815194,0
-0.5725318184495375,0.6512518555984844,0
-0.4886043555266751,0.6594623069662073,0
-0.5285697103495379,0.6686539853784474,0
-0.5799540491144327,0.671838344071947,0
-0.5599713717030012,0.6679407337479717,0
-0.6381895604496967,0.6797720861047519,0
-0.6336219668728845,0.6829769397918563,0
-0.6513210652907587,0.6877827920382606,0
-0.6119265507675729,0.6835758123305973,0
-0.5662514861788441,0.6891315370172781,0
-0.5371338394086371,0.6963377600917086,0
-0.4697633587145974,0.7038116419135191,0
-0.4412165522440671,0.7047952997948093,0
-0.3938289667563082,0.707451609114734,0
-0.3915451699679015,0.7107353272250386,0
-0.3744171296445536,0.7012905044669518,0
-0.47604369098529,0.7001796509426949,0
-0.4749017925910869,0.6929733925344915,0
-0.3926870683621055,0.6967769219187449,0
-0.376700708638111,0.6880814396778362,0
-0.4577737522677385,0.6833159302609065,0
-0.4126697457735367,0.6914671310336478,0
-0.4143824844674164,0.6923237186771438,0
-0.4337943215791718,0.7008279454693517,0
-0.4086732102912503,0.6913093671186136,0
-0.4423584506382702,0.7028952314614488,0
-0.4012509796263551,0.698435199052829,0
-0.396683603844391,0.6960544129441061,0
-0.3173235167034928,0.6889449464734086,0
-0.297340621497212,0.686439292012697,0
-0.3024790553737014,0.6835365994166667,0
-0.2699357134208847,0.6698419511332844,0
-0.2733614086034936,0.661713032158043,0
-0.2276863440147661,0.6454871290016693,0
-0.2191224327505165,0.6462994442979141,0
-0.2727903505089683,0.6419787567442858,0
-0.285351015050353,0.6496435384874799,0
-0.2214062295389231,0.6451888337195004,0
-0.2516657747033332,0.633667641563491,0
-0.2579461069740257,0.6233107146008535,0
-0.2099874633917407,0.6112787256640383,0
-0.1272016810682328,0.6031316419172862,0
-0.0706789084268489,0.5969184173275527,0
-0.0775302987920672,0.5853777702234012,0
-0.0980840342980258,0.5799529762988337,0
-0.0421321019563185,0.5744416520061134,0
0.0332314497022937,0.570679095802448,0
0.0092520190137266,0.5564746740285711,0
0.0452210561491526,0.554358757965979,0
-0.0135852954857881,0.5517966292125986,0
0.0041135851372371,0.5480636378955437,0
-0.0238621632387666,0.5407473608574164,0
0.0132487722908621,0.5175063679975034,0
-0.0033086455276584,0.5229056335650841,0
0.0103939174079297,0.516289053723027,0
0.1074528851718537,0.5183148181825308,0
0.1417094014082488,0.5053945479080512,0
0.1183008110193587,0.504402261311918,0
0.0794771367958494,0.5085851709217147,0
-0.0295716552097826,0.4911953872047831,0
-0.0181528890626006,0.49412367488631476,0
0.0052554835314402,0.49451011133793443,0
-0.0124436148864346,0.48952107351978214,0
-0.1146410165268472,0.480065105136024,0
-0.1072190036568015,0.4834682217366383,0
-0.0895199052389266,0.4824052442638032,0
-0.1380493891208882,0.47250674150184024,0
-0.0969421359038219,0.4745504857933079,0
-0.1209213487975402,0.470577372852252,0
-0.1232051455859464,0.47024650124132567,0
-0.1586031246268467,0.46349027649244434,0
-0.1163539730155765,0.4543412788615065,0
-0.1026514100799887,0.44619835198670793,0
-0.0541219261980263,0.4412034035551249,0
-0.0604022584687192,0.43862589916340744,0
-0.040990421356965,0.42161246730197666,0
-0.047270535832808,0.4132186223484023,0
-0.1369077085215347,0.40195091496554264,0
-0.3373061941149244,0.40197613262813187,0
-0.2961987231030093,0.39491317580927415,0
-0.2670810763328015,0.3852039335632876,0
-0.2859218553500296,0.38115194827290017,0
-0.4126697457735367,0.3763487229925028,0
-0.5890890184732085,0.38548355598253153,0
-0.6033624217084737,0.370966091141971,0
-0.5902309168674116,0.3715849462041356,0
-0.6929993766023512,0.3732046102884504,0
-0.6410441975377799,0.37881869658915535,0
-0.5611130523023551,0.38311070303998945,0
-0.6027915814087967,0.3807419329874318,0
-0.6022205233142706,0.3858665813457144,0
-0.7238299798612878,0.3784611578289786,0
-0.658743295955654,0.37802440924770386,0
-0.6456117911145923,0.3805022770139495,0
-0.678725973367086,0.3858567817676216,0
-0.5662514861788441,0.39500941447729565,0
-0.5742447749382663,0.39104487943561067,0
-0.4092440505909269,0.3936333768612015,0
-0.3647111021912517,0.39471589561077464,0
-0.337877034414601,0.3979249461824959,0
-0.3418735698968877,0.39882902599090914,0
-0.2533785133972137,0.4009777449159939,0
-0.2505238763091301,0.3988871030082433,0
-0.305333692461785,0.3955285339046819,0
-0.2699357134208847,0.3881745737129959,0
-0.4320815828852913,0.3850716622725692,0
-0.3698495360677411,0.39898531509515445,0
-0.3601437264092884,0.39987844043240406,0
-0.3515795973501896,0.404653108735955,0
-0.3418735698968877,0.40956104595701076,0
-0.1934302633680693,0.40931067531125614,0
-0.2065617682091314,0.40793831610846376,0
-0.205990927909454,0.4053686574824366,0
-0.2419597472500313,0.4060791758291768,0
-0.3538633941385954,0.4068503474035211,0
-0.4018220377208804,0.40607947108157477,0
-0.4863205587382689,0.4009122354609246,0
-0.4674795619261916,0.4088350088074397,0
-0.4337943215791718,0.4171269274122482,0
-0.4023928780205578,0.41512649218656994,0
-0.4532061586909264,0.41505566464721566,0
-0.4452130877263534,0.4231602849157229,0
-0.4349362199733745,0.42162241317151034,0
-0.396683603844391,0.4240626437712667,0
-0.3293131231503517,0.423359683955459,0
-0.2990533601910921,0.4281815694858894,0
-0.5633968490907613,0.43080614529221484,0
-0.4657668232323111,0.439152507014299,0
-0.5211476974794923,0.4376095414518024,0
-0.5816667878083133,0.4346826324530216,0
-0.726684616949371,0.4442589177602323,0
-0.6438988346258634,0.4548193386333451,0
-0.5319954055321477,0.46763587799920436,0
-0.5074451345439036,0.47082635921137805,0
-0.3835520990033297,0.4756800735467306,0
-0.4903170942205552,0.4770681792322912,0
-0.5337081442260282,0.4760897838528518,0
-0.5108708297265125,0.49174201869812645,0
-0.4343653796736971,0.49428422263679767,0
-0.4269431490088018,0.4960433907170581,0
-0.464624924838108,0.49272476383491276,0
-0.4834659216501861,0.4961756275523095,0
-0.5508364023442254,0.5024323256045485,0
-0.5810959475086358,0.49954227998961914,0
-0.5074451345439036,0.5117931163026244,0
-0.4589156506619412,0.5250572293178647,0
-0.4058185732031668,0.5271325074884458,0
-0.4977393248854513,0.5263824081002509,0
-0.5639679071852879,0.526030958734123,0
-0.4315107425856143,0.5263003515863454,0
-0.4292269457972081,0.5356781230635217,0
-0.416666281255823,0.5278557567201119,0
-0.3407318892975342,0.523941420648026,0
-0.3664238408851313,0.5175097102897614,0
-0.4606283893558217,0.5174188157729558,0
-0.4983101651851279,0.5109945591845877,0
-0.5120127281207165,0.5130657120039473,0
-0.052408969709297,0.49914605715679544,0
-0.2556623101856195,0.48413713523975416,0
-0.3258874279677424,0.47538645162762344,0
-0.3247455295735397,0.46534765837099046,0
-0.3270293263619455,0.4564862466243124,0
-0.2956278828033319,0.4476598839254654,0
-0.3727041731558247,0.44326557362173974,0
-0.4183790199497031,0.4372446532522282,0
-0.4229466135265156,0.4324038602810517,0
-0.4514934199970459,0.4271095283480151,0
-0.5565456765203918,0.42240136295758,0
-0.5822378459028386,0.415470156801671,0
-0.6381895604496967,0.40972698557486625,0
-0.6490372685023524,0.40353990529813244,0
-0.6284835329963944,0.39120865335955757,0
-0.6319092281790041,0.38000488918640957,0
-0.638760400749374,0.3693133131452208,0
-0.6410441975377799,0.36187079744516604,0
-0.5862343813851253,0.35173961911910423,0
-0.5205766393849657,0.3458482262693511,0
-0.583950584596719,0.33495277589801703,0
-0.6284835329963944,0.3140345151685356,0
-0.5970820894377812,0.29702348120913535,0
-0.5645387474849645,0.27472379646694767,0
-0.5731028765440628,0.25047934951265255,0
-0.5999367265258639,0.23498684819593454,0
-0.5514072426439023,0.213989105682981,0
-0.448067724814437,0.19074651556696673,0
-0.4332234812794944,0.16535060510004254,0
-0.4086732102912503,0.14434393722282599,0
-0.4572026941732119,0.1198902221755112,0
-0.4726179958026811,0.09824366374236496,0
-0.5000229038790076,0.07916756887870358,0
-0.5502653442496992,0.061460968615556784,0
-0.4349362199733745,0.04369349407543053,0
-0.4155243828616203,0.024884208696519042,0
-0.3761298683384336,0.007399420045617421,0
-0.4263723087091253,-0.008911346716599355,0
-0.3806972441203965,-0.024366618466609688,0
-0.3755588102439075,-0.036005373404138404,0
-0.3972544441440684,-0.045191242163023906,0
-0.4006801393266777,-0.05561772150944937,0
-0.3824102006091258,-0.06722613064932033,0
-0.4023928780205578,-0.07547152457707547,0
-0.3481539021675806,-0.08071627103379964,0
-0.3864067360914125,-0.08593568397620642,0
-0.4914589926147579,-0.08445371444051751,0
-0.3829810409088032,-0.09073129782836144,0
-0.2990533601910921,-0.09073103404651015,0
-0.345299265079497,-0.09463727460774884,0
-0.331596919938758,-0.08743318254973693,0
-0.308759387644394,-0.10794506240431335,0
-0.3258874279677424,-0.08465070193835653,0
-0.4937427894031646,-0.036216663938228706,0
-0.4486387829089623,-0.06721286054762397,0
-0.4406457119443905,-0.08156832716888494,0
-0.3076174892501909,-0.06101856031245791,0
-0.3076174892501909,-0.05365512853453644,0
-0.2636553811501922,-0.08733086619371283,0
-0.2739322489031711,-0.05948667210436634,0
-0.261371584361786,-0.05334545587325178,0
-0.2887767102329624,0.004352240920597028,0
-0.2647972795443953,-0.04249409288329035,0
-0.213983998874027,-0.06076080247113948,0
-0.205990927909454,-0.07795454300337283,0
-0.1643126165978623,-0.1054671846766976,0
-0.1648834568975389,-0.012095537991873753,0
-0.1483262568738679,-0.06433770468124325,0
-0.1928594230683927,-0.08460645271499807,0
-0.1882918294915798,-0.09555636853963037,0
-0.15460658914456,-0.041095198678439054,0
-0.1220632471917433,-0.07469755928317848,0
-0.1197794504033375,-0.10442327649690626,0
-0.1220632471917433,-0.08875922649506103,0
-0.1574612262326428,-0.16420278853934098,0
-0.1506100536622737,0.038655087432182,0
-0.0438450584450478,-0.1444398722476499,0
-0.0312843939036627,-0.1761906509147556,0
-0.0638277358564794,-0.2382726322987176,0
-0.2402470085561512,-0.13185016922223972,0
-0.243101645644234,-0.26145957954220456,0
-0.2727903505089683,-0.2370014960541024,0
-0.3276001666616225,-0.1693624320394167,0
-0.3190362553973729,-0.31033626211003956,0
-0.3430154682910904,-0.3615906853700479,0
-0.3024790553737014,-0.3523200370232982,0
-0.3013371569794987,-0.4200252709149831,0
-0.3127559231266803,-0.5015035542747533,0
-0.4041056167144379,-0.5722812776532499,0
-0.4697633587145974,-0.5822407749444145,0
-0.5496945039500226,-0.6121614308305309,0
-0.6096427539791662,-0.6437686414760327,0
-0.5902309168674116,-0.7479749556985016,0
-0.5987948281316612,-0.7494734850632107,0
-0.666736366920227,-0.810710496219865,0
-0.6998505491727203,-0.7898917026582805,0
-0.7826363314962287,-0.8969902018978553,0
-0.8111831379667591,-0.9442139596902963,0
-0.7460964540611257,-0.6902817790457674,0
-0.7346776879139436,-0.9243083829924521,0
-0.7706467250493697,-0.8808328170814526,0
-0.8134669347551653,-0.9709324061838198,0
-0.792342358949531,-1.0711969837847068,0
-0.7221172411674077,-1.0133969806612024,0
-0.7078438379321426,-1.0291947373714134,0
-0.6718748007967165,-1.043622795533456,0
-0.6718748007967165,-1.1244343409260231,0
-0.6010786249200678,-1.052425709193185,0
-0.5731028765440628,-1.2636647166672001,0
-0.5959401910435784,-1.2723287530140186,0
-0.7072727798376164,-0.9764674465834299,0
-0.7946259379430872,-1.210569657001778,0
-0.8614255783374504,-1.2471691096170128,0
-0.955059068713614,-1.2762198919030538,0
-1.0880872914078137,-1.340618391894502,0
-0.9744709058253688,-1.2778198186775296,0
-0.9499206348371249,-1.326138767892186,0
-0.9727581671314884,-1.3145661301413167,0
-1.0230003897073303,-1.3359915261124191,0
-1.2867730383073226,-1.1550477054726536,0
-1.866273187879605,-1.3210880303263426,0
-1.681860735317936,-1.3369352890184292,0
-1.7606499821591577,-1.2928560373325846,0
-1.8451485031765456,-1.2422781879748739,0
-1.8320169983354837,-1.099185849057788,0
-2.0050105758525465,-1.154269323763985,0
-2.104924398499403,-1.2218719706904575,0
-2.4806003672956853,-1.259531024145287,0
-2.2036964316494805,-1.2057458358139932,0
-2.362987555128379,-1.22483831240948,0
-2.309890477669605,-1.180211138620808,0
-2.2727796510373994,-1.2656312126346236,0
-2.245374742961073,-1.2176594610183256,0
-2.3532816365725013,-1.2357812774972936,0
-2.4155136833900515,-1.2190449108666723,0
-2.496586618122256,-1.188809877248333,0
-2.474320143922417,-1.1568799753367132,0
-2.484026062478295,-1.131864260778319,0
-2.197987048575889,-1.1813643368139946,0
-2.025564311358504,-1.0683756777611242,0
-2.1545958896729926,-1.1069220701313438,0
-2.294475284937561,-1.1574761438732417,0
-2.2111185534169517,-0.9982995277144774,0
-2.344146667213725,-1.047081567224258,0
-2.3641294535225823,-1.071041425529754,0
-2.4954447197280527,-1.05825897840687,0
-2.509147173766216,-1.038447797524634,0
-2.509147173766216,-1.0015096377799912,0
-2.6004969762513985,-0.8669906729641491,0
-5.792030026774635,-1.046868262330412,0
-3.0720902322122505,-1.0102571848772401,0
-2.856847339737782,-0.9881598092278737,0
-2.701552697292457,-0.9595762312173255,0
-2.676431477107112,-0.9372727479096394,0
-2.913940952678843,-0.9191942589469625,0
-2.9390621184154764,-0.924694148052301,0
-2.7837674759701514,-0.8983677051274659,0
-2.5679536342985814,-0.8949358714529332,0
-2.5142856076427047,-0.8883796307504334,0
-2.4794585777989067,-0.8775601567693607,0
-2.2413782074787867,-0.8595484050723384,0
-2.2739215494316034,-0.8404819403099557,0
-2.2990427696169484,-0.8356288561458421,0
-2.231101339725808,-0.8185059077550415,0
-2.2653575292699286,-0.8103339070284503,0
-2.17172392999634,-0.7993335983309027,0
-2.1996997872697697,-0.7859920831532802,0
-2.0700973686556043,-0.7781907590021558,0
-1.9633322645409537,-0.7592320412891995,0
-1.8268785644589944,-0.7471650333920044,0
-1.788054890235485,-0.7472001717593834,0
-1.7315321175941012,-0.7437304371176716,0
-1.7069820644007063,-0.7260380862886721,0
-1.7452346805296894,-0.71835771690251,0
-1.6824317934124626,-0.7148627018905888,0
-1.77035579181761,-0.7019358119403557,0
-1.7189716708475649,-0.6973260926649557,0
-1.6173448917119797,-0.6759649110363152,0
-1.6201997465949125,-0.6910329358504447,0
-1.5419813400533668,-0.6879081229814397,0
-1.5145764319770405,-0.6744700588377225,0
-1.5077252594066703,-0.6785623543199198,0
-1.3855449625599765,-0.6695879476407562,0
-1.463192311006995,-0.6704464439456284,0
-1.4203721013011996,-0.67129887880213,0
-1.3826903254718934,-0.6686421954911606,0
-1.5688154078300176,-0.6688365995389697,0
-1.57338300140683,-0.6721996930366818,0
-1.5242824594303417,-0.6656306414636968,0
-1.4523443851594902,-0.6677100048128539,0
-1.4763238158480565,-0.6759949642531747,0
-1.4260813754773656,-0.6749015784448706,0
-1.3741261964127942,-0.6793660151731944,0
-1.3335897834954045,-0.6751544791388452,0
-1.338728217371894,-0.6733896438362812,0
-1.4734691787599736,-0.6700249224458442,0
-1.4329325480477355,-0.658267552145202,0
-1.4460640528887971,-0.6573865597781662,0
-1.3769808335008775,-0.6457215339628101,0
-1.4015311044891214,-0.6604921478235157,0
-1.370129660930508,-0.6585587086862389,0
-1.3227418576478995,-0.647190459211952,0
-1.3238837560421035,-0.6485557126446175,0
-1.3244548141366288,-0.6608875428811535,0
-1.3084684544126344,-0.6531221605025981,0
-1.3815484270776894,-0.6466516281020852,0
-1.3284513496189154,-0.6464976607774744,0
-1.354143519001363,-0.6421693927146245,0
-1.343295593153858,-0.6390324505721668,0
-1.2913404140892863,-0.6385703028714308,0
-1.3170325834717336,-0.6359817906659411,0
-1.3261675528305092,-0.6268493346065391,0
-1.3136068882891236,-0.6381983762908787,0
-1.2479493640838133,-0.6363375164884865,0
-1.2513748414715735,-0.6302475701164381,0
-1.298762644754182,-0.6415213208570713,0
-1.2862019802127973,-0.6352923224641253,0
-1.268503099589772,-0.636057581593992,0
-1.3004753834480625,-0.6414099656514591,0
-1.287343878607,-0.6339577464350485,0
-1.3644203867543416,-0.6230692545020053,0
-1.3444374915480608,-0.6262163812273819,0
-1.3021883399367913,-0.6251820683357802,0
-1.2627936076187558,-0.6215221566066732,0
-1.234817859242752,-0.6315187709933459,0
-1.2485202043834909,-0.6292693673056099,0
-1.2901985156950837,-0.6343094390910136,0
-1.2490912624780173,-0.6337553055310906,0
-1.2679320414952453,-0.6456580043031067,0
-1.2074129511664244,-0.6484589914193761,0
-1.231963004359819,-0.6491246526367922,0
-1.2450947269957304,-0.6484455874530052,0
-1.1948522866250393,-0.6316266708707767,0
-1.1948522866250393,-0.6314397786086825,0
-1.192568489836633,-0.623083821516321,0
-1.2125511672480649,-0.6172801824848627,0
-1.226253730183653,-0.6120285750905861,0
-1.210267588254507,-0.5996493568379582,0
-1.1685892769429156,-0.5903333642661561,0
-1.166305480154509,-0.5788787859846234,0
-1.186288157565941,-0.5682665756730779,0
-1.1902846930482271,-0.5584508860955713,0
-1.2108384285541844,-0.5535209478968948,0
-1.202274517289935,-0.5492425642448454,0
-1.273641533466261,-0.5384485357680743,0
-1.281634604430833,-0.5244605220772249,0
-1.3729842980185911,-0.5159874310187688,0
-1.5448361949362996,-0.5125713048907832,0
-1.4711853819715677,-0.501107331328846,0
-1.514005591677363,-0.49127192559220934,0
-1.5122926351886337,-0.4747385832624961,0
-1.516289388465769,-0.46160573093177865,0
-1.458053877130505,-0.4554820781776925,0
-1.3507178238187534,-0.437968130238059,0
-1.3044719189303489,-0.41981524949971616,0
-1.2964788479657756,-0.40476001890062935,0
-1.3992473077007148,-0.3926692425310725,0
-1.3826903254718934,-0.37672959402205614,0
-1.3638493286598157,-0.3571142905370888,0
-1.3421536947596542,-0.3416238661056962,0
-1.345579389942264,-0.33082818177500595,0
-1.3255967125308326,-0.3142725986280697,0
-1.4003892060949188,-0.3038120804318551,0
-1.3472921286361443,-0.2845522989066366,0
-1.4329325480477355,-0.23265759923910356,0
-1.5282789949126283,-0.20222107886328322,0
-1.4043857415772052,-0.18757711403818675,0
-1.321600177048546,-0.17238591899375164,0
-1.3627074302656124,-0.1598720159266628,0
-1.2919114721838127,-0.14451617601195832,0
-1.3255967125308326,-0.11468173489834489,0
-1.3923961351303458,-0.09980403711882326,0
-1.348434027030347,-0.08276690015663701,0
-1.3004753834480625,-0.0647968777473072,0
-1.3050429770248742,-0.04521343872075385,0
-1.309610352806838,-0.03160382509874952,0
-1.312464989894921,-0.017600964144441174,0
-1.2764961705543436,-0.0033062645827684253,0
-1.3581400544836486,0.011693016909306578,0
-1.323312915742426,0.026769504630846097,0
-1.3684169222366285,0.039821885744746814,0
-1.4420675174065103,0.053731369735870414,0
-1.3844030641657732,0.06880622783834396,0
-1.5088671578008737,0.0791893651975434,0
-1.5785214352833197,0.09318516473182793,0
-1.6002168513886317,0.10788816689883307,0
-1.5419813400533668,0.12370521819325081,0
-1.4934518561714052,0.14403868661381392,0
-1.4083822770594907,0.1577558461795461,0
-1.428936012565449,0.1713019495200739,0
-1.5231405610361388,0.18492011301515093,0
-1.343295593153858,0.20124856067128533,0
-1.2822054447305105,0.2140030129408955,0
-1.2770670108540212,0.23064893146020668,0
-1.2959080076660985,0.24209987903135313,0
-1.3524305625126338,0.2577255992309187,0
-1.2833473431247135,0.2700469149204737,0
-1.2782089092482245,0.283992702067857,0
-1.2559424350483863,0.29824378117123634,0
-1.2605098108303496,0.3098514376896459,0
-1.2371014382363084,0.3270425923006194,0
-1.185146259171737,0.3464189466031433,0
-1.0795231623487145,0.35901690340773845,0
-1.0338483155548357,0.3717815665435185,0
-1.0441251833078142,0.3831055611829708,0
-1.0549728913604706,0.3906928254984071,0
-1.1000768978546722,0.40378660957690077,0
-1.0583985865430794,0.42219885433644827,0
-1.037844851037122,0.4317075296334898,0
-1.0024468719962225,0.47023894522961657,0
-1.0309936784667526,0.4799770610818736,0
-1.0401286478255287,0.4902850970404225,0
-1.0446960236074916,0.4988780949782015,0
-0.9727581671314884,0.5076954482988968,0
-0.9847477735783476,0.5206998978068941,0
-0.9607683428897804,0.5404523163963931,0
-0.9247995235492033,0.548557457999285,0
-0.9133807574020216,0.5624388049587403,0
-0.882550154143085,0.5799192405137449,0
-0.840301002531816,0.5882023890543072,0
-0.9179481331839848,0.6100784632780172,0
-0.9590556041959004,0.6288121166123827,0
-0.8962527170786728,0.6514362150164551,0
-0.8899723848079807,0.6749088188155853,0
-0.9247995235492033,0.6898919060523774,0
-0.9031038896490428,0.7022918356926076,0
-0.8802663573546784,0.7185459810604519,0
-0.8734151847843092,0.734428133978721,0
-0.9247995235492033,0.7499260175339416,0
-0.7929131992492076,0.7588763770431284,0
-0.7529476266314956,0.7651455297083242,0
-0.7415288604843132,0.7734930646127124,0
-0.6610268749492114,0.7817218242772094,0
-0.6604560346495345,0.7852910241338151,0
-0.6056462184968795,0.7930985766539981,0
-0.6227742588202283,0.7916500657755077,0
-0.5850924829909222,0.8012911532318131,0
-0.6541757023788419,0.8132171402591343,0
-0.618777723337942,0.8181304147544356,0
-0.6039332620081507,0.8084895978106045,0
-0.6102135942788436,0.8152392072968058,0
-0.6593141362553313,0.8001524133052869,0
-0.630767329784801,0.7862123405490069,0
-0.6399022991435768,0.7835068128959541,0
-0.6261999540028381,0.7770879789489195,0
-0.655317600773045,0.7649713399001498,0
-0.6633106717376177,0.7597865940674139,0
-0.5862343813851253,0.7342282760352207,0
-0.5171511619972056,0.7099148246356416,0
-0.4640540845384315,0.6884002350945628,0
-0.4332234812794944,0.6655886748629024,0
-0.3978255022385949,0.6453794376519436,0
-0.3338804989323155,0.6215122352817354,0
-0.3116140247324772,0.6009888923754511,0
-0.2933440860149257,0.5762938773590394,0
-0.3184651973028467,0.5589149905776701,0
-0.2482400795207242,0.553758200148592,0
-0.2151258972682302,0.5419612805681522,0
-0.1528938504506799,0.531500393104256,0
-0.1882918294915798,0.5125668562456229,0
-0.261371584361786,0.49123528414530426,0
-0.1329109552443992,0.47649599261418496,0
-0.1226343052862695,0.45628151883319873,0
-0.0341390309917463,0.45256099745930717,0
-0.0164401503687201,0.4585130363313402,0
-0.1323401149447222,0.44567980034982513,0
-0.1814406569212103,0.43817497197173527,0
-0.2322539375915785,0.43137741803733076,0
-0.1449007794861069,0.42627160099355393,0
0.000688107749477,0.4186123233317022,0
0.1297193593716915,0.40767734582246995,0
0.0703423852319228,0.39784431690338196,0
0.0109649755024558,0.39333248667105014,0
0.0355152464906999,0.37891187221431105,0
0.1257228238894052,0.37106097292047824,0
0.1023146690902134,0.3597903073436177,0
0.0897540045488283,0.35715813569655547,0
0.0560689819966577,0.35322465205283143,0
0.0446499980546265,0.353111004913734,0
-0.2179805343563134,0.3501661222351408,0
-0.1369077085215347,0.3486034417056811,0
-0.129485477856639,0.34040600957380124,0
-0.3458703231740231,0.33659860172164663,0
-0.1506100536622737,0.32816808059467906,0
-0.3001952585852948,0.3213067490163758,0
-0.1625996601091331,0.31585199105862155,0
-0.1289144197621124,0.31825559539153236,0
-0.1865790907976998,0.31968940667028756,0
-0.2659391779385984,0.3221086640635972,0
-0.1351947520328054,0.32288885803985007,0
-0.2950568247088054,0.31707689426876784,0
-0.2562331504852965,0.3101091745885984,0
-0.2311120391973754,0.30915117882515214,0
-0.2408180666506778,0.3052485116965486,0
-0.2568042085798226,0.299954847015113,0
-0.2351085746796617,0.29735186529652624,0
-0.2077036666033345,0.28715294198949287,0
-0.0381355664740318,0.2794631571682707,0
-0.0204366858510064,0.2718677076146498,0
-0.0392774648682357,0.2692999323095916,0
-0.0250040616329705,0.26235601533816943,0
-0.0786721971862711,0.25614637248876515,0
-0.1409042440038214,0.25609048586158867,0
-0.1363366504270085,0.24507274675357457,0
-0.0958002375096191,0.23751493009692515,0
-0.1089317423506812,0.22476185926091377,0
-0.0501253907157408,0.21289333076661993,0
0.002400846443357,0.20344960361829614,0
0.0680585884435166,0.19734013332188172,0
-0.0135852954857881,0.191301341127073,0
0.0383696657839339,0.17820469330090338,0
0.1068822626670259,0.17128830234976444,0
0.1034563496895674,0.15920979666075347,0
0.050930330325319,0.14385949934205608,0
0.0617782561728241,0.1333346072371182,0
0.062919936772178,0.12472933176158019,0
0.0834736722781358,0.1160757514084562,0
0.1291487368668637,0.10348399983731765,0
0.0001170496549508,0.08935345246793998,0
0.0886123239494744,0.07362065066726607,0
0.1399962271246704,0.05988231670787536,0
0.0954632787249947,0.046443282429665854,0
-0.0261459600271732,0.029163934047064584,0
-0.1009386713861086,0.014333720032425877,0
-0.0135852954857881,-0.003257381899827058,0
0.1274359981729836,-0.016500060378423692,0
0.1285776787723376,-0.02739863494318426,0
0.1365707497369102,-0.04257342366911945,0
0.1731106271720133,-0.05307498218595163,0
0.1428510820076028,-0.0666574046029253,0
0.2227822272430276,-0.07847504517604331,0
0.2861561724547809,-0.09019748585358693,0
0.2850140562657286,-0.09802922463614792,0
0.3312601789489827,-0.10743765434766966,0
0.3089937047491449,-0.11534548378755421,0
0.3558104499372268,-0.123216464867565,0
0.3506717982658882,-0.1326598032272544,0
0.3695127950779658,-0.138408299747286,0
0.4049109919137149,-0.14312183404356724,0
0.4031978176301365,-0.1480059449751037,0
0.4739942113016347,-0.151564815751418,0
0.4757069499955147,-0.1540515794424614,0
0.4123330047837614,-0.15540472997032498,0
0.4465890854304583,-0.15872035380293872,0
0.5619184275016321,-0.162938457205238,0
0.527661911265237,-0.16461763952363628,0
0.5288040274542892,-0.1644807375438992,0
0.5413646919956744,-0.16445479934457774,0
0.58418490170147,-0.16519154129924987,0
0.5190982177958365,-0.16767413916343005,0
0.5230947532781228,-0.1682929832599103,0
0.5510705016541271,-0.1689287616030722,0
0.6515553823955096,-0.1676586217551008,0
0.6475588469132233,-0.16690727430440241,0
0.5453612274779607,-0.1671865309508034,0
0.4785613692887488,-0.16729277646862373,0
0.5208109564897166,-0.1652776779377697,0
0.6133023306768282,-0.16484173061808977,0
0.587039320994704,-0.16514300687824526,0
0.6526970629948635,-0.1660606782310549,0
0.5316584467475233,-0.16368064149296319,0
0.4471601435249844,-0.16254930240929533,0
0.4562948950889109,-0.16081926857098724,0
0.1485603561837692,-0.15825038559046584,0
0.20565396912483,-0.16084475804303497,0
0.370083853172492,-0.15995129317340379,0
0.4620046048547757,-0.15848148262961467,0
0.4711393564187023,-0.15933350554146508,0
0.4620046048547757,-0.15828496243926962,0
0.4471601435249844,-0.15750183874778093,0
0.4894092951362538,-0.15958812049909582,0
0.5596346307132258,-0.15810015837965583,0
0.5784751919356051,-0.15753929904096658,0
0.4248936693251465,-0.15790471822156782,0
0.384927878912585,-0.15902857881091667,0
0.2473324982312716,-0.15781427671463868,0
0.3010001981948739,-0.1581144771333676,0
0.2547545111013181,-0.16036139172439842,0
0.1519862691612277,-0.16462295407802918,0
0.2553255691958443,-0.1645803720116297,0
0.3101353853484988,-0.16577189336153875,0
0.3010001981948739,-0.16790612210252515,0
0.2638896982549431,-0.16915336626480174,0
0.1982319562547835,-0.17061438748190585,0
0.1582661658422219,-0.16903921191689608,0
0.0937505400311146,-0.1678748711731203,0
-0.0073051810099452,-0.16043578729766386,0
-0.0855233697566403,-0.16035322940555363,0
0.1040274077840935,-0.15757518560358744,0
0.2125053594900487,-0.14017267390619156,0
0.2593221046781306,-0.13508624676875197,0
0.20565396912483,-0.12861623545383463,0
0.2810175207834423,-0.12124412271912643,0
0.3078515885600926,-0.1156461518471202,0
0.2673151756427032,-0.10890133836389064,0
0.2724533917243435,-0.10087308582586083,0
0.3523845369597683,-0.09162550316933017,0
0.312419182136905,-0.08281478492902498,0
0.2587510465836045,-0.0726243664260416,0
0.3129902402314312,-0.06068248040733676,0
0.2467614401367455,-0.04756466517599914,0
0.3369694531251491,-0.032639955082591494,0
0.3786475466418924,-0.018354766421837764,0
0.3792186047364186,-0.0022931301285730203,0
0.5019699596776389,0.01688710253371532,0
0.5019699596776389,0.03401648800006181,0
0.4654300822425359,0.05000822708575876,0
0.3695127950779658,0.06769989238047155,0
0.384927878912585,0.0886114146387257,0
0.4802745435723272,0.11409316347105845,0
0.5413646919956744,0.14056698072256577,0
0.5801883662191836,0.1624156552587604,0
0.6641156113471963,0.18679822778345237,0
0.6549808597832698,0.2079857672724044,0
0.6287178501011457,0.22934513507537613,0
0.6401363984534785,0.25549159902127594,0
0.6886658823354405,0.2792696430407507,0
0.788009082477469,0.3033367950183084,0
0.8628015760415552,0.32508738231424655,0
0.777161156629964,0.3511195357621313,0
0.8268327567009782,0.3921516513997416,0
0.8867807889352731,0.45020966216163943,0
0.9535802115347866,0.5010347599494773,0
0.9604316019000052,0.5649568815396927,0
0.9490130535476724,0.6429472000891984,0
0.9986842180289884,0.7381843807590006,0
1.0540650922761692,0.7971172632183221,0
1.063200279429794,0.8492556946969531,0
1.0928887664996785,0.9140369862506338,0
1.1448441633590989,0.9622618482253098,0
1.066625756817554,0.9924221137888171,0
1.1385638310884063,1.0194464810139912,0
1.1385638310884063,1.0730404827832034,0
1.1893771117587746,1.1215399221195115,0
1.075760943971179,1.18554959642052,0
1.0843246374405795,1.2655800940294055,0
1.1277159052409014,1.3545620467619823,0
1.155121031112078,1.4421649104688312,0
1.147127960147505,1.5325044750567405,0
0.9729922664413904,1.594295997685262,0
0.8559501856763365,1.6723536511979307,0
0.996400421240582,1.754848026835424,0
1.0340824148647376,1.8145694688713423,0
1.1608303052882445,1.8655761436868452,0
1.0003969567228683,1.921628226434407,0
1.0146703599581337,1.980912385096131,0
0.968995730959104,2.020559753313954,0
0.9741339470407444,2.0667660590430774,0
0.967282992265224,2.1216082659231086,0
0.8302582340887384,2.1584096801015877,0
0.8673691696183676,2.2351410604422006,0
0.7012265468768255,2.328859018051801,0
0.7383374824064547,2.436683559412754,0
0.8382513050533111,2.5501275104408827,0
0.8319709727826186,2.6285933140060473,0
0.2473324982312716,2.715258736949494,0
0.350100740171362,2.849005849894599,0
0.1348580110430302,2.948638919266032,0
0.1000308723018072,3.080570777789217,0
0.1531279497605817,3.237432581429225,0
0.1394256046198426,3.378134040005505,0
0.3238377304892379,3.533162697902996,0
0.4699976758193483,3.682299422700159,0
0.4876965564423737,3.832818812259707,0
0.406623730607595,3.9713107790902957,0
0.4483018241243383,4.119249501420962,0
0.4266064080190266,4.282818430379288,0
0.394634124160736,4.461846037988679,0
0.4026271951253087,4.601391728889035,1
0.4888382370417277,4.714963938143878,1
0.4020561370307826,4.873844267092635,1
0.2519000918080841,5.049267513365257,1
0.4169005983605739,5.242275913035594,1
0.5105340887367378,5.452634989008602,1
0.5693404403716786,5.674229955807515,1
0.6709670017124151,5.866314338380472,1
0.6943755921013052,6.065601555407745,1
0.7274895565589498,6.237514413014312,1
0.7520398275471938,6.411627915236945,1
0.6504132662064573,6.6044698656878245,1
0.7000848662774716,6.796584271364216,1
0.7520398275471938,7.0021705751342225,1
0.801140369523682,7.194488539223107,1
0.8930611212059656,7.396746187268647,1
0.861088837347675,7.605612934327395,1
0.8228362212186919,7.838621680350061,1
0.993546001947348,8.066568011657814,1
1.074618827782127,8.323375289221111,1
1.0449303407122426,8.561885953386728,1
1.1419893084761663,8.829970952054728,1
1.2339100601584505,9.058600704061782,1
1.3212632182639217,9.265087282944569,1
1.3178377408761612,9.492023474654523,1
1.2173528601347787,9.694190689102436,1
1.11287144391111,9.87702650351557,1
1.243615869816903,10.081525959789623,1
1.3435296924637594,10.27116614996331,1
1.30128054085249,10.414893092817136,1
1.3132701472993489,10.541243485821362,1
1.3892047570524872,10.649074089787868,1
1.3920591763457213,10.797071346453658,1
1.3954850893231798,10.940326049872105,1
1.5102429377101292,11.087664527013196,1
1.626713960380657,11.228041869068639,1
1.5701914055341224,11.334675249493246,1
1.458287976440407,11.474816764406912,1
1.4754162345586046,11.491784868493353,1
1.4879764635102914,11.58018089123067,1
1.671817966874859,11.648249464622253,1
1.8065589282629384,11.698386109931095,1
1.613011615239918,11.74386313951589,1
1.7037906863228478,11.748608423077137,1
1.5953127346168927,11.76564436810582,1
1.5559180022988572,11.748551616898032,1
1.6289977571690633,11.791155240650367,1
1.614724353933798,11.873722827570564,1
1.6552607668511874,11.976849034136013,1
1.5856064893687416,12.031075389847386,1
1.8214033895927293,12.058964004189265,1
2.260453412498192,12.056511531613191,1
2.6709561933434225,11.997257583754452,1
2.5036718900025257,11.835832573240108,1
2.96099185162554,11.784099929497238,1
3.1733801614606367,11.64367962338401,1
3.41888243575338,11.516156691026888,1
2.5624782416374683,11.309031902852649,1
2.4094673415318364,11.240606921286597,1
2.5984474965677435,11.141595190861196,1
2.237615880203828,10.986612623443788,1
1.862510860604645,10.890323799652991,1
1.7825797153692202,10.843785144671497,1
2.2359031415099464,10.80391717374639,1
2.334103789873225,10.723210602814497,1
2.7577387289440645,10.66480681891537,1
2.73718499343811,10.532324408891292,1
2.918171641919744,10.37972999483042,1
2.770298957895751,10.18203302709959,1
2.8593652902848024,10.036435595647752,1
2.4060418641440786,9.911716303521734,1
2.3078407801910985,9.803686497468869,1
2.5122360190616244,9.70738702616588,1
2.081750125215265,9.626429446251032,1
2.0240854541796764,9.592009865814452,1
2.253030964038447,9.53787355322962,1
2.177667412379836,9.467646843971137,1
1.850521254157786,9.444278286083104,1
1.839102270215755,9.407034923390789,1
1.966421218733788,9.37873302395092,1
1.7397595056634247,9.326169834210837,1
2.100020063932815,9.27288167767751,1
2.3084118382856262,9.191159983803896,1
2.462564418990612,9.047679669272798,1
2.5345024932614657,8.893355117896347,1
2.211923493026533,8.768177922267766,1
2.2227714188740357,8.66401846753857,1
2.2821488286035,8.559060914854774,1
2.183947744650525,8.45455328765806,1
1.9824073606629329,8.331449184803677,1
2.1628229510500425,8.270669333344836,1
2.1810928897675934,8.199633331702916,1
2.371785783497382,8.115453843784774,1
2.333533167368393,7.966145701623018,1
2.3609378576498736,7.850477005527115,1
2.2033597995571315,7.695832960226447,1
2.5116649609671025,7.563167222524767,1
2.537357348144397,7.407803215057593,1
2.6235683900608144,7.278190998400726,1
2.242183038190939,7.120521370400882,1
2.052061638145379,6.987907459037796,1
2.3917684609088137,6.871008623322917,1
2.4157476738025307,6.771267512838675,1
2.6646758610727286,6.674228605684193,1
2.8764931128133027,6.542254277759665,1
2.7737248708732114,6.424518744343452,1
2.613291522307834,6.304982098742149,1
2.7628769450257087,6.207117779572718,1
2.8211126741558195,6.068086599702696,1
2.653257312720395,5.929807871959936,1
2.6235683900608144,5.804965562934496,1
2.655541109508804,5.688293656134113,1
2.8702127805426074,5.540114073942309,1
2.926164712884315,5.399027111625288,1
2.903327180589951,5.272231333968953,1
2.9370126387318227,5.117185621849491,1
3.028933390414103,4.940244264036951,1
3.143120616296225,4.769105583740298,1
3.1219958226957423,4.615872640614823,1
3.1739512195551645,4.474842796074777,0
3.32810380026015,4.323494898405188,0
3.2938477196134524,4.158838844647331,0
3.245888858236316,4.005796121934339,0
3.260733319566109,3.872061626404368,0
3.146546093683987,3.7284113997405686,0
2.939867058025058,3.6081011520814767,0
3.07004042583632,3.5135342933885387,0
2.611578783613959,3.3948050130870477,0
2.673811048226355,3.297242188260378,0
2.4191735867799844,3.1896266494486087,0
2.30955351888498,3.124522827672689,0
2.5008174707092907,3.0560058511031833,0
2.6121498417084807,2.9646298698488462,0
2.73718499343811,2.874677119312177,0
2.624139448155342,2.769622724673411,0
2.3946233157917454,2.6653410470810277,0
2.547063157802849,2.572358607654096,0
2.037217176815588,2.4759748759901186,0
1.981836302568407,2.4073017287024947,0
2.221629738274681,2.3335973881905243,0
2.3392424415445605,2.2443516947470705,0
2.299276651132,2.1580695337415974,0
1.82825434436825,2.0766966534726348,0
1.8545177896400724,2.0331148708652345,0
1.8248288669804895,1.9793981438036385,0
1.9281681670151063,1.9194965989992854,0
2.214207289814936,1.8508205217488387,0
2.3066990995917447,1.7663989542108645,0
2.1947956704980323,1.6736380655288776,0
1.8573722089333065,1.5883198758097195,0
1.7631676604626163,1.525928274458795,0
1.877354886344738,1.476093862150427,0
1.77915423798146,1.4174299863793003,0
1.9093276057927269,1.3652049446943888,0
1.8613687444155929,1.3064889512217224,0
1.9869749542397452,1.251884122537615,0
1.7169219733690606,1.1956224025407056,0
1.7471815185334711,1.1534610628739588,0
1.5325098474996657,1.1133098039478921,0
1.4114712312523252,1.0903118932107099,0
1.4383052990289755,1.0676700617774195,0
1.538219121675832,1.045487414644098,0
1.5233746603460403,1.0201179224717574,0
1.6050185442753453,0.9965073627358656,0
1.7426139249566588,0.9620221007288692,0
1.614153295839272,0.9159407692037195,0
1.4611428313233394,0.8801997276991647,0
1.2967129472756775,0.8446904986702137,0
1.386920960264081,0.8174894530732675,0
1.5233746603460403,0.7888890038820222,0
1.5387897441806595,0.7594473926732074,0
1.507959576511421,0.7349360418520137,0
1.7083578443099618,0.7103072848755285,0
1.7740155863101217,0.678794385377467,0
1.638703566827516,0.6511897797653355,0
1.6695341700864526,0.6295108804484087,0
1.8950542025574617,0.6082863567566973,0
1.588461344251674,0.5821018788000646,0
1.469135902287912,0.5613477178051526,0
1.30128054085249,0.5438943387056601,0
1.3161250021822812,0.533962327428204,0
1.316695624687109,0.521721932976493,0
1.0346534729592636,0.5051166009712863,0
1.1260031665470212,0.4977502714677482,0
1.3115574086054689,0.48444503499807906,0
1.3680799634520031,0.465401519634159,0
1.341245895675353,0.4403507393869555,0
1.408045753864565,0.418034107848471,0
1.2150690633463723,0.40197357477591356,0
1.2156401214408987,0.3906961828832142,0
1.2510383182766478,0.37872560572226405,0
1.1779581278167437,0.3695796569732673,0
1.0917470859003244,0.3630187201847523,0
1.1231483116640888,0.3580559660195324,0
0.8519536501940501,0.3516362565373694,0
0.7360536856180485,0.3508798605049404,0
0.8382513050533111,0.3498879682028542,0
1.0466430794061226,0.3462007018878846,0
0.9941170600418744,0.33293556939801094,0
0.8947738598998457,0.325851045083189,0
1.1311413826286616,0.32217385215019134,0
1.2961418891811514,0.30925363778775466,0
1.3669382828526495,0.2964299614210801,0
1.4063325795809865,0.2810795947744708,0
1.6455549571927346,0.26540921380973376,0
1.5593434796866177,0.2467120299308682,0
1.457716918345881,0.23180982374722434,0
1.3389620988869468,0.21571237606347388,0
1.444014573205142,0.20297990017889045,0
1.244186927911429,0.18663092683418966,0
1.2356227988523305,0.17495232851028159,0
1.0848956955351057,0.1617976469948368,0
1.240761450523669,0.14880081466996875,0
1.265311721511913,0.12898495510568744,0
1.2122146440531385,0.10983644713473094,0
1.1853805762764882,0.09052213192769358,0
1.2276297278877577,0.07309549893575533,0
1.3755024119117485,0.057198889303719115,0
1.4423018345112617,0.04073867414934919,0
1.374931353817222,0.02326645653381667,0
1.2967129472756775,0.006810674245920941,0
1.4017654215938724,-0.0048902501602786815,0
1.4948278538755102,-0.016949861176870747,0
1.3903464376518413,-0.02974037928810435,0
1.6438422184988546,-0.03993125741797956,0
1.5970254733107727,-0.05177479765163576,0
1.4325960248528091,-0.05910896376842784,0
1.2567475924528142,-0.06398711859196325,0
1.293287469887917,-0.06689609131616013,0
1.4354504441460432,-0.07059178640801354,0
1.2590313892412204,-0.07555688060568845,0
1.3189794214755153,-0.07843559806419084,0
1.243044811722377,-0.08010894672745639,0
1.017525214841066,-0.08140813444735528,0
0.9284593180417148,-0.08012024021626458,0
0.9084766406302832,-0.07978471087630638,0
0.9781304825230308,-0.0786154365565957,0
0.8062790211950205,-0.07985809230106046,0
0.7115034146298044,-0.08016966083020867,0
0.7663132307824589,-0.07948162018830585,0
0.8211230469351135,-0.07918641024352331,0
0.955293385818365,-0.08049522779244424,0
0.993546001947348,-0.08344435169928856,0
0.9227500438655484,-0.08728820630864331,0
0.7486143501594336,-0.08970445915152274,0
0.5956034500538028,-0.09009728578005767,0
0.4677138790309421,-0.09095323581809124,0
0.4363122176774793,-0.09139510106671254,0
0.4111908885947091,-0.09321606552304601,0
0.5339422435359296,-0.09254624917971983,0
0.6606901339594362,-0.09276255231748276,0
0.7685970275708652,-0.09365346550176615,0
0.7017976049713517,-0.09630518668347178,0
0.597887246842209,-0.09894659101214924,0
0.6492715856071034,-0.10148271534056212,0
0.7006554887822994,-0.10361187895101515,0
0.8262616986064522,-0.10587536916314579,0
0.7805866340177242,-0.1074160935631238,0
0.8987703953821321,-0.10938602866103167,0
0.897057656688252,-0.11228918259354642,0
0.8645143147354353,-0.11524321893247264,0
0.8325420308771447,-0.11702677063294736,0
0.9387361857946936,-0.12004951230748913,0
0.7486143501594336,-0.12339809841546544,0
0.5151012467238518,-0.1252459814880208,0
0.5624890500064599,-0.12656611287601405,0
0.5681983241826263,-0.1290790166331241,0
0.6172988661591144,-0.13102521241864015,0
0.645275050124817,-0.1317086498432615,0
0.7760194760306101,-0.13181143272669527,0
0.8319709727826186,-0.1320914280237439,0
0.9158986535003296,-0.1326411958550219,0
0.9341685922178812,-0.133629774024205,0
0.894203237395018,-0.1354086832473296,0
0.94273272127698,-0.13819771207508877,0
0.9986842180289884,-0.1394222311188756,0
1.0163835342417122,-0.14134162331219222,0
0.9313137373349488,-0.1421178636371898,0
0.9324558535240012,-0.14349370763610894,0
0.9815563955004892,-0.14227576666191802,0
0.9056217857473507,-0.14386577811028214,0
0.8039952244066143,-0.14353000008387534,0
0.8593760986537949,-0.14563273921805164,0
0.7189258630895493,-0.14890866319672807,0
0.6886658823354405,-0.14864672785912061,0
0.5465029080773146,-0.14492907762378301,0
0.5876103790892301,-0.14568381775532846,0
0.7606039566062925,-0.14487276427756232,0
0.836538566359431,-0.14437482303358032,0
0.8131299759705409,-0.14510883422231802,0
0.9079055825357568,-0.1409858562316488,0
0.9318847954294748,-0.14146062986767927,0
0.8702235889116017,-0.1384855919835314,0
0.8433895211349514,-0.1391136466128976,0
0.837680246958785,-0.1397293270920476,0
0.7149288920175646,-0.13694545343717202,0
0.704652459854284,-0.13582475223532683,0
0.5784751919356051,-0.1346044766531721,0
0.6606901339594362,-0.1339743871731913,0
0.7137872114182107,-0.13409507374100924,0
0.6772473339831077,-0.13534125112728929,0
0.7554657405246523,-0.13588315542476065,0
0.7920056179597553,-0.13348116292958637,0
0.8188396857364056,-0.1319979393987898,0
0.9056217857473507,-0.129871723867624,0
0.9501547341470264,-0.12823957778252315,0
0.7857252856890627,-0.12776952959489546,0
0.7331992663248145,-0.13054734545064078,0
0.6795311307715138,-0.13355328699706953,0
0.7343409469241684,-0.1349007355165498,0
0.6270051114072656,-0.13789088905384023,0
0.4288902048074329,-0.14092362327319824,0
0.216501894972335,-0.1402010066401506,0
0.2587510465836045,-0.14420889067296688,0
0.1668302949013207,-0.146816600262196,0
0.2182146336662151,-0.14789559802096225,0
0.3147029789253113,-0.14599178151747053,0
0.4043399338191888,-0.1451680113377168,0
0.3506717982658882,-0.14393141664856424,0
0.310706443443025,-0.14188139461617624,0
0.5133885080299717,-0.14009876059643284,0
0.5356549822298096,-0.13950362689995874,0
0.5225236951835966,-0.1392983345585532,0
0.6024548404190214,-0.13863467624193523,0
0.6766762758885815,-0.13722570598359235,0
0.9478709373586202,-0.13596315693100117,0
0.9644281373822916,-0.13633938900308182,0
0.9587188632061252,-0.13645408464024306,0
0.9638570792877654,-0.1361229564598079,0
0.909047263135111,-0.1364515902046495,0
1.0112448825703737,-0.13557684889377236,0
1.110017024617876,-0.13515123535502746,0
1.0472141375006487,-0.13557150410490956,0
1.0677674374169082,-0.1344114713580797,0
0.9712795277475104,-0.13377593209709923,0
0.9729922664413904,-0.13241040607085036,0
0.8759332986774664,-0.13081696300510245,0
0.7691680856653913,-0.1278145775053311,0
0.8022824857127342,-0.12472551485259989,0
0.8530957663831025,-0.12154919291509644,0
0.7566074211240063,-0.11707312035470477,0
0.5984583049367351,-0.11082374625203822,0
0.6247213146188593,-0.10260220258119661,0
0.7400502211003348,-0.09425008658748113,0
0.6761056533837537,-0.08763476219351843,0
0.4477312016195105,-0.07867253347795283,0
0.2730244498188697,-0.06682104120735576,0
0.2707406530304634,-0.050551526055014874,0
0.4294608273122607,-0.031022498740559647,0
0.5333716210311017,-0.013825047223833566,0
0.5647728467948662,0.001701623831483381,0
0.4991151047947065,0.01569480266955218,0
0.4026271951253087,0.03164730493032722,0
0.3552393918427006,0.044953496880371466,0
0.4163295402660478,0.05712278520167838,0
0.4020561370307826,0.06952507168937844,0
0.5145306242190241,0.08638241519950135,0
0.4591497499718434,0.10101337999746318,0
0.441450869348818,0.11389215199470522,0
0.4665717628418898,0.1267117478613302,0
0.5190982177958365,0.14579715821959566,0
0.600741666135443,0.1621797613998078,0
0.4574370112779632,0.17739658398799213,0
0.5053954370653991,0.1977104982394325,0
0.3221249917953578,0.21935854141183217,0
0.2439065852538131,0.24559541326104314,0
0.3586648692304608,0.269864741026627,0
0.4522983596066247,0.28912825058898833,0
0.4757069499955147,0.3082791990510081,0
0.4522983596066247,0.3241543076097588,0
0.4974023661008265,0.34480816149893534,0
0.4266064080190266,0.35976485974362443,0
0.3626614047127471,0.3746993225125393,0
0.1885261465963308,0.3895166719260437,0
0.3198411950069516,0.41414435390045023,0
0.254183453006792,0.4323328602219292,0
0.3883537918900435,0.45270224434135475,0
0.4545821563950309,0.4642900510477495,0
0.3815024015248248,0.46988051641074696,0
0.4974023661008265,0.4779484435433245,0
0.3249798466782901,0.48647245594494154,0
0.3049971692668586,0.4999550705453717,0
0.3169867757137175,0.5143387340361009,0
0.2216401110539753,0.5261949180443994,0
0.3278342659715242,0.5320576082532984,0
0.3449625240897218,0.5410882516522078,0
0.3894954724893975,0.5550688140544106,0
0.3409659886074355,0.5671516347394987,0
0.455153214489557,0.5809478943819476,0
0.4557242725840831,0.5865021998793559,0
0.5733369758539649,0.5912392070649657,0
0.5236653757829507,0.5967441360463869,0
0.6287178501011457,0.6053232187817538,0
0.681243869465394,0.6078383080483711,0
0.7463305533710274,0.6033401112553413,0
0.6624028726533163,0.5966657680153428,0
0.5898941758776364,0.5927532702358669,0
0.681243869465394,0.5853285399309333,0
0.6584063371710299,0.5728695051382315,0
0.6743924791001752,0.5657273445950465,0
0.7566074211240063,0.5593047113632081,0
0.8519536501940501,0.542851244194325,0
0.9027669308644184,0.5280493582741667,0
0.8542374469824564,0.5134648927896049,0
0.9290299405465424,0.5014585231528814,0
0.9570061245122452,0.48978890749832327,0
1.026660401994691,0.4799214272234232,0
1.0021101310064469,0.46723963246993677,0
0.8947738598998457,0.45587142325722296,0
1.0123869987594258,0.44591171589706596,0
1.0848956955351057,0.4362832767649407,0
1.0346534729592636,0.4205549557723534,0
1.090604969711272,0.4033999716213669,0
1.1751037085235094,0.3878486674649876,0
1.0848956955351057,0.3663811137473084,0
1.1060204891355896,0.3497566576080421,0
1.0671968149120803,0.33254000640596665,0
0.9804142793114368,0.31947652649519565,0
0.8884935276291531,0.30561114860461114,0
0.9461581986647402,0.29627191583098583,0
0.9952587406412282,0.283004743824443,0
0.9649991954768178,0.2719415028087639,0
0.943874401876334,0.2607268783364076,0
0.8605177792531489,0.24975761227059487,0
0.8696529664067738,0.24084007918935393,0
0.9141859148064496,0.23499263327939365,0
0.9296009986410688,0.22663332916120574,0
0.990120524559588,0.2194934033250221,0
1.01695415674654,0.21070458443712783,0
1.1311413826286616,0.201490393676016,0
1.240761450523669,0.19343410039252726,0
1.3058481344293025,0.18370729594763888,0
1.3543776183112644,0.17119697076772106,0
1.3161250021822812,0.15871051035181205,0
1.3526648796173844,0.1446481906765791,0
1.3401042150759992,0.1285012674850051,0
1.4285990537808244,0.11159748724740841,0
1.4103291150632729,0.09394436846356516,0
1.503963041029135,0.07761924407301292,0
1.5387897441806595,0.060863772988829216,0
1.579326592687747,0.04589988883595461,0
1.5633400151689036,0.031811944588545846,0
1.5108139958046554,0.018429800484719764,0
1.4737030602750265,0.00735093923323017,0
1.4965405925693902,-0.003735906114590275,0
1.4765579151579586,-0.013452385843243752,0
1.517094328075348,-0.02168047050922087,0
1.7049323669222016,-0.03063427964909062,0
1.59245787973396,-0.041895656901895485,0
1.539931860369712,-0.05108286168141193,0
1.4274573731814704,-0.05984714285302549,0
1.4508659635703605,-0.06716195204221267,0
1.1648268407705304,-0.07306348306961791,0
1.0557778309700492,-0.07615791904553774,0
1.0831829568412257,-0.07863287310414356,0
1.2881488182165786,-0.08031148120185973,0
1.2647406634173868,-0.08363226504890299,0
1.1231483116640888,-0.08762749087423968,0
1.0900343472064444,-0.08894604567367832,0
1.362941747370363,-0.09102939541616324,0
1.3041353957354225,-0.09548816645700609,0
1.3041353957354225,-0.09943973805157363,0
1.39891056671094,-0.10339470960345605,0
1.4588590345349333,-0.1076881534429286,0
1.4234608376991842,-0.11168350154605934,0
1.2373355375462105,-0.11587914885972841,0
1.137421714899354,-0.11589170494513819,0
1.231626263370044,-0.11591970473986701,0
1.1071621697349436,-0.11659513234621717,0
1.2401903924291429,-0.1181255624810905,0
1.0557778309700492,-0.11996653240078378,0
0.982127018005317,-0.12056725254122175,0
0.9490130535476724,-0.11985926685111076,0
1.064341960029148,-0.12030264927912165,0
0.9530095890299588,-0.1206305004533047,0
0.9707084696529842,-0.1195805757784107,0
0.7737356792422038,-0.11908801250437531,0
0.657264656571676,-0.11631452713849776,0
0.6806728113708678,-0.1120247803426411,0
0.7623166953001727,-0.10738236726412297,0
0.824548959912572,-0.10292296906318872,0
0.824548959912572,-0.0998821575463623,0
0.7331992663248145,-0.09642718135949224,0
0.5185271597013104,-0.09227996435457782,0
0.6892369404299665,-0.08511259739740296,0
0.7868669662884167,-0.08000703758193277,0
0.7965727759468695,-0.07587413713650633,0
0.7583201598178864,-0.07297882420323915,0
0.669254263018535,-0.0692867659666923,0
0.6304305887950257,-0.0645354876394408,0
0.7189258630895493,-0.059378221950673195,0
0.801711427618208,-0.054730079742396985,0
0.6932334759122529,-0.05121611969581221,0
0.5853265823008239,-0.045922856108785035,0
0.526520230665883,-0.03884267122115306,0
0.4854127596539675,-0.031569787692967824,0
0.3175573982185453,-0.02389085157260515,0
0.3152736014301391,-0.01618609147651635,0
0.4231809306312665,-0.008244085179372664,0
0.4283191467129067,-0.002282881395357983,0
0.2735955079133958,0.003982111258392066,0
0.3226960498898839,0.01249315409779233,0
0.443163608042698,0.02100940216116731,0
0.4345994789835993,0.028005662826584524,0
0.4939768887130663,0.034228229882045234,0
0.549357762960247,0.040350674995701816,0
0.5938907113599227,0.04472259005229212,0
0.575049714547845,0.0491002732206098,0
0.5562087177357673,0.05415059041536273,0
0.6709670017124151,0.06099532642460574,0
0.5876103790892301,0.06527136014313865,0
0.4540110983005047,0.07011093190016203,0
0.4471601435249844,0.07595378978286878,0
0.3746510111596061,0.08127460693857208,0
0.5071081757592792,0.08841047408473084,0
0.477990746783921,0.09607942203937106,0
0.5704821209710326,0.10374412289857278,0
0.396917485359444,0.10804536158143158,0
0.480845166077155,0.11466046318512776,0
0.4311740015958391,0.11695644887003757,0
0.4682845015357699,0.11849241282683781,0
0.5059664951599253,0.12069906174353907,0
0.48998035323078,0.12369520143527987,0
0.4991151047947065,0.12730594254123415,0
0.5858976403953501,0.13296216893515814,0
0.547645024266367,0.13750459459355,0
0.6492715856071034,0.1433320506841381,0
0.6024548404190214,0.14745784031943185,0
0.6435618758412386,0.15235930754523602,0
0.7731646211476777,0.15862172182006581,0
0.8102755566773069,0.16363208840465482,0
0.7400502211003348,0.16907905429463363,0
0.7994276308298018,0.17349684263319126,0
0.6869531436415603,0.17802883027479574,0
0.5710531790655587,0.18423344640482564,0
0.4831289628655613,0.1926844971222964,0
0.5116757693360917,0.20479053567002678,0
0.5419353145005021,0.21575832149151983,0
0.5733369758539649,0.22918751113403313,0
0.7080779372420443,0.24115162336607335,0
0.743475698488095,0.25093155920187216,0
0.7480432920649075,0.25998327168340735,0
0.8022824857127342,0.2665951096449826,0
0.7320571501357621,0.27186870087917453,0
0.8114172372766608,0.2788714318461003,0
0.8776460373713465,0.2845482904642695,0
0.8199813663357596,0.28907239121675954,0
0.8045662825011405,0.2932935982273684,0
0.8445316373240036,0.2971521544189014,0
0.7234930210766634,0.30273690746908055,0
0.7857252856890627,0.31225021801907615,0
0.8593760986537949,0.3163973668661744,0
0.8405351018417173,0.31783635382201614,0
0.824548959912572,0.3146454172284352,0
0.9221789857710222,0.31325455912454203,0
0.8519536501940501,0.3105463748337143,0
0.8182686276418795,0.30836959106545053,0
0.874220124393888,0.304430086806494,0
0.8628015760415552,0.2984162494380307,0
0.8102755566773069,0.2966308725780221,0
0.8057079631004944,0.29483669192739664,0
0.7845831695000105,0.289367752436979,0
0.9079055825357568,0.2831122939455823,0
0.9958297987357544,0.27479854961217814,0
0.9832691341943692,0.26596110267341816,0
1.0791864213589393,0.26066863125662976,0
1.122006631064735,0.2531604498265325,0
1.0198090116294722,0.24876809341081635,0
0.9849818728882492,0.244214639088112,0
0.9598605438054792,0.23831761333777698,0
1.0352240954640914,0.23550792074839952,0
1.0163835342417122,0.2277835171886217,0
1.0009680148173947,0.2188914680274835,0
1.1048783729465372,0.20986413556172892,0
1.135708976205474,0.19597006443740494,0
1.217923918229305,0.18242396176980621,0
1.2339100601584505,0.16963218493320453,0
1.3001384246634375,0.16019821492481529,0
1.3184087989706874,0.14700791702903024,0
1.2910036730995111,0.13208957880106478,0
1.2224915118061177,0.12007035091470761,0
1.278443008558126,0.10760402242585337,0
1.2105014697695602,0.0908158148464652,0
1.2470417827943614,0.0746470570866775,0
1.2327683795590962,0.05828116536104987,0
1.229913524676164,0.04156001810347896,0
1.0774736826650593,0.02625545809931957,0
1.0797574794534657,0.01121108205207226,0
1.1031656342526572,-0.0017020734118684446,0
1.086608434228986,-0.013290641782476917,0
1.1157262987940424,-0.02400571749424578,0
1.0843246374405795,-0.03439556068096254,0
1.1277159052409014,-0.04294586691754189,0
1.1437020471700463,-0.05168654247181709,0
1.0740477696876007,-0.05926924608032536,0
1.0340824148647376,-0.06621373890934852,0
0.8667981115238415,-0.07381981139122001,0
0.8639432566409091,-0.0785340032825895,0
0.8159848308534733,-0.08408418316345861,0
0.8371096244539571,-0.09050983093705617,0
0.8313999146880924,-0.09656750173621957,0
0.8662270534293154,-0.10218055683274575,0
0.8816425728536328,-0.10709088641051424,0
0.824548959912572,-0.11188241392992808,0
0.8736495018890602,-0.113935653449629,0
0.8108461791821346,-0.11555193185880126,0
0.8456733179233575,-0.11470025042261306,0
0.8799298341597527,-0.11724996998129864,0
0.9273172018526624,-0.11879074396679468,0
0.9124731761125694,-0.11926650240974093,0
0.8816425728536328,-0.12073754855098749,0
0.7851542275945367,-0.12249811665864552,0
0.7451888727716734,-0.12601613442544835,0
0.7937183566536354,-0.12860882401423349,0
0.9141859148064496,-0.13125512822041666,0
0.8799298341597527,-0.13611682122099025,0
0.8045662825011405,-0.13881995759207197,0
0.7520398275471938,-0.14110391423631582,0
0.5938907113599227,-0.14308960280533653,0
0.538509837112742,-0.1431050966615485,0
0.5853265823008239,-0.14315058144264484,0
0.6698253211130611,-0.14446422335605277,0
0.6686832049240088,-0.14884834775693978,0
0.7948600372529894,-0.15006951608197763,0
0.8039952244066143,-0.15184797019168092,0
0.8382513050533111,-0.1547864389203742,0
0.8451026954185298,-0.15646734901385942,0
0.8353964501703787,-0.15755027228317456,0
0.94273272127698,-0.15863270233025628,0
1.0135286793587797,-0.15945723829721695,0
1.0477847600054766,-0.16045293992259255,0
0.965570253571344,-0.16049998275249802,0
1.01695415674654,-0.16002585645280765,0
0.9712795277475104,-0.16024919765971118,0
0.9752760632297968,-0.15713333745986072,0
1.0232344890172325,-0.15399403193955713,0
1.0118159406648997,-0.15211020289492747,0
1.1168679793933962,-0.14901293478841776,0
1.0843246374405795,-0.14901600570996468,0
1.1454147858639268,-0.14481919667190732,0
1.1043077504417096,-0.13921446182440086,0
1.0569199471591015,-0.13444848798184036,0
1.0043939277948533,-0.13196322111578532,0
1.0437882245231902,-0.1273831414669542,0
1.0734771471827729,-0.11640608873373318,0
1.0500685567938828,-0.10612705973561663,0
1.0329407342653836,-0.09935642158429898,0
0.967282992265224,-0.08829549770969981,0
1.086608434228986,-0.08217749957589554,0
1.0848956955351057,-0.0742637152514157,0
0.9313137373349488,-0.06374783296002495,0
0.9113310599235172,-0.05570653789956014,0
0.7503270888533137,-0.05068908834171326,0
0.7862959081938906,-0.04708588578082065,0
0.825690640511926,-0.04161938655376673,0
0.7617460727953449,-0.0333969845114294,0
0.6846693468531542,-0.028008935359513328,0
0.6230085759249792,-0.018890319058484786,0
0.8045662825011405,-0.014568594020511005,0
0.7132161533236845,-0.010588185818270946,0
0.5539249209473611,-0.002925334848740111,0
0.5208109564897166,0.0019469222366813599,0
0.5356549822298096,0.0005913640968868217,0
0.6515553823955096,0.004802610245586098,0
0.7063651985481642,0.009345721460425754,0
0.743475698488095,0.010391364384576105,0
0.9273172018526624,0.013705897356407839,0
0.8296871759942123,0.020314581194799262,0
0.7514692050423659,0.026505400861363933,0
0.8188396857364056,0.029018513845565988,0
0.7326282082302883,0.03685140878770121,0
0.6024548404190214,0.043182238319104206,0
0.5836138436069438,0.040085992833826634,0
0.4631462854541296,0.03494039858566522,0
0.5248074919720029,0.029321911508935046,0
0.6287178501011457,0.02137051550572594,0
0.7765900985354378,0.01616787322349805,0
0.6686832049240088,0.01704066816134923,0
0.6110185338884219,0.014577304891806623,0
0.6903790566190189,0.010559738906009426,0
0.5556380952309395,0.011320495348549753,0
0.3723672143711999,0.009330061861618472,0
0.3072805304655664,0.005449612181774808,0
0.3044261111723324,0.004473124165814113,0
0.2199273723600952,0.0015600741697827643,0
0.2793047820895622,-0.005875053268892783,0
0.1103077400547861,-0.007633011297009455,0
0.1993736368541374,-0.011134736104132908,0
0.2941492434193535,-0.016701092506372906,0
0.275879304701802,-0.019286501146901808,0
0.3580938111359347,-0.01929871296168524,0
0.4208971338428602,-0.018641054154562842,0
0.4049109919137149,-0.022067815221187788,0
0.4642879660534836,-0.025616406898993253,0
0.4625752273596035,-0.022144083491024404,0
0.3740803886547783,-0.019468684268924185,0
0.4420214918536458,-0.018849112143463166,0
0.3352567144312691,-0.019283275884876844,0
0.2199273723600952,-0.02071685864449363,0
0.2490452369251517,-0.02428236338143535,0
0.2484741788306255,-0.024482444553203274,0
0.3432497853958417,-0.02596181863755345,0
0.3586648692304608,-0.02610674250059078,0
0.5647728467948662,-0.025273452809506464,0
0.6030254629238493,-0.02161405938107706,0
0.7606039566062925,-0.01752781342164155,0
0.5567797758302935,-0.010893834685283921,0
0.5379387790182159,-0.005527487850170765,0
0.6869531436415603,-0.0014135209510768556,0
0.6703959436178889,0.007494313518525008,0
0.5716242371600848,0.015636155418083185,0
0.3860699951016373,0.021356439633469445,0
0.3752220692541322,0.026604922421468075,0
0.3912082111832775,0.02830610859968037,0
0.3084226466546187,0.029548981661081483,0
0.384927878912585,0.03012937170407359,0
0.4722810370180563,0.03273601499548201,0
0.396917485359444,0.035985344390678645,0
0.3638035209017994,0.03638035142952245,0
0.4545821563950309,0.041844036560477894,0
0.2033701723364238,0.04500393346578404,0
0.193664362677971,0.040518675592960345,0
0.2735955079133958,0.041142913844094915,0
0.310706443443025,0.03963958814063024,0
0.3238377304892379,0.03770923204114347,0
0.4368832757720055,0.03786840089909959,0
0.4665717628418898,0.036727140773870647,0
0.4494439403133906,0.037328677326740285,0
0.4876965564423737,0.037827106030536246,0
0.3746510111596061,0.04299887245203124,0
0.2410521659605791,0.05188742683062939,0
0.2456197595373915,0.05647292864497514,0
0.2633186401604169,0.06262622887460452,0
0.2787337239950361,0.06639430506887854,0
0.182816436830466,0.0727728493379823,0
0.3049971692668586,0.07783990496843994,0
0.3181284563130715,0.0838724529472332,0
0.2884399692431871,0.08768710785384042,0
0.3586648692304608,0.08870508519191418,0
0.4237515531360942,0.09272579306753706,0
0.2924365047254735,0.09944771690620002,0
0.2827302594773224,0.10301483387998751,0
0.2798758401840883,0.10972419433344174,0
0.2387683691721728,0.1139691176443621,0
0.2444776433483392,0.11772015394529273,0
0.3495301176665342,0.1216401896740824,0
0.2695989724311095,0.12708794534297604,0
0.2558966272903704,0.1281156766019732,0
0.1930933045834449,0.12687120243215685,0
0.2598931627726568,0.12953974795557674,0
0.2724533917243435,0.1376201864603195,0
0.3695127950779658,0.14884496923418966,0
0.3540972756536484,0.15972145809208052,0
0.4266064080190266,0.16416998802136734,0
0.3934920079716837,0.1664827087088178,0
0.3575231886311069,0.16938156260409465,0
0.3860699951016373,0.17193007081433617,0
0.3478173789726542,0.17794145522284102,0
0.3221249917953578,0.186092500967027,0
0.3095643272539727,0.19264714967359162,0
0.3586648692304608,0.19516090300214736,0
0.3312601789489827,0.19955118660500998,0
0.3872116757009912,0.20100077012501816,0
0.4094781499008291,0.2107337467618034,0
0.4511566790072707,0.21749411992898435,0
0.5316584467475233,0.22338332964552327,0
0.5790462500301313,0.23182502189894708,0
0.5562087177357673,0.24301927832573203,0
0.5956034500538028,0.2593646009027226,0
0.5425063725950283,0.2776287464273385,0
0.5767624532417251,0.2898683711266127,0
0.7280606146534758,0.3078151172539518,0
0.8565212437708626,0.32426492307539295,0
0.7811576921122503,0.3441219538874328,0
0.9261755212533084,0.36524210953624753,0
0.84852817280629,0.3770323953185731,0
0.802853108217562,0.39234338802336355,0
0.6892369404299665,0.40127654183824923,0
0.6635449888423686,0.4150249206729537,0
0.6167282436542867,0.4316217631077668,0
0.6190120404426929,0.443973582316795,0
0.5339422435359296,0.4461065615001557,0
0.5681983241826263,0.44499242840291287,0
0.5025410177721651,0.4506503505966614,0
0.5088213500428577,0.4609519366514768,0
0.4974023661008265,0.47202176210494506,0
0.5333716210311017,0.4804788834568816,0
0.5071081757592792,0.4956754052569767,0
0.4117619466892353,0.5060664041598958,0
0.3877827337955173,0.5093734010223382,0
0.4100492079953552,0.5167341847991782,0
0.4854127596539675,0.5258174795295214,0
0.5425063725950283,0.5397932761926238,0
0.4311740015958391,0.5454978748409834,0
0.4266064080190266,0.5451485700022052,0
0.3952047466655639,0.5518393860102784,0
0.4585786918773172,0.5525080399371387,0
0.4814162241716812,0.5547219906583091,0
0.4996861628892327,0.5659078209870733,0
0.3757931273486584,0.5752522887499658,0
0.3929209498771576,0.5828280704674531,0
0.2918654466309473,0.5788385293442926,0
0.2741665660079219,0.5807494288736912,0
0.372938272465726,0.5901579787227977,0
0.3392532499135554,0.5909925609561393,0
0.2598931627726568,0.5964801033535945,0
0.2536128305019642,0.5957541734397036,0
0.1422800239130766,0.6024845004222048,0
0.145134878796009,0.6042581819137679,0
0.1839585530195183,0.6002550243016198,0
0.1262938819839313,0.5892393566861133,0
0.1388545465253165,0.5950850317095495,0
0.2204984304546213,0.5975515285493858,0
0.155982804643514,0.6051208979557989,0
0.1919516239840909,0.6139278512089111,0
0.2147891562784549,0.620550149749436,0
0.1759654820549456,0.6154965652584091,0
0.190809943384737,0.6194301139858904,0
0.2536128305019642,0.6203674171532426,0
0.2547545111013181,0.6242300680002849,0
0.3021423143839262,0.637047653061323,0
0.2958619821132336,0.6435632804907971,0
0.3329729176428628,0.6481060688527102,0
0.3483880014774819,0.6625453125297189,0
0.3164157176191914,0.6612244486970901,0
0.4374543338665316,0.6823138128070239,0
0.421467756347688,0.6973169269845845,0
0.4505856209127445,0.7189914240579043,0
0.1788199013481797,0.7361319190065305,0
-0.1043641487738688,0.7452782376457836,0
-0.178014961738601,0.7468554842782775,0
-0.2419597472500313,0.7362314355985163,0
-0.0838106310627606,0.7323716158787653,0
-0.213983998874027,0.723829189440067,0
-0.1323401149447222,0.7278583941248298,0
-0.1306273762508417,0.7302257307096888,0
-0.1420459246031749,0.7366945901838983,0
-0.0769592406975419,0.7373336812630739,0
0.049217591631439,0.7408199603887411,0
-0.0421321019563185,0.7400444593881053,0
0.0280927980309551,0.7422624543190077,0
-0.0883780068447235,0.732288750893628,0
-0.0586893019799904,0.7327032275266275,0
-0.0455577971389279,0.736709085716277,0
-0.1009386713861086,0.7384503342822284,0
-0.1940013214625954,0.7339410240050611,0
-0.3201781537915756,0.7347575496037442,0
-0.261371584361786,0.7288861249971094,0
-0.3156105602147639,0.7266805543368429,0
-0.3818391425146005,0.7190489555768274,0
-0.2699357134208847,0.7117908934431832,0
-0.3281712247561486,0.712321854931576,0
-0.2231189682328028,0.7181186661301425,0
-0.1597450230210495,0.7220931720129464,0
-0.106647945562275,0.7220644658171144,0
-0.0084470794041479,0.7252126846860156,0
-0.0381355664740318,0.7205595446638321,0
-0.1254889423743523,0.7134880053525731,0
-0.0758173423033384,0.7087872642875628,0
-0.0643987939510059,0.706046875439392,0
-0.0718208068210516,0.7046947775092975,0
-0.1283435794624359,0.7046559616991845,0
-0.1494681552680706,0.6976998872084704,0
-0.1306273762508417,0.6960409700204047,0
-0.1671672536859451,0.6980663570592044,0
-0.1129282778329675,0.6942075458835862,0
-0.1643126165978623,0.6930817077440571,0
-0.172876527862112,0.6949122361920288,0
-0.0741046036094583,0.6207950628788879,0
-0.02329132293909,0.6240695624497515,0
-0.0552638245922302,0.6220123877680696,0
-0.0255751197274959,0.6038940258162797,0
0.0435083174552725,0.6070162493766894,0
0.0840447303726619,0.606227729724149,0
0.0663458497496365,0.6151289025951524,0
0.2473324982312716,0.6182613316113276,0
0.2410521659605791,0.6303976248625778,0
0.5230947532781228,0.6416234872932995,0
0.4540110983005047,0.6563161698807868,0
0.6292884726059734,0.6646784416204672,0
0.6464167307241709,0.6981577873809608,0
0.6344271242773121,0.7291340728477503,0
0.2678862337372294,0.7680247444387596,0
0.0315187110084136,0.7815716662341792,0
0.062919936772178,0.7887948586548905,0
0.0811898754897295,0.8019044252087641,0
0.0971760174188748,0.8044707742931573,0
0.073767862619683,0.8060985422486686,0
0.0931794819365885,0.8112241478465516,0
0.2073667078187101,0.8178219540522841,0
0.1816747562311121,0.8353350742818888,0
0.1531279497605817,0.8453770832175002,0
0.2347718336898865,0.8588078524944667,0
0.2576093659842505,0.8751056227261711,0
0.2604637852774845,0.886080334974744,0
0.157124485242868,0.896984932651621,0
0.2644603207597709,0.8977543010619586,0
0.1805330756317581,0.9095471109249854,0
0.1542696303599356,0.9219746308191606,0
0.146276559395363,0.941233718508118,0
0.2125053594900487,0.9466499219580145,0
0.2010863755480175,0.9572584129381368,0
0.1930933045834449,0.9690374783247289,0
0.1365707497369102,0.9656580290477171,0
0.0817609335842557,0.968823626999067,0
0.1262938819839313,0.9580400837481383,0
0.0766227175026154,0.958440069601833,0
0.1651175562074406,0.9445335586650891,0
0.3078515885600926,0.9419168435946057,0
0.3529555950542944,0.9407021581282186,0
0.310706443443025,0.9379166417504671,0
0.2005157530431897,0.939911354406159,0
0.1411383433137227,0.9390086580491012,0
0.0766227175026154,0.9316916467762529,0
0.0303765948193613,0.9190483655634354,0
0.0035427448375598,0.9176485019665123,0
0.0035427448375598,0.9088234761210794,0
0.0081101206195239,0.8945206896039538,0
-0.0369938858746783,0.8885134619099899,0
-0.0666823729445622,0.8869633444512319,0
0.0081101206195239,0.8768320998247864,0
-0.058118461680313,0.8647066002524052,0
-0.0227204826394131,0.8585714632448769,0
-0.0838106310627606,0.8563081635926817,0
-0.0347100890862716,0.854552511124296,0
-0.0170109906683975,0.8580432411051196,0
-0.0090179197038248,0.8577067839900521,0
0.0560689819966577,0.8484559466654393,0
-0.0324262922978658,0.8413830776382938,0
0.0189580464670285,0.8338051096402925,0
0.0446499980546265,0.8305590916109393,0
0.0109649755024558,0.8331682349939141,0
0.1011725529011611,0.8273955095135249,0
0.0086811787140492,0.8256979560978516,0
-0.0192947874568037,0.8245522761384204,0
-0.111215539139087,0.8294657482211238,0
-0.0889490649392496,0.8428005448640566,0
-0.0678242713387661,0.852678935969878,0
-0.0084470794041479,0.8546793397758504,0
-0.0826687326685567,0.8585796996848003,0
-0.0643987939510059,0.8756821666734755,0
-0.0295716552097826,0.8755464843777552,0
0.040082404477814,0.8792784958323645,0
0.0132487722908621,0.8877782920495737,0
-0.0141563535803143,0.8770649427767728,0
-0.0649696342506825,0.8782502777840825,0
-0.0672534310390887,0.875727159616625,0
-0.02329132293909,0.8750178152215401,0
0.0669164722544643,0.8692369316463107,0
0.0663458497496365,0.8598805887155537,0
0.108595001360906,0.8515213683720766,0
-0.0210075261506838,0.847482899136732,0
-0.0826687326685567,0.8448764345421179,0
-0.1163539730155765,0.8387900900752879,0
-0.1905756262799861,0.835909766510775,0
-0.1677380939856225,0.8424275060598847,0
-0.1214924068920667,0.834241094094843,0
-0.1192086101036601,0.8267000114190249,0
-0.0723918649155782,0.8045111722274894,0
-0.1317692746450452,0.7870052139678576,0
-0.2807834214735402,0.7656906201237137,0
-0.2470981811265207,0.7496080874842175,0
-0.2922021876207226,0.7051166358703818,0
-0.3167524586089666,0.6603461080073525,0
-0.3629983634973712,0.6535569174495571,0
-0.3584307699205595,0.6150232933457375,0
-0.3595726683147622,0.5388505197583534,0
-0.3424446279914138,0.48132606185286336,0
-0.3036209537679045,0.4402586935322632,0
-0.1157829149210512,0.3856923237881299,0
-0.1323401149447222,0.33861940957658027,0
-0.1431878229973776,0.2932050597417599,0
-0.2094164052972142,0.26120533638216736,0
-0.1905756262799861,0.2219204390445248,0
-0.1854371924034966,0.18426628383132196,0
-0.1620288198094557,0.15449484268673105,0
-0.1580322843271694,0.11739100532577042,0
-0.1860080327031732,0.07251142316524546,0
-0.2408180666506778,0.046584436860648594,0
-0.2505238763091301,0.018626886483303042,0
-0.2322539375915785,-0.001655304403930086,0
-0.2105583036914181,-0.020554620781840657,0
-0.1586031246268467,-0.03476114074924298,0
-0.3041917940675815,-0.039240692201916796,0
-0.2927732457152491,-0.05304868272475389,0
-0.2128421004798239,-0.04455188346081377,0
-0.2231189682328028,-0.049466886219555244,0
-0.1757311649501947,-0.0423073422186116,0
-0.2499530360094535,-0.04385547943756946,0
-0.2670810763328015,-0.038525890564390555,0
-0.3287420650558252,-0.03730469566124262,0
-0.2842091166561499,-0.03155311728299217,0
-0.3350223973265182,-0.024979909016452344,0
-0.2950568247088054,-0.01865473093170116,0
-0.3007663166798213,-0.007608017636071167,0
-0.2568042085798226,0.004188325473972374,0
-0.2956278828033319,0.01866949937624591,0
-0.2779287843854574,0.037107102714996676,0
-0.236821531168391,0.06254603337544941,0
-0.2134129407795009,0.09156899293046393,0
-0.2819253198677441,0.12264418562978784,0
-0.3178943570031697,0.15545229780634176,0
-0.3059047505563104,0.18994907082469054,0
-0.3550052925327993,0.22141631936679204,0
-0.3641402618915751,0.2612383531433839,0
-0.3995382409324746,0.2937409630363816,0
-0.488033297432149,0.32747955463226697,0
-0.4497806813031663,0.36552042733819895,0
-0.4377908570614573,0.41877073622735267,0
-0.4086732102912503,0.48186900497671725,0
-0.331596919938758,0.5365243420447338,0
-0.3104721263382745,0.6057434864184629,0
-0.3121850828270037,0.6750953409628397,0
-0.4041056167144379,0.7277944616477852,0
-0.3276001666616225,0.794170466748434,0
-0.3350223973265182,0.8586503643899918,0
-0.3652821602857778,0.9197900899332185,0
-0.3709914344619442,0.9535764813736984,0
-0.3138978215208834,1.0064785967765073,0
-0.3818391425146005,1.04767056585692,0
-0.4469258264202335,1.1140678104957342,0
-0.3458703231740231,1.1532678274198478,0
-0.2682229747270042,1.2225319260275962,0
-0.2465273408268438,1.291793649480303,0
-0.1523227923561534,1.3610848055318865,0
-0.1026514100799887,1.4344681944208995,0
-0.2642264392447187,1.4788754815106138,0
-0.2499530360094535,1.540144515803872,0
-0.1985686972445587,1.5910909477472313,0
-0.182582555315413,1.630620949056743,0
-0.2545204117914164,1.670106838752366,0
-0.1568903859329662,1.6939679945812507,0
-0.1820114972208877,1.7135098568580884,0
-0.0815268342743539,1.7448124052815357,0
-0.0347100890862716,1.7613781212638595,0
0.0914667432427084,1.7752724590658258,0
0.0794771367958494,1.7846123143401111,0
-0.0958002375096191,1.796602770882929,0
-0.0347100890862716,1.808448330900794,0
0.0754806013135631,1.8267294135102696,0
-0.03014249550946,1.829820988696236,0
-0.0152982519745174,1.8435911988196538,0
0.0309476529138874,1.8548678122384334,0
0.0081101206195239,1.857786638551429,0
0.0463627367485066,1.885539165025999,0
-0.0558346648919068,1.97869020888398,0
-0.0529800278038236,2.016987607747868,0
