signal,anomaly_score,is_anomaly
-1.5448361949362996,-0.8804479350945309,0
-1.5899399836356527,-0.8799704022632362,0
-1.7041272095177742,-0.8743853207583301,0
-1.744092782135486,-0.8806652055288265,0
-1.7503731144061787,-0.8662166694445117,0
-1.850286937053035,-0.8524480709082615,0
-1.9056677024027908,-0.8605432807155264,0
-1.9033840145118093,-0.831561715974496,0
-1.8622765434998945,-0.8121153695948296,0
-1.9639032137380548,-0.7998317656711514,0
-2.018713138788134,-0.7774787303326045,0
-2.127761930793766,-0.7898581772771877,0
-1.9576228814673624,-0.7767561268766658,0
-1.80575398865336,-0.7500241626573331,0
-1.9113770854763823,-0.7409843746024871,0
-1.8480031402646293,-0.7466626942677249,0
-1.799473656382667,-0.7298334247775491,0
-1.74694741922357,-0.7165886912633702,0
-1.724110104724054,-0.7038579969811134,0
-1.838297221708752,-0.6918244219041397,0
-1.937640204055931,-0.6817998315995129,0
-1.8006155547768696,-0.6699962492488927,0
-1.8325879475325857,-0.6617154115146998,0
-1.879975641917768,-0.6586687399082984,0
-1.9484879121085863,-0.6389891789198074,0
-2.048401734755443,-0.6314513626525325,0
-2.0763775920288725,-0.6226446718830975,0
-2.1471737679055205,-0.6233490800503265,0
-1.962761315343852,-0.6051430843156299,0
-1.985598738740792,-0.6070274829686492,0
-1.8931071467588307,-0.5965207823448593,0
-1.8868268144881384,-0.5789637170449677,0
-1.9513426580940945,-0.5654437397234446,0
-1.8462904015707484,-0.5566060222599646,0
-1.8240238184734865,-0.550646946177151,0
-1.808037567646916,-0.54149632042588,0
-1.7555115482826682,-0.5289397986584958,0
-1.772068748306339,-0.5254262369720687,0
-1.716687874059159,-0.5143821888158774,0
-1.6795769385295294,-0.507344292414215,0
-1.6647326949945875,-0.49906405658924724,0
-1.669871128871077,-0.5012724782732951,0
-1.5927948385185846,-0.4951732266186536,0
-1.4797492932358167,-0.4869320445383452,0
-1.5596804384712415,-0.4908876113701378,0
-1.4574828190359796,-0.48309433774485877,0
-1.4831749884184264,-0.4777498851012052,0
-1.4454932125891202,-0.4687213801165681,0
-1.5208567642477326,-0.47343841019688604,0
-1.5688154078300176,-0.47270835447664583,0
-1.447777009377526,-0.46186743371703054,0
-1.348434027030347,-0.45294310521093073,0
-1.3918252948306693,-0.4441834193970314,0
-1.3649912270540183,-0.4454164006857862,0
-1.2770670108540212,-0.43504862661096605,0
-1.3718423996243885,-0.43866991259115246,0
-1.390683396436465,-0.43039958705873677,0
-1.394679931918752,-0.4277692426463143,0
-1.458053877130505,-0.4131032896206634,0
-1.4557700803420992,-0.4069900364761301,0
-1.454628181947896,-0.4014807055150343,0
-1.5431232384475708,-0.39014009643561876,0
-1.6053552852651205,-0.37771977745734936,0
-1.5945075772124648,-0.36795928614247786,0
-1.488313422294916,-0.36031452529845875,0
-1.516289388465769,-0.3546630355770486,0
-1.3758389351066749,-0.3440502375105025,0
-1.339299057671571,-0.3443116670333062,0
-1.2359597576369548,-0.3407644773285531,0
-1.2593681302309958,-0.33753824111376796,0
-1.274212373765938,-0.3317565949192664,0
-1.339299057671571,-0.327124988613007,0
-1.3724134577189138,-0.3243769558546386,0
-1.2981915866596558,-0.3233156048821587,0
-1.2096965301599818,-0.32622037116854824,0
-1.1782950866013675,-0.3147673294413577,0
-1.1468936430427543,-0.31601463387780576,0
-1.2091256898603044,-0.31397968049967245,0
-1.12919454462488,-0.3120396468962267,0
-1.0555437316601477,-0.3137517860378511,0
-1.015578376837284,-0.31918324219421423,0
-1.0218587091079767,-0.3196478034686252,0
-1.08694539301361,-0.31920303444608394,0
-1.1514610188247172,-0.32213687836953,0
-1.1440390059546706,-0.3224839679676296,0
-1.1132084026957343,-0.3209687856357529,0
-1.09379656558398,-0.32165798168633797,0
-1.163450843066426,-0.3186170203131809,0
-1.09379656558398,-0.3172700450052822,0
-1.0041596106901025,-0.3142911350160393,0
-0.977325542913452,-0.3102303065199529,0
-1.005301509084305,-0.31209315565486695,0
-0.9190900315781884,-0.31118483765265764,0
-0.8854047912311679,-0.3088421771204025,0
-0.8922561815963873,-0.30722311256476964,0
-0.8939689202902671,-0.3060196332895574,0
-0.917377292884308,-0.30650473107047127,0
-0.8985362960722303,-0.3070539907127159,0
-0.8677059106081425,-0.30805254013979605,0
-0.8140377750548419,-0.30712963510200264,0
-0.8186053686316548,-0.30342280211466116,0
-0.8271692798959044,-0.29748169075622916,0
-0.840301002531816,-0.29655032373386314,0
-0.845439436408305,-0.29595571647976265,0
-0.8363044670495293,-0.29578138322442976,0
-0.8677059106081425,-0.303244524903812,0
-0.8066157621847961,-0.30253700320493515,0
-0.7683629282609635,-0.30692654223009685,0
-0.7186915459847983,-0.3106853809436278,0
-0.7569441621137811,-0.3147267624208924,0
-0.8420137412256957,-0.32108823378863094,0
-0.852861449278352,-0.3227556112330504,0
-0.8751279234781894,-0.33270609797118644,0
-0.9025330493493658,-0.3345857933014345,0
-1.005301509084305,-0.33809910511526686,0
-0.904245788043246,-0.34169566041298755,0
-0.8248857009023469,-0.3462264480252409,0
-0.8545744057670812,-0.3534165802825213,0
-0.8385880460430868,-0.3573176328562928,0
-0.7826363314962287,-0.3607578017015482,0
-0.9236576251550004,-0.3641545077409035,0
-0.9984501187190868,-0.36980101459115117,0
-0.911668018708142,-0.3705660564947971,0
-0.7957678363372912,-0.36912604993607834,0
-0.8842628928369651,-0.3727863918450817,0
-0.846581117007659,-0.369869229320882,0
-0.983035034884468,-0.37535786293680806,0
-0.9356472316018596,-0.37110410074017414,0
-1.0663916575076524,-0.37459155365920727,0
-1.0509763558781842,-0.36406494977489445,0
-1.0880872914078137,-0.3675471514160154,0
-0.9716162687372856,-0.35610739711857237,0
-1.0886581317074904,-0.35285806546889664,0
-1.035561054248716,-0.35007752531607705,0
-1.0201457526192477,-0.33653441472563544,0
-1.060682165536637,-0.335932393295973,0
-1.0943674058836563,-0.3267223273304714,0
-1.077810423654835,-0.3174910524205165,0
-1.0886581317074904,-0.30913143142612304,0
-1.1206306333606304,-0.30509408420279793,0
-1.1811497236894517,-0.3024341725818031,0
-1.1931395479311593,-0.29333329600439817,0
-1.25023316087222,-0.28299891135867355,0
-1.2947661092718956,-0.27748814142021605,0
-1.268503099589772,-0.27053473351393104,0
-1.3564270979949191,-0.26383184995495157,0
-1.3878287593483825,-0.2554088130765445,0
-1.312464989894921,-0.25084870254003766,0
-1.2496621027776935,-0.24490040360281548,0
-1.2570843334425894,-0.23967051061774558,0
-1.1874300559601436,-0.22958748615807306,0
-1.2017034591954088,-0.22448297998656577,0
-1.2622227673190785,-0.2221389393203589,0
-1.1605959881834933,-0.20950833111861464,0
-1.1035023752424324,-0.20367060364374814,0
-1.0321353590661064,-0.19915468218065807,0
-0.9841767154838216,-0.19708195063757425,0
-0.9721871090369628,-0.1928734595447075,0
-0.890543225107658,-0.18800667169969307,0
-0.8734151847843092,-0.1827162258432073,0
-0.9573428655020204,-0.18039180168428876,0
-0.8973946154728768,-0.17873954985004306,0
-0.9733290074311656,-0.1779323867277757,0
-0.941356505778026,-0.17428956999310632,0
-0.9236576251550004,-0.16853654308785027,0
-0.9613394009843068,-0.163311303806021,0
-0.9973084381197332,-0.15716374655021384,0
-1.0915127687955737,-0.15239883773289659,0
-1.179436984995571,-0.1457067739921714,0
-1.1063572301253652,-0.13742851834755515,0
-1.0840905381306778,-0.13236593614368672,0
-1.045837922001695,-0.12432245465265547,0
-0.9247995235492033,-0.1176835199048078,0
-1.0241422881015343,-0.11377554401710985,0
-1.0007339155074932,-0.10802800883914447,0
-1.0800940026483912,-0.10324709694967853,0
-1.1554575543070038,-0.09606316117213436,0
-1.1366167752897751,-0.08989969584724636,0
-1.1868592156604665,-0.08214252825464811,0
-1.1714439140309982,-0.07575468312467398,0
-1.163450843066426,-0.06825885683650076,0
-1.0549728913604706,-0.06068883839381828,0
-0.9990211768136128,-0.05408978915237422,0
-1.1040734333369586,-0.049013500862343407,0
-1.0212876510134508,-0.041447957063198385,0
-1.0932257252843027,-0.035867074400933535,0
-0.9573428655020204,-0.028542861112025895,0
-0.9128096993074956,-0.023295912751224446,0
-0.8894013267134546,-0.018440435692541068,0
-0.8568579847606375,-0.014318125659386548,0
-0.863709375125857,-0.010495642958624452,0
-0.798622473425374,-0.007485404653499716,0
-0.7637955524790006,-0.004776797277365512,0
-0.7997643718195767,-0.0025866653640843522,0
-0.7438126572727198,-4.715144397459863e-05,0
-0.7786397960139424,-0.0004569879433161521,0
-0.7637955524790006,-0.0009621431956267504,0
-0.76893398635549,-0.002438386027173584,0
-0.792342358949531,-0.003971047616561501,0
-0.7723594637432502,-0.005938711107640091,0
-0.697566970179164,-0.007086301471996098,0
-0.7643663927786771,-0.00902077063591658,0
-0.7403871798849596,-0.010329625255528378,0
-0.7592279589021877,-0.012513016318420056,0
-0.791200460555327,-0.01490879645567683,0
-0.8357334089550031,-0.016403702525814023,0
-0.8049028056960669,-0.017530852870712824,0
-0.8631383170313304,-0.01877503342131883,0
-0.9681905735546762,-0.019488158573395416,0
-0.9790384994021812,-0.01817298633543777,0
-1.0549728913604706,-0.015845967195227458,0
-1.09379656558398,-0.01201296800003789,0
-1.1274818059309997,-0.007745495854054241,0
-1.0806650607429178,-0.003002960025034395,0
-1.0755266268664283,0.0016128544663371977,0
-1.0589694268427567,0.006103177610526011,0
-1.09379656558398,0.010558890922877314,0
-1.1703020156367951,0.01612872603809385,0
-1.0281388235838198,0.023184859903490635,0
-1.0418413865194085,0.028607289930667947,0
-1.0504055155785073,0.03341598701533355,0
-1.0349902139490392,0.03939066207219518,0
-0.9322215364192502,0.044418102264607726,0
-0.9013911509551624,0.0474942684546259,0
-0.9053876864374486,0.048457919908962775,0
-1.0138654203485546,0.05019872022524836,0
-0.9556299090132911,0.052519868652303195,0
-1.0612532236311631,0.05413710340890613,0
-0.8208891654200614,0.05661729716567333,0
-0.7283973556432507,0.05630467002162893,0
-0.6929993766023512,0.054806895721124384,0
-0.686719044331659,0.052813513706265615,0
-0.7358195863081468,0.05116835479120025,0
-0.8020481686079833,0.0489804996376588,0
-0.7409580201846362,0.04818248532840519,0
-0.7032762443553301,0.04427220743975996,0
-0.6273416346021916,0.04060576505728261,0
-0.618777723337942,0.036579668653427364,0
-0.7295392540374546,0.03145540065712672,0
-0.7375323250020265,0.028941391051848425,0
-0.6804387120609656,0.026819463974849474,0
-0.6678782653144297,0.024115590635534784,0
-0.6615979330437376,0.021958815227579496,0
-0.6467534717139463,0.01950898183770563,0
-0.6204904620318221,0.016950829538266324,0
-0.6164939265495357,0.014459315666174536,0
-0.5662514861788441,0.012561274478835758,0
-0.5571165168200684,0.010107820599781244,0
-0.5736737168437401,0.00826047866518022,0
-0.5765283539318238,0.00648022310912713,0
-0.655888441072722,0.003230259932677971,0
-0.6027915814087967,0.0014700915432917091,0
-0.5742447749382663,-0.0010215673418647194,0
-0.5611130523023551,-0.004815961097412927,0
-0.6770132346732055,-0.008718841246736607,0
-0.7420999185788393,-0.011631414911241974,0
-0.6604560346495345,-0.013886041887382196,0
-0.6170649846440619,-0.01660240546337323,0
-0.6536048620791646,-0.021357876769844176,0
-0.6473245298084724,-0.02571967853587366,0
-0.7272554572490479,-0.030196434774993723,0
-0.7106984750202253,-0.03321103245687823,0
-0.6507502249910817,-0.03661836662270765,0
-0.6319092281790041,-0.041951844990208376,0
-0.60735895719076,-0.047015812940220794,0
-0.6319092281790041,-0.05289002805417997,0
-0.5731028765440628,-0.058486029704567705,0
-0.6079300152852861,-0.0656066081920635,0
-0.638760400749374,-0.0726702321415145,0
-0.6284835329963944,-0.07918083862950635,0
-0.567393384573048,-0.08444681630343434,0
-0.5868052216848026,-0.09252310600001794,0
-0.5702480216611309,-0.09808793777326073,0
-0.6170649846440619,-0.10417305760699908,0
-0.665023628226347,-0.10973475529199753,0
-0.655317600773045,-0.11351653318437091,0
-0.6176358249437389,-0.1186598419840778,0
-0.5685352829672508,-0.12440431558161515,0
-0.6216323604260252,-0.12934887208740556,0
-0.6062170587965569,-0.134721261848319,0
-0.6113554926730463,-0.13969057822047817,0
-0.5970820894377812,-0.14465321406860285,0
-0.5947982926493744,-0.14941116361215184,0
-0.5571165168200684,-0.1509660342841461,0
-0.583950584596719,-0.15595410561701925,0
-0.534850042620231,-0.16155954042884743,0
-0.5611130523023551,-0.16713901876381068,0
-0.5576875749145949,-0.171047871558248,0
-0.5599713717030012,-0.17378622630271726,0
-0.5702480216611309,-0.17971155661886062,0
-0.6399022991435768,-0.18497986848721312,0
-0.5987948281316612,-0.1869261133934202,0
-0.6062170587965569,-0.18997097468743157,0
-0.6096427539791662,-0.19131160212593337,0
-0.7729305218377756,-0.19672859673996027,0
-0.8300241347788363,-0.1950553600726619,0
-0.8751279234781894,-0.19769275376605144,0
-0.8802663573546784,-0.19910762689694653,0
-0.9190900315781884,-0.19812863253631258,0
-0.8540033476725547,-0.19652010530165812,0
-0.8602836799432472,-0.19642004593878323,0
-0.8585709412493667,-0.1972618580092221,0
-0.890543225107658,-0.1975300580206213,0
-0.940785665478349,-0.1989241587417198,0
-0.9008200928606368,-0.19664788887699478,0
-0.9202319299723912,-0.2002230623423838,0
-0.9048166283429232,-0.2000137312199358,0
-0.9185191912785112,-0.202970721965158,0
-0.8819793138434077,-0.20627890447706748,0
-0.8168926299377747,-0.20548756526716858,0
-0.76893398635549,-0.20705650470604725,0
-0.7546605831202249,-0.21054574974930518,0
-0.775214100831333,-0.21233282490907876,0
-0.73011031213198,-0.21383578151007024,0
-0.7232589217667612,-0.21558436447247487,0
-0.691857478208148,-0.2206797956627923,0
-0.6610268749492114,-0.22553990503516894,0
-0.6130682313669265,-0.2319453314276866,0
-0.5947982926493744,-0.23514714272110449,0
-0.6113554926730463,-0.24096641332447785,0
-0.60735895719076,-0.2463579363233378,0
-0.63761850235517,-0.25016297053217557,0
-0.6513210652907587,-0.2522677551557933,0
-0.7637955524790006,-0.25626219319620624,0
-0.7735013621374529,-0.2584711836575464,0
-0.8106122976670816,-0.2563852991133592,0
-0.8328787718669199,-0.25820254400762344,0
-0.8140377750548419,-0.25447658914598575,0
-0.8106122976670816,-0.25245434609665274,0
-0.8477230154018625,-0.25613960564730237,0
-0.8271692798959044,-0.25315234080803484,0
-0.8551452460667578,-0.25478159335287937,0
-0.9225157267607974,-0.25434446042619074,0
-0.9133807574020216,-0.24982822891771986,0
-1.0446960236074916,-0.24925477457622802,0
-1.0047304509897796,-0.24508197230492432,0
-0.9927408445429204,-0.24219402144783744,0
-1.0241422881015343,-0.23804618550920228,0
-0.941356505778026,-0.23481285702892643,0
-0.9128096993074956,-0.23036052512508012,0
-0.9122388590078184,-0.230746694517463,0
-0.8545744057670812,-0.23251247947942136,0
-0.8654221138197367,-0.22898215600403996,0
-0.8420137412256957,-0.23120800545717804,0
-0.8260275992965508,-0.23259469916255798,0
-0.7700756669548435,-0.23373970883870704,0
-0.7472383524553288,-0.23157843682340795,0
-0.7049889830492105,-0.23562653335371916,0
-0.7112693153199027,-0.2351841510464846,0
-0.851719550884148,-0.23793758583949493,0
-0.8003354299141032,-0.2375141413099894,0
-0.8083285008786759,-0.23573824744747782,0
-0.8848339509314913,-0.23632636881861513,0
-0.882550154143085,-0.23259108973394152,0
-0.9225157267607974,-0.23088710529195364,0
-0.9373599702957393,-0.22519141385631672,0
-0.8922561815963873,-0.22091954703927,0
-1.03327725746031,-0.21913592003819313,0
-1.037844851037122,-0.21167155230050702,0
-1.0269969251896172,-0.20592302134946527,0
-1.012723521954352,-0.19920880455606377,0
-0.9910281058490398,-0.19297443305435627,0
-1.0898000301016937,-0.1869958984023048,0
-1.1052153317311613,-0.17704200304961834,0
-1.0892289720071673,-0.16571320916231586,0
-1.120059575266104,-0.15541874042747156,0
-1.1754404495132846,-0.14628322727394313,0
-1.2154060221309966,-0.13568334508988472,0
-1.2034161978892888,-0.12540859054068315,0
-1.1880011140546698,-0.1155006640945678,0
-1.1668763204541863,-0.10612458505121147,0
-1.1177757784776976,-0.0966716209614315,0
-1.0892289720071673,-0.087328839509998,0
-1.0783812639545114,-0.07832068942905826,0
-1.0150073187427586,-0.07099159490369157,0
-0.9562009671078172,-0.062281458115400305,0
-1.0669624978073298,-0.05418146487795424,0
-1.0446960236074916,-0.04391613443458517,0
-1.1183468365722238,-0.03488499071777187,0
-1.1086408091189217,-0.024712676803290333,0
-1.0721009316838193,-0.015157650632005469,0
-1.0464087623013718,-0.005711825508919807,0
-1.012723521954352,0.003940792622401239,0
-0.9864605122722282,0.012678370060356738,0
-1.0161492171369613,0.021252170246390988,0
-0.9944535832368,0.02884057650192509,0
-0.9533463300197336,0.036719604349455474,0
-0.9721871090369628,0.04444829234851673,0
-1.0304226203722264,0.05276764806759035,0
-0.9978792784194096,0.061839666623922776,0
-0.9093842219197352,0.06994613008397221,0
-0.8602836799432472,0.0765659165830869,0
-0.8437264799195762,0.083324463937729,0
-0.8054738637905923,0.08997917051239918,0
-0.7792108541084685,0.09612342589065355,0
-0.8368753073492062,0.10143495232583724,0
-0.8123250363609622,0.10828780604283166,0
-0.8442975380141016,0.11460722794511508,0
-0.8128958766606391,0.12343581712468267,0
-0.8237438025081442,0.13016782305585758,0
-0.8363044670495293,0.13706698756039168,0
-0.8140377750548419,0.1462494928689118,0
-0.869418649302023,0.1539862647587978,0
-0.8562871444609609,0.16112788301537018,0
-0.9265122622430836,0.16912431596420585,0
-0.92879605903149,0.17873888534202695,0
-0.9727581671314884,0.18936163865836939,0
-0.955059068713614,0.20219272375531552,0
-0.8739862428788354,0.21207249154789395,0
-0.9390729267844684,0.23444481941398404,0
-0.9236576251550004,0.2735531958812981,0
-0.8796955170550018,0.28526936308403283,0
-0.9356472316018596,0.2928220170483506,0
-0.910526120313938,0.30220683927975306,0
-0.9847477735783476,0.31178759715692506,0
-0.9921700042432438,0.32083843986851596,0
-1.01957491231957,0.341667275816131,0
-0.9470659977490417,0.35235673480094515,0
-0.9436403025664324,0.3642459273385275,0
-0.8654221138197367,0.37450696726916183,0
-0.8368753073492062,0.38774744073919426,0
-0.8408718428314925,0.39228251919394097,0
-0.9327925945137764,0.40050660191953436,0
-0.8991073541667565,0.4175941068682705,0
-0.8899723848079807,0.4313705810150168,0
-0.8288822363846337,0.4376161083663457,0
-0.7951969960376137,0.4500421754790697,0
-0.7951969960376137,0.45871218056071617,0
-0.7940550976434106,0.46836065719644276,0
-0.8186053686316548,0.47649028558547474,0
-0.7655082911728802,0.47440985608969755,0
-0.7575152202083076,0.477633987763731,0
-0.7512348879376151,0.48979082258846063,0
-0.662168773343415,0.5009934800187226,0
-0.6815806104551696,0.5070423864801938,0
-0.666736366920227,0.5142204543640663,0
-0.6998505491727203,0.5199942939275707,0
-0.6935704346968773,0.5291425171114469,0
-0.7558022637195784,0.538834491779808,0
-0.7649374508732033,0.5486218268770496,0
-0.7900585621611244,0.5607211209551312,0
-0.7438126572727198,0.5675743576485937,0
-0.829453076684311,0.5808814103470714,0
-0.8128958766606391,0.5917525934562528,0
-0.7363906444026729,0.6061273690052214,0
-0.714695010502512,0.615606548208111,0
-0.7546605831202249,0.6265060987765243,0
-0.7061308814434133,0.6453546092418208,0
-0.6821516685496949,0.6666346450673265,0
-0.6815806104551696,0.6785150405826752,0
-0.6724456410963938,0.6801883583867764,0
-0.7152658508021894,0.697024428894493,0
-0.7049889830492105,0.7082837468453669,0
-0.6804387120609656,0.7243606137272589,0
-0.6478953701081498,0.7331416923312951,0
-0.6644525701318208,0.7552799164891401,0
-0.6381895604496967,0.7779229687539876,0
-0.5662514861788441,0.7872940725776165,0
-0.5519780829435789,0.7947221907377371,0
-0.5388465781025177,0.8106848639710339,0
-0.5434141716793297,0.8218380555312134,0
-0.5297116087437419,0.825898607454275,0
-0.4669087216265142,0.8437438770725395,0
-0.3692786957680645,0.8515069164875129,0
-0.3778426070323137,0.8590843617382456,0
-0.4001090812321511,0.866463126598493,0
-0.379555563521043,0.8745425815218413,0
-0.4041056167144379,0.8835466184624666,0
-0.4029639361150839,0.8947707644451304,0
-0.4634830264439049,0.9152712282463505,0
-0.4846076022495396,0.9035373317747648,0
-0.4954555280970447,0.9055861262846683,0
-0.4149535425619429,0.9010318900795035,0
-0.4412165522440671,0.9064474781815715,0
-0.3989671828379484,0.9051504028079206,0
-0.3310258618442318,0.9047212690739094,0
-0.2779287843854574,0.9015093530945426,0
-0.3258874279677424,0.8903488158177019,0
-0.3327386005381119,0.8818984021019933,0
-0.3721333328561473,0.8792818860030551,0
-0.3664238408851313,0.8792032313300483,0
-0.3116140247324772,0.877239037337,0
-0.3624273054028458,0.8703641680203696,0
-0.3538633941385954,0.8514426406854495,0
-0.4486387829089623,0.8500549873173283,0
-0.4069604715973707,0.846432105853892,0
-0.368707637673538,0.8415494735852728,0
-0.3327386005381119,0.8306225438255005,0
-0.3812683022149231,0.7984845338037245,0
-0.4120989054738601,0.7882218893413662,0
-0.3869775763910899,0.7726448027820786,0
-0.3721333328561473,0.7566790501635018,0
-0.38012640382072,0.7334223000436918,0
-0.3629983634973712,0.7196709226446074,0
-0.3270293263619455,0.7088498645621555,0
-0.3116140247324772,0.6934905775855541,0
-0.305333692461785,0.6799433695036969,0
-0.2196932730501939,0.6591824605271865,0
-0.2385342698622711,0.6382967524637906,0
-0.2271155037150891,0.6160595558282143,0
-0.1940013214625954,0.5987829620229871,0
-0.1968559585506782,0.5867029281019421,0
-0.1249178842798269,0.5743416691173471,0
-0.1032224681745148,0.5697895094911164,0
-0.1357658101273319,0.5693640777239583,0
-0.1192086101036601,0.5622860264601826,0
-0.0489834923215368,0.5597123096723895,0
-0.0141563535803143,0.5638022255409533,0
-0.0010248487392522,0.5644863785338626,0
0.0275221755261273,0.5667281497267618,0
-0.0050213842215385,0.5648701173218421,0
0.0086811787140492,0.5673052826292596,0
0.0075392803198465,0.5628139259507067,0
-0.0255751197274959,0.5587881393560141,0
-0.0187237293622776,0.5557070756004373,0
0.03722798518458,0.552645040127601,0
0.1023146690902134,0.5515837238660869,0
0.096605394914047,0.5534304385234666,0
0.1325742142546239,0.5562366917868465,0
0.099459814207281,0.5527044527221984,0
0.0389407238784601,0.5535488085390188,0
0.0520724465143713,0.5461945380737293,0
0.1131625949377184,0.5488604892188901,0
0.0931794819365885,0.5459541137676366,0
0.0189580464670285,0.5361579600813817,0
-0.0244332213332932,0.5238527698176556,0
-0.1157829149210512,0.5052659560490662,0
-0.1523227923561534,0.488450675976666,0
-0.2636553811501922,0.47213628713623823,0
-0.2585169472737031,0.4606915103108398,0
-0.2642264392447187,0.44780033724729995,0
-0.183724453709617,0.43207142270887255,0
-0.1414750843034979,0.41695523051709454,0
-0.1220632471917433,0.4131789287744826,0
-0.1095025826503578,0.40123037191224514,0
-0.1220632471917433,0.3918279077684352,0
-0.0598312003741931,0.385461603882868,0
-0.0152982519745174,0.3798191891521479,0
0.0052554835314402,0.37247616321932464,0
-0.046128855233454,0.3610727913340814,0
-0.1243470439801495,0.3513195502844022,0
-0.1614577617149296,0.3456626855055022,0
-0.1466135181799874,0.34143551429626223,0
-0.0712499665213751,0.3357292505144017,0
-0.0695372278274954,0.3320193932460653,0
-0.1523227923561534,0.3288106689959447,0
-0.2111293617859434,0.3230009054777803,0
-0.101509511685786,0.31742114748833306,0
-0.1403331859092948,0.32142272943360267,0
-0.1774441214389236,0.3151868177061189,0
-0.1631707182036584,0.3102980668246611,0
-0.1500392133625971,0.30370218555071293,0
-0.0843814713624371,0.2975937695117012,0
-0.100367613291582,0.2964774449439487,0
-0.0238621632387666,0.2950222481030882,0
0.0771933400074432,0.28918351805001946,0
0.0275221755261273,0.2887581899394988,0
0.1177297529248326,0.2876199409930492,0
0.0988891917024532,0.28935866062420434,0
0.0817609335842557,0.2869887370277946,0
0.0320893335132414,0.2875114457589832,0
0.0640620529612303,0.2819366323926929,0
-0.046128855233454,0.2751460054228717,0
-0.0175820487629236,0.2701254017512206,0
-0.0255751197274959,0.2644131659463469,0
-0.0158690922741948,0.2611032442501947,0
-0.100367613291582,0.25599015484086296,0
-0.0227204826394131,0.2505316729863185,0
0.096605394914047,0.24221147538620388,0
0.1713978884781332,0.23559132171011757,0
0.1856712917133984,0.2310138053788161,0
0.2039412304309499,0.22793096691574974,0
0.1371418078314364,0.2255401589434878,0
0.1542696303599356,0.22416272768352408,0
0.2656024369488232,0.22257747550536006,0
0.2553255691958443,0.2222042323163143,0
0.2604637852774845,0.22262984311999093,0
0.2753082466072759,0.2241120376047514,0
0.2216401110539753,0.22134535504336708,0
0.2416232240551052,0.21999392418856556,0
0.2496162950196779,0.22032034659503097,0
0.2444776433483392,0.2153704473142856,0
0.2713117111249896,0.21197781553849537,0
0.1959481594663772,0.2112728877072687,0
0.2347718336898865,0.20679737947966886,0
0.2633186401604169,0.200226040881788,0
0.3369694531251491,0.19448702273424523,0
0.394634124160736,0.1941622018836453,0
0.2992874595009938,0.19050142802351822,0
0.4180422789599278,0.18663373667358116,0
0.4306029435013129,0.1841465961328868,0
0.3929209498771576,0.18019926156865615,0
0.407765411206949,0.17226386354451428,0
0.4277480886183806,0.16728843510774305,0
0.4380249563713594,0.16361419514557402,0
0.4380249563713594,0.15664377745903857,0
0.4260353499245005,0.15133012988234293,0
0.480845166077155,0.14697906400432625,0
0.4745648338064625,0.14704413304312114,0
0.4580076337827911,0.14648486558455734,0
0.3934920079716837,0.14688287877656808,0
0.2319169788069541,0.14449089504964277,0
0.1662596723964929,0.1446739576961319,0
0.2507579756190318,0.14463520012439668,0
0.1839585530195183,0.14040614521136807,0
0.1137332174425462,0.13912137966228,0
0.0532141271137253,0.13867613228418824,0
0.0971760174188748,0.13727788952582332,0
0.0520724465143713,0.13630781369206987,0
0.1217262884071189,0.1325495318518446,0
0.1097366819602599,0.1325189814668407,0
0.1302904174662177,0.1343935469516257,0
0.145134878796009,0.13916289578020435,0
0.1611210207251543,0.14484069370981414,0
0.1753944239604195,0.14961089265709673,0
0.0709130077367507,0.1502677210655398,0
0.1160170142309525,0.15335797782276456,0
0.0714840658312768,0.15585743340651168,0
0.1371418078314364,0.15105186503664592,0
0.0983181336079271,0.154827137064333,0
0.2718827692195157,0.15715408053297286,0
0.2433359627489853,0.16401253597986107,0
0.3832151402187049,0.16996015856232483,0
0.5105340887367378,0.18196531360102716,0
0.5499283854650748,0.19103539998526356,0
0.5898941758776364,0.2021317831070432,0
0.5779045694307774,0.21420876340867825,0
0.5893231177831102,0.22452277286837355,0
0.5208109564897166,0.22857155711238378,0
0.5699114984662047,0.2316453386989289,0
0.5727659177594387,0.23914877164145987,0
0.5876103790892301,0.24720223091634091,0
0.3746510111596061,0.25020761676212905,0
0.3717965918663721,0.2506738473896211,0
0.4106202660898813,0.2536901897409769,0
0.242193846559933,0.2581572263868236,0
0.2433359627489853,0.2586448798194159,0
0.2821596369724946,0.25673481035015944,0
0.3221249917953578,0.2565561992356548,0
0.3792186047364186,0.26056774797754656,0
0.2324880369014803,0.2593023416556508,0
0.2684568562420572,0.2576900310611597,0
0.3129902402314312,0.25603716048753977,0
0.3306891208544566,0.2569675179776303,0
0.2781631014902083,0.2505331246064199,0
0.3603776079243409,0.24398819674316233,0
0.2821596369724946,0.23625929788647573,0
0.2193567498552674,0.23724736999182566,0
0.2935781853248274,0.2339787290423739,0
0.2667441175481771,0.22454715488569532,0
0.2964330402077598,0.22369616985011959,0
0.3055677917716863,0.2234183801281676,0
0.1782492788433519,0.23121250302922822,0
0.170826830383607,0.22256438788238134,0
0.2176435755716889,0.22087873917384745,0
0.1930933045834449,0.2149942838356035,0
0.1839585530195183,0.21220175078356615,0
0.0680585884435166,0.2168147296241545,0
0.0937505400311146,0.21094894708999154,0
0.119442927208411,0.2051885745060537,0
0.1491314142782953,0.2018462056664686,0
0.2016574336425436,0.19847208129203606,0
0.2307752982076002,0.19959423022007344,0
0.2290625595137201,0.1951353311684157,0
0.2798758401840883,0.19295772453451537,0
0.2884399692431871,0.1970675107834095,0
0.2690279143365833,0.19959387433424272,0
0.3249798466782901,0.19518855658942516,0
0.3672289982895596,0.19562849403404384,0
0.3415370467019616,0.18757026013792275,0
0.3455335821842479,0.18974910034035689,0
0.2798758401840883,0.18370529545563247,0
0.2256366465362616,0.17891500811189104,0
0.2244949659369076,0.17308523960125927,0
0.2125053594900487,0.1730957488634173,0
0.3101353853484988,0.17224315025418757,0
0.3740803886547783,0.16734930785658206,0
0.2724533917243435,0.1685853415537273,0
0.2952909240187075,0.16913920921541215,0
0.2907237660315934,0.16620240858920002,0
0.3443914659951956,0.16470663741818758,0
0.4169005983605739,0.1603396310107854,0
0.3986306596430224,0.16047623438972175,0
0.3974885434539701,0.16071420641402664,0
0.4717104145132285,0.1634684282604109,0
0.4831289628655613,0.1649267502736999,0
0.4425925499481719,0.1636547146728387,0
0.4739942113016347,0.16788419647468006,0
0.538509837112742,0.17122170303540477,0
0.6555519178777959,0.1741060944518991,0
0.6515553823955096,0.17770556464687262,0
0.7189258630895493,0.1807667842150154,0
0.6001710436306152,0.18576085909320547,0
0.600741666135443,0.1890057927569341,0
0.597887246842209,0.1963895306200623,0
0.6361398629711921,0.19618061299078582,0
0.5339422435359296,0.20129470004052394,0
0.4083364693014751,0.21002525017606488,0
0.4294608273122607,0.21020214518420874,0
0.4545821563950309,0.2144280750863123,0
0.4625752273596035,0.2161136716513738,0
0.3386821918190292,0.22229179262311438,0
0.275879304701802,0.22475951364606128,0
0.3027133724784523,0.2265184480618094,0
0.3055677917716863,0.2280872064118204,0
0.1491314142782953,0.22980787866837493,0
0.1713978884781332,0.2350590045387375,0
0.2005157530431897,0.2362548980710321,0
0.2153597787832827,0.23741452383385994,0
0.1839585530195183,0.2402765315207407,0
0.1348580110430302,0.24107795312250238,0
0.0851864109720158,0.23899505445489172,0
-0.0073051810099452,0.23880309195967808,0
-0.0387066245685584,0.2325376375275657,0
-0.040990421356965,0.23065196515096983,0
-0.0918037020273324,0.2292738457626516,0
-0.1226343052862695,0.22881345930186808,0
-0.1797279182273302,0.22721992979123576,0
-0.2071328263036579,0.2271713249142934,0
-0.2219770698385997,0.2732401537088988,0
-0.4640540845384315,0.2739178337294758,0
-0.4320815828852913,0.28446785797907037,0
-0.420091976438432,0.2887472092324147,0
-0.420091976438432,0.29406311219485465,0
-0.4029639361150839,0.30026758370621354,0
-0.5930855539554948,0.30287105919987256,0
-0.5245731748672524,0.30576005871521517,0
-0.7649374508732033,0.3127365266760387,0
-0.6958540136904348,0.318189461064234,0
-0.6998505491727203,0.3221711411302969,0
-0.7723594637432502,0.32610623055379945,0
-0.7061308814434133,0.34137629238077494,0
-0.7358195863081468,0.3502066320012913,0
-0.6204904620318221,0.35433348037471324,0
-0.6033624217084737,0.3579372387115125,0
-0.703847084655007,0.3566118643668098,0
-0.6399022991435768,0.36278934951325537,0
-0.7318230508258604,0.36142591786626693,0
-0.6947121152962309,0.36694206963736675,0
-0.7232589217667612,0.36856950484599615,0
-0.6416150378374568,0.38025616177691096,0
-0.7204042846786785,0.3853526015213846,0
-0.7957678363372912,0.39213905541959565,0
-1.003588552595576,0.4044002179672783,0
-0.9487787364429217,0.42062281672581514,0
-1.0241422881015343,0.428945188619907,0
-1.0406994881252054,0.44301328444380833,0
-1.2154060221309966,0.45796295202022835,0
-1.0047304509897796,0.4722508829341568,0
-1.096651202672063,0.48649272114359476,0
-1.0555437316601477,0.5001497654398258,0
-1.0509763558781842,0.5212037494154744,0
-0.9864605122722282,0.5350259309949499,0
-0.955059068713614,0.5502757329604677,0
-0.9053876864374486,0.5559003363431994,0
-0.8734151847843092,0.5659083075713331,0
-0.801477328308306,0.5799681397809995,0
-0.6541757023788419,0.5951967764739868,0
-0.6410441975377799,0.5980891379774466,0
-0.6981378104788406,0.5983822774395406,0
-0.7597990169967138,0.6052773728387904,0
-0.6684491056141071,0.6073511534561495,0
-0.6570303394669247,0.6002165024813241,0
-0.6707329024025134,0.6122721234877901,0
-0.5719609781498601,0.6133576764668007,0
-0.642186095931983,0.6135987717017665,0
-0.6393314588438993,0.6154002237306403,0
-0.6102135942788436,0.6027539511868022,0
-0.578241310420553,0.5999946147261956,0
-0.6753002781844767,0.6075756603324965,0
-0.5999367265258639,0.6120889344316194,0
-0.547410707161616,0.6169417128192973,0
-0.5725318184495375,0.6173198380596725,0
-0.4886043555266751,0.6253243473612062,0
-0.5285697103495379,0.6342886625902447,0
-0.5799540491144327,0.637336129047894,0
-0.5599713717030012,0.6334206805196252,0
-0.6381895604496967,0.6449632154720174,0
-0.6336219668728845,0.648051768141989,0
-0.6513210652907587,0.6526990245453487,0
-0.6119265507675729,0.6484602053262182,0
-0.5662514861788441,0.6538367504141668,0
-0.5371338394086371,0.6608516242704694,0
-0.4697633587145974,0.6680838321777773,0
-0.4412165522440671,0.6689552999446852,0
-0.3938289667563082,0.671494315261304,0
-0.3915451699679015,0.6746782216636591,0
-0.3744171296445536,0.6653819434018567,0
-0.47604369098529,0.6642927993404838,0
-0.4749017925910869,0.6571965888043423,0
-0.3926870683621055,0.6609310846360134,0
-0.376700708638111,0.6523880958613463,0
-0.4577737522677385,0.64771600521615,0
-0.4126697457735367,0.6557354880780372,0
-0.4143824844674164,0.6565862082199447,0
-0.4337943215791718,0.6649727026355619,0
-0.4086732102912503,0.655596679797576,0
-0.4423584506382702,0.6669680905052524,0
-0.4012509796263551,0.6625158360142211,0
-0.396683603844391,0.6602358167922044,0
-0.3173235167034928,0.6532882314156581,0
-0.297340621497212,0.6509135025353576,0
-0.3024790553737014,0.6481714431913723,0
-0.2699357134208847,0.6348614948907843,0
-0.2733614086034936,0.6270045154199225,0
-0.2276863440147661,0.6111608298717677,0
-0.2191224327505165,0.6120550153157388,0
-0.2727903505089683,0.6078622731145613,0
-0.285351015050353,0.6154770055980178,0
-0.2214062295389231,0.6111865784237879,0
-0.2516657747033332,0.5999768941358948,0
-0.2579461069740257,0.5898608871702856,0
-0.2099874633917407,0.5781051722413434,0
-0.1272016810682328,0.5701816144432996,0
-0.0706789084268489,0.5641978784645135,0
-0.0775302987920672,0.5530256566308629,0
-0.0980840342980258,0.5478659733304551,0
-0.0421321019563185,0.5425860935042796,0
0.0332314497022937,0.5390224783812532,0
0.0092520190137266,0.5252159077829109,0
0.0452210561491526,0.5232947010172366,0
-0.0135852954857881,0.5209727249936079,0
0.0041135851372371,0.5174313820594555,0
-0.0238621632387666,0.5103807469441891,0
0.0132487722908621,0.4877172148620213,0
-0.0033086455276584,0.4931045818414314,0
0.0103939174079297,0.4867201304219965,0
0.1074528851718537,0.4888371796676331,0
0.1417094014082488,0.47631106085810865,0
0.1183008110193587,0.4754482380168974,0
0.0794771367958494,0.47954977853813247,0
-0.0295716552097826,0.4627832161549355,0
-0.0181528890626006,0.46570492521032353,0
0.0052554835314402,0.46613970552246675,0
-0.0124436148864346,0.46132231013358493,0
-0.1146410165268472,0.45213989633554674,0
-0.1072190036568015,0.4555122391788629,0
-0.0895199052389266,0.4545317138352371,0
-0.1380493891208882,0.44492192354885707,0
-0.0969421359038219,0.44696806548734436,0
-0.1209213487975402,0.44316144778701033,0
-0.1232051455859464,0.4429040870213233,0
-0.1586031246268467,0.43638046398217395,0
-0.1163539730155765,0.42752584109796904,0
-0.1026514100799887,0.4196555117238767,0
-0.0541219261980263,0.4148570060776288,0
-0.0604022584687192,0.41241272842095034,0
-0.040990421356965,0.39591864540148464,0
-0.047270535832808,0.3878112020533111,0
-0.1369077085215347,0.3769034103451162,0
-0.3373061941149244,0.3769675605307675,0
-0.2961987231030093,0.3701318068611763,0
-0.2670810763328015,0.36073138502638413,0
-0.2859218553500296,0.3568225315933566,0
-0.4126697457735367,0.35218260151955366,0
-0.5890890184732085,0.36105377717824716,0
-0.6033624217084737,0.34696943032624833,0
-0.5902309168674116,0.3475563879155449,0
-0.6929993766023512,0.3491173885625092,0
-0.6410441975377799,0.3545439323851658,0
-0.5611130523023551,0.35869543013731114,0
-0.6027915814087967,0.3563864757958654,0
-0.6022205233142706,0.3613531725440053,0
-0.7238299798612878,0.3541590905551089,0
-0.658743295955654,0.3537093741871591,0
-0.6456117911145923,0.3560887914639252,0
-0.678725973367086,0.3612601900904396,0
-0.5662514861788441,0.3701279817420967,0
-0.5742447749382663,0.36625095057698037,0
-0.4092440505909269,0.3687442016118231,0
-0.3647111021912517,0.3697950537786874,0
-0.337877034414601,0.3729213320803743,0
-0.3418735698968877,0.37380826232104464,0
-0.2533785133972137,0.3759045902317879,0
-0.2505238763091301,0.3738803976931795,0
-0.305333692461785,0.37063238723371794,0
-0.2699357134208847,0.3635064108820671,0
-0.4320815828852913,0.3605018457574471,0
-0.3698495360677411,0.3740050902429122,0
-0.3601437264092884,0.374871116412488,0
-0.3515795973501896,0.37951087182932575,0
-0.3418735698968877,0.38427654968324665,0
-0.1934302633680693,0.38402810310693464,0
-0.2065617682091314,0.38272201838662273,0
-0.205990927909454,0.3802459514527981,0
-0.2419597472500313,0.38095459878412874,0
-0.3538633941385954,0.38170919258992003,0
-0.4018220377208804,0.38096201204426217,0
-0.4863205587382689,0.3759336727718638,0
-0.4674795619261916,0.38360960238407676,0
-0.4337943215791718,0.3916491380217356,0
-0.4023928780205578,0.3896895902449125,0
-0.4532061586909264,0.3896114989380564,0
-0.4452130877263534,0.3974685185961387,0
-0.4349362199733745,0.3959539260170899,0
-0.396683603844391,0.39830098488305954,0
-0.3293131231503517,0.3975934506402326,0
-0.2990533601910921,0.40226600790473976,0
-0.5633968490907613,0.40480782598235415,0
-0.4657668232323111,0.4128892660486155,0
-0.5211476974794923,0.4113542445272224,0
-0.5816667878083133,0.40846019295884106,0
-0.726684616949371,0.417725661245619,0
-0.6438988346258634,0.4279359013769859,0
-0.5319954055321477,0.4403605383934544,0
-0.5074451345439036,0.4434178560269236,0
-0.3835520990033297,0.4480870189904886,0
-0.4903170942205552,0.449384895272426,0
-0.5337081442260282,0.4483613508024135,0
-0.5108708297265125,0.4635945003420073,0
-0.4343653796736971,0.46603074763346863,0
-0.4269431490088018,0.4677192147420981,0
-0.464624924838108,0.46446151306578237,0
-0.4834659216501861,0.4678086715888059,0
-0.5508364023442254,0.4738961821359323,0
-0.5810959475086358,0.47102772758696093,0
-0.5074451345439036,0.48294850244182097,0
-0.4589156506619412,0.4958801469675828,0
-0.4058185732031668,0.4978947747868658,0
-0.4977393248854513,0.49717773375867275,0
-0.5639679071852879,0.4968408533926087,0
-0.4315107425856143,0.4971092528840068,0
-0.4292269457972081,0.506299299305215,0
-0.416666281255823,0.4986849662431906,0
-0.3407318892975342,0.49490234590398835,0
-0.3664238408851313,0.48867140746260956,0
-0.4606283893558217,0.4886476650154072,0
-0.4983101651851279,0.48242151815962875,0
-0.5120127281207165,0.4844811483298359,0
-0.052408969709297,0.4709225895140597,0
-0.2556623101856195,0.4563774731804628,0
-0.3258874279677424,0.4479181652664866,0
-0.3247455295735397,0.43819288108758586,0
-0.3270293263619455,0.4296068507524955,0
-0.2956278828033319,0.4210546883855963,0
-0.3727041731558247,0.4168225513135078,0
-0.4183790199497031,0.41099511808331507,0
-0.4229466135265156,0.4063031785510166,0
-0.4514934199970459,0.40116584747725703,0
-0.5565456765203918,0.3966020932761615,0
-0.5822378459028386,0.3898754519969121,0
-0.6381895604496967,0.3843123178384844,0
-0.6490372685023524,0.3783188102226851,0
-0.6284835329963944,0.36636328790174627,0
-0.6319092281790041,0.3555308604235263,0
-0.638760400749374,0.3451837440991013,0
-0.6410441975377799,0.3379935873304821,0
-0.5862343813851253,0.32819728832175116,0
-0.5205766393849657,0.32253361528210744,0
-0.583950584596719,0.3120494048304156,0
-0.6284835329963944,0.2919136167626775,0
-0.5970820894377812,0.2755533200968134,0
-0.5645387474849645,0.2541099307270464,0
-0.5731028765440628,0.23083680247527463,0
-0.5999367265258639,0.21601412874369463,0
-0.5514072426439023,0.1959248590420823,0
-0.448067724814437,0.17372779945730527,0
-0.4332234812794944,0.14953163058072488,0
-0.4086732102912503,0.12955866785025522,0
-0.4572026941732119,0.10638117580265366,0
-0.4726179958026811,0.08592208074382551,0
-0.5000229038790076,0.06791362950156965,0
-0.5502653442496992,0.051243851164234216,0
-0.4349362199733745,0.03459756019834619,0
-0.4155243828616203,0.017084403028113957,0
-0.3761298683384336,0.000816344619229522,0
-0.4263723087091253,-0.014245754434304281,0
-0.3806972441203965,-0.028470161022522797,0
-0.3755588102439075,-0.038727300551536184,0
-0.3972544441440684,-0.046711609359053,0
-0.4006801393266777,-0.05605878551569208,0
-0.3824102006091258,-0.0666365278646209,0
-0.4023928780205578,-0.07372855741518657,0
-0.3481539021675806,-0.07756951361401396,0
-0.3864067360914125,-0.08137998143510437,0
-0.4914589926147579,-0.0782069489017642,0
-0.3829810409088032,-0.0832710017229038,0
-0.2990533601910921,-0.08177430753929514,0
-0.345299265079497,-0.08426095100172087,0
-0.331596919938758,-0.07336989762107099,0
-0.308759387644394,-0.0926484058346257,0
-0.3258874279677424,-0.06726826167111152,0
-0.4937427894031646,-0.016428971322762987,0
-0.4486387829089623,-0.04671585339373634,0
-0.4406457119443905,-0.059888848963670874,0
-0.3076174892501909,-0.037533076970988954,0
-0.3076174892501909,-0.028600709818166137,0
-0.2636553811501922,-0.061480657613695575,0
-0.2739322489031711,-0.03191703012319021,0
-0.261371584361786,-0.024406674749387836,0
-0.2887767102329624,0.035200416855432855,0
-0.2647972795443953,-0.011110664884773063,0
-0.213983998874027,-0.028431821161866974,0
-0.205990927909454,-0.04466545491103973,0
-0.1643126165978623,-0.07128985584771812,0
-0.1648834568975389,0.024278981966872802,0
-0.1483262568738679,-0.02734052792864078,0
-0.1928594230683927,-0.04670173661591679,0
-0.1882918294915798,-0.05673019067105007,0
-0.15460658914456,-0.0007926793134042837,0
-0.1220632471917433,-0.03377032626627465,0
-0.1197794504033375,-0.06285810925648802,0
-0.1220632471917433,-0.04613716064857777,0
-0.1574612262326428,-0.12131312721195207,0
-0.1506100536622737,0.08420679000768705,0
-0.0438450584450478,-0.09953932988083666,0
-0.0312843939036627,-0.13050463712939797,0
-0.0638277358564794,-0.1921826010474604,0
-0.2402470085561512,-0.08388648094560994,0
-0.243101645644234,-0.21375883234755086,0
-0.2727903505089683,-0.1883539760498919,0
-0.3276001666616225,-0.11946742515897507,0
-0.3190362553973729,-0.26089263629158044,0
-0.3430154682910904,-0.3118473805786201,0
-0.3024790553737014,-0.3018601914681254,0
-0.3013371569794987,-0.3694082570263115,0
-0.3127559231266803,-0.45071350534806104,0
-0.4041056167144379,-0.5212270228986932,0
-0.4697633587145974,-0.5305706048418867,0
-0.5496945039500226,-0.5600978208446671,0
-0.6096427539791662,-0.5913501787868528,0
-0.5902309168674116,-0.6957663462204644,0
-0.5987948281316612,-0.6967795221078799,0
-0.666736366920227,-0.7579686633113968,0
-0.6998505491727203,-0.7365981594998358,0
-0.7826363314962287,-0.8439218355289,0
-0.8111831379667591,-0.8910468333998592,0
-0.7460964540611257,-0.6350508487021918,0
-0.7346776879139436,-0.8702079732205977,0
-0.7706467250493697,-0.826030369041328,0
-0.8134669347551653,-0.9163328470000766,0
-0.792342358949531,-1.0169155548824405,0
-0.7221172411674077,-0.9584112688299963,0
-0.7078438379321426,-0.973927266975175,0
-0.6718748007967165,-0.9880659056159117,0
-0.6718748007967165,-1.0689308647790285,0
-0.6010786249200678,-0.9960555090302317,0
-0.5731028765440628,-1.2081173943008152,0
-0.5959401910435784,-1.2163381649478204,0
-0.7072727798376164,-0.918232802857368,0
-0.7946259379430872,-1.1533661531413502,0
-0.8614255783374504,-1.1898451032664847,0
-0.955059068713614,-1.2187790230576208,0
-1.0880872914078137,-1.283375120590616,0
-0.9744709058253688,-1.2200947891817129,0
-0.9499206348371249,-1.2684944566123058,0
-0.9727581671314884,-1.2566389146539942,0
-1.0230003897073303,-1.2780008436046792,0
-1.2867730383073226,-1.0958100198525837,0
-1.866273187879605,-1.2628289421470993,0
-1.681860735317936,-1.2790924814256721,0
-1.7606499821591577,-1.2349680160966725,0
-1.8451485031765456,-1.184382972728438,0
-1.8320169983354837,-1.0408046364854644,0
-2.0050105758525465,-1.0966018366369203,0
-2.104924398499403,-1.1650966983676254,0
-2.4806003672956853,-1.2035050456472187,0
-2.2036964316494805,-1.1501838568345497,0
-2.362987555128379,-1.1699944629743066,0
-2.309890477669605,-1.1258316632229093,0
-2.2727796510373994,-1.2124886228526301,0
-2.245374742961073,-1.1648787758525787,0
-2.3532816365725013,-1.183802399708187,0
-2.4155136833900515,-1.1677106351987778,0
-2.496586618122256,-1.138074565621127,0
-2.474320143922417,-1.106762078463236,0
-2.484026062478295,-1.0823926755303133,0
-2.197987048575889,-1.1330640400319827,0
-2.025564311358504,-1.0199633628602573,0
-2.1545958896729926,-1.0593407067785767,0
-2.294475284937561,-1.110886432728105,0
-2.2111185534169517,-0.9512958396878444,0
-2.344146667213725,-1.0010836329224901,0
-2.3641294535225823,-1.0259668480229636,0
-2.4954447197280527,-1.0138120752298887,0
-2.509147173766216,-0.9946555972648983,0
-2.509147173766216,-0.9581785654390653,0
-2.6004969762513985,-0.8232550536068015,0
-5.792030026774635,-1.005284421085994,0
-3.0720902322122505,-0.9712506318203943,0
-2.856847339737782,-0.9500216830449244,0
-2.701552697292457,-0.9220994599892072,0
-2.676431477107112,-0.900442607996783,0
-2.913940952678843,-0.883102177264599,0
-2.9390621184154764,-0.8897464697487095,0
-2.7837674759701514,-0.864299487271373,0
-2.5679536342985814,-0.8617847256926885,0
-2.5142856076427047,-0.8559836828458498,0
-2.4794585777989067,-0.8458544223140436,0
-2.2413782074787867,-0.8284530061100924,0
-2.2739215494316034,-0.8098169951249864,0
-2.2990427696169484,-0.8055741343849749,0
-2.231101339725808,-0.788903289527506,0
-2.2653575292699286,-0.7812626536455143,0
-2.17172392999634,-0.7707283623471648,0
-2.1996997872697697,-0.7576965185508076,0
-2.0700973686556043,-0.7503679636213577,0
-1.9633322645409537,-0.7317252026741494,0
-1.8268785644589944,-0.7199453727510495,0
-1.788054890235485,-0.7203557874000223,0
-1.7315321175941012,-0.7171742754406207,0
-1.7069820644007063,-0.6995209146056367,0
-1.7452346805296894,-0.6920030907726424,0
-1.6824317934124626,-0.688782170676923,0
-1.77035579181761,-0.6759708820254832,0
-1.7189716708475649,-0.6716314470070124,0
-1.6173448917119797,-0.6503033747476697,0
-1.6201997465949125,-0.6657896144313367,0
-1.5419813400533668,-0.6628146552138241,0
-1.5145764319770405,-0.6493716518847555,0
-1.5077252594066703,-0.6536166348968006,0
-1.3855449625599765,-0.6445802321702113,0
-1.463192311006995,-0.6454491448759535,0
-1.4203721013011996,-0.6462790263497197,0
-1.3826903254718934,-0.6434801412283456,0
-1.5688154078300176,-0.6435232071767237,0
-1.57338300140683,-0.6469483084046815,0
-1.5242824594303417,-0.6403580036664439,0
-1.4523443851594902,-0.6425434285973881,0
-1.4763238158480565,-0.6509440640130322,0
-1.4260813754773656,-0.6498045120592741,0
-1.3741261964127942,-0.6543801604485343,0
-1.3335897834954045,-0.650183036789174,0
-1.338728217371894,-0.6484374081825307,0
-1.4734691787599736,-0.6450611909205023,0
-1.4329325480477355,-0.6332481782206248,0
-1.4460640528887971,-0.6324613921466862,0
-1.3769808335008775,-0.620772863716727,0
-1.4015311044891214,-0.6358078200080719,0
-1.370129660930508,-0.6339505966332684,0
-1.3227418576478995,-0.6225372174801141,0
-1.3238837560421035,-0.6240158340208525,0
-1.3244548141366288,-0.6366719673225415,0
-1.3084684544126344,-0.6290175415170791,0
-1.3815484270776894,-0.6226544963084443,0
-1.3284513496189154,-0.6227294655354486,0
-1.354143519001363,-0.6185089211918623,0
-1.343295593153858,-0.6155424363075679,0
-1.2913404140892863,-0.6152895904174958,0
-1.3170325834717336,-0.6128730990692798,0
-1.3261675528305092,-0.6038276373687477,0
-1.3136068882891236,-0.6155279759338308,0
-1.2479493640838133,-0.6138362953888595,0
-1.2513748414715735,-0.6078668995179701,0
-1.298762644754182,-0.6194778825827959,0
-1.2862019802127973,-0.6134099165804671,0
-1.268503099589772,-0.6144473323817199,0
-1.3004753834480625,-0.6201287909372288,0
-1.287343878607,-0.6128822628006073,0
-1.3644203867543416,-0.6021700572216637,0
-1.3444374915480608,-0.6056864047264795,0
-1.3021883399367913,-0.604919686703414,0
-1.2627936076187558,-0.6015100001740588,0
-1.234817859242752,-0.6119245722497926,0
-1.2485202043834909,-0.6098732452562544,0
-1.2901985156950837,-0.6152422165494544,0
-1.2490912624780173,-0.6149878122603478,0
-1.2679320414952453,-0.6273445993144813,0
-1.2074129511664244,-0.6304439130733105,0
-1.231963004359819,-0.6314362535440362,0
-1.2450947269957304,-0.6311127855081822,0
-1.1948522866250393,-0.6144272678133856,0
-1.1948522866250393,-0.6146464793065207,0
-1.192568489836633,-0.6065721028326718,0
-1.2125511672480649,-0.6011332196854621,0
-1.226253730183653,-0.5962564512560685,0
-1.210267588254507,-0.5841793995636254,0
-1.1685892769429156,-0.5751454914339803,0
-1.166305480154509,-0.5639352500449158,0
-1.186288157565941,-0.5535880590524218,0
-1.1902846930482271,-0.5440618553710932,0
-1.2108384285541844,-0.5394640263622293,0
-1.202274517289935,-0.5355681740480516,0
-1.273641533466261,-0.5250345340409583,0
-1.281634604430833,-0.5113101629043934,0
-1.3729842980185911,-0.5031824462715423,0
-1.5448361949362996,-0.5002726706304742,0
-1.4711853819715677,-0.48936896298833454,0
-1.514005591677363,-0.48011857322226076,0
-1.5122926351886337,-0.4641198621354465,0
-1.516289388465769,-0.45161396734020204,0
-1.458053877130505,-0.4463009702374777,0
-1.3507178238187534,-0.4293626145267256,0
-1.3044719189303489,-0.41168689276328396,0
-1.2964788479657756,-0.39715541091099765,0
-1.3992473077007148,-0.3856209311753941,0
-1.3826903254718934,-0.37029907640725235,0
-1.3638493286598157,-0.3512163463181563,0
-1.3421536947596542,-0.3363945619115546,0
-1.345579389942264,-0.32635489107202204,0
-1.3255967125308326,-0.310328391484038,0
-1.4003892060949188,-0.3006832255880106,0
-1.3472921286361443,-0.28203125455333544,0
-1.4329325480477355,-0.2320977113238203,0
-1.5282789949126283,-0.2029853759181622,0
-1.4043857415772052,-0.1891552960794578,0
-1.321600177048546,-0.17453962912285897,0
-1.3627074302656124,-0.1625778863788078,0
-1.2919114721838127,-0.14776572924671566,0
-1.3255967125308326,-0.1188856948566272,0
-1.3923961351303458,-0.10440129382853178,0
-1.348434027030347,-0.08806966426193727,0
-1.3004753834480625,-0.07090613055757075,0
-1.3050429770248742,-0.052140871975222484,0
-1.309610352806838,-0.03910917455046976,0
-1.312464989894921,-0.025592673697460575,0
-1.2764961705543436,-0.011725347903459301,0
-1.3581400544836486,0.0025676559530810506,0
-1.323312915742426,0.017023023423117643,0
-1.3684169222366285,0.029392282064516932,0
-1.4420675174065103,0.04263760031696281,0
-1.3844030641657732,0.057000962498258034,0
-1.5088671578008737,0.06700168608883801,0
-1.5785214352833197,0.08039892524563418,0
-1.6002168513886317,0.0944025570104831,0
-1.5419813400533668,0.10954342669165201,0
-1.4934518561714052,0.12890802299958223,0
-1.4083822770594907,0.14208166184757548,0
-1.428936012565449,0.15505337681787976,0
-1.5231405610361388,0.1681069550130935,0
-1.343295593153858,0.18373006720045565,0
-1.2822054447305105,0.19594566221129153,0
-1.2770670108540212,0.21189314346196514,0
-1.2959080076660985,0.2228756349222278,0
-1.3524305625126338,0.23786992948373314,0
-1.2833473431247135,0.2496877480298745,0
-1.2782089092482245,0.2630770892059273,0
-1.2559424350483863,0.27675405123987484,0
-1.2605098108303496,0.28787543392947657,0
-1.2371014382363084,0.30440164695468663,0
-1.185146259171737,0.3230566095528116,0
-1.0795231623487145,0.33515298387364023,0
-1.0338483155548357,0.3474403256912159,0
-1.0441251833078142,0.35832764188918814,0
-1.0549728913604706,0.3655679692132142,0
-1.1000768978546722,0.37817057166111867,0
-1.0583985865430794,0.39593269325189817,0
-1.037844851037122,0.4050021876749195,0
-1.0024468719962225,0.4420695249792027,0
-1.0309936784667526,0.45139271018624394,0
-1.0401286478255287,0.4612501345246108,0
-1.0446960236074916,0.4693936787093424,0
-0.9727581671314884,0.47775250479404585,0
-0.9847477735783476,0.49024083459304774,0
-0.9607683428897804,0.5093119471552283,0
-0.9247995235492033,0.5169663359239919,0
-0.9133807574020216,0.5302669804107579,0
-0.882550154143085,0.5471287741826699,0
-0.840301002531816,0.5549862841046128,0
-0.9179481331839848,0.5761493889126741,0
-0.9590556041959004,0.5942398351277017,0
-0.8962527170786728,0.6161157382876052,0
-0.8899723848079807,0.638906783525961,0
-0.9247995235492033,0.6533539155570788,0
-0.9031038896490428,0.6652106870217793,0
-0.8802663573546784,0.6808327115484317,0
-0.8734151847843092,0.6960584403786555,0
-0.9247995235492033,0.7109356110534142,0
-0.7929131992492076,0.7193538820577544,0
-0.7529476266314956,0.7251427912786691,0
-0.7415288604843132,0.7330463347262807,0
-0.6610268749492114,0.7408566439394224,0
-0.6604560346495345,0.7440841339046418,0
-0.6056462184968795,0.7514889995866286,0
-0.6227742588202283,0.7498362687209074,0
-0.5850924829909222,0.7591634884313804,0
-0.6541757023788419,0.770810524909424,0
-0.618777723337942,0.7755096502395311,0
-0.6039332620081507,0.765906267159113,0
-0.6102135942788436,0.7724709114398718,0
-0.6593141362553313,0.7575233024682806,0
-0.630767329784801,0.7436854486618292,0
-0.6399022991435768,0.7409586068659486,0
-0.6261999540028381,0.7346944171871435,0
-0.655317600773045,0.7228103467284628,0
-0.6633106717376177,0.7178084367543232,0
-0.5862343813851253,0.6928086841039672,0
-0.5171511619972056,0.6689368471340683,0
-0.4640540845384315,0.6478718574801162,0
-0.4332234812794944,0.625499949765278,0
-0.3978255022385949,0.6057152295571234,0
-0.3338804989323155,0.5823377248798683,0
-0.3116140247324772,0.5622666901995851,0
-0.2933440860149257,0.5380034892814715,0
-0.3184651973028467,0.5210328717517181,0
-0.2482400795207242,0.5158637218959724,0
-0.2151258972682302,0.5044150411669047,0
-0.1528938504506799,0.49428550171917846,0
-0.1882918294915798,0.4756153683047502,0
-0.261371584361786,0.45477987082562893,0
-0.1329109552443992,0.4403623230146604,0
-0.1226343052862695,0.42054711300302344,0
-0.0341390309917463,0.41710891717395226,0
-0.0164401503687201,0.42298345334550363,0
-0.1323401149447222,0.4103105451232407,0
-0.1814406569212103,0.4030080123925745,0
-0.2322539375915785,0.396342967477994,0
-0.1449007794861069,0.3913527341935982,0
0.000688107749477,0.38389076805169364,0
0.1297193593716915,0.37307817740131455,0
0.0703423852319228,0.36343106394859276,0
0.0109649755024558,0.3590770506979162,0
0.0355152464906999,0.3449693875673776,0
0.1257228238894052,0.3373179269218611,0
0.1023146690902134,0.3262275526067529,0
0.0897540045488283,0.3236184720453166,0
0.0560689819966577,0.31977306476806444,0
0.0446499980546265,0.3196651359924059,0
-0.2179805343563134,0.3167602705783807,0
-0.1369077085215347,0.31511887890265566,0
-0.129485477856639,0.3070841150704472,0
-0.3458703231740231,0.30334954493832933,0
-0.1506100536622737,0.29486608865220143,0
-0.3001952585852948,0.28803663447096295,0
-0.1625996601091331,0.28251259534730416,0
-0.1289144197621124,0.2847476121644677,0
-0.1865790907976998,0.28609431867765595,0
-0.2659391779385984,0.2884354013538103,0
-0.1351947520328054,0.2890240988954107,0
-0.2950568247088054,0.28321804182430593,0
-0.2562331504852965,0.27619537265233673,0
-0.2311120391973754,0.2750888942040282,0
-0.2408180666506778,0.2711536451711503,0
-0.2568042085798226,0.2658497446960536,0
-0.2351085746796617,0.2631650983887835,0
-0.2077036666033345,0.25304053766661344,0
-0.0381355664740318,0.24538764951765282,0
-0.0204366858510064,0.23790173683023258,0
-0.0392774648682357,0.2353786569581813,0
-0.0250040616329705,0.22854488893181113,0
-0.0786721971862711,0.2224410990284572,0
-0.1409042440038214,0.22239917165354794,0
-0.1363366504270085,0.21144142227762627,0
-0.0958002375096191,0.20394191302714323,0
-0.1089317423506812,0.19138559301260266,0
-0.0501253907157408,0.17970977559854065,0
0.002400846443357,0.17042042219676423,0
0.0680585884435166,0.1644445478494942,0
-0.0135852954857881,0.15861658596512973,0
0.0383696657839339,0.14582063104621543,0
0.1068822626670259,0.13919350716429418,0
0.1034563496895674,0.12741707573625233,0
0.050930330325319,0.11246720805482652,0
0.0617782561728241,0.10229394292955969,0
0.062919936772178,0.0940196995131766,0
0.0834736722781358,0.08575373370811816,0
0.1291487368668637,0.07368433755629787,0
0.0001170496549508,0.05999569622489995,0
0.0886123239494744,0.04485002916260193,0
0.1399962271246704,0.03175511319885222,0
0.0954632787249947,0.01882961058657255,0
-0.0261459600271732,0.0031928919086576077,0
-0.1009386713861086,-0.010961205465499956,0
-0.0135852954857881,-0.027883251164497115,0
0.1274359981729836,-0.040421752581558126,0
0.1285776787723376,-0.050642650943379046,0
0.1365707497369102,-0.06500732534969657,0
0.1731106271720133,-0.07476951632629097,0
0.1428510820076028,-0.08754368231619158,0
0.2227822272430276,-0.09851127154238794,0
0.2861561724547809,-0.10947378319224112,0
0.2850140562657286,-0.11659361948663008,0
0.3312601789489827,-0.1252453831319722,0
0.3089937047491449,-0.13241132479106207,0
0.3558104499372268,-0.13959256006748186,0
0.3506717982658882,-0.14833168736181704,0
0.3695127950779658,-0.15339965856206136,0
0.4049109919137149,-0.1574536539925668,0
0.4031978176301365,-0.16168619612665244,0
0.4739942113016347,-0.16475517148291943,0
0.4757069499955147,-0.1669107557419959,0
0.4123330047837614,-0.16784075037120894,0
0.4465890854304583,-0.17059325967653796,0
0.5619184275016321,-0.17413662626755053,0
0.527661911265237,-0.17544239211954535,0
0.5288040274542892,-0.17493694870952833,0
0.5413646919956744,-0.17455384808245786,0
0.58418490170147,-0.17493311773160009,0
0.5190982177958365,-0.1770580761239188,0
0.5230947532781228,-0.17740214245931651,0
0.5510705016541271,-0.1777476877770148,0
0.6515553823955096,-0.17641915332109515,0
0.6475588469132233,-0.17565170784271536,0
0.5453612274779607,-0.1757980219019983,0
0.4785613692887488,-0.17568306993700272,0
0.5208109564897166,-0.17393121130539316,0
0.6133023306768282,-0.173702093534662,0
0.587039320994704,-0.17444797225318837,0
0.6526970629948635,-0.17582426859295433,0
0.5316584467475233,-0.17393299618599642,0
0.4471601435249844,-0.1731493906028316,0
0.4562948950889109,-0.17157601109336904,0
0.1485603561837692,-0.16907575201576863,0
0.20565396912483,-0.1713552034846296,0
0.370083853172492,-0.17033653966206555,0
0.4620046048547757,-0.16888098082268604,0
0.4711393564187023,-0.16975302563941164,0
0.4620046048547757,-0.16882479443676465,0
0.4471601435249844,-0.16813046911692173,0
0.4894092951362538,-0.17016711901987386,0
0.5596346307132258,-0.1687970025505892,0
0.5784751919356051,-0.1685173851828924,0
0.4248936693251465,-0.1690557994503925,0
0.384927878912585,-0.1701088719160959,0
0.2473324982312716,-0.16880781972428927,0
0.3010001981948739,-0.16876195809556424,0
0.2547545111013181,-0.17063850773209224,0
0.1519862691612277,-0.17442482866816275,0
0.2553255691958443,-0.17387702876867744,0
0.3101353853484988,-0.1747277415961662,0
0.3010001981948739,-0.17648149614946373,0
0.2638896982549431,-0.17733017375368407,0
0.1982319562547835,-0.17828007005081195,0
0.1582661658422219,-0.17616761704118997,0
0.0937505400311146,-0.1744165800727366,0
-0.0073051810099452,-0.16602833817181223,0
-0.0855233697566403,-0.16504047180446776,0
0.1040274077840935,-0.16134166182959828,0
0.2125053594900487,-0.14220525994642505,0
0.2593221046781306,-0.1363505772889574,0
0.20565396912483,-0.12911026806917136,0
0.2810175207834423,-0.12079362129113351,0
0.3078515885600926,-0.11422831446628685,0
0.2673151756427032,-0.1066952711233618,0
0.2724533917243435,-0.09805275737693518,0
0.3523845369597683,-0.0880108847743696,0
0.312419182136905,-0.07829665395358146,0
0.2587510465836045,-0.06723238055964266,0
0.3129902402314312,-0.05437881222370638,0
0.2467614401367455,-0.0403756835754613,0
0.3369694531251491,-0.024519096660060028,0
0.3786475466418924,-0.009334399005788974,0
0.3792186047364186,0.007674811781641406,0
0.5019699596776389,0.027918212664583896,0
0.5019699596776389,0.04587397800279897,0
0.4654300822425359,0.06272323578038162,0
0.3695127950779658,0.08126833471878518,0
0.384927878912585,0.10317258158693506,0
0.4802745435723272,0.12981553100259136,0
0.5413646919956744,0.1573811591174774,0
0.5801883662191836,0.18006955943147715,0
0.6641156113471963,0.2054026975790314,0
0.6549808597832698,0.22738324936593887,0
0.6287178501011457,0.24952175370587196,0
0.6401363984534785,0.2766144137648889,0
0.6886658823354405,0.3011979650853517,0
0.788009082477469,0.32605030654218303,0
0.8628015760415552,0.34850963774633414,0
0.777161156629964,0.375361966861107,0
0.8268327567009782,0.41763607085720117,0
0.8867807889352731,0.47739517429148504,0
0.9535802115347866,0.5296266635742548,0
0.9604316019000052,0.5952349118082397,0
0.9490130535476724,0.6751841230489422,0
0.9986842180289884,0.7726796008609077,0
1.0540650922761692,0.8329445823803895,0
1.063200279429794,0.8862269474206633,0
1.0928887664996785,0.9523837056938732,0
1.1448441633590989,1.0016057376592626,0
1.066625756817554,1.0323792168318104,0
1.1385638310884063,1.0599497052275992,0
1.1385638310884063,1.1145902186871113,0
1.1893771117587746,1.1640329702404961,0
1.075760943971179,1.2292627527454194,0
1.0843246374405795,1.3107565945672692,0
1.1277159052409014,1.401317396926417,0
1.155121031112078,1.4904182420310508,0
1.147127960147505,1.5822659444714902,0
0.9729922664413904,1.6450772901058561,0
0.8559501856763365,1.7243685834007612,0
0.996400421240582,1.8081734859191725,0
1.0340824148647376,1.8688183207392581,0
1.1608303052882445,1.9206070596362246,0
1.0003969567228683,1.9775094569636955,0
1.0146703599581337,2.037691713557232,0
0.968995730959104,2.077943506687742,0
0.9741339470407444,2.124829985263843,0
0.967282992265224,2.1804658278168327,0
0.8302582340887384,2.217816525727107,0
0.8673691696183676,2.2956208678816843,0
0.7012265468768255,2.390613113186252,0
0.7383374824064547,2.49989367604784,0
0.8382513050533111,2.6148358689021864,0
0.8319709727826186,2.694345842694122,0
0.2473324982312716,2.7821283018017877,0
0.350100740171362,2.917551331831976,0
0.1348580110430302,3.0184794851004257,0
0.1000308723018072,3.1519932195900036,0
0.1531279497605817,3.3107297318388733,0
0.1394256046198426,3.45306690816896,0
0.3238377304892379,3.6098700511472277,0
0.4699976758193483,3.7606586972673,0
0.4876965564423737,3.9127887400287396,0
0.406623730607595,4.052737121894993,0
0.4483018241243383,4.202271739784505,0
0.4266064080190266,4.3675311239777335,0
0.394634124160736,4.548360107198269,0
0.4026271951253087,4.689323050633784,1
0.4888382370417277,4.804072348769502,1
0.4020561370307826,4.964490578340063,1
0.2519000918080841,5.141570197891696,1
0.4169005983605739,5.3364244509908225,1
0.5105340887367378,5.548730325623897,1
0.5693404403716786,5.7722673744754,1
0.6709670017124151,5.966033559804406,1
0.6943755921013052,6.167036871148933,1
0.7274895565589498,6.340495463491107,1
0.7520398275471938,6.516103469097342,1
0.6504132662064573,6.710518831762167,1
0.7000848662774716,6.904220419512744,1
0.7520398275471938,7.111495832259617,1
0.801140369523682,7.305415025612821,1
0.8930611212059656,7.509295154234584,1
0.861088837347675,7.719788663792993,1
0.8228362212186919,7.954565471953908,1
0.993546001947348,8.184276431934439,1
1.074618827782127,8.442923448761615,1
1.0449303407122426,8.683158800613292,1
1.1419893084761663,8.953141311105176,1
1.2339100601584505,9.18342769644764,1
1.3212632182639217,9.39141785040004,1
1.3178377408761612,9.619920217117006,1
1.2173528601347787,9.823500420254465,1
1.11287144391111,10.00762409456282,1
1.243615869816903,10.213564860075763,1
1.3435296924637594,10.40440957437658,1
1.30128054085249,10.549124844279069,1
1.3132701472993489,10.676326789532846,1
1.3892047570524872,10.784892398917211,1
1.3920591763457213,10.933825162280474,1
1.3954850893231798,11.078020798400006,1
1.5102429377101292,11.226348180863754,1
1.626713960380657,11.367617022648428,1
1.5701914055341224,11.474903517095923,1
1.458287976440407,11.615890589828235,1
1.4754162345586046,11.633089210284455,1
1.4879764635102914,11.721986465351526,1
1.671817966874859,11.790535738873734,1
1.8065589282629384,11.841061090523503,1
1.613011615239918,11.8868598705748,1
1.7037906863228478,11.891685402598918,1
1.5953127346168927,11.90883146258185,1
1.5559180022988572,11.891735757144096,1
1.6289977571690633,11.93461455100506,1
1.614724353933798,12.017677574890119,1
1.6552607668511874,12.121409268603456,1
1.5856064893687416,12.176003188717385,1
1.8214033895927293,12.204079656271258,1
2.260453412498192,12.201601160360822,1
2.6709561933434225,12.142004398001353,1
2.5036718900025257,11.979685405575022,1
2.96099185162554,11.927578484615527,1
3.1733801614606367,11.786284107956401,1
3.41888243575338,11.657910514657802,1
2.5624782416374683,11.449462881026015,1
2.4094673415318364,11.380527732123104,1
2.5984474965677435,11.280861615661674,1
2.237615880203828,11.12490358003661,1
1.862510860604645,11.027989054904104,1
1.7825797153692202,10.981165729002248,1
2.2359031415099464,10.941057791858416,1
2.334103789873225,10.859835108322347,1
2.7577387289440645,10.801018505373472,1
2.73718499343811,10.667654319708632,1
2.918171641919744,10.514050583880707,1
2.770298957895751,10.315047121927515,1
2.8593652902848024,10.168429440090822,1
2.4060418641440786,10.042792047039043,1
2.3078407801910985,9.934043731389176,1
2.5122360190616244,9.83709415994632,1
2.081750125215265,9.75555224898937,1
2.0240854541796764,9.720893175093769,1
2.253030964038447,9.666406562681496,1
2.177667412379836,9.595701283576478,1
1.850521254157786,9.572148721148867,1
1.839102270215755,9.534663949917018,1
1.966421218733788,9.506131380800976,1
1.7397595056634247,9.453145228487521,1
2.100020063932815,9.39949761827903,1
2.3084118382856262,9.317184879244307,1
2.462564418990612,9.172690734509004,1
2.5345024932614657,9.017279801966433,1
2.211923493026533,8.891177892088953,1
2.2227714188740357,8.786293375952136,1
2.2821488286035,8.680593854646768,1
2.183947744650525,8.575344096950815,1
1.9824073606629329,8.451379581760808,1
2.1628229510500425,8.390095376440685,1
2.1810928897675934,8.318465020040307,1
2.371785783497382,8.233599243815465,1
2.333533167368393,8.083202383819767,1
2.3609378576498736,7.966627127744238,1
2.2033597995571315,7.810793245411772,1
2.5116649609671025,7.6770557505890515,1
2.537357348144397,7.520440163381171,1
2.6235683900608144,7.389752866624214,1
2.242183038190939,7.230816050535213,1
2.052061638145379,7.097134507270843,1
2.3917684609088137,6.979356777813458,1
2.4157476738025307,6.8787829935914955,1
2.6646758610727286,6.780933914133409,1
2.8764931128133027,6.647894113894158,1
2.7737248708732114,6.529173841104133,1
2.613291522307834,6.408639451967006,1
2.7628769450257087,6.309913102643499,1
2.8211126741558195,6.1697046372413915,1
2.653257312720395,6.030254333279287,1
2.6235683900608144,5.904305059962657,1
2.655541109508804,5.786573968361588,1
2.8702127805426074,5.63708652115617,1
2.926164712884315,5.494708254417343,1
2.903327180589951,5.366695126552633,1
2.9370126387318227,5.21023025155151,1
3.028933390414103,5.031692524517505,1
3.143120616296225,4.858963393545572,1
3.1219958226957423,4.704251588381245,1
3.1739512195551645,4.561832628288384,0
3.32810380026015,4.40897601419477,0
3.2938477196134524,4.242638704796937,0
3.245888858236316,4.088010133313856,0
3.260733319566109,3.9528510196658195,0
3.146546093683987,3.8076511919088714,0
2.939867058025058,3.6860416279398716,0
3.07004042583632,3.5904056291794317,0
2.611578783613959,3.470330814985179,0
2.673811048226355,3.3716454151308315,0
2.4191735867799844,3.2628035114718066,0
2.30955351888498,3.1969172889188044,0
2.5008174707092907,3.127568990281522,0
2.6121498417084807,3.0351197873469693,0
2.73718499343811,2.9440532547129723,0
2.624139448155342,2.8376556933439936,0
2.3946233157917454,2.7320257007504094,0
2.547063157802849,2.6378294118310013,0
2.037217176815588,2.5401649166236795,0
1.981836302568407,2.4705454605455377,0
2.221629738274681,2.3958262469504397,0
2.3392424415445605,2.3053514329365288,0
2.299276651132,2.2178417043685776,0
1.82825434436825,2.135310992123482,0
1.8545177896400724,2.0910805468530422,0
1.8248288669804895,2.03657525402044,0
1.9281681670151063,1.9757751236852372,0
2.214207289814936,1.9060410544703446,0
2.3066990995917447,1.820279275588516,0
2.1947956704980323,1.7260296182194195,0
1.8573722089333065,1.6393021815739355,0
1.7631676604626163,1.5758613094351022,0
1.877354886344738,1.5251700737777565,0
1.77915423798146,1.4655122267668395,0
1.9093276057927269,1.412372886776727,0
1.8613687444155929,1.352599725516407,0
1.9869749542397452,1.2969965844707316,0
1.7169219733690606,1.239682698786253,0
1.7471815185334711,1.1967292556241722,0
1.5325098474996657,1.155799413520166,0
1.4114712312523252,1.1323414761150241,0
1.4383052990289755,1.10925572791279,0
1.538219121675832,1.0866265683422212,0
1.5233746603460403,1.0607367972217905,0
1.6050185442753453,1.0366456992892217,0
1.7426139249566588,1.0014498391263753,0
1.614153295839272,0.9543970068720132,0
1.4611428313233394,0.9178823424924643,0
1.2967129472756775,0.8816037732611905,0
1.386920960264081,0.8538035968832933,0
1.5233746603460403,0.8245624596362809,0
1.5387897441806595,0.7944513751669343,0
1.507959576511421,0.7693708601866498,0
1.7083578443099618,0.7441654807455742,0
1.7740155863101217,0.7119004699733851,0
1.638703566827516,0.6836200015477744,0
1.6695341700864526,0.6614030998494437,0
1.8950542025574617,0.6396450759664288,0
1.588461344251674,0.612793380668806,0
1.469135902287912,0.5915011283127989,0
1.30128054085249,0.5735887092115846,0
1.3161250021822812,0.5633924195031121,0
1.316695624687109,0.550825089295983,0
1.0346534729592636,0.5337685344494143,0
1.1260031665470212,0.5261971419519712,0
1.3115574086054689,0.5125217821992406,0
1.3680799634520031,0.4929440381354213,0
1.341245895675353,0.46717523100835895,0
1.408045753864565,0.44420456040126943,0
1.2150690633463723,0.42767794174510015,0
1.2156401214408987,0.41605894682531425,0
1.2510383182766478,0.40372038332010723,0
1.1779581278167437,0.3942966306889511,0
1.0917470859003244,0.3875353494073792,0
1.1231483116640888,0.38242532594701406,0
0.8519536501940501,0.37581320603172275,0
0.7360536856180485,0.3750305104833764,0
0.8382513050533111,0.3740041107529578,0
1.0466430794061226,0.37019708434552606,0
0.9941170600418744,0.356504008809079,0
0.8947738598998457,0.3492051462974027,0
1.1311413826286616,0.34542089769030737,0
1.2961418891811514,0.3320678100315646,0
1.3669382828526495,0.3188299143188242,0
1.4063325795809865,0.3029541929680801,0
1.6455549571927346,0.28673463558227086,0
1.5593434796866177,0.26736645948849547,0
1.457716918345881,0.2519203263063809,0
1.3389620988869468,0.2352201568743773,0
1.444014573205142,0.22203121304669762,0
1.244186927911429,0.20506926126848593,0
1.2356227988523305,0.19291903501166238,0
1.0848956955351057,0.17923645953256545,0
1.240761450523669,0.16573375867798684,0
1.265311721511913,0.14511290008320202,0
1.2122146440531385,0.12517645086951545,0
1.1853805762764882,0.10503075220122346,0
1.2276297278877577,0.08680748110871801,0
1.3755024119117485,0.0701602452395683,0
1.4423018345112617,0.05286567903212983,0
1.374931353817222,0.03450773632814981,0
1.2967129472756775,0.017148393420392923,0
1.4017654215938724,0.004754229109798828,0
1.4948278538755102,-0.008142646441688722,0
1.3903464376518413,-0.021819397884546763,0
1.6438422184988546,-0.032629674715947056,0
1.5970254733107727,-0.04526940623905748,0
1.4325960248528091,-0.05315546015881429,0
1.2567475924528142,-0.05846935749070695,0
1.293287469887917,-0.06165570494309026,0
1.4354504441460432,-0.0656184345332463,0
1.2590313892412204,-0.07107527166602615,0
1.3189794214755153,-0.07413187525853204,0
1.243044811722377,-0.07601257181923528,0
1.017525214841066,-0.07749890385909428,0
0.9284593180417148,-0.07623119474027282,0
0.9084766406302832,-0.0758581714312812,0
0.9781304825230308,-0.0746629863671032,0
0.8062790211950205,-0.07599164359247512,0
0.7115034146298044,-0.07635636549263115,0
0.7663132307824589,-0.0755689561033974,0
0.8211230469351135,-0.07514359392015077,0
0.955293385818365,-0.07643865056564772,0
0.993546001947348,-0.07972723994365073,0
0.9227500438655484,-0.08386094256723069,0
0.7486143501594336,-0.08636313029659978,0
0.5956034500538028,-0.08682756285034514,0
0.4677138790309421,-0.0878569060514321,0
0.4363122176774793,-0.08857875209535386,0
0.4111908885947091,-0.09053272852846703,0
0.5339422435359296,-0.08986976035420756,0
0.6606901339594362,-0.09008419712891436,0
0.7685970275708652,-0.09104803555876657,0
0.7017976049713517,-0.09391370141221815,0
0.597887246842209,-0.09679059513286525,0
0.6492715856071034,-0.0994968062468859,0
0.7006554887822994,-0.1018066652519625,0
0.8262616986064522,-0.10431938064048701,0
0.7805866340177242,-0.1061875385341198,0
0.8987703953821321,-0.10844996936431185,0
0.897057656688252,-0.11175440635327505,0
0.8645143147354353,-0.11508118413370168,0
0.8325420308771447,-0.11719572521066306,0
0.9387361857946936,-0.12032248435856878,0
0.7486143501594336,-0.12406334199718157,0
0.5151012467238518,-0.126100173491825,0
0.5624890500064599,-0.12757742838736638,0
0.5681983241826263,-0.13030690480705584,0
0.6172988661591144,-0.13238766604444102,0
0.645275050124817,-0.13321155528774076,0
0.7760194760306101,-0.13348541476494025,0
0.8319709727826186,-0.13410624873367338,0
0.9158986535003296,-0.13497474552437466,0
0.9341685922178812,-0.1364230283069812,0
0.894203237395018,-0.1387131907080915,0
0.94273272127698,-0.1420870679774731,0
0.9986842180289884,-0.14386797202109267,0
1.0163835342417122,-0.14641512069048643,0
0.9313137373349488,-0.1477344160783785,0
0.9324558535240012,-0.14948935919870207,0
0.9815563955004892,-0.14879074418674074,0
0.9056217857473507,-0.15077726333034894,0
0.8039952244066143,-0.15095725336080534,0
0.8593760986537949,-0.1534294488536146,0
0.7189258630895493,-0.15707039531185965,0
0.6886658823354405,-0.1572372538333189,0
0.5465029080773146,-0.15390153227294723,0
0.5876103790892301,-0.15479870815724903,0
0.7606039566062925,-0.15416887073287192,0
0.836538566359431,-0.15402715784556847,0
0.8131299759705409,-0.15506412628886432,0
0.9079055825357568,-0.1513407648834897,0
0.9318847954294748,-0.1520804334240444,0
0.8702235889116017,-0.14951324115147463,0
0.8433895211349514,-0.15031626492384756,0
0.837680246958785,-0.151034262830437,0
0.7149288920175646,-0.14838912120827913,0
0.704652459854284,-0.14733254002157112,0
0.5784751919356051,-0.1462326629602565,0
0.6606901339594362,-0.14554512833134942,0
0.7137872114182107,-0.14566530053407353,0
0.6772473339831077,-0.14691745080646113,0
0.7554657405246523,-0.14738266448473875,0
0.7920056179597553,-0.14495891781034215,0
0.8188396857364056,-0.1434185298148955,0
0.9056217857473507,-0.14131039179850086,0
0.9501547341470264,-0.1396983740436679,0
0.7857252856890627,-0.13923115941827838,0
0.7331992663248145,-0.14175273506204883,0
0.6795311307715138,-0.14447762201981537,0
0.7343409469241684,-0.14562608552893813,0
0.6270051114072656,-0.1483123963192542,0
0.4288902048074329,-0.15090257250576575,0
0.216501894972335,-0.1497119451733182,0
0.2587510465836045,-0.15290109207599664,0
0.1668302949013207,-0.15466256314468943,0
0.2182146336662151,-0.15490791044924687,0
0.3147029789253113,-0.15228690408490866,0
0.4043399338191888,-0.15081462192334605,0
0.3506717982658882,-0.14910545555053045,0
0.310706443443025,-0.1466383118590892,0
0.5133885080299717,-0.14430511155060805,0
0.5356549822298096,-0.14325856215290464,0
0.5225236951835966,-0.14262560119086337,0
0.6024548404190214,-0.14157409393346482,0
0.6766762758885815,-0.1399614440092955,0
0.9478709373586202,-0.13855869424255327,0
0.9644281373822916,-0.1389727180372775,0
0.9587188632061252,-0.139129797597196,0
0.9638570792877654,-0.13874184967767364,0
0.909047263135111,-0.13900665289455721,0
1.0112448825703737,-0.1379362713598933,0
1.110017024617876,-0.13728847626629037,0
1.0472141375006487,-0.1374796985863184,0
1.0677674374169082,-0.13603412659628614,0
0.9712795277475104,-0.13516023262979265,0
0.9729922664413904,-0.13343612882235878,0
0.8759332986774664,-0.13151275576122096,0
0.7691680856653913,-0.12801438413217464,0
0.8022824857127342,-0.12430720043254243,0
0.8530957663831025,-0.12040704538145323,0
0.7566074211240063,-0.11527923258987191,0
0.5984583049367351,-0.10828580123804607,0
0.6247213146188593,-0.0992101578610818,0
0.7400502211003348,-0.09008522789241061,0
0.6761056533837537,-0.08272807509774265,0
0.4477312016195105,-0.07302120828480231,0
0.2730244498188697,-0.060243591815728775,0
0.2707406530304634,-0.042924001781113476,0
0.4294608273122607,-0.02212549405747718,0
0.5333716210311017,-0.00390858091967364,0
0.5647728467948662,0.012467215002581975,0
0.4991151047947065,0.027200482825238386,0
0.4026271951253087,0.043947706715375595,0
0.3552393918427006,0.057866676974865305,0
0.4163295402660478,0.07055256648573201,0
0.4020561370307826,0.08352755806554421,0
0.5145306242190241,0.10111666651373431,0
0.4591497499718434,0.11638829687464365,0
0.441450869348818,0.12977762238999468,0
0.4665717628418898,0.14312907794874932,0
0.5190982177958365,0.16299995212058707,0
0.600741666135443,0.18000293217216146,0
0.4574370112779632,0.19579441939811093,0
0.5053954370653991,0.21684143617936405,0
0.3221249917953578,0.23926457963621328,0
0.2439065852538131,0.26641893909390774,0
0.3586648692304608,0.29151503170803134,0
0.4522983596066247,0.3114160158615985,0
0.4757069499955147,0.3311813743357625,0
0.4522983596066247,0.347557108405458,0
0.4974023661008265,0.3688550142983419,0
0.4266064080190266,0.38427145415954644,0
0.3626614047127471,0.3996583472955635,0
0.1885261465963308,0.4149104313946607,0
0.3198411950069516,0.4402620728833834,0
0.254183453006792,0.45897758189731847,0
0.3883537918900435,0.47992496686688146,0
0.4545821563950309,0.4918384776276867,0
0.3815024015248248,0.4975825492747049,0
0.4974023661008265,0.5058724654545591,0
0.3249798466782901,0.5146338678111219,0
0.3049971692668586,0.5284806703412593,0
0.3169867757137175,0.5432504652711012,0
0.2216401110539753,0.5554232096292215,0
0.3278342659715242,0.561436957950882,0
0.3449625240897218,0.5707048848874682,0
0.3894954724893975,0.5850548169004457,0
0.3409659886074355,0.597452954135323,0
0.455153214489557,0.6116073730208422,0
0.4557242725840831,0.6173041933584887,0
0.5733369758539649,0.6221625666012247,0
0.5236653757829507,0.627808676393812,0
0.6287178501011457,0.6366061821006848,0
0.681243869465394,0.6391851580547563,0
0.7463305533710274,0.6345725456937172,0
0.6624028726533163,0.6277280821690182,0
0.5898941758776364,0.6237161455838737,0
0.681243869465394,0.6161014391967776,0
0.6584063371710299,0.6033201102625312,0
0.6743924791001752,0.5959923533052955,0
0.7566074211240063,0.5894030556855887,0
0.8519536501940501,0.572514660646573,0
0.9027669308644184,0.5573205337828299,0
0.8542374469824564,0.5423427782567941,0
0.9290299405465424,0.5300110299760102,0
0.9570061245122452,0.5180249621204162,0
1.026660401994691,0.5078910787891227,0
1.0021101310064469,0.49485689079297274,0
0.8947738598998457,0.4831731722965933,0
1.0123869987594258,0.47293010643131994,0
1.0848956955351057,0.4630261480772952,0
1.0346534729592636,0.4468372181359864,0
1.090604969711272,0.429175702424738,0
1.1751037085235094,0.4131739929287843,0
1.0848956955351057,0.39106112263017223,0
1.1060204891355896,0.373916507857597,0
1.0671968149120803,0.35615477789499783,0
0.9804142793114368,0.3426713739330314,0
0.8884935276291531,0.32837045695555567,0
0.9461581986647402,0.31874227874299327,0
0.9952587406412282,0.3050336009262638,0
0.9649991954768178,0.293627327558154,0
0.943874401876334,0.28203727446547155,0
0.8605177792531489,0.2706955356944341,0
0.8696529664067738,0.26146250771266255,0
0.9141859148064496,0.2554263385688985,0
0.9296009986410688,0.24678069619184204,0
0.990120524559588,0.2393702358505411,0
1.01695415674654,0.23027499539342444,0
1.1311413826286616,0.22070855650015483,0
1.240761450523669,0.21235526691387982,0
1.3058481344293025,0.20226065716986238,0
1.3543776183112644,0.18927369452610127,0
1.3161250021822812,0.17628086133129525,0
1.3526648796173844,0.16163326650105855,0
1.3401042150759992,0.14481794770485337,0
1.4285990537808244,0.12722283674457716,0
1.4103291150632729,0.10882147594251036,0
1.503963041029135,0.09176781636777913,0
1.5387897441806595,0.07425696231193582,0
1.579326592687747,0.058469868355152346,0
1.5633400151689036,0.0436447991251224,0
1.5108139958046554,0.029533631304615095,0
1.4737030602750265,0.01785895592560432,0
1.4965405925693902,0.006091610299910027,0
1.4765579151579586,-0.004277274617622033,0
1.517094328075348,-0.013049696312708503,0
1.7049323669222016,-0.02269548312577556,0
1.59245787973396,-0.03474033485323637,0
1.539931860369712,-0.04456110950741745,0
1.4274573731814704,-0.05410988224557928,0
1.4508659635703605,-0.06195805884974895,0
1.1648268407705304,-0.06837756403147702,0
1.0557778309700492,-0.07175394148031926,0
1.0831829568412257,-0.0744223184910382,0
1.2881488182165786,-0.07624121440390731,0
1.2647406634173868,-0.07997472935549096,0
1.1231483116640888,-0.08436974151227974,0
1.0900343472064444,-0.08596281424746828,0
1.362941747370363,-0.08822673299376409,0
1.3041353957354225,-0.0931492556645199,0
1.3041353957354225,-0.09755065620276085,0
1.39891056671094,-0.10194227975710443,0
1.4588590345349333,-0.10661592869658153,0
1.4234608376991842,-0.11093649133602936,0
1.2373355375462105,-0.11544707247072064,0
1.137421714899354,-0.11564699937126938,0
1.231626263370044,-0.115698523118492,0
1.1071621697349436,-0.11658877161077935,0
1.2401903924291429,-0.11816516561506223,0
1.0557778309700492,-0.1202232277186241,0
0.982127018005317,-0.12082388543260826,0
0.9490130535476724,-0.12011585026882747,0
1.064341960029148,-0.12047978726309072,0
0.9530095890299588,-0.12075798591252049,0
0.9707084696529842,-0.11953482441476442,0
0.7737356792422038,-0.11876596295774133,0
0.657264656571676,-0.11557482201591204,0
0.6806728113708678,-0.11073947950658307,0
0.7623166953001727,-0.1055265127113974,0
0.824548959912572,-0.10062852228547937,0
0.824548959912572,-0.09720648602577504,0
0.7331992663248145,-0.09332114903732541,0
0.5185271597013104,-0.08873589890855858,0
0.6892369404299665,-0.08095028207270212,0
0.7868669662884167,-0.07534696375620659,0
0.7965727759468695,-0.07076365412880926,0
0.7583201598178864,-0.06763001666674266,0
0.669254263018535,-0.063666134629646,0
0.6304305887950257,-0.05854824914716736,0
0.7189258630895493,-0.05297472617405346,0
0.801711427618208,-0.047970685641373675,0
0.6932334759122529,-0.04419410270839127,0
0.5853265823008239,-0.03849392468221864,0
0.526520230665883,-0.03088090961355114,0
0.4854127596539675,-0.02315748574280674,0
0.3175573982185453,-0.015047904275959832,0
0.3152736014301391,-0.006889952896519098,0
0.4231809306312665,0.001481658579412268,0
0.4283191467129067,0.007705371299592726,0
0.2735955079133958,0.014277716734492164,0
0.3226960498898839,0.023222625588718977,0
0.443163608042698,0.03217528266711636,0
0.4345994789835993,0.03951222140899918,0
0.4939768887130663,0.04604719103765621,0
0.549357762960247,0.052467510320950775,0
0.5938907113599227,0.05706186188174816,0
0.575049714547845,0.06167088785757748,0
0.5562087177357673,0.06695303190248561,0
0.6709670017124151,0.07415812748205834,0
0.5876103790892301,0.07865097326469266,0
0.4540110983005047,0.08368473317685006,0
0.4471601435249844,0.0898070309274891,0
0.3746510111596061,0.09535877774808942,0
0.5071081757592792,0.10280155294570192,0
0.477990746783921,0.11081993918511482,0
0.5704821209710326,0.1188175314796286,0
0.396917485359444,0.12329518385601317,0
0.480845166077155,0.1301898891854621,0
0.4311740015958391,0.13258162385018257,0
0.4682845015357699,0.1341635567727747,0
0.5059664951599253,0.13645519806420772,0
0.48998035323078,0.13957307650624126,0
0.4991151047947065,0.14333416793430423,0
0.5858976403953501,0.14922071095838052,0
0.547645024266367,0.15396174316219083,0
0.6492715856071034,0.16003388725561657,0
0.6024548404190214,0.16433905032276547,0
0.6435618758412386,0.16944363565277434,0
0.7731646211476777,0.17596066784375317,0
0.8102755566773069,0.18117019535042594,0
0.7400502211003348,0.18684476058563246,0
0.7994276308298018,0.19142499098902171,0
0.6869531436415603,0.19613452879607268,0
0.5710531790655587,0.20258606919363936,0
0.4831289628655613,0.2113548243841734,0
0.5116757693360917,0.22392162689308978,0
0.5419353145005021,0.23529289558695243,0
0.5733369758539649,0.24921766127676365,0
0.7080779372420443,0.2616100665660777,0
0.743475698488095,0.27173055636830773,0
0.7480432920649075,0.281105823816203,0
0.8022824857127342,0.2879377784303492,0
0.7320571501357621,0.29339690249597444,0
0.8114172372766608,0.30063284014422775,0
0.8776460373713465,0.30649343953143576,0
0.8199813663357596,0.31117276821548895,0
0.8045662825011405,0.31552605560722025,0
0.8445316373240036,0.3195118679042229,0
0.7234930210766634,0.3252799313110841,0
0.7857252856890627,0.3351118287650563,0
0.8593760986537949,0.3393989858638545,0
0.8405351018417173,0.34088555934378695,0
0.824548959912572,0.3375832886396297,0
0.9221789857710222,0.33614288976742,0
0.8519536501940501,0.3333422489969054,0
0.8182686276418795,0.3310956082399212,0
0.874220124393888,0.3270209856448067,0
0.8628015760415552,0.3208110178779485,0
0.8102755566773069,0.31896231443127154,0
0.8057079631004944,0.3171133792362952,0
0.7845831695000105,0.311468603230461,0
0.9079055825357568,0.30500528364995816,0
0.9958297987357544,0.29641620486395487,0
0.9832691341943692,0.2872685472203674,0
1.0791864213589393,0.28180988099060367,0
1.122006631064735,0.2740472251827318,0
1.0198090116294722,0.26950379663318885,0
0.9849818728882492,0.26478727000074725,0
0.9598605438054792,0.2586724698086699,0
1.0352240954640914,0.2557716808887044,0
1.0163835342417122,0.24775716719865293,0
1.0009680148173947,0.23854574117895871,0
1.1048783729465372,0.2291936438773337,0
1.135708976205474,0.21478336351858457,0
1.217923918229305,0.2007127512170235,0
1.2339100601584505,0.18741447224786142,0
1.3001384246634375,0.17760661958723,0
1.3184087989706874,0.16387114933710195,0
1.2910036730995111,0.14831049088330414,0
1.2224915118061177,0.13576961976908528,0
1.278443008558126,0.12277087595661479,0
1.2105014697695602,0.10523129693591632,0
1.2470417827943614,0.08832387094123798,0
1.2327683795590962,0.07114825287610048,0
1.229913524676164,0.05358167698691685,0
1.0774736826650593,0.03747181656375103,0
1.0797574794534657,0.02162027283621868,0
1.1031656342526572,0.008035573760157604,0
1.086608434228986,-0.004223815094999889,0
1.1157262987940424,-0.01563188755945349,0
1.0843246374405795,-0.0266129412581514,0
1.1277159052409014,-0.035728104722186356,0
1.1437020471700463,-0.04510730735599853,0
1.0740477696876007,-0.05330164767883632,0
1.0340824148647376,-0.060781015348376474,0
0.8667981115238415,-0.06895120503562507,0
0.8639432566409091,-0.07403704884037784,0
0.8159848308534733,-0.08005160429790767,0
0.8371096244539571,-0.0869601160121368,0
0.8313999146880924,-0.09350544337063033,0
0.8662270534293154,-0.09960514525461478,0
0.8816425728536328,-0.1049420046773475,0
0.824548959912572,-0.11016382322626433,0
0.8736495018890602,-0.11244618915792638,0
0.8108461791821346,-0.11432263441114537,0
0.8456733179233575,-0.11360233280621528,0
0.8799298341597527,-0.11638389041897129,0
0.9273172018526624,-0.11829759186573915,0
0.9124731761125694,-0.1190597414092412,0
0.8816425728536328,-0.12074291708291028,0
0.7851542275945367,-0.1227841472430902,0
0.7451888727716734,-0.12660611939965516,0
0.7937183566536354,-0.12953229617270223,0
0.9141859148064496,-0.13250594016869724,0
0.8799298341597527,-0.137845797236268,0
0.8045662825011405,-0.14097710547800912,0
0.7520398275471938,-0.14354793238340116,0
0.5938907113599227,-0.14583330349849322,0
0.538509837112742,-0.14609020111870608,0
0.5853265823008239,-0.14624063001102763,0
0.6698253211130611,-0.1479048270266189,0
0.6686832049240088,-0.15263111503684132,0
0.7948600372529894,-0.15421180201502874,0
0.8039952244066143,-0.1564256214883171,0
0.8382513050533111,-0.15974797168755478,0
0.8451026954185298,-0.16179263758835555,0
0.8353964501703787,-0.16321408290366093,0
0.94273272127698,-0.16464138457117455,0
1.0135286793587797,-0.1658923842549821,0
1.0477847600054766,-0.16744206054061123,0
0.965570253571344,-0.16821422735188887,0
1.01695415674654,-0.16840097928508907,0
0.9712795277475104,-0.16928604312610915,0
0.9752760632297968,-0.1668207486535631,0
1.0232344890172325,-0.16446058236903582,0
1.0118159406648997,-0.1632401947803857,0
1.1168679793933962,-0.16078306010738505,0
1.0843246374405795,-0.1614660307699241,0
1.1454147858639268,-0.1579499171456626,0
1.1043077504417096,-0.15304302965721636,0
1.0569199471591015,-0.14901232818108595,0
1.0043939277948533,-0.14716582178834015,0
1.0437882245231902,-0.14321865951235974,0
1.0734771471827729,-0.13305423899846566,0
1.0500685567938828,-0.1235774366090178,0
1.0329407342653836,-0.11744639614936067,0
0.967282992265224,-0.10713291889743547,0
1.086608434228986,-0.10161166361843228,0
1.0848956955351057,-0.09446405897765969,0
0.9313137373349488,-0.08468442619230386,0
0.9113310599235172,-0.0772193653607167,0
0.7503270888533137,-0.0726565978415778,0
0.7862959081938906,-0.06938764956336264,0
0.825690640511926,-0.06425744416625329,0
0.7617460727953449,-0.05644826045011161,0
0.6846693468531542,-0.051407249541574045,0
0.6230085759249792,-0.04263377653475924,0
0.8045662825011405,-0.038561646094708586,0
0.7132161533236845,-0.03494047094305445,0
0.5539249209473611,-0.02765794170782597,0
0.5208109564897166,-0.022986737188882066,0
0.5356549822298096,-0.024445467926976053,0
0.6515553823955096,-0.020408794303415922,0
0.7063651985481642,-0.016108977817627202,0
0.743475698488095,-0.01522927277769226,0
0.9273172018526624,-0.012085201925933748,0
0.8296871759942123,-0.005798040634389637,0
0.7514692050423659,0.00015159965698892576,0
0.8188396857364056,0.0025352560765918184,0
0.7326282082302883,0.010104974292442956,0
0.6024548404190214,0.016227405737234208,0
0.5836138436069438,0.013213391160401952,0
0.4631462854541296,0.008288882384669731,0
0.5248074919720029,0.0029107891612559712,0
0.6287178501011457,-0.0047375312148942314,0
0.7765900985354378,-0.009741626431117896,0
0.6686832049240088,-0.008889912195360833,0
0.6110185338884219,-0.01133671816395834,0
0.6903790566190189,-0.01526065338175511,0
0.5556380952309395,-0.014562594005024515,0
0.3723672143711999,-0.016524138506273853,0
0.3072805304655664,-0.02026212122585924,0
0.3044261111723324,-0.02110035291923879,0
0.2199273723600952,-0.02387403080102995,0
0.2793047820895622,-0.03104083680165893,0
0.1103077400547861,-0.03265500665256593,0
0.1993736368541374,-0.03432622277146375,0
0.2941492434193535,-0.03961407195590619,0
0.275879304701802,-0.04208071516370015,0
0.3580938111359347,-0.0420150398466468,0
0.4208971338428602,-0.041348136011751836,0
0.4049109919137149,-0.044695337847820205,0
0.4642879660534836,-0.04809625247226995,0
0.4625752273596035,-0.044702063282469465,0
0.3740803886547783,-0.042110631740496264,0
0.4420214918536458,-0.04148704263322914,0
0.3352567144312691,-0.041907660986102865,0
0.2199273723600952,-0.043225961217352865,0
0.2490452369251517,-0.04655733705574837,0
0.2484741788306255,-0.046675663965614365,0
0.3432497853958417,-0.048049652520468604,0
0.3586648692304608,-0.048213001461805974,0
0.5647728467948662,-0.04744215541100499,0
0.6030254629238493,-0.04396572064276386,0
0.7606039566062925,-0.040099866907026355,0
0.5567797758302935,-0.03387939561251843,0
0.5379387790182159,-0.028780252912425662,0
0.6869531436415603,-0.02498525776117787,0
0.6703959436178889,-0.01653274166931397,0
0.5716242371600848,-0.008807809411221066,0
0.3860699951016373,-0.0036163833604230438,0
0.3752220692541322,0.0014144015860288,0
0.3912082111832775,0.0030107331277735697,0
0.3084226466546187,0.00410479490778663,0
0.384927878912585,0.004616651997175069,0
0.4722810370180563,0.00709215715476643,0
0.396917485359444,0.010129895558344579,0
0.3638035209017994,0.01040416307877548,0
0.4545821563950309,0.015729138625117607,0
0.2033701723364238,0.018729549072041152,0
0.193664362677971,0.01436942576768468,0
0.2735955079133958,0.015039003813210257,0
0.310706443443025,0.013595622075172535,0
0.3238377304892379,0.011712020141621808,0
0.4368832757720055,0.011879374391702217,0
0.4665717628418898,0.010765577770301113,0
0.4494439403133906,0.011335279525584135,0
0.4876965564423737,0.011828232213451518,0
0.3746510111596061,0.016756450583358094,0
0.2410521659605791,0.025478059024688225,0
0.2456197595373915,0.030081990623816196,0
0.2633186401604169,0.03625091209589248,0
0.2787337239950361,0.039989032492245405,0
0.182816436830466,0.04637399493488933,0
0.3049971692668586,0.051478867771426254,0
0.3181284563130715,0.057467141223390555,0
0.2884399692431871,0.061274829890225674,0
0.3586648692304608,0.062292118244930646,0
0.4237515531360942,0.06601042301827144,0
0.2924365047254735,0.0725331276786488,0
0.2827302594773224,0.07598198014225341,0
0.2798758401840883,0.08259786037482358,0
0.2387683691721728,0.0867608978566596,0
0.2444776433483392,0.09045200193215465,0
0.3495301176665342,0.0943384681653793,0
0.2695989724311095,0.09972560666223615,0
0.2558966272903704,0.10088128284530233,0
0.1930933045834449,0.09977326318132321,0
0.2598931627726568,0.10254924043989294,0
0.2724533917243435,0.1106484916113051,0
0.3695127950779658,0.12177971170271186,0
0.3540972756536484,0.13255942323034153,0
0.4266064080190266,0.13696187732044451,0
0.3934920079716837,0.13922629660943903,0
0.3575231886311069,0.1420532195145728,0
0.3860699951016373,0.14450678688185983,0
0.3478173789726542,0.15038789947747278,0
0.3221249917953578,0.15841379468958366,0
0.3095643272539727,0.16487760050824377,0
0.3586648692304608,0.16736678857344908,0
0.3312601789489827,0.17163723873186615,0
0.3872116757009912,0.1730438624436725,0
0.4094781499008291,0.18258363768630334,0
0.4511566790072707,0.18924383768041653,0
0.5316584467475233,0.19503491276423082,0
0.5790462500301313,0.20333100409705557,0
0.5562087177357673,0.2142004064211872,0
0.5956034500538028,0.23013750533593758,0
0.5425063725950283,0.24790690766250148,0
0.5767624532417251,0.25965955375750605,0
0.7280606146534758,0.2770929836556712,0
0.8565212437708626,0.292982168981177,0
0.7811576921122503,0.312291670919417,0
0.9261755212533084,0.33295821537651066,0
0.84852817280629,0.34437618713490453,0
0.802853108217562,0.3592995095049776,0
0.6892369404299665,0.3680231819999701,0
0.6635449888423686,0.3814704003933003,0
0.6167282436542867,0.39780665532287635,0
0.6190120404426929,0.4099876243710355,0
0.5339422435359296,0.4120979710203103,0
0.5681983241826263,0.41100075332839225,0
0.5025410177721651,0.4164581767278324,0
0.5088213500428577,0.42642854499379407,0
0.4974023661008265,0.4374109782690977,0
0.5333716210311017,0.4456009383487678,0
0.5071081757592792,0.46044750263893336,0
0.4117619466892353,0.470569214161874,0
0.3877827337955173,0.4738397933693816,0
0.4100492079953552,0.48099343084621204,0
0.4854127596539675,0.489917963025223,0
0.5425063725950283,0.5035868648749582,0
0.4311740015958391,0.5091053310007683,0
0.4266064080190266,0.5087328629093482,0
0.3952047466655639,0.5152407979459218,0
0.4585786918773172,0.5159187387653452,0
0.4814162241716812,0.5181754820359473,0
0.4996861628892327,0.5291279207457533,0
0.3757931273486584,0.5381094764734977,0
0.3929209498771576,0.5455486173561521,0
0.2918654466309473,0.5417250659674706,0
0.2741665660079219,0.54371182451236,0
0.372938272465726,0.5529329980300254,0
0.3392532499135554,0.5536568268944007,0
0.2598931627726568,0.5588367843866826,0
0.2536128305019642,0.5580697308555387,0
0.1422800239130766,0.5646285924737267,0
0.145134878796009,0.5664144001902244,0
0.1839585530195183,0.562521133886245,0
0.1262938819839313,0.5515932555555423,0
0.1388545465253165,0.5572348591924406,0
0.2204984304546213,0.5596055039882863,0
0.155982804643514,0.5670275098351705,0
0.1919516239840909,0.5757199005985371,0
0.2147891562784549,0.5820889714731903,0
0.1759654820549456,0.577187362210999,0
0.190809943384737,0.5810049637466909,0
0.2536128305019642,0.5818752633970389,0
0.2547545111013181,0.5856209523128628,0
0.3021423143839262,0.5981018743033885,0
0.2958619821132336,0.6044248133462764,0
0.3329729176428628,0.6088078461421422,0
0.3483880014774819,0.6227824652025986,0
0.3164157176191914,0.621346595884049,0
0.4374543338665316,0.6418563700220122,0
0.421467756347688,0.6564315663706823,0
0.4505856209127445,0.6774410363210783,0
0.1788199013481797,0.6941900336997281,0
-0.1043641487738688,0.7031402647078606,0
-0.178014961738601,0.7048024116518989,0
-0.2419597472500313,0.6944932618386809,0
-0.0838106310627606,0.69071297638738,0
-0.213983998874027,0.6822983969191913,0
-0.1323401149447222,0.6862849689895953,0
-0.1306273762508417,0.6885966797192247,0
-0.1420459246031749,0.6946674241362502,0
-0.0769592406975419,0.695359334652844,0
0.049217591631439,0.6988059228741923,0
-0.0421321019563185,0.6980730161577712,0
0.0280927980309551,0.7002283202382928,0
-0.0883780068447235,0.6903493032078958,0
-0.0586893019799904,0.6907535475095211,0
-0.0455577971389279,0.6946813711874,0
-0.1009386713861086,0.6963108591817476,0
-0.1940013214625954,0.6917488650559542,0
-0.3201781537915756,0.6925023186119514,0
-0.261371584361786,0.6865969328181959,0
-0.3156105602147639,0.6843151078641596,0
-0.3818391425146005,0.676883690487488,0
-0.2699357134208847,0.6697020950603993,0
-0.3281712247561486,0.6701896107419351,0
-0.2231189682328028,0.6758114708482118,0
-0.1597450230210495,0.6795132456391746,0
-0.106647945562275,0.679571901262199,0
-0.0084470794041479,0.6826557263553525,0
-0.0381355664740318,0.6781309613220121,0
-0.1254889423743523,0.6712823336839526,0
-0.0758173423033384,0.6666681232536789,0
-0.0643987939510059,0.6640049115771228,0
-0.0718208068210516,0.6625839635789627,0
-0.1283435794624359,0.6626180228018081,0
-0.1494681552680706,0.6557641610869802,0
-0.1306273762508417,0.6542122481333901,0
-0.1671672536859451,0.6562775629722566,0
-0.1129282778329675,0.6526593268942277,0
-0.1643126165978623,0.6517070257794885,0
-0.172876527862112,0.6536527455661694,0
-0.0741046036094583,0.5828977694974606,0
-0.02329132293909,0.5864493411398878,0
-0.0552638245922302,0.5844765698395259,0
-0.0255751197274959,0.5669449868584038,0
0.0435083174552725,0.5699156434039149,0
0.0840447303726619,0.5692141701242306,0
0.0663458497496365,0.5778604271151573,0
0.2473324982312716,0.5808713671584207,0
0.2410521659605791,0.5925263805162142,0
0.5230947532781228,0.6033924278740178,0
0.4540110983005047,0.6176361324390675,0
0.6292884726059734,0.6257131314747367,0
0.6464167307241709,0.6583318846117455,0
0.6344271242773121,0.6883615350288265,0
0.2678862337372294,0.7263387332988027,0
0.0315187110084136,0.739407636918362,0
0.062919936772178,0.7464512917859328,0
0.0811898754897295,0.7593813924953826,0
0.0971760174188748,0.7618384298878267,0
0.073767862619683,0.7633484078559422,0
0.0931794819365885,0.7683082533072316,0
0.2073667078187101,0.7747535293902732,0
0.1816747562311121,0.7919027953276724,0
0.1531279497605817,0.8016594116974463,0
0.2347718336898865,0.8148388963515418,0
0.2576093659842505,0.8308361719918133,0
0.2604637852774845,0.841501460271403,0
0.157124485242868,0.8521026745087406,0
0.2644603207597709,0.8527474404738979,0
0.1805330756317581,0.8642557868582682,0
0.1542696303599356,0.8764016382127259,0
0.146276559395363,0.8953401492299246,0
0.2125053594900487,0.9005952221228773,0
0.2010863755480175,0.9110235792385968,0
0.1930933045834449,0.9225867034895922,0
0.1365707497369102,0.9192310157650878,0
0.0817609335842557,0.9224217218491104,0
0.1262938819839313,0.9119273618385408,0
0.0766227175026154,0.9124366887238802,0
0.1651175562074406,0.8989200781427972,0
0.3078515885600926,0.8964799359695809,0
0.3529555950542944,0.8954392110603954,0
0.310706443443025,0.8928834590921707,0
0.2005157530431897,0.8949776313245221,0
0.1411383433137227,0.8942390067926252,0
0.0766227175026154,0.8871925430181326,0
0.0303765948193613,0.8749846841634871,0
0.0035427448375598,0.8738178124458889,0
0.0035427448375598,0.8653092435890769,0
0.0081101206195239,0.8514292746385304,0
-0.0369938858746783,0.8456782029470636,0
-0.0666823729445622,0.8442946181000807,0
0.0081101206195239,0.8344859623411142,0
-0.058118461680313,0.822790353402869,0
-0.0227204826394131,0.8168982512183635,0
-0.0838106310627606,0.8148319205776328,0
-0.0347100890862716,0.8131690991764348,0
-0.0170109906683975,0.8166808363616719,0
-0.0090179197038248,0.8163914254642094,0
0.0560689819966577,0.8074204073139117,0
-0.0324262922978658,0.8006043564552856,0
0.0189580464670285,0.7932407377751688,0
0.0446499980546265,0.7902149925002329,0
0.0109649755024558,0.7929430500603883,0
0.1011725529011611,0.7873270515244297,0
0.0086811787140492,0.7857323426390095,0
-0.0192947874568037,0.784660193104918,0
-0.111215539139087,0.7895103137841577,0
-0.0889490649392496,0.8023415863829194,0
-0.0678242713387661,0.8118350222650091,0
-0.0084470794041479,0.8138358269552823,0
-0.0826687326685567,0.8177096319429574,0
-0.0643987939510059,0.8344223710036203,0
-0.0295716552097826,0.8343028625218868,0
0.040082404477814,0.8380108602642791,0
0.0132487722908621,0.8463006699677301,0
-0.0141563535803143,0.8358171245808301,0
-0.0649696342506825,0.8368542364986801,0
-0.0672534310390887,0.8343837256762706,0
-0.02329132293909,0.8337198804078796,0
0.0669164722544643,0.8280951103370974,0
0.0663458497496365,0.8188284766125489,0
0.108595001360906,0.8105841136946923,0
-0.0210075261506838,0.8065626401280823,0
-0.0826687326685567,0.8039665025826165,0
-0.1163539730155765,0.7979101499386426,0
-0.1905756262799861,0.795017127508577,0
-0.1677380939856225,0.8013368385292107,0
-0.1214924068920667,0.7931649960400736,0
-0.1192086101036601,0.7857204217410211,0
-0.0723918649155782,0.763837499095176,0
-0.1317692746450452,0.7466037249058133,0
-0.2807834214735402,0.7256599111659128,0
-0.2470981811265207,0.7098370129586933,0
-0.2922021876207226,0.6657542440980169,0
-0.3167524586089666,0.6214734994749099,0
-0.3629983634973712,0.6146345414552857,0
-0.3584307699205595,0.5767051862278938,0
-0.3595726683147622,0.5019073853373931,0
-0.3424446279914138,0.4456130457685432,0
-0.3036209537679045,0.4058861678395659,0
-0.1157829149210512,0.35295701508322375,0
-0.1323401149447222,0.30744451469791784,0
-0.1431878229973776,0.26373685407105907,0
-0.2094164052972142,0.23305880554755953,0
-0.1905756262799861,0.19550716710090713,0
-0.1854371924034966,0.15957185666045184,0
-0.1620288198094557,0.13147797029060954,0
-0.1580322843271694,0.09661337716185465,0
-0.1860080327031732,0.05422945946985016,0
-0.2408180666506778,0.030430648427368825,0
