signal,anomaly_score,is_anomaly
-1.5097060922529597,0.2387955969650053,0
-1.4964997776897897,0.24082983270912472,0
-1.4424747447619777,0.24278693507044075,0
-1.3792457400695433,0.2443383872909151,0
-1.4188637067438556,0.24554256927405826,0
-1.424066312725131,0.2470394412880653,0
-1.4676866221979945,0.2489000341249046,0
-1.4600830013436723,0.2510177459056252,0
-1.5145081219990604,0.2531985156607375,0
-1.444075584179876,0.2555128588079853,0
-1.4504784533438757,0.25809840037868015,0
-1.38164675494259,0.26023561886789404,0
-1.4136615892701825,0.2625177262136004,0
-1.4212652101245082,0.2650907718806732,0
-1.385248521505967,0.26769619104680525,0
-1.3232197799962566,0.2701839713409104,0
-1.3456300663240486,0.27242501984487744,0
-1.3476309934695232,0.27465876034693143,0
-1.344429314633726,0.2766962751825059,0
-1.298407990287812,0.2788074504432088,0
-1.300809005160859,0.28069048520498213,0
-1.2447830450875723,0.2834098838869627,0
-1.1795531132496633,0.2859353932315651,0
-1.178752449286913,0.28801718326149495,0
-1.018278189921379,0.29018956446139477,0
-1.0150769995931803,0.29178106019003885,0
-1.0310844167569766,0.293655120203334,0
-0.8181854753739269,0.29580177907879335,0
-0.8534019885373164,0.29741806251963215,0
-0.9782596470118886,0.29905630669428485,0
-0.9654539086838896,0.30120335697180667,0
-0.905426094319654,0.30310224056178176,0
-0.8882179254655352,0.3045830599566514,0
-0.9718567778478892,0.3060373840779423,0
-0.9206328475206998,0.30786566108293884,0
-0.8550028279552186,0.3093364310195336,0
-0.8570037551006932,0.3106826656642111,0
-0.9306374832480724,0.3120268431988101,0
-0.8742114354472136,0.3133747333997568,0
-0.8886180131931075,0.3147631943656071,0
-0.8453982799554184,0.31607931086746777,0
-0.7801678596099111,0.31711765989507495,0
-0.7301446809730481,0.3181347081206376,0
-0.7569573978269671,0.318919929316043,0
-0.7613593398454884,0.3199019091875688,0
-0.7833695384457082,0.3211773197860494,0
-0.721740884663574,0.32242165095834374,0
-0.7749657421362378,0.3236139529912426,0
-0.8321919653922486,0.3249764586273716,0
-0.8882179254655352,0.32660632657145294,0
-0.8926198674840565,0.32817472829518934,0
-0.7517547918456918,0.3298079308308399,0
-0.794574437355805,0.33088762857147264,0
-0.8345929802652954,0.3322705708285932,0
-0.8169852121912028,0.3336314798996048,0
-0.9150306423194544,0.33483528227561254,0
-0.9242346140840766,0.33644722288151707,0
-0.9302373955205,0.3382996445246102,0
-0.8674084785556381,0.339933114679529,0
-0.9022244154838568,0.3417205506209652,0
-0.8730111722644893,0.3433669656565043,0
-0.9210334237558778,0.34488990548920295,0
-0.9378410163748224,0.3467058059007324,0
-0.8962216340474333,0.3481775806246269,0
-0.9198326720655516,0.3495104579506411,0
-0.8650074636825913,0.3510552145004592,0
-0.8397955862465707,0.3524127458617203,0
-0.7829694507181358,0.35339799828173124,0
-0.772164151028013,0.35423618038140464,0
-0.8225874173924483,0.35502796841972584,0
-0.909828036338179,0.35601568270614176,0
-0.8774131142830107,0.3577839959430048,0
-0.8754121871375362,0.35935761324661014,0
-0.7977761161916058,0.3608546225043222,0
-0.7969759407364575,0.3620346893605039,0
-0.813783533355402,0.363191274234944,0
-0.8950213708647091,0.36420362731515304,0
-0.8542021639924683,0.3656369841404784,0
-0.840996337936897,0.3667933455264152,0
-0.8129833579002537,0.36769833155730164,0
-0.7477529375547428,0.36885919911550213,0
-0.652909186262292,0.3696361570428558,0
-0.6308989876620723,0.3703273124291276,0
-0.6469064048258685,0.37112119899268253,0
-0.7165382786822987,0.3716981587929192,0
-0.7241418995366244,0.372599596164415,0
-0.6381020322812201,0.3734137903295464,0
-0.7473528498271668,0.37387153886865127,0
-0.7541558067187423,0.37470096309324186,0
-0.7113361612086254,0.3753839351503896,0
-0.7285438415551458,0.3759698883527421,0
-0.7221409723911499,0.3760304941488681,0
-0.7161381909547264,0.3760847781029013,0
-0.7049332920446295,0.37580175668538546,0
-0.7149379277720022,0.3754506672644687,0
-0.7929740864455085,0.37522991946760614,0
-0.8001771310646563,0.3751787742073638,0
-0.8053797370459279,0.37523510703925084,0
-0.8942207069019588,0.37534438716914015,0
-0.9158308177746024,0.3758091685202073,0
-0.9294372200653482,0.37628558333244916,0
-0.9546486089937668,0.37705550361149376,0
-0.9506467547028176,0.3778199675566952,0
-0.9622522298480924,0.378599476667032,0
-0.9706560261575627,0.3795018343431184,0
-0.8494001342463674,0.38045109886708484,0
-0.8313917899370967,0.380971444688856,0
-0.8321919653922486,0.3812982607837431,0
-0.7705633116101107,0.3818626929250096,0
-0.7289444177903238,0.38212377927997654,0
-0.7161381909547264,0.3823463370001963,0
-0.6721177937542869,0.3828120985436386,0
-0.6673157640081859,0.3829814436786198,0
-0.6665151000454357,0.38330921306452925,0
-0.6252962939532211,0.3832236037894846,0
-0.6397028716991187,0.38289221538060986,0
-0.6497075074264912,0.3826025032385438,0
-0.7277436660999975,0.38218694586867924,0
-0.7377483018273702,0.38160731287789873,0
-0.7649611064088652,0.38103424500676564,0
-0.52965187869802,0.3805600452721465,0
-0.5196472429706473,0.3791656929216838,0
-0.5484603984624389,0.3774918885735543,0
-0.5140445492617998,0.37605240051087097,0
-0.5360547478620195,0.37434455566727465,0
-0.4628211074422125,0.37246829698446304,0
-0.3839842848059558,0.3700393130904125,0
-0.349968523332889,0.36763287978292386,0
-0.3691776193324823,0.365037897092717,0
-0.383184109350804,0.36218269992898067,0
-0.3895869785148035,0.35924993103374175,0
-0.4732258308971574,0.3565716885898827,0
-0.4400102448792424,0.3543106288816256,0
-0.4844307298072542,0.35189023955117715,0
-0.5036398258068512,0.34964084602053186,0
-0.496036204952529,0.3474521033237326,0
-0.483630554352106,0.34499846907974535,0
-0.5344539084441172,0.34280236964883287,0
-0.487632408643055,0.34050172183145117,0
-0.5172462280975969,0.3381205889945229,0
-0.5324529812986427,0.335363373092805,0
-0.5268507760973972,0.3327393382508845,0
-0.5032397380792752,0.33021992088951774,0
-0.4804288755163052,0.32744507365299935,0
-0.4135981042604977,0.3245291918373385,0
-0.4039935562607011,0.3213036931710049,0
-0.3519694504783635,0.3183027097245528,0
-0.3851850364962785,0.3152080808966485,0
-0.3743797368061555,0.31211753595290626,0
-0.4640213706249367,0.30933733938893376,0
-0.4760269334977838,0.30671213777902995,0
-0.4536166471699882,0.3045612293701208,0
-0.4324066240249167,0.3019278426978614,0
-0.4396101571516665,0.29936951869549,0
-0.4664223854979835,0.29702107276200185,0
-0.4484140411887128,0.29481763240960224,0
-0.4075953228240742,0.292539972254989,0
-0.4388099816965182,0.2903889269832221,0
-0.4047942202234514,0.2883787928979438,0
-0.4480139534611405,0.2863304915857344,0
-0.4588192531512635,0.2845471350361648,0
-0.4472137780059886,0.28295512986218907,0
-0.5120436221163253,0.28106404235409516,0
-0.5292517909704441,0.2793156229304149,0
-0.5236490972615964,0.2777876008202962,0
-0.5180464035527488,0.27632054068322076,0
-0.5628674647159385,0.2745925391161878,0
-0.5820760722079334,0.27303184920941953,0
-0.560866537570464,0.27131477245010716,0
-0.5212480823885459,0.26992654203281474,0
-0.4119972648425992,0.26836994131233577,0
-0.4324066240249167,0.26651737989479646,0
-0.4624205312070345,0.26478128846296606,0
-0.4892332480609536,0.26319722741467516,0
-0.5256500244070709,0.2617095324624516,0
-0.533653732988969,0.26058567736928673,0
-0.5236490972615964,0.259442947245061,0
-0.5556639315891887,0.2583084086020732,0
-0.5864780142264548,0.25713983687594566,0
-0.5556639315891887,0.25618843054014806,0
-0.5548637561340405,0.25505884059676615,0
-0.5020389863889526,0.2538889566399515,0
-0.4480139534611405,0.2529465646516983,0
-0.460820180296738,0.25162750885189705,0
-0.4508155445693654,0.2502578432040187,0
-0.5060408406799016,0.24880418752862418,0
-0.5320528935710704,0.24758689412526874,0
-0.5228489218064482,0.246834610460074,0
-0.556464107044337,0.24581993081834955,0
-0.5736722758984594,0.24492679121958796,0
-0.744551258718942,0.24415418686232085,0
-0.748953689245069,0.24366754691488482,0
-0.8105818545196012,0.24293326262288623,0
-0.8141836210829779,0.24253346641005166,0
-0.7977761161916058,0.2421261644489668,0
-0.8053797370459279,0.24153373416354804,0
-0.7897724076097077,0.24087818890052892,0
-0.7973760284640299,0.2399957735642811,0
-0.7921734224827581,0.23940874553066366,0
-0.7665614573191617,0.23883752481005552,0
-0.7381483895549461,0.23791266692309454,0
-0.7473528498271668,0.23717953611617437,0
-0.7461520981368442,0.236849090119575,0
-0.7617594275730644,0.2361335687765177,0
-0.7221409723911499,0.23565453663985983,0
-0.7505540401553655,0.23529379322291194,0
-0.7381483895549461,0.23503409756125276,0
-0.7077343946452523,0.23471543229930486,0
-0.7237418118090485,0.23436969293294146,0
-0.6641140851723888,0.2341827034869708,0
-0.5824761599355057,0.23373179919184064,0
-0.6012851682075268,0.2329715425583308,0
-0.5964826499538274,0.23223533212119465,0
-0.6965290072275535,0.23156721278960976,0
-0.7161381909547264,0.23127782219755177,0
-0.7193398697905236,0.23082746558167527,0
-0.7477529375547428,0.2305931873667822,0
-0.9250352780468268,0.23043850706730265,0
-0.913829890629128,0.23071669795099672,0
-0.9162309055021784,0.23129441233943343,0
-0.9438437978112458,0.23188138735867256,0
-0.9758586321388382,0.23264584114646134,0
-0.9714566901203132,0.23358775345179153,0
-0.9658539964114656,0.2345588499242073,0
-1.0534947030847686,0.2354255214077372,0
-1.0971150125576357,0.23664355397904227,0
-1.047491921648345,0.238072002065831,0
-1.0582967328308694,0.23913771815155468,0
-1.1267283435045756,0.24013897405879767,0
-1.1423356729407994,0.24136675241520225,0
-1.1095206631580552,0.24275983379566482,0
-1.11392260517658,0.24381640774199345,0
-1.139534570340173,0.24480745311741825,0
-1.109920750885631,0.24586038563777252,0
-1.1307301977955246,0.246839317225603,0
-1.1723495801229171,0.24773065171651237,0
-1.155942075231545,0.24864043359719737,0
-1.18315487981304,0.24942693772916538,0
-1.1647459592685914,0.25017005326649877,0
-1.2988080780153843,0.2509646525186768,0
-1.2687941708332666,0.2523352584438538,0
-1.247984723923373,0.25344635694527046,0
-1.2840014125419144,0.25468922696634066,0
-1.285602251959813,0.25607200832839616,0
-1.294806223724435,0.25766638723642077,0
-1.2824005731240158,0.25923533369381374,0
-1.2607904622513684,0.26083650694437144,0
-1.252386665941898,0.2624745148306337,0
-1.1843551429957644,0.26396802105890227,0
-1.2099671081593573,0.26530890243347904,0
-1.168347725831968,0.2667453859102527,0
-1.1547413235412187,0.268197875517498,0
-1.0911122311212125,0.26953162706080247,0
-1.122326401486054,0.27075190142315636,0
-1.0759049894125643,0.27199399611728386,0
-1.0731038868119414,0.2732263311104792,0
-1.0274826501936,0.27448736830951753,0
-1.01427633563043,0.27589000260489405,0
-1.028682913376324,0.2770641594933683,0
-0.9618521421205164,0.27812842726588366,0
-0.9646532447211392,0.2788847861290521,0
-1.006272627048532,0.27972143328342286,0
-0.9926662247577828,0.2805841784788388,0
-0.9498465792476694,0.2815638598163517,0
-0.9686550990120883,0.28208114931743866,0
-1.020679204794426,0.2826258030275387,0
-1.05189386366687,0.2832965275366337,0
-1.0574965573757176,0.2841725952181297,0
-1.0370871981934,0.2849709791854818,0
-0.9754585444112622,0.2856186293588573,0
-0.9874641072841094,0.2862749723737396,0
-0.9430436223560976,0.28684807124412504,0
-0.9358400892293478,0.28727559553270704,0
-0.8898187648834338,0.28768128227522277,0
-0.8730111722644893,0.2878423691695623,0
-0.85940476997374,0.28802062675757223,0
-0.8694094057011126,0.2877705219396581,0
-0.8722105083017391,0.2875873625692504,0
-0.9122290512112294,0.28757753855782614,0
-0.914229978356704,0.2875163040722286,0
-0.883015807991862,0.28737625734220457,0
-0.8498002219739433,0.28721716961112786,0
-0.85940476997374,0.28690924567737286,0
-0.859804857701316,0.28666162451639854,0
-0.8818150563015357,0.2864483362494264,0
-0.8089815036093047,0.28647170136184186,0
-0.7821687867553856,0.2863218115308346,0
-0.7801678596099111,0.28606381540886217,0
-0.7993769556095044,0.2858092473762724,0
-0.8141836210829779,0.28585558636104447,0
-0.8822151440291116,0.2858997080656687,0
-0.9078271091927044,0.2861421030616358,0
-0.9118289634836536,0.2864624687840937,0
-0.9494464915200934,0.28696439266849605,0
-0.9758586321388382,0.2876487097447711,0
-1.0002698456121084,0.28845002296156064,0
-1.0070732910112823,0.2894076916200785,0
-1.0002698456121084,0.29034084184048164,0
-1.0022707727575828,0.29124624545657274,0
-1.0094743058843292,0.29200725735164024,0
-0.9038252549017556,0.2928575428489671,0
-0.890618940338582,0.2932903140734768,0
-0.8754121871375362,0.2938786479843275,0
-0.8253890085006731,0.29457466981627234,0
-0.8125827816650757,0.2950407627152504,0
-0.822187329664876,0.2955125871465341,0
-0.8169852121912028,0.2958922224270946,0
-0.7881715681918091,0.2962099369696931,0
-0.7885716559193815,0.2966523009802676,0
-0.7961752767737073,0.29702298900154944,0
-0.8297909505191982,0.2975781265292289,0
-0.8205864902469738,0.29816840965500396,0
-0.8065800002286522,0.2987164026102291,0
-0.7897724076097077,0.2992245417607531,0
-0.8281901111012996,0.2996868845664559,0
-0.8085809273741267,0.30055419326833344,0
-0.7925735102103305,0.3014749928445021,0
-0.8053797370459279,0.3022964585888754,0
-0.7249425634993748,0.30322412852681263,0
-0.7085345701004006,0.30388528628441447,0
-0.6661150123178633,0.304835247277788,0
-0.6521085222995417,0.305461349314646,0
-0.6429045505349195,0.3061615421651431,0
-0.6841233566271341,0.3068673729819731,0
-0.6821224294816595,0.30758035646999216,0
-0.6601122308814398,0.3081724273330588,0
-0.706533642954926,0.3086335722096474,0
-0.7473528498271668,0.30930803808769936,0
-0.7613593398454884,0.31007628258303666,0
-0.7549564706814926,0.3106752185247602,0
-0.7453519226816923,0.3112467472220008,0
-0.7965753645012795,0.3118904096413117,0
-0.7893723198821317,0.31240940851194626,0
-0.8241882568103506,0.3128631960309962,0
-0.9038252549017556,0.31380637178828413,0
-0.9106282117933272,0.3147816517105345,0
-0.9086272846478528,0.31554741686999027,0
-0.9526476818482922,0.31638914069233787,0
-0.940642118975445,0.3173269146178766,0
-0.9190324966104032,0.318139817729283,0
-0.9050260065920817,0.3189162623043134,0
-0.8954214585922814,0.3195618583337681,0
-0.8698094934286885,0.32018588469852455,0
-0.7797677718823351,0.320731084341162,0
-0.8029787221728811,0.3210590834022203,0
-0.798976867881932,0.32149567460982814,0
-0.7669620335543397,0.3219229739034042,0
-0.790572583064856,0.32237425071585457,0
-0.8001771310646563,0.32302827130078465,0
-0.7865707287739069,0.32370526540806793,0
-0.7393491412452687,0.3242050068800532,0
-0.7613593398454884,0.32434421917650264,0
-0.721740884663574,0.3246844848700995,0
-0.7417501561183192,0.32478250970583356,0
-0.702531788663977,0.3249883578450668,0
-0.6925271529366044,0.32507296196621077,0
-0.6320992508447965,0.3249775959463669,0
-0.6493074196989153,0.3246281928435353,0
-0.7045327158094515,0.3243093420076104,0
-0.7357473746818957,0.32422303108695,0
-0.7453519226816923,0.3242497444708729,0
-0.7465521858644165,0.3244180344781621,0
-0.7185392058277732,0.32451958107624024,0
-0.8009777950274066,0.32442766395276706,0
-0.7937742619006568,0.32487632719874,0
-0.832992629354999,0.3251411274452139,0
-0.8457983676829943,0.325672869844,0
-0.8361938196831976,0.32629251648456065,0
-0.8193862270642496,0.3267439917409991,0
-0.7849703778636105,0.32720978517466837,0
-0.8245883445379228,0.3275349118338581,0
-0.8241882568103506,0.32798026862130397,0
-0.817785387646351,0.32849910495564316,0
-0.832992629354999,0.3292178149511335,0
-0.8469991193733206,0.3296691329815886,0
-0.9382411041023982,0.3302926281440767,0
-0.9282364683750256,0.33141956647591636,0
-0.9210334237558778,0.3323041170756623,0
-0.9754585444112622,0.33336766940371426,0
-0.9614520543929406,0.3347013559004144,0
-0.955449272956517,0.3356887586919847,0
-0.9374409286472464,0.3366293590237401,0
-0.944643973266394,0.3376205131955208,0
-0.9034251671741794,0.33851531383122657,0
-0.8786133774657349,0.3390330897813317,0
-0.8453982799554184,0.3395105093734434,0
-0.844998192227846,0.339725584077165,0
-0.8305911259743464,0.33990131608351704,0
-0.7925735102103305,0.3398814877455295,0
-0.7941743496282327,0.3397108848643711,0
-0.8029787221728811,0.3396796104277559,0
-0.813783533355402,0.33965377812001796,0
-0.7713639755728611,0.3397263148154929,0
-0.7361474624094716,0.33980470674496205,0
-0.7433509955362178,0.3397100351831405,0
-0.7193398697905236,0.3396359627988198,0
-0.7225410601187222,0.33960828701654505,0
-0.7385484772825184,0.33970764619921284,0
-0.7765660930465343,0.33981288967713885,0
-0.7769666692817123,0.34025422882180484,0
-0.7841697139008601,0.3407578274109678,0
-0.717739030372625,0.34145598530166016,0
-0.6749193848625118,0.34201327539820486,0
-0.6589119676987156,0.3424386977295256,0
-0.6729184577170372,0.3428255493936259,0
-0.7149379277720022,0.3433489500683092,0
-0.7021317009364048,0.34397567603953494,0
-0.6641140851723888,0.3444549768275803,0
-0.6669156762806137,0.344968926195688,0
-0.6465058285906904,0.3453932734803392,0
-0.6693166911536604,0.3459426105766522,0
-0.6541094494450163,0.3467849483339871,0
-0.6637139974448129,0.34743295563363186,0
-0.6397028716991187,0.3479619743887292,0
-0.5708711732978367,0.348662708429135,0
-0.5572647710070873,0.34884330694942556,0
-0.5772740424618326,0.3491610719310071,0
-0.5448591204066678,0.3499074553235083,0
-0.5116435343887493,0.3505391217854471,0
-0.4528164717148399,0.3508485809749788,0
-0.4740260063523093,0.3507965829585976,0
-0.4292054336967179,0.3508189095332264,0
-0.4256036671333448,0.35067332792248535,0
-0.4856314814975805,0.35055526838311185,0
-0.4976370443704276,0.3505251487079977,0
-0.5160454764072743,0.3504780732632272,0
-0.510843358933601,0.35033011288620436,0
-0.5280510392801214,0.35016358054093843,0
-0.5844770870809803,0.3500719974828988,0
-0.5848776633161583,0.3502803979196784,0
-0.5616667130256123,0.3505245643894411,0
-0.6473064925534407,0.35118825088301764,0
-0.6365011928633179,0.3521221236351272,0
-0.5824761599355057,0.3528690120092851,0
-0.621694527389848,0.3531609365770888,0
-0.6761196480452359,0.3536395913525182,0
-0.6677158517357619,0.35431214558732416,0
-0.683723268899558,0.35494186411306544,0
-0.7189397820629512,0.35576634804094953,0
-0.7237418118090485,0.35637263937830754,0
-0.7149379277720022,0.3570048225672851,0
-0.7301446809730481,0.35751159545011246,0
-0.7233417240814726,0.3582280296378407,0
-0.6825225172092318,0.35883174038436466,0
-0.6473064925534407,0.35960964214329866,0
-0.6665151000454357,0.3601106772218897,0
-0.6365011928633179,0.3606009081960096,0
-0.6036861830805772,0.3610585971360671,0
-0.6100890522445768,0.36133712755812747,0
-0.6777204874631345,0.3616685771604734,0
-0.6901261380635576,0.36230694422002147,0
-0.6621131580269143,0.3627637289496519,0
-0.7001307737909302,0.36315701386652344,0
-0.698930510608206,0.36379799486815895,0
-0.7097353217907268,0.3642417374428887,0
-0.7081344823728283,0.3649153654053685,0
-0.744551258718942,0.3656766778477475,0
-0.7357473746818957,0.36694597943490465,0
-0.7133370883540999,0.3681047575377584,0
-0.7417501561183192,0.36920657026586884,0
-0.7133370883540999,0.37001121631268385,0
-0.7101354095183028,0.37068248809285376,0
-0.7437510832637937,0.3717289411264037,0
-0.6921270652090321,0.3727630241433518,0
-0.7149379277720022,0.3736466647581102,0
-0.6833231811719821,0.374394060165537,0
-0.6673157640081859,0.37517950586088217,0
-0.7201400452456754,0.375920474680041,0
-0.7005308615185025,0.3769610213346938,0
-0.683723268899558,0.378139026675237,0
-0.7037325403543033,0.3791546266348794,0
-0.7001307737909302,0.380186866390555,0
-0.6264965571359452,0.381267470856761,0
-0.7113361612086254,0.3819974007288783,0
-0.6853241083174567,0.383186551471943,0
-0.6433046382624917,0.384181744338669,0
-0.6629138219896646,0.3849040795860549,0
-0.6345002657178433,0.38549993450383446,0
-0.6308989876620723,0.3861582470391536,0
-0.6813222540265076,0.3865895384125184,0
-0.7169388549174767,0.3870924340706851,0
-0.694528080082079,0.38779484528366215,0
-0.7125364243913497,0.3883062094021219,0
-0.7633602669909629,0.38884352043177917,0
-0.7585577487372637,0.3894977467331797,0
-0.8105818545196012,0.3903595539339643,0
-0.8289907750640498,0.39128492516327296,0
-0.8349935565004735,0.3923144591371073,0
-0.8558030034103669,0.3933513654334113,0
-0.8281901111012996,0.3944792669505876,0
-0.794574437355805,0.3956328263131312,0
-0.7925735102103305,0.3966791848046606,0
-0.7609592521179162,0.397600285887936,0
-0.7669620335543397,0.3979930986102794,0
-0.7453519226816923,0.3984202027904569,0
-0.7405494044279929,0.39885820338707356,0
-0.7081344823728283,0.39921552837652496,0
-0.6733185454446096,0.39955268488587137,0
-0.6617130702993383,0.39966473224497256,0
-0.6333000025351191,0.39970270465732094,0
-0.5844770870809803,0.3998742170365492,0
-0.5548637561340405,0.39981993801279586,0
-0.5448591204066678,0.3996437579998148,0
-0.5320528935710704,0.3993721643641209,0
-0.5284511270076937,0.3991429179100404,0
-0.5352545724068676,0.39865411702886644,0
-0.5628674647159385,0.39832070454528684,0
-0.5400566021529685,0.3981194773210469,0
-0.5272508638249694,0.3977423431320116,0
-0.4760269334977838,0.39742557777784016,0
-0.4680232249158857,0.39689135304539047,0
-0.4576185014609372,0.3964223154859917,0
-0.5056407529523257,0.3957269578553051,0
-0.4820297149342074,0.3953216480568899,0
-0.4860315692251564,0.394936822950536,0
-0.4668229617331615,0.3940475305087999,0
-0.3859852119514304,0.3932868573028881,0
-0.3599731590602616,0.3920372181399978,0
-0.4031933808055492,0.39062598887482197,0
-0.4680232249158857,0.3893720503933608,0
-0.4536166471699882,0.3883977345761898,0
-0.4324066240249167,0.38719818325233396,0
-0.4748266703150596,0.385863837000461,0
-0.4776277729156824,0.38474430311779684,0
-0.5052406652247498,0.3835278397988699,0
-0.5632675524435109,0.3824508920644915,0
-0.5420575292984431,0.381452798216653,0
-0.5572647710070873,0.3805481769839841,0
-0.5128442860790755,0.3798393811356969,0
-0.4972369566428516,0.37880482730945303,0
-0.3875860513693289,0.37778717741897466,0
-0.4011924536600746,0.3761598099762086,0
-0.3967905116415533,0.3743819184067029,0
-0.4944353655346268,0.37283156584393806,0
-0.4896333357885295,0.37155142876385794,0
-0.4872323209154791,0.37024079770431095,0
-0.4968368689152793,0.3687264065306872,0
-0.4868322331879067,0.36729627976499235,0
-0.5476602230072907,0.36567539499278046,0
-0.5476602230072907,0.36436427709775965,0
-0.5980834893717296,0.36305277466547237,0
-0.5252499366794949,0.3618798885753453,0
-0.5372554995523421,0.36063739668772654,0
-0.4752267580426319,0.35920229495380074,0
-0.5056407529523257,0.3576282069705602,0
-0.5300519664255959,0.3560691361800218,0
-0.5200473306982233,0.3545366654295985,0
-0.5320528935710704,0.3530605167370868,0
-0.5060408406799016,0.3514743112363687,0
-0.5120436221163253,0.3498941985371392,0
-0.5424576170260154,0.34825120494675654,0
-0.564467815626235,0.3467083982549824,0
-0.5424576170260154,0.3453096477825159,0
-0.5652684795889854,0.3436978308015174,0
-0.5268507760973972,0.3422305428152233,0
-0.5032397380792752,0.34037348475526596,0
-0.4123973525701714,0.33850513165316654,0
-0.3919879933878539,0.3359533375280491,0
-0.4444121868977638,0.3334285419100389,0
-0.5128442860790755,0.3311577158150922,0
-0.518446491280321,0.3292153710052629,0
-0.4412109965695651,0.3274277894178936,0
-0.4784279483708307,0.3254201491957712,0
-0.4664223854979835,0.32328667274092104,0
-0.5124437098438975,0.32138195203866915,0
-0.4820297149342074,0.3197092416785994,0
-0.464421458352509,0.3180142464476179,0
-0.441611084297141,0.3160537406986354,0
-0.3835841970783799,0.31412059534848713,0
-0.4560176620430386,0.3118930168005184,0
-0.4304056968794421,0.30987403052832346,0
-0.4196008856969213,0.3077242162890624,0
-0.4208016373872476,0.3056551211096706,0
-0.4047942202234514,0.30349609830955876,0
-0.422401988297544,0.3012718360219705,0
-0.4628211074422125,0.2991314339800062,0
-0.5196472429706473,0.2972380639645592,0
-0.4840306420796819,0.2955898739582294,0
-0.5248498489519227,0.29369222390727145,0
-0.5444585441714899,0.29194267395314516,0
-0.5284511270076937,0.2903553492399351,0
-0.5448591204066678,0.28871518249268535,0
-0.5944817228083529,0.2871757640638537,0
-0.5992842410620522,0.2857223467538493,0
-0.5668693190068876,0.2843575857306533,0
-0.5588656104249895,0.28282774826715257,0
-0.560866537570464,0.28119334886689085,0
-0.5616667130256123,0.2794660316220261,0
-0.564467815626235,0.27781037276062176,0
-0.5264501998622192,0.2760815837447438,0
-0.533653732988969,0.2744288408404797,0
-0.5436583687163417,0.27280400743533806,0
-0.6541094494450163,0.2711476861848454,0
-0.648907331971343,0.26990754502364545,0
-0.656911040553241,0.268545690737308,0
-0.648907331971343,0.2671560323827539,0
-0.648907331971343,0.265804035029971,0
-0.6429045505349195,0.2649342976930344,0
-0.652508610027114,0.2639319435811312,0
-0.5948822990435308,0.26306949764472987,0
-0.5964826499538274,0.26199025186846175,0
-0.6148915704982761,0.26089767025510296,0
-0.6036861830805772,0.25991498896039195,0
-0.6092888767894249,0.2589041389353409,0
-0.6304984114268942,0.25783315572727766,0
-0.6373018568260681,0.25699765147082193,0
-0.6196936002443734,0.25614912236239185,0
-0.6212944396622719,0.25523272308579176,0
-0.6148915704982761,0.25433946618950826,0
-0.6172925853713229,0.2533130046883467,0
-0.6140909065355258,0.2523138515437551,0
-0.6292981482441701,0.2511110677333471,0
-0.6220946151174239,0.2503825176412318,0
-0.5936815473532047,0.24942241819183553,0
-0.7113361612086254,0.24846239582561558,0
-0.7049332920446295,0.24768841614681808,0
-0.7073343069176764,0.2470658915372946,0
-0.7249425634993748,0.24629666372604705,0
-0.740949980663171,0.2454629797989232,0
-0.7401493167004206,0.24458191157630882,0
-0.7473528498271668,0.24372294218974744,0
-0.7833695384457082,0.2429631476808098,0
-0.798576291646754,0.2423705818615665,0
-0.8185855631014992,0.2419306274530185,0
-0.8045790730831777,0.241586969238495,0
-0.8506003974290915,0.24111133503041687,0
-0.8033788099004534,0.24086716516116904,0
-0.7805679473374834,0.24040650317201653,0
-0.7925735102103305,0.2399003737347165,0
-0.7773667570092846,0.23941054952195212,0
-0.794574437355805,0.23888426975993338,0
-0.8385948345562445,0.23853323281172675,0
-0.8297909505191982,0.23822681870667667,0
-0.8514010613918419,0.23802877393757788,0
-0.8574038428282654,0.2379966280756803,0
-0.9070269337375562,0.2379987052065191,0
-0.9046254303569036,0.23823297177954422,0
-0.9202327597931276,0.23841087269020736,0
-0.8918196920289083,0.23868545223591336,0
-0.913829890629128,0.23881840410417118,0
-0.914229978356704,0.2390781335487829,0
-0.8842160711745861,0.23914671865370662,0
-0.9086272846478528,0.23933993967828893,0
-0.9194325843379756,0.23965835894445617,0
-0.9246347018116488,0.24003075966858498,0
-0.9150306423194544,0.24057247063823758,0
-0.9382411041023982,0.2409155280727261,0
-0.967454835829364,0.24155054888364505,0
-0.9530482580834702,0.2422104495256143,0
-0.9754585444112622,0.24288944497136117,0
-0.9714566901203132,0.24378091975554345,0
-0.959451127247466,0.24467322131580418,0
-0.9622522298480924,0.24553840318679343,0
-0.9654539086838896,0.24654949694923906,0
-1.04469033054012,0.24747033754865666,0
-1.0378873736485483,0.2486448070354194,0
-1.0999161151582584,0.24977383706273268,0
-1.1051187211395337,0.2512063089965323,0
-1.1039179694492076,0.25259182390233487,0
-1.0626986748493907,0.25410932978373396,0
-1.039488213066447,0.25535394993493743,0
-1.024681059085375,0.25662141606128797,0
-1.0618984993942426,0.257885291845386,0
-0.9846625161758844,0.2591932692827459,0
-0.9738577049933635,0.2601820127420387,0
-0.9802605741573632,0.26113179569563083,0
-0.9918660493026344,0.2621819687219247,0
-1.019078853884129,0.26313295050225005,0
-1.0086736419215787,0.26451834941229724,0
-1.0390881253388746,0.2658418469565248,0
-1.030283752794226,0.26729336970584255,0
-1.018278189921379,0.268811128085497,0
-1.035486358775498,0.2704170562395266,0
-1.0378873736485483,0.27201896361915806,0
-1.0282828256487515,0.27366517788831213,0
-0.991065873847486,0.27529026709540394,0
-1.001870685030007,0.27667401498184424,0
-1.0298836650666503,0.27813509076844695,0
-1.0110751453022313,0.27973562165924865,0
-1.0226801319399004,0.2811582295614404,0
-1.0010705095748589,0.282677635049487,0
-0.9850630924110624,0.2841165062835122,0
-1.025081635320553,0.28557102776430077,0
-1.0126754962125275,0.2872420988932653,0
-1.009874393611905,0.2891577723233993,0
-1.033885519357599,0.2910358452983882,0
-1.0807070191586616,0.29276510373891756,0
-1.043890155084972,0.2947729007331416,0
-1.0614984116666666,0.2966220715784947,0
-1.0002698456121084,0.29856073016652857,0
-1.016677350503477,0.300236728159458,0
-1.021079781029604,0.30182872740699623,0
-1.0050723638658077,0.30325631083745264,0
-1.072303222849191,0.3044686158292082,0
-1.0610983239390943,0.3058941194869403,0
-1.0526940391220183,0.3073126919000538,0
-0.9158308177746024,0.30861478079077265,0
-0.9374409286472464,0.3096885608612946,0
-0.9042253426293314,0.31069373520402666,0
-0.9006235760659547,0.31163258487185663,0
-0.9150306423194544,0.3127991760168362,0
-0.9038252549017556,0.3138347582220791,0
-0.9086272846478528,0.31478054843127523,0
-0.9250352780468268,0.3158959924671458,0
-0.8762123625926881,0.317097965021996,0
-0.8986226489204802,0.3181259963868675,0
-0.8934205314468069,0.31928887435809616,0
-0.8798141291560612,0.32048503444909937,0
-0.9118289634836536,0.3217195092091113,0
-0.9194325843379756,0.3230669069683962,0
-0.9606513904301904,0.32425010649051333,0
-0.8658076391377395,0.32538990220581876,0
-0.8862169983200606,0.3261805785980865,0
-0.890618940338582,0.3271067863668997,0
-0.9146300660842764,0.32801345449089553,0
-0.9050260065920817,0.32903155787406274,0
-0.9182318326476532,0.33001374106774783,0
-0.9842624284483122,0.3310143617093565,0
-1.0046717876306297,0.33231665539698024,0
-1.013076072447706,0.3338607832345364,0
-0.9782596470118886,0.335394147551272,0
-0.9586504632847156,0.3365534772885848,0
-0.9266356289571234,0.33777745570228457,0
-0.9174316571925012,0.3387841029677008,0
-0.9338391620838732,0.33953410436930453,0
-0.9066263575023782,0.34036546610867857,0
-0.9258354535019752,0.3410988018526022,0
-0.929037132337776,0.3418834695077505,0
-0.9650538209563172,0.3426720330525951,0
-0.9242346140840766,0.34364893029432314,0
-0.913429802901552,0.3444867165387158,0
-0.929037132337776,0.34534989378108044,0
-0.8742114354472136,0.34624944258997753,0
-0.8453982799554184,0.34686785765379463,0
-0.8574038428282654,0.34751584603590513,0
-0.8225874173924483,0.348006069515605,0
-0.8349935565004735,0.3485494974696348,0
-0.8421966011196212,0.34920194458777354,0
-0.8321919653922486,0.34983150408954894,0
-0.8389954107914225,0.35038621454802,0
-0.8618057848467905,0.3510081523176085,0
-0.8201864025194014,0.3517381484062347,0
-0.8129833579002537,0.3525689929769388,0
-0.8013778827549789,0.35327279772639436,0
-0.7553565584090649,0.353923160535119,0
-0.794574437355805,0.35419253512070126,0
-0.7397492289728447,0.35457087767150425,0
-0.7329462720812728,0.35473193576221307,0
-0.7005308615185025,0.3547510651186814,0
-0.6901261380635576,0.35471446776151017,0
-0.6965290072275535,0.35483930419341453,0
-0.6857241960450327,0.35491825971849333,0
-0.6425039742997414,0.35478622657172215,0
-0.6789212391534608,0.35473372088715954,0
-0.6625132457544867,0.35474887170365066,0
-0.6769203120079863,0.3550567408655655,0
-0.652508610027114,0.3555826134132882,0
-0.6709175305715627,0.3560437525408995,0
-0.6613129825717624,0.35665861870482607,0
-0.6533092739898643,0.35738796346163626,0
-0.6649147491351391,0.35809973272582146,0
-0.6433046382624917,0.3586394565657055,0
-0.6457056531355422,0.3591555112913474,0
-0.6845234443547064,0.3597053772543868,0
-0.679721414608609,0.360621837521668,0
-0.6773203997355586,0.3614354128006594,0
-0.6933278168993547,0.3622833800178595,0
-0.6200936879719494,0.3632409212148976,0
-0.6000844165172041,0.36394255847530793,0
-0.5768739547342602,0.3652163182409609,0
-0.5700705093350863,0.3664985641392151,0
-0.5308526303883462,0.36792789027410644,0
-0.5420575292984431,0.3693357680513027,0
-0.552462252753388,0.37057446892781676,0
-0.552862828988566,0.3719349919021198,0
-0.5716713487529849,0.3733934237450408,0
-0.5720714364805608,0.37462258239814883,0
-0.5548637561340405,0.37594166062168266,0
-0.5816759844803575,0.3775756999006897,0
-0.5728721004433112,0.3789291874105801,0
-0.5664687427717096,0.3800927193410263,0
-0.5704705970626587,0.38143173722038054,0
-0.5372554995523421,0.3829051858044184,0
-0.4492147051514631,0.3841871104234689,0
-0.4364084783158657,0.3851461688114327,0
-0.5156453886796983,0.38603603887171356,0
-0.4928350146243303,0.3873486090798093,0
-0.5060408406799016,0.38877139383762455,0
-0.5092425195156988,0.3901241627867677,0
-0.5388563389702443,0.3916315322418632,0
-0.5584650341898115,0.39315737332158285,0
-0.6240955422628984,0.3947573672481853,0
-0.6705169543363847,0.3965654409608855,0
-0.6817223417540835,0.3984820608655944,0
-0.6701168666088124,0.4005349547254832,0
-0.6745188086273337,0.402625309666995,0
-0.621694527389848,0.4046547294350449,0
-0.6545095371725885,0.40673203596710295,0
-0.6244956299904707,0.40877773676543533,0
-0.579675057334883,0.41612143092456777,0
-0.6361011051357456,0.4238376767108482,0
-0.602485431390251,0.4266408176857104,0
-0.6084882128266745,0.42912519535814636,0
-0.5896796930622556,0.431631762549983,0
-0.6076880373715263,0.43415448302038406,0
-0.5852777510437306,0.436819049818168,0
-0.5632675524435109,0.43926257115486145,0
-0.5220482578436978,0.44174329652725247,0
-0.552462252753388,0.4437454143400833,0
-0.5700705093350863,0.4463864797156922,0
-0.6505076828816395,0.448981459848229,0
-0.6377019445536442,0.45189418041520363,0
-0.6561103765904908,0.4549211689411595,0
-0.6497075074264912,0.45831540240869206,0
-0.6501075951540671,0.46153147094607483,0
-0.6537093617174403,0.46459406449402274,0
-0.6481066680085926,0.46726467899992635,0
-0.6212944396622719,0.4702300000761036,0
-0.5956824744986792,0.4729588881737084,0
-0.5732721881708834,0.4756087947641528,0
-0.6553102011353389,0.47831591314808203,0
-0.6473064925534407,0.48130512591946667,0
-0.6625132457544867,0.4836180894797314,0
-0.7193398697905236,0.48689046164027583,0
-0.7209407092084257,0.4909184053337933,0
-0.7221409723911499,0.4955115904043197,0
-0.7157381032271505,0.49888877020062017,0
-0.7325456958460949,0.5028740185933173,0
-0.7077343946452523,0.5066696170489595,0
-0.706533642954926,0.5099808508407964,0
-0.6701168666088124,0.5136994203046776,0
-0.6953287440448293,0.5164305277102595,0
-0.6785206629182828,0.5200609245903786,0
-0.6841233566271341,0.5235695328235606,0
-0.7309453449357983,0.5272331806408249,0
-0.6929277291717825,0.5306762051320321,0
-0.6829230934444098,0.5337794112082783,0
-0.67571956031766,0.5374592882330447,0
-0.6921270652090321,0.5412480950866132,0
-0.67571956031766,0.5448769523210958,0
-0.6669156762806137,0.5490247884580527,0
-0.6092888767894249,0.5533495966801724,0
-0.6308989876620723,0.557205384376927,0
-0.6244956299904707,0.5611459769864897,0
-0.6697167788812365,0.564786707685921,0
-0.7117362489362014,0.5682417279340628,0
-0.7053333797722019,0.5721812026776183,0
-0.721740884663574,0.5752800898879086,0
-0.7153380154995744,0.5778015838911192,0
-0.6705169543363847,0.5820330033687536,0
-0.6777204874631345,0.5850634238918176,0
-0.7037325403543033,0.5874194401733086,0
-0.6873250354629312,0.5914403461323365,0
-0.6613129825717624,0.5942247644294381,0
-0.5864780142264548,0.5967800026894889,0
-0.5188470675154991,0.6002380691839746,0
-0.5160454764072743,0.6023411794705806,0
-0.4964362926801013,0.6039427957946137,0
-0.4592193408788357,0.6051493172203837,0
-0.4448127631329418,0.6065041147068021,0
-0.510843358933601,0.6075421623266577,0
-0.5040399135344271,0.6084444020805297,0
-0.4820297149342074,0.6084522924091673,0
-0.4528164717148399,0.6081100106289273,0
-0.4492147051514631,0.6083563029791289,0
-0.4548173988603144,0.6088479635949916,0
-0.4232026522602944,0.6094588891356019,0
-0.4312063608421925,0.6097322080849581,0
-0.2379166031863158,0.6094678620551854,0
-0.2247107771307445,0.6089229382330134,0
-0.1522768236584837,0.6081970514203306,0
-0.1498758087854368,0.6074651604630251,0
-0.1630821233486066,0.6082016251300997,0
-0.1758878616766056,0.6072229343275615,0
-0.1706857442029324,0.6069464435427958,0
-0.2671303349132817,0.6067070723666664,0
-0.1910951033852499,0.606542692493126,0
-0.1386709098753401,0.6065241576364627,0
-0.2227098499852699,0.6059185773850524,0
-0.2215090982949437,0.6061419081747628,0
-0.2195081711494692,0.6067747379622974,0
-0.1690849047850302,0.6067781347449059,0
-0.1922953665679741,0.6065507135887013,0
-0.1698850802401821,0.6066415381642049,0
-0.1638822988037585,0.6070091628067589,0
-0.1726866713484069,0.6058954555464737,0
-0.1242638436218404,0.6064161972690917,0
-0.1050552361298455,0.6063565244386817,0
-0.1090570904207945,0.6057727319531322,0
-0.1082564264580442,0.6057489088219787,0
-0.1290663618755397,0.6052031792298465,0
-0.1182610621854168,0.6048163521694166,0
-0.1538776630763859,0.6048582631293574,0
-0.1354692310395392,0.6046957311429974,0
-0.1310672890210143,0.604747996670828,0
-0.0906486583839515,0.6042815605183364,0
-0.1050552361298455,0.6038578901568901,0
-0.1258646830397426,0.6028143769619058,0
-0.0270190774563392,0.6031689606089449,0
0.0490161540716926,0.6044043625677118,0
0.080230812944133,0.6036592648528137,0
0.2198956253997772,0.6030129036341009,0
0.1814774334005833,0.6031030206785014,0
0.1770754913820619,0.6023754575733602,0
0.2118919168178791,0.6019769731895209,0
0.1994857777098539,0.6009164251314772,0
0.2543114746004163,0.5992877852547543,0
0.2691181400738899,0.5980336159408931,0
0.2407050723096706,0.5980335288704727,0
0.1922827330907062,0.5970342849457584,0
0.2090903257096543,0.5954976423149242,0
0.2090903257096543,0.5944543285580749,0
0.1798770824902867,0.5942059646760747,0
0.2971311201105332,0.5925154061617357,0
0.295930856927809,0.5917931581940169,0
0.3547579196017184,0.5912910723189574,0
0.341952181273723,0.5909449793019618,0
0.2967310323829573,0.590289128436838,0
0.2671172129284154,0.5894834564201477,0
0.3743671033288877,0.5877131239567275,0
0.391975359910586,0.5869669724774884,0
0.2523105474549418,0.5871004686350679,0
0.2154931948736501,0.5863888858052821,0
0.1994857777098539,0.5847407079552069,0
0.1518641024536434,0.5833544307066643,0
0.1682716073450119,0.5816638597098256,0
0.1854792876915323,0.5799953220051409,0
0.1542651173266903,0.5789378502409115,0
0.2030875442732307,0.5779455812161968,0
0.2110912528551288,0.5764571109668344,0
0.2206958008549254,0.5755259220352413,0
0.1842790245088081,0.5739013702659707,0
0.2198956253997772,0.573000446940453,0
0.2855256449652584,0.5715354084192308,0
0.3191413187107529,0.5702033407471574,0
0.2090903257096543,0.5686340701372438,0
0.2206958008549254,0.5666933022718044,0
0.1870801271094345,0.5647905225162786,0
0.0534180960902139,0.5625452450010067,0
0.1186485164357249,0.5583673534108934,0
0.1946837479637567,0.5549747863413454,0
0.2190949614370269,0.5521984480054606,0
0.2154931948736501,0.5498365662819773,0
0.1814774334005833,0.5490730566472983,0
0.1794765062551087,0.5473300786757745,0
0.2150931071460778,0.5438559828887938,0
0.1698724467629142,0.5409676975720433,0
0.1214496190363476,0.5380961654263549,0
0.157466307654889,0.5344826744412834,0
0.1010402598540301,0.531226196953099,0
0.1426596421814191,0.5281385400090965,0
0.1598678110355415,0.5248395699065185,0
0.1434598176365674,0.5227462457484221,0
0.1202493558536234,0.5220883673749789,0
0.1174477647453986,0.5238617829615684,0
0.1502632630357412,0.5218197775536062,0
0.1862799516542826,0.5216537915512063,0
0.1886809665273331,0.5219887996927682,0
0.1506633507633172,0.5224620974882717,0
0.1386577878904701,0.5217147541241698,0
0.1634690890913126,0.518533337367199,0
0.2363031302911457,0.5154738887396456,0
0.2226967280004,0.5134790456485451,0
0.2226967280004,0.5120240751184906,0
0.1138464866896275,0.5110264409032156,0
0.1514635262184654,0.5068953460411347,0
0.0474153146537903,0.5040790503480089,0
0.0358103280161212,0.500893171508422,0
0.0125993777255752,0.4972987457750738,0
-0.0010070245651704,0.49418761241766673,0
0.0374106789264177,0.4902634922127008,0
0.0778297980710862,0.48631850893745054,0
0.0598214537618155,0.4823998603070659,0
0.0742280315077094,0.4762326463498121,0
0.0838325795075097,0.47090593093538596,0
0.0838325795075097,0.46604966417903865,0
0.043013372635269,0.4608928042843148,0
0.043013372635269,0.4569718802628166,0
0.0170013197441002,0.45107651957656053,0
0.0298075465796977,0.4472984413016725,0
0.0041955814161012,0.4405798664371123,0
0.0530180083626416,0.43536234468331886,0
0.0398121823070703,0.4315598894034351,0
0.1034412747270769,0.42748413925995726,0
0.0866336821081325,0.42356753088392585,0
0.0982391572534037,0.41924605775342644,0
0.0270059554714728,0.4147916922659749,0
0.0278066194342231,0.41056435661724067,0
0.0410124454897945,0.4037614915166609,0
0.0682252500712859,0.39686987800102425,0
0.0574199503811629,0.39272010922118356,0
0.093036551272132,0.3842322304461004,0
0.0906355363990816,0.37928934654953633,0
0.089034696981183,0.37407503463424296,0
0.0810309883992849,0.3703685096463057,0
0.1034412747270769,0.36501722838654677,0
0.0894347847087553,0.36055090437726306,0
0.1206494435811994,0.3558324952519769,0
0.1870801271094345,0.35122669499538484,0
0.2278993339816753,0.34669923598329794,0
0.2459076782909459,0.3428838793690648,0
0.2487087808915687,0.3390126656406019,0
0.2687180523463139,0.33486707863763454,0
0.2887273238010592,0.33273393021210884,0
0.387572929384459,0.3299457815950587,0
0.4556044523305927,0.32725592233564926,0
0.4780152271659904,0.3246725152522013,0
0.4203884276748016,0.3219508322607289,0
0.3975775651118315,0.31993875093969837,0
0.4207885154023776,0.317568634846252,0
0.3843717390562602,0.3150315995443368,0
0.360360613310566,0.313437699662434,0
0.3991784045297338,0.31055315394985933,0
0.3867727539293107,0.30806028445790856,0
0.4259911213836529,0.3050944620625032,0
0.4163865733838526,0.30256288504076767,0
0.4119846313653312,0.3001953533398732,0
0.4492015831665968,0.29784846046526425,0
0.4752136360577656,0.29505174968358827,0
0.4980244986207356,0.2935297822150019,0
0.4676100152034398,0.2907603801556984,0
0.4700115185840923,0.2878512059156359,0
0.5248367269670526,0.2859244559122844,0
0.5224357120940022,0.2827306061243967,0
0.4996248495310321,0.28000330873072166,0
0.3923754476381583,0.2774889003786941,0
0.4219892670927038,0.2744850450709788,0
0.4512025103120713,0.2714294244530418,0
0.465209000330393,0.2671227681886668,0
0.4896202138036595,0.26415958660896743,0
0.4532034374575459,0.26173924982023633,0
0.4604069705842921,0.25797254218818333,0
0.4912210532215618,0.25495009809284574,0
0.5216350481312519,0.25128375740669107,0
0.5908673227677119,0.2486911373095943,0
0.6208812299498297,0.24559596777783796,0
0.657298006295947,0.24277470452957498,0
0.7693499264425202,0.24072001992035968,0
0.8806016711339415,0.23816509924375187,0
0.778554386714741,0.23640871870848795,0
0.7509414944056736,0.23367338451663278,0
0.7509414944056736,0.23086529141488424,0
0.4472006560211223,0.22913846230534465,0
0.5600532401304458,0.22498000210008984,0
0.7593452907151476,0.22114598585346096,0
0.7553434364241985,0.2178630847961444,0
0.8565905453882473,0.21486907810721442,0
0.8741988019699456,0.21227137684020525,0
0.8890054674434156,0.20776997941235925,0
0.8273768136612814,0.20410564600369346,0
0.7565441881145212,0.20076807671160185,0
0.5480476772575987,0.19627030591993777,0
0.253510810637666,0.19137174611406624,0
0.1342558458719451,0.18429365586668076,0
0.2903281632189577,0.17781505302360842,0
0.0998399966713059,0.17265738066317304,0
0.1050421141449791,0.16640148202908248,0
0.1266522250176229,0.16156289877291796,0
0.4588061311663935,0.1565533889620915,0
0.8317787556798026,0.15276605632185417,0
0.7201274117684076,0.1494422789160998,0
0.79136012504274,0.14529606386587607,0
0.686511738022913,0.14139830991197214,0
0.6789081171685908,0.1380081871076455,0
0.5244366392394767,0.13501417068078891,0
0.5036267038219812,0.13131828032263246,0
0.6937147826420608,0.12790364703300652,0
0.7257296169696531,0.12475652366268983,0
0.8990101031707881,0.12208086459647095,0
0.8501876762242514,0.11977056142646965,0
0.8525886910972982,0.11730709939094956,0
1.13591968179193,0.11483080849622193,0
1.1703360195001749,0.11233551532705122,0
1.2179576947563853,0.11027189554959423,0
1.0999029931733886,0.10886316549561047,0
1.0726906770994955,0.10697730837190172,0
0.9478325301173248,0.10534874244117913,0
0.9974556210266156,0.10331787465135922,0
0.9038121329168854,0.10148391222555532,0
1.105905774609812,0.09921367903770624,0
1.1243146951542609,0.09732291307789741,0
1.0850963276999186,0.09532452588681176,0
1.0386749156264288,0.09337659528326166,0
1.033072221917581,0.09167716676098331,0
1.0046591541533618,0.09001185973773954,0
0.9278232586625796,0.08844778061221764,0
0.9690425532623964,0.08698821541084026,0
1.0186656441716837,0.08555639550792829,0
1.0086610084443108,0.08419182137018937,0
0.9278232586625796,0.08307236684524706,0
1.0782933708083469,0.08171266932683137,0
1.0306712070445303,0.0802961324277439,0
0.9722442320981972,0.07935550673404358,0
1.0086610084443108,0.07806490869831571,0
1.0466786242083268,0.07672933322067578,0
1.1435233026462557,0.07509350806628844,0
1.204751868700814,0.07389035885026515,0
1.1183119137178372,0.07285534330389777,0
1.1679345161195225,0.07187719141545515,0
1.193546481283119,0.0703915447505386,0
1.0730907648270716,0.06945926872770664,0
1.129516812627934,0.06788099192545284,0
1.010261847862213,0.06698207006874204,0
1.0322720464624329,0.06546484885041795,0
1.04427760933528,0.06414111016574355,0
1.1387212729001548,0.06296859193589893,0
1.1423230394635315,0.061753026933964006,0
1.0918992845914903,0.060583362086018784,0
0.9822488678255696,0.05971541420150536,0
1.066687895663072,0.05805223926230666,0
0.8958084243349873,0.05697130968761105,0
0.9842497949710444,0.055412594751602866,0
1.0498798145365256,0.05434820062887656,0
1.04427760933528,0.05307424821943645,0
1.1191120891729855,0.05241792135602236,0
1.1083072779904646,0.05147245037291335,0
1.0722905893719232,0.05030706032652246,0
1.1095075411731887,0.04912366690666367,0
1.1079067017552866,0.048121040640995115,0
1.090298933681194,0.04667719301186877,0
1.174737961518696,0.04606352379517179,0
1.2179576947563853,0.045104658354277086,0
1.279586348538523,0.04454093567350772,0
1.2543749596101046,0.04400426876215466,0
1.239567805629033,0.043247696322295144,0
1.2811871879564216,0.042335645950123985,0
1.290391648228646,0.04192279714893284,0
1.363225200920877,0.04139958255659875,0
1.2839882905570446,0.0411957792689841,0
1.3272085123023356,0.040324215702141473,0
1.3452168566116065,0.04043510005018717,0
1.4080457735764649,0.040326589639006705,0
1.4532669224672303,0.039986244811791846,0
1.3880365021217196,0.04055699414357238,0
1.3840346478307706,0.04095044207731099,0
1.43525857815796,0.040362450613262164,0
1.4336577387400613,0.040323072283158824,0
1.4368594175758584,0.03998455648542267,0
1.386035574976245,0.04003982264128346,0
1.424453766975439,0.03985789895833455,0
1.4548677618851291,0.03972008446595064,0
1.5609169005952788,0.03979638161958724,0
1.647756943305835,0.03974487682241828,0
1.747803300579561,0.0398384733717335,0
1.7806187988699038,0.03988515841481073,0
1.9154810930718449,0.04002774608937369,0
1.9703063014548048,0.04072924202842181,0
2.0055228146181983,0.04082332952208646,0
1.9607022419626103,0.0413534676135485,0
2.042740254927066,0.04196529719989124,0
2.0555459932550613,0.04240022020949817,0
2.196411068893426,0.04291915603917117,0
2.316066609894325,0.043612476341764746,0
2.3977045351312043,0.04451459420509642,0
2.232027669784395,0.04536967746913232,0
2.2892543815480044,0.045980866070752004,0
1.9218839622358443,0.046905821823204484,0
1.931088422508065,0.046764774737755144,0
2.0183285529461936,0.04669290874550747,0
1.9394922188175392,0.047034699763036585,0
2.131581224783093,0.04721082910302103,0
2.1892080242742784,0.047868394187325386,0
2.026332261528092,0.048912169459128865,0
1.926686480489544,0.04962809358409283,0
1.9298876708177424,0.04967446930490021,0
1.9022747785086715,0.05017327650079945,0
1.8386456860886649,0.05049922461051804,0
1.954298884291009,0.051238892898778005,0
1.877863565035405,0.05151883087213703,0
2.049943299546214,0.051875210751493935,0
2.0619488624190607,0.05232711168707494,0
2.064349877292108,0.05296242220079045,0
1.9290874953625905,0.053714186995679127,0
1.9018746907810995,0.054098899776667646,0
1.8870680253076255,0.05483030954992601,0
1.923484801653743,0.05525597479815738,0
1.9703063014548048,0.055422855473747236,0
2.008323917218821,0.05657058765211095,0
1.94269389765334,0.05723084881173536,0
2.0039219752003,0.05831480840085738,0
2.0167282020358974,0.059467032540063455,0
2.0323350429645157,0.0604183210310658,0
1.9514977816903865,0.061294559025266704,0
1.999920120909351,0.061725876262313246,0
1.796225639798522,0.0625079552310657,0
1.785820916343577,0.0634134382012497,0
1.6309493506868868,0.06398856377345147,0
1.6645650244323815,0.06460039836627235,0
1.6221449781422386,0.06537956882587885,0
1.6825733687416522,0.06568688736968605,0
1.7686132359970566,0.06639306984668243,0
1.7414004314155616,0.06695065499527358,0
1.8250392837979157,0.06752685311551147,0
1.7922237855075729,0.06888355552152191,0
1.841446788689288,0.0700223195705504,0
1.7958255520709496,0.07142260412952023,0
1.725793101979341,0.07273225837779772,0
1.7458023734340866,0.07383911552933688,0
1.869459768725931,0.07517084259476584,0
1.881465331598778,0.07698438965143062,0
1.7454022857065106,0.07881142091216008,0
1.7966262160337,0.0802571089966979,0
1.80422934838042,0.08156638504470796,0
1.7946252888882253,0.08299456196625907,0
1.8170355752160172,0.08443223758464231,0
1.8330429923798133,0.08595698823903733,0
1.889869127908252,0.08776927278373212,0
1.7958255520709496,0.08907351561619427,0
1.7994273186343226,0.09039997162258953,0
1.8022284212349453,0.09144484067532159,0
1.8266401232158176,0.09296141392073524,0
1.696179282524796,0.09429466542518444,0
1.6537597247422586,0.09528622337138515,0
1.7009818007784951,0.09706042396313035,0
1.7530059065608328,0.09819720993094701,0
1.8254393715254915,0.09964606050012906,0
1.7698134991797807,0.10174306552352347,0
1.9727078048354576,0.10308826747971431,0
1.992717076290203,0.10487573679182768,0
1.604136633832968,0.10695721031925344,0
1.6929780921965971,0.10801883586185464,0
1.6341505410150856,0.10937971382315397,0
1.681772704778902,0.11023904402866427,0
1.7341968982888116,0.11136163724431238,0
1.7406002559604132,0.11277156112147256,0
1.7293948685427143,0.11374976031750957,0
1.685374471342275,0.1154075927069588,0
1.635751380432988,0.11661953738074349,0
1.681772704778902,0.1167515386810309,0
1.5425084685584356,0.11788111241819225,0
1.4104472769571172,0.11842655691711702,0
1.4140485550128885,0.11817329117545416,0
1.3188047159928615,0.1188151792398835,0
1.293992926284417,0.1183850354118254,0
1.447664228758383,0.11857072574878387,0
1.4940856408318692,0.11894162849210878,0
1.5385066142674866,0.11924459153803256,0
1.5349048477041098,0.12020942720499193,0
1.6385529715412128,0.1202889568719568,0
1.6745696601597542,0.12075390129738096,0
1.5297022417228383,0.12154122786855112,0
1.5257003874318893,0.12149225775209675,0
1.5505121771403338,0.12216120196379815,0
1.5060912037047165,0.12221747248840731,0
1.6005353557771969,0.12233588777076454,0
1.6157421089782429,0.12260836806390964,0
1.7401996797252353,0.12262228784555804,0
1.7341968982888116,0.12315886899837523,0
1.708184845397643,0.12348829496900472,0
1.6577615790332076,0.1234840697903431,0
1.6901765010883725,0.12363385753478848,0
1.7109864365058678,0.12344160591817795,0
1.700181136815745,0.12370112328723133,0
1.7101857725431175,0.12344555396410226,0
1.7554069214338832,0.12376163941332888,0
1.7638107177433573,0.12408513564306392,0
1.9703063014548048,0.12342097671982928,0
2.0023211357823976,0.12367583162611574,0
1.819036502361492,0.12392601379608555,0
1.8406466132341397,0.12398618839401437,0
1.5277013145773637,0.12405921192132202,0
1.589730056087074,0.12343909151553425,0
1.5629178277407532,0.12297130989617489,0
1.60573747325087,0.12256324070979022,0
1.5925316471952988,0.12196856631154426,0
1.5084927070853689,0.12161270694304029,0
1.5493114254500076,0.12107434293744392,0
1.6549604764325812,0.12103753592723009,0
1.6525594615595345,0.12113919761310041,0
1.6141412695603403,0.12095493829624886,0
1.6109400792321418,0.12081108461425537,0
1.5941319981055952,0.12159612454298477,0
1.5709215363226512,0.1220056229342625,0
1.542908556286008,0.12295447857939047,0
1.5805260843224516,0.12306587587562569,0
1.6345511172502636,0.12367358706439821,0
1.5132947368314662,0.1242701723572818,0
1.520097693723038,0.12487445499311181,0
1.3468176960295049,0.1255858232134315,0
1.4348584904303838,0.12599745626235043,0
1.5188974305403138,0.12657023483672156,0
1.5325038328310632,0.12699955434746021,0
1.5537133674685326,0.12760029668437636,0
1.4908844505036705,0.12809072148689893,0
1.477678135940501,0.12835470701972274,0
1.3800327935398216,0.12874365745165178,0
1.275584494247574,0.12882001627502737,0
1.2847889545197948,0.1289406705236726,0
1.2943935025195952,0.12873942119040815,0
1.4180504093038373,0.12859607057539138,0
1.4088464375392151,0.12859741040638326,0
1.3768316032116228,0.1281289251676261,0
1.2887908088107438,0.12851704025568747,0
1.103504759736765,0.12830177934235237,0
1.0810944734089696,0.1274503963909383,0
1.1235140311915104,0.12632632680506195,0
1.052281317917178,0.1254414786850736,0
0.9918529273177644,0.12508473878589346,0
0.983049043280718,0.12406053211617771,0
0.9018112057714108,0.12292908408337223,0
1.057483435390851,0.12186673705735789,0
1.0770926191180206,0.12091015458197554,0
1.0802942979538213,0.1199317129731442,0
1.0690889105361223,0.11875206766200878,0
1.1067064385725625,0.11812176018533635,0
1.113509395464138,0.11786258543105363,0
1.098302642263092,0.11732439106574491,0
1.1199122646281336,0.11709687938533883,0
1.1567296172094257,0.11691926291401479,0
1.1423230394635315,0.11699846538839254,0
1.089898357446016,0.11659135723662398,0
1.1227138557363583,0.11578145336428607,0
1.0906990214087662,0.115545819960227,0
1.1199122646281336,0.11493619920519663,0
1.0394750910815806,0.1146395540341097,0
0.9266229954798556,0.1138740722433181,0
1.0462785364807543,0.11275951803300689,0
1.0971018905727656,0.11199960701737387,0
1.0991028177182405,0.11116705379461811,0
1.1571297049370013,0.11060293455432026,0
1.1515270112281537,0.11026460936712769,0
1.2183582709915632,0.10960544902148489,0
1.1643332380637512,0.10928483068220235,0
1.1159104103371846,0.10856489467843801,0
1.1759382247014205,0.10789294818424769,0
1.1307175643182563,0.10740523935400714,0
1.2527741201922025,0.10699396163185769,0
1.3071992408475903,0.10675659087506942,0
1.2687815373559983,0.1067964465640258,0
1.3003962839560186,0.10663099180047839,0
1.3604240983202542,0.10632567574642882,0
1.3160031248846369,0.10612410633298024,0
1.2991955322656925,0.10597269577276146,0
1.3079994163027386,0.10568307852015658,0
1.3031973865566415,0.10593565886855787,0
1.2839882905570446,0.10619713586239324,0
1.263578931374727,0.10654168368313262,0
1.2603777410465282,0.10624031672498209,0
1.3568223317568775,0.10586353053637719,0
1.2943935025195952,0.10631840331885625,0
1.3276086000299117,0.10700979224382841,0
1.4532669224672303,0.10751795718135229,0
1.5156957517045166,0.107987549340682,0
1.5413077168681095,0.10854497075452392,0
1.5349048477041098,0.10928322677531947,0
1.4816799902314497,0.11004380427007371,0
1.4864825084851492,0.11049540138862256,0
1.542908556286008,0.11122404001658129,0
1.6613633455965806,0.11222908928731182,0
1.662564097286907,0.11303195280558126,0
1.716589130214719,0.1139906293288623,0
1.7185900573601935,0.11472549270588744,0
1.6981802096702705,0.1159166008997698,0
1.7297949562702903,0.11697786640031381,0
1.7838199891981024,0.11781694862209109,0
1.7966262160337,0.11898329266664895,0
1.7742154411983022,0.12043786220496401,0
1.8014282457797972,0.12160350945640871,0
1.803029085197696,0.12235294548472142,0
1.8214375172345425,0.12321531609861497,0
1.6761700110700506,0.12490735769667793,0
1.750604891687786,0.12590085007276047,0
1.7786178717244292,0.12689617705883716,0
1.7602089511799806,0.12788216024652937,0
1.7642108054709296,0.12890952394209884,0
1.7682126597618786,0.12994000385089555,0
1.7009818007784951,0.1304609761630891,0
1.647356855578259,0.13153437058242737,0
1.6093392398142432,0.1326515562116103,0
1.6293485112689885,0.1328287348436228,0
1.286389793937697,0.13335712576652886,0
1.2627787559195751,0.13257881249455714,0
1.3184046282652893,0.1320764374932559,0
1.2963944296650696,0.13128986380143287,0
1.320405555410764,0.13038035010666488,0
1.2935928385568447,0.12970331134202182,0
1.2975946928477935,0.12891834268654856,0
1.309600255720641,0.12791260156065284,0
1.2423693967372575,0.1269428768447011,0
1.27438423106485,0.1257720909904799,0
1.2947935902471674,0.12490792394951028,0
1.321605818593488,0.12471198930175596,0
1.3652261280663516,0.124559243617571,0
1.397240962393944,0.12470221092920875,0
1.3896373415396217,0.12480722334015462,0
1.4312567238670109,0.1247266398761719,0
1.4132483795577402,0.12482263660499454,0
1.4288557089939602,0.125230370338138,0
1.4884834356306236,0.12588175192745138,0
1.504890940521992,0.12614809801571383,0
1.4492650681762815,0.1267445660038654,0
1.4260541178857356,0.12686182123983805,0
1.4348584904303838,0.1271089290463668,0
1.4028436561027915,0.12729173274072828,0
1.4112474524122656,0.12741985546893314,0
1.396840874666368,0.1278054849139532,0
1.386035574976245,0.12835250690896213,0
1.389237253812046,0.12881019454611028,0
1.389237253812046,0.12895225235409274,0
1.516095839432089,0.12901101235723078,0
1.441661447321959,0.12960437241122086,0
1.463671645922179,0.12998397267139547,0
1.431656811594587,0.13023076437142456,0
1.4332576510124853,0.13034273019065876,0
1.4116475401398416,0.13009886046358551,0
1.2311640093195586,0.12956710559898735,0
1.0846962399723428,0.1293335155063179,0
1.1063063508449902,0.12873362439812822,0
1.1927463058279668,0.1278572512870347,0
1.1871436121191192,0.12743658859156284,0
1.2919919991389426,0.12702558165596256,0
1.3388139874476068,0.12649905729087832,0
1.3312103665932846,0.12638249471012103,0
1.317603964302539,0.12625461295191573,0
1.3120012705936877,0.12607531794696067,0
1.3152029494294886,0.12592311533672138,0
1.4040439192855156,0.12570271230138058,0
1.413648467285316,0.12520153119189187,0
1.34401610492128,0.1250774907871585,0
1.3600235220850765,0.12500905666083123,0
1.4576688644857554,0.12443035831487188,0
1.4272548695760616,0.12374344116685072,0
1.451265995321756,0.1235865669712725,0
1.443662374467434,0.12354837155858475,0
1.4260541178857356,0.12296962682718789,0
1.5148955762493648,0.12280478979524778,0
1.3748306760661482,0.12288266938261076,0
1.3540207406486526,0.12264639165484825,0
1.3808334575025718,0.1228517615547077,0
1.3496187986301311,0.12254266839667942,0
1.359223346629928,0.1222568939926732,0
1.4100467007219393,0.12207376142860281,0
1.3608241860478263,0.12235740988175062,0
1.209553898446915,0.12237319969431001,0
1.1887444515370178,0.12142116503849454,0
1.2383675424463083,0.12083017363314714,0
1.2951936779747433,0.12000649045496126,0
1.2979947805753662,0.11930136483513788,0
1.181941006137844,0.11882701484337113,0
1.189944714719742,0.11783165614632657,0
1.1911454664100682,0.11659226859176307,0
1.1343193308816333,0.11540194627259365,0
1.0770926191180206,0.11377265748929019,0
1.2123554895551396,0.11193303096998354,0
1.2191584464467116,0.11072008388550593,0
1.2559753105204012,0.10944122163383152,0
1.22956316990166,0.10809999798890599,0
1.2331649364650332,0.10684014765670108,0
1.2227602130100843,0.1054619344002624,0
1.2163573438460888,0.10358055138226509,0
1.209553898446915,0.10220013273147846,0
1.2243610524279869,0.10050242946768276,0
1.3660263035215,0.09858985535500613,0
1.378031866394347,0.09652250765653347,0
1.2599771648113502,0.09480288069936821,0
1.2503731053191556,0.09286152716482396,0
1.269981800538723,0.09118896123414906,0
1.3276086000299117,0.0898684917867078,0
1.3160031248846369,0.08850059447956118,0
1.3732298366482496,0.0870381943028511,0
1.4152493067032146,0.08602554622344952,0
1.3620244492305509,0.08502801614556353,0
1.3828343846480464,0.08372021596814182,0
1.39764105012152,0.08247471785493786,0
1.3232066580113866,0.08150536155582186,0
1.371628997230351,0.0802494923013571,0
1.3460170320667546,0.07874654265257287,0
1.2455705870654563,0.07762298308042498,0
1.363225200920877,0.07644645175208951,0
1.4568686890306035,0.07536080270294394,0
1.5008890862310431,0.07450303338977508,0
1.51209398514114,0.07348712798633865,0
1.5817263475051755,0.07288974835735942,0
1.6441551767424585,0.07229436309347173,0
1.6629641850144792,0.0717283945796889,0
1.655760651887733,0.07170732388765402,0
1.60573747325087,0.07114528396486625,0
1.670167229633627,0.0708043330069433,0
1.635351292705412,0.06993524624661752,0
1.59613292525107,0.06925728089418749,0
1.4152493067032146,0.06854215152647376,0
1.3252075851568612,0.0671354917721968,0
1.3276086000299117,0.06618334562701175,0
1.332411118283611,0.06498284763768422,0
1.320405555410764,0.06383390855671449,0
1.285589129974947,0.06283012861212726,0
1.317603964302539,0.061952969219489014,0
1.233965111920181,0.06137545329879085,0
1.3192048037204376,0.06059725402651476,0
1.301196459411167,0.05988492429738445,0
1.321605818593488,0.05916669257212593,0
1.3248074974292852,0.05848769001159182,0
1.2895909842658957,0.058040515131935776,0
1.3228065702838108,0.057434183294028406,0
1.33641297257456,0.0569314263377742,0
1.2727833916469478,0.05633956528177482,0
1.2415687327745073,0.05567584037880161,0
1.3776317786667749,0.05527450514108221,0
1.4064454226661682,0.05483129662016048,0
1.3660263035215,0.05477385813163876,0
1.3428158417385558,0.0546505538557591,0
1.39764105012152,0.05456555117581431,0
1.436058753613108,0.05459794052812795,0
1.4236531030126889,0.054566018734105014,0
1.432056899322159,0.05422694738753726,0
1.4116475401398416,0.054205130241265206,0
1.4420615350495316,0.05396942067930873,0
1.501289173958619,0.05378228777100295,0
1.3888371660844698,0.05360625640206547,0
1.447264141030807,0.0531496702505547,0
1.4896836988133475,0.052914169083967434,0
1.3460170320667546,0.05287441716756683,0
1.3792326180846732,0.05264304246050701,0
1.3848353117935208,0.05216906690848841,0
1.4656725730676536,0.05191348329404664,0
1.5000884222682926,0.05204716141799514,0
1.4760772965225986,0.051951445620498374,0
1.4572687767581796,0.05175278333862763,0
1.4404611841392352,0.0516382100056753,0
1.563718003195905,0.05139531458345782,0
1.5613169883228546,0.051584920418176944,0
1.5184973428127415,0.05161976217792224,0
1.558115309487054,0.05195146384217479,0
1.6021357066874933,0.05167113018187919,0
1.5108937219584158,0.0514583884898768,0
1.3644259526112033,0.0516538956349412,0
1.3308102788657088,0.051369061405537424,0
1.3712289095027752,0.05105998375304007,0
1.3924389326478466,0.051079191606556676,0
1.42805504503121,0.050704844749527134,0
1.4032437438303675,0.050663518856428856,0
1.417650321576265,0.050664765011294015,0
1.4736762816495517,0.05065634182574502,0
1.497687407395246,0.050665958771427,0
1.532103256595885,0.05095193591029293,0
1.5361051108868342,0.051756065453677856,0
1.5545140314312829,0.05214353410155807,0
1.6633642727420552,0.05264708489187656,0
1.6105399915045695,0.053425708064197296,0
1.6721681567791016,0.05433878798204564,0
1.7942247126530473,0.05550902871398716,0
1.785820916343577,0.05662258305804858,0
1.8158348235256947,0.0578480471760224,0
1.8282404741261145,0.05927233258815643,0
1.8918700550537264,0.06034519746654484,0
1.7373985771246123,0.06188883434418271,0
1.789022595179374,0.06279757986310013,0
1.9611023296901828,0.06433578931999336,0
1.8750624624347785,0.066113554442777,0
1.9290874953625905,0.06742848245198059,0
2.0519442266916883,0.06926146527412055,0
2.1671978256740587,0.07085716130310582,0
2.3520832985128663,0.0724770212191333,0
2.135182991346466,0.07464157085077724,0
2.184005418293007,0.07621739774021881,0
2.122376764510869,0.07810437823112698,0
2.0299340280914686,0.07978351214515728,0
1.905476457344472,0.08130299453883451,0
1.823438444380017,0.08199449484631702,0
1.9599015779998603,0.08293571275518784,0
1.904275705654146,0.08418275965518628,0
1.9058765450720483,0.08529546189506748,0
1.874261798472028,0.0865091464956124,0
1.9378913793996408,0.08750751228500694,0
2.037937736673366,0.08870178149066198,0
2.006723566308525,0.09029962554647114,0
1.949896942272488,0.09162105750877358,0
1.8394458615438127,0.09339576090043619,0
1.9254857287992173,0.09486486483791744,0
1.988314645764076,0.09616368567851058,0
1.8678589293080323,0.0976822481542064,0
1.908277559945095,0.0989120816017868,0
1.8830661710166765,0.10033290678393658,0
1.8650578267074056,0.10176756658374349,0
1.926686480489544,0.10346528996644203,0
1.9579006508543857,0.10545006367232208,0
1.9687059505445088,0.10772987881793658,0
2.079957206728332,0.10949376131491546,0
2.115573807619297,0.11178521763443898,0
2.0751551769822307,0.1140395018812262,0
2.12317742847362,0.11629258366928737,0
2.014326698655245,0.1187839279206712,0
2.000720784872101,0.1212467235264528,0
1.9711069654175557,0.12314670334098328,0
1.9154810930718449,0.12560014601310873,0
1.7642108054709296,0.12832791206655275,0
1.797026303761272,0.13049047220477686,0
1.734997562251562,0.13277979913032303,0
1.746202461161659,0.13487996187380416,0
1.828641050361292,0.1374032522448625,0
1.6385529715412128,0.14003042903006568,0
1.666565951577856,0.14258687846211127,0
1.6593624184511062,0.1450551114304852,0
1.6873753984877495,0.14791432405562094,0
1.716188553979541,0.15026863001463148,0
1.6197439632691917,0.15255054271557986,0
1.550912264867906,0.15456146528537826,0
1.601735618959921,0.1564677702879088,0
1.4864825084851492,0.15791206914072564,0
1.4208520004120622,0.15933835189821505,0
1.4452632138853323,0.16005959635304645,0
1.4640717336497513,0.16168325020891458,0
1.4548677618851291,0.16331535729018018,0
1.5561143823415793,0.16480269902505298,0
1.558515885722232,0.16670167062344898,0
1.5825270114679262,0.16851822864588525,0
1.651758797596784,0.17091691939857492,0
1.5761236537963246,0.17297249109980478,0
1.5809261720500238,0.17510456124353682,0
1.5965335014862478,0.17766528918705382,0
1.562117163778003,0.18059981995175398,0
1.5645186671586555,0.18253159425449333,0
1.6573614913056316,0.18460725441433157,0
1.5729224634681258,0.18694803514852917,0
1.5481106737596813,0.1894623117226917,0
1.5813262597776,0.19134464601562834,0
1.5989345163592945,0.1935664161363425,0
1.5865288657588752,0.19615227263175175,0
1.6773707627603769,0.19867946728113048,0
1.5032901011040936,0.2010300535376065,0
1.4292557967215362,0.20363404589300307,0
1.4524667470120822,0.20535961425469593,0
1.57412272665085,0.20698804041042057,0
1.533704096013787,0.20884110614436865,0
1.5297022417228383,0.21032415027968268,0
1.528501978540114,0.21146387637604772,0
1.4940856408318692,0.21248483313880037,0
1.49728731966767,0.21293889712967726,0
1.4748770333398742,0.21382670344157706,0
1.4612706310491286,0.21388183631022156,0
1.4460633893404806,0.2149800716789432,0
1.4076456858488924,0.21566915308763449,0
1.3868362389389954,0.21598617382846552,0
1.2383675424463083,0.21654192712229275,0
1.1307175643182563,0.21699819591912214,0
1.1427231271911038,0.21704753757090178,0
1.1535279383736283,0.21677566426690048,0
1.1111083805910873,0.21677374456428494,0
1.0842961522447705,0.21687298176060282,0
1.127915973210032,0.2157264923692357,0
1.0090610961718869,0.2147025719778877,0
1.0006572998624128,0.21390530574677516,0
1.0278696159363057,0.2128908932745934,0
1.0310712947721066,0.21221613490474003,0
0.9890518247171416,0.21090565438573355,0
1.041876105954627,0.20935197598456312,0
1.0995029054458163,0.2082264375960176,0
1.067087983390648,0.2068018555360223,0
1.0618853774093726,0.20588392146939175,0
1.067488071118224,0.20545878680017984,0
1.1923462181003943,0.20419325833227203,0
1.2427694844648298,0.2037285720405007,0
1.2671806979381,0.2027153940631534,0
1.275584494247574,0.20216912826608746,0
1.2231603007376606,0.2017202043497733,0
1.3452168566116065,0.20096203194888312,0
1.2827880273743202,0.20090824401879592,0
1.3384138997200346,0.2008623514853538,0
1.3672270552118262,0.1999653695874127,0
1.3736299243758257,0.1999422774275064,0
1.3500188863577036,0.19935455651000702,0
1.3856354872486727,0.19895295421006695,0
1.3168037888473871,0.19867182226657024,0
1.2839882905570446,0.19754478288104446,0
1.232364761009885,0.19642802380623578,0
1.2123554895551396,0.19505712923016158,0
1.1815409184102716,0.19338349938324775,0
1.1271157977548836,0.1921861785157542,0
1.1783397280820729,0.1897836041557457,0
1.182341582373022,0.18809649617439952,0
1.2219595490473345,0.1861681143379776,0
1.1355195940643577,0.18411375870105912,0
1.137520521209832,0.18180530275315793,0
1.0838955760095923,0.17924946892861005,0
1.0422766821898055,0.17675489150137838,0
0.9774463495718704,0.17464950926652759,0
1.0302711193169585,0.1719026151195979,0
0.9926535912805148,0.16935439577091363,0
1.052281317917178,0.16674708949926423,0
1.0230675861902083,0.16437193594341418,0
1.055882595972949,0.16182876555281434,0
1.103504759736765,0.15942384588990252,0
1.0110620233173613,0.1579129193474737,0
0.9770462618442944,0.15633162248614413,0
0.8525886910972982,0.15441213193489636,0
0.8778000800257166,0.15224257764109542,0
0.855789881425497,0.1498635875130751,0
0.8297778285343281,0.14769976575493293,0
0.849387012261501,0.14586252916804218,0
0.8741988019699456,0.14377353552437108,0
0.7721515175507451,0.141840273546206,0
0.6841107231498661,0.13994867714245454,0
0.6977166369330098,0.13773480353036088,0
0.832579419642553,0.1356342754739729,0
0.8249757987882309,0.1335850256059988,0
0.840583128224451,0.13264097700599753,0
0.9626396840983968,0.13117944838836273,0
1.075491779700122,0.12981384059492426,0
1.0366739884809542,0.12898810388362061,0
1.0378742516636783,0.12770680501612794,0
0.9930536790080906,0.126584693904073,0
0.8601923119516239,0.1255488846055521,0
0.90581306006236,0.124072200418422,0
0.8721978748244711,0.12313933372764943,0
0.8709971231341449,0.12160970807054897,0
0.7577444512972454,0.12042271556627138,0
0.8189730173518073,0.11842886184925465,0
0.7869581830242149,0.11598071552112443,0
0.7009183157688106,0.11376753264832966,0
0.7141246303319839,0.11172093915464602,0
0.7949618916061131,0.10920281692080722,0
0.7857574313338886,0.10678169435939235,0
0.8021654247328629,0.10348650137633504,0
0.8469859973884506,0.10097869553770521,0
0.8337796828252773,0.09865695685060007,0
0.749340654987775,0.09572075473849012,0
0.7345339895143015,0.09293037715327324,0
0.7709507658604188,0.09024683436826404,0
0.7737518684610416,0.0873740117855253,0
0.7001181403136623,0.08485703377900401,0
0.8810017588615174,0.08187155617885114,0
0.8970091760253136,0.07949961374214748,0
1.0394750910815806,0.07729235314832586,0
1.0314713824996824,0.07511027044636388,0
1.1923462181003943,0.07287568786082697,0
1.255175135065253,0.07084218116525173,0
1.285589129974947,0.06915960647811344,0
1.286389793937697,0.0675565797577971,0
1.2831881151018962,0.06526126997117854,0
1.2343656881553595,0.06330641725126908,0
1.1987490872643904,0.061837995638323345,0
1.1407222000456292,0.06026159422389667,0
1.144323966609006,0.0582948453504371,0
1.1707361072277471,0.05641482912735154,0
1.2043517809732416,0.05481984401948755,0
1.1515270112281537,0.05349488702350018,0
1.1847425972460688,0.05170313712107338,0
1.175138049246272,0.05021793522813422,0
1.3956401229760451,0.04891856690770806,0
1.3748306760661482,0.04793606331273439,0
1.2607778287741005,0.046485518852365404,0
1.2683814496284262,0.04498009863793705,0
1.3332112937387592,0.04383976975901252,0
1.3460170320667546,0.04266890517921682,0
1.3836345601031983,0.041025022921683627,0
1.313202022284014,0.03993035089265065,0
1.446864053303231,0.038800238081247,0
1.4212520881396382,0.03790173178776059,0
1.2999957077208406,0.03661564637211253,0
1.35121963804803,0.03529859937865102,0
1.3420151777758056,0.034195030512503236,0
1.4548677618851291,0.03340992493114615,0
1.4548677618851291,0.03249525734216408,0
1.3392140751751829,0.031734530406443806,0
1.3748306760661482,0.030863639881394952,0
1.4504658198666078,0.03019746165870934,0
1.4228529275575368,0.029424121797583108,0
1.4692743396310266,0.028486345533326008,0
1.470074515086175,0.027929545649640997,0
1.550111600905156,0.02756669210881589,0
1.6025362829226713,0.027098771326976495,0
1.5305029056855886,0.026559304366867098,0
1.6481570310334073,0.025849404906496905,0
1.6821727925064742,0.025326228615888083,0
1.6777708504879527,0.025161296477346027,0
1.6897764133608,0.024819664957402284,0
1.773415265743154,0.02448214612115963,0
1.8650578267074056,0.02424781905149591,0
1.820236765544216,0.02407581962336485,0
1.8090318666341196,0.023751178215297722,0
1.8798644921808796,0.023612397257955466,0
1.8970726610349984,0.02367736209132344,0
1.8998737636356249,0.02351758366043971,0
1.927086568217116,0.023498842787322647,0
1.956299811436484,0.023349723898681573,0
1.907877472217523,0.023345160501506996,0
1.9058765450720483,0.023206173397500158,0
1.8830661710166765,0.023338519679700274,0
1.9094783116354213,0.023448263670423904,0
1.9026753547438493,0.023448510939394995,0
1.8566540303979355,0.02333264555189992,0
1.642954913559734,0.02344909892346561,0
1.6561607396153053,0.023259866794633297,0
1.6781709382155252,0.023050732418127374,0
1.7009818007784951,0.022807481256900887,0
1.6561607396153053,0.022801537827775595,0
1.6425548258321618,0.022770954878928756,0
1.5989345163592945,0.022481300916296566,0
1.6073383126687686,0.022152959885336422,0
1.528101402304936,0.02188685721843493,0
1.5593160611773802,0.021526770660678707,0
1.5529131920133803,0.020889258719356946,0
1.5232993725588388,0.020480967037971372,0
1.5192975182678896,0.020149536135967133,0
1.4632715581946032,0.019536252933335843,0
1.4264546941209135,0.018933486900916244,0
1.459269703903654,0.018323926845461445,0
1.5068918676674663,0.017759812547445908,0
1.5421078923232576,0.017284732083390812,0
1.5253002997043132,0.016916376986335684,0
1.5821264352327482,0.01624234013077911,0
1.5829270991954985,0.01581795795462129,0
1.446864053303231,0.015543298251359508,0
1.4420615350495316,0.01508593121679653,0
1.5084927070853689,0.014622275540052828,0
1.639353146996361,0.014161156487747921,0
1.8382451098534869,0.014102416355118191,0
1.8162349112532672,0.014061197110731434,0
1.89787283649015,0.013875936826478004,0
1.8674588415804565,0.013907277461539969,0
2.070753234963709,0.013940032573919889,0
2.108370274492547,0.01408899585822551,0
1.943494073108488,0.014308626938624933,0
1.9787105862718808,0.014246587841672096,0
2.1667977379464864,0.014457716240098317,0
2.119975749637822,0.014773496507939278,0
2.001120872599673,0.014996029464757974,0
2.0811579584186544,0.015184975727027325,0
2.055946080982637,0.015460330600768936,0
2.112772705018674,0.01571500271325988,0
2.0675515561279085,0.01589941313113083,0
2.127179282764568,0.01613245388067501,0
2.280450009003356,0.01646605066998152,0
2.2752478915296828,0.016698416386069448,0
2.2392312029111414,0.017116123476674804,0
2.147988729674465,0.017380013798230943,0
2.210818135146926,0.01761337334938302,0
2.235229348620192,0.01790474640657255,0
2.3568858167665656,0.0181353176379647,0
2.200412923184375,0.018711020782457077,0
2.168398088856782,0.019077128961270732,0
2.2212228586018705,0.019346671772291598,0
2.172399943147732,0.019577587242977104,0
2.2220230340570226,0.01986608891099721,0
2.109571026182873,0.020349255244808632,0
2.147988729674465,0.020685774233959283,0
2.1675979134016345,0.020846876892248067,0
2.134382327383716,0.021050224323973583,0
2.151190408510262,0.021211417100098853,0
2.1519905839654143,0.02137074149579918,0
2.1251783556190937,0.021721776945606786,0
2.2488357509109416,0.021933363229876556,0
2.306061974166953,0.022306155498443222,0
2.383698045112882,0.022860754102287852,0
2.261241401511361,0.023534071532084252,0
2.29685800240233,0.02408210605339667,0
2.3364759690766426,0.024812851181657193,0
2.313665595021275,0.02568785024068599,0
2.250436101821238,0.02670622661853251,0
2.24963592636609,0.02745439500663055,0
2.263642416384412,0.0283403879203074,0
2.145187627073839,0.029142523159668584,0
2.114373055928971,0.029785040712893125,0
2.017528377491045,0.030457504371551942,0
2.106369347347073,0.030799450943537185,0
2.0907625064184545,0.03133089786454797,0
2.0811579584186544,0.031599887390142925,0
2.042740254927066,0.03178405663573682,0
1.963903432290809,0.03198635266998067,0
1.9679052865817583,0.03194256874782355,0
2.023531158927469,0.03188914596250083,0
2.0471421969455874,0.031932400484360655,0
2.10356824474645,0.03176841503284854,0
2.001120872599673,0.031815731475268685,0
2.023531158927469,0.03168203987854285,0
2.053545066109587,0.03160978682192905,0
1.9623025928729072,0.03157920927234383,0
2.0459414452552647,0.031166946940556446,0
2.0403387515464133,0.031108357366381893,0
2.012726347744948,0.031144302437730507,0
1.969906213727233,0.030944806313163407,0
2.012726347744948,0.03072419579990331,0
2.0227309834723206,0.03041428637997136,0
2.025131998345368,0.0303884125546843,0
1.933489437381116,0.030402483814699992,0
1.9246855533440688,0.030207604678765723,0
1.842246964144436,0.030216547487265242,0
1.8678589293080323,0.029942978164537587,0
1.8862673613448755,0.029732621286846152,0
1.8474495701257112,0.029480047234343585,0
1.8406466132341397,0.029180447024455162,0
1.8282404741261145,0.028811929985627,0
1.8758626378899304,0.028512949191570342,0
1.8782636527629768,0.028119546532751748,0
1.869859856453507,0.02774818226678003,0
1.82623954698064,0.02722930156366722,0
1.896271997072248,0.026752452857291872,0
1.8914699673261504,0.02633793455427456,0
1.9166818447621712,0.02569490448357152,0
2.0163276258007192,0.02517713718126128,0
2.0283331886735665,0.024761107026925376,0
2.031934955236943,0.02441830601620884,0
2.001120872599673,0.02417279478317057,0
2.100366565910649,0.02375289475749368,0
2.1015673176009755,0.023502209029798767,0
2.0647504535272856,0.023618913258837262,0
2.048743036363489,0.023371227602112236,0
2.032735619199693,0.02348637418064708,0
2.039938663818841,0.02348478225774046,0
2.0671514684003327,0.023245164689326442,0
1.97310789256303,0.023034779438103378,0
2.0331357069272658,0.022654086847945655,0
2.073554337564332,0.022635135151924897,0
1.954298884291009,0.02238274274056414,0
1.9410930582354375,0.02196957182977735,0
1.919482947362794,0.02161421227350626,0
1.949896942272488,0.020978939723034464,0
1.9254857287992173,0.02042165715675597,0
1.8878682007627776,0.01982931923970275,0
1.8530522638345588,0.01932028927530139,0
1.8490504095436096,0.01881193276485152,0
1.843047628107186,0.01832926100076067,0
1.8338431678349651,0.017810311333262645,0
1.8014282457797972,0.017165851030432895,0
1.7758162806162043,0.01677027250923975,0
1.727794029124816,0.01631295885210922,0
1.735797737706714,0.01583149460162796,0
1.7646113817061075,0.01555997312986458,0
1.777017032306527,0.014983401265156338,0
1.8654579144349817,0.014503292562994081,0
1.864257162744656,0.014168827430083306,0
1.83584409498044,0.013896887407493197,0
1.8630568995619317,0.013621904521722808,0
1.9374912916720648,0.013308014276837482,0
1.9687059505445088,0.01308848225161803,0
1.9442942485636363,0.012817889371978117,0
1.950697606235238,0.012592290052475424,0
1.896271997072248,0.01237933758747084,0
1.8638570750170835,0.011987745281611882,0
1.8614560601440329,0.011720345275931184,0
1.8650578267074056,0.01136954539310315,0
1.8846670104345788,0.011014845219096299,0
1.8366447589431905,0.010570619468727564,0
1.827840386398542,0.010343194583973668,0
1.831442152961915,0.010056421100166697,0
1.8862673613448755,0.009642457612132735,0
1.9174820202173195,0.009425440750793232,0
1.919482947362794,0.009159756737193601,0
1.973908068018182,0.008981937743275192,0
1.8682590170356048,0.008920729989510608,0
1.8930708067440487,0.008747406320073599,0
1.85785429358066,0.008534629939714794,0
1.7930244494703231,0.00828306692840988,0
1.6777708504879527,0.008035463290997535,0
1.6329502778323617,0.007658089891002416,0
1.5837272746506503,0.007318967242775818,0
1.5112938096859916,0.006969267629484147,0
1.4896836988133475,0.006474096250154641,0
1.4652724853400776,0.0060231967866723754,0
1.4576688644857554,0.005607807495447534,0
1.51209398514114,0.005112696163866482,0
1.589329968359498,0.004633175630022263,0
1.635351292705412,0.0041699359521023835,0
1.6825733687416522,0.003734647902328179,0
1.6685668787233303,0.0032729582729721174,0
1.9010745153259476,0.0028422231884100454,0
1.8758626378899304,0.0024602340669665885,0
1.8822655070539265,0.002122710684499668,0
2.012726347744948,0.0018657496041991877,0
2.065150541254858,0.0015755337212966028,0
2.1215765890557208,0.001373199177560552,0
2.096765287854878,0.0011956766783745704,0
2.0915626818736026,0.0010328396544308034,0
2.12797945821972,0.000853699343682122,0
2.1403851088201398,0.000715128382756329,0
2.1459878025289907,0.0006039655146123699,0
2.1764017974386807,0.0004915273769536523,0
2.1323814002382413,0.0003854630012415491,0
2.1067699235822506,0.0003014293639818783,0
2.133982239656144,0.00019586015254553045,0
2.157593277674262,0.00010935860307324647,0
2.117974822492348,4.165852928267132e-05,0
2.058747672090862,-7.1340534616091044e-06,0
1.9975191060363,-2.2957732515801594e-05,0
2.048342460128312,-5.75220044683056e-06,0
1.9218839622358443,7.656574814078238e-05,0
1.973507980290606,0.00022096701203285177,0
2.038738400636117,0.00039934049140669825,0
2.031934955236943,0.0006434080508073477,0
2.127179282764568,0.0009703226674503616,0
2.117974822492348,0.0012734835721070043,0
2.102367493056124,0.0017216085937077235,0
2.188807936546706,0.002200777172557578,0
2.157193189946686,0.002780674122230747,0
2.200412923184375,0.003314582729209084,0
2.238831115183569,0.003920186488135059,0
2.350482459094964,0.00455447252367045,0
2.3800962785495097,0.005010304532697461,0
2.3440795899309683,0.0056202442730737745,0
2.47574069380471,0.006243015609061228,0
2.2880536298576817,0.006805154387867899,0
2.265643343529886,0.007575393068704102,0
2.313665595021275,0.008201038696598634,0
2.311264580148224,0.008884655440135766,0
2.184806082255757,0.00957126955946219,0
2.10356824474645,0.010477357885772118,0
2.1027680692913018,0.0113748718669111,0
2.120776413600572,0.012302174590355092,0
2.3124648433309485,0.013464666316584228,0
2.276048066984835,0.014279831333062822,0
2.29685800240233,0.015350697963302011,0
2.345280341621291,0.016506871137418732,0
2.329673012185071,0.017587966026989206,0
2.3480814442219176,0.018910530199447495,0
2.420115309966602,0.020167335336949702,0
2.4245167634775213,0.021364529430509635,0
2.519360514769972,0.022951744522623867,0
2.48734568044238,0.024269443064530855,0
2.441324356096466,0.025558787633743238,0
2.449328064678364,0.026606994773165592,0
2.3284722604947445,0.027929701750377327,0
2.360887671057515,0.02946168956838441,0
2.361287758785087,0.030775868482030566,0
2.2980582655850545,0.03209783535511981,0
2.2972580901299025,0.033534338195985204,0
2.278449081857881,0.03472042318590021,0
2.2488357509109416,0.03629288073835151,0
2.3784954391316075,0.0381847603508506,0
2.295657250712004,0.039724427543681384,0
2.2020137626022773,0.04130146264342367,0
2.266043431257462,0.04290278646675836,0
2.2976581778574783,0.04440526243223159,0
2.2708459495111613,0.04622385550713347,0
2.28645279043978,0.04786831622168018,0
2.2472349114930394,0.050125773919527744,0
2.2592404743658867,0.05186723711439028,0
2.2588403866383144,0.05372045371360323,0
2.292455571876203,0.055616391040575246,0
2.317667449312224,0.05761764428784162,0
2.3852983960231797,0.059481299456672514,0
2.403707316567628,0.061008947980842596,0
2.3360758813490703,0.06267258998810513,0
2.2944564990216776,0.06497592615047623,0
2.329673012185071,0.06691539177450807,0
2.3324741147856933,0.06880565658396408,0
2.3204685519128465,0.07065736644582662,0
2.284852439529483,0.07337378337671444,0
2.26444259183956,0.0757030850960646,0
2.163195971383109,0.07817617558239882,0
2.152791247928165,0.08080229273058862,0
2.200012835456803,0.08370970698526528,0
2.237630363493243,0.08673303640485336,0
2.3016600321484275,0.0897601187868478,0
2.280850585238534,0.09312547095016005,0
2.2704453732759835,0.09662800558593457,0
2.3460805170764427,0.10045428343572987,0
2.3056618864393763,0.10407474755227956,0
2.3276720850395964,0.1074869862892632,0
2.323670230748647,0.11082722792965456,0
2.3744935848406583,0.11356804671373459,0
2.539369786224717,0.11753387945025928,0
2.662627093788989,0.12001970048852098,0
2.725856586989026,0.12213461935356563,0
2.7930879344800115,0.12446598083446855,0
2.8239020171172773,0.12682443495268667,0
2.906340606316911,0.12985129504872397,0
2.921947447245529,0.1324500830471904,0
2.833506076609472,0.13441632042532722,0
2.893533890973708,0.13744207742722314,0
2.8439112885720226,0.13895071003521486,0
2.821100914516655,0.14145930771562504,0
2.8347068282997983,0.14402507856341618,0
2.8170990602257056,0.14720631876793222,0
2.8235014408820995,0.15046779343058772,0
2.921546871010351,0.15334474251975622,0
2.8243025933524555,0.15630100537833921,0
2.891133364608263,0.15943844247220684,0
2.894335043444064,0.1628931280904035,0
2.954362857808299,0.1660464645480611,0
3.0616117711935678,0.1698962915344752,0
3.138047578956777,0.17343502788667214,0
3.236093009085029,0.17613269119099506,0
3.369754551596644,0.17842941501328302,0
3.347344753776454,0.18134141965157952,0
3.4950127863063902,0.18436438413421297,0
3.5190239120520848,0.18701189580767327,0
3.566245988088325,0.1888796783783672,0
3.5106206042502164,0.19001567114023746,0
3.6114671369790905,0.1919774361728309,0
3.617069342180336,0.1935161751269015,0
3.65548753417953,0.19488104868277856,0
3.755533891453256,0.1963916367056094,0
3.679098083690046,0.19783495271945462,0
3.721518129980189,0.1995050996831542,0
3.785947397855344,0.20124766713445133,0
3.521024839197559,0.20233319146616957,0
3.5030164948882883,0.20544910976351202,0
3.490210756560293,0.2088621420618558,0
3.5114207797053645,0.211828847766344,0
3.5314300511601098,0.21537497601036257,0
3.573849120435045,0.21811337523131594,0
3.357748988723797,0.22166219210684618,0
3.3917647501968635,0.22587279118604878,0
3.3889636475962406,0.23105572749926684,0
3.3881634721410925,0.2357033636293244,0
3.478605769922624,0.2405890781091057,0
3.452993316251425,0.24513414509187756,0
3.446590935595032,0.24974840247716995,0
3.520625239977589,0.25414520166425675,0
3.6614903156159535,0.2586193321960635,0
3.536632657141385,0.26257431407040815,0
3.605863954762637,0.26733135964855625,0
3.74712960663618,0.27058055255076796,0
3.712313669707965,0.2732700355023389,0
3.8411731824734825,0.2764352630338334,0
3.928013225184035,0.27975969666322603,0
3.879190798237498,0.28393392954154584,0
3.7491305337816554,0.2869728712309226,0
3.532230226615258,0.29043420203291503,0
3.522225590887885,0.29529952735716036,0
3.613067487889387,0.3003221861052483,0
3.553440249760329,0.3060622050962405,0
3.563844484707672,0.31193868232014466,0
3.4838073988886915,0.31810515049606947,0
3.57865212719635,0.3237794892703795,0
3.494212610851242,0.32953815385161356,0
3.608666034378468,0.3359206457527939,0
3.6734958784888008,0.34232649733032744,0
3.412974773341935,0.3488676670089467,0
3.4229794090693075,0.3566849630252124,0
3.4221792336141594,0.3635948020402724,0
3.536232080906207,0.37059478384660294,0
3.39296550188719,0.3761765045595988,0
3.5178231603617585,0.3839721408046989,0
3.4417879288337265,0.3889040174049115,0
3.513821306070809,0.3962491758696933,0
3.6074652826881417,0.40279559166629125,0
3.4577953459975226,0.4074054541304546,0
3.5122209551605126,0.4115357427605398,0
3.4585964984678785,0.4161893028664966,0
3.3889636475962406,0.4204523200834801,0
3.490210756560293,0.4254446311545611,0
3.5030164948882883,0.4304822282816692,0
3.5026168956683184,0.43531799969939766,0
3.4842079751238693,0.44044964599155323,0
3.631476408433836,0.44625940698778443,0
3.746329431181032,0.45251169341780734,0
3.613067487889387,0.45657239745640926,0
3.632677160124162,0.46149785526815157,0
3.6810990108355206,0.46698651007145775,0
3.852378569891181,0.4719491421997015,0
3.848376715600232,0.4747741188979191,0
3.883992827983596,0.47923506519413206,0
4.042066072476083,0.4832128554405561,0
4.011652566073995,0.4866125792899868,0
3.999647003201148,0.4896371708920657,0
3.774342411217675,0.4941643087932999,0
3.760335921199353,0.4987491016289172,0
3.8107596760713935,0.5049820998139972,0
3.8455756129996095,0.5105483651344027,0
3.5998611733262136,0.5141209518247079,0
3.712313669707965,0.5196318277546793,0
3.701508858525444,0.5252181071589082,0
3.812360026981691,0.5299683143792469,0
3.898399894237096,0.5340567347642203,0
3.9324156557101615,0.538124947977645,0
3.895198215401295,0.5411825194002067,0
3.7991537124185175,0.5447930125172943,0
3.748730934561684,0.5488569993059257,0
3.75433313976293,0.5538638787825314,0
3.881191725382973,0.557303299363094,0
3.920810669072493,0.5631008234510924,0
4.042066072476083,0.5678894001052196,0
4.059274241330205,0.5712931553679107,0
3.950023423784255,0.5743381796194389,0
4.004849609182423,0.5793367460904653,0
4.186933979420604,0.5842982288010767,0
4.1997397177486,0.5881642883840336,0
4.237757333512616,0.5934507322457384,0
4.226151369859739,0.5977098759757791,0
4.108096668276742,0.5988731853847964,0
4.226151369859739,0.6030931495290074,0
4.263368810168607,0.6076705726112127,0
4.256565853277035,0.6128442927379697,0
4.196538038912799,0.6186984699398711,0
4.295383644496199,0.6235921076311367,0
4.167724883421007,0.6294323177673266,0
4.1521170654771815,0.6346663411407107,0
4.166123555495504,0.6397178932780543,0
4.238156932732586,0.6461948460744501,0
4.166524131730681,0.6515396198751653,0
4.1997397177486,0.6594150024756003,0
4.241759187803565,0.6658671445366154,0
4.240959012348417,0.6732061369275498,0
4.3974309289154,0.6802546428621266,0
4.517887133879048,0.6868041311638414,0
4.51428487880807,0.6939727388579966,0
4.449855610932915,0.7015258617607205,0
4.475467087588906,0.7090666042335679,0
4.544699362225366,0.7167059815871467,0
4.672358123300557,0.7241406132048823,0
4.698770752426904,0.7320003869568587,0
4.797616358010304,0.7373224292656357,0
4.829631192337896,0.7438255553180976,0
4.872450837848009,0.7506445815318296,0
4.770003954208838,0.7574665707405699,0
4.737188944426098,0.7639264936170928,0
4.862046602900667,0.7704412904808652,0
4.781209341626537,0.7758224304162155,0
4.821227884536028,0.7836020081056471,0
4.776006735645262,0.7892220839295139,0
4.772004881354313,0.7953672773175169,0
4.65274942808099,0.8025084520321298,0
4.616732739462448,0.8084476481379694,0
4.675160202916388,0.8163900455467891,0
4.823228811681502,0.824017983866088,0
4.78401044422716,0.8297829924834575,0
4.838435076374942,0.8356091089735151,0
4.888858831246983,0.8418241051878216,0
4.956890354193117,0.8495840361409752,0
5.047732251194619,0.8562075395141229,0
5.085350267738664,0.8619624799138658,0
5.1697888070685645,0.8698781418370916,0
5.050533353795242,0.8749390790256363,0
5.132571366759697,0.8830032256720846,0
5.156582492505391,0.8914261601930311,0
5.164586201087289,0.8993951223351919,0
5.26663348550649,0.9054822811498149,0
5.347071147560649,0.9113404003985419,0
5.146178257558049,0.917124359801306,0
5.147379009248374,0.9234150958300308,0
5.137374373521002,0.9328679934874906,0
5.154181966139946,0.94371344479715,0
4.863247354590992,0.9522814748041979,0
4.986503685140057,0.9667923434314762,0
4.942883864174795,0.9768749741278591,0
4.637542186372342,0.9848152264104361,0
4.592721613716754,0.9924600386699194,0
4.515886206733574,1.0053525293324852,0
4.465462451861533,1.0192269509173144,0
4.45545781613416,1.0334754260968584,0
4.635141660006897,1.0525330557012393,0
4.701172255807556,1.0683322223962444,0
4.7856107951374565,1.081244283959975,0
4.881255698900263,1.0998787594848167,0
5.032525009485971,1.118926594274873,0
4.65995296120774,1.1411775667575004,0
4.673959451226061,1.1636856468379633,0
4.752395209119538,1.1835036369507137,0
4.820827308300849,1.2027396230475438,0
4.732385937664793,1.2213697800218704,0
4.771604305119135,1.245253528257015,0
4.808021569972854,1.2675182056090564,0
4.699171328662082,1.2873203636942991,0
4.74719358015347,1.3054140934892748,0
4.852441566393264,1.3218234191167548,0
4.983302983319464,1.3390716680560926,0
5.128169913248778,1.3641364135162457,0
4.942883864174795,1.384345797591147,0
4.8168254540099005,1.4038711166394935,0
4.798416533465452,1.4271620103501796,0
4.7704035534288085,1.4449255767705684,0
4.738789295336394,1.4640030952779002,0
4.56150695484431,1.4831539990318086,0
4.70757463646395,1.5046479455337183,0
4.641944616898469,1.5229216635371754,0
4.672758699535735,1.5438470701556128,0
4.7479937556086185,1.565951793416538,0
4.661553312118036,1.5863802754325749,0
4.617133315697626,1.6043227793357269,0
4.709575563609425,1.633443961027169,0
4.82843044064757,1.6546630304748944,0
4.772805056809461,1.6792471833124423,0
4.746392427683114,1.7017721481994672,0
4.819626556610523,1.7264219472915863,0
4.850841215482967,1.7501708958826545,0
4.928077198701326,1.7750359604847192,0
5.026922804284725,1.7987433267595656,0
4.886857904101509,1.823468538274005,0
4.902865321265305,1.8435619467316116,0
5.042930221448522,1.866170407264343,0
5.178592691105611,1.8871434603574695,0
5.170189383303742,1.9069536635239481,0
5.213009028813856,1.9313886065328885,0
5.2634327836858965,1.9527305052528234,0
5.2454244393766265,1.9782742047689057,0
5.302250574905061,2.0024190914028104,0
5.142976578722248,2.0228089502656923,0
5.260231104850096,2.046714504940442,0
5.26943556512232,2.0746472786924173,0
5.485135120598391,2.093809731675994,0
5.443115650543426,2.1161619357612262,0
5.528754941563652,2.132307338424745,0
5.606391501017188,2.1501158960951683,0
5.6796256299445975,2.1685311536868848,0
5.617196312199709,2.1870782150146604,0
5.662417461090475,2.209270923300178,0
5.85050461276508,2.2278745675931675,0
5.84330107963833,2.246172839193331,0
5.829294589620008,2.262279964984352,0
5.896925536330964,2.2768567507749404,0
5.727647881435986,2.2948126949466046,0
5.91973688740154,2.3107006496850926,0
5.870913483439796,2.329046137362065,0
5.9533520726394284,2.3455238170488615,0
5.943748013147234,2.3611995710108937,0
5.984966330731843,2.376263604143823,0
5.811286245310738,2.391065143028616,0
5.860509248492452,2.4117710921140145,0
5.726046553510481,2.4334337940891553,0
5.540360905216529,2.454892048177092,0
5.7540595335471245,2.4755273946791294,0
5.8316960930006605,2.4953292468136703,0
5.854506467056029,2.514196323596268,0
5.859709073037304,2.5313804829548223,0
5.812086420765886,2.5505800554208746,0
5.757261212382925,2.569780515527071,0
5.844901430548626,2.5915732705615806,0
5.949750794583657,2.604911074099442,0
6.130634413131513,2.616570904082579,0
6.171453131496151,2.637449368370579,0
6.193463330096371,2.651659173735725,0
6.333928806514765,2.6701512668746012,0
6.337129508335359,2.6874055686198703,0
6.3535375017343325,2.7024312873524092,0
6.266296882788602,2.717837360460066,0
6.245888012113887,2.7290212510600482,0
6.2883070813888216,2.7422624093082604,0
6.277101693971123,2.757180233726968,0
6.434374763008462,2.773179805586453,0
6.539623726263463,2.782115713859743,0
6.684891232427956,2.790442757734723,0
6.669283414484129,2.8008406922399476,0
6.753322354594059,2.8173482743110605,0
6.581643196318428,2.827092138407594,0
6.241485581587759,2.8436971752584803,0
5.998573221530195,2.86032882140553,0
6.067004343696298,2.880405160809049,0
6.419568097534992,2.9012992283420047,0
6.814550920648621,2.9276855539543702,0
7.082675158142207,2.9500064077942287,0
7.013043284285777,2.9640394275572586,0
7.068668668123885,2.9795879054995402,0
7.5004693323264116,2.998237316371416,0
7.428835554309299,3.011268992620391,0
7.819016347676831,3.026527175660772,0
7.797406725311789,3.0420105760571103,0
7.299175866088633,3.04952724915687,0
7.522078954691453,3.0679236457324284,0
7.323586591054298,3.088366104075011,0
7.524079881836927,3.105839833541293,0
7.469254673453967,3.126274319775053,0
7.414028888835829,3.1445585928838167,0
7.03385273119567,3.1647470881150235,0
7.121492949361371,3.1880445859684245,0
7.439240766271849,3.209524760697774,0
7.839825794586724,3.236128187528763,0
7.719770165858253,3.2510274664943686,0
7.38041370359794,3.2736803908603944,0
7.535684868474597,3.303511314757387,0
7.07387127410516,3.335588216951982,0
7.155109111614467,3.3656233378417233,0
6.919399307668444,3.3932512601447504,0
7.076672376705783,3.4318356409127286,0
6.9218008110490965,3.4715988930074055,0
7.109487386488524,3.5136047014725973,0
7.315183283252429,3.5524008717519795,0
7.431237057689952,3.584698219323359,0
7.363205534743818,3.627877444020637,0
7.648537941091526,3.6739318705615918,0
7.390418339325313,3.7152409262350177,0
7.368408140725093,3.7687449460022444,0
7.462451716562396,3.8132590504706596,0
7.349598643945466,3.8683292156319236,0
7.676550921128169,3.9104426259713456,0
7.594912507383684,3.9505223546803885,0
7.688155907765839,3.9913633660767274,0
7.596913434529159,4.035697810768658,0
7.484861514382586,4.073439695907975,0
7.522479530926631,4.112831268233426,0
7.4776579812558355,4.140779614129839,0
7.47925930918134,4.175484709757755,0
7.717769238712778,4.210260909410491,0
7.919062704950557,4.251163727671386,0
7.779797980222488,4.277474884169845,0
7.740580589783354,4.3047995024082875,0
7.753386328111349,4.341003204984224,0
7.666546285400797,4.376049065252005,0
7.704963500384783,4.413497248571709,0
7.463651491237514,4.4584266000734205,0
7.502470259471886,4.507720781472514,0
7.528081736127877,4.56006569456249,0
7.288770654126083,4.602107545826611,0
7.371608842545686,4.639687040549786,0
7.540887474455872,4.692789249951142,0
7.586108623346638,4.726476036272646,0
7.520478603781156,4.773734664930534,0
7.524079881836927,4.817005885918818,0
7.522879130146602,4.861598290005955,0
7.422032597417727,4.908193139863567,0
7.440441517962176,4.9483457026347315,0
7.463651491237514,5.003346895908504,0
7.61812345767423,5.066679390888815,0
7.60011511336496,5.107172761184651,0
7.513275070654407,5.160398989984875,0
7.604116967655909,5.207871609618754,0
7.554494365254223,5.263439328976808,0
7.606117894801383,5.307280077132381,0
7.801808178822708,5.360810661563985,0
7.951077539278149,5.416484740450311,0
7.770594496965471,5.466303960230824,0
7.678151272038466,5.5265541147873884,0
7.530082663273351,5.58524430834143,0
7.430436882234803,5.6418364683034,0
7.487662616983208,5.710843868183698,0
7.377212024762139,5.774492979302874,0
7.366806812799589,5.851385848977126,0
7.584907871656312,5.920480124044508,0
7.69175718582161,5.99527992142689,0
7.721771093003727,6.070712938477885,1
7.714167960657007,6.148172154056212,1
7.795405798166314,6.21176383889195,1
7.950677940058179,6.2797334932421,1
7.606518471036561,6.342125182430926,1
7.589709901402409,6.4133277283718675,1
7.628928268856751,6.486136262314902,1
7.534884693019449,6.558804422859305,1
7.5380863718552495,6.633463335935665,1
7.520878203001127,6.715879968219992,1
7.447644074073718,6.7884171325786165,1
7.567699702802189,6.884460899069263,1
7.541687649911021,6.975578474714029,1
7.69175718582161,7.063126746771953,1
7.689356659456164,7.161917336408534,1
7.748584298365252,7.238932692937248,1
7.812613967020437,7.330732960559939,1
7.9214642083312095,7.44500214608765,1
8.08914151231589,7.5494149001343756,1
8.392081686737692,7.667420518397266,1
8.567363100084302,7.778198926654533,1
8.45771268331838,7.87958474564478,1
8.647400185903283,8.016425595297292,1
8.747046943957038,8.13638805009096,1
8.767856390866932,8.227882179247906,1
8.769057142557259,8.307652458486949,1
8.742243937195733,8.40604860694789,1
8.792267115832596,8.519935078917143,1
8.923528131978767,8.618464614963118,1
8.950340360325082,8.722694915111887,1
8.92192778106847,8.82310940943716,1
8.769456741777228,8.905192631505125,1
8.880708486468652,9.02332714159325,1
9.157636607999285,9.141607960906793,1
9.317311180417276,9.251164341222474,1
9.123221247306248,9.33028672782751,1
9.142429366290637,9.442539320216314,1
9.296101157272204,9.545907120584056,1
9.478585126730357,9.64627577553822,1
9.558222613329368,9.774630394807454,1
9.665071927494663,9.900973918346065,1
9.55382018280324,9.99842495054628,1
9.718296784967327,10.118388833264499,1
9.989222125061538,10.235318184742056,1
10.101674621443289,10.34233230885692,1
10.368598107246548,10.439121659676283,1
9.980418241024491,10.524132371879421,1
10.098872541827458,10.635260865866266,1
10.629919387848563,10.755430841857855,1
10.750375592812212,10.821373825988719,1
10.903245254308215,10.911221934387438,1
11.316637974981502,11.007135180979464,1
10.955269360090554,11.099385828240376,1
11.541541013714587,11.146390225774653,1
10.546280046958604,11.19244766715063,1
10.372999560757467,11.296258777447726,1
10.697550334559518,11.369899186563396,1
10.669136778287696,11.403846866134797,1
10.202920753392132,11.437947851627255,1
10.060054750608296,11.469286249498559,1
10.130087200699904,11.526726625487216,1
10.200520227026688,11.579078179366444,1
10.12408441926348,11.610483130069253,1
10.19651837273574,11.65168382308588,1
9.986020446225735,11.693124817287378,1
10.11648128691676,11.760017263255746,1
10.114879958991256,11.804985090005337,1
10.19291611766476,11.870135762891286,1
10.64272414916135,11.923215139653339,1
10.622714877706604,11.975142060590098,1
11.013296247309317,12.027438634143758,1
10.943263797217709,12.089890115235592,1
10.545880447738632,12.145138711979529,1
10.468644464520274,12.18761702939688,1
10.440631484483632,12.270928387480563,1
10.506261504049112,12.316085874820635,1
10.421422388484034,12.382652054825098,1
10.502259649758164,12.47595394951538,1
10.563087639577548,12.493967200906928,1
10.752376519957686,12.561967007856866,1
10.85642473152236,12.613816354128213,1
11.068921631147424,12.665818739716462,1
11.152960571257353,12.724998145098455,1
10.942064022542588,12.766802484642824,1
10.992886399619392,12.821208956160644,1
11.042909578256255,12.833050540239093,1
11.04731200878238,12.876296598242321,1
10.94446552592324,12.941467644217058,1
11.022501684596747,12.956930361122126,1
10.981281412981724,12.995159376941912,1
11.337847021111363,13.040254954507867,1
11.396274484565303,13.088647698402259,1
11.422687113691651,13.12836130255343,1
11.413882252639397,13.15521478854415,1
11.585961987150206,13.187647733925118,1
11.553947152822614,13.24019440149564,1
11.641587370988317,13.282001760343803,1
11.97454242960744,13.294333911834428,1
12.127412091103444,13.29349734047449,1
12.118609184081606,13.338024726310271,1
12.312699117192636,13.325427026114804,1
11.49632084183903,13.309627883971688,1
11.676404284931737,13.34706868014871,1
11.498321768984503,13.376441313807298,1
11.453500219313709,13.374841050925454,1
11.943727369954969,13.392076139179942,1
12.125012541753208,13.400305790901458,1
11.993349972356652,13.400775030152243,1
11.994952277297363,13.399149216595783,1
12.157425998285564,13.39310564649284,1
12.613637387453752,13.37738793803189,1
12.553210950884756,13.375464372661458,1
12.701678181854632,13.377467958267523,1
12.661659638945142,13.306984393584532,1
12.550008295033749,13.222659762295752,1
13.23512653125639,13.203364094972715,1
13.52405923864466,13.158695900953619,1
13.832202019047736,13.076403463380295,1
14.101928561482037,12.998392401970001,1
14.51612048059526,12.95524634464804,1
14.5169196790352,12.868533177972683,1
15.40413155695077,12.791189257835699,1
15.471361927426548,12.685995465009109,1
13.05224100854785,12.580512707993933,1
12.686471917161192,12.509090567488741,1
13.811794125388229,12.467378038842169,1
13.87862391962883,12.369888500008791,1
13.642514516462835,12.274827764194123,1
14.001882204208307,12.185753030087893,1
14.400865904597678,12.108745002602731,1
14.212378176687896,12.01231095708973,1
14.48370507003249,11.938493645739747,1
13.89183121120721,11.851077889140313,1
14.285212706395336,11.760680364957766,1
