signal,anomaly_score,is_anomaly
-1.665834470399488,-0.031190042111079185,0
-1.743484514858793,-0.02926207677889138,0
-1.94006762732266,-0.027236088332666764,0
-2.0088717916755194,-0.024434509922374108,0
-2.019683922853437,-0.022038795053357284,0
-2.1916941462593207,-0.018751860148182305,0
-2.2870368883128407,-0.01510113934051776,0
-2.2831053235512213,-0.010692774041901429,0
-2.21233528307942,-0.006062973744412189,0
-2.3872943206637163,-0.001058398079483782,0
-2.481654312134031,0.0046576676534660485,0
-2.669391169538923,0.010956793144846075,0
-2.376482189485799,0.01819158862324047,0
-2.115026852383223,0.024321826231023472,0
-2.296866081431287,0.030088315987054443,0
-2.187762394021436,0.03645856096924913,0
-2.1042147212053046,0.04329913090928232,0
-2.0137862944966103,0.0507655154505087,0
-1.974469896975354,0.05703627671085323,0
-2.171052821962957,0.06376261454767282,0
-2.3420802947856347,0.07251378724649618,0
-2.1061805973242462,0.08179408460797268,0
-2.161223816320776,0.08885424879782056,0
-2.2428058004942297,0.09733360092443698,0
-2.3607555554867905,0.10718107316822606,0
-2.5327657788926747,0.11907210037160659,0
-2.5809286189491707,0.13120989177817632,0
-2.7028103136558816,0.14345275854323056,0
-2.385328444544774,0.1570032744039361,0
-2.424645029542295,0.16795188367919162,0
-2.265412813433271,0.17932404134691665,0
-2.254600682255353,0.1887694193871184,0
-2.3656702457841465,0.20154084854266213,0
-2.184813767319288,0.2129902783798673,0
-2.146479932904973,0.22393195638740127,0
-2.1189582296685754,0.23619142876033133,0
-2.0285301779124123,0.24860444620402697,0
-2.05703481920828,0.25849607955129356,0
-1.9616918896784947,0.27010340199689087,0
-1.8978022281467248,0.28102120134280595,0
-1.8722465885055364,0.29232146762752714,0
-1.881092843564512,0.3007848238591647,0
-1.7483993926324135,0.31036651047864744,0
-1.5537817813349573,0.31262273184483025,0
-1.6913901100406774,0.3158821871870606,0
-1.5154481343969095,0.3225537830584261,0
-1.559679409691785,0.32534272508014983,0
-1.49480699757681,0.327027991672563,0
-1.62455182180676,0.3277111822346475,0
-1.7071167440396855,0.3346965328762382,0
-1.498738749814694,0.3394788505433827,0
-1.3277112769920167,0.3459354889187228,0
-1.4024130697017043,0.34638573845629606,0
-1.3562159182878848,0.350774954709059,0
-1.2048468317020995,0.35442723250823854,0
-1.368010800049009,0.3598113713119056,0
-1.4004471935827605,0.3667109764051049,0
-1.407327572522794,0.3752619035240451,0
-1.5164312599326446,0.3819939062809167,0
-1.5124995076947605,0.392282429257127,0
-1.5105336315758182,0.401710833326859,0
-1.6628854687448098,0.4151523757632479,0
-1.770023280035718,0.42642054608052143,0
-1.751348019334562,0.4371404124426673,0
-1.5685256647507602,0.44797425594787205,0
-1.6166886922835213,0.45942519129362347,0
-1.374891178989042,0.46942663403887797,0
-1.3119846429930089,0.47869100311377727,0
-1.1340771661828284,0.4832713055104801,0
-1.17437668923982,0.48452968985120065,0
-1.199932328881009,0.48439563251460244,0
-1.3119846429930089,0.48858336406706304,0
-1.368993925584744,0.49468685913262195,0
-1.2412146025212063,0.5039644812683938,0
-1.0888627653522165,0.5078821566917965,0
-1.0348024844151582,0.5107664473195248,0
-0.9807422034781008,0.5134247344713746,0
-1.0878800147690098,0.5161175146776044,0
-0.950271686063291,0.5148438489896933,0
-0.8234754885354886,0.5148466539737925,0
-0.754671699135159,0.512847845275959,0
-0.7654838303130773,0.5091867294556243,0
-0.877536144425076,0.5069339560440529,0
-0.9886053330013388,0.5108082584969891,0
-0.9758277006570096,0.5120536616288219,0
-0.9227501703031588,0.5140088540937061,0
-0.8893310261862001,0.5118504340942107,0
-1.0092468447739698,0.5148581914652173,0
-0.8893310261862001,0.5206795025809579,0
-0.7350133128982668,0.525798970126938,0
-0.6888161614844481,0.5288210989714471,0
-0.7369791890172084,0.5332906158692738,0
-0.5885587291335728,0.5369461585924263,0
-0.5305666959586293,0.5405678325701918,0
-0.5423619526722849,0.5427698678141109,0
-0.5453105793744324,0.5453647805425796,0
-0.585610102431424,0.5441136340432058,0
-0.553173708897671,0.5475855960936378,0
-0.5000965534963496,0.5494417439043375,0
-0.4077022506687123,0.5538520869566257,0
-0.4155657551444824,0.555075820520236,0
-0.430309263607754,0.5572209039459032,0
-0.4529166514993265,0.5540040909705753,0
-0.4617629065583011,0.5554547033511201,0
-0.4460362725592929,0.5573871557422678,0
-0.5000965534963496,0.5584634540670373,0
-0.3949246183243844,0.5588879242346735,0
-0.3290690806736722,0.557962333187807,0
-0.2435555317385986,0.5532892628259265,0
-0.3094106944367786,0.5490749332762545,0
-0.455865278201474,0.5434259263089323,0
-0.474540538902631,0.5366946159064427,0
-0.5128741858406795,0.5326819846220475,0
-0.5600544627902347,0.525369291890233,0
-0.7369791890172084,0.5280392837482234,0
-0.5630030894923829,0.5255235927906438,0
-0.4263778863223993,0.5223441970342695,0
-0.4774895405573099,0.5164374987440256,0
-0.4499676498446476,0.5090172883258627,0
-0.3536419697316556,0.5063618144931535,0
-0.5964222336093415,0.5023477606187368,0
-0.7251839323035549,0.49895449818572263,0
-0.5757810967892436,0.5014583369704383,0
-0.3762489826706974,0.499288205612154,0
-0.5286008198396877,0.4950322246448094,0
-0.4637284077247127,0.4941274459788846,0
-0.6986455420791606,0.49007028827005766,0
-0.6170633704294403,0.48894312326451095,0
-0.8421511241891756,0.48659528502231986,0
-0.8156123590122498,0.49192364448601617,0
-0.879502020544019,0.5017888063293061,0
-0.6789871558422671,0.5098609584906857,0
-0.8804847711272248,0.5143875615642978,0
-0.789073593835324,0.5201409438231902,0
-0.7625348286583983,0.5202690780331787,0
-0.8323217435944638,0.5263903883280616,0
-0.8903137767694052,0.53608376321324,0
-0.8618095104260692,0.5458185050221177,0
-0.8804847711272248,0.5540859915274929,0
-0.9355281776000196,0.5577059564983157,0
-1.0397169872362495,0.566532791480639,0
-1.060358499008878,0.5789317932992568,0
-1.158650055240812,0.5905256145244416,0
-1.2353173491169105,0.5981613592473926,0
-1.1901033232388287,0.6094037271039425,0
-1.341472034872082,0.6211754728677881,0
-1.3955326907616703,0.6404926059560521,0
-1.2657874915791898,0.7017172159649219,0
-1.1576669297050752,0.7261895587380863,0
-1.1704449370019352,0.7381574989069501,0
-1.0505291184141663,0.7568206920911914,0
-1.0751020074721498,0.7645172834431193,0
-1.1792911920609097,0.7867782600942433,0
-1.0043319670003477,0.7991964962803989,0
-0.906040410768414,0.813092506437148,0
-0.783175965478497,0.8173227665346542,0
-0.7006110432455716,0.8245771724322984,0
-0.6799699064254735,0.834862978015552,0
-0.539412951017606,0.8429291814953391,0
-0.5099255591385313,0.8476105427455259,0
-0.6544142667842836,0.8497718258853236,0
-0.5512082077312602,0.8527880552381532,0
-0.6819357825444152,0.8584992430415568,0
-0.6268923760716213,0.8696265342726331,0
-0.5964222336093415,0.8743813010939478,0
-0.6612946457243165,0.8791676894695817,0
-0.723218431137144,0.8877413339633689,0
-0.8853992739483154,0.8977182855145862,0
-1.0367683605341005,0.9113139756012483,0
-0.910955288542036,0.9260102300633594,0
-0.8726212666514553,0.9382784220789595,0
-0.8067661039532746,0.9525199411118563,0
-0.5983881097282833,0.9626287762881218,0
-0.769415207598432,0.9725899905425576,0
-0.7291156845414404,0.9811495575683383,0
-0.8657408877114218,0.9891927189589277,0
-0.9954857119413724,1.0005859053861297,0
-0.9630496933601504,1.0117889533826416,0
-1.0495463678309598,1.0242787898182062,0
-1.023007602654035,1.0433301896390608,0
-1.0092468447739698,1.0612286511560252,0
-0.8224927379522827,1.0778015822743454,0
-0.7261670578392915,1.0840515718214845,0
-0.9070235363041506,1.096461595864604,0
-0.7645007047773407,1.1115692817557552,0
-0.8883482756029943,1.1299419002792608,0
-0.6544142667842836,1.1471511555461704,0
-0.5777465979556544,1.158004505746932,0
-0.537447074898663,1.1675224398736133,0
-0.4814209178426625,1.1783375382601344,0
-0.4932161745563181,1.1877284121871765,0
-0.3811634854917872,1.190793466267505,0
-0.3212059511504342,1.1959864978931087,0
-0.3831293616107288,1.1983427112745475,0
-0.286803681497739,1.2059475187705295,0
-0.3467615907916227,1.2083881879253071,0
-0.3212059511504342,1.2033851899759358,0
-0.3300522062094095,1.2004439074630755,0
-0.3703517292664011,1.1985534063206777,0
-0.3359494596137058,1.1956454372034269,0
-0.2071877609194924,1.1924340494702554,0
-0.3221887017336393,1.1880035516379046,0
-0.2809064280934427,1.1837544274971181,0
-0.3133424466746641,1.1820677568646025,0
-0.3683858531474573,1.1785885692313165,0
-0.4450531470235563,1.1774615463881173,0
-0.3919756166697055,1.1749778544731475,0
-0.4922330490205808,1.172909163605899,0
-0.6730895274854399,1.1693381907194254,0
-0.6917651631391271,1.1764581552910456,0
-0.8224927379522827,1.1822716126832848,0
-0.8893310261862001,1.193493118373099,0
-0.947323059361142,1.2033512015503316,0
-0.8667240132471591,1.2127109800141722,0
-0.8578777581881838,1.219147696907805,0
-0.8293731168923156,1.2329722675953654,0
-0.8893310261862001,1.2443652563734988,0
-1.0210417265350924,1.263596099368691,0
-0.7762955865384634,1.2774301458794892,0
-0.7998857250132417,1.2945567565962495,0
-0.8146296084290441,1.306477957893868,0
-0.788090843252119,1.320398717486257,0
-0.6111657420726131,1.3342220466635641,0
-0.5580885866712917,1.3470389051559042,0
-0.5649689656113246,1.345852109509781,0
-0.75172269748048,1.3487630775415032,0
-0.6514652651296047,1.3501015337249587,0
-0.8333048691302004,1.3583527573949585,0
-0.4194975073823678,1.3692756699895583,0
-0.2602649163208118,1.3687319831637397,0
-0.1993242564437223,1.3605044841671745,0
-0.1885121252658053,1.3552838771749829,0
-0.2730429236176725,1.3517840816621576,0
-0.3870611138486143,1.3496039778832056,0
-0.2818891786766477,1.3452822086829164,0
-0.2170167665616728,1.3353359504262712,0
-0.0862888167959863,1.3246370063916082,0
-0.0715453083327147,1.3135714736913922,0
-0.2622307924397556,1.3026881630305542,0
-0.27599155031982,1.298537978917,0
-0.1776999940878863,1.292171605787329,0
-0.1560761066845818,1.2829432058177992,0
-0.1452639755066649,1.2792130679163303,0
-0.1197079609129449,1.2729091989272359,0
-0.0744939350348628,1.2696682533878532,0
-0.06761355609483,1.266822568054217,0
0.0188831183759809,1.2669267985135029,0
0.034609752374989,1.2601921537709584,0
0.0061051110791202,1.2580769142140822,0
0.001190608258029,1.255119851569663,0
-0.1354345949119531,1.248328912470414,0
-0.0440237925725831,1.2420818037263808,0
0.0051219855433836,1.2340073995827243,0
0.0277293734349554,1.2261005047619418,0
-0.17180274068359,1.213608783244009,0
-0.2838550547955901,1.2072288645934706,0
-0.1432980993877226,1.198208337274893,0
-0.0685966816305665,1.194615865947326,0
-0.1315032176265984,1.18102986656868,0
-0.1206910864486815,1.1714405602736755,0
-0.2582990402018701,1.1591661236988011,0
-0.2297947738585321,1.1518450932277624,0
-0.1265887148055086,1.1384757200445563,0
-0.0941523212717557,1.129154387871531,0
-0.0518869220958218,1.114128031753196,0
-0.0941523212717557,1.1045046851585525,0
0.0070878616623267,1.0895079804434873,0
-0.0528700476315584,1.0707050448713387,0
-0.1059472030328798,1.056316889247512,0
-0.0882546929149279,1.0430768886502717,0
0.0169172422570371,1.026624030315632,0
-0.0165019018599215,1.0092040140600134,0
0.0120027394359473,0.9943678341391019,0
-0.0685966816305665,0.9812600088261036,0
-0.151161603863492,0.9733076475916891,0
-0.1344518443287473,0.964948205041146,0
-0.0695794322137723,0.9599313054954637,0
0.0149513661380954,0.9492348298604333,0
-0.0764598111538052,0.9366767269961143,0
-0.0499210459768794,0.9245632539261581,0
-0.0587673010358547,0.9122596407633514,0
-0.0341944119778713,0.9005382210403075,0
-0.0302626597399858,0.8916699098913131,0
0.034609752374989,0.8808668065413688,0
-0.0115873990388302,0.8660145593321021,0
0.0729433993130375,0.8529864624596772,0
0.0277293734349554,0.8432322362478488,0
0.0336266268392518,0.8359556400135979,0
0.029694874601367,0.8236054372223633,0
0.0120027394359473,0.8040474140556692,0
-0.1079130791518215,0.7734154264224498,0
-0.0371430386800194,0.767016178094083,0
-0.0499210459768794,0.7608302230260624,0
-0.0558186743337065,0.7528920970352527,0
-0.336932585149441,0.7485179748086916,0
-0.4352241413813746,0.745007778458274,0
-0.5128741858406795,0.7466605219803649,0
-0.5217204408996541,0.7487806953394235,0
-0.5885587291335728,0.7460082727589483,0
-0.4765064150215726,0.7483922277491373,0
-0.4873185461994903,0.7457007605166177,0
-0.4843699194973414,0.7461958376405234,0
-0.539412951017606,0.7463306577566163,0
-0.6259096254884154,0.7494300756440796,0
-0.5571054611355565,0.7506180287395939,0
-0.5905246052525145,0.7508639492010019,0
-0.5639858400755894,0.7495032556812896,0
-0.5875759785503663,0.7476187958394811,0
-0.524669442554333,0.7474497414813798,0
-0.4126171284423343,0.749211544234819,0
-0.3300522062094095,0.7432117502809938,0
-0.3054793171514261,0.7408917736906975,0
-0.3408639624347956,0.7389290940505774,0
-0.2632139179754907,0.7357350574201191,0
-0.2514186612618365,0.7327180627253417,0
-0.1973583803247799,0.7258708579388773,0
-0.1442808499709283,0.7193756188435877,0
-0.0617159277380028,0.7139531289379321,0
-0.0302626597399858,0.7057022032997694,0
-0.0587673010358547,0.686752411446002,0
-0.0518869220958218,0.6810549392896263,0
-0.1039813269139361,0.6749778891326619,0
-0.1275714653887144,0.6702827167595611,0
-0.3212059511504342,0.6615332490987665,0
-0.3379153357326475,0.657498231899962,0
-0.401804997264416,0.6547293821668928,0
-0.4401386442024658,0.6539636375866141,0
-0.4077022506687123,0.6553461324808173,0
-0.401804997264416,0.6536485603436302,0
-0.4656942838436557,0.6534730310486636,0
-0.430309263607754,0.6546933602934859,0
-0.478472291140515,0.656372948057967,0
-0.5944563574903992,0.6579224994284696,0
-0.5787297234913911,0.6601494536268436,0
-0.8048002278343322,0.6640756705086729,0
-0.7359960634814733,0.6724108624408188,0
-0.7153549266613739,0.6813291780111284,0
-0.769415207598432,0.6879619141756758,0
-0.6268923760716213,0.6943891296961965,0
-0.5777465979556544,0.7004629738255178,0
-0.5767638473724487,0.7004961640787544,0
-0.4774895405573099,0.7054845542626783,0
-0.4961648012584655,0.7067221405693009,0
-0.455865278201474,0.7057924421794061,0
-0.4283437624413431,0.7038791229475643,0
-0.3320177073758203,0.7043090961970359,0
-0.2927013098545654,0.703762817085066,0
-0.2199653932638216,0.7044658048579086,0
-0.2307775244417386,0.7011530629993709,0
-0.4725746627836872,0.7032224227426417,0
-0.3841124871464661,0.7054239064870682,0
-0.3978732450265319,0.709309067278766,0
-0.5295839453754242,0.7125165865489208,0
-0.5256521931375395,0.7152024530654624,0
-0.5944563574903992,0.7174083965563074,0
-0.6200119971315877,0.7227138164269108,0
-0.5423619526722849,0.7290509618272676,0
-0.78514184159744,0.7355237596621816,0
-0.7930053460732088,0.7899004910478463,0
-0.7743297104195217,0.8098212777538983,0
-0.7497568213615383,0.8213613127784289,0
-0.712406299959225,0.8343429683667094,0
-0.8824506472461672,0.8435383294726136,0
-0.9089894124230924,0.8561910288194295,0
-0.8814675217104306,0.8675261551535255,0
-0.9345450520642822,0.8797773748935145,0
-1.0298879815940676,0.8928707247254476,0
-1.0986921459469263,0.9088518177176398,0
-1.078050634174298,0.9259710727533322,0
-1.051512243949903,0.9424887958397541,0
-1.015144098178266,0.9564916460003126,0
-0.9306132998263974,0.9701925495996137,0
-0.8814675217104306,0.9833598106473508,0
-0.8627922610092743,0.9919806884172109,0
-0.7536885735994238,1.0087957111624806,0
-0.6524483906653412,1.0181310107420254,0
-0.8431338747723821,1.0254100602194232,0
-0.8048002278343322,1.0374072488806898,0
-0.931596425362134,1.0494647416046032,0
-0.9148866658273886,1.0629268120243767,0
-0.8519801298313574,1.075364402460547,0
-0.8077488545364804,1.088163432890167,0
-0.7497568213615383,1.0993052950658024,0
-0.7045427954834569,1.1063719466556723,0
-0.7556544497183654,1.1167064224774093,0
-0.7183035533635214,1.1319897151092495,0
-0.64753388784425,1.144837947101938,0
-0.6799699064254735,1.1531680046766812,0
-0.7802273387763489,1.1588690683164349,0
-0.7242011817203491,1.1680761704831708,0
-0.5718493445513582,1.1789670656336646,0
-0.4873185461994903,1.1863915462634014,0
-0.4588139049036228,1.1964828609159919,0
-0.3929587422054407,1.201929413426014,0
-0.3477447163273593,1.2079235693216674,0
-0.4470190231424987,1.2158914696370204,0
-0.4047536239665648,1.2203274083092226,0
-0.459797030439358,1.22283384339347,0
-0.4057363745497706,1.2221144601774756,0
-0.4244120102034577,1.2223394777970698,0
-0.4460362725592929,1.2277585635572255,0
-0.4077022506687123,1.2300052017116931,0
-0.5030451801984984,1.2323054697992708,0
-0.4804381672594574,1.2284068996760964,0
-0.6013367364304321,1.2310599712313028,0
-0.6052684886683168,1.2307837078508121,0
-0.6809530319612087,1.2297272447410414,0
-0.6504825145463989,1.2283022597389364,0
-0.510908684674268,1.2345404593488782,0
-0.6229609987862667,1.2291300755589787,0
-0.5964222336093415,1.2193244545148083,0
-0.520737690316449,1.212713154911109,0
-0.6170633704294403,1.2067621938611501,0
-0.5738152206702998,1.1939495598555105,0
-0.7015941687813081,1.1843171406859683,0
-0.7143721760781688,1.1754118050113027,0
-0.7615520780751919,1.1660759497734858,0
-0.6367217566663331,1.1546157019833887,0
-0.6308241283095067,1.1387987717611776,0
-0.4961648012584655,1.126764206544152,0
-0.4470190231424987,1.1128058865150279,0
-0.4538994020825316,1.095111502649613,0
-0.6121488676083497,1.0777742933727443,0
-0.5541568344334077,1.0600591952224117,0
-0.5384302004343995,1.0420019555072588,0
-0.4332582652624329,1.0279664439956426,0
-0.3752662320874909,1.0139337963739299,0
-0.3752662320874909,1.0043915241720276,0
-0.3733003559685485,0.9945268920682012,0
-0.4155657551444824,0.9854774966487122,0
-0.3241545778525817,0.9789721220292273,0
-0.3103938199725159,0.9747357084652846,0
-0.2995816887945983,0.9662087179775832,0
-0.1462467260898714,0.95600673534398,0
-0.1796658702068301,0.9445211065708957,0
-0.1541102305656402,0.9331126386572142,0
-0.211119138204845,0.919223223810233,0
-0.2003073819794588,0.9035513138419468,0
-0.307444818317837,0.8879814322528891,0
-0.3231718272693759,0.8729682922009734,0
-0.3664199770285156,0.858252749590303,0
-0.286803681497739,0.850486823754619,0
-0.4342410158456394,0.8410594622756274,0
-0.4057363745497706,0.8309666668595983,0
-0.2740260491534091,0.818836923057688,0
-0.2366751527985656,0.8061463761548388,0
-0.3054793171514261,0.7918630460026818,0
-0.2219312693827633,0.7825006578582295,0
-0.1806489957425653,0.7704060162353764,0
-0.1796658702068301,0.7576662300051359,0
-0.1639392362078219,0.7477056418008239,0
-0.2376579033817721,0.7389012398976863,0
-0.2199653932638216,0.7332246291252436,0
-0.1776999940878863,0.7199994102427582,0
-0.121673837031888,0.7073914745808556,0
-0.1501784783277554,0.6933831749507934,0
-0.1049644524496734,0.6799712224913761,0
0.0188831183759809,0.6661909372130727,0
0.0434560074339643,0.6508338291978634,0
0.0660630203730039,0.6357258474779987,0
0.0581995158972352,0.6221477779579163,0
0.0817896543720121,0.6082366952772047,0
0.1899102162461275,0.5712599361184609,0
0.3579886874141259,0.5648667365206026,0
0.343245178950855,0.5573812359385183,0
0.3049115320128066,0.549124825770365,0
0.3402961772961761,0.5444270946703101,0
0.298031153072773,0.5375732155806684,0
0.2999966542391845,0.5297300432967561,0
0.1958078446029546,0.5183208808329447,0
0.1594400737838477,0.5055621334947562,0
0.1407644381301606,0.49128235010515797,0
0.2793555174190859,0.45298558031526115,0
0.2341414915410038,0.4434363198223531,0
0.3068774081317482,0.4320473345800447,0
0.4238442250648381,0.417016253697174,0
0.515255402356739,0.40478151856025507,0
0.4326904801238134,0.396238893724628,0
0.42089559836269,0.3841547390725305,0
0.3530741845930361,0.3736341479984701,0
0.3629035651877486,0.3636583875214991,0
0.4572633691817968,0.35299655826976645,0
0.3697839441277801,0.3403291622429464,0
0.3845274525910531,0.3303639235623155,0
0.2213634842441445,0.3226966145326072,0
0.2931162752991509,0.311602842142334,0
0.3589718129498632,0.30008099077941774,0
0.42089559836269,0.28734128730167086,0
0.3373475505940279,0.27558092573375537,0
0.2842700202401757,0.2671075344519105,0
0.3275185449518462,0.2552014161453569,0
0.3530741845930361,0.2423974249541507,0
0.3393134267129703,0.2293957164790628,0
0.3688008185920449,0.21678750623522935,0
0.430724604004871,0.20612261835080756,0
0.4572633691817968,0.19589134353517293,0
0.4680755003597138,0.18555868292757738,0
0.6155128347076142,0.17565170459653953,0
0.583076441173862,0.1665611795663112,0
0.6027348274107549,0.15828683081792025,0
0.6597437350499604,0.15061884995434302,0
0.6548292322288706,0.1437145181909098,0
0.7786768030545228,0.13964078452709175,0
0.8160273244568361,0.1362414850992567,0
0.7600011674008357,0.13261038240574569,0
0.7885058086967046,0.12962774656377313,0
0.90940437786768,0.12737410069664498,0
0.9693622871615636,0.1256261971277918,0
0.9919693001006048,0.12366274509897436,0
1.0411154531691025,0.12252092069012713,0
0.9850889211605718,0.12142385878243996,0
1.0086790596353488,0.11991367569865348,0
1.0067131835164072,0.11949694161342196,0
0.9497039009246716,0.11694633493817637,0
0.961499157638325,0.11378697273273677,0
1.0578248377513162,0.11141390566448722,0
1.1698771518633158,0.1121945124867062,0
1.1600481462211347,0.11124418736103896,0
1.2219715566814306,0.11194722543633445,0
1.1649622740896943,0.11195680088852916,0
1.0607734644534643,0.1111358405963931,0
1.0833808523450363,0.10829456224448508,0
1.1885527875170028,0.10529537010172478,0
1.1541501429117766,0.10228226761359908,0
1.0263715697533,0.09780584660503822,0
0.9516697770436132,0.09251052127543635,0
0.794403437053531,0.08734263554486185,0
0.7314969010574998,0.080473456556591,0
0.5398282914147223,0.0738152344434371,0
0.5486745464736968,0.06742222758340963,0
0.538845165878985,0.06066349237075411,0
0.6774362451679102,0.0545620803605113,0
0.7501721617586554,0.05043623632312294,0
0.783591305875614,0.04611348754929692,0
0.80521556823145,0.04347783295567063,0
0.783591305875614,0.039324477420663445,0
0.8907291171665229,0.037345692555235545,0
0.9673964110426212,0.035775106080909454,0
1.0027814312785224,0.03409012194575905,0
0.9143188806887698,0.03314814581296653,0
0.7796595536377293,0.03068102996333436,0
0.7157702670584909,0.028215742549250796,0
0.7413259066996801,0.02644667584532662,0
0.87107073092963,0.02444239024955705,0
0.8740193576317775,0.021940144066762937,0
0.7314969010574998,0.020970337992326324,0
0.6302563431708872,0.017617454462772384,0
0.8189763261115144,0.01543060519829382,0
0.7521380378775977,0.01450322993924725,0
0.6882483763458292,0.012695982353417495,0
0.7128212654038126,0.010986192525805186,0
0.7354282783428523,0.009434262130740298,0
0.8484637179905891,0.007882360938892378,0
0.8209422022304581,0.006826345985938775,0
0.9526529025793504,0.0062564759766695205,0
1.1266286271516452,0.005585386765230685,0
1.0411154531691025,0.005230497171584563,0
1.1964155420877107,0.004739414288880985,0
1.1639798984590193,0.0048614373856540865,0
1.1344921316274146,0.005435088268745127,0
1.0489782077398102,0.005138722144839372,0
1.1040219891651348,0.004391621379593031,0
0.9143188806887698,0.004086198037808798,0
0.9634646588047364,0.0037531150543665404,0
0.9497039009246716,0.0034367070950047916,0
0.9664136604594148,0.002265067178447872,0
0.8209422022304581,0.0015027691993277283,0
0.9546184037457612,0.0007595878626811081,0
1.1600481462211347,0.0002287879431233712,0
1.288809844915348,-0.0003605642548668386,0
1.3133827339733315,-0.0007311216525768813,0
1.3448360019713477,-0.0005571636717240393,0
1.2298350611572002,-0.0008708639798326333,0
1.2593220780837433,-0.0008535024303207377,0
1.4509910626790508,-0.0006719829897522042,0
1.4332985525611004,-0.0005372243514515511,0
1.4421444326675448,-0.0002081911275789958,0
1.4677004472612647,-5.4488080708303976e-05,0
1.3753061444336274,-0.0003068737729506835,0
1.4097087890388535,-0.00031067561211378756,0
1.4234695469189191,-0.00027988910437997343,0
1.4146229169074132,-0.0004037466453671673,0
1.4608200683212318,-0.0006086112441450002,0
1.331075244091282,-0.0010902698408577008,0
1.3979135323251992,-0.0012095617923586419,0
1.447059310441166,-0.0015085483849137124,0
1.5738555079689678,-0.0018499387094585444,0
1.673130189736638,-0.0019711050135053153,0
1.508982720901462,-0.0022349502646760162,0
1.7134293378410987,-0.0024666705465521887,0
1.735053600196934,-0.0025642603788039024,0
1.6701808131294282,-0.0024477705062953227,0
1.6957368277231484,-0.002409082064367818,0
1.730138722423313,-0.0024083542600778344,0
1.7478312325412633,-0.002693463604126575,0
1.7478312325412633,-0.0028708192393516233,0
1.7271900957211646,-0.0026959966570469776,0
1.8215498997152133,-0.0026441290271350497,0
1.810737768537296,-0.0025776526740263535,0
1.7822331272414278,-0.002719797075627637,0
1.6711639386651649,-0.0026522782710117123,0
1.392998654551578,-0.0027258676036268146,0
1.2799639648089036,-0.0028433019565028738,0
1.4254350480853308,-0.00284444315838882,0
1.3104341072711831,-0.002757625014936697,0
1.1895351631476778,-0.002730498527778702,0
1.0853463535114478,-0.0027814241973764474,0
1.1610305218518095,-0.0026161102829759596,0
1.0833808523450363,-0.002483353273240447,0
1.2032959210277436,-0.0023944579186311265,0
1.182654784207645,-0.0023689415993803703,0
1.218039804443546,-0.0024167902478960447,0
1.243595819037266,-0.0022930497863222874,0
1.2711173347973974,-0.0024145129718622,0
1.295690223855381,-0.0023872512020881604,0
1.1158164959737276,-0.002484738757962507,0
1.1934669153855626,-0.0024329221679583223,0
1.1167996215094642,-0.0024597254394730515,0
1.2298350611572002,-0.0023716963072505023,0
1.1629967729232829,-0.0025691478994512612,0
1.4618031938569684,-0.0024026684893081393,0
1.4126574157410017,-0.0016560075017698378,0
1.6534714285472143,-0.0011830384407104347,0
1.8726619289026532,0.00014340602822053163,0
1.9404825927672456,0.0014399018194078891,0
2.0092871320726364,0.0035996805520922964,0
1.9886459952525375,0.006525519082145366,0
2.0083040065369,0.013001159503281646,0
1.890354439020604,0.018378240310429998,0
1.974885237372472,0.023446663811313315,0
1.9797993652410315,0.028973677089991254,0
2.0053553798347514,0.03637857266084768,0
1.638727545131412,0.043303550301422924,0
1.6338134172628522,0.049930077556963354,0
1.7006517054967696,0.05566534062762986,0
1.4106911646695284,0.06299307896474246,0
1.4126574157410017,0.06923830967581775,0
1.479495703974919,0.07519771198000436,0
1.548299493375248,0.08296379976255672,0
1.6465910496071814,0.09158496916236938,0
1.3939817800873144,0.09971256544607146,0
1.4559051905476106,0.10759021172987863,0
1.5325732343287706,0.11708965926900673,0
1.5630433767910503,0.12553803065390712,0
1.472615325034886,0.13497620061820154,0
1.6141546560734286,0.14182175581131712,0
1.479495703974919,0.15042096148284453,0
1.3713751421008042,0.15935967161928097,0
1.499153715259281,0.16832808127274362,0
1.4529565638454625,0.17681395547037557,0
1.5040685930329023,0.18422905783970253,0
1.5197948520793798,0.19273314808278924,0
1.300605101629002,0.2010248956901528,0
1.2878267193796114,0.20822926535178035,0
1.3684257654935943,0.2138556045404782,0
1.3261603663176609,0.22098742314117323,0
1.3104341072711831,0.22964265781479323,0
1.1109023681051675,0.23975280380770306,0
1.1551332684475133,0.24670767621626505,0
1.1993649186949205,0.2566748440157955,0
1.2504761979772987,0.2640627248733626,0
1.340904249733463,0.2731616037034243,0
1.3910331533851663,0.284847562132405,0
1.3880845266830182,0.29576328974492777,0
1.4755639517370345,0.31126679497131315,0
1.4903078351528365,0.32604975600708697,0
1.456888316083347,0.3396685448932665,0
1.553214371148869,0.35073749658591025,0
1.625949912787083,0.36878702786310186,0
1.5817190124447371,0.384303385937957,0
1.5885993913847702,0.3997726633074837,0
1.4755639517370345,0.4150704525392873,0
1.3821865233736603,0.442072172124934,0
1.3802210222072486,0.4568182561766578,0
1.35957988538715,0.47162297615502563,0
1.5276583565551491,0.48552103277854086,0
1.637745169500737,0.5039138061025282,0
1.4627855694876437,0.5216642911308708,0
1.5021023419614292,0.5338807226643645,0
1.4942395873907213,0.5534609308676104,0
1.586633140313297,0.5684151872179196,0
1.7114638366746873,0.5881987795370102,0
1.6800105686766709,0.6129580521987724,0
1.6780443176051978,0.6364641427988178,0
1.805823640668736,0.6560994173189134,0
1.8254816519530983,0.6747572402182207,0
1.7556947370170328,0.7026724522914967,0
1.8097553929066208,0.7258123937257918,0
1.920824581482884,0.7497468634695504,0
2.1223225717203724,0.7757166518319583,0
2.1154421927803395,0.8124943688296867,0
2.2314262591302234,0.848183580155708,0
2.026979642190587,0.8878163367595066,0
2.027962017821262,0.918338078157439,0
2.0230478899527022,0.9553148115287958,0
2.088903052650883,0.9866066973390891,0
1.9129610770071144,1.0175313323798312,0
1.6967199532588848,1.0520604873435164,0
1.7330873491254608,1.0793553204080661,0
1.776335873837131,1.1103587090591767,0
1.7900966317171971,1.1332548141485932,0
1.576804134671116,1.1610850958133692,0
1.4686835727970011,1.1736397491825081,0
1.51488072421082,1.1839798535742088,0
1.5197948520793798,1.2067125977088378,0
1.2504761979772987,1.231384575328982,0
1.288809844915348,1.2388379338909652,0
1.3389387485670514,1.2531706449062345,0
1.3644940132557095,1.2775204686033792,0
1.3104341072711831,1.296395411186472,0
1.2259033089193154,1.3123520310780106,0
1.140389385031711,1.3255179412128846,0
0.9811571689226865,1.327148131633927,0
0.9270968879856296,1.3269018025253092,0
0.9231651357477444,1.3205021382134818,0
0.8356857106937298,1.3222456063111225,0
0.7826081803398774,1.3156601693721954,0
0.6843166241079438,1.3105329568524984,0
0.6371367221109187,1.3042477436406825,0
0.6115810824697302,1.286056961097379,0
0.1948247190672173,1.2744279710499533,0
0.2498681255400119,1.2656909835746175,0
0.2705092623601113,1.2573892675595786,0
0.2705092623601113,1.251514574598363,0
0.2999966542391845,1.236270761598177,0
-0.0273140330378384,1.2233355534430879,0
0.0906359094309873,1.2100331516814369,0
-0.3231718272693759,1.1967685814922449,0
-0.2042387592648135,1.1785870752320617,0
-0.211119138204845,1.1658659744108757,0
-0.3359494596137058,1.1451263072114493,0
-0.2219312693827633,1.1333420410369615,0
-0.2730429236176725,1.1183377089413509,0
-0.0744939350348628,1.1078567592492212,0
-0.0450065431557889,1.0903379431442315,0
-0.2179995171448785,1.0689010967282109,0
-0.1079130791518215,1.0503118543592707,0
-0.2661625446776396,1.0386497192403124,0
-0.2022728831458697,1.020670925068772,0
-0.2514186612618365,1.014728689850519,0
-0.1108617058539697,1.0016411777926733,0
-0.2465041584407467,0.9906302792054822,0
-0.3762489826706974,0.9791417125510864,0
-0.7340301873625301,0.9740113992629983,0
-0.6396703833684813,0.9643153835698534,0
-0.769415207598432,0.9525912930270811,0
-0.7979198488942993,0.9451614020654717,0
-1.0986921459469263,0.9361824828164095,0
-0.7359960634814733,0.9263291833715094,0
-0.8942455290072906,0.9124865593700793,0
-0.8234754885354886,0.9068359329849586,0
-0.8156123590122498,0.9015998180412546,0
-0.7045427954834569,0.8953273651101817,0
-0.6504825145463989,0.8902986233451076,0
-0.5649689656113246,0.886946591433796,0
-0.5099255591385313,0.8828871931312204,0
-0.3860783632654078,0.8845205199240546,0
-0.1324859682098049,0.884875571387835,0
-0.1098789552707639,0.8830905234641759,0
-0.2081705115026975,0.8831165755709809,0
-0.3143255722104006,0.8830121812598201,0
-0.1570588572677883,0.883619029612795,0
-0.1374004710308947,0.8878859318487748,0
-0.1609906095056731,0.8856763299819987,0
0.0090537377812683,0.8896348706579904,0
-0.1118448313897062,0.8867566020031337,0
-0.106930328568615,0.8879631268138325,0
-0.056801424916913,0.8860680894219558,0
-0.0017583933966499,0.8871834185391347,0
-0.1688537390289118,0.8846407268384867,0
-0.0391089147989611,0.8797746165753868,0
0.0513191369572023,0.8735681673489305,0
0.0080709871980619,0.8632813195688889,0
0.1525593198912841,0.859855412559833,0
0.0837555304909559,0.8527096947575566,0
-0.0047070200987973,0.8455955014818402,0
0.029694874601367,0.8390497982764392,0
-0.1049644524496734,0.8328752387982707,0
-0.0971009479739046,0.8293930489955531,0
-0.1275714653887144,0.8252015777995682,0
-0.059750426571592,0.8204579876698258,0
0.0188831183759809,0.817506615166736,0
0.0690116470751528,0.8156347747211878,0
0.1849957134250369,0.7973836182089589,0
0.2341414915410038,0.7873373805872764,0
0.3157232882381927,0.7824007839178705,0
0.3196550404760781,0.7788908564611843,0
0.3491424323551513,0.7804363435701718,0
0.1741835822471193,0.7791785271417696,0
0.1761494583660617,0.7783601002537169,0
0.3176891643571343,0.7809765527188764,0
0.3452110550697967,0.7828843325219865,0
0.2056368502451356,0.7805595043878453,0
0.2832872696569706,0.7813284177603469,0
0.2803386429548231,0.7803174123957696,0
0.2469194988378631,0.7780871084544868,0
0.2901676485970035,0.7747801639696439,0
0.2321756154220614,0.7747655434493128,0
0.3029456558938628,0.7704533405515714,0
0.3108087854171029,0.7731392932656355,0
0.447433988587085,0.7798290295348076,0
0.4818362582397802,0.7904574996999113,0
0.472990003180805,0.7958758936555006,0
0.5290161602368046,0.8012431803166237,0
0.5231185318799783,0.8135165438051285,0
0.6017520768275492,0.8217676282809874,0
0.6164955852908207,0.8263905657624616,0
0.5241016574157135,0.8308457990626403,0
0.5024773950598789,0.8366861539513261,0
0.6125638330529353,0.8419921834398452,0
0.560469428234821,0.8488966595057946,0
0.5496572970569034,0.8518787011370772,0
0.6322222192898288,0.8529108919151132,0
0.7747450508166388,0.8615435494334802,0
0.8720538564653666,0.8694649525032028,0
0.8602585997517131,0.8863714017908434,0
0.8248735795158106,0.9018993332547222,0
0.9211996345813336,0.9082311190077214,0
1.0509444588112833,0.9195106052180463,0
1.0096618102185553,0.9303321197849598,0
1.071585595631382,0.9537043291023111,0
0.9703454126973002,0.9761345096277703,0
1.00081555515958,0.9884098785829531,0
0.9526529025793504,0.9984451176476351,0
1.016542564111119,1.011289061294997,0
0.98803754786272,1.024210310250061,0
1.0116276863374976,1.0325275775777831,0
1.17872303196976,1.0452108907059787,0
1.2376985656329695,1.0614027547192455,0
1.1973986676234472,1.0868433021334376,0
1.13056037938953,1.0994857259219535,0
0.942823521984638,1.1112845623916492,0
0.9624819082215308,1.1252984882381099,0
1.0027814312785224,1.1331833074548443,0
0.9723109138637112,1.145852173182637,0
0.7963693131724747,1.1545447203108636,0
0.8091469455168026,1.1537714584210033,0
0.8396174629316138,1.1656942558785242,0
0.7560697901154831,1.172165345700545,0
0.8268394556347545,1.1835699522283327,0
0.7855571819945564,1.1993362396704845,0
0.7816254297566717,1.214081027122554,0
0.7206847698795807,1.2278541944544863,0
0.7934203115177958,1.2394583562152577,0
0.8170104499925727,1.2579510357141757,0
0.9005581228087047,1.2753840066232662,0
0.8897459916307864,1.293409766968705,0
0.9231651357477444,1.3090589909149362,0
0.9123533795223582,1.3258180085997524,0
0.7580352912818941,1.3433210173941477,0
0.4130320938869205,1.3617058066612115,0
0.4838021343587219,1.3692969358584595,0
0.5339306630578953,1.3756360348641168,0
0.5014946444766738,1.3861280005925611,0
0.2832872696569706,1.395605244290765,0
-0.0204336540978055,1.4040560837512157,0
-0.0450065431557889,1.39808941839637,0
-0.0223995302167479,1.4012800168930433,0
-0.1993242564437223,1.399089270426959,0
-0.1098789552707639,1.3904213823392706,0
0.0277293734349554,1.386763933475413,0
-0.0440237925725831,1.3786347810463426,0
-0.0430406670368465,1.3816765710493188,0
-0.2524017867975738,1.3820103589373374,0
-0.1403494726855737,1.3761956913110847,0
-0.1177424597465333,1.3741168314925658,0
-0.1747513673857388,1.373295883775969,0
0.0188831183759809,1.371744120079802,0
0.0051219855433836,1.36704735513847,0
0.2891848980137984,1.3583573015999166,0
0.3658521918898961,1.349081281896338,0
0.4120493433037154,1.3474017043466424,0
0.4051689643636819,1.3502131435751457,0
0.5575208015326721,1.3549925060088042,0
0.5624353043537633,1.3592769006920313,0
0.4680755003597138,1.3612393903913664,0
0.5290161602368046,1.3692651808397343,0
0.2498681255400119,1.3730385786186459,0
0.3570059368309208,1.3639780079384076,0
0.3737153214131348,1.3649858213941368,0
0.3884592048289371,1.3636990461290508,0
0.4051689643636819,1.364680198835961,0
0.660726860585697,1.3596348252153563,0
0.638119847646656,1.3723917297972061,0
0.6391025982298625,1.3826913283280247,0
0.5771791877695658,1.3880226113527112,0
0.3845274525910531,1.3908992683159191,0
0.3019625303581276,1.3858845950975207,0
0.1564910721291688,1.3848501319163233,0
0.188927465662921,1.3792650173817662,0
0.2469194988378631,1.3688458185687122,0
0.3009797797749211,1.3633580757879946,0
0.2135003547209044,1.362996362525431,0
0.2272611126009709,1.3559477958898158,0
0.2449536227189214,1.3463057624653574,0
0.3108087854171029,1.3305739848877653,0
0.4267928517669863,1.3231177088165735,0
0.4788876315376321,1.3185452367010253,0
0.0237976211970707,1.3194488632036576,0
0.1918760923650698,1.3093104747796689,0
0.0965331628352837,1.2997043481537258,0
-0.0076556468009462,1.2805293840943497,0
-0.2573162896186644,1.2690723326536522,0
-0.1147934580918551,1.255451731254243,0
0.077857902134128,1.2406106966213761,0
0.120123301310062,1.2258765375798981,0
0.3334157983561425,1.2123526423997808,0
0.1496106931891359,1.2028500767114547,0
0.0749092754319792,1.1859362075312305,0
0.1142256729532356,1.1727645257895885,0
0.2459363733021279,1.167141347963271,0
0.2587143805989872,1.1647292678942285,0
0.1938419684840122,1.1575553775492478,0
0.1614055749502586,1.153731095417467,0
0.0454215086003752,1.1516181919426662,0
-0.0066728962177397,1.1468526122525275,0
0.120123301310062,1.1377810995816726,0
0.2036709741261939,1.1249251276472247,0
0.2950821514180947,1.1248322124219161,0
0.1368326858922752,1.127047048829595,0
0.0228144956613334,1.1299807461937887,0
0.2508508761232177,1.130227840392409,0
0.2547826283611025,1.1306297910976963,0
0.2764068907169377,1.129355879520802,0
0.4071344655300927,1.1362767558496683,0
0.3629035651877486,1.1423868406133681,0
0.2007223474240451,1.150723691379359,0
0.1358499353090701,1.153029874687283,0
0.1122597968342918,1.1526783805591352,0
0.9035071244633835,1.1552619525026357,0
0.5535890492947881,1.1727051748971424,0
0.4326904801238134,1.1871450960307215,0
0.4346563562427551,1.191426097586553,0
0.430724604004871,1.1929690532393415,0
0.4847848849419284,1.197739201880495,0
0.3520914340098296,1.2063694763610804,0
0.2734582640147895,1.2116269829615822,0
0.2655947595390201,1.215984557809427,0
0.2164489814230532,1.2205940358574632,0
0.0355925029581941,1.222277883253334,0
-0.0086387723366814,1.221129349220413,0
-0.1049644524496734,1.2157459035463836,0
-0.1236397131508297,1.2140263690685313,0
-0.0882546929149279,1.2135276151758225,0
-0.0941523212717557,1.2180937506071394,0
-0.1059472030328798,1.2107157983142196,0
-0.1098789552707639,1.209837787168339,0
-0.015519151276715,1.2050007239249576,0
0.0975162883710209,1.205054256178563,0
-0.0115873990388302,1.2026655877558394,0
-0.0882546929149279,1.185335777497375,0
-0.0341944119778713,1.176629130631894,0
0.0218317450781283,1.1598356071670441,0
0.0070878616623267,1.1406835210702464,0
-0.0391089147989611,1.1154322103235434,0
0.0444387580171694,1.0879073885052626,0
0.2223466097798797,1.0543991630376792,0
0.2479022494210696,1.014496133850499,0
0.2901676485970035,0.9865063415186989,0
0.2066199757808729,0.9516027415150958,0
0.1800812106039457,0.9236734211063485,0
0.1329013086069227,0.9021865212224512,0
0.0464046341361117,0.870177000289432,0
0.2449536227189214,0.8237040535468142,0
0.2783727668358794,0.7872135036594741,0
0.3461938056530032,0.7418191587472204,0
0.2596971311821923,0.7081283919925376,0
0.3383306761297652,0.6693958224252814,0
0.3471769311887397,0.6381931090720346,0
0.3098260348338963,0.6096091975566058,0
0.3039284064770693,0.5794184355209178,0
0.3353816744750862,0.5444897347789541,0
0.3009797797749211,0.5088983368840279,0
0.3943568331857635,0.47458324759205495,0
0.3285012955350527,0.4394714653780678,0
0.1476448170701942,0.4074773413597678,0
0.3343989238918798,0.37172488245819196,0
0.4788876315376321,0.33879735328459915,0
0.3992713360068547,0.30179786517659113,0
0.4228610995291016,0.22641287589676193,0
0.4621778720028873,0.17565407858973292,0
0.4326904801238134,0.15049250142098483,0
0.1437130648323088,0.1281013771761321,0
0.2213634842441445,0.0962483453431119,0
0.2351242421242088,0.07118105045516755,0
0.4641437481218297,0.04278837617599962,0
0.4641437481218297,0.01848250281165869,0
0.5398282914147223,-2.627055630289416e-05,0
0.5221357812967719,-0.016269187752867516,0
0.5437600436526071,-0.0317784326133616,0
0.4965797667030518,-0.04540806120677005,0
0.5378624152957799,-0.057807177667893894,0
0.625341840349796,-0.06958249880969486,0
0.6391025982298625,-0.07492113107073425,0
0.7108553892848689,-0.07845983754263355,0
0.7098726387016638,-0.09321220366320249,0
0.7383772799975312,-0.08707222866900514,0
0.661709611168902,-0.09481144284976431,0
0.6695731156446723,-0.0916818682448102,0
0.7275651488196143,-0.09924264704082156,0
0.783591305875614,-0.09349063072149304,0
0.7875230581134981,-0.0930734018303154,0
0.783591305875614,-0.0883954934137864,0
0.7226506459985245,-0.10755411975983462,0
0.7344455277596472,-0.09849409765231319,0
0.9182506329266544,-0.09887025418422157,0
0.9398748952824898,-0.08767541885917544,0
0.88384873822649,-0.08153877338074701,0
0.5801278144717139,-0.0810254715630916,0
0.5752133116506241,-0.06272948630389032,0
0.5241016574157135,-0.06728733110748514,0
0.4297418534216652,-0.07212822328660466,0
0.4444853618849368,-0.0637515344469854,0
0.4032030882447402,-0.058123266760706886,0
0.472990003180805,-0.04667636678635817,0
0.4749558792997466,-0.04286808256783996,0
0.4552974930628545,-0.040128912418293666,0
0.298031153072773,-0.036815633548158117,0
0.1849957134250369,-0.02512735800116878,0
0.0473873847193168,-0.019802610769596482,0
-0.0558186743337065,-0.02757236016593562,0
-0.0223995302167479,-0.011037454363437796,0
-0.0371430386800194,0.002506644141715103,0
-0.1541102305656402,0.007017332977164967,0
-0.211119138204845,0.01292573091612815,0
-0.3536419697316556,0.0006445357489080313,0
-0.4027877478476224,0.0032922161282847437,0
-0.290735433735623,0.0022925537082337027,0
-0.2710770474987301,0.02766233137646549,0
-0.3330008329115569,0.028319762747489048,0
-0.4067195000855071,0.021417637851058505,0
-0.3703517292664011,0.0329875552599776,0
-0.2494531600954257,0.03399723374841936,0
-0.2248802710374423,0.027881607426457518,0
-0.1629564856246154,0.037835056358343146,0
-0.1629564856246154,0.04938613671840645,0
-0.0410747909179049,0.0667527202438933,0
0.0070878616623267,0.08473461777173608,0
-0.0322285358589296,0.07489224690839111,0
-0.2238971455017057,0.10447681222512659,0
-0.3742831065517536,0.0712949159285737,0
-0.4892844223184326,0.09922408578223305,0
-0.6504825145463989,0.10377731214125645,0
-0.879502020544019,0.11410716537886909,0
-0.6839016586633576,0.149986642407117,0
-0.6416362594874236,0.1449280101415652,0
-0.6809530319612087,0.14322259904334667,0
-0.7674493314794881,0.14693029620998552,0
-1.2215565912368438,0.15578649275381112,0
-2.219215849495717,0.14963411323499354,0
-1.9017339803846105,0.18415221053413555,0
-2.0373764329713877,0.15803794422977474,0
-2.1828478912003453,0.1486712592523907,0
-2.160240878261304,0.13971109900650766,0
-2.458064173659254,0.16608397791273927,0
-2.6300743970651377,0.1411330464540559,0
-3.2768328295722102,0.1327475615948742,0
-2.8001189318283446,0.10140388732436702,0
-3.0743522762277813,0.10842813465765973,0
-2.9829410989358807,0.1047392456153137,0
-2.9190516248803764,0.09858612211585556,0
-2.8718717228833524,0.08853135552278603,0
-3.057642704169301,0.04976273470865449,0
-3.1647805154602104,0.062475211010328977,0
-3.304354532808607,0.05243352845122725,0
-3.266020885870558,0.05490166679208955,0
-3.2827304579290373,0.04670480967491121,0
-2.7902897387098977,0.03447520205472304,0
-2.493449193895154,0.021143119820319262,0
-2.715588133476477,0.024424938095323315,0
-2.95640252123522,0.011826763640299236,0
-2.812896751648939,0.008822460863141392,0
-3.041916070170293,0.004477035944428321,0
-3.076318152346724,-0.00304889305612437,0
-3.3023886566896645,-0.020814341099574026,0
-3.3259786076881768,-0.014239759813166058,0
-3.3259786076881768,-0.015283917350370605,0
-3.483245135154524,-0.017011705286450025,0
-8.977743278500625,-0.03655813285194121,0
-4.295133412127448,-0.036927929306818846,0
-3.924574293876887,-0.039251374747408904,0
-3.65722123467935,-0.038383012785468656,0
-3.613972897443945,-0.0370101194574244,0
-4.02286585010882,-0.03687172956713413,0
-4.066114093606092,-0.035357205501547445,0
-3.798761034408556,-0.03206404586440611,0
-3.427218978098524,-0.029580583436926232,0
-3.334824862747152,-0.026362384099394915,0
-3.274867140929533,-0.023151159205284873,0
-2.8649913439433194,-0.018971923583909246,0
-2.92101750099932,-0.015311968638420024,0
-2.964265838234724,-0.011127452816159561,0
-2.847298833825369,-0.006750032977575428,0
-2.9062738050597816,-0.0022363485417106576,0
-2.74507552535555,0.002282796466481549,0
-2.7932383654120465,0.0059360398581605025,0
-2.570116675247519,0.01071035174469676,0
-2.3863113826042457,0.015362301965302418,0
-2.151394623202329,0.01917576745357855,0
-2.084556334968412,0.022987674348187145,0
-1.987247529319684,0.02626640511338087,0
-1.9449825050962808,0.02916430499270575,0
-2.010837667794461,0.03173403444271094,0
-1.902717105920348,0.035107568599104556,0
-2.0540858175536005,0.03805850271872945,0
-1.9656236419163788,0.04164902699484181,0
-1.7906644168558168,0.044815453486703884,0
-1.7955792946294389,0.04705284206123513,0
-1.6609195926258662,0.04924066994286778,0
-1.613739690628843,0.051114318760942086,0
-1.6019448088677188,0.052315713016643846,0
-1.391600938523786,0.053187630683701324,0
-1.5252775149916211,0.05312222717741339,0
-1.451558847817671,0.05241562597065466,0
-1.386686435702696,0.05110858538630685,0
-1.7071167440396855,0.04948862273607952,0
-1.7149802485154548,0.04971025279537904,0
-1.6304494501635864,0.050461762950483754,0
-1.506601879337934,0.05172556712213197,0
-1.547884527930661,0.05209447389093565,0
-1.4613878534598514,0.052029917194236636,0
-1.371942552286893,0.05201510666809278,0
-1.3021556373508267,0.052430524375480424,0
-1.311001892409802,0.05287001832980705,0
-1.542970025109571,0.053676268370557695,0
-1.4731827352209754,0.05458785728393898,0
-1.4957897481600158,0.055984133889583496,0
-1.3768570551079835,0.05780570380443932,0
-1.4191224542839174,0.05890037976362462,0
-1.3650621733468602,0.05997653807231568,0
-1.2834800016971395,0.061417215776953554,0
-1.2854458778160835,0.06204887994199512,0
-1.2864290033518186,0.06425115090022282,0
-1.2589071126391562,0.06697001379457831,0
-1.3847205595837524,0.06930873888131482,0
-1.2933093822918522,0.07182825671657458,0
-1.3375406575867292,0.07398323810360379,0
-1.3188650219330422,0.07628735047130951,0
-1.229419720760083,0.0795652552359169,0
-1.2736509960549594,0.08300977909568284,0
-1.2893776300539674,0.08548439623348413,0
-1.2677533676981316,0.08746854600934682,0
-1.1547183030029264,0.0895960325929471,0
-1.1606155564072227,0.0916332901321947,0
-1.2421977280569432,0.0939519784211101,0
-1.2205734657011085,0.09692188681290273,0
-1.1901033232388287,0.09919462810180268,0
-1.245146354759092,0.10251063015063201,0
-1.22253934182005,0.10729731804806786,0
-1.3552331677046792,0.1124841275252189,0
-1.3208308980519838,0.11627423369486489,0
-1.2480953564137702,0.12098014699113112,0
-1.1802739426441162,0.1255567388132432,0
-1.1321112900638868,0.1296866223568105,0
-1.155701053586133,0.13201281309216614,0
-1.2274538446411414,0.13546656782587121,0
-1.15668417912187,0.13982573934234432,0
-1.1891201977030914,0.14437247909158263,0
-1.0849313880668616,0.14860502173025586,0
-1.127196412290265,0.15245385789955218,0
-1.1498038001818365,0.15820057143556215,0
-1.0633071257110265,0.16227995612726934,0
-1.0633071257110265,0.16920953773391773,0
-1.0593753734731417,0.1735819842594371,0
-1.093777268173306,0.18428210024478292,0
-1.1173674066480836,0.19194924656834994,0
-1.0898458908879514,0.21554242523432643,0
-1.018093099832945,0.22252156959940678,0
-1.0141613475950595,0.23020077444126638,0
-1.048563242295225,0.23590644655412832,0
-1.0554436212352576,0.2409783056362236,0
-1.090828641471158,0.24699480589467726,0
-1.0760851330078862,0.2541569235935017,0
-1.1989495782978037,0.261004509448761,0
-1.2127103361778684,0.26825865889433703,0
-1.3699766761679506,0.27612718056521196,0
-1.665834470399488,0.28445094801854276,0
-1.5390382728716865,0.2998370778354764,0
-1.6127569400456363,0.33384074867852354,0
-1.6098079383909576,0.3459517043628732,0
-1.6166886922835213,0.3579190740012127,0
-1.5164312599326446,0.3734545223876212,0
-1.3316430292299015,0.3881891059931193,0
-1.2520267336991249,0.3995148920612485,0
-1.2382659758190584,0.4081929296215873,0
-1.415190702046032,0.41671261249955804,0
-1.386686435702696,0.42792160377465005,0
-1.3542500421689423,0.44125302771798985,0
-1.3168991458140984,0.4512429413826696,0
-1.322796774170926,0.4633574052097388,0
-1.2883948794707625,0.4718085128730977,0
-1.4171565781649758,0.4849725141033958,0
-1.3257454008730751,0.4978704523241809,0
-1.4731827352209754,0.5077118404001462,0
-1.63732982910362,0.5189638069586083,0
-1.4240369571050089,0.5303034100648157,0
-1.281514500530729,0.5457771706815028,0
-1.35228416605,0.5609744777588259,0
-1.2304028462958203,0.5728843348143591,0
-1.2883948794707625,0.581919197592632,0
-1.4033958202849093,0.5897667337538891,0
-1.3277112769920167,0.5986134671971903,0
-1.245146354759092,0.6104809835503653,0
-1.25300985923486,0.6221720068416711,0
-1.2608729887581,0.632150955921771,0
-1.2657874915791898,0.6424479916948482,0
-1.2038640811188932,0.649109069718628,0
-1.3444210365267608,0.6528601456650458,0
-1.284463127232877,0.6643004424122759,0
-1.3621135466447127,0.6839883693233046,0
-1.4889093692199822,0.6971877857776209,0
-1.3896350624048437,0.7068555799481401,0
-1.6039106849866611,0.7291846828632926,0
-1.7238265035744302,0.7447966789173373,0
-1.7611770249767436,0.7655343140018552,0
-1.6609195926258662,0.7859536332565057,0
-1.5773719198097356,0.7997613171804218,0
-1.4309173360450402,0.8123934273035786,0
-1.4663023562809423,0.8264345945147892,0
-1.6284835740446446,0.8490252373767738,0
-1.3188650219330422,0.8740928492453262,0
-1.213693086761075,0.8824870444910241,0
-1.2048468317020995,0.8899141575484427,0
-1.237283225235852,0.902966731181724,0
-1.3345916559320503,0.9097777242293197,0
-1.2156589628800174,0.9301000539356934,0
-1.206812707821042,0.9378111230853015,0
-1.168479060882993,0.9426675013095953,0
-1.1763421904062314,0.9437202257858367,0
-1.1360426673492392,0.9500348654321342,0
-1.0465973661762809,0.9388276954385483,0
-0.8647581371282167,0.9373963902692487,0
-0.7861249671331753,0.9358312192134918,0
-0.8038174772511257,0.925709546929492,0
-0.8224927379522827,0.9147864026843536,0
-0.9001431573641178,0.9126872154712803,0
-0.8283903663091091,0.9028749676423456,0
-0.7930053460732088,0.8894695258721659,0
-0.7320646861961186,0.8706336498417009,0
-0.7812104643120854,0.8611498230217725,0
-0.7969370983110943,0.8515027952053977,0
-0.8048002278343322,0.839448172935791,0
-0.6809530319612087,0.8233049862116878,0
-0.7015941687813081,0.8092513380278697,0
-0.66031152018858,0.7935543724910029,0
-0.5983881097282833,0.7835350406729106,0
-0.5787297234913911,0.771157829846059,0
-0.5256521931375395,0.7562088571386133,0
-0.4529166514993265,0.7450256534053378,0
-0.5865928530146297,0.7263746933188981,0
-0.6573628934864318,0.7122046819991489,0
-0.5492423316123164,0.6953271496199719,0
-0.5384302004343995,0.6858524901934188,0
-0.5983881097282833,0.6710823354821648,0
-0.5610372133734405,0.6616253708391094,0
-0.5217204408996541,0.648236942734255,0
-0.5099255591385313,0.6306172139305234,0
-0.5983881097282833,0.6154470502160019,0
-0.3713344798496061,0.597890687356936,0
-0.3025303154967471,0.5843511199247984,0
-0.2828719292598535,0.5638263785718313,0
-0.1442808499709283,0.5457291871963809,0
-0.1432980993877226,0.5340109507428363,0
-0.0489382953936729,0.517948810969885,0
-0.0784256872727476,0.495489057141458,0
-0.0135532751577726,0.4802138803888856,0
-0.1324859682098049,0.4607264576100125,0
-0.0715453083327147,0.44108735311692004,0
-0.0459892937389947,0.4252266162423504,0
-0.056801424916913,0.4112339105508321,0
-0.1413322232687802,0.39123393380614147,0
-0.0921864451528134,0.37389542872756204,0
-0.1079130791518215,0.3571810344218326,0
-0.0843233156295754,0.338921202377307,0
-0.1344518443287473,0.32122584158491346,0
-0.1482126022088131,0.3001665426075628,0
-0.015519151276715,0.2808006336452353,0
0.1034135417753172,0.26308656044685563,0
0.1948247190672173,0.2212711238235686,0
0.2479022494210696,0.20311651188548593,0
0.3088429092981591,0.19017042779967486,0
0.4189297222437469,0.17853279961541962,0
0.4572633691817968,0.16649899645302843,0
0.4887166371798131,0.15631388594325765,0
0.4454684874206734,0.14498254923388368,0
0.5663670565916474,0.13653604798607213,0
0.6233759642308536,0.12707854253812986,0
0.7305137755217624,0.11934666520065768,0
0.6695731156446723,0.10945701890330162,0
0.5437600436526071,0.10025996227778541,0
0.7649160451744578,0.09465047750006658,0
0.7826081803398774,0.09006169898142709,0
0.9349603924613984,0.0826925301869819,0
0.9654305349236796,0.08060883181283078,0
0.7658987957576635,0.08012543405662127,0
0.6813679974057957,0.07683693253546252,0
0.5938885723517797,0.07224092421562604,0
0.7442745334018289,0.06436546682728067,0
0.9949183017552836,0.05832759480008849,0
1.2170566789078094,0.05512920984940355,0
1.1148341203430523,0.052409917227328,0
1.0126108118732342,0.0482187635723719,0
1.054876211049168,0.04441033278755363,0
1.2101762999677763,0.0424656622120213,0
1.1698771518633158,0.04097116954609937,0
1.1482528895074804,0.039756159894726716,0
1.0902612312850692,0.03755827594031708,0
1.0706024700956456,0.036447773983790496,0
0.6184614614097631,0.03653317165183814,0
0.7580352912818941,0.033727748453822835,0
0.770813298578754,0.032100534880989594,0
0.3982882104711182,0.027517789800805197,0
0.7344455277596472,0.02395093655224096,0
0.4769217554186904,0.022136820488396734,0
0.7138043909395478,0.021230606735035525,0
0.7717964241144913,0.01994777471207256,0
0.6725217423468204,0.01876495083006621,0
0.5358965391768375,0.01800983362325752,0
0.760984292936573,0.016519712764241235,0
0.4857680104776656,0.014544828528704389,0
0.5526062987115823,0.012277370597905887,0
0.595854448470722,0.010295042398845341,0
0.5791446889359766,0.009009512011695723,0
0.5516231731758457,0.007819664195498068,0
0.5889740695306891,0.005831351383257441,0
0.6361539715277136,0.0038847165797019838,0
0.928080013521367,0.0027378730066426704,0
0.9585501559836468,0.0021328943079428277,0
0.9261141374024232,0.002187856631288195,0
0.9506870264604068,0.0013010164992442014,0
0.8582927236327693,0.0008227781719110578,0
0.7511549123418605,3.8213585025910096e-05,0
0.7590184168176306,-0.0009198819797274588,0
0.8288053317536961,-0.0013757862276297962,0
0.8061983188146551,-0.002267986363368597,0
0.9074385017487362,-0.0029226445070377853,0
0.997866928457432,-0.0030589853904922954,0
1.1109023681051675,-0.003297349993128077,0
0.9703454126973002,-0.003404446227165305,0
1.059790338917728,-0.0031503322407658665,0
1.177740656339085,-0.003117469293158766,0
1.1718426530297272,-0.002827313908116678,0
1.081414601273563,-0.002363722257573165,0
1.1000902369272505,-0.0018028244857359044,0
1.1020557380936618,-0.0011048406762987446,0
1.1374407583295627,-0.00029089651724149634,0
1.2160743032771344,0.000749325864328477,0
0.9939351762195472,0.0020951266450703722,0
1.146287388341069,0.004009483407274648,0
1.2347491890257598,0.0059954770775943415,0
1.1580818951496614,0.007876800153093827,0
0.948721150341465,0.010314671913020568,0
0.8199590766947209,0.014241411953746811,0
0.9703454126973002,0.01833705520184489,0
1.2131256765749865,0.022192279197245837,0
1.2150911777413975,0.02575132078591267,0
1.2288519356214636,0.03119571461029416,0
1.291758471617496,0.03758256536616374,0
1.2396640667993812,0.04383640081493818,0
1.3772723955051005,0.04997378564658157,0
1.486376082914952,0.056050141652037484,0
1.4844098318434786,0.06318561840982814,0
1.5640265023267867,0.07006076019250095,0
1.5256928553887377,0.07626472897159317,0
1.6062919015027208,0.08240871846586537,0
1.5974452714912146,0.08936346064768431,0
1.6298816650249677,0.09758841547248337,0
1.6908226998545886,0.10391479032731403,0
1.6878733232473788,0.11147602239400058,0
1.8097553929066208,0.11859269713629177,0
1.8127040196087687,0.12262460226634948,0
1.7036003321989177,0.12865397713839583,0
1.7625751159570655,0.1340670873842971,0
1.961124479492406,0.14256225180767026,0
1.9021489458291967,0.14874055612882964,0
1.9041151969006695,0.15460168871158436,0
1.9257394592565047,0.16072833942399767,0
1.9994581264304552,0.16780182932782264,0
1.887405812318456,0.1727419364509431,0
1.8942861912584887,0.17490833327534125,0
1.942448843838719,0.17996593118066362,0
2.1154421927803395,0.1800058439038677,0
2.1085618138403066,0.18229522935917364,0
1.9326198381965376,0.18626260391982272,0
1.8176181474773287,0.1905373697699304,0
1.890354439020604,0.18714924840763023,0
2.049586280177097,0.1839159632179379,0
2.0043722542990148,0.17583477112919993,0
2.1174076939467508,0.1702690378086389,0
1.9090293247692296,0.16644544188462237,0
1.7635582414928022,0.16302031155921798,0
1.7792845005392797,0.16008573089785602,0
1.2494930724415625,0.15881609641986044,0
1.3477846286734958,0.1673587443416928,0
1.630864790560704,0.17267159431634077,0
1.7891142560865223,0.1732110794880323,0
1.804840515133,0.17128946801334388,0
1.7891142560865223,0.16891077352849007,0
1.7635582414928022,0.17057292276922476,0
1.836293783131016,0.16979039124696402,0
1.957192727254521,0.169959130124813,0
1.9896283708832123,0.16776500035122388,0
1.725224594554753,0.1654568894685262,0
1.6564200552493626,0.16911358026665124,0
1.4195377946810346,0.17029267107836424,0
1.5119313476036105,0.17345431918722964,0
1.4323154270253635,0.1783879523192532,0
1.25539107575092,0.18530722823266194,0
1.4332985525611004,0.19022611369508446,0
1.5276583565551491,0.1969336332549882,0
1.5119313476036105,0.2041295049179377,0
1.4480424359769026,0.21014707327103366,0
1.3350069963291666,0.21570624727101853,0
1.2662024570237762,0.22452028424182446,0
1.1551332684475133,0.23404592360568927,0
0.9811571689226865,0.24241787837135725,0
0.8464978418716467,0.2624963536863832,0
1.172825778565464,0.2812608308907941,0
1.35957988538715,0.29840401929452465,0
1.440178931501133,0.3106460786351697,0
1.3477846286734958,0.3281676037532591,0
1.4775294529034455,0.34549088863469807,0
1.5237266043172644,0.3658986649659186,0
1.4539396893811989,0.3813222668746005,0
1.4627855694876437,0.3938114423648608,0
1.6003938981933628,0.41360012818280023,0
1.531590108793034,0.4297997156774096,0
1.4391958059653966,0.44294352927181574,0
1.5325732343287706,0.46435715085129337,0
1.418554669145298,0.4869635404102725,0
1.5738555079689678,0.5147589714246247,0
1.645607924071445,0.5414175330189482,0
1.6465910496071814,0.5688230203171093,0
1.8579180454868511,0.5971195155553792,0
1.8579180454868511,0.6260976819052924,0
1.7950115094908186,0.6484158433535113,0
1.6298816650249677,0.6740223617763511,0
1.6564200552493626,0.6999070238130929,0
1.8205675240845385,0.7329957198969307,0
1.9257394592565047,0.7627451787622603,0
1.9925777474904225,0.7885954530021329,0
2.1370657052311133,0.8174346653358215,0
2.121339446184636,0.8558646278388712,0
2.076125420306554,0.881762763317087,0
2.095783431590916,0.9096553527438644,0
2.179331104407047,0.9349111526521301,0
2.350358952182256,0.9622361197536218,0
2.479120650876469,0.9871993832080064,0
2.3316833165285686,1.0206500729664567,0
2.417197240416173,1.063840816763132,0
2.5204029245166666,1.1200569748468758,0
2.6354038653308143,1.1795372881128106,0
2.6471991220444684,1.242564457953155,0
2.6275411107601063,1.3195970861918973,0
2.713054284742649,1.4021222016161554,0
2.8083972142724347,1.4601430402821436,0
2.8241242232239734,1.5248687297257084,0
2.875235502506352,1.5755113443306856,0
2.964681178631841,1.6065124238780952,0
2.8300214766282696,1.6460714825760285,0
2.9538690474539235,1.6617085973158086,0
2.9538690474539235,1.6967865643167244,0
3.04134847250794,1.7537228910906995,0
2.8457484855798088,1.8259552992601567,0
2.8604916190905496,1.9133689035077208,0
2.9351934118002365,1.990694725443693,0
2.982373688749792,2.057946308507247,0
2.968612930869726,2.165959757366213,0
2.668823384400304,2.223045078066598,0
2.467325394162815,2.289074845519414,0
2.7091225325047645,2.357996606712822,0
2.77399531957227,2.404149646362373,0
2.9922026943919726,2.449554373433922,0
2.716002911444797,2.495496713347134,0
2.7405758005027807,2.545067936698916,0
2.661943005460271,2.592103014901763,0
2.670788885566715,2.6356065077522453,0
2.6589943787581225,2.682211448041351,0
2.4230944938204697,2.7151253137885845,0
2.4869841553522387,2.78800822383087,0
2.2009553667628823,2.890978423037432,0
2.2648450282946517,2.999995126406749,0
2.436855251700535,3.1103348064121104,0
2.4260431205226176,3.17389793952272,0
1.4195377946810346,3.2626737441371514,0
1.5964621459554782,3.336535484570414,0
1.2259033089193154,3.4497537294307925,0
1.165945399625431,3.563384673161414,0
1.2573565769173316,3.699593231834017,0
1.2337668133950848,3.79749027652644,0
1.551248120077396,3.9371256358788136,0
1.802875013966588,4.100767221323239,0
1.833345156428868,4.240440889936318,0
1.693771326556737,4.340292995712154,0
1.765523742659214,4.4677068923441,0
1.7281732212569012,4.630737014284511,1
1.673130189736638,4.766384481700735,1
1.6868909476167038,4.877971390741404,1
1.8353106575952796,4.937575416618962,1
1.6859078220809671,5.075864048056752,1
1.427401299156804,5.222063205475355,1
1.7114638366746873,5.409977561810417,1
1.8726619289026532,5.572426995121489,1
1.9739021118367357,5.739405356135152,1
2.1488609619447674,5.905845932431834,1
2.1891608599542898,6.091904975178331,1
2.2461693926409643,6.240427653250474,1
2.2884347918168984,6.3801447134425775,1
2.113475941708866,6.518660032941982,1
2.1989898655964706,6.651961113910374,1
2.2884347918168984,6.820842315045799,1
2.372965590168766,7.0358607105979205,1
2.531215055694584,7.216163996484024,1
2.4761720241743213,7.366969877489781,1
2.41031686147614,7.543354966141943,1
2.7042084046362045,7.745494321939661,1
2.8437822345083354,7.873261686193185,1
2.792670955225957,8.018748285229183,1
2.95976630085822,8.22208833576861,1
3.1180157663840378,8.415546216474539,1
3.268401727434086,8.561179346542591,1
3.26250447402979,8.780574412629058,1
3.089511125088169,9.006411072372197,1
2.909637397206516,9.201400099341502,1
3.134725150966252,9.390092015544825,1
3.306735374372136,9.519193971102288,1
3.233999832733922,9.6052799909711,1
3.254640969554021,9.717775344617102,1
3.385368919319707,9.841075726616335,1
3.390283047188267,9.897463873795168,1
3.3961810504976246,9.970748549391466,1
3.593746538592167,10.087160937351484,1
3.7942614032939193,10.242005102447848,1
3.696952972597722,10.296041003729515,1
3.5043016123717394,10.41333779099993,1
3.5337893792033443,10.400842745571145,1
3.5554128916541177,10.485214300856708,1
3.871911822705754,10.566231660846203,1
4.103879955405523,10.615773498199777,1
3.770671639771672,10.674698936474176,1
3.926955604131079,10.695008833270116,1
3.7402014973093927,10.771110226658376,1
3.672380083539738,10.804857082247189,1
3.798193155531804,10.823263179739243,1
3.773620266473821,10.88538204677315,1
3.843407181409886,10.888924565969484,1
3.723491362822117,10.925150186612953,1
4.129435969999243,10.956439920585643,1
4.885298277392434,10.950869611298788,1
5.592014056764593,10.879184508653486,1
5.304019767008823,10.807069008122896,1
6.091335342400032,10.763263137119754,1
6.456980051567633,10.697986360110244,1
6.879633293421913,10.605375748515486,1
5.405259949942908,10.451133311212462,1
5.141838549245122,10.400926265617407,1
5.467184110308265,10.268647345673175,1
4.845981504918648,10.152402685708385,1
4.200206010471044,10.016979443357078,1
4.062597681765325,10.00137318717497,1
4.843032878216498,9.993420707175915,1
5.012093725015173,9.94744673262306,1
5.741417642183963,9.883638567386077,1
5.706032621948068,9.769580490161513,1
6.017616675226082,9.604786572129951,1
5.763041154634737,9.49285198460254,1
5.916376492291998,9.344149965920721,1
5.13594129584083,9.191204805347136,1
4.966879699137087,9.122539577569524,1
5.318763650424626,9.06015169336081,1
4.577645226447243,8.994232369594966,1
4.47837054467957,8.96907436087662,1
4.872519895143044,8.939536655058683,1
4.742775070913095,8.850722713965794,1
4.179564873650945,8.805274051755486,1
4.159906112461522,8.782617750772964,1
4.379096612816961,8.79057355110586,1
3.988879014591375,8.73307362401798,1
4.609098494445257,8.656127357365035,1
4.967862824672826,8.609827387795105,1
5.233249726537024,8.503707809592125,1
5.357097297362681,8.351830978777992,1
4.801749854671244,8.239296448448657,1
4.820425490324926,8.164334697417049,1
4.92264879879474,8.098990079026867,1
4.753587202091008,8.017534218482282,1
4.406618128577093,7.90679021423154,1
4.717219056319372,7.844358303630054,1
4.748672324317387,7.751063670674356,1
5.076966512082682,7.692465465392653,1
5.011111349384492,7.578923507692351,1
5.058290876428989,7.474858176308164,1
4.787006721160501,7.341196137058726,1
5.317780524888896,7.206263737957802,1
5.3620121751363,7.049746645507136,1
5.510431885114873,6.927719615612269,1
4.853844259489351,6.7608417972025965,1
4.526533947164862,6.6658812584652525,1
5.111368406782846,6.5732064732487405,1
5.152650680423042,6.469821830456018,1
5.581201925586672,6.393690350655756,1
5.945863509218543,6.323526634896068,1
5.768939157944097,6.20264555361208,1
5.49273937499692,6.105367541519078,1
5.750263522290415,6.0355094454654985,1
5.850521329593818,5.925845445792591,1
5.561543914302309,5.819052657057478,1
5.510431885114873,5.681464219684049,1
5.565475666540199,5.60241865745676,1
5.935051378040621,5.4878909389513755,1
6.031377433106145,5.356859963858139,1
5.992060660632359,5.229639043730168,1
6.050053068759835,5.140291712661877,1
6.208302534285648,4.980485234793391,1
6.404885646749515,4.847844932586768,1
6.36851750097788,4.696453284974013,1
6.457963177103372,4.618382402011227,1
6.72335007896757,4.50897998713145,0
6.664375295209421,4.390499733516012,0
6.58180999802396,4.2947689114738266,0
6.607366012617684,4.184511435885245,0
6.410782900153816,4.073875831483955,0
6.054967196628398,4.002895220016318,0
6.279071824852388,3.8901764380677064,0
5.48979074829478,3.802440820761622,0
5.596928934538214,3.724372278362295,0
5.158548683732391,3.658289915597752,0
4.969828325839238,3.6084506217201913,0
5.2991056391402624,3.536708983443292,0
5.490773873830509,3.4798485725383284,0
5.706032621948068,3.390822102833115,0
5.511415010650612,3.2934670995110156,0
5.1162832845564665,3.211839422991289,0
5.378721559718513,3.155592399292983,0
4.500977932571142,3.0750024306916686,0
4.405635003041356,2.987609348229118,0
4.818459989158514,2.9190772233077404,0
5.020940355026673,2.85402235267562,0
4.9521358157212845,2.7690740335078634,0
4.141230476807835,2.70876168552598,0
4.186445252590978,2.673623919718771,0
4.1353332234035385,2.6387748927704653,0
4.313240700213719,2.5785444955656547,0
4.805681606909124,2.517953796026807,0
4.964914197970676,2.432424475526453,0
4.772262837744698,2.3429067868290314,0
4.191359380459538,2.256743883087213,0
4.029178162695835,2.188589322626568,0
4.225761275159703,2.143659147828758,0
4.056700428361029,2.106263543833284,0
4.280805056585027,2.0635533323201725,0
4.198239759399571,1.9982380106552562,0
4.414481633052862,1.9449599687344694,0
3.949562242117589,1.8801895037731369,0
4.001656646935704,1.8455680530199134,0
3.632080935435278,1.8033133434280022,0
3.4237025662577563,1.78602867003676,0
3.469899717671575,1.763550590427473,0
3.6419099410774582,1.743898636400099,0
3.6163539264837383,1.7200850899459994,0
3.7569108818916064,1.6891532656449906,0
3.993793142459935,1.663171154624709,0
3.772637140938084,1.6175677680678382,0
3.5092164901453606,1.5750430511070652,0
3.226136328258153,1.5322748621087647,0
3.381437167081822,1.5014241462208808,0
3.6163539264837383,1.4692277218774004,0
3.6428923167081337,1.4363248552851529,0
3.589815536259344,1.3973189766883616,0
3.9348183587017855,1.3808663446842633,0
4.047853798349522,1.3559275226370064,0
3.8149025401140175,1.3360413183086672,0
3.867980070467869,1.3147787531670894,0
4.2562321675270445,1.3000352591077173,0
3.728406240595738,1.264785140119098,0
3.5229772480254264,1.2469587353651932,0
3.233999832733922,1.2263708178861508,0
3.259555847327642,1.2171276610827904,0
3.260538222958317,1.200190563686086,0
2.774978445108007,1.1872837636636735,0
2.932244785098088,1.179759248534571,0
3.2516923428518725,1.1642808568387075,0
3.3490007735480694,1.1429946023526751,0
3.3028036221342507,1.1154549803509792,0
3.41780531285346,1.0854752833173416,0
3.085579372850285,1.0620126903221923,0
3.0865624983860216,1.0549863726820563,0
3.1475035332156427,1.0446772897029204,0
3.021689711318516,1.0302008536192135,0
2.8732700013399404,1.024148621936294,0
2.927329907324467,1.0218604769118937,0
2.460445015222782,1.0177253916072404,0
2.2609132760567667,1.0140191890062893,0
2.436855251700535,1.0071221613418384,0
2.7956195819281056,1.0022189191382798,0
2.705191530171941,0.989327932999313,0
2.5341636823967324,0.9787133377920614,0
2.9410906652045328,0.9706921358949199,0
3.225153202722416,0.9605291699258333,0
3.347035272381658,0.9416949733387721,0
3.4148559362462505,0.9187255974603203,0
3.826697796827672,0.9003338528868909,0
3.678277336944035,0.8844700056549526,0
3.5033184868360028,0.8690603604682777,0
3.298871869896366,0.8509916113589475,0
3.479728723313756,0.8298536145935415,0
3.135708276501988,0.80694937957713,0
3.120964393086186,0.7967717248419669,0
2.8614747446262863,0.7821067846376251,0
3.129811023097692,0.7623810308182201,0
3.172076422273626,0.732065218004711,0
3.0806652449817253,0.7080080373759137,0
3.0344680935679067,0.6840040530471151,0
3.1072036352061203,0.6558848621009311,0
3.361779155797461,0.6331500624842025,0
3.476780096611608,0.6112594748080785,0
3.360796030261724,0.5836494871635466,0
3.226136328258153,0.56401325737429,0
3.4069931816755425,0.5480299051381562,0
3.567208148367772,0.5286138643193724,0
3.387334420486119,0.5063012982796546,0
3.823749170125524,0.48498458481722856,0
3.743150124011541,0.46144699351292645,0
3.460070712029394,0.45512231171299644,0
3.1573325388578235,0.4487641029275427,0
3.2202390748538563,0.4434896506561614,0
3.4649848398979537,0.43569603066896817,0
3.1612642910957085,0.42661149290753214,0
3.2644699751962016,0.4269450388161767,0
3.1337420254305157,0.4225645580394948,0
2.745490678276402,0.4158268420150371,0
2.592156090524205,0.4165160751836884,0
2.5577541958240406,0.41694048837323755,0
2.677669264506748,0.41558899693504514,0
2.3818122201802723,0.41538709445273286,0
2.2186478768808326,0.4134551630026219,0
2.3130076808748816,0.41337253958865644,0
2.4073674848689306,0.4174022958079146,0
2.638353241938024,0.41548983380065924,0
2.7042084046362045,0.40813173406533293,0
2.5823270848820243,0.40185048046171845,0
2.282537538412602,0.39888570882626667,0
2.019116137714817,0.39701453928691016,0
1.7989432617287031,0.3922343877990809,0
1.7448826058391151,0.3903052737082229,0
1.7016340811274446,0.38981987719851313,0
1.9129610770071144,0.3894747710502856,0
2.1311684518268166,0.38938239578473066,0
2.3169394331127666,0.3869819200360142,0
2.201938492298619,0.3809066406298137,0
2.0230478899527022,0.3734753886147204,0
2.1115104405424545,0.36922785027563804,0
2.1999722412271456,0.36741415696579777,0
2.416214114880437,0.36042376468738974,0
2.337580569932865,0.3518592979593506,0
2.5410440613367653,0.3461959788968716,0
2.538095434634617,0.34118413457175845,0
2.482069277578617,0.33428353237732866,0
2.4270262460583543,0.3287877735375757,0
2.6098486006421555,0.32434001564305476,0
2.282537538412602,0.3154264480183302,0
1.880524683473361,0.3117549815339704,0
1.9621068551230807,0.30823861793482404,0
1.9719358607652624,0.3053568030664375,0
2.05646665911713,0.3026901999124177,0
2.1046300616024216,0.2983371671556588,0
2.3297178153621574,0.2926181581447439,0
2.4260431205226176,0.28780780044627646,0
2.57053182816837,0.282561119312181,0
2.6019850961663864,0.27338159488707325,0
2.5331813067660574,0.2643885903101639,0
2.6167289795821884,0.2526523093721341,0
2.713054284742649,0.2414169840458767,0
2.74352517710999,0.22632982236706672,0
2.5970702183927648,0.221431500660463,0
2.599036469464238,0.21580966770005894,0
2.6835672678161058,0.2072503895936095,0
2.5528393180504194,0.19976512194471943,0
2.3778804679423877,0.1914432627242085,0
2.473223397472173,0.18596956501112746,0
2.2314262591302234,0.1795523087786507,0
2.179331104407047,0.1723095210762094,0
1.9345853393629493,0.16765004859296503,0
2.0053553798347514,0.16200702513873086,0
2.303178675232701,0.15979430375228457,0
2.433906624998387,0.1543431368505441,0
2.393606726988865,0.14934455948971184,0
2.556771070288304,0.14611449880917124,0
2.5980533439285014,0.14324105081389335,0
2.4918982832207983,0.14069115665220402,0
2.44570113180698,0.13880428389970012,0
2.435872126164799,0.13805812455578545,0
2.224545130285129,0.13790183662216685,0
2.20685337007224,0.13784381050376343,0
1.9896283708832123,0.13497260215090018,0
2.1311684518268166,0.13463687009179828,0
2.2225796291187176,0.13492528083483385,0
2.159673093122685,0.13299254482787154,0
2.294332795126256,0.1355521362149562,0
2.357239331122289,0.13570950687422953,0
2.403436482536107,0.1350614319804612,0
2.5528393180504194,0.1359162993941168,0
2.629506611926518,0.13661736621947487,0
2.346427199944371,0.1375342685858803,0
2.255999148188207,0.14016561728604265,0
2.16360484536057,0.143346188130797,0
2.2579646493546184,0.1470441614243393,0
2.073176793604405,0.15010664421066655,0
1.732104973494786,0.15491025632652894,0
1.366460264327183,0.16176210883109363,0
1.4391958059653966,0.1713253307068858,0
1.2809463404395784,0.18425051422248195,0
1.3694088910293312,0.19525371870716676,0
1.5355218610309187,0.20801456465211768,0
1.689839574318852,0.2185370923298648,0
1.5974452714912146,0.2254015689791329,0
1.5286414820908858,0.23477812569016587,0
1.8775760567712128,0.24598862966594146,0
1.9159097037092625,0.2519722382684794,0
1.893303065722752,0.25859056635287364,0
2.030911394428472,0.2649162942096077,0
2.158689967586948,0.2708126253090192,0
2.625574859688633,0.2728056887348381,0
2.6540795009845013,0.27269237685622477,0
2.64425049534232,0.27121920834015045,0
2.6530963754487646,0.27405337719237227,0
2.558736571454716,0.276771578086062,0
2.7346785470984845,0.2778701373879338,0
2.9047232693379565,0.2827745240911245,0
2.7966027074638418,0.28626283844008665,0
2.8319869777946813,0.2919502447257325,0
2.6658747576981554,0.2980120567143687,0
2.668823384400304,0.3032986916830248,0
2.501728038768041,0.3089200804644202,0
2.317922558648503,0.3208593898726393,0
2.37493184124024,0.3336462090613338,0
2.4624112662942554,0.34686850007596653,0
2.296298296292668,0.3607659544960009,0
2.0240310154884384,0.3768862859761423,0
2.069245041366521,0.3959918674206086,0
2.2677936549968,0.41128385091868197,0
2.157707591956273,0.4269984492931603,0
1.7645413670285388,0.44302868512841415,0
1.46376869502338,0.46595062609740384,0
1.4598369427854954,0.4910284725068161,0
1.7330873491254608,0.5225001602828174,0
1.9119787013764395,0.5507061936809012,0
1.9660386073609657,0.5770605808524105,0
1.8530031677132297,0.5973700381565913,0
1.6868909476167038,0.6201037276134308,0
1.6053087759669842,0.6400390101213094,0
1.7104807111389506,0.6539195150573547,0
1.6859078220809671,0.6697826320889527,0
1.8795423078426865,0.6889886601376414,0
1.7841993783129009,0.7103053827739614,0
1.7537292358506211,0.7288594516878824,0
1.79697701065723,0.7460792940826617,0
1.887405812318456,0.7713816483617814,0
2.027962017821262,0.793145449086131,0
1.7812507516107527,0.8169196614376675,0
1.8638152988911476,0.8436015905958281,0
1.548299493375248,0.8671280256686478,0
1.4136397913716765,0.9014255050637385,0
1.6112060293712804,0.9324990403928917,0
1.7724041215992468,0.9582686444833592,0
1.8127040196087687,0.9795823711340154,0
1.7724041215992468,1.001117136090568,0
1.8500545410110816,1.0246474587013326,0
1.7281732212569012,1.045406238166679,0
1.6180864083113131,1.0574411204166358,0
1.3182976117469527,1.0810571434730474,0
1.544367741137363,1.1087919597499716,0
1.431332301489627,1.134437341890984,0
1.6623180585587205,1.1509333569348037,0
1.776335873837131,1.1636485586706808,0
1.6505228018450662,1.16771553943005,0
1.8500545410110816,1.1782426891933333,0
1.553214371148869,1.1852995722892863,0
1.5188124764487048,1.2053223405120863,0
1.5394536132688037,1.2217077801922878,0
1.3753061444336274,1.2362012607080561,0
1.558128499017429,1.239794127244216,0
1.5876162658490336,1.2559561774758319,0
1.664283559725132,1.2789352185053893,0
1.580735886909001,1.2914735154669852,0
1.777318999372868,1.299259041472342,0
1.7783021249086046,1.304073531410025,0
1.980782490776768,1.3135492558748452,0
1.895268566889164,1.3234001731413212,0
2.076125420306554,1.332043189492665,0
2.1665534720627178,1.3263669556737616,0
2.278605786174717,1.3117794605720927,0
2.134117078528965,1.3041899686779386,0
2.0092871320726364,1.2928693039545471,0
2.1665534720627178,1.2882833478308644,0
2.127236699588932,1.2780336868059214,0
2.154758215349064,1.2669724860983362,0
2.296298296292668,1.258464566299726,0
2.460445015222782,1.2420964287479588,0
2.547924440276798,1.2275281755833716,0
2.4643767674606667,1.213058126570857,0
2.59313846615488,1.1982676350917763,0
2.641301868640172,1.1835776812165377,0
2.761217687227941,1.1683929973414005,0
2.718952288052007,1.1517114396577262,0
2.5341636823967324,1.1450720864730426,0
2.7366447981699573,1.1335429456045285,0
2.8614747446262863,1.1191214948150243,0
2.774978445108007,1.100811280034453,0
2.871303750268467,1.0790804007148023,0
3.016775583449956,1.0566360921914522,0
2.8614747446262863,1.027269695548242,0
2.897842890397924,1.0088714433766168,0
2.8310046021640063,0.9863932538354596,0
2.681601016744633,0.9683182911922406,0
2.523351551218815,0.94749335059993,0
2.622626232986485,0.9393047569269026,0
2.707157031338353,0.9249936998800933,0
2.655062626520238,0.9106550653438744,0
2.6186944807486,0.8937620990619759,0
2.4751888986385846,0.8778892145047672,0
2.4909159075901237,0.8588381697054902,0
2.567583201466222,0.8532181623562802,0
2.594121591690617,0.8436340510704192,0
2.698311151231908,0.834191603622891,0
2.7445075527406653,0.820752324270215,0
2.9410906652045328,0.8086545287806772,0
3.129811023097692,0.8003721869300899,0
3.241863337209692,0.7900464332771137,0
3.3254110100258227,0.7727163355561509,0
3.259555847327642,0.7570662856955414,0
3.3224623833236744,0.7384286132753949,0
3.3008381209678395,0.7158085673801882,0
3.4531895831843,0.6882452232308999,0
3.4217363151862834,0.6734366283434142,0
3.582935157319311,0.6498791469072028,0
3.6428923167081337,0.6261256471953892,0
3.712679981549261,0.6077299629624994,0
3.685157715884068,0.5854405887731585,0
3.594729664127904,0.564284894120707,0
3.5308400025961344,0.5520540128664538,0
3.57015677506992,0.5376262957192272,0
3.535754880369756,0.5240689360623384,0
3.605541795305821,0.5094293759048901,0
3.92892110529749,0.4937734893948352,0
3.735286619535771,0.4761602288869394,0
3.644858567779607,0.46117087797092615,0
3.451224082017888,0.4469469048158317,0
3.4915239800274103,0.434019200090412,0
2.999083073332005,0.4219468195414141,0
2.8113458409745826,0.4157392294175131,0
2.858526117924138,0.4082699582041557,0
3.21139244484235,0.40209741372210445,0
3.1710932967378893,0.3991045324392777,0
2.927329907324467,0.3885672747070612,0
2.870321374637792,0.3847082653748337,0
3.340154893441625,0.3809050695815268,0
3.2389147105075438,0.36946861377050066,0
3.2389147105075438,0.3650918034750431,0
3.402078303901921,0.3561119566784295,0
3.505284737907476,0.34676361507161085,0
3.444343703077855,0.33869803635865875,0
3.123913019788334,0.3327313577743177,0
2.9519027963824502,0.32932592370969044,0
3.114084014146153,0.3289224396350515,0
2.899808391564336,0.32479863540734666,0
3.128827897561956,0.325971551495488,0
2.8113458409745826,0.32514040708457786,0
2.684549643446781,0.3237910584097546,0
2.6275411107601063,0.32415181737021054,0
2.826089724390385,0.3244010318172021,0
2.6344214897001392,0.32558623893637934,0
2.6648916321624188,0.3277042929740096,0
2.3257860631242724,0.334947065453853,0
2.1252711984225203,0.34434284213515315,0
2.165570346526981,0.3558013117196723,0
2.3061273019348487,0.3668225569949184,0
2.4132654881782885,0.37805565842294997,0
2.4132654881782885,0.38689834985160476,0
2.255999148188207,0.3963885797274616,0
1.8864226867827192,0.40417896968280104,0
2.180314229942784,0.4192614372692217,0
2.348392701110783,0.4309098938112761,0
2.3651020856929965,0.44060296419057243,0
2.299246922994816,0.44673973784551213,0
2.145912335242619,0.45416026654412667,0
2.0790740470087017,0.46397595061799635,0
2.2314262591302234,0.4719468577907004,0
2.3739487157045027,0.480876389541875,0
2.1871946088828165,0.48704590722193947,0
2.001423627596867,0.4956021131411708,0
1.900183444662785,0.5096288896267108,0
1.829413404190983,0.5228128426470504,0
1.5404359888994783,0.534925750847397,0
1.5365042366615935,0.5472621921721565,0
1.722275967852605,0.5585156201543854,0
1.731121847959049,0.5656917515922815,0
1.4647518205591166,0.5752363448311558,0
1.5492826189109845,0.5922110112032174,0
1.7566778625527693,0.6033790078684096,0
1.741933979136967,0.6153101298473723,0
1.844157287606785,0.6254370789182135,0
1.9395002171365707,0.6375955718774825,0
2.0161675110126693,0.644583210084753,0
1.9837311174789165,0.6501703853464943,0
1.9512947239451637,0.6566995196874359,0
2.1488609619447674,0.6678188174355749,0
2.0053553798347514,0.6712690300207238,0
1.775352748301395,0.6779876922340949,0
1.7635582414928022,0.6885247437561209,0
1.638727545131412,0.6944115614062626,0
1.8667639255932955,0.7061244073190887,0
1.8166357718466537,0.7204453007710372,0
1.975867613003147,0.7295725489021073,0
1.6770611920694611,0.7347765552807874,0
1.8215498997152133,0.7450410263902121,0
1.7360367257326708,0.7482028261622223,0
1.7999256373593782,0.750238739673548,0
1.864798424426884,0.7548439122629762,0
1.8372769086667524,0.7575058076387867,0
1.8530031677132297,0.7615600910891064,0
2.0024067531326035,0.7685711540486915,0
1.9365515904344224,0.7747681974107942,0
2.1115104405424545,0.7820860011682965,0
2.030911394428472,0.788947744865823,0
2.101680684995212,0.7944363404505762,0
2.324802937588536,0.8010092387668383,0
2.388692599120305,0.807014437512486,0
2.2677936549968,0.8122539051088498,0
2.370016963466618,0.8155779126846449,0
2.176382477704899,0.8219680702870918,0
1.9768507385388836,0.8303555574261562,0
1.8254816519530983,0.8380844398447096,0
1.874627430069065,0.8549814838495304,0
1.92672183488718,0.8710990229585741,0
1.980782490776768,0.8833535729282701,0
2.2127506234765364,0.8980184470803501,0
2.273690908401096,0.9103727944132967,0
2.281554412876865,0.921128029260696,0
2.37493184124024,0.9293498501790531,0
2.254032897116734,0.9358245378917911,0
2.3906581002867164,0.9434486062394551,0
2.504676665470189,0.9509733101783335,0
2.405401983702519,0.9547441436336112,0
2.378863593478124,0.9603438098003747,0
2.447667382878453,0.9656693835143384,0
2.239289013700932,0.9749577189468834,0
2.346427199944371,0.9837088036994002,0
2.473223397472173,0.9904350538147632,0
2.44078700393842,0.9910609258085962,0
2.4132654881782885,0.9901268205812279,0
2.581343959346288,0.9872049840062731,0
2.460445015222782,0.9850768229847984,0
2.402453357000371,0.9813945213830018,0
2.498778662160831,0.9732466926814095,0
2.479120650876469,0.9629065035073657,0
2.388692599120305,0.9621557611668904,0
2.380829094644536,0.9594720072288067,0
2.344460948872898,0.9517395633964685,0
2.556771070288304,0.9441646622067192,0
2.708140156874089,0.9332118406199346,0
2.686515894518254,0.9225988414561253,0
2.851645738984105,0.916737362095394,0
2.9253644061580557,0.9045063716341672,0
2.749422430514287,0.8986969738313928,0
2.6894645212204025,0.8913907082967734,0
2.646215996508732,0.8878167839414703,0
2.775960820738682,0.8873685981200887,0
2.74352517710999,0.8758269140378537,0
2.7169860369805336,0.8657802214631157,0
2.895876639326451,0.8552479199717689,0
2.9489541696803023,0.835317772999156,0
3.090494250623906,0.8150695676814302,0
3.1180157663840378,0.7991254181859969,0
3.232033581662449,0.7874844415737189,0
3.2634875995655266,0.7662125892338493,0
3.2163073226159717,0.7443841478100186,0
3.098357755099676,0.7339980346782642,0
3.1946830602601364,0.7185084264609554,0
3.0777158683745154,0.697376768242191,0
3.14062315427561,0.6753161871530904,0
3.116050265217626,0.6478129254287022,0
3.111135387444005,0.6220671455348807,0
2.848697112281957,0.6020835847175867,0
2.8526288645198417,0.5789636663095398,0
2.8929280126243024,0.5581809266844412,0
2.864423371328434,0.5418746395740857,0
2.914552274980138,0.5225069618902947,0
2.8604916190905496,0.5073199826491291,0
2.9351934118002365,0.4909135287398239,0
2.962714927560368,0.47834055191315367,0
2.8427991089725992,0.4604741185687748,0
2.77399531957227,0.4460296396964492,0
2.486001029816502,0.4331974839546011,0
2.481086152042881,0.4247875287033002,0
2.398521604762486,0.4142700699984906,0
2.434889750534124,0.4009327949591398,0
2.425059994986881,0.39251130845402527,0
2.4850179042807654,0.38012110372261737,0
2.511557044410222,0.36953867562720516,0
2.4132654881782885,0.3601860109421467,0
2.497796286530156,0.35728226475253383,0
2.38967497475098,0.35272894132205757,0
2.4496328840448647,0.35159478489058066,0
2.508608417708074,0.3483424596184295,0
2.590189839452732,0.3392151917383696,0
2.564634574764073,0.3347580122803902,0
2.511557044410222,0.3310651848871681,0
2.3454440744086344,0.3239410678963821,0
2.276640285008306,0.31590070631602524,0
2.360187957824437,0.30786079859595517,0
2.567583201466222,0.3000144667244875,0
2.508608417708074,0.2930763828923433,0
2.378863593478124,0.2833237892752566,0
2.2884347918168984,0.2746893669106433,0
2.0161675110126693,0.2704343703395723,0
1.920824581482884,0.267665458419031,0
2.001423627596867,0.26576223917757114,0
2.146895460778356,0.25777521669954634,0
2.1449292097068824,0.24921427823576778,0
2.3621534589908486,0.2433011127815485,0
2.3778804679423877,0.23513792080943394,0
2.436855251700535,0.22773246300994937,0
2.4486505084141896,0.22297608800318455,0
2.431940373926914,0.2173410441384347,0
2.6167289795821884,0.21272494929577138,0
2.738610299336369,0.20710502675581516,0
2.797585083094517,0.19713138340890823,0
2.6560457520559746,0.18670422707546686,0
2.7445075527406653,0.17823207974407015,0
2.6658747576981554,0.16807199468444203,0
2.6727551366381883,0.15925455343754544,0
2.755319683918583,0.14943463655349798,0
2.735661672634221,0.1422038911622506,0
2.916517776146549,0.13448498812573348,0
2.8604916190905496,0.12476473232976527,0
2.965663554262516,0.11710272951044752,0
2.894894263695776,0.10975910072231129,0
2.813312092046056,0.1002285139942844,0
2.7228840402898915,0.09243447518562031,0
2.790704704154484,0.08705442248183268,0
2.841816733341924,0.08021269935350409,0
2.801516835332402,0.07316916867312395,0
2.7720298184058585,0.06758028623674397,0
2.6589943787581225,0.06219807053069686,0
2.864423371328434,0.056575104591023204,0
2.8614747446262863,0.05039587722306458,0
2.5970702183927648,0.044505219067947,0
2.5626683236926007,0.03989040433208271,0
2.28548616511475,0.03675091049478173,0
2.347409575575046,0.034309921044176746,0
2.4152309893447,0.03209920353107056,0
2.3051449263041737,0.030663987208894097,0
2.172450725467014,0.02820113973601063,0
2.0662964146643725,0.02677123712436608,0
2.378863593478124,0.02489805445064009,0
2.221596503582981,0.021537981348227066,0
1.947362971707279,0.019784294065557574,0
1.890354439020604,0.019260338097432748,0
1.9159097037092625,0.018388976741195544,0
2.1154421927803395,0.017942105502576106,0
2.2098019967743885,0.017203264711145524,0
2.273690908401096,0.01659528036987764,0
2.590189839452732,0.015882617276656134,0
2.422111368284733,0.0144491974898889,0
2.2874524161862237,0.013600899842142803,0
2.403436482536107,0.012974211341034077,0
2.2550160226524705,0.011712472979568657,0
2.030911394428472,0.01120579238230843,0
1.9984750008947187,0.011433893117846521,0
1.7910797572529338,0.012240650690762493,0
1.8972348179606369,0.013614900668472756,0
2.076125420306554,0.015162971555115425,0
2.330700190992832,0.0161935584879274,0
2.1449292097068824,0.016577516028527698,0
2.045654527939212,0.016648215499432833,0
2.182280481014257,0.017189903961260466,0
1.9503123483144884,0.01685546853522335,0
1.6347957928935273,0.0168446748182079,0
1.522743478781528,0.01746132585271906,0
1.517829350912968,0.018335723647248288,0
1.3723575177314793,0.019758949458190855,0
1.4745808262012976,0.021341037162305985,0
1.1836379097433816,0.022153258190321143,0
1.336972497495578,0.024023887517789392,0
1.5001368407950175,0.02579632608525571,0
1.4686835727970011,0.026425659961961195,0
1.6102229038355438,0.026950231286398164,0
1.7183442156147202,0.02714205444035582,0
1.6908226998545886,0.02695203151741049,0
1.7930452584193453,0.027802775892634347,0
1.7900966317171971,0.02830312913441551,0
1.637745169500737,0.028124532125180162,0
1.7547116114812962,0.027974818346171233,0
1.5709068812668197,0.028008574530364243,0
1.3723575177314793,0.029395526820540408,0
1.4224864213831827,0.03091538165921052,0
1.421503295847446,0.031141614787483132,0
1.5846676391468857,0.03192036765532928,0
1.6112060293712804,0.03193649556854539,0
1.9660386073609657,0.031630547505061446,0
2.0318937700591464,0.03091791466267081,0
2.303178675232701,0.029433859063039094,0
1.9522778494809,0.026502396717900688,0
1.919841455947147,0.025363356759812015,0
2.176382477704899,0.023280273409951514,0
2.1478778364090307,0.020789072547728518,0
1.97783386407462,0.01854215499381709,0
1.6583863063208355,0.016630634606076812,0
1.6397106706671487,0.01546143208232531,0
1.66723218642728,0.014872224638849695,0
1.524709729853001,0.014285048729698883,0
1.6564200552493626,0.013960970233246798,0
1.806806016299411,0.013177925111814115,0
1.6770611920694611,0.011931965254340171,0
1.6200526593827864,0.011176078188750571,0
1.776335873837131,0.010589979633677901,0
1.343852876435611,0.009791024257808197,0
1.327143491853397,0.010186194157475889,0
1.4647518205591166,0.010549919367309724,0
1.5286414820908858,0.010548681901047888,0
1.551248120077396,0.010830353795712459,0
1.7458657313748518,0.010845229597281255,0
1.79697701065723,0.010846558821634423,0
1.767489993730687,0.010638404973547148,0
1.833345156428868,0.010623677043468886,0
1.638727545131412,0.009305144369354831,0
1.408725663503117,0.007735317169746463,0
1.4165891679788865,0.006529045592006321,0
1.447059310441166,0.005161087870852885,0
1.473597700665561,0.004161729578249185,0
1.30846785619971,0.002971611209822194,0
1.5188124764487048,0.0022386207154517497,0
1.541419114435215,0.0013965507562537398,0
1.4903078351528365,0.0005176356359078404,0
1.6112060293712804,-7.197680659895694e-05,0
1.7232583434832798,-0.0005433050229008385,0
1.4971882140928694,-0.0011579510184172171,0
1.480478079605594,-0.0014105968055624853,0
1.4755639517370345,-0.0018101451035153877,0
1.404793911265232,-0.002060659764454967,0
1.4146229169074132,-0.0024038591968347754,0
1.5954797703248031,-0.002491979197067241,0
1.4578714416190837,-0.0025991217525950386,0
1.4342816780968368,-0.0023858479455236103,0
1.3261603663176609,-0.0021358399786386238,0
1.4411620570368695,-0.0019211516817026213,0
1.4627855694876437,-0.0012916501346490407,0
1.6298816650249677,-0.0004320447140219709,0
1.6033425248955109,0.000539583479794959,0
1.7281732212569012,0.0018021706460563365,0
1.6711639386651649,0.0024656079510867427,0
1.609240528204869,0.0037433240188125697,0
1.6583863063208355,0.004782928471871615,0
1.592531143622655,0.00579734977308019,0
1.548299493375248,0.007808809219529879,0
1.5266752310194125,0.009566666412824039,0
1.6112060293712804,0.010318668414513347,0
1.5640265023267867,0.011645345983534025,0
1.6603518074872472,0.013276891920454385,0
1.6986854544252965,0.01573055039972883,0
1.770438620432835,0.017561078302598315,0
1.9090293247692296,0.02109496284787276,0
1.9906114964189487,0.024206633857045627,0
1.9512947239451637,0.027507463750819777,0
2.019116137714817,0.03207828985738604,0
1.9277049604229168,0.03509329525502015,0
1.9866797441810644,0.039393514593892,0
2.247152518176701,0.042660337483698275,0
2.468308519698552,0.04734651610606055,0
2.338563695468601,0.05411898249210142,0
2.5882243382863206,0.05884229205165378,0
2.454547761818486,0.06535325572108142,0
2.3759142168709144,0.07137481219521476,0
2.180314229942784,0.07640354232575737,0
2.1360833296004382,0.07797298642412727,0
2.055484283486455,0.07921593363485566,0
2.05941603572434,0.07931081355850693,0
1.9129610770071144,0.07842244828005929,0
1.9719358607652624,0.07727079587175152,0
1.858901171022588,0.07858835343599123,0
1.8697133022005048,0.08269449164203756,0
1.8500545410110816,0.08809397949585256,0
1.9119787013764395,0.09134662980094753,0
1.8667639255932955,0.09632320768435981,0
1.7026172066631813,0.10160333235868019,0
1.661334933022984,0.10660826956627217,0
1.699668579961033,0.11011778096114705,0
1.829413404190983,0.11045954074868716,0
1.9277049604229168,0.11308226156948359,0
1.7360367257326708,0.11528712154067094,0
1.7281732212569012,0.11608279658882344,0
1.674112565367313,0.11506749290630668,0
1.7832162527771642,0.11790196216853639,0
1.8225330252509504,0.12013303718708686,0
1.8539862932489664,0.12369493549544408,0
1.6406937962028851,0.12827621279676554,0
1.6701808131294282,0.132250080042999,0
1.496205088557133,0.13628687871180106,0
1.4657349460948532,0.135499881916567,0
1.635778918429264,0.13481017806326834,0
1.5777872602068526,0.1374936267846491,0
1.4411620570368695,0.13979488605776688,0
1.430349925858952,0.14183974307355532,0
1.2386809412636446,0.1429983323735844,0
1.243595819037266,0.14085536433105442,0
1.3104341072711831,0.14136182808155828,0
1.211159425503513,0.1392879540953331,0
1.2327836878593483,0.13628475849842814,0
1.373340643267216,0.13358074757020144,0
1.262271454690953,0.13500424846906212,0
1.324194865151249,0.13575960202009346,0
1.3635116376250347,0.13720136315985762,0
1.2966733493911176,0.13986818315258212,0
1.3222293639848377,0.14214132632690782,0
1.430349925858952,0.14362498134423496,0
1.4323154270253635,0.14793346419711995,0
1.5138975986750831,0.14920651991769032,0
1.503085467497166,0.15220812058303113,0
1.5669751290289349,0.15615622081406447,0
1.5935135192533298,0.15995193890031542,0
1.5384704877330668,0.16339601904856035,0
1.7468488569105882,0.16984197062073408,0
1.7193265912453952,0.17642656457813063,0
1.7694554948970986,0.18017714009526567,0
1.3015874772596772,0.18365677544123737,0
0.8140618232904245,0.18447422176870296,0
0.6872656257626227,0.18464149114702508,0
0.5771791877695658,0.1801126479031909,0
0.8494464685737941,0.1782298899169439,0
0.625341840349796,0.17423755594556278,0
0.7658987957576635,0.17410450249804904,0
0.7688474224598124,0.17225036961472232,0
0.7491894111754496,0.17154555827450044,0
0.8612417252874484,0.1707105617829541,0
1.078465974571415,0.1704954158477918,0
0.9211996345813336,0.1714656715935778,0
1.0420978287997773,0.17274168209995122,0
0.8415833390505562,0.1722895415909251,0
0.8926949932854646,0.17166317933554867,0
0.9153020062245064,0.17200209504787867,0
0.8199590766947209,0.17085152028760303,0
0.6597437350499604,0.17025532678519972,0
0.4425194857659952,0.16916858961883968,0
0.5437600436526071,0.1667317541698372,0
0.4503829902417632,0.1633594331305013,0
0.3363648000108215,0.15723162193616136,0
0.5290161602368046,0.1515219543118455,0
0.4287587278859287,0.14611463956820855,0
0.6096152063507878,0.1439377163488888,0
0.718718893760639,0.14273992571054817,0
0.8101300710525399,0.14229162332765047,0
0.9791912928037448,0.14317043567021703,0
0.928080013521367,0.1452796007056005,0
0.7776936775187876,0.14720111071966901,0
0.8632076014063914,0.14864261433745637,0
0.8828656126907528,0.15060180898849035,0
0.870087980346425,0.1489802585883555,0
0.7727791746976964,0.15245882950121598,0
0.7364114038785896,0.15544460850585126,0
0.7688474224598124,0.15930980573632492,0
0.7059408864637791,0.16123794879107026,0
0.7993179398746222,0.16406585340606641,0
0.7108553892848689,0.16546107061234877,0
0.6961118808215974,0.16894275041050855,0
0.8661562281085395,0.1698033426013662,0
0.9536356531625556,0.17095708882672547,0
0.8985922466897609,0.17082104070016163,0
0.9497039009246716,0.17324373695320466,0
1.068636968929234,0.17510555130451974,0
1.1384238838652994,0.17938536478273476,0
1.1079537414030196,0.18399965938982704,0
1.4195377946810346,0.18637216114643776,0
1.408725663503117,0.19091407073542188,0
1.8942861912584887,0.1966100143176189,0
1.775352748301395,0.20783075277322344,0
2.077107795937229,0.21845677574777217,0
2.1065955627688333,0.22988785724340136,0
2.0859544259487346,0.24174366554087068,0
1.4549228149169355,0.2557229784744674,0
1.0479958321091352,0.2624654504516037,0
1.1020557380936618,0.26876911328695235,0
1.1335090060916782,0.2734562184176686,0
1.1610305218518095,0.2780474418977077,0
1.1207313737473488,0.28492862567538235,0
1.1541501429117766,0.28742329267338135,0
1.350733255375644,0.2932469541769876,0
1.3065023550332986,0.30178825808337456,0
1.2573565769173316,0.30980706612938114,0
1.3979135323251992,0.31596203194871064,0
1.437230304798985,0.3264280166926966,0
1.4421444326675448,0.3368179033384462,0
1.2642369558573645,0.34871704759382244,0
1.4490248116075777,0.35447113213929243,0
1.304536853866887,0.3644575472063002,0
1.2593220780837433,0.370760909043525,0
1.2455613202036775,0.3772832024897266,0
1.35957988538715,0.3848098066057805,0
1.3399211241977265,0.39363878061703983,0
1.3261603663176609,0.4045044628712764,0
1.2288519356214636,0.4162783312607441,0
1.1344921316274146,0.423590210873245,0
1.211159425503513,0.4338957776434806,0
1.1256462515209702,0.4442285700072245,0
1.2779977137374303,0.46507657464645535,0
1.5237266043172644,0.4793651838770085,0
1.6013770237290994,0.4915758105190691,0
1.5286414820908858,0.5086621430561449,0
1.3389387485670514,0.5237731467369081,0
1.236715440097233,0.5334952512158986,0
1.1256462515209702,0.5439873534344768,0
1.046029581037662,0.5550358995039266,0
0.9998328045763736,0.5612748594963087,0
0.9998328045763736,0.569918671973066,0
1.0076959340996137,0.5789113245200995,0
0.930045514687778,0.5862386162622115,0
0.8789342354054002,0.5909001593448415,0
1.0076959340996137,0.6004936925617103,0
0.893677743868671,0.6092976912803901,0
0.9546184037457612,0.6172543102770103,0
0.8494464685737941,0.6244289947626576,0
0.9339772669256632,0.6285918603602894,0
0.9644477843404732,0.632062139379934,0
0.978208542220539,0.6361454365913018,0
1.0902612312850692,0.6427730519888271,0
0.9379090191635474,0.6483215833506131,0
1.0263715697533,0.649751169048974,0
1.0706024700956456,0.6574019117801262,0
1.0126108118732342,0.6652412799267003,0
1.1679109007918425,0.6716038386410494,0
1.0086790596353488,0.6784286197378409,0
0.9605160321025884,0.6808244160241134,0
0.8022665665767711,0.6808831822657858,0
0.8406002135148195,0.6777893578048558,0
0.8769683592864564,0.6736358772858919,0
0.9791912928037448,0.6702977752830701,0
0.8514123446927379,0.6698260561681693,0
0.8828656126907528,0.6673903505699582,0
0.942823521984638,0.6682079091280492,0
1.062738965619876,0.6646475083568653,0
1.016542564111119,0.6685666042809253,0
0.9693622871615636,0.6709265483798563,0
0.8818828621075476,0.6686994867960143,0
0.877951109869663,0.6640293116869047,0
0.9536356531625556,0.663096257943802,0
1.1089361170336949,0.6668461220897097,0
1.1079537414030196,0.6671706877713044,0
1.1806892830412332,0.6639120906486266,0
0.9575674054004404,0.6634317363333954,0
0.8514123446927379,0.6590044336402646,0
0.7934203115177958,0.6536679458487049,0
0.6656413634067875,0.6502157912389109,0
0.7049581358805725,0.6420413980984491,0
0.7845740564588192,0.6332770803073396,0
0.7885058086967046,0.620242478187456,0
0.8691048548106877,0.6033667514181184,0
0.7668815463408694,0.5858466569746478,0
0.5103408995356491,0.5627724741408668,0
0.5683329327105905,0.5299994421273371,0
0.4906825132987555,0.49153322850653997,0
0.4484171141228216,0.4598364786958754,0
0.3688008185920449,0.4344923207692006,0
0.376664323067813,0.3949389385976192,0
0.3746984469488713,0.35070153460115905,0
0.4041858388279453,0.3154838048518217,0
0.4710241270618626,0.27817504624169626,0
0.794403437053531,0.25450718316564247,0
0.7658987957576635,0.22339647258036135,0
0.747223535056508,0.18863293350535904,0
0.6332053448255661,0.16742032757901093,0
0.6656413634067875,0.15332122608122586,0
0.6744876184657628,0.12578856890754503,0
0.7147871415227544,0.10202380050002836,0
0.7216675204627873,0.08215870177422974,0
0.6735048678825577,0.061741171389718415,0
0.5791446889359766,0.04380239595471005,0
0.5624353043537633,0.02819043959588702,0
0.5938885723517797,0.013498829599698062,0
0.6312394687066224,0.0028478279667451902,0
0.7206847698795807,-0.003194257049623608,0
0.4700413764786568,-0.005674569138029613,0
0.4896993877630182,-0.005427951947667889,0
0.6273077164687383,-0.0025462110232791686,0
0.6096152063507878,0.001274638765484719,0
0.6911973780005075,0.006569837018445698,0
0.5634180549369685,0.013113339730969507,0
0.5339306630578953,0.019202738868415434,0
0.4277759773027236,0.025201388990822738,0
0.5044432711788213,0.03966506262267212,0
0.4169638461248053,0.05269368087709282,0
0.4857680104776656,0.06410909762893639,0
0.4759386298829531,0.08149607135098541,0
0.5516231731758457,0.10025626050825862,0
0.4847848849419284,0.12766567026744818,0
0.515255402356739,0.1577429823821064,0
0.5860250678760102,0.2003401596576549,0
0.6263249658855325,0.2370222855526731,0
0.5083750234167054,0.27106453785836193,0
0.4464512380038792,0.3079180090787247,0
0.4670923748239786,0.3490301428345041,0
0.3825615764721093,0.3969579509900271,0
0.3668349424731011,0.44155866714939757,0
0.3058942825960116,0.4781502903558384,0
0.1535424454270207,0.5128117597786924,0
0.2193976081252007,0.6349661905902872,0
0.2400391198978316,0.7131392146943255,0
0.2901676485970035,0.7830071034195626,0
0.4228610995291016,0.8547491373513353,0
0.4592292453007385,0.9448442836700118,0
0.4562802436460595,1.0513988108567347,0
0.298031153072773,1.109829781795687,0
0.4297418534216652,1.180961026665464,0
0.4169638461248053,1.23579025551666,0
0.3648690663541595,1.3199792323180346,0
0.3550400607119784,1.3844269673667637,0
0.4533316169439121,1.4652693314867549,0
0.3363648000108215,1.5202181377190433,0
0.2243124858988227,1.590024841074076,0
0.3982882104711182,1.7216939548821677,0
0.5319647869389535,1.812441830472917,0
0.5693156832937962,1.8985527134933724,0
0.7314969010574998,1.9655669693255813,0
0.8170104499925727,2.0305551758311915,0
0.538845165878985,2.0757136753147774,0
0.5634180549369685,2.1545979805395965,0
0.6518806055267218,2.201806121662734,0
0.679402121286854,2.263264599782188,0
0.5555549254137305,2.314611999510854,0
0.7236333965817296,2.3795259812848553,0
0.6803852468225892,2.4298110918940865,0
0.8533782208116796,2.464817878433727,0
0.9339772669256632,2.5014406031194443,0
1.1512015162096283,2.542112904075125,0
1.13056037938953,2.5650527716686105,0
0.8288053317536961,2.615396105834873,0
0.9339772669256632,2.6063767235300834,0
1.1236800004494971,2.6361170734800514,0
0.9418407714014314,2.6615693452821736,0
0.9673964110426212,2.6757895321964353,0
1.0470127065733987,2.6826260882250037,0
1.0076959340996137,2.679175151044765,0
1.0735510967977937,2.6863671695455738,0
0.8976094961065558,2.6930104503322068,0
0.9025239989276465,2.7339723187297063,0
