signal,anomaly_score,is_anomaly
-1.0908648667359202,0.8436924416620115,0
-1.1021420203028782,0.878397635567795,0
-1.1609704641572025,0.9095696599112558,0
-1.32906953993967,0.9338091734038032,0
-1.2689892577778146,0.9615792049592905,0
-0.9419889351334328,1.0047029266079643,0
-0.9084783906088724,1.0423447454891013,0
-1.0932253245615722,1.0558606848900336,0
-1.1243992810587224,1.0858106152472298,0
-1.0309012813654643,1.107570101983884,0
-1.0911274345165345,1.1277320073192483,0
-0.9552605429530746,1.1496210105735767,0
-1.0108479986467918,1.1889198449481473,0
-0.9709032173975354,1.2375800335942744,0
-1.0509227376864778,1.2795176351549822,0
-1.0843033244206384,1.309313590549004,0
-1.2244455620682817,1.342743546077141,0
-1.1042372581480977,1.3682485975895107,0
-1.0777417821053317,1.3940293500409482,0
-0.9820265433758518,1.4228148162450094,0
-0.917527696340412,1.4364773069839325,0
-1.1646225432874369,1.4655667593257884,0
-1.005827384417681,1.5160794149130712,0
-0.9507491510863326,1.5580957218411136,0
-0.5747865678588086,1.594646720024762,0
-0.3324126365630382,1.6097714279601292,0
-0.4546074381364693,1.6204203689107017,0
-0.3549987700945835,1.6274879166856044,0
-0.1321105507594123,1.6244917045263008,0
-0.1522274862733728,1.602245067957588,0
-0.069850160358617,1.5784555663670623,0
-0.2745098104403335,1.552992162705444,0
-0.3900502427053398,1.558969874078007,0
-0.450183568863252,1.5661579836121782,0
-0.5036996565100115,1.5588017015439053,0
-0.5303701777398565,1.5464783944361429,0
-0.5014956784728102,1.5440943117089414,0
-0.7149288055064469,1.540357934199278,0
-0.7170930005465672,1.5492876542730125,0
-0.7462751549908919,1.5625259847030182,0
-0.7216919150068439,1.5659808594840867,0
-0.9465029791999936,1.564380260836497,0
-1.0243079126525234,1.56689754924982,0
-1.0532911521115025,1.5659385294326225,0
-1.0688091731651912,1.5771487786848482,0
-0.890886349308407,1.5958733381865229,0
-0.7907260237072872,1.5940395548008555,0
-0.7416868493298265,1.588427596424072,0
-0.7683865447574968,1.5758253690759407,0
-0.8017485660930485,1.5709885195141151,0
-0.3803219738239553,1.5666174016892933,0
-0.4036533755004522,1.5528144031188706,0
-0.5504048950598757,1.5489658019457249,0
-0.5347648728152041,1.5426978175386972,0
-0.2902002244812875,1.5607765049605813,0
-0.069850160358617,1.5526041687133691,0
-0.1564763103595058,1.5331636671181557,0
-0.2523400722780192,1.519825709504497,0
-0.2812357891434883,1.5080310757285802,0
-0.3744844820551776,1.5037165010931157,0
-0.4036533755004522,1.4901389755205596,0
-0.4213992443895741,1.491794564556665,0
-0.3262727940165953,1.4972009298900664,0
-0.1275726368946343,1.484454692338898,0
-0.0327485372993258,1.4819790731922262,0
0.0674038317023966,1.4713160359829793,0
0.0904726655982797,1.5116072288272488,0
0.088165251768734,1.511893806837531,0
0.0725915345191744,1.512656417956575,0
0.1237100335430395,1.50973583157936,0
0.0547342732383009,1.5064607340783853,0
0.1193710346635627,1.5126429180219858,0
0.141373684238215,1.5033290004784063,0
0.0792220340293773,1.4812520641836195,0
-0.1564763103595058,1.4646705355658525,0
-0.1765561150762042,1.4534067588675232,0
-0.1099699867949378,1.4429472402601655,0
-0.0897840940860762,1.4329433504226847,0
0.0228256573953907,1.4231756881325461,0
-0.0986026584346608,1.4162392245179807,0
-0.1275726368946343,1.4062820693556348,0
-0.256551765566905,1.4001540804518888,0
-0.1788157893092962,1.4010124874846894,0
-0.1119591366479987,1.4002904147194388,0
-0.0453173121708614,1.3818943852155008,0
0.0145030544101889,1.3765731762487456,0
0.2528535986031582,1.353465525866411,0
0.3907043356200704,1.3387136493222263,0
0.3440972284629721,1.3212497517940616,0
0.3196837292664051,1.3097580745133908,0
0.1260254039720024,1.299189227085065,0
0.0858578379391834,1.28374129845375,0
0.0858578379391834,1.2819412528473033,0
0.0555962381746273,1.2715628567340092,0
0.172712077123238,1.2587372329505202,0
0.0613541639492727,1.2472207581125534,0
-0.072131052190112,1.2349022837859829,0
-0.0741255064428008,1.2268721829465083,0
-0.0741255064428008,1.2212473841879528,0
-0.2812357891434883,1.2080797894401598,0
-0.3190110709530211,1.2136388414084887,0
-0.2840365121366029,1.2058275458579677,0
-0.2966397656055917,1.213534277826215,0
-0.4703482439736909,1.2064810791892362,0
-0.423616483425776,1.1994357705954668,0
-0.3499834602650808,1.1881544754642166,0
-0.5325661991776357,1.1838525586326314,0
-0.4471414956879907,1.16661255137559,0
-0.474764156647486,1.158460789136668,0
-0.3566696559711546,1.145760147024417,0
-0.4391212434804394,1.1287291382629587,0
0.0036051654152244,1.1134236164501365,0
0.0325910570740175,1.0792308497037975,0
0.0188075746922176,1.041205561149758,0
0.1283434266007644,0.9981626199550273,0
-0.0764037460745016,0.9623204966105157,0
-0.243349114942184,0.9334343528492663,0
-0.1298402677271287,0.915435486252663,0
-0.303355135509535,0.8880335496532293,0
-0.1929334488664005,0.8813653079296861,0
-0.21661759311686,0.8714991551493667,0
-0.000694050467196,0.8669341443577677,0
-0.0587321387799088,0.8514462004868943,0
-0.2197153624880169,0.837330609470317,0
-0.0470306332443028,0.8257421428962013,0
-0.0564485947485999,0.797766911964957,0
-0.6973288076065643,0.7669893324517079,0
-0.7438483921701576,0.752821887231461,0
-0.612768721253035,0.7383538121569705,0
-0.4924092419440281,0.7163534895900616,0
-0.5413529371285417,0.6911553449064317,0
-0.4857946556326645,0.656404734761172,0
-0.4523955034998705,0.6222644391515908,0
-0.6326681763830707,0.5921545137988256,0
-0.5569850027738109,0.563498050412368,0
-0.6310344213037616,0.5317095958267146,0
-0.6794317633286198,0.5009940798667428,0
-0.6481861974367545,0.4741402352862365,0
-0.6372989172410014,0.44988362381711006,0
-0.5660263519059088,0.42632258928358807,0
-0.5413529371285417,0.4000736507292879,0
-0.6590628688332765,0.3766882721763887,0
-0.6174074187103877,0.35292936222059157,0
-0.7470867281309259,0.33855878762857894,0
-0.733854903308365,0.32386368796633086,0
-0.7041025259061975,0.31270742137662944,0
-0.8430512736419993,0.29338690242965576,0
-0.7969109536503945,0.275296450494168,0
-0.8044325922947686,0.26187268802054464,0
-0.6138614275723214,0.24808225235232825,0
-0.5895566685677266,0.22591092881397334,0
-0.4033748945210435,0.20055881426734143,0
-0.4033748945210435,0.1774216852775995,0
-0.289921743501859,0.1545842255005432,0
-0.4402272107987462,0.1318291191921992,0
-0.4775224444437354,0.11321062714235051,0
-0.578069991216261,0.09486914517607133,0
-0.5911957280466438,0.08054680858965747,0
-0.5196526383315596,0.06568078366142148,0
-0.3625151043393544,0.052983035721898775,0
-0.4678631327572669,0.04024251007319308,0
-0.4058732667364682,0.03133064380539885,0
-0.3678062429484963,0.022379078975625136,0
-0.1632659418579536,0.015333822074544812,0
-0.1122429220270354,0.007993974634372791,0
0.0001652622693163,0.003947754461079898,0
-0.1139482865010793,-0.0013615346695198295,0
-0.0669990455692347,-0.0010833168538575434,0
-0.1079834891416959,0.0006254560176830638,0
-0.1903926414541055,0.00515583012795019,0
-0.1309754092432803,0.00943631970987441,0
-0.3335292126805614,0.0145480095812413,0
-0.3483099221886958,0.019643540697456354,0
-0.4363549990847927,0.026711465358635125,0
-0.4197389673122144,0.032382933487162695,0
-0.3307364462868639,0.04026013032638217,0
-0.4169647663171504,0.04769311396316049,0
-0.4363549990847927,0.055502741851739104,0
-0.212954905187414,0.06149600818061008,0
-0.241097397308534,0.07225014585167698,0
-0.1734450847060171,0.08069031439575455,0
-0.2408189163291005,0.09159594210337596,0
-0.235474733723877,0.10259244989690101,0
-0.2907598386399437,0.11618475886688961,0
-0.2270354339472809,0.13033339470460534,0
-0.2301305511186485,0.14115046578938303,0
-0.4247224507440878,0.15419663383570092,0
-0.3753172727936591,0.1625696623773575,0
-0.434692069807619,0.17458002509106563,0
-0.3474744792504201,0.18678725323736256,0
-0.309786720034417,0.20433198638717526,0
-0.2450332618177805,0.2196446075490688,0
-0.2214048137632215,0.2368176655484602,0
-0.2887998629847277,0.25610548856258564,0
-0.276750919274792,0.27972707544401837,0
-0.2887998629847277,0.30585156512717215,0
-0.2551487518705559,0.32784760279782854,0
-0.3092271058757608,0.3506190173997874,0
-0.3083890107376711,0.3739645184023775,0
-0.3139798479246742,0.40686265681822553,0
-0.4557107532549621,0.43663229880588555,0
-0.339109441068353,0.46339706296316996,0
-0.4639988776427108,0.4960507648919752,0
-0.6394763732801471,0.524279193202529,0
-0.7508634606519325,0.5524778388507667,0
-0.6666720300711804,0.5720583236312101,0
-0.8489391572070644,0.6011012610542957,0
-0.7424984224698655,0.622276487190938,0
-0.8285835237107465,0.6429091372737659,0
-0.8326042586137335,0.666752858268909,0
-0.9321572304597238,0.683828573521315,0
-1.0385449212008162,0.7074164343113456,0
-1.0543440754337277,0.7260363147284208,0
-1.0279997747797895,0.7408299087467434,0
-0.9730223250409964,0.7586489802554066,0
-0.9989555347253116,0.7734421627580772,0
-0.8114158343789094,0.7890809352546813,0
-0.8366249935167205,0.8040165474017181,0
-0.6503610012760862,0.8168592607252606,0
-0.5602710783310576,0.832826069331223,0
-0.5493068843409861,0.8547261210855948,0
-0.5520492589384158,0.8718297913480928,0
-0.661237672672628,0.8865379951056375,0
-0.7349343486286212,0.8936356563146552,0
-0.9539344430510192,0.90631831031229,0
-1.022724549369482,0.9114873042979569,0
-1.1669670879142446,0.9244118474077424,0
-1.332668575073818,0.929936880043395,0
-1.3839833368831702,0.9272464210871574,0
-1.4299777858855556,0.9331961093787021,0
-1.6159659493465457,0.9295338786382579,0
-1.7022685309713366,0.9312621413702162,0
-1.5807633013469666,0.9226078159571778,0
-1.592090846710212,0.9258390600519841,0
-1.789181118551076,0.9262391495382423,0
-1.7520105382968836,0.9172563772192313,0
-1.639793312386406,0.9135891702767392,0
-1.6197320730683409,0.9176149235858541,0
-1.559341483529418,0.9160552037351918,0
-1.68480909966109,0.909404732686181,0
-1.5267512523368687,0.9060667485518556,0
-1.70725201440321,0.9016417206511503,0
-1.3172301200142666,0.8832482923288536,0
-1.399334269349192,0.8730415659116767,0
-1.3069289759751956,0.8612510890832419,0
-1.6197320730683409,0.8503824513941517,0
-1.7842294615168617,0.8272674670379637,0
-1.5744669790120929,0.806478533193506,0
-1.602150640567087,0.7895413358146589,0
-1.8582497058489675,0.7757462077385882,0
-2.0702851235858386,0.7528033875246553,0
-2.0010070125034347,0.7179749208120026,0
-2.099231232247575,0.6884322804729625,0
-2.1333889135243465,0.6573014388274154,0
-2.0485291285929605,0.6256258875615562,0
-2.0284281062778398,0.599756701324569,0
-1.99031069069358,0.5794957980738256,0
-1.9854465562529,0.5564674004366824,0
-1.9735196137339424,0.5271365210556589,0
-2.074390728882566,0.4962721417863528,0
-1.722189203699795,0.45769375552389757,0
-1.8296855139590131,0.43437089127630873,0
-1.978633054956216,0.40404266099383435,0
-2.067868969564316,0.3701361498714051,0
-1.8877262544715203,0.3322512158402487,0
-1.6540674517319656,0.3006813212270144,0
-1.818832712360708,0.2772186982491203,0
-1.69254556648958,0.24913603280411084,0
-1.7730875701399165,0.22823037442596975,0
-1.6723225429834565,0.20716627325945405,0
-1.629767997126979,0.18404257631246101,0
-1.6034051310744075,0.1628288054558558,0
-1.6605732978513963,0.14276443562517013,0
-1.4518902606668591,0.12541037593553897,0
-1.6054154985259108,0.10842332251320871,0
-1.53433919597635,0.09485846327181043,0
-1.4141547618544077,0.08281700736029704,0
-1.3095042619849633,0.07345541281025535,0
-1.3809094373102502,0.06663120488518696,0
-1.32906953993967,0.06053847743234832,0
-1.4826531261944065,0.05402685166802047,0
-1.4136428872922246,0.04818240196217225,0
-1.425641439205873,0.0419718230049503,0
-1.2138022842545089,0.033587923174067065,0
-1.2948110750703636,0.026298669932810284,0
-1.3074435027371922,0.023105942191033062,0
-1.2601972154273051,0.017885269122556648,0
-1.3485976870971297,0.014249976286914986,0
-1.4935669283881905,0.009678061555809924,0
-1.4620694035149278,0.002794178742572744,0
-1.5368667423896194,0.0003349543593666375,0
-1.6237475035717197,-0.00034611208104635835,0
-1.6705720911127726,0.00026174182562059984,0
-1.7154711815960575,0.0030783901544054137,0
-1.6508132025723778,0.007242382113597822,0
-1.5064964024330862,0.01206280301776659,0
-1.6079297839401798,0.017061684839879774,0
-1.646307115105239,0.025385985003491984,0
-1.7961060122395516,0.03467976420126217,0
-1.7693718382144086,0.0465598899390055,0
-1.7017699174081842,0.05955285783441382,0
-1.7723449541947789,0.07209658920949774,0
-1.7022685309713366,0.08458450277699885,0
-1.7358692502892457,0.10191015151690908,0
-1.809945190817247,0.11620156672419438,0
-1.8680840627224955,0.13490930941083215,0
-1.6217397883200304,0.15314755980082131,0
-1.7134793795432073,0.17260760365870606,0
-1.7336307936545965,0.1926732048290723,0
-1.7842294615168617,0.2152482212246381,0
-1.715221874814469,0.2446380081032258,0
-1.4669017115579734,0.2680919631829177,0
-1.552777289014322,0.291812591634954,0
-1.6395440056048172,0.3051215208783685,0
-1.3604052806248987,0.32898734703531635,0
-1.2785504380715371,0.3467984256982381,0
-1.349112213859126,0.36027317020723915,0
-1.3609171551870811,0.3839786979410249,0
-1.1945711834751114,0.4000431685091883,0
-1.2441461022129914,0.4144411072905145,0
-1.2581258473802983,0.42870248807792105,0
-1.11209572616759,0.4437616132109521,0
-1.0866664344460797,0.45170537607385536,0
-1.182859069140294,0.4636608738715789,0
-1.3120822001945451,0.4766780716601018,0
-1.4735083412699397,0.49181203081590064,0
-1.5140949548717786,0.5106249166490912,0
-1.5113101450775033,0.5304759497482749,0
-1.488490617963184,0.5438545906045249,0
-1.5059898322705116,0.564779706935781,0
-1.5679133932962082,0.5902487371226759,0
-1.70725201440321,0.6033852389677791,0
-1.6725718497650448,0.623962942744209,0
-1.6420476822198748,0.6349333220187556,0
-1.510045045770947,0.6443619210376181,0
-1.6307705286529168,0.6523953852285039,0
-1.6438007862903674,0.6558394511504014,0
-1.5681680044774,0.6750906246001033,0
-1.3809094373102502,0.6662148039682443,0
-1.4113460822618904,0.6815642870096454,0
-1.4116006934430625,0.6623568787580372,0
-1.0577627609811933,0.6596604385065408,0
-1.0780043498859455,0.6392336483288589,0
-0.936939146706477,0.6110490263073128,0
-0.9799074357323908,0.5996927439711864,0
-1.0793145365891617,0.5876595320661783,0
-0.9830847710976852,0.580312534844384,0
-0.9799074357323908,0.5616578779056128,0
-0.9204557249241176,0.5467046329326222,0
-1.0243079126525234,0.5280356928022842,0
-0.8183911198636528,0.503292066164693,0
-0.8548270407721295,0.47532035178129206,0
-0.9380026788279184,0.4513262959395679,0
-1.029055350301809,0.43625311006447687,0
-1.0648653520565226,0.4233527328249911,0
-1.0777417821053317,0.4048720909386324,0
-0.9390662109493354,0.39468237571865483,0
-0.8178553755032382,0.3792855793466013,0
-0.5682170689440798,0.3735799163836754,0
-0.429432757596131,0.3611936176124467,0
-0.52460164316598,0.34560501623369777,0
-0.3215253563672851,0.3285719892186938,0
-0.2458766613554783,0.3134579734542164,0
-0.3783752591677646,0.2951540778246141,0
-0.2635694862484988,0.26655356017372944,0
-0.3083890107376711,0.24958694964118014,0
-0.38560515583368,0.23107579439403997,0
-0.4902026117070375,0.21481131213897434,0
-0.3953254681156473,0.20396462487929978,0
-0.235474733723877,0.18740126284855124,0
-0.2971993797642478,0.16617093752072168,0
-0.1525112716524095,0.15403074579550027,0
-0.2059080103079803,0.14190397909915017,0
-0.1734450847060171,0.12526943403607213,0
-0.2095733504372155,0.10968624682570849,0
-0.3661380092717392,0.10188528918214765,0
-0.3279463320929557,0.09476101159523057,0
-0.3407829791447134,0.08700261446049046,0
-0.3125821386279284,0.07956342866118067,0
-0.2971993797642478,0.07166424307756603,0
-0.4504593976428963,0.06519005349085522,0
-0.3139798479246742,0.060194104686567586,0
-0.4557107532549621,0.051897970766993096,0
-0.4725548742106815,0.04681077696323078,0
-0.405316304777626,0.037505491098614285,0
-0.4443752512923192,0.03080414973240568,0
-0.334924269777513,0.024597387868935457,0
-0.3689175146664112,0.016880587008725346,0
-0.0227391352387136,0.009541418048959603,0
0.0740316790127855,0.0035638476449215647,0
0.2052916995165709,-0.00029910636466498093,0
0.1639996007668363,-0.00437220146775077,0
0.0489789996634498,-0.00973013573287735,0
0.0239740599105677,-0.013714378042765648,0
-0.005563489307484,-0.017847575628652232,0
0.1677736810880488,-0.021346630448329,0
0.1211055733354269,-0.024431484532914452,0
0.2771424444089285,-0.02514326121726686,0
0.1547142492527531,-0.02610855531422693,0
0.1213946631140717,-0.028191646039984454,0
0.2803648671708871,-0.0225182555340844,0
0.2780203225440744,-0.021646520662709164,0
0.4457878733510517,-0.020984712371517535,0
0.3983904106523174,-0.020240885704916674,0
0.6214908059718152,-0.01952677020712122,0
0.7393598696647947,-0.018581378395331315,0
0.6440742873035662,-0.017716151014593343,0
0.6567385413680537,-0.017292937335768553,0
0.8423845710543223,-0.01626787530635967,0
0.7548513687204278,-0.016339285358315397,0
0.8852971638843405,-0.016161353746654096,0
1.0561916582603197,-0.016285189575795195,0
1.0276062487719428,-0.015562927321148796,0
1.1163621152155183,-0.014963792601429904,0
1.191567892860024,-0.014718096442222326,0
0.9545620139677436,-0.015226324763329666,0
1.0046567638672237,-0.014256908297227134,0
0.9015790184816144,-0.014018739706771312,0
0.9169591251454812,-0.013137131709058966,0
0.9363626189121288,-0.011714738644526164,0
1.0593026886305068,-0.00967251661401264,0
0.9486980002009152,-0.007835813969277083,0
0.8717948146817683,-0.005252673344807436,0
0.9453058366514856,-0.002679885678510309,0
0.8145682995091093,0.0003943406068994026,0
0.9052682284090864,0.0040961797835652805,0
1.0291577856573253,0.006666678131936064,0
0.9184974010318384,0.008088015035190601,0
1.039403233500476,0.010429514744636574,0
1.007446878061107,0.013500882663705013,0
1.3404199546642943,0.019136594555568646,0
1.367143519890201,0.02420785567241553,0
1.381799576007564,0.029295823788982225,0
1.2104382944660663,0.03242940214761603,0
1.2482560114724697,0.03891504822932446,0
1.1868575860079809,0.04656296827108734,0
1.2104382944660663,0.05411261170567265,0
1.2785918728315495,0.06374474590186312,0
1.2868189966237995,0.07558878312754896,0
1.5121870227757916,0.08758855462500063,0
1.486778948652704,0.09871211071263832,0
1.3572746844192254,0.10955764807269244,0
1.39104779672438,0.12410457682721518,0
1.204144624330982,0.13712961475115773,0
1.2732132116288732,0.15753875650541665,0
1.3077262876793765,0.1767846505965026,0
1.3569564204427405,0.19228944295471756,0
1.430984621374244,0.20974202455533134,0
1.1630037009700898,0.22247817154065813,0
1.326442861696777,0.2401557331959143,0
1.2855538973172678,0.2521097783842809,0
1.1263662128765028,0.26888451786608264,0
0.9715467015130744,0.2907991356438738,0
0.8905166930987771,0.32597499007359165,0
0.9619696080205324,0.36523754128894526,0
1.018917642213758,0.3969475123101703,0
0.8552424357045028,0.4287918527928727,0
0.8859124742388923,0.46458367414167634,0
0.9074218146499954,0.49889361471179916,0
0.8075452744279171,0.5372014341367284,0
0.8745557546778266,0.573318157576067,0
0.8727151280137795,0.6112960939407316,0
1.0356768927757618,0.6419691265165003,0
1.148273383258223,0.6669739703246452,0
1.0733116079956584,0.6977752735765369,0
1.0338150485132869,0.7295214569842263,0
0.9904117987194888,0.7702563930382067,0
0.9400624376388124,0.8163040242690165,0
0.9919606834050771,0.8687647334992759,0
1.1094876133233305,0.910919347875629,0
0.8994280844404948,0.9391514771722104,0
0.9117289871318132,0.9898986590979563,0
0.9114213319545597,1.0447142147961723,0
1.0487283680116353,1.0966598853652243,0
0.6404593389705986,1.143595028048318,0
0.5677492813417088,1.197814030911095,0
0.6748530660299329,1.2656280114264065,0
0.6727366105862662,1.3188670733339083,0
0.6214908059718152,1.376809952545234,0
0.6951079159336957,1.436760432406936,0
0.5908393328360344,1.5061208329639644,0
0.5857391526127913,1.5936544788951026,0
0.5599624227169265,1.6729935381628316,0
0.5506823756024515,1.7594497155233217,0
0.6618678957891416,1.8374762969669907,0
0.6935961620453694,1.9105822424285697,0
0.7020699404194137,1.9801181086361583,0
0.9866987189937751,2.0503544007541685,0
0.9524004711274128,2.109834735562672,0
0.8509564808211125,2.162628167682284,0
0.8717948146817683,2.2276084858938594,0
0.8629046409384932,2.2988704382838754,0
1.035366585398669,2.3670738243165257,0
1.122613350153733,2.4366805698445684,0
1.2839705340342262,2.4933242745888773,0
1.2359551087811262,2.5536533821040974,0
1.1094876133233305,2.615507909396801,0
1.118237220476994,2.6893034362329855,0
1.221142572875338,2.756277992093117,0
1.1357496957833468,2.8098774293510576,0
1.1532860408879166,2.861397064340647,0
1.0758020236116856,2.910160425144112,0
1.012096184317676,2.969678887536703,0
0.940677747993364,3.0265837728068976,0
0.9357473085575772,3.0670555453196284,0
0.9527081263046908,3.115636057374602,0
0.874863409855105,3.150202875697395,0
1.0823450005283588,3.1836753776945037,0
0.9468467647376518,3.200651487439169,0
0.8770090394965918,3.2286956434847296,0
0.9675286188098816,3.2572678921738105,0
1.094505336630086,3.268105190126194,0
1.1764927891736416,3.2706818860543394,0
1.1301164233994785,3.2626053639299335,0
1.1273024394073337,3.2634119975854414,0
1.1639452319005288,3.2795493972013707,0
1.1313682617070049,3.291301629271307,0
1.2268129760564734,3.292411791025084,0
1.3178736041297858,3.288668016999526,0
1.4585330207392349,3.2645310005464205,0
1.4732898604491522,3.2280914401193694,0
1.588702987123528,3.198489869073103,0
1.470722531038782,3.1651950527954438,0
1.6006856258383817,3.1270443720203693,0
1.530871770395558,3.0846118133901648,0
1.381799576007564,3.022809659727034,0
1.2903013349665533,2.9595845115201094,0
1.3499572651597556,2.9042620750120367,0
1.541191479833238,2.872652657271411,0
1.8753553941484236,2.834317614540314,0
2.044746091235498,2.7680409182566814,0
2.051108718565479,2.699152797379628,0
1.8568483439155548,2.629054285800666,0
1.9739376608661343,2.575106509606957,0
2.0159776799606157,2.515568447789042,0
2.0176485658371863,2.454231311725075,0
2.1378197389601032,2.3928258170805425,0
2.317686625273284,2.324375846425549,0
2.3204210432712915,2.2506998533220606,0
2.399915427999026,2.1556895385182235,0
2.29550097391215,2.056919574126813,0
2.358740026040666,1.9701026316972323,0
2.378971006146187,1.872363318856276,0
2.5822090771329163,1.785524665429489,0
2.441902403097425,1.6873214178744742,0
2.265859988901729,1.6111479093707126,0
2.2958431076868764,1.5413285853127583,0
2.044077736884865,1.4664793072620241,0
2.027679185496216,1.3915123549485469,0
2.009962490804959,1.3229154104030565,0
2.123330771430408,1.2733639297173918,0
2.234587901011813,1.2142903117315025,0
2.487130366356411,1.1517691118686946,0
2.5679402421869644,1.0839123116903513,0
2.363879989260965,1.0175612274107746,0
2.3344352670360515,0.9622886524330552,0
2.19356632664209,0.9087077439819923,0
2.0745806868315877,0.8580197007223563,0
2.174282181866606,0.8116187163936045,0
2.0863325841634808,0.767126418994468,0
2.1496246802880785,0.7233652483115672,0
1.95995261129922,0.6757855165450708,0
1.87304002371948,0.6324668874915094,0
2.050106187039541,0.5956685015299995,0
2.1492878509129603,0.5563535008709095,0
2.196274222642047,0.5232727651236335,0
2.3745100060757327,0.4883235100596658,0
2.3700516582050675,0.4480158544424118,0
2.12973318175747,0.41077151675245444,0
2.134448793009116,0.3788467040069219,0
2.203045288741886,0.3458020368330634,0
2.3204210432712915,0.31572944510516643,0
2.2832265932188625,0.28374154383977757,0
2.13546193333429,0.2527153614751244,0
2.072233490004985,0.22345930963121605,0
2.1969505335921027,0.19442126300592807,0
2.007960079952878,0.1644525980209442,0
2.2210139424145208,0.1437444497240244,0
2.170563797741289,0.11975086252553924,0
2.235945827311503,0.09603919667109524,0
2.4653611103645328,0.05146643429772472,0
2.354971250119057,0.029735350015488663,0
2.1378197389601032,0.011253092047507353,0
2.121309795179713,-0.0017762377157170338,0
2.1465879115124005,-0.01727669419490144,0
2.0987660968450133,-0.02397019569946281,0
2.067199614776849,-0.028617139944537868,0
2.0856589254132443,-0.03133453669301351,0
2.007291725602264,-0.03200095140533296,0
2.051445547940597,-0.03092945691547486,0
2.1648191329656497,-0.028563849849812663,0
2.255314842480697,-0.026330858443096287,0
2.274370898073036,-0.021103193683365336,0
2.181045291367028,-0.011957007144198941,0
2.187474223692116,-0.0016019484850773491,0
2.3043699300570024,0.010299096818788817,0
2.2777763226214707,0.019079863763270668,0
2.2910664958397216,0.03520477252698561,0
2.2162638525654264,0.0564424013327727,0
2.0558004600188937,0.07682051413082916,0
1.912446408408508,0.09193454200558862,0
1.9846021562783496,0.10719859502814438,0
1.8294617287386228,0.12877607867623841,0
1.6914067723367814,0.1468929080947529,0
1.7207984505656138,0.16288834101630265,0
1.6282605472014031,0.1817503177351599,0
1.4287461647395945,0.19750266481818937,0
1.3385156752049543,0.2064416357545724,0
1.4236274191177178,0.2132744197169157,0
1.3474138055476468,0.22206549443420978,0
1.3001197786412615,0.22906567606236014,0
1.1535990004647982,0.24127147625286882,0
1.107615160261649,0.24778961125073629,0
1.2640472091059587,0.25052761412238334,0
1.341056482617269,0.26042666402745657,0
1.294417549062492,0.2773228363092035,0
1.0490386753887029,0.2925444274349025,0
1.0403368078315125,0.3079051814218412,0
0.9919606834050771,0.32085432311204176,0
0.9283503233039948,0.33515073049755273,0
0.985773101262156,0.3469699435031572,0
0.9771110167020268,0.3628060064854456,0
0.8026625745886037,0.3724710782390936,0
0.8304549763355553,0.38151777256455877,0
0.7554613746753517,0.38839790848892153,0
0.6175814634605945,0.40131352918177726,0
0.4226606910594591,0.4053577210941627,0
0.7072178602391302,0.4011120035128806,0
0.7648872927790709,0.40849471126936915,0
0.710246672415391,0.41848795725399296,0
0.7813256271647708,0.4259731459917147,0
0.8384062713482054,0.438230148544532,0
0.9703107764043676,0.4511367830510502,0
0.9919606834050771,0.4758243419801993,0
0.9669133084553496,0.5003010795048917,0
0.9449955292744132,0.5228753815599915,0
0.8874480979254602,0.5447644680538347,0
1.0198485643450057,0.575787244901457,0
0.4832369345846727,0.6042557490991145,0
0.5485871377572274,0.6094286985647958,0
0.6260021978385572,0.619377281977473,0
0.5321461511717382,0.6307382934203836,0
0.5109497703375167,0.6372002498669245,0
0.5704465685424543,0.6420251549716423,0
0.6942008636006851,0.6607714428121181,0
0.7861977182048482,0.6770900473751936,0
0.6694160564315468,0.7019364721419019,0
0.4766913054681856,0.7213051954988452,0
0.475203421378096,0.7301970980142739,0
0.7323766275806293,0.7421389499294779,0
0.6513094883690896,0.7593345020286768,0
0.689360598958242,0.7752594245910593,0
0.6963173190443518,0.804618944150203,0
0.7709714391296183,0.8243647442934202,0
0.8963541848675746,0.8455789318455811,0
0.9068065042954436,0.8757939741168544,0
0.8402442458124189,0.9030139899579358,0
0.7284328064719606,0.928503901083572,0
0.7041890480628696,0.9535167083109343,0
0.7335913350909132,0.9803153587179586,0
0.8011375597012472,1.0092154453835276,0
0.676062469140589,1.033016600545621,0
0.6591520431897626,1.0543782097999317,0
0.6802900756282992,1.0743946742445785,0
0.8733277861685371,1.0896202614260813,0
0.7670170092217382,1.1188742615774203,0
0.7478628222366591,1.1520218846872317,0
0.863517299093226,1.179650250001257,0
0.6531182886354829,1.2101163621465154,0
0.6920844081570383,1.2369701835450588,0
0.7965625150392122,1.2639407848232413,0
0.7569810851631,1.301314805084646,0
0.7041890480628696,1.3357812666309818,0
0.5264677913911807,1.363259380768268,0
0.4737155372880065,1.3748542766792835,0
0.4642020965907822,1.392807445600599,0
0.5641528984073698,1.404809525617686,0
0.5815380681231366,1.4329520336317356,0
0.388341225594649,1.4505593695018015,0
0.1008692888302975,1.458448595884487,0
0.1182146755489883,1.4648516326626695,0
-0.0081414275170608,1.465203171648398,0
-0.0112922408843043,1.4577446027645276,0
0.0489789996634498,1.4530786738548431,0
0.1965553533619374,1.4380647033456804,0
0.3158619093487143,1.4357057493228285,0
0.5058787643121135,1.4365448254613662,0
0.5237811129896465,1.4499747501809899,0
0.4315508648027342,1.4546065515844309,0
0.6663952008547082,1.4608961216107506,0
0.7436113459507369,1.4781743578769129,0
0.7606278598937067,1.499823404747827,0
0.8017475656561958,1.5417305783992064,0
0.7014625866642791,1.5713488403620075,0
0.5599624227169265,1.587031912361568,0
0.592040779347293,1.617416472814178,0
0.5276639335028361,1.6430753459037857,0
0.6359399905044344,1.661295627053008,0
0.6022490963932063,1.6811079182935433,0
0.4710394676857084,1.7013374615894499,0
0.5485871377572274,1.7188578602608027,0
0.5488868363350836,1.7365619269109298,0
0.6226949046828679,1.734595213336208,0
0.7618452196037799,1.7424257330219124,0
0.6220928553273416,1.7731218694677842,0
0.7114587277258412,1.794494046610356,0
0.7354133963563121,1.8247134789412771,0
0.723581933030306,1.8539944225724976,0
0.9490056553781888,1.8946689426780987,0
0.893590592671722,1.9365757437300708,0
0.8978924607539318,1.9712943791615418,0
0.9206536394725612,2.011887707393992,0
0.888060756080198,2.0628726224836016,0
0.6407590375484549,2.1096797061847914,0
0.5695474728088857,2.1408122864806565,0
0.5076663469800593,2.1755327150394024,0
0.4502409168220842,2.183658487087063,0
0.2824150176194468,2.210375690899214,0
0.3753480987544406,2.215569727442068,0
0.3853866750128927,2.224148489586025,0
0.322033578292821,2.2506265337583584,0
0.3505765525843275,2.2802947857591755,0
0.4093360392437554,2.299320064636498,0
0.5363286702627593,2.3086009685448974,0
0.4493497776879129,2.330388318684414,0
0.520794736010256,2.3383378938339883,0
0.5025979931544503,2.3727959351104584,0
0.337034420384699,2.3943627560034786,0
0.2461302720998174,2.4211460369938727,0
0.3561753463707527,2.416195231754601,0
0.2636772260036183,2.428966154248001,0
0.2753840359388276,2.4482338656119507,0
0.110982126683254,2.44814281566951,0
0.0633724880001982,2.46193355864357,0
0.1098257675686796,2.457832215815695,0
0.0596275818768257,2.455515749315274,0
-0.0067118918226611,2.48563059034392,0
-0.0727012751480043,2.4718485573122346,0
0.1199492142208524,2.454530975692985,0
0.1072266117606751,2.477941086184363,0
0.141373684238215,2.4956842672292523,0
0.1983031530328269,2.487559880888938,0
0.1884077955638001,2.5008116148130015,0
0.0423617611522524,2.4812758676875117,0
-0.0541677029170802,2.4721394371853123,0
-0.257957431463073,2.4504560072150166,0
-0.084946481643447,2.4543276984914426,0
-0.0835222503486504,2.4579173519163415,0
-0.0544541404959111,2.4527803334986125,0
0.1436943590667861,2.437958549799047,0
0.2350334681195271,2.4446718470514375,0
0.0512811090933922,2.429687098397749,0
0.0867224550753237,2.448770644519519,0
0.1196601244422076,2.4466135095530497,0
-0.026743956942886,2.4500043425859475,0
-0.0356076086881302,2.4500067817001536,0
-0.112526707406077,2.442188358154905,0
0.0426508509308924,2.4339960849056728,0
0.0965382465502182,2.4212746695692102,0
-0.0158725899459475,2.4118068073254166,0
0.0122062493798547,2.412851011540042,0
-0.0144404020517535,2.413525882640137,0
-0.000694050467196,2.4005213388192126,0
0.0564608553107479,2.395879195165642,0
0.1147429460054411,2.358467021552646,0
0.0159378945042018,2.341996444550254,0
-0.0584457012010532,2.3236334852584117,0
0.0535832185233346,2.2936223847869566,0
0.0317290921376911,2.2936485498378945,0
-0.0966135085816049,2.283619333337499,0
0.0010245750058534,2.283181442694674,0
0.0579009998043639,2.277876091499925,0
0.0893189586835192,2.242385407715744,0
0.2391205080176211,2.215161179009483,0
0.0521430740297186,2.2080606543686785,0
0.1213946631140717,2.1931752847309127,0
0.1471740452097504,2.183124431450027,0
0.0265599547195468,2.173916905706457,0
0.1817215998577017,2.1573838574498914,0
0.2015043581963331,2.1528032750928103,0
0.3196837292664051,2.143351270630522,0
0.2499308744190608,2.128411725630883,0
-0.0695663749795803,2.1144820991220477,0
0.0927827316276393,2.079426092423221,0
0.1358703696447417,2.062340250603271,0
0.2900347876565621,2.0577946322175165,0
0.2373700561469423,2.051105612601858,0
0.4573673776956503,2.0400257897620806,0
0.3576499694618169,2.013620897546534,0
0.2464246662780655,1.996367794660256,0
0.2747978997821208,1.9962928881355815,0
0.1500728995956111,1.9874808609671155,0
0.1083803186754356,1.9823223730393904,0
0.0962491567715783,1.9773692001908312,0
0.0360415690191369,1.9976325400595576,0
0.0443774330033591,2.005855476978137,0
0.0325910570740175,2.0117526070094605,0
0.0864333652966838,2.006458210076843,0
-0.0798224316219671,1.9990738512763562,0
0.1416654262166739,1.9745722802538175,0
0.1793956206295225,1.9635442321977652,0
0.1913172587488722,1.9516930135439134,0
0.3076400899560725,1.9430243867098642,0
0.222777652824873,1.9417970719644293,0
0.2356169520764447,1.9943651148867947,0
0.1933568003981958,1.9973607886193432,0
0.1347140105301673,2.0110540638951466,0
0.0369008817556493,2.013824302085997,0
-0.0235984479752507,2.015806630107064,0
-0.0558783717907076,2.0175733960424367,0
-0.1564763103595058,2.013018075375042,0
-0.0327485372993258,2.009008728534107,0
-0.1878518340417908,2.003051665832377,0
-0.1201942170396904,2.0030088872169873,0
-0.1142320718800962,1.9892948553802363,0
-0.0832384649696138,1.982544775714838,0
-0.0141566166727169,1.9676942200760665,0
-0.0067118918226611,1.959412136017587,0
-0.0141566166727169,1.9513873993704742,0
-0.0158725899459475,1.942400993463072,0
0.0403513937007688,1.9339684996563495,0
0.0974028636863585,1.9131847419741679,0
0.0685575386171571,1.9059796285209023,0
0.0535832185233346,1.8956421006345008,0
0.0590520545193302,1.8840015205465457,0
-0.026743956942886,1.8692530396450138,0
-0.0940514835708625,1.8485942956594108,0
-0.0786819857062073,1.831813292602243,0
-0.3360408458950114,1.812975625703336,0
-0.2602011924973256,1.8068550652404984,0
-0.2005505667037264,1.7917503925043696,0
-0.1377809539405476,1.7780894954560613,0
-0.0407475719084296,1.7610256419756545,0
-0.0912083253808727,1.7357127901495717,0
-0.0658612518532691,1.7104463966679637,0
-0.0293165907528398,1.7039161350693859,0
0.0122062493798547,1.6895542804711343,0
0.1747463143729781,1.677861595490595,0
0.0570363826682434,1.664211387612989,0
-0.1190590755235338,1.643478128885381,0
-0.0746957294006684,1.6342627216338776,0
-0.1658120536698764,1.619979254997072,0
-0.2171798594753301,1.6120309934282027,0
-0.265534766303318,1.5955110056921151,0
-0.2792731612884583,1.5890626439000026,0
-0.3195680329118831,1.579466505917608,0
-0.3237585086023264,1.5715653857735838,0
-0.2278788334849737,1.5555153121973129,0
-0.2747882914197621,1.537837328773682,0
-0.2887998629847277,1.527562613574728,0
-0.2067540620454673,1.5164921821124284,0
-0.1833351377754406,1.502664436590654,0
-0.1621334525416109,1.478361597331523,0
-0.197166359753714,1.457477948806044,0
-0.0986026584346608,1.4376797931163994,0
-0.0988864438137025,1.4134044423310972,0
-0.1431649195428274,1.3851318637299275,0
-0.1162185695333629,1.364261474371836,0
-0.2523400722780192,1.3383973998847736,0
-0.2332256682900162,1.3196899701946982,0
-0.2011154852620106,1.2953451836504881,0
-0.278153932971146,1.2766953450699765,0
-0.4358006893257199,1.2620634304512188,0
-0.472833355190115,1.255170982846591,0
-0.442993455194393,1.2526154960942208,0
-0.3652999141336545,1.2412518801463754,0
-0.2966397656055917,1.2271928053869339,0
-0.3304606175072444,1.2096362446969204,0
-0.3911588622234407,1.1989418305007538,0
-0.3639075092364921,1.1855053577708188,0
-0.3282248130723892,1.1683966322109511,0
-0.352211308100514,1.1509785347569135,0
-0.3360408458950114,1.1323372310087427,0
-0.2831984169985183,1.1119884664441162,0
-0.2512155395610986,1.0908071577368172,0
-0.2599200593180782,1.0636651751864383,0
-0.3223607993055608,1.0406422678319955,0
-0.3162156523595097,1.024243463923416,0
-0.3911588622234407,1.0036325467463156,0
-0.4094802584700383,0.9887961600250971,0
-0.4022662750029178,0.9699175717866504,0
-0.4313715156529192,0.9503953621575275,0
-0.3666923190307921,0.9374399029446321,0
-0.310905948351754,0.9240405223691059,0
-0.3460794221534635,0.9118291296417055,0
-0.3975480115514772,0.8994570061772696,0
-0.4717273878718033,0.8897896875982579,0
-0.4855188268530253,0.8838390142461273,0
-0.3900502427053398,0.8836455947974267,0
-0.2292871515809507,0.880944830866894,0
-0.2121088534499269,0.8740478481196435,0
-0.2677785273375707,0.8644374680627794,0
-0.1621334525416109,0.8611703902904144,0
-0.0650045913165459,0.8540379588600716,0
-0.0695663749795803,0.8415533278292895,0
-0.0441768662551016,0.8299831089737829,0
-0.1196266462816121,0.8167696373379012,0
-0.1533599755897105,0.8065229832906233,0
-0.2943986567711529,0.7973590469033641,0
-0.2775943188124898,0.7905256778346336,0
-0.3363193268744449,0.7833895653496563,0
-0.2467200608931712,0.7755986615016242,0
-0.1196266462816121,0.7644595139233412,0
0.0786465066719016,0.7473768974461774,0
0.1132948449124079,0.7272842585142587,0
0.0458149252971612,0.7085243467193204,0
0.0564608553107479,0.6912450460404167,0
0.0524321638083634,0.6728012931489645,0
0.0346040767253151,0.6518712025105644,0
-0.1377809539405476,0.5491301641149957,0
-0.125302353862331,0.5376238197623837,0
-0.136648464624205,0.5237461583013314,0
-0.1414648594684114,0.5128439696927808,0
-0.271425302068197,0.5012258476565493,0
-0.2966397656055917,0.4928663682661027,0
-0.3139798479246742,0.4843659890628973,0
-0.2013966184412333,0.47620437721794673,0
-0.2157715413793482,0.46330282398363437,0
-0.1720314622104566,0.4528657176339426,0
-0.1949093377204557,0.4411687316220986,0
-0.3050313257857093,0.4340785273777992,0
-0.2663755136412216,0.4271503100586312,0
-0.1954716040789061,0.4187002033330143,0
-0.2916005859778473,0.4111594085909207,0
-0.3187299377737737,0.40338242008003594,0
-0.4407815205577992,0.3975734860312329,0
-0.4604077991080046,0.3951364687814414,0
-0.4521196747202313,0.39426820870813467,0
-0.4833121966160347,0.39498283848250143,0
-0.4590260030100734,0.3938923034870558,0
-0.4258337224620027,0.3923639640564104,0
-0.617677943090404,0.3909824095711708,0
-0.6018496146596477,0.3921627877716144,0
-0.5369608942529833,0.39504538102594383,0
-0.2349124673654019,0.3941495926391355,0
-0.3167752665181856,0.3896255326012905,0
-0.3226419324848082,0.3855199809298125,0
-0.3608468706625973,0.3823552673347164,0
-0.3134228859658073,0.3800700277460919,0
-0.2916005859778473,0.3772648855756449,0
-0.3833799601980608,0.37597677847150285,0
-0.4584743454508146,0.3777389947672186,0
-0.52460164316598,0.3823613465063306,0
-0.56849024552391,0.3848636011568522,0
-0.5922884343659253,0.38803887030784556,0
-0.5597247251714267,0.3939021442456621,0
-0.5753329210184394,0.3979865810762333,0
-0.5903761983071828,0.40054654413473295,0
-0.4590260030100734,0.40381248295693256,0
-0.5465645097435761,0.4017022216212011,0
-0.5769746326971656,0.40347670165282373,0
-0.5862758974100881,0.4069315894742924,0
-0.6394763732801471,0.40921473345241843,0
-0.7955662883497352,0.41329351101548956,0
-0.8473345763256003,0.41903199064906155,0
-0.8339436195147896,0.4240582862718408,0
-0.6994956548464987,0.43000944087106485,0
-0.6965145822667164,0.432447384078749,0
-0.7314228360880226,0.43160220034898733,0
-0.6696584070505955,0.43146895046348177,0
-0.6653141037714908,0.4286830180354453,0
-0.7473572525109422,0.4270210306050661,0
-0.6476424964769179,0.4270185847634388,0
-0.5917420812062945,0.42636663477148584,0
-0.7640740678760707,0.42820617819235446,0
-0.6111323139739366,0.4315584792078428,0
-0.7073514706661771,0.4320050419512996,0
-0.6693878826705595,0.43112577627737203,0
-0.7349343486286212,0.428503811863378,0
-0.7912644202675205,0.42523257184942087,0
-0.7397984830693257,0.42094384914703564,0
-0.8820810459588477,0.4154996208753854,0
-0.9491578312038692,0.4115568682893362,0
-0.904749397684344,0.40801390870319915,0
-1.0005442024079565,0.40344701970247376,0
-0.9220523492061596,0.40162475708530354,0
-0.8580388547348717,0.397495662363638,0
-0.8320685142532943,0.39129473155298444,0
-0.8071192706963078,0.38269386113940274,0
-0.8393037153188375,0.3759423539334018,0
-0.8660564547426091,0.36825253269745567,0
-0.8044325922947686,0.36233734024746755,0
-0.7527518269124581,0.35621396273568884,0
-0.7105447192302908,0.35359652438075845,0
-0.7127646104663068,0.3528377228814225,0
-0.7000367036065263,0.3555162654922938,0
-0.6105859608142861,0.3594065335604486,0
-0.4943373912016099,0.3621062453986896,0
-0.4308172058938712,0.36653944854857384,0
-0.4396729010396982,0.4735105569801658,0
-0.4896536063475977,0.4851684077909102,0
-0.4827631912565899,0.4953983433602535,0
-0.5460155043841313,0.5021907592760323,0
-0.5898298451475519,0.5036276534998654,0
-0.5567091739941914,0.5084441077687959,0
-0.5218513119691528,0.5130748863583011,0
-0.4335861024893319,0.5093756255278485,0
-0.4277724805187712,0.5021365975876774,0
-0.4067060574749497,0.481034643789234,0
-0.4913059268255353,0.45878114012203447,0
-0.6122223680934041,0.4402587564134004,0
-0.6206775810688199,0.42745991499343494,0
-0.7334756387363963,0.4148307903949823,0
-0.7273676225875875,0.4081809336849704,0
-0.6984135573264286,0.40830031487135005,0
-0.7497840153316765,0.40272223601360563,0
-0.7478956490711707,0.40311253669493136,0
-0.731693360468034,0.3993475720692932,0
-0.6547132611545884,0.3921423914859587,0
-0.6163147123911064,0.3823394552451238,0
-0.599308807247328,0.3718843669556693,0
-0.6018496146596477,0.36495188493796354,0
-0.6307638969237256,0.35746467253220116,0
-0.7270997504073654,0.349300710180027,0
-0.7451957096706111,0.34553873212758607,0
-0.7270997504073654,0.33898125602293144,0
-0.7665008306968099,0.3364141670632193,0
-0.7511313328321546,0.3314208136590155,0
-0.7349343486286212,0.3227165460287606,0
-0.6013032614999921,0.3156458865184083,0
-0.5876417803091751,0.304931764179324,0
-0.5925616109457505,0.292054733647297,0
-0.5427241244272566,0.2783200861805479,0
-0.6462819179774143,0.2650856505993254,0
-0.6326973505809107,0.2517059101105579,0
-0.5709541391419063,0.2420412427269653,0
-0.4750399854271055,0.23039827532719226,0
-0.3633531994774391,0.220898966049848,0
-0.5003950155541314,0.21192151169503,0
-0.4725548742106815,0.206125024172992,0
-0.4405030395783657,0.19865202535497373,0
-0.5193794617517343,0.18647792204705224,0
-0.4970903745982313,0.1771942891819833,0
-0.5996668542208938,0.1696084208970714,0
-0.56849024552391,0.16403446810836067,0
-0.5767014561173404,0.1559137067425699,0
-0.5649283411870192,0.14983407070070848,0
-0.5523250877180353,0.14172269143309413,0
-0.3717023244606915,0.1337822828173784,0
-0.3272222815464514,0.12576280689384411,0
-0.2859991399916131,0.1190794796007714,0
-0.2859991399916131,0.11290454444032079,0
-0.3958797778746953,0.1067685178690678,0
-0.4169647663171504,0.10201841825080572,0
-0.3367940706393852,0.09756141264239154,0
-0.4330317927302592,0.09050939091443075,0
-0.5254238251052303,0.08779998328852183,0
-0.5300943489602172,0.08409755427666404,0
-0.5177297934736057,0.08278212640804783,0
-0.4753158142067448,0.08245281661860243,0
-0.486070484412284,0.08124266186562906,0
-0.434665547809588,0.08163713504050547,0
-0.4667598176387741,0.08275186350035282,0
-0.5668458816453895,0.09487355843199183,0
-0.5616422656297725,0.10130740320084615,0
-0.5868222505697189,0.10506480659770293,0
-0.5627376241488481,0.11138530617144166,0
-0.654442736774577,0.12337569080583936,0
-0.7208803418668099,0.12972659438326703,0
-0.7333138545483374,0.13750724293014746,0
-0.7270997504073654,0.14562990457155228,0
-0.7397984830693257,0.15254212994425556,0
-0.7124940860862954,0.15825075372379865,0
-0.5775209858567965,0.16444075788708146,0
-0.6372989172410014,0.16704655622659245,0
-0.6721037352699386,0.16911972489189137,0
-0.772157972878915,0.17841861212880436,0
-0.8151740015013073,0.18356522065511574,0
-0.8900853849675844,0.19279547254156623,0
-0.969842337475908,0.20340394607048445,0
-0.9565866428551052,0.2153756146283354,0
-1.0532911521115025,0.22957083858112318,0
-1.1199515419872932,0.2406947040206515,0
-1.1293695034915905,0.25684594047315956,0
-1.1330295392212173,0.2715167217967417,0
-1.2324870318742556,0.28566181752644604,0
-1.1997960170891513,0.3015858158447,0
-1.2489651492570115,0.3271253014007699,0
-1.1353820404474273,0.3423471606296599,0
-1.1128038635152795,0.36092286689661657,0
-1.0398365425053988,0.3844480132412355,0
-1.0311638491460584,0.412897835482932,0
-0.7834643006437179,0.43255789659143,0
-0.6631392999321591,0.4458465138164961,0
-0.4568167205732738,0.45072255813881057,0
-0.3753172727936591,0.4565138907275001,0
-0.4678631327572669,0.46105001555483005,0
-0.2792731612884583,0.47684338121129793,0
0.0815294478589229,0.4856886739341386,0
0.1080938810966097,0.4797727447365225,0
-0.0731282793164465,0.4789606084948512,0
-0.1954716040789061,0.47265700081730044,0
-0.3658568760924967,0.46998981131960743,0
-0.4316473444325387,0.47365005055065484,0
-0.4141932175218757,0.46627700191601756,0
-0.7427662946500827,0.46106722910518244,0
-0.862849945179475,0.46287853875703355,0
-1.5396462477843162,0.47107003704585054,0
-1.4572344432720876,0.4949273860357552,0
-1.300998657213285,0.5205936595025855,0
-1.2163987878626994,0.5515832077403819,0
-1.0229871171500762,0.5695496881514145,0
-0.6699315836303962,0.585176891647888,0
-0.4678631327572669,0.5892946460654547,0
-0.7095156657063222,0.5857810000059976,0
-0.7181750980666423,0.5707873836360332,0
-0.8804817694769916,0.5670910429550746,0
-1.116808685219447,0.5624675851820323,0
-1.2067898679725233,0.5725137796724021,0
-1.2138022842545089,0.5823334069065638,0
-1.0105827786663886,0.5953634754592254,0
-1.080627375492167,0.5968962149550244,0
-0.9388009909689272,0.6090792135857863,0
-0.9271047898329292,0.6090018546417263,0
-0.9486247390432438,0.6100960096221885,0
-0.809805949097842,0.6028144320833169,0
-0.9884316059027028,0.5834461781455913,0
-1.0921750534391363,0.5778575229968109,0
-1.0732754776352738,0.5704627018384602,0
-1.0780043498859455,0.5625681843757224,0
-1.0966334013097967,0.5649083232093123,0
-1.2008118096141145,0.5650119581024716,0
-1.273383952853187,0.5745190819765016,0
-1.1695742003216465,0.5779660378786919,0
-1.1669670879142446,0.5866503733332625,0
-1.140869441842081,0.5841698974082291,0
-1.0503949499254557,0.5725145351698095,0
-0.8986201639371076,0.5679656988749028,0
-0.8671252912636538,0.5595402456363366,0
-0.9902297973698848,0.5515417538389124,0
-1.1364270071702354,0.5466220144474451,0
-1.2254825721916671,0.5498309931391547,0
-1.1395645595384731,0.5640334300959843,0
-1.1343370737246194,0.5674564157461823,0
-1.2013316407757142,0.5626276001676607,0
-1.1181188719226631,0.5585237270514899,0
-1.1695742003216465,0.5519661053819241,0
-1.2067898679725233,0.5488974850573256,0
-1.174785772936661,0.5360711459309087,0
-0.9661319099499884,0.5218233059988027,0
-0.9380026788279184,0.5002120261580932,0
-0.8151740015013073,0.48119220155451103,0
-0.8820810459588477,0.46143188473555424,0
-0.9824243733464738,0.45025151498182114,0
-0.993112738556906,0.4289873823599014,0
-0.8178553755032382,0.4016068602511026,0
-0.7397984830693257,0.39102716936252796,0
-0.6013032614999921,0.3713099844798697,0
-0.5136029705784604,0.35708272067707825,0
-0.4970903745982313,0.34383543428945046,0
-0.3558342130328789,0.32308833489331246,0
-0.2523400722780192,0.2980687758586628,0
-0.0256008588273122,0.27853407465504987,0
-0.0664314748111564,0.2601544395271914,0
-0.0974648647186952,0.23924299875488278,0
-0.03817759029827,0.22118817789216644,0
0.0357524792404921,0.20722774714498193,0
-0.1363646792451683,0.18838146764319924,0
-0.21661759311686,0.17528367638038125,0
-0.0258846442063489,0.16647331147193967,0
-0.1861597305667969,0.15602845749490418,0
-0.2368830518198293,0.1432503079614725,0
-0.3078585707768599,0.13594471774661124,0
-0.3822686884801657,0.12255388334988303,0
-0.1550600356641265,0.10768373040645508,0
-0.0823844566327046,0.0947415439529945,0
-0.2191504439297575,0.08359500136533082,0
-0.2831984169985183,0.07126051172273608,0
-0.2747882914197621,0.06050950085775596,0
-0.2273165671265233,0.04818614644344021,0
-0.2523400722780192,0.03997545203852411,0
-0.2180259112128172,0.030068051875578743,0
-0.2481257267893342,0.021610106770532978,0
-0.2273165671265233,0.012771124091882871,0
-0.0812466629167389,0.0038347192964717095,0
-0.1649633497325754,-0.0029957464811808713,0
-0.0227391352387136,-0.011360039645678903,0
-0.136648464624205,-0.01689563784042996,0
-0.0875085066541894,-0.022103231598843302,0
-0.0086294322810068,-0.026988460627645924,0
0.1364485492020314,-0.02846543911988778,0
0.1508844727356451,-0.03162157408885475,0
0.0950927976569989,-0.0317397810616404,0
0.2082038149014619,-0.01769611408496165,0
0.2432102001155093,-0.013836327429424384,0
0.4108159667344278,-0.009282734166940478,0
0.4880002854328024,-0.004307834720951258,0
0.5488868363350836,0.0009078466995962498,0
0.6745507152522627,0.007547002710602532,0
0.934206380471406,0.013892865461617852,0
0.8218963275677904,0.019631771691012146,0
0.9644414582379311,0.027170654235028548,0
1.1633166605469714,0.034519391211132344,0
0.9632055331292442,0.04232298905706896,0
0.9209612946498346,0.05062642680172582,0
1.036920774483866,0.06074719766491533,0
1.164571151054292,0.06908922611116626,0
1.1727266654518465,0.0766425116168714,0
0.9641338030606578,0.08517418102456453,0
0.8641299572479886,0.09573898381973919,0
0.8613716694517393,0.11168819811445806,0
0.9887727392405766,0.12724471905384171,0
1.039403233500476,0.1415868670577782,0
1.1194864065847066,0.15420887891641777,0
1.1727266654518465,0.16799663214456154,0
1.3315244765213916,0.1831163724748902,0
1.0993429490727151,0.1968773216157381,0
1.1664542129151845,0.2158340024024099,0
0.9981535699476068,0.232466131703952,0
0.9904117987194888,0.24835532664544374,0
1.0804751996664863,0.26328563085856693,0
1.0976269757994843,0.2802669662631328,0
1.0462406045953971,0.2959733525110298,0
1.2656279201891862,0.31393761504537676,0
1.3118478061749184,0.32295577422781674,0
1.2766928977718128,0.33313355097771463,0
1.107928119838531,0.34410702149603706,0
1.0910760422833892,0.35913792952437773,0
1.0792286657585686,0.37370501163053393,0
1.0509031718509867,0.3906180148702802,0
0.9363626189121288,0.40624772586271074,0
1.0167481427740297,0.4269289651141124,0
1.056814925214269,0.4462574375499677,0
1.0976269757994843,0.4636071130789334,0
1.158301350717444,0.4820388710348051,0
1.101371881922852,0.4956797091118975,0
1.0102369922550154,0.5088762982655276,0
1.109800572900217,0.522360147528041,0
1.1038676019384874,0.5316801252640734,0
0.931368526681044,0.5449174928064898,0
0.7986975358814876,0.562616170677675,0
0.6878488450699108,0.5894048816224983,0
0.7205504686542314,0.6154825483995569,0
0.6362423412821047,0.6453471856491237,0
0.7329866335355778,0.6822007066312153,0
0.8736354413458154,0.7125128414140063,0
0.8381012683707213,0.7400992630559871,0
0.8800776346699087,0.7613837617979914,0
0.8255643198968445,0.7866939500255707,0
0.985773101262156,0.8150679515951338,0
0.8638223020707102,0.8427866075047947,0
0.9301989065674444,0.8754881237072966,0
0.929151287644842,0.9057368130512514,0
1.040026500454445,0.9363962035040757,0
1.0384723113692484,0.954176930262018,0
0.8739430965230691,0.9731617471077156,0
0.877932005028422,1.0008760359422686,0
0.7959525090842636,1.0256741997790613,0
0.8145682995091093,1.048444161178103,0
0.9332807627397868,1.066348365046416,0
1.0689513915177589,1.0751544880014776,0
1.122613350153733,1.0774651346432418,0
1.0359898523526434,1.0817717861183962,0
1.1104238398541662,1.0969685491344698,0
1.0235722528699305,1.1042579693708188,0
0.9672209636326032,1.1136616424954617,0
0.8883684112574715,1.12313079827705,0
0.7326816305581134,1.1394737948753764,0
0.6513094883690896,1.1586233008950388,0
0.6528185900576267,1.1774841592288317,0
0.9184974010318384,1.2010148250022603,0
0.8527918030855317,1.2104941426357008,0
1.0415806895396411,1.2228343089206835,0
1.2094941113358135,1.221141456398008,0
1.0633472933317305,1.2069739152867418,0
1.044376108133133,1.1973993766101747,0
0.9587286198599504,1.1854973217017741,0
1.0101123388642186,1.1816315072683279,0
1.1032443349845134,1.1815030217581168,0
1.1348108170527025,1.178497585729414,0
1.1442022565589487,1.1763366509674988,0
1.10855138679248,1.1742213298707862,0
1.1504641002963742,1.1757513277257057,0
1.1504641002963742,1.173568032179561,0
1.0976269757994843,1.1758445984198571,0
1.2261844047028962,1.184363844284303,0
1.269547871499638,1.1846894864332953,0
1.2606364801579153,1.1895528376235016,0
1.384032728242605,1.1897453310060406,0
1.309946178915392,1.1873292476381327,0
1.6130077461281425,1.1957526497600486,0
1.7025009241172528,1.1898827987010392,0
1.7715748158147326,1.1833795925270907,0
1.7175309404069758,1.1737388219252713,0
1.699236066158429,1.1681270134901212,0
1.6943427575199042,1.1585213768689846,0
1.6227413194091154,1.1571912249350882,0
1.7685566124376833,1.1608160724467698,0
1.744328767227412,1.1564492796812027,0
1.7787967558812503,1.1410102596217013,0
1.7908218297929497,1.1299776613329648,0
1.8915709437505903,1.1182607821914867,0
2.0320261409751152,1.1008639186496345,0
1.92837552043182,1.0847331540826168,0
1.974603363016949,1.0846025750071169,0
1.8627945758763096,1.076542937470396,0
1.8733715486949705,1.0712410754159836,0
1.8584980121937031,1.0640834458822424,0
1.9038294112450584,1.0564609865979437,0
1.9446547228292743,1.049890266864662,0
2.0102993201800823,1.0435314245465355,0
2.1147456006645924,1.0367657446493777,0
1.8485946981252543,1.0259557613367838,0
2.005286662550364,1.0290375689940223,0
2.007291725602264,1.0215998895733813,0
2.115586348002496,1.0181895616637848,0
2.2064348000914817,1.012429325166302,0
2.051445547940597,0.9974593839311466,0
1.8618026531495837,0.9908163587930466,0
1.805061490541056,0.9951421837325533,0
1.91228197202066,1.001921785130264,0
1.809042442446987,1.00205154510566,0
1.7840534158929444,0.9960229573156892,0
1.599067783957892,0.9896283353214113,0
1.61949502684892,0.9974103798797563,0
1.7564864511293248,1.0052223289362503,0
1.704787120348356,1.0081660501576413,0
1.817502959822006,1.0198259795094042,0
1.8245180283038056,1.021505100316464,0
1.7728876547177577,1.017255235622887,0
1.8101590185645104,1.0142743570286572,0
1.6812965866836145,1.0140860103385152,0
1.7145896508242449,1.006178325521505,0
1.72308995119632,0.9927646244002822,0
1.6003620574622883,0.9794516487830249,0
1.5344177615336048,0.9732647560276159,0
1.54183596438561,0.9629066155545454,0
1.373511451619815,0.9534068263386181,0
1.5560411465362685,0.9530796442125389,0
1.5667692947437768,0.9441952044685173,0
1.7144915194315038,0.9394513817576993,0
1.717204719831069,0.9242127550667664,0
1.7401064651393097,0.906458461015546,0
1.719164695486285,0.8890664847773208,0
1.7416420888258728,0.8665726171581003,0
1.6532867045527082,0.8496707877986601,0
1.5543304776626412,0.8309474688040288,0
1.6519844744489145,0.8162564977006214,0
1.728648961985689,0.7995179472432516,0
1.818622188139343,0.7823686987435697,0
1.7860240003473715,0.7632328812118642,0
1.8288013309873867,0.7399763823630907,0
1.8044355713872933,0.7183907287966907,0
1.646783510633111,0.6943626663506902,0
1.5612076317546186,0.6779847475033796,0
1.6376785087057004,0.6614827970928209,0
1.560239578826129,0.6433430740858666,0
1.3757446038548318,0.6280129528018642,0
1.2820715589744944,0.6135151962958674,0
1.117611301323231,0.604517708050176,0
1.2203866959311749,0.601888442252653,0
1.28302104650437,0.600950056786769,0
1.4165937852373094,0.59605739405174,0
1.3362878273695165,0.5876369921127466,0
1.2823871707511898,0.5803175664055942,0
1.2287066467165824,0.5779574418017976,0
1.4092445395801856,0.5769634759980262,0
1.2656279201891862,0.5688811048907512,0
1.187483505161744,0.5647121516725637,0
1.298533763158431,0.5524021535736487,0
1.0920122688142446,0.5394861386906267,0
1.0316402446739303,0.5331932878764538,0
0.950549235664154,0.5296274994593071,0
0.9758750915933398,0.5261688253267114,0
0.9380573745869368,0.5248421156844333,0
0.8325953015774586,0.5234138144971202,0
0.8442225455185357,0.5214490806818688,0
0.9579541775171536,0.5188409029950325,0
0.9317398346536154,0.5128600311780671,0
1.044689067710015,0.5099908107744933,0
1.1677087034225295,0.5057865709704508,0
1.1664542129151845,0.49821553507670197,0
1.259941603809256,0.49330737570995875,0
1.2261844047028962,0.4835459283493494,0
1.2577296691726374,0.4780257640509649,0
1.3455042216886983,0.46811615939248474,0
1.4165937852373094,0.45727586272866555,0
1.3846692561955796,0.4462757726152739,0
1.3795690759723365,0.44042644676211734,0
1.5482914187087533,0.4370829125102162,0
1.5195946168286052,0.4282378970007527,0
1.5315162549479302,0.4178388866132417,0
1.4803526685274055,0.4042063502886499,0
1.647433299585116,0.39233987326048725,0
1.629233904529496,0.37576876244352625,0
1.648441135510657,0.36149977670202493,0
1.7499328654134354,0.34577626285685964,0
1.730285369264807,0.3304286882359492,0
1.5092908205897448,0.3128744023243322,0
1.5838468092822702,0.2999529476292738,0
1.4809971530797972,0.28584036565558735,0
1.465266956041787,0.27231322824341847,0
1.6000384890861707,0.25984696195586854,0
1.828143585435989,0.24689634498508214,0
1.7610774089901795,0.22892759098632903,0
1.769015443003804,0.21123447608261775,0
1.6221896618498763,0.19263066828101869,0
1.61949502684892,0.17649568091316375,0
1.782082831438497,0.15849659158766705,0
1.7965426247703526,0.1411405354826831,0
1.945882691338564,0.12357516177880552,0
1.8320980153438693,0.1056151302424381,0
1.9489751563101176,0.08904454255381875,0
1.8551960234376168,0.07255610359049941,0
1.9250549662771,0.058003674909499384,0
2.0017168016140805,0.043834458083270515,0
1.8760184440994532,0.03027688539333865,0
1.8773392396018809,0.02011012594670856,0
1.8703957805147915,0.010896147634067837,0
1.9656124056811188,0.0027472991256107223,0
1.9320275995620293,-0.004592098913567463,0
1.9144355582615689,-0.010209528837153597,0
1.7434455846926578,-0.01431861598421875,0
1.8222132666740487,-0.01749580758898135,0
1.8783311623286072,-0.02004334892293257,0
1.8320980153438693,-0.02219209834584231,0
1.8524563010399964,-0.02332214130040443,0
1.8314402697924672,-0.023129374698979244,0
1.6927116546403893,-0.02143907474605059,0
1.7194909160621918,-0.019619401400796852,0
1.730285369264807,-0.01635163818850007,0
1.4377079478775847,-0.011950998974905334,0
1.2548891631824617,-0.008008157135241847,0
1.1664542129151845,-0.003773561268163877,0
1.2529928403225634,-0.0008567686713513244,0
1.306774147949706,0.0028821906606268954,0
1.2988520271349158,0.0077525744193058166,0
1.2925185740027798,0.013611038320871446,0
1.31882839605927,0.02009561472938037,0
1.2893518474366972,0.027871739928045598,0
1.2293352180701596,0.043149124362212334,0
1.1288672372917414,0.055373438426545185,0
1.1054297476230812,0.06708915677592525,0
1.1276153989842153,0.08090553847104891,0
1.1445152161358303,0.09563556864602474,0
1.0571225803915472,0.11024021190818505,0
0.9878762957067972,0.12410332239417408,0
1.1093629599325383,0.13911673895303817,0
1.1648841106311734,0.15399820990870655,0
1.1476448119046458,0.1716543636294297,0
0.947772382469296,0.19076194318423434,0
1.076735597942727,0.20588820638609096,0
1.028847478280233,0.22186132517183052,0
1.033722221520149,0.23941399788954182,0
0.9888655662337096,0.2596418638518402,0
0.9672209636326032,0.2791982628748504,0
0.9863884116167076,0.2989780315782211,0
0.9419110209022618,0.32157241455900215,0
0.9434546011882468,0.33937820690761517,0
1.0198485643450057,0.35721602416352416,0
1.0540142022211738,0.37796331248483567,0
1.104806480669132,0.39932098097771923,0
1.2094649371379689,0.42919490892716683,0
1.1517185908037146,0.45918640959702983,0
1.1686475821531743,0.48805880736423846,0
1.1570468602101236,0.5178738428518495,0
1.0857742948750309,0.5472078514081166,0
1.0820346931512912,0.5763883923750504,0
0.8902090379214987,0.6048498400885084,0
0.8656629287347376,0.6307050544518348,0
0.8319852956225151,0.6545170838367343,0
0.8732986119706971,0.6798595059637873,0
0.8607563590971875,0.7154535264542216,0
0.9907221060965764,0.7342063245782544,0
0.9579541775171536,0.7656259928063174,0
0.8017475656561958,0.8038027257132666,0
0.7874177301147404,0.8337314729842479,0
0.7280084545033125,0.8570847665611618,0
0.7746261704596421,0.8833429340260234,0
0.8791599735377116,0.9073463418926584,0
0.8982001159312052,0.9315664040718433,0
0.9456108396289647,0.9553052956516739,0
0.9055758835863648,0.9832021077934858,0
1.0003522435852,1.0075304407996617,0
0.9956764153306048,1.0540608760248964,0
1.0254340971324003,1.0793883307018624,0
1.0935717622990493,1.1235893158472,0
1.1727266654518465,1.1660263777570203,0
1.1937692186974311,1.2055833604755948,0
1.1695891130836085,1.253372200966608,0
1.0994967766613566,1.3054669493334863,0
1.045060375682586,1.3430795561584203,0
1.0602362629615485,1.3923324023535446,0
1.0291577856573253,1.4326737325729677,0
1.0291577856573253,1.4698532698776405,0
1.0136450690032448,1.5184696081067006,0
1.047049525535642,1.5565944067934778,0
0.9301989065674444,1.5870869473079996,0
0.8466705259377174,1.621169785884436,0
0.8472805318926412,1.6593996370126005,0
0.831064982290499,1.6818219546060122,0
0.7527243044775498,1.7206568992821178,0
0.8696491850402766,1.7497077022030199,0
0.8313726374677773,1.7877426770996054,0
0.7729499801834677,1.836587879505643,0
0.7496848835020777,1.849043016548617,0
0.5611612170283712,1.8758021185721772,0
0.5008104104865045,1.9195138869332697,0
0.5737432528989371,1.9224974874204075,0
0.5986447568594452,1.9462066776987237,0
0.5488868363350836,1.9653994338814897,0
0.4582585168298215,1.9919875764870631,0
0.4680663517053186,1.9968240529476522,0
0.4820460968726254,2.0088511570683423,0
0.4546939602931414,2.019517967878088,0
0.4108159667344278,2.02093984545889,0
0.5566683905602577,2.0250746293089255,0
0.5387209544860455,2.038990815888937,0
0.5509820741803078,2.0382602782763852,0
0.5884390920133509,2.008440195078535,0
0.628712746038333,1.9704906556290456,0
0.6799903770504183,1.96287931212487,0
0.6139718195272351,1.9666296993741876,0
0.6467874877031313,1.9566810625891484,0
0.5836386103679639,1.9446263692295374,0
0.5536740569814501,1.9235509346845843,0
0.5578645326719132,1.887058818305322,0
0.7436113459507369,1.864049007244994,0
0.4612289806103974,1.8524694495348974,0
0.5566683905602577,1.8274462153355175,0
0.5118435616714772,1.8089011793485261,0
0.5926401765030055,1.805644275323413,0
0.4582585168298215,1.803408709637488,0
0.4882973318108645,1.7768665693056451,0
0.5387209544860455,1.7313248461786674,0
0.547690694223453,1.722802205752828,0
0.3038235744379899,1.706488868128508,0
0.2256950726093672,1.6886893967728334,0
0.2052916995165709,1.6528159545147787,0
0.0380519364706206,1.6216033522165216,0
-0.062723699485051,1.5934507100152728,0
-0.062723699485051,1.5615955166914763,0
0.0423617611522524,1.5217576518292224,0
-0.1638308604162377,1.4770181837197267,0
-0.2385671986954307,1.4470723433582624,0
-0.2323796165525044,1.4123909651317132,0
-0.3257131798579342,1.3686645360852232,0
-0.310905948351754,1.3353330426729828,0
-0.1250185684832943,1.3077093350741318,0
-0.1244509977252407,1.2655156074906189,0
-0.0424608929818709,1.2206443798190336,0
-0.0664314748111564,1.171810246881302,0
-0.0960432856237126,1.13105279660643,0
-0.0991728813925284,1.0862053112236294,0
-0.1394810140149587,1.0449297098568278,0
-0.1621334525416109,1.002273088972621,0
-0.0084278650958917,0.9615422475005837,0
-0.1247347831042774,0.9028186382863465,0
-0.0835222503486504,0.8486802123680874,0
-0.1423162156055264,0.7912751289951196,0
-0.1960365226371902,0.7377359694140024,0
-0.1304104906849962,0.6967454721012623,0
-0.0338916354148749,0.6475702573126407,0
-0.235474733723877,0.6088068420711433,0
-0.1598711261087297,0.5654921134461955,0
-0.137497168561506,0.5220563109649577,0
-0.0456037497496923,0.48155642458241116,0
-0.049030391896575,0.438476224932128,0
-0.0558783717907076,0.3977061306350676,0
-0.0430337681395525,0.36002580279826557,0
-0.0769739690323741,0.3218130058206643,0
0.0239740599105677,0.2901247814794535,0
-0.0541677029170802,0.2595938304232929,0
0.0535832185233346,0.23341980711788177,0
-0.1048565455726694,0.20473230527175773,0
-0.1462812543126179,0.1816199696273881,0
-0.0798224316219671,0.16262187373430714,0
-0.1167887924912305,0.14409601670086974,0
0.0102011863279792,0.1302439083983213,0
-0.0421771076028343,0.11714291093208519,0
0.0380519364706206,0.1010052722691407,0
0.2052916995165709,0.08673417429410023,0
0.2397039919745189,0.07478290750063604,0
0.1364485492020314,0.061765804792504965,0
0.1361594594233866,0.051229032785840546,0
-0.0438904286762756,0.04194364491303316,0
-0.0132946517363905,0.0337946562506711,0
-0.0792522086640748,0.026732127460580804,0
-0.0175885632192028,0.01897696898412718,0
-0.0561648093695583,0.011291455914475656,0
-0.0997404521506067,0.0051314201053437175,0
-0.235474733723877,0.0010046033364558408,0
-0.450183568863252,-0.0005272781069988788,0
-0.438291104941767,-0.0004422407787121941,0
-0.2663755136412216,0.0015305713472067363,0
-0.1677932469235349,0.004707443391351001,0
-0.1099699867949378,0.009172663874343099,0
0.19218983248441,0.013952073271477303,0
0.2353252100979859,0.02226429291328264,0
0.2082038149014619,0.031564656619277834,0
0.1599364306669791,0.04354904294613708,0
0.1605146102242688,0.05476714312352806,0
0.1471740452097504,0.06891629707272331,0
0.0348905143041657,0.08487067808059677,0
-0.0957568480448818,0.10606517174250465,0
0.0165107696618833,0.1286579257904579,0
0.0576119100257191,0.15691713757740855,0
0.0380519364706206,0.19199851243585503,0
-0.0715608292322444,0.2590542859450192,0
-0.0883625149910936,0.3027829499330112,0
-0.0450335267918247,0.353275401430807,0
-0.0971810793396783,0.42832322881949497,0
-0.3530467510387896,0.483953123469688,0
-0.3744844820551776,0.5430968097075513,0
-0.2969182465850251,0.6075045891087811,0
-0.4819330527179223,0.6789769888933658,0
-0.5273493221629932,0.7375308123014066,0
-0.6285811364849718,0.7960376079989706,0
-1.056447269878369,0.85711202104584,0
-1.0769540787635343,0.8987634802190088,0
-1.0037135811738285,0.9428244705149715,0
-0.6130418978328652,0.9926518776657133,0
-0.7462751549908919,1.070077355539539,0
-0.928436194134588,1.124991240285838,0
-0.9036832133630888,1.1816338079339856,0
-0.8454594710641,1.243926671635594,0
-0.7284523723074467,1.3053413311896145,0
-0.5558869920549213,1.3764759434533929,0
-0.6813307383883567,1.448619604184784,0
-0.7389869099292671,1.536543872381261,0
-0.711141464186209,1.6119311115358725,0
-0.7632677991356202,1.684697887019976,0
-0.7559875106734371,1.7475102939611127,0
-0.8175875033230161,1.8080011747435216,0
-0.7909965480873034,1.880319323292362,0
-0.5736912093397082,1.9574357074883693,0
-0.4172432472965789,2.039874949338847,0
-0.6163147123911064,2.145677666550068,0
-0.6721037352699386,2.2495311082895326,0
-0.8309970255324554,2.367883163315739,0
-0.9854690987215492,2.477854861527696,0
-1.0037135811738285,2.5910829452180746,0
-1.0780043498859455,2.6973685611513245,0
-1.033272347990303,2.8070705611092395,0
-1.0488168910420226,2.9177411659282124,0
-1.164100059926018,3.026703607943588,0
-1.0074133999005166,3.1319557082815854,0
-1.1755681718788749,3.237852361951254,0
-1.1883252529365005,3.3496494229461726,0
-1.2627831102362843,3.4672498867834296,0
-1.234561052121052,3.5729307300483386,0
-1.111310675025582,3.6856693325658254,0
-1.144004342010505,3.7917123113421956,0
-1.1976901704447158,3.909662991886622,0
-1.413133664929836,4.031029953662569,0
-1.5701836763284869,4.126606330547019,1
-1.7671413381791616,4.230654338300251,1
-1.880363747815391,4.326568417146327,1
-1.8096958840356585,4.416101087015465,1
-1.86955868581356,4.519006205912261,1
-1.8262323498141049,4.594266835072179,1
-1.617220439853866,4.6910186339780955,1
-1.8012963672561186,4.799910871423835,1
-1.8180900964155704,4.935624876587822,1
-1.7433219317387183,5.056136393631137,1
-1.816363514343104,5.2089011376328616,1
-1.861938915776444,5.340115147420085,1
-2.1576220631342258,5.495896804328995,1
-2.110786866793961,5.6077663185015805,1
-2.0255186430927674,5.7360748709283085,1
-1.7832401909899491,5.8445494355150105,1
-1.950360605044716,5.956127707928255,1
-1.7139779931063648,6.059915071305179,1
-1.734376061799548,6.205630758516183,1
-1.4846847112443375,6.351882926277565,1
-1.363484484597427,6.540647685557401,1
-1.4745267859946969,6.7276010565180036,1
-1.3714304752104494,6.9146212721384765,1
-1.37476163816438,7.1080295756514,1
-1.2811336806807023,7.303561015875229,1
-1.3688684501997117,7.482586673950092,1
-1.5467196646618009,7.628204807562702,1
-1.331124994787833,7.761128965240156,1
-1.3867973208753153,7.947642779502826,1
-1.463849029583476,8.147598640278307,1
-1.4478164817677903,8.305009115584035,1
-1.4054688074960366,8.447019541611406,1
-1.6245007283160688,8.58153419486385,1
-1.9119885782792645,8.753052219599288,1
-2.0784936819794795,8.858719461149187,1
-2.0218824771613524,8.96775794669927,1
-1.9871492685271055,9.107883319021449,1
-1.7854680388253623,9.266756953759149,1
-1.9088059385143623,9.455606513236578,1
-1.8434822573398384,9.561651812764088,1
-1.8171034780884523,9.684963154731815,1
-1.7470456202636435,9.792748105108068,1
-1.8449595326307169,9.922184860333799,1
-1.742576663593767,9.982673620216481,1
-1.7097424300192372,10.030533069668701,1
-1.837326501594576,10.091451588207237,1
-2.0085366077472258,10.120826677213183,1
-1.939375193456197,10.0919162975505,1
-2.0366658388693204,10.09765397462301,1
-2.038360594544109,10.113148403276393,1
-2.4288466238988007,10.146823148688219,1
-2.587392475986963,10.14366876737294,1
-2.6242686620629074,10.074850838724943,1
-2.632548829851239,10.017483513712719,1
-2.8963896663612374,9.947599400608137,1
-2.9284627185920007,9.860427002946905,1
-2.9293591621257757,9.786313438026937,1
-2.9450230541686784,9.710222484983758,1
-2.7878324761803914,9.617267600670088,1
-2.679129415010331,9.526907332357274,1
-2.487454935169381,9.463990248056321,1
-2.5954684243903903,9.437398229820568,1
-2.510255896885067,9.369753190738383,1
-2.5566455236582355,9.296646305212153,1
-2.5016521607206226,9.221963852822766,1
-2.713881189043206,9.163531457998706,1
-2.5364888051472385,9.038416719990744,1
-2.574226956159509,8.920727164626026,1
-2.53880947997579,8.813790029236092,1
-2.4206513265041902,8.695889124962187,1
-2.6557476215375417,8.627645621570455,1
-2.6513900572594364,8.510173872120856,1
-2.4508307080748195,8.398922175307854,1
-2.621966552632965,8.324569244635711,1
-2.562432623630745,8.240766329503128,1
-2.539040221358745,8.161349029489232,1
-2.332935122383814,8.076435548113846,1
-2.297469906603641,8.010596785179034,1
-2.431657955691107,7.919970669765501,1
-2.641744006571998,7.8245050480507485,1
-2.62242803539888,7.691132463019618,1
-2.6012343067644528,7.588475224433216,1
-2.8021119199255544,7.484660832380167,1
-2.9237577161395607,7.408539149951896,1
-3.1367983176021736,7.2877858098572075,1
-3.0757446781122253,7.130075031075439,1
-3.0708818697714424,6.9615830776504595,1
-3.066015083130954,6.794449380957615,1
-3.138555399972377,6.638590055722016,1
-2.970935046254551,6.487021659001683,1
-2.9463650672695287,6.347097055532807,1
-2.9152415025686462,6.180400663876471,1
-3.108185060015844,6.059177059380063,1
-3.203632426565117,5.888057641521017,1
-3.108405192599583,5.709659640298892,1
-3.229165154079006,5.541150695542227,1
-3.0116874223441554,5.380414845659533,1
-2.9753933941252115,5.249296698595314,1
-2.8432581476860745,5.097655979056402,1
-2.713881189043206,4.946102986178392,1
-3.042098871397652,4.834605906293235,1
-3.03766571942513,4.68523995700825,1
-3.0281257567298505,4.530473329440294,1
-2.952401474023627,4.389536784330799,1
-2.936297316813256,4.248016617267452,1
-3.067122376549157,4.143066198946176,1
-3.378754527428791,4.020577430514527,0
-3.354647357309596,3.911553757653913,0
-3.691992585289796,3.826014249282764,0
-3.8392997407081695,3.6718953129327256,0
-3.900528425385187,3.526459323751125,0
-3.65139138458902,3.383908466351904,0
-3.38133379173826,3.2406360664642477,0
-3.463357048979176,3.085655074255214,0
-3.375742954551257,2.961978805485651,0
-3.037000017274306,2.860291830316451,0
-3.200136827223337,2.7949262520478464,0
-3.471462171580448,2.712034781165018,0
-3.59167577990023,2.6148041355136886,0
-3.647196930598865,2.5206388555709855,0
-3.6691995801735215,2.4202022345162972,0
-3.6518091060581614,2.290584355691273,0
-3.555349925283633,2.169642794728269,0
-3.581971380817097,2.071857184180279,0
-3.343866165106005,1.9956105275916591,0
-3.3049716549791555,1.9129537693429182,0
-3.521660357272292,1.840610354531377,0
-3.494035044112983,1.7690787092662537,0
-3.31340962865584,1.6804834785921698,0
-3.2546355548974994,1.6091757715176522,0
-3.082816768889808,1.536275120200111,0
-2.7975793104603897,1.4746066063437198,0
-3.0737555282591646,1.42937638225404,0
-3.10223617585529,1.3707872181343452,0
-3.2550705156653685,1.3135781883673354,0
-3.2737552632851203,1.2511658239406807,0
-3.415032642448915,1.1690747834282562,0
-3.5591545059025878,1.0991742802577242,0
-3.1605089838506597,1.0270753192164161,0
-2.9606657286131397,0.9644361737124251,0
-2.8222527252377567,0.9142780084570316,0
-2.9586553611616555,0.8605229569413736,0
-2.5744576975424645,0.8105438021414809,0
-2.2711547801475427,0.7633264518600062,0
-2.29178624242348,0.7283005444479884,0
-2.205939839164996,0.6867739284226486,0
-2.1232946410700184,0.6540091204420434,0
-2.197341407400155,0.6255648660540216,0
-2.265932598733297,0.5925639223034596,0
-2.455503884129601,0.5615083397585199,0
-2.3100121594771257,0.5270320669018995,0
-2.076077527957952,0.49162079465556646,0
-2.094168182821594,0.4636285569369977,0
-2.1844384553532903,0.4343557693935356,0
-2.233355628539773,0.4021466221098516,0
-2.2801696072816147,0.3773772731139067,0
-2.0557855472569315,0.3483706013411696,0
-1.8264790043958792,0.32679008907546053,0
-1.7914063141867198,0.3123533274700236,0
-1.8965554276193164,0.2931234045356374,0
-1.9586566860318615,0.27271630398355556,0
-1.8602149859037915,0.2544212745956664,0
-1.7569754563301234,0.23368321561672106,0
-1.840281052176308,0.21993649274018653,0
-1.7968486281846894,0.20144679827959072,0
-1.6079297839401798,0.18796573551547072,0
-1.497370182907248,0.17468700337725776,0
-1.576986568825965,0.16297322712068804,0
-1.700523383500261,0.14887048882802256,0
-1.6347806547566923,0.1385503596190256,0
-1.6071739069960167,0.1301663813704065,0
-1.64480331781633,0.12153950777373519,0
-1.6598200731070276,0.11327777014386672,0
-1.5163758467032984,0.1034834948509697,0
-1.577742445770128,0.09864937730980886,0
-1.584540033867993,0.09351414573162535,0
-1.602150640567087,0.08768617923645794,0
-1.5320636085444383,0.08110459747080204,0
-1.423090022994342,0.07694433663354783,0
-1.4943281097319618,0.07462073319693237,0
-1.7854680388253623,0.07466780609522888,0
-1.653067572405842,0.06972297489631528,0
-1.840281052176308,0.06546337401007417,0
-1.541919183016409,0.06173479854152845,0
-1.3709186006482714,0.061258773076078764,0
-1.3580978667953532,0.06268938766194312,0
-1.2979061922417312,0.06095976552513565,0
-1.0882418411296988,0.06125889026245001,0
-1.1674895712756388,0.0636429393736412,0
-1.1552311037811709,0.0647330708154086,0
-1.2371522513296394,0.06837025124617724,0
-1.2270394134766778,0.06965598274796866,0
-1.146879326598124,0.07260816958314745,0
-1.0774765621249285,0.07275572375512356,0
-1.056975057639391,0.07535760692930386,0
-1.026153843716154,0.078242333399867,0
-0.9507491510863326,0.08044663455924804,0
-1.012168794149244,0.0821472224994944,0
-1.0632872931730843,0.0835688938986575,0
-1.1094780049609767,0.08119345491528084,0
-1.0866664344460797,0.07807734429973089,0
-0.7487045700114154,0.07700038648345946,0
-0.9883785619066212,0.0757715279875512,0
-1.242594565327609,0.07644249058747124,0
-1.376299914050762,0.0725858704385185,0
-1.3786046756804935,0.06845015093517672,0
-1.40955849959392,0.06459766693394485,0
-1.3506531419452972,0.061193925093492196,0
-1.4943281097319618,0.05683832777031996,0
-1.3770690519939308,0.051779459303640786,0
-1.3652773716650008,0.048427373160004554,0
-1.4630851960398907,0.044498912649447935,0
-1.5209323259666998,0.04183515588836676,0
-1.4793537896381344,0.039538114686206084,0
-1.4834143075381778,0.034461238578789216,0
-1.5515174941073735,0.028685290810831,0
-1.6543167585135543,0.023745212354307245,0
-1.6715719704389211,0.017141590941363728,0
-1.7678839541243192,0.011195253713569496,0
-1.6422996412012774,0.004396901343680615,0
-1.7177122904305209,-0.0014450170841336194,0
-1.5138429958904007,-0.005789314480314335,0
-1.6678244121157346,-0.007529075264617119,0
-1.6089349676659317,-0.010522088753500589,0
-1.4707129226764282,-0.011358313187942165,0
-1.7768033020654392,-0.011801514891652603,0
-1.7795271112642403,-0.011781091839718007,0
-1.701271303845007,-0.011033488548947739,0
-1.481130763506869,-0.009594864861398052,0
-1.3891020825050469,-0.008290867743886859,0
-1.3832141989399818,-0.006982478579976359,0
-1.7042629852240254,-0.00530842276409048,0
-1.6357831862826302,-0.003206952388737661,0
-1.4917899545194562,-0.0009037171073565651,0
-1.402145601141523,0.00156950800951656,0
-1.2795821437953196,0.003846869034795841,0
-1.0656530553983397,0.005565672014933347,0
-1.1442669097910942,0.006420704908959897,0
-1.270798058044208,0.007866808296076243,0
-1.2065299523917232,0.009444509149442951,0
-1.1343370737246194,0.010537459010374428,0
-1.1251843322007502,0.0113134623583929,0
-0.9894367896284596,0.011612808702332987,0
-1.2148419465777087,0.011389206117118746,0
-0.97249188508018,0.012249184288977082,0
-0.8660564547426091,0.012068798731702347,0
-0.9923462528135316,0.0109834113121522,0
-0.9549953229726468,0.010653710807595317,0
-0.9695771174955048,0.009265554452613253,0
-1.068018817623575,0.008184875153543443,0
-0.9608301625416302,0.007812044940076018,0
-0.7775419384811997,0.0072425794174497396,0
-0.6558006630742665,0.006629321082480541,0
-0.8071192706963078,0.004660411125499762,0
-0.9433150350354882,0.0028528107215766386,0
-0.8320685142532943,0.0017364008948887936,0
-0.8836829746405226,-0.00023891877130541897,0
-0.8419797849211604,-0.0019119203169671879,0
-0.7944921474290824,-0.0037557767798490904,0
-0.6449213394779109,-0.005346560573801672,0
-0.8253664053483762,-0.006911327031092505,0
-0.6721037352699386,-0.007814768311449772,0
-0.7059961965663065,-0.008912783525365175,0
-0.7530223512924694,-0.009941073770238833,0
-0.8457299954441114,-0.01045763311663409,0
-0.7530223512924694,-0.010964168716841074,0
-0.6239503956270411,-0.011499428481932803,0
-0.7262881772673264,-0.011293269986982256,0
-0.7357459217686798,-0.011197878738713928,0
-0.7858857590648439,-0.010199696183665051,0
-0.8558985294929684,-0.00940998507537523,0
-0.8127578474797843,-0.008605828482351086,0
-0.972759757260402,-0.006627058154257396,0
-1.1050223092901057,-0.0054542023731185335,0
-1.0582905487422103,-0.0028555746691117452,0
-1.0761637232218983,-0.000716592277619332,0
-1.1369494905316493,0.003829848523758454,0
-1.2770015533859438,0.007804654514812417,0
-1.1716588293676593,0.011908360523138645,0
-1.1976901704447158,0.015260026426868793,0
-1.2896498942516168,0.020382395553947094,0
-1.3172301200142666,0.02347988648008247,0
-1.390380442810624,0.026898933445887008,0
-1.393451690183735,0.029806933503885084,0
-1.4276836330550104,0.0330898998118985,0
-1.3711732118294633,0.03750853204284291,0
-1.4554548172035642,0.03992378255453789,0
-1.3095042619849633,0.04257476724529974,0
-1.4478164817677903,0.04509647456657499,0
-1.4184964129336932,0.04735231663822485,0
-1.4490895376737645,0.051612949001578576,0
-1.428192855417399,0.05427910695580958,0
-1.2607143943890913,0.05902525553573047,0
-1.3313822581688437,0.06509390065901074,0
-1.3046083011466243,0.07000290134683906,0
-1.245960206878988,0.07494403222910492,0
-1.1264918667041524,0.08043113741387985,0
-0.8975539796158769,0.08719758882825575,0
-0.906080801985978,0.09661246639999224,0
-0.9457073192587744,0.10225532242688781,0
-0.9544648830118356,0.10704879445549706,0
-0.7936832264888376,0.11161852341035089,0
-0.868729872145118,0.12056138584637381,0
-0.9849386587607378,0.12803097252058482,0
-0.9764648803866935,0.13000248564437744,0
-0.8724694738688625,0.1354440080023155,0
-0.964543242267344,0.13873358502008007,0
-1.070909715410019,0.14157299447774926,0
-0.9830847710976852,0.14083542349546657,0
-0.9706379974171272,0.14171333154251245,0
-1.033272347990303,0.14207963449776145,0
-1.0963734857289968,0.1424177765401448,0
-1.0206133983254235,0.1430762447208002,0
-0.8446585067232774,0.14354354122395516,0
-0.7640740678760707,0.14363119409675534,0
-0.7460072828106699,0.1457735783079261,0
-0.4557107532549621,0.14477670849376742,0
-0.280116560826176,0.14676427239908288,0
-0.2705819025305042,0.15395367702072146,0
-0.2486879931478093,0.1615096089470023,0
-0.2680570083170041,0.1741531360853822,0
-0.3206872612291955,0.18301595272085422,0
-0.472279045431062,0.19511515596022935,0
-0.4984695184963634,0.20569798624370064,0
-0.6367552162811647,0.2175869214623248,0
-0.6650409271916853,0.22716808018591444,0
-0.6029423209789292,0.23615626921147972,0
-0.8245627888077595,0.2455249381007038,0
-0.7233150612869416,0.2470973223772071,0
-0.7826580319032623,0.2508289769162966,0
-0.7597642431944437,0.25122408581562106,0
-0.9015508447206272,0.2519468373693253,0
-0.8850170311419754,0.2514597930607064,0
-0.7713490519386702,0.2484575421585913,0
-0.7702722588182084,0.2496292623076034,0
-0.868729872145118,0.2511990906995559,0
-0.8269762906294683,0.24449913150344318,0
-0.8181258998832496,0.23831065704234825,0
-0.901017752559997,0.23352256878887337,0
-0.9777909802887244,0.22902026916676152,0
-0.9904950173502928,0.22514315834476512,0
-1.055659566536547,0.2235688334457819,0
-1.056184702097755,0.21819233915782665,0
-1.0540788554533245,0.2136465157165849,0
-1.003448361193425,0.21631492692861862,0
-1.118381439703277,0.21390091989125407,0
-1.0759011554413045,0.20996308225282995,0
-1.2241856464874816,0.2062949409113149,0
-1.2280790757998823,0.19860233806137817,0
-1.165404942229626,0.19268111235882054,0
-1.068281385404189,0.1887173182899373,0
-0.9273700098133376,0.18676382502018035,0
-1.124139365477942,0.18836352881822296,0
-1.275964543262558,0.18478017279533762,0
-1.234561052121052,0.17846051717823627,0
-1.3865427096941183,0.17722497588423589,0
-1.3908949695726207,0.17360616565174994,0
-1.4495987600361528,0.16556823047404212,0
-1.4044477105714654,0.15892028794126392,0
-1.332668575073818,0.151948976197432,0
-1.3262369905489162,0.15047368408785078,0
-1.3686111868187258,0.14801485638128312,0
-1.584540033867993,0.14551878864292742,0
-1.5153627063781443,0.13679011955040474,0
-1.4610509587901703,0.1311574565559868,0
-1.4846847112443375,0.12838078797613764,0
-1.549244558875276,0.12627462016516464,0
-1.530294591275126,0.12305285887751934,0
-1.559341483529418,0.11786252868203143,0
-1.685808978987214,0.11493198265894913,0
-1.735123982144294,0.11130855036904562,0
-1.877907810796812,0.10877665782107765,0
-1.7507693087885687,0.10428075772222048,0
-1.7445631612470385,0.10042771391397351,0
-1.9325351701614808,0.09657451149844437,0
-1.9513392667724168,0.08945356957893222,0
-1.8739799028869824,0.08181763763873383,0
-1.7859640001887256,0.07523880805596421,0
-1.7395955910139846,0.0699142203633582,0
-1.7142272998879533,0.06459919008633368,0
-1.656568476147229,0.0596676955643636,0
-1.613205009350507,0.05568279023283777,0
-1.807969301963192,0.05259212720302974,0
-1.8417583274671856,0.04744504595808701,0
-1.7688758768510455,0.03985547593958423,0
-1.7271673827320604,0.034609792922393356,0
-1.804014872055312,0.029376156837256955,0
-1.6972823953396787,0.02420440724999075,0
-1.6895512329107674,0.019543814622873162,0
-1.511816715240078,0.01575390316394836,0
-1.6775685941959386,0.01197665532937126,0
-1.7400915523773477,0.00944607467021662,0
-1.746300352118692,0.006207262451355738,0
-1.7507693087885687,0.0032748123810727153,0
-1.6337781232307549,0.000291615969378424,0
-1.7137286863247765,-0.0016757070429612583,0
-1.6960358614317557,-0.004172210797837359,0
-1.6247500350976576,-0.005892268782221184,0
-1.373223362278023,-0.006431661021046208,0
-1.3967775487380578,-0.0067376649106852616,0
-1.4534179277540298,-0.007381283499071132,0
-1.421557051507588,-0.007251658870234957,0
-1.5168824168658728,-0.008059324982866089,0
-1.4666471003767767,-0.008646279974872594,0
-1.4406847164946164,-0.00891235148370749,0
-1.0480265355004064,-0.009029050232115195,0
-1.100829181399868,-0.008563637932363633,0
-1.102664503664292,-0.007986696986314178,0
-0.9841456510193126,-0.007364207495750295,0
-0.8975539796158769,-0.006672206730113758,0
-0.9592388426591916,-0.00534969999259291,0
-1.0200856105644214,-0.005185757742237817,0
-0.9857316665021432,-0.005123184082373642,0
-0.9098097949105308,-0.004329114256291766,0
-0.8697987086661627,-0.002994842106457049,0
-0.7640740678760707,-0.00128334794505998,0
-0.8358213769760839,0.0008301400690926623,0
-1.0174466717593609,0.0024204440975594604,0
-1.026153843716154,0.0046957144213751216,0
-1.1382570250350514,0.007846087489029591,0
-1.2363751567870287,0.010712791384414121,0
-1.296357307556138,0.012871542079989423,0
-1.2397434505382217,0.014153000375080257,0
-1.2984207190037031,0.015905202073176836,0
-1.296617223136938,0.01703330075339699,0
-1.2252226566108677,0.018635669979572344,0
-1.0306387135848505,0.02006621484334444,0
-0.7915322924477179,0.023033443476239052,0
-1.0103175586859805,0.02622008206491806,0
-0.9467681991803968,0.02872172632818234,0
-0.8194679129841196,0.031383175530249004,0
-0.8980870717764824,0.03550844248097506,0
-0.7635356713158422,0.038214268646588376,0
-0.7181750980666423,0.041128003445451256,0
-0.7322344092280814,0.044098969449685915,0
-0.6816039149681573,0.048185461780707116,0
-0.5355870547544792,0.05252471094025699,0
-0.62558415070637,0.05511148426818365,0
-0.6530821582750735,0.05882047323461558,0
-0.6910961380669834,0.06122751213657709,0
-0.9068791141270114,0.06491168089666387,0
-0.9380026788279184,0.06630746478953077,0
-0.894352774452346,0.06941018207804502,0
-0.9058129298057808,0.07040961807604089,0
-0.8847518111615673,0.0713742733783136,0
-0.9276378819935546,0.07322293695065134,0
-0.8326042586137335,0.07444116442058177,0
-0.8181258998832496,0.07738772640842333,0
-0.8980870717764824,0.07915392826310534,0
-0.8980870717764824,0.08239765720995193,0
-1.046970959978387,0.08373136690519212,0
-1.0314290691264616,0.08470414241531703,0
-1.046183256636565,0.0848296273948594,0
-1.0169188839983434,0.0847922331494251,0
-1.0438121900117263,0.08561253903249748,0
-1.0934878923421614,0.0888105868294479,0
-1.0403882000646576,0.09093655809170531,0
-1.117593736361455,0.09420683654433261,0
-1.1254442477815303,0.09560964271899937,0
-1.1455717920947022,0.09574570295471212,0
-1.1257068155621444,0.09840671228471927,0
-1.2135423686737088,0.10119594127211114,0
-1.056184702097755,0.10277339079154578,0
-1.2666632785496357,0.10696689707363653,0
-1.3516795432694717,0.10768063549147808,0
-1.3174873833952525,0.10853176473080806,0
-1.276224458843358,0.10990601847354839,0
-1.272866773891396,0.11295168097377609,0
-1.2262623189340671,0.11578638551392434,0
-1.283971534471084,0.11865810286865994,0
-1.4248749534624936,0.12256074061396516,0
-1.373223362278023,0.12218229490964012,0
-1.2803592383379303,0.12155316181915243,0
-1.2557972159523298,0.12162988451911555,0
-1.2770015533859438,0.12012746918313694,0
-1.1930090377905176,0.1171909973977032,0
-1.1768704019826688,0.11578482990944702,0
-1.1651423744490368,0.11441590910884321,0
-1.1776528009248877,0.11353047407045301,0
-1.1089528693997686,0.11370479942077644,0
-1.122566610994112,0.11348935501333525,0
-1.1359045238088412,0.11156553388960126,0
-1.2112057806463183,0.11093538898205473,0
-1.1272769178461604,0.10962815488352753,0
-1.0995189946966568,0.10763014032007717,0
-1.097683672432213,0.10707042042897708,0
-1.0008067701885504,0.10668469110061599,0
-0.8882182363055063,0.10501173917094161,0
-0.9042136533239248,0.10583322915457785,0
-0.9300301662168408,0.10885267623398588,0
-0.9380026788279184,0.11118143730064448,0
-0.8767421677532521,0.11346474944465385,0
-1.0366989901371857,0.11638151811381967,0
-1.0385449212008162,0.11847807275353238,0
-1.0577627609811933,0.11741811621621835,0
-1.081417731033803,0.11632276890458812,0
-0.9169946041797868,0.11308745300803699,0
-1.0835182732786304,0.11238908917226982,0
-1.2054902900685234,0.11147026391394699,0
-1.1372120583122434,0.10857055088792085,0
-1.150271490147534,0.1066032857066618,0
-1.1924892066289126,0.10251609337242007,0
-1.234561052121052,0.09896761939968986,0
-1.238446524834036,0.09344138609979745,0
-1.361943556511256,0.08877068105693668,0
-1.2922304846609878,0.08046296714278933,0
-1.1369494905316493,0.07371001046040081,0
-1.1398244751192732,0.06719270365741288,0
-1.1544487048389769,0.061189850247658474,0
-1.080627375492167,0.053107378290245505,0
-1.0903397311747125,0.04751064417057996,0
-1.351936806650463,0.043568673552425274,0
-1.3850070860075556,0.03761459770488409,0
-1.5568165893159178,0.03240096880715568,0
-1.6099401513916831,0.026732509242397777,0
-1.619480114086958,0.021139198910623935,0
-1.5128298555652469,0.01564558603136308,0
-1.5689238814215631,0.010470755850350911,0
-1.5376252715335963,0.006413613795260762,0
-1.5469716236431783,0.002347719729280675,0
-1.435077966108799,-0.0013425022024354874,0
-1.4450157587746957,-0.003468558194846879,0
-1.3788592868616905,-0.005363913445857613,0
-1.429468563523167,-0.0062275076473177204,0
-1.4098131107751166,-0.008070587908476557,0
-1.5191606564975737,-0.009284866498083159,0
-1.3967775487380578,-0.010424903657392086,0
-1.3711732118294633,-0.010611015442471465,0
-1.3154292763472957,-0.01022646550991224,0
-1.294553811689353,-0.009646785034825843,0
-1.3324113116928122,-0.009045451797341309,0
-1.340378519904282,-0.0074767996719882,0
-1.255282689190333,-0.005561432049447201,0
-1.2881036617658377,-0.003155217835434551,0
-1.2366324201680343,-0.00033503199054013376,0
-1.1898873986210945,0.002381324651118535,0
-1.022461981588868,0.004542482740651666,0
-1.0714348509712217,0.006079719467217973,0
-1.0543440754337277,0.007651484531417666,0
-1.0869290022266738,0.008708961756116091,0
-1.0995189946966568,0.009838025858955216,0
-1.1661873411718449,0.011052667208026959,0
-1.1940487001137172,0.012495688125949698,0
-1.116286201858058,0.013866106380684265,0
-1.0845658922012325,0.015075316060062799,0
-1.1068576315545493,0.015493035681196867,0
-1.21821554472849,0.01589940896530353,0
-1.1434818586490862,0.016640135059628466,0
-1.1042372581480977,0.01680416224903043,0
-0.9833499910780932,0.017311541180378868,0
-1.0401256322840438,0.016212266487139918,0
-1.056447269878369,0.015327316525295879,0
-1.012168794149244,0.01421971995144245,0
-1.2692465211588253,0.013461111065611684,0
-1.3017730995560817,0.01380462134291596,0
-1.3550186628228,0.014484014349531473,0
-1.1930090377905176,0.015428792004995976,0
-1.358352477976525,0.01588470384665698,0
-1.439920882951056,0.017859106630116642,0
-1.3542468726798222,0.02038437982791219,0
-1.3506531419452972,0.022335652730101574,0
-1.3300959412638445,0.02487643957268792,0
-1.4304870082479442,0.024795296934767095,0
-1.471983326382583,0.02594629094835803,0
-1.3719423497726566,0.026376486493296,0
-1.4233446341755338,0.0254700103137254,0
-1.4889998403255726,0.02426540021945549,0
-1.4258960503870648,0.022529543032979618,0
-1.3663037729891752,0.020286829475572296,0
-1.3622008198922666,0.01760141873591092,0
-1.3370367481511396,0.01553154476488982,0
-1.2371522513296394,0.01359510657225995,0
-1.1984725693869098,0.010522449834810581,0
-1.164359975506823,0.006873035939967819,0
-1.1534037381161686,0.003539361101581212,0
-1.1893675674594943,0.0002897482421581026,0
-1.148184208901732,-0.0020308745057075646,0
-1.0603937431868318,-0.0036591236684599456,0
-1.0319542046876695,-0.005224528661115558,0
-0.9963112915206428,-0.006548097299993177,0
-0.99419748827679,-0.007864564779910358,0
-0.9103402348713424,-0.008420674629863232,0
-0.9963112915206428,-0.00846866476813561,0
-1.0015997779299757,-0.008792194333087403,0
-1.022461981588868,-0.0078079725914403895,0
-1.1094780049609767,-0.007482436575983535,0
-1.1343370737246194,-0.006021025178152714,0
-1.1081678182577606,-0.0038956432492649553,0
-1.102664503664292,-0.0019274435148702415,0
-1.1789550310286816,0.0011501731115370584,0
-1.1865058438708955,0.0036403976596192746,0
-1.1690543691600466,0.00669056513705999,0
-1.2498456795919717,0.012231214790425384,0
-0.9756718726452684,0.016870297164597398,0
-0.8863537398432422,0.023006159012768288,0
-0.9414558429728273,0.03113856738991693,0
-0.9372070188866743,0.03966757301197586,0
-0.9648058100479576,0.05020528109648293,0
-0.9690493297344828,0.059605027845615506,0
-0.919126972822268,0.07157966318811494,0
-0.7840026972039266,0.08422608522505112,0
-0.7478956490711707,0.10018697696727615,0
-0.8379643544177815,0.12109008461411068,0
-0.7216919150068439,0.14100621469053076,0
-0.5849073623111625,0.16078079540700876,0
-0.4926824185238583,0.18493980980939395,0
-0.4316473444325387,0.21167233512682115,0
-0.5166291305549071,0.24048310204360493,0
-0.3591759847860261,0.2734081402908498,0
-0.4108673589675727,0.31172664458792726,0
-0.3814332455418702,0.3458625153693455,0
-0.4992943526354277,0.3858876932154705,0
-0.5983009713217872,0.4257868807437585,0
-0.6775327882689026,0.4604246606465772,0
-0.6272205579854929,0.4910273825806757,0
-0.6685736573307066,0.5254461839620127,0
-0.5983009713217872,0.5597861426386896,0
-0.5300943489602172,0.595988153307043,0
-0.5832656506324362,0.6283439386911766,0
-0.6938066862667347,0.6654194932707731,0
-0.7306139151477778,0.6990072299788601,0
-0.7530223512924694,0.738808032684358,0
-0.6040350272982156,0.7774989375401778,0
-0.5805312326344483,0.8300003066533713,0
-0.4891019487883586,0.88097165598653,0
-0.503423827730392,0.9359377781070672,0
-0.5218513119691528,0.9847080060476583,0
-0.4169647663171504,1.0353258539138326,0
-0.4194604863327809,1.0963160228141098,0
-0.5287231616615221,1.162841269511642,0
-0.3519328271210805,1.2186594440727119,0
-0.4857946556326645,1.2831088103514892,0
-0.3831041314184414,1.3410284225955194,0
-0.3994894218080597,1.3941624543512883,0
-0.4733823605495598,1.454339357497421,0
-0.635121461201831,1.5138631758891885,0
-0.6693878826705595,1.5700601341222769,0
-0.6981430329464172,1.6143353525530513,0
-0.8339436195147896,1.6581012054822317,0
-0.8312648977126528,1.7083021183465974,0
-0.8312648977126528,1.746703472512417,0
-0.9034153411828914,1.7914984666466154,0
-0.9244472856292598,1.837068751375322,0
-0.9433150350354882,1.8780974140070827,0
-0.979379647971374,1.9195488850630154,0
-1.035118279053958,1.9543829826435235,0
-1.0832530532982272,1.9661588166095694,0
-1.1565359860847786,1.96922245818043,0
-1.0695968765070083,1.956409622263574,0
-1.182599153559494,1.9656996008385215,0
-1.2283363391808686,1.954080029561702,0
-1.2656289206260636,1.9442115615883517,0
-1.1685318857986329,1.9415134290237641,0
-1.2298931804658544,1.9388506874149096,0
-1.1849436981863015,1.9322216028842054,0
-1.1763505708210689,1.9161385755565328,0
-1.090602298955331,1.9002519441262355,0
-1.0306387135848505,1.8901108581622672,0
-1.056447269878369,1.895635195893171,0
-1.0575001932005992,1.9072154772351513,0
-0.9231158813276013,1.9126782794485762,0
-1.3711732118294633,1.9252788590264613,0
-1.2330042108360415,1.9139582502642691,0
-1.4116006934430625,1.9032145811433732,0
-1.5239690947423827,1.8898882662699856,0
-1.6300173039085677,1.8822300490264416,0
-1.7470456202636435,1.8535636640348043,0
-1.8227791856691908,1.8062907785718614,0
-1.814634280070848,1.7540640829503293,0
-1.6785658213222732,1.7065742841908818,0
-1.6503119368094066,1.6659548901889962,0
-1.7869532707156626,1.6284787179484248,0
-1.957922026686146,1.5739832343356543,0
-1.934489841417094,1.4061288955645703,0
-2.01363413577068,1.3281670650036963,0
-1.9092939432783085,1.2556445310071298,0
-1.7507693087885687,1.1698793792827764,0
-1.7495280792802734,1.1169484394900084,0
-1.7894277731328705,1.043819042280477,0
-1.8869889429259856,0.9870558983557319,0
-1.8656254735041269,0.9235950378078107,0
-1.8582497058489675,0.8638074832571138,0
-1.699276849592343,0.8249410967662854,0
-1.7440671998836703,0.7757244350236364,0
-1.7668920313975929,0.7300565273946638,0
-1.816363514343104,0.6800780563879222,0
-1.8744705598507176,0.639442038369364,0
-1.9474325764609903,0.596473390322638,0
-1.8673467511769657,0.5494000266634395,0
-1.851115288375984,0.519398116347694,0
-1.900722033511518,0.48047156297020205,0
-2.2228741349140395,0.44911498575387476,0
-2.190175163529533,0.4138393871594824,0
-2.038604596926089,0.37271615901352595,0
-2.099231232247575,0.33914130511741114,0
-2.106455824513907,0.3068455793637295,0
-2.1131924120162733,0.2834463183335825,0
-2.0606205074997668,0.24922259164146615,0
-2.046834372918153,0.21725251500388615,0
-2.0985071817010708,0.18949466779714302,0
-2.219296317378334,0.16045580253300687,0
-2.405414438629724,0.13086081365347102,0
-2.3227798493339824,0.10383389378379088,0
-2.1425124808503955,0.08342671863378977,0
-2.233355628539773,0.07188501084216908,0
-2.3019680374713576,0.05571980355867975,0
-2.340013843660907,0.04011433417332765,0
-2.458307259322534,0.025932022779824496,0
-2.411981285344634,0.014128995298317659,0
-2.3194699039784794,0.006431138721461063,0
-2.3452041986774934,0.0024577923580325818,0
-2.330338618775599,0.000245959623181495,0
-2.384987195738696,0.0004372785777279418,0
-2.066179518289136,0.0030510907656571217,0
-2.0989898820654087,0.008893592708321777,0
-2.0895904859597403,0.017471553856253402,0
-2.0765628805221032,0.026898461964529472,0
-1.9618260647977583,0.03809538520564091,0
-2.011934075696244,0.050878834283437153,0
-2.047561075664471,0.06573185114480681,0
-2.0560268974390983,0.082134523487187,0
-2.118247504842857,0.1058513424920096,0
-2.4508307080748195,0.13179834837715382,0
-2.2737645447547585,0.16159026004350946,0
-2.172713080019448,0.19098552156888457,0
-2.110306818629418,0.2185921151743877,0
-2.1439526253440064,0.2482858932283627,0
-2.3088319305643097,0.28666485812431497,0
-2.331282801905852,0.32472565660513786,0
-2.190175163529533,0.35549716401473525,0
-2.1300232719729677,0.3848258628347717,0
-1.9749809758259813,0.4239876277049813,0
-1.913701899352706,0.45302518019172655,0
-1.9222658525200744,0.49056189541645145,0
-2.004651135034247,0.529565274223385,0
-2.0654528155428125,0.5594955514327801,0
-1.8884609138172608,0.6023461138606632,0
-1.9457245597871768,0.627971480892678,0
-1.975712982971908,0.6643784807760963,0
-1.8360932286856784,0.7073881065504383,0
-1.914680561080407,0.745976112781316,0
-2.123055943087646,0.784874329555843,0
-2.081387231965732,0.8315110991178785,0
-1.9230005118658096,0.8769061594642023,0
-1.6071739069960167,0.9285226247391606,0
-1.2335240419976414,0.9557334370232311,0
-1.2490685850493808,0.9705307009336586,0
-1.0874541377878817,0.993376511075417,0
-1.1345969893054193,1.0200405424952586,0
-0.9682536697932632,1.0603368983602426,0
-1.0303734936044422,1.094101942567163,0
-1.098471375774035,1.0738903182574693,0
-1.0414411233868877,1.0879213128734146,0
-0.9571170828159216,1.1011490761236387,0
-0.9119395113532032,1.0969609158612341,0
-0.9732875450213996,1.1166793458039124,0
-1.0961109179484076,1.1110299118973321,0
-1.1426994597068971,1.1308737584556818,0
-1.2143221154161088,1.1303820909126476,0
-1.2501029429729578,1.141949017647899,0
-1.3511676687072691,1.1722418382905058,0
-1.2200349537940949,1.152025758197099,0
-1.1690543691600466,1.1617642668938803,0
-1.1802572611324755,1.1648988847320765,0
-1.231190106170065,1.1418394811629957,0
-0.9804378756932072,1.1255802952604783,0
-0.6799754642884563,1.0962683991182838,0
-0.8116837065591315,1.068723604369057,0
-0.9656041221889912,1.046256114751566,0
-0.8208072738851805,1.0426670234662458,0
-0.8839508468207447,1.0177214366896894,0
-0.2036536404745162,0.9971395194261587,0
-0.013867526894072,0.9746024548016268,0
-0.0215960371231645,0.961042699421624,0
-0.126153709999446,0.9321156692688174,0
0.105492073088811,0.9018675562914471,0
0.3635458096262794,0.8804742429181781,0
0.0041780405729059,0.8634876915259361,0
-0.049030391896575,0.8383764248023419,0
0.050130054378421,0.8246378890830747,0
-0.013867526894072,0.7968714961543607,0
0.132974167458695,0.7767540430512893,0
0.0887434313260187,0.7524300480407567,0
-0.0544541404959111,0.7192176374881512,0
-0.1176401486283455,0.691419051638892,0
-0.0581619158220166,0.6574203060864408,0
-0.0801062170010038,0.6338531936140552,0
-0.0147268396305844,0.6033849581043594,0
-0.0960432856237126,0.5659481692831001,0
-0.2784324139505745,0.5436810499115946,0
-0.2663755136412216,0.52929301708103,0
-0.5646551646072185,0.5093322686288226,0
-0.364467123395168,0.49086443060595275,0
-0.372535115199173,0.46832448886999506,0
-0.3485884031681243,0.4510311399608027,0
-0.3600114277242969,0.42793686166013956,0
-0.257957431463073,0.41020121729457193,0
-0.136648464624205,0.39198468022866334,0
-0.0404637865293929,0.3793927664548183,0
-0.150246293019734,0.3655500116438704,0
0.0521430740297186,0.35551713546164254,0
0.0870115448539686,0.3464691574411642,0
-0.0273141799007536,0.343934612972497,0
-0.2573951651046028,0.3316454996792132,0
0.0645235427151694,0.3182952106275302,0
0.0087663462339713,0.30394228805736584,0
0.2315325643781449,0.2852491146800579,0
0.0780683271145921,0.2754354805828067,0
0.1616762737384514,0.25153401219145305,0
0.2324051381137024,0.24433981497448998,0
0.1300779652726285,0.2386364077365889,0
0.175035404151623,0.21959837670917315,0
0.1959745216048338,0.21283040016240853,0
0.3558809521924997,0.2041255031828974,0
0.5581642312497694,0.19809246509323586,0
0.4612289806103974,0.19957475556155724,0
0.4493497776879129,0.2005667128120339,0
0.2964875897799113,0.20504262258740472,0
0.2850513042247133,0.20624836149982465,0
0.3635458096262794,0.20333048862604852,0
0.337034420384699,0.19994853384961556,0
0.555472248448627,0.19735971175310218,0
0.5848374046794086,0.19627865506573175,0
0.7439136967283873,0.1967930050109517,0
0.7627575763363986,0.20275373082208,0
0.8411592547448269,0.20572194025914328,0
0.9740185517304732,0.20998589501996945,0
1.0148862985115596,0.218103849843353,0
1.0031078791816352,0.22292797837470402,0
0.9391368199071928,0.2319892752162557,0
0.9598080651802064,0.24056418135530055,0
0.8613716694517393,0.25233818492532933,0
0.8347356268193423,0.26152952513314603,0
0.8494261615341527,0.2685642400294069,0
0.7861977182048482,0.2739292712343502,0
0.7402695741975945,0.2769360657672047,0
0.7050987525956743,0.28176415721859416,0
0.5740429514767934,0.287575464843682,0
0.637144089215507,0.2870254200420754,0
0.592040779347293,0.2858788895696284,0
0.6260021978385572,0.2832732241607874,0
0.7679293659543569,0.2845224568403148,0
0.8671959002214915,0.2881686041769117,0
0.9453058366514856,0.2948551724889179,0
0.9049632254316022,0.2961563679581534,0
0.90649884911817,0.2994369223766645,0
0.5503826770245953,0.29967873132642425,0
0.4484586385537466,0.2928679935340871,0
0.1779422151368811,0.2861741254919217,0
0.1654503540596638,0.2725395454224017,0
0.5279636320806923,0.2588174835087907,0
0.5222879244999488,0.25531761759093247,0
0.5112468167155589,0.2496952546803758,0
0.6981340759101424,0.2451775258459253,0
0.7281304556943151,0.24155879084475673,0
0.6642840498106695,0.23880995891234752,0
0.5986447568594452,0.23254345826421305,0
0.7290401602271149,0.22696982087665657,0
0.8087652863377846,0.22542153014199232,0
0.6718322104530696,0.22775683457514612,0
0.7947351493741854,0.22481028275842968,0
0.7096393186602613,0.22663129118944111,0
0.6522138885022862,0.22435929162641374,0
0.6727366105862662,0.22463629775407778,0
0.5866382483463797,0.22511539473588815,0
0.8014425626787116,0.22482589532166397,0
0.5986447568594452,0.22986514235338448,0
0.6452810382144132,0.22885809577582297,0
0.6642840498106695,0.227509623630081,0
0.7390548666873106,0.22620730346678158,0
0.7618452196037799,0.22702996981097975,0
0.8154833084415172,0.22610814748491606,0
0.6377487907708277,0.23011701775624988,0
0.6920844081570383,0.22580411811643514,0
0.6842206357379426,0.21753154129869207,0
0.8093779444925224,0.2078517220389046,0
0.9338960730943384,0.19687301831845128,0
0.7861977182048482,0.1891832046537974,0
0.7877227330921998,0.17791519587484977,0
0.8573880653459945,0.1753006931442163,0
0.8390189295029432,0.1727638926957254,0
0.92188426018164,0.16774972827445686,0
1.161433598686054,0.1638194601626494,0
1.0611671850927709,0.16444327334143738,0
0.9826779840907882,0.16536404168595503,0
0.8622893305839414,0.16281330351234935,0
1.0049670712442913,0.158016626526538,0
1.0347459706445143,0.15785871149917707,0
0.879464976515171,0.1546310406663852,0
0.6972270235771516,0.14965544343515716,0
0.7983925329040232,0.14153637348947723,0
0.8500361674890964,0.13450409948821837,0
0.8598386979649655,0.13241416396003952,0
0.8558550938592405,0.12997592973480043,0
0.8359609431288377,0.12632575026253903,0
0.8078502774053766,0.12327650811380501,0
0.8029675775660632,0.11959160264040672,0
0.6790806725176185,0.11543695041222074,0
0.628712746038333,0.10889617014452567,0
0.4829398882066106,0.10419556780804026,0
0.562956756295739,0.09956767334457423,0
0.4838336795405959,0.09906457588971632,0
0.5626570577178829,0.0983007319418116,0
0.6606611448782798,0.09619511906253637,0
0.7791932585222846,0.09839556319393672,0
0.6854300388485987,0.09891126850065275,0
0.6564361905903835,0.09995871257158619,0
0.5584639298276256,0.10171045066575825,0
0.5764405400996827,0.10438831020370627,0
0.5977456611258815,0.10946071449481756,0
0.6281106966828066,0.11195794633129524,0
0.6727366105862662,0.11557771881789848,0
0.6863370911815845,0.12075071142175485,0
0.5650546463407722,0.12354201872117841,0
0.4963414538166327,0.1257840329602106,0
0.3975045759177493,0.12416897839249075,0
0.3777085565800925,0.12447014479922856,0
0.30294304410303,0.12342074366164142,0
0.3279161574582581,0.12090345508861172,0
0.4446023400386077,0.12156246791849137,0
0.4327363981151536,0.12313940398299532,0
0.4624198183224446,0.12215055923596908,0
0.5297565191482413,0.12204568744905366,0
0.5402141429757432,0.1253253768858164,0
0.628712746038333,0.1273730803225465,0
0.5917384285696229,0.13059450503691888,0
0.5366257166408214,0.12897748622405225,0
0.5157210777850636,0.1280326260225129,0
0.4256231982406128,0.12358066887998163,0
0.4119988478470529,0.11961164876922607,0
0.3520511756753917,0.11431767807432834,0
0.3797746202274668,0.10657637697703773,0
0.4793673750705133,0.09976073673464844,0
0.5623573591400266,0.09524768423002988,0
0.5572677877159949,0.09565222742541991,0
0.560858866250701,0.09160120108013839,0
0.5746423486325256,0.08665882092129035,0
0.6196846579052359,0.08156278178330809,0
0.7063081557063304,0.07959720148024323,0
0.6528185900576267,0.07914101914869415,0
0.6470898384808015,0.07437103308019066,0
0.6498003866805774,0.07458733188842082,0
0.6205890580384325,0.07232930062986218,0
0.7828453376524945,0.07173828066449549,0
0.8678085583762492,0.07263032034615492,0
0.8638223020707102,0.0731762142907971,0
0.9015790184816144,0.07489805605282178,0
0.8902090379214987,0.07604077256397536,0
0.8742480995005533,0.07654310221693651,0
0.837183607238524,0.07732211613270501,0
0.7980875299265637,0.07616247420399666,0
0.9268093952178236,0.07345486391267397,0
0.9925812981592372,0.0748072762745016,0
0.9700004690273,0.07845371847088273,0
0.9419110209022618,0.0836385544001112,0
0.9422213282793492,0.08954024857035806,0
0.8852971638843405,0.09198384529828355,0
0.8923599719626185,0.09512337955029607,0
0.7904651076896345,0.09969775453136236,0
0.8133456353994278,0.10473368569919651,0
0.753941664187628,0.10928245888973402,0
0.7284328064719606,0.11009635834170743,0
0.6863370911815845,0.10933336098596518,0
0.6103621755938906,0.11062625454987408,0
0.7066131586837899,0.11064462515842442,0
0.6522138885022862,0.11174495368592931,0
0.6606611448782798,0.11184080601710797,0
0.5776393344111275,0.11206254798554699,0
0.6130700715938525,0.11512776411344475,0
0.6446763366590925,0.11698490659392212,0
0.8420769158770488,0.1201622812087103,0
0.7199431148990968,0.125870144240992,0
0.9015790184816144,0.12655011876684763,0
1.132620100014531,0.13239796397151288,0
1.1727266654518465,0.138754431572682,0
1.486778948652704,0.14748353288726657,0
1.3980681696057875,0.1594458532049854,0
1.371283603784377,0.17539791367638344,0
1.1119859855387797,0.1936653123423713,0
0.9997024546332,0.2083962526621467,0
1.0384723113692484,0.2214510675143246,0
1.006208300752606,0.2571346682958827,0
0.953326088859032,0.2736630479183758,0
1.0599233033846618,0.2880090274286633,0
1.2340640903208362,0.3069883299083978,0
1.2019459506934085,0.32756435826371505,0
1.1717877867212017,0.34897738841033915,0
1.1548508387723246,0.3747287223056905,0
1.1526601217341732,0.3976976990845798,0
1.1135481312233737,0.4152817870420661,0
1.1179242609001123,0.43404783163379496,0
0.9777316314561818,0.45853959804747796,0
0.9338960730943384,0.47744737726329917,0
