signal,anomaly_score,is_anomaly
-2.4916869421769583,0.543786903675184,0
-2.453075815798658,0.5462422544716663,0
-2.295123545012604,0.5491878901085445,0
-2.110261744297798,0.5512716975539693,0
-2.2260922669463525,0.5532733965257518,0
-2.241303056911915,0.5551127052433854,0
-2.368835176010028,0.5575912588579148,0
-2.346604570769284,0.5605232301609856,0
-2.5057265727273426,0.5633700696634921,0
-2.2998038979437867,0.5666858060130879,0
-2.318523881425353,0.5696415074508492,0
-2.11728155957298,0.5730623693993583,0
-2.2108829052239742,0.5771056081992245,0
-2.2331135104647286,0.5795580737381381,0
-2.12781199660736,0.5830647660336282,0
-1.9464593894085571,0.5857653486716582,0
-2.0119800457156103,0.5888583370265184,0
-2.017830129818797,0.5916456527193517,0
-2.008469423956433,0.5946467594661561,0
-1.873917489583128,0.5972152506207776,0
-1.8809373048583096,0.5994957105634772,0
-1.717134949969069,0.6025725664233355,0
-1.5264230651510753,0.6049005942869167,0
-1.5240821745638922,0.6071956647127661,0
-1.0549057151369243,0.6088556232168344,0
-1.045546437517733,0.6102751820661904,0
-1.0923471103432305,0.6115698624969498,0
-0.4698973048182073,0.612348505314923,0
-0.5728593563315666,0.6124120581032514,0
-0.9379040330731808,0.6129208060960073,0
-0.9004640661100481,0.6137335415516618,0
-0.7249615430144329,0.614895085141322,0
-0.6746502484297583,0.6151405339626104,0
-0.9191840495916144,0.6158099277534926,0
-0.7694213252527472,0.6166977032785239,0
-0.5775397092627594,0.617673628138755,0
-0.5833897933659467,0.6184454161776236,0
-0.798671745768683,0.6196803729086454,0
-0.6336996597074481,0.6209690845206083,0
-0.6758199796017526,0.6219032360213753,0
-0.5494590199188178,0.6223614225087285,0
-0.358745706857651,0.6229144573796443,0
-0.2124936042779718,0.6234271787064101,0
-0.2908855882065881,0.6224640255457058,0
-0.3037554875849567,0.6220537996649398,0
-0.3681064127200156,0.6211084216373316,0
-0.1879235366932182,0.620342859498878,0
-0.3435363451352726,0.6196132445457644,0
-0.5108478935405175,0.619409929572641,0
-0.6746502484297583,0.6191897349945755,0
-0.6875201478081269,0.619214575589996,0
-0.2756747982410258,0.6197326369515923,0
-0.4008660267519555,0.6196490207262761,0
-0.517867708815699,0.6184599809784631,0
-0.4663881113022032,0.6180657138571272,0
-0.7530422323583745,0.6177387516134155,0
-0.7799517622871274,0.6175398291575221,0
-0.7975020145966888,0.6180385849895883,0
-0.6138099450538768,0.6178849157302267,0
-0.7156008371520685,0.6174693214897513,0
-0.630190466191444,0.6169461989472522,0
-0.7705924846679361,0.6163429803507988,0
-0.8197326198374326,0.616276622374292,0
-0.6980505848425069,0.6161707909463187,0
-0.7670818629087481,0.6163759603986175,0
-0.6067901297786953,0.6170186029808282,0
-0.5330784987812612,0.6173428054918416,0
-0.3669366815480213,0.6174695868236247,0
-0.3353453704449024,0.6169882050610644,0
-0.4827672041965759,0.6161495791219918,0
-0.7378314423928123,0.6158495938662931,0
-0.6430603655698126,0.6153244422490619,0
-0.6372102814666254,0.6148261892786824,0
-0.4102267326143307,0.6145714491017548,0
-0.4078872702703315,0.6134616661352548,0
-0.457027405439828,0.6129473845184106,0
-0.6945413913265028,0.6128464089349299,0
-0.5751988186755764,0.6128683838425384,0
-0.5365891205404493,0.6132231528267458,0
-0.4546879430958289,0.6131277479590298,0
-0.2639746300346514,0.6129823621922402,0
0.0133187851591447,0.6125314616953597,0
0.0776697102942035,0.6121226060954865,0
0.0308690374687062,0.6105195400519111,0
-0.1727127467276559,0.6098248746040951,0
-0.1949433519684103,0.6092204152829425,0
0.056610264468638,0.6085622137839268,0
-0.2628048988626466,0.6078762207660641,0
-0.2826946135162179,0.6073658633380482,0
-0.1575033850052775,0.6073516302284466,0
-0.2078132513467789,0.6070302409504812,0
-0.1890932678652231,0.6080781775258831,0
-0.1715430155556616,0.6084188393975993,0
-0.1387834015237217,0.608917167239623,0
-0.1680338220396575,0.6093311907209968,0
-0.3961871020639572,0.6099641626524573,0
-0.4172465478895227,0.6103334464983603,0
-0.4324573378550745,0.6110724140003233,0
-0.6922005007393198,0.6118350076391607,0
-0.7553816947023737,0.6121129099948462,0
-0.7951625522526791,0.6127902545655138,0
-0.8688727550069292,0.6139119300202297,0
-0.8571725868005549,0.6150454310271499,0
-0.8911033602476836,0.6160213766483769,0
-0.9156734278324266,0.6163275917260174,0
-0.5611591881251923,0.6168117791565025,0
-0.5085084311965077,0.617274785329819,0
-0.5108478935405175,0.6175314336634913,0
-0.3306650175137094,0.6178304008279136,0
-0.2089844107619677,0.6182826500781363,0
-0.1715430155556616,0.6189373954873091,0
-0.0428411652855438,0.6189928958184208,0
-0.0288015347351597,0.6185617093015657,0
-0.0264606441479766,0.6187518215501041,0
0.0940502314317708,0.6172392300363602,0
0.0519299115374557,0.6179190136112962,0
0.0226794910215198,0.6184563476829308,0
-0.2054737890027797,0.6187264234324579,0
-0.2347242095187156,0.6187690534509835,0
-0.3142859246193368,0.6189096606491129,0
0.3736845372127501,0.6192289672752717,0
0.4029349577286859,0.618860220574758,0
0.3186943179400664,0.6192400869621015,0
0.4193154788662425,0.6185656785637914,0
0.3549645537311837,0.6182310458111934,0
0.5690767749619259,0.6170581866142382,0
0.7995709455734086,0.6160233242098196,0
0.8990223753275906,0.6153145688316877,0
0.8428609966397286,0.6146647706135999,0
0.8019104079174184,0.6142696587967195,0
0.783190424435852,0.6142034010168997,0
0.5386566232739958,0.6130461614636893,0
0.6357685906841678,0.6112101529975853,0
0.5058970092420558,0.6098673544317185,0
0.4497356305541833,0.6084603533501757,0
0.4719662357949271,0.6069948864427634,0
0.508236471586055,0.6050978214311086,0
0.3596449066623766,0.6033213424610548,0
0.4965363033796807,0.6014749422344714,0
0.409954773003878,0.5991877011566165,0
0.3654949907655637,0.5972421990433202,0
0.3818740836599364,0.5957221353702494,0
0.4509053617261882,0.5944718188884529,0
0.5175971774484301,0.5916401469903472,0
0.712989415197606,0.5890911109082227,0
0.7410701045415369,0.5869877724117049,0
0.8931722912244033,0.5841402892504943,0
0.7960603238142312,0.5822150571386321,0
0.8276516349173502,0.5795621815890718,0
0.5655675814459218,0.5777868167679755,0
0.5304670768267988,0.5754929618594581,0
0.5959877331338626,0.5732414443066662,0
0.6579991959249223,0.5709880503399145,0
0.6369383218561727,0.569478986755583,0
0.5585477661707404,0.5679291100650593,0
0.6111985230994249,0.566057766032923,0
0.7305396675071675,0.5637442530057106,0
0.6392777842001719,0.5625569352555988,0
0.7387292139543538,0.5619613314973562,0
0.6123682542714192,0.5611547429561102,0
0.5807769431683002,0.5606373816119223,0
0.614707716615429,0.5605080315292419,0
0.4251655629694297,0.559313288348638,0
0.374854268384755,0.558150396568626,0
0.3912347895223116,0.5574387742413093,0
0.4076153106598682,0.5565553913507589,0
0.2765725698025674,0.5556762387559747,0
0.2204126193578787,0.5546867210781614,0
0.2824226539057545,0.5534239668702328,0
0.3982546047975037,0.5526598599336506,0
0.7176697681287882,0.5514939993363068,0
0.6579991959249223,0.5514068093210038,0
0.5702479343771147,0.5512813088677835,0
0.4918559504484984,0.5510180923761518,0
0.3853847054191244,0.5508446573370864,0
0.3619843690063757,0.5507521723140225,0
0.3912347895223116,0.5510678574837086,0
0.2976334438713169,0.5506779015367366,0
0.2075427199795101,0.5502618257794595,0
0.2976334438713169,0.549235658891855,0
0.299972906215316,0.5484726494429094,0
0.4544159834853655,0.548248420950882,0
0.6123682542714192,0.5478014245712591,0
0.5749268590651131,0.5475774699725799,0
0.6041772795810489,0.5470277622365112,0
0.4427158152789912,0.546587399788852,0
0.366664721937558,0.5464605904430462,0
0.3935742518663108,0.5464552768484174,0
0.2952939815273177,0.5461871739371037,0
0.2449826869426323,0.5457633280471259,0
-0.2546139241722763,0.5447055967227726,0
-0.2674852517938395,0.5438326266278567,0
-0.4476666995774529,0.5430625253650716,0
-0.458197136611833,0.542500911424862,0
-0.4102267326143307,0.5416202758947918,0
-0.4324573378550745,0.5408813878598789,0
-0.386826396201582,0.5404167851043037,0
-0.4090570014423258,0.539911691649994,0
-0.3938462114767741,0.5394818398695924,0
-0.3189648493073351,0.53866856816847,0
-0.2358939406907205,0.537934632499482,0
-0.2628048988626466,0.5374386129919542,0
-0.2592942771034692,0.5363516310999169,0
-0.3049252187569616,0.5359394477788922,0
-0.1890932678652231,0.5354557449035262,0
-0.2721641764818377,0.5348714571317229,0
-0.2358939406907205,0.5344468500351467,0
-0.146972947970908,0.5341216832857748,0
-0.1937736207964054,0.5334839578128359,0
-0.0194408288727952,0.5334889831136792,0
0.2192428881858845,0.5331050811202328,0
0.1642512406700168,0.5323390096860176,0
0.1782922994635743,0.5320525294892696,0
-0.1142119056957842,0.531597913899578,0
-0.1715430155556616,0.5307085924884221,0
-0.1809037214180261,0.5300590953345217,0
-0.2639746300346514,0.5299952634762457,0
-0.7822926528743104,0.5299120984397097,0
-0.7495316105991866,0.5303219354005386,0
-0.7565514258743786,0.5310344625172232,0
-0.8372828721469942,0.5339867776973481,0
-0.9308842177979888,0.5380994834447117,0
-0.9180143184196096,0.5393747953195046,0
-0.901633797282053,0.540481428023668,0
-1.1578677666502837,0.5414647649324256,0
-1.285399885748407,0.542735876350823,0
-1.140317514340722,0.5442404702733461,0
-1.1719073972006675,0.5456377893064959,0
-1.3719799878810257,0.5470325697816061,0
-1.417610929534529,0.5486379934613099,0
-1.3216701215395243,0.550467396528828,0
-1.3345400209179037,0.5523421863733388,0
-1.409421383087332,0.5537545134988762,0
-1.3228398527115293,0.5553178699400472,0
-1.3836801560874,0.5567556794317069,0
-1.5053621910823365,0.5579251908054073,0
-1.457391787084834,0.5592917512661335,0
-1.5369535021854557,0.5601888013520854,0
-1.483131585841582,0.5612619887461822,0
-1.8750872207551224,0.5623450531990307,0
-1.7873359592073148,0.5638573190238556,0
-1.726495655831444,0.5651536783479955,0
-1.831797169688813,0.5668999520400441,0
-1.8364775226199956,0.5685940748910473,0
-1.863387052548748,0.5706846981386433,0
-1.8271168167576308,0.5726665495096461,0
-1.7639356227945662,0.5748411163626629,0
-1.7393655552098233,0.5765447585265511,0
-1.5404626957014596,0.5785444841286816,0
-1.6153440578708878,0.5803820091458216,0
-1.493662022875962,0.5821217746832017,0
-1.4538811653256465,0.5838809347103228,0
-1.2678496334388456,0.5852534923206225,0
-1.3591100885026572,0.5869215451449249,0
-1.2233884229573473,0.5885535617257558,0
-1.2151988765101611,0.5902277745600245,0
-1.0818166733088503,0.5919026938530368,0
-1.04320554693055,0.5936121356352889,0
-1.0853258668248544,0.5957620720349638,0
-0.8899336290756786,0.5965908582893549,0
-0.898123175522865,0.5975099243326409,0
-1.0198052105178013,0.5981447734445345,0
-0.9800243529674854,0.5991534546229365,0
-0.8548331244565557,0.6003056527524991,0
-0.9098233437292392,0.6010592280142563,0
-1.0619255304121058,0.6019179869516514,0
-1.1531874137191014,0.6029296690339685,0
-1.169567934856658,0.6039020902638729,0
-1.109897362652792,0.6050362314238718,0
-0.929714486625984,0.6059312292021216,0
-0.964814991245107,0.6069783868993477,0
-0.834943409802995,0.6077033112824405,0
-0.8138825357342454,0.6083406692876308,0
-0.6793306013609405,0.608728128364833,0
-0.630190466191444,0.6090046361897895,0
-0.5904096086411281,0.6093648695534369,0
-0.619660029157064,0.609152326018964,0
-0.6278495756042609,0.6086788587571678,0
-0.7448512576680043,0.6083208095498264,0
-0.7507013417711915,0.6080472497974772,0
-0.6594408867073799,0.6080444473773724,0
-0.5623289192971971,0.6076839068927564,0
-0.5904096086411281,0.6072517045339036,0
-0.5915793398131329,0.6070428314463144,0
-0.6559302649481918,0.606640377696068,0
-0.4429877748894545,0.6065826751684842,0
-0.3645957909608383,0.60687146249998,0
-0.358745706857651,0.606697066566278,0
-0.414907085545513,0.6062290783065674,0
-0.458197136611833,0.6062305017291367,0
-0.6570999961201968,0.605856968610401,0
-0.7319813582896251,0.606068228493737,0
-0.7436815264959994,0.6066429199915767,0
-0.8536633932845508,0.6073557343040868,0
-0.9308842177979888,0.6081290366659324,0
-1.0022549582082398,0.6090438504593897,0
-1.0221461011049844,0.6102956319393497,0
-1.0022549582082398,0.6115868241701706,0
-1.008105042311427,0.612510877332173,0
-1.029165916380166,0.6133480104346105,0
-0.7202811900832508,0.6139041945585729,0
-0.6816700637049397,0.6143339700738152,0
-0.6372102814666254,0.6148247851709872,0
-0.4909581788869462,0.6182910298962536,0
-0.4535167836806401,0.6192616455008857,0
-0.4815974730245816,0.6200159949411965,0
-0.4663881113022032,0.6204490306759022,0
-0.3821460432703997,0.6206299896346303,0
-0.383315774442394,0.6210385929278314,0
-0.4055463796831484,0.6213443561467328,0
-0.5038280782653254,0.6217394453646604,0
-0.4769171200933887,0.6223065442090593,0
-0.4359665313710785,0.6232306606610486,0
-0.386826396201582,0.6238433677247534,0
-0.4991477253341431,0.624767910776032,0
-0.4418166154742657,0.6250117235993441,0
-0.3950159426487684,0.6252805797569689,0
-0.4324573378550745,0.6258321564285542,0
-0.1972842425555934,0.6263753213205888,0
-0.1493124103149072,0.6262182369454141,0
-0.0252909129759823,0.625994199334363,0
0.0156596757463278,0.6260109800965056,0
0.0425692056750805,0.6256772615778435,0
-0.0779416699046669,0.6251478340408149,0
-0.0720915858014797,0.6250344776493182,0
-0.0077406606664208,0.6244476904042052,0
-0.14346232621172,0.624055086244823,0
-0.2628048988626466,0.6239367359722199,0
-0.3037554875849567,0.623968625653985,0
-0.2850355041034009,0.6244865030342053,0
-0.2569548147594593,0.6247981427424433,0
-0.4067161108551427,0.6250825614241537,0
-0.3856566650295771,0.625831320013381,0
-0.4874475571277688,0.6263923480438096,0
-0.7202811900832508,0.6269208483301414,0
-0.7401709047368114,0.6279051768651812,0
-0.7343208206336242,0.629079660069376,0
-0.863022670903742,0.6301608880969239,0
-0.8279221662846189,0.6310852998031976,0
-0.764742400564749,0.6321730883947215,0
-0.7237918118424387,0.6332305960713802,0
-0.6957111224984971,0.6343142273893384,0
-0.6208297603290688,0.6351510434249442,0
-0.3575759756856462,0.6360813484043418,0
-0.425437522579893,0.6369358005357392,0
-0.4137373543735187,0.6376318213606519,0
-0.320136008722524,0.6383667651587657,0
-0.3891658585455811,0.6387640390907358,0
-0.4172465478895227,0.638861179768319,0
-0.3774656903392068,0.6389277385495742,0
-0.2394045624498978,0.63934681913856,0
-0.3037554875849567,0.639398030798699,0
-0.1879235366932182,0.6393230908435814,0
-0.2464243777250899,0.6389810075742439,0
-0.1317621580053457,0.6395003341683884,0
-0.1025117374894098,0.6394772778648824,0
0.0741605167781995,0.6390501561257992,0
0.0238492221935247,0.6387049071258731,0
-0.1376122421085328,0.6388543889501919,0
-0.2288741254155284,0.6381675971021246,0
-0.2569548147594593,0.6383172523388935,0
-0.2604640082754634,0.638928409229486,0
-0.178562830830843,0.6389402063738033,0
-0.4195874384767059,0.6390341539526351,0
-0.3985265644079563,0.6390359417631543,0
-0.5131887841277006,0.6397647990558686,0
-0.5506287510908228,0.6408722139717867,0
-0.5225480617468918,0.64190283200016,0
-0.4734079265773847,0.6424478691062319,0
-0.3727867656512085,0.6430540092783932,0
-0.4886172882997631,0.6433284652473372,0
-0.4874475571277688,0.6439831762559595,0
-0.4687275736462024,0.6448965610159978,0
-0.5131887841277006,0.645130848061132,0
-0.5541393728500108,0.6452594950905814,0
-0.8209023510094375,0.6458634962847213,0
-0.7916519304935017,0.6469839776028102,0
-0.7705924846679361,0.6477900640634049,0
-0.929714486625984,0.648655909988204,0
-0.8887638979036737,0.6500952317232117,0
-0.8712136455941123,0.6514082287749353,0
-0.8185628886654277,0.6523483178609893,0
-0.8396223344909933,0.653948553275871,0
-0.7191114589112458,0.6549993914873817,0
-0.6465695590858167,0.6557887067236599,0
-0.5494590199188178,0.6568463060991855,0
-0.5482892887468236,0.6573508054358946,0
-0.5061675406093246,0.6575917921352702,0
-0.3950159426487684,0.65751679378024,0
-0.3996962955799613,0.6571857660151607,0
-0.425437522579893,0.6564744882201604,0
-0.457027405439828,0.6560714747414897,0
-0.3330059081008926,0.6560407781884673,0
-0.2300438565875333,0.6554810408190105,0
-0.2511047306562722,0.6548231031896196,0
-0.1809037214180261,0.6545841324340343,0
-0.1902629990372174,0.6542157917226259,0
-0.2370636718627147,0.6537242150167993,0
-0.348215269823271,0.653819865519556,0
-0.3493864292384598,0.6538149385321714,0
-0.3704458750640254,0.6538372998274784,0
-0.1762233684868439,0.6543111314270402,0
-0.0510321399759141,0.6535501210120617,0
-0.0042314671504168,0.6531471245551365,0
-0.0451820558727269,0.6533261806729781,0
-0.1680338220396575,0.6534876547292437,0
-0.1305924268333514,0.6535326369802037,0
-0.0194408288727952,0.6536961899110459,0
-0.0276318035631654,0.6542503112167583,0
0.032040196883895,0.6546788322556928,0
-0.0346516188383469,0.6545072009071677,0
0.0098095916431406,0.6540984206815373,0
-0.0182710977007903,0.6537505085036209,0
0.0519299115374557,0.652779858449667,0
0.2531722333898187,0.652282268750775,0
0.2929530909401346,0.6519027912367497,0
0.2344522499082629,0.6516456609045663,0
0.3292233267312519,0.6505302591536023,0
0.4263352941414346,0.6496429164251619,0
0.5983271954778617,0.6498556008961908,0
0.5363171609299859,0.6496617342005151,0
0.6673584735441135,0.6493681323847059,0
0.6778889105784829,0.6495588447541975,0
0.5023863874828678,0.6495876091386434,0
0.4672858828637448,0.6491333887848099,0
0.4134653947630554,0.6489110078480443,0
0.4286747564854338,0.6491927851796396,0
0.3783648901439324,0.6492297587208616,0
0.2133928040826973,0.6485681079308375,0
0.2122216446675084,0.6481055453032214,0
0.2800831915617554,0.6471285841292622,0
0.0296993062967119,0.6455582526047168,0
0.0612906173998309,0.6444075119471386,0
0.2192428881858845,0.6428430304088854,0
0.1045806684661402,0.6420417431545739,0
-0.0545413334919182,0.6407428223815465,0
-0.0299712659071646,0.6397742741165281,0
-0.076771938732662,0.639077285735415,0
-0.1797339902460319,0.6380079636177365,0
-0.1937736207964054,0.6372517213849593,0
-0.1680338220396575,0.6368640782556423,0
-0.2124936042779718,0.6363480022208329,0
-0.1926038896244005,0.6357146880434842,0
-0.073261316973474,0.635316588512978,0
0.0296993062967119,0.6342092686250697,0
-0.0264606441479766,0.6334689262075015,0
0.0612906173998309,0.632833005837383,0
0.1572314253948248,0.6322614273028206,0
0.1385114419132583,0.6318469889504524,0
-0.0592216864231005,0.6314652384010873,0
-0.0954919222142284,0.6306736802873871,0
-0.013590744769608,0.6301715674242953,0
-0.1247423427301642,0.6295299148585208,0
-0.1212331492141602,0.6291915425604246,0
-0.1528230320740952,0.6286777917128719,0
-0.1481426791429129,0.6284798958925044,0
-0.2546139241722763,0.6276554123701078,0
-0.2288741254155284,0.626268226565586,0
-0.1633534691084646,0.6250856604935603,0
-0.2464243777250899,0.623882263047076,0
-0.1633534691084646,0.6232260969305587,0
-0.1539927632461001,0.6225633332536138,0
-0.2522744618282771,0.6214200202376815,0
-0.1013420063174155,0.6206935656559635,0
-0.1680338220396575,0.6197707479454783,0
-0.0756022075606571,0.619024069203743,0
-0.0288015347351597,0.618193131607791,0
-0.1832431837620359,0.6175194575461732,0
-0.1259120739021585,0.6166781139850035,0
-0.076771938732662,0.6155237811561909,0
-0.1352727797645337,0.6143989773833703,0
-0.1247423427301642,0.61344683348481,0
0.0905410379157667,0.6122907435327056,0
-0.1575033850052775,0.6113803639338461,0
-0.0814522916638442,0.610308773052204,0
0.0413994745030862,0.6092242750071504,0
-0.0159316353567911,0.608386314139461,0
0.067140701503018,0.6078619786255174,0
0.0776697102942035,0.6073664308976774,0
-0.0697521234574699,0.6067733102137856,0
-0.1738839061428447,0.6062671267692572,0
-0.108361821592597,0.6060923920970088,0
-0.1610125785212815,0.6058904280298603,0
-0.3096055716881439,0.6056128260222905,0
-0.2955645128945864,0.605933889702395,0
-0.4476666995774529,0.6058723727435081,0
-0.5014886159213262,0.6056974995181245,0
-0.5190388682308877,0.6060787287140662,0
-0.5798791716067586,0.6059812362875197,0
-0.4991477253341431,0.6059405639552727,0
-0.4008660267519555,0.6055195795647343,0
-0.3950159426487684,0.6054720572955931,0
-0.3025857564129625,0.6054295535346761,0
-0.320136008722524,0.6061553318248306,0
-0.2569548147594593,0.6068648961979625,0
-0.2429137559659019,0.6070783685506465,0
-0.1481426791429129,0.6074468871993821,0
-0.0463517870447212,0.6079306428275749,0
-0.0124210135976031,0.6069364389981059,0
0.0706498950190221,0.60357186244466,0
0.2133928040826973,0.6037718805593639,0
0.299972906215316,0.604139357716293,0
0.3292233267312519,0.6046835072962901,0
0.366664721937558,0.6049147529267401,0
0.3771951589719381,0.6053609226248438,0
0.3573040160751934,0.6058647799388529,0
0.2765725698025674,0.6069334472978515,0
0.3432643855248093,0.6075904773289685,0
0.3807043524879421,0.6081167130513337,0
0.5304670768267988,0.6085454302794766,0
0.5538674132395475,0.6092268542328299,0
0.5842875649274882,0.6099597365189673,0
0.4438855464509961,0.6107010480930287,0
0.5129168245172373,0.6114904531075639,0
0.501216656310863,0.6117372449390199,0
0.5573766067555516,0.6122518090577582,0
0.7937208614702215,0.6133604741741139,0
0.8697719548116547,0.6145530983488883,0
0.7434095668855467,0.6158657004140662,0
0.5538674132395475,0.6173510796321195,0
0.5959877331338626,0.6186280658347526,0
0.6579991959249223,0.6198072564041526,0
0.5339762703428028,0.6210691793641928,0
0.5257867238956165,0.6219379549967002,0
0.445055277623001,0.6227027496493024,0
0.2754028386305731,0.6234544042093283,0
0.3374143014216221,0.6240991757620581,0
0.2929530909401346,0.6248486071935575,0
0.4228246723822466,0.6254624448695933,0
0.4684556140357497,0.6260701959308574,0
0.7890405085390392,0.6266695785449538,0
0.7492596509887339,0.6279776188513477,0
0.7621295503671025,0.6285753939823888,0
0.47664658872612,0.6297411382208422,0
0.4906862192764935,0.6299729597357356,0
0.4977060345516855,0.6301388746221237,0
0.4696253452077439,0.6296655607797211,0
0.4988757657236798,0.6295345619815311,0
0.3210337802840655,0.6297291483838706,0
0.3210337802840655,0.6294027127658127,0
0.1736119465323814,0.6289994307888982,0
0.3865544365911293,0.6278793643996265,0
0.3514539319720063,0.6276852374642675,0
0.5328065391708086,0.6266674049988004,0
0.4438855464509961,0.6262566577702885,0
0.3725148060407451,0.6261325971091849,0
0.401765226556681,0.6248804271522317,0
0.366664721937558,0.6243005475164491,0
0.4427158152789912,0.6238329020708988,0
0.4251655629694297,0.6227624707855753,0
0.3362445702496279,0.6217240410135257,0
0.271893645114569,0.6204811177217695,0
0.3362445702496279,0.6190043832885145,0
0.2695527545273859,0.6176792098683415,0
0.3818740836599364,0.6164250024710246,0
0.4509053617261882,0.615357794515792,0
0.716500036956794,0.614346974242175,0
0.7761706091606599,0.6131432668486265,0
0.6228986913057992,0.6115180842380554,0
0.4228246723822466,0.6097858676996907,0
0.4064455794878739,0.6087387870458737,0
0.6322579689249905,0.607521001016745,0
0.5234472615516174,0.6066543678470746,0
0.5585477661707404,0.6048796433385941,0
0.4239958317974354,0.6038893052225845,0
0.5129168245172373,0.6025279655585022,0
0.5643978502739275,0.601337966788807,0
0.6310882377529856,0.6005163956030274,0
0.8007406767454135,0.5992064865608366,0
0.5889679178586705,0.5985386241861341,0
0.6638492800281094,0.5971541377476032,0
0.6954391628880444,0.5958165940782879,0
0.6919285411288565,0.5951683172403184,0
0.7387292139543538,0.5941879395636712,0
0.6872496164408581,0.593158467657355,0
0.5690767749619259,0.5919970464542478,0
0.4029349577286859,0.5913887370537536,0
0.5070667404140501,0.5903367616508169,0
0.3877241677631236,0.5891058804226097,0
0.3303944861464407,0.5882354051222629,0
0.3771951589719381,0.5866869748005065,0
0.3292233267312519,0.5852903950982411,0
0.1841423835667615,0.5843070192658337,0
0.170101324773204,0.5832301157653749,0
0.264872401596193,0.5817393498336707,0
0.2882727380089417,0.5804820078269263,0
0.2824226539057545,0.5792749725687684,0
0.2800831915617554,0.577601196378632,0
0.271893645114569,0.5762843792209389,0
0.3830452430751253,0.5749308358724597,0
0.3619843690063757,0.574138010582663,0
0.3327339484904399,0.5726799058043746,0
0.0098095916431406,0.5718742789494936,0
0.025018953365519,0.570940163041173,0
0.0016186169527703,0.5694402948740005,0
0.025018953365519,0.5678421624259601,0
0.025018953365519,0.5666104663207302,0
0.0425692056750805,0.5657782768879925,0
0.0144899445743335,0.5654049647004586,0
0.1829712241515726,0.5646107422627968,0
0.1782922994635743,0.5641141304859822,0
0.1244703831197009,0.5635060708739221,0
0.1572314253948248,0.562850425548915,0
0.1408509042572681,0.5620067674544393,0
0.0788408697093924,0.5609272536526011,0
0.0589497268126478,0.5603616158597647,0
0.1104307525693274,0.5596083566942511,0
0.1057503996381451,0.5586891065089917,0
0.1244703831197009,0.5581415451378781,0
0.1174505678445195,0.5571425420018725,0
0.126811273706884,0.5560474972441777,0
0.0823500632253965,0.5547502450357837,0
0.1034109372941353,0.5539832015368918,0
0.1864818459107606,0.5535632136110471,0
-0.1575033850052775,0.5528547023634995,0
-0.1387834015237217,0.5519095293060462,0
-0.1458032167989031,0.5512326442570398,0
-0.1972842425555934,0.54993047146715,0
-0.2440849153810907,0.5489820944179684,0
-0.2417440247939076,0.5476299151872556,0
-0.2628048988626466,0.5464894521353225,0
-0.3681064127200156,0.5454079513332103,0
-0.4125661949583298,0.5446709981548344,0
-0.4710670359902015,0.5441917471703831,0
-0.4301164472678914,0.5438142012001866,0
-0.5646683816411963,0.5431644625322694,0
-0.4266072537518873,0.5432086377859259,0
-0.3599154380296453,0.5427402355212803,0
-0.3950159426487684,0.5421498024108591,0
-0.3505561604104541,0.54144489131796,0
-0.4008660267519555,0.5404154084975391,0
-0.5295678770220733,0.5401514272189604,0
-0.5038280782653254,0.5398390567581359,0
-0.5670092722283794,0.5396526597560718,0
-0.5845595245379409,0.5396350139012164,0
-0.7296418959456259,0.5396407618610264,0
-0.7226206524272499,0.5400589697451135,0
-0.7682515940807529,0.5403036304921093,0
-0.6851806854641277,0.5406215333499081,0
-0.7495316105991866,0.5409148923540442,0
-0.7507013417711915,0.5412277034212026,0
-0.662950080223384,0.5412627691386905,0
-0.7343208206336242,0.5415988712175175,0
-0.7659121317367432,0.5419583767364561,0
-0.7811214934591216,0.5425098299722205,0
-0.7530422323583745,0.5430721652116811,0
-0.8209023510094375,0.5436632653935165,0
-0.9063141502132352,0.5444865011024359,0
-0.8641938303189308,0.5453893217219352,0
-0.929714486625984,0.5496145493945874,0
-0.9180143184196096,0.5520701637702566,0
-0.8829138138004866,0.5530696402612851,0
-0.8911033602476836,0.5546848494159381,0
-0.9004640661100481,0.5555999460091895,0
-1.1321265396503517,0.5572728483702063,0
-1.112236824996791,0.5586156733481296,0
-1.2935894321955934,0.5599034667731332,0
-1.3088002221611557,0.5617305526980967,0
-1.3052896004019678,0.56391314391437,0
-1.1847772965790364,0.5656347302581851,0
-1.1169171779279734,0.5672298727316756,0
-1.07362569861848,0.5682194843571415,0
-1.1824378342350372,0.5699998474347245,0
-0.9566240165547368,0.5712683165777956,0
-0.9250341336948016,0.5727811147566356,0
-0.943754117176368,0.5738891084297681,0
-0.9776848906234862,0.574784815892488,0
-1.0572466057241074,0.5760609834465604,0
-1.0268250257929827,0.5777499864584572,0
-1.1157474467559791,0.5791620010292967,0
-1.0900062197560474,0.5804283350313386,0
-1.0549057151369243,0.5817593048174045,0
-1.105217009721599,0.5830489495896689,0
-1.112236824996791,0.5843778888684079,0
-1.0841561356528602,0.5862005011558388,0
-0.975345428279487,0.5875641482136428,0
-1.006935311139422,0.5887776663217497,0
-1.0888364885840425,0.5899938334473854,0
-1.0338462693113588,0.5912288264438187,0
-1.067775614515293,0.5926524342288725,0
-1.004595848795423,0.5940826828200912,0
-0.9577951759699256,0.5956314854541731,0
-1.0747968580336689,0.5968688217194897,0
-1.0385251939993572,0.5986630034463468,0
-1.0303356475521708,0.5997465277739616,0
-1.100536656790417,0.6006390911060013,0
-1.237428053507721,0.6019434211041497,0
-1.1297870773063523,0.6035321394237597,0
-1.1812681030630323,0.6045877522993501,0
-1.0022549582082398,0.60613396196474,0
-1.0502253622057314,0.6074415597004841,0
-1.0630966898272949,0.6087990438986646,0
-1.0162960170017972,0.6106062758524008,0
-1.212857985922978,0.6122178348242253,0
-1.180098371891038,0.614004717198745,0
-1.1555268760631006,0.6159107122998899,0
-0.7553816947023737,0.6175545020084892,0
-0.8185628886654277,0.6181969170240438,0
-0.7214509212552557,0.6192675420763529,0
-0.7109204842208755,0.6199012314747134,0
-0.7530422323583745,0.6205791990860727,0
-0.7202811900832508,0.6211955548606226,0
-0.7343208206336242,0.6223225205983913,0
-0.7822926528743104,0.6236613008469604,0
-0.6395497438106352,0.6244379675355601,0
-0.7050704001176884,0.625499437132084,0
-0.68986103839531,0.6260398317348507,0
-0.6500801808450046,0.6265835705544387,0
-0.7436815264959994,0.627491163224542,0
-0.7659121317367432,0.6278420689901828,0
-0.8864230073164907,0.6286228560632154,0
-0.6091295921226945,0.6302847567473772,0
-0.6688001643265711,0.6311507991665701,0
-0.6816700637049397,0.6315419139766404,0
-0.7518710729431858,0.6325346356674704,0
-0.7237918118424387,0.6331847704122507,0
-0.7624015099775658,0.6334597804675843,0
-0.9554542853827424,0.6344543444300453,0
-1.0151248575866083,0.6357646228035679,0
-1.039696353414546,0.6365152943596848,0
-0.9379040330731808,0.6379708559015376,0
-0.8805729232133035,0.6395148087149498,0
-0.7869715775623087,0.6406576599288989,0
-0.760062047633556,0.6418201026055957,0
-0.8080324516310583,0.6426941552643134,0
-0.728470736530437,0.6436018650936443,0
-0.7846321152183096,0.6448213656278796,0
-0.7939928210806848,0.6459878561329196,0
-0.8992943349380539,0.6473879641087951,0
-0.7799517622871274,0.6484255496931561,0
-0.7483618794271817,0.6494715748909076,0
-0.7939928210806848,0.6496642273344235,0
-0.6336996597074481,0.6504853472816898,0
-0.5494590199188178,0.6514887757128192,0
-0.5845595245379409,0.6528300441994643,0
-0.4827672041965759,0.6533382271347591,0
-0.5190388682308877,0.6537803121113513,0
-0.5400983140564534,0.6544192004703179,0
-0.5108478935405175,0.6547292496119593,0
-0.5307390364372622,0.6551295618200429,0
-0.5974294239163201,0.6556799454515384,0
-0.4757473889213945,0.6559065361735523,0
-0.4546879430958289,0.656379507695809,0
-0.4207571696487001,0.6567101469914192,0
-0.2862052352753952,0.6564536457119807,0
-0.4008660267519555,0.6569428381316618,0
-0.2405742936219027,0.6568168830485956,0
-0.2206845789683421,0.6570829869862108,0
-0.1259120739021585,0.6574411826922437,0
-0.0954919222142284,0.6574302918525569,0
-0.1142119056957842,0.6575084714925136,0
-0.0826220228358491,0.6575834817505031,0
0.0437403650902694,0.657095188662047,0
-0.0627323081822885,0.6570022094033968,0
-0.0147604759416023,0.6572366161921552,0
-0.0568822240791013,0.6570343648363043,0
0.0144899445743335,0.6565864348450766,0
-0.0393319717695398,0.65627338459897,0
-0.0112512824255982,0.6553001453765971,0
0.0121490539871504,0.6544956725947526,0
-0.0217817194599783,0.6538248042501144,0
0.0413994745030862,0.6532349896259037,0
0.0343796592278942,0.6526492289238234,0
-0.0791114010766611,0.6520506606662659,0
-0.0650717705262876,0.65159098312043,0
-0.0580519552510956,0.650670857319568,0
-0.1048526280765929,0.6495203347321054,0
0.1092610213973225,0.647559621036061,0
0.1677618624291942,0.6463174071065211,0
0.2356219810802571,0.6444887702409381,0
0.2555131239770017,0.6427992941767126,0
0.3701739154535621,0.6404654739881189,0
0.3374143014216221,0.6384404410082287,0
0.306994149733692,0.6357544144407626,0
0.3058229903185032,0.6342054763759086,0
0.2508327710458195,0.6317437868901641,0
0.2496630398738146,0.6299870714801056,0
0.299972906215316,0.6280146854816069,0
0.2215823505298836,0.6253115672912121,0
0.2473221492866315,0.6232199964013836,0
0.2660435610113819,0.6211635760775214,0
0.2543433928050075,0.6188472529853853,0
0.3514539319720063,0.6164594955132958,0
0.6088576325122418,0.6141690460811357,0
0.646299027718548,0.6119061865015263,0
0.4146351259350603,0.609989089603844,0
0.4813255134141183,0.6072844021511082,0
0.4427158152789912,0.6050760036394781,0
0.4333551094166267,0.6023325022938785,0
0.3467735790408134,0.5996755501724573,0
0.2894438974241305,0.5971916475700861,0
0.0975608531909481,0.5947320296782503,0
-0.0381608123543509,0.5917546721867305,0
-0.0709218546294748,0.588634340555196,0
-0.0369910811823567,0.5859907422887001,0
-0.0498609805607253,0.5826715966631413,0
0.1045806684661402,0.5791599285853477,0
0.0086398604711463,0.5761781363829834,0
0.0963911220189539,0.5729090223070574,0
0.2274324346330708,0.5695249464689592,0
0.0624603485718251,0.5659904138743878,0
0.1607420471540128,0.5624235364227489,0
0.1431917948444513,0.5581993621002551,0
0.1981820141171349,0.5538734764687356,0
0.1455312571884504,0.5498423423921116,0
0.2110519134955142,0.5457724621398501,0
0.2754028386305731,0.5419587501974252,0
0.3959151424534938,0.5381650242227186,0
0.306994149733692,0.5338652924751762,0
0.2555131239770017,0.5299248301773762,0
0.0203400286775207,0.5256608982362106,0
0.0577799956406429,0.5210657357932337,0
0.0039595075399534,0.5168126925464485,0
0.0226794910215198,0.5125398052135328,0
0.0215097598495149,0.5080212112349268,0
0.0109793228151455,0.5033750245590707,0
0.0273598439527021,0.49853091012113643,0
0.1057503996381451,0.4937024178767915,0
0.1806317618075734,0.48889396046890615,0
0.2461524181146372,0.48479278399390885,0
0.0062989698839632,0.48069541696133283,0
0.0296993062967119,0.4763285903210006,0
-0.0147604759416023,0.4721479887917793,0
-0.1809037214180261,0.46823139427014343,0
-0.185584074349219,0.4642385251295104,0
-0.1890932678652231,0.4606390767875222,0
-0.1703732843836567,0.4574216739689697,0
-0.2195134195531532,0.4540840706419252,0
-0.146972947970908,0.4506145822894056,0
-0.14346232621172,0.44655919776422087,0
-0.0369910811823567,0.4431918873036085,0
-0.1107027121797801,0.43970429196677063,0
-0.0615611487670996,0.4361560930544376,0
-0.0779416699046669,0.43276331314047994,0
-0.2148344948651549,0.4291656473321542,0
-0.1036828969045987,0.425515604674044,0
-0.0744324763886628,0.4225570140659409,0
-0.0533716023199133,0.4192431607119873,0
-0.1013420063174155,0.4162506761509616,0
-0.0533716023199133,0.4142644385682212,0
-0.0276318035631654,0.41176936555530663,0
0.1408509042572681,0.40903493242206745,0
0.0776697102942035,0.405994752699164,0
0.0963911220189539,0.40294346391399805,0
-0.0358213500103518,0.4002962358564973,0
-0.1586731161772824,0.39768434334630776,0
-0.1399531326957159,0.3947333515240175,0
-0.1879235366932182,0.3920775763852421,0
-0.1692035532116518,0.38928884441294587,0
-0.0381608123543509,0.3869673347054085,0
-0.0592216864231005,0.38471149891904954,0
-0.1352727797645337,0.3821148457121102,0
-0.0873023757670314,0.379464443709875,0
-0.0112512824255982,0.37580402818819675,0
0.2075427199795101,0.3682431251597695,0
0.4052744200726851,0.36607156951406067,0
0.4134653947630554,0.36404151593778417,0
0.4707965046229328,0.3616356001861719,0
0.5796072119963059,0.35942426002680505,0
0.6217275318906104,0.35763284249645594,0
0.4286747564854338,0.3556228426715247,0
0.4485658993821784,0.3531701739979545,0
0.5129168245172373,0.3511835890508857,0
0.5983271954778617,0.3492843936164503,0
0.6088576325122418,0.3472553943888223,0
0.5924771113746745,0.34572323700652396,0
0.684908725853675,0.34393554972632867,0
0.6615083894409264,0.3425782081077883,0
1.226627085106072,0.34186576846894845,0
1.265236783241199,0.3413611102310084,0
1.477010970371126,0.3405265248180385,0
1.4840307856463075,0.34046147305892827,0
1.445419659268007,0.34008011636587826,0
1.4079796923048744,0.33940265882652443,0
1.4231890540272527,0.33883403604375695,0
1.1412152859022744,0.33779549666088626,0
1.3635184818233868,0.33709207085364673,0
1.5167903996782477,0.3371590587497885,0
1.2710868673443865,0.33684766136036576,0
1.2745974891035745,0.33635810705636837,0
1.2804475732067615,0.3359275764911049,0
1.4278694069584457,0.3358127293853169,0
1.3600092883073829,0.3354833037984159,0
1.4255299446144358,0.33504861172046413,0
1.4430801969239972,0.3348265382474209,0
1.4173389699240655,0.3343564141644659,0
1.5589121478157464,0.3334976832285541,0
1.615072098260435,0.33343405428332595,0
1.6033719300540608,0.33313154688729685,0
1.605712820641244,0.3330296425678024,0
1.544871089022189,0.3329820229596444,0
1.576462400125308,0.3330424180476689,0
1.472330617439933,0.33252317223056294,0
1.5261511055406225,0.33208210808159727,0
1.5390210049190018,0.3319215978301751,0
1.6571924181547395,0.33132952843519176,0
1.615072098260435,0.33103008970802084,0
1.5542317948845537,0.3308307020007988,0
1.8432253782847348,0.3302435116211869,0
2.065528574205848,0.32961669038598107,0
2.156790457512832,0.32917914365652773,0
2.56512661356394,0.3286773092097969,0
2.452803856188195,0.32826543281729936,0
2.439933956809826,0.32802291781782245,0
2.541726277151191,0.3277094022694131,0
2.50545461311688,0.3273154873099802,0
2.665747774490116,0.32662282126959535,0
2.709037825556436,0.3257227779145552,0
2.6259669169398108,0.3245164108974237,0
2.484395167291314,0.3239625777102997,0
2.533535302460821,0.3234642938875208,0
2.533535302460821,0.32304559647940023,0
2.4481249315001965,0.3220164657683252,0
2.790939003001056,0.3212025346468809,0
2.7874298094850523,0.3206019474100072,0
2.9594217108214798,0.32033149032207436,0
2.9219817438583573,0.31974033701436744,0
2.7897692718290514,0.31921916544869683,0
2.703187741453249,0.3183378923569687,0
3.016752820681346,0.3173747966883429,0
3.0682338464380363,0.316745327949441,0
2.659897690386929,0.31601673143823783,0
2.5522552859423766,0.3147849179767127,0
2.50545461311688,0.3134134364814041,0
2.366223754055576,0.31174775775496844,0
2.414194158053068,0.31040188965439897,0
2.464504024394569,0.3094745114149803,0
2.373243569330757,0.3087532279640497,0
2.5159850501512597,0.30767231856529514,0
2.539385386564008,0.30659588446431746,0
2.567466075907939,0.3052665125150916,0
2.460994830878565,0.3044325861115192,0
2.56512661356394,0.30324333360628897,0
2.7570082295539278,0.30195096933086063,0
2.855289928136115,0.3006007720559093,0
2.533535302460821,0.29941710170344715,0
2.567466075907939,0.29772396008571267,0
2.469184377325762,0.29585614555157697,0
2.078398473584216,0.29372211147111216,0
2.2691117866453934,0.2905553828792463,0
2.4914149825665057,0.287864841880832,0
2.562785722976757,0.2856085972205248,0
2.5522552859423766,0.28348220078641284,0
2.452803856188195,0.2823469473211972,0
2.446953772085008,0.28098474987363053,0
2.551085554770382,0.2786610728171114,0
2.4188745109842604,0.27628073828058924,0
2.27730133309258,0.2736935720803364,0
2.3826028469499487,0.27086048281175185,0
2.2176307608887136,0.2680730554267479,0
2.339312795883639,0.26537057556395593,0
2.389624090468325,0.2629956439329158,0
2.3416522582276382,0.2616820212526393,0
2.2737921395765754,0.2612695799395445,0
2.2656011648862053,0.26128407850867624,0
2.361543401124383,0.2608397605954055,0
2.466844914981752,0.2605324593673133,0
2.473864730256944,0.26088664118094707,0
2.362713132296388,0.261354235162447,0
2.327612627677265,0.2601067830209256,0
2.40015309925951,0.25828482141020304,0
2.613097017561431,0.2558577759989274,0
2.573316160011126,0.2537116580094664,0
2.573316160011126,0.25147800323595093,0
2.25507215609502,0.24974188451295534,0
2.365052594640387,0.2485356691725093,0
2.060848221274654,0.24751114528519905,0
2.02691887607072,0.24587179338538653,0
1.9590573291764728,0.2437179372635317,0
1.919276471626168,0.24111487598382186,0
2.0315978007587185,0.23866981255553163,0
2.149770642237651,0.23599700392525957,0
2.0971198853089663,0.23298136480968062,0
2.1392402052032704,0.22978675256240488,0
2.167320894547212,0.22637572511517035,0
2.167320894547212,0.22308714277182448,0
2.0479783218962857,0.21998660540291728,0
2.0479783218962857,0.21757599496054625,0
1.9719272285548524,0.2144939847184336,0
2.0093686237611585,0.2123254782824039,0
1.93448726159172,0.20986148412329367,0
2.0772287424122213,0.20651517836392605,0
2.0386190442770946,0.2037190633373959,0
2.224650576163895,0.20076920711397897,0
2.1755104409943984,0.19783826901775567,0
2.2094412144415165,0.19545149249714178,0
2.0011776490707884,0.19309169167418785,0
2.0035185396579718,0.19137054656065883,0
2.0421282377930985,0.18829618191944283,0
2.121689952893709,0.18579324765622146,0
2.0900986417905902,0.18367617415875762,0
2.1942304244759647,0.18084176577474437,0
2.187210609200773,0.17837516627465275,0
2.1825302562695907,0.176598091132327,0
2.159129919856842,0.17440698739359728,0
2.224650576163895,0.17272132194563883,0
2.1836999874415848,0.170313564308395,0
2.2749618707485806,0.16755041803122125,0
2.469184377325762,0.16480888740898256,0
2.5885269499766883,0.1625083251016116,0
2.641177706905373,0.1598109940283538,0
2.649367253352559,0.15763118468499546,0
2.707868094384431,0.15608871295861312,0
2.7663689354163026,0.15441544686060876,0
3.055362518816473,0.15283208741503382,0
3.254265378324837,0.1511411447277034,0
3.3197874628750847,0.14897033677365254,0
3.151304755054651,0.14740598478347305,0
3.084612939332409,0.14577386291673614,0
3.152474486226656,0.1443713430299015,0
3.046003241197282,0.14297624109532445,0
2.975802231959036,0.1420902874949982,0
3.089293292263602,0.140589644353751,0
3.053023056472474,0.13897867939795594,0
3.167685276192218,0.13746684780017981,0
3.1396045868482765,0.13615182991234773,0
3.126734687469908,0.13458133338295133,0
3.2355453948432813,0.13330534518253653,0
3.311596488184714,0.1318670037063779,0
3.3782883039069564,0.1304212080028688,0
3.28936588294396,0.12891095569070393,0
3.296387126462336,0.12751622336894466,0
3.456678859592389,0.12567213622081996,0
3.4496590443171966,0.12384814985929152,0
3.382967228594955,0.1220258921713842,0
3.069403577610031,0.120517677518659,0
3.155985107985844,0.11856665021598792,0
3.2413954789464685,0.11665280827347543,0
3.2823460676687786,0.11451211363306885,0
3.3537168080790187,0.11278830463345818,0
3.247245563049656,0.11104513258855109,0
3.2683064371183943,0.10932956422119124,0
3.358397161010212,0.10731628135671074,0
3.4473181537300137,0.10514091358947339,0
3.649731634997565,0.10359347815934597,0
3.737482896545373,0.1023115709771473,0
3.8439541415747462,0.10085032894045162,0
4.171558851353228,0.09925641699644674,0
4.4968240987877,0.09750070184493309,0
4.198469809525155,0.09604558612584918,0
4.117738363252539,0.09505746000455455,0
4.117738363252539,0.09368082709767929,0
3.229695310740094,0.09213556550958514,0
3.5596409111057588,0.0898592840620043,0
4.142308430837293,0.08803819423431929,0
4.130608262630918,0.08628658523446617,0
4.426623089549454,0.08404839937334914,0
4.478104115306144,0.0818891746570721,0
4.5213941663724535,0.07957561359974101,0
4.341211290345656,0.07766612314058262,0
4.134118884390095,0.07524394092119745,0
3.5245404064866355,0.07286321222260816,0
2.663406883902933,0.07014235130806193,0
2.314742728298885,0.06688520535848205,0
2.771049288347485,0.06338686246395397,0
2.2141215673727097,0.06025726374805508,0
2.229330929095088,0.05711921847730462,0
2.292512123058142,0.05468383560885415,0
3.263626084187212,0.05247875531275001,0
4.354081189724025,0.05028743506010234,0
4.027647639360732,0.048534258654351806,0
4.235909776488287,0.046715328506545015,0
3.9293659407785446,0.04466235814839409,0
3.907135335537801,0.042971405465217334,0
3.455509128420384,0.041270829923599366,0
3.394667396801329,0.0396170321954492,0
3.95042538660411,0.037961917503664885,0
4.044026732255105,0.036690741394195786,0
4.55064458688839,0.03526223120866783,0
4.407903106067899,0.03413895408081343,0
4.41492292134308,0.03281891784170282,0
5.243293973408475,0.031407945582477725,0
5.343916562577846,0.030248808173963842,0
5.483147421639149,0.02914154596780847,0
5.137992459551106,0.02829338810238474,0
5.058432172693668,0.027399074746327037,0
4.693386067708881,0.026521072593094178,0
4.838468439116566,0.025377947093363766,0
4.564684217438763,0.024244417616453646,0
5.155542711860667,0.02316646932170177,0
5.209364628204541,0.02216780024239149,0
5.094702408484796,0.021494161362896416,0
4.958980742939486,0.02046600176848441,0
4.94260022180193,0.019622819965049335,0
4.859529313185305,0.01870238045944654,0
4.634885226677009,0.01790671712524207,0
4.75539753049994,0.017245943128400547,0
4.900479901907615,0.016712073539355787,0
4.871229481391679,0.016115099413582985,0
4.634885226677009,0.01573114352867003,0
5.074812693831236,0.015307504404575657,0
4.9355804065267375,0.014856328413359342,0
4.764758236362316,0.014232173873017897,0
4.871229481391679,0.013636387763104973,0
4.982381079352235,0.012976740738481334,0
5.265524578649229,0.01247251021404429,0
5.4445377235040215,0.012061130524033806,0
5.191814375894979,0.01178219249711726,0
5.33689531905947,0.011393999389345743,0
5.4117766812289085,0.011071129911374107,0
5.059601903865674,0.010699558920085785,0
5.22457398992692,0.010353900093277395,0
4.875909834322872,0.009970890880643948,0
4.940260759457931,0.009648891431213861,0
4.975361264077054,0.009325907922848495,0
5.251484948098845,0.008914734372597375,0
5.262015385133225,0.008486273133568792,0
5.114592123138357,0.008139333414107231,0
4.794008656878251,0.007818593132927638,0
5.040881920384107,0.0075437925192229005,0
4.541283881026015,0.007275826326673849,0
4.799858740981438,0.006854827888217162,0
4.991740356971427,0.0065828174935110215,0
4.975361264077054,0.0063439195869588625,0
5.194153838238979,0.006073216558052545,0
5.162563955379043,0.005888340165516826,0
5.057262441521674,0.005718285148982236,0
5.166073148895047,0.005515227294877148,0
5.161392795963854,0.005358957870283525,0
5.109913198450359,0.005119253136103943,0
5.356786461956214,0.004951277085958053,0
5.483147421639149,0.004761766653191689,0
5.663330297665957,0.004651207583493575,0
5.589620094911707,0.004613779165795405,0
5.546328615602214,0.004544236031119305,0
5.66801065059714,0.004437188524608655,0
5.694921608769076,0.004442630973227062,0
5.907864098827813,0.004357025594416607,0
5.676200197044325,0.004355557005224962,0
5.802562584970444,0.004220194177684641,0
5.855213341899129,0.004160576698271097,0
6.03890541144193,0.00417612399316606,0
6.171117883471236,0.0042587283485894965,0
5.980404570410058,0.00434585534881789,0
5.968704402203684,0.004537606051816594,0
6.118467126542551,0.004592812548965355,0
6.113786773611369,0.004512648540264567,0
6.123147479473733,0.004543441663330578,0
5.974554486306871,0.004604633457694639,0
6.086877243682616,0.004544097749333153,0
6.175798236402418,0.004466957907667553,0
6.485852693871338,0.004506369163101555,0
6.739745772652396,0.004624462933361995,0
7.032249977811754,0.0046813620473205135,0
7.128192214049933,0.004920861182572908,0
7.522487311307472,0.005035945193692603,0
7.682779044437525,0.005207546225790823,0
7.785741095950895,0.0052504202708138015,0
7.654699783336778,0.005468532969835522,0
7.894553231567452,0.005608469604176427,0
7.931993198530574,0.005824519549583435,0
8.343838548097676,0.0060446369968379385,0
8.693673863116912,0.006220851983479232,0
8.93235758017558,0.006467805363092561,0
8.44797033078305,0.006745751112093798,0
8.615283307431469,0.006917486084336449,0
7.5412072947890385,0.007246557320742471,0
7.568118252960964,0.007298148336415942,0
7.823181062914017,0.007205926341205766,0
7.592688320545718,0.007187154540132837,0
8.154296394451686,0.007268642515110424,0
8.32277910227211,0.007431645837263276,0
7.846581399326766,0.007686832308995514,0
7.555248353582596,0.007910963151412933,0
7.564607631201787,0.008016373363345541,0
7.483876184929161,0.00819392223975121,0
7.29784465304236,0.008390986139359511,0
7.635978371612027,0.008762127915715007,0
7.412505444518921,0.00891486963144175,0
7.9156126773930175,0.008958027880773165,0
7.95071318201214,0.009181570363995311,0
7.957732997287322,0.009431428927916954,0
7.562268168857777,0.009741240306080694,0
7.482706453757166,0.009973584387195897,0
7.4394164026908465,0.01019764603491047,0
7.545887647720221,0.010372975369584729,0
7.682779044437525,0.010537806245499574,0
7.793930642398081,0.010809114071244694,0
7.602049026408093,0.011116763634452477,0
7.781060743019712,0.01150850299024158,0
7.818502138226019,0.01187405369271544,0
7.864131651636327,0.012093636564101977,0
7.627788825164841,0.012374176705258434,0
7.769360574813338,0.012665935739504607,0
7.173821727460241,0.012862167976864415,0
7.143401575772311,0.013162422899673705,0
6.690605637482889,0.013430465929782623,0
6.788887336065077,0.013761826028544135,0
6.6648644104829575,0.014099476153545622,0
6.841538092993761,0.014358695773753849,0
7.0930917094308095,0.014693318577871208,0
7.013529994330188,0.015017914680937753,0
7.258063795492045,0.015289257360179373,0
7.162121559253866,0.015566296275587348,0
7.306034199489547,0.01609023601177879,0
7.172651996288247,0.016886519615427795,0
6.967899052676696,0.01740061218457425,0
7.026399893708567,0.017934231894823332,0
7.387935376934167,0.018565192813293795,0
7.42303588155329,0.01922252798123322,0
7.0252301625365625,0.019953618532473596,0
7.17499288687543,0.020752026165106803,0
7.19722206387299,0.021420098339384002,0
7.169142802772242,0.022135888888146018,0
7.234663459079296,0.0227904126263793,0
7.2814641319047935,0.023562879518811405,0
7.447605949138044,0.024220127192223335,0
7.172651996288247,0.024762897887969825,0
7.183182433322616,0.025454567880869243,0
7.191371979769802,0.026095235556010583,0
7.262744148423237,0.02673165684330883,0
6.881317522300883,0.027670696982457263,0
6.757296024961958,0.028282776167446913,0
6.89535858109444,0.02907102773089347,0
7.047460767777307,0.029587538548980535,0
7.259233526664049,0.030485513221076142,0
7.096600902946814,0.03152355938067934,0
7.689800287955901,0.03227478566531233,0
7.748301128987772,0.03312896514798463,0
6.612213653554273,0.03408667740949552,0
6.871958244681691,0.03476855851955082,0
6.69996491510208,0.03543335800272959,0
6.839197202406578,0.03609880174693444,0
6.992469120261439,0.036740223026176834,0
7.011190531986189,0.03750238138749702,0
6.978429489711065,0.03813905331329352,0
6.849727639440948,0.03868632371243069,0
6.704645268033273,0.03937084980318451,0
6.839197202406578,0.03979807913845131,0
6.43203220577066,0.040190541630301294,0
6.045926654960306,0.04070920324365406,0
6.056455663751492,0.040807535904000054,0
5.77799251738569,0.04097761286922556,0
5.7054506175602615,0.04105961776023617,0
6.154737362333679,0.04127927518259577,0
6.2904590278789785,0.0412642163607764,0
6.420332037564285,0.041682044196693316,0
6.409801600529905,0.04217806365138514,0
6.712836242723643,0.04268695130980148,0
6.818137756581012,0.04297709645382373,0
6.394590810564353,0.043541795290844204,0
6.382890642357979,0.04377954617289007,0
6.455432542183408,0.04382377916028138,0
6.325559532498101,0.043769319660368844,0
6.601684644763087,0.0438993628617291,0
6.646144427001401,0.04402339665978694,0
7.0100193725710005,0.044045895191847255,0
6.992469120261439,0.044556816323100004,0
6.916418026920005,0.044761521760643554,0
6.768996193168332,0.04479569893161687,0
6.863767269991321,0.04456918629275854,0
6.924609001610376,0.044020078023381135,0
6.893017690507257,0.04399383248195386,0
6.922268111023192,0.04387935227313285,0
7.054480583052499,0.043902791720606564,0
7.079050650637252,0.04385537585838346,0
7.682779044437525,0.043691874938949736,0
7.776380390088519,0.043750777013142644,0
7.240513543182483,0.043675176586243994,0
7.303694737145547,0.043433050152695635,0
6.388740726461166,0.04313477920696313,0
6.570093333659968,0.042683335901811316,0
6.491702777974525,0.0423530794993164,0
6.616894006485466,0.04191330300360927,0
6.578284308350338,0.04150619104867203,0
6.332580776016477,0.04110446341081804,0
6.45192192042422,0.04049809555781225,0
6.760806646721135,0.03994844988531576,0
6.753786831445954,0.03953631052166672,0
6.641464074070209,0.03929324867456288,0
6.632104796451017,0.039174199578893794,0
6.5829632330383365,0.03934307662854807,0
6.515103114387274,0.03957411634864808,0
6.433201936942654,0.0396262406977379,0
6.543183803731216,0.03965073794176221,0
6.701136074517269,0.039790589201730564,0
6.346620406566851,0.03995775456921703,0
6.366510121220411,0.040059816795498394,0
5.859893694830311,0.04038270489186976,0
6.117297395370546,0.040439557774656146,0
6.363000927704407,0.040465789531708145,0
6.402781785254724,0.04053382250846305,0
6.464791819802599,0.040582186076359626,0
6.281099750259787,0.04066738491230037,0
6.242488623881487,0.040507598835300015,0
5.95700423399731,0.04048089812310486,0
5.651630129459583,0.04042709735165918,0
5.678541087631508,0.04016162635858784,0
5.70662177697545,0.03999419539253333,0
6.068155831957866,0.03967244819897279,0
6.041246302029113,0.03944600129351018,0
5.947644956378118,0.0392533559994067,0
5.690241255837883,0.03902146931681963,0
5.148522896585486,0.038798270500188164,0
5.083002240278422,0.03857333260291416,0
5.207023737617358,0.038289160760907257,0
4.998761600489803,0.03782813607031552,0
4.822087917978998,0.03761158694336497,0
4.796348119222251,0.037246514128011304,0
4.558834133335576,0.03686481545327804,0
5.013970962212181,0.03637631029746526,0
5.071302072072048,0.03602064503254313,0
5.080662777934423,0.035689192972706056,0
5.047901735659299,0.035310734256469835,0
5.157883602447851,0.03500272432820201,0
5.177773317101422,0.034825677522009296,0
5.133313534863108,0.03457641808904141,0
5.196493300582977,0.034872885672745754,0
5.304135705027529,0.03511234498116947,0
5.262015385133225,0.03507914331732442,0
5.10874203903517,0.03502950928733627,0
5.204684275273348,0.03500563882994755,0
5.111082929622353,0.03488189008303518,0
5.196493300582977,0.034695611992034636,0
4.961320205283497,0.034652195849554215,0
4.631376033161005,0.0347370637505311,0
4.981211348180241,0.03446871953735648,0
5.129802913103919,0.034223971270697866,0
5.1356529972071066,0.03402370536077365,0
5.305305436199535,0.033870882135296154,0
5.288924915061978,0.03379536745904146,0
5.484318581054338,0.03370756579689257,0
5.326366310268284,0.03369352254504461,0
5.184793132376603,0.03351547118514832,0
5.3602956554722185,0.03319074935501327,0
5.228084611686096,0.033027338470037276,0
5.584939741980514,0.032695898954856195,0
5.744061743938572,0.03250337864287112,0
5.631740414806012,0.032623367913163025,0
5.724172029285012,0.032575222676694625,0
5.899674552380627,0.03272503927681354,0
5.76980154269532,0.03307606917115803,0
5.720661407525824,0.03311551538342415,0
5.746401206282571,0.033005230956394356,0
5.732361575732198,0.03318821775498021,0
5.676200197044325,0.033263494236757174,0
5.616529624840459,0.03345650534054739,0
5.607170347221269,0.03350289570159039,0
5.889144115346246,0.0335902425260857,0
5.70662177697545,0.033895142907511736,0
5.803732316142449,0.03419613975914962,0
6.171117883471236,0.03436266689147801,0
6.353640221842043,0.034869665851895715,0
6.428521584011471,0.0352917857637063,0
6.409801600529905,0.035527461726200374,0
6.254188792087861,0.03581587898341713,0
6.2682298508814185,0.036260513357881684,0
6.433201936942654,0.03652291957029583,0
6.779526630202701,0.03686910635050521,0
6.78303725196189,0.03747098825347447,0
6.940989522747943,0.03797377365734232,0
6.94683960685113,0.03851194191656279,0
6.88716760640407,0.03914651788978382,0
6.97959922088307,0.039637007619940656,0
7.137551491669123,0.039967879951674605,0
7.17499288687543,0.04044713178365479,0
7.109470802325182,0.04113171615028181,0
7.189032517425804,0.04179655485284883,0
7.193712870356985,0.042433514949735976,0
7.247533358457675,0.04282995506990173,0
6.8228166812690105,0.043231926232129264,0
7.0404409525021245,0.04341075608728289,0
7.1223421299467455,0.04378229042732155,0
7.068520213602872,0.044260172249858114,0
7.080220381809246,0.044647127257978626,0
7.091920550015621,0.0451069946566187,0
6.89535858109444,0.04550169362860865,0
6.738576041480391,0.045789944159706115,0
6.627424443519835,0.04614304670529937,0
6.685925284551707,0.04636595517139562,0
5.6832214405627015,0.04633873082012455,0
5.61419016249645,0.04594489818088677,0
5.776822786213696,0.045639848571782916,0
5.712471861078638,0.04541255479306528,0
5.782672870316883,0.04503841564443023,0
5.704280886388267,0.044580849441584636,0
5.715981054594641,0.04414023214908814,0
5.751081559213764,0.043588550143768286,0
5.554519590292584,0.04297575159130356,0
5.648120935943578,0.04259339228581632,0
5.707791508147444,0.04214729015225997,0
5.786182063832888,0.041959216486183754,0
5.913714182931,0.04186498542646105,0
6.007315528581995,0.041955802207328495,0
5.985084923341251,0.04207839073337969,0
6.106766958336177,0.04226313381999673,0
6.054116201407492,0.04229014769232421,0
6.099747143060985,0.04229484790392039,0
6.274079934984606,0.04253804968323824,0
6.3220503389820975,0.042912977690471234,0
6.159417715264861,0.042984080178748475,0
6.091556168370614,0.0430678161780182,0
6.117297395370546,0.04312399811532993,0
6.023696049719551,0.04329450359054091,0
6.048266117304305,0.043403682402973834,0
6.00614579740999,0.04352566567987645,0
5.974554486306871,0.043551591707904916,0
5.983915192169246,0.043687616702940926,0
5.983915192169246,0.043863554796350734,0
6.354809953014037,0.0438592564833311,0
6.137187110024118,0.04397622228886833,0
6.201538035159176,0.04413515423853762,0
6.107936689508182,0.044147931788907586,0
6.112617042439364,0.043889775634177786,0
6.04943584847631,0.04380695168734442,0
5.52175854801746,0.04367772511508004,0
5.093532677312791,0.043434168327229454,0
5.156713871275856,0.042993615602240055,0
5.409437218884898,0.04266003888981536,0
5.393056697747342,0.04250698111049677,0
5.699600533457074,0.04224829488583484,0
5.836493358417562,0.04202296838994429,0
5.814262753176818,0.04191801346993632,0
5.774481895626513,0.041773161113419305,0
5.7581013744889455,0.04153433743465267,0
5.767462080351321,0.041271966837456035,0
6.027205243235556,0.04098126924621441,0
6.055285932579497,0.0408504843404934,0
5.85170272013994,0.040880459470471114,0
5.898503392965438,0.04058888208925873,0
6.183987782849615,0.04028500371392841,0
6.095066790129803,0.04008562685543093,0
6.165267799368048,0.03988569403504299,0
6.143037194127305,0.03968040090694784,0
6.091556168370614,0.039439133975907134,0
6.351300759498033,0.039255743274320604,0
5.941794872274931,0.03951249460319573,0
5.880953140655876,0.0397162723401406,0
5.959345124584493,0.03958041302273458,0
5.868083241277508,0.0395107578772263,0
5.896163930621439,0.03943046337512469,0
6.044755495545117,0.03923343511322055,0
5.900844283552621,0.03906557086071459,0
5.458577354054406,0.03906123605073445,0
5.397737050678525,0.038730583551528024,0
5.542819422086209,0.0382938794035095,0
5.708961239319449,0.03803998722136867,0
5.717150785766636,0.03758887264962376,0
5.377845907781779,0.03708036104756783,0
5.401246244194528,0.036464799816486676,0
5.404756865953717,0.03605041512130968,0
5.238615048720477,0.03535479106559473,0
5.071302072072048,0.03474966360131755,0
5.466768328744776,0.03427948103078138,0
5.486658043398337,0.033436671794631966,0
5.594299019599705,0.03265127990373787,0
5.5170781950862775,0.03215100924029902,0
5.527608632120647,0.031587464979053674,0
5.4971884804327065,0.030810026564955146,0
5.478468496951151,0.030152725434281304,0
5.458577354054406,0.029529217379476533,0
5.501868833363899,0.028636440040989294,0
5.916053645274999,0.0276357425765309,0
5.951154149894123,0.026567252326902182,0
5.60599918780608,0.025502264607999686,0
5.5779199267053325,0.024581866312325888,0
5.635249608322015,0.023727210980468035,0
5.803732316142449,0.02283313576714996,0
5.76980154269532,0.0222692743224145,0
5.937114519343749,0.021695864420894776,0
6.059966285510679,0.021123791886590703,0
5.904353477068625,0.020576782963876477,0
5.96519520868768,0.019898869815519186,0
6.008485259754,0.01945086127087768,0
5.790862416764069,0.0189172585790622,0
5.932434166412567,0.018245073307705254,0
5.857552804243127,0.017628043786557395,0
5.563878867911775,0.017099266301183722,0
5.907864098827813,0.01663250583551674,0
6.181648320505605,0.016132999530950997,0
6.310350170775723,0.015659007601962566,0
6.343109784807663,0.015303017013845947,0
6.546692997247219,0.01499120082721374,0
6.729215335618016,0.01475925723414194,0
6.784206983133884,0.014471400924523332,0
6.763146109065144,0.014199793014435903,0
6.616894006485466,0.013838162347589205,0
6.805266428959449,0.01340415914061123,0
6.703475536861268,0.013028202209050896,0
6.588813317141524,0.012558520701587425,0
6.059966285510679,0.012200401494259789,0
5.796712500867256,0.011604616641274632,0
5.803732316142449,0.01104560404541043,0
5.817773374936007,0.01061885923228369,0
5.782672870316883,0.010127562220919267,0
5.680880549975519,0.009817737908037616,0
5.774481895626513,0.009544636474663994,0
5.529948094464646,0.009273545424663314,0
5.779162248557696,0.009066675329118777,0
5.726511491629011,0.008810648108925513,0
5.786182063832888,0.008562271364786458,0
5.795542769695252,0.008366886944991006,0
5.692580718181893,0.00820352452664554,0
5.7896926855920645,0.007983983860160365,0
5.829473543142381,0.007802014263686624,0
5.643440583012385,0.007635529879497313,0
5.552178699705401,0.007458969140901958,0
5.949984418722128,0.007382449746998963,0
6.034226486753932,0.00731482969001189,0
5.916053645274999,0.007240003954130744,0
5.848193526623937,0.007373817850610778,0
6.008485259754,0.007373310207438966,0
6.12080658888655,0.007343479570681296,0
6.084536353095433,0.0074028085197981605,0
6.109106420680176,0.007445080095508934,0
6.04943584847631,0.0074030703702667585,0
6.138356841196112,0.007341814227280443,0
6.311519901947728,0.007260009701435319,0
5.982745460997242,0.007279415683976179,0
6.153567631161674,0.00735262534020829,0
6.27758912850061,0.007368106072940637,0
5.857552804243127,0.007326943467446164,0
5.95466477165331,0.007237710507253853,0
5.971045292790867,0.007235741984894775,0
6.2073881192623634,0.007285569731022785,0
6.30800928018854,0.007343144861920838,0
6.2378082709502936,0.0073401112826784265,0
6.18281805167761,0.00745249102714989,0
6.1336779165081134,0.0074934461216781215,0
6.494042240318535,0.007359672569207616,0
6.487022425043343,0.007422669018651885,0
6.361831196532413,0.007518075083935213,0
6.477661719180968,0.007587452814507091,0
6.606363569451085,0.007647460891099931,0
6.339600591291659,0.007749026732112284,0
5.911374720587001,0.007827678782177027,0
5.813093022004813,0.007819091262606378,0
5.9312644352405615,0.00787951855750468,0
5.993275898031621,0.007954444265315783,0
6.097406252473801,0.008020377512667856,0
6.024865780891556,0.007985139139263166,0
6.066986100785871,0.007972613985237088,0
6.230788455675112,0.008166987426274322,0
6.300989464913358,0.008344584422731538,0
6.401610625839535,0.00846898017540333,0
6.413310794045909,0.008718916140890928,0
6.467132710389782,0.009063198160145476,0
6.7853767143058885,0.00938529180621546,0
6.630935065279023,0.00983513070452493,0
6.811116513062636,0.010256610385104855,0
7.1679716433570535,0.010690871055610646,0
7.143401575772311,0.0112389548719782,0
7.231152837320119,0.011924044580408986,0
7.267423073111235,0.012574730593412005,0
7.453456033241231,0.013117675665203462,0
7.001829826123814,0.01389250123456341,0
7.152762281634676,0.014485852014122625,0
7.655869514508772,0.015045585484626617,0
7.404315898071724,0.015763226776005515,0
7.562268168857777,0.016474610600203783,0
7.921462761496205,0.017247610914674614,0
8.25842817713705,0.01812391959147248,0
8.79897537697428,0.018964083514788406,0
8.164826831486057,0.019781960538462564,0
8.307568312306557,0.020543549031828385,0
8.12738543627975,0.021316208888175172,0
7.857111836361145,0.02205313751488357,0
7.493236890791536,0.02273450604171139,0
7.253383442560862,0.023290311825251427,0
7.652358892749595,0.023767472024552257,0
7.4897262690323485,0.02430962855254472,0
7.494406621963541,0.024929781923764594,0
7.40197500748454,0.0253999486259897,0
7.588007967614535,0.025883207117249042,0
7.880512172773894,0.026495178672933755,0
7.789251717710083,0.027223627293948116,0
7.623108472233659,0.027993498380574494,0
7.30018411538636,0.028797705964587965,0
7.551737731823408,0.02960320942688861,0
7.73542980136621,0.030236847329961188,0
7.383255024002985,0.03109081596151183,0
7.501426437238722,0.03179455237289418,0
7.427716234484472,0.03257201996758639,0
7.375065477555788,0.03322991409115681,0
7.555248353582596,0.03416492279181187,0
7.646508808646407,0.03515932430920825,0
7.678100119749526,0.03622738315516135,0
8.003363938940824,0.037297781968435105,0
8.107495721626188,0.03850723022109362,0
7.989324308390441,0.0398827631230857,0
8.129726326866933,0.04101921216827717,0
7.811480894707643,0.0423271774880326,0
7.771701465400521,0.04342823784656519,0
7.685119935024708,0.04456273757463641,0
7.522487311307472,0.045700462184777586,0
7.080220381809246,0.04710658444855178,0
7.176162618047424,0.04823966090653321,0
6.994810010848622,0.049576832467594985,0
7.027569624880562,0.05063232740698589,0
7.268594232526424,0.05203384719791156,0
6.712836242723643,0.053269404071999066,0
6.794737420168263,0.05463893936686867,0
6.773676546099514,0.05606882211569236,0
6.855577723544134,0.05755175686044932,0
6.939818363332754,0.05869632290442326,0
6.657844595207775,0.0599499020892253,0
6.4566022733554025,0.061157099010076474,0
6.605193838279091,0.061942624302905355,0
6.2682298508814185,0.06265550434781815,0
6.076346806648236,0.06348089552910195,0
6.147717547058487,0.06423461246132914,0
6.20270776633117,0.06479199799670342,0
6.175798236402418,0.06588942129466228,0
6.47181163507778,0.0669620151595731,0
6.478832878596156,0.06806632226831583,0
6.549033887834403,0.06906034342300683,0
6.751445940858771,0.07029897396794094,0
6.5303124761096525,0.07144032998182491,0
6.54435353490321,0.07285263482097198,0
6.589984476556713,0.07448020946668349,0
6.489361887387342,0.07585617887542406,0
6.496383130905718,0.07687565583097009,0
6.767826461996327,0.07811188284928956,0
6.520953198490461,0.07950588999686703,0
6.448411298665032,0.08060324367321174,0
6.545523266075215,0.08158236958945368,0
6.597004291831894,0.08310326128370989,0
6.5607340560407765,0.08467084629312978,0
6.826327303028199,0.08602399417473272,0
6.317369986050915,0.08750623846386694,0
6.10091687423299,0.08898417227997923,0
6.168778421127237,0.08976011073331142,0
6.524462392006465,0.09053625879423877,0
6.406290978770728,0.09148158708622704,0
6.394590810564353,0.0923065070856146,0
6.391081617048349,0.09279117452490755,0
6.2904590278789785,0.09343579852169752,0
6.299819733741353,0.09380495647208936,0
6.234299077434289,0.09426053182526263,0
6.194518219883984,0.09442510676811244,0
6.150057009402486,0.0946620002335826,0
6.037735680269936,0.09508536969871267,0
5.976895376894055,0.09558796626941886,0
5.542819422086209,0.09601299558227892,0
5.228084611686096,0.09591673078761968,0
5.26318511630522,0.09602868788401506,0
5.294774999165165,0.09585057712646965,0
5.17075350182623,0.09553103836199806,0
5.092362946140797,0.09527232162349905,0
5.219893636995726,0.09457373172793457,0
4.872399212563684,0.09363595476542007,0
4.84782914497893,0.09313177105621896,0
4.927389431836367,0.09274834732213627,0
4.936750137698743,0.0923238118094349,0
4.813898371531812,0.09165286194072654,0
4.968340020558678,0.09092605585578951,0
5.136822728379111,0.09049147819187489,0
5.042051651556112,0.08987725467073347,0
5.026840861590549,0.08906948410531565,0
5.043221382728117,0.08848981896386474,0
5.408267487712904,0.08809653731737986,0
5.555689321464578,0.08747758131147584,0
5.627060061874829,0.08702228465256531,0
5.651630129459583,0.08658667577769266,0
5.498358211604711,0.08627700128678968,0
5.855213341899129,0.08562548437862313,0
5.672691003528321,0.08514463320525002,0
5.835323627245568,0.08450819350822839,0
5.919564267034187,0.08403021060854374,0
5.938284250515753,0.08326991530115412,0
5.869252972449502,0.08276311896610716,0
5.973384755134877,0.08190342095499883,0
5.772142433282503,0.0810692697941428,0
5.676200197044325,0.08006108283542718,0
5.525269169776648,0.07896072196256548,0
5.466768328744776,0.077658216695559,0
5.376676176609785,0.0764758407544497,0
5.217554174651727,0.07512212771501697,0
5.367316898990595,0.07372636057272389,0
5.379017067196968,0.0722016290120836,0
5.494847589845523,0.07086479895630363,0
5.24212424223648,0.06940012575543861,0
5.247974326339667,0.06788114558131217,0
5.0911917867256085,0.06620383368382961,0
4.969511179973867,0.06473517058304772,0
4.779967598084694,0.06291250511962666,0
4.934410675354743,0.061234030869586585,0
4.824428808566181,0.059846420485654,0
4.998761600489803,0.05827275216116973,0
4.913349801285994,0.05671722113407436,0
5.009290609280988,0.05511827369023765,0
5.148522896585486,0.05356765283478909,0
4.878249296666871,0.05232894926506623,0
4.778797866912689,0.051479882876593656,0
4.41492292134308,0.05032395049853458,0
4.48863312409733,0.04885751499685015,0
4.424282198962271,0.047575550219699454,0
4.348231105620838,0.04645248944335254,0
4.405562215480715,0.04532147863000418,0
4.478104115306144,0.04410759681750077,0
4.179749826043599,0.043208424531872305,0
3.9223461255033634,0.04228512772962405,0
3.962125554810485,0.04124913351369943,0
4.356422080311208,0.04025048661160536,0
4.334191475070464,0.03960232348426001,0
4.379822416723957,0.03887696247742696,0
4.736677547018374,0.038267810694618744,0
5.066621719140866,0.037676175959403924,0
4.953130658836299,0.037085238080008937,0
4.956639852352303,0.03657036881881103,0
4.825598539738187,0.036045398482025565,0
4.437153526583834,0.035436697901780195,0
4.57053430154195,0.03460894022355909,0
4.472254031202957,0.03407258984783187,0
4.4687434094437695,0.03347481273053073,0
4.1376280779061,0.032901691760667685,0
4.316641222760903,0.03212678837866716,0
4.223039877109908,0.031035763252244258,0
3.97148626067286,0.030035071525936978,0
4.010097387051171,0.028908375922896433,0
4.246440213522657,0.027838422886092198,0
4.21952925535072,0.026719360533260437,0
4.267501087591406,0.025574452327515172,0
4.398542400205523,0.024451476136560478,0
4.359931273827212,0.023457613131913215,0
4.113058010321357,0.022330800999037764,0
4.069767959255037,0.02126198600955204,0
4.1762392042844105,0.020229257127384687,0
4.184428750731597,0.01911989123130599,0
3.9691467983288606,0.018332424838768638,0
4.497993829959705,0.017438726244541826,0
4.544794502785202,0.016520986794931213,0
4.961320205283497,0.015552710890333088,0
4.937919868870748,0.014607813389822666,0
5.408267487712904,0.013801548840656333,0
5.591959557255706,0.013047282053330564,0
5.680880549975519,0.012382667645624084,0
5.6832214405627015,0.01173240433339778,0
5.673860734700326,0.011127269528391217,0
5.531119253879835,0.010391256760446669,0
5.42698747119446,0.009710745015777813,0
5.2573350322020325,0.009099536100000928,0
5.267865469236412,0.008544126470921986,0
5.34508629374984,0.007980216170954454,0
5.443367992332028,0.007472369462133183,0
5.288924915061978,0.006943158493347017,0
5.38603688247215,0.00654083600570604,0
5.357956193128219,0.006194262697252554,0
6.002635175650813,0.005692954127326524,0
5.941794872274931,0.005318508170862619,0
5.608340078393263,0.004995426770429183,0
5.630570683634017,0.004673874043710558,0
5.820112837280005,0.004335286294155499,0
5.857552804243127,0.004025564850966131,0
5.967534671031689,0.0036755601329017664,0
5.761611996248134,0.0033366618433648032,0
6.152397899989669,0.0029839080923384233,0
6.077516537820241,0.002720142731877331,0
5.723000869869823,0.002459069327290555,0
5.87276359420869,0.002187387811028533,0
5.845852636036754,0.0019703142258890266,0
6.175798236402418,0.001698094929691275,0
6.175798236402418,0.0014879045140605638,0
5.837663089589567,0.0013506210485999585,0
5.941794872274931,0.0012349932237479965,0
6.1629283370240495,0.0010820846128949714,0
6.082196890751424,0.0009395303227642567,0
6.217918556296733,0.0008428544318186569,0
6.220258018640732,0.0007477594699107895,0
6.454261382768219,0.0006758356800268328,0
6.607534728866274,0.0005971720083922756,0
6.396931701151536,0.0005119063972504987,0
6.74091550382439,0.00044920445004006856,0
6.840366933578572,0.00040828131501056383,0
6.827497034200204,0.00037485581966990915,0
6.862597538819327,0.0003265352748156582,0
7.107131339981183,0.00027973419668024193,0
7.375065477555788,0.00025255309707018553,0
7.244022736698487,0.0002227305460085684,0
7.211263122666547,0.0001976610088420254,0
7.418355528622108,0.00017416504159226722,0
7.4686668232067825,0.0001755742499140156,0
7.476856369653979,0.0001561954421304663,0
7.55641808475459,0.00013939811613959888,0
7.641828455715214,0.00013160332961529493,0
7.500256706066728,0.00012124067095011804,0
7.494406621963541,0.00012269482441296464,0
7.427716234484472,0.00011913651540382253,0
7.5049370589979105,0.00012880575924256548,0
7.48504734434435,0.00012846588546102405,0
7.350495409971045,0.00012990425173362092,0
6.725706142102012,0.00015249067099169184,0
6.764315840237139,0.00014782020300819956,0
6.828666765372198,0.00013608862927598736,0
6.89535858109444,0.00012499737553172053,0
6.764315840237139,0.00012590916144224475,0
6.724536410930018,0.00011959669657130046,0
6.597004291831894,0.00012304469584477096,0
6.621574359416647,0.00011797080471759282,0
6.38991045763316,0.0001014506232141219,0
6.481172340940156,7.759524706848278e-05,0
6.46245235745859,6.665342835940836e-05,0
6.375870827082787,5.358119629591502e-05,0
6.364170658876413,3.4727565346192523e-05,0
6.200368303987172,1.8781847601426842e-05,0
6.092727327785803,6.194868174674297e-06,0
6.188668135780797,-7.093057661530559e-06,0
6.327900423085285,-1.6133403286549185e-05,0
6.430861046355471,-2.1134172729518752e-05,0
6.381720911185973,-2.677572617905959e-05,0
6.547862728419214,-3.7831527729495626e-05,0
6.550203619006397,-4.214784798900501e-05,0
6.152397899989669,-3.728941735030962e-05,0
6.138356841196112,-3.6129996333766953e-05,0
6.332580776016477,-4.518125418275056e-05,0
6.715175705067643,-4.95737152124095e-05,0
7.296673493627171,-4.1859004595083225e-05,0
7.232322568492113,-4.5188121758247814e-05,0
7.471006285550792,-5.361867981991843e-05,0
7.38208529283098,-5.68786666812093e-05,0
7.976454409012072,-7.982765525500863e-05,0
8.08643484755744,-7.903421279258386e-05,0
7.604388488752092,-8.924124931546623e-05,0
7.7073505402654625,-0.00010927941390982123,0
8.257258445965057,-0.0001190272027392581,0
8.120365621004568,-0.00011984848184373393,0
7.772871196572515,-0.00012789612888189648,0
8.006874560700002,-0.00013220681316581198,0
7.933162929702579,-0.00013790561145965894,0
8.099306175179002,-0.00014464149531333355,0
7.967093703149697,-0.00013955967463554815,0
8.141426495073308,-0.0001383268508215969,0
8.589542080431537,-0.00013379231462207596,0
8.574332718709158,-0.0001167228579324248,0
8.469031204851788,-9.634663477298139e-05,0
8.20226679844919,-7.943073411970551e-05,0
8.385960296235174,-6.711623077686261e-05,0
8.457331036645414,-5.115624760714997e-05,0
8.813016435767837,-2.735937737851573e-05,0
8.35553871630405,1.0296431731999932e-05,0
8.261937370653055,3.8070926670552047e-05,0
8.416380447923103,6.414547445964734e-05,0
8.273637538859429,9.568647773991168e-05,0
8.418719910267114,0.00012723750239488352,0
8.089945469316627,0.00016932862111210148,0
8.20226679844919,0.00020106326446859876,0
8.259597908309056,0.00023018390474077718,0
8.162485940898872,0.00026163189933750927,0
8.211627504311553,0.0002894584230570527,0
8.213966966655564,0.000310267120638546,0
8.13557641097012,0.00035112640175847376,0
8.497111894195731,0.00038705186696690497,0
8.664423442600976,0.00044566002259653604,0
8.89140699145327,0.0005112865233058578,0
8.533382129986848,0.0006135429834686894,0
8.637513912672222,0.0007267174693845318,0
8.753344435320777,0.0008622707549745384,0
8.686654047841719,0.0010167223660220283,0
8.501790818883729,0.001176735704969105,0
8.49945135653973,0.0013214029177568021,0
8.54040194526204,0.001498025460111277,0
8.19407725200199,0.0016809845966135187,0
8.103985099867002,0.001845545883674718,0
7.820841600570017,0.0019623841310703336,0
8.080584763454253,0.002029474647375114,0
8.034955250043943,0.0021661304721805057,0
8.006874560700002,0.0022306778218728323,0
7.894553231567452,0.002276297475111665,0
7.664059060955969,0.002339264802465064,0
7.675759229162343,0.002345704879497012,0
7.838391852879579,0.002299587877537342,0
7.90742313094582,0.0022929455666668265,0
8.072395217007067,0.002263110203279594,0
7.772871196572515,0.00225162247679571,0
7.838391852879579,0.0022361355980876772,0
7.926143114427386,0.0021748113230289335,0
7.659378708024776,0.002151010396398129,0
7.903912509186643,0.002087362743356829,0
7.8875319880490755,0.002053131240688912,0
7.806801970019644,0.0020354300084658803,0
7.681609313265531,0.002001650905711211,0
7.806801970019644,0.0019564671765577506,0
7.83605239053558,0.001921464924956017,0
7.843072205810762,0.0018874645759770867,0
7.575138068236156,0.0018808291248730525,0
7.549398269479409,0.0018409628461078765,0
7.308373661833546,0.0018418272745983307,0
7.383255024002985,0.001781986938052038,0
7.437075512103664,0.0017089691284371785,0
7.323584451799108,0.0016656433503388671,0
7.303694737145547,0.0015897137722110904,0
7.267423073111235,0.0015006830408564036,0
7.406655360415733,0.0014087367824166008,0
7.413675175690915,0.001335572802309043,0
7.389105108106172,0.0012545678952603223,0
7.261572989008049,0.0011841990805815884,0
7.4663259326196,0.0010943769585624323,0
7.452286302069226,0.0010028081068333178,0
7.52599793306666,0.0009153255234176363,0
7.81733097881083,0.0008240975361781988,0
7.852431483429953,0.0007394660486896167,0
7.862961920464333,0.0006767466315691085,0
7.772871196572515,0.0006316850868968198,0
8.063034511144691,0.0005783343685768427,0
8.06654513290388,0.000530675717943507,0
7.958904156702511,0.0004982019782371763,0
7.912103483877013,0.0004732641231039351,0
7.8653028110515155,0.00045416993761182914,0
7.8863622568770815,0.0004384596630472206,0
7.965923971977692,0.0003926609537137342,0
7.690970019127895,0.00035338451747036044,0
7.8664725422235104,0.0002977697297292975,0
7.984643955459258,0.00024308254050708252,0
7.635978371612027,0.0002101282173143891,0
7.5973686734769,0.00016418596848070952,0
7.534187479513847,0.00012167381927957482,0
7.623108472233659,8.217199299325133e-05,0
7.551737731823408,5.3635139831649044e-05,0
7.441755865034857,2.9703181671982776e-05,0
7.339964972936665,1.2857177523925042e-05,0
7.32826480473029,2.5831381481093873e-06,0
7.310714552420729,-5.8308169163954066e-08,0
7.283803594248803,4.462897815757143e-06,0
7.189032517425804,1.4955012910846534e-05,0
7.114151155256375,3.1297225341570404e-05,0
6.973749136779883,5.058974038006147e-05,0
6.997149473192632,8.84000037544272e-05,0
7.081391541224435,0.00012563628751803297,0
7.117661777015552,0.0001670394864110129,0
7.376235208727793,0.00021794165443641877,0
7.372724586968605,0.0002656617628540541,0
7.28965367835199,0.0003185579797748878,0
7.369215393452601,0.0003755221512406143,0
7.586838236442531,0.00044109516585020105,0
7.678100119749526,0.0005069307980045963,0
7.606727951096092,0.0005577088689631392,0
7.6254493628208415,0.0006104262405673071,0
7.4663259326196,0.0006697249253085441,0
7.37155485579661,0.0007190425760175307,0
7.364535040521418,0.0008053762947344157,0
7.375065477555788,0.0009284428555983206,0
7.432396587415665,0.0010275147389352192,0
7.291994568939173,0.0010958541007887396,0
7.266253341939241,0.0011833847669604812,0
7.276783778973611,0.0012769296163964814,0
7.437075512103664,0.0013680585441295783,0
7.528337395410659,0.0014390817294939822,0
7.534187479513847,0.0014898392937819748,0
7.693309481471905,0.00155958582148676,0
7.384424755174979,0.0016266588266748594,0
7.456966655000408,0.0017010700096036122,0
7.354004603487048,0.0017490067009419288,0
7.16446244984105,0.0018663380888759957,0
6.827497034200204,0.0019724562168104503,0
6.6964557215860765,0.0021347704259407512,0
6.552543081350406,0.0023250551335988055,0
6.340770322463664,0.0025172624163337966,0
6.27758912850061,0.0027451535829210224,0
6.206218388090359,0.0030179448860000358,0
6.183987782849615,0.0032857776712104892,0
6.343109784807663,0.003492232400836304,0
6.568923602487963,0.0037679902415726726,0
6.703475536861268,0.004145659357104118,0
6.841538092993761,0.004554432000150918,0
6.8005875042714505,0.0049801628179309936,0
7.480366991413157,0.005371676587948146,0
7.406655360415733,0.005698491048730402,0
7.425375343897289,0.006156288921609104,0
7.806801970019644,0.006660479814627773,0
7.960073887874505,0.0071085395858090815,0
8.12504597393575,0.0074916288731659885,0
8.052505502353505,0.007816778627697762,0
8.037294712387943,0.00821469124151606,0
8.143765957417317,0.00863765842544778,0
8.180036193208434,0.009095570377580972,0
8.196416714346002,0.0095913183388578,0
8.285337707065803,0.01003366365349223,0
8.156635856795685,0.010558003141907265,0
8.08175592286944,0.011228240062061755,0
8.161316209726879,0.011886782127251007,0
8.23034748779312,0.012517048791283793,0
8.114515536901381,0.013346219509430258,0
7.941353904392949,0.01421513161195992,0
7.762340759538146,0.015203634540549057,0
7.910932324461824,0.016353905249549782,0
7.5412072947890385,0.017494458885820574,0
7.6921397502999,0.018864943859176305,0
7.882853063361077,0.02029113047227946,0
7.862961920464333,0.021628389095020958,0
8.141426495073308,0.02300554652600554,0
8.114515536901381,0.024521244134190816,0
8.068884595247878,0.0261260516872134,0
8.321609371100115,0.027898972114961652,0
8.229177756621114,0.029655335262515004,0
8.35553871630405,0.031390779352851596,0
8.467861473679795,0.03330082672970832,0
8.794295024043087,0.035030791044064154,0
8.8808765544189,0.03660352459745,0
8.775575040561531,0.03818146168853955,0
9.16051086019988,0.03986487779995287,0
8.61177268567229,0.04144935485604989,0
8.546252029365228,0.04347327125214588,0
8.686654047841719,0.045172711415409975,0
8.679634232566526,0.046854229259341476,0
8.30990920289374,0.0485364218607346,0
8.072395217007067,0.05023323640853226,0
8.070055754663066,0.05248714042240903,0
8.122706511591751,0.05455806421439317,0
8.68314342608253,0.05648351821251081,0
8.576672181053167,0.05856031497215077,0
8.637513912672222,0.06071687710462431,0
8.779085662320709,0.06288638204896008,0
8.733454720667217,0.06497293445217578,0
8.787275208767905,0.06732609092241172,0
8.997879664725827,0.06948195089318458,0
9.010748135861013,0.07210242404210518,0
9.288041551054809,0.0750932049480315,0
9.194440205403811,0.07777052436257499,0
9.059888271030507,0.08019377786496555,0
9.083288607443258,0.08233709733740084,0
8.729944098908028,0.08408245085113694,0
8.824716603974212,0.0867989144245914,0
8.825886335146206,0.08942372398701666,0
8.641023106188227,0.09195245310812868,0
8.638683643844217,0.09453499810237201,0
8.58369199632835,0.09701837118869816,0
8.497111894195731,0.09936982929555034,0
8.876196201487707,0.10241461256693438,0
8.634003290913034,0.10508483415790054,0
8.360219069235242,0.10751764078504635,0
8.547421760537231,0.1098693325466902,0
8.639853375016221,0.11235336926461177,0
8.561462819330789,0.11496035606791168,0
8.607092332741098,0.11728594495827142,0
8.492431541264537,0.11976155095153583,0
8.52753204588366,0.12183364827553247,0
8.526362314711665,0.12376257632430569,0
8.624642585050658,0.12626227235471105,0
8.698354216048093,0.1286703299133171,0
8.896085916141269,0.13142733445302393,0
8.949907832485142,0.13354692170057847,0
8.752174704148782,0.13522392135592476,0
8.630492669153845,0.13733912764499112,0
8.733454720667217,0.1396224191631548,0
8.741644267114403,0.14238158087902167,0
8.70654376249528,0.1448010600647361,0
8.6024134080531,0.14751222475895923,0
8.542741407606039,0.1501892199238664,0
8.246728008930676,0.15308183693145044,0
8.216307857242747,0.15651975550699818,0
8.354368985132055,0.15981634698454514,0
8.464350851920607,0.16322158925792588,0
8.651553543222596,0.16637314310870838,0
8.590713239846725,0.17005183813619015,0
8.5602916599156,0.17439158626726345,0
8.781425124664718,0.17793657789922965,0
8.66325371142897,0.18146922116795958,0
8.72760463656403,0.18443190241842186,0
8.715904468357655,0.18751443568433362,0
8.864496033281332,0.19045733711028284,0
9.34654239208668,0.19388493820654426,0
9.706908144140286,0.19610875878160225,0
9.891771373098276,0.1977660212338457,0
10.08833477026264,0.1996962682706479,0
10.178425494154448,0.20175240805822114,0
10.41945010180031,0.20419852118128948,0
10.465079615210618,0.20682970779279497,0
10.206504755255194,0.20929744523633934,0
10.382007278350809,0.21234264856795237,0
10.236926335186318,0.21429575430125733,0
10.17023594770726,0.21657759268560403,0
10.210015377014384,0.21931753579785684,0
10.158535779500886,0.22161147700609468,0
10.177254334739258,0.22481204805154814,0
10.46390845579543,0.22797452437378268,0
10.179596653569636,0.23075523395910863,0
10.374988891318813,0.23446410691734776,0
10.384349597181188,0.23861487426520495,0
10.559852120276805,0.24189885936718036,0
10.873414343018531,0.2444870704279913,0
11.096888698354832,0.24812847911933694,0
11.383542819411003,0.2503749747946294,0
11.774327294909355,0.25335281084948114,0
11.708808066845489,0.25660004275985804,0
12.14054313106615,0.25882586283865844,0
12.210744140304394,0.2606618581521793,0
12.348806696436888,0.26335383657624833,0
12.186175500962836,0.265642115644012,0
12.481019168466194,0.26777829134419623,0
12.497398261360566,0.26955226558875234,0
12.60972101873631,0.2712175637481065,0
12.90222522389567,0.27392444621418577,0
12.678750868559368,0.27610661145497545,0
12.802773794141489,0.2780091673464143,0
12.991144788372289,0.2806496057609005,0
12.21659422440758,0.2835333804758343,0
12.163943467478896,0.28751635664478464,0
12.126503500515774,0.2913327704338698,0
12.188514963306837,0.29498112651347475,0
12.247015804338709,0.29818126886788643,0
12.371035873434447,0.3021476268219715,0
11.739226790290234,0.3065217067131063,0
11.838678220044416,0.3109740398965329,0
11.830488673597229,0.31607581727228434,0
11.82814921125323,0.32123617681768546,0
12.09257415531184,0.326480140475225,0
12.017691364899218,0.33224855968806855,0
11.998972809660843,0.3372163532530934,0
12.215425921478772,0.3418251535765921,0
12.627271271045872,0.34711462900737783,0
12.262226594304268,0.35191977235738553,0
12.46463721908544,0.35641460543692766,0
12.877653728067733,0.36120189849429685,0
12.775862835969551,0.3659996144933224,0
13.152607680917528,0.3703102300225465,0
13.406500759698575,0.3739904495764825,0
13.263759278878084,0.3781490754153647,0
12.883503812170918,0.3824303001317213,0
12.249355266682706,0.38775370083096694,0
12.22010484616677,0.3940236237041758,0
12.485698093154191,0.3999499144753078,0
12.311366729473765,0.40551600015221434,0
12.341785452918511,0.4118038106115072,0
12.107782088791025,0.4184823571760311,0
12.3850783604712,0.42496944800677744,0
12.138203668722149,0.4318568242850688,0
12.472829622019006,0.4387446725898409,0
12.662371775664996,0.4451060054743148,0
11.900689682835475,0.4519812696922349,0
11.92994010335141,0.4604243535484428,0
11.92760064100741,0.46785216245618955,0
12.26105543488908,0.47450811750323135,0
11.842188841803605,0.48203907303885835,0
12.207233518545207,0.49021500649635025,0
11.984930322624097,0.49642181133338686,0
12.195533350338833,0.5028123906162622,0
12.46931900025982,0.5089015596768263,0
12.03173099544959,0.5144930178230768,0
12.190854425650834,0.5194782038783164,0
12.034073314279969,0.524172625955573,0
11.830488673597229,0.5278945513748352,0
12.126503500515774,0.532250515752343,0
12.163943467478896,0.5373749604930166,0
12.162775164550087,0.5426431580309402,0
12.108953248206213,0.5483562088324669,0
12.539520009498064,0.5539766429132507,0
12.875314265723732,0.5601280700291194,0
12.485698093154191,0.5649187623988013,0
12.543030631257253,0.5681936694412716,0
12.684600952662556,0.5724570011697416,0
13.185368723192653,0.5771881088655367,0
13.173668554986278,0.5801721478956239,0
13.27779890942846,0.5840443187687687,0
13.739955553580243,0.5878139646812516,0
13.651035989103628,0.5899995679879495,0
13.615935484484504,0.593230180661078,0
12.957215443168351,0.5976202636327257,0
12.916264854446045,0.603082504306296,0
13.063688116440913,0.6081663932522892,0
13.165479008539092,0.6139750752314315,0
12.44708696677588,0.6186149781545398,0
12.775862835969551,0.6234098028490804,0
12.744272953109617,0.6282142206134589,0
13.068367041128909,0.6319574420728941,0
13.319920657565955,0.6348877295905524,0
13.41937208732014,0.6381169506512868,0
13.310559951703585,0.64089250093284,0
13.0297559147506,0.644328559045472,0
12.88233550924211,0.6478601304696985,0
12.89871460213648,0.6522527627040118,0
13.269609362981273,0.6549710726891053,0
13.385442742116206,0.6572641151444226,0
13.739955553580243,0.6609386840058137,0
13.790266848164933,0.663203491786149,0
13.470851684833637,0.6657407910493706,0
13.631146274450067,0.6690526558502542,0
14.163503927840098,0.6715497862414906,0
14.20094389480322,0.673007503484296,0
14.312095492763778,0.6759963301882744,0
14.278163291073463,0.6799578552771536,0
13.93300832898542,0.6816348755220829,0
14.278163291073463,0.6841796071754436,0
14.386975426690022,0.6892039600640164,0
14.36708571203646,0.6932771915339799,0
14.191583188940848,0.697211240884416,0
14.480576772341015,0.7024287000583048,0
14.107342549152229,0.70796515411482,0
14.06171017925554,0.713111871895455,0
14.10266076797785,0.7175419137681662,0
14.313263795692588,0.7237018449848029,0
14.103831927393038,0.7280973936512767,0
14.20094389480322,0.7329851805546309,0
14.323795660970152,0.7391293645837395,0
14.321456198626151,0.7449049775155436,0
14.77893106160356,0.7517399760881666,0
15.13110726720998,0.758230964306567,0
15.120575401932417,0.764441696870985,0
14.932204407701615,0.7688394355744173,0
15.00708434162786,0.7765515214881732,0
15.209497822895411,0.7841724787733619,0
15.582732046084203,0.7902187738404605,0
15.659954298840823,0.7968723591122742,0
15.948947882240995,0.8030625024615412,0
16.042549227891993,0.8094810850919353,0
16.16774045640292,0.8168312659800283,0
15.868217864211564,0.8236180918370902,0
15.77227705621657,0.8304046091463487,0
16.137321732958174,0.8384711784259614,0
15.900978906486689,0.8452295165094846,0
16.017980588550433,0.8525741618645533,0
15.885768116521126,0.8596157658463579,0
15.874067948314751,0.865712167798234,0
15.52540236446752,0.872207635901584,0
15.420100850610153,0.8799379049666467,0
15.590924449017768,0.8872508501130978,0
16.02383067265362,0.8948335585504602,0
15.909168452933876,0.9015474102622555,0
16.06828902664874,0.9092219040317517,0
16.21571228864361,0.9150190499660585,0
16.41461514815197,0.9219664177102243,0
16.680208395139392,0.9300351567630777,0
16.790191690171138,0.9391286974257375,0
17.03706352543381,0.9461218565054925,0
16.68839794158658,0.9544440462723139,0
16.92825138981725,0.9643096646218385,0
16.9984523990555,0.9717015312029289,0
17.021852735468247,0.9796377329762553,0
17.32020702473079,0.9902871953826752,0
17.55538154827347,0.9974407945958962,0
16.96803367561075,1.0038852356418855,0
16.97154429736994,1.0134267103595462,0
16.942293876854006,1.0244044580241223,0
16.9914340120235,1.0360770370190377,0
16.14083235471736,1.0474812102076112,0
16.50119525028459,1.0609112021706084,0
16.37366455942966,1.0732217020074242,0
15.480941153986022,1.085555860620602,0
15.349899841371906,1.0966504775161041,0
15.125257183106791,1.1052778858035959,0
14.977833921111928,1.1174512062168258,0
14.94858350059599,1.1322230215103373,0
15.473922766954026,1.1509932468659143,0
15.666975542359202,1.1684875110439004,0
15.913847377621874,1.1854307362923762,0
16.193483111646046,1.2043915826848777,0
16.635747184657895,1.2237768908564082,0
15.54646323853627,1.2461483677658807,0
15.58741382725858,1.2689907669780305,0
15.81673541021169,1.28810113884424,0
16.016809429135243,1.3081876418427518,0
15.75823456917982,1.3278815091288052,0
15.872896788899563,1.347251720463065,0
15.97936946217212,1.366955806850318,0
15.661125458256016,1.3875467786047655,0
15.801527476732506,1.4025859518999169,0
16.10923961537105,1.420336753471125,0
16.491837400908594,1.442130292267094,0
16.915382918682067,1.4655892810207984,0
16.37366455942966,1.4897972396982566,0
16.00510926092887,1.5096628933858283,0
15.951287344584996,1.5293080353543453,0
15.869386167140377,1.547217616428882,0
15.77695598090457,1.5656854533739477,0
15.25863795806491,1.584581553630776,0
15.685694097597574,1.6062762019193264,0
15.493812481607586,1.6213875291899418,0
15.583903205499391,1.6383491659676372,0
15.803866939076508,1.6586368186832312,0
15.551142163224268,1.6826540756236679,0
15.42127201002534,1.7030895073172576,0
15.69154418170076,1.7247137576247595,0
16.039038606132802,1.74173784373351,0
15.876407410658752,1.7608970539360238,0
15.799185157902128,1.7863839045051124,0
16.013298807376056,1.8105952539232657,0
16.10456069068305,1.8328025820099851,0
16.330374508363352,1.851494598644388,0
16.619368091763523,1.8705831690619197,0
16.20986220454042,1.8892197730864377,0
16.256662877365915,1.9096771536585067,0
16.66616876458902,1.9319886682185452,0
17.062803324190558,1.952230167001709,0
17.038234684848998,1.9731773240136834,0
17.16342591335993,1.9950032933945048,0
17.310849175354797,2.0213199867402816,0
17.25819841842611,2.043530628845094,0
17.42434023565935,2.0650157313618065,0
16.958672969748378,2.0868262266578923,0
17.301488469492423,2.105349763830492,0
17.32839942766436,2.125547545246678,0
17.959037351393384,2.147238915622458,0
17.836185585226453,2.1674841415179666,0
18.086568042248317,2.1838436338118807,0
18.3135530193438,2.200279842612499,0
18.527666668817727,2.2136757529809423,0
18.345142902203737,2.224295191343895,0
18.47735537423304,2.2407283990408926,0
19.02726327993264,2.2552119645930753,0
19.00620240586389,2.2714502664413407,0
18.965251817141574,2.2881653638322663,0
19.162983517234757,2.304037070739491,0
18.66806868729422,2.320589315655075,0
19.22967676120019,2.3318679730304392,0
19.08693242389332,2.3448713903846166,0
19.32795703153918,2.357047339698177,0
19.299877770438435,2.369067905610376,0
19.420387217774987,2.3871783547892864,0
18.912601060212893,2.401904878365871,0
19.056513700448573,2.417258076685075,0
18.663386906119843,2.434836046762247,0
18.120500243938626,2.4573508520124223,0
18.745288083564464,2.4766014310773947,0
18.97227306065995,2.4920334134213933,0
19.03896344813901,2.503163250205307,0
19.05417423810457,2.51278500399869,0
18.91494052255689,2.5232233450451322,0
18.75464878942684,2.5389269619442074,0
19.01088133055189,2.552605412609793,0
19.317428022748,2.56425594594362,0
19.84627505437884,2.5759916215524807,0
19.965616198786584,2.5866945851662426,0
20.02996712392164,2.5985627681894177,0
20.44064417055993,2.6115595800817406,0
20.45000201993593,2.6232664971521564,0
20.497973852176614,2.6338307682258537,0
20.24290961398038,2.6462005300281666,0
20.183240470019697,2.6575736472850253,0
20.30726053911544,2.6721026282978233,0
20.274499496840317,2.6814546413057583,0
20.734316678648103,2.686111440725758,0
21.04203167377302,2.6920382679674963,0
21.466748350961687,2.6977897746947255,0
21.421115981065,2.7074001351556793,0
21.66681951339886,2.716696348322111,0
21.164883439939956,2.7287103731687767,0
20.170369142398133,2.743273702618903,0
19.460169503568487,2.753336219031002,0
19.66024066600566,2.7700229627346196,0
20.691026627581792,2.7841554761125322,0
21.845832658253663,2.801470244956001,0
22.629743928080742,2.8151568225222965,0
22.426162143884383,2.8281916733773986,0
22.588793339358435,2.8422779909110267,0
23.85124320271805,2.861767761679495,0
23.641808477932123,2.8782505498663666,0
24.78257487805362,2.8938178977417546,0
24.71939511233375,2.905914710528013,0
23.262724170640148,2.914603882949371,0
23.91442296843792,2.933067790105511,0
23.334093482807205,2.951334576078311,0
23.92027305254111,2.971640795281988,0
23.759981319411057,2.988362146067199,0
23.598518426865816,3.0051126510631674,0
22.48700244726025,3.023736787951967,0
22.7432349883853,3.049940216202265,0
23.67223005786325,3.0722584730101317,0
24.84341518142949,3.093215652248279,0
24.492410135238263,3.1107883854927123,0
23.500238156526823,3.1325411513037458,0
23.954202397745043,3.160822636389751,0
22.604004129324,3.1887485176841044,0
22.841518115210672,3.220559896244327,0
22.152376493963395,3.25171069121795,0
22.612193675771184,3.2869250861173303,0
22.15939773748177,3.322448854871336,0
22.708134483766177,3.3632793280768416,0
23.309524843465645,3.4005674682625218,0
23.6488297214505,3.4322380084766286,0
23.44992686194214,3.4697394543493973,0
24.2841494263539,3.5157372438186147,0
23.52948857704276,3.5607074347096805,0
23.4651376519077,3.612870818035371,0
23.74009160475749,3.6595353012528427,0
23.41014457614864,3.7075034109294434,0
24.36605060379852,3.7518048529491375,0
24.12736545849666,3.7888593843756526,0
24.399979949002454,3.830579048972938,0
24.13321554259985,3.874886048562098,0
23.805610832821365,3.9075574726742537,0
23.91559412785311,3.94558441894306,0
23.784549958752617,3.9872693539523714,0
23.789231739926997,4.021264659946323,0
24.48656005113508,4.059068209105621,0
25.07507908321298,4.094657107587889,0
24.66791265833388,4.125406057501586,0
24.55325329510051,4.16165892860295,0
24.59069326206363,4.197542152498411,0
24.336800183282584,4.237138503749704,0
24.449120084171952,4.280968162679494,0
23.743599370030307,4.323296404806732,0
23.85709328682124,4.368317112876868,0
23.931973220747484,4.413849017630397,0
23.232302590709025,4.454191998023379,0
23.47449550128369,4.4962732329980435,0
23.969413187710604,4.547092170447451,0
24.10162565973991,4.582941353272028,0
23.909744043749924,4.617186130434219,0
23.92027305254111,4.664240708843883,0
23.91676243078192,4.704094144794041,0
23.621918763278565,4.750875171480857,0
23.67574067962244,4.79986249177132,0
23.743599370030307,4.849204310016603,0
24.195227005390905,4.901933146821345,0
24.14257624846222,4.951453207435873,0
23.888683169681176,5.003725075841764,0
24.154276416668598,5.052792726318047,0
24.009195473504104,5.102103938232277,0
24.16012650077178,5.150705308608619,0
24.73226358346893,5.195084954944742,0
25.16868042886397,5.244940820041857,0
24.64100455664832,5.288975055217336,0
24.37072952848652,5.3418372051593375,0
23.93782330485067,5.399657363658919,0
23.646490259106503,5.459308455540084,0
23.813800379268557,5.521716682629178,0
23.49087745066445,5.573038015177336,1
23.460455870733323,5.628067337596826,1
24.098115037980723,5.697405877892134,1
24.41050895779364,5.758702394604452,1
24.498260219341446,5.823666250792436,1
24.476031042343887,5.884604793557598,1
24.713545028230563,5.9396178546102805,1
25.167512125935165,5.996569596515204,1
24.16129766018697,6.056831186592121,1
24.11215466853109,6.111058766215757,1
24.22681688825084,6.167768316658927,1
23.95186293540105,6.233480127628105,1
23.96122364126342,6.300045334836667,1
23.91091234667873,6.36796180501088,1
23.69679869720481,6.435352402690219,1
24.047803743396035,6.511087250541838,1
23.971752650054604,6.595247184281685,1
24.41050895779364,6.677064449863713,1
24.403490570761644,6.744460824052507,1
24.57665363151326,6.818027720689838,1
24.763856322815247,6.89696058670419,1
25.082100326731357,6.985167896566606,1
25.57233623198389,7.074724591387291,1
26.45803839390915,7.164463113737617,1
26.970506332645623,7.25579756558937,1
26.64992286638552,7.358383013654512,1
27.20450969677311,7.477632935509348,1
27.49584559900366,7.5976403168669515,1
27.556685902379527,7.674424135122018,1
27.560196524138718,7.732092485293709,1
27.481803111966904,7.798303710071909,1
27.628055214546585,7.89359129344639,1
28.011821303012937,7.982812306405857,1
28.09021185869837,8.08077879528969,1
28.00714237832494,8.178664399971636,1
27.561364827067525,8.270231357545843,1
27.88663007450201,8.374306050735218,1
28.69628114308584,8.473972432822448,1
29.163119568412,8.574144122784903,1
28.595661410402844,8.658767658126308,1
28.65181993260434,8.740253254411789,1
29.10110810562094,8.846513828708407,1
29.634634061939785,8.939230198110812,1
29.86746912313846,9.043851414295744,1
30.17986304295138,9.161286664268351,1
29.8545977955169,9.244273701124062,1
30.335475851393436,9.327876664959165,1
31.1275766676677,9.441190885462662,1
31.45635253686137,9.56573026887661,1
32.23675318492926,9.66376385246308,1
31.101836868910954,9.752112949160901,1
31.448160133927807,9.83486990962557,1
33.000774740102784,9.907739062143584,1
33.3529509457092,9.989662508734778,1
33.799893943409046,10.094221432988045,1
35.00852474691117,10.172858809366431,1
33.95199613009191,10.250636894076091,1
35.66607077232575,10.34041586580316,1
32.75623951069773,10.400937558326122,1
32.24962165606445,10.478853982410723,1
33.19850644019596,10.557953426111762,1
33.11543410333615,10.595086885017245,1
31.75236450729354,10.625682712944503,1
31.33466907362325,10.662931284453274,1
31.5394220172348,10.697789926197734,1
31.74534612026154,10.730373510672381,1
31.52187176492524,10.778853441254892,1
31.733645952055166,10.811152722007304,1
31.118215961805326,10.831107438498615,1
31.49964258792768,10.863471157033098,1
31.494960806753305,10.931695306309031,1
31.723114086777603,10.979832217290758,1
33.03821185057953,11.008436462837098,1
32.97971100954766,11.033305096446362,1
34.12164856908434,11.076985164094609,1
33.91689562547279,11.103086617447525,1
32.75507120776892,11.169408739301154,1
32.529257390088624,11.213672733505595,1
32.447356212644,11.238497146963267,1
32.63923782863399,11.28098902632947,1
32.39119483395613,11.32841422602501,1
32.62753766042761,11.396471408762318,1
32.80537964586723,11.441148060953996,1
33.35880102981239,11.469100571308365,1
33.663005403178126,11.508015873304398,1
34.2842797645584,11.550294072017987,1
34.529983296892254,11.6061129239472,1
33.91338786019998,11.61492835489589,1
34.061976568637284,11.634012596061327,1
34.208228671216965,11.630354826977685,1
34.221099998838525,11.639866454285476,1
33.92040910371836,11.670486057617842,1
34.14856238374266,11.685079810323236,1
34.02804722343335,11.70542849210535,1
35.07053335321585,11.71286793459538,1
35.24135695162347,11.733363422756808,1
35.31857920438009,11.752659826380139,1
35.292836549136965,11.759146941794093,1
35.795943782011065,11.789125667863853,1
35.70234243636007,11.791794032755925,1
35.958574977485114,11.789295143314783,1
36.93203125744456,11.822116206302587,1
37.378974255144406,11.819914198681483,1
37.35323731287404,11.792443552742332,1
37.9206954708832,11.788962160885792,1
35.53386115678283,11.786521142112587,1
36.06036872606968,11.766098013905381,1
35.539711240886014,11.751028162416528,1
35.40866707178552,11.775748809865952,1
36.841937677066376,11.77142032068895,1
37.37195872459879,11.745711994913218,1
36.98701862023087,11.749723427350599,1
36.99170325789162,11.729042592934881,1
37.466725516692215,11.715860352043094,1
38.80054469221889,11.694055662885791,1
38.62387672268084,11.664261200247871,1
39.05794839275912,11.60458754767998,1
38.940946710695385,11.578050492351288,1
38.61451316033209,11.535994432632995,1
40.61758424245248,11.471118213439661,1
41.46233295916905,11.40803756785078,1
42.36324591105988,11.350243894519064,1
43.15184181854772,11.279620861731255,1
44.362809227907455,11.223593942195908,1
44.36514583376508,11.156077793380964,1
46.95907541030737,11.065713686035606,1
47.15563595098536,10.978391619485018,1
40.08288427023207,10.900613671780652,1
39.013490038764,10.828314168210476,1
42.30357962358558,10.776289346994028,1
42.49896900484837,10.693443541837084,1
41.808659080672285,10.611512244773927,1
42.85933761338836,10.52630113941883,1
44.02584095578023,10.461257910231753,1
43.47476189066544,10.394932407496245,1
44.26803672284127,10.334458597862698,1
42.53758298771306,10.275577209429247,1
43.68770723721055,10.21281711064127,1
