2025-06-24 16:28:48,669 - tadGANs - INFO - Using device: cuda
2025-06-24 16:28:48,669 - tadGANs - INFO - Found 1 Excel files: ['eurusd_1day.xlsx']
2025-06-24 16:28:48,802 - tadGANs - WARNING - No recognizable signal column found in eurusd_1day.xlsx. Using first column.
2025-06-24 16:28:48,874 - tadGANs - INFO - Converted eurusd_1day.xlsx to csv_data/eurusd_1day.csv
2025-06-24 16:28:48,874 - tadGANs - INFO - Processing csv_data/eurusd_1day.csv
2025-06-24 16:28:48,900 - tadGANs - INFO - Training new models
2025-06-24 16:28:50,261 - tadGANs - INFO - Starting training
2025-06-24 16:28:53,538 - tadGANs - INFO - Epoch 1/1000 - Time: 2.48s - Loss: critic_x=0.0697, critic_z=4.9680, encoder=0.7975, decoder=1.1566
2025-06-24 16:28:55,361 - tadGANs - INFO - Epoch 2/1000 - Time: 1.82s - Loss: critic_x=-0.0304, critic_z=4.6731, encoder=0.7842, decoder=1.1561
2025-06-24 16:28:57,183 - tadGANs - INFO - Epoch 3/1000 - Time: 1.82s - Loss: critic_x=-0.1238, critic_z=4.3487, encoder=0.7712, decoder=1.1588
2025-06-24 16:28:58,941 - tadGANs - INFO - Epoch 4/1000 - Time: 1.76s - Loss: critic_x=-0.2274, critic_z=4.0256, encoder=0.7507, decoder=1.1574
2025-06-24 16:29:00,583 - tadGANs - INFO - Epoch 5/1000 - Time: 1.64s - Loss: critic_x=-0.3372, critic_z=3.7009, encoder=0.7349, decoder=1.1651
2025-06-24 16:29:02,403 - tadGANs - INFO - Epoch 6/1000 - Time: 1.82s - Loss: critic_x=-0.4457, critic_z=3.3471, encoder=0.7082, decoder=1.1670
2025-06-24 16:29:04,324 - tadGANs - INFO - Epoch 7/1000 - Time: 1.92s - Loss: critic_x=-0.5456, critic_z=3.0002, encoder=0.6714, decoder=1.1650
2025-06-24 16:29:08,057 - tadGANs - INFO - Epoch 8/1000 - Time: 3.73s - Loss: critic_x=-0.6329, critic_z=2.6467, encoder=0.6275, decoder=1.1651
2025-06-24 16:29:09,695 - tadGANs - INFO - Epoch 9/1000 - Time: 1.64s - Loss: critic_x=-0.7008, critic_z=2.2770, encoder=0.5732, decoder=1.1695
2025-06-24 16:29:11,294 - tadGANs - INFO - Epoch 10/1000 - Time: 1.60s - Loss: critic_x=-0.7603, critic_z=1.8866, encoder=0.5051, decoder=1.1768
2025-06-24 16:29:11,306 - tadGANs - INFO - Models saved at epoch 10
2025-06-24 16:29:12,980 - tadGANs - INFO - Epoch 11/1000 - Time: 1.67s - Loss: critic_x=-0.8089, critic_z=1.5148, encoder=0.4094, decoder=1.1724
2025-06-24 16:29:14,634 - tadGANs - INFO - Epoch 12/1000 - Time: 1.65s - Loss: critic_x=-0.8497, critic_z=1.1077, encoder=0.3072, decoder=1.1867
2025-06-24 16:29:16,407 - tadGANs - INFO - Epoch 13/1000 - Time: 1.77s - Loss: critic_x=-0.8769, critic_z=0.7476, encoder=0.1749, decoder=1.1867
2025-06-24 16:29:18,066 - tadGANs - INFO - Epoch 14/1000 - Time: 1.66s - Loss: critic_x=-0.9019, critic_z=0.3903, encoder=0.0191, decoder=1.1784
2025-06-24 16:29:19,473 - tadGANs - INFO - Epoch 15/1000 - Time: 1.41s - Loss: critic_x=-0.9180, critic_z=0.0499, encoder=-0.1504, decoder=1.1869
2025-06-24 16:29:20,736 - tadGANs - INFO - Epoch 16/1000 - Time: 1.26s - Loss: critic_x=-0.9331, critic_z=-0.3021, encoder=-0.3427, decoder=1.1815
2025-06-24 16:29:22,161 - tadGANs - INFO - Epoch 17/1000 - Time: 1.43s - Loss: critic_x=-0.9393, critic_z=-0.6162, encoder=-0.5548, decoder=1.1814
2025-06-24 16:29:23,721 - tadGANs - INFO - Epoch 18/1000 - Time: 1.56s - Loss: critic_x=-0.9536, critic_z=-0.9572, encoder=-0.7865, decoder=1.1841
2025-06-24 16:29:25,211 - tadGANs - INFO - Epoch 19/1000 - Time: 1.49s - Loss: critic_x=-0.9616, critic_z=-1.2393, encoder=-1.0373, decoder=1.1836
2025-06-24 16:29:26,510 - tadGANs - INFO - Epoch 20/1000 - Time: 1.30s - Loss: critic_x=-0.9686, critic_z=-1.5716, encoder=-1.3116, decoder=1.1866
2025-06-24 16:29:26,522 - tadGANs - INFO - Models saved at epoch 20
2025-06-24 16:29:27,790 - tadGANs - INFO - Epoch 21/1000 - Time: 1.27s - Loss: critic_x=-0.9729, critic_z=-1.8745, encoder=-1.5943, decoder=1.1813
2025-06-24 16:29:29,160 - tadGANs - INFO - Epoch 22/1000 - Time: 1.37s - Loss: critic_x=-0.9768, critic_z=-2.1911, encoder=-1.9060, decoder=1.1917
2025-06-24 16:29:30,435 - tadGANs - INFO - Epoch 23/1000 - Time: 1.27s - Loss: critic_x=-0.9798, critic_z=-2.5079, encoder=-2.2183, decoder=1.1840
2025-06-24 16:29:31,763 - tadGANs - INFO - Epoch 24/1000 - Time: 1.33s - Loss: critic_x=-0.9802, critic_z=-2.8387, encoder=-2.5624, decoder=1.1907
2025-06-24 16:29:33,094 - tadGANs - INFO - Epoch 25/1000 - Time: 1.33s - Loss: critic_x=-0.9815, critic_z=-3.1442, encoder=-2.9168, decoder=1.1903
2025-06-24 16:29:34,500 - tadGANs - INFO - Epoch 26/1000 - Time: 1.41s - Loss: critic_x=-0.9840, critic_z=-3.4671, encoder=-3.2695, decoder=1.1864
2025-06-24 16:29:36,050 - tadGANs - INFO - Epoch 27/1000 - Time: 1.55s - Loss: critic_x=-0.9839, critic_z=-3.7888, encoder=-3.6530, decoder=1.1831
2025-06-24 16:29:37,399 - tadGANs - INFO - Epoch 28/1000 - Time: 1.35s - Loss: critic_x=-0.9815, critic_z=-4.1368, encoder=-4.0379, decoder=1.1865
2025-06-24 16:29:38,763 - tadGANs - INFO - Epoch 29/1000 - Time: 1.36s - Loss: critic_x=-0.9797, critic_z=-4.4769, encoder=-4.4259, decoder=1.1807
2025-06-24 16:29:40,055 - tadGANs - INFO - Epoch 30/1000 - Time: 1.29s - Loss: critic_x=-0.9730, critic_z=-4.7919, encoder=-4.8447, decoder=1.1806
2025-06-24 16:29:40,064 - tadGANs - INFO - Models saved at epoch 30
2025-06-24 16:29:43,533 - tadGANs - INFO - Epoch 31/1000 - Time: 3.47s - Loss: critic_x=-0.9679, critic_z=-5.1630, encoder=-5.2519, decoder=1.1693
2025-06-24 16:29:45,020 - tadGANs - INFO - Epoch 32/1000 - Time: 1.49s - Loss: critic_x=-0.9595, critic_z=-5.5073, encoder=-5.6703, decoder=1.1688
2025-06-24 16:29:46,315 - tadGANs - INFO - Epoch 33/1000 - Time: 1.30s - Loss: critic_x=-0.9537, critic_z=-5.8632, encoder=-6.1183, decoder=1.1631
2025-06-24 16:29:47,641 - tadGANs - INFO - Epoch 34/1000 - Time: 1.33s - Loss: critic_x=-0.9420, critic_z=-6.2518, encoder=-6.5619, decoder=1.1531
2025-06-24 16:29:49,135 - tadGANs - INFO - Epoch 35/1000 - Time: 1.49s - Loss: critic_x=-0.9332, critic_z=-6.5869, encoder=-7.0186, decoder=1.1527
2025-06-24 16:29:50,789 - tadGANs - INFO - Epoch 36/1000 - Time: 1.65s - Loss: critic_x=-0.9194, critic_z=-6.9550, encoder=-7.4443, decoder=1.1341
2025-06-24 16:29:52,316 - tadGANs - INFO - Epoch 37/1000 - Time: 1.53s - Loss: critic_x=-0.9014, critic_z=-7.3256, encoder=-7.9103, decoder=1.1286
2025-06-24 16:29:53,809 - tadGANs - INFO - Epoch 38/1000 - Time: 1.49s - Loss: critic_x=-0.8876, critic_z=-7.6967, encoder=-8.3812, decoder=1.1137
2025-06-24 16:29:55,358 - tadGANs - INFO - Epoch 39/1000 - Time: 1.55s - Loss: critic_x=-0.8764, critic_z=-8.0706, encoder=-8.8808, decoder=1.1081
2025-06-24 16:29:56,913 - tadGANs - INFO - Epoch 40/1000 - Time: 1.56s - Loss: critic_x=-0.8631, critic_z=-8.4453, encoder=-9.3790, decoder=1.0987
2025-06-24 16:29:56,921 - tadGANs - INFO - Models saved at epoch 40
2025-06-24 16:29:58,564 - tadGANs - INFO - Epoch 41/1000 - Time: 1.64s - Loss: critic_x=-0.8484, critic_z=-8.8451, encoder=-9.8498, decoder=1.0912
2025-06-24 16:30:00,198 - tadGANs - INFO - Epoch 42/1000 - Time: 1.63s - Loss: critic_x=-0.8340, critic_z=-9.1977, encoder=-10.3543, decoder=1.0796
2025-06-24 16:30:01,903 - tadGANs - INFO - Epoch 43/1000 - Time: 1.70s - Loss: critic_x=-0.8207, critic_z=-9.5791, encoder=-10.8513, decoder=1.0739
2025-06-24 16:30:03,622 - tadGANs - INFO - Epoch 44/1000 - Time: 1.72s - Loss: critic_x=-0.8060, critic_z=-9.9789, encoder=-11.3142, decoder=1.0554
2025-06-24 16:30:05,234 - tadGANs - INFO - Epoch 45/1000 - Time: 1.61s - Loss: critic_x=-0.7894, critic_z=-10.3753, encoder=-11.8582, decoder=1.0590
2025-06-24 16:30:06,864 - tadGANs - INFO - Epoch 46/1000 - Time: 1.63s - Loss: critic_x=-0.7751, critic_z=-10.7957, encoder=-12.4066, decoder=1.0623
2025-06-24 16:30:08,518 - tadGANs - INFO - Epoch 47/1000 - Time: 1.65s - Loss: critic_x=-0.7635, critic_z=-11.1877, encoder=-12.9045, decoder=1.0641
2025-06-24 16:30:10,276 - tadGANs - INFO - Epoch 48/1000 - Time: 1.76s - Loss: critic_x=-0.7547, critic_z=-11.5690, encoder=-13.4049, decoder=1.0746
2025-06-24 16:30:12,006 - tadGANs - INFO - Epoch 49/1000 - Time: 1.73s - Loss: critic_x=-0.7449, critic_z=-11.9757, encoder=-13.9988, decoder=1.1051
2025-06-24 16:30:13,804 - tadGANs - INFO - Epoch 50/1000 - Time: 1.80s - Loss: critic_x=-0.7394, critic_z=-12.3936, encoder=-14.5386, decoder=1.1191
2025-06-24 16:30:13,817 - tadGANs - INFO - Models saved at epoch 50
2025-06-24 16:30:17,681 - tadGANs - INFO - Epoch 51/1000 - Time: 3.86s - Loss: critic_x=-0.7357, critic_z=-12.8206, encoder=-15.0952, decoder=1.1449
2025-06-24 16:30:19,330 - tadGANs - INFO - Epoch 52/1000 - Time: 1.65s - Loss: critic_x=-0.7347, critic_z=-13.2324, encoder=-15.6590, decoder=1.1695
2025-06-24 16:30:20,653 - tadGANs - INFO - Epoch 53/1000 - Time: 1.32s - Loss: critic_x=-0.7326, critic_z=-13.6005, encoder=-16.2137, decoder=1.2051
2025-06-24 16:30:22,164 - tadGANs - INFO - Epoch 54/1000 - Time: 1.51s - Loss: critic_x=-0.7354, critic_z=-14.1230, encoder=-16.8488, decoder=1.2405
2025-06-24 16:30:23,699 - tadGANs - INFO - Epoch 55/1000 - Time: 1.54s - Loss: critic_x=-0.7353, critic_z=-14.4284, encoder=-17.3713, decoder=1.2653
2025-06-24 16:30:25,024 - tadGANs - INFO - Epoch 56/1000 - Time: 1.32s - Loss: critic_x=-0.7385, critic_z=-14.9920, encoder=-18.0133, decoder=1.2962
2025-06-24 16:30:26,279 - tadGANs - INFO - Epoch 57/1000 - Time: 1.25s - Loss: critic_x=-0.7350, critic_z=-15.3681, encoder=-18.6533, decoder=1.3177
2025-06-24 16:30:27,642 - tadGANs - INFO - Epoch 58/1000 - Time: 1.36s - Loss: critic_x=-0.7358, critic_z=-15.7883, encoder=-19.2004, decoder=1.3277
2025-06-24 16:30:28,949 - tadGANs - INFO - Epoch 59/1000 - Time: 1.31s - Loss: critic_x=-0.7347, critic_z=-16.2392, encoder=-19.8235, decoder=1.3417
2025-06-24 16:30:30,207 - tadGANs - INFO - Epoch 60/1000 - Time: 1.26s - Loss: critic_x=-0.7378, critic_z=-16.6625, encoder=-20.4587, decoder=1.3410
2025-06-24 16:30:30,216 - tadGANs - INFO - Models saved at epoch 60
2025-06-24 16:30:31,477 - tadGANs - INFO - Epoch 61/1000 - Time: 1.26s - Loss: critic_x=-0.7369, critic_z=-17.1099, encoder=-21.0868, decoder=1.3552
2025-06-24 16:30:32,745 - tadGANs - INFO - Epoch 62/1000 - Time: 1.27s - Loss: critic_x=-0.7343, critic_z=-17.6279, encoder=-21.6906, decoder=1.3466
2025-06-24 16:30:34,056 - tadGANs - INFO - Epoch 63/1000 - Time: 1.31s - Loss: critic_x=-0.7335, critic_z=-18.0144, encoder=-22.3073, decoder=1.3391
2025-06-24 16:30:35,387 - tadGANs - INFO - Epoch 64/1000 - Time: 1.33s - Loss: critic_x=-0.7349, critic_z=-18.5047, encoder=-23.0261, decoder=1.3420
2025-06-24 16:30:36,684 - tadGANs - INFO - Epoch 65/1000 - Time: 1.30s - Loss: critic_x=-0.7402, critic_z=-18.9901, encoder=-23.6416, decoder=1.3309
2025-06-24 16:30:37,973 - tadGANs - INFO - Epoch 66/1000 - Time: 1.29s - Loss: critic_x=-0.7435, critic_z=-19.4511, encoder=-24.2656, decoder=1.3262
2025-06-24 16:30:39,280 - tadGANs - INFO - Epoch 67/1000 - Time: 1.31s - Loss: critic_x=-0.7441, critic_z=-19.9291, encoder=-25.0025, decoder=1.3482
2025-06-24 16:30:40,557 - tadGANs - INFO - Epoch 68/1000 - Time: 1.28s - Loss: critic_x=-0.7509, critic_z=-20.3780, encoder=-25.6219, decoder=1.3613
2025-06-24 16:30:41,964 - tadGANs - INFO - Epoch 69/1000 - Time: 1.41s - Loss: critic_x=-0.7514, critic_z=-20.8582, encoder=-26.3127, decoder=1.3689
2025-06-24 16:30:43,367 - tadGANs - INFO - Epoch 70/1000 - Time: 1.40s - Loss: critic_x=-0.7538, critic_z=-21.3831, encoder=-27.0531, decoder=1.3659
2025-06-24 16:30:43,377 - tadGANs - INFO - Models saved at epoch 70
2025-06-24 16:30:44,690 - tadGANs - INFO - Epoch 71/1000 - Time: 1.31s - Loss: critic_x=-0.7605, critic_z=-21.8454, encoder=-27.7943, decoder=1.3675
2025-06-24 16:30:46,009 - tadGANs - INFO - Epoch 72/1000 - Time: 1.32s - Loss: critic_x=-0.7649, critic_z=-22.2902, encoder=-28.4648, decoder=1.3727
2025-06-24 16:30:47,456 - tadGANs - INFO - Epoch 73/1000 - Time: 1.45s - Loss: critic_x=-0.7726, critic_z=-22.7999, encoder=-29.2048, decoder=1.3821
2025-06-24 16:30:51,250 - tadGANs - INFO - Epoch 74/1000 - Time: 3.79s - Loss: critic_x=-0.7765, critic_z=-23.3328, encoder=-29.9131, decoder=1.3770
2025-06-24 16:30:52,846 - tadGANs - INFO - Epoch 75/1000 - Time: 1.60s - Loss: critic_x=-0.7843, critic_z=-23.8622, encoder=-30.7452, decoder=1.3904
2025-06-24 16:30:54,360 - tadGANs - INFO - Epoch 76/1000 - Time: 1.51s - Loss: critic_x=-0.7902, critic_z=-24.3045, encoder=-31.4832, decoder=1.3892
2025-06-24 16:30:56,215 - tadGANs - INFO - Epoch 77/1000 - Time: 1.85s - Loss: critic_x=-0.7955, critic_z=-24.8369, encoder=-32.1900, decoder=1.3908
2025-06-24 16:30:57,868 - tadGANs - INFO - Epoch 78/1000 - Time: 1.65s - Loss: critic_x=-0.8032, critic_z=-25.3182, encoder=-32.8274, decoder=1.3900
2025-06-24 16:30:59,471 - tadGANs - INFO - Epoch 79/1000 - Time: 1.60s - Loss: critic_x=-0.8102, critic_z=-25.8294, encoder=-33.6021, decoder=1.3900
2025-06-24 16:31:01,010 - tadGANs - INFO - Epoch 80/1000 - Time: 1.54s - Loss: critic_x=-0.8203, critic_z=-26.4234, encoder=-34.4048, decoder=1.3969
2025-06-24 16:31:01,019 - tadGANs - INFO - Models saved at epoch 80
2025-06-24 16:31:02,616 - tadGANs - INFO - Epoch 81/1000 - Time: 1.60s - Loss: critic_x=-0.8255, critic_z=-26.8589, encoder=-35.2546, decoder=1.3962
2025-06-24 16:31:04,028 - tadGANs - INFO - Epoch 82/1000 - Time: 1.41s - Loss: critic_x=-0.8295, critic_z=-27.4261, encoder=-36.0329, decoder=1.4008
2025-06-24 16:31:05,562 - tadGANs - INFO - Epoch 83/1000 - Time: 1.53s - Loss: critic_x=-0.8357, critic_z=-27.8882, encoder=-36.8011, decoder=1.4028
2025-06-24 16:31:07,364 - tadGANs - INFO - Epoch 84/1000 - Time: 1.80s - Loss: critic_x=-0.8408, critic_z=-28.4754, encoder=-37.6211, decoder=1.3987
2025-06-24 16:31:09,104 - tadGANs - INFO - Epoch 85/1000 - Time: 1.74s - Loss: critic_x=-0.8423, critic_z=-29.0158, encoder=-38.3618, decoder=1.3966
2025-06-24 16:31:10,867 - tadGANs - INFO - Epoch 86/1000 - Time: 1.76s - Loss: critic_x=-0.8487, critic_z=-29.5806, encoder=-39.1160, decoder=1.3932
2025-06-24 16:31:12,649 - tadGANs - INFO - Epoch 87/1000 - Time: 1.78s - Loss: critic_x=-0.8552, critic_z=-30.1136, encoder=-39.9906, decoder=1.3841
2025-06-24 16:31:14,366 - tadGANs - INFO - Epoch 88/1000 - Time: 1.72s - Loss: critic_x=-0.8586, critic_z=-30.6563, encoder=-40.8329, decoder=1.3755
2025-06-24 16:31:16,182 - tadGANs - INFO - Epoch 89/1000 - Time: 1.82s - Loss: critic_x=-0.8643, critic_z=-31.2096, encoder=-41.7112, decoder=1.3801
2025-06-24 16:31:18,028 - tadGANs - INFO - Epoch 90/1000 - Time: 1.85s - Loss: critic_x=-0.8682, critic_z=-31.7575, encoder=-42.4551, decoder=1.3744
2025-06-24 16:31:18,038 - tadGANs - INFO - Models saved at epoch 90
2025-06-24 16:31:19,908 - tadGANs - INFO - Epoch 91/1000 - Time: 1.87s - Loss: critic_x=-0.8721, critic_z=-32.2792, encoder=-43.4600, decoder=1.3887
2025-06-24 16:31:21,890 - tadGANs - INFO - Epoch 92/1000 - Time: 1.98s - Loss: critic_x=-0.8753, critic_z=-32.9075, encoder=-44.2112, decoder=1.3690
2025-06-24 16:31:25,760 - tadGANs - INFO - Epoch 93/1000 - Time: 3.87s - Loss: critic_x=-0.8776, critic_z=-33.4695, encoder=-45.0600, decoder=1.3799
2025-06-24 16:31:27,490 - tadGANs - INFO - Epoch 94/1000 - Time: 1.73s - Loss: critic_x=-0.8795, critic_z=-34.0233, encoder=-45.9569, decoder=1.3856
2025-06-24 16:31:29,366 - tadGANs - INFO - Epoch 95/1000 - Time: 1.88s - Loss: critic_x=-0.8786, critic_z=-34.6174, encoder=-46.9597, decoder=1.3790
2025-06-24 16:31:31,031 - tadGANs - INFO - Epoch 96/1000 - Time: 1.66s - Loss: critic_x=-0.8814, critic_z=-35.2020, encoder=-47.7440, decoder=1.3783
2025-06-24 16:31:32,760 - tadGANs - INFO - Epoch 97/1000 - Time: 1.73s - Loss: critic_x=-0.8783, critic_z=-35.7905, encoder=-48.6839, decoder=1.3893
2025-06-24 16:31:34,793 - tadGANs - INFO - Epoch 98/1000 - Time: 2.03s - Loss: critic_x=-0.8793, critic_z=-36.3622, encoder=-49.6126, decoder=1.3851
2025-06-24 16:31:36,457 - tadGANs - INFO - Epoch 99/1000 - Time: 1.66s - Loss: critic_x=-0.8777, critic_z=-36.9449, encoder=-50.4485, decoder=1.3782
2025-06-24 16:31:38,168 - tadGANs - INFO - Epoch 100/1000 - Time: 1.71s - Loss: critic_x=-0.8754, critic_z=-37.4574, encoder=-51.3802, decoder=1.3797
2025-06-24 16:31:38,179 - tadGANs - INFO - Models saved at epoch 100
2025-06-24 16:31:40,303 - tadGANs - INFO - Epoch 101/1000 - Time: 2.12s - Loss: critic_x=-0.8776, critic_z=-38.1397, encoder=-52.2580, decoder=1.3701
2025-06-24 16:31:41,918 - tadGANs - INFO - Epoch 102/1000 - Time: 1.62s - Loss: critic_x=-0.8767, critic_z=-38.6574, encoder=-53.1069, decoder=1.3631
2025-06-24 16:31:43,598 - tadGANs - INFO - Epoch 103/1000 - Time: 1.68s - Loss: critic_x=-0.8747, critic_z=-39.2219, encoder=-54.1159, decoder=1.3404
2025-06-24 16:31:45,259 - tadGANs - INFO - Epoch 104/1000 - Time: 1.66s - Loss: critic_x=-0.8727, critic_z=-39.8042, encoder=-55.0452, decoder=1.3443
2025-06-24 16:31:47,039 - tadGANs - INFO - Epoch 105/1000 - Time: 1.78s - Loss: critic_x=-0.8750, critic_z=-40.4994, encoder=-55.9957, decoder=1.3385
2025-06-24 16:31:48,601 - tadGANs - INFO - Epoch 106/1000 - Time: 1.56s - Loss: critic_x=-0.8760, critic_z=-41.0950, encoder=-56.9998, decoder=1.3321
2025-06-24 16:31:50,118 - tadGANs - INFO - Epoch 107/1000 - Time: 1.52s - Loss: critic_x=-0.8736, critic_z=-41.6941, encoder=-57.8432, decoder=1.3238
2025-06-24 16:31:51,701 - tadGANs - INFO - Epoch 108/1000 - Time: 1.58s - Loss: critic_x=-0.8729, critic_z=-42.2960, encoder=-58.7742, decoder=1.3196
2025-06-24 16:31:53,346 - tadGANs - INFO - Epoch 109/1000 - Time: 1.65s - Loss: critic_x=-0.8728, critic_z=-42.9034, encoder=-59.6598, decoder=1.3197
2025-06-24 16:31:55,230 - tadGANs - INFO - Epoch 110/1000 - Time: 1.88s - Loss: critic_x=-0.8721, critic_z=-43.6222, encoder=-60.9463, decoder=1.3048
2025-06-24 16:31:55,242 - tadGANs - INFO - Models saved at epoch 110
2025-06-24 16:31:57,257 - tadGANs - INFO - Epoch 111/1000 - Time: 2.02s - Loss: critic_x=-0.8689, critic_z=-44.2382, encoder=-61.8514, decoder=1.2922
2025-06-24 16:32:00,883 - tadGANs - INFO - Epoch 112/1000 - Time: 3.63s - Loss: critic_x=-0.8638, critic_z=-44.7249, encoder=-62.8736, decoder=1.2882
2025-06-24 16:32:02,410 - tadGANs - INFO - Epoch 113/1000 - Time: 1.53s - Loss: critic_x=-0.8654, critic_z=-45.4847, encoder=-63.8251, decoder=1.2806
2025-06-24 16:32:04,084 - tadGANs - INFO - Epoch 114/1000 - Time: 1.67s - Loss: critic_x=-0.8645, critic_z=-46.0972, encoder=-64.6762, decoder=1.2705
2025-06-24 16:32:05,718 - tadGANs - INFO - Epoch 115/1000 - Time: 1.63s - Loss: critic_x=-0.8645, critic_z=-46.6685, encoder=-65.8117, decoder=1.2829
2025-06-24 16:32:07,363 - tadGANs - INFO - Epoch 116/1000 - Time: 1.65s - Loss: critic_x=-0.8597, critic_z=-47.4358, encoder=-66.7593, decoder=1.2677
2025-06-24 16:32:08,926 - tadGANs - INFO - Epoch 117/1000 - Time: 1.56s - Loss: critic_x=-0.8629, critic_z=-47.9036, encoder=-67.6546, decoder=1.2768
2025-06-24 16:32:10,584 - tadGANs - INFO - Epoch 118/1000 - Time: 1.66s - Loss: critic_x=-0.8563, critic_z=-48.6397, encoder=-68.7143, decoder=1.2619
2025-06-24 16:32:11,913 - tadGANs - INFO - Epoch 119/1000 - Time: 1.33s - Loss: critic_x=-0.8581, critic_z=-49.1896, encoder=-69.9195, decoder=1.2630
2025-06-24 16:32:13,383 - tadGANs - INFO - Epoch 120/1000 - Time: 1.47s - Loss: critic_x=-0.8547, critic_z=-49.8944, encoder=-70.6962, decoder=1.2465
2025-06-24 16:32:13,392 - tadGANs - INFO - Models saved at epoch 120
2025-06-24 16:32:14,891 - tadGANs - INFO - Epoch 121/1000 - Time: 1.50s - Loss: critic_x=-0.8474, critic_z=-50.5098, encoder=-71.7998, decoder=1.2456
2025-06-24 16:32:16,352 - tadGANs - INFO - Epoch 122/1000 - Time: 1.46s - Loss: critic_x=-0.8466, critic_z=-51.2017, encoder=-72.9794, decoder=1.2434
2025-06-24 16:32:17,944 - tadGANs - INFO - Epoch 123/1000 - Time: 1.59s - Loss: critic_x=-0.8480, critic_z=-51.9149, encoder=-74.0331, decoder=1.2256
2025-06-24 16:32:19,591 - tadGANs - INFO - Epoch 124/1000 - Time: 1.65s - Loss: critic_x=-0.8424, critic_z=-52.5186, encoder=-75.1209, decoder=1.2223
2025-06-24 16:32:21,521 - tadGANs - INFO - Epoch 125/1000 - Time: 1.93s - Loss: critic_x=-0.8367, critic_z=-53.1372, encoder=-76.1457, decoder=1.2199
2025-06-24 16:32:23,050 - tadGANs - INFO - Epoch 126/1000 - Time: 1.53s - Loss: critic_x=-0.8355, critic_z=-53.7441, encoder=-77.0652, decoder=1.2114
2025-06-24 16:32:24,484 - tadGANs - INFO - Epoch 127/1000 - Time: 1.43s - Loss: critic_x=-0.8278, critic_z=-54.4916, encoder=-78.2640, decoder=1.2138
2025-06-24 16:32:26,025 - tadGANs - INFO - Epoch 128/1000 - Time: 1.54s - Loss: critic_x=-0.8274, critic_z=-55.2969, encoder=-79.3920, decoder=1.2037
2025-06-24 16:32:27,980 - tadGANs - INFO - Epoch 129/1000 - Time: 1.96s - Loss: critic_x=-0.8186, critic_z=-55.8053, encoder=-80.3301, decoder=1.1984
2025-06-24 16:32:29,522 - tadGANs - INFO - Epoch 130/1000 - Time: 1.54s - Loss: critic_x=-0.8098, critic_z=-56.5811, encoder=-81.5690, decoder=1.1755
2025-06-24 16:32:29,535 - tadGANs - INFO - Models saved at epoch 130
2025-06-24 16:32:31,171 - tadGANs - INFO - Epoch 131/1000 - Time: 1.64s - Loss: critic_x=-0.8094, critic_z=-57.2335, encoder=-82.5743, decoder=1.1908
2025-06-24 16:32:34,906 - tadGANs - INFO - Epoch 132/1000 - Time: 3.73s - Loss: critic_x=-0.8053, critic_z=-57.8909, encoder=-83.8632, decoder=1.1884
2025-06-24 16:32:36,561 - tadGANs - INFO - Epoch 133/1000 - Time: 1.66s - Loss: critic_x=-0.7992, critic_z=-58.4746, encoder=-84.8063, decoder=1.1814
2025-06-24 16:32:38,129 - tadGANs - INFO - Epoch 134/1000 - Time: 1.57s - Loss: critic_x=-0.7939, critic_z=-59.1893, encoder=-85.9725, decoder=1.1707
2025-06-24 16:32:39,617 - tadGANs - INFO - Epoch 135/1000 - Time: 1.49s - Loss: critic_x=-0.7872, critic_z=-59.9776, encoder=-87.0386, decoder=1.1611
2025-06-24 16:32:41,247 - tadGANs - INFO - Epoch 136/1000 - Time: 1.63s - Loss: critic_x=-0.7832, critic_z=-60.5571, encoder=-88.0283, decoder=1.1650
2025-06-24 16:32:42,937 - tadGANs - INFO - Epoch 137/1000 - Time: 1.69s - Loss: critic_x=-0.7814, critic_z=-61.2843, encoder=-89.2693, decoder=1.1426
2025-06-24 16:32:44,682 - tadGANs - INFO - Epoch 138/1000 - Time: 1.74s - Loss: critic_x=-0.7735, critic_z=-61.9145, encoder=-90.5930, decoder=1.1423
2025-06-24 16:32:46,488 - tadGANs - INFO - Epoch 139/1000 - Time: 1.81s - Loss: critic_x=-0.7721, critic_z=-62.7285, encoder=-91.4937, decoder=1.1493
2025-06-24 16:32:48,256 - tadGANs - INFO - Epoch 140/1000 - Time: 1.77s - Loss: critic_x=-0.7659, critic_z=-63.3301, encoder=-92.7005, decoder=1.1482
2025-06-24 16:32:48,267 - tadGANs - INFO - Models saved at epoch 140
2025-06-24 16:32:50,174 - tadGANs - INFO - Epoch 141/1000 - Time: 1.91s - Loss: critic_x=-0.7571, critic_z=-64.0397, encoder=-93.9534, decoder=1.1302
2025-06-24 16:32:51,977 - tadGANs - INFO - Epoch 142/1000 - Time: 1.80s - Loss: critic_x=-0.7591, critic_z=-64.7581, encoder=-94.8129, decoder=1.1171
2025-06-24 16:32:53,698 - tadGANs - INFO - Epoch 143/1000 - Time: 1.72s - Loss: critic_x=-0.7529, critic_z=-65.5047, encoder=-96.2556, decoder=1.1287
2025-06-24 16:32:55,789 - tadGANs - INFO - Epoch 144/1000 - Time: 2.09s - Loss: critic_x=-0.7502, critic_z=-66.2233, encoder=-97.1982, decoder=1.1218
2025-06-24 16:32:57,788 - tadGANs - INFO - Epoch 145/1000 - Time: 2.00s - Loss: critic_x=-0.7426, critic_z=-67.0448, encoder=-98.6889, decoder=1.1108
2025-06-24 16:32:59,641 - tadGANs - INFO - Epoch 146/1000 - Time: 1.85s - Loss: critic_x=-0.7283, critic_z=-67.6404, encoder=-99.6708, decoder=1.0938
2025-06-24 16:33:01,365 - tadGANs - INFO - Epoch 147/1000 - Time: 1.72s - Loss: critic_x=-0.7287, critic_z=-68.4492, encoder=-100.8029, decoder=1.1010
2025-06-24 16:33:03,427 - tadGANs - INFO - Epoch 148/1000 - Time: 2.06s - Loss: critic_x=-0.7247, critic_z=-69.0919, encoder=-102.1087, decoder=1.0798
2025-06-24 16:33:05,519 - tadGANs - INFO - Epoch 149/1000 - Time: 2.09s - Loss: critic_x=-0.7158, critic_z=-69.8524, encoder=-103.3791, decoder=1.0898
2025-06-24 16:33:09,643 - tadGANs - INFO - Epoch 150/1000 - Time: 4.12s - Loss: critic_x=-0.7093, critic_z=-70.5111, encoder=-104.4216, decoder=1.0800
2025-06-24 16:33:09,654 - tadGANs - INFO - Models saved at epoch 150
2025-06-24 16:33:11,596 - tadGANs - INFO - Epoch 151/1000 - Time: 1.94s - Loss: critic_x=-0.7065, critic_z=-71.2499, encoder=-105.4566, decoder=1.0748
2025-06-24 16:33:13,419 - tadGANs - INFO - Epoch 152/1000 - Time: 1.82s - Loss: critic_x=-0.7096, critic_z=-72.0564, encoder=-106.9026, decoder=1.0987
2025-06-24 16:33:15,349 - tadGANs - INFO - Epoch 153/1000 - Time: 1.93s - Loss: critic_x=-0.6983, critic_z=-72.8652, encoder=-107.9346, decoder=1.0641
2025-06-24 16:33:17,176 - tadGANs - INFO - Epoch 154/1000 - Time: 1.83s - Loss: critic_x=-0.6915, critic_z=-73.3659, encoder=-109.2319, decoder=1.0797
2025-06-24 16:33:18,973 - tadGANs - INFO - Epoch 155/1000 - Time: 1.80s - Loss: critic_x=-0.6894, critic_z=-74.2940, encoder=-110.5125, decoder=1.0695
2025-06-24 16:33:20,926 - tadGANs - INFO - Epoch 156/1000 - Time: 1.95s - Loss: critic_x=-0.6842, critic_z=-75.1175, encoder=-112.0196, decoder=1.1002
2025-06-24 16:33:22,479 - tadGANs - INFO - Epoch 157/1000 - Time: 1.55s - Loss: critic_x=-0.6705, critic_z=-75.5874, encoder=-112.9470, decoder=1.0767
2025-06-24 16:33:24,216 - tadGANs - INFO - Epoch 158/1000 - Time: 1.74s - Loss: critic_x=-0.6677, critic_z=-76.4595, encoder=-114.5232, decoder=1.0644
2025-06-24 16:33:25,789 - tadGANs - INFO - Epoch 159/1000 - Time: 1.57s - Loss: critic_x=-0.6716, critic_z=-77.2181, encoder=-115.4689, decoder=1.0664
2025-06-24 16:33:27,219 - tadGANs - INFO - Epoch 160/1000 - Time: 1.43s - Loss: critic_x=-0.6627, critic_z=-77.9952, encoder=-116.7933, decoder=1.0563
2025-06-24 16:33:27,230 - tadGANs - INFO - Models saved at epoch 160
2025-06-24 16:33:28,795 - tadGANs - INFO - Epoch 161/1000 - Time: 1.57s - Loss: critic_x=-0.6591, critic_z=-78.8081, encoder=-118.2071, decoder=1.0558
2025-06-24 16:33:30,327 - tadGANs - INFO - Epoch 162/1000 - Time: 1.53s - Loss: critic_x=-0.6415, critic_z=-79.6383, encoder=-119.4796, decoder=1.0477
2025-06-24 16:33:31,884 - tadGANs - INFO - Epoch 163/1000 - Time: 1.56s - Loss: critic_x=-0.6422, critic_z=-80.4181, encoder=-120.7546, decoder=1.0507
2025-06-24 16:33:33,266 - tadGANs - INFO - Epoch 164/1000 - Time: 1.38s - Loss: critic_x=-0.6341, critic_z=-81.1171, encoder=-122.2555, decoder=1.0363
2025-06-24 16:33:34,821 - tadGANs - INFO - Epoch 165/1000 - Time: 1.55s - Loss: critic_x=-0.6273, critic_z=-81.7758, encoder=-123.2588, decoder=1.0470
2025-06-24 16:33:36,454 - tadGANs - INFO - Epoch 166/1000 - Time: 1.63s - Loss: critic_x=-0.6339, critic_z=-82.6171, encoder=-124.5936, decoder=1.0447
2025-06-24 16:33:38,031 - tadGANs - INFO - Epoch 167/1000 - Time: 1.58s - Loss: critic_x=-0.6074, critic_z=-83.4728, encoder=-125.6960, decoder=1.0256
2025-06-24 16:33:39,584 - tadGANs - INFO - Epoch 168/1000 - Time: 1.55s - Loss: critic_x=-0.6078, critic_z=-84.3475, encoder=-127.5488, decoder=1.0214
2025-06-24 16:33:41,149 - tadGANs - INFO - Epoch 169/1000 - Time: 1.57s - Loss: critic_x=-0.5998, critic_z=-85.0077, encoder=-128.4989, decoder=1.0383
2025-06-24 16:33:44,514 - tadGANs - INFO - Epoch 170/1000 - Time: 3.36s - Loss: critic_x=-0.6010, critic_z=-85.7926, encoder=-129.8378, decoder=1.0365
2025-06-24 16:33:44,524 - tadGANs - INFO - Models saved at epoch 170
2025-06-24 16:33:45,987 - tadGANs - INFO - Epoch 171/1000 - Time: 1.46s - Loss: critic_x=-0.5924, critic_z=-86.6325, encoder=-131.1869, decoder=1.0178
2025-06-24 16:33:47,660 - tadGANs - INFO - Epoch 172/1000 - Time: 1.67s - Loss: critic_x=-0.5918, critic_z=-87.2495, encoder=-132.5936, decoder=1.0442
2025-06-24 16:33:49,418 - tadGANs - INFO - Epoch 173/1000 - Time: 1.76s - Loss: critic_x=-0.5759, critic_z=-88.0673, encoder=-133.6920, decoder=1.0102
2025-06-24 16:33:51,311 - tadGANs - INFO - Epoch 174/1000 - Time: 1.89s - Loss: critic_x=-0.5642, critic_z=-89.0036, encoder=-135.0909, decoder=1.0280
2025-06-24 16:33:53,187 - tadGANs - INFO - Epoch 175/1000 - Time: 1.88s - Loss: critic_x=-0.5646, critic_z=-89.8267, encoder=-136.4696, decoder=1.0083
2025-06-24 16:33:55,142 - tadGANs - INFO - Epoch 176/1000 - Time: 1.95s - Loss: critic_x=-0.5632, critic_z=-90.4630, encoder=-137.7747, decoder=1.0440
2025-06-24 16:33:56,930 - tadGANs - INFO - Epoch 177/1000 - Time: 1.79s - Loss: critic_x=-0.5571, critic_z=-91.1876, encoder=-139.3494, decoder=1.0222
2025-06-24 16:33:58,720 - tadGANs - INFO - Epoch 178/1000 - Time: 1.79s - Loss: critic_x=-0.5472, critic_z=-92.2173, encoder=-140.6802, decoder=1.0176
2025-06-24 16:34:00,578 - tadGANs - INFO - Epoch 179/1000 - Time: 1.86s - Loss: critic_x=-0.5446, critic_z=-92.8444, encoder=-141.8858, decoder=1.0203
2025-06-24 16:34:02,459 - tadGANs - INFO - Epoch 180/1000 - Time: 1.88s - Loss: critic_x=-0.5395, critic_z=-93.6994, encoder=-143.2108, decoder=1.0216
2025-06-24 16:34:02,469 - tadGANs - INFO - Models saved at epoch 180
2025-06-24 16:34:04,319 - tadGANs - INFO - Epoch 181/1000 - Time: 1.85s - Loss: critic_x=-0.5269, critic_z=-94.5282, encoder=-144.6634, decoder=0.9992
2025-06-24 16:34:06,190 - tadGANs - INFO - Epoch 182/1000 - Time: 1.87s - Loss: critic_x=-0.5210, critic_z=-95.5194, encoder=-146.0206, decoder=1.0039
2025-06-24 16:34:08,158 - tadGANs - INFO - Epoch 183/1000 - Time: 1.97s - Loss: critic_x=-0.5152, critic_z=-96.1990, encoder=-147.4764, decoder=1.0000
2025-06-24 16:34:10,057 - tadGANs - INFO - Epoch 184/1000 - Time: 1.90s - Loss: critic_x=-0.5024, critic_z=-97.1527, encoder=-149.0091, decoder=1.0102
2025-06-24 16:34:11,979 - tadGANs - INFO - Epoch 185/1000 - Time: 1.92s - Loss: critic_x=-0.5067, critic_z=-97.7673, encoder=-150.2332, decoder=1.0075
2025-06-24 16:34:13,949 - tadGANs - INFO - Epoch 186/1000 - Time: 1.97s - Loss: critic_x=-0.5028, critic_z=-98.6180, encoder=-151.4702, decoder=1.0270
2025-06-24 16:34:18,120 - tadGANs - INFO - Epoch 187/1000 - Time: 4.17s - Loss: critic_x=-0.4841, critic_z=-99.4174, encoder=-153.2745, decoder=1.0322
2025-06-24 16:34:20,002 - tadGANs - INFO - Epoch 188/1000 - Time: 1.88s - Loss: critic_x=-0.4757, critic_z=-100.3655, encoder=-154.2914, decoder=1.0165
2025-06-24 16:34:21,571 - tadGANs - INFO - Epoch 189/1000 - Time: 1.57s - Loss: critic_x=-0.4613, critic_z=-101.2180, encoder=-155.6903, decoder=1.0166
2025-06-24 16:34:23,505 - tadGANs - INFO - Epoch 190/1000 - Time: 1.93s - Loss: critic_x=-0.4634, critic_z=-101.8401, encoder=-157.3372, decoder=1.0043
2025-06-24 16:34:23,518 - tadGANs - INFO - Models saved at epoch 190
2025-06-24 16:34:25,099 - tadGANs - INFO - Epoch 191/1000 - Time: 1.58s - Loss: critic_x=-0.4516, critic_z=-102.8215, encoder=-158.8224, decoder=1.0188
2025-06-24 16:34:26,672 - tadGANs - INFO - Epoch 192/1000 - Time: 1.57s - Loss: critic_x=-0.4346, critic_z=-103.5003, encoder=-160.0930, decoder=1.0163
2025-06-24 16:34:28,268 - tadGANs - INFO - Epoch 193/1000 - Time: 1.60s - Loss: critic_x=-0.4343, critic_z=-104.5845, encoder=-161.6604, decoder=0.9953
2025-06-24 16:34:29,684 - tadGANs - INFO - Epoch 194/1000 - Time: 1.42s - Loss: critic_x=-0.4246, critic_z=-105.5772, encoder=-163.3393, decoder=0.9933
2025-06-24 16:34:31,618 - tadGANs - INFO - Epoch 195/1000 - Time: 1.93s - Loss: critic_x=-0.4187, critic_z=-106.4334, encoder=-164.9763, decoder=1.0119
2025-06-24 16:34:33,376 - tadGANs - INFO - Epoch 196/1000 - Time: 1.76s - Loss: critic_x=-0.4041, critic_z=-107.1428, encoder=-166.0758, decoder=0.9822
2025-06-24 16:34:34,993 - tadGANs - INFO - Epoch 197/1000 - Time: 1.62s - Loss: critic_x=-0.4022, critic_z=-107.7858, encoder=-167.3248, decoder=1.0003
2025-06-24 16:34:36,591 - tadGANs - INFO - Epoch 198/1000 - Time: 1.60s - Loss: critic_x=-0.3852, critic_z=-108.8478, encoder=-169.0942, decoder=0.9806
2025-06-24 16:34:38,272 - tadGANs - INFO - Epoch 199/1000 - Time: 1.68s - Loss: critic_x=-0.3816, critic_z=-109.6670, encoder=-170.1442, decoder=0.9667
2025-06-24 16:34:40,092 - tadGANs - INFO - Epoch 200/1000 - Time: 1.82s - Loss: critic_x=-0.3701, critic_z=-110.5532, encoder=-171.6108, decoder=0.9355
2025-06-24 16:34:40,104 - tadGANs - INFO - Models saved at epoch 200
2025-06-24 16:34:41,787 - tadGANs - INFO - Epoch 201/1000 - Time: 1.68s - Loss: critic_x=-0.3670, critic_z=-111.3881, encoder=-173.2974, decoder=0.9425
2025-06-24 16:34:43,389 - tadGANs - INFO - Epoch 202/1000 - Time: 1.60s - Loss: critic_x=-0.3559, critic_z=-112.2216, encoder=-175.0167, decoder=0.9476
2025-06-24 16:34:45,201 - tadGANs - INFO - Epoch 203/1000 - Time: 1.81s - Loss: critic_x=-0.3500, critic_z=-113.1330, encoder=-176.4302, decoder=0.9610
2025-06-24 16:34:46,833 - tadGANs - INFO - Epoch 204/1000 - Time: 1.63s - Loss: critic_x=-0.3308, critic_z=-114.1437, encoder=-177.8781, decoder=0.9399
2025-06-24 16:34:48,727 - tadGANs - INFO - Epoch 205/1000 - Time: 1.89s - Loss: critic_x=-0.3197, critic_z=-114.8606, encoder=-179.2860, decoder=0.9291
2025-06-24 16:34:52,709 - tadGANs - INFO - Epoch 206/1000 - Time: 3.98s - Loss: critic_x=-0.3180, critic_z=-115.8323, encoder=-180.9160, decoder=0.9494
2025-06-24 16:34:54,439 - tadGANs - INFO - Epoch 207/1000 - Time: 1.73s - Loss: critic_x=-0.3077, critic_z=-116.7470, encoder=-182.2797, decoder=0.9350
2025-06-24 16:34:56,224 - tadGANs - INFO - Epoch 208/1000 - Time: 1.78s - Loss: critic_x=-0.2934, critic_z=-117.6971, encoder=-184.2213, decoder=0.9221
2025-06-24 16:34:57,952 - tadGANs - INFO - Epoch 209/1000 - Time: 1.73s - Loss: critic_x=-0.2948, critic_z=-118.2871, encoder=-185.2261, decoder=0.9536
2025-06-24 16:34:59,731 - tadGANs - INFO - Epoch 210/1000 - Time: 1.78s - Loss: critic_x=-0.2727, critic_z=-119.2313, encoder=-187.0193, decoder=0.9421
2025-06-24 16:34:59,743 - tadGANs - INFO - Models saved at epoch 210
2025-06-24 16:35:01,646 - tadGANs - INFO - Epoch 211/1000 - Time: 1.90s - Loss: critic_x=-0.2686, critic_z=-120.3777, encoder=-188.3558, decoder=0.9377
2025-06-24 16:35:03,548 - tadGANs - INFO - Epoch 212/1000 - Time: 1.90s - Loss: critic_x=-0.2642, critic_z=-121.1140, encoder=-189.9326, decoder=0.9792
2025-06-24 16:35:05,395 - tadGANs - INFO - Epoch 213/1000 - Time: 1.85s - Loss: critic_x=-0.2537, critic_z=-121.8900, encoder=-191.8365, decoder=0.9579
2025-06-24 16:35:07,149 - tadGANs - INFO - Epoch 214/1000 - Time: 1.75s - Loss: critic_x=-0.2568, critic_z=-122.8365, encoder=-193.1028, decoder=0.9787
2025-06-24 16:35:08,986 - tadGANs - INFO - Epoch 215/1000 - Time: 1.84s - Loss: critic_x=-0.2462, critic_z=-123.6410, encoder=-194.7539, decoder=0.9927
2025-06-24 16:35:10,816 - tadGANs - INFO - Epoch 216/1000 - Time: 1.83s - Loss: critic_x=-0.2450, critic_z=-124.6098, encoder=-196.1297, decoder=1.0321
2025-06-24 16:35:12,603 - tadGANs - INFO - Epoch 217/1000 - Time: 1.79s - Loss: critic_x=-0.2413, critic_z=-125.4174, encoder=-197.7315, decoder=1.0402
2025-06-24 16:35:14,546 - tadGANs - INFO - Epoch 218/1000 - Time: 1.94s - Loss: critic_x=-0.2438, critic_z=-126.4650, encoder=-199.2906, decoder=1.0463
2025-06-24 16:35:16,479 - tadGANs - INFO - Epoch 219/1000 - Time: 1.93s - Loss: critic_x=-0.2388, critic_z=-127.3343, encoder=-201.3345, decoder=1.0773
2025-06-24 16:35:18,290 - tadGANs - INFO - Epoch 220/1000 - Time: 1.81s - Loss: critic_x=-0.2423, critic_z=-128.4085, encoder=-202.9265, decoder=1.1191
2025-06-24 16:35:18,302 - tadGANs - INFO - Models saved at epoch 220
2025-06-24 16:35:20,073 - tadGANs - INFO - Epoch 221/1000 - Time: 1.77s - Loss: critic_x=-0.2471, critic_z=-129.1101, encoder=-204.4365, decoder=1.1525
2025-06-24 16:35:21,885 - tadGANs - INFO - Epoch 222/1000 - Time: 1.81s - Loss: critic_x=-0.2482, critic_z=-130.1260, encoder=-205.7941, decoder=1.1952
2025-06-24 16:35:23,541 - tadGANs - INFO - Epoch 223/1000 - Time: 1.66s - Loss: critic_x=-0.2525, critic_z=-130.8584, encoder=-207.3574, decoder=1.2082
2025-06-24 16:35:27,627 - tadGANs - INFO - Epoch 224/1000 - Time: 4.09s - Loss: critic_x=-0.2581, critic_z=-131.9760, encoder=-208.7561, decoder=1.2231
2025-06-24 16:35:29,470 - tadGANs - INFO - Epoch 225/1000 - Time: 1.84s - Loss: critic_x=-0.2584, critic_z=-132.9408, encoder=-210.7575, decoder=1.2500
2025-06-24 16:35:31,461 - tadGANs - INFO - Epoch 226/1000 - Time: 1.99s - Loss: critic_x=-0.2618, critic_z=-133.8845, encoder=-212.2683, decoder=1.2628
2025-06-24 16:35:33,460 - tadGANs - INFO - Epoch 227/1000 - Time: 2.00s - Loss: critic_x=-0.2608, critic_z=-134.8179, encoder=-213.9832, decoder=1.2857
2025-06-24 16:35:35,342 - tadGANs - INFO - Epoch 228/1000 - Time: 1.88s - Loss: critic_x=-0.2622, critic_z=-135.8641, encoder=-215.3704, decoder=1.2844
2025-06-24 16:35:37,113 - tadGANs - INFO - Epoch 229/1000 - Time: 1.77s - Loss: critic_x=-0.2630, critic_z=-136.7597, encoder=-217.2078, decoder=1.3112
2025-06-24 16:35:38,819 - tadGANs - INFO - Epoch 230/1000 - Time: 1.71s - Loss: critic_x=-0.2628, critic_z=-137.5229, encoder=-219.1879, decoder=1.3335
2025-06-24 16:35:38,833 - tadGANs - INFO - Models saved at epoch 230
2025-06-24 16:35:40,728 - tadGANs - INFO - Epoch 231/1000 - Time: 1.89s - Loss: critic_x=-0.2632, critic_z=-138.5007, encoder=-220.1892, decoder=1.3276
2025-06-24 16:35:42,401 - tadGANs - INFO - Epoch 232/1000 - Time: 1.67s - Loss: critic_x=-0.2626, critic_z=-139.6165, encoder=-222.0780, decoder=1.3444
2025-06-24 16:35:44,353 - tadGANs - INFO - Epoch 233/1000 - Time: 1.95s - Loss: critic_x=-0.2606, critic_z=-140.2765, encoder=-223.2989, decoder=1.3544
2025-06-24 16:35:46,232 - tadGANs - INFO - Epoch 234/1000 - Time: 1.88s - Loss: critic_x=-0.2607, critic_z=-141.3317, encoder=-225.1804, decoder=1.3480
2025-06-24 16:35:48,062 - tadGANs - INFO - Epoch 235/1000 - Time: 1.83s - Loss: critic_x=-0.2567, critic_z=-142.3395, encoder=-227.0459, decoder=1.3399
2025-06-24 16:35:49,920 - tadGANs - INFO - Epoch 236/1000 - Time: 1.86s - Loss: critic_x=-0.2560, critic_z=-143.0559, encoder=-228.5966, decoder=1.3321
2025-06-24 16:35:51,856 - tadGANs - INFO - Epoch 237/1000 - Time: 1.94s - Loss: critic_x=-0.2544, critic_z=-144.0248, encoder=-230.3340, decoder=1.3262
2025-06-24 16:35:53,648 - tadGANs - INFO - Epoch 238/1000 - Time: 1.79s - Loss: critic_x=-0.2508, critic_z=-145.2313, encoder=-231.7841, decoder=1.3330
2025-06-24 16:35:55,601 - tadGANs - INFO - Epoch 239/1000 - Time: 1.95s - Loss: critic_x=-0.2480, critic_z=-146.1633, encoder=-234.0381, decoder=1.3306
2025-06-24 16:35:57,637 - tadGANs - INFO - Epoch 240/1000 - Time: 2.04s - Loss: critic_x=-0.2487, critic_z=-146.9137, encoder=-235.2734, decoder=1.3072
2025-06-24 16:35:57,649 - tadGANs - INFO - Models saved at epoch 240
2025-06-24 16:35:59,310 - tadGANs - INFO - Epoch 241/1000 - Time: 1.66s - Loss: critic_x=-0.2467, critic_z=-148.3549, encoder=-237.2815, decoder=1.2933
2025-06-24 16:36:03,202 - tadGANs - INFO - Epoch 242/1000 - Time: 3.89s - Loss: critic_x=-0.2429, critic_z=-148.8083, encoder=-238.3327, decoder=1.2962
2025-06-24 16:36:05,019 - tadGANs - INFO - Epoch 243/1000 - Time: 1.82s - Loss: critic_x=-0.2406, critic_z=-150.0592, encoder=-240.1524, decoder=1.3053
2025-06-24 16:36:06,656 - tadGANs - INFO - Epoch 244/1000 - Time: 1.64s - Loss: critic_x=-0.2365, critic_z=-150.8810, encoder=-241.8216, decoder=1.2945
2025-06-24 16:36:08,592 - tadGANs - INFO - Epoch 245/1000 - Time: 1.94s - Loss: critic_x=-0.2348, critic_z=-151.8933, encoder=-243.5389, decoder=1.3010
2025-06-24 16:36:10,491 - tadGANs - INFO - Epoch 246/1000 - Time: 1.90s - Loss: critic_x=-0.2324, critic_z=-153.0050, encoder=-245.8349, decoder=1.3000
2025-06-24 16:36:12,469 - tadGANs - INFO - Epoch 247/1000 - Time: 1.98s - Loss: critic_x=-0.2304, critic_z=-153.8353, encoder=-247.0924, decoder=1.3009
2025-06-24 16:36:14,344 - tadGANs - INFO - Epoch 248/1000 - Time: 1.88s - Loss: critic_x=-0.2260, critic_z=-154.8230, encoder=-248.6037, decoder=1.2868
2025-06-24 16:36:16,181 - tadGANs - INFO - Epoch 249/1000 - Time: 1.84s - Loss: critic_x=-0.2238, critic_z=-155.9719, encoder=-250.6459, decoder=1.2834
2025-06-24 16:36:18,020 - tadGANs - INFO - Epoch 250/1000 - Time: 1.84s - Loss: critic_x=-0.2234, critic_z=-156.7893, encoder=-252.4202, decoder=1.2900
2025-06-24 16:36:18,032 - tadGANs - INFO - Models saved at epoch 250
2025-06-24 16:36:19,759 - tadGANs - INFO - Epoch 251/1000 - Time: 1.73s - Loss: critic_x=-0.2207, critic_z=-157.7109, encoder=-254.2241, decoder=1.2800
2025-06-24 16:36:21,583 - tadGANs - INFO - Epoch 252/1000 - Time: 1.82s - Loss: critic_x=-0.2194, critic_z=-158.9874, encoder=-255.6388, decoder=1.2809
2025-06-24 16:36:23,329 - tadGANs - INFO - Epoch 253/1000 - Time: 1.75s - Loss: critic_x=-0.2182, critic_z=-159.9454, encoder=-257.5849, decoder=1.2691
2025-06-24 16:36:25,107 - tadGANs - INFO - Epoch 254/1000 - Time: 1.78s - Loss: critic_x=-0.2169, critic_z=-161.0568, encoder=-259.8374, decoder=1.2529
2025-06-24 16:36:26,891 - tadGANs - INFO - Epoch 255/1000 - Time: 1.78s - Loss: critic_x=-0.2167, critic_z=-161.6679, encoder=-261.3132, decoder=1.2620
2025-06-24 16:36:28,513 - tadGANs - INFO - Epoch 256/1000 - Time: 1.62s - Loss: critic_x=-0.2131, critic_z=-162.7738, encoder=-263.0571, decoder=1.2714
2025-06-24 16:36:30,005 - tadGANs - INFO - Epoch 257/1000 - Time: 1.49s - Loss: critic_x=-0.2114, critic_z=-163.9799, encoder=-265.1797, decoder=1.2647
2025-06-24 16:36:31,669 - tadGANs - INFO - Epoch 258/1000 - Time: 1.66s - Loss: critic_x=-0.2117, critic_z=-165.1701, encoder=-266.6028, decoder=1.2787
2025-06-24 16:36:33,533 - tadGANs - INFO - Epoch 259/1000 - Time: 1.86s - Loss: critic_x=-0.2125, critic_z=-165.9900, encoder=-268.7665, decoder=1.2826
2025-06-24 16:36:37,176 - tadGANs - INFO - Epoch 260/1000 - Time: 3.64s - Loss: critic_x=-0.2151, critic_z=-166.9367, encoder=-270.3759, decoder=1.2859
2025-06-24 16:36:37,188 - tadGANs - INFO - Models saved at epoch 260
2025-06-24 16:36:38,937 - tadGANs - INFO - Epoch 261/1000 - Time: 1.75s - Loss: critic_x=-0.2165, critic_z=-167.9290, encoder=-271.8817, decoder=1.2868
2025-06-24 16:36:40,751 - tadGANs - INFO - Epoch 262/1000 - Time: 1.81s - Loss: critic_x=-0.2161, critic_z=-168.9640, encoder=-273.6262, decoder=1.3027
2025-06-24 16:36:42,688 - tadGANs - INFO - Epoch 263/1000 - Time: 1.94s - Loss: critic_x=-0.2197, critic_z=-170.0878, encoder=-275.4091, decoder=1.3010
2025-06-24 16:36:44,436 - tadGANs - INFO - Epoch 264/1000 - Time: 1.75s - Loss: critic_x=-0.2221, critic_z=-170.8903, encoder=-277.4435, decoder=1.3120
2025-06-24 16:36:46,309 - tadGANs - INFO - Epoch 265/1000 - Time: 1.87s - Loss: critic_x=-0.2260, critic_z=-172.3043, encoder=-279.6966, decoder=1.2981
2025-06-24 16:36:48,100 - tadGANs - INFO - Epoch 266/1000 - Time: 1.79s - Loss: critic_x=-0.2298, critic_z=-173.0446, encoder=-280.9626, decoder=1.2889
2025-06-24 16:36:50,101 - tadGANs - INFO - Epoch 267/1000 - Time: 2.00s - Loss: critic_x=-0.2268, critic_z=-174.0077, encoder=-282.8413, decoder=1.3077
2025-06-24 16:36:52,269 - tadGANs - INFO - Epoch 268/1000 - Time: 2.17s - Loss: critic_x=-0.2315, critic_z=-175.1236, encoder=-285.0006, decoder=1.3200
2025-06-24 16:36:54,447 - tadGANs - INFO - Epoch 269/1000 - Time: 2.18s - Loss: critic_x=-0.2286, critic_z=-176.1161, encoder=-286.2214, decoder=1.3389
2025-06-24 16:36:56,493 - tadGANs - INFO - Epoch 270/1000 - Time: 2.05s - Loss: critic_x=-0.2317, critic_z=-177.2047, encoder=-288.2778, decoder=1.3531
2025-06-24 16:36:56,505 - tadGANs - INFO - Models saved at epoch 270
2025-06-24 16:36:58,569 - tadGANs - INFO - Epoch 271/1000 - Time: 2.06s - Loss: critic_x=-0.2307, critic_z=-178.0758, encoder=-289.5915, decoder=1.3643
2025-06-24 16:37:00,685 - tadGANs - INFO - Epoch 272/1000 - Time: 2.12s - Loss: critic_x=-0.2301, critic_z=-179.2998, encoder=-292.1571, decoder=1.3635
2025-06-24 16:37:02,625 - tadGANs - INFO - Epoch 273/1000 - Time: 1.94s - Loss: critic_x=-0.2308, critic_z=-180.5608, encoder=-293.9417, decoder=1.3701
2025-06-24 16:37:04,569 - tadGANs - INFO - Epoch 274/1000 - Time: 1.94s - Loss: critic_x=-0.2376, critic_z=-181.4981, encoder=-295.8109, decoder=1.3713
2025-06-24 16:37:06,834 - tadGANs - INFO - Epoch 275/1000 - Time: 2.27s - Loss: critic_x=-0.2384, critic_z=-182.2111, encoder=-297.7256, decoder=1.3700
2025-06-24 16:37:10,975 - tadGANs - INFO - Epoch 276/1000 - Time: 4.14s - Loss: critic_x=-0.2393, critic_z=-183.3950, encoder=-299.2338, decoder=1.3568
2025-06-24 16:37:13,132 - tadGANs - INFO - Epoch 277/1000 - Time: 2.16s - Loss: critic_x=-0.2383, critic_z=-184.6123, encoder=-301.0596, decoder=1.3567
2025-06-24 16:37:15,318 - tadGANs - INFO - Epoch 278/1000 - Time: 2.19s - Loss: critic_x=-0.2410, critic_z=-185.6830, encoder=-303.1503, decoder=1.3410
2025-06-24 16:37:17,178 - tadGANs - INFO - Epoch 279/1000 - Time: 1.86s - Loss: critic_x=-0.2429, critic_z=-186.8560, encoder=-304.6226, decoder=1.3191
2025-06-24 16:37:18,928 - tadGANs - INFO - Epoch 280/1000 - Time: 1.75s - Loss: critic_x=-0.2394, critic_z=-187.5827, encoder=-307.4574, decoder=1.3096
2025-06-24 16:37:18,939 - tadGANs - INFO - Models saved at epoch 280
2025-06-24 16:37:20,516 - tadGANs - INFO - Epoch 281/1000 - Time: 1.58s - Loss: critic_x=-0.2421, critic_z=-188.9666, encoder=-309.5922, decoder=1.3012
2025-06-24 16:37:21,983 - tadGANs - INFO - Epoch 282/1000 - Time: 1.47s - Loss: critic_x=-0.2399, critic_z=-189.7304, encoder=-310.8186, decoder=1.3077
2025-06-24 16:37:23,626 - tadGANs - INFO - Epoch 283/1000 - Time: 1.64s - Loss: critic_x=-0.2409, critic_z=-191.2709, encoder=-312.8020, decoder=1.3229
2025-06-24 16:37:25,277 - tadGANs - INFO - Epoch 284/1000 - Time: 1.65s - Loss: critic_x=-0.2420, critic_z=-191.9016, encoder=-315.0111, decoder=1.3282
2025-06-24 16:37:26,752 - tadGANs - INFO - Epoch 285/1000 - Time: 1.47s - Loss: critic_x=-0.2464, critic_z=-193.2723, encoder=-316.7261, decoder=1.3444
2025-06-24 16:37:28,198 - tadGANs - INFO - Epoch 286/1000 - Time: 1.45s - Loss: critic_x=-0.2472, critic_z=-194.2937, encoder=-318.2583, decoder=1.3464
2025-06-24 16:37:29,642 - tadGANs - INFO - Epoch 287/1000 - Time: 1.44s - Loss: critic_x=-0.2499, critic_z=-195.0869, encoder=-320.4915, decoder=1.3405
2025-06-24 16:37:31,147 - tadGANs - INFO - Epoch 288/1000 - Time: 1.50s - Loss: critic_x=-0.2502, critic_z=-196.4599, encoder=-322.3770, decoder=1.3324
2025-06-24 16:37:32,731 - tadGANs - INFO - Epoch 289/1000 - Time: 1.58s - Loss: critic_x=-0.2516, critic_z=-196.9870, encoder=-323.9526, decoder=1.3276
2025-06-24 16:37:34,169 - tadGANs - INFO - Epoch 290/1000 - Time: 1.44s - Loss: critic_x=-0.2509, critic_z=-198.3670, encoder=-326.4347, decoder=1.3486
2025-06-24 16:37:34,179 - tadGANs - INFO - Models saved at epoch 290
2025-06-24 16:37:35,820 - tadGANs - INFO - Epoch 291/1000 - Time: 1.64s - Loss: critic_x=-0.2508, critic_z=-199.6838, encoder=-327.9899, decoder=1.3441
2025-06-24 16:37:37,282 - tadGANs - INFO - Epoch 292/1000 - Time: 1.46s - Loss: critic_x=-0.2532, critic_z=-200.5188, encoder=-329.7900, decoder=1.3424
2025-06-24 16:37:38,885 - tadGANs - INFO - Epoch 293/1000 - Time: 1.60s - Loss: critic_x=-0.2565, critic_z=-201.5168, encoder=-332.5238, decoder=1.3495
2025-06-24 16:37:40,367 - tadGANs - INFO - Epoch 294/1000 - Time: 1.48s - Loss: critic_x=-0.2571, critic_z=-202.7234, encoder=-334.4715, decoder=1.3619
2025-06-24 16:37:42,043 - tadGANs - INFO - Epoch 295/1000 - Time: 1.68s - Loss: critic_x=-0.2573, critic_z=-203.9210, encoder=-335.7850, decoder=1.3538
2025-06-24 16:37:45,628 - tadGANs - INFO - Epoch 296/1000 - Time: 3.59s - Loss: critic_x=-0.2576, critic_z=-205.1049, encoder=-337.6016, decoder=1.3409
2025-06-24 16:37:47,026 - tadGANs - INFO - Epoch 297/1000 - Time: 1.40s - Loss: critic_x=-0.2575, critic_z=-206.1612, encoder=-340.1443, decoder=1.3305
2025-06-24 16:37:48,618 - tadGANs - INFO - Epoch 298/1000 - Time: 1.59s - Loss: critic_x=-0.2567, critic_z=-207.2924, encoder=-341.9886, decoder=1.3353
2025-06-24 16:37:50,516 - tadGANs - INFO - Epoch 299/1000 - Time: 1.90s - Loss: critic_x=-0.2571, critic_z=-208.4468, encoder=-343.9761, decoder=1.3334
2025-06-24 16:37:52,472 - tadGANs - INFO - Epoch 300/1000 - Time: 1.96s - Loss: critic_x=-0.2587, critic_z=-209.4716, encoder=-345.7241, decoder=1.3336
2025-06-24 16:37:52,482 - tadGANs - INFO - Models saved at epoch 300
2025-06-24 16:37:54,281 - tadGANs - INFO - Epoch 301/1000 - Time: 1.80s - Loss: critic_x=-0.2590, critic_z=-210.4038, encoder=-347.7184, decoder=1.3294
2025-06-24 16:37:56,206 - tadGANs - INFO - Epoch 302/1000 - Time: 1.93s - Loss: critic_x=-0.2593, critic_z=-211.8051, encoder=-350.0908, decoder=1.3188
2025-06-24 16:37:58,067 - tadGANs - INFO - Epoch 303/1000 - Time: 1.86s - Loss: critic_x=-0.2597, critic_z=-212.9632, encoder=-352.3295, decoder=1.3125
2025-06-24 16:37:59,864 - tadGANs - INFO - Epoch 304/1000 - Time: 1.80s - Loss: critic_x=-0.2597, critic_z=-213.7172, encoder=-354.3390, decoder=1.3150
2025-06-24 16:38:01,584 - tadGANs - INFO - Epoch 305/1000 - Time: 1.72s - Loss: critic_x=-0.2585, critic_z=-215.2689, encoder=-355.9026, decoder=1.3240
2025-06-24 16:38:03,325 - tadGANs - INFO - Epoch 306/1000 - Time: 1.74s - Loss: critic_x=-0.2609, critic_z=-216.4936, encoder=-357.9897, decoder=1.3409
2025-06-24 16:38:05,083 - tadGANs - INFO - Epoch 307/1000 - Time: 1.76s - Loss: critic_x=-0.2618, critic_z=-217.1264, encoder=-359.8461, decoder=1.3475
2025-06-24 16:38:06,898 - tadGANs - INFO - Epoch 308/1000 - Time: 1.82s - Loss: critic_x=-0.2612, critic_z=-218.5148, encoder=-362.2278, decoder=1.3479
2025-06-24 16:38:08,712 - tadGANs - INFO - Epoch 309/1000 - Time: 1.81s - Loss: critic_x=-0.2624, critic_z=-219.4001, encoder=-363.7602, decoder=1.3478
2025-06-24 16:38:10,453 - tadGANs - INFO - Epoch 310/1000 - Time: 1.74s - Loss: critic_x=-0.2621, critic_z=-221.0578, encoder=-367.4343, decoder=1.3526
2025-06-24 16:38:10,463 - tadGANs - INFO - Models saved at epoch 310
2025-06-24 16:38:12,209 - tadGANs - INFO - Epoch 311/1000 - Time: 1.75s - Loss: critic_x=-0.2650, critic_z=-221.7868, encoder=-367.8875, decoder=1.3433
2025-06-24 16:38:13,915 - tadGANs - INFO - Epoch 312/1000 - Time: 1.71s - Loss: critic_x=-0.2642, critic_z=-222.8416, encoder=-370.0976, decoder=1.3452
2025-06-24 16:38:15,620 - tadGANs - INFO - Epoch 313/1000 - Time: 1.70s - Loss: critic_x=-0.2664, critic_z=-224.3632, encoder=-372.4518, decoder=1.3501
2025-06-24 16:38:19,279 - tadGANs - INFO - Epoch 314/1000 - Time: 3.66s - Loss: critic_x=-0.2659, critic_z=-225.6109, encoder=-374.4044, decoder=1.3413
2025-06-24 16:38:20,727 - tadGANs - INFO - Epoch 315/1000 - Time: 1.45s - Loss: critic_x=-0.2649, critic_z=-226.5469, encoder=-376.7102, decoder=1.3315
2025-06-24 16:38:22,160 - tadGANs - INFO - Epoch 316/1000 - Time: 1.43s - Loss: critic_x=-0.2634, critic_z=-227.5765, encoder=-378.8415, decoder=1.3405
2025-06-24 16:38:23,582 - tadGANs - INFO - Epoch 317/1000 - Time: 1.42s - Loss: critic_x=-0.2638, critic_z=-228.8601, encoder=-381.0966, decoder=1.3331
2025-06-24 16:38:24,998 - tadGANs - INFO - Epoch 318/1000 - Time: 1.42s - Loss: critic_x=-0.2632, critic_z=-229.8608, encoder=-382.6329, decoder=1.3346
2025-06-24 16:38:26,435 - tadGANs - INFO - Epoch 319/1000 - Time: 1.44s - Loss: critic_x=-0.2641, critic_z=-231.0249, encoder=-385.2510, decoder=1.3423
2025-06-24 16:38:27,868 - tadGANs - INFO - Epoch 320/1000 - Time: 1.43s - Loss: critic_x=-0.2644, critic_z=-232.2354, encoder=-386.9141, decoder=1.3285
2025-06-24 16:38:27,878 - tadGANs - INFO - Models saved at epoch 320
2025-06-24 16:38:29,308 - tadGANs - INFO - Epoch 321/1000 - Time: 1.43s - Loss: critic_x=-0.2647, critic_z=-233.6439, encoder=-389.0101, decoder=1.3166
2025-06-24 16:38:30,730 - tadGANs - INFO - Epoch 322/1000 - Time: 1.42s - Loss: critic_x=-0.2649, critic_z=-234.7438, encoder=-390.9769, decoder=1.3284
2025-06-24 16:38:32,159 - tadGANs - INFO - Epoch 323/1000 - Time: 1.43s - Loss: critic_x=-0.2640, critic_z=-235.6958, encoder=-392.9281, decoder=1.3446
2025-06-24 16:38:33,591 - tadGANs - INFO - Epoch 324/1000 - Time: 1.43s - Loss: critic_x=-0.2633, critic_z=-237.1861, encoder=-395.2162, decoder=1.3331
2025-06-24 16:38:34,998 - tadGANs - INFO - Epoch 325/1000 - Time: 1.41s - Loss: critic_x=-0.2613, critic_z=-238.3831, encoder=-397.3328, decoder=1.3426
2025-06-24 16:38:36,403 - tadGANs - INFO - Epoch 326/1000 - Time: 1.41s - Loss: critic_x=-0.2604, critic_z=-239.4079, encoder=-399.6567, decoder=1.3298
2025-06-24 16:38:37,829 - tadGANs - INFO - Epoch 327/1000 - Time: 1.43s - Loss: critic_x=-0.2612, critic_z=-240.6074, encoder=-401.3109, decoder=1.3301
2025-06-24 16:38:39,256 - tadGANs - INFO - Epoch 328/1000 - Time: 1.43s - Loss: critic_x=-0.2582, critic_z=-241.4835, encoder=-403.8539, decoder=1.3205
2025-06-24 16:38:40,687 - tadGANs - INFO - Epoch 329/1000 - Time: 1.43s - Loss: critic_x=-0.2589, critic_z=-242.6822, encoder=-405.4526, decoder=1.3166
2025-06-24 16:38:42,109 - tadGANs - INFO - Epoch 330/1000 - Time: 1.42s - Loss: critic_x=-0.2562, critic_z=-243.8605, encoder=-407.9407, decoder=1.3016
2025-06-24 16:38:42,119 - tadGANs - INFO - Models saved at epoch 330
2025-06-24 17:14:13,891 - tadGANs - INFO - Epoch 331/1000 - Time: 2131.77s - Loss: critic_x=-0.2559, critic_z=-245.2393, encoder=-409.8301, decoder=1.2938
2025-06-24 17:14:16,347 - tadGANs - INFO - Epoch 332/1000 - Time: 2.46s - Loss: critic_x=-0.2542, critic_z=-246.6564, encoder=-412.3641, decoder=1.3026
2025-06-24 17:14:18,859 - tadGANs - INFO - Epoch 333/1000 - Time: 2.51s - Loss: critic_x=-0.2517, critic_z=-247.5492, encoder=-414.0299, decoder=1.3081
2025-06-24 17:14:20,275 - tadGANs - INFO - Epoch 334/1000 - Time: 1.42s - Loss: critic_x=-0.2483, critic_z=-249.1958, encoder=-417.0962, decoder=1.3077
2025-06-24 17:14:21,634 - tadGANs - INFO - Epoch 335/1000 - Time: 1.36s - Loss: critic_x=-0.2485, critic_z=-250.6553, encoder=-419.2126, decoder=1.3119
2025-06-24 17:14:23,380 - tadGANs - INFO - Epoch 336/1000 - Time: 1.75s - Loss: critic_x=-0.2480, critic_z=-251.4344, encoder=-421.3433, decoder=1.3063
2025-06-24 17:14:24,828 - tadGANs - INFO - Epoch 337/1000 - Time: 1.45s - Loss: critic_x=-0.2457, critic_z=-252.6430, encoder=-423.1292, decoder=1.3203
2025-06-24 17:14:26,408 - tadGANs - INFO - Epoch 338/1000 - Time: 1.58s - Loss: critic_x=-0.2420, critic_z=-253.4636, encoder=-425.9788, decoder=1.3142
2025-06-24 17:14:28,057 - tadGANs - INFO - Epoch 339/1000 - Time: 1.65s - Loss: critic_x=-0.2393, critic_z=-254.7547, encoder=-427.8035, decoder=1.3106
2025-06-24 17:14:29,493 - tadGANs - INFO - Epoch 340/1000 - Time: 1.44s - Loss: critic_x=-0.2386, critic_z=-255.9738, encoder=-429.4998, decoder=1.2947
2025-06-24 17:14:29,505 - tadGANs - INFO - Models saved at epoch 340
2025-06-24 17:14:31,152 - tadGANs - INFO - Epoch 341/1000 - Time: 1.65s - Loss: critic_x=-0.2366, critic_z=-257.3385, encoder=-431.6672, decoder=1.2941
2025-06-24 17:14:32,752 - tadGANs - INFO - Epoch 342/1000 - Time: 1.60s - Loss: critic_x=-0.2349, critic_z=-258.6654, encoder=-434.6530, decoder=1.2986
2025-06-24 17:14:34,318 - tadGANs - INFO - Epoch 343/1000 - Time: 1.57s - Loss: critic_x=-0.2323, critic_z=-259.8145, encoder=-436.4220, decoder=1.2971
2025-06-24 17:14:35,921 - tadGANs - INFO - Epoch 344/1000 - Time: 1.60s - Loss: critic_x=-0.2292, critic_z=-260.9242, encoder=-438.7680, decoder=1.3077
2025-06-24 17:14:37,827 - tadGANs - INFO - Epoch 345/1000 - Time: 1.91s - Loss: critic_x=-0.2260, critic_z=-262.3078, encoder=-440.3942, decoder=1.2787
2025-06-24 17:14:39,883 - tadGANs - INFO - Epoch 346/1000 - Time: 2.06s - Loss: critic_x=-0.2247, critic_z=-263.4929, encoder=-443.0158, decoder=1.2655
2025-06-24 17:14:41,630 - tadGANs - INFO - Epoch 347/1000 - Time: 1.75s - Loss: critic_x=-0.2209, critic_z=-264.7059, encoder=-445.5732, decoder=1.2730
2025-06-24 17:14:43,324 - tadGANs - INFO - Epoch 348/1000 - Time: 1.69s - Loss: critic_x=-0.2168, critic_z=-266.3091, encoder=-447.9911, decoder=1.2599
2025-06-24 17:14:45,023 - tadGANs - INFO - Epoch 349/1000 - Time: 1.70s - Loss: critic_x=-0.2151, critic_z=-267.0367, encoder=-450.0695, decoder=1.2541
2025-06-24 17:14:46,722 - tadGANs - INFO - Epoch 350/1000 - Time: 1.70s - Loss: critic_x=-0.2105, critic_z=-268.2405, encoder=-452.1349, decoder=1.2665
2025-06-24 17:14:46,733 - tadGANs - INFO - Models saved at epoch 350
2025-06-24 17:14:48,312 - tadGANs - INFO - Epoch 351/1000 - Time: 1.58s - Loss: critic_x=-0.2089, critic_z=-269.5547, encoder=-454.1259, decoder=1.2618
2025-06-24 17:14:49,904 - tadGANs - INFO - Epoch 352/1000 - Time: 1.59s - Loss: critic_x=-0.2083, critic_z=-270.7517, encoder=-456.6429, decoder=1.2834
2025-06-24 17:14:51,550 - tadGANs - INFO - Epoch 353/1000 - Time: 1.65s - Loss: critic_x=-0.2032, critic_z=-272.1716, encoder=-459.2909, decoder=1.2778
2025-06-24 17:14:53,210 - tadGANs - INFO - Epoch 354/1000 - Time: 1.66s - Loss: critic_x=-0.2009, critic_z=-273.4369, encoder=-461.4085, decoder=1.2686
2025-06-24 17:14:54,857 - tadGANs - INFO - Epoch 355/1000 - Time: 1.65s - Loss: critic_x=-0.1980, critic_z=-274.6311, encoder=-462.9106, decoder=1.2459
2025-06-24 17:14:56,489 - tadGANs - INFO - Epoch 356/1000 - Time: 1.63s - Loss: critic_x=-0.1962, critic_z=-275.8950, encoder=-465.7770, decoder=1.2452
2025-06-24 17:14:58,109 - tadGANs - INFO - Epoch 357/1000 - Time: 1.62s - Loss: critic_x=-0.1909, critic_z=-277.2919, encoder=-468.5206, decoder=1.2473
2025-06-24 17:14:59,718 - tadGANs - INFO - Epoch 358/1000 - Time: 1.61s - Loss: critic_x=-0.1891, critic_z=-278.4001, encoder=-471.1973, decoder=1.2330
2025-06-24 17:15:01,443 - tadGANs - INFO - Epoch 359/1000 - Time: 1.72s - Loss: critic_x=-0.1843, critic_z=-279.5184, encoder=-471.8890, decoder=1.2433
2025-06-24 17:15:03,348 - tadGANs - INFO - Epoch 360/1000 - Time: 1.91s - Loss: critic_x=-0.1817, critic_z=-280.6563, encoder=-474.2704, decoder=1.2351
2025-06-24 17:15:03,356 - tadGANs - INFO - Models saved at epoch 360
2025-06-24 17:15:05,145 - tadGANs - INFO - Epoch 361/1000 - Time: 1.79s - Loss: critic_x=-0.1746, critic_z=-282.1214, encoder=-478.1310, decoder=1.2397
2025-06-24 17:15:06,795 - tadGANs - INFO - Epoch 362/1000 - Time: 1.65s - Loss: critic_x=-0.1702, critic_z=-283.8431, encoder=-479.7438, decoder=1.2400
2025-06-24 17:15:08,415 - tadGANs - INFO - Epoch 363/1000 - Time: 1.62s - Loss: critic_x=-0.1664, critic_z=-284.7290, encoder=-481.9119, decoder=1.2410
2025-06-24 17:15:10,038 - tadGANs - INFO - Epoch 364/1000 - Time: 1.62s - Loss: critic_x=-0.1651, critic_z=-285.9204, encoder=-483.6662, decoder=1.2420
2025-06-24 17:15:11,642 - tadGANs - INFO - Epoch 365/1000 - Time: 1.60s - Loss: critic_x=-0.1602, critic_z=-287.0775, encoder=-486.1075, decoder=1.2485
2025-06-24 17:15:13,240 - tadGANs - INFO - Epoch 366/1000 - Time: 1.60s - Loss: critic_x=-0.1572, critic_z=-288.2970, encoder=-487.9623, decoder=1.2326
2025-06-24 17:15:14,843 - tadGANs - INFO - Epoch 367/1000 - Time: 1.60s - Loss: critic_x=-0.1544, critic_z=-289.5442, encoder=-491.3639, decoder=1.2218
2025-06-24 17:15:16,456 - tadGANs - INFO - Epoch 368/1000 - Time: 1.61s - Loss: critic_x=-0.1504, critic_z=-291.1564, encoder=-493.9298, decoder=1.2258
2025-06-24 17:15:18,054 - tadGANs - INFO - Epoch 369/1000 - Time: 1.60s - Loss: critic_x=-0.1459, critic_z=-292.1949, encoder=-495.0573, decoder=1.2182
2025-06-24 17:15:19,667 - tadGANs - INFO - Epoch 370/1000 - Time: 1.61s - Loss: critic_x=-0.1398, critic_z=-294.1174, encoder=-498.7362, decoder=1.2200
2025-06-24 17:15:19,677 - tadGANs - INFO - Models saved at epoch 370
2025-06-24 17:15:21,274 - tadGANs - INFO - Epoch 371/1000 - Time: 1.60s - Loss: critic_x=-0.1380, critic_z=-295.2253, encoder=-500.2621, decoder=1.2032
2025-06-24 17:15:22,862 - tadGANs - INFO - Epoch 372/1000 - Time: 1.59s - Loss: critic_x=-0.1319, critic_z=-296.3949, encoder=-502.6824, decoder=1.2014
2025-06-24 17:15:24,468 - tadGANs - INFO - Epoch 373/1000 - Time: 1.61s - Loss: critic_x=-0.1257, critic_z=-297.3660, encoder=-505.4422, decoder=1.2069
2025-06-24 17:15:26,082 - tadGANs - INFO - Epoch 374/1000 - Time: 1.61s - Loss: critic_x=-0.1221, critic_z=-298.9610, encoder=-507.7459, decoder=1.2230
2025-06-24 17:15:27,683 - tadGANs - INFO - Epoch 375/1000 - Time: 1.60s - Loss: critic_x=-0.1224, critic_z=-300.0451, encoder=-509.8311, decoder=1.2467
2025-06-24 17:15:29,109 - tadGANs - INFO - Epoch 376/1000 - Time: 1.43s - Loss: critic_x=-0.1204, critic_z=-301.6991, encoder=-512.0924, decoder=1.2406
2025-06-24 17:15:30,457 - tadGANs - INFO - Epoch 377/1000 - Time: 1.35s - Loss: critic_x=-0.1139, critic_z=-303.0766, encoder=-514.2418, decoder=1.2310
2025-06-24 17:15:31,802 - tadGANs - INFO - Epoch 378/1000 - Time: 1.34s - Loss: critic_x=-0.1133, critic_z=-303.9543, encoder=-517.6004, decoder=1.2209
2025-06-24 17:15:33,219 - tadGANs - INFO - Epoch 379/1000 - Time: 1.42s - Loss: critic_x=-0.1062, critic_z=-304.9825, encoder=-519.6168, decoder=1.2082
2025-06-24 17:15:34,843 - tadGANs - INFO - Epoch 380/1000 - Time: 1.62s - Loss: critic_x=-0.1050, critic_z=-306.7746, encoder=-521.8965, decoder=1.1940
2025-06-24 17:15:34,853 - tadGANs - INFO - Models saved at epoch 380
2025-06-24 17:15:36,482 - tadGANs - INFO - Epoch 381/1000 - Time: 1.63s - Loss: critic_x=-0.1002, critic_z=-308.0735, encoder=-524.0171, decoder=1.1760
2025-06-24 17:15:37,899 - tadGANs - INFO - Epoch 382/1000 - Time: 1.42s - Loss: critic_x=-0.0948, critic_z=-309.2719, encoder=-526.6592, decoder=1.2022
2025-06-24 17:15:39,251 - tadGANs - INFO - Epoch 383/1000 - Time: 1.35s - Loss: critic_x=-0.0951, critic_z=-310.6222, encoder=-529.1051, decoder=1.2159
2025-06-24 17:15:40,595 - tadGANs - INFO - Epoch 384/1000 - Time: 1.34s - Loss: critic_x=-0.0909, critic_z=-311.8272, encoder=-531.6834, decoder=1.2225
2025-06-24 17:15:41,945 - tadGANs - INFO - Epoch 385/1000 - Time: 1.35s - Loss: critic_x=-0.0883, critic_z=-313.5252, encoder=-533.7481, decoder=1.2415
2025-06-24 17:15:43,283 - tadGANs - INFO - Epoch 386/1000 - Time: 1.34s - Loss: critic_x=-0.0852, critic_z=-314.5424, encoder=-536.9400, decoder=1.2469
2025-06-24 17:15:44,740 - tadGANs - INFO - Epoch 387/1000 - Time: 1.46s - Loss: critic_x=-0.0804, critic_z=-315.8867, encoder=-538.9038, decoder=1.2308
2025-06-24 17:15:46,227 - tadGANs - INFO - Epoch 388/1000 - Time: 1.49s - Loss: critic_x=-0.0791, critic_z=-317.5051, encoder=-540.7341, decoder=1.2394
2025-06-24 17:15:47,777 - tadGANs - INFO - Epoch 389/1000 - Time: 1.55s - Loss: critic_x=-0.0768, critic_z=-318.9254, encoder=-543.9186, decoder=1.2230
2025-06-24 17:15:49,085 - tadGANs - INFO - Epoch 390/1000 - Time: 1.31s - Loss: critic_x=-0.0754, critic_z=-320.3854, encoder=-546.1491, decoder=1.2237
2025-06-24 17:15:49,094 - tadGANs - INFO - Models saved at epoch 390
2025-06-24 17:15:50,519 - tadGANs - INFO - Epoch 391/1000 - Time: 1.42s - Loss: critic_x=-0.0740, critic_z=-321.6495, encoder=-549.0868, decoder=1.2403
2025-06-24 17:15:51,868 - tadGANs - INFO - Epoch 392/1000 - Time: 1.35s - Loss: critic_x=-0.0729, critic_z=-322.8733, encoder=-551.5617, decoder=1.2491
2025-06-24 17:15:53,198 - tadGANs - INFO - Epoch 393/1000 - Time: 1.33s - Loss: critic_x=-0.0728, critic_z=-324.1021, encoder=-553.3332, decoder=1.2712
2025-06-24 17:15:54,496 - tadGANs - INFO - Epoch 394/1000 - Time: 1.30s - Loss: critic_x=-0.0728, critic_z=-325.6358, encoder=-555.8983, decoder=1.2582
2025-06-24 17:15:55,966 - tadGANs - INFO - Epoch 395/1000 - Time: 1.47s - Loss: critic_x=-0.0719, critic_z=-326.7784, encoder=-558.4940, decoder=1.2855
2025-06-24 17:15:57,403 - tadGANs - INFO - Epoch 396/1000 - Time: 1.44s - Loss: critic_x=-0.0713, critic_z=-328.3808, encoder=-561.1028, decoder=1.2924
2025-06-24 17:15:58,753 - tadGANs - INFO - Epoch 397/1000 - Time: 1.35s - Loss: critic_x=-0.0725, critic_z=-329.1424, encoder=-563.4056, decoder=1.3106
2025-06-24 17:16:00,084 - tadGANs - INFO - Epoch 398/1000 - Time: 1.33s - Loss: critic_x=-0.0740, critic_z=-330.7203, encoder=-565.3408, decoder=1.3034
2025-06-24 17:16:01,414 - tadGANs - INFO - Epoch 399/1000 - Time: 1.33s - Loss: critic_x=-0.0725, critic_z=-332.4878, encoder=-567.6678, decoder=1.3101
2025-06-24 17:16:02,862 - tadGANs - INFO - Epoch 400/1000 - Time: 1.45s - Loss: critic_x=-0.0749, critic_z=-333.4442, encoder=-571.4559, decoder=1.3348
2025-06-24 17:16:02,870 - tadGANs - INFO - Models saved at epoch 400
2025-06-24 17:16:04,352 - tadGANs - INFO - Epoch 401/1000 - Time: 1.48s - Loss: critic_x=-0.0781, critic_z=-335.0817, encoder=-573.2458, decoder=1.3612
2025-06-24 17:16:05,797 - tadGANs - INFO - Epoch 402/1000 - Time: 1.44s - Loss: critic_x=-0.0786, critic_z=-336.2468, encoder=-576.1430, decoder=1.3791
2025-06-24 17:16:07,249 - tadGANs - INFO - Epoch 403/1000 - Time: 1.45s - Loss: critic_x=-0.0792, critic_z=-337.8453, encoder=-578.4725, decoder=1.3776
2025-06-24 17:16:08,675 - tadGANs - INFO - Epoch 404/1000 - Time: 1.43s - Loss: critic_x=-0.0815, critic_z=-339.2101, encoder=-581.3914, decoder=1.3625
2025-06-24 17:16:09,926 - tadGANs - INFO - Epoch 405/1000 - Time: 1.25s - Loss: critic_x=-0.0851, critic_z=-340.2675, encoder=-584.1791, decoder=1.3523
2025-06-24 17:16:11,278 - tadGANs - INFO - Epoch 406/1000 - Time: 1.35s - Loss: critic_x=-0.0901, critic_z=-341.7107, encoder=-586.1489, decoder=1.3412
2025-06-24 17:16:12,622 - tadGANs - INFO - Epoch 407/1000 - Time: 1.34s - Loss: critic_x=-0.0902, critic_z=-343.5491, encoder=-589.2090, decoder=1.3342
2025-06-24 17:16:13,950 - tadGANs - INFO - Epoch 408/1000 - Time: 1.33s - Loss: critic_x=-0.0902, critic_z=-344.5431, encoder=-591.0928, decoder=1.3573
2025-06-24 17:16:15,231 - tadGANs - INFO - Epoch 409/1000 - Time: 1.28s - Loss: critic_x=-0.0931, critic_z=-346.3197, encoder=-593.7554, decoder=1.3716
2025-06-24 17:16:16,639 - tadGANs - INFO - Epoch 410/1000 - Time: 1.41s - Loss: critic_x=-0.0945, critic_z=-347.2873, encoder=-596.4780, decoder=1.3701
2025-06-24 17:16:16,648 - tadGANs - INFO - Models saved at epoch 410
2025-06-24 17:16:18,042 - tadGANs - INFO - Epoch 411/1000 - Time: 1.39s - Loss: critic_x=-0.0955, critic_z=-348.6968, encoder=-598.9423, decoder=1.3811
2025-06-24 17:16:19,331 - tadGANs - INFO - Epoch 412/1000 - Time: 1.29s - Loss: critic_x=-0.0970, critic_z=-350.0233, encoder=-601.5991, decoder=1.3826
2025-06-24 17:16:20,634 - tadGANs - INFO - Epoch 413/1000 - Time: 1.30s - Loss: critic_x=-0.0969, critic_z=-351.1647, encoder=-604.4334, decoder=1.3829
2025-06-24 17:16:21,897 - tadGANs - INFO - Epoch 414/1000 - Time: 1.26s - Loss: critic_x=-0.0992, critic_z=-352.9914, encoder=-606.0850, decoder=1.3881
2025-06-24 17:16:23,143 - tadGANs - INFO - Epoch 415/1000 - Time: 1.25s - Loss: critic_x=-0.1023, critic_z=-354.1164, encoder=-609.3850, decoder=1.3940
2025-06-24 17:16:24,352 - tadGANs - INFO - Epoch 416/1000 - Time: 1.21s - Loss: critic_x=-0.1043, critic_z=-355.6655, encoder=-611.9327, decoder=1.3961
2025-06-24 17:16:25,581 - tadGANs - INFO - Epoch 417/1000 - Time: 1.23s - Loss: critic_x=-0.1055, critic_z=-357.1050, encoder=-614.8451, decoder=1.4225
2025-06-24 17:16:26,774 - tadGANs - INFO - Epoch 418/1000 - Time: 1.19s - Loss: critic_x=-0.1093, critic_z=-358.6867, encoder=-617.6582, decoder=1.4242
2025-06-24 17:16:28,037 - tadGANs - INFO - Epoch 419/1000 - Time: 1.26s - Loss: critic_x=-0.1132, critic_z=-359.6912, encoder=-618.2873, decoder=1.4161
2025-06-24 17:16:29,325 - tadGANs - INFO - Epoch 420/1000 - Time: 1.29s - Loss: critic_x=-0.1181, critic_z=-361.4156, encoder=-622.0301, decoder=1.4110
2025-06-24 17:16:29,335 - tadGANs - INFO - Models saved at epoch 420
2025-06-24 17:16:30,619 - tadGANs - INFO - Epoch 421/1000 - Time: 1.28s - Loss: critic_x=-0.1181, critic_z=-362.9937, encoder=-624.2615, decoder=1.4112
2025-06-24 17:16:31,914 - tadGANs - INFO - Epoch 422/1000 - Time: 1.29s - Loss: critic_x=-0.1216, critic_z=-364.0482, encoder=-627.6922, decoder=1.4376
2025-06-24 17:16:33,230 - tadGANs - INFO - Epoch 423/1000 - Time: 1.32s - Loss: critic_x=-0.1263, critic_z=-365.5433, encoder=-628.6541, decoder=1.4648
2025-06-24 17:16:34,551 - tadGANs - INFO - Epoch 424/1000 - Time: 1.32s - Loss: critic_x=-0.1276, critic_z=-367.2220, encoder=-632.8623, decoder=1.4714
2025-06-24 17:16:35,850 - tadGANs - INFO - Epoch 425/1000 - Time: 1.30s - Loss: critic_x=-0.1313, critic_z=-369.4458, encoder=-635.3448, decoder=1.4551
2025-06-24 17:16:37,151 - tadGANs - INFO - Epoch 426/1000 - Time: 1.30s - Loss: critic_x=-0.1349, critic_z=-369.9915, encoder=-638.0157, decoder=1.4712
2025-06-24 17:16:38,371 - tadGANs - INFO - Epoch 427/1000 - Time: 1.22s - Loss: critic_x=-0.1386, critic_z=-371.3775, encoder=-640.6755, decoder=1.4664
2025-06-24 17:16:39,603 - tadGANs - INFO - Epoch 428/1000 - Time: 1.23s - Loss: critic_x=-0.1460, critic_z=-372.0963, encoder=-642.8653, decoder=1.4674
2025-06-24 17:16:40,803 - tadGANs - INFO - Epoch 429/1000 - Time: 1.20s - Loss: critic_x=-0.1473, critic_z=-373.9649, encoder=-645.5273, decoder=1.4600
2025-06-24 17:16:41,995 - tadGANs - INFO - Epoch 430/1000 - Time: 1.19s - Loss: critic_x=-0.1512, critic_z=-375.5876, encoder=-647.9413, decoder=1.4566
2025-06-24 17:16:42,004 - tadGANs - INFO - Models saved at epoch 430
2025-06-24 17:16:43,246 - tadGANs - INFO - Epoch 431/1000 - Time: 1.24s - Loss: critic_x=-0.1546, critic_z=-376.6089, encoder=-650.2115, decoder=1.4633
2025-06-24 17:16:44,460 - tadGANs - INFO - Epoch 432/1000 - Time: 1.21s - Loss: critic_x=-0.1572, critic_z=-378.6299, encoder=-653.5620, decoder=1.4507
2025-06-24 17:16:45,649 - tadGANs - INFO - Epoch 433/1000 - Time: 1.19s - Loss: critic_x=-0.1606, critic_z=-380.0683, encoder=-655.8867, decoder=1.4551
2025-06-24 17:16:46,873 - tadGANs - INFO - Epoch 434/1000 - Time: 1.22s - Loss: critic_x=-0.1616, critic_z=-381.7005, encoder=-658.9773, decoder=1.4591
2025-06-24 17:16:48,227 - tadGANs - INFO - Epoch 435/1000 - Time: 1.35s - Loss: critic_x=-0.1635, critic_z=-382.7426, encoder=-661.6040, decoder=1.4528
2025-06-24 17:16:49,872 - tadGANs - INFO - Epoch 436/1000 - Time: 1.64s - Loss: critic_x=-0.1658, critic_z=-384.6768, encoder=-664.1248, decoder=1.4585
2025-06-24 17:16:51,536 - tadGANs - INFO - Epoch 437/1000 - Time: 1.66s - Loss: critic_x=-0.1674, critic_z=-385.7957, encoder=-667.3101, decoder=1.4643
2025-06-24 17:16:53,194 - tadGANs - INFO - Epoch 438/1000 - Time: 1.66s - Loss: critic_x=-0.1672, critic_z=-387.7843, encoder=-670.8290, decoder=1.4532
2025-06-24 17:16:54,767 - tadGANs - INFO - Epoch 439/1000 - Time: 1.57s - Loss: critic_x=-0.1694, critic_z=-389.2119, encoder=-672.9851, decoder=1.4536
2025-06-24 17:16:56,370 - tadGANs - INFO - Epoch 440/1000 - Time: 1.60s - Loss: critic_x=-0.1686, critic_z=-390.2504, encoder=-675.0843, decoder=1.4477
2025-06-24 17:16:56,380 - tadGANs - INFO - Models saved at epoch 440
2025-06-24 17:16:58,003 - tadGANs - INFO - Epoch 441/1000 - Time: 1.62s - Loss: critic_x=-0.1711, critic_z=-391.6123, encoder=-677.9750, decoder=1.4542
2025-06-24 17:16:59,661 - tadGANs - INFO - Epoch 442/1000 - Time: 1.66s - Loss: critic_x=-0.1712, critic_z=-392.8997, encoder=-680.3164, decoder=1.4381
2025-06-24 17:17:01,296 - tadGANs - INFO - Epoch 443/1000 - Time: 1.63s - Loss: critic_x=-0.1723, critic_z=-394.5619, encoder=-682.9127, decoder=1.4455
2025-06-24 17:17:02,979 - tadGANs - INFO - Epoch 444/1000 - Time: 1.68s - Loss: critic_x=-0.1717, critic_z=-395.8727, encoder=-686.5174, decoder=1.4513
2025-06-24 17:17:04,689 - tadGANs - INFO - Epoch 445/1000 - Time: 1.71s - Loss: critic_x=-0.1724, critic_z=-397.9782, encoder=-689.5170, decoder=1.4416
2025-06-24 17:17:06,342 - tadGANs - INFO - Epoch 446/1000 - Time: 1.65s - Loss: critic_x=-0.1710, critic_z=-398.6944, encoder=-691.9127, decoder=1.4369
2025-06-24 17:17:08,037 - tadGANs - INFO - Epoch 447/1000 - Time: 1.70s - Loss: critic_x=-0.1703, critic_z=-400.7099, encoder=-694.6673, decoder=1.4443
2025-06-24 17:17:09,709 - tadGANs - INFO - Epoch 448/1000 - Time: 1.67s - Loss: critic_x=-0.1699, critic_z=-401.7889, encoder=-697.9572, decoder=1.4397
2025-06-24 17:17:11,303 - tadGANs - INFO - Epoch 449/1000 - Time: 1.59s - Loss: critic_x=-0.1680, critic_z=-403.6116, encoder=-699.7971, decoder=1.4365
2025-06-24 17:17:12,907 - tadGANs - INFO - Epoch 450/1000 - Time: 1.60s - Loss: critic_x=-0.1675, critic_z=-405.3417, encoder=-702.4666, decoder=1.4449
2025-06-24 17:17:12,917 - tadGANs - INFO - Models saved at epoch 450
2025-06-24 17:17:14,518 - tadGANs - INFO - Epoch 451/1000 - Time: 1.60s - Loss: critic_x=-0.1680, critic_z=-406.3822, encoder=-705.4082, decoder=1.4604
2025-06-24 17:17:16,106 - tadGANs - INFO - Epoch 452/1000 - Time: 1.59s - Loss: critic_x=-0.1641, critic_z=-407.6184, encoder=-707.2532, decoder=1.4526
2025-06-24 17:17:17,730 - tadGANs - INFO - Epoch 453/1000 - Time: 1.62s - Loss: critic_x=-0.1630, critic_z=-409.4190, encoder=-710.3346, decoder=1.4333
2025-06-24 17:17:19,086 - tadGANs - INFO - Epoch 454/1000 - Time: 1.36s - Loss: critic_x=-0.1616, critic_z=-411.3507, encoder=-715.0415, decoder=1.4050
2025-06-24 17:17:20,406 - tadGANs - INFO - Epoch 455/1000 - Time: 1.32s - Loss: critic_x=-0.1609, critic_z=-412.3119, encoder=-716.4038, decoder=1.3879
2025-06-24 17:17:21,724 - tadGANs - INFO - Epoch 456/1000 - Time: 1.32s - Loss: critic_x=-0.1594, critic_z=-414.4389, encoder=-719.2558, decoder=1.3733
2025-06-24 17:17:23,016 - tadGANs - INFO - Epoch 457/1000 - Time: 1.29s - Loss: critic_x=-0.1580, critic_z=-415.3581, encoder=-721.0991, decoder=1.3676
2025-06-24 17:17:24,414 - tadGANs - INFO - Epoch 458/1000 - Time: 1.40s - Loss: critic_x=-0.1566, critic_z=-416.8976, encoder=-724.0345, decoder=1.3641
2025-06-24 17:17:25,803 - tadGANs - INFO - Epoch 459/1000 - Time: 1.39s - Loss: critic_x=-0.1539, critic_z=-419.0842, encoder=-726.6282, decoder=1.3716
2025-06-24 17:17:27,247 - tadGANs - INFO - Epoch 460/1000 - Time: 1.44s - Loss: critic_x=-0.1538, critic_z=-420.0743, encoder=-730.9740, decoder=1.3802
2025-06-24 17:17:27,256 - tadGANs - INFO - Models saved at epoch 460
2025-06-24 17:17:28,712 - tadGANs - INFO - Epoch 461/1000 - Time: 1.46s - Loss: critic_x=-0.1555, critic_z=-421.4847, encoder=-733.2992, decoder=1.3813
2025-06-24 17:17:30,164 - tadGANs - INFO - Epoch 462/1000 - Time: 1.45s - Loss: critic_x=-0.1527, critic_z=-422.5631, encoder=-735.9080, decoder=1.3920
2025-06-24 17:17:31,583 - tadGANs - INFO - Epoch 463/1000 - Time: 1.42s - Loss: critic_x=-0.1533, critic_z=-424.4339, encoder=-739.1476, decoder=1.3954
2025-06-24 17:17:32,873 - tadGANs - INFO - Epoch 464/1000 - Time: 1.29s - Loss: critic_x=-0.1504, critic_z=-425.8274, encoder=-741.2458, decoder=1.3797
2025-06-24 17:17:34,207 - tadGANs - INFO - Epoch 465/1000 - Time: 1.33s - Loss: critic_x=-0.1503, critic_z=-427.2683, encoder=-743.8020, decoder=1.3768
2025-06-24 17:17:35,508 - tadGANs - INFO - Epoch 466/1000 - Time: 1.30s - Loss: critic_x=-0.1519, critic_z=-428.9460, encoder=-746.6117, decoder=1.3620
2025-06-24 17:17:36,808 - tadGANs - INFO - Epoch 467/1000 - Time: 1.30s - Loss: critic_x=-0.1482, critic_z=-430.6376, encoder=-749.4206, decoder=1.3606
2025-06-24 17:17:38,105 - tadGANs - INFO - Epoch 468/1000 - Time: 1.30s - Loss: critic_x=-0.1454, critic_z=-432.6094, encoder=-752.5638, decoder=1.3447
2025-06-24 17:17:39,541 - tadGANs - INFO - Epoch 469/1000 - Time: 1.44s - Loss: critic_x=-0.1443, critic_z=-433.9951, encoder=-755.8521, decoder=1.3528
2025-06-24 17:17:40,991 - tadGANs - INFO - Epoch 470/1000 - Time: 1.45s - Loss: critic_x=-0.1425, critic_z=-435.3158, encoder=-759.2803, decoder=1.3673
2025-06-24 17:17:41,000 - tadGANs - INFO - Models saved at epoch 470
2025-06-24 17:17:42,463 - tadGANs - INFO - Epoch 471/1000 - Time: 1.46s - Loss: critic_x=-0.1423, critic_z=-437.2613, encoder=-761.9581, decoder=1.3745
2025-06-24 17:17:43,919 - tadGANs - INFO - Epoch 472/1000 - Time: 1.46s - Loss: critic_x=-0.1406, critic_z=-438.3521, encoder=-763.6434, decoder=1.3844
2025-06-24 17:17:45,406 - tadGANs - INFO - Epoch 473/1000 - Time: 1.49s - Loss: critic_x=-0.1389, critic_z=-440.1337, encoder=-767.3791, decoder=1.3599
2025-06-24 17:17:46,890 - tadGANs - INFO - Epoch 474/1000 - Time: 1.48s - Loss: critic_x=-0.1383, critic_z=-441.5152, encoder=-769.6426, decoder=1.3590
2025-06-24 17:17:48,413 - tadGANs - INFO - Epoch 475/1000 - Time: 1.52s - Loss: critic_x=-0.1370, critic_z=-442.9851, encoder=-772.9956, decoder=1.3567
2025-06-24 17:17:49,998 - tadGANs - INFO - Epoch 476/1000 - Time: 1.58s - Loss: critic_x=-0.1374, critic_z=-444.4898, encoder=-776.5339, decoder=1.3389
2025-06-24 17:17:51,560 - tadGANs - INFO - Epoch 477/1000 - Time: 1.56s - Loss: critic_x=-0.1361, critic_z=-446.2400, encoder=-778.3759, decoder=1.3404
2025-06-24 17:17:53,107 - tadGANs - INFO - Epoch 478/1000 - Time: 1.55s - Loss: critic_x=-0.1339, critic_z=-447.5844, encoder=-781.1187, decoder=1.3484
2025-06-24 17:17:54,641 - tadGANs - INFO - Epoch 479/1000 - Time: 1.53s - Loss: critic_x=-0.1322, critic_z=-449.1267, encoder=-783.6991, decoder=1.3559
2025-06-24 17:17:56,184 - tadGANs - INFO - Epoch 480/1000 - Time: 1.54s - Loss: critic_x=-0.1311, critic_z=-450.6687, encoder=-787.1473, decoder=1.3615
2025-06-24 17:17:56,194 - tadGANs - INFO - Models saved at epoch 480
2025-06-24 17:17:57,737 - tadGANs - INFO - Epoch 481/1000 - Time: 1.54s - Loss: critic_x=-0.1311, critic_z=-452.3401, encoder=-790.6845, decoder=1.3674
2025-06-24 17:17:59,273 - tadGANs - INFO - Epoch 482/1000 - Time: 1.54s - Loss: critic_x=-0.1304, critic_z=-453.3364, encoder=-793.3611, decoder=1.3607
2025-06-24 17:18:00,806 - tadGANs - INFO - Epoch 483/1000 - Time: 1.53s - Loss: critic_x=-0.1289, critic_z=-455.6463, encoder=-795.2076, decoder=1.3586
2025-06-24 17:18:02,355 - tadGANs - INFO - Epoch 484/1000 - Time: 1.55s - Loss: critic_x=-0.1275, critic_z=-456.8678, encoder=-798.6449, decoder=1.3519
2025-06-24 17:18:03,899 - tadGANs - INFO - Epoch 485/1000 - Time: 1.54s - Loss: critic_x=-0.1281, critic_z=-458.7258, encoder=-801.9801, decoder=1.3441
2025-06-24 17:18:05,473 - tadGANs - INFO - Epoch 486/1000 - Time: 1.57s - Loss: critic_x=-0.1253, critic_z=-460.0136, encoder=-804.6876, decoder=1.3414
2025-06-24 17:18:07,050 - tadGANs - INFO - Epoch 487/1000 - Time: 1.58s - Loss: critic_x=-0.1236, critic_z=-462.1762, encoder=-809.0674, decoder=1.3379
2025-06-24 17:18:08,575 - tadGANs - INFO - Epoch 488/1000 - Time: 1.52s - Loss: critic_x=-0.1220, critic_z=-463.9191, encoder=-811.6626, decoder=1.3220
2025-06-24 17:18:10,143 - tadGANs - INFO - Epoch 489/1000 - Time: 1.57s - Loss: critic_x=-0.1203, critic_z=-465.1017, encoder=-814.1964, decoder=1.3304
2025-06-24 17:18:11,659 - tadGANs - INFO - Epoch 490/1000 - Time: 1.51s - Loss: critic_x=-0.1197, critic_z=-467.2703, encoder=-818.1107, decoder=1.3360
2025-06-24 17:18:11,669 - tadGANs - INFO - Models saved at epoch 490
2025-06-24 17:18:13,213 - tadGANs - INFO - Epoch 491/1000 - Time: 1.54s - Loss: critic_x=-0.1197, critic_z=-468.6898, encoder=-820.4715, decoder=1.3418
2025-06-24 17:18:14,720 - tadGANs - INFO - Epoch 492/1000 - Time: 1.51s - Loss: critic_x=-0.1190, critic_z=-470.2097, encoder=-822.5758, decoder=1.3390
2025-06-24 17:18:16,268 - tadGANs - INFO - Epoch 493/1000 - Time: 1.55s - Loss: critic_x=-0.1168, critic_z=-471.6594, encoder=-826.7670, decoder=1.3297
2025-06-24 17:18:17,782 - tadGANs - INFO - Epoch 494/1000 - Time: 1.51s - Loss: critic_x=-0.1144, critic_z=-472.6440, encoder=-828.2999, decoder=1.3253
2025-06-24 17:18:19,112 - tadGANs - INFO - Epoch 495/1000 - Time: 1.33s - Loss: critic_x=-0.1145, critic_z=-474.8702, encoder=-832.0088, decoder=1.3392
2025-06-24 17:18:20,398 - tadGANs - INFO - Epoch 496/1000 - Time: 1.29s - Loss: critic_x=-0.1114, critic_z=-476.6365, encoder=-834.8670, decoder=1.3456
2025-06-24 17:18:21,767 - tadGANs - INFO - Epoch 497/1000 - Time: 1.37s - Loss: critic_x=-0.1125, critic_z=-477.7650, encoder=-837.4268, decoder=1.3309
2025-06-24 17:18:23,037 - tadGANs - INFO - Epoch 498/1000 - Time: 1.27s - Loss: critic_x=-0.1115, critic_z=-479.3581, encoder=-840.5388, decoder=1.3422
2025-06-24 17:18:24,296 - tadGANs - INFO - Epoch 499/1000 - Time: 1.26s - Loss: critic_x=-0.1102, critic_z=-481.0877, encoder=-843.0418, decoder=1.3448
2025-06-24 17:18:25,540 - tadGANs - INFO - Epoch 500/1000 - Time: 1.24s - Loss: critic_x=-0.1078, critic_z=-482.4455, encoder=-846.1071, decoder=1.3406
2025-06-24 17:18:25,550 - tadGANs - INFO - Models saved at epoch 500
2025-06-24 17:18:26,794 - tadGANs - INFO - Epoch 501/1000 - Time: 1.24s - Loss: critic_x=-0.1070, critic_z=-484.5738, encoder=-850.1221, decoder=1.3249
2025-06-24 17:18:28,094 - tadGANs - INFO - Epoch 502/1000 - Time: 1.30s - Loss: critic_x=-0.1059, critic_z=-486.3496, encoder=-852.0237, decoder=1.3310
2025-06-24 17:18:29,439 - tadGANs - INFO - Epoch 503/1000 - Time: 1.34s - Loss: critic_x=-0.1042, critic_z=-487.9230, encoder=-855.9338, decoder=1.3329
2025-06-24 17:18:30,715 - tadGANs - INFO - Epoch 504/1000 - Time: 1.28s - Loss: critic_x=-0.1032, critic_z=-488.8521, encoder=-859.8472, decoder=1.3352
2025-06-24 17:18:31,967 - tadGANs - INFO - Epoch 505/1000 - Time: 1.25s - Loss: critic_x=-0.1064, critic_z=-490.7589, encoder=-861.4478, decoder=1.3163
2025-06-24 17:18:33,202 - tadGANs - INFO - Epoch 506/1000 - Time: 1.23s - Loss: critic_x=-0.1037, critic_z=-492.2371, encoder=-864.2273, decoder=1.3156
2025-06-24 17:18:34,448 - tadGANs - INFO - Epoch 507/1000 - Time: 1.25s - Loss: critic_x=-0.1035, critic_z=-494.3634, encoder=-867.5796, decoder=1.3169
2025-06-24 17:18:35,679 - tadGANs - INFO - Epoch 508/1000 - Time: 1.23s - Loss: critic_x=-0.1028, critic_z=-495.0336, encoder=-870.7733, decoder=1.3176
2025-06-24 17:18:36,931 - tadGANs - INFO - Epoch 509/1000 - Time: 1.25s - Loss: critic_x=-0.1009, critic_z=-497.5360, encoder=-873.2027, decoder=1.3096
2025-06-24 17:18:38,199 - tadGANs - INFO - Epoch 510/1000 - Time: 1.27s - Loss: critic_x=-0.1005, critic_z=-499.4048, encoder=-876.6443, decoder=1.3093
2025-06-24 17:18:38,208 - tadGANs - INFO - Models saved at epoch 510
2025-06-24 17:18:39,455 - tadGANs - INFO - Epoch 511/1000 - Time: 1.25s - Loss: critic_x=-0.0984, critic_z=-501.2215, encoder=-880.5966, decoder=1.3127
2025-06-24 17:18:40,725 - tadGANs - INFO - Epoch 512/1000 - Time: 1.27s - Loss: critic_x=-0.0975, critic_z=-501.8515, encoder=-882.9205, decoder=1.3298
2025-06-24 17:18:41,985 - tadGANs - INFO - Epoch 513/1000 - Time: 1.26s - Loss: critic_x=-0.1005, critic_z=-504.0516, encoder=-886.1113, decoder=1.3297
2025-06-24 17:18:43,224 - tadGANs - INFO - Epoch 514/1000 - Time: 1.24s - Loss: critic_x=-0.0995, critic_z=-505.4376, encoder=-889.7190, decoder=1.3469
2025-06-24 17:18:44,478 - tadGANs - INFO - Epoch 515/1000 - Time: 1.25s - Loss: critic_x=-0.1017, critic_z=-506.9780, encoder=-891.8003, decoder=1.3625
2025-06-24 17:18:45,764 - tadGANs - INFO - Epoch 516/1000 - Time: 1.29s - Loss: critic_x=-0.1002, critic_z=-508.8364, encoder=-895.1068, decoder=1.3561
2025-06-24 17:18:47,013 - tadGANs - INFO - Epoch 517/1000 - Time: 1.25s - Loss: critic_x=-0.0984, critic_z=-510.9918, encoder=-898.5614, decoder=1.3442
2025-06-24 17:18:48,346 - tadGANs - INFO - Epoch 518/1000 - Time: 1.33s - Loss: critic_x=-0.1016, critic_z=-512.4382, encoder=-902.2784, decoder=1.3583
2025-06-24 17:18:49,878 - tadGANs - INFO - Epoch 519/1000 - Time: 1.53s - Loss: critic_x=-0.0999, critic_z=-513.7669, encoder=-904.4100, decoder=1.3519
2025-06-24 17:18:51,433 - tadGANs - INFO - Epoch 520/1000 - Time: 1.55s - Loss: critic_x=-0.1006, critic_z=-515.8302, encoder=-908.0249, decoder=1.3432
2025-06-24 17:18:51,443 - tadGANs - INFO - Models saved at epoch 520
2025-06-24 17:18:52,888 - tadGANs - INFO - Epoch 521/1000 - Time: 1.44s - Loss: critic_x=-0.0992, critic_z=-517.2361, encoder=-911.3247, decoder=1.3578
2025-06-24 17:18:54,442 - tadGANs - INFO - Epoch 522/1000 - Time: 1.55s - Loss: critic_x=-0.1009, critic_z=-518.7885, encoder=-914.0118, decoder=1.3650
2025-06-24 17:18:55,898 - tadGANs - INFO - Epoch 523/1000 - Time: 1.46s - Loss: critic_x=-0.0997, critic_z=-520.2982, encoder=-916.1203, decoder=1.3509
2025-06-24 17:18:57,300 - tadGANs - INFO - Epoch 524/1000 - Time: 1.40s - Loss: critic_x=-0.0977, critic_z=-522.1392, encoder=-920.3753, decoder=1.3566
2025-06-24 17:18:58,775 - tadGANs - INFO - Epoch 525/1000 - Time: 1.47s - Loss: critic_x=-0.0976, critic_z=-525.2518, encoder=-924.4909, decoder=1.3508
2025-06-24 17:19:00,244 - tadGANs - INFO - Epoch 526/1000 - Time: 1.47s - Loss: critic_x=-0.0978, critic_z=-526.1339, encoder=-927.7276, decoder=1.3661
2025-06-24 17:19:01,710 - tadGANs - INFO - Epoch 527/1000 - Time: 1.47s - Loss: critic_x=-0.0996, critic_z=-528.2196, encoder=-930.6308, decoder=1.3723
2025-06-24 17:19:03,331 - tadGANs - INFO - Epoch 528/1000 - Time: 1.62s - Loss: critic_x=-0.1019, critic_z=-528.6545, encoder=-932.8261, decoder=1.3718
2025-06-24 17:19:04,942 - tadGANs - INFO - Epoch 529/1000 - Time: 1.61s - Loss: critic_x=-0.1018, critic_z=-530.9354, encoder=-935.6602, decoder=1.3777
2025-06-24 17:19:06,535 - tadGANs - INFO - Epoch 530/1000 - Time: 1.59s - Loss: critic_x=-0.1038, critic_z=-532.2998, encoder=-939.5905, decoder=1.3809
2025-06-24 17:19:06,544 - tadGANs - INFO - Models saved at epoch 530
2025-06-24 17:19:08,162 - tadGANs - INFO - Epoch 531/1000 - Time: 1.62s - Loss: critic_x=-0.1076, critic_z=-534.5105, encoder=-942.1558, decoder=1.3813
2025-06-24 17:19:09,772 - tadGANs - INFO - Epoch 532/1000 - Time: 1.61s - Loss: critic_x=-0.1060, critic_z=-536.1281, encoder=-944.9957, decoder=1.3926
2025-06-24 17:19:11,271 - tadGANs - INFO - Epoch 533/1000 - Time: 1.50s - Loss: critic_x=-0.1075, critic_z=-537.2713, encoder=-949.4092, decoder=1.4002
2025-06-24 17:19:12,664 - tadGANs - INFO - Epoch 534/1000 - Time: 1.39s - Loss: critic_x=-0.1066, critic_z=-538.8389, encoder=-950.8277, decoder=1.3991
2025-06-24 17:19:14,155 - tadGANs - INFO - Epoch 535/1000 - Time: 1.49s - Loss: critic_x=-0.1073, critic_z=-541.4052, encoder=-956.2829, decoder=1.4234
2025-06-24 17:19:15,590 - tadGANs - INFO - Epoch 536/1000 - Time: 1.44s - Loss: critic_x=-0.1079, critic_z=-542.9717, encoder=-959.3003, decoder=1.4382
2025-06-24 17:19:17,063 - tadGANs - INFO - Epoch 537/1000 - Time: 1.47s - Loss: critic_x=-0.1039, critic_z=-544.3863, encoder=-961.2726, decoder=1.4418
2025-06-24 17:19:18,504 - tadGANs - INFO - Epoch 538/1000 - Time: 1.44s - Loss: critic_x=-0.1028, critic_z=-545.4404, encoder=-963.6812, decoder=1.4434
2025-06-24 17:19:19,982 - tadGANs - INFO - Epoch 539/1000 - Time: 1.48s - Loss: critic_x=-0.1027, critic_z=-547.8976, encoder=-969.0180, decoder=1.4295
2025-06-24 17:19:21,529 - tadGANs - INFO - Epoch 540/1000 - Time: 1.55s - Loss: critic_x=-0.1049, critic_z=-549.7318, encoder=-971.7033, decoder=1.3949
2025-06-24 17:19:21,539 - tadGANs - INFO - Models saved at epoch 540
2025-06-24 17:19:23,090 - tadGANs - INFO - Epoch 541/1000 - Time: 1.55s - Loss: critic_x=-0.1006, critic_z=-551.1842, encoder=-974.3998, decoder=1.3990
2025-06-24 17:19:24,456 - tadGANs - INFO - Epoch 542/1000 - Time: 1.37s - Loss: critic_x=-0.0960, critic_z=-553.5942, encoder=-978.4497, decoder=1.4099
2025-06-24 17:19:25,816 - tadGANs - INFO - Epoch 543/1000 - Time: 1.36s - Loss: critic_x=-0.0960, critic_z=-555.0218, encoder=-981.0209, decoder=1.4293
2025-06-24 17:19:27,124 - tadGANs - INFO - Epoch 544/1000 - Time: 1.31s - Loss: critic_x=-0.0967, critic_z=-556.8824, encoder=-984.4514, decoder=1.4321
2025-06-24 17:19:28,444 - tadGANs - INFO - Epoch 545/1000 - Time: 1.32s - Loss: critic_x=-0.0917, critic_z=-558.7962, encoder=-987.7938, decoder=1.4179
2025-06-24 17:19:29,866 - tadGANs - INFO - Epoch 546/1000 - Time: 1.42s - Loss: critic_x=-0.0890, critic_z=-559.9853, encoder=-991.0667, decoder=1.4046
2025-06-24 17:19:31,316 - tadGANs - INFO - Epoch 547/1000 - Time: 1.45s - Loss: critic_x=-0.0861, critic_z=-561.8275, encoder=-993.4795, decoder=1.4007
2025-06-24 17:19:32,818 - tadGANs - INFO - Epoch 548/1000 - Time: 1.50s - Loss: critic_x=-0.0868, critic_z=-563.4485, encoder=-997.0146, decoder=1.3733
2025-06-24 17:19:34,327 - tadGANs - INFO - Epoch 549/1000 - Time: 1.51s - Loss: critic_x=-0.0846, critic_z=-564.5590, encoder=-1000.7011, decoder=1.3687
2025-06-24 17:19:35,852 - tadGANs - INFO - Epoch 550/1000 - Time: 1.52s - Loss: critic_x=-0.0805, critic_z=-566.9475, encoder=-1003.7581, decoder=1.3815
2025-06-24 17:19:35,861 - tadGANs - INFO - Models saved at epoch 550
2025-06-24 17:19:37,348 - tadGANs - INFO - Epoch 551/1000 - Time: 1.49s - Loss: critic_x=-0.0807, critic_z=-568.4660, encoder=-1007.9078, decoder=1.3856
2025-06-24 17:19:38,882 - tadGANs - INFO - Epoch 552/1000 - Time: 1.53s - Loss: critic_x=-0.0789, critic_z=-570.4318, encoder=-1010.0648, decoder=1.3833
2025-06-24 17:19:40,357 - tadGANs - INFO - Epoch 553/1000 - Time: 1.47s - Loss: critic_x=-0.0778, critic_z=-572.2885, encoder=-1013.4632, decoder=1.3802
2025-06-24 17:19:41,847 - tadGANs - INFO - Epoch 554/1000 - Time: 1.49s - Loss: critic_x=-0.0791, critic_z=-574.4790, encoder=-1016.6057, decoder=1.4056
2025-06-24 17:19:43,337 - tadGANs - INFO - Epoch 555/1000 - Time: 1.49s - Loss: critic_x=-0.0791, critic_z=-575.5882, encoder=-1020.2465, decoder=1.4307
2025-06-24 17:19:44,837 - tadGANs - INFO - Epoch 556/1000 - Time: 1.50s - Loss: critic_x=-0.0746, critic_z=-577.3678, encoder=-1023.8881, decoder=1.4090
2025-06-24 17:19:46,349 - tadGANs - INFO - Epoch 557/1000 - Time: 1.51s - Loss: critic_x=-0.0743, critic_z=-579.4618, encoder=-1026.4062, decoder=1.4015
2025-06-24 17:19:47,761 - tadGANs - INFO - Epoch 558/1000 - Time: 1.41s - Loss: critic_x=-0.0722, critic_z=-582.0383, encoder=-1031.0068, decoder=1.3886
2025-06-24 17:19:49,029 - tadGANs - INFO - Epoch 559/1000 - Time: 1.27s - Loss: critic_x=-0.0698, critic_z=-582.6958, encoder=-1033.5302, decoder=1.3768
2025-06-24 17:19:50,309 - tadGANs - INFO - Epoch 560/1000 - Time: 1.28s - Loss: critic_x=-0.0691, critic_z=-584.8549, encoder=-1037.3571, decoder=1.3952
2025-06-24 17:19:50,318 - tadGANs - INFO - Models saved at epoch 560
2025-06-24 17:19:51,597 - tadGANs - INFO - Epoch 561/1000 - Time: 1.28s - Loss: critic_x=-0.0679, critic_z=-585.9714, encoder=-1040.5958, decoder=1.4281
2025-06-24 17:19:52,978 - tadGANs - INFO - Epoch 562/1000 - Time: 1.38s - Loss: critic_x=-0.0671, critic_z=-588.3869, encoder=-1044.6206, decoder=1.4228
2025-06-24 17:19:54,323 - tadGANs - INFO - Epoch 563/1000 - Time: 1.34s - Loss: critic_x=-0.0653, critic_z=-590.0590, encoder=-1048.2165, decoder=1.4153
2025-06-24 17:19:55,764 - tadGANs - INFO - Epoch 564/1000 - Time: 1.44s - Loss: critic_x=-0.0661, critic_z=-591.4167, encoder=-1050.3276, decoder=1.4143
2025-06-24 17:19:57,216 - tadGANs - INFO - Epoch 565/1000 - Time: 1.45s - Loss: critic_x=-0.0650, critic_z=-592.9853, encoder=-1052.6982, decoder=1.4074
2025-06-24 17:19:58,637 - tadGANs - INFO - Epoch 566/1000 - Time: 1.42s - Loss: critic_x=-0.0645, critic_z=-595.1687, encoder=-1057.4839, decoder=1.3962
2025-06-24 17:19:59,995 - tadGANs - INFO - Epoch 567/1000 - Time: 1.36s - Loss: critic_x=-0.0622, critic_z=-597.2470, encoder=-1060.2823, decoder=1.3982
2025-06-24 17:20:01,277 - tadGANs - INFO - Epoch 568/1000 - Time: 1.28s - Loss: critic_x=-0.0622, critic_z=-598.4826, encoder=-1064.0485, decoder=1.4078
2025-06-24 17:20:02,614 - tadGANs - INFO - Epoch 569/1000 - Time: 1.34s - Loss: critic_x=-0.0614, critic_z=-600.1278, encoder=-1066.1944, decoder=1.4054
2025-06-24 17:20:04,005 - tadGANs - INFO - Epoch 570/1000 - Time: 1.39s - Loss: critic_x=-0.0615, critic_z=-602.9936, encoder=-1070.4995, decoder=1.4002
2025-06-24 17:20:04,014 - tadGANs - INFO - Models saved at epoch 570
2025-06-24 17:20:05,322 - tadGANs - INFO - Epoch 571/1000 - Time: 1.31s - Loss: critic_x=-0.0626, critic_z=-603.9807, encoder=-1073.8047, decoder=1.4082
2025-06-24 17:20:06,637 - tadGANs - INFO - Epoch 572/1000 - Time: 1.31s - Loss: critic_x=-0.0606, critic_z=-606.4888, encoder=-1076.2881, decoder=1.4044
2025-06-24 17:20:08,209 - tadGANs - INFO - Epoch 573/1000 - Time: 1.57s - Loss: critic_x=-0.0593, critic_z=-607.7834, encoder=-1081.4941, decoder=1.3931
2025-06-24 17:20:09,690 - tadGANs - INFO - Epoch 574/1000 - Time: 1.48s - Loss: critic_x=-0.0625, critic_z=-610.3493, encoder=-1083.1245, decoder=1.3829
2025-06-24 17:20:11,324 - tadGANs - INFO - Epoch 575/1000 - Time: 1.63s - Loss: critic_x=-0.0603, critic_z=-611.3927, encoder=-1088.0853, decoder=1.3874
2025-06-24 17:20:12,935 - tadGANs - INFO - Epoch 576/1000 - Time: 1.61s - Loss: critic_x=-0.0595, critic_z=-613.5069, encoder=-1089.8313, decoder=1.3990
2025-06-24 17:20:14,529 - tadGANs - INFO - Epoch 577/1000 - Time: 1.59s - Loss: critic_x=-0.0611, critic_z=-615.5739, encoder=-1094.4648, decoder=1.4119
2025-06-24 17:20:16,152 - tadGANs - INFO - Epoch 578/1000 - Time: 1.62s - Loss: critic_x=-0.0605, critic_z=-617.2892, encoder=-1098.8626, decoder=1.4184
2025-06-24 17:20:17,725 - tadGANs - INFO - Epoch 579/1000 - Time: 1.57s - Loss: critic_x=-0.0599, critic_z=-618.5474, encoder=-1101.0974, decoder=1.4278
2025-06-24 17:20:19,364 - tadGANs - INFO - Epoch 580/1000 - Time: 1.64s - Loss: critic_x=-0.0648, critic_z=-620.4838, encoder=-1103.8819, decoder=1.4406
2025-06-24 17:20:19,373 - tadGANs - INFO - Models saved at epoch 580
2025-06-24 17:20:20,973 - tadGANs - INFO - Epoch 581/1000 - Time: 1.60s - Loss: critic_x=-0.0645, critic_z=-622.4137, encoder=-1108.0014, decoder=1.4369
2025-06-24 17:20:22,628 - tadGANs - INFO - Epoch 582/1000 - Time: 1.66s - Loss: critic_x=-0.0668, critic_z=-624.8322, encoder=-1113.0880, decoder=1.4396
2025-06-24 17:20:24,213 - tadGANs - INFO - Epoch 583/1000 - Time: 1.58s - Loss: critic_x=-0.0676, critic_z=-626.0861, encoder=-1114.6800, decoder=1.4299
2025-06-24 17:20:25,849 - tadGANs - INFO - Epoch 584/1000 - Time: 1.64s - Loss: critic_x=-0.0722, critic_z=-628.1006, encoder=-1119.2729, decoder=1.4353
2025-06-24 17:20:27,398 - tadGANs - INFO - Epoch 585/1000 - Time: 1.55s - Loss: critic_x=-0.0715, critic_z=-629.4824, encoder=-1121.4771, decoder=1.4309
2025-06-24 17:20:29,049 - tadGANs - INFO - Epoch 586/1000 - Time: 1.65s - Loss: critic_x=-0.0746, critic_z=-631.9581, encoder=-1125.6208, decoder=1.4292
2025-06-24 17:20:30,686 - tadGANs - INFO - Epoch 587/1000 - Time: 1.64s - Loss: critic_x=-0.0753, critic_z=-633.1420, encoder=-1127.4973, decoder=1.4073
2025-06-24 17:20:32,336 - tadGANs - INFO - Epoch 588/1000 - Time: 1.65s - Loss: critic_x=-0.0775, critic_z=-635.5865, encoder=-1131.9712, decoder=1.4023
2025-06-24 17:20:33,986 - tadGANs - INFO - Epoch 589/1000 - Time: 1.65s - Loss: critic_x=-0.0784, critic_z=-636.9201, encoder=-1136.2101, decoder=1.3942
2025-06-24 17:20:35,662 - tadGANs - INFO - Epoch 590/1000 - Time: 1.68s - Loss: critic_x=-0.0788, critic_z=-638.5110, encoder=-1139.4144, decoder=1.3821
2025-06-24 17:20:35,672 - tadGANs - INFO - Models saved at epoch 590
2025-06-24 17:20:37,358 - tadGANs - INFO - Epoch 591/1000 - Time: 1.69s - Loss: critic_x=-0.0813, critic_z=-641.2784, encoder=-1143.6547, decoder=1.3826
2025-06-24 17:20:39,014 - tadGANs - INFO - Epoch 592/1000 - Time: 1.66s - Loss: critic_x=-0.0814, critic_z=-642.8707, encoder=-1146.0557, decoder=1.3759
2025-06-24 17:20:40,671 - tadGANs - INFO - Epoch 593/1000 - Time: 1.66s - Loss: critic_x=-0.0821, critic_z=-644.9195, encoder=-1150.8665, decoder=1.3757
2025-06-24 17:20:42,304 - tadGANs - INFO - Epoch 594/1000 - Time: 1.63s - Loss: critic_x=-0.0825, critic_z=-646.7174, encoder=-1154.2884, decoder=1.3901
2025-06-24 17:20:44,044 - tadGANs - INFO - Epoch 595/1000 - Time: 1.74s - Loss: critic_x=-0.0833, critic_z=-648.0326, encoder=-1155.8190, decoder=1.4052
2025-06-24 17:20:45,726 - tadGANs - INFO - Epoch 596/1000 - Time: 1.68s - Loss: critic_x=-0.0850, critic_z=-649.5595, encoder=-1159.5102, decoder=1.3954
2025-06-24 17:20:47,474 - tadGANs - INFO - Epoch 597/1000 - Time: 1.75s - Loss: critic_x=-0.0851, critic_z=-651.6207, encoder=-1163.8030, decoder=1.4286
2025-06-24 17:20:49,134 - tadGANs - INFO - Epoch 598/1000 - Time: 1.66s - Loss: critic_x=-0.0868, critic_z=-653.7054, encoder=-1167.2785, decoder=1.4549
2025-06-24 17:20:50,763 - tadGANs - INFO - Epoch 599/1000 - Time: 1.63s - Loss: critic_x=-0.0880, critic_z=-656.0251, encoder=-1169.3863, decoder=1.4622
2025-06-24 17:20:52,367 - tadGANs - INFO - Epoch 600/1000 - Time: 1.60s - Loss: critic_x=-0.0897, critic_z=-658.8154, encoder=-1175.2575, decoder=1.4718
2025-06-24 17:20:52,377 - tadGANs - INFO - Models saved at epoch 600
2025-06-24 17:20:53,965 - tadGANs - INFO - Epoch 601/1000 - Time: 1.59s - Loss: critic_x=-0.0891, critic_z=-659.4007, encoder=-1178.0171, decoder=1.4868
2025-06-24 17:20:55,691 - tadGANs - INFO - Epoch 602/1000 - Time: 1.73s - Loss: critic_x=-0.0906, critic_z=-661.0661, encoder=-1180.8947, decoder=1.5144
2025-06-24 17:20:57,419 - tadGANs - INFO - Epoch 603/1000 - Time: 1.73s - Loss: critic_x=-0.0841, critic_z=-663.9631, encoder=-1185.4449, decoder=1.5122
2025-06-24 17:20:59,152 - tadGANs - INFO - Epoch 604/1000 - Time: 1.73s - Loss: critic_x=-0.0880, critic_z=-664.8142, encoder=-1188.1056, decoder=1.5061
2025-06-24 17:21:00,880 - tadGANs - INFO - Epoch 605/1000 - Time: 1.73s - Loss: critic_x=-0.0893, critic_z=-666.0797, encoder=-1192.4990, decoder=1.4946
2025-06-24 17:21:02,517 - tadGANs - INFO - Epoch 606/1000 - Time: 1.64s - Loss: critic_x=-0.0882, critic_z=-668.9576, encoder=-1195.3390, decoder=1.4882
2025-06-24 17:21:04,208 - tadGANs - INFO - Epoch 607/1000 - Time: 1.69s - Loss: critic_x=-0.0861, critic_z=-670.8668, encoder=-1199.6177, decoder=1.5047
2025-06-24 17:21:05,897 - tadGANs - INFO - Epoch 608/1000 - Time: 1.69s - Loss: critic_x=-0.0888, critic_z=-672.5947, encoder=-1203.3362, decoder=1.5095
2025-06-24 17:21:07,528 - tadGANs - INFO - Epoch 609/1000 - Time: 1.63s - Loss: critic_x=-0.0878, critic_z=-674.3774, encoder=-1205.5037, decoder=1.4963
2025-06-24 17:21:09,276 - tadGANs - INFO - Epoch 610/1000 - Time: 1.75s - Loss: critic_x=-0.0867, critic_z=-676.8075, encoder=-1209.7713, decoder=1.5024
2025-06-24 17:21:09,285 - tadGANs - INFO - Models saved at epoch 610
2025-06-24 17:21:11,001 - tadGANs - INFO - Epoch 611/1000 - Time: 1.72s - Loss: critic_x=-0.0892, critic_z=-678.5943, encoder=-1214.2785, decoder=1.4872
2025-06-24 17:21:12,690 - tadGANs - INFO - Epoch 612/1000 - Time: 1.69s - Loss: critic_x=-0.0901, critic_z=-680.5864, encoder=-1216.7119, decoder=1.4704
2025-06-24 17:21:14,400 - tadGANs - INFO - Epoch 613/1000 - Time: 1.71s - Loss: critic_x=-0.0892, critic_z=-682.1971, encoder=-1219.8264, decoder=1.4505
2025-06-24 17:21:16,054 - tadGANs - INFO - Epoch 614/1000 - Time: 1.65s - Loss: critic_x=-0.0861, critic_z=-684.6126, encoder=-1225.1203, decoder=1.4426
2025-06-24 17:21:17,791 - tadGANs - INFO - Epoch 615/1000 - Time: 1.74s - Loss: critic_x=-0.0855, critic_z=-686.0798, encoder=-1228.8505, decoder=1.4581
2025-06-24 17:21:19,498 - tadGANs - INFO - Epoch 616/1000 - Time: 1.71s - Loss: critic_x=-0.0826, critic_z=-688.1778, encoder=-1230.9550, decoder=1.4785
2025-06-24 17:21:21,102 - tadGANs - INFO - Epoch 617/1000 - Time: 1.60s - Loss: critic_x=-0.0782, critic_z=-689.5496, encoder=-1235.0469, decoder=1.4746
2025-06-24 17:21:22,828 - tadGANs - INFO - Epoch 618/1000 - Time: 1.73s - Loss: critic_x=-0.0791, critic_z=-691.7733, encoder=-1239.2572, decoder=1.4715
2025-06-24 17:21:24,472 - tadGANs - INFO - Epoch 619/1000 - Time: 1.64s - Loss: critic_x=-0.0771, critic_z=-693.3238, encoder=-1242.0157, decoder=1.4770
2025-06-24 17:21:26,113 - tadGANs - INFO - Epoch 620/1000 - Time: 1.64s - Loss: critic_x=-0.0748, critic_z=-695.4678, encoder=-1245.3463, decoder=1.4844
2025-06-24 17:21:26,123 - tadGANs - INFO - Models saved at epoch 620
2025-06-24 17:21:27,721 - tadGANs - INFO - Epoch 621/1000 - Time: 1.60s - Loss: critic_x=-0.0747, critic_z=-697.7362, encoder=-1249.8472, decoder=1.4817
2025-06-24 17:21:29,258 - tadGANs - INFO - Epoch 622/1000 - Time: 1.54s - Loss: critic_x=-0.0728, critic_z=-699.6029, encoder=-1253.4978, decoder=1.4779
2025-06-24 17:21:30,784 - tadGANs - INFO - Epoch 623/1000 - Time: 1.53s - Loss: critic_x=-0.0728, critic_z=-701.9757, encoder=-1256.3391, decoder=1.4837
2025-06-24 17:21:32,384 - tadGANs - INFO - Epoch 624/1000 - Time: 1.60s - Loss: critic_x=-0.0749, critic_z=-703.5642, encoder=-1261.3875, decoder=1.5007
2025-06-24 17:21:33,944 - tadGANs - INFO - Epoch 625/1000 - Time: 1.56s - Loss: critic_x=-0.0739, critic_z=-705.3291, encoder=-1263.1546, decoder=1.4708
2025-06-24 17:21:35,604 - tadGANs - INFO - Epoch 626/1000 - Time: 1.66s - Loss: critic_x=-0.0736, critic_z=-707.2297, encoder=-1267.5015, decoder=1.4930
2025-06-24 17:21:37,260 - tadGANs - INFO - Epoch 627/1000 - Time: 1.66s - Loss: critic_x=-0.0719, critic_z=-708.5945, encoder=-1271.9887, decoder=1.4759
2025-06-24 17:21:38,943 - tadGANs - INFO - Epoch 628/1000 - Time: 1.68s - Loss: critic_x=-0.0702, critic_z=-710.9650, encoder=-1274.8181, decoder=1.4628
2025-06-24 17:21:40,596 - tadGANs - INFO - Epoch 629/1000 - Time: 1.65s - Loss: critic_x=-0.0707, critic_z=-712.9257, encoder=-1278.3534, decoder=1.4667
2025-06-24 17:21:42,246 - tadGANs - INFO - Epoch 630/1000 - Time: 1.65s - Loss: critic_x=-0.0697, critic_z=-715.5238, encoder=-1282.5544, decoder=1.4715
2025-06-24 17:21:42,255 - tadGANs - INFO - Models saved at epoch 630
2025-06-24 17:21:43,869 - tadGANs - INFO - Epoch 631/1000 - Time: 1.61s - Loss: critic_x=-0.0704, critic_z=-717.4227, encoder=-1286.1385, decoder=1.4710
2025-06-24 17:21:45,442 - tadGANs - INFO - Epoch 632/1000 - Time: 1.57s - Loss: critic_x=-0.0676, critic_z=-719.0301, encoder=-1289.8589, decoder=1.5012
2025-06-24 17:21:47,064 - tadGANs - INFO - Epoch 633/1000 - Time: 1.62s - Loss: critic_x=-0.0683, critic_z=-721.0422, encoder=-1294.3217, decoder=1.5126
2025-06-24 17:21:48,649 - tadGANs - INFO - Epoch 634/1000 - Time: 1.58s - Loss: critic_x=-0.0654, critic_z=-722.8738, encoder=-1297.1899, decoder=1.5047
2025-06-24 17:21:50,306 - tadGANs - INFO - Epoch 635/1000 - Time: 1.66s - Loss: critic_x=-0.0630, critic_z=-724.3450, encoder=-1301.3212, decoder=1.4861
2025-06-24 17:21:51,976 - tadGANs - INFO - Epoch 636/1000 - Time: 1.67s - Loss: critic_x=-0.0649, critic_z=-726.6239, encoder=-1305.4726, decoder=1.4831
2025-06-24 17:21:53,856 - tadGANs - INFO - Epoch 637/1000 - Time: 1.88s - Loss: critic_x=-0.0642, critic_z=-729.0927, encoder=-1308.6775, decoder=1.4922
2025-06-24 17:21:55,994 - tadGANs - INFO - Epoch 638/1000 - Time: 2.14s - Loss: critic_x=-0.0651, critic_z=-730.7159, encoder=-1311.3063, decoder=1.4644
2025-06-24 17:21:58,234 - tadGANs - INFO - Epoch 639/1000 - Time: 2.24s - Loss: critic_x=-0.0642, critic_z=-733.1219, encoder=-1315.5647, decoder=1.4631
2025-06-24 17:22:00,412 - tadGANs - INFO - Epoch 640/1000 - Time: 2.18s - Loss: critic_x=-0.0638, critic_z=-735.3620, encoder=-1319.3334, decoder=1.4729
2025-06-24 17:22:00,422 - tadGANs - INFO - Models saved at epoch 640
2025-06-24 17:22:02,653 - tadGANs - INFO - Epoch 641/1000 - Time: 2.23s - Loss: critic_x=-0.0628, critic_z=-736.9679, encoder=-1323.6331, decoder=1.4699
2025-06-24 17:22:04,835 - tadGANs - INFO - Epoch 642/1000 - Time: 2.18s - Loss: critic_x=-0.0619, critic_z=-739.1247, encoder=-1326.6510, decoder=1.4571
2025-06-24 17:22:07,105 - tadGANs - INFO - Epoch 643/1000 - Time: 2.27s - Loss: critic_x=-0.0617, critic_z=-740.8378, encoder=-1330.7996, decoder=1.4558
2025-06-24 17:22:09,283 - tadGANs - INFO - Epoch 644/1000 - Time: 2.18s - Loss: critic_x=-0.0612, critic_z=-743.0079, encoder=-1334.7606, decoder=1.4490
2025-06-24 17:22:11,477 - tadGANs - INFO - Epoch 645/1000 - Time: 2.19s - Loss: critic_x=-0.0621, critic_z=-744.1648, encoder=-1337.9973, decoder=1.4331
2025-06-24 17:22:13,713 - tadGANs - INFO - Epoch 646/1000 - Time: 2.24s - Loss: critic_x=-0.0606, critic_z=-747.2353, encoder=-1341.6661, decoder=1.4353
2025-06-24 17:22:15,950 - tadGANs - INFO - Epoch 647/1000 - Time: 2.24s - Loss: critic_x=-0.0589, critic_z=-749.7320, encoder=-1347.1632, decoder=1.4417
2025-06-24 17:22:18,139 - tadGANs - INFO - Epoch 648/1000 - Time: 2.19s - Loss: critic_x=-0.0615, critic_z=-750.2588, encoder=-1349.6686, decoder=1.4453
2025-06-24 17:22:20,326 - tadGANs - INFO - Epoch 649/1000 - Time: 2.19s - Loss: critic_x=-0.0626, critic_z=-753.3808, encoder=-1353.3868, decoder=1.4548
2025-06-24 17:22:22,550 - tadGANs - INFO - Epoch 650/1000 - Time: 2.22s - Loss: critic_x=-0.0625, critic_z=-754.3037, encoder=-1356.7711, decoder=1.4439
2025-06-24 17:22:22,561 - tadGANs - INFO - Models saved at epoch 650
2025-06-24 17:22:24,768 - tadGANs - INFO - Epoch 651/1000 - Time: 2.21s - Loss: critic_x=-0.0653, critic_z=-755.7316, encoder=-1360.2485, decoder=1.4425
2025-06-24 17:22:26,982 - tadGANs - INFO - Epoch 652/1000 - Time: 2.21s - Loss: critic_x=-0.0631, critic_z=-758.6911, encoder=-1364.9394, decoder=1.4594
2025-06-24 17:22:29,228 - tadGANs - INFO - Epoch 653/1000 - Time: 2.25s - Loss: critic_x=-0.0645, critic_z=-761.0182, encoder=-1367.6899, decoder=1.4530
2025-06-24 17:22:31,426 - tadGANs - INFO - Epoch 654/1000 - Time: 2.20s - Loss: critic_x=-0.0659, critic_z=-763.2859, encoder=-1373.4668, decoder=1.4608
2025-06-24 17:22:33,622 - tadGANs - INFO - Epoch 655/1000 - Time: 2.20s - Loss: critic_x=-0.0653, critic_z=-765.1842, encoder=-1376.1150, decoder=1.4578
2025-06-24 17:22:35,832 - tadGANs - INFO - Epoch 656/1000 - Time: 2.21s - Loss: critic_x=-0.0658, critic_z=-767.2693, encoder=-1380.0580, decoder=1.4627
2025-06-24 17:22:38,010 - tadGANs - INFO - Epoch 657/1000 - Time: 2.18s - Loss: critic_x=-0.0656, critic_z=-769.5065, encoder=-1383.0590, decoder=1.4453
2025-06-24 17:22:40,206 - tadGANs - INFO - Epoch 658/1000 - Time: 2.20s - Loss: critic_x=-0.0664, critic_z=-771.4603, encoder=-1388.4864, decoder=1.4559
2025-06-24 17:22:42,400 - tadGANs - INFO - Epoch 659/1000 - Time: 2.19s - Loss: critic_x=-0.0663, critic_z=-773.4284, encoder=-1392.1504, decoder=1.4447
2025-06-24 17:22:44,620 - tadGANs - INFO - Epoch 660/1000 - Time: 2.22s - Loss: critic_x=-0.0652, critic_z=-775.0549, encoder=-1395.1749, decoder=1.4407
2025-06-24 17:22:44,630 - tadGANs - INFO - Models saved at epoch 660
2025-06-24 17:22:46,813 - tadGANs - INFO - Epoch 661/1000 - Time: 2.18s - Loss: critic_x=-0.0652, critic_z=-776.6471, encoder=-1398.2325, decoder=1.4312
2025-06-24 17:22:49,052 - tadGANs - INFO - Epoch 662/1000 - Time: 2.24s - Loss: critic_x=-0.0635, critic_z=-779.4632, encoder=-1401.8374, decoder=1.4349
2025-06-24 17:22:51,270 - tadGANs - INFO - Epoch 663/1000 - Time: 2.22s - Loss: critic_x=-0.0628, critic_z=-780.6559, encoder=-1405.2838, decoder=1.4239
2025-06-24 17:22:53,509 - tadGANs - INFO - Epoch 664/1000 - Time: 2.24s - Loss: critic_x=-0.0638, critic_z=-783.6985, encoder=-1409.6529, decoder=1.4217
2025-06-24 17:22:55,662 - tadGANs - INFO - Epoch 665/1000 - Time: 2.15s - Loss: critic_x=-0.0609, critic_z=-785.2319, encoder=-1413.4710, decoder=1.4206
2025-06-24 17:22:57,905 - tadGANs - INFO - Epoch 666/1000 - Time: 2.24s - Loss: critic_x=-0.0626, critic_z=-787.8079, encoder=-1419.2098, decoder=1.4327
2025-06-24 17:23:00,086 - tadGANs - INFO - Epoch 667/1000 - Time: 2.18s - Loss: critic_x=-0.0628, critic_z=-789.6578, encoder=-1423.4026, decoder=1.4444
2025-06-24 17:23:02,313 - tadGANs - INFO - Epoch 668/1000 - Time: 2.23s - Loss: critic_x=-0.0641, critic_z=-791.5173, encoder=-1427.3054, decoder=1.4428
2025-06-24 17:23:04,590 - tadGANs - INFO - Epoch 669/1000 - Time: 2.28s - Loss: critic_x=-0.0652, critic_z=-793.3314, encoder=-1430.0337, decoder=1.4507
2025-06-24 17:23:06,808 - tadGANs - INFO - Epoch 670/1000 - Time: 2.22s - Loss: critic_x=-0.0650, critic_z=-795.0016, encoder=-1433.5536, decoder=1.4446
2025-06-24 17:23:06,818 - tadGANs - INFO - Models saved at epoch 670
2025-06-24 17:23:09,085 - tadGANs - INFO - Epoch 671/1000 - Time: 2.27s - Loss: critic_x=-0.0669, critic_z=-797.6029, encoder=-1437.6562, decoder=1.4485
2025-06-24 17:23:11,350 - tadGANs - INFO - Epoch 672/1000 - Time: 2.26s - Loss: critic_x=-0.0679, critic_z=-799.8130, encoder=-1441.0977, decoder=1.4561
2025-06-24 17:23:13,564 - tadGANs - INFO - Epoch 673/1000 - Time: 2.21s - Loss: critic_x=-0.0710, critic_z=-802.0888, encoder=-1445.8664, decoder=1.4819
2025-06-24 17:23:15,813 - tadGANs - INFO - Epoch 674/1000 - Time: 2.25s - Loss: critic_x=-0.0713, critic_z=-803.9920, encoder=-1450.6694, decoder=1.4831
2025-06-24 17:23:18,019 - tadGANs - INFO - Epoch 675/1000 - Time: 2.21s - Loss: critic_x=-0.0739, critic_z=-805.5363, encoder=-1456.2573, decoder=1.4875
2025-06-24 17:23:20,218 - tadGANs - INFO - Epoch 676/1000 - Time: 2.20s - Loss: critic_x=-0.0759, critic_z=-808.0275, encoder=-1457.1122, decoder=1.4840
2025-06-24 17:23:22,475 - tadGANs - INFO - Epoch 677/1000 - Time: 2.26s - Loss: critic_x=-0.0766, critic_z=-809.2399, encoder=-1460.2288, decoder=1.4920
2025-06-24 17:23:24,638 - tadGANs - INFO - Epoch 678/1000 - Time: 2.16s - Loss: critic_x=-0.0768, critic_z=-812.1411, encoder=-1466.6153, decoder=1.5017
2025-06-24 17:23:26,825 - tadGANs - INFO - Epoch 679/1000 - Time: 2.19s - Loss: critic_x=-0.0750, critic_z=-813.8998, encoder=-1469.9585, decoder=1.4929
2025-06-24 17:23:29,050 - tadGANs - INFO - Epoch 680/1000 - Time: 2.22s - Loss: critic_x=-0.0736, critic_z=-816.7198, encoder=-1472.6745, decoder=1.4835
2025-06-24 17:23:29,061 - tadGANs - INFO - Models saved at epoch 680
2025-06-24 17:23:31,365 - tadGANs - INFO - Epoch 681/1000 - Time: 2.30s - Loss: critic_x=-0.0742, critic_z=-818.2462, encoder=-1476.3548, decoder=1.4737
2025-06-24 17:23:33,612 - tadGANs - INFO - Epoch 682/1000 - Time: 2.25s - Loss: critic_x=-0.0729, critic_z=-821.4982, encoder=-1483.6195, decoder=1.4568
2025-06-24 17:23:35,846 - tadGANs - INFO - Epoch 683/1000 - Time: 2.23s - Loss: critic_x=-0.0730, critic_z=-822.3007, encoder=-1485.5459, decoder=1.4512
2025-06-24 17:23:38,104 - tadGANs - INFO - Epoch 684/1000 - Time: 2.26s - Loss: critic_x=-0.0705, critic_z=-824.4821, encoder=-1487.7818, decoder=1.4506
2025-06-24 17:23:40,366 - tadGANs - INFO - Epoch 685/1000 - Time: 2.26s - Loss: critic_x=-0.0717, critic_z=-827.4907, encoder=-1494.8619, decoder=1.4755
2025-06-24 17:23:42,560 - tadGANs - INFO - Epoch 686/1000 - Time: 2.19s - Loss: critic_x=-0.0723, critic_z=-828.8844, encoder=-1496.8341, decoder=1.4931
2025-06-24 17:23:44,871 - tadGANs - INFO - Epoch 687/1000 - Time: 2.31s - Loss: critic_x=-0.0681, critic_z=-831.2834, encoder=-1501.4600, decoder=1.4802
2025-06-24 17:23:47,175 - tadGANs - INFO - Epoch 688/1000 - Time: 2.30s - Loss: critic_x=-0.0684, critic_z=-833.3561, encoder=-1504.7254, decoder=1.4808
2025-06-24 17:23:49,469 - tadGANs - INFO - Epoch 689/1000 - Time: 2.29s - Loss: critic_x=-0.0680, critic_z=-834.7523, encoder=-1510.7893, decoder=1.4714
2025-06-24 17:23:51,718 - tadGANs - INFO - Epoch 690/1000 - Time: 2.25s - Loss: critic_x=-0.0682, critic_z=-836.7673, encoder=-1512.2100, decoder=1.4740
2025-06-24 17:23:51,728 - tadGANs - INFO - Models saved at epoch 690
2025-06-24 17:23:54,020 - tadGANs - INFO - Epoch 691/1000 - Time: 2.29s - Loss: critic_x=-0.0681, critic_z=-839.8248, encoder=-1516.8431, decoder=1.4708
2025-06-24 17:23:56,277 - tadGANs - INFO - Epoch 692/1000 - Time: 2.26s - Loss: critic_x=-0.0672, critic_z=-840.7513, encoder=-1520.9586, decoder=1.4976
2025-06-24 17:23:58,604 - tadGANs - INFO - Epoch 693/1000 - Time: 2.33s - Loss: critic_x=-0.0680, critic_z=-843.6521, encoder=-1523.9107, decoder=1.4837
2025-06-24 17:24:00,857 - tadGANs - INFO - Epoch 694/1000 - Time: 2.25s - Loss: critic_x=-0.0659, critic_z=-845.0699, encoder=-1528.9022, decoder=1.4864
2025-06-24 17:24:03,123 - tadGANs - INFO - Epoch 695/1000 - Time: 2.27s - Loss: critic_x=-0.0662, critic_z=-847.5545, encoder=-1532.4181, decoder=1.4740
2025-06-24 17:24:05,333 - tadGANs - INFO - Epoch 696/1000 - Time: 2.21s - Loss: critic_x=-0.0635, critic_z=-849.8402, encoder=-1537.3711, decoder=1.4778
2025-06-24 17:24:07,645 - tadGANs - INFO - Epoch 697/1000 - Time: 2.31s - Loss: critic_x=-0.0634, critic_z=-851.2077, encoder=-1539.9072, decoder=1.4896
2025-06-24 17:24:09,873 - tadGANs - INFO - Epoch 698/1000 - Time: 2.23s - Loss: critic_x=-0.0626, critic_z=-854.1359, encoder=-1543.7087, decoder=1.4850
2025-06-24 17:24:12,145 - tadGANs - INFO - Epoch 699/1000 - Time: 2.27s - Loss: critic_x=-0.0636, critic_z=-857.0819, encoder=-1549.9516, decoder=1.4997
2025-06-24 17:24:14,355 - tadGANs - INFO - Epoch 700/1000 - Time: 2.21s - Loss: critic_x=-0.0584, critic_z=-858.8290, encoder=-1553.9852, decoder=1.4860
2025-06-24 17:24:14,366 - tadGANs - INFO - Models saved at epoch 700
2025-06-24 17:24:16,660 - tadGANs - INFO - Epoch 701/1000 - Time: 2.29s - Loss: critic_x=-0.0589, critic_z=-860.2544, encoder=-1558.2400, decoder=1.4835
2025-06-24 17:24:18,979 - tadGANs - INFO - Epoch 702/1000 - Time: 2.32s - Loss: critic_x=-0.0586, critic_z=-863.5351, encoder=-1562.1515, decoder=1.4726
2025-06-24 17:24:21,432 - tadGANs - INFO - Epoch 703/1000 - Time: 2.45s - Loss: critic_x=-0.0567, critic_z=-864.9462, encoder=-1566.0490, decoder=1.4827
2025-06-24 17:24:24,042 - tadGANs - INFO - Epoch 704/1000 - Time: 2.61s - Loss: critic_x=-0.0560, critic_z=-868.1229, encoder=-1569.6505, decoder=1.4849
2025-06-24 17:24:27,060 - tadGANs - INFO - Epoch 705/1000 - Time: 3.02s - Loss: critic_x=-0.0553, critic_z=-869.4234, encoder=-1573.8599, decoder=1.4902
2025-06-24 17:24:30,065 - tadGANs - INFO - Epoch 706/1000 - Time: 3.00s - Loss: critic_x=-0.0568, critic_z=-871.9957, encoder=-1579.4104, decoder=1.4962
2025-06-24 17:24:33,012 - tadGANs - INFO - Epoch 707/1000 - Time: 2.95s - Loss: critic_x=-0.0556, critic_z=-873.4020, encoder=-1582.7523, decoder=1.4960
2025-06-24 17:24:36,064 - tadGANs - INFO - Epoch 708/1000 - Time: 3.05s - Loss: critic_x=-0.0570, critic_z=-875.5823, encoder=-1585.5572, decoder=1.4999
2025-06-24 17:24:39,127 - tadGANs - INFO - Epoch 709/1000 - Time: 3.06s - Loss: critic_x=-0.0559, critic_z=-878.2268, encoder=-1590.3677, decoder=1.5033
2025-06-24 17:24:42,180 - tadGANs - INFO - Epoch 710/1000 - Time: 3.05s - Loss: critic_x=-0.0557, critic_z=-879.7044, encoder=-1593.8922, decoder=1.5048
2025-06-24 17:24:42,193 - tadGANs - INFO - Models saved at epoch 710
2025-06-24 17:24:45,185 - tadGANs - INFO - Epoch 711/1000 - Time: 2.99s - Loss: critic_x=-0.0550, critic_z=-882.0117, encoder=-1598.3934, decoder=1.5075
2025-06-24 17:24:48,295 - tadGANs - INFO - Epoch 712/1000 - Time: 3.11s - Loss: critic_x=-0.0539, critic_z=-884.5552, encoder=-1603.1306, decoder=1.5059
2025-06-24 17:24:51,168 - tadGANs - INFO - Epoch 713/1000 - Time: 2.87s - Loss: critic_x=-0.0548, critic_z=-885.6919, encoder=-1606.2384, decoder=1.5115
2025-06-24 17:24:54,161 - tadGANs - INFO - Epoch 714/1000 - Time: 2.99s - Loss: critic_x=-0.0531, critic_z=-888.8178, encoder=-1610.1246, decoder=1.5089
2025-06-24 17:24:57,037 - tadGANs - INFO - Epoch 715/1000 - Time: 2.88s - Loss: critic_x=-0.0561, critic_z=-891.1810, encoder=-1615.7352, decoder=1.5186
2025-06-24 17:24:59,975 - tadGANs - INFO - Epoch 716/1000 - Time: 2.94s - Loss: critic_x=-0.0569, critic_z=-892.8361, encoder=-1618.0070, decoder=1.5314
2025-06-24 17:25:02,866 - tadGANs - INFO - Epoch 717/1000 - Time: 2.89s - Loss: critic_x=-0.0573, critic_z=-895.5181, encoder=-1622.7472, decoder=1.5227
2025-06-24 17:25:05,754 - tadGANs - INFO - Epoch 718/1000 - Time: 2.89s - Loss: critic_x=-0.0591, critic_z=-897.3690, encoder=-1629.7911, decoder=1.5323
2025-06-24 17:25:08,713 - tadGANs - INFO - Epoch 719/1000 - Time: 2.96s - Loss: critic_x=-0.0616, critic_z=-899.5901, encoder=-1631.7854, decoder=1.5235
2025-06-24 17:25:11,628 - tadGANs - INFO - Epoch 720/1000 - Time: 2.91s - Loss: critic_x=-0.0635, critic_z=-901.9081, encoder=-1635.9383, decoder=1.5220
2025-06-24 17:25:11,638 - tadGANs - INFO - Models saved at epoch 720
2025-06-24 17:25:14,588 - tadGANs - INFO - Epoch 721/1000 - Time: 2.95s - Loss: critic_x=-0.0630, critic_z=-904.4675, encoder=-1640.5219, decoder=1.5195
2025-06-24 17:25:17,494 - tadGANs - INFO - Epoch 722/1000 - Time: 2.91s - Loss: critic_x=-0.0659, critic_z=-906.7321, encoder=-1645.5925, decoder=1.5135
2025-06-24 17:25:20,542 - tadGANs - INFO - Epoch 723/1000 - Time: 3.05s - Loss: critic_x=-0.0693, critic_z=-908.4305, encoder=-1647.9751, decoder=1.5077
2025-06-24 17:25:23,509 - tadGANs - INFO - Epoch 724/1000 - Time: 2.97s - Loss: critic_x=-0.0711, critic_z=-910.9270, encoder=-1652.9710, decoder=1.5218
2025-06-24 17:25:26,445 - tadGANs - INFO - Epoch 725/1000 - Time: 2.94s - Loss: critic_x=-0.0715, critic_z=-913.1395, encoder=-1656.9089, decoder=1.5281
2025-06-24 17:25:29,464 - tadGANs - INFO - Epoch 726/1000 - Time: 3.02s - Loss: critic_x=-0.0746, critic_z=-915.2170, encoder=-1660.9121, decoder=1.5317
2025-06-24 17:25:32,443 - tadGANs - INFO - Epoch 727/1000 - Time: 2.98s - Loss: critic_x=-0.0764, critic_z=-917.6847, encoder=-1664.4948, decoder=1.5426
2025-06-24 17:25:35,294 - tadGANs - INFO - Epoch 728/1000 - Time: 2.85s - Loss: critic_x=-0.0775, critic_z=-919.2501, encoder=-1669.5547, decoder=1.5479
2025-06-24 17:25:38,285 - tadGANs - INFO - Epoch 729/1000 - Time: 2.99s - Loss: critic_x=-0.0794, critic_z=-921.0976, encoder=-1673.7887, decoder=1.5590
2025-06-24 17:25:41,206 - tadGANs - INFO - Epoch 730/1000 - Time: 2.92s - Loss: critic_x=-0.0792, critic_z=-923.8782, encoder=-1677.6442, decoder=1.5585
2025-06-24 17:25:41,228 - tadGANs - INFO - Models saved at epoch 730
2025-06-24 17:25:44,271 - tadGANs - INFO - Epoch 731/1000 - Time: 3.04s - Loss: critic_x=-0.0790, critic_z=-925.8687, encoder=-1681.0875, decoder=1.5482
2025-06-24 17:25:47,226 - tadGANs - INFO - Epoch 732/1000 - Time: 2.95s - Loss: critic_x=-0.0819, critic_z=-928.1648, encoder=-1686.2572, decoder=1.5456
2025-06-24 17:25:50,304 - tadGANs - INFO - Epoch 733/1000 - Time: 3.08s - Loss: critic_x=-0.0808, critic_z=-930.1443, encoder=-1689.1735, decoder=1.5356
2025-06-24 17:25:53,217 - tadGANs - INFO - Epoch 734/1000 - Time: 2.91s - Loss: critic_x=-0.0823, critic_z=-932.5221, encoder=-1694.2698, decoder=1.5371
2025-06-24 17:25:56,234 - tadGANs - INFO - Epoch 735/1000 - Time: 3.02s - Loss: critic_x=-0.0804, critic_z=-935.6784, encoder=-1700.0649, decoder=1.5490
2025-06-24 17:25:59,259 - tadGANs - INFO - Epoch 736/1000 - Time: 3.02s - Loss: critic_x=-0.0797, critic_z=-936.8943, encoder=-1701.8710, decoder=1.5443
2025-06-24 17:26:02,295 - tadGANs - INFO - Epoch 737/1000 - Time: 3.04s - Loss: critic_x=-0.0805, critic_z=-939.9923, encoder=-1708.0874, decoder=1.5714
2025-06-24 17:26:05,266 - tadGANs - INFO - Epoch 738/1000 - Time: 2.97s - Loss: critic_x=-0.0771, critic_z=-942.2549, encoder=-1710.8379, decoder=1.5824
2025-06-24 17:26:08,293 - tadGANs - INFO - Epoch 739/1000 - Time: 3.03s - Loss: critic_x=-0.0767, critic_z=-944.1878, encoder=-1715.9075, decoder=1.5832
2025-06-24 17:26:11,423 - tadGANs - INFO - Epoch 740/1000 - Time: 3.13s - Loss: critic_x=-0.0755, critic_z=-946.9806, encoder=-1722.0446, decoder=1.5895
2025-06-24 17:26:11,438 - tadGANs - INFO - Models saved at epoch 740
2025-06-24 17:26:14,411 - tadGANs - INFO - Epoch 741/1000 - Time: 2.97s - Loss: critic_x=-0.0753, critic_z=-949.2084, encoder=-1724.4841, decoder=1.5831
2025-06-24 17:26:17,400 - tadGANs - INFO - Epoch 742/1000 - Time: 2.99s - Loss: critic_x=-0.0762, critic_z=-950.5080, encoder=-1730.2971, decoder=1.5774
2025-06-24 17:26:20,399 - tadGANs - INFO - Epoch 743/1000 - Time: 3.00s - Loss: critic_x=-0.0755, critic_z=-951.8845, encoder=-1732.3484, decoder=1.5708
2025-06-24 17:26:23,427 - tadGANs - INFO - Epoch 744/1000 - Time: 3.03s - Loss: critic_x=-0.0746, critic_z=-956.2779, encoder=-1737.6719, decoder=1.5662
2025-06-24 17:26:26,409 - tadGANs - INFO - Epoch 745/1000 - Time: 2.98s - Loss: critic_x=-0.0735, critic_z=-957.5646, encoder=-1742.8494, decoder=1.5859
2025-06-24 17:26:29,451 - tadGANs - INFO - Epoch 746/1000 - Time: 3.04s - Loss: critic_x=-0.0736, critic_z=-960.0098, encoder=-1744.9735, decoder=1.5743
2025-06-24 17:26:32,378 - tadGANs - INFO - Epoch 747/1000 - Time: 2.93s - Loss: critic_x=-0.0722, critic_z=-961.9309, encoder=-1751.4397, decoder=1.5729
2025-06-24 17:26:35,446 - tadGANs - INFO - Epoch 748/1000 - Time: 3.07s - Loss: critic_x=-0.0703, critic_z=-964.6250, encoder=-1755.7463, decoder=1.5710
2025-06-24 17:26:38,382 - tadGANs - INFO - Epoch 749/1000 - Time: 2.94s - Loss: critic_x=-0.0701, critic_z=-966.7932, encoder=-1759.8265, decoder=1.5553
2025-06-24 17:26:41,423 - tadGANs - INFO - Epoch 750/1000 - Time: 3.04s - Loss: critic_x=-0.0677, critic_z=-968.7308, encoder=-1762.9578, decoder=1.5507
2025-06-24 17:26:41,439 - tadGANs - INFO - Models saved at epoch 750
2025-06-24 17:26:44,337 - tadGANs - INFO - Epoch 751/1000 - Time: 2.90s - Loss: critic_x=-0.0669, critic_z=-971.1970, encoder=-1767.3210, decoder=1.5511
2025-06-24 17:26:47,490 - tadGANs - INFO - Epoch 752/1000 - Time: 3.15s - Loss: critic_x=-0.0645, critic_z=-974.5237, encoder=-1771.1244, decoder=1.5408
2025-06-24 17:26:50,699 - tadGANs - INFO - Epoch 753/1000 - Time: 3.21s - Loss: critic_x=-0.0639, critic_z=-975.5066, encoder=-1776.6608, decoder=1.5369
2025-06-24 17:26:54,430 - tadGANs - INFO - Epoch 754/1000 - Time: 3.73s - Loss: critic_x=-0.0630, critic_z=-977.6482, encoder=-1779.9240, decoder=1.5437
2025-06-24 17:26:58,214 - tadGANs - INFO - Epoch 755/1000 - Time: 3.78s - Loss: critic_x=-0.0650, critic_z=-979.9624, encoder=-1784.2438, decoder=1.5342
2025-06-24 17:27:01,910 - tadGANs - INFO - Epoch 756/1000 - Time: 3.70s - Loss: critic_x=-0.0592, critic_z=-983.7081, encoder=-1789.1633, decoder=1.5560
2025-06-24 17:27:05,582 - tadGANs - INFO - Epoch 757/1000 - Time: 3.67s - Loss: critic_x=-0.0603, critic_z=-984.2465, encoder=-1794.2705, decoder=1.5687
2025-06-24 17:27:09,217 - tadGANs - INFO - Epoch 758/1000 - Time: 3.64s - Loss: critic_x=-0.0579, critic_z=-986.9892, encoder=-1798.5959, decoder=1.5619
2025-06-24 17:27:12,935 - tadGANs - INFO - Epoch 759/1000 - Time: 3.72s - Loss: critic_x=-0.0570, critic_z=-989.8429, encoder=-1801.8152, decoder=1.5588
2025-06-24 17:27:16,656 - tadGANs - INFO - Epoch 760/1000 - Time: 3.72s - Loss: critic_x=-0.0569, critic_z=-991.6217, encoder=-1806.0035, decoder=1.5543
2025-06-24 17:27:16,672 - tadGANs - INFO - Models saved at epoch 760
2025-06-24 17:27:20,381 - tadGANs - INFO - Epoch 761/1000 - Time: 3.71s - Loss: critic_x=-0.0581, critic_z=-994.1756, encoder=-1812.4049, decoder=1.5612
2025-06-24 17:27:24,061 - tadGANs - INFO - Epoch 762/1000 - Time: 3.68s - Loss: critic_x=-0.0573, critic_z=-996.1167, encoder=-1816.7695, decoder=1.5648
2025-06-24 17:27:27,856 - tadGANs - INFO - Epoch 763/1000 - Time: 3.79s - Loss: critic_x=-0.0589, critic_z=-999.1125, encoder=-1820.1135, decoder=1.5742
2025-06-24 17:27:31,608 - tadGANs - INFO - Epoch 764/1000 - Time: 3.75s - Loss: critic_x=-0.0590, critic_z=-1000.3398, encoder=-1824.1738, decoder=1.5590
2025-06-24 17:27:35,280 - tadGANs - INFO - Epoch 765/1000 - Time: 3.67s - Loss: critic_x=-0.0588, critic_z=-1002.7636, encoder=-1828.8734, decoder=1.5696
2025-06-24 17:27:39,041 - tadGANs - INFO - Epoch 766/1000 - Time: 3.76s - Loss: critic_x=-0.0611, critic_z=-1006.0308, encoder=-1833.5571, decoder=1.5909
2025-06-24 17:27:42,758 - tadGANs - INFO - Epoch 767/1000 - Time: 3.72s - Loss: critic_x=-0.0608, critic_z=-1008.0350, encoder=-1838.8317, decoder=1.6081
2025-06-24 17:27:46,428 - tadGANs - INFO - Epoch 768/1000 - Time: 3.67s - Loss: critic_x=-0.0600, critic_z=-1011.2305, encoder=-1842.8449, decoder=1.6005
2025-06-24 17:27:50,096 - tadGANs - INFO - Epoch 769/1000 - Time: 3.67s - Loss: critic_x=-0.0633, critic_z=-1012.5941, encoder=-1847.7117, decoder=1.5943
2025-06-24 17:27:53,747 - tadGANs - INFO - Epoch 770/1000 - Time: 3.65s - Loss: critic_x=-0.0623, critic_z=-1015.1028, encoder=-1851.8012, decoder=1.5993
2025-06-24 17:27:53,759 - tadGANs - INFO - Models saved at epoch 770
2025-06-24 17:27:57,403 - tadGANs - INFO - Epoch 771/1000 - Time: 3.64s - Loss: critic_x=-0.0648, critic_z=-1018.8977, encoder=-1854.5288, decoder=1.6011
2025-06-24 17:28:01,078 - tadGANs - INFO - Epoch 772/1000 - Time: 3.68s - Loss: critic_x=-0.0639, critic_z=-1020.2206, encoder=-1862.9142, decoder=1.6114
2025-06-24 17:28:04,703 - tadGANs - INFO - Epoch 773/1000 - Time: 3.62s - Loss: critic_x=-0.0652, critic_z=-1021.9860, encoder=-1863.7754, decoder=1.6068
2025-06-24 17:28:08,447 - tadGANs - INFO - Epoch 774/1000 - Time: 3.74s - Loss: critic_x=-0.0676, critic_z=-1024.5208, encoder=-1868.9632, decoder=1.6159
2025-06-24 17:28:12,219 - tadGANs - INFO - Epoch 775/1000 - Time: 3.77s - Loss: critic_x=-0.0670, critic_z=-1026.1218, encoder=-1872.2593, decoder=1.6046
2025-06-24 17:28:16,006 - tadGANs - INFO - Epoch 776/1000 - Time: 3.79s - Loss: critic_x=-0.0679, critic_z=-1029.8105, encoder=-1877.9783, decoder=1.5939
2025-06-24 17:28:19,797 - tadGANs - INFO - Epoch 777/1000 - Time: 3.79s - Loss: critic_x=-0.0694, critic_z=-1031.4301, encoder=-1881.8598, decoder=1.6019
2025-06-24 17:28:23,517 - tadGANs - INFO - Epoch 778/1000 - Time: 3.72s - Loss: critic_x=-0.0677, critic_z=-1033.2150, encoder=-1887.0122, decoder=1.6137
2025-06-24 17:28:27,326 - tadGANs - INFO - Epoch 779/1000 - Time: 3.81s - Loss: critic_x=-0.0702, critic_z=-1035.9555, encoder=-1890.7174, decoder=1.6138
2025-06-24 17:28:31,124 - tadGANs - INFO - Epoch 780/1000 - Time: 3.80s - Loss: critic_x=-0.0687, critic_z=-1038.5510, encoder=-1894.6587, decoder=1.6122
2025-06-24 17:28:31,137 - tadGANs - INFO - Models saved at epoch 780
2025-06-24 17:28:34,922 - tadGANs - INFO - Epoch 781/1000 - Time: 3.78s - Loss: critic_x=-0.0694, critic_z=-1040.7475, encoder=-1900.5603, decoder=1.6182
2025-06-24 17:28:38,736 - tadGANs - INFO - Epoch 782/1000 - Time: 3.81s - Loss: critic_x=-0.0708, critic_z=-1042.8467, encoder=-1904.3526, decoder=1.6328
2025-06-24 17:28:42,564 - tadGANs - INFO - Epoch 783/1000 - Time: 3.83s - Loss: critic_x=-0.0717, critic_z=-1044.8592, encoder=-1909.8520, decoder=1.6222
2025-06-24 17:28:46,365 - tadGANs - INFO - Epoch 784/1000 - Time: 3.80s - Loss: critic_x=-0.0713, critic_z=-1047.7621, encoder=-1915.7064, decoder=1.6241
2025-06-24 17:28:50,149 - tadGANs - INFO - Epoch 785/1000 - Time: 3.78s - Loss: critic_x=-0.0700, critic_z=-1050.7139, encoder=-1917.8756, decoder=1.6198
2025-06-24 17:28:53,899 - tadGANs - INFO - Epoch 786/1000 - Time: 3.75s - Loss: critic_x=-0.0710, critic_z=-1053.0594, encoder=-1921.6123, decoder=1.6133
2025-06-24 17:28:57,719 - tadGANs - INFO - Epoch 787/1000 - Time: 3.82s - Loss: critic_x=-0.0694, critic_z=-1055.0232, encoder=-1927.6497, decoder=1.6241
2025-06-24 17:29:01,707 - tadGANs - INFO - Epoch 788/1000 - Time: 3.99s - Loss: critic_x=-0.0702, critic_z=-1057.8009, encoder=-1931.8779, decoder=1.6118
2025-06-24 17:29:05,523 - tadGANs - INFO - Epoch 789/1000 - Time: 3.82s - Loss: critic_x=-0.0712, critic_z=-1059.6359, encoder=-1936.4274, decoder=1.6195
2025-06-24 17:29:09,280 - tadGANs - INFO - Epoch 790/1000 - Time: 3.76s - Loss: critic_x=-0.0700, critic_z=-1062.0842, encoder=-1940.5222, decoder=1.6275
2025-06-24 17:29:09,292 - tadGANs - INFO - Models saved at epoch 790
2025-06-24 17:29:13,059 - tadGANs - INFO - Epoch 791/1000 - Time: 3.77s - Loss: critic_x=-0.0701, critic_z=-1065.5773, encoder=-1946.1067, decoder=1.6279
2025-06-24 17:29:16,784 - tadGANs - INFO - Epoch 792/1000 - Time: 3.73s - Loss: critic_x=-0.0698, critic_z=-1066.8924, encoder=-1948.3728, decoder=1.6261
2025-06-24 17:29:20,506 - tadGANs - INFO - Epoch 793/1000 - Time: 3.72s - Loss: critic_x=-0.0712, critic_z=-1068.5712, encoder=-1954.2369, decoder=1.6287
2025-06-24 17:29:24,217 - tadGANs - INFO - Epoch 794/1000 - Time: 3.71s - Loss: critic_x=-0.0711, critic_z=-1071.0832, encoder=-1959.4515, decoder=1.6226
2025-06-24 17:29:27,953 - tadGANs - INFO - Epoch 795/1000 - Time: 3.74s - Loss: critic_x=-0.0724, critic_z=-1074.0806, encoder=-1962.6988, decoder=1.6265
2025-06-24 17:29:31,733 - tadGANs - INFO - Epoch 796/1000 - Time: 3.78s - Loss: critic_x=-0.0717, critic_z=-1075.9905, encoder=-1970.8435, decoder=1.6504
2025-06-24 17:29:35,493 - tadGANs - INFO - Epoch 797/1000 - Time: 3.76s - Loss: critic_x=-0.0737, critic_z=-1078.8214, encoder=-1971.8901, decoder=1.6345
2025-06-24 17:29:39,398 - tadGANs - INFO - Epoch 798/1000 - Time: 3.90s - Loss: critic_x=-0.0740, critic_z=-1081.2700, encoder=-1976.2426, decoder=1.6343
2025-06-24 17:29:43,271 - tadGANs - INFO - Epoch 799/1000 - Time: 3.87s - Loss: critic_x=-0.0759, critic_z=-1084.5056, encoder=-1980.3207, decoder=1.6556
2025-06-24 17:29:46,979 - tadGANs - INFO - Epoch 800/1000 - Time: 3.71s - Loss: critic_x=-0.0778, critic_z=-1085.7925, encoder=-1987.1772, decoder=1.6480
2025-06-24 17:29:46,991 - tadGANs - INFO - Models saved at epoch 800
2025-06-24 17:29:50,693 - tadGANs - INFO - Epoch 801/1000 - Time: 3.70s - Loss: critic_x=-0.0783, critic_z=-1088.3180, encoder=-1992.7346, decoder=1.6279
2025-06-24 17:29:54,385 - tadGANs - INFO - Epoch 802/1000 - Time: 3.69s - Loss: critic_x=-0.0793, critic_z=-1090.3340, encoder=-1995.2303, decoder=1.6394
2025-06-24 17:29:58,066 - tadGANs - INFO - Epoch 803/1000 - Time: 3.68s - Loss: critic_x=-0.0798, critic_z=-1093.2190, encoder=-2000.3535, decoder=1.6313
2025-06-24 17:30:01,820 - tadGANs - INFO - Epoch 804/1000 - Time: 3.75s - Loss: critic_x=-0.0805, critic_z=-1095.9061, encoder=-2005.1410, decoder=1.6276
2025-06-24 17:30:05,508 - tadGANs - INFO - Epoch 805/1000 - Time: 3.69s - Loss: critic_x=-0.0804, critic_z=-1098.0637, encoder=-2009.2182, decoder=1.6307
2025-06-24 17:30:09,280 - tadGANs - INFO - Epoch 806/1000 - Time: 3.77s - Loss: critic_x=-0.0790, critic_z=-1101.0487, encoder=-2015.1271, decoder=1.6378
2025-06-24 17:30:12,964 - tadGANs - INFO - Epoch 807/1000 - Time: 3.68s - Loss: critic_x=-0.0776, critic_z=-1102.1722, encoder=-2019.2935, decoder=1.6520
2025-06-24 17:30:16,754 - tadGANs - INFO - Epoch 808/1000 - Time: 3.79s - Loss: critic_x=-0.0788, critic_z=-1105.6499, encoder=-2025.3900, decoder=1.6508
2025-06-24 17:30:20,533 - tadGANs - INFO - Epoch 809/1000 - Time: 3.78s - Loss: critic_x=-0.0781, critic_z=-1107.8748, encoder=-2030.4260, decoder=1.6522
2025-06-24 17:30:24,279 - tadGANs - INFO - Epoch 810/1000 - Time: 3.75s - Loss: critic_x=-0.0796, critic_z=-1110.2294, encoder=-2033.3515, decoder=1.6406
2025-06-24 17:30:24,293 - tadGANs - INFO - Models saved at epoch 810
2025-06-24 17:30:28,137 - tadGANs - INFO - Epoch 811/1000 - Time: 3.84s - Loss: critic_x=-0.0771, critic_z=-1112.9399, encoder=-2037.9310, decoder=1.6679
2025-06-24 17:30:31,919 - tadGANs - INFO - Epoch 812/1000 - Time: 3.78s - Loss: critic_x=-0.0757, critic_z=-1115.1531, encoder=-2041.3785, decoder=1.6801
2025-06-24 17:30:35,739 - tadGANs - INFO - Epoch 813/1000 - Time: 3.82s - Loss: critic_x=-0.0727, critic_z=-1117.8685, encoder=-2046.7136, decoder=1.6949
2025-06-24 17:30:39,463 - tadGANs - INFO - Epoch 814/1000 - Time: 3.72s - Loss: critic_x=-0.0720, critic_z=-1119.8463, encoder=-2050.5263, decoder=1.6751
2025-06-24 17:30:43,269 - tadGANs - INFO - Epoch 815/1000 - Time: 3.81s - Loss: critic_x=-0.0738, critic_z=-1121.4716, encoder=-2055.9002, decoder=1.6766
2025-06-24 17:30:47,038 - tadGANs - INFO - Epoch 816/1000 - Time: 3.77s - Loss: critic_x=-0.0717, critic_z=-1125.2791, encoder=-2059.7676, decoder=1.6711
2025-06-24 17:30:50,920 - tadGANs - INFO - Epoch 817/1000 - Time: 3.88s - Loss: critic_x=-0.0698, critic_z=-1126.9136, encoder=-2065.0251, decoder=1.6840
2025-06-24 17:30:54,628 - tadGANs - INFO - Epoch 818/1000 - Time: 3.71s - Loss: critic_x=-0.0703, critic_z=-1130.0413, encoder=-2070.4621, decoder=1.6731
2025-06-24 17:30:58,403 - tadGANs - INFO - Epoch 819/1000 - Time: 3.77s - Loss: critic_x=-0.0685, critic_z=-1131.9949, encoder=-2074.4571, decoder=1.6912
2025-06-24 17:31:02,093 - tadGANs - INFO - Epoch 820/1000 - Time: 3.69s - Loss: critic_x=-0.0686, critic_z=-1134.6923, encoder=-2079.6359, decoder=1.6937
2025-06-24 17:31:02,106 - tadGANs - INFO - Models saved at epoch 820
2025-06-24 17:31:05,839 - tadGANs - INFO - Epoch 821/1000 - Time: 3.73s - Loss: critic_x=-0.0692, critic_z=-1137.3368, encoder=-2084.3382, decoder=1.6950
2025-06-24 17:31:09,498 - tadGANs - INFO - Epoch 822/1000 - Time: 3.66s - Loss: critic_x=-0.0678, critic_z=-1139.6844, encoder=-2089.3595, decoder=1.6726
2025-06-24 17:31:13,337 - tadGANs - INFO - Epoch 823/1000 - Time: 3.84s - Loss: critic_x=-0.0668, critic_z=-1142.4576, encoder=-2094.2929, decoder=1.6895
2025-06-24 17:31:17,172 - tadGANs - INFO - Epoch 824/1000 - Time: 3.84s - Loss: critic_x=-0.0675, critic_z=-1144.3063, encoder=-2099.7212, decoder=1.6730
2025-06-24 17:31:21,002 - tadGANs - INFO - Epoch 825/1000 - Time: 3.83s - Loss: critic_x=-0.0658, critic_z=-1147.5116, encoder=-2103.2839, decoder=1.6765
2025-06-24 17:31:24,898 - tadGANs - INFO - Epoch 826/1000 - Time: 3.90s - Loss: critic_x=-0.0697, critic_z=-1150.6851, encoder=-2107.8672, decoder=1.6573
2025-06-24 17:31:28,763 - tadGANs - INFO - Epoch 827/1000 - Time: 3.86s - Loss: critic_x=-0.0669, critic_z=-1151.3888, encoder=-2112.3256, decoder=1.6678
2025-06-24 17:31:32,598 - tadGANs - INFO - Epoch 828/1000 - Time: 3.83s - Loss: critic_x=-0.0680, critic_z=-1154.9097, encoder=-2116.5985, decoder=1.6612
2025-06-24 17:31:36,302 - tadGANs - INFO - Epoch 829/1000 - Time: 3.70s - Loss: critic_x=-0.0666, critic_z=-1156.9393, encoder=-2122.1626, decoder=1.6691
2025-06-24 17:31:40,113 - tadGANs - INFO - Epoch 830/1000 - Time: 3.81s - Loss: critic_x=-0.0676, critic_z=-1159.0461, encoder=-2124.7306, decoder=1.7040
2025-06-24 17:31:40,126 - tadGANs - INFO - Models saved at epoch 830
2025-06-24 17:31:44,028 - tadGANs - INFO - Epoch 831/1000 - Time: 3.90s - Loss: critic_x=-0.0681, critic_z=-1162.0938, encoder=-2130.2426, decoder=1.6979
2025-06-24 17:31:47,940 - tadGANs - INFO - Epoch 832/1000 - Time: 3.91s - Loss: critic_x=-0.0709, critic_z=-1164.2915, encoder=-2138.8935, decoder=1.6871
2025-06-24 17:31:51,635 - tadGANs - INFO - Epoch 833/1000 - Time: 3.69s - Loss: critic_x=-0.0720, critic_z=-1168.2062, encoder=-2141.4488, decoder=1.6813
2025-06-24 17:31:55,510 - tadGANs - INFO - Epoch 834/1000 - Time: 3.87s - Loss: critic_x=-0.0727, critic_z=-1169.2289, encoder=-2147.0287, decoder=1.6789
2025-06-24 17:31:59,374 - tadGANs - INFO - Epoch 835/1000 - Time: 3.86s - Loss: critic_x=-0.0737, critic_z=-1172.8282, encoder=-2151.3069, decoder=1.6828
2025-06-24 17:32:03,185 - tadGANs - INFO - Epoch 836/1000 - Time: 3.81s - Loss: critic_x=-0.0738, critic_z=-1174.7198, encoder=-2155.3823, decoder=1.6803
2025-06-24 17:32:06,913 - tadGANs - INFO - Epoch 837/1000 - Time: 3.73s - Loss: critic_x=-0.0744, critic_z=-1177.3582, encoder=-2160.2055, decoder=1.6912
2025-06-24 17:32:10,706 - tadGANs - INFO - Epoch 838/1000 - Time: 3.79s - Loss: critic_x=-0.0739, critic_z=-1179.1608, encoder=-2164.7237, decoder=1.7003
2025-06-24 17:32:14,480 - tadGANs - INFO - Epoch 839/1000 - Time: 3.77s - Loss: critic_x=-0.0763, critic_z=-1182.0895, encoder=-2170.3092, decoder=1.6985
2025-06-24 17:32:18,271 - tadGANs - INFO - Epoch 840/1000 - Time: 3.79s - Loss: critic_x=-0.0755, critic_z=-1183.8258, encoder=-2174.6683, decoder=1.6926
2025-06-24 17:32:18,312 - tadGANs - INFO - Models saved at epoch 840
2025-06-24 17:32:22,094 - tadGANs - INFO - Epoch 841/1000 - Time: 3.78s - Loss: critic_x=-0.0745, critic_z=-1187.2246, encoder=-2180.4288, decoder=1.6923
2025-06-24 17:32:25,936 - tadGANs - INFO - Epoch 842/1000 - Time: 3.84s - Loss: critic_x=-0.0721, critic_z=-1190.0786, encoder=-2183.8406, decoder=1.6884
2025-06-24 17:32:29,728 - tadGANs - INFO - Epoch 843/1000 - Time: 3.79s - Loss: critic_x=-0.0730, critic_z=-1191.4727, encoder=-2189.1367, decoder=1.7050
2025-06-24 17:32:33,494 - tadGANs - INFO - Epoch 844/1000 - Time: 3.77s - Loss: critic_x=-0.0726, critic_z=-1195.1806, encoder=-2193.9351, decoder=1.6849
2025-06-24 17:32:37,286 - tadGANs - INFO - Epoch 845/1000 - Time: 3.79s - Loss: critic_x=-0.0733, critic_z=-1196.9180, encoder=-2197.8225, decoder=1.6860
2025-06-24 17:32:40,992 - tadGANs - INFO - Epoch 846/1000 - Time: 3.71s - Loss: critic_x=-0.0726, critic_z=-1199.5979, encoder=-2204.0977, decoder=1.6805
2025-06-24 17:32:44,747 - tadGANs - INFO - Epoch 847/1000 - Time: 3.75s - Loss: critic_x=-0.0732, critic_z=-1202.8453, encoder=-2208.5759, decoder=1.6660
2025-06-24 17:32:48,389 - tadGANs - INFO - Epoch 848/1000 - Time: 3.64s - Loss: critic_x=-0.0741, critic_z=-1204.9714, encoder=-2212.5564, decoder=1.6366
2025-06-24 17:32:52,190 - tadGANs - INFO - Epoch 849/1000 - Time: 3.80s - Loss: critic_x=-0.0753, critic_z=-1208.1704, encoder=-2219.0864, decoder=1.6150
2025-06-24 17:32:55,935 - tadGANs - INFO - Epoch 850/1000 - Time: 3.75s - Loss: critic_x=-0.0717, critic_z=-1210.9491, encoder=-2222.0833, decoder=1.6184
2025-06-24 17:32:55,955 - tadGANs - INFO - Models saved at epoch 850
2025-06-24 17:32:59,825 - tadGANs - INFO - Epoch 851/1000 - Time: 3.87s - Loss: critic_x=-0.0690, critic_z=-1211.6621, encoder=-2228.1623, decoder=1.6647
2025-06-24 17:33:03,590 - tadGANs - INFO - Epoch 852/1000 - Time: 3.76s - Loss: critic_x=-0.0708, critic_z=-1215.2349, encoder=-2231.8159, decoder=1.6859
2025-06-24 17:33:07,488 - tadGANs - INFO - Epoch 853/1000 - Time: 3.90s - Loss: critic_x=-0.0699, critic_z=-1216.8416, encoder=-2237.3091, decoder=1.6816
2025-06-24 17:33:11,281 - tadGANs - INFO - Epoch 854/1000 - Time: 3.79s - Loss: critic_x=-0.0728, critic_z=-1220.0561, encoder=-2243.4526, decoder=1.6736
2025-06-24 17:33:15,120 - tadGANs - INFO - Epoch 855/1000 - Time: 3.84s - Loss: critic_x=-0.0718, critic_z=-1222.5162, encoder=-2247.2492, decoder=1.6400
2025-06-24 17:33:19,008 - tadGANs - INFO - Epoch 856/1000 - Time: 3.89s - Loss: critic_x=-0.0737, critic_z=-1225.9081, encoder=-2251.5764, decoder=1.6354
2025-06-24 17:33:22,857 - tadGANs - INFO - Epoch 857/1000 - Time: 3.85s - Loss: critic_x=-0.0741, critic_z=-1229.1219, encoder=-2259.1171, decoder=1.6257
2025-06-24 17:33:26,616 - tadGANs - INFO - Epoch 858/1000 - Time: 3.76s - Loss: critic_x=-0.0731, critic_z=-1230.1331, encoder=-2263.4892, decoder=1.6387
2025-06-24 17:33:30,597 - tadGANs - INFO - Epoch 859/1000 - Time: 3.98s - Loss: critic_x=-0.0728, critic_z=-1231.9216, encoder=-2267.3908, decoder=1.6583
2025-06-24 17:33:34,600 - tadGANs - INFO - Epoch 860/1000 - Time: 4.00s - Loss: critic_x=-0.0726, critic_z=-1236.2024, encoder=-2274.4049, decoder=1.6747
2025-06-24 17:33:34,614 - tadGANs - INFO - Models saved at epoch 860
2025-06-24 17:33:38,549 - tadGANs - INFO - Epoch 861/1000 - Time: 3.93s - Loss: critic_x=-0.0726, critic_z=-1237.8904, encoder=-2276.0755, decoder=1.6874
2025-06-24 17:33:42,485 - tadGANs - INFO - Epoch 862/1000 - Time: 3.94s - Loss: critic_x=-0.0728, critic_z=-1239.7398, encoder=-2281.0851, decoder=1.6869
2025-06-24 17:33:46,467 - tadGANs - INFO - Epoch 863/1000 - Time: 3.98s - Loss: critic_x=-0.0693, critic_z=-1242.9360, encoder=-2287.8564, decoder=1.6762
2025-06-24 17:33:50,437 - tadGANs - INFO - Epoch 864/1000 - Time: 3.97s - Loss: critic_x=-0.0701, critic_z=-1245.3579, encoder=-2291.8962, decoder=1.6581
2025-06-24 17:33:54,291 - tadGANs - INFO - Epoch 865/1000 - Time: 3.85s - Loss: critic_x=-0.0680, critic_z=-1249.3397, encoder=-2298.8044, decoder=1.6496
2025-06-24 17:33:58,272 - tadGANs - INFO - Epoch 866/1000 - Time: 3.98s - Loss: critic_x=-0.0691, critic_z=-1250.9567, encoder=-2303.4960, decoder=1.6515
2025-06-24 17:34:02,138 - tadGANs - INFO - Epoch 867/1000 - Time: 3.87s - Loss: critic_x=-0.0668, critic_z=-1254.4304, encoder=-2306.1791, decoder=1.6267
2025-06-24 17:34:05,951 - tadGANs - INFO - Epoch 868/1000 - Time: 3.81s - Loss: critic_x=-0.0651, critic_z=-1256.0919, encoder=-2310.9523, decoder=1.6224
2025-06-24 17:34:09,726 - tadGANs - INFO - Epoch 869/1000 - Time: 3.77s - Loss: critic_x=-0.0650, critic_z=-1258.0518, encoder=-2317.3025, decoder=1.6282
2025-06-24 17:34:13,483 - tadGANs - INFO - Epoch 870/1000 - Time: 3.76s - Loss: critic_x=-0.0603, critic_z=-1261.4023, encoder=-2321.3827, decoder=1.6296
2025-06-24 17:34:13,504 - tadGANs - INFO - Models saved at epoch 870
2025-06-24 17:34:17,256 - tadGANs - INFO - Epoch 871/1000 - Time: 3.75s - Loss: critic_x=-0.0609, critic_z=-1264.4564, encoder=-2327.0533, decoder=1.6437
2025-06-24 17:34:21,105 - tadGANs - INFO - Epoch 872/1000 - Time: 3.85s - Loss: critic_x=-0.0587, critic_z=-1265.4003, encoder=-2330.7661, decoder=1.6347
2025-06-24 17:34:25,059 - tadGANs - INFO - Epoch 873/1000 - Time: 3.95s - Loss: critic_x=-0.0587, critic_z=-1269.1850, encoder=-2337.3441, decoder=1.6201
2025-06-24 17:34:29,015 - tadGANs - INFO - Epoch 874/1000 - Time: 3.96s - Loss: critic_x=-0.0567, critic_z=-1271.3408, encoder=-2340.4702, decoder=1.6476
2025-06-24 17:34:32,855 - tadGANs - INFO - Epoch 875/1000 - Time: 3.84s - Loss: critic_x=-0.0582, critic_z=-1274.0399, encoder=-2344.7060, decoder=1.6466
2025-06-24 17:34:36,690 - tadGANs - INFO - Epoch 876/1000 - Time: 3.83s - Loss: critic_x=-0.0592, critic_z=-1276.0421, encoder=-2349.5777, decoder=1.6366
2025-06-24 17:34:40,530 - tadGANs - INFO - Epoch 877/1000 - Time: 3.84s - Loss: critic_x=-0.0594, critic_z=-1279.4064, encoder=-2355.1499, decoder=1.6286
2025-06-24 17:34:44,254 - tadGANs - INFO - Epoch 878/1000 - Time: 3.72s - Loss: critic_x=-0.0584, critic_z=-1281.8231, encoder=-2359.9915, decoder=1.6449
2025-06-24 17:34:48,150 - tadGANs - INFO - Epoch 879/1000 - Time: 3.90s - Loss: critic_x=-0.0598, critic_z=-1285.1144, encoder=-2366.0161, decoder=1.6442
2025-06-24 17:34:52,073 - tadGANs - INFO - Epoch 880/1000 - Time: 3.92s - Loss: critic_x=-0.0598, critic_z=-1287.7481, encoder=-2371.7833, decoder=1.6486
2025-06-24 17:34:52,085 - tadGANs - INFO - Models saved at epoch 880
2025-06-24 17:34:56,097 - tadGANs - INFO - Epoch 881/1000 - Time: 4.01s - Loss: critic_x=-0.0604, critic_z=-1289.7067, encoder=-2375.0016, decoder=1.6508
2025-06-24 17:34:59,993 - tadGANs - INFO - Epoch 882/1000 - Time: 3.90s - Loss: critic_x=-0.0633, critic_z=-1292.1534, encoder=-2379.4118, decoder=1.6568
2025-06-24 17:35:03,968 - tadGANs - INFO - Epoch 883/1000 - Time: 3.97s - Loss: critic_x=-0.0667, critic_z=-1295.9875, encoder=-2384.4693, decoder=1.6531
2025-06-24 17:35:07,841 - tadGANs - INFO - Epoch 884/1000 - Time: 3.87s - Loss: critic_x=-0.0691, critic_z=-1299.2917, encoder=-2392.6567, decoder=1.6659
2025-06-24 17:35:11,662 - tadGANs - INFO - Epoch 885/1000 - Time: 3.82s - Loss: critic_x=-0.0691, critic_z=-1300.4634, encoder=-2398.9030, decoder=1.6419
2025-06-24 17:35:15,513 - tadGANs - INFO - Epoch 886/1000 - Time: 3.85s - Loss: critic_x=-0.0698, critic_z=-1303.6272, encoder=-2403.2610, decoder=1.6463
2025-06-24 17:35:19,363 - tadGANs - INFO - Epoch 887/1000 - Time: 3.85s - Loss: critic_x=-0.0703, critic_z=-1305.3956, encoder=-2406.4807, decoder=1.6633
2025-06-24 17:35:23,113 - tadGANs - INFO - Epoch 888/1000 - Time: 3.75s - Loss: critic_x=-0.0703, critic_z=-1307.6766, encoder=-2411.4646, decoder=1.6611
2025-06-24 17:35:26,768 - tadGANs - INFO - Epoch 889/1000 - Time: 3.65s - Loss: critic_x=-0.0709, critic_z=-1310.1100, encoder=-2416.2070, decoder=1.6690
2025-06-24 17:35:30,690 - tadGANs - INFO - Epoch 890/1000 - Time: 3.92s - Loss: critic_x=-0.0699, critic_z=-1313.4369, encoder=-2421.7406, decoder=1.6939
2025-06-24 17:35:30,704 - tadGANs - INFO - Models saved at epoch 890
2025-06-24 17:35:34,510 - tadGANs - INFO - Epoch 891/1000 - Time: 3.81s - Loss: critic_x=-0.0713, critic_z=-1316.4648, encoder=-2425.1890, decoder=1.7086
2025-06-24 17:35:38,455 - tadGANs - INFO - Epoch 892/1000 - Time: 3.94s - Loss: critic_x=-0.0702, critic_z=-1318.3658, encoder=-2432.2639, decoder=1.6889
2025-06-24 17:35:42,196 - tadGANs - INFO - Epoch 893/1000 - Time: 3.74s - Loss: critic_x=-0.0693, critic_z=-1321.0723, encoder=-2437.5889, decoder=1.6797
2025-06-24 17:35:46,002 - tadGANs - INFO - Epoch 894/1000 - Time: 3.81s - Loss: critic_x=-0.0700, critic_z=-1324.1931, encoder=-2439.8938, decoder=1.6841
2025-06-24 17:35:49,719 - tadGANs - INFO - Epoch 895/1000 - Time: 3.72s - Loss: critic_x=-0.0696, critic_z=-1327.5821, encoder=-2447.7553, decoder=1.6777
2025-06-24 17:35:53,527 - tadGANs - INFO - Epoch 896/1000 - Time: 3.81s - Loss: critic_x=-0.0701, critic_z=-1329.9878, encoder=-2452.4153, decoder=1.6659
2025-06-24 17:35:57,272 - tadGANs - INFO - Epoch 897/1000 - Time: 3.75s - Loss: critic_x=-0.0688, critic_z=-1332.1971, encoder=-2456.3747, decoder=1.6679
2025-06-24 17:36:01,031 - tadGANs - INFO - Epoch 898/1000 - Time: 3.76s - Loss: critic_x=-0.0670, critic_z=-1336.0973, encoder=-2462.7560, decoder=1.6611
2025-06-24 17:36:04,945 - tadGANs - INFO - Epoch 899/1000 - Time: 3.91s - Loss: critic_x=-0.0652, critic_z=-1337.9128, encoder=-2468.8639, decoder=1.6787
2025-06-24 17:36:08,765 - tadGANs - INFO - Epoch 900/1000 - Time: 3.82s - Loss: critic_x=-0.0664, critic_z=-1339.7930, encoder=-2472.8416, decoder=1.6519
2025-06-24 17:36:08,777 - tadGANs - INFO - Models saved at epoch 900
2025-06-24 17:36:12,657 - tadGANs - INFO - Epoch 901/1000 - Time: 3.88s - Loss: critic_x=-0.0643, critic_z=-1343.0473, encoder=-2476.8799, decoder=1.6706
2025-06-24 17:36:16,575 - tadGANs - INFO - Epoch 902/1000 - Time: 3.92s - Loss: critic_x=-0.0657, critic_z=-1345.6563, encoder=-2485.0492, decoder=1.6688
2025-06-24 17:36:20,553 - tadGANs - INFO - Epoch 903/1000 - Time: 3.98s - Loss: critic_x=-0.0640, critic_z=-1346.9131, encoder=-2488.5850, decoder=1.6634
2025-06-24 17:36:24,472 - tadGANs - INFO - Epoch 904/1000 - Time: 3.92s - Loss: critic_x=-0.0627, critic_z=-1350.6853, encoder=-2493.1400, decoder=1.6491
2025-06-24 17:36:28,704 - tadGANs - INFO - Epoch 905/1000 - Time: 4.23s - Loss: critic_x=-0.0630, critic_z=-1354.2256, encoder=-2499.8944, decoder=1.6556
2025-06-24 17:36:32,568 - tadGANs - INFO - Epoch 906/1000 - Time: 3.86s - Loss: critic_x=-0.0605, critic_z=-1356.6181, encoder=-2506.3280, decoder=1.6683
2025-06-24 17:36:36,477 - tadGANs - INFO - Epoch 907/1000 - Time: 3.91s - Loss: critic_x=-0.0608, critic_z=-1359.7293, encoder=-2508.9238, decoder=1.6792
2025-06-24 17:36:40,299 - tadGANs - INFO - Epoch 908/1000 - Time: 3.82s - Loss: critic_x=-0.0605, critic_z=-1362.2787, encoder=-2516.1562, decoder=1.6964
2025-06-24 17:36:44,134 - tadGANs - INFO - Epoch 909/1000 - Time: 3.83s - Loss: critic_x=-0.0587, critic_z=-1365.4891, encoder=-2519.5730, decoder=1.6857
2025-06-24 17:36:48,001 - tadGANs - INFO - Epoch 910/1000 - Time: 3.87s - Loss: critic_x=-0.0589, critic_z=-1366.4899, encoder=-2524.7070, decoder=1.6768
2025-06-24 17:36:48,017 - tadGANs - INFO - Models saved at epoch 910
2025-06-24 17:36:51,799 - tadGANs - INFO - Epoch 911/1000 - Time: 3.78s - Loss: critic_x=-0.0580, critic_z=-1369.0760, encoder=-2528.2965, decoder=1.6748
2025-06-24 17:36:55,719 - tadGANs - INFO - Epoch 912/1000 - Time: 3.92s - Loss: critic_x=-0.0570, critic_z=-1373.4549, encoder=-2535.2548, decoder=1.6822
2025-06-24 17:36:59,558 - tadGANs - INFO - Epoch 913/1000 - Time: 3.84s - Loss: critic_x=-0.0556, critic_z=-1377.3365, encoder=-2541.2449, decoder=1.7031
2025-06-24 17:37:03,542 - tadGANs - INFO - Epoch 914/1000 - Time: 3.98s - Loss: critic_x=-0.0557, critic_z=-1378.2426, encoder=-2546.4614, decoder=1.6941
2025-06-24 17:37:07,445 - tadGANs - INFO - Epoch 915/1000 - Time: 3.90s - Loss: critic_x=-0.0545, critic_z=-1381.0448, encoder=-2552.8695, decoder=1.7036
2025-06-24 17:37:11,467 - tadGANs - INFO - Epoch 916/1000 - Time: 4.02s - Loss: critic_x=-0.0557, critic_z=-1384.2151, encoder=-2556.2483, decoder=1.6969
2025-06-24 17:37:15,337 - tadGANs - INFO - Epoch 917/1000 - Time: 3.87s - Loss: critic_x=-0.0550, critic_z=-1386.8269, encoder=-2560.7677, decoder=1.7086
2025-06-24 17:37:19,240 - tadGANs - INFO - Epoch 918/1000 - Time: 3.90s - Loss: critic_x=-0.0553, critic_z=-1388.6354, encoder=-2566.0999, decoder=1.6900
2025-06-24 17:37:23,226 - tadGANs - INFO - Epoch 919/1000 - Time: 3.99s - Loss: critic_x=-0.0549, critic_z=-1391.8472, encoder=-2571.2239, decoder=1.6936
2025-06-24 17:37:27,207 - tadGANs - INFO - Epoch 920/1000 - Time: 3.98s - Loss: critic_x=-0.0529, critic_z=-1396.0066, encoder=-2580.0624, decoder=1.6855
2025-06-24 17:37:27,228 - tadGANs - INFO - Models saved at epoch 920
2025-06-24 17:37:30,991 - tadGANs - INFO - Epoch 921/1000 - Time: 3.76s - Loss: critic_x=-0.0524, critic_z=-1396.3043, encoder=-2583.1540, decoder=1.6726
2025-06-24 17:37:34,803 - tadGANs - INFO - Epoch 922/1000 - Time: 3.81s - Loss: critic_x=-0.0533, critic_z=-1400.1405, encoder=-2586.8391, decoder=1.6846
2025-06-24 17:37:38,688 - tadGANs - INFO - Epoch 923/1000 - Time: 3.88s - Loss: critic_x=-0.0515, critic_z=-1403.0468, encoder=-2591.7427, decoder=1.6884
2025-06-24 17:37:42,641 - tadGANs - INFO - Epoch 924/1000 - Time: 3.95s - Loss: critic_x=-0.0523, critic_z=-1406.5999, encoder=-2598.7125, decoder=1.6857
2025-06-24 17:37:46,492 - tadGANs - INFO - Epoch 925/1000 - Time: 3.85s - Loss: critic_x=-0.0547, critic_z=-1408.5174, encoder=-2604.9046, decoder=1.6605
2025-06-24 17:37:50,227 - tadGANs - INFO - Epoch 926/1000 - Time: 3.73s - Loss: critic_x=-0.0544, critic_z=-1411.2263, encoder=-2609.3314, decoder=1.6668
2025-06-24 17:37:54,080 - tadGANs - INFO - Epoch 927/1000 - Time: 3.85s - Loss: critic_x=-0.0535, critic_z=-1414.8409, encoder=-2615.0255, decoder=1.6641
2025-06-24 17:37:57,989 - tadGANs - INFO - Epoch 928/1000 - Time: 3.91s - Loss: critic_x=-0.0570, critic_z=-1417.2906, encoder=-2619.9296, decoder=1.6550
2025-06-24 17:38:01,819 - tadGANs - INFO - Epoch 929/1000 - Time: 3.83s - Loss: critic_x=-0.0570, critic_z=-1419.3227, encoder=-2624.1158, decoder=1.6444
2025-06-24 17:38:05,727 - tadGANs - INFO - Epoch 930/1000 - Time: 3.91s - Loss: critic_x=-0.0565, critic_z=-1422.1515, encoder=-2629.9114, decoder=1.6682
2025-06-24 17:38:05,740 - tadGANs - INFO - Models saved at epoch 930
2025-06-24 17:38:09,602 - tadGANs - INFO - Epoch 931/1000 - Time: 3.86s - Loss: critic_x=-0.0563, critic_z=-1425.3202, encoder=-2635.7287, decoder=1.6674
2025-06-24 17:38:13,364 - tadGANs - INFO - Epoch 932/1000 - Time: 3.76s - Loss: critic_x=-0.0563, critic_z=-1426.9435, encoder=-2639.2910, decoder=1.6714
2025-06-24 17:38:17,323 - tadGANs - INFO - Epoch 933/1000 - Time: 3.96s - Loss: critic_x=-0.0613, critic_z=-1430.2892, encoder=-2645.8023, decoder=1.6516
2025-06-24 17:38:21,192 - tadGANs - INFO - Epoch 934/1000 - Time: 3.87s - Loss: critic_x=-0.0602, critic_z=-1433.4276, encoder=-2651.0649, decoder=1.6729
2025-06-24 17:38:24,993 - tadGANs - INFO - Epoch 935/1000 - Time: 3.80s - Loss: critic_x=-0.0584, critic_z=-1435.6138, encoder=-2657.6576, decoder=1.6870
2025-06-24 17:38:28,915 - tadGANs - INFO - Epoch 936/1000 - Time: 3.92s - Loss: critic_x=-0.0579, critic_z=-1438.6962, encoder=-2661.7773, decoder=1.6961
2025-06-24 17:38:32,817 - tadGANs - INFO - Epoch 937/1000 - Time: 3.90s - Loss: critic_x=-0.0589, critic_z=-1441.5523, encoder=-2667.5225, decoder=1.6968
2025-06-24 17:38:36,722 - tadGANs - INFO - Epoch 938/1000 - Time: 3.91s - Loss: critic_x=-0.0575, critic_z=-1444.3781, encoder=-2672.3132, decoder=1.6930
2025-06-24 17:38:40,677 - tadGANs - INFO - Epoch 939/1000 - Time: 3.95s - Loss: critic_x=-0.0587, critic_z=-1446.1839, encoder=-2677.1622, decoder=1.7021
2025-06-24 17:38:44,752 - tadGANs - INFO - Epoch 940/1000 - Time: 4.07s - Loss: critic_x=-0.0596, critic_z=-1451.0299, encoder=-2683.5401, decoder=1.6945
2025-06-24 17:38:44,768 - tadGANs - INFO - Models saved at epoch 940
2025-06-24 17:38:48,696 - tadGANs - INFO - Epoch 941/1000 - Time: 3.93s - Loss: critic_x=-0.0581, critic_z=-1451.8946, encoder=-2688.3164, decoder=1.7075
2025-06-24 17:38:52,624 - tadGANs - INFO - Epoch 942/1000 - Time: 3.93s - Loss: critic_x=-0.0606, critic_z=-1455.9270, encoder=-2693.8323, decoder=1.6947
2025-06-24 17:38:56,521 - tadGANs - INFO - Epoch 943/1000 - Time: 3.90s - Loss: critic_x=-0.0588, critic_z=-1458.2121, encoder=-2702.5082, decoder=1.7011
2025-06-24 17:39:00,341 - tadGANs - INFO - Epoch 944/1000 - Time: 3.82s - Loss: critic_x=-0.0598, critic_z=-1462.1422, encoder=-2705.2020, decoder=1.7003
2025-06-24 17:39:04,184 - tadGANs - INFO - Epoch 945/1000 - Time: 3.84s - Loss: critic_x=-0.0580, critic_z=-1462.8724, encoder=-2709.6398, decoder=1.7034
2025-06-24 17:39:08,106 - tadGANs - INFO - Epoch 946/1000 - Time: 3.92s - Loss: critic_x=-0.0589, critic_z=-1466.1189, encoder=-2715.3592, decoder=1.7239
2025-06-24 17:39:11,951 - tadGANs - INFO - Epoch 947/1000 - Time: 3.84s - Loss: critic_x=-0.0571, critic_z=-1469.1268, encoder=-2718.7520, decoder=1.7132
2025-06-24 17:39:15,810 - tadGANs - INFO - Epoch 948/1000 - Time: 3.86s - Loss: critic_x=-0.0594, critic_z=-1472.5708, encoder=-2727.4598, decoder=1.7038
2025-06-24 17:39:19,692 - tadGANs - INFO - Epoch 949/1000 - Time: 3.88s - Loss: critic_x=-0.0599, critic_z=-1475.4932, encoder=-2731.7349, decoder=1.6888
2025-06-24 17:39:23,545 - tadGANs - INFO - Epoch 950/1000 - Time: 3.85s - Loss: critic_x=-0.0574, critic_z=-1477.2681, encoder=-2737.6106, decoder=1.7045
2025-06-24 17:39:23,559 - tadGANs - INFO - Models saved at epoch 950
2025-06-24 17:39:27,372 - tadGANs - INFO - Epoch 951/1000 - Time: 3.81s - Loss: critic_x=-0.0597, critic_z=-1480.3883, encoder=-2743.0975, decoder=1.6932
2025-06-24 17:39:31,367 - tadGANs - INFO - Epoch 952/1000 - Time: 3.99s - Loss: critic_x=-0.0631, critic_z=-1483.9209, encoder=-2748.5219, decoder=1.6947
2025-06-24 17:39:35,298 - tadGANs - INFO - Epoch 953/1000 - Time: 3.93s - Loss: critic_x=-0.0604, critic_z=-1486.2462, encoder=-2753.1937, decoder=1.7180
2025-06-24 17:39:39,193 - tadGANs - INFO - Epoch 954/1000 - Time: 3.89s - Loss: critic_x=-0.0617, critic_z=-1488.6236, encoder=-2756.9454, decoder=1.7301
2025-06-24 17:39:43,196 - tadGANs - INFO - Epoch 955/1000 - Time: 4.00s - Loss: critic_x=-0.0630, critic_z=-1493.0199, encoder=-2765.4451, decoder=1.7329
2025-06-24 17:39:47,264 - tadGANs - INFO - Epoch 956/1000 - Time: 4.07s - Loss: critic_x=-0.0614, critic_z=-1495.4625, encoder=-2769.5649, decoder=1.7399
2025-06-24 17:39:51,140 - tadGANs - INFO - Epoch 957/1000 - Time: 3.88s - Loss: critic_x=-0.0624, critic_z=-1497.5670, encoder=-2773.8010, decoder=1.7537
2025-06-24 17:39:55,004 - tadGANs - INFO - Epoch 958/1000 - Time: 3.86s - Loss: critic_x=-0.0625, critic_z=-1499.8040, encoder=-2780.9795, decoder=1.7367
2025-06-24 17:39:58,864 - tadGANs - INFO - Epoch 959/1000 - Time: 3.86s - Loss: critic_x=-0.0635, critic_z=-1503.9969, encoder=-2787.2099, decoder=1.7329
2025-06-24 17:40:02,703 - tadGANs - INFO - Epoch 960/1000 - Time: 3.84s - Loss: critic_x=-0.0639, critic_z=-1505.5952, encoder=-2790.1045, decoder=1.7233
2025-06-24 17:40:02,716 - tadGANs - INFO - Models saved at epoch 960
2025-06-24 17:40:06,445 - tadGANs - INFO - Epoch 961/1000 - Time: 3.73s - Loss: critic_x=-0.0652, critic_z=-1508.5268, encoder=-2798.6405, decoder=1.7045
2025-06-24 17:40:10,214 - tadGANs - INFO - Epoch 962/1000 - Time: 3.77s - Loss: critic_x=-0.0634, critic_z=-1512.3730, encoder=-2803.4734, decoder=1.7002
2025-06-24 17:40:14,061 - tadGANs - INFO - Epoch 963/1000 - Time: 3.85s - Loss: critic_x=-0.0642, critic_z=-1515.2887, encoder=-2808.5786, decoder=1.7081
2025-06-24 17:40:17,975 - tadGANs - INFO - Epoch 964/1000 - Time: 3.91s - Loss: critic_x=-0.0631, critic_z=-1518.8235, encoder=-2814.9494, decoder=1.7129
2025-06-24 17:40:21,811 - tadGANs - INFO - Epoch 965/1000 - Time: 3.84s - Loss: critic_x=-0.0617, critic_z=-1520.3862, encoder=-2818.5962, decoder=1.7170
2025-06-24 17:40:25,766 - tadGANs - INFO - Epoch 966/1000 - Time: 3.95s - Loss: critic_x=-0.0615, critic_z=-1522.8616, encoder=-2825.0683, decoder=1.7228
2025-06-24 17:40:29,720 - tadGANs - INFO - Epoch 967/1000 - Time: 3.95s - Loss: critic_x=-0.0615, critic_z=-1525.9059, encoder=-2830.4072, decoder=1.7213
2025-06-24 17:40:33,620 - tadGANs - INFO - Epoch 968/1000 - Time: 3.90s - Loss: critic_x=-0.0624, critic_z=-1529.9051, encoder=-2835.5056, decoder=1.7376
2025-06-24 17:40:37,463 - tadGANs - INFO - Epoch 969/1000 - Time: 3.84s - Loss: critic_x=-0.0598, critic_z=-1532.5638, encoder=-2841.6668, decoder=1.7364
2025-06-24 17:40:41,230 - tadGANs - INFO - Epoch 970/1000 - Time: 3.77s - Loss: critic_x=-0.0581, critic_z=-1534.3088, encoder=-2848.4159, decoder=1.7386
2025-06-24 17:40:41,245 - tadGANs - INFO - Models saved at epoch 970
2025-06-24 17:40:45,173 - tadGANs - INFO - Epoch 971/1000 - Time: 3.93s - Loss: critic_x=-0.0593, critic_z=-1538.3556, encoder=-2852.0040, decoder=1.7393
2025-06-24 17:40:48,990 - tadGANs - INFO - Epoch 972/1000 - Time: 3.82s - Loss: critic_x=-0.0588, critic_z=-1539.3655, encoder=-2856.9785, decoder=1.7484
2025-06-24 17:40:53,039 - tadGANs - INFO - Epoch 973/1000 - Time: 4.05s - Loss: critic_x=-0.0571, critic_z=-1543.8154, encoder=-2863.7507, decoder=1.7567
2025-06-24 17:40:56,904 - tadGANs - INFO - Epoch 974/1000 - Time: 3.86s - Loss: critic_x=-0.0592, critic_z=-1545.9082, encoder=-2868.4971, decoder=1.7333
2025-06-24 17:41:00,965 - tadGANs - INFO - Epoch 975/1000 - Time: 4.06s - Loss: critic_x=-0.0565, critic_z=-1550.7813, encoder=-2875.6717, decoder=1.7595
2025-06-24 17:41:04,914 - tadGANs - INFO - Epoch 976/1000 - Time: 3.95s - Loss: critic_x=-0.0568, critic_z=-1553.1301, encoder=-2881.2563, decoder=1.7604
2025-06-24 17:41:08,849 - tadGANs - INFO - Epoch 977/1000 - Time: 3.93s - Loss: critic_x=-0.0544, critic_z=-1554.8354, encoder=-2883.2891, decoder=1.7750
2025-06-24 17:41:12,861 - tadGANs - INFO - Epoch 978/1000 - Time: 4.01s - Loss: critic_x=-0.0565, critic_z=-1558.5813, encoder=-2891.8389, decoder=1.7777
2025-06-24 17:41:16,938 - tadGANs - INFO - Epoch 979/1000 - Time: 4.08s - Loss: critic_x=-0.0580, critic_z=-1561.2513, encoder=-2897.3439, decoder=1.7813
2025-06-24 17:41:20,942 - tadGANs - INFO - Epoch 980/1000 - Time: 4.00s - Loss: critic_x=-0.0565, critic_z=-1563.6045, encoder=-2901.2283, decoder=1.8036
2025-06-24 17:41:20,956 - tadGANs - INFO - Models saved at epoch 980
2025-06-24 17:41:24,940 - tadGANs - INFO - Epoch 981/1000 - Time: 3.98s - Loss: critic_x=-0.0571, critic_z=-1565.5328, encoder=-2908.4410, decoder=1.7725
2025-06-24 17:41:28,852 - tadGANs - INFO - Epoch 982/1000 - Time: 3.91s - Loss: critic_x=-0.0586, critic_z=-1570.3535, encoder=-2913.2785, decoder=1.7597
2025-06-24 17:41:32,664 - tadGANs - INFO - Epoch 983/1000 - Time: 3.81s - Loss: critic_x=-0.0609, critic_z=-1572.9663, encoder=-2918.3092, decoder=1.7449
2025-06-24 17:41:36,539 - tadGANs - INFO - Epoch 984/1000 - Time: 3.88s - Loss: critic_x=-0.0612, critic_z=-1576.1418, encoder=-2926.0687, decoder=1.7395
2025-06-24 17:41:40,487 - tadGANs - INFO - Epoch 985/1000 - Time: 3.95s - Loss: critic_x=-0.0596, critic_z=-1578.0294, encoder=-2929.8469, decoder=1.7427
2025-06-24 17:41:44,253 - tadGANs - INFO - Epoch 986/1000 - Time: 3.77s - Loss: critic_x=-0.0611, critic_z=-1580.7171, encoder=-2935.0553, decoder=1.7642
2025-06-24 17:41:47,944 - tadGANs - INFO - Epoch 987/1000 - Time: 3.69s - Loss: critic_x=-0.0617, critic_z=-1584.6162, encoder=-2940.0230, decoder=1.7467
2025-06-24 17:41:51,751 - tadGANs - INFO - Epoch 988/1000 - Time: 3.81s - Loss: critic_x=-0.0632, critic_z=-1587.6352, encoder=-2947.6946, decoder=1.7643
2025-06-24 17:41:55,735 - tadGANs - INFO - Epoch 989/1000 - Time: 3.98s - Loss: critic_x=-0.0622, critic_z=-1591.3325, encoder=-2954.3241, decoder=1.7491
2025-06-24 17:41:59,648 - tadGANs - INFO - Epoch 990/1000 - Time: 3.91s - Loss: critic_x=-0.0616, critic_z=-1593.0763, encoder=-2958.7308, decoder=1.7528
2025-06-24 17:41:59,659 - tadGANs - INFO - Models saved at epoch 990
2025-06-24 17:42:03,465 - tadGANs - INFO - Epoch 991/1000 - Time: 3.81s - Loss: critic_x=-0.0626, critic_z=-1596.0240, encoder=-2965.6841, decoder=1.7470
2025-06-24 17:42:07,368 - tadGANs - INFO - Epoch 992/1000 - Time: 3.90s - Loss: critic_x=-0.0634, critic_z=-1599.8845, encoder=-2970.4573, decoder=1.7690
2025-06-24 17:42:11,198 - tadGANs - INFO - Epoch 993/1000 - Time: 3.83s - Loss: critic_x=-0.0613, critic_z=-1601.9899, encoder=-2977.2552, decoder=1.7754
2025-06-24 17:42:14,999 - tadGANs - INFO - Epoch 994/1000 - Time: 3.80s - Loss: critic_x=-0.0618, critic_z=-1604.9385, encoder=-2980.7384, decoder=1.7644
2025-06-24 17:42:18,962 - tadGANs - INFO - Epoch 995/1000 - Time: 3.96s - Loss: critic_x=-0.0627, critic_z=-1608.0221, encoder=-2987.2258, decoder=1.7542
2025-06-24 17:42:22,859 - tadGANs - INFO - Epoch 996/1000 - Time: 3.90s - Loss: critic_x=-0.0639, critic_z=-1610.0134, encoder=-2992.7913, decoder=1.7472
2025-06-24 17:42:26,855 - tadGANs - INFO - Epoch 997/1000 - Time: 4.00s - Loss: critic_x=-0.0595, critic_z=-1614.6765, encoder=-3000.4411, decoder=1.7829
2025-06-24 17:42:30,752 - tadGANs - INFO - Epoch 998/1000 - Time: 3.90s - Loss: critic_x=-0.0616, critic_z=-1616.4736, encoder=-3004.3468, decoder=1.8066
2025-06-24 17:42:34,564 - tadGANs - INFO - Epoch 999/1000 - Time: 3.81s - Loss: critic_x=-0.0596, critic_z=-1620.8185, encoder=-3010.2248, decoder=1.7965
2025-06-24 17:42:38,481 - tadGANs - INFO - Epoch 1000/1000 - Time: 3.92s - Loss: critic_x=-0.0600, critic_z=-1622.1078, encoder=-3015.6134, decoder=1.7956
2025-06-24 17:42:38,501 - tadGANs - INFO - Models saved at epoch 1000
2025-06-24 17:42:38,516 - tadGANs - INFO - Training completed in 4427.46s
2025-06-24 17:42:38,519 - tadGANs - INFO - Calculating anomaly scores
2025-06-24 17:44:13,008 - tadGANs - INFO - Using statistical threshold: 2.1180
2025-06-24 17:44:13,010 - tadGANs - INFO - Pruning false positives
2025-06-24 17:44:14,515 - tadGANs - INFO - Plot saved to results/eurusd_1day_results_plot.png
2025-06-24 17:44:14,548 - tadGANs - INFO - Results saved to results/eurusd_1day_results.csv
2025-06-24 17:44:14,647 - tadGANs - INFO - Results exported to Excel: results/eurusd_1day_results.xlsx
2025-06-24 17:44:14,648 - tadGANs - INFO - Successfully processed csv_data/eurusd_1day.csv
2026-04-17 23:51:33,768 - tadGANs - INFO - Processing EURUSDm_D1_20250625\out_put_four_gaf_fanogan\tadgan_source\signal_input.csv
2026-04-17 23:51:33,799 - tadGANs - INFO - Training new models
2026-04-17 23:51:35,053 - tadGANs - INFO - Starting training
2026-04-17 23:51:36,792 - tadGANs - INFO - Epoch 1/3 - Time: 1.59s - Loss: critic_x=0.2889, critic_z=5.2888, encoder=1.0581, decoder=1.1410
2026-04-17 23:51:38,128 - tadGANs - INFO - Epoch 2/3 - Time: 1.34s - Loss: critic_x=0.1440, critic_z=5.1950, encoder=1.0499, decoder=1.1376
2026-04-17 23:51:39,523 - tadGANs - INFO - Epoch 3/3 - Time: 1.39s - Loss: critic_x=0.0619, critic_z=5.1228, encoder=1.0533, decoder=1.1469
2026-04-17 23:51:39,529 - tadGANs - ERROR - Error processing EURUSDm_D1_20250625\out_put_four_gaf_fanogan\tadgan_source\signal_input.csv: Parent directory EURUSDm_D1_20250625\out_put_four_gaf_fanogan\tadgan_source\models does not exist.
2026-04-17 23:52:58,798 - tadGANs - INFO - Processing EURUSDm_D1_20250625\out_put_four_gaf_fanogan\tadgan_source\signal_input.csv
2026-04-17 23:52:58,813 - tadGANs - INFO - Training new models
2026-04-17 23:53:00,026 - tadGANs - INFO - Starting training
2026-04-17 23:53:02,060 - tadGANs - INFO - Epoch 1/3 - Time: 1.91s - Loss: critic_x=0.2889, critic_z=5.2888, encoder=1.0581, decoder=1.1410
2026-04-17 23:53:03,692 - tadGANs - INFO - Epoch 2/3 - Time: 1.63s - Loss: critic_x=0.1440, critic_z=5.1950, encoder=1.0499, decoder=1.1376
2026-04-17 23:53:05,366 - tadGANs - INFO - Epoch 3/3 - Time: 1.67s - Loss: critic_x=0.0619, critic_z=5.1228, encoder=1.0533, decoder=1.1469
2026-04-17 23:53:05,383 - tadGANs - INFO - Models saved at epoch 3
2026-04-17 23:53:05,405 - tadGANs - INFO - Training completed in 5.25s
2026-04-17 23:53:05,408 - tadGANs - INFO - Calculating anomaly scores
2026-04-17 23:53:47,732 - tadGANs - INFO - Using statistical threshold: 1.5492
2026-04-17 23:53:47,732 - tadGANs - INFO - Pruning false positives
2026-04-17 23:53:47,736 - tadGANs - INFO - Results saved to EURUSDm_D1_20250625\out_put_four_gaf_fanogan\tadgan_source\tadgan_results.csv
2026-04-17 23:56:03,187 - tadGANs - INFO - Processing EURUSDm_D1_20250625\out_put_four_gaf_fanogan\tadgan_source\signal_input.csv
2026-04-17 23:56:03,223 - tadGANs - INFO - Loading existing models
2026-04-17 23:56:03,462 - tadGANs - INFO - Calculating anomaly scores
2026-04-17 23:57:49,794 - tadGANs - INFO - Using statistical threshold: 2.6437
2026-04-17 23:57:49,794 - tadGANs - INFO - Pruning false positives
2026-04-17 23:57:49,802 - tadGANs - INFO - Results saved to EURUSDm_D1_20250625\out_put_four_gaf_fanogan\tadgan_source\tadgan_results.csv
2026-04-18 00:07:30,579 - tadGANs - INFO - Processing EURUSDm_D1_20250625\out_put_four_gaf_fanogan\tadgan_source\signal_input.csv
2026-04-18 00:07:30,617 - tadGANs - INFO - Loading existing models
2026-04-18 00:07:30,774 - tadGANs - INFO - Calculating anomaly scores
2026-04-18 00:09:09,908 - tadGANs - INFO - Using statistical threshold: 2.6437
2026-04-18 00:09:09,910 - tadGANs - INFO - Pruning false positives
2026-04-18 00:09:09,915 - tadGANs - INFO - Results saved to EURUSDm_D1_20250625\out_put_four_gaf_fanogan\tadgan_source\tadgan_results.csv
2026-04-18 00:20:19,515 - tadGANs - INFO - Processing EURUSDm_D1_20250625/hybrid_output\stage1_tadgan\signal_input.csv
2026-04-18 00:20:19,544 - tadGANs - INFO - Training new models
2026-04-18 00:20:20,835 - tadGANs - INFO - Starting training
2026-04-18 00:20:25,980 - tadGANs - INFO - Epoch 1/3 - Time: 4.99s - Loss: critic_x=0.1800, critic_z=5.2202, encoder=1.0040, decoder=1.0959
2026-04-18 00:20:32,104 - tadGANs - INFO - Epoch 2/3 - Time: 6.12s - Loss: critic_x=-0.0002, critic_z=4.9561, encoder=0.9830, decoder=1.0909
2026-04-18 00:20:37,040 - tadGANs - INFO - Epoch 3/3 - Time: 4.94s - Loss: critic_x=-0.0712, critic_z=4.6962, encoder=0.9631, decoder=1.0885
2026-04-18 00:20:37,052 - tadGANs - INFO - Models saved at epoch 3
2026-04-18 00:20:37,072 - tadGANs - INFO - Training completed in 16.09s
2026-04-18 00:20:37,076 - tadGANs - INFO - Calculating anomaly scores
2026-04-18 00:22:17,185 - tadGANs - INFO - Using statistical threshold: 3.1100
2026-04-18 00:22:17,185 - tadGANs - INFO - Pruning false positives
2026-04-18 00:22:17,190 - tadGANs - INFO - Results saved to EURUSDm_D1_20250625/hybrid_output\stage1_tadgan\tadgan_results.csv
2026-04-18 00:48:12,680 - tadGANs - INFO - Processing hybrid_results\EURUSD_daily\stage1_tadgan\signal_input.csv
2026-04-18 00:48:12,714 - tadGANs - INFO - Training new models
2026-04-18 00:48:13,960 - tadGANs - INFO - Starting training
2026-04-18 00:48:17,004 - tadGANs - INFO - Epoch 1/3 - Time: 2.93s - Loss: critic_x=0.1263, critic_z=5.1660, encoder=0.9692, decoder=1.0668
2026-04-18 00:48:19,734 - tadGANs - INFO - Epoch 2/3 - Time: 2.73s - Loss: critic_x=-0.0489, critic_z=4.7911, encoder=0.9467, decoder=1.0692
2026-04-18 00:48:22,561 - tadGANs - INFO - Epoch 3/3 - Time: 2.83s - Loss: critic_x=-0.1614, critic_z=4.3998, encoder=0.9182, decoder=1.0688
2026-04-18 00:48:22,573 - tadGANs - INFO - Models saved at epoch 3
2026-04-18 00:48:22,592 - tadGANs - INFO - Training completed in 8.52s
2026-04-18 00:48:22,594 - tadGANs - INFO - Calculating anomaly scores
2026-04-18 00:50:12,608 - tadGANs - INFO - Using statistical threshold: 3.4591
2026-04-18 00:50:12,608 - tadGANs - INFO - Pruning false positives
2026-04-18 00:50:12,615 - tadGANs - INFO - Results saved to hybrid_results\EURUSD_daily\stage1_tadgan\tadgan_results.csv
2026-04-18 00:52:09,279 - tadGANs - INFO - Processing hybrid_results\EURUSD_daily\stage1_tadgan\signal_input.csv
2026-04-18 00:52:09,309 - tadGANs - INFO - Training new models
2026-04-18 00:52:10,333 - tadGANs - INFO - Starting training
2026-04-18 00:52:12,904 - tadGANs - INFO - Epoch 1/500 - Time: 2.47s - Loss: critic_x=0.1263, critic_z=5.1660, encoder=0.9692, decoder=1.0668
2026-04-18 00:52:15,199 - tadGANs - INFO - Epoch 2/500 - Time: 2.29s - Loss: critic_x=-0.0489, critic_z=4.7911, encoder=0.9467, decoder=1.0692
2026-04-18 00:52:17,408 - tadGANs - INFO - Epoch 3/500 - Time: 2.21s - Loss: critic_x=-0.1614, critic_z=4.3998, encoder=0.9182, decoder=1.0688
2026-04-18 00:52:19,649 - tadGANs - INFO - Epoch 4/500 - Time: 2.24s - Loss: critic_x=-0.2872, critic_z=3.9955, encoder=0.8866, decoder=1.0711
2026-04-18 00:52:21,941 - tadGANs - INFO - Epoch 5/500 - Time: 2.29s - Loss: critic_x=-0.4136, critic_z=3.5804, encoder=0.8379, decoder=1.0667
2026-04-18 00:52:24,516 - tadGANs - INFO - Epoch 6/500 - Time: 2.57s - Loss: critic_x=-0.5290, critic_z=3.1179, encoder=0.7850, decoder=1.0740
2026-04-18 00:52:26,723 - tadGANs - INFO - Epoch 7/500 - Time: 2.21s - Loss: critic_x=-0.6300, critic_z=2.6583, encoder=0.7063, decoder=1.0752
2026-04-18 00:52:28,960 - tadGANs - INFO - Epoch 8/500 - Time: 2.24s - Loss: critic_x=-0.7144, critic_z=2.1676, encoder=0.6061, decoder=1.0800
2026-04-18 00:52:31,243 - tadGANs - INFO - Epoch 9/500 - Time: 2.28s - Loss: critic_x=-0.7846, critic_z=1.6804, encoder=0.4747, decoder=1.0839
2026-04-18 00:52:33,473 - tadGANs - INFO - Epoch 10/500 - Time: 2.23s - Loss: critic_x=-0.8385, critic_z=1.1837, encoder=0.3059, decoder=1.0834
2026-04-18 00:52:33,484 - tadGANs - INFO - Models saved at epoch 10
2026-04-18 00:52:35,710 - tadGANs - INFO - Epoch 11/500 - Time: 2.23s - Loss: critic_x=-0.8802, critic_z=0.6960, encoder=0.1009, decoder=1.0879
2026-04-18 00:52:38,092 - tadGANs - INFO - Epoch 12/500 - Time: 2.38s - Loss: critic_x=-0.9100, critic_z=0.1769, encoder=-0.1471, decoder=1.0876
2026-04-18 00:52:40,328 - tadGANs - INFO - Epoch 13/500 - Time: 2.24s - Loss: critic_x=-0.9323, critic_z=-0.3370, encoder=-0.4394, decoder=1.0884
2026-04-18 00:52:42,602 - tadGANs - INFO - Epoch 14/500 - Time: 2.27s - Loss: critic_x=-0.9457, critic_z=-0.8775, encoder=-0.7787, decoder=1.0842
2026-04-18 00:52:44,879 - tadGANs - INFO - Epoch 15/500 - Time: 2.28s - Loss: critic_x=-0.9572, critic_z=-1.4079, encoder=-1.1661, decoder=1.0844
2026-04-18 00:52:47,112 - tadGANs - INFO - Epoch 16/500 - Time: 2.23s - Loss: critic_x=-0.9673, critic_z=-1.9827, encoder=-1.6019, decoder=1.0837
2026-04-18 00:52:49,510 - tadGANs - INFO - Epoch 17/500 - Time: 2.40s - Loss: critic_x=-0.9726, critic_z=-2.5506, encoder=-2.0830, decoder=1.0805
2026-04-18 00:52:51,795 - tadGANs - INFO - Epoch 18/500 - Time: 2.28s - Loss: critic_x=-0.9772, critic_z=-3.1083, encoder=-2.6164, decoder=1.0803
2026-04-18 00:52:54,573 - tadGANs - INFO - Epoch 19/500 - Time: 2.78s - Loss: critic_x=-0.9806, critic_z=-3.7137, encoder=-3.1879, decoder=1.0797
2026-04-18 00:52:56,873 - tadGANs - INFO - Epoch 20/500 - Time: 2.30s - Loss: critic_x=-0.9797, critic_z=-4.3099, encoder=-3.8096, decoder=1.0784
2026-04-18 00:52:56,893 - tadGANs - INFO - Models saved at epoch 20
2026-04-18 00:52:59,194 - tadGANs - INFO - Epoch 21/500 - Time: 2.30s - Loss: critic_x=-0.9801, critic_z=-4.9399, encoder=-4.4787, decoder=1.0783
2026-04-18 00:53:01,486 - tadGANs - INFO - Epoch 22/500 - Time: 2.29s - Loss: critic_x=-0.9793, critic_z=-5.5476, encoder=-5.1616, decoder=1.0781
2026-04-18 00:53:03,774 - tadGANs - INFO - Epoch 23/500 - Time: 2.29s - Loss: critic_x=-0.9782, critic_z=-6.1859, encoder=-5.8934, decoder=1.0752
2026-04-18 00:53:06,109 - tadGANs - INFO - Epoch 24/500 - Time: 2.34s - Loss: critic_x=-0.9783, critic_z=-6.8420, encoder=-6.6715, decoder=1.0734
2026-04-18 00:53:08,388 - tadGANs - INFO - Epoch 25/500 - Time: 2.28s - Loss: critic_x=-0.9744, critic_z=-7.4963, encoder=-7.4595, decoder=1.0658
2026-04-18 00:53:10,631 - tadGANs - INFO - Epoch 26/500 - Time: 2.24s - Loss: critic_x=-0.9669, critic_z=-8.1584, encoder=-8.2929, decoder=1.0562
2026-04-18 00:53:12,994 - tadGANs - INFO - Epoch 27/500 - Time: 2.36s - Loss: critic_x=-0.9568, critic_z=-8.8172, encoder=-9.1319, decoder=1.0467
2026-04-18 00:53:15,504 - tadGANs - INFO - Epoch 28/500 - Time: 2.51s - Loss: critic_x=-0.9452, critic_z=-9.4933, encoder=-10.0255, decoder=1.0458
2026-04-18 00:53:17,817 - tadGANs - INFO - Epoch 29/500 - Time: 2.31s - Loss: critic_x=-0.9306, critic_z=-10.1864, encoder=-10.9338, decoder=1.0353
2026-04-18 00:53:20,184 - tadGANs - INFO - Epoch 30/500 - Time: 2.37s - Loss: critic_x=-0.9141, critic_z=-10.9050, encoder=-11.8478, decoder=1.0243
2026-04-18 00:53:20,195 - tadGANs - INFO - Models saved at epoch 30
2026-04-18 00:53:22,514 - tadGANs - INFO - Epoch 31/500 - Time: 2.32s - Loss: critic_x=-0.8968, critic_z=-11.5884, encoder=-12.8076, decoder=1.0185
2026-04-18 00:53:24,781 - tadGANs - INFO - Epoch 32/500 - Time: 2.27s - Loss: critic_x=-0.8802, critic_z=-12.2971, encoder=-13.7702, decoder=1.0109
2026-04-18 00:53:27,127 - tadGANs - INFO - Epoch 33/500 - Time: 2.35s - Loss: critic_x=-0.8643, critic_z=-13.0209, encoder=-14.7413, decoder=1.0089
2026-04-18 00:53:29,430 - tadGANs - INFO - Epoch 34/500 - Time: 2.30s - Loss: critic_x=-0.8497, critic_z=-13.7437, encoder=-15.7269, decoder=1.0116
2026-04-18 00:53:31,772 - tadGANs - INFO - Epoch 35/500 - Time: 2.34s - Loss: critic_x=-0.8382, critic_z=-14.4677, encoder=-16.7389, decoder=1.0227
2026-04-18 00:53:34,070 - tadGANs - INFO - Epoch 36/500 - Time: 2.30s - Loss: critic_x=-0.8284, critic_z=-15.2246, encoder=-17.7619, decoder=1.0446
2026-04-18 00:53:36,437 - tadGANs - INFO - Epoch 37/500 - Time: 2.37s - Loss: critic_x=-0.8188, critic_z=-15.9227, encoder=-18.8169, decoder=1.0761
2026-04-18 00:53:38,826 - tadGANs - INFO - Epoch 38/500 - Time: 2.39s - Loss: critic_x=-0.8162, critic_z=-16.6545, encoder=-19.8427, decoder=1.1044
2026-04-18 00:53:41,145 - tadGANs - INFO - Epoch 39/500 - Time: 2.32s - Loss: critic_x=-0.8159, critic_z=-17.4326, encoder=-20.9084, decoder=1.1324
2026-04-18 00:53:43,469 - tadGANs - INFO - Epoch 40/500 - Time: 2.32s - Loss: critic_x=-0.8183, critic_z=-18.1756, encoder=-21.9798, decoder=1.1512
2026-04-18 00:53:43,479 - tadGANs - INFO - Models saved at epoch 40
2026-04-18 00:53:45,913 - tadGANs - INFO - Epoch 41/500 - Time: 2.43s - Loss: critic_x=-0.8178, critic_z=-18.9430, encoder=-23.0853, decoder=1.1759
2026-04-18 00:53:48,247 - tadGANs - INFO - Epoch 42/500 - Time: 2.33s - Loss: critic_x=-0.8169, critic_z=-19.6889, encoder=-24.1863, decoder=1.1881
2026-04-18 00:53:50,549 - tadGANs - INFO - Epoch 43/500 - Time: 2.30s - Loss: critic_x=-0.8177, critic_z=-20.4733, encoder=-25.3035, decoder=1.1976
2026-04-18 00:53:52,887 - tadGANs - INFO - Epoch 44/500 - Time: 2.34s - Loss: critic_x=-0.8143, critic_z=-21.2144, encoder=-26.4162, decoder=1.2056
2026-04-18 00:53:55,201 - tadGANs - INFO - Epoch 45/500 - Time: 2.31s - Loss: critic_x=-0.8136, critic_z=-21.9429, encoder=-27.5203, decoder=1.2187
2026-04-18 00:53:57,541 - tadGANs - INFO - Epoch 46/500 - Time: 2.34s - Loss: critic_x=-0.8139, critic_z=-22.7918, encoder=-28.7347, decoder=1.2323
2026-04-18 00:53:59,944 - tadGANs - INFO - Epoch 47/500 - Time: 2.40s - Loss: critic_x=-0.8152, critic_z=-23.5730, encoder=-29.8556, decoder=1.2412
2026-04-18 00:54:02,260 - tadGANs - INFO - Epoch 48/500 - Time: 2.31s - Loss: critic_x=-0.8153, critic_z=-24.3408, encoder=-31.0009, decoder=1.2457
2026-04-18 00:54:04,689 - tadGANs - INFO - Epoch 49/500 - Time: 2.43s - Loss: critic_x=-0.8178, critic_z=-25.1209, encoder=-32.2044, decoder=1.2593
2026-04-18 00:54:07,328 - tadGANs - INFO - Epoch 50/500 - Time: 2.64s - Loss: critic_x=-0.8225, critic_z=-25.9193, encoder=-33.3219, decoder=1.2583
2026-04-18 00:54:07,343 - tadGANs - INFO - Models saved at epoch 50
2026-04-18 00:54:09,979 - tadGANs - INFO - Epoch 51/500 - Time: 2.64s - Loss: critic_x=-0.8248, critic_z=-26.7415, encoder=-34.5319, decoder=1.2669
2026-04-18 00:54:12,344 - tadGANs - INFO - Epoch 52/500 - Time: 2.36s - Loss: critic_x=-0.8252, critic_z=-27.5112, encoder=-35.7275, decoder=1.2743
2026-04-18 00:54:14,702 - tadGANs - INFO - Epoch 53/500 - Time: 2.36s - Loss: critic_x=-0.8320, critic_z=-28.3336, encoder=-36.9917, decoder=1.2903
2026-04-18 00:54:17,093 - tadGANs - INFO - Epoch 54/500 - Time: 2.39s - Loss: critic_x=-0.8356, critic_z=-29.1895, encoder=-38.1727, decoder=1.2873
2026-04-18 00:54:19,418 - tadGANs - INFO - Epoch 55/500 - Time: 2.33s - Loss: critic_x=-0.8404, critic_z=-29.9385, encoder=-39.3797, decoder=1.2959
2026-04-18 00:54:21,767 - tadGANs - INFO - Epoch 56/500 - Time: 2.35s - Loss: critic_x=-0.8449, critic_z=-30.8129, encoder=-40.6777, decoder=1.2968
2026-04-18 00:54:24,135 - tadGANs - INFO - Epoch 57/500 - Time: 2.37s - Loss: critic_x=-0.8506, critic_z=-31.6657, encoder=-41.9185, decoder=1.3053
2026-04-18 00:54:26,454 - tadGANs - INFO - Epoch 58/500 - Time: 2.32s - Loss: critic_x=-0.8540, critic_z=-32.4750, encoder=-43.2355, decoder=1.3096
2026-04-18 00:54:28,785 - tadGANs - INFO - Epoch 59/500 - Time: 2.33s - Loss: critic_x=-0.8598, critic_z=-33.3223, encoder=-44.5301, decoder=1.3177
2026-04-18 00:54:31,114 - tadGANs - INFO - Epoch 60/500 - Time: 2.33s - Loss: critic_x=-0.8621, critic_z=-34.1537, encoder=-45.8355, decoder=1.3192
2026-04-18 00:54:31,123 - tadGANs - INFO - Models saved at epoch 60
2026-04-18 00:54:33,439 - tadGANs - INFO - Epoch 61/500 - Time: 2.31s - Loss: critic_x=-0.8645, critic_z=-35.0705, encoder=-47.1836, decoder=1.3152
2026-04-18 00:54:35,737 - tadGANs - INFO - Epoch 62/500 - Time: 2.30s - Loss: critic_x=-0.8718, critic_z=-35.9469, encoder=-48.5432, decoder=1.3179
2026-04-18 00:54:38,204 - tadGANs - INFO - Epoch 63/500 - Time: 2.47s - Loss: critic_x=-0.8741, critic_z=-36.7213, encoder=-49.8545, decoder=1.3256
2026-04-18 00:54:40,581 - tadGANs - INFO - Epoch 64/500 - Time: 2.38s - Loss: critic_x=-0.8781, critic_z=-37.6242, encoder=-51.1461, decoder=1.3324
2026-04-18 00:54:43,045 - tadGANs - INFO - Epoch 65/500 - Time: 2.46s - Loss: critic_x=-0.8826, critic_z=-38.4692, encoder=-52.5421, decoder=1.3242
2026-04-18 00:54:45,461 - tadGANs - INFO - Epoch 66/500 - Time: 2.42s - Loss: critic_x=-0.8904, critic_z=-39.3972, encoder=-53.8136, decoder=1.3083
2026-04-18 00:54:47,844 - tadGANs - INFO - Epoch 67/500 - Time: 2.38s - Loss: critic_x=-0.8977, critic_z=-40.2167, encoder=-55.1829, decoder=1.3092
2026-04-18 00:54:50,250 - tadGANs - INFO - Epoch 68/500 - Time: 2.41s - Loss: critic_x=-0.8969, critic_z=-41.1244, encoder=-56.5810, decoder=1.2935
2026-04-18 00:54:52,675 - tadGANs - INFO - Epoch 69/500 - Time: 2.42s - Loss: critic_x=-0.8949, critic_z=-41.9830, encoder=-58.0558, decoder=1.3045
2026-04-18 00:54:55,156 - tadGANs - INFO - Epoch 70/500 - Time: 2.48s - Loss: critic_x=-0.8933, critic_z=-42.9339, encoder=-59.3616, decoder=1.3033
2026-04-18 00:54:55,174 - tadGANs - INFO - Models saved at epoch 70
2026-04-18 00:54:57,719 - tadGANs - INFO - Epoch 71/500 - Time: 2.54s - Loss: critic_x=-0.8939, critic_z=-43.8249, encoder=-60.8039, decoder=1.2990
2026-04-18 00:55:00,242 - tadGANs - INFO - Epoch 72/500 - Time: 2.52s - Loss: critic_x=-0.8957, critic_z=-44.6591, encoder=-62.2141, decoder=1.3106
2026-04-18 00:55:02,701 - tadGANs - INFO - Epoch 73/500 - Time: 2.46s - Loss: critic_x=-0.8960, critic_z=-45.6316, encoder=-63.6820, decoder=1.3029
2026-04-18 00:55:05,105 - tadGANs - INFO - Epoch 74/500 - Time: 2.40s - Loss: critic_x=-0.8889, critic_z=-46.5136, encoder=-65.0663, decoder=1.2899
2026-04-18 00:55:07,532 - tadGANs - INFO - Epoch 75/500 - Time: 2.43s - Loss: critic_x=-0.8926, critic_z=-47.4562, encoder=-66.5138, decoder=1.2867
2026-04-18 00:55:10,061 - tadGANs - INFO - Epoch 76/500 - Time: 2.53s - Loss: critic_x=-0.8889, critic_z=-48.4360, encoder=-68.1936, decoder=1.2645
2026-04-18 00:55:12,481 - tadGANs - INFO - Epoch 77/500 - Time: 2.42s - Loss: critic_x=-0.8877, critic_z=-49.3575, encoder=-69.5138, decoder=1.2521
2026-04-18 00:55:15,193 - tadGANs - INFO - Epoch 78/500 - Time: 2.71s - Loss: critic_x=-0.8843, critic_z=-50.2599, encoder=-71.0191, decoder=1.2379
2026-04-18 00:55:17,934 - tadGANs - INFO - Epoch 79/500 - Time: 2.74s - Loss: critic_x=-0.8782, critic_z=-51.2560, encoder=-72.5978, decoder=1.2414
2026-04-18 00:55:20,617 - tadGANs - INFO - Epoch 80/500 - Time: 2.68s - Loss: critic_x=-0.8738, critic_z=-52.1937, encoder=-74.1779, decoder=1.2324
2026-04-18 00:55:20,628 - tadGANs - INFO - Models saved at epoch 80
2026-04-18 00:55:23,281 - tadGANs - INFO - Epoch 81/500 - Time: 2.65s - Loss: critic_x=-0.8697, critic_z=-53.0396, encoder=-75.5627, decoder=1.2160
2026-04-18 00:55:26,005 - tadGANs - INFO - Epoch 82/500 - Time: 2.72s - Loss: critic_x=-0.8647, critic_z=-54.0793, encoder=-77.0568, decoder=1.2173
2026-04-18 00:55:28,452 - tadGANs - INFO - Epoch 83/500 - Time: 2.45s - Loss: critic_x=-0.8638, critic_z=-55.0658, encoder=-78.6994, decoder=1.2138
2026-04-18 00:55:30,826 - tadGANs - INFO - Epoch 84/500 - Time: 2.37s - Loss: critic_x=-0.8602, critic_z=-56.0273, encoder=-80.3066, decoder=1.1927
2026-04-18 00:55:33,214 - tadGANs - INFO - Epoch 85/500 - Time: 2.39s - Loss: critic_x=-0.8501, critic_z=-56.9767, encoder=-81.8267, decoder=1.1886
2026-04-18 00:55:35,598 - tadGANs - INFO - Epoch 86/500 - Time: 2.38s - Loss: critic_x=-0.8461, critic_z=-57.9707, encoder=-83.3844, decoder=1.1892
2026-04-18 00:55:38,092 - tadGANs - INFO - Epoch 87/500 - Time: 2.49s - Loss: critic_x=-0.8392, critic_z=-58.9631, encoder=-85.0674, decoder=1.1881
2026-04-18 00:55:40,599 - tadGANs - INFO - Epoch 88/500 - Time: 2.51s - Loss: critic_x=-0.8336, critic_z=-59.9253, encoder=-86.7490, decoder=1.1700
2026-04-18 00:55:43,160 - tadGANs - INFO - Epoch 89/500 - Time: 2.56s - Loss: critic_x=-0.8237, critic_z=-60.9865, encoder=-88.2958, decoder=1.1539
2026-04-18 00:55:45,647 - tadGANs - INFO - Epoch 90/500 - Time: 2.49s - Loss: critic_x=-0.8192, critic_z=-61.9825, encoder=-90.0242, decoder=1.1530
2026-04-18 00:55:45,659 - tadGANs - INFO - Models saved at epoch 90
2026-04-18 00:55:48,150 - tadGANs - INFO - Epoch 91/500 - Time: 2.49s - Loss: critic_x=-0.8136, critic_z=-62.9930, encoder=-91.5675, decoder=1.1622
2026-04-18 00:55:50,564 - tadGANs - INFO - Epoch 92/500 - Time: 2.41s - Loss: critic_x=-0.8023, critic_z=-63.9932, encoder=-93.2443, decoder=1.1592
2026-04-18 00:55:53,026 - tadGANs - INFO - Epoch 93/500 - Time: 2.46s - Loss: critic_x=-0.7964, critic_z=-65.0545, encoder=-94.9479, decoder=1.1472
2026-04-18 00:55:55,552 - tadGANs - INFO - Epoch 94/500 - Time: 2.53s - Loss: critic_x=-0.7922, critic_z=-65.9974, encoder=-96.5855, decoder=1.1391
2026-04-18 00:55:58,028 - tadGANs - INFO - Epoch 95/500 - Time: 2.48s - Loss: critic_x=-0.7829, critic_z=-67.0148, encoder=-98.2936, decoder=1.1340
2026-04-18 00:56:00,443 - tadGANs - INFO - Epoch 96/500 - Time: 2.42s - Loss: critic_x=-0.7760, critic_z=-68.1301, encoder=-99.9058, decoder=1.1295
2026-04-18 00:56:02,835 - tadGANs - INFO - Epoch 97/500 - Time: 2.39s - Loss: critic_x=-0.7708, critic_z=-69.1729, encoder=-101.7302, decoder=1.1218
2026-04-18 00:56:05,267 - tadGANs - INFO - Epoch 98/500 - Time: 2.43s - Loss: critic_x=-0.7658, critic_z=-70.2361, encoder=-103.5739, decoder=1.1155
2026-04-18 00:56:07,696 - tadGANs - INFO - Epoch 99/500 - Time: 2.43s - Loss: critic_x=-0.7555, critic_z=-71.1793, encoder=-105.2647, decoder=1.1154
2026-04-18 00:56:10,114 - tadGANs - INFO - Epoch 100/500 - Time: 2.42s - Loss: critic_x=-0.7503, critic_z=-72.3009, encoder=-107.0110, decoder=1.1083
2026-04-18 00:56:10,124 - tadGANs - INFO - Models saved at epoch 100
2026-04-18 00:56:12,745 - tadGANs - INFO - Epoch 101/500 - Time: 2.62s - Loss: critic_x=-0.7426, critic_z=-73.3893, encoder=-108.7725, decoder=1.1096
2026-04-18 00:56:15,162 - tadGANs - INFO - Epoch 102/500 - Time: 2.42s - Loss: critic_x=-0.7336, critic_z=-74.4744, encoder=-110.5679, decoder=1.1181
2026-04-18 00:56:17,723 - tadGANs - INFO - Epoch 103/500 - Time: 2.56s - Loss: critic_x=-0.7271, critic_z=-75.4569, encoder=-112.2964, decoder=1.1066
2026-04-18 00:56:20,082 - tadGANs - INFO - Epoch 104/500 - Time: 2.36s - Loss: critic_x=-0.7216, critic_z=-76.5618, encoder=-114.1203, decoder=1.1069
2026-04-18 00:56:22,462 - tadGANs - INFO - Epoch 105/500 - Time: 2.38s - Loss: critic_x=-0.7139, critic_z=-77.5983, encoder=-115.8999, decoder=1.0941
2026-04-18 00:56:24,816 - tadGANs - INFO - Epoch 106/500 - Time: 2.35s - Loss: critic_x=-0.7123, critic_z=-78.6918, encoder=-117.7895, decoder=1.0827
2026-04-18 00:56:27,194 - tadGANs - INFO - Epoch 107/500 - Time: 2.38s - Loss: critic_x=-0.7076, critic_z=-79.8263, encoder=-119.5156, decoder=1.0761
2026-04-18 00:56:29,563 - tadGANs - INFO - Epoch 108/500 - Time: 2.37s - Loss: critic_x=-0.6999, critic_z=-80.9554, encoder=-121.4514, decoder=1.0573
2026-04-18 00:56:32,011 - tadGANs - INFO - Epoch 109/500 - Time: 2.45s - Loss: critic_x=-0.6932, critic_z=-81.9735, encoder=-123.0263, decoder=1.0564
2026-04-18 00:56:34,418 - tadGANs - INFO - Epoch 110/500 - Time: 2.41s - Loss: critic_x=-0.6880, critic_z=-83.0843, encoder=-125.0144, decoder=1.0521
2026-04-18 00:56:34,429 - tadGANs - INFO - Models saved at epoch 110
2026-04-18 00:56:36,835 - tadGANs - INFO - Epoch 111/500 - Time: 2.40s - Loss: critic_x=-0.6847, critic_z=-84.2158, encoder=-126.8151, decoder=1.0547
2026-04-18 00:56:39,340 - tadGANs - INFO - Epoch 112/500 - Time: 2.50s - Loss: critic_x=-0.6743, critic_z=-85.3431, encoder=-128.7844, decoder=1.0436
2026-04-18 00:56:41,779 - tadGANs - INFO - Epoch 113/500 - Time: 2.44s - Loss: critic_x=-0.6656, critic_z=-86.4408, encoder=-130.6779, decoder=1.0584
2026-04-18 00:56:44,239 - tadGANs - INFO - Epoch 114/500 - Time: 2.46s - Loss: critic_x=-0.6543, critic_z=-87.5071, encoder=-132.4780, decoder=1.0481
2026-04-18 00:56:46,644 - tadGANs - INFO - Epoch 115/500 - Time: 2.41s - Loss: critic_x=-0.6517, critic_z=-88.6238, encoder=-134.4141, decoder=1.0505
2026-04-18 00:56:48,997 - tadGANs - INFO - Epoch 116/500 - Time: 2.35s - Loss: critic_x=-0.6446, critic_z=-89.8262, encoder=-136.1467, decoder=1.0464
2026-04-18 00:56:51,376 - tadGANs - INFO - Epoch 117/500 - Time: 2.38s - Loss: critic_x=-0.6359, critic_z=-91.0123, encoder=-138.2454, decoder=1.0480
2026-04-18 00:56:53,753 - tadGANs - INFO - Epoch 118/500 - Time: 2.38s - Loss: critic_x=-0.6335, critic_z=-92.1643, encoder=-140.3522, decoder=1.0467
2026-04-18 00:56:56,397 - tadGANs - INFO - Epoch 119/500 - Time: 2.64s - Loss: critic_x=-0.6175, critic_z=-93.1633, encoder=-142.1416, decoder=1.0276
2026-04-18 00:56:58,804 - tadGANs - INFO - Epoch 120/500 - Time: 2.41s - Loss: critic_x=-0.6088, critic_z=-94.3577, encoder=-143.8817, decoder=1.0191
2026-04-18 00:56:58,814 - tadGANs - INFO - Models saved at epoch 120
2026-04-18 00:57:01,220 - tadGANs - INFO - Epoch 121/500 - Time: 2.41s - Loss: critic_x=-0.6038, critic_z=-95.4392, encoder=-145.8721, decoder=1.0146
2026-04-18 00:57:03,608 - tadGANs - INFO - Epoch 122/500 - Time: 2.39s - Loss: critic_x=-0.5917, critic_z=-96.7082, encoder=-147.9181, decoder=1.0066
2026-04-18 00:57:06,153 - tadGANs - INFO - Epoch 123/500 - Time: 2.54s - Loss: critic_x=-0.5868, critic_z=-97.8984, encoder=-149.8648, decoder=1.0235
2026-04-18 00:57:08,596 - tadGANs - INFO - Epoch 124/500 - Time: 2.44s - Loss: critic_x=-0.5718, critic_z=-99.0335, encoder=-152.0925, decoder=1.0295
2026-04-18 00:57:11,031 - tadGANs - INFO - Epoch 125/500 - Time: 2.43s - Loss: critic_x=-0.5644, critic_z=-100.1437, encoder=-153.9904, decoder=1.0237
2026-04-18 00:57:13,512 - tadGANs - INFO - Epoch 126/500 - Time: 2.48s - Loss: critic_x=-0.5557, critic_z=-101.4199, encoder=-155.9514, decoder=1.0225
2026-04-18 00:57:16,191 - tadGANs - INFO - Epoch 127/500 - Time: 2.68s - Loss: critic_x=-0.5427, critic_z=-102.3930, encoder=-157.8782, decoder=1.0014
2026-04-18 00:57:18,705 - tadGANs - INFO - Epoch 128/500 - Time: 2.51s - Loss: critic_x=-0.5291, critic_z=-103.6734, encoder=-159.8641, decoder=0.9772
2026-04-18 00:57:21,174 - tadGANs - INFO - Epoch 129/500 - Time: 2.47s - Loss: critic_x=-0.5312, critic_z=-104.9238, encoder=-161.9522, decoder=0.9933
2026-04-18 00:57:23,669 - tadGANs - INFO - Epoch 130/500 - Time: 2.50s - Loss: critic_x=-0.5102, critic_z=-106.1505, encoder=-163.9851, decoder=0.9833
2026-04-18 00:57:23,680 - tadGANs - INFO - Models saved at epoch 130
2026-04-18 00:57:26,071 - tadGANs - INFO - Epoch 131/500 - Time: 2.39s - Loss: critic_x=-0.5070, critic_z=-107.2804, encoder=-166.0587, decoder=0.9857
2026-04-18 00:57:28,443 - tadGANs - INFO - Epoch 132/500 - Time: 2.37s - Loss: critic_x=-0.4879, critic_z=-108.5293, encoder=-168.2495, decoder=0.9716
2026-04-18 00:57:30,848 - tadGANs - INFO - Epoch 133/500 - Time: 2.41s - Loss: critic_x=-0.4766, critic_z=-109.8005, encoder=-170.3954, decoder=0.9790
2026-04-18 00:57:33,258 - tadGANs - INFO - Epoch 134/500 - Time: 2.41s - Loss: critic_x=-0.4567, critic_z=-111.0422, encoder=-172.5046, decoder=0.9556
2026-04-18 00:57:35,653 - tadGANs - INFO - Epoch 135/500 - Time: 2.40s - Loss: critic_x=-0.4514, critic_z=-112.1117, encoder=-174.4442, decoder=0.9659
2026-04-18 00:57:38,220 - tadGANs - INFO - Epoch 136/500 - Time: 2.57s - Loss: critic_x=-0.4416, critic_z=-113.4695, encoder=-176.8301, decoder=0.9483
2026-04-18 00:57:40,720 - tadGANs - INFO - Epoch 137/500 - Time: 2.50s - Loss: critic_x=-0.4243, critic_z=-114.6034, encoder=-179.0281, decoder=0.9284
2026-04-18 00:57:43,256 - tadGANs - INFO - Epoch 138/500 - Time: 2.54s - Loss: critic_x=-0.4143, critic_z=-115.8910, encoder=-180.7614, decoder=0.9199
2026-04-18 00:57:45,823 - tadGANs - INFO - Epoch 139/500 - Time: 2.57s - Loss: critic_x=-0.3955, critic_z=-117.1252, encoder=-183.0555, decoder=0.9177
2026-04-18 00:57:48,213 - tadGANs - INFO - Epoch 140/500 - Time: 2.39s - Loss: critic_x=-0.3866, critic_z=-118.3458, encoder=-185.0064, decoder=0.8972
2026-04-18 00:57:48,225 - tadGANs - INFO - Models saved at epoch 140
2026-04-18 00:57:50,634 - tadGANs - INFO - Epoch 141/500 - Time: 2.41s - Loss: critic_x=-0.3723, critic_z=-119.7502, encoder=-187.3566, decoder=0.9171
2026-04-18 00:57:53,185 - tadGANs - INFO - Epoch 142/500 - Time: 2.55s - Loss: critic_x=-0.3506, critic_z=-120.9330, encoder=-189.4140, decoder=0.8885
2026-04-18 00:57:55,607 - tadGANs - INFO - Epoch 143/500 - Time: 2.42s - Loss: critic_x=-0.3461, critic_z=-122.1955, encoder=-191.6680, decoder=0.9068
2026-04-18 00:57:58,026 - tadGANs - INFO - Epoch 144/500 - Time: 2.42s - Loss: critic_x=-0.3274, critic_z=-123.5096, encoder=-193.9497, decoder=0.8954
2026-04-18 00:58:00,620 - tadGANs - INFO - Epoch 145/500 - Time: 2.59s - Loss: critic_x=-0.3103, critic_z=-124.7296, encoder=-196.1962, decoder=0.9085
2026-04-18 00:58:03,114 - tadGANs - INFO - Epoch 146/500 - Time: 2.49s - Loss: critic_x=-0.2983, critic_z=-125.9566, encoder=-198.3316, decoder=0.8768
2026-04-18 00:58:05,584 - tadGANs - INFO - Epoch 147/500 - Time: 2.47s - Loss: critic_x=-0.2890, critic_z=-127.2703, encoder=-200.5853, decoder=0.8872
2026-04-18 00:58:08,101 - tadGANs - INFO - Epoch 148/500 - Time: 2.52s - Loss: critic_x=-0.2766, critic_z=-128.7634, encoder=-202.8909, decoder=0.8670
2026-04-18 00:58:10,860 - tadGANs - INFO - Epoch 149/500 - Time: 2.76s - Loss: critic_x=-0.2687, critic_z=-129.9294, encoder=-205.4399, decoder=0.8803
2026-04-18 00:58:13,351 - tadGANs - INFO - Epoch 150/500 - Time: 2.49s - Loss: critic_x=-0.2526, critic_z=-131.2077, encoder=-207.6655, decoder=0.8807
2026-04-18 00:58:13,362 - tadGANs - INFO - Models saved at epoch 150
2026-04-18 00:58:15,854 - tadGANs - INFO - Epoch 151/500 - Time: 2.49s - Loss: critic_x=-0.2467, critic_z=-132.4429, encoder=-209.6691, decoder=0.9194
2026-04-18 00:58:18,615 - tadGANs - INFO - Epoch 152/500 - Time: 2.76s - Loss: critic_x=-0.2428, critic_z=-133.7868, encoder=-211.7628, decoder=0.9583
2026-04-18 00:58:21,021 - tadGANs - INFO - Epoch 153/500 - Time: 2.41s - Loss: critic_x=-0.2444, critic_z=-135.0360, encoder=-214.0762, decoder=1.0220
2026-04-18 00:58:23,431 - tadGANs - INFO - Epoch 154/500 - Time: 2.41s - Loss: critic_x=-0.2505, critic_z=-136.4073, encoder=-216.4811, decoder=1.0758
2026-04-18 00:58:25,903 - tadGANs - INFO - Epoch 155/500 - Time: 2.47s - Loss: critic_x=-0.2544, critic_z=-137.6994, encoder=-218.6800, decoder=1.1351
2026-04-18 00:58:28,413 - tadGANs - INFO - Epoch 156/500 - Time: 2.51s - Loss: critic_x=-0.2603, critic_z=-138.9755, encoder=-221.1673, decoder=1.1944
2026-04-18 00:58:30,869 - tadGANs - INFO - Epoch 157/500 - Time: 2.46s - Loss: critic_x=-0.2642, critic_z=-140.3357, encoder=-223.3708, decoder=1.2386
2026-04-18 00:58:33,322 - tadGANs - INFO - Epoch 158/500 - Time: 2.45s - Loss: critic_x=-0.2656, critic_z=-141.8318, encoder=-225.8886, decoder=1.2753
2026-04-18 00:58:35,880 - tadGANs - INFO - Epoch 159/500 - Time: 2.56s - Loss: critic_x=-0.2653, critic_z=-143.2038, encoder=-228.1657, decoder=1.2834
2026-04-18 00:58:38,600 - tadGANs - INFO - Epoch 160/500 - Time: 2.72s - Loss: critic_x=-0.2634, critic_z=-144.4105, encoder=-230.6566, decoder=1.2915
2026-04-18 00:58:38,611 - tadGANs - INFO - Models saved at epoch 160
2026-04-18 00:58:41,282 - tadGANs - INFO - Epoch 161/500 - Time: 2.67s - Loss: critic_x=-0.2634, critic_z=-145.7918, encoder=-232.9468, decoder=1.2934
2026-04-18 00:58:43,822 - tadGANs - INFO - Epoch 162/500 - Time: 2.54s - Loss: critic_x=-0.2626, critic_z=-147.1510, encoder=-235.3522, decoder=1.2965
2026-04-18 00:58:46,321 - tadGANs - INFO - Epoch 163/500 - Time: 2.50s - Loss: critic_x=-0.2608, critic_z=-148.5311, encoder=-237.8570, decoder=1.2905
2026-04-18 00:58:48,826 - tadGANs - INFO - Epoch 164/500 - Time: 2.51s - Loss: critic_x=-0.2597, critic_z=-149.8128, encoder=-240.3206, decoder=1.2827
2026-04-18 00:58:51,315 - tadGANs - INFO - Epoch 165/500 - Time: 2.49s - Loss: critic_x=-0.2590, critic_z=-151.3398, encoder=-242.3379, decoder=1.2777
2026-04-18 00:58:53,870 - tadGANs - INFO - Epoch 166/500 - Time: 2.55s - Loss: critic_x=-0.2589, critic_z=-152.6105, encoder=-245.1762, decoder=1.2597
2026-04-18 00:58:56,529 - tadGANs - INFO - Epoch 167/500 - Time: 2.66s - Loss: critic_x=-0.2604, critic_z=-154.0829, encoder=-247.2938, decoder=1.2443
2026-04-18 00:58:59,104 - tadGANs - INFO - Epoch 168/500 - Time: 2.57s - Loss: critic_x=-0.2612, critic_z=-155.4797, encoder=-249.9535, decoder=1.2360
2026-04-18 00:59:01,652 - tadGANs - INFO - Epoch 169/500 - Time: 2.55s - Loss: critic_x=-0.2615, critic_z=-156.8466, encoder=-252.0863, decoder=1.2234
2026-04-18 00:59:04,374 - tadGANs - INFO - Epoch 170/500 - Time: 2.72s - Loss: critic_x=-0.2645, critic_z=-158.1242, encoder=-254.6628, decoder=1.2141
2026-04-18 00:59:04,386 - tadGANs - INFO - Models saved at epoch 170
2026-04-18 00:59:06,955 - tadGANs - INFO - Epoch 171/500 - Time: 2.57s - Loss: critic_x=-0.2637, critic_z=-159.5186, encoder=-257.2061, decoder=1.2078
2026-04-18 00:59:09,558 - tadGANs - INFO - Epoch 172/500 - Time: 2.60s - Loss: critic_x=-0.2643, critic_z=-161.0574, encoder=-259.8203, decoder=1.2062
2026-04-18 00:59:12,063 - tadGANs - INFO - Epoch 173/500 - Time: 2.50s - Loss: critic_x=-0.2659, critic_z=-162.5191, encoder=-262.1642, decoder=1.2009
2026-04-18 00:59:14,697 - tadGANs - INFO - Epoch 174/500 - Time: 2.63s - Loss: critic_x=-0.2664, critic_z=-163.9445, encoder=-264.9027, decoder=1.1925
2026-04-18 00:59:17,123 - tadGANs - INFO - Epoch 175/500 - Time: 2.43s - Loss: critic_x=-0.2688, critic_z=-165.3678, encoder=-267.2391, decoder=1.2064
2026-04-18 00:59:19,530 - tadGANs - INFO - Epoch 176/500 - Time: 2.41s - Loss: critic_x=-0.2688, critic_z=-166.7706, encoder=-269.6917, decoder=1.2123
2026-04-18 00:59:21,989 - tadGANs - INFO - Epoch 177/500 - Time: 2.46s - Loss: critic_x=-0.2711, critic_z=-168.0464, encoder=-272.1494, decoder=1.2247
2026-04-18 00:59:24,447 - tadGANs - INFO - Epoch 178/500 - Time: 2.46s - Loss: critic_x=-0.2726, critic_z=-169.6563, encoder=-274.9180, decoder=1.2181
2026-04-18 00:59:26,869 - tadGANs - INFO - Epoch 179/500 - Time: 2.42s - Loss: critic_x=-0.2743, critic_z=-171.0470, encoder=-277.1627, decoder=1.2271
2026-04-18 00:59:29,412 - tadGANs - INFO - Epoch 180/500 - Time: 2.54s - Loss: critic_x=-0.2763, critic_z=-172.4320, encoder=-279.7015, decoder=1.2488
2026-04-18 00:59:29,433 - tadGANs - INFO - Models saved at epoch 180
2026-04-18 00:59:32,069 - tadGANs - INFO - Epoch 181/500 - Time: 2.64s - Loss: critic_x=-0.2779, critic_z=-173.9088, encoder=-282.2308, decoder=1.2518
2026-04-18 00:59:34,923 - tadGANs - INFO - Epoch 182/500 - Time: 2.85s - Loss: critic_x=-0.2808, critic_z=-175.4312, encoder=-284.9541, decoder=1.2570
2026-04-18 00:59:37,704 - tadGANs - INFO - Epoch 183/500 - Time: 2.78s - Loss: critic_x=-0.2862, critic_z=-176.9962, encoder=-287.6653, decoder=1.2664
2026-04-18 00:59:40,378 - tadGANs - INFO - Epoch 184/500 - Time: 2.67s - Loss: critic_x=-0.2896, critic_z=-178.3191, encoder=-290.3087, decoder=1.2749
2026-04-18 00:59:43,346 - tadGANs - INFO - Epoch 185/500 - Time: 2.97s - Loss: critic_x=-0.2921, critic_z=-179.7651, encoder=-292.5810, decoder=1.2734
2026-04-18 00:59:46,021 - tadGANs - INFO - Epoch 186/500 - Time: 2.67s - Loss: critic_x=-0.2966, critic_z=-181.3691, encoder=-295.6781, decoder=1.2668
2026-04-18 00:59:48,519 - tadGANs - INFO - Epoch 187/500 - Time: 2.50s - Loss: critic_x=-0.2991, critic_z=-182.9618, encoder=-298.1054, decoder=1.2565
2026-04-18 00:59:51,230 - tadGANs - INFO - Epoch 188/500 - Time: 2.71s - Loss: critic_x=-0.3014, critic_z=-184.2314, encoder=-300.6283, decoder=1.2543
2026-04-18 00:59:53,892 - tadGANs - INFO - Epoch 189/500 - Time: 2.66s - Loss: critic_x=-0.3027, critic_z=-185.7467, encoder=-303.4851, decoder=1.2580
2026-04-18 00:59:56,460 - tadGANs - INFO - Epoch 190/500 - Time: 2.57s - Loss: critic_x=-0.3058, critic_z=-187.2762, encoder=-306.0100, decoder=1.2560
2026-04-18 00:59:56,482 - tadGANs - INFO - Models saved at epoch 190
2026-04-18 00:59:59,268 - tadGANs - INFO - Epoch 191/500 - Time: 2.79s - Loss: critic_x=-0.3062, critic_z=-188.7552, encoder=-308.8381, decoder=1.2622
2026-04-18 01:00:01,985 - tadGANs - INFO - Epoch 192/500 - Time: 2.72s - Loss: critic_x=-0.3065, critic_z=-190.2338, encoder=-311.4353, decoder=1.2494
2026-04-18 01:00:04,656 - tadGANs - INFO - Epoch 193/500 - Time: 2.67s - Loss: critic_x=-0.3079, critic_z=-191.9150, encoder=-314.1735, decoder=1.2582
2026-04-18 01:00:07,134 - tadGANs - INFO - Epoch 194/500 - Time: 2.48s - Loss: critic_x=-0.3071, critic_z=-193.4289, encoder=-316.8987, decoder=1.2712
2026-04-18 01:00:09,872 - tadGANs - INFO - Epoch 195/500 - Time: 2.74s - Loss: critic_x=-0.3066, critic_z=-195.2108, encoder=-319.8425, decoder=1.2607
2026-04-18 01:00:12,450 - tadGANs - INFO - Epoch 196/500 - Time: 2.58s - Loss: critic_x=-0.3045, critic_z=-196.4745, encoder=-322.4322, decoder=1.2497
2026-04-18 01:00:15,027 - tadGANs - INFO - Epoch 197/500 - Time: 2.58s - Loss: critic_x=-0.3058, critic_z=-198.1082, encoder=-325.4626, decoder=1.2495
2026-04-18 01:00:17,585 - tadGANs - INFO - Epoch 198/500 - Time: 2.56s - Loss: critic_x=-0.3048, critic_z=-199.4326, encoder=-328.0561, decoder=1.2440
2026-04-18 01:00:20,100 - tadGANs - INFO - Epoch 199/500 - Time: 2.52s - Loss: critic_x=-0.3036, critic_z=-201.0465, encoder=-330.5986, decoder=1.2222
2026-04-18 01:00:22,638 - tadGANs - INFO - Epoch 200/500 - Time: 2.54s - Loss: critic_x=-0.3012, critic_z=-202.5325, encoder=-333.4484, decoder=1.2237
2026-04-18 01:00:22,650 - tadGANs - INFO - Models saved at epoch 200
2026-04-18 01:00:25,128 - tadGANs - INFO - Epoch 201/500 - Time: 2.48s - Loss: critic_x=-0.3006, critic_z=-204.0131, encoder=-335.9255, decoder=1.2119
2026-04-18 01:00:27,708 - tadGANs - INFO - Epoch 202/500 - Time: 2.58s - Loss: critic_x=-0.2979, critic_z=-205.5529, encoder=-338.6932, decoder=1.2173
2026-04-18 01:00:30,174 - tadGANs - INFO - Epoch 203/500 - Time: 2.47s - Loss: critic_x=-0.2967, critic_z=-207.2507, encoder=-341.7246, decoder=1.2206
2026-04-18 01:00:32,624 - tadGANs - INFO - Epoch 204/500 - Time: 2.45s - Loss: critic_x=-0.2941, critic_z=-208.8636, encoder=-344.5421, decoder=1.2203
2026-04-18 01:00:35,075 - tadGANs - INFO - Epoch 205/500 - Time: 2.45s - Loss: critic_x=-0.2921, critic_z=-210.5818, encoder=-347.4424, decoder=1.2363
2026-04-18 01:00:37,765 - tadGANs - INFO - Epoch 206/500 - Time: 2.69s - Loss: critic_x=-0.2906, critic_z=-212.0927, encoder=-350.3988, decoder=1.2233
2026-04-18 01:00:40,479 - tadGANs - INFO - Epoch 207/500 - Time: 2.71s - Loss: critic_x=-0.2876, critic_z=-213.7599, encoder=-353.4403, decoder=1.2199
2026-04-18 01:00:43,105 - tadGANs - INFO - Epoch 208/500 - Time: 2.62s - Loss: critic_x=-0.2857, critic_z=-215.0897, encoder=-355.9857, decoder=1.2036
2026-04-18 01:00:45,606 - tadGANs - INFO - Epoch 209/500 - Time: 2.50s - Loss: critic_x=-0.2821, critic_z=-216.9634, encoder=-359.2959, decoder=1.2061
2026-04-18 01:00:48,170 - tadGANs - INFO - Epoch 210/500 - Time: 2.56s - Loss: critic_x=-0.2789, critic_z=-218.1818, encoder=-361.6044, decoder=1.2069
2026-04-18 01:00:48,183 - tadGANs - INFO - Models saved at epoch 210
2026-04-18 01:00:50,699 - tadGANs - INFO - Epoch 211/500 - Time: 2.52s - Loss: critic_x=-0.2755, critic_z=-220.1786, encoder=-364.6776, decoder=1.2052
2026-04-18 01:00:53,595 - tadGANs - INFO - Epoch 212/500 - Time: 2.90s - Loss: critic_x=-0.2722, critic_z=-221.7738, encoder=-367.5000, decoder=1.1968
2026-04-18 01:00:56,315 - tadGANs - INFO - Epoch 213/500 - Time: 2.72s - Loss: critic_x=-0.2684, critic_z=-223.5331, encoder=-370.8070, decoder=1.2069
2026-04-18 01:00:59,087 - tadGANs - INFO - Epoch 214/500 - Time: 2.77s - Loss: critic_x=-0.2657, critic_z=-224.9215, encoder=-373.7150, decoder=1.2008
2026-04-18 01:01:01,656 - tadGANs - INFO - Epoch 215/500 - Time: 2.57s - Loss: critic_x=-0.2618, critic_z=-226.4458, encoder=-376.5786, decoder=1.1980
2026-04-18 01:01:04,118 - tadGANs - INFO - Epoch 216/500 - Time: 2.46s - Loss: critic_x=-0.2580, critic_z=-228.1442, encoder=-379.1505, decoder=1.2002
2026-04-18 01:01:06,634 - tadGANs - INFO - Epoch 217/500 - Time: 2.52s - Loss: critic_x=-0.2520, critic_z=-229.6508, encoder=-381.8665, decoder=1.2002
2026-04-18 01:01:09,225 - tadGANs - INFO - Epoch 218/500 - Time: 2.59s - Loss: critic_x=-0.2485, critic_z=-231.5331, encoder=-385.1565, decoder=1.1985
2026-04-18 01:01:11,841 - tadGANs - INFO - Epoch 219/500 - Time: 2.62s - Loss: critic_x=-0.2431, critic_z=-233.0642, encoder=-388.1068, decoder=1.2092
2026-04-18 01:01:14,347 - tadGANs - INFO - Epoch 220/500 - Time: 2.51s - Loss: critic_x=-0.2387, critic_z=-234.6161, encoder=-391.1087, decoder=1.1974
2026-04-18 01:01:14,357 - tadGANs - INFO - Models saved at epoch 220
2026-04-18 01:01:16,849 - tadGANs - INFO - Epoch 221/500 - Time: 2.49s - Loss: critic_x=-0.2339, critic_z=-236.5330, encoder=-394.0691, decoder=1.2014
2026-04-18 01:01:19,377 - tadGANs - INFO - Epoch 222/500 - Time: 2.53s - Loss: critic_x=-0.2279, critic_z=-238.1454, encoder=-397.2502, decoder=1.2051
2026-04-18 01:01:21,962 - tadGANs - INFO - Epoch 223/500 - Time: 2.58s - Loss: critic_x=-0.2244, critic_z=-239.8865, encoder=-400.5011, decoder=1.1979
2026-04-18 01:01:24,465 - tadGANs - INFO - Epoch 224/500 - Time: 2.50s - Loss: critic_x=-0.2201, critic_z=-241.3478, encoder=-403.5213, decoder=1.1899
2026-04-18 01:01:26,971 - tadGANs - INFO - Epoch 225/500 - Time: 2.51s - Loss: critic_x=-0.2132, critic_z=-243.1233, encoder=-406.4679, decoder=1.1913
2026-04-18 01:01:29,450 - tadGANs - INFO - Epoch 226/500 - Time: 2.48s - Loss: critic_x=-0.2112, critic_z=-244.8942, encoder=-409.6746, decoder=1.2021
2026-04-18 01:01:32,017 - tadGANs - INFO - Epoch 227/500 - Time: 2.57s - Loss: critic_x=-0.2061, critic_z=-246.5114, encoder=-412.4802, decoder=1.2089
2026-04-18 01:01:34,539 - tadGANs - INFO - Epoch 228/500 - Time: 2.52s - Loss: critic_x=-0.1989, critic_z=-248.1482, encoder=-415.2720, decoder=1.2070
2026-04-18 01:01:37,211 - tadGANs - INFO - Epoch 229/500 - Time: 2.67s - Loss: critic_x=-0.1955, critic_z=-249.9645, encoder=-418.4394, decoder=1.1994
2026-04-18 01:01:39,916 - tadGANs - INFO - Epoch 230/500 - Time: 2.70s - Loss: critic_x=-0.1926, critic_z=-251.9341, encoder=-421.8868, decoder=1.1961
2026-04-18 01:01:39,928 - tadGANs - INFO - Models saved at epoch 230
2026-04-18 01:01:42,550 - tadGANs - INFO - Epoch 231/500 - Time: 2.62s - Loss: critic_x=-0.1868, critic_z=-253.3661, encoder=-425.0494, decoder=1.2064
2026-04-18 01:01:45,121 - tadGANs - INFO - Epoch 232/500 - Time: 2.57s - Loss: critic_x=-0.1809, critic_z=-255.1114, encoder=-427.8554, decoder=1.2049
2026-04-18 01:01:47,650 - tadGANs - INFO - Epoch 233/500 - Time: 2.53s - Loss: critic_x=-0.1794, critic_z=-256.5913, encoder=-430.8237, decoder=1.2016
2026-04-18 01:01:50,182 - tadGANs - INFO - Epoch 234/500 - Time: 2.53s - Loss: critic_x=-0.1736, critic_z=-258.5886, encoder=-434.0219, decoder=1.1786
2026-04-18 01:01:52,774 - tadGANs - INFO - Epoch 235/500 - Time: 2.59s - Loss: critic_x=-0.1654, critic_z=-260.0936, encoder=-437.1748, decoder=1.1907
2026-04-18 01:01:55,363 - tadGANs - INFO - Epoch 236/500 - Time: 2.59s - Loss: critic_x=-0.1590, critic_z=-262.2366, encoder=-440.4551, decoder=1.1914
2026-04-18 01:01:57,830 - tadGANs - INFO - Epoch 237/500 - Time: 2.47s - Loss: critic_x=-0.1532, critic_z=-263.7763, encoder=-443.6039, decoder=1.1966
2026-04-18 01:02:00,320 - tadGANs - INFO - Epoch 238/500 - Time: 2.49s - Loss: critic_x=-0.1478, critic_z=-265.6224, encoder=-446.9912, decoder=1.2003
2026-04-18 01:02:02,868 - tadGANs - INFO - Epoch 239/500 - Time: 2.55s - Loss: critic_x=-0.1431, critic_z=-267.2743, encoder=-449.9335, decoder=1.2055
2026-04-18 01:02:05,432 - tadGANs - INFO - Epoch 240/500 - Time: 2.56s - Loss: critic_x=-0.1415, critic_z=-268.8160, encoder=-452.6640, decoder=1.2128
2026-04-18 01:02:05,442 - tadGANs - INFO - Models saved at epoch 240
2026-04-18 01:02:08,206 - tadGANs - INFO - Epoch 241/500 - Time: 2.76s - Loss: critic_x=-0.1382, critic_z=-271.0194, encoder=-456.2529, decoder=1.1979
2026-04-18 01:02:10,880 - tadGANs - INFO - Epoch 242/500 - Time: 2.67s - Loss: critic_x=-0.1341, critic_z=-272.3673, encoder=-459.5116, decoder=1.2007
2026-04-18 01:02:13,393 - tadGANs - INFO - Epoch 243/500 - Time: 2.51s - Loss: critic_x=-0.1303, critic_z=-274.3724, encoder=-462.6059, decoder=1.1944
2026-04-18 01:02:15,863 - tadGANs - INFO - Epoch 244/500 - Time: 2.47s - Loss: critic_x=-0.1278, critic_z=-276.0886, encoder=-466.2383, decoder=1.1991
2026-04-18 01:02:18,342 - tadGANs - INFO - Epoch 245/500 - Time: 2.48s - Loss: critic_x=-0.1282, critic_z=-278.0229, encoder=-469.0984, decoder=1.2077
2026-04-18 01:02:20,892 - tadGANs - INFO - Epoch 246/500 - Time: 2.55s - Loss: critic_x=-0.1272, critic_z=-279.7759, encoder=-472.1581, decoder=1.2088
2026-04-18 01:02:23,386 - tadGANs - INFO - Epoch 247/500 - Time: 2.49s - Loss: critic_x=-0.1250, critic_z=-281.5584, encoder=-475.5974, decoder=1.2113
2026-04-18 01:02:25,913 - tadGANs - INFO - Epoch 248/500 - Time: 2.53s - Loss: critic_x=-0.1247, critic_z=-283.3339, encoder=-479.1008, decoder=1.2284
2026-04-18 01:02:28,469 - tadGANs - INFO - Epoch 249/500 - Time: 2.56s - Loss: critic_x=-0.1240, critic_z=-285.1989, encoder=-482.3738, decoder=1.2444
2026-04-18 01:02:31,059 - tadGANs - INFO - Epoch 250/500 - Time: 2.59s - Loss: critic_x=-0.1237, critic_z=-287.2657, encoder=-485.8814, decoder=1.2626
2026-04-18 01:02:31,071 - tadGANs - INFO - Models saved at epoch 250
2026-04-18 01:02:33,713 - tadGANs - INFO - Epoch 251/500 - Time: 2.64s - Loss: critic_x=-0.1235, critic_z=-288.5861, encoder=-489.1468, decoder=1.2638
2026-04-18 01:02:36,368 - tadGANs - INFO - Epoch 252/500 - Time: 2.66s - Loss: critic_x=-0.1220, critic_z=-290.6434, encoder=-492.5579, decoder=1.2746
2026-04-18 01:02:39,086 - tadGANs - INFO - Epoch 253/500 - Time: 2.72s - Loss: critic_x=-0.1198, critic_z=-292.1451, encoder=-495.4556, decoder=1.2882
2026-04-18 01:02:41,726 - tadGANs - INFO - Epoch 254/500 - Time: 2.64s - Loss: critic_x=-0.1212, critic_z=-294.2224, encoder=-498.6126, decoder=1.2921
2026-04-18 01:02:44,388 - tadGANs - INFO - Epoch 255/500 - Time: 2.66s - Loss: critic_x=-0.1224, critic_z=-296.0460, encoder=-502.0833, decoder=1.2694
2026-04-18 01:02:47,040 - tadGANs - INFO - Epoch 256/500 - Time: 2.65s - Loss: critic_x=-0.1221, critic_z=-297.5913, encoder=-505.2012, decoder=1.2691
2026-04-18 01:02:49,817 - tadGANs - INFO - Epoch 257/500 - Time: 2.78s - Loss: critic_x=-0.1192, critic_z=-299.7492, encoder=-508.8528, decoder=1.2765
2026-04-18 01:02:52,535 - tadGANs - INFO - Epoch 258/500 - Time: 2.72s - Loss: critic_x=-0.1186, critic_z=-301.5019, encoder=-511.9156, decoder=1.2731
2026-04-18 01:02:55,293 - tadGANs - INFO - Epoch 259/500 - Time: 2.76s - Loss: critic_x=-0.1150, critic_z=-303.4756, encoder=-515.7069, decoder=1.2906
2026-04-18 01:02:57,961 - tadGANs - INFO - Epoch 260/500 - Time: 2.67s - Loss: critic_x=-0.1154, critic_z=-305.4754, encoder=-519.0601, decoder=1.3246
2026-04-18 01:02:57,973 - tadGANs - INFO - Models saved at epoch 260
2026-04-18 01:03:00,672 - tadGANs - INFO - Epoch 261/500 - Time: 2.70s - Loss: critic_x=-0.1161, critic_z=-307.5505, encoder=-522.9242, decoder=1.3333
2026-04-18 01:03:03,265 - tadGANs - INFO - Epoch 262/500 - Time: 2.59s - Loss: critic_x=-0.1209, critic_z=-309.1027, encoder=-525.9102, decoder=1.3359
2026-04-18 01:03:06,069 - tadGANs - INFO - Epoch 263/500 - Time: 2.80s - Loss: critic_x=-0.1226, critic_z=-310.8637, encoder=-529.2321, decoder=1.3535
2026-04-18 01:03:08,799 - tadGANs - INFO - Epoch 264/500 - Time: 2.73s - Loss: critic_x=-0.1219, critic_z=-313.0601, encoder=-533.0419, decoder=1.3519
2026-04-18 01:03:11,496 - tadGANs - INFO - Epoch 265/500 - Time: 2.70s - Loss: critic_x=-0.1241, critic_z=-314.6058, encoder=-536.3345, decoder=1.3567
2026-04-18 01:03:14,316 - tadGANs - INFO - Epoch 266/500 - Time: 2.82s - Loss: critic_x=-0.1280, critic_z=-316.6677, encoder=-540.6686, decoder=1.3770
2026-04-18 01:03:17,247 - tadGANs - INFO - Epoch 267/500 - Time: 2.93s - Loss: critic_x=-0.1296, critic_z=-318.6749, encoder=-543.9501, decoder=1.3902
2026-04-18 01:03:20,128 - tadGANs - INFO - Epoch 268/500 - Time: 2.88s - Loss: critic_x=-0.1323, critic_z=-320.3766, encoder=-546.5542, decoder=1.3903
2026-04-18 01:03:22,805 - tadGANs - INFO - Epoch 269/500 - Time: 2.68s - Loss: critic_x=-0.1388, critic_z=-322.2013, encoder=-550.1148, decoder=1.3821
2026-04-18 01:03:25,515 - tadGANs - INFO - Epoch 270/500 - Time: 2.71s - Loss: critic_x=-0.1442, critic_z=-324.5001, encoder=-554.3086, decoder=1.3722
2026-04-18 01:03:25,525 - tadGANs - INFO - Models saved at epoch 270
2026-04-18 01:03:28,221 - tadGANs - INFO - Epoch 271/500 - Time: 2.69s - Loss: critic_x=-0.1477, critic_z=-326.0887, encoder=-557.0796, decoder=1.3699
2026-04-18 01:03:30,807 - tadGANs - INFO - Epoch 272/500 - Time: 2.59s - Loss: critic_x=-0.1508, critic_z=-327.9877, encoder=-560.7721, decoder=1.3748
2026-04-18 01:03:33,703 - tadGANs - INFO - Epoch 273/500 - Time: 2.90s - Loss: critic_x=-0.1567, critic_z=-329.9158, encoder=-564.2764, decoder=1.3761
2026-04-18 01:03:36,613 - tadGANs - INFO - Epoch 274/500 - Time: 2.91s - Loss: critic_x=-0.1579, critic_z=-331.9785, encoder=-568.1090, decoder=1.4003
2026-04-18 01:03:39,690 - tadGANs - INFO - Epoch 275/500 - Time: 3.08s - Loss: critic_x=-0.1619, critic_z=-334.1006, encoder=-571.5749, decoder=1.4181
2026-04-18 01:03:42,609 - tadGANs - INFO - Epoch 276/500 - Time: 2.92s - Loss: critic_x=-0.1639, critic_z=-336.0639, encoder=-575.1761, decoder=1.4143
2026-04-18 01:03:45,276 - tadGANs - INFO - Epoch 277/500 - Time: 2.67s - Loss: critic_x=-0.1640, critic_z=-337.8199, encoder=-578.4978, decoder=1.4062
2026-04-18 01:03:47,903 - tadGANs - INFO - Epoch 278/500 - Time: 2.63s - Loss: critic_x=-0.1635, critic_z=-339.6422, encoder=-582.3092, decoder=1.4042
2026-04-18 01:03:50,614 - tadGANs - INFO - Epoch 279/500 - Time: 2.71s - Loss: critic_x=-0.1622, critic_z=-341.6156, encoder=-585.5281, decoder=1.4034
2026-04-18 01:03:53,302 - tadGANs - INFO - Epoch 280/500 - Time: 2.69s - Loss: critic_x=-0.1616, critic_z=-343.8274, encoder=-589.4784, decoder=1.4105
2026-04-18 01:03:53,313 - tadGANs - INFO - Models saved at epoch 280
2026-04-18 01:03:55,895 - tadGANs - INFO - Epoch 281/500 - Time: 2.58s - Loss: critic_x=-0.1609, critic_z=-345.9119, encoder=-593.5055, decoder=1.4082
2026-04-18 01:03:58,463 - tadGANs - INFO - Epoch 282/500 - Time: 2.57s - Loss: critic_x=-0.1609, critic_z=-347.9391, encoder=-597.1516, decoder=1.4016
2026-04-18 01:04:01,189 - tadGANs - INFO - Epoch 283/500 - Time: 2.73s - Loss: critic_x=-0.1585, critic_z=-349.6564, encoder=-600.3828, decoder=1.4196
2026-04-18 01:04:03,916 - tadGANs - INFO - Epoch 284/500 - Time: 2.73s - Loss: critic_x=-0.1559, critic_z=-351.6902, encoder=-604.0504, decoder=1.4264
2026-04-18 01:04:06,625 - tadGANs - INFO - Epoch 285/500 - Time: 2.71s - Loss: critic_x=-0.1533, critic_z=-353.5622, encoder=-607.7638, decoder=1.4127
2026-04-18 01:04:09,414 - tadGANs - INFO - Epoch 286/500 - Time: 2.79s - Loss: critic_x=-0.1525, critic_z=-355.7179, encoder=-611.5675, decoder=1.4021
2026-04-18 01:04:12,167 - tadGANs - INFO - Epoch 287/500 - Time: 2.75s - Loss: critic_x=-0.1529, critic_z=-357.8458, encoder=-615.0618, decoder=1.3891
2026-04-18 01:04:14,734 - tadGANs - INFO - Epoch 288/500 - Time: 2.57s - Loss: critic_x=-0.1517, critic_z=-359.6234, encoder=-618.7064, decoder=1.3813
2026-04-18 01:04:17,290 - tadGANs - INFO - Epoch 289/500 - Time: 2.56s - Loss: critic_x=-0.1514, critic_z=-361.4892, encoder=-622.0723, decoder=1.3951
2026-04-18 01:04:19,812 - tadGANs - INFO - Epoch 290/500 - Time: 2.52s - Loss: critic_x=-0.1551, critic_z=-363.7832, encoder=-625.9899, decoder=1.4075
2026-04-18 01:04:19,823 - tadGANs - INFO - Models saved at epoch 290
2026-04-18 01:04:22,466 - tadGANs - INFO - Epoch 291/500 - Time: 2.64s - Loss: critic_x=-0.1541, critic_z=-365.5600, encoder=-629.8855, decoder=1.4009
2026-04-18 01:04:25,044 - tadGANs - INFO - Epoch 292/500 - Time: 2.58s - Loss: critic_x=-0.1542, critic_z=-367.8234, encoder=-633.8546, decoder=1.4021
2026-04-18 01:04:27,704 - tadGANs - INFO - Epoch 293/500 - Time: 2.66s - Loss: critic_x=-0.1467, critic_z=-369.7781, encoder=-637.4354, decoder=1.4004
2026-04-18 01:04:30,259 - tadGANs - INFO - Epoch 294/500 - Time: 2.55s - Loss: critic_x=-0.1477, critic_z=-371.7349, encoder=-640.7408, decoder=1.4063
2026-04-18 01:04:32,854 - tadGANs - INFO - Epoch 295/500 - Time: 2.59s - Loss: critic_x=-0.1421, critic_z=-373.6628, encoder=-644.4983, decoder=1.4180
2026-04-18 01:04:35,576 - tadGANs - INFO - Epoch 296/500 - Time: 2.72s - Loss: critic_x=-0.1432, critic_z=-376.0429, encoder=-648.6050, decoder=1.4167
2026-04-18 01:04:38,429 - tadGANs - INFO - Epoch 297/500 - Time: 2.85s - Loss: critic_x=-0.1426, critic_z=-378.0501, encoder=-652.3240, decoder=1.4141
2026-04-18 01:04:41,071 - tadGANs - INFO - Epoch 298/500 - Time: 2.64s - Loss: critic_x=-0.1413, critic_z=-379.7817, encoder=-656.4483, decoder=1.4086
2026-04-18 01:04:43,660 - tadGANs - INFO - Epoch 299/500 - Time: 2.59s - Loss: critic_x=-0.1407, critic_z=-382.3502, encoder=-659.8814, decoder=1.4135
2026-04-18 01:04:46,486 - tadGANs - INFO - Epoch 300/500 - Time: 2.83s - Loss: critic_x=-0.1374, critic_z=-384.3840, encoder=-664.6595, decoder=1.3984
2026-04-18 01:04:46,498 - tadGANs - INFO - Models saved at epoch 300
2026-04-18 01:04:49,145 - tadGANs - INFO - Epoch 301/500 - Time: 2.65s - Loss: critic_x=-0.1380, critic_z=-386.3528, encoder=-667.6960, decoder=1.4010
2026-04-18 01:04:51,727 - tadGANs - INFO - Epoch 302/500 - Time: 2.58s - Loss: critic_x=-0.1397, critic_z=-388.6655, encoder=-671.7118, decoder=1.3945
2026-04-18 01:04:54,367 - tadGANs - INFO - Epoch 303/500 - Time: 2.64s - Loss: critic_x=-0.1399, critic_z=-390.6938, encoder=-675.8462, decoder=1.4076
2026-04-18 01:04:57,023 - tadGANs - INFO - Epoch 304/500 - Time: 2.66s - Loss: critic_x=-0.1373, critic_z=-392.4778, encoder=-679.5422, decoder=1.4036
2026-04-18 01:04:59,632 - tadGANs - INFO - Epoch 305/500 - Time: 2.61s - Loss: critic_x=-0.1371, critic_z=-394.8350, encoder=-683.4534, decoder=1.4047
2026-04-18 01:05:02,295 - tadGANs - INFO - Epoch 306/500 - Time: 2.66s - Loss: critic_x=-0.1349, critic_z=-396.6899, encoder=-687.2445, decoder=1.3991
2026-04-18 01:05:05,022 - tadGANs - INFO - Epoch 307/500 - Time: 2.73s - Loss: critic_x=-0.1351, critic_z=-398.9685, encoder=-690.9098, decoder=1.3939
2026-04-18 01:05:07,954 - tadGANs - INFO - Epoch 308/500 - Time: 2.93s - Loss: critic_x=-0.1354, critic_z=-401.0579, encoder=-695.6014, decoder=1.3929
2026-04-18 01:05:10,753 - tadGANs - INFO - Epoch 309/500 - Time: 2.80s - Loss: critic_x=-0.1334, critic_z=-403.2587, encoder=-699.0236, decoder=1.3908
2026-04-18 01:05:13,346 - tadGANs - INFO - Epoch 310/500 - Time: 2.59s - Loss: critic_x=-0.1329, critic_z=-405.0563, encoder=-702.9192, decoder=1.3902
2026-04-18 01:05:13,358 - tadGANs - INFO - Models saved at epoch 310
2026-04-18 01:05:15,991 - tadGANs - INFO - Epoch 311/500 - Time: 2.63s - Loss: critic_x=-0.1303, critic_z=-407.5391, encoder=-706.7237, decoder=1.3878
2026-04-18 01:05:18,682 - tadGANs - INFO - Epoch 312/500 - Time: 2.69s - Loss: critic_x=-0.1300, critic_z=-409.6029, encoder=-710.4086, decoder=1.3912
2026-04-18 01:05:21,308 - tadGANs - INFO - Epoch 313/500 - Time: 2.63s - Loss: critic_x=-0.1276, critic_z=-411.7623, encoder=-714.6385, decoder=1.3896
2026-04-18 01:05:24,057 - tadGANs - INFO - Epoch 314/500 - Time: 2.75s - Loss: critic_x=-0.1271, critic_z=-413.7774, encoder=-718.8444, decoder=1.3890
2026-04-18 01:05:26,738 - tadGANs - INFO - Epoch 315/500 - Time: 2.68s - Loss: critic_x=-0.1268, critic_z=-415.8180, encoder=-722.6940, decoder=1.3993
2026-04-18 01:05:29,526 - tadGANs - INFO - Epoch 316/500 - Time: 2.79s - Loss: critic_x=-0.1250, critic_z=-418.0792, encoder=-726.5351, decoder=1.3832
2026-04-18 01:05:32,180 - tadGANs - INFO - Epoch 317/500 - Time: 2.65s - Loss: critic_x=-0.1246, critic_z=-420.2709, encoder=-730.4439, decoder=1.3858
2026-04-18 01:05:34,921 - tadGANs - INFO - Epoch 318/500 - Time: 2.74s - Loss: critic_x=-0.1234, critic_z=-422.5936, encoder=-734.9171, decoder=1.3942
2026-04-18 01:05:37,780 - tadGANs - INFO - Epoch 319/500 - Time: 2.86s - Loss: critic_x=-0.1241, critic_z=-424.7807, encoder=-738.6729, decoder=1.3898
2026-04-18 01:05:40,603 - tadGANs - INFO - Epoch 320/500 - Time: 2.82s - Loss: critic_x=-0.1232, critic_z=-427.0382, encoder=-743.1155, decoder=1.3820
2026-04-18 01:05:40,615 - tadGANs - INFO - Models saved at epoch 320
2026-04-18 01:05:43,317 - tadGANs - INFO - Epoch 321/500 - Time: 2.70s - Loss: critic_x=-0.1227, critic_z=-429.2629, encoder=-746.8898, decoder=1.3881
2026-04-18 01:05:45,921 - tadGANs - INFO - Epoch 322/500 - Time: 2.60s - Loss: critic_x=-0.1213, critic_z=-431.1757, encoder=-750.9322, decoder=1.3902
2026-04-18 01:05:48,510 - tadGANs - INFO - Epoch 323/500 - Time: 2.59s - Loss: critic_x=-0.1230, critic_z=-433.5824, encoder=-755.1337, decoder=1.3796
2026-04-18 01:05:51,243 - tadGANs - INFO - Epoch 324/500 - Time: 2.73s - Loss: critic_x=-0.1206, critic_z=-435.8076, encoder=-759.1208, decoder=1.3835
2026-04-18 01:05:54,011 - tadGANs - INFO - Epoch 325/500 - Time: 2.77s - Loss: critic_x=-0.1187, critic_z=-437.9098, encoder=-763.3688, decoder=1.3742
2026-04-18 01:05:56,734 - tadGANs - INFO - Epoch 326/500 - Time: 2.72s - Loss: critic_x=-0.1187, critic_z=-440.2880, encoder=-767.3620, decoder=1.3759
2026-04-18 01:05:59,361 - tadGANs - INFO - Epoch 327/500 - Time: 2.63s - Loss: critic_x=-0.1181, critic_z=-442.6454, encoder=-772.0661, decoder=1.3871
2026-04-18 01:06:02,007 - tadGANs - INFO - Epoch 328/500 - Time: 2.65s - Loss: critic_x=-0.1153, critic_z=-444.6801, encoder=-775.5526, decoder=1.4025
2026-04-18 01:06:04,860 - tadGANs - INFO - Epoch 329/500 - Time: 2.85s - Loss: critic_x=-0.1144, critic_z=-446.5344, encoder=-779.5275, decoder=1.4085
2026-04-18 01:06:07,711 - tadGANs - INFO - Epoch 330/500 - Time: 2.85s - Loss: critic_x=-0.1132, critic_z=-449.2880, encoder=-784.2486, decoder=1.4017
2026-04-18 01:06:07,730 - tadGANs - INFO - Models saved at epoch 330
2026-04-18 01:06:10,565 - tadGANs - INFO - Epoch 331/500 - Time: 2.84s - Loss: critic_x=-0.1122, critic_z=-451.3632, encoder=-788.0775, decoder=1.4074
2026-04-18 01:06:13,238 - tadGANs - INFO - Epoch 332/500 - Time: 2.67s - Loss: critic_x=-0.1125, critic_z=-453.6201, encoder=-792.0339, decoder=1.3981
2026-04-18 01:06:15,975 - tadGANs - INFO - Epoch 333/500 - Time: 2.74s - Loss: critic_x=-0.1103, critic_z=-456.0963, encoder=-796.5067, decoder=1.4017
2026-04-18 01:06:18,727 - tadGANs - INFO - Epoch 334/500 - Time: 2.75s - Loss: critic_x=-0.1098, critic_z=-458.3548, encoder=-801.1347, decoder=1.3942
2026-04-18 01:06:21,434 - tadGANs - INFO - Epoch 335/500 - Time: 2.71s - Loss: critic_x=-0.1083, critic_z=-460.4308, encoder=-805.6906, decoder=1.3851
2026-04-18 01:06:24,087 - tadGANs - INFO - Epoch 336/500 - Time: 2.65s - Loss: critic_x=-0.1073, critic_z=-462.8061, encoder=-809.8802, decoder=1.3815
2026-04-18 01:06:26,705 - tadGANs - INFO - Epoch 337/500 - Time: 2.62s - Loss: critic_x=-0.1061, critic_z=-464.8536, encoder=-813.2488, decoder=1.3782
2026-04-18 01:06:29,373 - tadGANs - INFO - Epoch 338/500 - Time: 2.67s - Loss: critic_x=-0.1074, critic_z=-467.1593, encoder=-817.6284, decoder=1.3809
2026-04-18 01:06:32,166 - tadGANs - INFO - Epoch 339/500 - Time: 2.79s - Loss: critic_x=-0.1080, critic_z=-469.6007, encoder=-821.8654, decoder=1.3846
2026-04-18 01:06:34,998 - tadGANs - INFO - Epoch 340/500 - Time: 2.83s - Loss: critic_x=-0.1089, critic_z=-471.5778, encoder=-825.9422, decoder=1.3932
2026-04-18 01:06:35,009 - tadGANs - INFO - Models saved at epoch 340
2026-04-18 01:06:37,972 - tadGANs - INFO - Epoch 341/500 - Time: 2.96s - Loss: critic_x=-0.1090, critic_z=-474.0738, encoder=-830.0133, decoder=1.4091
2026-04-18 01:06:40,714 - tadGANs - INFO - Epoch 342/500 - Time: 2.74s - Loss: critic_x=-0.1130, critic_z=-476.7199, encoder=-834.9880, decoder=1.4215
2026-04-18 01:06:43,395 - tadGANs - INFO - Epoch 343/500 - Time: 2.68s - Loss: critic_x=-0.1143, critic_z=-478.5834, encoder=-838.8445, decoder=1.4202
2026-04-18 01:06:46,175 - tadGANs - INFO - Epoch 344/500 - Time: 2.78s - Loss: critic_x=-0.1150, critic_z=-480.6809, encoder=-842.8196, decoder=1.4251
2026-04-18 01:06:49,125 - tadGANs - INFO - Epoch 345/500 - Time: 2.95s - Loss: critic_x=-0.1162, critic_z=-483.4193, encoder=-847.3671, decoder=1.4228
2026-04-18 01:06:52,060 - tadGANs - INFO - Epoch 346/500 - Time: 2.93s - Loss: critic_x=-0.1173, critic_z=-485.3378, encoder=-851.4019, decoder=1.4202
2026-04-18 01:06:55,143 - tadGANs - INFO - Epoch 347/500 - Time: 3.08s - Loss: critic_x=-0.1173, critic_z=-487.5025, encoder=-855.7011, decoder=1.4287
2026-04-18 01:06:58,301 - tadGANs - INFO - Epoch 348/500 - Time: 3.16s - Loss: critic_x=-0.1208, critic_z=-490.1580, encoder=-860.1201, decoder=1.4186
2026-04-18 01:07:01,696 - tadGANs - INFO - Epoch 349/500 - Time: 3.39s - Loss: critic_x=-0.1233, critic_z=-492.4777, encoder=-864.8634, decoder=1.4142
2026-04-18 01:07:04,566 - tadGANs - INFO - Epoch 350/500 - Time: 2.87s - Loss: critic_x=-0.1274, critic_z=-494.8350, encoder=-869.2375, decoder=1.4054
2026-04-18 01:07:04,579 - tadGANs - INFO - Models saved at epoch 350
2026-04-18 01:07:07,409 - tadGANs - INFO - Epoch 351/500 - Time: 2.83s - Loss: critic_x=-0.1268, critic_z=-497.2805, encoder=-873.6809, decoder=1.4107
2026-04-18 01:07:10,240 - tadGANs - INFO - Epoch 352/500 - Time: 2.83s - Loss: critic_x=-0.1267, critic_z=-499.6549, encoder=-877.9808, decoder=1.4099
2026-04-18 01:07:12,945 - tadGANs - INFO - Epoch 353/500 - Time: 2.71s - Loss: critic_x=-0.1259, critic_z=-501.8767, encoder=-882.1541, decoder=1.4176
2026-04-18 01:07:15,627 - tadGANs - INFO - Epoch 354/500 - Time: 2.68s - Loss: critic_x=-0.1273, critic_z=-504.1567, encoder=-886.9292, decoder=1.4232
2026-04-18 01:07:18,427 - tadGANs - INFO - Epoch 355/500 - Time: 2.80s - Loss: critic_x=-0.1246, critic_z=-506.5458, encoder=-890.8718, decoder=1.4321
2026-04-18 01:07:21,281 - tadGANs - INFO - Epoch 356/500 - Time: 2.85s - Loss: critic_x=-0.1264, critic_z=-508.9355, encoder=-895.1471, decoder=1.4340
2026-04-18 01:07:23,984 - tadGANs - INFO - Epoch 357/500 - Time: 2.70s - Loss: critic_x=-0.1246, critic_z=-511.3669, encoder=-900.0661, decoder=1.4309
2026-04-18 01:07:26,848 - tadGANs - INFO - Epoch 358/500 - Time: 2.86s - Loss: critic_x=-0.1226, critic_z=-513.9230, encoder=-904.6736, decoder=1.4310
2026-04-18 01:07:29,674 - tadGANs - INFO - Epoch 359/500 - Time: 2.83s - Loss: critic_x=-0.1221, critic_z=-516.0347, encoder=-909.2592, decoder=1.4194
2026-04-18 01:07:32,472 - tadGANs - INFO - Epoch 360/500 - Time: 2.80s - Loss: critic_x=-0.1184, critic_z=-518.4545, encoder=-912.9887, decoder=1.4222
2026-04-18 01:07:32,485 - tadGANs - INFO - Models saved at epoch 360
2026-04-18 01:07:35,512 - tadGANs - INFO - Epoch 361/500 - Time: 3.03s - Loss: critic_x=-0.1150, critic_z=-521.4732, encoder=-917.9649, decoder=1.4244
2026-04-18 01:07:38,619 - tadGANs - INFO - Epoch 362/500 - Time: 3.11s - Loss: critic_x=-0.1126, critic_z=-523.8159, encoder=-922.5013, decoder=1.4267
2026-04-18 01:07:41,485 - tadGANs - INFO - Epoch 363/500 - Time: 2.87s - Loss: critic_x=-0.1094, critic_z=-525.6141, encoder=-926.6454, decoder=1.4186
2026-04-18 01:07:44,417 - tadGANs - INFO - Epoch 364/500 - Time: 2.93s - Loss: critic_x=-0.1089, critic_z=-528.1448, encoder=-931.6784, decoder=1.4020
2026-04-18 01:07:47,228 - tadGANs - INFO - Epoch 365/500 - Time: 2.81s - Loss: critic_x=-0.1085, critic_z=-530.4383, encoder=-935.7077, decoder=1.4008
2026-04-18 01:07:50,049 - tadGANs - INFO - Epoch 366/500 - Time: 2.82s - Loss: critic_x=-0.1052, critic_z=-533.5730, encoder=-940.2053, decoder=1.3874
2026-04-18 01:07:52,821 - tadGANs - INFO - Epoch 367/500 - Time: 2.77s - Loss: critic_x=-0.1052, critic_z=-535.7074, encoder=-944.7921, decoder=1.3834
2026-04-18 01:07:55,591 - tadGANs - INFO - Epoch 368/500 - Time: 2.77s - Loss: critic_x=-0.1034, critic_z=-538.1030, encoder=-950.5509, decoder=1.3746
2026-04-18 01:07:58,356 - tadGANs - INFO - Epoch 369/500 - Time: 2.77s - Loss: critic_x=-0.1010, critic_z=-540.4157, encoder=-954.2107, decoder=1.3650
2026-04-18 01:08:01,120 - tadGANs - INFO - Epoch 370/500 - Time: 2.76s - Loss: critic_x=-0.1007, critic_z=-543.3294, encoder=-958.6421, decoder=1.3746
2026-04-18 01:08:01,141 - tadGANs - INFO - Models saved at epoch 370
2026-04-18 01:08:04,063 - tadGANs - INFO - Epoch 371/500 - Time: 2.92s - Loss: critic_x=-0.0982, critic_z=-545.0907, encoder=-962.6250, decoder=1.3845
2026-04-18 01:08:06,930 - tadGANs - INFO - Epoch 372/500 - Time: 2.87s - Loss: critic_x=-0.0954, critic_z=-547.4207, encoder=-967.3669, decoder=1.3924
2026-04-18 01:08:09,867 - tadGANs - INFO - Epoch 373/500 - Time: 2.94s - Loss: critic_x=-0.0937, critic_z=-550.2269, encoder=-972.5846, decoder=1.4034
2026-04-18 01:08:12,592 - tadGANs - INFO - Epoch 374/500 - Time: 2.72s - Loss: critic_x=-0.0906, critic_z=-552.6160, encoder=-977.4199, decoder=1.4005
2026-04-18 01:08:15,289 - tadGANs - INFO - Epoch 375/500 - Time: 2.70s - Loss: critic_x=-0.0877, critic_z=-555.0225, encoder=-981.4240, decoder=1.3895
2026-04-18 01:08:17,948 - tadGANs - INFO - Epoch 376/500 - Time: 2.66s - Loss: critic_x=-0.0880, critic_z=-557.4978, encoder=-986.2430, decoder=1.3737
2026-04-18 01:08:20,683 - tadGANs - INFO - Epoch 377/500 - Time: 2.73s - Loss: critic_x=-0.0891, critic_z=-560.5682, encoder=-990.8768, decoder=1.3693
2026-04-18 01:08:23,439 - tadGANs - INFO - Epoch 378/500 - Time: 2.76s - Loss: critic_x=-0.0885, critic_z=-562.8620, encoder=-995.4958, decoder=1.3584
2026-04-18 01:08:26,169 - tadGANs - INFO - Epoch 379/500 - Time: 2.73s - Loss: critic_x=-0.0892, critic_z=-565.0519, encoder=-1000.9669, decoder=1.3482
2026-04-18 01:08:28,941 - tadGANs - INFO - Epoch 380/500 - Time: 2.77s - Loss: critic_x=-0.0895, critic_z=-567.8826, encoder=-1005.0521, decoder=1.3433
2026-04-18 01:08:28,954 - tadGANs - INFO - Models saved at epoch 380
2026-04-18 01:08:31,743 - tadGANs - INFO - Epoch 381/500 - Time: 2.79s - Loss: critic_x=-0.0887, critic_z=-570.1802, encoder=-1009.7281, decoder=1.3469
2026-04-18 01:08:34,535 - tadGANs - INFO - Epoch 382/500 - Time: 2.79s - Loss: critic_x=-0.0875, critic_z=-572.5329, encoder=-1013.8478, decoder=1.3552
2026-04-18 01:08:37,460 - tadGANs - INFO - Epoch 383/500 - Time: 2.92s - Loss: critic_x=-0.0853, critic_z=-575.0795, encoder=-1019.1481, decoder=1.3617
2026-04-18 01:08:40,358 - tadGANs - INFO - Epoch 384/500 - Time: 2.90s - Loss: critic_x=-0.0832, critic_z=-577.5885, encoder=-1023.7776, decoder=1.3659
2026-04-18 01:08:43,126 - tadGANs - INFO - Epoch 385/500 - Time: 2.77s - Loss: critic_x=-0.0798, critic_z=-580.1058, encoder=-1028.1042, decoder=1.3702
2026-04-18 01:08:45,901 - tadGANs - INFO - Epoch 386/500 - Time: 2.78s - Loss: critic_x=-0.0789, critic_z=-582.4024, encoder=-1032.6635, decoder=1.3652
2026-04-18 01:08:48,624 - tadGANs - INFO - Epoch 387/500 - Time: 2.72s - Loss: critic_x=-0.0760, critic_z=-585.3234, encoder=-1037.6389, decoder=1.3670
2026-04-18 01:08:51,427 - tadGANs - INFO - Epoch 388/500 - Time: 2.80s - Loss: critic_x=-0.0754, critic_z=-587.7663, encoder=-1042.5232, decoder=1.3621
2026-04-18 01:08:54,253 - tadGANs - INFO - Epoch 389/500 - Time: 2.83s - Loss: critic_x=-0.0752, critic_z=-590.4820, encoder=-1047.2189, decoder=1.3581
2026-04-18 01:08:57,106 - tadGANs - INFO - Epoch 390/500 - Time: 2.85s - Loss: critic_x=-0.0731, critic_z=-593.0046, encoder=-1051.8309, decoder=1.3544
2026-04-18 01:08:57,118 - tadGANs - INFO - Models saved at epoch 390
2026-04-18 01:09:00,034 - tadGANs - INFO - Epoch 391/500 - Time: 2.92s - Loss: critic_x=-0.0745, critic_z=-595.6653, encoder=-1057.3665, decoder=1.3557
2026-04-18 01:09:02,851 - tadGANs - INFO - Epoch 392/500 - Time: 2.82s - Loss: critic_x=-0.0766, critic_z=-598.2932, encoder=-1061.8205, decoder=1.3576
2026-04-18 01:09:05,667 - tadGANs - INFO - Epoch 393/500 - Time: 2.82s - Loss: critic_x=-0.0733, critic_z=-600.7451, encoder=-1067.0827, decoder=1.3595
2026-04-18 01:09:08,767 - tadGANs - INFO - Epoch 394/500 - Time: 3.10s - Loss: critic_x=-0.0752, critic_z=-603.3330, encoder=-1071.7913, decoder=1.3660
2026-04-18 01:09:11,590 - tadGANs - INFO - Epoch 395/500 - Time: 2.82s - Loss: critic_x=-0.0747, critic_z=-605.8862, encoder=-1076.5895, decoder=1.3670
2026-04-18 01:09:14,535 - tadGANs - INFO - Epoch 396/500 - Time: 2.95s - Loss: critic_x=-0.0742, critic_z=-608.3885, encoder=-1082.1037, decoder=1.3788
2026-04-18 01:09:17,233 - tadGANs - INFO - Epoch 397/500 - Time: 2.70s - Loss: critic_x=-0.0742, critic_z=-610.9854, encoder=-1086.1419, decoder=1.3895
2026-04-18 01:09:20,012 - tadGANs - INFO - Epoch 398/500 - Time: 2.78s - Loss: critic_x=-0.0720, critic_z=-613.5531, encoder=-1090.8247, decoder=1.3922
2026-04-18 01:09:22,733 - tadGANs - INFO - Epoch 399/500 - Time: 2.72s - Loss: critic_x=-0.0693, critic_z=-616.1059, encoder=-1095.7237, decoder=1.3987
2026-04-18 01:09:25,563 - tadGANs - INFO - Epoch 400/500 - Time: 2.83s - Loss: critic_x=-0.0683, critic_z=-618.5776, encoder=-1100.5211, decoder=1.3927
2026-04-18 01:09:25,575 - tadGANs - INFO - Models saved at epoch 400
2026-04-18 01:09:28,430 - tadGANs - INFO - Epoch 401/500 - Time: 2.85s - Loss: critic_x=-0.0668, critic_z=-621.6236, encoder=-1106.1339, decoder=1.3747
2026-04-18 01:09:31,190 - tadGANs - INFO - Epoch 402/500 - Time: 2.76s - Loss: critic_x=-0.0659, critic_z=-623.7976, encoder=-1110.5114, decoder=1.3731
2026-04-18 01:09:34,250 - tadGANs - INFO - Epoch 403/500 - Time: 3.06s - Loss: critic_x=-0.0647, critic_z=-626.4665, encoder=-1115.6490, decoder=1.3672
2026-04-18 01:09:37,249 - tadGANs - INFO - Epoch 404/500 - Time: 3.00s - Loss: critic_x=-0.0631, critic_z=-629.2924, encoder=-1120.0083, decoder=1.3606
2026-04-18 01:09:40,009 - tadGANs - INFO - Epoch 405/500 - Time: 2.76s - Loss: critic_x=-0.0621, critic_z=-631.9120, encoder=-1125.0722, decoder=1.3690
2026-04-18 01:09:42,687 - tadGANs - INFO - Epoch 406/500 - Time: 2.68s - Loss: critic_x=-0.0620, critic_z=-634.2218, encoder=-1130.6150, decoder=1.3619
2026-04-18 01:09:45,373 - tadGANs - INFO - Epoch 407/500 - Time: 2.69s - Loss: critic_x=-0.0604, critic_z=-637.4153, encoder=-1135.1545, decoder=1.3797
2026-04-18 01:09:48,168 - tadGANs - INFO - Epoch 408/500 - Time: 2.79s - Loss: critic_x=-0.0590, critic_z=-640.0159, encoder=-1139.9438, decoder=1.3811
2026-04-18 01:09:50,926 - tadGANs - INFO - Epoch 409/500 - Time: 2.76s - Loss: critic_x=-0.0571, critic_z=-643.2445, encoder=-1145.7653, decoder=1.3777
2026-04-18 01:09:53,675 - tadGANs - INFO - Epoch 410/500 - Time: 2.75s - Loss: critic_x=-0.0568, critic_z=-645.1031, encoder=-1150.2858, decoder=1.3886
2026-04-18 01:09:53,688 - tadGANs - INFO - Models saved at epoch 410
2026-04-18 01:09:56,540 - tadGANs - INFO - Epoch 411/500 - Time: 2.85s - Loss: critic_x=-0.0567, critic_z=-647.8753, encoder=-1155.2897, decoder=1.3771
2026-04-18 01:09:59,411 - tadGANs - INFO - Epoch 412/500 - Time: 2.87s - Loss: critic_x=-0.0547, critic_z=-650.5257, encoder=-1160.6052, decoder=1.3807
2026-04-18 01:10:02,400 - tadGANs - INFO - Epoch 413/500 - Time: 2.99s - Loss: critic_x=-0.0558, critic_z=-653.3326, encoder=-1165.2159, decoder=1.3935
2026-04-18 01:10:05,256 - tadGANs - INFO - Epoch 414/500 - Time: 2.86s - Loss: critic_x=-0.0596, critic_z=-656.1450, encoder=-1170.3574, decoder=1.3886
2026-04-18 01:10:08,191 - tadGANs - INFO - Epoch 415/500 - Time: 2.93s - Loss: critic_x=-0.0600, critic_z=-658.7024, encoder=-1175.9469, decoder=1.3840
2026-04-18 01:10:10,974 - tadGANs - INFO - Epoch 416/500 - Time: 2.78s - Loss: critic_x=-0.0623, critic_z=-661.4731, encoder=-1180.5879, decoder=1.3772
2026-04-18 01:10:13,696 - tadGANs - INFO - Epoch 417/500 - Time: 2.72s - Loss: critic_x=-0.0679, critic_z=-664.2825, encoder=-1185.9865, decoder=1.3869
2026-04-18 01:10:16,466 - tadGANs - INFO - Epoch 418/500 - Time: 2.77s - Loss: critic_x=-0.0688, critic_z=-667.4890, encoder=-1191.6087, decoder=1.3835
2026-04-18 01:10:19,294 - tadGANs - INFO - Epoch 419/500 - Time: 2.83s - Loss: critic_x=-0.0693, critic_z=-669.5684, encoder=-1196.4996, decoder=1.4008
2026-04-18 01:10:22,148 - tadGANs - INFO - Epoch 420/500 - Time: 2.85s - Loss: critic_x=-0.0701, critic_z=-672.6134, encoder=-1201.3584, decoder=1.4023
2026-04-18 01:10:22,161 - tadGANs - INFO - Models saved at epoch 420
2026-04-18 01:10:24,936 - tadGANs - INFO - Epoch 421/500 - Time: 2.77s - Loss: critic_x=-0.0717, critic_z=-674.9312, encoder=-1206.6379, decoder=1.4169
2026-04-18 01:10:27,621 - tadGANs - INFO - Epoch 422/500 - Time: 2.68s - Loss: critic_x=-0.0748, critic_z=-677.7793, encoder=-1211.5162, decoder=1.4390
2026-04-18 01:10:30,519 - tadGANs - INFO - Epoch 423/500 - Time: 2.90s - Loss: critic_x=-0.0767, critic_z=-680.1861, encoder=-1217.1223, decoder=1.4433
2026-04-18 01:10:33,691 - tadGANs - INFO - Epoch 424/500 - Time: 3.17s - Loss: critic_x=-0.0787, critic_z=-683.1117, encoder=-1222.0348, decoder=1.4472
2026-04-18 01:10:36,780 - tadGANs - INFO - Epoch 425/500 - Time: 3.09s - Loss: critic_x=-0.0791, critic_z=-685.9056, encoder=-1226.6879, decoder=1.4466
2026-04-18 01:10:39,976 - tadGANs - INFO - Epoch 426/500 - Time: 3.20s - Loss: critic_x=-0.0789, critic_z=-688.5909, encoder=-1231.8425, decoder=1.4475
2026-04-18 01:10:43,464 - tadGANs - INFO - Epoch 427/500 - Time: 3.49s - Loss: critic_x=-0.0795, critic_z=-691.6891, encoder=-1237.1879, decoder=1.4414
2026-04-18 01:10:47,089 - tadGANs - INFO - Epoch 428/500 - Time: 3.62s - Loss: critic_x=-0.0814, critic_z=-694.2234, encoder=-1243.5101, decoder=1.4202
2026-04-18 01:10:50,072 - tadGANs - INFO - Epoch 429/500 - Time: 2.98s - Loss: critic_x=-0.0800, critic_z=-696.9310, encoder=-1247.8749, decoder=1.4109
2026-04-18 01:10:53,084 - tadGANs - INFO - Epoch 430/500 - Time: 3.01s - Loss: critic_x=-0.0800, critic_z=-699.8782, encoder=-1253.9412, decoder=1.4142
2026-04-18 01:10:53,097 - tadGANs - INFO - Models saved at epoch 430
2026-04-18 01:10:55,988 - tadGANs - INFO - Epoch 431/500 - Time: 2.89s - Loss: critic_x=-0.0780, critic_z=-702.6771, encoder=-1258.7388, decoder=1.4228
2026-04-18 01:10:58,852 - tadGANs - INFO - Epoch 432/500 - Time: 2.86s - Loss: critic_x=-0.0776, critic_z=-705.5541, encoder=-1263.2041, decoder=1.4169
2026-04-18 01:11:01,749 - tadGANs - INFO - Epoch 433/500 - Time: 2.90s - Loss: critic_x=-0.0787, critic_z=-708.1765, encoder=-1268.7928, decoder=1.4247
2026-04-18 01:11:04,526 - tadGANs - INFO - Epoch 434/500 - Time: 2.78s - Loss: critic_x=-0.0772, critic_z=-711.2775, encoder=-1274.2185, decoder=1.4259
2026-04-18 01:11:07,338 - tadGANs - INFO - Epoch 435/500 - Time: 2.81s - Loss: critic_x=-0.0749, critic_z=-714.0404, encoder=-1279.4534, decoder=1.4220
2026-04-18 01:11:10,260 - tadGANs - INFO - Epoch 436/500 - Time: 2.92s - Loss: critic_x=-0.0752, critic_z=-716.6906, encoder=-1284.9226, decoder=1.4176
2026-04-18 01:11:13,117 - tadGANs - INFO - Epoch 437/500 - Time: 2.86s - Loss: critic_x=-0.0746, critic_z=-719.7348, encoder=-1290.1074, decoder=1.4136
2026-04-18 01:11:15,853 - tadGANs - INFO - Epoch 438/500 - Time: 2.74s - Loss: critic_x=-0.0725, critic_z=-722.1845, encoder=-1295.6818, decoder=1.4168
2026-04-18 01:11:18,565 - tadGANs - INFO - Epoch 439/500 - Time: 2.71s - Loss: critic_x=-0.0705, critic_z=-724.6894, encoder=-1300.2384, decoder=1.4043
2026-04-18 01:11:21,490 - tadGANs - INFO - Epoch 440/500 - Time: 2.92s - Loss: critic_x=-0.0708, critic_z=-727.3028, encoder=-1305.2578, decoder=1.4062
2026-04-18 01:11:21,506 - tadGANs - INFO - Models saved at epoch 440
2026-04-18 01:11:24,369 - tadGANs - INFO - Epoch 441/500 - Time: 2.86s - Loss: critic_x=-0.0702, critic_z=-730.7823, encoder=-1310.6888, decoder=1.3947
2026-04-18 01:11:27,231 - tadGANs - INFO - Epoch 442/500 - Time: 2.86s - Loss: critic_x=-0.0697, critic_z=-733.0371, encoder=-1316.2553, decoder=1.3920
2026-04-18 01:11:30,215 - tadGANs - INFO - Epoch 443/500 - Time: 2.98s - Loss: critic_x=-0.0687, critic_z=-736.6999, encoder=-1322.8299, decoder=1.4071
2026-04-18 01:11:33,166 - tadGANs - INFO - Epoch 444/500 - Time: 2.95s - Loss: critic_x=-0.0717, critic_z=-739.1163, encoder=-1327.5833, decoder=1.4071
2026-04-18 01:11:36,239 - tadGANs - INFO - Epoch 445/500 - Time: 3.07s - Loss: critic_x=-0.0757, critic_z=-742.3750, encoder=-1332.6556, decoder=1.3960
2026-04-18 01:11:39,103 - tadGANs - INFO - Epoch 446/500 - Time: 2.86s - Loss: critic_x=-0.0785, critic_z=-744.9418, encoder=-1338.4745, decoder=1.3789
2026-04-18 01:11:42,012 - tadGANs - INFO - Epoch 447/500 - Time: 2.91s - Loss: critic_x=-0.0805, critic_z=-747.9354, encoder=-1343.8040, decoder=1.3666
2026-04-18 01:11:44,839 - tadGANs - INFO - Epoch 448/500 - Time: 2.83s - Loss: critic_x=-0.0813, critic_z=-751.0707, encoder=-1348.9954, decoder=1.3709
2026-04-18 01:11:47,692 - tadGANs - INFO - Epoch 449/500 - Time: 2.85s - Loss: critic_x=-0.0829, critic_z=-753.5412, encoder=-1355.3988, decoder=1.3779
2026-04-18 01:11:50,456 - tadGANs - INFO - Epoch 450/500 - Time: 2.76s - Loss: critic_x=-0.0838, critic_z=-756.5953, encoder=-1359.6320, decoder=1.3843
2026-04-18 01:11:50,469 - tadGANs - INFO - Models saved at epoch 450
2026-04-18 01:11:53,325 - tadGANs - INFO - Epoch 451/500 - Time: 2.86s - Loss: critic_x=-0.0856, critic_z=-760.3030, encoder=-1365.5098, decoder=1.3800
2026-04-18 01:11:56,072 - tadGANs - INFO - Epoch 452/500 - Time: 2.75s - Loss: critic_x=-0.0870, critic_z=-762.2103, encoder=-1370.4920, decoder=1.3756
2026-04-18 01:11:58,833 - tadGANs - INFO - Epoch 453/500 - Time: 2.76s - Loss: critic_x=-0.0865, critic_z=-764.8971, encoder=-1377.1575, decoder=1.3734
2026-04-18 01:12:01,760 - tadGANs - INFO - Epoch 454/500 - Time: 2.93s - Loss: critic_x=-0.0876, critic_z=-768.4909, encoder=-1381.4057, decoder=1.3748
2026-04-18 01:12:04,682 - tadGANs - INFO - Epoch 455/500 - Time: 2.92s - Loss: critic_x=-0.0866, critic_z=-771.0596, encoder=-1387.4774, decoder=1.3861
2026-04-18 01:12:07,526 - tadGANs - INFO - Epoch 456/500 - Time: 2.84s - Loss: critic_x=-0.0857, critic_z=-774.2819, encoder=-1394.2104, decoder=1.3975
2026-04-18 01:12:10,432 - tadGANs - INFO - Epoch 457/500 - Time: 2.91s - Loss: critic_x=-0.0853, critic_z=-776.9139, encoder=-1398.8091, decoder=1.4125
2026-04-18 01:12:13,312 - tadGANs - INFO - Epoch 458/500 - Time: 2.88s - Loss: critic_x=-0.0837, critic_z=-780.0480, encoder=-1404.2167, decoder=1.4099
2026-04-18 01:12:16,068 - tadGANs - INFO - Epoch 459/500 - Time: 2.76s - Loss: critic_x=-0.0826, critic_z=-782.3040, encoder=-1409.0192, decoder=1.4122
2026-04-18 01:12:18,917 - tadGANs - INFO - Epoch 460/500 - Time: 2.85s - Loss: critic_x=-0.0815, critic_z=-785.4743, encoder=-1415.5640, decoder=1.4148
2026-04-18 01:12:18,929 - tadGANs - INFO - Models saved at epoch 460
2026-04-18 01:12:21,771 - tadGANs - INFO - Epoch 461/500 - Time: 2.84s - Loss: critic_x=-0.0802, critic_z=-789.2785, encoder=-1420.9007, decoder=1.4231
2026-04-18 01:12:24,611 - tadGANs - INFO - Epoch 462/500 - Time: 2.84s - Loss: critic_x=-0.0790, critic_z=-791.6308, encoder=-1426.5673, decoder=1.4180
2026-04-18 01:12:27,602 - tadGANs - INFO - Epoch 463/500 - Time: 2.99s - Loss: critic_x=-0.0784, critic_z=-794.6220, encoder=-1431.8777, decoder=1.4122
2026-04-18 01:12:30,525 - tadGANs - INFO - Epoch 464/500 - Time: 2.92s - Loss: critic_x=-0.0793, critic_z=-797.3794, encoder=-1437.7987, decoder=1.4023
2026-04-18 01:12:33,525 - tadGANs - INFO - Epoch 465/500 - Time: 3.00s - Loss: critic_x=-0.0768, critic_z=-800.6272, encoder=-1443.7202, decoder=1.4136
2026-04-18 01:12:36,554 - tadGANs - INFO - Epoch 466/500 - Time: 3.03s - Loss: critic_x=-0.0781, critic_z=-803.7579, encoder=-1448.5297, decoder=1.3996
2026-04-18 01:12:39,520 - tadGANs - INFO - Epoch 467/500 - Time: 2.97s - Loss: critic_x=-0.0757, critic_z=-806.3046, encoder=-1453.6752, decoder=1.4202
2026-04-18 01:12:42,321 - tadGANs - INFO - Epoch 468/500 - Time: 2.80s - Loss: critic_x=-0.0769, critic_z=-809.5221, encoder=-1459.0278, decoder=1.4217
2026-04-18 01:12:45,082 - tadGANs - INFO - Epoch 469/500 - Time: 2.76s - Loss: critic_x=-0.0750, critic_z=-812.6821, encoder=-1465.7739, decoder=1.4315
2026-04-18 01:12:47,937 - tadGANs - INFO - Epoch 470/500 - Time: 2.85s - Loss: critic_x=-0.0743, critic_z=-815.3092, encoder=-1470.8199, decoder=1.4355
2026-04-18 01:12:47,949 - tadGANs - INFO - Models saved at epoch 470
2026-04-18 01:12:50,806 - tadGANs - INFO - Epoch 471/500 - Time: 2.86s - Loss: critic_x=-0.0755, critic_z=-818.1300, encoder=-1477.4072, decoder=1.4428
2026-04-18 01:12:53,731 - tadGANs - INFO - Epoch 472/500 - Time: 2.92s - Loss: critic_x=-0.0739, critic_z=-821.2198, encoder=-1481.9658, decoder=1.4343
2026-04-18 01:12:56,535 - tadGANs - INFO - Epoch 473/500 - Time: 2.80s - Loss: critic_x=-0.0714, critic_z=-824.3004, encoder=-1488.2556, decoder=1.4267
2026-04-18 01:12:59,570 - tadGANs - INFO - Epoch 474/500 - Time: 3.04s - Loss: critic_x=-0.0708, critic_z=-827.7436, encoder=-1493.3511, decoder=1.4333
2026-04-18 01:13:02,591 - tadGANs - INFO - Epoch 475/500 - Time: 3.02s - Loss: critic_x=-0.0705, critic_z=-831.2338, encoder=-1500.4255, decoder=1.4365
2026-04-18 01:13:05,484 - tadGANs - INFO - Epoch 476/500 - Time: 2.89s - Loss: critic_x=-0.0675, critic_z=-833.7818, encoder=-1505.2018, decoder=1.4374
2026-04-18 01:13:08,463 - tadGANs - INFO - Epoch 477/500 - Time: 2.98s - Loss: critic_x=-0.0671, critic_z=-836.3442, encoder=-1511.0745, decoder=1.4417
2026-04-18 01:13:11,241 - tadGANs - INFO - Epoch 478/500 - Time: 2.78s - Loss: critic_x=-0.0671, critic_z=-839.5382, encoder=-1517.3838, decoder=1.4328
2026-04-18 01:13:14,080 - tadGANs - INFO - Epoch 479/500 - Time: 2.84s - Loss: critic_x=-0.0672, critic_z=-842.9821, encoder=-1523.5073, decoder=1.4349
2026-04-18 01:13:16,949 - tadGANs - INFO - Epoch 480/500 - Time: 2.87s - Loss: critic_x=-0.0697, critic_z=-845.3879, encoder=-1528.3480, decoder=1.4208
2026-04-18 01:13:16,962 - tadGANs - INFO - Models saved at epoch 480
2026-04-18 01:13:19,754 - tadGANs - INFO - Epoch 481/500 - Time: 2.79s - Loss: critic_x=-0.0702, critic_z=-849.1132, encoder=-1534.4875, decoder=1.4040
2026-04-18 01:13:22,515 - tadGANs - INFO - Epoch 482/500 - Time: 2.76s - Loss: critic_x=-0.0708, critic_z=-852.1727, encoder=-1540.6378, decoder=1.4011
2026-04-18 01:13:25,415 - tadGANs - INFO - Epoch 483/500 - Time: 2.90s - Loss: critic_x=-0.0723, critic_z=-854.7422, encoder=-1546.4343, decoder=1.3960
2026-04-18 01:13:28,268 - tadGANs - INFO - Epoch 484/500 - Time: 2.85s - Loss: critic_x=-0.0736, critic_z=-857.4130, encoder=-1551.3507, decoder=1.3857
2026-04-18 01:13:31,201 - tadGANs - INFO - Epoch 485/500 - Time: 2.93s - Loss: critic_x=-0.0775, critic_z=-861.3858, encoder=-1557.2733, decoder=1.3816
2026-04-18 01:13:34,220 - tadGANs - INFO - Epoch 486/500 - Time: 3.02s - Loss: critic_x=-0.0788, critic_z=-864.2533, encoder=-1563.6614, decoder=1.3682
2026-04-18 01:13:37,143 - tadGANs - INFO - Epoch 487/500 - Time: 2.92s - Loss: critic_x=-0.0812, critic_z=-867.0404, encoder=-1569.7833, decoder=1.3687
2026-04-18 01:13:40,137 - tadGANs - INFO - Epoch 488/500 - Time: 2.99s - Loss: critic_x=-0.0824, critic_z=-870.1456, encoder=-1574.5181, decoder=1.3522
2026-04-18 01:13:42,984 - tadGANs - INFO - Epoch 489/500 - Time: 2.85s - Loss: critic_x=-0.0866, critic_z=-873.4268, encoder=-1582.1131, decoder=1.3689
2026-04-18 01:13:45,822 - tadGANs - INFO - Epoch 490/500 - Time: 2.84s - Loss: critic_x=-0.0872, critic_z=-876.8617, encoder=-1587.1548, decoder=1.3692
2026-04-18 01:13:45,833 - tadGANs - INFO - Models saved at epoch 490
2026-04-18 01:13:48,608 - tadGANs - INFO - Epoch 491/500 - Time: 2.77s - Loss: critic_x=-0.0884, critic_z=-879.1691, encoder=-1592.9822, decoder=1.3684
2026-04-18 01:13:51,500 - tadGANs - INFO - Epoch 492/500 - Time: 2.89s - Loss: critic_x=-0.0908, critic_z=-883.4161, encoder=-1598.4337, decoder=1.3656
2026-04-18 01:13:54,398 - tadGANs - INFO - Epoch 493/500 - Time: 2.90s - Loss: critic_x=-0.0910, critic_z=-886.3331, encoder=-1604.6269, decoder=1.3647
2026-04-18 01:13:57,227 - tadGANs - INFO - Epoch 494/500 - Time: 2.83s - Loss: critic_x=-0.0921, critic_z=-889.2674, encoder=-1611.3237, decoder=1.3692
2026-04-18 01:14:00,262 - tadGANs - INFO - Epoch 495/500 - Time: 3.04s - Loss: critic_x=-0.0941, critic_z=-892.4115, encoder=-1618.0883, decoder=1.3670
2026-04-18 01:14:03,257 - tadGANs - INFO - Epoch 496/500 - Time: 2.99s - Loss: critic_x=-0.0936, critic_z=-895.4732, encoder=-1622.9880, decoder=1.3745
2026-04-18 01:14:06,181 - tadGANs - INFO - Epoch 497/500 - Time: 2.92s - Loss: critic_x=-0.0957, critic_z=-898.7833, encoder=-1630.5839, decoder=1.3660
2026-04-18 01:14:09,119 - tadGANs - INFO - Epoch 498/500 - Time: 2.94s - Loss: critic_x=-0.0965, critic_z=-901.8581, encoder=-1634.5087, decoder=1.3497
2026-04-18 01:14:11,924 - tadGANs - INFO - Epoch 499/500 - Time: 2.80s - Loss: critic_x=-0.0969, critic_z=-904.9798, encoder=-1640.6502, decoder=1.3433
2026-04-18 01:14:14,822 - tadGANs - INFO - Epoch 500/500 - Time: 2.90s - Loss: critic_x=-0.0967, critic_z=-907.9388, encoder=-1647.4243, decoder=1.3538
2026-04-18 01:14:14,835 - tadGANs - INFO - Models saved at epoch 500
2026-04-18 01:14:14,846 - tadGANs - INFO - Training completed in 1324.41s
2026-04-18 01:14:14,850 - tadGANs - INFO - Calculating anomaly scores
2026-04-18 01:16:18,350 - tadGANs - INFO - Using statistical threshold: 2.3299
2026-04-18 01:16:18,351 - tadGANs - INFO - Pruning false positives
2026-04-18 01:16:18,360 - tadGANs - INFO - Results saved to hybrid_results\EURUSD_daily\stage1_tadgan\tadgan_results.csv
2026-04-18 02:06:48,127 - tadGANs - INFO - Processing hybrid_results\GOLD_daily\stage1_tadgan\signal_input.csv
2026-04-18 02:06:48,169 - tadGANs - INFO - Training new models
2026-04-18 02:06:48,172 - tadGANs - INFO - Starting training
2026-04-18 02:06:51,551 - tadGANs - INFO - Epoch 1/500 - Time: 3.36s - Loss: critic_x=0.2368, critic_z=5.9056, encoder=0.5988, decoder=0.8461
2026-04-18 02:06:55,060 - tadGANs - INFO - Epoch 2/500 - Time: 3.51s - Loss: critic_x=-0.0334, critic_z=5.5526, encoder=0.5722, decoder=0.8390
2026-04-18 02:06:59,101 - tadGANs - INFO - Epoch 3/500 - Time: 4.04s - Loss: critic_x=-0.1111, critic_z=5.1568, encoder=0.5546, decoder=0.8454
2026-04-18 02:07:03,356 - tadGANs - INFO - Epoch 4/500 - Time: 4.25s - Loss: critic_x=-0.1978, critic_z=4.7225, encoder=0.5249, decoder=0.8450
2026-04-18 02:07:06,963 - tadGANs - INFO - Epoch 5/500 - Time: 3.61s - Loss: critic_x=-0.2874, critic_z=4.2815, encoder=0.4891, decoder=0.8473
2026-04-18 02:07:10,954 - tadGANs - INFO - Epoch 6/500 - Time: 3.99s - Loss: critic_x=-0.3703, critic_z=3.7808, encoder=0.4268, decoder=0.8408
2026-04-18 02:07:14,394 - tadGANs - INFO - Epoch 7/500 - Time: 3.44s - Loss: critic_x=-0.4466, critic_z=3.2850, encoder=0.3678, decoder=0.8514
2026-04-18 02:07:18,000 - tadGANs - INFO - Epoch 8/500 - Time: 3.61s - Loss: critic_x=-0.5108, critic_z=2.7813, encoder=0.2739, decoder=0.8461
2026-04-18 02:07:21,636 - tadGANs - INFO - Epoch 9/500 - Time: 3.64s - Loss: critic_x=-0.5692, critic_z=2.2867, encoder=0.1591, decoder=0.8426
2026-04-18 02:07:25,418 - tadGANs - INFO - Epoch 10/500 - Time: 3.78s - Loss: critic_x=-0.6138, critic_z=1.7880, encoder=0.0301, decoder=0.8506
2026-04-18 02:07:25,445 - tadGANs - INFO - Models saved at epoch 10
2026-04-18 02:07:29,332 - tadGANs - INFO - Epoch 11/500 - Time: 3.89s - Loss: critic_x=-0.6552, critic_z=1.2895, encoder=-0.1324, decoder=0.8500
2026-04-18 02:07:32,950 - tadGANs - INFO - Epoch 12/500 - Time: 3.62s - Loss: critic_x=-0.6861, critic_z=0.8013, encoder=-0.3201, decoder=0.8557
2026-04-18 02:07:36,494 - tadGANs - INFO - Epoch 13/500 - Time: 3.54s - Loss: critic_x=-0.7098, critic_z=0.3148, encoder=-0.5465, decoder=0.8533
2026-04-18 02:07:40,138 - tadGANs - INFO - Epoch 14/500 - Time: 3.64s - Loss: critic_x=-0.7328, critic_z=-0.1765, encoder=-0.8031, decoder=0.8465
2026-04-18 02:07:43,341 - tadGANs - INFO - Epoch 15/500 - Time: 3.20s - Loss: critic_x=-0.7463, critic_z=-0.6549, encoder=-1.1068, decoder=0.8334
2026-04-18 02:07:46,240 - tadGANs - INFO - Epoch 16/500 - Time: 2.90s - Loss: critic_x=-0.7550, critic_z=-1.1240, encoder=-1.4325, decoder=0.8346
2026-04-18 02:07:49,288 - tadGANs - INFO - Epoch 17/500 - Time: 3.05s - Loss: critic_x=-0.7653, critic_z=-1.6145, encoder=-1.7806, decoder=0.8307
2026-04-18 02:07:52,261 - tadGANs - INFO - Epoch 18/500 - Time: 2.97s - Loss: critic_x=-0.7705, critic_z=-2.0965, encoder=-2.1802, decoder=0.8218
2026-04-18 02:07:55,125 - tadGANs - INFO - Epoch 19/500 - Time: 2.86s - Loss: critic_x=-0.7731, critic_z=-2.5822, encoder=-2.6112, decoder=0.8220
2026-04-18 02:07:58,146 - tadGANs - INFO - Epoch 20/500 - Time: 3.02s - Loss: critic_x=-0.7731, critic_z=-3.0855, encoder=-3.0748, decoder=0.8119
2026-04-18 02:07:58,168 - tadGANs - INFO - Models saved at epoch 20
2026-04-18 02:08:01,058 - tadGANs - INFO - Epoch 21/500 - Time: 2.89s - Loss: critic_x=-0.7704, critic_z=-3.5712, encoder=-3.5511, decoder=0.8018
2026-04-18 02:08:04,020 - tadGANs - INFO - Epoch 22/500 - Time: 2.96s - Loss: critic_x=-0.7684, critic_z=-4.0636, encoder=-4.0639, decoder=0.7962
2026-04-18 02:08:06,947 - tadGANs - INFO - Epoch 23/500 - Time: 2.93s - Loss: critic_x=-0.7594, critic_z=-4.5636, encoder=-4.6354, decoder=0.7797
2026-04-18 02:08:09,941 - tadGANs - INFO - Epoch 24/500 - Time: 2.99s - Loss: critic_x=-0.7461, critic_z=-5.0811, encoder=-5.2027, decoder=0.7708
2026-04-18 02:08:12,888 - tadGANs - INFO - Epoch 25/500 - Time: 2.95s - Loss: critic_x=-0.7384, critic_z=-5.5880, encoder=-5.8246, decoder=0.7620
2026-04-18 02:08:16,215 - tadGANs - INFO - Epoch 26/500 - Time: 3.33s - Loss: critic_x=-0.7245, critic_z=-6.1134, encoder=-6.4477, decoder=0.7481
2026-04-18 02:08:19,515 - tadGANs - INFO - Epoch 27/500 - Time: 3.30s - Loss: critic_x=-0.7117, critic_z=-6.6399, encoder=-7.0891, decoder=0.7455
2026-04-18 02:08:22,671 - tadGANs - INFO - Epoch 28/500 - Time: 3.16s - Loss: critic_x=-0.6889, critic_z=-7.1574, encoder=-7.7730, decoder=0.7304
2026-04-18 02:08:26,052 - tadGANs - INFO - Epoch 29/500 - Time: 3.38s - Loss: critic_x=-0.6726, critic_z=-7.7150, encoder=-8.4454, decoder=0.7048
2026-04-18 02:08:29,254 - tadGANs - INFO - Epoch 30/500 - Time: 3.20s - Loss: critic_x=-0.6524, critic_z=-8.2383, encoder=-9.1194, decoder=0.6965
2026-04-18 02:08:29,266 - tadGANs - INFO - Models saved at epoch 30
2026-04-18 02:08:32,546 - tadGANs - INFO - Epoch 31/500 - Time: 3.28s - Loss: critic_x=-0.6328, critic_z=-8.7911, encoder=-9.8427, decoder=0.6818
2026-04-18 02:08:35,812 - tadGANs - INFO - Epoch 32/500 - Time: 3.27s - Loss: critic_x=-0.6100, critic_z=-9.3792, encoder=-10.6426, decoder=0.6678
2026-04-18 02:08:39,089 - tadGANs - INFO - Epoch 33/500 - Time: 3.28s - Loss: critic_x=-0.5845, critic_z=-9.9377, encoder=-11.3514, decoder=0.6562
2026-04-18 02:08:42,224 - tadGANs - INFO - Epoch 34/500 - Time: 3.14s - Loss: critic_x=-0.5608, critic_z=-10.5152, encoder=-12.1260, decoder=0.6500
2026-04-18 02:08:44,951 - tadGANs - INFO - Epoch 35/500 - Time: 2.73s - Loss: critic_x=-0.5441, critic_z=-11.0895, encoder=-12.8936, decoder=0.6523
2026-04-18 02:08:47,606 - tadGANs - INFO - Epoch 36/500 - Time: 2.66s - Loss: critic_x=-0.5249, critic_z=-11.7010, encoder=-13.6887, decoder=0.6634
2026-04-18 02:08:50,355 - tadGANs - INFO - Epoch 37/500 - Time: 2.75s - Loss: critic_x=-0.5118, critic_z=-12.3059, encoder=-14.5467, decoder=0.6721
2026-04-18 02:08:53,029 - tadGANs - INFO - Epoch 38/500 - Time: 2.67s - Loss: critic_x=-0.5045, critic_z=-12.8892, encoder=-15.3438, decoder=0.7088
2026-04-18 02:08:55,776 - tadGANs - INFO - Epoch 39/500 - Time: 2.75s - Loss: critic_x=-0.5054, critic_z=-13.4526, encoder=-16.1020, decoder=0.7491
2026-04-18 02:08:58,543 - tadGANs - INFO - Epoch 40/500 - Time: 2.77s - Loss: critic_x=-0.5137, critic_z=-14.0429, encoder=-16.9473, decoder=0.8000
2026-04-18 02:08:58,557 - tadGANs - INFO - Models saved at epoch 40
2026-04-18 02:09:01,295 - tadGANs - INFO - Epoch 41/500 - Time: 2.74s - Loss: critic_x=-0.5323, critic_z=-14.7125, encoder=-17.7956, decoder=0.8638
2026-04-18 02:09:04,016 - tadGANs - INFO - Epoch 42/500 - Time: 2.72s - Loss: critic_x=-0.5382, critic_z=-15.3148, encoder=-18.6630, decoder=0.9194
2026-04-18 02:09:06,834 - tadGANs - INFO - Epoch 43/500 - Time: 2.82s - Loss: critic_x=-0.5469, critic_z=-15.8513, encoder=-19.4802, decoder=0.9596
2026-04-18 02:09:09,963 - tadGANs - INFO - Epoch 44/500 - Time: 3.13s - Loss: critic_x=-0.5592, critic_z=-16.5431, encoder=-20.3313, decoder=0.9979
2026-04-18 02:09:13,003 - tadGANs - INFO - Epoch 45/500 - Time: 3.04s - Loss: critic_x=-0.5594, critic_z=-17.1715, encoder=-21.2741, decoder=1.0310
2026-04-18 02:09:16,136 - tadGANs - INFO - Epoch 46/500 - Time: 3.13s - Loss: critic_x=-0.5442, critic_z=-17.7677, encoder=-22.2101, decoder=1.0206
2026-04-18 02:09:19,098 - tadGANs - INFO - Epoch 47/500 - Time: 2.96s - Loss: critic_x=-0.5502, critic_z=-18.4196, encoder=-23.2151, decoder=1.0357
2026-04-18 02:09:22,094 - tadGANs - INFO - Epoch 48/500 - Time: 3.00s - Loss: critic_x=-0.5484, critic_z=-19.1342, encoder=-24.1330, decoder=1.0176
2026-04-18 02:09:24,943 - tadGANs - INFO - Epoch 49/500 - Time: 2.85s - Loss: critic_x=-0.5417, critic_z=-19.7875, encoder=-24.9692, decoder=1.0128
2026-04-18 02:09:27,914 - tadGANs - INFO - Epoch 50/500 - Time: 2.97s - Loss: critic_x=-0.5425, critic_z=-20.3872, encoder=-25.8725, decoder=1.0019
2026-04-18 02:09:27,926 - tadGANs - INFO - Models saved at epoch 50
2026-04-18 02:09:30,727 - tadGANs - INFO - Epoch 51/500 - Time: 2.80s - Loss: critic_x=-0.5482, critic_z=-21.0798, encoder=-26.9280, decoder=0.9748
2026-04-18 02:09:33,718 - tadGANs - INFO - Epoch 52/500 - Time: 2.99s - Loss: critic_x=-0.5605, critic_z=-21.7570, encoder=-27.9449, decoder=0.9600
2026-04-18 02:09:36,464 - tadGANs - INFO - Epoch 53/500 - Time: 2.75s - Loss: critic_x=-0.5642, critic_z=-22.4095, encoder=-28.9059, decoder=0.9377
2026-04-18 02:09:39,516 - tadGANs - INFO - Epoch 54/500 - Time: 3.05s - Loss: critic_x=-0.5699, critic_z=-23.1465, encoder=-29.8975, decoder=0.9226
2026-04-18 02:09:42,213 - tadGANs - INFO - Epoch 55/500 - Time: 2.70s - Loss: critic_x=-0.5727, critic_z=-23.7917, encoder=-30.8526, decoder=0.9094
2026-04-18 02:09:45,031 - tadGANs - INFO - Epoch 56/500 - Time: 2.82s - Loss: critic_x=-0.5735, critic_z=-24.5374, encoder=-31.9100, decoder=0.8821
2026-04-18 02:09:47,927 - tadGANs - INFO - Epoch 57/500 - Time: 2.90s - Loss: critic_x=-0.5808, critic_z=-25.1459, encoder=-32.8447, decoder=0.8578
2026-04-18 02:09:50,875 - tadGANs - INFO - Epoch 58/500 - Time: 2.95s - Loss: critic_x=-0.5798, critic_z=-25.8504, encoder=-33.9797, decoder=0.8534
2026-04-18 02:09:53,635 - tadGANs - INFO - Epoch 59/500 - Time: 2.76s - Loss: critic_x=-0.5805, critic_z=-26.5828, encoder=-35.1594, decoder=0.8318
2026-04-18 02:09:56,612 - tadGANs - INFO - Epoch 60/500 - Time: 2.98s - Loss: critic_x=-0.5829, critic_z=-27.3636, encoder=-36.3138, decoder=0.8228
2026-04-18 02:09:56,625 - tadGANs - INFO - Models saved at epoch 60
2026-04-18 02:09:59,316 - tadGANs - INFO - Epoch 61/500 - Time: 2.69s - Loss: critic_x=-0.5889, critic_z=-27.9760, encoder=-37.1427, decoder=0.8050
2026-04-18 02:10:02,386 - tadGANs - INFO - Epoch 62/500 - Time: 3.07s - Loss: critic_x=-0.5944, critic_z=-28.8136, encoder=-38.1975, decoder=0.7889
2026-04-18 02:10:05,287 - tadGANs - INFO - Epoch 63/500 - Time: 2.90s - Loss: critic_x=-0.5898, critic_z=-29.4944, encoder=-39.3644, decoder=0.7977
2026-04-18 02:10:08,170 - tadGANs - INFO - Epoch 64/500 - Time: 2.88s - Loss: critic_x=-0.5940, critic_z=-30.2004, encoder=-40.3972, decoder=0.7837
2026-04-18 02:10:11,114 - tadGANs - INFO - Epoch 65/500 - Time: 2.94s - Loss: critic_x=-0.5923, critic_z=-31.0107, encoder=-41.5470, decoder=0.7810
2026-04-18 02:10:13,878 - tadGANs - INFO - Epoch 66/500 - Time: 2.76s - Loss: critic_x=-0.5960, critic_z=-31.6833, encoder=-42.6900, decoder=0.7705
2026-04-18 02:10:16,671 - tadGANs - INFO - Epoch 67/500 - Time: 2.79s - Loss: critic_x=-0.5940, critic_z=-32.5700, encoder=-43.9889, decoder=0.7688
2026-04-18 02:10:19,416 - tadGANs - INFO - Epoch 68/500 - Time: 2.74s - Loss: critic_x=-0.6000, critic_z=-33.3121, encoder=-45.0785, decoder=0.7851
2026-04-18 02:10:22,306 - tadGANs - INFO - Epoch 69/500 - Time: 2.89s - Loss: critic_x=-0.5995, critic_z=-34.0351, encoder=-46.2272, decoder=0.7894
2026-04-18 02:10:25,104 - tadGANs - INFO - Epoch 70/500 - Time: 2.80s - Loss: critic_x=-0.6059, critic_z=-34.9370, encoder=-47.4369, decoder=0.8103
2026-04-18 02:10:25,117 - tadGANs - INFO - Models saved at epoch 70
2026-04-18 02:10:27,865 - tadGANs - INFO - Epoch 71/500 - Time: 2.75s - Loss: critic_x=-0.6195, critic_z=-35.6571, encoder=-48.7381, decoder=0.8191
2026-04-18 02:10:30,636 - tadGANs - INFO - Epoch 72/500 - Time: 2.77s - Loss: critic_x=-0.6224, critic_z=-36.4929, encoder=-49.8764, decoder=0.8398
2026-04-18 02:10:34,045 - tadGANs - INFO - Epoch 73/500 - Time: 3.41s - Loss: critic_x=-0.6272, critic_z=-37.2716, encoder=-51.3354, decoder=0.8470
2026-04-18 02:10:36,938 - tadGANs - INFO - Epoch 74/500 - Time: 2.89s - Loss: critic_x=-0.6313, critic_z=-38.0133, encoder=-52.2726, decoder=0.8544
2026-04-18 02:10:40,353 - tadGANs - INFO - Epoch 75/500 - Time: 3.41s - Loss: critic_x=-0.6303, critic_z=-38.8483, encoder=-53.6082, decoder=0.8658
2026-04-18 02:10:44,288 - tadGANs - INFO - Epoch 76/500 - Time: 3.94s - Loss: critic_x=-0.6338, critic_z=-39.7146, encoder=-54.9973, decoder=0.8671
2026-04-18 02:10:47,834 - tadGANs - INFO - Epoch 77/500 - Time: 3.55s - Loss: critic_x=-0.6311, critic_z=-40.6258, encoder=-56.2055, decoder=0.8577
2026-04-18 02:10:50,723 - tadGANs - INFO - Epoch 78/500 - Time: 2.89s - Loss: critic_x=-0.6300, critic_z=-41.4202, encoder=-57.7303, decoder=0.8592
2026-04-18 02:10:53,424 - tadGANs - INFO - Epoch 79/500 - Time: 2.70s - Loss: critic_x=-0.6287, critic_z=-42.1487, encoder=-58.8383, decoder=0.8513
2026-04-18 02:10:56,069 - tadGANs - INFO - Epoch 80/500 - Time: 2.64s - Loss: critic_x=-0.6230, critic_z=-43.0070, encoder=-60.3505, decoder=0.8385
2026-04-18 02:10:56,081 - tadGANs - INFO - Models saved at epoch 80
2026-04-18 02:10:58,908 - tadGANs - INFO - Epoch 81/500 - Time: 2.83s - Loss: critic_x=-0.6221, critic_z=-43.8385, encoder=-61.4877, decoder=0.8379
2026-04-18 02:11:01,604 - tadGANs - INFO - Epoch 82/500 - Time: 2.70s - Loss: critic_x=-0.6230, critic_z=-44.7690, encoder=-62.8790, decoder=0.8290
2026-04-18 02:11:04,592 - tadGANs - INFO - Epoch 83/500 - Time: 2.99s - Loss: critic_x=-0.6196, critic_z=-45.5848, encoder=-64.0651, decoder=0.8203
2026-04-18 02:11:07,409 - tadGANs - INFO - Epoch 84/500 - Time: 2.82s - Loss: critic_x=-0.6200, critic_z=-46.4814, encoder=-65.5346, decoder=0.8038
2026-04-18 02:11:10,303 - tadGANs - INFO - Epoch 85/500 - Time: 2.89s - Loss: critic_x=-0.6191, critic_z=-47.3163, encoder=-66.9093, decoder=0.8007
2026-04-18 02:11:13,092 - tadGANs - INFO - Epoch 86/500 - Time: 2.79s - Loss: critic_x=-0.6178, critic_z=-48.2016, encoder=-68.0989, decoder=0.7899
2026-04-18 02:11:16,381 - tadGANs - INFO - Epoch 87/500 - Time: 3.29s - Loss: critic_x=-0.6145, critic_z=-49.0638, encoder=-69.7043, decoder=0.7807
2026-04-18 02:11:19,876 - tadGANs - INFO - Epoch 88/500 - Time: 3.50s - Loss: critic_x=-0.6046, critic_z=-50.0654, encoder=-70.9154, decoder=0.7790
2026-04-18 02:11:23,029 - tadGANs - INFO - Epoch 89/500 - Time: 3.15s - Loss: critic_x=-0.6127, critic_z=-50.8460, encoder=-72.5172, decoder=0.7605
2026-04-18 02:11:26,278 - tadGANs - INFO - Epoch 90/500 - Time: 3.25s - Loss: critic_x=-0.6107, critic_z=-51.5694, encoder=-73.7470, decoder=0.7555
2026-04-18 02:11:26,303 - tadGANs - INFO - Models saved at epoch 90
2026-04-18 02:11:29,728 - tadGANs - INFO - Epoch 91/500 - Time: 3.43s - Loss: critic_x=-0.6033, critic_z=-52.6415, encoder=-75.1677, decoder=0.7448
2026-04-18 02:11:33,159 - tadGANs - INFO - Epoch 92/500 - Time: 3.43s - Loss: critic_x=-0.6031, critic_z=-53.5294, encoder=-76.9356, decoder=0.7479
2026-04-18 02:11:36,531 - tadGANs - INFO - Epoch 93/500 - Time: 3.37s - Loss: critic_x=-0.6031, critic_z=-54.3309, encoder=-78.2836, decoder=0.7307
2026-04-18 02:11:39,958 - tadGANs - INFO - Epoch 94/500 - Time: 3.43s - Loss: critic_x=-0.6094, critic_z=-55.2142, encoder=-79.5467, decoder=0.7299
2026-04-18 02:11:43,059 - tadGANs - INFO - Epoch 95/500 - Time: 3.10s - Loss: critic_x=-0.6127, critic_z=-56.2553, encoder=-80.9221, decoder=0.7163
2026-04-18 02:11:45,821 - tadGANs - INFO - Epoch 96/500 - Time: 2.76s - Loss: critic_x=-0.6079, critic_z=-57.1599, encoder=-82.5989, decoder=0.7082
2026-04-18 02:11:48,587 - tadGANs - INFO - Epoch 97/500 - Time: 2.77s - Loss: critic_x=-0.6036, critic_z=-58.0741, encoder=-84.0199, decoder=0.6926
2026-04-18 02:11:51,289 - tadGANs - INFO - Epoch 98/500 - Time: 2.70s - Loss: critic_x=-0.5991, critic_z=-58.9943, encoder=-85.3690, decoder=0.6723
2026-04-18 02:11:54,057 - tadGANs - INFO - Epoch 99/500 - Time: 2.77s - Loss: critic_x=-0.5998, critic_z=-59.8492, encoder=-87.0446, decoder=0.6583
2026-04-18 02:11:56,833 - tadGANs - INFO - Epoch 100/500 - Time: 2.78s - Loss: critic_x=-0.5909, critic_z=-60.8040, encoder=-88.5131, decoder=0.6412
2026-04-18 02:11:56,845 - tadGANs - INFO - Models saved at epoch 100
2026-04-18 02:11:59,606 - tadGANs - INFO - Epoch 101/500 - Time: 2.76s - Loss: critic_x=-0.5848, critic_z=-61.8204, encoder=-89.9874, decoder=0.6383
2026-04-18 02:12:02,388 - tadGANs - INFO - Epoch 102/500 - Time: 2.78s - Loss: critic_x=-0.5780, critic_z=-62.8032, encoder=-91.6543, decoder=0.6298
2026-04-18 02:12:05,146 - tadGANs - INFO - Epoch 103/500 - Time: 2.76s - Loss: critic_x=-0.5748, critic_z=-63.7813, encoder=-93.1971, decoder=0.6341
2026-04-18 02:12:08,002 - tadGANs - INFO - Epoch 104/500 - Time: 2.86s - Loss: critic_x=-0.5733, critic_z=-64.7038, encoder=-95.1797, decoder=0.6297
2026-04-18 02:12:10,910 - tadGANs - INFO - Epoch 105/500 - Time: 2.91s - Loss: critic_x=-0.5719, critic_z=-65.7714, encoder=-96.5303, decoder=0.6348
2026-04-18 02:12:13,862 - tadGANs - INFO - Epoch 106/500 - Time: 2.95s - Loss: critic_x=-0.5665, critic_z=-66.6900, encoder=-98.1109, decoder=0.6228
2026-04-18 02:12:16,888 - tadGANs - INFO - Epoch 107/500 - Time: 3.03s - Loss: critic_x=-0.5566, critic_z=-67.7947, encoder=-99.6864, decoder=0.5904
2026-04-18 02:12:19,912 - tadGANs - INFO - Epoch 108/500 - Time: 3.02s - Loss: critic_x=-0.5588, critic_z=-68.6539, encoder=-101.3997, decoder=0.5728
2026-04-18 02:12:23,044 - tadGANs - INFO - Epoch 109/500 - Time: 3.13s - Loss: critic_x=-0.5593, critic_z=-69.7852, encoder=-102.9861, decoder=0.5538
2026-04-18 02:12:26,171 - tadGANs - INFO - Epoch 110/500 - Time: 3.13s - Loss: critic_x=-0.5534, critic_z=-70.5729, encoder=-104.7684, decoder=0.5670
2026-04-18 02:12:26,184 - tadGANs - INFO - Models saved at epoch 110
2026-04-18 02:12:29,294 - tadGANs - INFO - Epoch 111/500 - Time: 3.11s - Loss: critic_x=-0.5423, critic_z=-71.6474, encoder=-106.0394, decoder=0.5507
2026-04-18 02:12:32,443 - tadGANs - INFO - Epoch 112/500 - Time: 3.15s - Loss: critic_x=-0.5480, critic_z=-72.5644, encoder=-108.1277, decoder=0.5614
2026-04-18 02:12:35,710 - tadGANs - INFO - Epoch 113/500 - Time: 3.27s - Loss: critic_x=-0.5399, critic_z=-73.9483, encoder=-109.5197, decoder=0.5608
2026-04-18 02:12:38,627 - tadGANs - INFO - Epoch 114/500 - Time: 2.92s - Loss: critic_x=-0.5361, critic_z=-74.8047, encoder=-111.6531, decoder=0.5571
2026-04-18 02:12:41,798 - tadGANs - INFO - Epoch 115/500 - Time: 3.17s - Loss: critic_x=-0.5384, critic_z=-75.6948, encoder=-113.0088, decoder=0.5369
2026-04-18 02:12:44,412 - tadGANs - INFO - Epoch 116/500 - Time: 2.61s - Loss: critic_x=-0.5346, critic_z=-76.8318, encoder=-115.0088, decoder=0.5247
2026-04-18 02:12:46,989 - tadGANs - INFO - Epoch 117/500 - Time: 2.58s - Loss: critic_x=-0.5206, critic_z=-77.7678, encoder=-116.2077, decoder=0.5070
2026-04-18 02:12:49,716 - tadGANs - INFO - Epoch 118/500 - Time: 2.73s - Loss: critic_x=-0.5123, critic_z=-78.8730, encoder=-118.1395, decoder=0.4962
2026-04-18 02:12:52,396 - tadGANs - INFO - Epoch 119/500 - Time: 2.68s - Loss: critic_x=-0.5115, critic_z=-80.0009, encoder=-120.1182, decoder=0.4884
2026-04-18 02:12:55,122 - tadGANs - INFO - Epoch 120/500 - Time: 2.73s - Loss: critic_x=-0.5068, critic_z=-81.1105, encoder=-121.9829, decoder=0.4879
2026-04-18 02:12:55,134 - tadGANs - INFO - Models saved at epoch 120
2026-04-18 02:12:57,855 - tadGANs - INFO - Epoch 121/500 - Time: 2.72s - Loss: critic_x=-0.5013, critic_z=-82.2553, encoder=-123.3106, decoder=0.4742
2026-04-18 02:13:00,579 - tadGANs - INFO - Epoch 122/500 - Time: 2.72s - Loss: critic_x=-0.4925, critic_z=-83.3171, encoder=-125.6662, decoder=0.4718
2026-04-18 02:13:03,284 - tadGANs - INFO - Epoch 123/500 - Time: 2.70s - Loss: critic_x=-0.4760, critic_z=-84.2525, encoder=-127.3811, decoder=0.4666
2026-04-18 02:13:05,960 - tadGANs - INFO - Epoch 124/500 - Time: 2.68s - Loss: critic_x=-0.4763, critic_z=-85.5084, encoder=-129.4998, decoder=0.4570
2026-04-18 02:13:08,584 - tadGANs - INFO - Epoch 125/500 - Time: 2.62s - Loss: critic_x=-0.4828, critic_z=-86.5005, encoder=-130.9339, decoder=0.4661
2026-04-18 02:13:11,485 - tadGANs - INFO - Epoch 126/500 - Time: 2.90s - Loss: critic_x=-0.4714, critic_z=-87.5522, encoder=-132.5138, decoder=0.4553
2026-04-18 02:13:14,191 - tadGANs - INFO - Epoch 127/500 - Time: 2.70s - Loss: critic_x=-0.4749, critic_z=-88.6120, encoder=-134.7808, decoder=0.4572
2026-04-18 02:13:17,045 - tadGANs - INFO - Epoch 128/500 - Time: 2.85s - Loss: critic_x=-0.4742, critic_z=-89.6564, encoder=-136.2107, decoder=0.4717
2026-04-18 02:13:19,732 - tadGANs - INFO - Epoch 129/500 - Time: 2.69s - Loss: critic_x=-0.4702, critic_z=-90.8668, encoder=-138.1266, decoder=0.4638
2026-04-18 02:13:22,679 - tadGANs - INFO - Epoch 130/500 - Time: 2.95s - Loss: critic_x=-0.4679, critic_z=-92.1236, encoder=-140.2709, decoder=0.4702
2026-04-18 02:13:22,692 - tadGANs - INFO - Models saved at epoch 130
2026-04-18 02:13:25,500 - tadGANs - INFO - Epoch 131/500 - Time: 2.81s - Loss: critic_x=-0.4615, critic_z=-93.2053, encoder=-142.2025, decoder=0.4603
2026-04-18 02:13:28,338 - tadGANs - INFO - Epoch 132/500 - Time: 2.84s - Loss: critic_x=-0.4523, critic_z=-94.2803, encoder=-144.0270, decoder=0.4685
2026-04-18 02:13:31,239 - tadGANs - INFO - Epoch 133/500 - Time: 2.90s - Loss: critic_x=-0.4417, critic_z=-95.4449, encoder=-146.0539, decoder=0.4588
2026-04-18 02:13:34,095 - tadGANs - INFO - Epoch 134/500 - Time: 2.86s - Loss: critic_x=-0.4342, critic_z=-96.7974, encoder=-148.2847, decoder=0.4471
2026-04-18 02:13:36,883 - tadGANs - INFO - Epoch 135/500 - Time: 2.79s - Loss: critic_x=-0.4302, critic_z=-97.8175, encoder=-150.1169, decoder=0.4375
2026-04-18 02:13:39,950 - tadGANs - INFO - Epoch 136/500 - Time: 3.07s - Loss: critic_x=-0.4228, critic_z=-98.9422, encoder=-152.0340, decoder=0.4326
2026-04-18 02:13:42,768 - tadGANs - INFO - Epoch 137/500 - Time: 2.82s - Loss: critic_x=-0.4129, critic_z=-100.2691, encoder=-154.4778, decoder=0.4269
2026-04-18 02:13:45,798 - tadGANs - INFO - Epoch 138/500 - Time: 3.03s - Loss: critic_x=-0.4158, critic_z=-101.3291, encoder=-156.2541, decoder=0.4283
2026-04-18 02:13:48,588 - tadGANs - INFO - Epoch 139/500 - Time: 2.79s - Loss: critic_x=-0.3998, critic_z=-102.6621, encoder=-158.2049, decoder=0.4143
2026-04-18 02:13:51,332 - tadGANs - INFO - Epoch 140/500 - Time: 2.74s - Loss: critic_x=-0.3952, critic_z=-103.4712, encoder=-159.8353, decoder=0.4074
2026-04-18 02:13:51,345 - tadGANs - INFO - Models saved at epoch 140
2026-04-18 02:13:54,120 - tadGANs - INFO - Epoch 141/500 - Time: 2.78s - Loss: critic_x=-0.3779, critic_z=-105.0172, encoder=-162.3288, decoder=0.4019
2026-04-18 02:13:56,934 - tadGANs - INFO - Epoch 142/500 - Time: 2.81s - Loss: critic_x=-0.3767, critic_z=-106.1696, encoder=-164.1163, decoder=0.3977
2026-04-18 02:13:59,800 - tadGANs - INFO - Epoch 143/500 - Time: 2.87s - Loss: critic_x=-0.3733, critic_z=-107.2274, encoder=-165.6755, decoder=0.3991
2026-04-18 02:14:02,685 - tadGANs - INFO - Epoch 144/500 - Time: 2.88s - Loss: critic_x=-0.3711, critic_z=-108.4264, encoder=-168.4479, decoder=0.3934
2026-04-18 02:14:05,571 - tadGANs - INFO - Epoch 145/500 - Time: 2.89s - Loss: critic_x=-0.3653, critic_z=-109.6553, encoder=-169.7594, decoder=0.3979
2026-04-18 02:14:08,292 - tadGANs - INFO - Epoch 146/500 - Time: 2.72s - Loss: critic_x=-0.3569, critic_z=-111.0028, encoder=-172.1768, decoder=0.4234
2026-04-18 02:14:11,186 - tadGANs - INFO - Epoch 147/500 - Time: 2.89s - Loss: critic_x=-0.3438, critic_z=-112.1788, encoder=-174.3250, decoder=0.4205
2026-04-18 02:14:13,977 - tadGANs - INFO - Epoch 148/500 - Time: 2.79s - Loss: critic_x=-0.3366, critic_z=-113.2728, encoder=-176.8410, decoder=0.4136
2026-04-18 02:14:16,832 - tadGANs - INFO - Epoch 149/500 - Time: 2.86s - Loss: critic_x=-0.3359, critic_z=-114.8362, encoder=-178.9366, decoder=0.4178
2026-04-18 02:14:19,556 - tadGANs - INFO - Epoch 150/500 - Time: 2.72s - Loss: critic_x=-0.3328, critic_z=-116.0433, encoder=-181.3087, decoder=0.4267
2026-04-18 02:14:19,568 - tadGANs - INFO - Models saved at epoch 150
2026-04-18 02:14:22,368 - tadGANs - INFO - Epoch 151/500 - Time: 2.80s - Loss: critic_x=-0.3383, critic_z=-117.0748, encoder=-182.9564, decoder=0.4355
2026-04-18 02:14:25,052 - tadGANs - INFO - Epoch 152/500 - Time: 2.68s - Loss: critic_x=-0.3484, critic_z=-118.2111, encoder=-184.8347, decoder=0.4773
2026-04-18 02:14:27,964 - tadGANs - INFO - Epoch 153/500 - Time: 2.91s - Loss: critic_x=-0.3548, critic_z=-119.7516, encoder=-187.5617, decoder=0.4862
2026-04-18 02:14:30,746 - tadGANs - INFO - Epoch 154/500 - Time: 2.78s - Loss: critic_x=-0.3512, critic_z=-120.9638, encoder=-189.5173, decoder=0.4494
2026-04-18 02:14:33,529 - tadGANs - INFO - Epoch 155/500 - Time: 2.78s - Loss: critic_x=-0.3474, critic_z=-122.2598, encoder=-191.6075, decoder=0.4452
2026-04-18 02:14:36,314 - tadGANs - INFO - Epoch 156/500 - Time: 2.79s - Loss: critic_x=-0.3368, critic_z=-123.3124, encoder=-194.1223, decoder=0.4358
2026-04-18 02:14:39,147 - tadGANs - INFO - Epoch 157/500 - Time: 2.83s - Loss: critic_x=-0.3257, critic_z=-124.9071, encoder=-195.9621, decoder=0.4150
2026-04-18 02:14:41,921 - tadGANs - INFO - Epoch 158/500 - Time: 2.77s - Loss: critic_x=-0.3190, critic_z=-126.0497, encoder=-198.5812, decoder=0.3963
2026-04-18 02:14:44,717 - tadGANs - INFO - Epoch 159/500 - Time: 2.80s - Loss: critic_x=-0.3107, critic_z=-127.3174, encoder=-200.3866, decoder=0.3880
2026-04-18 02:14:47,450 - tadGANs - INFO - Epoch 160/500 - Time: 2.73s - Loss: critic_x=-0.2970, critic_z=-128.5081, encoder=-203.1166, decoder=0.3773
2026-04-18 02:14:47,462 - tadGANs - INFO - Models saved at epoch 160
2026-04-18 02:14:50,281 - tadGANs - INFO - Epoch 161/500 - Time: 2.82s - Loss: critic_x=-0.2911, critic_z=-130.0924, encoder=-205.0941, decoder=0.3608
2026-04-18 02:14:53,016 - tadGANs - INFO - Epoch 162/500 - Time: 2.74s - Loss: critic_x=-0.2853, critic_z=-131.3846, encoder=-207.5600, decoder=0.3764
2026-04-18 02:14:56,029 - tadGANs - INFO - Epoch 163/500 - Time: 3.01s - Loss: critic_x=-0.2714, critic_z=-132.4148, encoder=-210.3017, decoder=0.3765
2026-04-18 02:14:58,733 - tadGANs - INFO - Epoch 164/500 - Time: 2.70s - Loss: critic_x=-0.2632, critic_z=-133.8566, encoder=-211.7338, decoder=0.3665
2026-04-18 02:15:01,589 - tadGANs - INFO - Epoch 165/500 - Time: 2.86s - Loss: critic_x=-0.2572, critic_z=-135.1508, encoder=-214.2067, decoder=0.3650
2026-04-18 02:15:05,176 - tadGANs - INFO - Epoch 166/500 - Time: 3.59s - Loss: critic_x=-0.2476, critic_z=-136.4539, encoder=-216.7816, decoder=0.3515
2026-04-18 02:15:07,899 - tadGANs - INFO - Epoch 167/500 - Time: 2.72s - Loss: critic_x=-0.2343, critic_z=-138.0839, encoder=-218.9929, decoder=0.3484
2026-04-18 02:15:10,818 - tadGANs - INFO - Epoch 168/500 - Time: 2.92s - Loss: critic_x=-0.2292, critic_z=-139.3820, encoder=-221.9240, decoder=0.3465
2026-04-18 02:15:13,928 - tadGANs - INFO - Epoch 169/500 - Time: 3.11s - Loss: critic_x=-0.2205, critic_z=-140.8626, encoder=-224.0976, decoder=0.3474
2026-04-18 02:15:17,494 - tadGANs - INFO - Epoch 170/500 - Time: 3.57s - Loss: critic_x=-0.2138, critic_z=-142.0136, encoder=-226.1692, decoder=0.3355
2026-04-18 02:15:17,509 - tadGANs - INFO - Models saved at epoch 170
2026-04-18 02:15:20,951 - tadGANs - INFO - Epoch 171/500 - Time: 3.44s - Loss: critic_x=-0.2070, critic_z=-143.5351, encoder=-228.4675, decoder=0.3120
2026-04-18 02:15:24,244 - tadGANs - INFO - Epoch 172/500 - Time: 3.29s - Loss: critic_x=-0.1975, critic_z=-144.9184, encoder=-230.7235, decoder=0.3101
2026-04-18 02:15:27,480 - tadGANs - INFO - Epoch 173/500 - Time: 3.24s - Loss: critic_x=-0.1915, critic_z=-146.2409, encoder=-233.6240, decoder=0.3172
2026-04-18 02:15:30,819 - tadGANs - INFO - Epoch 174/500 - Time: 3.34s - Loss: critic_x=-0.1957, critic_z=-147.6651, encoder=-235.6731, decoder=0.3195
2026-04-18 02:15:34,192 - tadGANs - INFO - Epoch 175/500 - Time: 3.37s - Loss: critic_x=-0.1903, critic_z=-148.9319, encoder=-238.5664, decoder=0.2831
2026-04-18 02:15:37,310 - tadGANs - INFO - Epoch 176/500 - Time: 3.12s - Loss: critic_x=-0.1905, critic_z=-150.4900, encoder=-241.0265, decoder=0.2958
2026-04-18 02:15:40,643 - tadGANs - INFO - Epoch 177/500 - Time: 3.33s - Loss: critic_x=-0.1870, critic_z=-152.0340, encoder=-243.5734, decoder=0.2727
2026-04-18 02:15:43,530 - tadGANs - INFO - Epoch 178/500 - Time: 2.89s - Loss: critic_x=-0.1828, critic_z=-153.4452, encoder=-245.6059, decoder=0.2512
2026-04-18 02:15:46,355 - tadGANs - INFO - Epoch 179/500 - Time: 2.82s - Loss: critic_x=-0.1814, critic_z=-154.5320, encoder=-248.2544, decoder=0.2384
2026-04-18 02:15:49,176 - tadGANs - INFO - Epoch 180/500 - Time: 2.82s - Loss: critic_x=-0.1744, critic_z=-156.0177, encoder=-250.8950, decoder=0.2203
2026-04-18 02:15:49,199 - tadGANs - INFO - Models saved at epoch 180
2026-04-18 02:15:51,958 - tadGANs - INFO - Epoch 181/500 - Time: 2.76s - Loss: critic_x=-0.1695, critic_z=-157.4475, encoder=-253.1078, decoder=0.1951
2026-04-18 02:15:54,692 - tadGANs - INFO - Epoch 182/500 - Time: 2.73s - Loss: critic_x=-0.1590, critic_z=-158.9290, encoder=-255.1435, decoder=0.1658
2026-04-18 02:15:57,446 - tadGANs - INFO - Epoch 183/500 - Time: 2.75s - Loss: critic_x=-0.1521, critic_z=-160.5350, encoder=-258.9148, decoder=0.1530
2026-04-18 02:16:00,205 - tadGANs - INFO - Epoch 184/500 - Time: 2.76s - Loss: critic_x=-0.1470, critic_z=-161.9599, encoder=-260.8125, decoder=0.1467
2026-04-18 02:16:03,029 - tadGANs - INFO - Epoch 185/500 - Time: 2.82s - Loss: critic_x=-0.1388, critic_z=-163.5096, encoder=-263.7807, decoder=0.1675
2026-04-18 02:16:05,820 - tadGANs - INFO - Epoch 186/500 - Time: 2.79s - Loss: critic_x=-0.1289, critic_z=-164.6704, encoder=-266.7026, decoder=0.1491
2026-04-18 02:16:08,631 - tadGANs - INFO - Epoch 187/500 - Time: 2.81s - Loss: critic_x=-0.1167, critic_z=-166.3010, encoder=-268.4532, decoder=0.1532
2026-04-18 02:16:11,391 - tadGANs - INFO - Epoch 188/500 - Time: 2.76s - Loss: critic_x=-0.1152, critic_z=-167.7148, encoder=-271.2641, decoder=0.1618
2026-04-18 02:16:14,302 - tadGANs - INFO - Epoch 189/500 - Time: 2.91s - Loss: critic_x=-0.1161, critic_z=-169.3330, encoder=-273.9317, decoder=0.1673
2026-04-18 02:16:17,290 - tadGANs - INFO - Epoch 190/500 - Time: 2.99s - Loss: critic_x=-0.1105, critic_z=-170.5735, encoder=-276.0786, decoder=0.2060
2026-04-18 02:16:17,312 - tadGANs - INFO - Models saved at epoch 190
2026-04-18 02:16:20,302 - tadGANs - INFO - Epoch 191/500 - Time: 2.99s - Loss: critic_x=-0.1097, critic_z=-172.1950, encoder=-279.0684, decoder=0.2116
2026-04-18 02:16:23,306 - tadGANs - INFO - Epoch 192/500 - Time: 3.00s - Loss: critic_x=-0.1094, critic_z=-173.6417, encoder=-282.1277, decoder=0.2253
2026-04-18 02:16:26,296 - tadGANs - INFO - Epoch 193/500 - Time: 2.99s - Loss: critic_x=-0.1154, critic_z=-175.5372, encoder=-284.6648, decoder=0.2175
2026-04-18 02:16:29,273 - tadGANs - INFO - Epoch 194/500 - Time: 2.98s - Loss: critic_x=-0.1202, critic_z=-177.0404, encoder=-287.7298, decoder=0.2565
2026-04-18 02:16:32,281 - tadGANs - INFO - Epoch 195/500 - Time: 3.01s - Loss: critic_x=-0.1260, critic_z=-178.5506, encoder=-290.1142, decoder=0.2581
2026-04-18 02:16:35,284 - tadGANs - INFO - Epoch 196/500 - Time: 3.00s - Loss: critic_x=-0.1345, critic_z=-180.0236, encoder=-292.9225, decoder=0.2576
2026-04-18 02:16:38,300 - tadGANs - INFO - Epoch 197/500 - Time: 3.02s - Loss: critic_x=-0.1384, critic_z=-181.4370, encoder=-295.8503, decoder=0.2576
2026-04-18 02:16:41,436 - tadGANs - INFO - Epoch 198/500 - Time: 3.13s - Loss: critic_x=-0.1434, critic_z=-182.8288, encoder=-297.3345, decoder=0.2522
2026-04-18 02:16:44,093 - tadGANs - INFO - Epoch 199/500 - Time: 2.66s - Loss: critic_x=-0.1451, critic_z=-184.7572, encoder=-300.6887, decoder=0.2426
2026-04-18 02:16:46,688 - tadGANs - INFO - Epoch 200/500 - Time: 2.59s - Loss: critic_x=-0.1518, critic_z=-186.1156, encoder=-304.1581, decoder=0.2350
2026-04-18 02:16:46,701 - tadGANs - INFO - Models saved at epoch 200
2026-04-18 02:16:49,312 - tadGANs - INFO - Epoch 201/500 - Time: 2.61s - Loss: critic_x=-0.1563, critic_z=-187.8199, encoder=-306.0252, decoder=0.2002
2026-04-18 02:16:51,894 - tadGANs - INFO - Epoch 202/500 - Time: 2.58s - Loss: critic_x=-0.1559, critic_z=-189.1563, encoder=-308.8887, decoder=0.2046
2026-04-18 02:16:54,552 - tadGANs - INFO - Epoch 203/500 - Time: 2.66s - Loss: critic_x=-0.1576, critic_z=-190.5865, encoder=-312.1409, decoder=0.1914
2026-04-18 02:16:57,190 - tadGANs - INFO - Epoch 204/500 - Time: 2.64s - Loss: critic_x=-0.1640, critic_z=-192.5849, encoder=-314.4708, decoder=0.1619
2026-04-18 02:16:59,920 - tadGANs - INFO - Epoch 205/500 - Time: 2.73s - Loss: critic_x=-0.1628, critic_z=-193.5318, encoder=-317.6385, decoder=0.1907
2026-04-18 02:17:02,554 - tadGANs - INFO - Epoch 206/500 - Time: 2.63s - Loss: critic_x=-0.1583, critic_z=-195.4974, encoder=-320.2089, decoder=0.1697
2026-04-18 02:17:05,283 - tadGANs - INFO - Epoch 207/500 - Time: 2.73s - Loss: critic_x=-0.1632, critic_z=-197.1840, encoder=-322.8899, decoder=0.1614
2026-04-18 02:17:07,991 - tadGANs - INFO - Epoch 208/500 - Time: 2.71s - Loss: critic_x=-0.1677, critic_z=-199.0041, encoder=-326.2322, decoder=0.1468
2026-04-18 02:17:10,745 - tadGANs - INFO - Epoch 209/500 - Time: 2.75s - Loss: critic_x=-0.1651, critic_z=-200.4420, encoder=-329.2428, decoder=0.1588
2026-04-18 02:17:13,459 - tadGANs - INFO - Epoch 210/500 - Time: 2.71s - Loss: critic_x=-0.1748, critic_z=-202.2316, encoder=-331.8559, decoder=0.1487
2026-04-18 02:17:13,471 - tadGANs - INFO - Models saved at epoch 210
2026-04-18 02:17:16,292 - tadGANs - INFO - Epoch 211/500 - Time: 2.82s - Loss: critic_x=-0.1735, critic_z=-203.6810, encoder=-335.1108, decoder=0.1237
2026-04-18 02:17:19,260 - tadGANs - INFO - Epoch 212/500 - Time: 2.97s - Loss: critic_x=-0.1721, critic_z=-204.8667, encoder=-338.3009, decoder=0.1027
2026-04-18 02:17:22,228 - tadGANs - INFO - Epoch 213/500 - Time: 2.97s - Loss: critic_x=-0.1729, critic_z=-207.0039, encoder=-340.5491, decoder=0.0753
2026-04-18 02:17:25,062 - tadGANs - INFO - Epoch 214/500 - Time: 2.83s - Loss: critic_x=-0.1679, critic_z=-208.2348, encoder=-343.0383, decoder=0.0468
2026-04-18 02:17:27,866 - tadGANs - INFO - Epoch 215/500 - Time: 2.80s - Loss: critic_x=-0.1714, critic_z=-210.3328, encoder=-346.7616, decoder=0.0022
2026-04-18 02:17:30,543 - tadGANs - INFO - Epoch 216/500 - Time: 2.68s - Loss: critic_x=-0.1640, critic_z=-211.6332, encoder=-350.1353, decoder=-0.0512
2026-04-18 02:17:33,377 - tadGANs - INFO - Epoch 217/500 - Time: 2.83s - Loss: critic_x=-0.1662, critic_z=-213.5052, encoder=-352.4511, decoder=-0.0520
2026-04-18 02:17:36,086 - tadGANs - INFO - Epoch 218/500 - Time: 2.71s - Loss: critic_x=-0.1639, critic_z=-215.3192, encoder=-355.6096, decoder=-0.0704
2026-04-18 02:17:39,065 - tadGANs - INFO - Epoch 219/500 - Time: 2.98s - Loss: critic_x=-0.1651, critic_z=-217.0308, encoder=-358.1417, decoder=-0.0803
2026-04-18 02:17:41,852 - tadGANs - INFO - Epoch 220/500 - Time: 2.79s - Loss: critic_x=-0.1636, critic_z=-218.3583, encoder=-361.0719, decoder=-0.1121
2026-04-18 02:17:41,864 - tadGANs - INFO - Models saved at epoch 220
2026-04-18 02:17:44,692 - tadGANs - INFO - Epoch 221/500 - Time: 2.83s - Loss: critic_x=-0.1672, critic_z=-220.1592, encoder=-364.7639, decoder=-0.1442
2026-04-18 02:17:47,579 - tadGANs - INFO - Epoch 222/500 - Time: 2.89s - Loss: critic_x=-0.1657, critic_z=-221.9299, encoder=-366.8352, decoder=-0.1626
2026-04-18 02:17:50,544 - tadGANs - INFO - Epoch 223/500 - Time: 2.96s - Loss: critic_x=-0.1669, critic_z=-224.0006, encoder=-370.3626, decoder=-0.1905
2026-04-18 02:17:53,446 - tadGANs - INFO - Epoch 224/500 - Time: 2.90s - Loss: critic_x=-0.1609, critic_z=-225.1591, encoder=-373.2330, decoder=-0.2336
2026-04-18 02:17:56,223 - tadGANs - INFO - Epoch 225/500 - Time: 2.78s - Loss: critic_x=-0.1576, critic_z=-226.9627, encoder=-376.8390, decoder=-0.2456
2026-04-18 02:17:59,088 - tadGANs - INFO - Epoch 226/500 - Time: 2.86s - Loss: critic_x=-0.1583, critic_z=-228.6429, encoder=-379.6444, decoder=-0.2409
2026-04-18 02:18:01,766 - tadGANs - INFO - Epoch 227/500 - Time: 2.68s - Loss: critic_x=-0.1571, critic_z=-230.4501, encoder=-383.2537, decoder=-0.2670
2026-04-18 02:18:04,737 - tadGANs - INFO - Epoch 228/500 - Time: 2.97s - Loss: critic_x=-0.1513, critic_z=-232.4626, encoder=-386.7387, decoder=-0.3070
2026-04-18 02:18:07,655 - tadGANs - INFO - Epoch 229/500 - Time: 2.92s - Loss: critic_x=-0.1545, critic_z=-233.9826, encoder=-388.4061, decoder=-0.3216
2026-04-18 02:18:10,489 - tadGANs - INFO - Epoch 230/500 - Time: 2.83s - Loss: critic_x=-0.1514, critic_z=-235.3539, encoder=-392.2527, decoder=-0.3110
2026-04-18 02:18:10,501 - tadGANs - INFO - Models saved at epoch 230
2026-04-18 02:18:13,159 - tadGANs - INFO - Epoch 231/500 - Time: 2.66s - Loss: critic_x=-0.1512, critic_z=-237.2430, encoder=-395.4091, decoder=-0.3332
2026-04-18 02:18:15,818 - tadGANs - INFO - Epoch 232/500 - Time: 2.66s - Loss: critic_x=-0.1478, critic_z=-239.3862, encoder=-398.7936, decoder=-0.3288
2026-04-18 02:18:18,531 - tadGANs - INFO - Epoch 233/500 - Time: 2.71s - Loss: critic_x=-0.1489, critic_z=-241.1297, encoder=-401.6776, decoder=-0.3573
2026-04-18 02:18:21,298 - tadGANs - INFO - Epoch 234/500 - Time: 2.77s - Loss: critic_x=-0.1486, critic_z=-243.0327, encoder=-404.8189, decoder=-0.3559
2026-04-18 02:18:24,221 - tadGANs - INFO - Epoch 235/500 - Time: 2.92s - Loss: critic_x=-0.1480, critic_z=-244.3626, encoder=-408.5955, decoder=-0.3655
2026-04-18 02:18:27,036 - tadGANs - INFO - Epoch 236/500 - Time: 2.81s - Loss: critic_x=-0.1477, critic_z=-246.2131, encoder=-411.0065, decoder=-0.3782
2026-04-18 02:18:29,698 - tadGANs - INFO - Epoch 237/500 - Time: 2.66s - Loss: critic_x=-0.1412, critic_z=-248.0430, encoder=-414.0895, decoder=-0.3996
2026-04-18 02:18:32,485 - tadGANs - INFO - Epoch 238/500 - Time: 2.79s - Loss: critic_x=-0.1399, critic_z=-250.2255, encoder=-418.3752, decoder=-0.4011
2026-04-18 02:18:35,311 - tadGANs - INFO - Epoch 239/500 - Time: 2.83s - Loss: critic_x=-0.1402, critic_z=-251.9721, encoder=-421.7273, decoder=-0.3973
2026-04-18 02:18:38,140 - tadGANs - INFO - Epoch 240/500 - Time: 2.83s - Loss: critic_x=-0.1366, critic_z=-253.5525, encoder=-424.8544, decoder=-0.4021
2026-04-18 02:18:38,152 - tadGANs - INFO - Models saved at epoch 240
2026-04-18 02:18:41,035 - tadGANs - INFO - Epoch 241/500 - Time: 2.88s - Loss: critic_x=-0.1370, critic_z=-255.3953, encoder=-427.7266, decoder=-0.4210
2026-04-18 02:18:43,782 - tadGANs - INFO - Epoch 242/500 - Time: 2.75s - Loss: critic_x=-0.1329, critic_z=-257.1676, encoder=-431.0122, decoder=-0.4257
2026-04-18 02:18:46,510 - tadGANs - INFO - Epoch 243/500 - Time: 2.73s - Loss: critic_x=-0.1346, critic_z=-259.2236, encoder=-433.7773, decoder=-0.4330
2026-04-18 02:18:49,210 - tadGANs - INFO - Epoch 244/500 - Time: 2.70s - Loss: critic_x=-0.1289, critic_z=-260.8559, encoder=-437.8415, decoder=-0.4333
2026-04-18 02:18:51,875 - tadGANs - INFO - Epoch 245/500 - Time: 2.67s - Loss: critic_x=-0.1277, critic_z=-262.5744, encoder=-440.8778, decoder=-0.4465
2026-04-18 02:18:54,601 - tadGANs - INFO - Epoch 246/500 - Time: 2.73s - Loss: critic_x=-0.1208, critic_z=-264.3085, encoder=-444.6196, decoder=-0.4555
2026-04-18 02:18:57,336 - tadGANs - INFO - Epoch 247/500 - Time: 2.73s - Loss: critic_x=-0.1187, critic_z=-266.5425, encoder=-448.9810, decoder=-0.4696
2026-04-18 02:19:00,255 - tadGANs - INFO - Epoch 248/500 - Time: 2.92s - Loss: critic_x=-0.1156, critic_z=-268.3948, encoder=-450.9589, decoder=-0.4978
2026-04-18 02:19:02,953 - tadGANs - INFO - Epoch 249/500 - Time: 2.70s - Loss: critic_x=-0.1197, critic_z=-269.9581, encoder=-454.0298, decoder=-0.5111
2026-04-18 02:19:05,706 - tadGANs - INFO - Epoch 250/500 - Time: 2.75s - Loss: critic_x=-0.1165, critic_z=-271.9209, encoder=-457.9810, decoder=-0.5149
2026-04-18 02:19:05,722 - tadGANs - INFO - Models saved at epoch 250
2026-04-18 02:19:08,411 - tadGANs - INFO - Epoch 251/500 - Time: 2.69s - Loss: critic_x=-0.1116, critic_z=-273.6704, encoder=-460.9965, decoder=-0.5317
2026-04-18 02:19:11,263 - tadGANs - INFO - Epoch 252/500 - Time: 2.85s - Loss: critic_x=-0.1105, critic_z=-275.3761, encoder=-463.8159, decoder=-0.5376
2026-04-18 02:19:14,238 - tadGANs - INFO - Epoch 253/500 - Time: 2.98s - Loss: critic_x=-0.1048, critic_z=-277.4084, encoder=-467.6912, decoder=-0.5195
2026-04-18 02:19:17,539 - tadGANs - INFO - Epoch 254/500 - Time: 3.30s - Loss: critic_x=-0.0980, critic_z=-279.8592, encoder=-471.7727, decoder=-0.5363
2026-04-18 02:19:21,002 - tadGANs - INFO - Epoch 255/500 - Time: 3.46s - Loss: critic_x=-0.1001, critic_z=-281.3757, encoder=-474.8755, decoder=-0.5662
2026-04-18 02:19:24,204 - tadGANs - INFO - Epoch 256/500 - Time: 3.20s - Loss: critic_x=-0.0985, critic_z=-283.0479, encoder=-477.5971, decoder=-0.5564
2026-04-18 02:19:27,502 - tadGANs - INFO - Epoch 257/500 - Time: 3.30s - Loss: critic_x=-0.0977, critic_z=-285.3449, encoder=-481.3299, decoder=-0.5493
2026-04-18 02:19:30,852 - tadGANs - INFO - Epoch 258/500 - Time: 3.35s - Loss: critic_x=-0.0983, critic_z=-287.0285, encoder=-484.9309, decoder=-0.5621
2026-04-18 02:19:34,195 - tadGANs - INFO - Epoch 259/500 - Time: 3.34s - Loss: critic_x=-0.0941, critic_z=-289.5264, encoder=-489.2115, decoder=-0.5226
2026-04-18 02:19:37,325 - tadGANs - INFO - Epoch 260/500 - Time: 3.13s - Loss: critic_x=-0.0937, critic_z=-290.9836, encoder=-492.4652, decoder=-0.5360
2026-04-18 02:19:37,338 - tadGANs - INFO - Models saved at epoch 260
2026-04-18 02:19:40,773 - tadGANs - INFO - Epoch 261/500 - Time: 3.43s - Loss: critic_x=-0.0868, critic_z=-293.2869, encoder=-495.9211, decoder=-0.5516
2026-04-18 02:19:43,814 - tadGANs - INFO - Epoch 262/500 - Time: 3.04s - Loss: critic_x=-0.0879, critic_z=-294.8391, encoder=-499.8717, decoder=-0.5573
2026-04-18 02:19:46,528 - tadGANs - INFO - Epoch 263/500 - Time: 2.71s - Loss: critic_x=-0.0845, critic_z=-296.7325, encoder=-502.5795, decoder=-0.5795
2026-04-18 02:19:49,270 - tadGANs - INFO - Epoch 264/500 - Time: 2.74s - Loss: critic_x=-0.0793, critic_z=-299.3665, encoder=-506.5351, decoder=-0.5934
2026-04-18 02:19:51,969 - tadGANs - INFO - Epoch 265/500 - Time: 2.70s - Loss: critic_x=-0.0769, critic_z=-300.6352, encoder=-511.0904, decoder=-0.5903
2026-04-18 02:19:54,915 - tadGANs - INFO - Epoch 266/500 - Time: 2.95s - Loss: critic_x=-0.0763, critic_z=-302.6348, encoder=-513.8575, decoder=-0.6153
2026-04-18 02:19:57,666 - tadGANs - INFO - Epoch 267/500 - Time: 2.75s - Loss: critic_x=-0.0762, critic_z=-305.1953, encoder=-517.3625, decoder=-0.6188
2026-04-18 02:20:00,520 - tadGANs - INFO - Epoch 268/500 - Time: 2.85s - Loss: critic_x=-0.0686, critic_z=-307.2593, encoder=-521.6159, decoder=-0.6098
2026-04-18 02:20:03,293 - tadGANs - INFO - Epoch 269/500 - Time: 2.77s - Loss: critic_x=-0.0717, critic_z=-308.7764, encoder=-524.8320, decoder=-0.6024
2026-04-18 02:20:06,003 - tadGANs - INFO - Epoch 270/500 - Time: 2.71s - Loss: critic_x=-0.0666, critic_z=-310.1440, encoder=-529.0680, decoder=-0.6056
2026-04-18 02:20:06,016 - tadGANs - INFO - Models saved at epoch 270
2026-04-18 02:20:09,005 - tadGANs - INFO - Epoch 271/500 - Time: 2.99s - Loss: critic_x=-0.0645, critic_z=-312.6276, encoder=-531.7555, decoder=-0.5959
2026-04-18 02:20:11,866 - tadGANs - INFO - Epoch 272/500 - Time: 2.86s - Loss: critic_x=-0.0632, critic_z=-314.3497, encoder=-535.3494, decoder=-0.5866
2026-04-18 02:20:14,889 - tadGANs - INFO - Epoch 273/500 - Time: 3.02s - Loss: critic_x=-0.0622, critic_z=-317.1086, encoder=-538.9033, decoder=-0.6108
2026-04-18 02:20:17,863 - tadGANs - INFO - Epoch 274/500 - Time: 2.97s - Loss: critic_x=-0.0619, critic_z=-318.8256, encoder=-543.1531, decoder=-0.6265
2026-04-18 02:20:21,114 - tadGANs - INFO - Epoch 275/500 - Time: 3.25s - Loss: critic_x=-0.0600, critic_z=-321.5296, encoder=-547.2372, decoder=-0.6151
2026-04-18 02:20:24,423 - tadGANs - INFO - Epoch 276/500 - Time: 3.31s - Loss: critic_x=-0.0632, critic_z=-322.9609, encoder=-550.7032, decoder=-0.6085
2026-04-18 02:20:27,409 - tadGANs - INFO - Epoch 277/500 - Time: 2.99s - Loss: critic_x=-0.0653, critic_z=-325.3240, encoder=-553.7041, decoder=-0.5928
2026-04-18 02:20:30,529 - tadGANs - INFO - Epoch 278/500 - Time: 3.12s - Loss: critic_x=-0.0589, critic_z=-326.6054, encoder=-557.1565, decoder=-0.5819
2026-04-18 02:20:33,709 - tadGANs - INFO - Epoch 279/500 - Time: 3.18s - Loss: critic_x=-0.0609, critic_z=-329.0433, encoder=-562.1727, decoder=-0.5807
2026-04-18 02:20:36,673 - tadGANs - INFO - Epoch 280/500 - Time: 2.96s - Loss: critic_x=-0.0600, critic_z=-331.8588, encoder=-565.3475, decoder=-0.5729
2026-04-18 02:20:36,685 - tadGANs - INFO - Models saved at epoch 280
2026-04-18 02:20:39,870 - tadGANs - INFO - Epoch 281/500 - Time: 3.18s - Loss: critic_x=-0.0576, critic_z=-333.2177, encoder=-569.0246, decoder=-0.5871
2026-04-18 02:20:42,797 - tadGANs - INFO - Epoch 282/500 - Time: 2.93s - Loss: critic_x=-0.0630, critic_z=-335.3622, encoder=-572.8667, decoder=-0.5899
2026-04-18 02:20:45,453 - tadGANs - INFO - Epoch 283/500 - Time: 2.66s - Loss: critic_x=-0.0572, critic_z=-337.3536, encoder=-577.1003, decoder=-0.6069
2026-04-18 02:20:48,048 - tadGANs - INFO - Epoch 284/500 - Time: 2.59s - Loss: critic_x=-0.0613, critic_z=-339.2426, encoder=-580.4132, decoder=-0.6288
2026-04-18 02:20:50,616 - tadGANs - INFO - Epoch 285/500 - Time: 2.57s - Loss: critic_x=-0.0568, critic_z=-341.2380, encoder=-583.9494, decoder=-0.6475
2026-04-18 02:20:53,289 - tadGANs - INFO - Epoch 286/500 - Time: 2.67s - Loss: critic_x=-0.0525, critic_z=-343.5105, encoder=-587.7512, decoder=-0.6561
2026-04-18 02:20:55,944 - tadGANs - INFO - Epoch 287/500 - Time: 2.66s - Loss: critic_x=-0.0589, critic_z=-345.9305, encoder=-592.0767, decoder=-0.6588
2026-04-18 02:20:58,501 - tadGANs - INFO - Epoch 288/500 - Time: 2.56s - Loss: critic_x=-0.0585, critic_z=-347.9955, encoder=-596.4291, decoder=-0.6809
2026-04-18 02:21:01,247 - tadGANs - INFO - Epoch 289/500 - Time: 2.75s - Loss: critic_x=-0.0598, critic_z=-350.0451, encoder=-599.4299, decoder=-0.6969
2026-04-18 02:21:03,834 - tadGANs - INFO - Epoch 290/500 - Time: 2.59s - Loss: critic_x=-0.0619, critic_z=-352.1895, encoder=-605.7820, decoder=-0.6799
2026-04-18 02:21:03,845 - tadGANs - INFO - Models saved at epoch 290
2026-04-18 02:21:06,585 - tadGANs - INFO - Epoch 291/500 - Time: 2.74s - Loss: critic_x=-0.0580, critic_z=-353.6161, encoder=-608.1569, decoder=-0.6886
2026-04-18 02:21:09,256 - tadGANs - INFO - Epoch 292/500 - Time: 2.67s - Loss: critic_x=-0.0613, critic_z=-356.8338, encoder=-612.0158, decoder=-0.6879
2026-04-18 02:21:11,930 - tadGANs - INFO - Epoch 293/500 - Time: 2.67s - Loss: critic_x=-0.0585, critic_z=-358.4111, encoder=-616.5369, decoder=-0.6716
2026-04-18 02:21:14,931 - tadGANs - INFO - Epoch 294/500 - Time: 3.00s - Loss: critic_x=-0.0577, critic_z=-361.2515, encoder=-619.8612, decoder=-0.6732
2026-04-18 02:21:18,062 - tadGANs - INFO - Epoch 295/500 - Time: 3.13s - Loss: critic_x=-0.0554, critic_z=-362.7652, encoder=-624.7781, decoder=-0.6429
2026-04-18 02:21:21,099 - tadGANs - INFO - Epoch 296/500 - Time: 3.04s - Loss: critic_x=-0.0503, critic_z=-364.8283, encoder=-628.2361, decoder=-0.6423
2026-04-18 02:21:23,866 - tadGANs - INFO - Epoch 297/500 - Time: 2.77s - Loss: critic_x=-0.0513, critic_z=-366.9678, encoder=-631.5742, decoder=-0.6065
2026-04-18 02:21:26,850 - tadGANs - INFO - Epoch 298/500 - Time: 2.98s - Loss: critic_x=-0.0533, critic_z=-369.7483, encoder=-635.7518, decoder=-0.5997
2026-04-18 02:21:30,095 - tadGANs - INFO - Epoch 299/500 - Time: 3.24s - Loss: critic_x=-0.0584, critic_z=-371.8069, encoder=-640.1351, decoder=-0.6094
2026-04-18 02:21:32,818 - tadGANs - INFO - Epoch 300/500 - Time: 2.72s - Loss: critic_x=-0.0580, critic_z=-373.6673, encoder=-643.6620, decoder=-0.5987
2026-04-18 02:21:32,831 - tadGANs - INFO - Models saved at epoch 300
2026-04-18 02:21:35,798 - tadGANs - INFO - Epoch 301/500 - Time: 2.97s - Loss: critic_x=-0.0575, critic_z=-375.6913, encoder=-647.4546, decoder=-0.6106
2026-04-18 02:21:38,450 - tadGANs - INFO - Epoch 302/500 - Time: 2.65s - Loss: critic_x=-0.0604, critic_z=-378.4027, encoder=-651.1840, decoder=-0.6013
2026-04-18 02:21:41,272 - tadGANs - INFO - Epoch 303/500 - Time: 2.82s - Loss: critic_x=-0.0632, critic_z=-380.7718, encoder=-655.6996, decoder=-0.6363
2026-04-18 02:21:44,416 - tadGANs - INFO - Epoch 304/500 - Time: 3.14s - Loss: critic_x=-0.0617, critic_z=-382.8236, encoder=-659.5974, decoder=-0.6521
2026-04-18 02:21:47,458 - tadGANs - INFO - Epoch 305/500 - Time: 3.04s - Loss: critic_x=-0.0588, critic_z=-384.8943, encoder=-663.5191, decoder=-0.6740
2026-04-18 02:21:50,223 - tadGANs - INFO - Epoch 306/500 - Time: 2.77s - Loss: critic_x=-0.0601, critic_z=-386.9814, encoder=-668.7194, decoder=-0.6768
2026-04-18 02:21:52,956 - tadGANs - INFO - Epoch 307/500 - Time: 2.73s - Loss: critic_x=-0.0577, critic_z=-389.3376, encoder=-671.5696, decoder=-0.6809
2026-04-18 02:21:55,948 - tadGANs - INFO - Epoch 308/500 - Time: 2.99s - Loss: critic_x=-0.0572, critic_z=-392.0612, encoder=-676.5503, decoder=-0.7037
2026-04-18 02:21:59,457 - tadGANs - INFO - Epoch 309/500 - Time: 3.51s - Loss: critic_x=-0.0537, critic_z=-393.7501, encoder=-680.7916, decoder=-0.7020
2026-04-18 02:22:03,125 - tadGANs - INFO - Epoch 310/500 - Time: 3.67s - Loss: critic_x=-0.0511, critic_z=-396.1312, encoder=-685.0614, decoder=-0.6711
2026-04-18 02:22:03,138 - tadGANs - INFO - Models saved at epoch 310
2026-04-18 02:22:05,969 - tadGANs - INFO - Epoch 311/500 - Time: 2.83s - Loss: critic_x=-0.0557, critic_z=-398.3718, encoder=-688.8099, decoder=-0.6558
2026-04-18 02:22:08,840 - tadGANs - INFO - Epoch 312/500 - Time: 2.87s - Loss: critic_x=-0.0565, critic_z=-401.0195, encoder=-693.3347, decoder=-0.6484
2026-04-18 02:22:11,599 - tadGANs - INFO - Epoch 313/500 - Time: 2.76s - Loss: critic_x=-0.0603, critic_z=-402.8753, encoder=-696.6529, decoder=-0.6521
2026-04-18 02:22:14,332 - tadGANs - INFO - Epoch 314/500 - Time: 2.73s - Loss: critic_x=-0.0602, critic_z=-405.2473, encoder=-701.4296, decoder=-0.6543
2026-04-18 02:22:17,110 - tadGANs - INFO - Epoch 315/500 - Time: 2.78s - Loss: critic_x=-0.0639, critic_z=-408.2145, encoder=-705.9623, decoder=-0.6499
2026-04-18 02:22:19,989 - tadGANs - INFO - Epoch 316/500 - Time: 2.88s - Loss: critic_x=-0.0578, critic_z=-409.9301, encoder=-709.9607, decoder=-0.6401
2026-04-18 02:22:22,688 - tadGANs - INFO - Epoch 317/500 - Time: 2.70s - Loss: critic_x=-0.0612, critic_z=-412.3131, encoder=-714.4888, decoder=-0.6522
2026-04-18 02:22:25,534 - tadGANs - INFO - Epoch 318/500 - Time: 2.85s - Loss: critic_x=-0.0594, critic_z=-414.6033, encoder=-718.9326, decoder=-0.6581
2026-04-18 02:22:28,228 - tadGANs - INFO - Epoch 319/500 - Time: 2.69s - Loss: critic_x=-0.0589, critic_z=-416.9691, encoder=-723.6475, decoder=-0.6585
2026-04-18 02:22:31,092 - tadGANs - INFO - Epoch 320/500 - Time: 2.86s - Loss: critic_x=-0.0642, critic_z=-418.6031, encoder=-728.3568, decoder=-0.6733
2026-04-18 02:22:31,103 - tadGANs - INFO - Models saved at epoch 320
2026-04-18 02:22:33,802 - tadGANs - INFO - Epoch 321/500 - Time: 2.70s - Loss: critic_x=-0.0631, critic_z=-421.7861, encoder=-732.3103, decoder=-0.6846
2026-04-18 02:22:36,671 - tadGANs - INFO - Epoch 322/500 - Time: 2.87s - Loss: critic_x=-0.0646, critic_z=-423.3108, encoder=-735.3789, decoder=-0.7032
2026-04-18 02:22:39,275 - tadGANs - INFO - Epoch 323/500 - Time: 2.60s - Loss: critic_x=-0.0653, critic_z=-426.2468, encoder=-741.5229, decoder=-0.7252
2026-04-18 02:22:42,182 - tadGANs - INFO - Epoch 324/500 - Time: 2.91s - Loss: critic_x=-0.0637, critic_z=-429.1887, encoder=-744.7650, decoder=-0.7469
2026-04-18 02:22:44,986 - tadGANs - INFO - Epoch 325/500 - Time: 2.80s - Loss: critic_x=-0.0616, critic_z=-431.0812, encoder=-748.4789, decoder=-0.7559
2026-04-18 02:22:47,750 - tadGANs - INFO - Epoch 326/500 - Time: 2.76s - Loss: critic_x=-0.0577, critic_z=-433.2502, encoder=-753.4476, decoder=-0.7652
2026-04-18 02:22:50,560 - tadGANs - INFO - Epoch 327/500 - Time: 2.81s - Loss: critic_x=-0.0582, critic_z=-436.2408, encoder=-758.7253, decoder=-0.7657
2026-04-18 02:22:53,307 - tadGANs - INFO - Epoch 328/500 - Time: 2.75s - Loss: critic_x=-0.0576, critic_z=-438.1683, encoder=-762.3679, decoder=-0.7521
2026-04-18 02:22:56,073 - tadGANs - INFO - Epoch 329/500 - Time: 2.77s - Loss: critic_x=-0.0651, critic_z=-440.2623, encoder=-766.9470, decoder=-0.7325
2026-04-18 02:22:58,824 - tadGANs - INFO - Epoch 330/500 - Time: 2.75s - Loss: critic_x=-0.0732, critic_z=-442.7345, encoder=-770.5009, decoder=-0.6977
2026-04-18 02:22:58,838 - tadGANs - INFO - Models saved at epoch 330
2026-04-18 02:23:01,473 - tadGANs - INFO - Epoch 331/500 - Time: 2.63s - Loss: critic_x=-0.0742, critic_z=-445.3453, encoder=-775.4623, decoder=-0.7036
2026-04-18 02:23:04,165 - tadGANs - INFO - Epoch 332/500 - Time: 2.69s - Loss: critic_x=-0.0736, critic_z=-447.8709, encoder=-780.3095, decoder=-0.6911
2026-04-18 02:23:06,892 - tadGANs - INFO - Epoch 333/500 - Time: 2.73s - Loss: critic_x=-0.0762, critic_z=-450.1424, encoder=-785.8882, decoder=-0.6638
2026-04-18 02:23:09,722 - tadGANs - INFO - Epoch 334/500 - Time: 2.83s - Loss: critic_x=-0.0800, critic_z=-452.2881, encoder=-788.3107, decoder=-0.6574
2026-04-18 02:23:12,540 - tadGANs - INFO - Epoch 335/500 - Time: 2.82s - Loss: critic_x=-0.0820, critic_z=-454.8898, encoder=-792.1684, decoder=-0.6344
2026-04-18 02:23:15,924 - tadGANs - INFO - Epoch 336/500 - Time: 3.38s - Loss: critic_x=-0.0848, critic_z=-456.7486, encoder=-797.5144, decoder=-0.6557
2026-04-18 02:23:19,355 - tadGANs - INFO - Epoch 337/500 - Time: 3.43s - Loss: critic_x=-0.0833, critic_z=-459.8617, encoder=-802.8620, decoder=-0.6508
2026-04-18 02:23:22,872 - tadGANs - INFO - Epoch 338/500 - Time: 3.52s - Loss: critic_x=-0.0662, critic_z=-461.3376, encoder=-806.2715, decoder=-0.6737
2026-04-18 02:23:26,060 - tadGANs - INFO - Epoch 339/500 - Time: 3.19s - Loss: critic_x=-0.0710, critic_z=-464.2518, encoder=-812.5844, decoder=-0.6606
2026-04-18 02:23:29,606 - tadGANs - INFO - Epoch 340/500 - Time: 3.55s - Loss: critic_x=-0.0687, critic_z=-467.4458, encoder=-817.0739, decoder=-0.6995
2026-04-18 02:23:29,621 - tadGANs - INFO - Models saved at epoch 340
2026-04-18 02:23:32,980 - tadGANs - INFO - Epoch 341/500 - Time: 3.36s - Loss: critic_x=-0.0751, critic_z=-468.8993, encoder=-821.5593, decoder=-0.7444
2026-04-18 02:23:36,213 - tadGANs - INFO - Epoch 342/500 - Time: 3.23s - Loss: critic_x=-0.0747, critic_z=-472.4207, encoder=-824.0940, decoder=-0.7437
2026-04-18 02:23:39,401 - tadGANs - INFO - Epoch 343/500 - Time: 3.19s - Loss: critic_x=-0.0848, critic_z=-474.3217, encoder=-829.5814, decoder=-0.7481
2026-04-18 02:23:42,629 - tadGANs - INFO - Epoch 344/500 - Time: 3.23s - Loss: critic_x=-0.0900, critic_z=-476.7048, encoder=-833.7273, decoder=-0.7634
2026-04-18 02:23:45,450 - tadGANs - INFO - Epoch 345/500 - Time: 2.82s - Loss: critic_x=-0.0836, critic_z=-480.0406, encoder=-838.9296, decoder=-0.7675
2026-04-18 02:23:48,207 - tadGANs - INFO - Epoch 346/500 - Time: 2.76s - Loss: critic_x=-0.0825, critic_z=-481.7354, encoder=-843.2501, decoder=-0.7544
2026-04-18 02:23:51,155 - tadGANs - INFO - Epoch 347/500 - Time: 2.95s - Loss: critic_x=-0.0809, critic_z=-484.4585, encoder=-847.9053, decoder=-0.7420
2026-04-18 02:23:54,122 - tadGANs - INFO - Epoch 348/500 - Time: 2.97s - Loss: critic_x=-0.0767, critic_z=-487.2450, encoder=-853.7167, decoder=-0.7660
2026-04-18 02:23:56,949 - tadGANs - INFO - Epoch 349/500 - Time: 2.83s - Loss: critic_x=-0.0797, critic_z=-489.4479, encoder=-858.4418, decoder=-0.7605
2026-04-18 02:23:59,620 - tadGANs - INFO - Epoch 350/500 - Time: 2.67s - Loss: critic_x=-0.0818, critic_z=-491.8651, encoder=-861.6195, decoder=-0.7492
2026-04-18 02:23:59,639 - tadGANs - INFO - Models saved at epoch 350
2026-04-18 02:24:02,567 - tadGANs - INFO - Epoch 351/500 - Time: 2.93s - Loss: critic_x=-0.0802, critic_z=-494.5393, encoder=-868.3751, decoder=-0.7444
2026-04-18 02:24:05,366 - tadGANs - INFO - Epoch 352/500 - Time: 2.80s - Loss: critic_x=-0.0861, critic_z=-497.7999, encoder=-871.7800, decoder=-0.7356
2026-04-18 02:24:08,258 - tadGANs - INFO - Epoch 353/500 - Time: 2.89s - Loss: critic_x=-0.0951, critic_z=-499.7268, encoder=-877.0873, decoder=-0.7578
2026-04-18 02:24:11,233 - tadGANs - INFO - Epoch 354/500 - Time: 2.97s - Loss: critic_x=-0.1074, critic_z=-502.9398, encoder=-881.1141, decoder=-0.7291
2026-04-18 02:24:14,241 - tadGANs - INFO - Epoch 355/500 - Time: 3.01s - Loss: critic_x=-0.1092, critic_z=-505.0821, encoder=-886.8826, decoder=-0.7739
2026-04-18 02:24:17,375 - tadGANs - INFO - Epoch 356/500 - Time: 3.13s - Loss: critic_x=-0.1110, critic_z=-507.9958, encoder=-893.2467, decoder=-0.7509
2026-04-18 02:24:20,380 - tadGANs - INFO - Epoch 357/500 - Time: 3.01s - Loss: critic_x=-0.1077, critic_z=-509.3947, encoder=-896.6047, decoder=-0.7903
2026-04-18 02:24:23,597 - tadGANs - INFO - Epoch 358/500 - Time: 3.22s - Loss: critic_x=-0.1055, critic_z=-512.8696, encoder=-899.7947, decoder=-0.7825
2026-04-18 02:24:26,726 - tadGANs - INFO - Epoch 359/500 - Time: 3.13s - Loss: critic_x=-0.1006, critic_z=-514.9141, encoder=-905.5385, decoder=-0.7886
2026-04-18 02:24:29,669 - tadGANs - INFO - Epoch 360/500 - Time: 2.94s - Loss: critic_x=-0.0962, critic_z=-517.8570, encoder=-911.1738, decoder=-0.7646
2026-04-18 02:24:29,690 - tadGANs - INFO - Models saved at epoch 360
2026-04-18 02:24:32,793 - tadGANs - INFO - Epoch 361/500 - Time: 3.10s - Loss: critic_x=-0.0896, critic_z=-520.9542, encoder=-917.3101, decoder=-0.7886
2026-04-18 02:24:35,738 - tadGANs - INFO - Epoch 362/500 - Time: 2.94s - Loss: critic_x=-0.0881, critic_z=-523.5978, encoder=-919.5485, decoder=-0.7563
2026-04-18 02:24:38,856 - tadGANs - INFO - Epoch 363/500 - Time: 3.12s - Loss: critic_x=-0.0850, critic_z=-524.9047, encoder=-925.0107, decoder=-0.7655
2026-04-18 02:24:41,883 - tadGANs - INFO - Epoch 364/500 - Time: 3.03s - Loss: critic_x=-0.0899, critic_z=-528.0880, encoder=-928.8373, decoder=-0.7349
2026-04-18 02:24:44,502 - tadGANs - INFO - Epoch 365/500 - Time: 2.62s - Loss: critic_x=-0.0880, critic_z=-530.5906, encoder=-935.8324, decoder=-0.7371
2026-04-18 02:24:47,005 - tadGANs - INFO - Epoch 366/500 - Time: 2.50s - Loss: critic_x=-0.0937, critic_z=-533.7958, encoder=-939.9022, decoder=-0.7285
2026-04-18 02:24:49,563 - tadGANs - INFO - Epoch 367/500 - Time: 2.56s - Loss: critic_x=-0.0866, critic_z=-536.5574, encoder=-946.6450, decoder=-0.7482
2026-04-18 02:24:52,177 - tadGANs - INFO - Epoch 368/500 - Time: 2.61s - Loss: critic_x=-0.0919, critic_z=-538.3607, encoder=-950.0547, decoder=-0.7438
2026-04-18 02:24:54,948 - tadGANs - INFO - Epoch 369/500 - Time: 2.77s - Loss: critic_x=-0.0945, critic_z=-542.6714, encoder=-954.1660, decoder=-0.7880
2026-04-18 02:24:57,657 - tadGANs - INFO - Epoch 370/500 - Time: 2.71s - Loss: critic_x=-0.0995, critic_z=-544.9586, encoder=-959.5127, decoder=-0.7822
2026-04-18 02:24:57,679 - tadGANs - INFO - Models saved at epoch 370
2026-04-18 02:25:00,317 - tadGANs - INFO - Epoch 371/500 - Time: 2.64s - Loss: critic_x=-0.1067, critic_z=-547.0004, encoder=-962.8619, decoder=-0.7896
2026-04-18 02:25:02,958 - tadGANs - INFO - Epoch 372/500 - Time: 2.64s - Loss: critic_x=-0.1086, critic_z=-549.5952, encoder=-969.9250, decoder=-0.8042
2026-04-18 02:25:05,707 - tadGANs - INFO - Epoch 373/500 - Time: 2.75s - Loss: critic_x=-0.1090, critic_z=-552.5909, encoder=-973.6554, decoder=-0.8041
2026-04-18 02:25:08,455 - tadGANs - INFO - Epoch 374/500 - Time: 2.75s - Loss: critic_x=-0.1071, critic_z=-555.2446, encoder=-979.6286, decoder=-0.8138
2026-04-18 02:25:11,263 - tadGANs - INFO - Epoch 375/500 - Time: 2.81s - Loss: critic_x=-0.1038, critic_z=-557.6190, encoder=-985.6555, decoder=-0.8137
2026-04-18 02:25:13,938 - tadGANs - INFO - Epoch 376/500 - Time: 2.67s - Loss: critic_x=-0.1087, critic_z=-559.9628, encoder=-989.1567, decoder=-0.8182
2026-04-18 02:25:16,842 - tadGANs - INFO - Epoch 377/500 - Time: 2.90s - Loss: critic_x=-0.1109, critic_z=-562.2380, encoder=-994.2518, decoder=-0.8451
2026-04-18 02:25:19,724 - tadGANs - INFO - Epoch 378/500 - Time: 2.88s - Loss: critic_x=-0.1063, critic_z=-565.4924, encoder=-998.5890, decoder=-0.8492
2026-04-18 02:25:22,586 - tadGANs - INFO - Epoch 379/500 - Time: 2.86s - Loss: critic_x=-0.1061, critic_z=-567.8302, encoder=-1004.4736, decoder=-0.8656
2026-04-18 02:25:25,566 - tadGANs - INFO - Epoch 380/500 - Time: 2.98s - Loss: critic_x=-0.1091, critic_z=-570.9341, encoder=-1009.5430, decoder=-0.8764
2026-04-18 02:25:25,577 - tadGANs - INFO - Models saved at epoch 380
2026-04-18 02:25:28,393 - tadGANs - INFO - Epoch 381/500 - Time: 2.81s - Loss: critic_x=-0.1074, critic_z=-573.4623, encoder=-1014.1017, decoder=-0.8808
2026-04-18 02:25:31,364 - tadGANs - INFO - Epoch 382/500 - Time: 2.97s - Loss: critic_x=-0.1068, critic_z=-577.1305, encoder=-1018.8818, decoder=-0.8850
2026-04-18 02:25:34,157 - tadGANs - INFO - Epoch 383/500 - Time: 2.79s - Loss: critic_x=-0.1022, critic_z=-579.4149, encoder=-1024.4707, decoder=-0.8979
2026-04-18 02:25:37,091 - tadGANs - INFO - Epoch 384/500 - Time: 2.93s - Loss: critic_x=-0.0985, critic_z=-581.8326, encoder=-1029.8523, decoder=-0.8743
2026-04-18 02:25:40,075 - tadGANs - INFO - Epoch 385/500 - Time: 2.98s - Loss: critic_x=-0.1020, critic_z=-585.6048, encoder=-1036.8894, decoder=-0.9107
2026-04-18 02:25:42,982 - tadGANs - INFO - Epoch 386/500 - Time: 2.91s - Loss: critic_x=-0.0981, critic_z=-586.9978, encoder=-1040.8466, decoder=-0.9100
2026-04-18 02:25:45,647 - tadGANs - INFO - Epoch 387/500 - Time: 2.67s - Loss: critic_x=-0.0961, critic_z=-591.1594, encoder=-1045.1709, decoder=-0.9024
2026-04-18 02:25:48,387 - tadGANs - INFO - Epoch 388/500 - Time: 2.74s - Loss: critic_x=-0.0980, critic_z=-594.3821, encoder=-1050.7240, decoder=-0.9155
2026-04-18 02:25:51,146 - tadGANs - INFO - Epoch 389/500 - Time: 2.76s - Loss: critic_x=-0.0955, critic_z=-596.4775, encoder=-1056.3353, decoder=-0.9075
2026-04-18 02:25:54,149 - tadGANs - INFO - Epoch 390/500 - Time: 3.00s - Loss: critic_x=-0.0966, critic_z=-598.7987, encoder=-1061.5277, decoder=-0.8936
2026-04-18 02:25:54,163 - tadGANs - INFO - Models saved at epoch 390
2026-04-18 02:25:57,102 - tadGANs - INFO - Epoch 391/500 - Time: 2.94s - Loss: critic_x=-0.1003, critic_z=-601.7509, encoder=-1066.6057, decoder=-0.9065
2026-04-18 02:25:59,938 - tadGANs - INFO - Epoch 392/500 - Time: 2.84s - Loss: critic_x=-0.0991, critic_z=-604.6765, encoder=-1071.9869, decoder=-0.8897
2026-04-18 02:26:03,106 - tadGANs - INFO - Epoch 393/500 - Time: 3.17s - Loss: critic_x=-0.0983, critic_z=-607.1359, encoder=-1077.2165, decoder=-0.8765
2026-04-18 02:26:05,814 - tadGANs - INFO - Epoch 394/500 - Time: 2.71s - Loss: critic_x=-0.1009, critic_z=-610.0964, encoder=-1083.9178, decoder=-0.8812
2026-04-18 02:26:08,759 - tadGANs - INFO - Epoch 395/500 - Time: 2.94s - Loss: critic_x=-0.1041, critic_z=-613.3558, encoder=-1088.8273, decoder=-0.8815
2026-04-18 02:26:11,828 - tadGANs - INFO - Epoch 396/500 - Time: 3.07s - Loss: critic_x=-0.0997, critic_z=-615.4086, encoder=-1093.0226, decoder=-0.8886
2026-04-18 02:26:14,624 - tadGANs - INFO - Epoch 397/500 - Time: 2.80s - Loss: critic_x=-0.0999, critic_z=-618.2984, encoder=-1099.6907, decoder=-0.8575
2026-04-18 02:26:17,286 - tadGANs - INFO - Epoch 398/500 - Time: 2.66s - Loss: critic_x=-0.0982, critic_z=-621.3892, encoder=-1104.6767, decoder=-0.8599
2026-04-18 02:26:19,889 - tadGANs - INFO - Epoch 399/500 - Time: 2.60s - Loss: critic_x=-0.0979, critic_z=-624.1332, encoder=-1108.9587, decoder=-0.8484
2026-04-18 02:26:22,622 - tadGANs - INFO - Epoch 400/500 - Time: 2.73s - Loss: critic_x=-0.0965, critic_z=-627.3534, encoder=-1114.7184, decoder=-0.8735
2026-04-18 02:26:22,634 - tadGANs - INFO - Models saved at epoch 400
2026-04-18 02:26:25,383 - tadGANs - INFO - Epoch 401/500 - Time: 2.75s - Loss: critic_x=-0.0988, critic_z=-630.2019, encoder=-1121.0361, decoder=-0.8835
2026-04-18 02:26:28,078 - tadGANs - INFO - Epoch 402/500 - Time: 2.69s - Loss: critic_x=-0.1002, critic_z=-633.3561, encoder=-1126.7616, decoder=-0.8839
2026-04-18 02:26:30,768 - tadGANs - INFO - Epoch 403/500 - Time: 2.69s - Loss: critic_x=-0.1035, critic_z=-636.4734, encoder=-1129.9359, decoder=-0.8972
2026-04-18 02:26:33,416 - tadGANs - INFO - Epoch 404/500 - Time: 2.65s - Loss: critic_x=-0.1000, critic_z=-639.5174, encoder=-1136.8817, decoder=-0.9214
2026-04-18 02:26:36,159 - tadGANs - INFO - Epoch 405/500 - Time: 2.74s - Loss: critic_x=-0.0983, critic_z=-641.9553, encoder=-1141.6196, decoder=-0.8968
2026-04-18 02:26:38,897 - tadGANs - INFO - Epoch 406/500 - Time: 2.74s - Loss: critic_x=-0.0957, critic_z=-645.0244, encoder=-1149.2442, decoder=-0.9077
2026-04-18 02:26:41,706 - tadGANs - INFO - Epoch 407/500 - Time: 2.81s - Loss: critic_x=-0.0939, critic_z=-647.7142, encoder=-1153.5731, decoder=-0.9004
2026-04-18 02:26:44,378 - tadGANs - INFO - Epoch 408/500 - Time: 2.67s - Loss: critic_x=-0.0915, critic_z=-651.1987, encoder=-1159.8499, decoder=-0.9139
2026-04-18 02:26:47,036 - tadGANs - INFO - Epoch 409/500 - Time: 2.66s - Loss: critic_x=-0.0904, critic_z=-653.4630, encoder=-1162.7169, decoder=-0.8967
2026-04-18 02:26:49,694 - tadGANs - INFO - Epoch 410/500 - Time: 2.66s - Loss: critic_x=-0.0920, critic_z=-656.4025, encoder=-1169.6883, decoder=-0.9183
2026-04-18 02:26:49,705 - tadGANs - INFO - Models saved at epoch 410
2026-04-18 02:26:52,302 - tadGANs - INFO - Epoch 411/500 - Time: 2.60s - Loss: critic_x=-0.0869, critic_z=-659.2033, encoder=-1177.6239, decoder=-0.8923
2026-04-18 02:26:55,103 - tadGANs - INFO - Epoch 412/500 - Time: 2.80s - Loss: critic_x=-0.0836, critic_z=-663.0435, encoder=-1182.3173, decoder=-0.8767
2026-04-18 02:26:57,717 - tadGANs - INFO - Epoch 413/500 - Time: 2.61s - Loss: critic_x=-0.0857, critic_z=-665.7101, encoder=-1187.5625, decoder=-0.8599
2026-04-18 02:27:00,522 - tadGANs - INFO - Epoch 414/500 - Time: 2.81s - Loss: critic_x=-0.0861, critic_z=-667.4508, encoder=-1191.1717, decoder=-0.8368
2026-04-18 02:27:03,190 - tadGANs - INFO - Epoch 415/500 - Time: 2.67s - Loss: critic_x=-0.0900, critic_z=-672.7987, encoder=-1196.3701, decoder=-0.8285
2026-04-18 02:27:05,940 - tadGANs - INFO - Epoch 416/500 - Time: 2.75s - Loss: critic_x=-0.0946, critic_z=-674.3585, encoder=-1202.5863, decoder=-0.8144
2026-04-18 02:27:08,677 - tadGANs - INFO - Epoch 417/500 - Time: 2.74s - Loss: critic_x=-0.0965, critic_z=-677.6013, encoder=-1208.3042, decoder=-0.7976
2026-04-18 02:27:11,493 - tadGANs - INFO - Epoch 418/500 - Time: 2.82s - Loss: critic_x=-0.0925, critic_z=-679.9017, encoder=-1213.7891, decoder=-0.7730
2026-04-18 02:27:14,538 - tadGANs - INFO - Epoch 419/500 - Time: 3.05s - Loss: critic_x=-0.0921, critic_z=-684.1328, encoder=-1219.5770, decoder=-0.7964
2026-04-18 02:27:17,764 - tadGANs - INFO - Epoch 420/500 - Time: 3.23s - Loss: critic_x=-0.0907, critic_z=-686.4218, encoder=-1226.6999, decoder=-0.8001
2026-04-18 02:27:17,779 - tadGANs - INFO - Models saved at epoch 420
2026-04-18 02:27:21,246 - tadGANs - INFO - Epoch 421/500 - Time: 3.47s - Loss: critic_x=-0.0909, critic_z=-689.6053, encoder=-1231.6066, decoder=-0.8127
2026-04-18 02:27:24,653 - tadGANs - INFO - Epoch 422/500 - Time: 3.41s - Loss: critic_x=-0.0935, critic_z=-692.0142, encoder=-1237.3554, decoder=-0.8125
2026-04-18 02:27:28,041 - tadGANs - INFO - Epoch 423/500 - Time: 3.39s - Loss: critic_x=-0.0921, critic_z=-695.8958, encoder=-1241.5339, decoder=-0.8092
2026-04-18 02:27:31,253 - tadGANs - INFO - Epoch 424/500 - Time: 3.21s - Loss: critic_x=-0.0894, critic_z=-698.6063, encoder=-1247.8908, decoder=-0.8053
2026-04-18 02:27:34,415 - tadGANs - INFO - Epoch 425/500 - Time: 3.16s - Loss: critic_x=-0.0859, critic_z=-701.8833, encoder=-1254.7627, decoder=-0.8214
2026-04-18 02:27:37,494 - tadGANs - INFO - Epoch 426/500 - Time: 3.08s - Loss: critic_x=-0.0918, critic_z=-705.8433, encoder=-1261.2964, decoder=-0.8435
2026-04-18 02:27:40,703 - tadGANs - INFO - Epoch 427/500 - Time: 3.21s - Loss: critic_x=-0.0835, critic_z=-708.6404, encoder=-1267.2299, decoder=-0.8342
2026-04-18 02:27:43,542 - tadGANs - INFO - Epoch 428/500 - Time: 2.84s - Loss: critic_x=-0.0868, critic_z=-711.4423, encoder=-1272.1151, decoder=-0.8423
2026-04-18 02:27:46,345 - tadGANs - INFO - Epoch 429/500 - Time: 2.80s - Loss: critic_x=-0.0845, critic_z=-714.6282, encoder=-1278.5346, decoder=-0.8585
2026-04-18 02:27:49,067 - tadGANs - INFO - Epoch 430/500 - Time: 2.72s - Loss: critic_x=-0.0847, critic_z=-717.3267, encoder=-1282.7000, decoder=-0.8540
2026-04-18 02:27:49,079 - tadGANs - INFO - Models saved at epoch 430
2026-04-18 02:27:51,740 - tadGANs - INFO - Epoch 431/500 - Time: 2.66s - Loss: critic_x=-0.0856, critic_z=-721.9303, encoder=-1290.6521, decoder=-0.8500
2026-04-18 02:27:54,559 - tadGANs - INFO - Epoch 432/500 - Time: 2.82s - Loss: critic_x=-0.0832, critic_z=-723.7332, encoder=-1296.3755, decoder=-0.8392
2026-04-18 02:27:57,276 - tadGANs - INFO - Epoch 433/500 - Time: 2.72s - Loss: critic_x=-0.0798, critic_z=-726.9071, encoder=-1302.2378, decoder=-0.8353
2026-04-18 02:28:00,165 - tadGANs - INFO - Epoch 434/500 - Time: 2.89s - Loss: critic_x=-0.0821, critic_z=-729.8696, encoder=-1306.1991, decoder=-0.8201
2026-04-18 02:28:02,949 - tadGANs - INFO - Epoch 435/500 - Time: 2.78s - Loss: critic_x=-0.0875, critic_z=-733.0721, encoder=-1315.5398, decoder=-0.8026
2026-04-18 02:28:05,742 - tadGANs - INFO - Epoch 436/500 - Time: 2.79s - Loss: critic_x=-0.0891, critic_z=-735.8095, encoder=-1320.3561, decoder=-0.7863
2026-04-18 02:28:08,429 - tadGANs - INFO - Epoch 437/500 - Time: 2.69s - Loss: critic_x=-0.0950, critic_z=-739.5391, encoder=-1323.1162, decoder=-0.7631
2026-04-18 02:28:11,236 - tadGANs - INFO - Epoch 438/500 - Time: 2.81s - Loss: critic_x=-0.0940, critic_z=-741.8182, encoder=-1329.8802, decoder=-0.7549
2026-04-18 02:28:14,148 - tadGANs - INFO - Epoch 439/500 - Time: 2.91s - Loss: critic_x=-0.0944, critic_z=-746.2668, encoder=-1335.9091, decoder=-0.7417
2026-04-18 02:28:17,335 - tadGANs - INFO - Epoch 440/500 - Time: 3.19s - Loss: critic_x=-0.0950, critic_z=-750.0755, encoder=-1341.8412, decoder=-0.7360
2026-04-18 02:28:17,348 - tadGANs - INFO - Models saved at epoch 440
2026-04-18 02:28:20,494 - tadGANs - INFO - Epoch 441/500 - Time: 3.15s - Loss: critic_x=-0.0946, critic_z=-752.2344, encoder=-1350.0806, decoder=-0.7363
2026-04-18 02:28:23,606 - tadGANs - INFO - Epoch 442/500 - Time: 3.11s - Loss: critic_x=-0.0950, critic_z=-754.7199, encoder=-1354.6143, decoder=-0.7439
2026-04-18 02:28:26,833 - tadGANs - INFO - Epoch 443/500 - Time: 3.23s - Loss: critic_x=-0.0938, critic_z=-759.9337, encoder=-1364.3322, decoder=-0.7810
2026-04-18 02:28:29,905 - tadGANs - INFO - Epoch 444/500 - Time: 3.07s - Loss: critic_x=-0.0944, critic_z=-761.1406, encoder=-1367.9419, decoder=-0.7925
2026-04-18 02:28:33,062 - tadGANs - INFO - Epoch 445/500 - Time: 3.16s - Loss: critic_x=-0.0946, critic_z=-766.8680, encoder=-1374.7209, decoder=-0.8046
2026-04-18 02:28:36,164 - tadGANs - INFO - Epoch 446/500 - Time: 3.10s - Loss: critic_x=-0.0927, critic_z=-769.0216, encoder=-1380.4270, decoder=-0.8339
2026-04-18 02:28:39,313 - tadGANs - INFO - Epoch 447/500 - Time: 3.15s - Loss: critic_x=-0.0921, critic_z=-771.0706, encoder=-1386.0615, decoder=-0.8237
2026-04-18 02:28:42,412 - tadGANs - INFO - Epoch 448/500 - Time: 3.10s - Loss: critic_x=-0.0877, critic_z=-775.2823, encoder=-1394.8576, decoder=-0.8331
2026-04-18 02:28:44,946 - tadGANs - INFO - Epoch 449/500 - Time: 2.53s - Loss: critic_x=-0.0904, critic_z=-778.3614, encoder=-1397.0731, decoder=-0.8292
2026-04-18 02:28:47,552 - tadGANs - INFO - Epoch 450/500 - Time: 2.61s - Loss: critic_x=-0.0922, critic_z=-782.0211, encoder=-1406.1295, decoder=-0.8264
2026-04-18 02:28:47,564 - tadGANs - INFO - Models saved at epoch 450
2026-04-18 02:28:50,150 - tadGANs - INFO - Epoch 451/500 - Time: 2.59s - Loss: critic_x=-0.0856, critic_z=-784.7725, encoder=-1412.0972, decoder=-0.8199
2026-04-18 02:28:52,717 - tadGANs - INFO - Epoch 452/500 - Time: 2.57s - Loss: critic_x=-0.0837, critic_z=-788.0196, encoder=-1420.0186, decoder=-0.8056
2026-04-18 02:28:55,485 - tadGANs - INFO - Epoch 453/500 - Time: 2.77s - Loss: critic_x=-0.0863, critic_z=-791.9899, encoder=-1422.8622, decoder=-0.7954
2026-04-18 02:28:58,196 - tadGANs - INFO - Epoch 454/500 - Time: 2.71s - Loss: critic_x=-0.0857, critic_z=-796.1040, encoder=-1432.1810, decoder=-0.8054
2026-04-18 02:29:00,854 - tadGANs - INFO - Epoch 455/500 - Time: 2.66s - Loss: critic_x=-0.0841, critic_z=-799.2879, encoder=-1437.9931, decoder=-0.8048
2026-04-18 02:29:03,589 - tadGANs - INFO - Epoch 456/500 - Time: 2.74s - Loss: critic_x=-0.0849, critic_z=-803.4823, encoder=-1442.2117, decoder=-0.7768
2026-04-18 02:29:06,282 - tadGANs - INFO - Epoch 457/500 - Time: 2.69s - Loss: critic_x=-0.0904, critic_z=-805.3380, encoder=-1449.4320, decoder=-0.7807
2026-04-18 02:29:09,043 - tadGANs - INFO - Epoch 458/500 - Time: 2.76s - Loss: critic_x=-0.0926, critic_z=-809.5494, encoder=-1456.8487, decoder=-0.7705
2026-04-18 02:29:11,873 - tadGANs - INFO - Epoch 459/500 - Time: 2.83s - Loss: critic_x=-0.0930, critic_z=-812.8127, encoder=-1464.2046, decoder=-0.7405
2026-04-18 02:29:14,653 - tadGANs - INFO - Epoch 460/500 - Time: 2.78s - Loss: critic_x=-0.0958, critic_z=-816.2688, encoder=-1469.8109, decoder=-0.7157
2026-04-18 02:29:14,665 - tadGANs - INFO - Models saved at epoch 460
2026-04-18 02:29:17,595 - tadGANs - INFO - Epoch 461/500 - Time: 2.93s - Loss: critic_x=-0.0982, critic_z=-820.0990, encoder=-1476.9302, decoder=-0.7093
2026-04-18 02:29:20,494 - tadGANs - INFO - Epoch 462/500 - Time: 2.90s - Loss: critic_x=-0.0962, critic_z=-822.7464, encoder=-1482.7375, decoder=-0.7023
2026-04-18 02:29:23,298 - tadGANs - INFO - Epoch 463/500 - Time: 2.80s - Loss: critic_x=-0.0964, critic_z=-827.0918, encoder=-1486.9868, decoder=-0.6796
2026-04-18 02:29:26,050 - tadGANs - INFO - Epoch 464/500 - Time: 2.75s - Loss: critic_x=-0.0935, critic_z=-831.9768, encoder=-1500.6376, decoder=-0.7073
2026-04-18 02:29:28,890 - tadGANs - INFO - Epoch 465/500 - Time: 2.84s - Loss: critic_x=-0.0963, critic_z=-834.8489, encoder=-1503.1997, decoder=-0.7013
2026-04-18 02:29:31,661 - tadGANs - INFO - Epoch 466/500 - Time: 2.77s - Loss: critic_x=-0.0920, critic_z=-838.3681, encoder=-1511.0630, decoder=-0.7077
2026-04-18 02:29:34,673 - tadGANs - INFO - Epoch 467/500 - Time: 3.01s - Loss: critic_x=-0.0949, critic_z=-840.9421, encoder=-1516.6267, decoder=-0.7048
2026-04-18 02:29:37,597 - tadGANs - INFO - Epoch 468/500 - Time: 2.92s - Loss: critic_x=-0.0956, critic_z=-844.5036, encoder=-1523.8626, decoder=-0.7090
2026-04-18 02:29:40,565 - tadGANs - INFO - Epoch 469/500 - Time: 2.97s - Loss: critic_x=-0.0919, critic_z=-847.0418, encoder=-1531.9413, decoder=-0.7255
2026-04-18 02:29:43,306 - tadGANs - INFO - Epoch 470/500 - Time: 2.74s - Loss: critic_x=-0.0890, critic_z=-853.1543, encoder=-1537.0887, decoder=-0.7245
2026-04-18 02:29:43,318 - tadGANs - INFO - Models saved at epoch 470
2026-04-18 02:29:46,104 - tadGANs - INFO - Epoch 471/500 - Time: 2.79s - Loss: critic_x=-0.0935, critic_z=-856.4608, encoder=-1546.8509, decoder=-0.7148
2026-04-18 02:29:48,900 - tadGANs - INFO - Epoch 472/500 - Time: 2.80s - Loss: critic_x=-0.0918, critic_z=-860.7736, encoder=-1553.0876, decoder=-0.7226
2026-04-18 02:29:51,816 - tadGANs - INFO - Epoch 473/500 - Time: 2.92s - Loss: critic_x=-0.0958, critic_z=-863.8866, encoder=-1558.3615, decoder=-0.7136
2026-04-18 02:29:54,589 - tadGANs - INFO - Epoch 474/500 - Time: 2.77s - Loss: critic_x=-0.0935, critic_z=-866.8426, encoder=-1566.6120, decoder=-0.7097
2026-04-18 02:29:57,365 - tadGANs - INFO - Epoch 475/500 - Time: 2.78s - Loss: critic_x=-0.0954, critic_z=-871.4830, encoder=-1571.5163, decoder=-0.7136
2026-04-18 02:30:00,138 - tadGANs - INFO - Epoch 476/500 - Time: 2.77s - Loss: critic_x=-0.0935, critic_z=-874.4565, encoder=-1581.1953, decoder=-0.7388
2026-04-18 02:30:03,310 - tadGANs - INFO - Epoch 477/500 - Time: 3.17s - Loss: critic_x=-0.0927, critic_z=-879.4643, encoder=-1589.7702, decoder=-0.7327
2026-04-18 02:30:06,445 - tadGANs - INFO - Epoch 478/500 - Time: 3.13s - Loss: critic_x=-0.0922, critic_z=-882.4333, encoder=-1594.4906, decoder=-0.7485
2026-04-18 02:30:09,466 - tadGANs - INFO - Epoch 479/500 - Time: 3.02s - Loss: critic_x=-0.0900, critic_z=-888.1762, encoder=-1601.8216, decoder=-0.7380
2026-04-18 02:30:12,646 - tadGANs - INFO - Epoch 480/500 - Time: 3.18s - Loss: critic_x=-0.0885, critic_z=-890.1197, encoder=-1608.4280, decoder=-0.7271
2026-04-18 02:30:12,659 - tadGANs - INFO - Models saved at epoch 480
2026-04-18 02:30:15,312 - tadGANs - INFO - Epoch 481/500 - Time: 2.65s - Loss: critic_x=-0.0925, critic_z=-895.1681, encoder=-1617.9760, decoder=-0.7238
2026-04-18 02:30:18,102 - tadGANs - INFO - Epoch 482/500 - Time: 2.79s - Loss: critic_x=-0.0930, critic_z=-897.6499, encoder=-1626.3182, decoder=-0.7193
2026-04-18 02:30:20,797 - tadGANs - INFO - Epoch 483/500 - Time: 2.69s - Loss: critic_x=-0.0987, critic_z=-901.1947, encoder=-1631.3312, decoder=-0.7073
2026-04-18 02:30:23,617 - tadGANs - INFO - Epoch 484/500 - Time: 2.82s - Loss: critic_x=-0.1003, critic_z=-907.5229, encoder=-1641.6689, decoder=-0.7055
2026-04-18 02:30:26,231 - tadGANs - INFO - Epoch 485/500 - Time: 2.61s - Loss: critic_x=-0.1023, critic_z=-910.6353, encoder=-1647.1251, decoder=-0.6859
2026-04-18 02:30:28,981 - tadGANs - INFO - Epoch 486/500 - Time: 2.75s - Loss: critic_x=-0.1003, critic_z=-913.5937, encoder=-1652.4117, decoder=-0.6912
2026-04-18 02:30:31,729 - tadGANs - INFO - Epoch 487/500 - Time: 2.75s - Loss: critic_x=-0.1030, critic_z=-917.6154, encoder=-1664.9092, decoder=-0.6894
2026-04-18 02:30:34,586 - tadGANs - INFO - Epoch 488/500 - Time: 2.86s - Loss: critic_x=-0.1000, critic_z=-922.3235, encoder=-1671.1708, decoder=-0.7094
2026-04-18 02:30:37,351 - tadGANs - INFO - Epoch 489/500 - Time: 2.76s - Loss: critic_x=-0.1000, critic_z=-926.4509, encoder=-1680.4319, decoder=-0.7065
2026-04-18 02:30:40,228 - tadGANs - INFO - Epoch 490/500 - Time: 2.88s - Loss: critic_x=-0.1034, critic_z=-931.9235, encoder=-1686.5425, decoder=-0.7074
2026-04-18 02:30:40,242 - tadGANs - INFO - Models saved at epoch 490
2026-04-18 02:30:42,989 - tadGANs - INFO - Epoch 491/500 - Time: 2.75s - Loss: critic_x=-0.1053, critic_z=-935.2019, encoder=-1691.2473, decoder=-0.6989
2026-04-18 02:30:45,672 - tadGANs - INFO - Epoch 492/500 - Time: 2.68s - Loss: critic_x=-0.1015, critic_z=-938.6735, encoder=-1700.9181, decoder=-0.7108
2026-04-18 02:30:48,385 - tadGANs - INFO - Epoch 493/500 - Time: 2.71s - Loss: critic_x=-0.1056, critic_z=-943.4750, encoder=-1709.5177, decoder=-0.7233
2026-04-18 02:30:51,000 - tadGANs - INFO - Epoch 494/500 - Time: 2.61s - Loss: critic_x=-0.1059, critic_z=-947.2330, encoder=-1717.3085, decoder=-0.7248
2026-04-18 02:30:53,720 - tadGANs - INFO - Epoch 495/500 - Time: 2.72s - Loss: critic_x=-0.1008, critic_z=-951.6640, encoder=-1724.9383, decoder=-0.7207
2026-04-18 02:30:56,458 - tadGANs - INFO - Epoch 496/500 - Time: 2.74s - Loss: critic_x=-0.1000, critic_z=-956.2694, encoder=-1731.7752, decoder=-0.7093
2026-04-18 02:30:59,270 - tadGANs - INFO - Epoch 497/500 - Time: 2.81s - Loss: critic_x=-0.0976, critic_z=-959.2756, encoder=-1739.1053, decoder=-0.6814
2026-04-18 02:31:01,886 - tadGANs - INFO - Epoch 498/500 - Time: 2.62s - Loss: critic_x=-0.0952, critic_z=-963.9494, encoder=-1748.4578, decoder=-0.6602
2026-04-18 02:31:04,597 - tadGANs - INFO - Epoch 499/500 - Time: 2.71s - Loss: critic_x=-0.0971, critic_z=-968.0137, encoder=-1760.6135, decoder=-0.6455
2026-04-18 02:31:07,479 - tadGANs - INFO - Epoch 500/500 - Time: 2.88s - Loss: critic_x=-0.0956, critic_z=-972.9588, encoder=-1763.0993, decoder=-0.6307
2026-04-18 02:31:07,492 - tadGANs - INFO - Models saved at epoch 500
2026-04-18 02:31:07,503 - tadGANs - INFO - Training completed in 1459.32s
2026-04-18 02:31:07,506 - tadGANs - INFO - Calculating anomaly scores
2026-04-18 02:33:09,975 - tadGANs - INFO - Using statistical threshold: 1.5786
2026-04-18 02:33:09,976 - tadGANs - INFO - Pruning false positives
2026-04-18 02:33:09,982 - tadGANs - INFO - Results saved to hybrid_results\GOLD_daily\stage1_tadgan\tadgan_results.csv
2026-04-18 03:23:29,390 - tadGANs - INFO - Processing hybrid_results\USOIL_daily\stage1_tadgan\signal_input.csv
2026-04-18 03:23:29,424 - tadGANs - INFO - Training new models
2026-04-18 03:23:29,427 - tadGANs - INFO - Starting training
2026-04-18 03:23:34,008 - tadGANs - INFO - Epoch 1/500 - Time: 4.57s - Loss: critic_x=-0.0359, critic_z=5.6457, encoder=1.0782, decoder=0.9321
2026-04-18 03:23:38,446 - tadGANs - INFO - Epoch 2/500 - Time: 4.44s - Loss: critic_x=-0.1790, critic_z=5.2837, encoder=1.0678, decoder=0.9373
2026-04-18 03:23:42,834 - tadGANs - INFO - Epoch 3/500 - Time: 4.39s - Loss: critic_x=-0.3173, critic_z=4.9150, encoder=1.0524, decoder=0.9420
2026-04-18 03:23:46,238 - tadGANs - INFO - Epoch 4/500 - Time: 3.40s - Loss: critic_x=-0.4487, critic_z=4.5337, encoder=1.0174, decoder=0.9310
2026-04-18 03:23:49,786 - tadGANs - INFO - Epoch 5/500 - Time: 3.55s - Loss: critic_x=-0.5646, critic_z=4.1198, encoder=0.9944, decoder=0.9399
2026-04-18 03:23:53,181 - tadGANs - INFO - Epoch 6/500 - Time: 3.39s - Loss: critic_x=-0.6576, critic_z=3.6858, encoder=0.9534, decoder=0.9402
2026-04-18 03:23:56,777 - tadGANs - INFO - Epoch 7/500 - Time: 3.59s - Loss: critic_x=-0.7305, critic_z=3.2399, encoder=0.8987, decoder=0.9439
2026-04-18 03:24:00,313 - tadGANs - INFO - Epoch 8/500 - Time: 3.54s - Loss: critic_x=-0.7851, critic_z=2.7762, encoder=0.8264, decoder=0.9478
2026-04-18 03:24:03,681 - tadGANs - INFO - Epoch 9/500 - Time: 3.37s - Loss: critic_x=-0.8246, critic_z=2.3078, encoder=0.7245, decoder=0.9421
2026-04-18 03:24:07,154 - tadGANs - INFO - Epoch 10/500 - Time: 3.47s - Loss: critic_x=-0.8545, critic_z=1.8160, encoder=0.6102, decoder=0.9535
2026-04-18 03:24:07,169 - tadGANs - INFO - Models saved at epoch 10
2026-04-18 03:24:10,565 - tadGANs - INFO - Epoch 11/500 - Time: 3.40s - Loss: critic_x=-0.8770, critic_z=1.3260, encoder=0.4494, decoder=0.9547
2026-04-18 03:24:14,189 - tadGANs - INFO - Epoch 12/500 - Time: 3.62s - Loss: critic_x=-0.8944, critic_z=0.7914, encoder=0.2521, decoder=0.9578
2026-04-18 03:24:17,995 - tadGANs - INFO - Epoch 13/500 - Time: 3.81s - Loss: critic_x=-0.9020, critic_z=0.2836, encoder=0.0168, decoder=0.9597
2026-04-18 03:24:21,631 - tadGANs - INFO - Epoch 14/500 - Time: 3.64s - Loss: critic_x=-0.9094, critic_z=-0.2371, encoder=-0.2646, decoder=0.9586
2026-04-18 03:24:25,132 - tadGANs - INFO - Epoch 15/500 - Time: 3.50s - Loss: critic_x=-0.9177, critic_z=-0.7360, encoder=-0.5821, decoder=0.9634
2026-04-18 03:24:28,990 - tadGANs - INFO - Epoch 16/500 - Time: 3.86s - Loss: critic_x=-0.9226, critic_z=-1.2668, encoder=-0.9472, decoder=0.9553
2026-04-18 03:24:32,526 - tadGANs - INFO - Epoch 17/500 - Time: 3.54s - Loss: critic_x=-0.9246, critic_z=-1.7567, encoder=-1.3494, decoder=0.9677
2026-04-18 03:24:36,209 - tadGANs - INFO - Epoch 18/500 - Time: 3.68s - Loss: critic_x=-0.9298, critic_z=-2.2955, encoder=-1.7952, decoder=0.9558
2026-04-18 03:24:39,512 - tadGANs - INFO - Epoch 19/500 - Time: 3.30s - Loss: critic_x=-0.9294, critic_z=-2.8067, encoder=-2.2809, decoder=0.9571
2026-04-18 03:24:43,038 - tadGANs - INFO - Epoch 20/500 - Time: 3.53s - Loss: critic_x=-0.9273, critic_z=-3.3601, encoder=-2.8025, decoder=0.9467
2026-04-18 03:24:43,062 - tadGANs - INFO - Models saved at epoch 20
2026-04-18 03:24:46,351 - tadGANs - INFO - Epoch 21/500 - Time: 3.29s - Loss: critic_x=-0.9224, critic_z=-3.8844, encoder=-3.3501, decoder=0.9467
2026-04-18 03:24:49,527 - tadGANs - INFO - Epoch 22/500 - Time: 3.17s - Loss: critic_x=-0.9203, critic_z=-4.4384, encoder=-3.9729, decoder=0.9343
2026-04-18 03:24:52,553 - tadGANs - INFO - Epoch 23/500 - Time: 3.03s - Loss: critic_x=-0.9133, critic_z=-4.9987, encoder=-4.5755, decoder=0.9293
2026-04-18 03:24:55,569 - tadGANs - INFO - Epoch 24/500 - Time: 3.01s - Loss: critic_x=-0.9069, critic_z=-5.5830, encoder=-5.2471, decoder=0.9243
2026-04-18 03:24:58,625 - tadGANs - INFO - Epoch 25/500 - Time: 3.06s - Loss: critic_x=-0.8972, critic_z=-6.1282, encoder=-5.9291, decoder=0.9137
2026-04-18 03:25:01,887 - tadGANs - INFO - Epoch 26/500 - Time: 3.26s - Loss: critic_x=-0.8832, critic_z=-6.7008, encoder=-6.6152, decoder=0.8991
2026-04-18 03:25:04,957 - tadGANs - INFO - Epoch 27/500 - Time: 3.07s - Loss: critic_x=-0.8704, critic_z=-7.2819, encoder=-7.3578, decoder=0.8838
2026-04-18 03:25:08,177 - tadGANs - INFO - Epoch 28/500 - Time: 3.22s - Loss: critic_x=-0.8551, critic_z=-7.8683, encoder=-8.1318, decoder=0.8727
2026-04-18 03:25:11,368 - tadGANs - INFO - Epoch 29/500 - Time: 3.19s - Loss: critic_x=-0.8380, critic_z=-8.4685, encoder=-8.9099, decoder=0.8587
2026-04-18 03:25:14,903 - tadGANs - INFO - Epoch 30/500 - Time: 3.53s - Loss: critic_x=-0.8196, critic_z=-9.1159, encoder=-9.6787, decoder=0.8323
2026-04-18 03:25:14,918 - tadGANs - INFO - Models saved at epoch 30
2026-04-18 03:25:18,670 - tadGANs - INFO - Epoch 31/500 - Time: 3.75s - Loss: critic_x=-0.8000, critic_z=-9.7158, encoder=-10.5061, decoder=0.8219
2026-04-18 03:25:21,850 - tadGANs - INFO - Epoch 32/500 - Time: 3.18s - Loss: critic_x=-0.7800, critic_z=-10.3338, encoder=-11.3315, decoder=0.8118
2026-04-18 03:25:25,198 - tadGANs - INFO - Epoch 33/500 - Time: 3.35s - Loss: critic_x=-0.7634, critic_z=-10.9550, encoder=-12.1266, decoder=0.8109
2026-04-18 03:25:28,584 - tadGANs - INFO - Epoch 34/500 - Time: 3.39s - Loss: critic_x=-0.7442, critic_z=-11.5782, encoder=-12.9751, decoder=0.8138
2026-04-18 03:25:31,957 - tadGANs - INFO - Epoch 35/500 - Time: 3.37s - Loss: critic_x=-0.7333, critic_z=-12.2136, encoder=-13.8406, decoder=0.8294
2026-04-18 03:25:35,436 - tadGANs - INFO - Epoch 36/500 - Time: 3.48s - Loss: critic_x=-0.7249, critic_z=-12.8610, encoder=-14.7137, decoder=0.8554
2026-04-18 03:25:38,533 - tadGANs - INFO - Epoch 37/500 - Time: 3.10s - Loss: critic_x=-0.7187, critic_z=-13.4744, encoder=-15.5589, decoder=0.8902
2026-04-18 03:25:41,930 - tadGANs - INFO - Epoch 38/500 - Time: 3.40s - Loss: critic_x=-0.7147, critic_z=-14.1790, encoder=-16.5119, decoder=0.9322
2026-04-18 03:25:44,994 - tadGANs - INFO - Epoch 39/500 - Time: 3.06s - Loss: critic_x=-0.7136, critic_z=-14.8344, encoder=-17.4569, decoder=0.9631
2026-04-18 03:25:48,095 - tadGANs - INFO - Epoch 40/500 - Time: 3.10s - Loss: critic_x=-0.7137, critic_z=-15.5105, encoder=-18.3336, decoder=0.9917
2026-04-18 03:25:48,109 - tadGANs - INFO - Models saved at epoch 40
2026-04-18 03:25:51,196 - tadGANs - INFO - Epoch 41/500 - Time: 3.09s - Loss: critic_x=-0.7158, critic_z=-16.1639, encoder=-19.2423, decoder=1.0276
2026-04-18 03:25:54,600 - tadGANs - INFO - Epoch 42/500 - Time: 3.40s - Loss: critic_x=-0.7171, critic_z=-16.8299, encoder=-20.2697, decoder=1.0503
2026-04-18 03:25:59,102 - tadGANs - INFO - Epoch 43/500 - Time: 4.50s - Loss: critic_x=-0.7140, critic_z=-17.4964, encoder=-21.3028, decoder=1.0671
2026-04-18 03:26:02,194 - tadGANs - INFO - Epoch 44/500 - Time: 3.09s - Loss: critic_x=-0.7198, critic_z=-18.1852, encoder=-22.2099, decoder=1.0864
2026-04-18 03:26:05,537 - tadGANs - INFO - Epoch 45/500 - Time: 3.34s - Loss: critic_x=-0.7246, critic_z=-18.8764, encoder=-23.1506, decoder=1.0794
2026-04-18 03:26:08,742 - tadGANs - INFO - Epoch 46/500 - Time: 3.20s - Loss: critic_x=-0.7297, critic_z=-19.6013, encoder=-24.2099, decoder=1.0997
2026-04-18 03:26:11,810 - tadGANs - INFO - Epoch 47/500 - Time: 3.07s - Loss: critic_x=-0.7316, critic_z=-20.2539, encoder=-25.1760, decoder=1.1137
2026-04-18 03:26:14,741 - tadGANs - INFO - Epoch 48/500 - Time: 2.93s - Loss: critic_x=-0.7346, critic_z=-20.9626, encoder=-26.1685, decoder=1.1122
2026-04-18 03:26:17,778 - tadGANs - INFO - Epoch 49/500 - Time: 3.04s - Loss: critic_x=-0.7392, critic_z=-21.7119, encoder=-27.1648, decoder=1.1155
2026-04-18 03:26:20,887 - tadGANs - INFO - Epoch 50/500 - Time: 3.11s - Loss: critic_x=-0.7423, critic_z=-22.4113, encoder=-28.3129, decoder=1.1183
2026-04-18 03:26:20,909 - tadGANs - INFO - Models saved at epoch 50
2026-04-18 03:26:24,072 - tadGANs - INFO - Epoch 51/500 - Time: 3.16s - Loss: critic_x=-0.7469, critic_z=-23.1090, encoder=-29.2840, decoder=1.1231
2026-04-18 03:26:27,102 - tadGANs - INFO - Epoch 52/500 - Time: 3.03s - Loss: critic_x=-0.7513, critic_z=-23.8683, encoder=-30.3406, decoder=1.1193
2026-04-18 03:26:30,164 - tadGANs - INFO - Epoch 53/500 - Time: 3.06s - Loss: critic_x=-0.7579, critic_z=-24.6198, encoder=-31.4029, decoder=1.1114
2026-04-18 03:26:33,237 - tadGANs - INFO - Epoch 54/500 - Time: 3.07s - Loss: critic_x=-0.7607, critic_z=-25.3526, encoder=-32.6444, decoder=1.1092
2026-04-18 03:26:36,208 - tadGANs - INFO - Epoch 55/500 - Time: 2.97s - Loss: critic_x=-0.7658, critic_z=-26.0845, encoder=-33.7296, decoder=1.1095
2026-04-18 03:26:39,315 - tadGANs - INFO - Epoch 56/500 - Time: 3.11s - Loss: critic_x=-0.7689, critic_z=-26.7694, encoder=-34.7411, decoder=1.1058
2026-04-18 03:26:42,484 - tadGANs - INFO - Epoch 57/500 - Time: 3.17s - Loss: critic_x=-0.7748, critic_z=-27.6009, encoder=-35.8824, decoder=1.1077
2026-04-18 03:26:45,385 - tadGANs - INFO - Epoch 58/500 - Time: 2.90s - Loss: critic_x=-0.7774, critic_z=-28.2979, encoder=-36.9976, decoder=1.1070
2026-04-18 03:26:48,456 - tadGANs - INFO - Epoch 59/500 - Time: 3.07s - Loss: critic_x=-0.7806, critic_z=-29.0918, encoder=-38.1343, decoder=1.1061
2026-04-18 03:26:51,503 - tadGANs - INFO - Epoch 60/500 - Time: 3.05s - Loss: critic_x=-0.7852, critic_z=-29.9012, encoder=-39.3044, decoder=1.1093
2026-04-18 03:26:51,517 - tadGANs - INFO - Models saved at epoch 60
2026-04-18 03:26:54,601 - tadGANs - INFO - Epoch 61/500 - Time: 3.08s - Loss: critic_x=-0.7923, critic_z=-30.6716, encoder=-40.5448, decoder=1.0984
2026-04-18 03:26:57,716 - tadGANs - INFO - Epoch 62/500 - Time: 3.12s - Loss: critic_x=-0.7962, critic_z=-31.4294, encoder=-41.6280, decoder=1.0960
2026-04-18 03:27:00,648 - tadGANs - INFO - Epoch 63/500 - Time: 2.93s - Loss: critic_x=-0.7981, critic_z=-32.2332, encoder=-42.7640, decoder=1.0823
2026-04-18 03:27:03,606 - tadGANs - INFO - Epoch 64/500 - Time: 2.96s - Loss: critic_x=-0.8017, critic_z=-33.0054, encoder=-43.9743, decoder=1.0684
2026-04-18 03:27:06,614 - tadGANs - INFO - Epoch 65/500 - Time: 3.01s - Loss: critic_x=-0.8036, critic_z=-33.7759, encoder=-45.1660, decoder=1.0607
2026-04-18 03:27:09,498 - tadGANs - INFO - Epoch 66/500 - Time: 2.88s - Loss: critic_x=-0.8063, critic_z=-34.6201, encoder=-46.3916, decoder=1.0614
2026-04-18 03:27:12,650 - tadGANs - INFO - Epoch 67/500 - Time: 3.15s - Loss: critic_x=-0.8081, critic_z=-35.4506, encoder=-47.6729, decoder=1.0591
2026-04-18 03:27:16,371 - tadGANs - INFO - Epoch 68/500 - Time: 3.72s - Loss: critic_x=-0.8091, critic_z=-36.2145, encoder=-49.1260, decoder=1.0749
2026-04-18 03:27:19,866 - tadGANs - INFO - Epoch 69/500 - Time: 3.49s - Loss: critic_x=-0.8091, critic_z=-37.0551, encoder=-50.3335, decoder=1.0632
2026-04-18 03:27:23,398 - tadGANs - INFO - Epoch 70/500 - Time: 3.53s - Loss: critic_x=-0.8101, critic_z=-37.8671, encoder=-51.5647, decoder=1.0605
2026-04-18 03:27:23,412 - tadGANs - INFO - Models saved at epoch 70
2026-04-18 03:27:27,057 - tadGANs - INFO - Epoch 71/500 - Time: 3.64s - Loss: critic_x=-0.8152, critic_z=-38.7823, encoder=-52.8804, decoder=1.0355
2026-04-18 03:27:30,727 - tadGANs - INFO - Epoch 72/500 - Time: 3.67s - Loss: critic_x=-0.8124, critic_z=-39.6439, encoder=-54.3068, decoder=1.0379
2026-04-18 03:27:34,185 - tadGANs - INFO - Epoch 73/500 - Time: 3.46s - Loss: critic_x=-0.8121, critic_z=-40.4371, encoder=-55.5324, decoder=1.0272
2026-04-18 03:27:37,737 - tadGANs - INFO - Epoch 74/500 - Time: 3.55s - Loss: critic_x=-0.8072, critic_z=-41.3125, encoder=-56.8806, decoder=1.0191
2026-04-18 03:27:41,277 - tadGANs - INFO - Epoch 75/500 - Time: 3.54s - Loss: critic_x=-0.8069, critic_z=-42.2058, encoder=-58.3501, decoder=1.0283
2026-04-18 03:27:44,449 - tadGANs - INFO - Epoch 76/500 - Time: 3.17s - Loss: critic_x=-0.8016, critic_z=-43.0239, encoder=-59.5945, decoder=1.0072
2026-04-18 03:27:47,675 - tadGANs - INFO - Epoch 77/500 - Time: 3.23s - Loss: critic_x=-0.7986, critic_z=-43.9319, encoder=-60.9861, decoder=0.9944
2026-04-18 03:27:50,717 - tadGANs - INFO - Epoch 78/500 - Time: 3.04s - Loss: critic_x=-0.7972, critic_z=-44.7244, encoder=-62.3145, decoder=0.9908
2026-04-18 03:27:53,775 - tadGANs - INFO - Epoch 79/500 - Time: 3.06s - Loss: critic_x=-0.7919, critic_z=-45.6711, encoder=-63.7388, decoder=0.9790
2026-04-18 03:27:56,700 - tadGANs - INFO - Epoch 80/500 - Time: 2.92s - Loss: critic_x=-0.7854, critic_z=-46.4834, encoder=-65.0760, decoder=0.9740
2026-04-18 03:27:56,714 - tadGANs - INFO - Models saved at epoch 80
2026-04-18 03:27:59,678 - tadGANs - INFO - Epoch 81/500 - Time: 2.96s - Loss: critic_x=-0.7848, critic_z=-47.5444, encoder=-66.4739, decoder=0.9647
2026-04-18 03:28:02,719 - tadGANs - INFO - Epoch 82/500 - Time: 3.04s - Loss: critic_x=-0.7820, critic_z=-48.1569, encoder=-67.8316, decoder=0.9629
2026-04-18 03:28:05,801 - tadGANs - INFO - Epoch 83/500 - Time: 3.08s - Loss: critic_x=-0.7758, critic_z=-49.2451, encoder=-69.4393, decoder=0.9484
2026-04-18 03:28:08,894 - tadGANs - INFO - Epoch 84/500 - Time: 3.09s - Loss: critic_x=-0.7671, critic_z=-50.0780, encoder=-70.7481, decoder=0.9515
2026-04-18 03:28:11,852 - tadGANs - INFO - Epoch 85/500 - Time: 2.96s - Loss: critic_x=-0.7612, critic_z=-50.9382, encoder=-72.1126, decoder=0.9297
2026-04-18 03:28:15,194 - tadGANs - INFO - Epoch 86/500 - Time: 3.34s - Loss: critic_x=-0.7538, critic_z=-51.8899, encoder=-73.7259, decoder=0.9393
2026-04-18 03:28:18,722 - tadGANs - INFO - Epoch 87/500 - Time: 3.53s - Loss: critic_x=-0.7532, critic_z=-52.7734, encoder=-75.0211, decoder=0.9348
2026-04-18 03:28:22,021 - tadGANs - INFO - Epoch 88/500 - Time: 3.30s - Loss: critic_x=-0.7449, critic_z=-53.7891, encoder=-76.5702, decoder=0.9195
2026-04-18 03:28:25,277 - tadGANs - INFO - Epoch 89/500 - Time: 3.26s - Loss: critic_x=-0.7389, critic_z=-54.6506, encoder=-78.0983, decoder=0.9289
2026-04-18 03:28:28,679 - tadGANs - INFO - Epoch 90/500 - Time: 3.40s - Loss: critic_x=-0.7324, critic_z=-55.6145, encoder=-79.4077, decoder=0.9146
2026-04-18 03:28:28,701 - tadGANs - INFO - Models saved at epoch 90
2026-04-18 03:28:32,008 - tadGANs - INFO - Epoch 91/500 - Time: 3.31s - Loss: critic_x=-0.7255, critic_z=-56.5988, encoder=-81.2543, decoder=0.9010
2026-04-18 03:28:35,413 - tadGANs - INFO - Epoch 92/500 - Time: 3.41s - Loss: critic_x=-0.7166, critic_z=-57.4899, encoder=-82.4782, decoder=0.8811
2026-04-18 03:28:38,977 - tadGANs - INFO - Epoch 93/500 - Time: 3.56s - Loss: critic_x=-0.7092, critic_z=-58.4617, encoder=-84.4242, decoder=0.8790
2026-04-18 03:28:42,342 - tadGANs - INFO - Epoch 94/500 - Time: 3.36s - Loss: critic_x=-0.7070, critic_z=-59.4529, encoder=-85.6213, decoder=0.8611
2026-04-18 03:28:45,251 - tadGANs - INFO - Epoch 95/500 - Time: 2.91s - Loss: critic_x=-0.7056, critic_z=-60.3614, encoder=-87.2751, decoder=0.8720
2026-04-18 03:28:47,991 - tadGANs - INFO - Epoch 96/500 - Time: 2.74s - Loss: critic_x=-0.6891, critic_z=-61.2268, encoder=-88.9107, decoder=0.8633
2026-04-18 03:28:50,815 - tadGANs - INFO - Epoch 97/500 - Time: 2.82s - Loss: critic_x=-0.6847, critic_z=-62.2733, encoder=-90.4004, decoder=0.8441
2026-04-18 03:28:53,706 - tadGANs - INFO - Epoch 98/500 - Time: 2.89s - Loss: critic_x=-0.6786, critic_z=-63.2449, encoder=-91.8972, decoder=0.8441
2026-04-18 03:28:56,714 - tadGANs - INFO - Epoch 99/500 - Time: 3.01s - Loss: critic_x=-0.6639, critic_z=-64.2952, encoder=-93.5141, decoder=0.8415
2026-04-18 03:28:59,616 - tadGANs - INFO - Epoch 100/500 - Time: 2.90s - Loss: critic_x=-0.6677, critic_z=-65.2891, encoder=-95.2684, decoder=0.8276
2026-04-18 03:28:59,630 - tadGANs - INFO - Models saved at epoch 100
2026-04-18 03:29:02,547 - tadGANs - INFO - Epoch 101/500 - Time: 2.92s - Loss: critic_x=-0.6544, critic_z=-66.2364, encoder=-97.0612, decoder=0.8189
2026-04-18 03:29:05,448 - tadGANs - INFO - Epoch 102/500 - Time: 2.90s - Loss: critic_x=-0.6474, critic_z=-67.1650, encoder=-98.6525, decoder=0.8123
2026-04-18 03:29:08,362 - tadGANs - INFO - Epoch 103/500 - Time: 2.91s - Loss: critic_x=-0.6459, critic_z=-68.2210, encoder=-100.3159, decoder=0.7988
2026-04-18 03:29:11,318 - tadGANs - INFO - Epoch 104/500 - Time: 2.96s - Loss: critic_x=-0.6312, critic_z=-69.1952, encoder=-101.8106, decoder=0.7971
2026-04-18 03:29:14,138 - tadGANs - INFO - Epoch 105/500 - Time: 2.82s - Loss: critic_x=-0.6343, critic_z=-70.3772, encoder=-103.3470, decoder=0.8010
2026-04-18 03:29:17,193 - tadGANs - INFO - Epoch 106/500 - Time: 3.06s - Loss: critic_x=-0.6198, critic_z=-71.2457, encoder=-105.2229, decoder=0.7789
2026-04-18 03:29:20,219 - tadGANs - INFO - Epoch 107/500 - Time: 3.03s - Loss: critic_x=-0.6123, critic_z=-72.2156, encoder=-106.9458, decoder=0.7883
2026-04-18 03:29:23,481 - tadGANs - INFO - Epoch 108/500 - Time: 3.26s - Loss: critic_x=-0.6003, critic_z=-73.3300, encoder=-108.5340, decoder=0.7658
2026-04-18 03:29:26,572 - tadGANs - INFO - Epoch 109/500 - Time: 3.09s - Loss: critic_x=-0.5946, critic_z=-74.2609, encoder=-110.4203, decoder=0.7765
2026-04-18 03:29:29,507 - tadGANs - INFO - Epoch 110/500 - Time: 2.93s - Loss: critic_x=-0.5944, critic_z=-75.4824, encoder=-111.7880, decoder=0.7665
2026-04-18 03:29:29,521 - tadGANs - INFO - Models saved at epoch 110
2026-04-18 03:29:32,619 - tadGANs - INFO - Epoch 111/500 - Time: 3.10s - Loss: critic_x=-0.5871, critic_z=-76.4457, encoder=-113.8271, decoder=0.7659
2026-04-18 03:29:35,500 - tadGANs - INFO - Epoch 112/500 - Time: 2.88s - Loss: critic_x=-0.5753, critic_z=-77.4308, encoder=-115.7188, decoder=0.7478
2026-04-18 03:29:38,661 - tadGANs - INFO - Epoch 113/500 - Time: 3.16s - Loss: critic_x=-0.5628, critic_z=-78.5550, encoder=-117.5323, decoder=0.7340
2026-04-18 03:29:41,672 - tadGANs - INFO - Epoch 114/500 - Time: 3.01s - Loss: critic_x=-0.5596, critic_z=-79.6729, encoder=-119.1534, decoder=0.7367
2026-04-18 03:29:44,817 - tadGANs - INFO - Epoch 115/500 - Time: 3.14s - Loss: critic_x=-0.5551, critic_z=-80.5504, encoder=-120.6812, decoder=0.7348
2026-04-18 03:29:47,935 - tadGANs - INFO - Epoch 116/500 - Time: 3.12s - Loss: critic_x=-0.5414, critic_z=-81.6481, encoder=-122.7523, decoder=0.7181
2026-04-18 03:29:50,872 - tadGANs - INFO - Epoch 117/500 - Time: 2.94s - Loss: critic_x=-0.5256, critic_z=-82.7468, encoder=-124.4662, decoder=0.7007
2026-04-18 03:29:53,853 - tadGANs - INFO - Epoch 118/500 - Time: 2.98s - Loss: critic_x=-0.5268, critic_z=-83.8618, encoder=-126.3512, decoder=0.7179
2026-04-18 03:29:56,822 - tadGANs - INFO - Epoch 119/500 - Time: 2.97s - Loss: critic_x=-0.5192, critic_z=-84.9102, encoder=-128.0958, decoder=0.7023
2026-04-18 03:29:59,732 - tadGANs - INFO - Epoch 120/500 - Time: 2.91s - Loss: critic_x=-0.5141, critic_z=-85.9653, encoder=-130.0441, decoder=0.7034
2026-04-18 03:29:59,746 - tadGANs - INFO - Models saved at epoch 120
2026-04-18 03:30:03,017 - tadGANs - INFO - Epoch 121/500 - Time: 3.27s - Loss: critic_x=-0.4990, critic_z=-87.1332, encoder=-131.6477, decoder=0.6930
2026-04-18 03:30:06,367 - tadGANs - INFO - Epoch 122/500 - Time: 3.35s - Loss: critic_x=-0.4885, critic_z=-88.1325, encoder=-133.6688, decoder=0.6858
2026-04-18 03:30:09,452 - tadGANs - INFO - Epoch 123/500 - Time: 3.09s - Loss: critic_x=-0.4855, critic_z=-89.2239, encoder=-135.4297, decoder=0.6843
2026-04-18 03:30:12,872 - tadGANs - INFO - Epoch 124/500 - Time: 3.42s - Loss: critic_x=-0.4739, critic_z=-90.3580, encoder=-136.9021, decoder=0.6997
2026-04-18 03:30:15,789 - tadGANs - INFO - Epoch 125/500 - Time: 2.92s - Loss: critic_x=-0.4625, critic_z=-91.4996, encoder=-139.1281, decoder=0.6773
2026-04-18 03:30:18,617 - tadGANs - INFO - Epoch 126/500 - Time: 2.83s - Loss: critic_x=-0.4573, critic_z=-92.8590, encoder=-140.9896, decoder=0.6589
2026-04-18 03:30:21,788 - tadGANs - INFO - Epoch 127/500 - Time: 3.17s - Loss: critic_x=-0.4466, critic_z=-93.7776, encoder=-142.6239, decoder=0.6629
2026-04-18 03:30:24,736 - tadGANs - INFO - Epoch 128/500 - Time: 2.95s - Loss: critic_x=-0.4270, critic_z=-94.8098, encoder=-144.7320, decoder=0.6419
2026-04-18 03:30:27,755 - tadGANs - INFO - Epoch 129/500 - Time: 3.02s - Loss: critic_x=-0.4226, critic_z=-96.1175, encoder=-146.5707, decoder=0.6271
2026-04-18 03:30:30,770 - tadGANs - INFO - Epoch 130/500 - Time: 3.01s - Loss: critic_x=-0.4033, critic_z=-96.9611, encoder=-148.4836, decoder=0.6254
2026-04-18 03:30:30,793 - tadGANs - INFO - Models saved at epoch 130
2026-04-18 03:30:33,800 - tadGANs - INFO - Epoch 131/500 - Time: 3.01s - Loss: critic_x=-0.3981, critic_z=-98.2191, encoder=-150.4024, decoder=0.6137
2026-04-18 03:30:36,830 - tadGANs - INFO - Epoch 132/500 - Time: 3.03s - Loss: critic_x=-0.3919, critic_z=-99.3257, encoder=-152.4233, decoder=0.6252
2026-04-18 03:30:39,908 - tadGANs - INFO - Epoch 133/500 - Time: 3.08s - Loss: critic_x=-0.3699, critic_z=-100.4629, encoder=-154.2979, decoder=0.5879
2026-04-18 03:30:42,958 - tadGANs - INFO - Epoch 134/500 - Time: 3.05s - Loss: critic_x=-0.3570, critic_z=-101.7845, encoder=-156.5567, decoder=0.6091
2026-04-18 03:30:45,974 - tadGANs - INFO - Epoch 135/500 - Time: 3.02s - Loss: critic_x=-0.3543, critic_z=-102.6613, encoder=-158.0477, decoder=0.6051
2026-04-18 03:30:48,970 - tadGANs - INFO - Epoch 136/500 - Time: 3.00s - Loss: critic_x=-0.3267, critic_z=-103.7393, encoder=-160.3980, decoder=0.5916
2026-04-18 03:30:52,041 - tadGANs - INFO - Epoch 137/500 - Time: 3.07s - Loss: critic_x=-0.3197, critic_z=-105.2261, encoder=-162.2581, decoder=0.5692
2026-04-18 03:30:54,955 - tadGANs - INFO - Epoch 138/500 - Time: 2.91s - Loss: critic_x=-0.3005, critic_z=-106.3554, encoder=-164.1722, decoder=0.5817
2026-04-18 03:30:57,992 - tadGANs - INFO - Epoch 139/500 - Time: 3.04s - Loss: critic_x=-0.2873, critic_z=-107.5347, encoder=-166.1149, decoder=0.5504
2026-04-18 03:31:00,917 - tadGANs - INFO - Epoch 140/500 - Time: 2.93s - Loss: critic_x=-0.2784, critic_z=-108.7116, encoder=-168.4602, decoder=0.5520
2026-04-18 03:31:00,931 - tadGANs - INFO - Models saved at epoch 140
2026-04-18 03:31:04,004 - tadGANs - INFO - Epoch 141/500 - Time: 3.07s - Loss: critic_x=-0.2542, critic_z=-109.4626, encoder=-170.0476, decoder=0.5554
2026-04-18 03:31:07,030 - tadGANs - INFO - Epoch 142/500 - Time: 3.03s - Loss: critic_x=-0.2410, critic_z=-111.2435, encoder=-172.8247, decoder=0.5159
2026-04-18 03:31:09,978 - tadGANs - INFO - Epoch 143/500 - Time: 2.95s - Loss: critic_x=-0.2275, critic_z=-112.1156, encoder=-173.9436, decoder=0.5492
2026-04-18 03:31:13,146 - tadGANs - INFO - Epoch 144/500 - Time: 3.17s - Loss: critic_x=-0.2145, critic_z=-113.3590, encoder=-176.3504, decoder=0.5553
2026-04-18 03:31:16,715 - tadGANs - INFO - Epoch 145/500 - Time: 3.57s - Loss: critic_x=-0.1955, critic_z=-114.6769, encoder=-178.4177, decoder=0.5570
2026-04-18 03:31:20,403 - tadGANs - INFO - Epoch 146/500 - Time: 3.69s - Loss: critic_x=-0.1889, critic_z=-115.7589, encoder=-180.4284, decoder=0.5593
2026-04-18 03:31:23,969 - tadGANs - INFO - Epoch 147/500 - Time: 3.57s - Loss: critic_x=-0.1882, critic_z=-117.1854, encoder=-182.7957, decoder=0.5676
2026-04-18 03:31:27,472 - tadGANs - INFO - Epoch 148/500 - Time: 3.50s - Loss: critic_x=-0.1774, critic_z=-118.1832, encoder=-184.6004, decoder=0.6177
2026-04-18 03:31:31,262 - tadGANs - INFO - Epoch 149/500 - Time: 3.79s - Loss: critic_x=-0.1790, critic_z=-119.4746, encoder=-186.6402, decoder=0.6607
2026-04-18 03:31:34,566 - tadGANs - INFO - Epoch 150/500 - Time: 3.30s - Loss: critic_x=-0.1879, critic_z=-120.6330, encoder=-188.7573, decoder=0.7096
2026-04-18 03:31:34,579 - tadGANs - INFO - Models saved at epoch 150
2026-04-18 03:31:38,111 - tadGANs - INFO - Epoch 151/500 - Time: 3.53s - Loss: critic_x=-0.1962, critic_z=-121.8845, encoder=-190.7911, decoder=0.7471
2026-04-18 03:31:41,704 - tadGANs - INFO - Epoch 152/500 - Time: 3.59s - Loss: critic_x=-0.1994, critic_z=-123.2993, encoder=-193.0649, decoder=0.7936
2026-04-18 03:31:45,128 - tadGANs - INFO - Epoch 153/500 - Time: 3.42s - Loss: critic_x=-0.2031, critic_z=-124.3357, encoder=-194.8612, decoder=0.8151
2026-04-18 03:31:48,150 - tadGANs - INFO - Epoch 154/500 - Time: 3.02s - Loss: critic_x=-0.2062, critic_z=-125.5510, encoder=-197.6532, decoder=0.8500
2026-04-18 03:31:51,220 - tadGANs - INFO - Epoch 155/500 - Time: 3.07s - Loss: critic_x=-0.2065, critic_z=-126.8160, encoder=-199.5227, decoder=0.8852
2026-04-18 03:31:54,222 - tadGANs - INFO - Epoch 156/500 - Time: 3.00s - Loss: critic_x=-0.2048, critic_z=-127.8940, encoder=-201.7651, decoder=0.8913
2026-04-18 03:31:57,362 - tadGANs - INFO - Epoch 157/500 - Time: 3.14s - Loss: critic_x=-0.2037, critic_z=-129.3537, encoder=-204.3168, decoder=0.9302
2026-04-18 03:32:00,590 - tadGANs - INFO - Epoch 158/500 - Time: 3.23s - Loss: critic_x=-0.2000, critic_z=-130.4857, encoder=-205.9045, decoder=0.9359
2026-04-18 03:32:03,700 - tadGANs - INFO - Epoch 159/500 - Time: 3.11s - Loss: critic_x=-0.1998, critic_z=-132.1015, encoder=-208.5623, decoder=0.9562
2026-04-18 03:32:06,719 - tadGANs - INFO - Epoch 160/500 - Time: 3.02s - Loss: critic_x=-0.1961, critic_z=-133.1136, encoder=-210.5988, decoder=0.9744
2026-04-18 03:32:06,732 - tadGANs - INFO - Models saved at epoch 160
2026-04-18 03:32:09,778 - tadGANs - INFO - Epoch 161/500 - Time: 3.05s - Loss: critic_x=-0.1922, critic_z=-134.2120, encoder=-212.6270, decoder=0.9730
2026-04-18 03:32:12,916 - tadGANs - INFO - Epoch 162/500 - Time: 3.14s - Loss: critic_x=-0.1894, critic_z=-135.6486, encoder=-214.9334, decoder=0.9809
2026-04-18 03:32:16,327 - tadGANs - INFO - Epoch 163/500 - Time: 3.41s - Loss: critic_x=-0.1851, critic_z=-136.9211, encoder=-216.9566, decoder=0.9992
2026-04-18 03:32:19,617 - tadGANs - INFO - Epoch 164/500 - Time: 3.29s - Loss: critic_x=-0.1827, critic_z=-138.1207, encoder=-219.2362, decoder=1.0070
2026-04-18 03:32:22,974 - tadGANs - INFO - Epoch 165/500 - Time: 3.36s - Loss: critic_x=-0.1784, critic_z=-139.7177, encoder=-221.6871, decoder=1.0176
2026-04-18 03:32:26,414 - tadGANs - INFO - Epoch 166/500 - Time: 3.44s - Loss: critic_x=-0.1757, critic_z=-140.8848, encoder=-224.0560, decoder=1.0159
2026-04-18 03:32:29,799 - tadGANs - INFO - Epoch 167/500 - Time: 3.38s - Loss: critic_x=-0.1753, critic_z=-142.4063, encoder=-226.5025, decoder=1.0160
2026-04-18 03:32:32,962 - tadGANs - INFO - Epoch 168/500 - Time: 3.16s - Loss: critic_x=-0.1762, critic_z=-143.3825, encoder=-228.6155, decoder=1.0088
2026-04-18 03:32:36,270 - tadGANs - INFO - Epoch 169/500 - Time: 3.31s - Loss: critic_x=-0.1803, critic_z=-145.0035, encoder=-230.6376, decoder=0.9956
2026-04-18 03:32:39,599 - tadGANs - INFO - Epoch 170/500 - Time: 3.33s - Loss: critic_x=-0.1836, critic_z=-146.3075, encoder=-233.0801, decoder=0.9904
2026-04-18 03:32:39,612 - tadGANs - INFO - Models saved at epoch 170
2026-04-18 03:32:42,685 - tadGANs - INFO - Epoch 171/500 - Time: 3.07s - Loss: critic_x=-0.1876, critic_z=-147.3406, encoder=-235.0442, decoder=0.9844
2026-04-18 03:32:45,562 - tadGANs - INFO - Epoch 172/500 - Time: 2.88s - Loss: critic_x=-0.1933, critic_z=-148.6894, encoder=-237.3577, decoder=0.9715
2026-04-18 03:32:48,254 - tadGANs - INFO - Epoch 173/500 - Time: 2.69s - Loss: critic_x=-0.1975, critic_z=-150.1392, encoder=-240.0119, decoder=0.9754
2026-04-18 03:32:51,152 - tadGANs - INFO - Epoch 174/500 - Time: 2.90s - Loss: critic_x=-0.2048, critic_z=-151.5191, encoder=-242.8819, decoder=0.9580
2026-04-18 03:32:54,029 - tadGANs - INFO - Epoch 175/500 - Time: 2.88s - Loss: critic_x=-0.2091, critic_z=-152.8249, encoder=-244.8659, decoder=0.9621
2026-04-18 03:32:56,914 - tadGANs - INFO - Epoch 176/500 - Time: 2.88s - Loss: critic_x=-0.2148, critic_z=-153.9969, encoder=-247.2532, decoder=0.9691
2026-04-18 03:32:59,745 - tadGANs - INFO - Epoch 177/500 - Time: 2.83s - Loss: critic_x=-0.2192, critic_z=-155.4886, encoder=-249.6339, decoder=0.9619
2026-04-18 03:33:02,819 - tadGANs - INFO - Epoch 178/500 - Time: 3.07s - Loss: critic_x=-0.2235, critic_z=-156.8870, encoder=-251.5260, decoder=0.9664
2026-04-18 03:33:06,085 - tadGANs - INFO - Epoch 179/500 - Time: 3.27s - Loss: critic_x=-0.2298, critic_z=-158.1960, encoder=-253.9549, decoder=0.9819
2026-04-18 03:33:09,596 - tadGANs - INFO - Epoch 180/500 - Time: 3.51s - Loss: critic_x=-0.2327, critic_z=-159.6039, encoder=-257.1425, decoder=0.9915
2026-04-18 03:33:09,623 - tadGANs - INFO - Models saved at epoch 180
2026-04-18 03:33:13,329 - tadGANs - INFO - Epoch 181/500 - Time: 3.71s - Loss: critic_x=-0.2365, critic_z=-160.9241, encoder=-259.6413, decoder=0.9784
2026-04-18 03:33:16,874 - tadGANs - INFO - Epoch 182/500 - Time: 3.55s - Loss: critic_x=-0.2384, critic_z=-162.1761, encoder=-261.3927, decoder=0.9998
2026-04-18 03:33:19,888 - tadGANs - INFO - Epoch 183/500 - Time: 3.01s - Loss: critic_x=-0.2421, critic_z=-163.5633, encoder=-263.9560, decoder=1.0052
2026-04-18 03:33:23,060 - tadGANs - INFO - Epoch 184/500 - Time: 3.17s - Loss: critic_x=-0.2445, critic_z=-164.8263, encoder=-265.6060, decoder=1.0149
2026-04-18 03:33:25,976 - tadGANs - INFO - Epoch 185/500 - Time: 2.92s - Loss: critic_x=-0.2467, critic_z=-166.4555, encoder=-268.6712, decoder=1.0265
2026-04-18 03:33:28,904 - tadGANs - INFO - Epoch 186/500 - Time: 2.93s - Loss: critic_x=-0.2486, critic_z=-167.9670, encoder=-271.6511, decoder=1.0281
2026-04-18 03:33:32,037 - tadGANs - INFO - Epoch 187/500 - Time: 3.13s - Loss: critic_x=-0.2511, critic_z=-169.3893, encoder=-274.3120, decoder=1.0346
2026-04-18 03:33:35,154 - tadGANs - INFO - Epoch 188/500 - Time: 3.12s - Loss: critic_x=-0.2530, critic_z=-170.5418, encoder=-275.9266, decoder=1.0189
2026-04-18 03:33:38,351 - tadGANs - INFO - Epoch 189/500 - Time: 3.20s - Loss: critic_x=-0.2538, critic_z=-172.0347, encoder=-279.2195, decoder=1.0241
2026-04-18 03:33:41,634 - tadGANs - INFO - Epoch 190/500 - Time: 3.28s - Loss: critic_x=-0.2552, critic_z=-173.5269, encoder=-281.1876, decoder=1.0172
2026-04-18 03:33:41,649 - tadGANs - INFO - Models saved at epoch 190
2026-04-18 03:33:44,699 - tadGANs - INFO - Epoch 191/500 - Time: 3.05s - Loss: critic_x=-0.2564, critic_z=-174.7063, encoder=-283.7833, decoder=1.0239
2026-04-18 03:33:47,791 - tadGANs - INFO - Epoch 192/500 - Time: 3.09s - Loss: critic_x=-0.2572, critic_z=-176.2897, encoder=-286.2606, decoder=1.0146
2026-04-18 03:33:50,767 - tadGANs - INFO - Epoch 193/500 - Time: 2.98s - Loss: critic_x=-0.2577, critic_z=-177.5968, encoder=-288.6217, decoder=1.0233
2026-04-18 03:33:53,786 - tadGANs - INFO - Epoch 194/500 - Time: 3.02s - Loss: critic_x=-0.2575, critic_z=-179.1649, encoder=-290.9897, decoder=1.0161
2026-04-18 03:33:56,680 - tadGANs - INFO - Epoch 195/500 - Time: 2.89s - Loss: critic_x=-0.2571, critic_z=-180.3684, encoder=-293.7411, decoder=1.0152
2026-04-18 03:33:59,741 - tadGANs - INFO - Epoch 196/500 - Time: 3.06s - Loss: critic_x=-0.2567, critic_z=-181.4526, encoder=-296.4806, decoder=1.0025
2026-04-18 03:34:02,773 - tadGANs - INFO - Epoch 197/500 - Time: 3.03s - Loss: critic_x=-0.2551, critic_z=-183.3008, encoder=-298.2339, decoder=1.0055
2026-04-18 03:34:05,669 - tadGANs - INFO - Epoch 198/500 - Time: 2.89s - Loss: critic_x=-0.2539, critic_z=-184.5386, encoder=-300.6303, decoder=1.0075
2026-04-18 03:34:08,582 - tadGANs - INFO - Epoch 199/500 - Time: 2.91s - Loss: critic_x=-0.2544, critic_z=-186.3419, encoder=-303.8111, decoder=1.0135
2026-04-18 03:34:11,558 - tadGANs - INFO - Epoch 200/500 - Time: 2.98s - Loss: critic_x=-0.2521, critic_z=-187.6242, encoder=-306.2319, decoder=1.0082
2026-04-18 03:34:11,572 - tadGANs - INFO - Models saved at epoch 200
2026-04-18 03:34:14,390 - tadGANs - INFO - Epoch 201/500 - Time: 2.82s - Loss: critic_x=-0.2509, critic_z=-189.2863, encoder=-308.7760, decoder=1.0018
2026-04-18 03:34:17,340 - tadGANs - INFO - Epoch 202/500 - Time: 2.95s - Loss: critic_x=-0.2502, critic_z=-190.7949, encoder=-311.5635, decoder=1.0018
2026-04-18 03:34:20,274 - tadGANs - INFO - Epoch 203/500 - Time: 2.93s - Loss: critic_x=-0.2473, critic_z=-192.1890, encoder=-314.3836, decoder=1.0004
2026-04-18 03:34:23,129 - tadGANs - INFO - Epoch 204/500 - Time: 2.86s - Loss: critic_x=-0.2480, critic_z=-193.4436, encoder=-317.1310, decoder=0.9879
2026-04-18 03:34:26,003 - tadGANs - INFO - Epoch 205/500 - Time: 2.87s - Loss: critic_x=-0.2464, critic_z=-195.4885, encoder=-319.4506, decoder=0.9765
2026-04-18 03:34:28,940 - tadGANs - INFO - Epoch 206/500 - Time: 2.94s - Loss: critic_x=-0.2454, critic_z=-196.5760, encoder=-321.6885, decoder=0.9821
2026-04-18 03:34:31,886 - tadGANs - INFO - Epoch 207/500 - Time: 2.94s - Loss: critic_x=-0.2438, critic_z=-198.2624, encoder=-325.9949, decoder=0.9826
2026-04-18 03:34:34,855 - tadGANs - INFO - Epoch 208/500 - Time: 2.97s - Loss: critic_x=-0.2425, critic_z=-199.7295, encoder=-327.7944, decoder=0.9838
2026-04-18 03:34:37,752 - tadGANs - INFO - Epoch 209/500 - Time: 2.90s - Loss: critic_x=-0.2409, critic_z=-201.0294, encoder=-330.4610, decoder=0.9827
2026-04-18 03:34:40,649 - tadGANs - INFO - Epoch 210/500 - Time: 2.90s - Loss: critic_x=-0.2396, critic_z=-202.7174, encoder=-333.6478, decoder=0.9927
2026-04-18 03:34:40,663 - tadGANs - INFO - Models saved at epoch 210
2026-04-18 03:34:43,580 - tadGANs - INFO - Epoch 211/500 - Time: 2.92s - Loss: critic_x=-0.2376, critic_z=-204.2426, encoder=-335.4923, decoder=0.9972
2026-04-18 03:34:46,429 - tadGANs - INFO - Epoch 212/500 - Time: 2.85s - Loss: critic_x=-0.2364, critic_z=-205.5619, encoder=-338.3417, decoder=0.9960
2026-04-18 03:34:49,282 - tadGANs - INFO - Epoch 213/500 - Time: 2.85s - Loss: critic_x=-0.2338, critic_z=-207.6718, encoder=-341.6108, decoder=0.9993
2026-04-18 03:34:52,270 - tadGANs - INFO - Epoch 214/500 - Time: 2.99s - Loss: critic_x=-0.2325, critic_z=-208.5166, encoder=-343.5259, decoder=0.9966
2026-04-18 03:34:55,128 - tadGANs - INFO - Epoch 215/500 - Time: 2.86s - Loss: critic_x=-0.2298, critic_z=-209.6682, encoder=-346.5751, decoder=0.9984
2026-04-18 03:34:58,062 - tadGANs - INFO - Epoch 216/500 - Time: 2.93s - Loss: critic_x=-0.2275, critic_z=-212.1266, encoder=-349.4427, decoder=0.9983
2026-04-18 03:35:00,995 - tadGANs - INFO - Epoch 217/500 - Time: 2.93s - Loss: critic_x=-0.2268, critic_z=-213.3495, encoder=-351.4590, decoder=0.9965
2026-04-18 03:35:04,055 - tadGANs - INFO - Epoch 218/500 - Time: 3.06s - Loss: critic_x=-0.2241, critic_z=-214.5908, encoder=-354.6051, decoder=0.9939
2026-04-18 03:35:07,015 - tadGANs - INFO - Epoch 219/500 - Time: 2.96s - Loss: critic_x=-0.2214, critic_z=-216.1153, encoder=-357.8281, decoder=1.0014
2026-04-18 03:35:10,085 - tadGANs - INFO - Epoch 220/500 - Time: 3.07s - Loss: critic_x=-0.2190, critic_z=-217.9702, encoder=-359.9434, decoder=0.9848
2026-04-18 03:35:10,099 - tadGANs - INFO - Models saved at epoch 220
2026-04-18 03:35:13,304 - tadGANs - INFO - Epoch 221/500 - Time: 3.21s - Loss: critic_x=-0.2141, critic_z=-219.8218, encoder=-363.3095, decoder=0.9907
2026-04-18 03:35:16,897 - tadGANs - INFO - Epoch 222/500 - Time: 3.59s - Loss: critic_x=-0.2100, critic_z=-221.1552, encoder=-366.4225, decoder=1.0005
2026-04-18 03:35:20,534 - tadGANs - INFO - Epoch 223/500 - Time: 3.64s - Loss: critic_x=-0.2078, critic_z=-222.3006, encoder=-368.2467, decoder=0.9812
2026-04-18 03:35:24,244 - tadGANs - INFO - Epoch 224/500 - Time: 3.71s - Loss: critic_x=-0.2032, critic_z=-224.3977, encoder=-371.8923, decoder=0.9711
2026-04-18 03:35:27,670 - tadGANs - INFO - Epoch 225/500 - Time: 3.43s - Loss: critic_x=-0.1990, critic_z=-225.5325, encoder=-374.2535, decoder=0.9671
2026-04-18 03:35:30,977 - tadGANs - INFO - Epoch 226/500 - Time: 3.31s - Loss: critic_x=-0.1949, critic_z=-227.2268, encoder=-377.3561, decoder=0.9603
2026-04-18 03:35:34,444 - tadGANs - INFO - Epoch 227/500 - Time: 3.47s - Loss: critic_x=-0.1911, critic_z=-228.8462, encoder=-380.0860, decoder=0.9593
2026-04-18 03:35:37,979 - tadGANs - INFO - Epoch 228/500 - Time: 3.54s - Loss: critic_x=-0.1848, critic_z=-230.6326, encoder=-382.3351, decoder=0.9552
2026-04-18 03:35:41,234 - tadGANs - INFO - Epoch 229/500 - Time: 3.25s - Loss: critic_x=-0.1792, critic_z=-231.8382, encoder=-385.7642, decoder=0.9534
2026-04-18 03:35:44,371 - tadGANs - INFO - Epoch 230/500 - Time: 3.14s - Loss: critic_x=-0.1744, critic_z=-233.8497, encoder=-389.1152, decoder=0.9474
2026-04-18 03:35:44,386 - tadGANs - INFO - Models saved at epoch 230
2026-04-18 03:35:47,246 - tadGANs - INFO - Epoch 231/500 - Time: 2.86s - Loss: critic_x=-0.1693, critic_z=-234.8134, encoder=-391.4138, decoder=0.9378
2026-04-18 03:35:50,224 - tadGANs - INFO - Epoch 232/500 - Time: 2.98s - Loss: critic_x=-0.1613, critic_z=-236.8833, encoder=-393.8688, decoder=0.9342
2026-04-18 03:35:53,163 - tadGANs - INFO - Epoch 233/500 - Time: 2.94s - Loss: critic_x=-0.1530, critic_z=-238.4343, encoder=-397.4576, decoder=0.9341
2026-04-18 03:35:56,094 - tadGANs - INFO - Epoch 234/500 - Time: 2.93s - Loss: critic_x=-0.1489, critic_z=-239.7642, encoder=-400.3342, decoder=0.9329
2026-04-18 03:35:58,999 - tadGANs - INFO - Epoch 235/500 - Time: 2.90s - Loss: critic_x=-0.1398, critic_z=-241.8876, encoder=-402.9051, decoder=0.9179
2026-04-18 03:36:02,003 - tadGANs - INFO - Epoch 236/500 - Time: 3.00s - Loss: critic_x=-0.1329, critic_z=-242.8869, encoder=-406.5276, decoder=0.9169
2026-04-18 03:36:04,931 - tadGANs - INFO - Epoch 237/500 - Time: 2.93s - Loss: critic_x=-0.1270, critic_z=-245.0148, encoder=-408.9818, decoder=0.9164
2026-04-18 03:36:08,004 - tadGANs - INFO - Epoch 238/500 - Time: 3.07s - Loss: critic_x=-0.1210, critic_z=-246.6085, encoder=-411.5530, decoder=0.9147
2026-04-18 03:36:10,987 - tadGANs - INFO - Epoch 239/500 - Time: 2.98s - Loss: critic_x=-0.1145, critic_z=-248.0604, encoder=-414.2557, decoder=0.9131
2026-04-18 03:36:14,188 - tadGANs - INFO - Epoch 240/500 - Time: 3.20s - Loss: critic_x=-0.1085, critic_z=-249.7825, encoder=-418.6572, decoder=0.9050
2026-04-18 03:36:14,201 - tadGANs - INFO - Models saved at epoch 240
2026-04-18 03:36:17,461 - tadGANs - INFO - Epoch 241/500 - Time: 3.26s - Loss: critic_x=-0.1039, critic_z=-251.4899, encoder=-420.9365, decoder=0.9197
2026-04-18 03:36:20,697 - tadGANs - INFO - Epoch 242/500 - Time: 3.24s - Loss: critic_x=-0.1029, critic_z=-253.0613, encoder=-424.2720, decoder=0.9200
2026-04-18 03:36:24,074 - tadGANs - INFO - Epoch 243/500 - Time: 3.38s - Loss: critic_x=-0.1005, critic_z=-254.6954, encoder=-426.9355, decoder=0.9351
2026-04-18 03:36:27,438 - tadGANs - INFO - Epoch 244/500 - Time: 3.36s - Loss: critic_x=-0.0984, critic_z=-256.9356, encoder=-429.8294, decoder=0.9389
2026-04-18 03:36:30,663 - tadGANs - INFO - Epoch 245/500 - Time: 3.23s - Loss: critic_x=-0.1000, critic_z=-258.3578, encoder=-434.1225, decoder=0.9434
2026-04-18 03:36:33,983 - tadGANs - INFO - Epoch 246/500 - Time: 3.32s - Loss: critic_x=-0.1011, critic_z=-260.3349, encoder=-434.9828, decoder=0.9616
2026-04-18 03:36:37,150 - tadGANs - INFO - Epoch 247/500 - Time: 3.17s - Loss: critic_x=-0.1044, critic_z=-261.6246, encoder=-438.8726, decoder=0.9789
2026-04-18 03:36:40,426 - tadGANs - INFO - Epoch 248/500 - Time: 3.27s - Loss: critic_x=-0.1086, critic_z=-262.9043, encoder=-441.9450, decoder=0.9992
2026-04-18 03:36:43,600 - tadGANs - INFO - Epoch 249/500 - Time: 3.17s - Loss: critic_x=-0.1131, critic_z=-264.8423, encoder=-444.3956, decoder=1.0177
2026-04-18 03:36:46,386 - tadGANs - INFO - Epoch 250/500 - Time: 2.79s - Loss: critic_x=-0.1186, critic_z=-266.4332, encoder=-448.4908, decoder=1.0419
2026-04-18 03:36:46,399 - tadGANs - INFO - Models saved at epoch 250
2026-04-18 03:36:49,172 - tadGANs - INFO - Epoch 251/500 - Time: 2.77s - Loss: critic_x=-0.1251, critic_z=-268.2396, encoder=-451.1085, decoder=1.0628
2026-04-18 03:36:52,000 - tadGANs - INFO - Epoch 252/500 - Time: 2.83s - Loss: critic_x=-0.1338, critic_z=-270.0497, encoder=-454.2183, decoder=1.0886
2026-04-18 03:36:55,239 - tadGANs - INFO - Epoch 253/500 - Time: 3.24s - Loss: critic_x=-0.1405, critic_z=-271.7484, encoder=-458.0934, decoder=1.1088
2026-04-18 03:36:58,656 - tadGANs - INFO - Epoch 254/500 - Time: 3.42s - Loss: critic_x=-0.1485, critic_z=-273.2252, encoder=-460.1664, decoder=1.1157
2026-04-18 03:37:02,417 - tadGANs - INFO - Epoch 255/500 - Time: 3.76s - Loss: critic_x=-0.1515, critic_z=-275.4109, encoder=-463.7697, decoder=1.1356
2026-04-18 03:37:05,725 - tadGANs - INFO - Epoch 256/500 - Time: 3.31s - Loss: critic_x=-0.1573, critic_z=-276.8236, encoder=-467.3367, decoder=1.1391
2026-04-18 03:37:08,911 - tadGANs - INFO - Epoch 257/500 - Time: 3.19s - Loss: critic_x=-0.1599, critic_z=-278.6323, encoder=-470.2623, decoder=1.1591
2026-04-18 03:37:11,763 - tadGANs - INFO - Epoch 258/500 - Time: 2.85s - Loss: critic_x=-0.1622, critic_z=-279.7780, encoder=-472.2347, decoder=1.1538
2026-04-18 03:37:15,032 - tadGANs - INFO - Epoch 259/500 - Time: 3.27s - Loss: critic_x=-0.1626, critic_z=-282.0194, encoder=-476.0236, decoder=1.1639
2026-04-18 03:37:18,216 - tadGANs - INFO - Epoch 260/500 - Time: 3.18s - Loss: critic_x=-0.1620, critic_z=-283.8258, encoder=-477.8249, decoder=1.1686
2026-04-18 03:37:18,236 - tadGANs - INFO - Models saved at epoch 260
2026-04-18 03:37:21,187 - tadGANs - INFO - Epoch 261/500 - Time: 2.95s - Loss: critic_x=-0.1642, critic_z=-285.4368, encoder=-481.8553, decoder=1.1633
2026-04-18 03:37:24,110 - tadGANs - INFO - Epoch 262/500 - Time: 2.92s - Loss: critic_x=-0.1626, critic_z=-287.1580, encoder=-485.5759, decoder=1.1689
2026-04-18 03:37:27,212 - tadGANs - INFO - Epoch 263/500 - Time: 3.10s - Loss: critic_x=-0.1628, critic_z=-288.2388, encoder=-487.0577, decoder=1.1601
2026-04-18 03:37:30,297 - tadGANs - INFO - Epoch 264/500 - Time: 3.08s - Loss: critic_x=-0.1610, critic_z=-290.4425, encoder=-491.3428, decoder=1.1620
2026-04-18 03:37:33,348 - tadGANs - INFO - Epoch 265/500 - Time: 3.05s - Loss: critic_x=-0.1606, critic_z=-292.1682, encoder=-494.1650, decoder=1.1542
2026-04-18 03:37:36,308 - tadGANs - INFO - Epoch 266/500 - Time: 2.96s - Loss: critic_x=-0.1595, critic_z=-294.1700, encoder=-497.6307, decoder=1.1537
2026-04-18 03:37:39,115 - tadGANs - INFO - Epoch 267/500 - Time: 2.81s - Loss: critic_x=-0.1583, critic_z=-295.4716, encoder=-500.8909, decoder=1.1559
2026-04-18 03:37:42,143 - tadGANs - INFO - Epoch 268/500 - Time: 3.03s - Loss: critic_x=-0.1580, critic_z=-297.8242, encoder=-503.6743, decoder=1.1464
2026-04-18 03:37:45,268 - tadGANs - INFO - Epoch 269/500 - Time: 3.12s - Loss: critic_x=-0.1558, critic_z=-299.6850, encoder=-507.7111, decoder=1.1503
2026-04-18 03:37:48,261 - tadGANs - INFO - Epoch 270/500 - Time: 2.99s - Loss: critic_x=-0.1573, critic_z=-301.1060, encoder=-510.9626, decoder=1.1421
2026-04-18 03:37:48,275 - tadGANs - INFO - Models saved at epoch 270
2026-04-18 03:37:51,219 - tadGANs - INFO - Epoch 271/500 - Time: 2.94s - Loss: critic_x=-0.1534, critic_z=-303.3565, encoder=-513.8492, decoder=1.1433
2026-04-18 03:37:54,563 - tadGANs - INFO - Epoch 272/500 - Time: 3.34s - Loss: critic_x=-0.1540, critic_z=-304.6442, encoder=-518.6504, decoder=1.1422
2026-04-18 03:37:57,516 - tadGANs - INFO - Epoch 273/500 - Time: 2.95s - Loss: critic_x=-0.1540, critic_z=-307.0334, encoder=-522.1271, decoder=1.1329
2026-04-18 03:38:00,654 - tadGANs - INFO - Epoch 274/500 - Time: 3.14s - Loss: critic_x=-0.1516, critic_z=-308.7602, encoder=-524.0801, decoder=1.1247
2026-04-18 03:38:03,701 - tadGANs - INFO - Epoch 275/500 - Time: 3.05s - Loss: critic_x=-0.1510, critic_z=-309.3752, encoder=-527.1813, decoder=1.1263
2026-04-18 03:38:06,680 - tadGANs - INFO - Epoch 276/500 - Time: 2.98s - Loss: critic_x=-0.1484, critic_z=-312.1260, encoder=-530.8457, decoder=1.1163
2026-04-18 03:38:09,847 - tadGANs - INFO - Epoch 277/500 - Time: 3.17s - Loss: critic_x=-0.1468, critic_z=-313.7211, encoder=-533.1163, decoder=1.1284
2026-04-18 03:38:12,914 - tadGANs - INFO - Epoch 278/500 - Time: 3.07s - Loss: critic_x=-0.1462, critic_z=-315.8825, encoder=-537.1698, decoder=1.1163
2026-04-18 03:38:16,440 - tadGANs - INFO - Epoch 279/500 - Time: 3.53s - Loss: critic_x=-0.1447, critic_z=-317.1801, encoder=-539.6730, decoder=1.1280
2026-04-18 03:38:19,227 - tadGANs - INFO - Epoch 280/500 - Time: 2.79s - Loss: critic_x=-0.1449, critic_z=-319.1974, encoder=-543.9123, decoder=1.1241
2026-04-18 03:38:19,239 - tadGANs - INFO - Models saved at epoch 280
2026-04-18 03:38:22,290 - tadGANs - INFO - Epoch 281/500 - Time: 3.05s - Loss: critic_x=-0.1429, critic_z=-321.0956, encoder=-546.2804, decoder=1.1224
2026-04-18 03:38:25,354 - tadGANs - INFO - Epoch 282/500 - Time: 3.06s - Loss: critic_x=-0.1411, critic_z=-322.7250, encoder=-550.2302, decoder=1.1167
2026-04-18 03:38:28,856 - tadGANs - INFO - Epoch 283/500 - Time: 3.50s - Loss: critic_x=-0.1414, critic_z=-324.4864, encoder=-553.0136, decoder=1.1225
2026-04-18 03:38:32,816 - tadGANs - INFO - Epoch 284/500 - Time: 3.96s - Loss: critic_x=-0.1395, critic_z=-326.4450, encoder=-558.3817, decoder=1.1181
2026-04-18 03:38:35,564 - tadGANs - INFO - Epoch 285/500 - Time: 2.75s - Loss: critic_x=-0.1392, critic_z=-328.5502, encoder=-560.7486, decoder=1.1059
2026-04-18 03:38:38,357 - tadGANs - INFO - Epoch 286/500 - Time: 2.79s - Loss: critic_x=-0.1376, critic_z=-330.1438, encoder=-563.1132, decoder=1.1101
2026-04-18 03:38:41,290 - tadGANs - INFO - Epoch 287/500 - Time: 2.93s - Loss: critic_x=-0.1374, critic_z=-332.2413, encoder=-567.1223, decoder=1.1123
2026-04-18 03:38:44,350 - tadGANs - INFO - Epoch 288/500 - Time: 3.06s - Loss: critic_x=-0.1358, critic_z=-333.8984, encoder=-570.5577, decoder=1.1185
2026-04-18 03:38:47,150 - tadGANs - INFO - Epoch 289/500 - Time: 2.80s - Loss: critic_x=-0.1348, critic_z=-336.2019, encoder=-573.8483, decoder=1.1191
2026-04-18 03:38:50,216 - tadGANs - INFO - Epoch 290/500 - Time: 3.07s - Loss: critic_x=-0.1357, critic_z=-337.7171, encoder=-577.5451, decoder=1.1245
2026-04-18 03:38:50,228 - tadGANs - INFO - Models saved at epoch 290
2026-04-18 03:38:53,027 - tadGANs - INFO - Epoch 291/500 - Time: 2.80s - Loss: critic_x=-0.1351, critic_z=-339.9812, encoder=-580.6661, decoder=1.1289
2026-04-18 03:38:56,155 - tadGANs - INFO - Epoch 292/500 - Time: 3.13s - Loss: critic_x=-0.1344, critic_z=-341.0651, encoder=-584.9046, decoder=1.1275
2026-04-18 03:38:59,125 - tadGANs - INFO - Epoch 293/500 - Time: 2.97s - Loss: critic_x=-0.1337, critic_z=-343.1687, encoder=-587.5854, decoder=1.1260
2026-04-18 03:39:02,133 - tadGANs - INFO - Epoch 294/500 - Time: 3.01s - Loss: critic_x=-0.1341, critic_z=-345.2581, encoder=-591.0420, decoder=1.1248
2026-04-18 03:39:05,123 - tadGANs - INFO - Epoch 295/500 - Time: 2.99s - Loss: critic_x=-0.1334, critic_z=-347.1685, encoder=-593.7279, decoder=1.1034
2026-04-18 03:39:08,167 - tadGANs - INFO - Epoch 296/500 - Time: 3.04s - Loss: critic_x=-0.1336, critic_z=-349.1831, encoder=-598.6065, decoder=1.1054
2026-04-18 03:39:11,131 - tadGANs - INFO - Epoch 297/500 - Time: 2.96s - Loss: critic_x=-0.1356, critic_z=-350.6739, encoder=-601.0973, decoder=1.0829
2026-04-18 03:39:14,303 - tadGANs - INFO - Epoch 298/500 - Time: 3.17s - Loss: critic_x=-0.1361, critic_z=-352.9776, encoder=-605.1896, decoder=1.0813
2026-04-18 03:39:17,753 - tadGANs - INFO - Epoch 299/500 - Time: 3.45s - Loss: critic_x=-0.1356, critic_z=-355.1551, encoder=-608.4994, decoder=1.0766
2026-04-18 03:39:21,283 - tadGANs - INFO - Epoch 300/500 - Time: 3.53s - Loss: critic_x=-0.1352, critic_z=-356.8993, encoder=-612.0888, decoder=1.0803
2026-04-18 03:39:21,298 - tadGANs - INFO - Models saved at epoch 300
2026-04-18 03:39:24,837 - tadGANs - INFO - Epoch 301/500 - Time: 3.54s - Loss: critic_x=-0.1363, critic_z=-358.7947, encoder=-615.1526, decoder=1.0623
2026-04-18 03:39:28,601 - tadGANs - INFO - Epoch 302/500 - Time: 3.76s - Loss: critic_x=-0.1370, critic_z=-360.3056, encoder=-618.1423, decoder=1.0713
2026-04-18 03:39:32,477 - tadGANs - INFO - Epoch 303/500 - Time: 3.88s - Loss: critic_x=-0.1373, critic_z=-362.0407, encoder=-622.1956, decoder=1.0737
2026-04-18 03:39:36,021 - tadGANs - INFO - Epoch 304/500 - Time: 3.54s - Loss: critic_x=-0.1361, critic_z=-365.0234, encoder=-625.4928, decoder=1.0748
2026-04-18 03:39:39,395 - tadGANs - INFO - Epoch 305/500 - Time: 3.37s - Loss: critic_x=-0.1359, critic_z=-366.1133, encoder=-629.4763, decoder=1.0807
2026-04-18 03:39:42,851 - tadGANs - INFO - Epoch 306/500 - Time: 3.46s - Loss: critic_x=-0.1347, critic_z=-368.2270, encoder=-633.9671, decoder=1.0717
2026-04-18 03:39:45,874 - tadGANs - INFO - Epoch 307/500 - Time: 3.02s - Loss: critic_x=-0.1347, critic_z=-370.2700, encoder=-637.6818, decoder=1.0825
2026-04-18 03:39:48,837 - tadGANs - INFO - Epoch 308/500 - Time: 2.96s - Loss: critic_x=-0.1322, critic_z=-371.8631, encoder=-640.5543, decoder=1.0836
2026-04-18 03:39:51,651 - tadGANs - INFO - Epoch 309/500 - Time: 2.81s - Loss: critic_x=-0.1311, critic_z=-373.9258, encoder=-643.8211, decoder=1.0798
2026-04-18 03:39:54,602 - tadGANs - INFO - Epoch 310/500 - Time: 2.95s - Loss: critic_x=-0.1306, critic_z=-376.5248, encoder=-647.6465, decoder=1.0749
2026-04-18 03:39:54,616 - tadGANs - INFO - Models saved at epoch 310
2026-04-18 03:39:57,738 - tadGANs - INFO - Epoch 311/500 - Time: 3.12s - Loss: critic_x=-0.1288, critic_z=-377.4043, encoder=-650.8500, decoder=1.0869
2026-04-18 03:40:00,936 - tadGANs - INFO - Epoch 312/500 - Time: 3.20s - Loss: critic_x=-0.1290, critic_z=-380.2555, encoder=-655.6045, decoder=1.0889
2026-04-18 03:40:04,011 - tadGANs - INFO - Epoch 313/500 - Time: 3.08s - Loss: critic_x=-0.1267, critic_z=-381.5645, encoder=-658.3899, decoder=1.0841
2026-04-18 03:40:07,008 - tadGANs - INFO - Epoch 314/500 - Time: 3.00s - Loss: critic_x=-0.1254, critic_z=-383.6877, encoder=-661.7911, decoder=1.0939
2026-04-18 03:40:09,924 - tadGANs - INFO - Epoch 315/500 - Time: 2.92s - Loss: critic_x=-0.1244, critic_z=-386.0074, encoder=-666.1337, decoder=1.1000
2026-04-18 03:40:12,804 - tadGANs - INFO - Epoch 316/500 - Time: 2.88s - Loss: critic_x=-0.1241, critic_z=-388.0644, encoder=-669.0285, decoder=1.1049
2026-04-18 03:40:16,267 - tadGANs - INFO - Epoch 317/500 - Time: 3.46s - Loss: critic_x=-0.1237, critic_z=-390.0524, encoder=-673.6530, decoder=1.0960
2026-04-18 03:40:19,442 - tadGANs - INFO - Epoch 318/500 - Time: 3.18s - Loss: critic_x=-0.1254, critic_z=-391.6383, encoder=-677.4850, decoder=1.0848
2026-04-18 03:40:22,688 - tadGANs - INFO - Epoch 319/500 - Time: 3.25s - Loss: critic_x=-0.1248, critic_z=-393.8411, encoder=-681.0898, decoder=1.0854
2026-04-18 03:40:26,022 - tadGANs - INFO - Epoch 320/500 - Time: 3.33s - Loss: critic_x=-0.1244, critic_z=-396.0826, encoder=-684.2085, decoder=1.0940
2026-04-18 03:40:26,036 - tadGANs - INFO - Models saved at epoch 320
2026-04-18 03:40:29,148 - tadGANs - INFO - Epoch 321/500 - Time: 3.11s - Loss: critic_x=-0.1225, critic_z=-397.4383, encoder=-687.5191, decoder=1.0877
2026-04-18 03:40:32,420 - tadGANs - INFO - Epoch 322/500 - Time: 3.27s - Loss: critic_x=-0.1200, critic_z=-399.8484, encoder=-692.3606, decoder=1.0869
2026-04-18 03:40:35,745 - tadGANs - INFO - Epoch 323/500 - Time: 3.32s - Loss: critic_x=-0.1182, critic_z=-402.6358, encoder=-694.6831, decoder=1.0783
2026-04-18 03:40:39,223 - tadGANs - INFO - Epoch 324/500 - Time: 3.48s - Loss: critic_x=-0.1172, critic_z=-404.0097, encoder=-699.7848, decoder=1.0780
2026-04-18 03:40:42,766 - tadGANs - INFO - Epoch 325/500 - Time: 3.54s - Loss: critic_x=-0.1156, critic_z=-405.5521, encoder=-703.7775, decoder=1.0797
2026-04-18 03:40:46,035 - tadGANs - INFO - Epoch 326/500 - Time: 3.27s - Loss: critic_x=-0.1123, critic_z=-408.6584, encoder=-705.8778, decoder=1.0735
2026-04-18 03:40:49,160 - tadGANs - INFO - Epoch 327/500 - Time: 3.12s - Loss: critic_x=-0.1098, critic_z=-409.6625, encoder=-710.2803, decoder=1.0755
2026-04-18 03:40:52,549 - tadGANs - INFO - Epoch 328/500 - Time: 3.39s - Loss: critic_x=-0.1080, critic_z=-412.3438, encoder=-713.0404, decoder=1.0745
2026-04-18 03:40:55,424 - tadGANs - INFO - Epoch 329/500 - Time: 2.88s - Loss: critic_x=-0.1031, critic_z=-414.1213, encoder=-717.7236, decoder=1.0622
2026-04-18 03:40:58,345 - tadGANs - INFO - Epoch 330/500 - Time: 2.92s - Loss: critic_x=-0.1005, critic_z=-415.3506, encoder=-721.7476, decoder=1.0725
2026-04-18 03:40:58,357 - tadGANs - INFO - Models saved at epoch 330
2026-04-18 03:41:01,631 - tadGANs - INFO - Epoch 331/500 - Time: 3.27s - Loss: critic_x=-0.0995, critic_z=-418.2066, encoder=-723.9962, decoder=1.0626
2026-04-18 03:41:04,576 - tadGANs - INFO - Epoch 332/500 - Time: 2.94s - Loss: critic_x=-0.0968, critic_z=-420.5804, encoder=-729.4483, decoder=1.0633
2026-04-18 03:41:07,571 - tadGANs - INFO - Epoch 333/500 - Time: 3.00s - Loss: critic_x=-0.0935, critic_z=-422.0567, encoder=-733.3487, decoder=1.0537
2026-04-18 03:41:10,500 - tadGANs - INFO - Epoch 334/500 - Time: 2.93s - Loss: critic_x=-0.0913, critic_z=-424.3765, encoder=-736.9251, decoder=1.0561
2026-04-18 03:41:13,372 - tadGANs - INFO - Epoch 335/500 - Time: 2.87s - Loss: critic_x=-0.0892, critic_z=-426.4777, encoder=-739.7654, decoder=1.0521
2026-04-18 03:41:16,373 - tadGANs - INFO - Epoch 336/500 - Time: 3.00s - Loss: critic_x=-0.0853, critic_z=-428.4929, encoder=-745.0275, decoder=1.0614
2026-04-18 03:41:19,327 - tadGANs - INFO - Epoch 337/500 - Time: 2.95s - Loss: critic_x=-0.0832, critic_z=-430.8029, encoder=-747.3743, decoder=1.0417
2026-04-18 03:41:22,530 - tadGANs - INFO - Epoch 338/500 - Time: 3.20s - Loss: critic_x=-0.0835, critic_z=-432.6614, encoder=-752.8047, decoder=1.0546
2026-04-18 03:41:25,696 - tadGANs - INFO - Epoch 339/500 - Time: 3.17s - Loss: critic_x=-0.0798, critic_z=-434.5097, encoder=-755.2806, decoder=1.0638
2026-04-18 03:41:28,883 - tadGANs - INFO - Epoch 340/500 - Time: 3.19s - Loss: critic_x=-0.0793, critic_z=-436.7072, encoder=-761.0324, decoder=1.0574
2026-04-18 03:41:28,895 - tadGANs - INFO - Models saved at epoch 340
2026-04-18 03:41:31,931 - tadGANs - INFO - Epoch 341/500 - Time: 3.04s - Loss: critic_x=-0.0759, critic_z=-438.2699, encoder=-763.1297, decoder=1.0618
2026-04-18 03:41:35,091 - tadGANs - INFO - Epoch 342/500 - Time: 3.16s - Loss: critic_x=-0.0761, critic_z=-440.7229, encoder=-767.3379, decoder=1.0575
2026-04-18 03:41:38,222 - tadGANs - INFO - Epoch 343/500 - Time: 3.13s - Loss: critic_x=-0.0735, critic_z=-443.3292, encoder=-772.0510, decoder=1.0675
2026-04-18 03:41:41,483 - tadGANs - INFO - Epoch 344/500 - Time: 3.26s - Loss: critic_x=-0.0724, critic_z=-445.1162, encoder=-775.8351, decoder=1.0669
2026-04-18 03:41:44,567 - tadGANs - INFO - Epoch 345/500 - Time: 3.08s - Loss: critic_x=-0.0719, critic_z=-447.3936, encoder=-779.8322, decoder=1.0747
2026-04-18 03:41:47,433 - tadGANs - INFO - Epoch 346/500 - Time: 2.87s - Loss: critic_x=-0.0729, critic_z=-450.0828, encoder=-783.8312, decoder=1.0760
2026-04-18 03:41:50,298 - tadGANs - INFO - Epoch 347/500 - Time: 2.86s - Loss: critic_x=-0.0698, critic_z=-451.8738, encoder=-788.4792, decoder=1.0773
2026-04-18 03:41:53,256 - tadGANs - INFO - Epoch 348/500 - Time: 2.96s - Loss: critic_x=-0.0699, critic_z=-454.1014, encoder=-792.9770, decoder=1.0880
2026-04-18 03:41:56,257 - tadGANs - INFO - Epoch 349/500 - Time: 3.00s - Loss: critic_x=-0.0699, critic_z=-455.8992, encoder=-795.3054, decoder=1.0886
2026-04-18 03:41:59,178 - tadGANs - INFO - Epoch 350/500 - Time: 2.92s - Loss: critic_x=-0.0694, critic_z=-458.5716, encoder=-798.8696, decoder=1.0841
2026-04-18 03:41:59,191 - tadGANs - INFO - Models saved at epoch 350
2026-04-18 03:42:02,299 - tadGANs - INFO - Epoch 351/500 - Time: 3.11s - Loss: critic_x=-0.0706, critic_z=-460.2411, encoder=-803.1991, decoder=1.0960
2026-04-18 03:42:05,104 - tadGANs - INFO - Epoch 352/500 - Time: 2.80s - Loss: critic_x=-0.0715, critic_z=-462.3025, encoder=-807.6805, decoder=1.0888
2026-04-18 03:42:08,195 - tadGANs - INFO - Epoch 353/500 - Time: 3.09s - Loss: critic_x=-0.0722, critic_z=-464.3943, encoder=-811.2605, decoder=1.0816
2026-04-18 03:42:11,176 - tadGANs - INFO - Epoch 354/500 - Time: 2.98s - Loss: critic_x=-0.0730, critic_z=-467.2570, encoder=-815.2449, decoder=1.0843
2026-04-18 03:42:14,176 - tadGANs - INFO - Epoch 355/500 - Time: 3.00s - Loss: critic_x=-0.0742, critic_z=-468.5378, encoder=-821.2283, decoder=1.0958
2026-04-18 03:42:17,045 - tadGANs - INFO - Epoch 356/500 - Time: 2.87s - Loss: critic_x=-0.0754, critic_z=-471.0229, encoder=-823.4101, decoder=1.1068
2026-04-18 03:42:20,008 - tadGANs - INFO - Epoch 357/500 - Time: 2.96s - Loss: critic_x=-0.0766, critic_z=-473.1388, encoder=-826.6999, decoder=1.1037
2026-04-18 03:42:23,079 - tadGANs - INFO - Epoch 358/500 - Time: 3.07s - Loss: critic_x=-0.0788, critic_z=-475.4501, encoder=-831.6999, decoder=1.1122
2026-04-18 03:42:26,154 - tadGANs - INFO - Epoch 359/500 - Time: 3.07s - Loss: critic_x=-0.0801, critic_z=-477.9173, encoder=-835.8893, decoder=1.1118
2026-04-18 03:42:29,089 - tadGANs - INFO - Epoch 360/500 - Time: 2.94s - Loss: critic_x=-0.0804, critic_z=-479.9615, encoder=-839.1915, decoder=1.1038
2026-04-18 03:42:29,112 - tadGANs - INFO - Models saved at epoch 360
2026-04-18 03:42:31,986 - tadGANs - INFO - Epoch 361/500 - Time: 2.87s - Loss: critic_x=-0.0812, critic_z=-482.3068, encoder=-843.4854, decoder=1.1088
2026-04-18 03:42:34,828 - tadGANs - INFO - Epoch 362/500 - Time: 2.84s - Loss: critic_x=-0.0833, critic_z=-484.6985, encoder=-847.8664, decoder=1.1093
2026-04-18 03:42:38,609 - tadGANs - INFO - Epoch 363/500 - Time: 3.78s - Loss: critic_x=-0.0830, critic_z=-486.7893, encoder=-853.9453, decoder=1.1065
2026-04-18 03:42:42,013 - tadGANs - INFO - Epoch 364/500 - Time: 3.40s - Loss: critic_x=-0.0871, critic_z=-488.5979, encoder=-855.3115, decoder=1.1009
2026-04-18 03:42:44,977 - tadGANs - INFO - Epoch 365/500 - Time: 2.96s - Loss: critic_x=-0.0876, critic_z=-491.2245, encoder=-859.6701, decoder=1.1181
2026-04-18 03:42:47,938 - tadGANs - INFO - Epoch 366/500 - Time: 2.96s - Loss: critic_x=-0.0882, critic_z=-492.5237, encoder=-864.4460, decoder=1.1103
2026-04-18 03:42:50,914 - tadGANs - INFO - Epoch 367/500 - Time: 2.98s - Loss: critic_x=-0.0889, critic_z=-495.3112, encoder=-868.2818, decoder=1.1174
2026-04-18 03:42:53,792 - tadGANs - INFO - Epoch 368/500 - Time: 2.88s - Loss: critic_x=-0.0921, critic_z=-496.6064, encoder=-872.6636, decoder=1.1166
2026-04-18 03:42:56,811 - tadGANs - INFO - Epoch 369/500 - Time: 3.02s - Loss: critic_x=-0.0923, critic_z=-499.6651, encoder=-878.3924, decoder=1.1145
2026-04-18 03:42:59,760 - tadGANs - INFO - Epoch 370/500 - Time: 2.95s - Loss: critic_x=-0.0956, critic_z=-502.4021, encoder=-880.3122, decoder=1.1132
2026-04-18 03:42:59,783 - tadGANs - INFO - Models saved at epoch 370
2026-04-18 03:43:02,753 - tadGANs - INFO - Epoch 371/500 - Time: 2.97s - Loss: critic_x=-0.0957, critic_z=-504.3695, encoder=-884.4636, decoder=1.1061
2026-04-18 03:43:05,561 - tadGANs - INFO - Epoch 372/500 - Time: 2.81s - Loss: critic_x=-0.0922, critic_z=-506.6346, encoder=-888.8841, decoder=1.1125
2026-04-18 03:43:08,551 - tadGANs - INFO - Epoch 373/500 - Time: 2.99s - Loss: critic_x=-0.0921, critic_z=-508.5366, encoder=-893.6454, decoder=1.1083
2026-04-18 03:43:11,405 - tadGANs - INFO - Epoch 374/500 - Time: 2.85s - Loss: critic_x=-0.0924, critic_z=-510.2970, encoder=-897.6764, decoder=1.1035
2026-04-18 03:43:14,763 - tadGANs - INFO - Epoch 375/500 - Time: 3.36s - Loss: critic_x=-0.0905, critic_z=-513.8494, encoder=-902.9186, decoder=1.1188
2026-04-18 03:43:18,329 - tadGANs - INFO - Epoch 376/500 - Time: 3.57s - Loss: critic_x=-0.0921, critic_z=-515.2469, encoder=-906.5296, decoder=1.1141
2026-04-18 03:43:21,844 - tadGANs - INFO - Epoch 377/500 - Time: 3.51s - Loss: critic_x=-0.0920, critic_z=-517.3228, encoder=-910.2880, decoder=1.1060
2026-04-18 03:43:25,463 - tadGANs - INFO - Epoch 378/500 - Time: 3.62s - Loss: critic_x=-0.0945, critic_z=-520.3120, encoder=-915.3528, decoder=1.1009
2026-04-18 03:43:28,889 - tadGANs - INFO - Epoch 379/500 - Time: 3.43s - Loss: critic_x=-0.0921, critic_z=-521.9809, encoder=-919.6904, decoder=1.1083
2026-04-18 03:43:32,406 - tadGANs - INFO - Epoch 380/500 - Time: 3.52s - Loss: critic_x=-0.0912, critic_z=-524.1207, encoder=-922.6628, decoder=1.1089
2026-04-18 03:43:32,420 - tadGANs - INFO - Models saved at epoch 380
2026-04-18 03:43:35,915 - tadGANs - INFO - Epoch 381/500 - Time: 3.50s - Loss: critic_x=-0.0878, critic_z=-526.8614, encoder=-927.0114, decoder=1.1090
2026-04-18 03:43:39,360 - tadGANs - INFO - Epoch 382/500 - Time: 3.44s - Loss: critic_x=-0.0878, critic_z=-528.6748, encoder=-930.2501, decoder=1.1101
2026-04-18 03:43:42,775 - tadGANs - INFO - Epoch 383/500 - Time: 3.42s - Loss: critic_x=-0.0864, critic_z=-531.9718, encoder=-935.8754, decoder=1.0902
2026-04-18 03:43:45,715 - tadGANs - INFO - Epoch 384/500 - Time: 2.94s - Loss: critic_x=-0.0854, critic_z=-533.4233, encoder=-939.9059, decoder=1.0950
2026-04-18 03:43:48,718 - tadGANs - INFO - Epoch 385/500 - Time: 3.00s - Loss: critic_x=-0.0844, critic_z=-535.8272, encoder=-944.1867, decoder=1.0929
2026-04-18 03:43:51,758 - tadGANs - INFO - Epoch 386/500 - Time: 3.04s - Loss: critic_x=-0.0846, critic_z=-538.7229, encoder=-947.6908, decoder=1.0957
2026-04-18 03:43:54,768 - tadGANs - INFO - Epoch 387/500 - Time: 3.01s - Loss: critic_x=-0.0836, critic_z=-540.6941, encoder=-951.9746, decoder=1.0819
2026-04-18 03:43:57,747 - tadGANs - INFO - Epoch 388/500 - Time: 2.98s - Loss: critic_x=-0.0838, critic_z=-543.1796, encoder=-957.6818, decoder=1.0822
2026-04-18 03:44:00,787 - tadGANs - INFO - Epoch 389/500 - Time: 3.04s - Loss: critic_x=-0.0822, critic_z=-544.9080, encoder=-960.8607, decoder=1.0957
2026-04-18 03:44:03,691 - tadGANs - INFO - Epoch 390/500 - Time: 2.90s - Loss: critic_x=-0.0856, critic_z=-547.5009, encoder=-966.8215, decoder=1.0732
2026-04-18 03:44:03,704 - tadGANs - INFO - Models saved at epoch 390
2026-04-18 03:44:06,727 - tadGANs - INFO - Epoch 391/500 - Time: 3.02s - Loss: critic_x=-0.0858, critic_z=-550.4080, encoder=-972.5086, decoder=1.0769
2026-04-18 03:44:09,539 - tadGANs - INFO - Epoch 392/500 - Time: 2.81s - Loss: critic_x=-0.0864, critic_z=-552.3189, encoder=-973.9890, decoder=1.0655
2026-04-18 03:44:12,684 - tadGANs - INFO - Epoch 393/500 - Time: 3.15s - Loss: critic_x=-0.0854, critic_z=-554.7765, encoder=-978.4849, decoder=1.0635
2026-04-18 03:44:15,891 - tadGANs - INFO - Epoch 394/500 - Time: 3.21s - Loss: critic_x=-0.0866, critic_z=-557.1377, encoder=-982.5923, decoder=1.0651
2026-04-18 03:44:19,221 - tadGANs - INFO - Epoch 395/500 - Time: 3.33s - Loss: critic_x=-0.0856, critic_z=-558.9349, encoder=-987.2174, decoder=1.0694
2026-04-18 03:44:22,365 - tadGANs - INFO - Epoch 396/500 - Time: 3.14s - Loss: critic_x=-0.0841, critic_z=-562.3349, encoder=-993.3017, decoder=1.0683
2026-04-18 03:44:25,645 - tadGANs - INFO - Epoch 397/500 - Time: 3.28s - Loss: critic_x=-0.0863, critic_z=-563.4917, encoder=-994.4963, decoder=1.0571
2026-04-18 03:44:29,111 - tadGANs - INFO - Epoch 398/500 - Time: 3.47s - Loss: critic_x=-0.0861, critic_z=-566.3399, encoder=-1002.6054, decoder=1.0672
2026-04-18 03:44:32,631 - tadGANs - INFO - Epoch 399/500 - Time: 3.52s - Loss: critic_x=-0.0858, critic_z=-568.6182, encoder=-1004.9828, decoder=1.0672
2026-04-18 03:44:35,761 - tadGANs - INFO - Epoch 400/500 - Time: 3.13s - Loss: critic_x=-0.0862, critic_z=-570.8795, encoder=-1009.9431, decoder=1.0632
2026-04-18 03:44:35,773 - tadGANs - INFO - Models saved at epoch 400
2026-04-18 03:44:39,020 - tadGANs - INFO - Epoch 401/500 - Time: 3.25s - Loss: critic_x=-0.0848, critic_z=-573.2988, encoder=-1014.2379, decoder=1.0735
2026-04-18 03:44:42,385 - tadGANs - INFO - Epoch 402/500 - Time: 3.36s - Loss: critic_x=-0.0858, critic_z=-575.5886, encoder=-1019.0173, decoder=1.0664
2026-04-18 03:44:45,211 - tadGANs - INFO - Epoch 403/500 - Time: 2.83s - Loss: critic_x=-0.0853, critic_z=-577.9515, encoder=-1024.0667, decoder=1.0682
2026-04-18 03:44:48,094 - tadGANs - INFO - Epoch 404/500 - Time: 2.88s - Loss: critic_x=-0.0854, critic_z=-579.9303, encoder=-1026.5459, decoder=1.0675
2026-04-18 03:44:50,894 - tadGANs - INFO - Epoch 405/500 - Time: 2.80s - Loss: critic_x=-0.0850, critic_z=-582.5597, encoder=-1031.5111, decoder=1.0615
2026-04-18 03:44:53,723 - tadGANs - INFO - Epoch 406/500 - Time: 2.83s - Loss: critic_x=-0.0865, critic_z=-585.4489, encoder=-1038.1631, decoder=1.0591
2026-04-18 03:44:56,525 - tadGANs - INFO - Epoch 407/500 - Time: 2.80s - Loss: critic_x=-0.0873, critic_z=-588.5149, encoder=-1040.9989, decoder=1.0537
2026-04-18 03:44:59,352 - tadGANs - INFO - Epoch 408/500 - Time: 2.83s - Loss: critic_x=-0.0848, critic_z=-590.0309, encoder=-1047.5181, decoder=1.0464
2026-04-18 03:45:02,678 - tadGANs - INFO - Epoch 409/500 - Time: 3.33s - Loss: critic_x=-0.0861, critic_z=-592.4697, encoder=-1048.6958, decoder=1.0411
2026-04-18 03:45:06,037 - tadGANs - INFO - Epoch 410/500 - Time: 3.36s - Loss: critic_x=-0.0860, critic_z=-595.0561, encoder=-1054.8768, decoder=1.0372
2026-04-18 03:45:06,050 - tadGANs - INFO - Models saved at epoch 410
2026-04-18 03:45:08,835 - tadGANs - INFO - Epoch 411/500 - Time: 2.78s - Loss: critic_x=-0.0872, critic_z=-598.5191, encoder=-1057.7172, decoder=1.0315
2026-04-18 03:45:12,029 - tadGANs - INFO - Epoch 412/500 - Time: 3.19s - Loss: critic_x=-0.0863, critic_z=-600.5498, encoder=-1064.6663, decoder=1.0332
2026-04-18 03:45:14,995 - tadGANs - INFO - Epoch 413/500 - Time: 2.97s - Loss: critic_x=-0.0891, critic_z=-602.5712, encoder=-1066.7739, decoder=1.0326
2026-04-18 03:45:18,097 - tadGANs - INFO - Epoch 414/500 - Time: 3.10s - Loss: critic_x=-0.0889, critic_z=-605.0137, encoder=-1073.3362, decoder=1.0316
2026-04-18 03:45:21,083 - tadGANs - INFO - Epoch 415/500 - Time: 2.99s - Loss: critic_x=-0.0894, critic_z=-608.8563, encoder=-1078.0660, decoder=1.0258
2026-04-18 03:45:24,135 - tadGANs - INFO - Epoch 416/500 - Time: 3.05s - Loss: critic_x=-0.0896, critic_z=-609.6665, encoder=-1081.0660, decoder=1.0430
2026-04-18 03:45:27,213 - tadGANs - INFO - Epoch 417/500 - Time: 3.08s - Loss: critic_x=-0.0922, critic_z=-612.1876, encoder=-1087.3742, decoder=1.0484
2026-04-18 03:45:30,296 - tadGANs - INFO - Epoch 418/500 - Time: 3.08s - Loss: critic_x=-0.0928, critic_z=-615.0655, encoder=-1090.5228, decoder=1.0402
2026-04-18 03:45:33,244 - tadGANs - INFO - Epoch 419/500 - Time: 2.95s - Loss: critic_x=-0.0947, critic_z=-617.4774, encoder=-1097.4457, decoder=1.0473
2026-04-18 03:45:36,291 - tadGANs - INFO - Epoch 420/500 - Time: 3.05s - Loss: critic_x=-0.0944, critic_z=-618.9468, encoder=-1099.6480, decoder=1.0437
2026-04-18 03:45:36,305 - tadGANs - INFO - Models saved at epoch 420
2026-04-18 03:45:39,170 - tadGANs - INFO - Epoch 421/500 - Time: 2.86s - Loss: critic_x=-0.0954, critic_z=-620.9570, encoder=-1104.0166, decoder=1.0581
2026-04-18 03:45:42,161 - tadGANs - INFO - Epoch 422/500 - Time: 2.99s - Loss: critic_x=-0.0971, critic_z=-624.1574, encoder=-1109.8080, decoder=1.0500
2026-04-18 03:45:45,117 - tadGANs - INFO - Epoch 423/500 - Time: 2.96s - Loss: critic_x=-0.0986, critic_z=-626.3858, encoder=-1112.6856, decoder=1.0542
2026-04-18 03:45:48,291 - tadGANs - INFO - Epoch 424/500 - Time: 3.17s - Loss: critic_x=-0.0992, critic_z=-629.2961, encoder=-1118.2305, decoder=1.0453
2026-04-18 03:45:51,435 - tadGANs - INFO - Epoch 425/500 - Time: 3.14s - Loss: critic_x=-0.1009, critic_z=-631.6395, encoder=-1121.2291, decoder=1.0550
2026-04-18 03:45:54,510 - tadGANs - INFO - Epoch 426/500 - Time: 3.07s - Loss: critic_x=-0.1035, critic_z=-634.4694, encoder=-1129.5752, decoder=1.0492
2026-04-18 03:45:57,362 - tadGANs - INFO - Epoch 427/500 - Time: 2.85s - Loss: critic_x=-0.1042, critic_z=-637.3368, encoder=-1134.9470, decoder=1.0538
2026-04-18 03:46:00,414 - tadGANs - INFO - Epoch 428/500 - Time: 3.05s - Loss: critic_x=-0.1040, critic_z=-639.3111, encoder=-1136.9430, decoder=1.0543
2026-04-18 03:46:03,667 - tadGANs - INFO - Epoch 429/500 - Time: 3.25s - Loss: critic_x=-0.1070, critic_z=-642.2000, encoder=-1141.8589, decoder=1.0593
2026-04-18 03:46:06,758 - tadGANs - INFO - Epoch 430/500 - Time: 3.09s - Loss: critic_x=-0.1094, critic_z=-643.4500, encoder=-1145.5307, decoder=1.0613
2026-04-18 03:46:06,771 - tadGANs - INFO - Models saved at epoch 430
2026-04-18 03:46:09,709 - tadGANs - INFO - Epoch 431/500 - Time: 2.94s - Loss: critic_x=-0.1104, critic_z=-647.0747, encoder=-1153.4825, decoder=1.0627
2026-04-18 03:46:12,660 - tadGANs - INFO - Epoch 432/500 - Time: 2.95s - Loss: critic_x=-0.1118, critic_z=-649.4586, encoder=-1156.4943, decoder=1.0640
2026-04-18 03:46:15,702 - tadGANs - INFO - Epoch 433/500 - Time: 3.04s - Loss: critic_x=-0.1123, critic_z=-652.0343, encoder=-1163.0886, decoder=1.0511
2026-04-18 03:46:18,624 - tadGANs - INFO - Epoch 434/500 - Time: 2.92s - Loss: critic_x=-0.1105, critic_z=-654.8936, encoder=-1165.6208, decoder=1.0601
2026-04-18 03:46:21,669 - tadGANs - INFO - Epoch 435/500 - Time: 3.05s - Loss: critic_x=-0.1121, critic_z=-657.1634, encoder=-1171.3428, decoder=1.0568
2026-04-18 03:46:24,564 - tadGANs - INFO - Epoch 436/500 - Time: 2.89s - Loss: critic_x=-0.1134, critic_z=-660.2175, encoder=-1176.4406, decoder=1.0546
2026-04-18 03:46:27,578 - tadGANs - INFO - Epoch 437/500 - Time: 3.01s - Loss: critic_x=-0.1139, critic_z=-662.1357, encoder=-1179.8643, decoder=1.0540
2026-04-18 03:46:30,526 - tadGANs - INFO - Epoch 438/500 - Time: 2.95s - Loss: critic_x=-0.1139, critic_z=-665.2341, encoder=-1186.6208, decoder=1.0492
2026-04-18 03:46:33,582 - tadGANs - INFO - Epoch 439/500 - Time: 3.06s - Loss: critic_x=-0.1138, critic_z=-667.6629, encoder=-1190.0858, decoder=1.0467
2026-04-18 03:46:36,525 - tadGANs - INFO - Epoch 440/500 - Time: 2.94s - Loss: critic_x=-0.1143, critic_z=-669.9635, encoder=-1195.7520, decoder=1.0468
2026-04-18 03:46:36,539 - tadGANs - INFO - Models saved at epoch 440
2026-04-18 03:46:39,563 - tadGANs - INFO - Epoch 441/500 - Time: 3.02s - Loss: critic_x=-0.1122, critic_z=-672.5591, encoder=-1200.6806, decoder=1.0530
2026-04-18 03:46:42,499 - tadGANs - INFO - Epoch 442/500 - Time: 2.94s - Loss: critic_x=-0.1131, critic_z=-675.8752, encoder=-1206.0286, decoder=1.0391
2026-04-18 03:46:45,572 - tadGANs - INFO - Epoch 443/500 - Time: 3.07s - Loss: critic_x=-0.1125, critic_z=-677.2832, encoder=-1209.9465, decoder=1.0444
2026-04-18 03:46:48,487 - tadGANs - INFO - Epoch 444/500 - Time: 2.92s - Loss: critic_x=-0.1112, critic_z=-680.3658, encoder=-1213.8667, decoder=1.0418
2026-04-18 03:46:51,539 - tadGANs - INFO - Epoch 445/500 - Time: 3.05s - Loss: critic_x=-0.1122, critic_z=-682.6885, encoder=-1219.6089, decoder=1.0338
2026-04-18 03:46:54,427 - tadGANs - INFO - Epoch 446/500 - Time: 2.89s - Loss: critic_x=-0.1118, critic_z=-686.6956, encoder=-1224.3858, decoder=1.0287
2026-04-18 03:46:57,298 - tadGANs - INFO - Epoch 447/500 - Time: 2.87s - Loss: critic_x=-0.1114, critic_z=-687.3063, encoder=-1230.1305, decoder=1.0259
2026-04-18 03:47:00,269 - tadGANs - INFO - Epoch 448/500 - Time: 2.97s - Loss: critic_x=-0.1113, critic_z=-690.5752, encoder=-1232.7734, decoder=1.0184
2026-04-18 03:47:03,117 - tadGANs - INFO - Epoch 449/500 - Time: 2.85s - Loss: critic_x=-0.1124, critic_z=-693.7006, encoder=-1238.2420, decoder=1.0271
2026-04-18 03:47:06,111 - tadGANs - INFO - Epoch 450/500 - Time: 2.99s - Loss: critic_x=-0.1090, critic_z=-695.9745, encoder=-1244.8833, decoder=1.0319
2026-04-18 03:47:06,123 - tadGANs - INFO - Models saved at epoch 450
2026-04-18 03:47:08,891 - tadGANs - INFO - Epoch 451/500 - Time: 2.77s - Loss: critic_x=-0.1093, critic_z=-697.9402, encoder=-1249.6462, decoder=1.0312
2026-04-18 03:47:11,963 - tadGANs - INFO - Epoch 452/500 - Time: 3.07s - Loss: critic_x=-0.1079, critic_z=-700.7003, encoder=-1254.6788, decoder=1.0221
2026-04-18 03:47:15,395 - tadGANs - INFO - Epoch 453/500 - Time: 3.43s - Loss: critic_x=-0.1099, critic_z=-703.4826, encoder=-1261.4549, decoder=1.0270
2026-04-18 03:47:18,974 - tadGANs - INFO - Epoch 454/500 - Time: 3.58s - Loss: critic_x=-0.1089, critic_z=-706.2857, encoder=-1261.9984, decoder=1.0337
2026-04-18 03:47:22,334 - tadGANs - INFO - Epoch 455/500 - Time: 3.36s - Loss: critic_x=-0.1103, critic_z=-708.6623, encoder=-1267.8526, decoder=1.0318
2026-04-18 03:47:25,877 - tadGANs - INFO - Epoch 456/500 - Time: 3.54s - Loss: critic_x=-0.1102, critic_z=-712.5320, encoder=-1274.1717, decoder=1.0389
2026-04-18 03:47:29,452 - tadGANs - INFO - Epoch 457/500 - Time: 3.57s - Loss: critic_x=-0.1105, critic_z=-714.7222, encoder=-1277.2970, decoder=1.0392
2026-04-18 03:47:33,083 - tadGANs - INFO - Epoch 458/500 - Time: 3.63s - Loss: critic_x=-0.1095, critic_z=-716.3295, encoder=-1284.0161, decoder=1.0418
2026-04-18 03:47:36,648 - tadGANs - INFO - Epoch 459/500 - Time: 3.57s - Loss: critic_x=-0.1111, critic_z=-718.6908, encoder=-1289.0002, decoder=1.0393
2026-04-18 03:47:40,095 - tadGANs - INFO - Epoch 460/500 - Time: 3.45s - Loss: critic_x=-0.1101, critic_z=-722.0460, encoder=-1293.8638, decoder=1.0301
2026-04-18 03:47:40,117 - tadGANs - INFO - Models saved at epoch 460
2026-04-18 03:47:43,349 - tadGANs - INFO - Epoch 461/500 - Time: 3.23s - Loss: critic_x=-0.1114, critic_z=-724.2665, encoder=-1299.7448, decoder=1.0357
2026-04-18 03:47:46,283 - tadGANs - INFO - Epoch 462/500 - Time: 2.93s - Loss: critic_x=-0.1117, critic_z=-727.6805, encoder=-1304.7210, decoder=1.0165
2026-04-18 03:47:49,306 - tadGANs - INFO - Epoch 463/500 - Time: 3.02s - Loss: critic_x=-0.1115, critic_z=-729.9037, encoder=-1306.3238, decoder=1.0114
2026-04-18 03:47:52,473 - tadGANs - INFO - Epoch 464/500 - Time: 3.17s - Loss: critic_x=-0.1096, critic_z=-732.4013, encoder=-1312.0879, decoder=1.0138
2026-04-18 03:47:55,581 - tadGANs - INFO - Epoch 465/500 - Time: 3.11s - Loss: critic_x=-0.1106, critic_z=-735.5734, encoder=-1318.0879, decoder=1.0060
2026-04-18 03:47:58,460 - tadGANs - INFO - Epoch 466/500 - Time: 2.88s - Loss: critic_x=-0.1108, critic_z=-738.1941, encoder=-1324.5591, decoder=1.0053
2026-04-18 03:48:01,532 - tadGANs - INFO - Epoch 467/500 - Time: 3.07s - Loss: critic_x=-0.1090, critic_z=-740.8200, encoder=-1327.6738, decoder=1.0097
2026-04-18 03:48:04,459 - tadGANs - INFO - Epoch 468/500 - Time: 2.93s - Loss: critic_x=-0.1089, critic_z=-743.4273, encoder=-1332.8903, decoder=1.0077
2026-04-18 03:48:07,649 - tadGANs - INFO - Epoch 469/500 - Time: 3.19s - Loss: critic_x=-0.1077, critic_z=-747.0516, encoder=-1338.5687, decoder=1.0151
2026-04-18 03:48:10,730 - tadGANs - INFO - Epoch 470/500 - Time: 3.08s - Loss: critic_x=-0.1057, critic_z=-749.0763, encoder=-1343.8840, decoder=1.0261
2026-04-18 03:48:10,744 - tadGANs - INFO - Models saved at epoch 470
2026-04-18 03:48:13,748 - tadGANs - INFO - Epoch 471/500 - Time: 3.00s - Loss: critic_x=-0.1053, critic_z=-752.2090, encoder=-1349.9698, decoder=1.0328
2026-04-18 03:48:17,025 - tadGANs - INFO - Epoch 472/500 - Time: 3.28s - Loss: critic_x=-0.1063, critic_z=-755.1546, encoder=-1356.3135, decoder=1.0289
2026-04-18 03:48:20,503 - tadGANs - INFO - Epoch 473/500 - Time: 3.48s - Loss: critic_x=-0.1036, critic_z=-757.2193, encoder=-1358.1584, decoder=1.0349
2026-04-18 03:48:23,718 - tadGANs - INFO - Epoch 474/500 - Time: 3.21s - Loss: critic_x=-0.1044, critic_z=-758.3223, encoder=-1361.8637, decoder=1.0386
2026-04-18 03:48:27,114 - tadGANs - INFO - Epoch 475/500 - Time: 3.40s - Loss: critic_x=-0.1022, critic_z=-762.4510, encoder=-1371.2415, decoder=1.0472
2026-04-18 03:48:30,376 - tadGANs - INFO - Epoch 476/500 - Time: 3.26s - Loss: critic_x=-0.0998, critic_z=-764.3516, encoder=-1372.6040, decoder=1.0392
2026-04-18 03:48:33,794 - tadGANs - INFO - Epoch 477/500 - Time: 3.42s - Loss: critic_x=-0.1003, critic_z=-768.9866, encoder=-1380.1445, decoder=1.0482
2026-04-18 03:48:36,907 - tadGANs - INFO - Epoch 478/500 - Time: 3.11s - Loss: critic_x=-0.0986, critic_z=-770.3022, encoder=-1384.7708, decoder=1.0365
2026-04-18 03:48:40,278 - tadGANs - INFO - Epoch 479/500 - Time: 3.37s - Loss: critic_x=-0.0978, critic_z=-773.7977, encoder=-1387.9920, decoder=1.0336
2026-04-18 03:48:43,380 - tadGANs - INFO - Epoch 480/500 - Time: 3.10s - Loss: critic_x=-0.0964, critic_z=-777.2299, encoder=-1395.0432, decoder=1.0280
2026-04-18 03:48:43,393 - tadGANs - INFO - Models saved at epoch 480
2026-04-18 03:48:46,125 - tadGANs - INFO - Epoch 481/500 - Time: 2.73s - Loss: critic_x=-0.0943, critic_z=-779.6227, encoder=-1400.8649, decoder=1.0269
2026-04-18 03:48:48,936 - tadGANs - INFO - Epoch 482/500 - Time: 2.81s - Loss: critic_x=-0.0949, critic_z=-782.3368, encoder=-1406.6700, decoder=1.0307
2026-04-18 03:48:51,719 - tadGANs - INFO - Epoch 483/500 - Time: 2.78s - Loss: critic_x=-0.0949, critic_z=-783.2288, encoder=-1408.9893, decoder=1.0367
2026-04-18 03:48:54,629 - tadGANs - INFO - Epoch 484/500 - Time: 2.91s - Loss: critic_x=-0.0926, critic_z=-786.4351, encoder=-1415.6370, decoder=1.0290
2026-04-18 03:48:57,460 - tadGANs - INFO - Epoch 485/500 - Time: 2.83s - Loss: critic_x=-0.0911, critic_z=-790.0558, encoder=-1420.4456, decoder=1.0396
2026-04-18 03:49:00,361 - tadGANs - INFO - Epoch 486/500 - Time: 2.90s - Loss: critic_x=-0.0918, critic_z=-791.7307, encoder=-1424.9147, decoder=1.0373
2026-04-18 03:49:03,192 - tadGANs - INFO - Epoch 487/500 - Time: 2.83s - Loss: critic_x=-0.0916, critic_z=-794.6824, encoder=-1431.8113, decoder=1.0425
2026-04-18 03:49:06,066 - tadGANs - INFO - Epoch 488/500 - Time: 2.87s - Loss: critic_x=-0.0912, critic_z=-797.4542, encoder=-1434.7716, decoder=1.0524
2026-04-18 03:49:08,896 - tadGANs - INFO - Epoch 489/500 - Time: 2.83s - Loss: critic_x=-0.0909, critic_z=-800.5781, encoder=-1441.4921, decoder=1.0458
2026-04-18 03:49:11,818 - tadGANs - INFO - Epoch 490/500 - Time: 2.92s - Loss: critic_x=-0.0906, critic_z=-803.5601, encoder=-1448.8694, decoder=1.0556
2026-04-18 03:49:11,831 - tadGANs - INFO - Models saved at epoch 490
2026-04-18 03:49:14,779 - tadGANs - INFO - Epoch 491/500 - Time: 2.95s - Loss: critic_x=-0.0908, critic_z=-806.5166, encoder=-1449.9619, decoder=1.0611
2026-04-18 03:49:17,831 - tadGANs - INFO - Epoch 492/500 - Time: 3.05s - Loss: critic_x=-0.0901, critic_z=-808.7192, encoder=-1456.7268, decoder=1.0574
2026-04-18 03:49:20,853 - tadGANs - INFO - Epoch 493/500 - Time: 3.02s - Loss: critic_x=-0.0932, critic_z=-811.5160, encoder=-1461.9642, decoder=1.0448
2026-04-18 03:49:23,842 - tadGANs - INFO - Epoch 494/500 - Time: 2.99s - Loss: critic_x=-0.0915, critic_z=-815.8850, encoder=-1465.6235, decoder=1.0482
2026-04-18 03:49:26,868 - tadGANs - INFO - Epoch 495/500 - Time: 3.03s - Loss: critic_x=-0.0895, critic_z=-817.7324, encoder=-1475.0754, decoder=1.0393
2026-04-18 03:49:29,881 - tadGANs - INFO - Epoch 496/500 - Time: 3.01s - Loss: critic_x=-0.0912, critic_z=-821.5504, encoder=-1481.2415, decoder=1.0434
2026-04-18 03:49:32,785 - tadGANs - INFO - Epoch 497/500 - Time: 2.90s - Loss: critic_x=-0.0909, critic_z=-822.0054, encoder=-1482.6321, decoder=1.0408
2026-04-18 03:49:35,606 - tadGANs - INFO - Epoch 498/500 - Time: 2.82s - Loss: critic_x=-0.0923, critic_z=-824.9324, encoder=-1488.7200, decoder=1.0245
2026-04-18 03:49:38,569 - tadGANs - INFO - Epoch 499/500 - Time: 2.96s - Loss: critic_x=-0.0916, critic_z=-827.9108, encoder=-1493.2731, decoder=1.0267
2026-04-18 03:49:41,547 - tadGANs - INFO - Epoch 500/500 - Time: 2.98s - Loss: critic_x=-0.0933, critic_z=-831.7413, encoder=-1500.8776, decoder=1.0273
2026-04-18 03:49:41,559 - tadGANs - INFO - Models saved at epoch 500
2026-04-18 03:49:41,570 - tadGANs - INFO - Training completed in 1572.13s
2026-04-18 03:49:41,574 - tadGANs - INFO - Calculating anomaly scores
2026-04-18 03:51:46,574 - tadGANs - INFO - Using statistical threshold: 3.3970
2026-04-18 03:51:46,574 - tadGANs - INFO - Pruning false positives
2026-04-18 03:51:46,581 - tadGANs - INFO - Results saved to hybrid_results\USOIL_daily\stage1_tadgan\tadgan_results.csv
